method,feature,feature_family,n_splits,median_rho_y,median_abs_rho_y,sign_stability_rho_y,median_rho_residual,median_abs_rho_residual,sign_stability_rho_residual,median_rho_absolute_error,median_abs_rho_absolute_error,sign_stability_rho_absolute_error,median_rho_squared_error,median_abs_rho_squared_error,sign_stability_rho_squared_error,median_std_diff_low_vs_center,median_abs_std_diff_low_vs_center,median_std_diff_high_vs_center,median_abs_std_diff_high_vs_center
CatBoost_C1,agro_anomaly__landsat_vi6t__auc_delta,phenology_anomaly,16,0.09194287980255075,0.09194287980255075,0.8125,0.11611498257839724,0.14860627177700353,0.8125,0.11628919860627179,0.1452090592334495,0.625,0.11628919860627179,0.1452090592334495,0.625,0.3136969975870667,0.3136969975870667,0.2515128517137163,0.3045649720652141
CatBoost_C1,agro_anomaly__landsat_vi6t__august_delta,phenology_anomaly,16,-0.26092317045547003,0.26092317045547003,0.9375,-0.03318815331010454,0.1593276985499006,0.5625,0.0872822299651568,0.0872822299651568,1.0,0.0872822299651568,0.0872822299651568,1.0,0.4637736501007167,0.5046623065474436,-0.24169530094664232,0.24287033369973982
CatBoost_C1,agro_anomaly__landsat_vi6t__late_season_delta,phenology_anomaly,16,-0.13315564311090372,0.13315564311090372,0.9375,0.04930313588850175,0.176219512195122,0.5625,0.025958188153310115,0.18562717770034845,0.5625,0.025958188153310115,0.18562717770034845,0.5625,0.1660376764970777,0.2326520839941458,0.007204648104733678,0.24610255289375413
CatBoost_C1,agro_anomaly__landsat_vi6t__peak_month_shift,phenology_anomaly,16,-0.21199510784996817,0.21199510784996817,0.9375,-0.01095567547804275,0.0882337973174526,0.5625,0.11530507777896257,0.15223800624009773,0.8125,0.11530507777896257,0.15223800624009773,0.8125,0.27998173708702423,0.27998173708702423,-0.11892494392201687,0.33030555417661567
CatBoost_C1,agro_anomaly__landsat_vi6t__season_mean_delta,phenology_anomaly,16,0.09739343138530178,0.10657022806791247,0.75,0.10348432055749132,0.12613240418118468,0.75,0.10374564459930316,0.16890243902439028,0.625,0.10374564459930316,0.16890243902439028,0.625,0.38067065960380725,0.38067065960380725,0.26648206460312723,0.3140773362131018
CatBoost_C1,agro_anomaly__landsat_vi6t__season_mean_ratio,phenology_anomaly,16,-0.06550029444683053,0.09683314570351717,0.75,-0.10174216027874566,0.122212543554007,0.75,-0.1045296167247387,0.16567944250871083,0.625,-0.1045296167247387,0.16567944250871083,0.625,-0.3855927323683642,0.3855927323683642,-0.24857568222631043,0.29723921136449266
CatBoost_C1,agro_anomaly__s2_evi__auc_delta,phenology_anomaly,16,0.18305359469518884,0.18305359469518884,1.0,-0.0093205574912892,0.07386759581881534,0.5625,-0.17290940766550528,0.17290940766550528,0.9375,-0.17290940766550528,0.17290940766550528,0.9375,-0.14848707926344298,0.18600761337307548,0.10111785522092714,0.11575819207032055
CatBoost_C1,agro_anomaly__s2_evi__august_delta,phenology_anomaly,16,0.12253457055384898,0.12253457055384898,0.9375,0.007665505226480837,0.045905923344947745,0.5625,-0.02970383275261325,0.06550522648083626,0.625,-0.02970383275261325,0.06550522648083626,0.625,-0.04726288210980374,0.20048460441038438,0.11151695655557828,0.17469555115250965
CatBoost_C1,agro_anomaly__s2_evi__late_season_delta,phenology_anomaly,16,0.1881232912553678,0.1881232912553678,1.0,0.007926829268292685,0.0765679442508711,0.5625,-0.09834494773519166,0.09834494773519166,0.9375,-0.09834494773519166,0.09834494773519166,0.9375,-0.6282568347753641,0.6282568347753641,0.3918473126226761,0.3918473126226761
CatBoost_C1,agro_anomaly__s2_evi__peak_month_shift,phenology_anomaly,16,-0.02911487241102108,0.08043439117452476,0.625,-0.08556644060432093,0.11034968003455337,0.6875,-0.07951521845318532,0.09372334404471089,0.875,-0.07951521845318532,0.09372334404471089,0.875,0.052945473599416606,0.20894319182955215,-0.07623588938027417,0.21771681519991762
CatBoost_C1,agro_anomaly__s2_evi__season_mean_delta,phenology_anomaly,16,0.23151727736461514,0.23151727736461514,1.0,-0.05270034843205576,0.10914634146341465,0.5625,-0.19163763066202094,0.19163763066202094,0.9375,-0.19163763066202094,0.19163763066202094,0.9375,-0.3141034067743923,0.3141034067743923,0.1948071037968057,0.21549948944609598
CatBoost_C1,agro_anomaly__s2_evi__season_mean_ratio,phenology_anomaly,16,0.20134715477077741,0.20134715477077741,1.0,-0.0677700348432056,0.1054878048780488,0.5625,-0.19390243902439028,0.19390243902439028,0.9375,-0.19390243902439028,0.19390243902439028,0.9375,-0.30338679277830083,0.30338679277830083,0.21682678538021666,0.21682678538021666
CatBoost_C1,agro_anomaly__s2_fapar__auc_delta,phenology_anomaly,16,0.2138205113949127,0.2138205113949127,1.0,0.004094076655052265,0.0809233449477352,0.5,-0.15130662020905927,0.15130662020905927,0.9375,-0.15130662020905927,0.15130662020905927,0.9375,-0.23223007902225806,0.23223007902225806,0.17528911822067775,0.2003121505180635
CatBoost_C1,agro_anomaly__s2_fapar__august_delta,phenology_anomaly,16,0.11571135648260841,0.11571135648260841,1.0,0.011149825783972127,0.060017421602787474,0.5,-0.05601045296167248,0.06646341463414636,0.625,-0.05601045296167248,0.06646341463414636,0.625,-0.0669271157973032,0.1761658756064513,0.13176996011471667,0.13176996011471667
CatBoost_C1,agro_anomaly__s2_fapar__late_season_delta,phenology_anomaly,16,0.19802351759151665,0.19802351759151665,1.0,-0.08763066202090594,0.11750871080139376,0.75,-0.041376306620209066,0.05714285714285715,0.6875,-0.041376306620209066,0.05714285714285715,0.6875,-0.605089905908921,0.605089905908921,0.41476256588331406,0.4218904901309393
CatBoost_C1,agro_anomaly__s2_fapar__peak_month_shift,phenology_anomaly,16,0.09649956404877091,0.14627068025725384,0.8125,0.03873275763222215,0.0952387929542608,0.6875,-0.07031708939214865,0.09401765600857892,0.6875,-0.07031708939214865,0.09401765600857892,0.6875,-0.19534568027781185,0.23753964275223008,0.21660718189517209,0.39999999999999997
CatBoost_C1,agro_anomaly__s2_fapar__season_mean_delta,phenology_anomaly,16,0.27517972190847906,0.27517972190847906,1.0,-0.0372822299651568,0.13379790940766553,0.5625,-0.12465156794425089,0.12465156794425089,0.9375,-0.12465156794425089,0.12465156794425089,0.9375,-0.4154490983978496,0.4154490983978496,0.2647590414144498,0.2771374027764301
CatBoost_C1,agro_anomaly__s2_fapar__season_mean_ratio,phenology_anomaly,16,0.2608823652780902,0.2608823652780902,1.0,-0.07073170731707318,0.13719512195121955,0.625,-0.11864111498257841,0.11864111498257841,0.9375,-0.11864111498257841,0.11864111498257841,0.9375,-0.33237710591052144,0.33237710591052144,0.23728462614965842,0.26202822518476054
CatBoost_C1,agro_anomaly__s2_lai__auc_delta,phenology_anomaly,16,0.19195773113340142,0.19195773113340142,1.0,0.010191637630662023,0.08083623693379793,0.5625,-0.17195121951219514,0.17195121951219514,0.9375,-0.17195121951219514,0.17195121951219514,0.9375,-0.11742396276695002,0.19536591315279347,0.0636048540053248,0.17071679659200176
CatBoost_C1,agro_anomaly__s2_lai__august_delta,phenology_anomaly,16,0.0781459546879735,0.0781459546879735,0.8125,-0.0338850174216028,0.051916376306620216,0.625,-0.03588850174216028,0.0764808362369338,0.5625,-0.03588850174216028,0.0764808362369338,0.5625,0.014098115932304776,0.2185445794219979,0.04265331637821463,0.159577871968743
CatBoost_C1,agro_anomaly__s2_lai__late_season_delta,phenology_anomaly,16,0.2136486461181396,0.2136486461181396,1.0,-0.019250871080139377,0.0638501742160279,0.5625,-0.12970383275261327,0.12970383275261327,1.0,-0.12970383275261327,0.12970383275261327,1.0,-0.5740968987385455,0.5740968987385455,0.39258037188079237,0.39258037188079237
CatBoost_C1,agro_anomaly__s2_lai__peak_month_shift,phenology_anomaly,16,-0.018615154406205245,0.09182301820387273,0.5625,-0.03397414019974079,0.09108643488435696,0.5625,-0.11070895162563726,0.11070895162563726,0.9375,-0.11070895162563726,0.11070895162563726,0.9375,0.02091326312797167,0.18159413046860062,0.09030358073460573,0.21289128119056816
CatBoost_C1,agro_anomaly__s2_lai__season_mean_delta,phenology_anomaly,16,0.21906174052867894,0.21906174052867894,1.0,-0.005400696864111499,0.08397212543554008,0.5625,-0.1810104529616725,0.1810104529616725,0.9375,-0.1810104529616725,0.1810104529616725,0.9375,-0.274287393669409,0.2884408447120058,0.14549248094145753,0.17974549201385936
CatBoost_C1,agro_anomaly__s2_lai__season_mean_ratio,phenology_anomaly,16,0.2041734298743834,0.2041734298743834,1.0,-0.030923344947735198,0.0863240418118467,0.5625,-0.1363240418118467,0.1363240418118467,0.9375,-0.1363240418118467,0.1363240418118467,0.9375,-0.27487942885489924,0.27487942885489924,0.3409358959573947,0.3409358959573947
CatBoost_C1,agro_anomaly__s2_msi__auc_delta,phenology_anomaly,16,-0.09868369325241952,0.09868369325241952,0.9375,0.18074912891986067,0.18074912891986067,0.8125,0.09085365853658538,0.10932055749128922,0.8125,0.09085365853658538,0.10932055749128922,0.8125,-0.07050183286359543,0.19172164399115083,-0.04200567169994602,0.3840113087354716
CatBoost_C1,agro_anomaly__s2_msi__august_delta,phenology_anomaly,16,-0.10464321236207413,0.10464321236207413,0.9375,-0.010104529616724742,0.08919860627177703,0.5625,0.04782229965156795,0.07369337979094077,0.75,0.04782229965156795,0.07369337979094077,0.75,0.018353086272991505,0.2087627130771798,-0.2548056383158938,0.2548056383158938
CatBoost_C1,agro_anomaly__s2_msi__late_season_delta,phenology_anomaly,16,-0.18996167327607688,0.18996167327607688,1.0,0.15879790940766553,0.1927700348432056,0.8125,-0.09198606271777005,0.09198606271777005,0.75,-0.09198606271777005,0.09198606271777005,0.75,0.3972247472434859,0.3972247472434859,-0.20521146680614583,0.3300826451780047
CatBoost_C1,agro_anomaly__s2_msi__peak_month_shift,phenology_anomaly,16,0.05870283381321023,0.06982296790394898,0.5625,0.007483861564987827,0.09994882823239895,0.5,0.05634217189535319,0.08971489556786574,0.6875,0.05634217189535319,0.08971489556786574,0.6875,-0.08298609890077899,0.12105824918764693,0.19920476822239894,0.2536546772207189
CatBoost_C1,agro_anomaly__s2_msi__season_mean_delta,phenology_anomaly,16,-0.11054735775360222,0.11054735775360222,1.0,0.19198606271777008,0.19538327526132407,0.875,0.039459930313588854,0.06846689895470384,0.8125,0.039459930313588854,0.06846689895470384,0.8125,0.12208103781051263,0.2106898684742479,-0.10672883927906346,0.31908725770571333
CatBoost_C1,agro_anomaly__s2_msi__season_mean_ratio,phenology_anomaly,16,-0.11433874906620459,0.11433874906620459,1.0,0.15905923344947737,0.18510452961672477,0.8125,0.033623693379790945,0.07308362369337981,0.8125,0.033623693379790945,0.07308362369337981,0.8125,0.22012287928553378,0.27376056725960124,-0.09896175535968812,0.2783171660686342
CatBoost_C1,agro_anomaly__s2_ndvi__auc_delta,phenology_anomaly,16,0.29344714788153237,0.29344714788153237,1.0,0.004181184668989549,0.08162020905923346,0.5,-0.13850174216027877,0.13850174216027877,1.0,-0.13850174216027877,0.13850174216027877,1.0,-0.4159962338689658,0.4159962338689658,0.2931130172592823,0.2931130172592823
CatBoost_C1,agro_anomaly__s2_ndvi__august_delta,phenology_anomaly,16,0.15697376029996143,0.15697376029996143,1.0,0.03344947735191639,0.06925087108013939,0.625,-0.039198606271777015,0.05862369337979095,0.625,-0.039198606271777015,0.05862369337979095,0.625,-0.13256188671225744,0.2093741276610998,0.19045556148653592,0.19045556148653592
CatBoost_C1,agro_anomaly__s2_ndvi__late_season_delta,phenology_anomaly,16,0.37092445375662475,0.37092445375662475,1.0,-0.005487804878048782,0.12839721254355405,0.5,-0.06437282229965158,0.07038327526132407,0.875,-0.06437282229965158,0.07038327526132407,0.875,-0.8296771458775982,0.8296771458775982,0.4206782840818856,0.4206782840818856
CatBoost_C1,agro_anomaly__s2_ndvi__peak_month_shift,phenology_anomaly,16,0.08295108472251041,0.08641314591217664,0.6875,0.06133512798235441,0.09730106757176077,0.6875,-0.02779520481786102,0.0613118268813868,0.625,-0.02779520481786102,0.0613118268813868,0.625,-0.09296650965613297,0.16169949087733754,0.26434026631884056,0.380442955126341
CatBoost_C1,agro_anomaly__s2_ndvi__season_mean_delta,phenology_anomaly,16,0.35359155486622024,0.35359155486622024,1.0,-0.011498257839721257,0.11324041811846691,0.5,-0.15958188153310107,0.15958188153310107,1.0,-0.15958188153310107,0.15958188153310107,1.0,-0.580731444948642,0.580731444948642,0.3285140814296479,0.3285140814296479
CatBoost_C1,agro_anomaly__s2_ndvi__season_mean_ratio,phenology_anomaly,16,0.33031040618674035,0.33031040618674035,1.0,-0.01637630662020907,0.12325783972125437,0.5,-0.15679442508710806,0.15679442508710806,1.0,-0.15679442508710806,0.15679442508710806,1.0,-0.5152484582976917,0.5152484582976917,0.2743491574277704,0.2743491574277704
CatBoost_C1,agro_anomaly__s2_ndwi__auc_delta,phenology_anomaly,16,0.09896743639058125,0.09896743639058125,0.9375,-0.15322299651567947,0.17987804878048785,0.8125,-0.10923344947735193,0.11263066202090594,0.8125,-0.10923344947735193,0.11263066202090594,0.8125,-0.030479166997182287,0.16311385127334294,0.038686802270140215,0.21591694665454425
CatBoost_C1,agro_anomaly__s2_ndwi__august_delta,phenology_anomaly,16,0.10316968035330408,0.10316968035330408,1.0,0.0201219512195122,0.1020034843205575,0.5625,-0.03789198606271778,0.06350174216027876,0.75,-0.03789198606271778,0.06350174216027876,0.75,0.05282340033899631,0.22740367790046503,0.1865947343608415,0.1865947343608415
CatBoost_C1,agro_anomaly__s2_ndwi__late_season_delta,phenology_anomaly,16,0.1533332979740058,0.1533332979740058,0.9375,-0.154616724738676,0.17247386759581884,0.75,0.032142857142857154,0.07264808362369339,0.5625,0.032142857142857154,0.07264808362369339,0.5625,-0.34127094132726354,0.34127094132726354,0.1681949399725981,0.27873636053313766
CatBoost_C1,agro_anomaly__s2_ndwi__peak_month_shift,phenology_anomaly,16,0.050209305591856164,0.08638561056378456,0.6875,-0.07105129767919416,0.13177265883409137,0.6875,-0.059485386632135165,0.09535217187358494,0.625,-0.059485386632135165,0.09535217187358494,0.625,-0.041530713733867575,0.15006978204847685,0.14159430647466056,0.2651484716833109
CatBoost_C1,agro_anomaly__s2_ndwi__season_mean_delta,phenology_anomaly,16,0.11148012129551246,0.11148012129551246,1.0,-0.1569686411149826,0.15966898954703834,0.8125,-0.044860627177700355,0.062456445993031365,0.75,-0.044860627177700355,0.062456445993031365,0.75,-0.15615634650132304,0.23354547115259922,0.07358179938177367,0.2122882393704538
CatBoost_C1,agro_interaction__clay_x_precip_2025,cross_domain,16,-0.46588674372468086,0.46588674372468086,1.0,-0.10670731707317074,0.12682926829268296,0.6875,-0.039459930313588854,0.06254355400696865,0.625,-0.039459930313588854,0.06254355400696865,0.625,0.4126294968647345,0.4126294968647345,-0.8758949735585471,0.8758949735585471
CatBoost_C1,agro_interaction__clay_x_precip_historical,cross_domain,16,-0.31739436875610605,0.31739436875610605,1.0,-0.12038327526132406,0.14102787456445995,0.6875,0.004790940766550523,0.04494773519163764,0.5625,0.004790940766550523,0.04494773519163764,0.5625,0.3225405289740777,0.3225405289740777,-0.791548501306839,0.791548501306839
CatBoost_C1,agro_interaction__elevation_x_tmean_2025,cross_domain,16,0.4293541482789001,0.4293541482789001,1.0,0.17630662020905924,0.17630662020905924,0.875,0.001742160278745645,0.054442508710801404,0.5,0.001742160278745645,0.054442508710801404,0.5,-1.1696280498563725,1.1696280498563725,0.4769163931609796,0.4769163931609796
CatBoost_C1,agro_interaction__elevation_x_tmean_historical,cross_domain,16,0.4236936894781227,0.4236936894781227,1.0,0.1785714285714286,0.1785714285714286,0.875,-0.0013937282229965157,0.05775261324041813,0.5,-0.0013937282229965157,0.05775261324041813,0.5,-1.106018527134315,1.106018527134315,0.4333427857608871,0.4333427857608871
CatBoost_C1,agro_interaction__evi_x_lai_2025,cross_domain,16,0.20361378603465552,0.20361378603465552,0.9375,0.11202090592334496,0.12038327526132406,0.875,-0.1462543554006969,0.1462543554006969,0.875,-0.1462543554006969,0.1462543554006969,0.875,-0.3123310942504166,0.3123310942504166,0.1465894778861451,0.3134268791341631
CatBoost_C1,agro_interaction__evi_x_lai_historical,cross_domain,16,-0.07927757539136009,0.10049418802182483,0.6875,0.11498257839721257,0.11576655052264812,0.875,0.04381533101045297,0.10975609756097562,0.625,0.04381533101045297,0.10975609756097562,0.625,-0.10483396828406946,0.15529815276901549,0.06026109789272222,0.33168694377160485
CatBoost_C1,agro_interaction__ndvi_anomaly_ratio_to_historical,cross_domain,16,0.33031040618674035,0.33031040618674035,1.0,-0.01637630662020907,0.12325783972125437,0.5,-0.15679442508710806,0.15679442508710806,1.0,-0.15679442508710806,0.15679442508710806,1.0,-0.5152484582976905,0.5152484582976905,0.2743491574277712,0.2743491574277712
CatBoost_C1,agro_interaction__ndvi_x_ndwi_2025,cross_domain,16,0.1133981124602999,0.1133981124602999,0.9375,0.06228222996515681,0.12979094076655054,0.625,-0.14477351916376308,0.14477351916376308,0.9375,-0.14477351916376308,0.14477351916376308,0.9375,-0.5814226279609862,0.5814226279609862,0.033062688975351896,0.3192747766520094
CatBoost_C1,agro_interaction__ndvi_x_ndwi_historical,cross_domain,16,-0.030234015380611913,0.0768709995520896,0.6875,0.136411149825784,0.15783972125435544,0.75,-0.10618466898954707,0.10618466898954707,0.75,-0.10618466898954707,0.10618466898954707,0.75,-0.59502608803082,0.59502608803082,-0.29059352661204035,0.3616730440928051
CatBoost_C1,agro_interaction__nitrogen_x_ndvi_2025,cross_domain,16,0.4675911054769646,0.4675911054769646,1.0,0.21759581881533105,0.21759581881533105,0.8125,-0.021777003484320562,0.07439024390243903,0.625,-0.021777003484320562,0.07439024390243903,0.625,-1.1041124780035254,1.1041124780035254,0.6165862366678612,0.6165862366678612
CatBoost_C1,agro_interaction__nitrogen_x_ndvi_historical,cross_domain,16,0.31999688074024935,0.31999688074024935,1.0,0.25156794425087114,0.25156794425087114,0.875,0.09921602787456449,0.09921602787456449,0.875,0.09921602787456449,0.09921602787456449,0.875,-0.9050813629917096,0.9050813629917096,0.40525807193232327,0.40525807193232327
CatBoost_C1,agro_interaction__siap_recent_yield_x_evi_anomaly,cross_domain,16,0.27667169684764614,0.27667169684764614,1.0,-0.046602787456446,0.1236062717770035,0.5625,-0.13092334494773522,0.13092334494773522,0.9375,-0.13092334494773522,0.13092334494773522,0.9375,-0.41930846104540564,0.41930846104540564,0.2818759772570736,0.28331879507302304
CatBoost_C1,agro_interaction__siap_recent_yield_x_ndvi_anomaly,cross_domain,16,0.3981839268750449,0.3981839268750449,1.0,0.006184668989547039,0.13972125435540073,0.5,-0.11411149825783974,0.11411149825783974,0.9375,-0.11411149825783974,0.11411149825783974,0.9375,-0.65235839801966,0.65235839801966,0.39764072484897556,0.39764072484897556
CatBoost_C1,agro_interaction__siap_recent_yield_x_npp,cross_domain,16,0.39820108811475974,0.39820108811475974,1.0,0.15644599303135892,0.15644599303135892,1.0,0.11254355400696867,0.11663763066202093,0.75,0.11254355400696867,0.11663763066202093,0.75,-0.5260823474514323,0.5260823474514323,1.1410943469554014,1.1410943469554014
CatBoost_C1,agro_interaction__siap_recent_yield_x_wue,cross_domain,16,0.6011236565282804,0.6011236565282804,1.0,0.21393728222996522,0.21393728222996522,0.8125,0.16289198606271782,0.16289198606271782,0.8125,0.16289198606271782,0.16289198606271782,0.8125,-0.9270874636086244,0.9270874636086244,0.7123947851495562,0.7123947851495562
CatBoost_C1,agro_interaction__slope_x_precip_2025,cross_domain,16,0.14862661445749542,0.14862661445749542,0.75,0.1844947735191638,0.19886759581881536,0.875,-0.024912891986062724,0.0657665505226481,0.625,-0.024912891986062724,0.0657665505226481,0.625,-0.2688845988952242,0.2688845988952242,0.4373123469678058,0.4373123469678058
CatBoost_C1,agro_interaction__slope_x_precip_historical,cross_domain,16,0.19410863456214916,0.19410863456214916,0.9375,0.19590592334494777,0.19590592334494777,0.9375,-0.025696864111498262,0.07369337979094079,0.625,-0.025696864111498262,0.07369337979094079,0.625,-0.3000156482166243,0.3000156482166243,0.4869652292339618,0.4869652292339618
CatBoost_C1,agro_interaction__soc_x_precip_2025,cross_domain,16,0.08757675338606674,0.08757675338606674,0.9375,0.12264808362369341,0.16263066202090598,0.6875,-0.05357215704840591,0.11716027874564461,0.625,-0.05357215704840591,0.11716027874564461,0.625,-0.4227551494981699,0.4227551494981699,-0.05816660329591725,0.1536698541507376
CatBoost_C1,agro_interaction__soc_x_precip_historical,cross_domain,16,0.14813582662224767,0.14813582662224767,1.0,0.15121951219512197,0.1642857142857143,0.75,-0.0490418118466899,0.10235191637630664,0.5625,-0.0490418118466899,0.10235191637630664,0.5625,-0.7047171228770817,0.7047171228770817,0.12920832381157635,0.12920832381157635
CatBoost_C1,agro_nonlinear__log1p_aeti_2025,nonlinear_basis,16,-0.4467374350488736,0.4467374350488736,1.0,-0.05731707317073172,0.11550522648083625,0.625,-0.09529616724738678,0.10714285714285715,0.8125,-0.09529616724738678,0.10714285714285715,0.8125,0.6959349120934508,0.6959349120934508,-0.11393355105380999,0.24648604227158324
CatBoost_C1,agro_nonlinear__log1p_area_ha,nonlinear_basis,16,-0.3053649395704717,0.3053649395704717,1.0,-0.07731017787055491,0.11790310804702343,0.6875,-0.035410949987855656,0.09817331552409603,0.625,-0.035410949987855656,0.09817331552409603,0.625,0.018674155015916998,0.18156871491245652,-0.8617366517853708,0.8617366517853708
CatBoost_C1,agro_nonlinear__log1p_npp_2025,nonlinear_basis,16,-0.25678726574006516,0.25678726574006516,1.0,-0.027874564459930317,0.08771777003484323,0.5625,-0.06393728222996517,0.09651567944250874,0.8125,-0.06393728222996517,0.09651567944250874,0.8125,0.6361933176404466,0.6361933176404466,0.5642825165805493,0.5642825165805493
CatBoost_C1,agro_nonlinear__log1p_precip_2025,nonlinear_basis,16,-0.382874348866893,0.382874348866893,1.0,-0.08971564077636571,0.13985528488483703,0.625,-0.08608043096368562,0.10642462479593409,0.6875,-0.08608043096368562,0.10642462479593409,0.6875,0.23411850345569976,0.23411850345569976,-0.5006214641763419,0.5006214641763419
CatBoost_C1,agro_nonlinear__log1p_precip_hist,nonlinear_basis,16,-0.33874402664711256,0.33874402664711256,1.0,-0.07649948513767693,0.1504627785085032,0.625,-0.08410438687938049,0.10566478994531019,0.6875,-0.08410438687938049,0.10566478994531019,0.6875,0.10196583949383445,0.17395385072165861,-0.33386363466463154,0.3543883842363708
CatBoost_C1,agro_nonlinear__log1p_siap_harvested_2024,nonlinear_basis,16,-0.7046943921034733,0.7046943921034733,1.0,-0.189780638195846,0.20200034684967388,0.8125,-0.0024366342919851297,0.05633211030960053,0.5,-0.0024366342919851297,0.05633211030960053,0.5,1.6587275037015141,1.6587275037015141,-0.3893524754588557,0.3893524754588557
CatBoost_C1,agro_nonlinear__log1p_siap_production_2024,nonlinear_basis,16,-0.6861008304737997,0.6861008304737997,1.0,-0.13757612079362197,0.14414157350226217,0.8125,0.062363278677274286,0.09771686718638078,0.75,0.062363278677274286,0.09771686718638078,0.75,1.5729066672066414,1.5729066672066414,-0.37591213336664125,0.37591213336664125
CatBoost_C1,agro_pheno__hist_landsat_vi6t__amplitude,phenology,16,0.03364480222842056,0.045819391960942445,0.6875,-0.023867595818815333,0.07621951219512196,0.5,0.12674216027874569,0.12674216027874569,0.9375,0.12674216027874569,0.12674216027874569,0.9375,-0.36295586519395584,0.36295586519395584,-0.4847533048809443,0.4847533048809443
CatBoost_C1,agro_pheno__hist_landsat_vi6t__auc,phenology,16,0.17087145122333997,0.17087145122333997,0.875,-0.012630662020905924,0.12151567944250874,0.5,0.022212543554006974,0.07874564459930315,0.75,0.022212543554006974,0.07874564459930315,0.75,-0.381392612926891,0.381392612926891,-0.42904464208706605,0.42904464208706605
CatBoost_C1,agro_pheno__hist_landsat_vi6t__early_mean,phenology,16,0.12979342900742988,0.12979342900742988,0.8125,-0.005139372822299652,0.10270034843205576,0.5,0.07090592334494775,0.09930313588850176,0.8125,0.07090592334494775,0.09930313588850176,0.8125,-0.3379670567320049,0.3379670567320049,-0.45572168759631243,0.45572168759631243
CatBoost_C1,agro_pheno__hist_landsat_vi6t__greenup_slope,phenology,16,-0.023420434303708416,0.08526073138883554,0.5625,0.039459930313588854,0.059320557491289214,0.625,-0.15426829268292686,0.15426829268292686,0.75,-0.15426829268292686,0.15426829268292686,0.75,0.18908993850457506,0.18908993850457506,0.3265724510241822,0.3265724510241822
CatBoost_C1,agro_pheno__hist_landsat_vi6t__jun_to_aug_delta,phenology,16,-0.20402954626770836,0.20402954626770836,0.875,-0.027220838895874573,0.12047339203694374,0.5,-0.03122921896113312,0.11271777003484323,0.625,-0.03122921896113312,0.11271777003484323,0.625,0.9042236755545423,0.9042236755545423,0.1520586716411184,0.20478377074463838
CatBoost_C1,agro_pheno__hist_landsat_vi6t__late_mean,phenology,16,0.20826071642275426,0.20826071642275426,1.0,-0.07360627177700349,0.17674216027874567,0.5625,0.028571428571428574,0.11524390243902441,0.5625,0.028571428571428574,0.11524390243902441,0.5625,-0.4011344644384589,0.4011344644384589,-0.46791237414268794,0.46791237414268794
CatBoost_C1,agro_pheno__hist_landsat_vi6t__peak_month,phenology,16,0.0810934336037716,0.11453668561134965,0.8125,0.05509387533703175,0.09499301609615417,0.625,-0.0869719738917579,0.09650876559329705,0.6875,-0.0869719738917579,0.09650876559329705,0.6875,-0.20281147759989487,0.22544002642680883,0.19634664915483702,0.20944905078825032
CatBoost_C1,agro_pheno__hist_landsat_vi6t__season_mean,phenology,16,0.18610082400032146,0.18610082400032146,0.9375,0.0036585365853658534,0.12979094076655054,0.5,0.05627177700348433,0.08972125435540071,0.75,0.05627177700348433,0.08972125435540071,0.75,-0.4408830607214928,0.4408830607214928,-0.44166137923607557,0.44166137923607557
CatBoost_C1,agro_pheno__hist_landsat_vi6t__senescence_slope,phenology,16,0.030718063810703737,0.04463697111961888,0.5625,0.03423344947735192,0.08188153310104532,0.625,0.07726480836236936,0.08614982578397215,0.625,0.07726480836236936,0.08614982578397215,0.625,-0.5152532256556717,0.5152532256556717,-0.38858746561522944,0.38858746561522944
CatBoost_C1,agro_pheno__hist_s2_evi__amplitude,phenology,16,-0.4382962264157961,0.4382962264157961,1.0,-0.04006968641114984,0.11167247386759585,0.5625,-0.04224738675958189,0.09024390243902441,0.5625,-0.04224738675958189,0.09024390243902441,0.5625,0.6391690849042424,0.6391690849042424,-0.5583863932340334,0.5583863932340334
CatBoost_C1,agro_pheno__hist_s2_evi__auc,phenology,16,-0.054303897738203086,0.08980766930518674,0.625,0.10313588850174218,0.11132404181184671,0.875,0.0687282229965157,0.11655052264808366,0.8125,0.0687282229965157,0.11655052264808366,0.8125,-0.055920715099373186,0.11170962072326941,-0.21606426106745108,0.33278749454433426
CatBoost_C1,agro_pheno__hist_s2_evi__early_mean,phenology,16,0.599572352844806,0.599572352844806,1.0,0.14686411149825784,0.2051393728222997,0.5625,0.01846689895470384,0.06411149825783974,0.5625,0.01846689895470384,0.06411149825783974,0.5625,-0.8927808437257891,0.8927808437257891,0.914731136286955,0.914731136286955
CatBoost_C1,agro_pheno__hist_s2_evi__greenup_slope,phenology,16,0.0474526382209273,0.05435712768928994,0.8125,0.02168989547038328,0.10017421602787459,0.5625,0.12203832752613243,0.12203832752613243,0.8125,0.12203832752613243,0.12203832752613243,0.8125,-0.4571899580941139,0.4571899580941139,-0.3400433322177357,0.3572182224102207
CatBoost_C1,agro_pheno__hist_s2_evi__jun_to_aug_delta,phenology,16,-0.465499409325257,0.465499409325257,1.0,0.018554006968641117,0.12926829268292686,0.5625,-0.042857142857142864,0.11898954703832754,0.5625,-0.042857142857142864,0.11898954703832754,0.5625,0.7548531060581696,0.7548531060581696,-0.6048561533149922,0.6048561533149922
CatBoost_C1,agro_pheno__hist_s2_evi__late_mean,phenology,16,-0.27299919087768476,0.27299919087768476,1.0,0.09416376306620211,0.12648083623693382,0.75,0.020209059233449483,0.09355400696864113,0.5625,0.020209059233449483,0.09355400696864113,0.5625,0.5364327698568887,0.5364327698568887,-0.44789630554193155,0.44789630554193155
CatBoost_C1,agro_pheno__hist_s2_evi__peak_month,phenology,16,0.18749981771508042,0.18752443098900207,0.7272727272727273,0.09354143466934854,0.10690449676496978,0.8181818181818182,-0.0668153104781061,0.08017837257372733,0.6363636363636364,-0.0668153104781061,0.08017837257372733,0.6363636363636364,-0.22419756971152122,0.23452078799116646,-0.2148344622118291,0.2148344622118291
CatBoost_C1,agro_pheno__hist_s2_evi__season_mean,phenology,16,-0.009603312869297782,0.09083374579308628,0.5,0.12247386759581885,0.1276132404181185,0.9375,0.0888501742160279,0.10174216027874566,0.6875,0.0888501742160279,0.10174216027874566,0.6875,-0.13762548463436725,0.15894559363002664,-0.14167120993224666,0.32601713832022416
CatBoost_C1,agro_pheno__hist_s2_evi__senescence_slope,phenology,16,0.3505688010612523,0.3505688010612523,1.0,0.020731707317073175,0.06986062717770036,0.5625,-0.0702090592334495,0.09381533101045297,0.6875,-0.0702090592334495,0.09381533101045297,0.6875,-0.5315097576673407,0.5315097576673407,0.44474998210944333,0.44474998210944333
CatBoost_C1,agro_pheno__hist_s2_fapar__amplitude,phenology,16,-0.36066822906693174,0.36066822906693174,1.0,-0.04965156794425088,0.10313588850174218,0.625,0.01193379790940767,0.0810104529616725,0.5,0.01193379790940767,0.0810104529616725,0.5,0.43404971243656276,0.43404971243656276,-0.582895015109066,0.582895015109066
CatBoost_C1,agro_pheno__hist_s2_fapar__auc,phenology,16,-0.11252150598870175,0.11633125280861692,0.75,0.12386759581881535,0.17508710801393731,0.8125,0.013414634146341465,0.11794425087108015,0.5,0.013414634146341465,0.11794425087108015,0.5,-0.2535340873792665,0.2535340873792665,-0.2420926883110121,0.3594573921627929
CatBoost_C1,agro_pheno__hist_s2_fapar__early_mean,phenology,16,0.3211532832797305,0.3211532832797305,1.0,0.08031358885017423,0.13675958188153314,0.6875,-0.0810104529616725,0.11533101045296171,0.6875,-0.0810104529616725,0.11533101045296171,0.6875,-0.9442066733614667,0.9442066733614667,0.7332400204501565,0.7332400204501565
CatBoost_C1,agro_pheno__hist_s2_fapar__greenup_slope,phenology,16,0.10699895720512294,0.10917133866407215,0.875,-0.026567944250871087,0.07717770034843208,0.5625,0.14006968641114986,0.14006968641114986,0.875,0.14006968641114986,0.14006968641114986,0.875,-0.5786559183889736,0.5786559183889736,-0.36331245960848757,0.3689605465297948
CatBoost_C1,agro_pheno__hist_s2_fapar__jun_to_aug_delta,phenology,16,-0.44891045689681386,0.44891045689681386,1.0,-0.0064459930313588865,0.11219512195121954,0.5,-0.01428571428571429,0.10513937282229968,0.5,-0.01428571428571429,0.10513937282229968,0.5,0.6687726408505903,0.6687726408505903,-0.6249532182223918,0.6249532182223918
CatBoost_C1,agro_pheno__hist_s2_fapar__late_mean,phenology,16,-0.2668531304269176,0.2668531304269176,1.0,0.16062717770034846,0.17343205574912895,0.75,-0.051306620209059246,0.11907665505226483,0.75,-0.051306620209059246,0.11907665505226483,0.75,0.30017711693260896,0.30017711693260896,-0.2843151006694385,0.29664245764982733
CatBoost_C1,agro_pheno__hist_s2_fapar__peak_month,phenology,16,-0.0694504343748336,0.0694504343748336,0.6666666666666666,-0.027704581925182034,0.062024734624846534,0.5833333333333334,-0.11843777913818929,0.11843777913818929,1.0,-0.11843777913818929,0.11843777913818929,1.0,0.31723159572854104,0.31723159572854104,-0.2198484326378773,0.2198484326378773
CatBoost_C1,agro_pheno__hist_s2_fapar__season_mean,phenology,16,-0.06980747782787915,0.08424657481873621,0.6875,0.2081010452961673,0.21777003484320562,0.8125,0.007839721254355402,0.1211672473867596,0.5,0.007839721254355402,0.1211672473867596,0.5,-0.32194043934755556,0.32194043934755556,-0.1165812754143067,0.2966963710164406
CatBoost_C1,agro_pheno__hist_s2_fapar__senescence_slope,phenology,16,0.31086533518685155,0.31086533518685155,1.0,0.08519163763066204,0.08876306620209061,0.75,-0.0741289198606272,0.09198606271777005,0.625,-0.0741289198606272,0.09198606271777005,0.625,-0.37382085856799907,0.37382085856799907,0.5432954285573011,0.5432954285573011
CatBoost_C1,agro_pheno__hist_s2_lai__amplitude,phenology,16,-0.38488988356336373,0.38488988356336373,1.0,0.002351916376306621,0.08850174216027876,0.5,-0.03353658536585367,0.08179442508710803,0.5625,-0.03353658536585367,0.08179442508710803,0.5625,0.46970199652953387,0.46970199652953387,-0.3979664820554436,0.44037540148574544
CatBoost_C1,agro_pheno__hist_s2_lai__auc,phenology,16,-0.1304729688524363,0.13458452716331268,0.875,0.09364111498257842,0.09364111498257842,0.875,0.025696864111498262,0.08998257839721256,0.5625,0.025696864111498262,0.08998257839721256,0.5625,0.00189146731160242,0.1166036899456026,-0.18667323631640068,0.25245949036726884
CatBoost_C1,agro_pheno__hist_s2_lai__early_mean,phenology,16,0.6038657801517286,0.6038657801517286,1.0,0.16306620209059236,0.21385017421602792,0.625,8.710801393728212e-05,0.08327526132404184,0.5,8.710801393728212e-05,0.08327526132404184,0.5,-0.9664673508749719,0.9664673508749719,0.8748418077850801,0.8748418077850801
CatBoost_C1,agro_pheno__hist_s2_lai__greenup_slope,phenology,16,0.0618879640216128,0.06291392499780027,0.875,0.037979094076655055,0.10139372822299654,0.6875,0.11315331010452964,0.11315331010452964,0.8125,0.11315331010452964,0.11315331010452964,0.8125,-0.46277305290051546,0.46277305290051546,-0.28885958241765985,0.29843147032318745
CatBoost_C1,agro_pheno__hist_s2_lai__jun_to_aug_delta,phenology,16,-0.40859852070663716,0.40859852070663716,1.0,0.03022648083623694,0.10452961672473868,0.625,-0.051916376306620216,0.10783972125435543,0.5625,-0.051916376306620216,0.10783972125435543,0.5625,0.5850384126870545,0.5850384126870545,-0.41846141499852524,0.41846141499852524
CatBoost_C1,agro_pheno__hist_s2_lai__late_mean,phenology,16,-0.26996883609800426,0.26996883609800426,1.0,0.0976480836236934,0.13275261324041815,0.75,-0.014459930313588854,0.08754355400696864,0.625,-0.014459930313588854,0.08754355400696864,0.625,0.46968651803377764,0.46968651803377764,-0.3211345113735165,0.3211345113735165
CatBoost_C1,agro_pheno__hist_s2_lai__peak_month,phenology,16,0.007197943654150664,0.15422881643024655,0.5833333333333334,0.028708462588160736,0.07836713640441131,0.75,-0.15483748552570545,0.15483748552570545,0.9166666666666666,-0.15483748552570545,0.15483748552570545,0.9166666666666666,0.2848978119714294,0.2915260892565972,-0.2148344622118291,0.2148344622118291
CatBoost_C1,agro_pheno__hist_s2_lai__season_mean,phenology,16,-0.09916466641835105,0.10254156660959873,0.8125,0.118815331010453,0.118815331010453,0.875,0.026306620209059238,0.09843205574912893,0.625,0.026306620209059238,0.09843205574912893,0.625,-0.06768209081674588,0.1146686976144315,-0.09732302448515212,0.25677416674018794
CatBoost_C1,agro_pheno__hist_s2_lai__senescence_slope,phenology,16,0.33742270056638063,0.33742270056638063,1.0,-0.00888501742160279,0.046254355400696875,0.5,-0.04895470383275262,0.06794425087108016,0.5625,-0.04895470383275262,0.06794425087108016,0.5625,-0.4451857261785551,0.4451857261785551,0.4540616616723675,0.4540616616723675
CatBoost_C1,agro_pheno__hist_s2_msi__amplitude,phenology,16,-0.13594489136220259,0.13594489136220259,0.9375,0.017508710801393733,0.08893728222996516,0.5625,0.03623693379790942,0.07029616724738677,0.625,0.03623693379790942,0.07029616724738677,0.625,0.3618071423220641,0.39519901079984443,-0.2681884394262195,0.3559777149206319
CatBoost_C1,agro_pheno__hist_s2_msi__auc,phenology,16,0.05951409775979865,0.06595673137108266,0.6875,-0.11350174216027878,0.15505226480836237,0.6875,0.0471254355400697,0.06263066202090593,0.625,0.0471254355400697,0.06263066202090593,0.625,0.6279685558188421,0.6279685558188421,0.3748776748526449,0.4665574552912273
CatBoost_C1,agro_pheno__hist_s2_msi__early_mean,phenology,16,-0.04946853336007484,0.05836491371091544,0.5625,-0.11306620209059234,0.15130662020905927,0.625,0.051132404181184685,0.09137630662020907,0.75,0.051132404181184685,0.09137630662020907,0.75,0.5693412290920679,0.5693412290920679,0.15653987835191277,0.3340397565247275
CatBoost_C1,agro_pheno__hist_s2_msi__greenup_slope,phenology,16,-0.18012135470402524,0.18012135470402524,0.9375,-0.020731707317073175,0.10627177700348434,0.625,-0.0957317073170732,0.0957317073170732,0.6875,-0.0957317073170732,0.0957317073170732,0.6875,0.6689327010790502,0.6689327010790502,0.1969569775807321,0.2857748220771378
CatBoost_C1,agro_pheno__hist_s2_msi__jun_to_aug_delta,phenology,16,0.25836853194983167,0.25836853194983167,1.0,0.030574912891986068,0.0691637630662021,0.5625,-0.050087108013937294,0.09294425087108016,0.5625,-0.050087108013937294,0.09294425087108016,0.5625,-0.7227383192839425,0.7227383192839425,0.31558607348598133,0.3501984849840471
CatBoost_C1,agro_pheno__hist_s2_msi__late_mean,phenology,16,0.15415011280612195,0.15415011280612195,0.9375,-0.15435540069686415,0.17891986062717774,0.8125,0.08963414634146344,0.10104529616724742,0.75,0.08963414634146344,0.10104529616724742,0.75,0.05395923513843759,0.16356445764422312,0.2710109947865677,0.28438074031887145
CatBoost_C1,agro_pheno__hist_s2_msi__peak_month,phenology,16,-0.16927764503805168,0.16927764503805168,0.9375,-0.03919690740470082,0.08389034755071861,0.6875,-0.13699821012626368,0.13699821012626368,0.875,-0.13699821012626368,0.13699821012626368,0.875,0.5522898298951122,0.5522898298951122,-0.46188021535170104,0.46188021535170104
CatBoost_C1,agro_pheno__hist_s2_msi__season_mean,phenology,16,0.020626148544896084,0.05378453453744823,0.6875,-0.10749128919860629,0.14442508710801397,0.6875,0.06698606271777005,0.07038327526132405,0.75,0.06698606271777005,0.07038327526132405,0.75,0.5848736493437816,0.5848736493437816,0.3083852578300621,0.4139651047032023
CatBoost_C1,agro_pheno__hist_s2_msi__senescence_slope,phenology,16,-0.31342120348852626,0.31342120348852626,1.0,-0.15426829268292686,0.1623693379790941,0.8125,0.08562717770034844,0.0976480836236934,0.75,0.08562717770034844,0.0976480836236934,0.75,0.3777506501481238,0.3777506501481238,-0.6204477428760078,0.6204477428760078
CatBoost_C1,agro_pheno__hist_s2_ndvi__amplitude,phenology,16,-0.4670161329513315,0.4670161329513315,1.0,-0.014024390243902441,0.11855400696864114,0.5625,0.026132404181184676,0.07770034843205575,0.5,0.026132404181184676,0.07770034843205575,0.5,0.5876543471813049,0.5876543471813049,-0.7757070909072947,0.7757070909072947
CatBoost_C1,agro_pheno__hist_s2_ndvi__auc,phenology,16,-0.07426773896290813,0.11353754800666577,0.75,0.10566202090592336,0.12151567944250874,0.875,0.062369337979094094,0.08667247386759584,0.8125,0.062369337979094094,0.08667247386759584,0.8125,-0.06335940956842742,0.1398560850116992,-0.06381682146129711,0.39413880095766074
CatBoost_C1,agro_pheno__hist_s2_ndvi__early_mean,phenology,16,0.5599065147389697,0.5599065147389697,1.0,0.11332752613240421,0.17160278745644603,0.6875,-0.008362369337979096,0.09137630662020908,0.5,-0.008362369337979096,0.09137630662020908,0.5,-0.9057944643681357,0.9057944643681357,1.1607701846937335,1.1607701846937335
CatBoost_C1,agro_pheno__hist_s2_ndvi__greenup_slope,phenology,16,0.025540727017060505,0.06332155635148777,0.6875,-0.019425087108013942,0.08850174216027876,0.5625,0.16942508710801396,0.16942508710801396,1.0,0.16942508710801396,0.16942508710801396,1.0,-0.417292101934213,0.417292101934213,-0.3652462131740357,0.38264617131810186
CatBoost_C1,agro_pheno__hist_s2_ndvi__jun_to_aug_delta,phenology,16,-0.5303485688874019,0.5303485688874019,1.0,-0.001829268292682932,0.12369337979094079,0.5,-0.09041811846689898,0.10783972125435543,0.5625,-0.09041811846689898,0.10783972125435543,0.5625,0.7579905551382308,0.7579905551382308,-0.7756136428136444,0.7756136428136444
CatBoost_C1,agro_pheno__hist_s2_ndvi__late_mean,phenology,16,-0.3285211023580781,0.3285211023580781,1.0,0.09651567944250872,0.13510452961672476,0.625,0.021602787456445997,0.06846689895470384,0.5625,0.021602787456445997,0.06846689895470384,0.5625,0.6227292692942465,0.6227292692942465,-0.39472266770859116,0.42430359392401445
CatBoost_C1,agro_pheno__hist_s2_ndvi__peak_month,phenology,16,0.02396341239812687,0.06044691277483434,0.6,0.002708396518233928,0.12664951737226074,0.5333333333333333,0.006066558817690779,0.10290273286496184,0.5333333333333333,0.006066558817690779,0.10290273286496184,0.5333333333333333,0.31723159572854104,0.31723159572854104,0.2337309492221305,0.4921331800094164
CatBoost_C1,agro_pheno__hist_s2_ndvi__season_mean,phenology,16,-0.02281447808394764,0.09164048648783865,0.5,0.12447735191637632,0.13101045296167252,0.875,0.06123693379790942,0.09486062717770036,0.75,0.06123693379790942,0.09486062717770036,0.75,-0.12492658457659542,0.19451905472381703,0.038696640358630095,0.40811932875331514
CatBoost_C1,agro_pheno__hist_s2_ndvi__senescence_slope,phenology,16,0.3451526651873322,0.3451526651873322,1.0,0.04834494773519165,0.07909407665505228,0.6875,-0.031445993031358886,0.08841463414634149,0.625,-0.031445993031358886,0.08841463414634149,0.625,-0.3892600969353789,0.3892600969353789,0.5195561147151787,0.5195561147151787
CatBoost_C1,agro_pheno__hist_s2_ndwi__amplitude,phenology,16,-0.2038900757818134,0.2038900757818134,0.9375,0.046951219512195136,0.11263066202090595,0.625,-0.004181184668989548,0.08144599303135891,0.5625,-0.004181184668989548,0.08144599303135891,0.5625,0.28473752281938913,0.28844453062526765,-0.5496470687692323,0.5658585443439555
CatBoost_C1,agro_pheno__hist_s2_ndwi__auc,phenology,16,-0.06124371349982176,0.08042135952618783,0.75,0.13919860627177702,0.1505226480836237,0.6875,-0.1098432055749129,0.1098432055749129,0.625,-0.1098432055749129,0.1098432055749129,0.625,-0.6656151366100704,0.6656151366100704,-0.37568089156736656,0.4487356589969725
CatBoost_C1,agro_pheno__hist_s2_ndwi__early_mean,phenology,16,0.06522330050390036,0.07289678883908872,0.6875,0.1221254355400697,0.1585365853658537,0.625,-0.05714285714285715,0.09277003484320559,0.75,-0.05714285714285715,0.09277003484320559,0.75,-0.625751791705935,0.625751791705935,-0.08509798899738734,0.23427428749986984
CatBoost_C1,agro_pheno__hist_s2_ndwi__greenup_slope,phenology,16,0.1746044456584835,0.1746044456584835,0.9375,0.0363240418118467,0.11585365853658539,0.5625,0.06986062717770036,0.10557491289198608,0.5625,0.06986062717770036,0.10557491289198608,0.5625,-0.7440768128812936,0.7440768128812936,-0.30064657765965797,0.34541073755297425
CatBoost_C1,agro_pheno__hist_s2_ndwi__jun_to_aug_delta,phenology,16,-0.29258893422999466,0.29258893422999466,1.0,0.03641114982578398,0.09390243902439027,0.625,0.031968641114982585,0.093205574912892,0.5625,0.031968641114982585,0.093205574912892,0.5625,0.586711812358356,0.586711812358356,-0.5436297592725442,0.5436297592725442
CatBoost_C1,agro_pheno__hist_s2_ndwi__late_mean,phenology,16,-0.14933344161718648,0.14933344161718648,0.9375,0.12656794425087112,0.18179442508710805,0.8125,-0.10670731707317074,0.10670731707317074,0.8125,-0.10670731707317074,0.10670731707317074,0.8125,-0.06504876444985748,0.1757174234652754,-0.32154679389772856,0.3367573029504209
CatBoost_C1,agro_pheno__hist_s2_ndwi__peak_month,phenology,16,-0.0013976613756544673,0.12449716731832057,0.5,0.10686053028284498,0.11761083279137899,0.75,-0.0430626938822411,0.09929880407941546,0.5625,-0.0430626938822411,0.09929880407941546,0.5625,0.2113784545875718,0.24349237677883315,0.19451950503185078,0.3175996933521686
CatBoost_C1,agro_pheno__hist_s2_ndwi__season_mean,phenology,16,-0.02738828079821502,0.09275230494245364,0.625,0.13283972125435542,0.15827526132404185,0.75,-0.10331010452961675,0.10331010452961675,0.75,-0.10331010452961675,0.10331010452961675,0.75,-0.6354651196709247,0.6354651196709247,-0.2660452480285611,0.38975138623046407
CatBoost_C1,agro_pheno__hist_s2_ndwi__senescence_slope,phenology,16,0.3301141655025591,0.3301141655025591,1.0,0.12839721254355402,0.1426829268292683,0.75,-0.09651567944250874,0.10601045296167248,0.625,-0.09651567944250874,0.10601045296167248,0.625,-0.32498785990613893,0.32498785990613893,0.6262575924038049,0.6262575924038049
CatBoost_C1,agro_pheno__y2025_landsat_vi6t__amplitude,phenology,16,-0.001700974397073154,0.12346987699436757,0.5,0.05126536181338702,0.0795336919090897,0.75,0.21393728222996522,0.21393728222996522,0.9375,0.21393728222996522,0.21393728222996522,0.9375,0.18855419863970638,0.2607030702604102,0.018708087384477417,0.17192008936590128
CatBoost_C1,agro_pheno__y2025_landsat_vi6t__auc,phenology,16,0.16695339774941861,0.16695339774941861,0.9375,0.0799651567944251,0.16254355400696868,0.6875,0.08188153310104532,0.0985648254208729,0.75,0.08188153310104532,0.0985648254208729,0.75,-0.14514787780249871,0.24066144141917528,-0.33771707151532343,0.34874564947812214
CatBoost_C1,agro_pheno__y2025_landsat_vi6t__early_mean,phenology,16,0.0730452917146283,0.08205911778777808,0.8125,-0.0009579946516130033,0.06698606271777005,0.5,0.13558645223289334,0.13558645223289334,0.75,0.13558645223289334,0.13558645223289334,0.75,0.051298744325866584,0.24672398876849627,-0.2280762419342229,0.3072694833303095
CatBoost_C1,agro_pheno__y2025_landsat_vi6t__greenup_slope,phenology,16,0.010123222762377192,0.05011814631523348,0.5625,0.017682926829268295,0.054006968641115,0.6875,0.09581881533101046,0.12970692877976686,0.8125,0.09581881533101046,0.12970692877976686,0.8125,0.1841282931697912,0.21544257382843585,0.20558759206449168,0.33857736490530627
CatBoost_C1,agro_pheno__y2025_landsat_vi6t__jun_to_aug_delta,phenology,16,-0.03489714878074335,0.06575914612917048,0.625,-0.012282229965156799,0.08275410434173108,0.5,-0.08745644599303137,0.10487804878048781,0.75,-0.08745644599303137,0.10487804878048781,0.75,-0.058063840749335335,0.24901432949219626,0.128792308819078,0.2803464755365146
CatBoost_C1,agro_pheno__y2025_landsat_vi6t__late_mean,phenology,16,0.05572166535915529,0.06605937133521791,0.75,0.1268376916865451,0.17012936119626593,0.6875,0.012718642746575734,0.09468847516792822,0.625,0.012718642746575734,0.09468847516792822,0.625,-0.11786158859161386,0.19691580721446827,-0.5522279063789315,0.5522279063789315
CatBoost_C1,agro_pheno__y2025_landsat_vi6t__peak_month,phenology,16,-0.08531900372288957,0.10589671706497794,0.8125,0.05526485231873092,0.0856998603029179,0.8125,0.06108627326630492,0.08550232166150162,0.6875,0.06108627326630492,0.08550232166150162,0.6875,0.2760699171168519,0.2760699171168519,-0.035616181043720004,0.21707455883239038
CatBoost_C1,agro_pheno__y2025_landsat_vi6t__season_mean,phenology,16,0.14848654130628114,0.14848654130628114,0.875,0.07735191637630665,0.14973867595818818,0.6875,0.09895470383275264,0.10226480836236937,0.75,0.09895470383275264,0.10226480836236937,0.75,-0.14913516110903716,0.22691044908134786,-0.37469825623650754,0.37469825623650754
CatBoost_C1,agro_pheno__y2025_landsat_vi6t__senescence_slope,phenology,16,0.07674703912422173,0.08166405167309591,0.875,0.06372228761652254,0.11733960549481323,0.5625,-0.023477396901091706,0.061675160126449705,0.75,-0.023477396901091706,0.061675160126449705,0.75,-0.4630060900303045,0.49897645293089876,-0.13997596297665887,0.2778806075623544
CatBoost_C1,agro_pheno__y2025_planet_evi__amplitude,phenology,16,-0.18015201802141473,0.18015201802141473,0.9375,0.022038327526132405,0.07168989547038329,0.625,-0.09738675958188156,0.12029616724738679,0.8125,-0.09738675958188156,0.12029616724738679,0.8125,0.25430775905139485,0.28687139497290515,-0.29927754629065356,0.29927754629065356
CatBoost_C1,agro_pheno__y2025_planet_evi__auc,phenology,16,0.20910325896076082,0.20910325896076082,0.9375,0.11402439024390246,0.12081881533101047,0.75,-0.11358885017421605,0.11602787456445995,0.8125,-0.11358885017421605,0.11602787456445995,0.8125,-0.3662345849103791,0.3662345849103791,0.0826532250601629,0.27016426838721525
CatBoost_C1,agro_pheno__y2025_planet_evi__early_mean,phenology,16,0.5430173143924975,0.5430173143924975,1.0,0.08005226480836238,0.15522648083623697,0.625,-0.02987804878048781,0.08440766550522649,0.625,-0.02987804878048781,0.08440766550522649,0.625,-0.7329686755209508,0.7329686755209508,0.6177222716205988,0.6177222716205988
CatBoost_C1,agro_pheno__y2025_planet_evi__greenup_slope,phenology,16,0.08542266003983545,0.08542266003983545,0.8125,-0.013763066202090595,0.08710801393728224,0.5,-0.06236933797909408,0.07369337979094077,0.8125,-0.06236933797909408,0.07369337979094077,0.8125,-0.21121447186001313,0.2358072086963084,-0.3178264872111868,0.41679697613975875
CatBoost_C1,agro_pheno__y2025_planet_evi__jun_to_aug_delta,phenology,16,-0.3289414611688025,0.3289414611688025,1.0,-0.021602787456445997,0.06742160278745646,0.5,-0.0003484320557491302,0.07290940766550524,0.5,-0.0003484320557491302,0.07290940766550524,0.5,0.4541926486306903,0.4541926486306903,-0.1744168281190125,0.20810741927593557
CatBoost_C1,agro_pheno__y2025_planet_evi__late_mean,phenology,16,0.053961006346284035,0.11690906143405813,0.5625,0.022299651567944258,0.08257839721254356,0.625,-0.10357142857142859,0.1142857142857143,0.6875,-0.10357142857142859,0.1142857142857143,0.6875,-0.06261349331805183,0.1694300790040291,0.07068712454138147,0.21067392768118268
CatBoost_C1,agro_pheno__y2025_planet_evi__peak_month,phenology,16,-0.05122099897792933,0.08357478885830796,0.6875,-0.06901751288876663,0.10471090593224255,0.625,-0.039106144052878294,0.06630501848438855,0.75,-0.039106144052878294,0.06630501848438855,0.75,0.13728062445250436,0.17289075664087444,0.1272201678125987,0.1931642213067532
CatBoost_C1,agro_pheno__y2025_planet_evi__season_mean,phenology,16,0.33226960073377154,0.33226960073377154,1.0,0.11794425087108017,0.12421602787456448,0.75,-0.08414634146341464,0.10487804878048781,0.75,-0.08414634146341464,0.10487804878048781,0.75,-0.4874404076681232,0.4874404076681232,0.17798399326360143,0.39899409872941555
CatBoost_C1,agro_pheno__y2025_planet_evi__senescence_slope,phenology,16,0.1799619494231517,0.1799619494231517,0.9375,-0.018815331010452963,0.08876306620209061,0.5625,0.035017421602787466,0.08780487804878051,0.625,0.035017421602787466,0.08780487804878051,0.625,-0.3501609759333878,0.3501609759333878,0.18061784889649737,0.4260186933334446
CatBoost_C1,agro_pheno__y2025_planet_lai__amplitude,phenology,16,-0.26741613260264563,0.26741613260264563,0.9375,0.005487804878048782,0.06123693379790942,0.5625,-0.03554006968641116,0.10731707317073173,0.625,-0.03554006968641116,0.10731707317073173,0.625,0.3341290328774629,0.3341290328774629,-0.22021955023278536,0.27954719315470883
CatBoost_C1,agro_pheno__y2025_planet_lai__auc,phenology,16,0.15744824957659836,0.15744824957659836,0.875,0.11759581881533102,0.15034843205574916,0.625,-0.0695993031358885,0.0946864111498258,0.75,-0.0695993031358885,0.0946864111498258,0.75,-0.3324873859919695,0.3324873859919695,0.24237167866031342,0.26793928772614883
CatBoost_C1,agro_pheno__y2025_planet_lai__early_mean,phenology,16,0.3769253653401278,0.3769253653401278,1.0,0.0814459930313589,0.15566202090592338,0.5625,-0.07813588850174218,0.09390243902439027,0.6875,-0.07813588850174218,0.09390243902439027,0.6875,-0.5343293789496844,0.5343293789496844,0.5667028551191741,0.5667028551191741
CatBoost_C1,agro_pheno__y2025_planet_lai__greenup_slope,phenology,16,-0.009215993727635284,0.08034031487986054,0.5,-0.07621951219512196,0.13458188153310108,0.625,-0.08101045296167247,0.08101045296167247,0.8125,-0.08101045296167247,0.08101045296167247,0.8125,-0.08557659734828098,0.15450420025564796,-0.4025737324622149,0.4080104073235573
CatBoost_C1,agro_pheno__y2025_planet_lai__jun_to_aug_delta,phenology,16,-0.23689583282512508,0.23689583282512508,1.0,-0.05130662020905924,0.08702090592334497,0.6875,-0.033449477351916376,0.06637630662020907,0.625,-0.033449477351916376,0.06637630662020907,0.625,0.35007923083166803,0.35007923083166803,-0.15557274839581467,0.19117307038812953
CatBoost_C1,agro_pheno__y2025_planet_lai__late_mean,phenology,16,0.029487840493168185,0.12456510817177584,0.5625,0.03588850174216028,0.09782229965156795,0.6875,0.006968641114982579,0.09486062717770037,0.5,0.006968641114982579,0.09486062717770037,0.5,-0.07029312775838219,0.1585804618484258,0.15705380722160095,0.3167813200431653
CatBoost_C1,agro_pheno__y2025_planet_lai__peak_month,phenology,16,0.11541866244895058,0.12845353034044435,0.875,0.059555122898093976,0.08909462585384824,0.625,0.06903826122234716,0.06903826122234716,0.75,0.06903826122234716,0.06903826122234716,0.75,-0.2559570432700407,0.32442588086866603,0.06620339266654973,0.3770112843260685
CatBoost_C1,agro_pheno__y2025_planet_lai__season_mean,phenology,16,0.2030671628575974,0.2030671628575974,0.875,0.1083623693379791,0.16602787456446,0.6875,-0.05540069686411151,0.07831010452961673,0.625,-0.05540069686411151,0.07831010452961673,0.625,-0.46557042236413326,0.46557042236413326,0.36941914451388014,0.36941914451388014
CatBoost_C1,agro_pheno__y2025_planet_lai__senescence_slope,phenology,16,0.16455753535197265,0.16455753535197265,0.9375,0.03763066202090593,0.09120209059233451,0.5625,0.05374564459930315,0.07813588850174218,0.625,0.05374564459930315,0.07813588850174218,0.625,-0.3354227314479288,0.34123166796415727,0.23836409973546305,0.48991429292036276
CatBoost_C1,agro_pheno__y2025_planet_msavi__amplitude,phenology,16,-0.20571911995516712,0.20571911995516712,0.9375,0.012456445993031362,0.07534843205574915,0.625,-0.10461672473867598,0.14059233449477354,0.6875,-0.10461672473867598,0.14059233449477354,0.6875,0.2755147205425996,0.2755147205425996,-0.2268953994435934,0.23856666764497564
CatBoost_C1,agro_pheno__y2025_planet_msavi__auc,phenology,16,0.2274610787092368,0.2274610787092368,0.9375,0.13388501742160283,0.13780487804878053,0.8125,-0.1236062717770035,0.1236062717770035,0.8125,-0.1236062717770035,0.1236062717770035,0.8125,-0.34748152119103726,0.34748152119103726,0.15635122872304302,0.2815464404220434
CatBoost_C1,agro_pheno__y2025_planet_msavi__early_mean,phenology,16,0.5730473448873374,0.5730473448873374,1.0,0.1210801393728223,0.14486062717770037,0.625,-0.06811846689895472,0.1015679442508711,0.6875,-0.06811846689895472,0.1015679442508711,0.6875,-0.7844813051747461,0.7844813051747461,0.6988329249047102,0.6988329249047102
CatBoost_C1,agro_pheno__y2025_planet_msavi__greenup_slope,phenology,16,0.07002131702444428,0.07754883751865384,0.75,-0.022822299651567946,0.08475609756097563,0.5625,-0.05836236933797911,0.07160278745644602,0.8125,-0.05836236933797911,0.07160278745644602,0.8125,-0.19511821653849695,0.24343701287081257,-0.2817174807706154,0.4005191233619939
CatBoost_C1,agro_pheno__y2025_planet_msavi__jun_to_aug_delta,phenology,16,-0.29675843420657444,0.29675843420657444,1.0,-0.02682926829268293,0.0721254355400697,0.5625,-0.006184668989547039,0.05993031358885018,0.5,-0.006184668989547039,0.05993031358885018,0.5,0.3923431193570569,0.3923431193570569,-0.16698103271763332,0.25573732259524273
CatBoost_C1,agro_pheno__y2025_planet_msavi__late_mean,phenology,16,0.0690195965508883,0.11601980886128686,0.625,0.030574912891986068,0.08327526132404184,0.6875,-0.10531358885017424,0.11263066202090595,0.6875,-0.10531358885017424,0.11263066202090595,0.6875,-0.0976813281156089,0.20426426608538537,0.10038378266637314,0.29275225281037814
CatBoost_C1,agro_pheno__y2025_planet_msavi__peak_month,phenology,16,-0.05653216062245239,0.11341799818212349,0.75,-0.08404539610560263,0.1209763466528443,0.6875,-0.03835442822514823,0.06310857136615462,0.625,-0.03835442822514823,0.06310857136615462,0.625,0.1270081036487829,0.21533885521027818,0.1272201678125987,0.1928717384526253
CatBoost_C1,agro_pheno__y2025_planet_msavi__season_mean,phenology,16,0.33911051504112755,0.33911051504112755,1.0,0.11925087108013939,0.11925087108013939,0.8125,-0.10714285714285716,0.12386759581881535,0.75,-0.10714285714285716,0.12386759581881535,0.75,-0.4723606486213708,0.4723606486213708,0.2505727904237002,0.34791415650615415
CatBoost_C1,agro_pheno__y2025_planet_msavi__senescence_slope,phenology,16,0.18660441301656905,0.18660441301656905,0.9375,-0.0225609756097561,0.09233449477351918,0.5625,0.04277003484320559,0.08118466898954707,0.625,0.04277003484320559,0.08118466898954707,0.625,-0.34950994247505296,0.34950994247505296,0.16460754372620762,0.41103123429484634
CatBoost_C1,agro_pheno__y2025_planet_ndvi__amplitude,phenology,16,-0.29792850820697553,0.29792850820697553,1.0,-0.040679442508710806,0.049912891986062725,0.6875,-0.07404181184668991,0.1168118466898955,0.5625,-0.07404181184668991,0.1168118466898955,0.5625,0.4241546056984601,0.4241546056984601,-0.3102275161145912,0.3587567045886649
CatBoost_C1,agro_pheno__y2025_planet_ndvi__auc,phenology,16,0.24062969000036524,0.24062969000036524,1.0,0.10339721254355402,0.10862369337979096,0.6875,-0.08179442508710803,0.09895470383275262,0.875,-0.08179442508710803,0.09895470383275262,0.875,-0.4481232450923575,0.4481232450923575,0.19547306055934965,0.30809415626712744
CatBoost_C1,agro_pheno__y2025_planet_ndvi__early_mean,phenology,16,0.3880029650440386,0.3880029650440386,1.0,0.08658536585365856,0.150609756097561,0.625,-0.09982578397212545,0.1290940766550523,0.75,-0.09982578397212545,0.1290940766550523,0.75,-0.7089765381693685,0.7089765381693685,0.5495549312883841,0.5495549312883841
CatBoost_C1,agro_pheno__y2025_planet_ndvi__greenup_slope,phenology,16,0.05313319744316222,0.07566203078510944,0.625,-0.08188153310104532,0.1060975609756098,0.6875,-0.0996515679442509,0.0996515679442509,0.8125,-0.0996515679442509,0.0996515679442509,0.8125,-0.24377000041581293,0.2745902800572696,-0.27476651102230776,0.4303211969581349
CatBoost_C1,agro_pheno__y2025_planet_ndvi__jun_to_aug_delta,phenology,16,-0.26494699774256086,0.26494699774256086,1.0,-0.062456445993031365,0.08945993031358887,0.6875,0.014808362369337982,0.05182926829268293,0.5625,0.014808362369337982,0.05182926829268293,0.5625,0.4217678479816318,0.4217678479816318,-0.11469302504445221,0.22597930206192632
CatBoost_C1,agro_pheno__y2025_planet_ndvi__late_mean,phenology,16,0.10652379103685516,0.11376633121373866,0.6875,0.03893728222996516,0.07970383275261325,0.6875,-0.017334494773519168,0.10174216027874566,0.5625,-0.017334494773519168,0.10174216027874566,0.5625,-0.2035062660944973,0.27008779452837367,0.3405511038422862,0.3405511038422862
CatBoost_C1,agro_pheno__y2025_planet_ndvi__peak_month,phenology,16,0.07250975674411783,0.09485625646441728,0.625,0.01683367025714077,0.09066230777830261,0.625,0.04989632268231676,0.07566664197182535,0.6875,0.04989632268231676,0.07566664197182535,0.6875,-0.028232985128663395,0.20763170717416218,0.4551956339137061,0.4551956339137061
CatBoost_C1,agro_pheno__y2025_planet_ndvi__season_mean,phenology,16,0.27233931447947146,0.27233931447947146,1.0,0.10418118466898957,0.14355400696864112,0.6875,-0.0917247386759582,0.09250871080139375,0.8125,-0.0917247386759582,0.09250871080139375,0.8125,-0.6213973012079905,0.6213973012079905,0.33807696434893214,0.33807696434893214
CatBoost_C1,agro_pheno__y2025_planet_ndvi__senescence_slope,phenology,16,0.15850980904543222,0.15850980904543222,0.875,0.022735191637630665,0.0829268292682927,0.5625,0.06027874564459931,0.07752613240418121,0.625,0.06027874564459931,0.07752613240418121,0.625,-0.34877192136323887,0.3566559094186348,0.25016362870647385,0.3392891953844893
CatBoost_C1,agro_pheno__y2025_s2_evi__amplitude,phenology,16,-0.24305449183604455,0.24305449183604455,1.0,0.07351916376306622,0.08945993031358887,0.6875,-0.04995785172594855,0.11942508710801396,0.5625,-0.04995785172594855,0.11942508710801396,0.5625,0.37118502919878743,0.37118502919878743,-0.39821683188429846,0.39821683188429846
CatBoost_C1,agro_pheno__y2025_s2_evi__auc,phenology,16,0.14975740828385192,0.14975740828385192,0.875,0.09668989547038329,0.10357142857142859,0.8125,-0.11541811846689898,0.12682926829268296,0.8125,-0.11541811846689898,0.12682926829268296,0.8125,-0.19865687133312585,0.21022286850126193,0.006275995800207484,0.2991774176265874
CatBoost_C1,agro_pheno__y2025_s2_evi__early_mean,phenology,16,0.5812812248636012,0.5812812248636012,1.0,0.09886759581881535,0.1594947735191638,0.5625,-0.09294425087108016,0.1427700348432056,0.6875,-0.09294425087108016,0.1427700348432056,0.6875,-0.8317869232986943,0.8317869232986943,0.6506347069967574,0.6506347069967574
CatBoost_C1,agro_pheno__y2025_s2_evi__greenup_slope,phenology,16,-0.020860522308735228,0.10190541847883375,0.5625,-0.03658536585365854,0.08318815331010454,0.625,-0.04581881533101046,0.05574912891986064,0.625,-0.04581881533101046,0.05574912891986064,0.625,-0.03375262796333858,0.24302298660486513,-0.3185525914234178,0.38873909871626566
CatBoost_C1,agro_pheno__y2025_s2_evi__jun_to_aug_delta,phenology,16,-0.30561675871265614,0.30561675871265614,1.0,-0.052439024390243914,0.09799651567944254,0.625,0.008275261324041813,0.07517421602787458,0.5625,0.008275261324041813,0.07517421602787458,0.5625,0.47735654068417255,0.47735654068417255,-0.32467965213022343,0.40707518502269957
CatBoost_C1,agro_pheno__y2025_s2_evi__late_mean,phenology,16,0.018277003056658643,0.10871332011216796,0.5625,0.07909407665505229,0.11541811846689898,0.75,-0.13763066202090596,0.13763066202090596,0.75,-0.13763066202090596,0.13763066202090596,0.75,-0.16005005034447184,0.23480631214810777,0.09621674238429173,0.19519549020834842
CatBoost_C1,agro_pheno__y2025_s2_evi__peak_month,phenology,16,-0.020882083299135337,0.08558426187075066,0.625,-0.08855703374847504,0.10824298229199035,0.6875,-0.08256997067486196,0.0928890254930019,0.875,-0.08256997067486196,0.0928890254930019,0.875,-0.001511795799997392,0.13534667702322895,-0.12859516294002912,0.2177168151999169
CatBoost_C1,agro_pheno__y2025_s2_evi__season_mean,phenology,16,0.24818863453507284,0.24818863453507284,0.9375,0.12979094076655057,0.1446864111498258,0.8125,-0.12081881533101047,0.13606271777003487,0.875,-0.12081881533101047,0.13606271777003487,0.875,-0.4534076796969634,0.4534076796969634,0.1558600009923886,0.42890237073529563
CatBoost_C1,agro_pheno__y2025_s2_evi__senescence_slope,phenology,16,0.17365417048751597,0.17365417048751597,0.9375,-0.05008710801393729,0.1113240418118467,0.625,0.013675958188153314,0.06271777003484322,0.5625,0.013675958188153314,0.06271777003484322,0.5625,-0.43989432352742963,0.4570836345552055,0.26642307705325335,0.37164647580319643
CatBoost_C1,agro_pheno__y2025_s2_fapar__amplitude,phenology,16,-0.19341118100660326,0.19341118100660326,1.0,0.011149825783972127,0.07151567944250872,0.5,-0.075609756097561,0.1207317073170732,0.625,-0.075609756097561,0.1207317073170732,0.625,0.3329271199114594,0.3329271199114594,-0.2945765077942481,0.2945765077942481
CatBoost_C1,agro_pheno__y2025_s2_fapar__auc,phenology,16,0.16059836231427302,0.16059836231427302,0.875,0.12047038327526136,0.1457317073170732,0.6875,-0.1314459930313589,0.1314459930313589,0.9375,-0.1314459930313589,0.1314459930313589,0.9375,-0.4102284631077454,0.4102284631077454,0.05556296227133897,0.23965857705535043
CatBoost_C1,agro_pheno__y2025_s2_fapar__early_mean,phenology,16,0.445904061655938,0.445904061655938,1.0,0.10078397212543556,0.12630662020905925,0.75,-0.1554878048780488,0.1554878048780488,0.6875,-0.1554878048780488,0.1554878048780488,0.6875,-1.052195813898754,1.052195813898754,0.6784243102047455,0.6784243102047455
CatBoost_C1,agro_pheno__y2025_s2_fapar__greenup_slope,phenology,16,0.03235368690950742,0.09335218605873685,0.5625,-0.05452961672473869,0.0687282229965157,0.6875,-0.02613240418118467,0.07883275261324044,0.625,-0.02613240418118467,0.07883275261324044,0.625,-0.21683322669228006,0.2866014247923028,-0.3781278745247678,0.4391156359792161
CatBoost_C1,agro_pheno__y2025_s2_fapar__jun_to_aug_delta,phenology,16,-0.24918205585497027,0.24918205585497027,1.0,-0.07543554006968642,0.11315331010452964,0.75,-0.00897212543554007,0.062282229965156796,0.5625,-0.00897212543554007,0.062282229965156796,0.5625,0.4905251284040325,0.4905251284040325,-0.3102667759781239,0.3743813749861128
CatBoost_C1,agro_pheno__y2025_s2_fapar__late_mean,phenology,16,0.04045101914111536,0.1127866948848407,0.5625,0.10531358885017425,0.14799651567944255,0.6875,-0.11898954703832755,0.11898954703832755,0.75,-0.11898954703832755,0.11898954703832755,0.75,-0.2663133339204689,0.2792671537108212,0.05541922673146554,0.1878084590769497
CatBoost_C1,agro_pheno__y2025_s2_fapar__peak_month,phenology,16,0.0821425639248254,0.13612715970842496,0.75,0.030161940877414237,0.10365445136079982,0.625,-0.08338666855818191,0.08338666855818191,0.6875,-0.08338666855818191,0.08338666855818191,0.6875,-0.109517325304516,0.1503303891471439,0.21660718189517345,0.39528558759288934
CatBoost_C1,agro_pheno__y2025_s2_fapar__season_mean,phenology,16,0.2226122868244813,0.2226122868244813,0.875,0.10836236933797912,0.15287456445993036,0.75,-0.11829268292682929,0.12534843205574914,0.9375,-0.11829268292682929,0.12534843205574914,0.9375,-0.6291210766237538,0.6291210766237538,0.17123021018824094,0.2403177783848441
CatBoost_C1,agro_pheno__y2025_s2_fapar__senescence_slope,phenology,16,0.15702882201019025,0.15702882201019025,0.9375,-0.018641114982578397,0.09634146341463418,0.5,0.016463414634146346,0.068205574912892,0.5625,0.016463414634146346,0.068205574912892,0.5625,-0.3327733194889201,0.43940642838577987,0.1953523542127507,0.39860864870821955
CatBoost_C1,agro_pheno__y2025_s2_lai__amplitude,phenology,16,-0.14949520164091523,0.14949520164091523,0.9375,0.1172473867595819,0.1172473867595819,0.75,-0.08458188153310106,0.10818815331010455,0.6875,-0.08458188153310106,0.10818815331010455,0.6875,0.2722847772255071,0.31584971267422346,-0.28179708201899634,0.28179708201899634
CatBoost_C1,agro_pheno__y2025_s2_lai__auc,phenology,16,0.08885201237016478,0.10297540460662263,0.875,0.11350174216027878,0.13597560975609757,0.875,-0.1579268292682927,0.1579268292682927,0.875,-0.1579268292682927,0.1579268292682927,0.875,-0.05571140958795112,0.15157934643457177,-0.01848257144526034,0.18698395820724797
CatBoost_C1,agro_pheno__y2025_s2_lai__early_mean,phenology,16,0.6320789912109719,0.6320789912109719,1.0,0.12630662020905925,0.16402439024390247,0.5625,-0.0741289198606272,0.10566202090592337,0.6875,-0.0741289198606272,0.10566202090592337,0.6875,-0.8440749332302826,0.8440749332302826,0.8311944085677441,0.8311944085677441
CatBoost_C1,agro_pheno__y2025_s2_lai__greenup_slope,phenology,16,-0.04272231497243343,0.08802645653303139,0.5625,-0.032404181184669,0.08074912891986065,0.625,-0.04372822299651569,0.05618466898954705,0.625,-0.04372822299651569,0.05618466898954705,0.625,-0.006141583559845395,0.24383322903894553,-0.34283012920661765,0.4011012584313317
CatBoost_C1,agro_pheno__y2025_s2_lai__jun_to_aug_delta,phenology,16,-0.21076238860703156,0.21076238860703156,1.0,-0.03292682926829269,0.08405923344947738,0.5625,-0.0426829268292683,0.05548780487804879,0.625,-0.0426829268292683,0.05548780487804879,0.625,0.3134793939823888,0.3503807755556734,-0.35147369491814084,0.35147369491814084
CatBoost_C1,agro_pheno__y2025_s2_lai__late_mean,phenology,16,0.030885536694580013,0.10759802353335723,0.5625,0.09547038327526133,0.13519163763066205,0.75,-0.1952961672473868,0.1952961672473868,0.9375,-0.1952961672473868,0.1952961672473868,0.9375,-0.23407286982839548,0.3170648653610675,0.07088847995967532,0.2591896880448934
CatBoost_C1,agro_pheno__y2025_s2_lai__peak_month,phenology,16,-0.021171527307490473,0.08839753457870458,0.625,-0.0477058859223857,0.08955381258402254,0.5625,-0.1302489843277398,0.1302489843277398,0.9375,-0.1302489843277398,0.1302489843277398,0.9375,0.05779672745065634,0.1908477995022576,0.08183170883849684,0.21289128119056847
CatBoost_C1,agro_pheno__y2025_s2_lai__season_mean,phenology,16,0.17439653172325048,0.17439653172325048,0.875,0.11820557491289199,0.13667247386759585,0.875,-0.15958188153310104,0.15958188153310104,0.875,-0.15958188153310104,0.15958188153310104,0.875,-0.24159416283857243,0.2714039066685653,0.13185761372461147,0.2499596015598884
CatBoost_C1,agro_pheno__y2025_s2_lai__senescence_slope,phenology,16,0.1671510142305329,0.1671510142305329,0.9375,-0.035975609756097565,0.10923344947735195,0.625,0.017682926829268298,0.05792682926829269,0.625,0.017682926829268298,0.05792682926829269,0.625,-0.38453819499058317,0.41726775361827173,0.3231645403729176,0.4228799371740733
CatBoost_C1,agro_pheno__y2025_s2_msi__amplitude,phenology,16,-0.03049679727032642,0.07560009843446837,0.6875,-0.03562717770034844,0.10383275261324043,0.625,-0.01637630662020906,0.054268292682926836,0.625,-0.01637630662020906,0.054268292682926836,0.625,0.19109338033997145,0.21106811033502187,0.0417268153806032,0.19442286602531023
CatBoost_C1,agro_pheno__y2025_s2_msi__auc,phenology,16,-0.03476589766429617,0.05782758648049413,0.75,-0.04041811846689896,0.14895470383275267,0.5625,0.10374564459930316,0.10374564459930316,0.875,0.10374564459930316,0.10374564459930316,0.875,0.48962121894446053,0.48962121894446053,0.27859657408037936,0.4361803716628943
CatBoost_C1,agro_pheno__y2025_s2_msi__early_mean,phenology,16,-0.07210959088103092,0.0811076356618245,0.75,-0.07552264808362372,0.12796167247386764,0.5625,0.08005226480836239,0.10688153310104531,0.8125,0.08005226480836239,0.10688153310104531,0.8125,0.4862441799466909,0.4862441799466909,0.22548449063309134,0.4440128500243341
CatBoost_C1,agro_pheno__y2025_s2_msi__greenup_slope,phenology,16,-0.2027818961449469,0.2027818961449469,0.9375,0.00348432055749129,0.07491289198606274,0.5625,0.02482578397212544,0.08118466898954704,0.6875,0.02482578397212544,0.08118466898954704,0.6875,0.5570612222926364,0.5570612222926364,0.2080815797376654,0.3099909506577464
CatBoost_C1,agro_pheno__y2025_s2_msi__jun_to_aug_delta,phenology,16,0.21306853362135802,0.21306853362135802,1.0,0.06846689895470384,0.11019163763066205,0.6875,-0.030052264808362376,0.08022648083623694,0.5625,-0.030052264808362376,0.08022648083623694,0.5625,-0.5656760941105128,0.5656760941105128,-0.05576269890932688,0.24197711525180823
CatBoost_C1,agro_pheno__y2025_s2_msi__late_mean,phenology,16,-0.07236964673851187,0.08517960185904777,0.625,-0.04747386759581882,0.09773519163763067,0.75,0.058972125435540076,0.07726480836236935,0.75,0.058972125435540076,0.07726480836236935,0.75,0.3927763214011044,0.3927763214011044,0.059707892675036546,0.2118662513585548
CatBoost_C1,agro_pheno__y2025_s2_msi__peak_month,phenology,16,-0.09600292589667758,0.12751101809969873,0.8125,-0.052593152656280465,0.08772934315509821,0.5625,-0.010439525494514554,0.12826773492112983,0.5,-0.010439525494514554,0.12826773492112983,0.5,0.30928345150901015,0.34178272320475117,-0.15328747213890068,0.2117793624007545
CatBoost_C1,agro_pheno__y2025_s2_msi__season_mean,phenology,16,-0.05261367442299166,0.0633315434250988,0.8125,-0.04817073170731709,0.14006968641114986,0.625,0.07186411149825786,0.08519163763066204,0.875,0.07186411149825786,0.08519163763066204,0.875,0.500538616560019,0.500538616560019,0.23440385456835025,0.42734493492698467
CatBoost_C1,agro_pheno__y2025_s2_msi__senescence_slope,phenology,16,-0.15858661629122972,0.15858661629122972,0.875,-0.05601045296167249,0.11167490591833787,0.6875,-0.07029616724738677,0.08658536585365856,0.8125,-0.07029616724738677,0.08658536585365856,0.8125,0.2724434755141054,0.3669367082871179,-0.22458513116721338,0.32235973361431336
CatBoost_C1,agro_pheno__y2025_s2_ndvi__amplitude,phenology,16,-0.22471421870063116,0.22471421870063116,1.0,0.05400696864111499,0.10879790940766552,0.625,-0.03745644599303136,0.10052264808362371,0.625,-0.03745644599303136,0.10052264808362371,0.625,0.24088082056817242,0.26417123496530404,-0.28461818601437283,0.35631035100439185
CatBoost_C1,agro_pheno__y2025_s2_ndvi__auc,phenology,16,0.2372170238906293,0.2372170238906293,1.0,0.0956445993031359,0.13074912891986062,0.8125,-0.0995644599303136,0.1157665505226481,0.875,-0.0995644599303136,0.1157665505226481,0.875,-0.49159697168472,0.49159697168472,0.1887768212373935,0.1887768212373935
CatBoost_C1,agro_pheno__y2025_s2_ndvi__early_mean,phenology,16,0.5786361247371976,0.5786361247371976,1.0,0.1143728222996516,0.1610627177700349,0.625,-0.13031358885017424,0.13301393728223,0.75,-0.13031358885017424,0.13301393728223,0.75,-0.9486670678370454,0.9486670678370454,0.9203590872502224,0.9203590872502224
CatBoost_C1,agro_pheno__y2025_s2_ndvi__greenup_slope,phenology,16,-0.03182134184808206,0.08970185299734201,0.5625,-0.052787456445993045,0.08745644599303137,0.6875,-0.057404181184669,0.06515679442508712,0.625,-0.057404181184669,0.06515679442508712,0.625,-0.09764914753717874,0.23387835775317858,-0.39948599820618247,0.45689821893267024
CatBoost_C1,agro_pheno__y2025_s2_ndvi__jun_to_aug_delta,phenology,16,-0.30295865189749016,0.30295865189749016,1.0,-0.07909407665505228,0.13493031358885021,0.6875,0.00026132404181184593,0.08527874564459932,0.5,0.00026132404181184593,0.08527874564459932,0.5,0.41067231676060534,0.41067231676060534,-0.3806160837054176,0.3936939950377564
CatBoost_C1,agro_pheno__y2025_s2_ndvi__late_mean,phenology,16,0.10339520515425438,0.13620595051993034,0.75,0.10714285714285715,0.1741289198606272,0.75,-0.04294425087108015,0.09817073170731709,0.625,-0.04294425087108015,0.09817073170731709,0.625,-0.31337672683720363,0.31337672683720363,0.32832345492230947,0.32832345492230947
CatBoost_C1,agro_pheno__y2025_s2_ndvi__peak_month,phenology,16,0.08883258223111531,0.08883258223111531,0.8125,0.08333520216164306,0.09447281597472632,0.8125,-0.026384765979308493,0.04887126438705888,0.625,-0.026384765979308493,0.04887126438705888,0.625,-0.03983037296096081,0.14607974247802494,0.46309910852184405,0.46310582492141333
CatBoost_C1,agro_pheno__y2025_s2_ndvi__season_mean,phenology,16,0.35106976023389014,0.35106976023389014,1.0,0.14329268292682928,0.17674216027874567,0.875,-0.12055749128919863,0.14773519163763071,0.875,-0.12055749128919863,0.14773519163763071,0.875,-0.718596905373577,0.718596905373577,0.3434620289371876,0.3434620289371876
CatBoost_C1,agro_pheno__y2025_s2_ndvi__senescence_slope,phenology,16,0.16256256904828142,0.16256256904828142,0.9375,0.007578397212543558,0.0956445993031359,0.5,0.047909407665505235,0.07404181184668991,0.5625,0.047909407665505235,0.07404181184668991,0.5625,-0.34349287609916895,0.4553490458908439,0.24682220754856607,0.3621628341651832
CatBoost_C1,agro_pheno__y2025_s2_ndwi__amplitude,phenology,16,-0.05578780832475168,0.09241707909818223,0.6875,-0.06898954703832755,0.10304878048780489,0.6875,-0.09878048780487807,0.09878048780487807,0.8125,-0.09878048780487807,0.09878048780487807,0.8125,0.08268071361224086,0.10500487520125037,-0.2174787638533464,0.23114482742918427
CatBoost_C1,agro_pheno__y2025_s2_ndwi__auc,phenology,16,0.010271822847608515,0.05693330356012197,0.625,0.01167247386759582,0.11794425087108015,0.5625,-0.12735191637630666,0.12735191637630666,0.875,-0.12735191637630666,0.12735191637630666,0.875,-0.43290629302804867,0.43290629302804867,-0.26640838219126417,0.28553192373876907
CatBoost_C1,agro_pheno__y2025_s2_ndwi__early_mean,phenology,16,0.08678076527520347,0.08678076527520347,0.875,0.07691637630662024,0.12055749128919863,0.5625,-0.1015679442508711,0.11742160278745646,0.75,-0.1015679442508711,0.11742160278745646,0.75,-0.5570844564253348,0.5570844564253348,-0.18111480422370008,0.3290089416172704
CatBoost_C1,agro_pheno__y2025_s2_ndwi__greenup_slope,phenology,16,0.1239359009806971,0.1239359009806971,0.8125,-0.05313588850174217,0.0863240418118467,0.75,-0.09451219512195125,0.09451219512195125,0.875,-0.09451219512195125,0.09451219512195125,0.875,-0.44985700116061633,0.44985700116061633,-0.378475222902646,0.42263682242866246
CatBoost_C1,agro_pheno__y2025_s2_ndwi__jun_to_aug_delta,phenology,16,-0.20263486888262341,0.20263486888262341,1.0,-0.07813588850174218,0.10888501742160281,0.75,-0.014024390243902441,0.0603658536585366,0.625,-0.014024390243902441,0.0603658536585366,0.625,0.411985096423759,0.411985096423759,-0.05195239618739883,0.18946791283856956
CatBoost_C1,agro_pheno__y2025_s2_ndwi__late_mean,phenology,16,0.047477485141817946,0.07358773273720812,0.625,0.04947735191637631,0.07979094076655054,0.6875,-0.06541811846689898,0.07987804878048782,0.75,-0.06541811846689898,0.07987804878048782,0.75,-0.3358866842004875,0.3358866842004875,-0.08032369137711691,0.23102484707882387
CatBoost_C1,agro_pheno__y2025_s2_ndwi__peak_month,phenology,16,0.1200938580301504,0.13807974785465277,0.6875,-0.05611246913329221,0.1059494679569716,0.625,-0.045415452938517065,0.07473252208604818,0.625,-0.045415452938517065,0.07473252208604818,0.625,0.026430072628785203,0.13566998442371211,0.17852458189193757,0.43458582995341805
CatBoost_C1,agro_pheno__y2025_s2_ndwi__season_mean,phenology,16,0.053593159181358915,0.07404378978089693,0.75,0.05444250871080141,0.12012195121951222,0.5625,-0.12247386759581882,0.12247386759581882,0.875,-0.12247386759581882,0.12247386759581882,0.875,-0.4924224513438771,0.4924224513438771,-0.11531795265746918,0.3501217138121661
CatBoost_C1,agro_pheno__y2025_s2_ndwi__senescence_slope,phenology,16,0.16578874609550448,0.16578874609550448,0.875,0.060104529616724744,0.09939024390243904,0.625,0.0863240418118467,0.0980836236933798,0.8125,0.0863240418118467,0.0980836236933798,0.8125,-0.24413471673118795,0.3503810407383593,0.23351897758655968,0.3762899454333226
CatBoost_C1,agro_sensor__s2_planet_evi__monthly_rmse,sensor_agreement,16,-0.1392837409652697,0.1392837409652697,0.75,0.08109756097560977,0.1226480836236934,0.8125,-0.050609756097560986,0.0711672473867596,0.6875,-0.050609756097560986,0.0711672473867596,0.6875,0.09879429138071218,0.20850647962429908,-0.28353225327256215,0.28353225327256215
CatBoost_C1,agro_sensor__s2_planet_evi__season_mean_difference,sensor_agreement,16,-0.0574645771005725,0.0810821951995894,0.875,0.043031358885017426,0.11855400696864113,0.625,-0.07317073170731708,0.1045296167247387,0.6875,-0.07317073170731708,0.1045296167247387,0.6875,-0.07650154698324561,0.2426795204531994,0.03273892142771535,0.16889472743262482
CatBoost_C1,agro_sensor__s2_planet_evi__season_mean_ratio,sensor_agreement,16,-0.0986606415530698,0.1177060560990951,0.9375,0.04494773519163764,0.10801393728223,0.625,-0.07613240418118468,0.12264808362369342,0.6875,-0.07613240418118468,0.12264808362369342,0.6875,-0.04801040279213418,0.231588828130794,0.014731465970889607,0.16305619881035144
CatBoost_C1,agro_sensor__s2_planet_lai__monthly_rmse,sensor_agreement,16,0.1472970977905061,0.1472970977905061,0.75,0.06271777003484322,0.12090592334494776,0.625,0.11132404181184671,0.12186411149825788,0.8125,0.11132404181184671,0.12186411149825788,0.8125,-0.05126798611838625,0.16188309780114143,0.6037723270632399,0.6037723270632399
CatBoost_C1,agro_sensor__s2_planet_lai__season_mean_difference,sensor_agreement,16,-0.20057939288100957,0.20057939288100957,0.875,-0.05714285714285715,0.13510452961672476,0.625,-0.055923344947735196,0.09851916376306621,0.75,-0.055923344947735196,0.09851916376306621,0.75,0.12386132053688294,0.22740234793921799,-0.5855716233487284,0.5855716233487284
CatBoost_C1,agro_sensor__s2_planet_lai__season_mean_ratio,sensor_agreement,16,0.13809997614242414,0.15116480018478068,0.875,0.12613240418118468,0.14128919860627182,0.8125,-0.19163763066202094,0.19163763066202094,1.0,-0.19163763066202094,0.19163763066202094,1.0,-0.16467816343250113,0.2034716374157977,-0.07082430013639669,0.17244404087681228
CatBoost_C1,agro_sensor__s2_planet_ndvi__monthly_rmse,sensor_agreement,16,-0.06509376759850778,0.08399468506128085,0.8125,-0.014024390243902445,0.08658536585365856,0.5,0.04668989547038329,0.07813588850174218,0.75,0.04668989547038329,0.07813588850174218,0.75,0.1677449068294071,0.20669764825700349,-0.06348235612092848,0.2067771133701242
CatBoost_C1,agro_sensor__s2_planet_ndvi__season_mean_difference,sensor_agreement,16,0.09041020899864019,0.10225159575542005,0.8125,-0.029268292682926838,0.10522648083623695,0.625,-0.06385017421602789,0.08641114982578399,0.75,-0.06385017421602789,0.08641114982578399,0.75,-0.3111923048261671,0.33615894232151244,-0.0011754455790884207,0.21700572220003664
CatBoost_C1,agro_sensor__s2_planet_ndvi__season_mean_ratio,sensor_agreement,16,0.31619927452134056,0.31619927452134056,1.0,0.08580139372822301,0.14390243902439026,0.75,-0.08824041811846692,0.08824041811846692,0.9375,-0.08824041811846692,0.08824041811846692,0.9375,-0.6205116160298589,0.6205116160298589,0.291780177656718,0.291780177656718
CatBoost_C1,agro_soil__bdod__gradient_0_30_minus_30_60,soil_profile,16,0.17434661213418473,0.17434661213418473,1.0,0.11759581881533104,0.14329268292682928,0.875,0.09207523095565884,0.10889209823250656,0.75,0.09207523095565884,0.10889209823250656,0.75,-0.3993922768664028,0.3993922768664028,0.17246576495033678,0.2732245967569685
CatBoost_C1,agro_soil__bdod__ratio_0_30_to_30_60,soil_profile,16,0.1699344904563642,0.1699344904563642,1.0,0.11855400696864114,0.14538327526132408,0.875,0.09355400696864113,0.1064459930313589,0.75,0.09355400696864113,0.1064459930313589,0.75,-0.4004760541930777,0.4004760541930777,0.18967980394421838,0.2867958382863425
CatBoost_C1,agro_soil__bdod_x_clay,soil_interaction,16,-0.19864630598783634,0.19864630598783634,0.9375,-0.14764808362369342,0.15435540069686415,0.8125,-0.026480836236933807,0.052090592334494784,0.5625,-0.026480836236933807,0.052090592334494784,0.5625,0.6569999106759221,0.6569999106759221,-0.8390852145837174,0.8390852145837174
CatBoost_C1,agro_soil__cec__gradient_0_30_minus_30_60,soil_profile,16,-0.029553379043025383,0.07997428383078019,0.5625,-0.12151567944250874,0.14294425087108018,0.75,-0.07691637630662022,0.07691637630662022,0.8125,-0.07691637630662022,0.07691637630662022,0.8125,-0.17341658688006784,0.2293911926358167,-0.002845615049068798,0.2937358880399699
CatBoost_C1,agro_soil__cec__ratio_0_30_to_30_60,soil_profile,16,-0.01143910293990762,0.09212862557573435,0.5,-0.10487804878048781,0.14094076655052268,0.8125,-0.07273519163763068,0.07273519163763068,0.75,-0.07273519163763068,0.07273519163763068,0.75,-0.23555795648544864,0.23752506904110715,-0.0001673237134723941,0.2553141792898334
CatBoost_C1,agro_soil__cfvo__gradient_0_30_minus_30_60,soil_profile,16,-0.07787016950802624,0.08340219478143898,0.75,-0.11036585365853663,0.12900696864111502,0.6875,0.01785714285714286,0.10374564459930316,0.625,0.01785714285714286,0.10374564459930316,0.625,0.19972223664535488,0.19972223664535488,-0.24431355671159374,0.3664176724616976
CatBoost_C1,agro_soil__cfvo__ratio_0_30_to_30_60,soil_profile,16,0.062247540432798426,0.09800120129907727,0.6875,-0.027003484320557495,0.08867595818815333,0.5625,0.008797909407665507,0.09886759581881535,0.5625,0.008797909407665507,0.09886759581881535,0.5625,-0.08996114718304617,0.21369058025330456,-0.2569990332886755,0.3363943732420893
CatBoost_C1,agro_soil__clay__gradient_0_30_minus_30_60,soil_profile,16,0.2110288760222827,0.2110288760222827,1.0,-0.004878048780487806,0.09677700348432058,0.5625,-0.14407665505226486,0.14407665505226486,0.9375,-0.14407665505226486,0.14407665505226486,0.9375,-0.311646424737158,0.311646424737158,0.5887322065706688,0.5887322065706688
CatBoost_C1,agro_soil__clay__ratio_0_30_to_30_60,soil_profile,16,0.22491599206435747,0.22491599206435747,1.0,-0.00426829268292683,0.10043554006968644,0.5,-0.12421602787456448,0.12421602787456448,0.875,-0.12421602787456448,0.12421602787456448,0.875,-0.3165535456809825,0.3165535456809825,0.48633016435773874,0.49133371363839734
CatBoost_C1,agro_soil__clay_to_sand,soil_interaction,16,-0.00720097575538693,0.07846603129831015,0.5,-0.09547038327526133,0.09547038327526133,0.875,-0.055313588850174226,0.07909407665505228,0.6875,-0.055313588850174226,0.07909407665505228,0.6875,0.21733128182702655,0.24238520970041583,-0.5681664690503003,0.5681664690503003
CatBoost_C1,agro_soil__clay_x_cec,soil_interaction,16,-0.26705991183320454,0.26705991183320454,0.9375,-0.17752613240418122,0.17752613240418122,0.875,0.017160278745644603,0.06228222996515681,0.75,0.017160278745644603,0.06228222996515681,0.75,0.6054304736246461,0.6054304736246461,-0.7439645279112582,0.7439645279112582
CatBoost_C1,agro_soil__clay_x_soc,soil_interaction,16,0.37803432026268735,0.37803432026268735,1.0,0.030139372822299653,0.12299651567944253,0.6875,-0.005662020905923345,0.036498257839721264,0.5,-0.005662020905923345,0.036498257839721264,0.5,-1.0510514457212337,1.0510514457212337,-0.0385509142793056,0.23678590017838236
CatBoost_C1,agro_soil__fine_fraction,soil_interaction,16,0.12393442607574004,0.12756709366647223,0.75,-0.08676160416397538,0.10409609893749454,0.75,-0.06585652691468359,0.1182953426266267,0.75,-0.06585652691468359,0.1182953426266267,0.75,0.013055322361962956,0.22563770389227394,-0.048581489307427846,0.3219283592332656
CatBoost_C1,agro_soil__nitrogen__gradient_0_30_minus_30_60,soil_profile,16,0.2996135528625663,0.2996135528625663,1.0,0.17295640486443703,0.17295640486443703,0.8125,0.114332168921064,0.114332168921064,0.875,0.114332168921064,0.114332168921064,0.875,-0.8986748275569524,0.8986748275569524,0.5193243349725168,0.5193243349725168
CatBoost_C1,agro_soil__nitrogen__ratio_0_30_to_30_60,soil_profile,16,0.18474833582506112,0.18474833582506112,1.0,0.16472125435540075,0.16881533101045298,0.8125,0.1554878048780488,0.1554878048780488,1.0,0.1554878048780488,0.1554878048780488,1.0,-0.5837610192707193,0.5837610192707193,0.3690794000684008,0.3690794000684008
CatBoost_C1,agro_soil__phh2o__gradient_0_30_minus_30_60,soil_profile,16,0.23438397538885536,0.23438397538885536,0.9375,0.20323255900367304,0.20323255900367304,0.875,-0.08272251210638226,0.11795452610313094,0.625,-0.08272251210638226,0.11795452610313094,0.625,-0.6505835904478745,0.6505835904478745,0.5005992389887358,0.5005992389887358
CatBoost_C1,agro_soil__phh2o__ratio_0_30_to_30_60,soil_profile,16,0.239138976028201,0.239138976028201,0.9375,0.19668989547038332,0.19668989547038332,0.875,-0.07552796205651587,0.11894856736276055,0.625,-0.07552796205651587,0.11894856736276055,0.625,-0.636932858004372,0.636932858004372,0.5158026260119727,0.5158026260119727
CatBoost_C1,agro_soil__phh2o_squared,soil_interaction,16,0.09485934927344218,0.11541691218108271,0.8125,-0.004225796211643575,0.0737934324238824,0.5625,0.09384394633245759,0.11533433531288695,0.8125,0.09384394633245759,0.11533433531288695,0.8125,0.19090505544565173,0.19090505544565173,0.0003941885013627378,0.10458315997179865
CatBoost_C1,agro_soil__sand__gradient_0_30_minus_30_60,soil_profile,16,-0.2526610601054019,0.2526610601054019,1.0,0.017682926829268295,0.08388501742160281,0.5625,0.18466898954703836,0.18466898954703836,1.0,0.18466898954703836,0.18466898954703836,1.0,0.3582216557660522,0.3582216557660522,-0.5014417204733463,0.5014417204733463
CatBoost_C1,agro_soil__sand__ratio_0_30_to_30_60,soil_profile,16,-0.20899477355340865,0.20899477355340865,1.0,0.014024390243902441,0.10191637630662023,0.5625,0.1695993031358885,0.1695993031358885,1.0,0.1695993031358885,0.1695993031358885,1.0,0.30520813205336095,0.30520813205336095,-0.4961463846895045,0.4961463846895045
CatBoost_C1,agro_soil__silt__gradient_0_30_minus_30_60,soil_profile,16,-0.03941405306640054,0.07721678651470595,0.8125,0.007229965156794427,0.0702090592334495,0.5625,-0.02212543554006969,0.07195121951219514,0.625,-0.02212543554006969,0.07195121951219514,0.625,0.09923182975773547,0.14063379913202373,-0.402090843072004,0.40470391011292606
CatBoost_C1,agro_soil__silt__ratio_0_30_to_30_60,soil_profile,16,-0.07359225196560419,0.076169828608385,0.8125,0.01393728222996516,0.07177700348432056,0.5625,0.009233449477351918,0.06803135888501743,0.5,0.009233449477351918,0.06803135888501743,0.5,0.15182910638644143,0.15182910638644143,-0.4504674520773836,0.46039945807142224
CatBoost_C1,agro_soil__soc__gradient_0_30_minus_30_60,soil_profile,16,0.3109976753778706,0.3109976753778706,1.0,0.1919896292196382,0.1919896292196382,0.875,-0.028048780487804882,0.10361919815550522,0.625,-0.028048780487804882,0.10361919815550522,0.625,-0.8158730353096426,0.8158730353096426,0.44213487855176103,0.44213487855176103
CatBoost_C1,agro_soil__soc__ratio_0_30_to_30_60,soil_profile,16,0.05335933495387978,0.07788161749200703,0.6875,0.16393728222996518,0.16602787456445994,0.875,-0.02935540069686412,0.05609756097560977,0.6875,-0.02935540069686412,0.05609756097560977,0.6875,-0.2634596277848736,0.37948584458497614,0.19420651767445413,0.2683056772971052
CatBoost_C1,agro_soil__soc_x_cec,soil_interaction,16,0.4041653019391046,0.4041653019391046,1.0,0.09189895470383277,0.12273519163763069,0.625,-0.023432055749128922,0.12508710801393733,0.5625,-0.023432055749128922,0.12508710801393733,0.5625,-0.9612015404782347,0.9612015404782347,0.5625085112013273,0.5625085112013273
CatBoost_C1,agro_soil__soc_x_nitrogen,soil_interaction,16,0.4762956353933837,0.4762956353933837,1.0,0.14764808362369342,0.14764808362369342,0.875,-0.03423344947735193,0.10566202090592337,0.5625,-0.03423344947735193,0.10566202090592337,0.5625,-1.2338907233222751,1.2338907233222751,0.6184944629015128,0.6184944629015128
CatBoost_C1,agro_thermal__2025__dtr_m04,thermal,16,-0.6717853650138956,0.6717853650138956,1.0,-0.13980277344038647,0.16567456880620035,0.75,0.043291023713587645,0.08331702160471231,0.6875,0.043291023713587645,0.08331702160471231,0.6875,1.761252446126945,1.761252446126945,-0.6145894581901479,0.6145894581901479
CatBoost_C1,agro_thermal__2025__dtr_m05,thermal,16,-0.6874819264966175,0.6874819264966175,1.0,-0.14845117362640764,0.16016788675674093,0.75,0.028358189374702518,0.07640363354709918,0.6875,0.028358189374702518,0.07640363354709918,0.6875,1.5990188470285354,1.5990188470285354,-0.6545048020122223,0.6545048020122223
CatBoost_C1,agro_thermal__2025__dtr_m06,thermal,16,-0.6693678731229282,0.6693678731229282,1.0,-0.14809988655113598,0.16119434864203325,0.75,0.05257182195522643,0.08869848790999052,0.75,0.05257182195522643,0.08869848790999052,0.75,1.6938920203754628,1.6938920203754628,-0.5586858349489342,0.5586858349489342
CatBoost_C1,agro_thermal__2025__dtr_m07,thermal,16,-0.5774415201901397,0.5774415201901397,1.0,-0.11027194825596243,0.14654468406660429,0.75,0.07957598018713247,0.11408652412578782,0.75,0.07957598018713247,0.11408652412578782,0.75,1.6282344262881057,1.6282344262881057,-0.5389074179810344,0.5389074179810344
CatBoost_C1,agro_thermal__2025__dtr_m08,thermal,16,-0.5668117895754692,0.5668117895754692,1.0,-0.12166575666543628,0.1422335510861616,0.75,0.11752302105272597,0.12308625129470285,0.8125,0.11752302105272597,0.12308625129470285,0.8125,1.5598154961938864,1.5598154961938864,-0.5124041764338281,0.5124041764338281
CatBoost_C1,agro_thermal__2025__dtr_m09,thermal,16,-0.6766004959618215,0.6766004959618215,1.0,-0.1577126995646515,0.16270309793945337,0.8125,0.060359886048522354,0.09063988479873822,0.75,0.060359886048522354,0.09063988479873822,0.75,1.6703042738985308,1.6703042738985308,-0.5602879748024517,0.5602879748024517
CatBoost_C1,agro_thermal__2025__dtr_m10,thermal,16,-0.582113087656017,0.582113087656017,1.0,-0.11500239240488305,0.14601416776997161,0.75,0.08354046801049561,0.11630595152569957,0.8125,0.08354046801049561,0.11630595152569957,0.8125,1.630172890579205,1.630172890579205,-0.5440964592444129,0.5440964592444129
CatBoost_C1,agro_thermal__2025__gdd_proxy_base0p0c,thermal,16,0.4559215334303182,0.4559215334303182,1.0,0.06330252014826636,0.17278930536122455,0.625,-0.09623589984223632,0.11565199638004611,0.75,-0.09623589984223632,0.11565199638004611,0.75,-1.2063869020699505,1.2063869020699505,0.32808943079431657,0.32808943079431657
CatBoost_C1,agro_thermal__2025__gdd_proxy_base5p0c,thermal,16,0.4559215334303182,0.4559215334303182,1.0,0.06330252014826636,0.17278930536122455,0.625,-0.09623589984223632,0.11565199638004611,0.75,-0.09623589984223632,0.11565199638004611,0.75,-1.20638690206995,1.20638690206995,0.32808943079431696,0.32808943079431696
CatBoost_C1,agro_thermal__2025__season_dtr,thermal,16,-0.6681779193186046,0.6681779193186046,1.0,-0.14809988655113598,0.1649795518929723,0.75,0.05257182195522643,0.0884045521384329,0.75,0.05257182195522643,0.0884045521384329,0.75,1.7287039223531329,1.7287039223531329,-0.5895750220010864,0.5895750220010864
CatBoost_C1,agro_thermal__2025__season_tmean,thermal,16,0.4559215334303182,0.4559215334303182,1.0,0.06330252014826636,0.17278930536122455,0.625,-0.09623589984223632,0.11565199638004611,0.75,-0.09623589984223632,0.11565199638004611,0.75,-1.2065062953929113,1.2065062953929113,0.32830978966160496,0.32830978966160496
CatBoost_C1,agro_thermal__2025__tmean_m04,thermal,16,0.6803654087760184,0.6803654087760184,1.0,0.15833573593061517,0.17001924070999275,0.8125,-0.049572588110932986,0.062237857660363535,0.75,-0.049572588110932986,0.062237857660363535,0.75,-1.6308880361220708,1.6308880361220708,0.583235744441414,0.583235744441414
CatBoost_C1,agro_thermal__2025__tmean_m05,thermal,16,0.504615539986196,0.504615539986196,1.0,0.10409529055670966,0.14472492586289123,0.75,-0.08198302053153753,0.10912295660802582,0.8125,-0.08198302053153753,0.10912295660802582,0.8125,-1.5372741747793413,1.5372741747793413,0.5006023982105129,0.5006023982105129
CatBoost_C1,agro_thermal__2025__tmean_m06,thermal,16,0.4437026228029549,0.4437026228029549,1.0,0.048747244863507594,0.15588459100631602,0.625,-0.10170329348715879,0.12130170862817977,0.8125,-0.10170329348715879,0.12130170862817977,0.8125,-0.9945553879971842,0.9945553879971842,0.24198723750564352,0.30624684462789936
CatBoost_C1,agro_thermal__2025__tmean_m07,thermal,16,0.2946160285180578,0.2946160285180578,1.0,0.01972666431606911,0.14025307301575607,0.5,-0.12635200385721812,0.12635200385721812,0.6875,-0.12635200385721812,0.12635200385721812,0.6875,-0.9914611770044095,0.9914611770044095,0.21425381068842364,0.29067627425941167
CatBoost_C1,agro_thermal__2025__tmean_m08,thermal,16,0.3487819257773359,0.3487819257773359,1.0,0.03261160833275069,0.15391734409377453,0.5,-0.1262932112420944,0.1352843872542822,0.8125,-0.1262932112420944,0.1352843872542822,0.8125,-1.0217153115220245,1.0217153115220245,0.24118341594511114,0.305134901462266
CatBoost_C1,agro_thermal__2025__tmean_m09,thermal,16,0.20970336145429405,0.20970336145429405,1.0,0.01075399017429369,0.19351282238901596,0.5,-0.07365956646872174,0.09514389059200903,0.625,-0.07365956646872174,0.09514389059200903,0.625,-0.6858495121129045,0.6858495121129045,0.05931212675642601,0.31261435778710756
CatBoost_C1,agro_thermal__2025__tmean_m10,thermal,16,0.4250131063432251,0.4250131063432251,1.0,0.04649217447900475,0.1609402528700093,0.625,-0.04724816734015554,0.09654497044052121,0.6875,-0.04724816734015554,0.09654497044052121,0.6875,-1.0130536325023272,1.0130536325023272,0.22628013731188884,0.29623786872144015
CatBoost_C1,agro_thermal__historical__dtr_m04,thermal,16,-0.682089939740042,0.682089939740042,1.0,-0.15051182004531882,0.16681143209648774,0.8125,0.03906374579546101,0.08261197329038025,0.6875,0.03906374579546101,0.08261197329038025,0.6875,1.7325080569540188,1.7325080569540188,-0.6473790083738404,0.6473790083738404
CatBoost_C1,agro_thermal__historical__dtr_m05,thermal,16,-0.6998161766469377,0.6998161766469377,1.0,-0.16375907723020844,0.17751932774570717,0.75,0.017518600012532463,0.06230643354863563,0.625,0.017518600012532463,0.06230643354863563,0.625,1.7795847085024539,1.7795847085024539,-0.6445856078803687,0.6445856078803687
CatBoost_C1,agro_thermal__historical__dtr_m06,thermal,16,-0.671096885184812,0.671096885184812,1.0,-0.14536561126967668,0.169595223778262,0.75,0.054424890913611274,0.08755209985766102,0.75,0.054424890913611274,0.08755209985766102,0.75,1.7464169021875704,1.7464169021875704,-0.5968670576989769,0.5968670576989769
CatBoost_C1,agro_thermal__historical__dtr_m07,thermal,16,-0.6732055962264838,0.6732055962264838,1.0,-0.14174347560081835,0.15293461251028034,0.8125,0.08456553096839037,0.11479257020071593,0.75,0.08456553096839037,0.11479257020071593,0.75,1.6781891037493297,1.6781891037493297,-0.562572763240675,0.562572763240675
CatBoost_C1,agro_thermal__historical__dtr_m08,thermal,16,-0.5801275960016983,0.5801275960016983,1.0,-0.1148085589792428,0.14011273149130193,0.75,0.1071199040838554,0.1253548869428156,0.8125,0.1071199040838554,0.1253548869428156,0.8125,1.5922688908092182,1.5922688908092182,-0.5232630872028774,0.5232630872028774
CatBoost_C1,agro_thermal__historical__dtr_m09,thermal,16,-0.6732055962264838,0.6732055962264838,1.0,-0.14263188989929015,0.15372295773074326,0.8125,0.08483003055744621,0.11267468268571842,0.75,0.08483003055744621,0.11267468268571842,0.75,1.640029028315392,1.640029028315392,-0.5410402929353096,0.5410402929353096
CatBoost_C1,agro_thermal__historical__dtr_m10,thermal,16,-0.5903159374301588,0.5903159374301588,1.0,-0.1342265276307567,0.16638136760905106,0.8125,0.10246485010446352,0.11595242477349971,0.75,0.10246485010446352,0.11595242477349971,0.75,1.6335750768112127,1.6335750768112127,-0.5488761847592505,0.5488761847592505
CatBoost_C1,agro_thermal__historical__gdd_proxy_base0p0c,thermal,16,0.428304776375256,0.428304776375256,1.0,0.037639420319748276,0.16343773108114132,0.5625,-0.09306731559602013,0.12746868968674469,0.75,-0.09306731559602013,0.12746868968674469,0.75,-1.0182812544941933,1.0182812544941933,0.2679397772944997,0.360637503950439
CatBoost_C1,agro_thermal__historical__gdd_proxy_base5p0c,thermal,16,0.428304776375256,0.428304776375256,1.0,0.037639420319748276,0.16343773108114132,0.5625,-0.09306731559602013,0.12746868968674469,0.75,-0.09306731559602013,0.12746868968674469,0.75,-1.0182812544941808,1.0182812544941808,0.26793977729449986,0.3606375039504405
CatBoost_C1,agro_thermal__historical__season_dtr,thermal,16,-0.6693678731229282,0.6693678731229282,1.0,-0.14845329457735423,0.1619003111470324,0.75,0.05287194483082835,0.08928251014659101,0.75,0.05287194483082835,0.08928251014659101,0.75,1.732571465392906,1.732571465392906,-0.5907266934200319,0.5907266934200319
CatBoost_C1,agro_thermal__historical__season_tmean,thermal,16,0.428304776375256,0.428304776375256,1.0,0.037639420319748276,0.16343773108114132,0.5625,-0.09306731559602013,0.12746868968674469,0.75,-0.09306731559602013,0.12746868968674469,0.75,-1.0198965263798032,1.0198965263798032,0.2688351623171476,0.35875771941270956
CatBoost_C1,agro_thermal__historical__tmean_m04,thermal,16,0.673860977626086,0.673860977626086,1.0,0.15725980648112653,0.16770437750373812,0.75,-0.048513762473133853,0.06882473549153116,0.75,-0.048513762473133853,0.06882473549153116,0.75,-1.5964134125041605,1.5964134125041605,0.5386696238678917,0.5386696238678917
CatBoost_C1,agro_thermal__historical__tmean_m05,thermal,16,0.5801351928379657,0.5801351928379657,1.0,0.12352152525411744,0.14337149554109357,0.75,-0.07100995441311755,0.089419027334501,0.75,-0.07100995441311755,0.089419027334501,0.75,-1.5315446403372819,1.5315446403372819,0.5111206266417497,0.5111206266417497
CatBoost_C1,agro_thermal__historical__tmean_m06,thermal,16,0.4318839572247331,0.4318839572247331,1.0,0.040335869339575364,0.1675165482640168,0.5625,-0.08425012822527478,0.11664599093720092,0.75,-0.08425012822527478,0.11664599093720092,0.75,-0.8956510425898421,0.8956510425898421,0.23957548866775244,0.35600210238691976
CatBoost_C1,agro_thermal__historical__tmean_m07,thermal,16,0.22266929751743675,0.22266929751743675,1.0,0.009525759729904347,0.19293620687516566,0.5,-0.07585966500077554,0.08949927042038697,0.6875,-0.07585966500077554,0.08949927042038697,0.6875,-0.7749542705003715,0.7749542705003715,0.10476353948733995,0.25592108134854297
CatBoost_C1,agro_thermal__historical__tmean_m08,thermal,16,0.20970521138739762,0.20970521138739762,1.0,-0.00587499026882814,0.19251756839341505,0.5,-0.0592727326906209,0.09403915143087438,0.625,-0.0592727326906209,0.09403915143087438,0.625,-0.6748310466684915,0.6748310466684915,0.06959938857553588,0.297270937737394
CatBoost_C1,agro_thermal__historical__tmean_m09,thermal,16,0.06877476615350138,0.09603709771076219,0.75,-0.07534476718572622,0.13717127868836476,0.625,-0.053868393316602176,0.10694101870785935,0.625,-0.053868393316602176,0.10694101870785935,0.625,-0.029936979254213427,0.32747654333216947,-0.22429907829002005,0.44058081055219966
CatBoost_C1,agro_thermal__historical__tmean_m10,thermal,16,0.034347213224476536,0.10602783755741155,0.6875,-0.06412525942224823,0.13892730264758804,0.6875,-0.019997765610168514,0.08700354385877364,0.5,-0.019997765610168514,0.08700354385877364,0.5,0.15722973937903978,0.3324417950219317,-0.21983021118733514,0.4730900525666559
CatBoost_C1,agro_water__2025__aeti_per_precip_m04,water_productivity,16,0.40617364149924295,0.40617364149924295,1.0,0.08267370273491507,0.12670693859486087,0.75,-0.02487038895468538,0.08868595497708291,0.5,-0.02487038895468538,0.08868595497708291,0.5,-0.7222461944611378,0.7222461944611378,0.8714406354505865,0.8714406354505865
CatBoost_C1,agro_water__2025__aeti_per_precip_m05,water_productivity,16,0.6155704300330681,0.6155704300330681,1.0,0.18614982578397216,0.18614982578397216,0.875,-0.07473867595818817,0.0878919860627178,0.75,-0.07473867595818817,0.0878919860627178,0.75,-1.1615547803656883,1.1615547803656883,0.875027157048628,0.875027157048628
CatBoost_C1,agro_water__2025__aeti_per_precip_m06,water_productivity,16,0.4288855206985497,0.4288855206985497,1.0,0.11599370912715744,0.13005808541617847,0.625,0.02957451774329448,0.0834138255010149,0.5625,0.02957451774329448,0.0834138255010149,0.5625,-0.45472223178684934,0.45472223178684934,0.5532225393501942,0.5532225393501942
CatBoost_C1,agro_water__2025__aeti_per_precip_m07,water_productivity,16,-0.04417781072117358,0.04417781072117358,0.9375,-0.04851916376306621,0.10017421602787457,0.625,0.02630662020905924,0.09904181184668992,0.5625,0.02630662020905924,0.09904181184668992,0.5625,0.39711977728968617,0.39711977728968617,-0.004151259958179726,0.16362936263677513
CatBoost_C1,agro_water__2025__aeti_per_precip_m08,water_productivity,16,-0.1485624976829687,0.1485624976829687,0.9375,-0.052264808362369346,0.07578397212543556,0.5625,0.03606271777003485,0.09346689895470384,0.5625,0.03606271777003485,0.09346689895470384,0.5625,0.5691832213832018,0.5691832213832018,-0.053024390584778924,0.1148292454238131
CatBoost_C1,agro_water__2025__aeti_per_precip_m09,water_productivity,16,0.18460554448477434,0.18460554448477434,1.0,-0.012195558392640783,0.11324535051466754,0.5625,0.06045667439021537,0.07426113558633632,0.75,0.06045667439021537,0.07426113558633632,0.75,-0.02447376076513996,0.24070939741591074,0.3355452167472794,0.3355452167472794
CatBoost_C1,agro_water__2025__aeti_per_precip_m10,water_productivity,16,-0.5303157359726118,0.5303157359726118,1.0,-0.1338850174216028,0.16367948674851224,0.75,0.029703832752613242,0.07421602787456447,0.6875,0.029703832752613242,0.07421602787456447,0.6875,1.4478587477056797,1.4478587477056797,-0.4501604017320055,0.4501604017320055
CatBoost_C1,agro_water__2025__aeti_per_precip_season,water_productivity,16,0.19360291908287464,0.19360291908287464,1.0,0.048606271777003496,0.09808362369337982,0.5625,0.0007839721254355404,0.10827526132404183,0.5,0.0007839721254355404,0.10827526132404183,0.5,0.03148563343834812,0.15556357882147417,0.4583855395117552,0.4583855395117552
CatBoost_C1,agro_water__2025__lai_mean_x_aeti_season,water_productivity,16,0.01665226481409579,0.07558984847544507,0.5625,0.08005226480836239,0.10722996515679445,0.75,-0.19407665505226485,0.19407665505226485,0.9375,-0.19407665505226485,0.19407665505226485,0.9375,-0.07123250390720563,0.19451666554437186,-0.011330635325633635,0.2823863621670539
CatBoost_C1,agro_water__2025__lai_x_aeti_m04,water_productivity,16,0.43725341424110015,0.43725341424110015,1.0,0.12787456445993034,0.12891986062717772,0.8125,-0.08919860627177702,0.08919860627177702,0.6875,-0.08919860627177702,0.08919860627177702,0.6875,-0.3946213908088385,0.3946213908088385,0.9458530379160498,0.9458530379160498
CatBoost_C1,agro_water__2025__lai_x_aeti_m05,water_productivity,16,0.6264922072989174,0.6264922072989174,1.0,0.16027874564459932,0.17831010452961676,0.75,-0.07351916376306622,0.09137630662020907,0.6875,-0.07351916376306622,0.09137630662020907,0.6875,-0.9019903700530194,0.9019903700530194,0.7572899160678112,0.7572899160678112
CatBoost_C1,agro_water__2025__lai_x_aeti_m06,water_productivity,16,0.531627242244095,0.531627242244095,1.0,0.035801393728223004,0.15418118466898956,0.6875,-0.028919860627177704,0.09224738675958191,0.625,-0.028919860627177704,0.09224738675958191,0.625,-0.7169127537088712,0.7169127537088712,0.6575476907255098,0.6575476907255098
CatBoost_C1,agro_water__2025__lai_x_aeti_m07,water_productivity,16,-0.09260808238258994,0.12989350285683138,0.6875,-0.04224738675958189,0.06541811846689898,0.75,-0.057752613240418124,0.08902439024390246,0.75,-0.057752613240418124,0.08902439024390246,0.75,0.08908546273541311,0.25165057532975443,-0.3152729168263875,0.39947542609027636
CatBoost_C1,agro_water__2025__lai_x_aeti_m08,water_productivity,16,-0.21648474454167033,0.21648474454167033,1.0,0.00740418118466899,0.12099303135888505,0.5,-0.05801393728222998,0.0971254355400697,0.8125,-0.05801393728222998,0.0971254355400697,0.8125,0.4182929687898791,0.5121288595757748,-0.297712710780283,0.43858924188146964
CatBoost_C1,agro_water__2025__lai_x_aeti_m09,water_productivity,16,-0.2540332423472881,0.2540332423472881,1.0,0.025435540069686416,0.12804878048780488,0.6875,-0.1451219512195122,0.1451219512195122,0.8125,-0.1451219512195122,0.1451219512195122,0.8125,0.21694099747670548,0.2414664254202143,-0.28433417049735027,0.4559782711358566
CatBoost_C1,agro_water__2025__lai_x_aeti_m10,water_productivity,16,0.12843209090913488,0.13766018973426689,0.8125,-0.04033101045296168,0.12020905923344949,0.6875,-0.021515679442508713,0.08353658536585368,0.625,-0.021515679442508713,0.08353658536585368,0.625,-0.4218633345031833,0.4218633345031833,0.39909415225319245,0.473912636185905
CatBoost_C1,agro_water__2025__npp_per_aeti_m04,water_productivity,16,0.5633464207367014,0.5633464207367014,1.0,0.26951219512195124,0.26951219512195124,0.875,-0.09250871080139375,0.09250871080139375,0.8125,-0.09250871080139375,0.09250871080139375,0.8125,-0.9537867095259231,0.9537867095259231,1.002680866372345,1.002680866372345
CatBoost_C1,agro_water__2025__npp_per_aeti_m05,water_productivity,16,0.5967362788607102,0.5967362788607102,1.0,0.229616724738676,0.229616724738676,0.875,-0.11376306620209062,0.11376306620209062,0.875,-0.11376306620209062,0.11376306620209062,0.875,-0.9425012651260753,0.9425012651260753,1.084256025306376,1.084256025306376
CatBoost_C1,agro_water__2025__npp_per_aeti_m06,water_productivity,16,0.12050083670588241,0.12050083670588241,0.9375,0.05705574912891987,0.10688153310104531,0.75,-0.043031358885017426,0.06071428571428573,0.75,-0.043031358885017426,0.06071428571428573,0.75,-0.02172799847803688,0.20317837146091883,0.8776145801273053,0.8776145801273053
CatBoost_C1,agro_water__2025__npp_per_aeti_m07,water_productivity,16,-0.09059536034719781,0.13636700707632765,0.625,-0.010714285714285714,0.11411149825783976,0.5,0.06297909407665506,0.0922473867595819,0.8125,0.06297909407665506,0.0922473867595819,0.8125,0.4656828631338715,0.4656828631338715,0.4660608228317694,0.4660608228317694
CatBoost_C1,agro_water__2025__npp_per_aeti_m08,water_productivity,16,0.12268758909943617,0.12702421431506072,0.6875,-0.03031358885017422,0.15270034843205577,0.625,0.12926829268292686,0.14059233449477354,0.75,0.12926829268292686,0.14059233449477354,0.75,0.15552314464580974,0.2527616084934337,0.5332166688383028,0.5332166688383028
CatBoost_C1,agro_water__2025__npp_per_aeti_m09,water_productivity,16,0.08549001167359987,0.1117302229386775,0.6875,0.0186411149825784,0.11463414634146345,0.625,0.0451219512195122,0.05958188153310106,0.625,0.0451219512195122,0.05958188153310106,0.625,-0.10905244485825547,0.24161806734910468,0.4673863217811002,0.4673863217811002
CatBoost_C1,agro_water__2025__npp_per_aeti_m10,water_productivity,16,-0.10114466121468647,0.1237199360406984,0.6875,-0.024651567944250878,0.13614982578397217,0.5625,0.04189895470383276,0.06611498257839724,0.75,0.04189895470383276,0.06611498257839724,0.75,0.2192684060391339,0.2192684060391339,0.42763406097149986,0.42763406097149986
CatBoost_C1,agro_water__2025__npp_per_aeti_season,water_productivity,16,0.1609825587660118,0.1609825587660118,0.9375,0.0849303135888502,0.10993031358885019,0.6875,-0.009059233449477353,0.05879790940766552,0.5,-0.009059233449477353,0.05879790940766552,0.5,-0.1955199232667117,0.19770705737185068,0.8653973368811708,0.8653973368811708
CatBoost_C1,agro_water__2025__npp_x_ndvi_m04,water_productivity,16,0.40075289746073783,0.40075289746073783,1.0,0.1859756097560976,0.1859756097560976,0.9375,-0.0799651567944251,0.0799651567944251,0.75,-0.0799651567944251,0.0799651567944251,0.75,-0.6666567377562305,0.6666567377562305,1.209009281840165,1.209009281840165
CatBoost_C1,agro_water__2025__npp_x_ndvi_m05,water_productivity,16,0.5150449747921382,0.5150449747921382,1.0,0.20043554006968645,0.20043554006968645,0.875,-0.1300522648083624,0.1300522648083624,0.8125,-0.1300522648083624,0.1300522648083624,0.8125,-0.7678729971610512,0.7678729971610512,1.1647000933319087,1.1647000933319087
CatBoost_C1,agro_water__2025__npp_x_ndvi_m06,water_productivity,16,0.5005145369770315,0.5005145369770315,1.0,0.07421602787456447,0.11533101045296171,0.625,-0.12064459930313592,0.1452090592334495,0.75,-0.12064459930313592,0.1452090592334495,0.75,-0.7543299708198201,0.7543299708198201,0.8646274954151867,0.8646274954151867
CatBoost_C1,agro_water__2025__npp_x_ndvi_m07,water_productivity,16,-0.16451643028936314,0.16451643028936314,0.9375,-0.10104529616724742,0.12743902439024393,0.6875,-0.07012195121951222,0.08902439024390246,0.75,-0.07012195121951222,0.08902439024390246,0.75,0.23133164112350119,0.3136407649042084,-0.3169554617885488,0.34607450927254857
CatBoost_C1,agro_water__2025__npp_x_ndvi_m08,water_productivity,16,-0.25525027983901233,0.25525027983901233,1.0,-0.041027874564459936,0.11890243902439027,0.5625,-0.05418118466898955,0.09738675958188156,0.8125,-0.05418118466898955,0.09738675958188156,0.8125,0.5545027714796325,0.5560387350201186,-0.306953468607929,0.3351318512247431
CatBoost_C1,agro_water__2025__npp_x_ndvi_m09,water_productivity,16,-0.4246298218497169,0.4246298218497169,1.0,0.005226480836236935,0.11628919860627179,0.5,0.007839721254355402,0.1187282229965157,0.5625,0.007839721254355402,0.1187282229965157,0.5625,0.5704271124650736,0.5704271124650736,-0.29816885636869217,0.35388657390200084
CatBoost_C1,agro_water__2025__npp_x_ndvi_m10,water_productivity,16,0.0926879705371319,0.10111142663413825,0.625,-0.012717770034843208,0.11263066202090594,0.5625,-0.00461672473867596,0.07578397212543556,0.5625,-0.00461672473867596,0.07578397212543556,0.5625,-0.16966520479324537,0.2579261347232006,0.342032086365184,0.37452649992345227
CatBoost_C1,agro_water__2025__npp_x_ndvi_mean_season,water_productivity,16,0.07932708333516297,0.12133809745506467,0.75,0.1030487804878049,0.1491289198606272,0.75,-0.16968641114982583,0.16968641114982583,0.8125,-0.16968641114982583,0.16968641114982583,0.8125,-0.1591937083416705,0.22585956149057015,0.5711622201081036,0.5711622201081036
CatBoost_C1,agro_water__2025__precip_early_sum,water_timing,16,-0.6578184804199381,0.6578184804199381,1.0,-0.16601788647076324,0.17772425240501355,0.8125,-0.059521297115405464,0.081077883576745,0.6875,-0.059521297115405464,0.081077883576745,0.6875,0.8984680694836855,0.8984680694836855,-0.6833176503028701,0.6833176503028701
CatBoost_C1,agro_water__2025__precip_late_fraction,water_timing,16,0.41922417287001,0.41922417287001,1.0,0.12554857130116967,0.16165945083600103,0.8125,-0.12544732082407947,0.12544732082407947,0.875,-0.12544732082407947,0.12544732082407947,0.875,-1.4773243849091324,1.4773243849091324,0.42427506869968823,0.42427506869968823
CatBoost_C1,agro_water__2025__precip_late_sum,water_timing,16,-0.03995869809290198,0.059788603153829195,0.9375,0.007373569898939478,0.1512084339069227,0.5,-0.06089320409270722,0.09961259174890821,0.625,-0.06089320409270722,0.09961259174890821,0.625,-0.24388875625536038,0.3382654789405025,-0.3508423912434109,0.3508423912434109
CatBoost_C1,agro_water__2025__precip_mid_sum,water_timing,16,-0.3158850336874536,0.3158850336874536,1.0,-0.08655048024037104,0.1540005884901906,0.5625,-0.10344010221043712,0.13043405723176626,0.6875,-0.10344010221043712,0.13043405723176626,0.6875,0.08852159671099259,0.1759679339376904,-0.4904426614195883,0.4904426614195883
CatBoost_C1,agro_water__2025__precip_minus_aeti_m04,water_productivity,16,-0.28016201888271897,0.28016201888271897,1.0,-0.08693541042355019,0.13280501560772084,0.75,0.05183461106188826,0.0720009946343079,0.6875,0.05183461106188826,0.0720009946343079,0.6875,0.6026762494574904,0.6026762494574904,-0.7630207220170491,0.7630207220170491
CatBoost_C1,agro_water__2025__precip_minus_aeti_m05,water_productivity,16,-0.7052739997327357,0.7052739997327357,1.0,-0.1688627341835336,0.1688627341835336,0.8125,0.01132404181184669,0.054749771383437354,0.5625,0.01132404181184669,0.054749771383437354,0.5625,1.568179013267045,1.568179013267045,-0.8106569158537117,0.8106569158537117
CatBoost_C1,agro_water__2025__precip_minus_aeti_m06,water_productivity,16,-0.4346414547201183,0.4346414547201183,1.0,-0.11673246770698092,0.12627977822733347,0.625,-0.07443704001137186,0.09347094378386417,0.6875,-0.07443704001137186,0.09347094378386417,0.6875,0.3148376980759518,0.3148376980759518,-0.5781882205379947,0.5781882205379947
CatBoost_C1,agro_water__2025__precip_minus_aeti_m07,water_productivity,16,-0.07098670235906618,0.07098670235906618,0.9375,0.010104529616724742,0.12743902439024393,0.5625,-0.049390243902439034,0.10322299651567947,0.5625,-0.049390243902439034,0.10322299651567947,0.5625,-0.2414417217295595,0.2475232218785491,-0.24934985900142262,0.2605238458648819
CatBoost_C1,agro_water__2025__precip_minus_aeti_m08,water_productivity,16,0.0264879178571586,0.051568775718711594,0.8125,-0.01202090592334495,0.11803135888501745,0.5,-0.0426829268292683,0.07961672473867598,0.625,-0.0426829268292683,0.07961672473867598,0.625,-0.37235568114451845,0.37235568114451845,-0.19866099773286722,0.19866099773286722
CatBoost_C1,agro_water__2025__precip_minus_aeti_m09,water_productivity,16,-0.2769872392365228,0.2769872392365228,1.0,-0.028528622061030844,0.1259581881533101,0.625,-0.08471588641938245,0.0956445993031359,0.75,-0.08471588641938245,0.0956445993031359,0.75,0.20060429525069395,0.23321506836370792,-0.455013704129992,0.455013704129992
CatBoost_C1,agro_water__2025__precip_minus_aeti_m10,water_productivity,16,0.4910447497714646,0.4910447497714646,1.0,0.13345273273340882,0.1800522648083624,0.6875,-0.07238675958188154,0.09416376306620211,0.8125,-0.07238675958188154,0.09416376306620211,0.8125,-1.5085161772386766,1.5085161772386766,0.37186304841772305,0.37186304841772305
CatBoost_C1,agro_water__2025__precip_minus_aeti_season,water_productivity,16,-0.36032319161536985,0.36032319161536985,1.0,-0.09808362369337982,0.1493031358885018,0.625,-0.07831010452961674,0.09224738675958191,0.6875,-0.07831010452961674,0.09224738675958191,0.6875,0.11881351311253294,0.18125138389027814,-0.5327111993527615,0.5327111993527615
CatBoost_C1,agro_water__2025__precip_season_cv,water_timing,16,-0.6421822206322552,0.6421822206322552,1.0,-0.1389776628104013,0.14666110659842574,0.8125,-0.04857772911724078,0.0967606291583959,0.625,-0.04857772911724078,0.0967606291583959,0.625,1.1395440846618625,1.1395440846618625,-0.6210537183652292,0.6210537183652292
CatBoost_C1,agro_water__historical__precip_early_sum,water_timing,16,-0.3791301906242013,0.3791301906242013,1.0,-0.08717557587393789,0.15093823447270371,0.625,-0.07083610241407814,0.11261229254160343,0.6875,-0.07083610241407814,0.11261229254160343,0.6875,0.29440259695872417,0.31115628460637557,-0.43953781315270674,0.43953781315270674
CatBoost_C1,agro_water__historical__precip_late_fraction,water_timing,16,0.3340106037378065,0.3340106037378065,1.0,0.025215176816480164,0.1247130491948008,0.625,-0.11647885389854203,0.11884738215524757,0.75,-0.11647885389854203,0.11884738215524757,0.75,-1.3300302414766687,1.3300302414766687,0.2585500899239678,0.2585500899239678
CatBoost_C1,agro_water__historical__precip_late_sum,water_timing,16,-0.04899037169557761,0.08258798135551836,0.625,0.007545096558435381,0.152360710162794,0.5625,-0.03787701790430044,0.0903635902106542,0.625,-0.03787701790430044,0.0903635902106542,0.625,-0.23816943582908828,0.254048173885038,-0.30321802030427986,0.31409005743249685
CatBoost_C1,agro_water__historical__precip_mid_sum,water_timing,16,-0.30960330443088824,0.30960330443088824,1.0,-0.06221043226043861,0.1499934242996049,0.5625,-0.0781845820438392,0.1034361162218759,0.6875,-0.0781845820438392,0.1034361162218759,0.6875,0.01915662680817444,0.12400457429596826,-0.33661140937694617,0.33661140937694617
CatBoost_C1,agro_water__historical__precip_season_cv,water_timing,16,-0.6150751343648666,0.6150751343648666,1.0,-0.11077288634090732,0.11816306339392685,0.8125,0.028368476935392465,0.0756169559457788,0.5625,0.028368476935392465,0.0756169559457788,0.5625,0.5927672608727252,0.5927672608727252,-0.4175614445015739,0.4175614445015739
Local04D,agro_anomaly__landsat_vi6t__auc_delta,phenology_anomaly,16,0.09194287980255075,0.09194287980255075,0.8125,0.040156794425087114,0.08371080139372823,0.6875,0.055487804878048795,0.11454703832752616,0.5625,0.055487804878048795,0.11454703832752616,0.5625,0.3136969975870667,0.3136969975870667,0.2515128517137163,0.3045649720652141
Local04D,agro_anomaly__landsat_vi6t__august_delta,phenology_anomaly,16,-0.26092317045547003,0.26092317045547003,0.9375,0.007011927634311111,0.09921602787456449,0.5,0.12265303910857461,0.12265303910857461,0.875,0.12265303910857461,0.12265303910857461,0.875,0.4637736501007167,0.5046623065474436,-0.24169530094664232,0.24287033369973982
Local04D,agro_anomaly__landsat_vi6t__late_season_delta,phenology_anomaly,16,-0.13315564311090372,0.13315564311090372,0.9375,0.10836236933797913,0.16681184668989552,0.6875,-0.02735191637630663,0.10574912891986066,0.5,-0.02735191637630663,0.10574912891986066,0.5,0.1660376764970777,0.2326520839941458,0.007204648104733678,0.24610255289375413
Local04D,agro_anomaly__landsat_vi6t__peak_month_shift,phenology_anomaly,16,-0.21199510784996817,0.21199510784996817,0.9375,-0.021395225776808663,0.05911114379525528,0.5625,0.029094172087584254,0.07088501685148538,0.625,0.029094172087584254,0.07088501685148538,0.625,0.27998173708702423,0.27998173708702423,-0.11892494392201687,0.33030555417661567
Local04D,agro_anomaly__landsat_vi6t__season_mean_delta,phenology_anomaly,16,0.09739343138530178,0.10657022806791247,0.75,0.06689895470383275,0.08414634146341465,0.625,0.023432055749128926,0.12090592334494776,0.5625,0.023432055749128926,0.12090592334494776,0.5625,0.38067065960380725,0.38067065960380725,0.26648206460312723,0.3140773362131018
Local04D,agro_anomaly__landsat_vi6t__season_mean_ratio,phenology_anomaly,16,-0.06550029444683053,0.09683314570351717,0.75,-0.04468641114982579,0.09512195121951222,0.6875,-0.031968641114982585,0.1137630662020906,0.5625,-0.031968641114982585,0.1137630662020906,0.5625,-0.3855927323683642,0.3855927323683642,-0.24857568222631043,0.29723921136449266
Local04D,agro_anomaly__s2_evi__auc_delta,phenology_anomaly,16,0.18305359469518884,0.18305359469518884,1.0,-0.047648083623693396,0.06071428571428573,0.6875,-0.2109756097560976,0.2109756097560976,1.0,-0.2109756097560976,0.2109756097560976,1.0,-0.14848707926344298,0.18600761337307548,0.10111785522092714,0.11575819207032055
Local04D,agro_anomaly__s2_evi__august_delta,phenology_anomaly,16,0.12253457055384898,0.12253457055384898,0.9375,-0.11698606271777007,0.11698606271777007,0.8125,-0.09834494773519165,0.09834494773519165,0.875,-0.09834494773519165,0.09834494773519165,0.875,-0.04726288210980374,0.20048460441038438,0.11151695655557828,0.17469555115250965
Local04D,agro_anomaly__s2_evi__late_season_delta,phenology_anomaly,16,0.1881232912553678,0.1881232912553678,1.0,-0.08188153310104532,0.08945993031358887,0.875,-0.05958188153310105,0.07883275261324044,0.6875,-0.05958188153310105,0.07883275261324044,0.6875,-0.6282568347753641,0.6282568347753641,0.3918473126226761,0.3918473126226761
Local04D,agro_anomaly__s2_evi__peak_month_shift,phenology_anomaly,16,-0.02911487241102108,0.08043439117452476,0.625,-0.040750124275707976,0.06723319913813738,0.5625,-0.016800236298476694,0.07386648661237145,0.5625,-0.016800236298476694,0.07386648661237145,0.5625,0.052945473599416606,0.20894319182955215,-0.07623588938027417,0.21771681519991762
Local04D,agro_anomaly__s2_evi__season_mean_delta,phenology_anomaly,16,0.23151727736461514,0.23151727736461514,1.0,-0.06306620209059235,0.07874564459930315,0.6875,-0.20444250871080144,0.20444250871080144,1.0,-0.20444250871080144,0.20444250871080144,1.0,-0.3141034067743923,0.3141034067743923,0.1948071037968057,0.21549948944609598
Local04D,agro_anomaly__s2_evi__season_mean_ratio,phenology_anomaly,16,0.20134715477077741,0.20134715477077741,1.0,-0.07351916376306622,0.07351916376306622,0.75,-0.19015679442508715,0.19015679442508715,1.0,-0.19015679442508715,0.19015679442508715,1.0,-0.30338679277830083,0.30338679277830083,0.21682678538021666,0.21682678538021666
Local04D,agro_anomaly__s2_fapar__auc_delta,phenology_anomaly,16,0.2138205113949127,0.2138205113949127,1.0,-0.047735191637630674,0.054790940766550535,0.75,-0.1595818815331011,0.1595818815331011,1.0,-0.1595818815331011,0.1595818815331011,1.0,-0.23223007902225806,0.23223007902225806,0.17528911822067775,0.2003121505180635
Local04D,agro_anomaly__s2_fapar__august_delta,phenology_anomaly,16,0.11571135648260841,0.11571135648260841,1.0,-0.08693379790940768,0.08693379790940768,0.8125,-0.09233449477351918,0.09233449477351918,0.875,-0.09233449477351918,0.09233449477351918,0.875,-0.0669271157973032,0.1761658756064513,0.13176996011471667,0.13176996011471667
Local04D,agro_anomaly__s2_fapar__late_season_delta,phenology_anomaly,16,0.19802351759151665,0.19802351759151665,1.0,-0.14494773519163767,0.15174216027874568,0.8125,0.004442508710801395,0.06898954703832755,0.5625,0.004442508710801395,0.06898954703832755,0.5625,-0.605089905908921,0.605089905908921,0.41476256588331406,0.4218904901309393
Local04D,agro_anomaly__s2_fapar__peak_month_shift,phenology_anomaly,16,0.09649956404877091,0.14627068025725384,0.8125,0.07062977741066045,0.14438391292309355,0.625,0.018374992965596394,0.051566970424981526,0.625,0.018374992965596394,0.051566970424981526,0.625,-0.19534568027781185,0.23753964275223008,0.21660718189517209,0.39999999999999997
Local04D,agro_anomaly__s2_fapar__season_mean_delta,phenology_anomaly,16,0.27517972190847906,0.27517972190847906,1.0,-0.11141114982578398,0.11219512195121953,0.6875,-0.1250871080139373,0.1250871080139373,0.9375,-0.1250871080139373,0.1250871080139373,0.9375,-0.4154490983978496,0.4154490983978496,0.2647590414144498,0.2771374027764301
Local04D,agro_anomaly__s2_fapar__season_mean_ratio,phenology_anomaly,16,0.2608823652780902,0.2608823652780902,1.0,-0.13623693379790944,0.13623693379790944,0.8125,-0.1173344947735192,0.1173344947735192,1.0,-0.1173344947735192,0.1173344947735192,1.0,-0.33237710591052144,0.33237710591052144,0.23728462614965842,0.26202822518476054
Local04D,agro_anomaly__s2_lai__auc_delta,phenology_anomaly,16,0.19195773113340142,0.19195773113340142,1.0,-0.02203832752613241,0.06341463414634148,0.6875,-0.1912020905923345,0.1912020905923345,1.0,-0.1912020905923345,0.1912020905923345,1.0,-0.11742396276695002,0.19536591315279347,0.0636048540053248,0.17071679659200176
Local04D,agro_anomaly__s2_lai__august_delta,phenology_anomaly,16,0.0781459546879735,0.0781459546879735,0.8125,-0.1295296167247387,0.1295296167247387,0.875,-0.0730836236933798,0.0804878048780488,0.875,-0.0730836236933798,0.0804878048780488,0.875,0.014098115932304776,0.2185445794219979,0.04265331637821463,0.159577871968743
Local04D,agro_anomaly__s2_lai__late_season_delta,phenology_anomaly,16,0.2136486461181396,0.2136486461181396,1.0,-0.0721254355400697,0.07926829268292684,0.8125,-0.09555749128919863,0.09555749128919863,0.8125,-0.09555749128919863,0.09555749128919863,0.8125,-0.5740968987385455,0.5740968987385455,0.39258037188079237,0.39258037188079237
Local04D,agro_anomaly__s2_lai__peak_month_shift,phenology_anomaly,16,-0.018615154406205245,0.09182301820387273,0.5625,0.02396119519863035,0.08423790026177036,0.5625,-0.021573848228994108,0.05583877031747643,0.625,-0.021573848228994108,0.05583877031747643,0.625,0.02091326312797167,0.18159413046860062,0.09030358073460573,0.21289128119056816
Local04D,agro_anomaly__s2_lai__season_mean_delta,phenology_anomaly,16,0.21906174052867894,0.21906174052867894,1.0,-0.06062717770034844,0.07761324041811848,0.6875,-0.17935540069686412,0.17935540069686412,1.0,-0.17935540069686412,0.17935540069686412,1.0,-0.274287393669409,0.2884408447120058,0.14549248094145753,0.17974549201385936
Local04D,agro_anomaly__s2_lai__season_mean_ratio,phenology_anomaly,16,0.2041734298743834,0.2041734298743834,1.0,-0.0809233449477352,0.0809233449477352,0.6875,-0.14930313588850175,0.14930313588850175,1.0,-0.14930313588850175,0.14930313588850175,1.0,-0.27487942885489924,0.27487942885489924,0.3409358959573947,0.3409358959573947
Local04D,agro_anomaly__s2_msi__auc_delta,phenology_anomaly,16,-0.09868369325241952,0.09868369325241952,0.9375,0.2726480836236934,0.2726480836236934,0.9375,0.09825783972125438,0.10958188153310106,0.75,0.09825783972125438,0.10958188153310106,0.75,-0.07050183286359543,0.19172164399115083,-0.04200567169994602,0.3840113087354716
Local04D,agro_anomaly__s2_msi__august_delta,phenology_anomaly,16,-0.10464321236207413,0.10464321236207413,0.9375,0.11942508710801397,0.11942508710801397,0.9375,0.11358885017421605,0.11358885017421605,1.0,0.11358885017421605,0.11358885017421605,1.0,0.018353086272991505,0.2087627130771798,-0.2548056383158938,0.2548056383158938
Local04D,agro_anomaly__s2_msi__late_season_delta,phenology_anomaly,16,-0.18996167327607688,0.18996167327607688,1.0,0.25914634146341464,0.25914634146341464,0.875,-0.1368466898954704,0.1368466898954704,0.8125,-0.1368466898954704,0.1368466898954704,0.8125,0.3972247472434859,0.3972247472434859,-0.20521146680614583,0.3300826451780047
Local04D,agro_anomaly__s2_msi__peak_month_shift,phenology_anomaly,16,0.05870283381321023,0.06982296790394898,0.5625,-0.0388110108107637,0.0810185890960351,0.5625,0.062377390938165446,0.07851745892370443,0.75,0.062377390938165446,0.07851745892370443,0.75,-0.08298609890077899,0.12105824918764693,0.19920476822239894,0.2536546772207189
Local04D,agro_anomaly__s2_msi__season_mean_delta,phenology_anomaly,16,-0.11054735775360222,0.11054735775360222,1.0,0.26045296167247395,0.26045296167247395,0.9375,0.03440766550522649,0.054094076655052274,0.5625,0.03440766550522649,0.054094076655052274,0.5625,0.12208103781051263,0.2106898684742479,-0.10672883927906346,0.31908725770571333
Local04D,agro_anomaly__s2_msi__season_mean_ratio,phenology_anomaly,16,-0.11433874906620459,0.11433874906620459,1.0,0.24486062717770035,0.24486062717770035,0.9375,0.04146341463414635,0.06001742160278747,0.625,0.04146341463414635,0.06001742160278747,0.625,0.22012287928553378,0.27376056725960124,-0.09896175535968812,0.2783171660686342
Local04D,agro_anomaly__s2_ndvi__auc_delta,phenology_anomaly,16,0.29344714788153237,0.29344714788153237,1.0,-0.025609756097560978,0.06942508710801396,0.625,-0.14355400696864115,0.14355400696864115,1.0,-0.14355400696864115,0.14355400696864115,1.0,-0.4159962338689658,0.4159962338689658,0.2931130172592823,0.2931130172592823
Local04D,agro_anomaly__s2_ndvi__august_delta,phenology_anomaly,16,0.15697376029996143,0.15697376029996143,1.0,-0.06393728222996517,0.06393728222996517,0.6875,-0.10923344947735195,0.10923344947735195,0.875,-0.10923344947735195,0.10923344947735195,0.875,-0.13256188671225744,0.2093741276610998,0.19045556148653592,0.19045556148653592
Local04D,agro_anomaly__s2_ndvi__late_season_delta,phenology_anomaly,16,0.37092445375662475,0.37092445375662475,1.0,-0.0980836236933798,0.12831010452961675,0.6875,-0.03162020905923346,0.10993031358885019,0.5625,-0.03162020905923346,0.10993031358885019,0.5625,-0.8296771458775982,0.8296771458775982,0.4206782840818856,0.4206782840818856
Local04D,agro_anomaly__s2_ndvi__peak_month_shift,phenology_anomaly,16,0.08295108472251041,0.08641314591217664,0.6875,0.1031160978039678,0.10606534738003986,0.8125,0.056047591189483506,0.08499263980422629,0.75,0.056047591189483506,0.08499263980422629,0.75,-0.09296650965613297,0.16169949087733754,0.26434026631884056,0.380442955126341
Local04D,agro_anomaly__s2_ndvi__season_mean_delta,phenology_anomaly,16,0.35359155486622024,0.35359155486622024,1.0,-0.05296167247386761,0.10426829268292684,0.75,-0.15531358885017427,0.15531358885017427,1.0,-0.15531358885017427,0.15531358885017427,1.0,-0.580731444948642,0.580731444948642,0.3285140814296479,0.3285140814296479
Local04D,agro_anomaly__s2_ndvi__season_mean_ratio,phenology_anomaly,16,0.33031040618674035,0.33031040618674035,1.0,-0.05670731707317074,0.11846689895470386,0.6875,-0.15871080139372826,0.15871080139372826,1.0,-0.15871080139372826,0.15871080139372826,1.0,-0.5152484582976917,0.5152484582976917,0.2743491574277704,0.2743491574277704
Local04D,agro_anomaly__s2_ndwi__auc_delta,phenology_anomaly,16,0.09896743639058125,0.09896743639058125,0.9375,-0.24024390243902444,0.24024390243902444,0.9375,-0.11472125435540072,0.11472125435540072,0.8125,-0.11472125435540072,0.11472125435540072,0.8125,-0.030479166997182287,0.16311385127334294,0.038686802270140215,0.21591694665454425
Local04D,agro_anomaly__s2_ndwi__august_delta,phenology_anomaly,16,0.10316968035330408,0.10316968035330408,1.0,-0.10853658536585367,0.10853658536585367,1.0,-0.10853658536585369,0.10853658536585369,0.9375,-0.10853658536585369,0.10853658536585369,0.9375,0.05282340033899631,0.22740367790046503,0.1865947343608415,0.1865947343608415
Local04D,agro_anomaly__s2_ndwi__late_season_delta,phenology_anomaly,16,0.1533332979740058,0.1533332979740058,0.9375,-0.23414634146341468,0.23414634146341468,0.875,0.07534843205574915,0.09433797909407668,0.6875,0.07534843205574915,0.09433797909407668,0.6875,-0.34127094132726354,0.34127094132726354,0.1681949399725981,0.27873636053313766
Local04D,agro_anomaly__s2_ndwi__peak_month_shift,phenology_anomaly,16,0.050209305591856164,0.08638561056378456,0.6875,-0.092202488416353,0.15725482106342575,0.6875,-0.028447995415018506,0.07401631256344166,0.625,-0.028447995415018506,0.07401631256344166,0.625,-0.041530713733867575,0.15006978204847685,0.14159430647466056,0.2651484716833109
Local04D,agro_anomaly__s2_ndwi__season_mean_delta,phenology_anomaly,16,0.11148012129551246,0.11148012129551246,1.0,-0.2437282229965157,0.2437282229965157,0.9375,-0.03527874564459931,0.05313588850174217,0.6875,-0.03527874564459931,0.05313588850174217,0.6875,-0.15615634650132304,0.23354547115259922,0.07358179938177367,0.2122882393704538
Local04D,agro_interaction__clay_x_precip_2025,cross_domain,16,-0.46588674372468086,0.46588674372468086,1.0,-0.019599303135888507,0.15522648083623697,0.625,-0.05217770034843207,0.08153310104529618,0.625,-0.05217770034843207,0.08153310104529618,0.625,0.4126294968647345,0.4126294968647345,-0.8758949735585471,0.8758949735585471
Local04D,agro_interaction__clay_x_precip_historical,cross_domain,16,-0.31739436875610605,0.31739436875610605,1.0,-0.059581881533101066,0.1521777003484321,0.625,-0.004442508710801395,0.05609756097560978,0.5625,-0.004442508710801395,0.05609756097560978,0.5625,0.3225405289740777,0.3225405289740777,-0.791548501306839,0.791548501306839
Local04D,agro_interaction__elevation_x_tmean_2025,cross_domain,16,0.4293541482789001,0.4293541482789001,1.0,0.059843205574912905,0.08658536585365856,0.5625,0.0047038327526132415,0.0828397212543554,0.5625,0.0047038327526132415,0.0828397212543554,0.5625,-1.1696280498563725,1.1696280498563725,0.4769163931609796,0.4769163931609796
Local04D,agro_interaction__elevation_x_tmean_historical,cross_domain,16,0.4236936894781227,0.4236936894781227,1.0,0.05522648083623694,0.07709059233449478,0.5625,-0.0014808362369337982,0.08754355400696867,0.5,-0.0014808362369337982,0.08754355400696867,0.5,-1.106018527134315,1.106018527134315,0.4333427857608871,0.4333427857608871
Local04D,agro_interaction__evi_x_lai_2025,cross_domain,16,0.20361378603465552,0.20361378603465552,0.9375,0.09076655052264809,0.09486062717770037,0.8125,-0.13414634146341464,0.13414634146341464,0.9375,-0.13414634146341464,0.13414634146341464,0.9375,-0.3123310942504166,0.3123310942504166,0.1465894778861451,0.3134268791341631
Local04D,agro_interaction__evi_x_lai_historical,cross_domain,16,-0.07927757539136009,0.10049418802182483,0.6875,0.14172473867595822,0.14172473867595822,0.9375,0.06358885017421603,0.08919860627177703,0.5625,0.06358885017421603,0.08919860627177703,0.5625,-0.10483396828406946,0.15529815276901549,0.06026109789272222,0.33168694377160485
Local04D,agro_interaction__ndvi_anomaly_ratio_to_historical,cross_domain,16,0.33031040618674035,0.33031040618674035,1.0,-0.05670731707317074,0.11846689895470386,0.6875,-0.15871080139372826,0.15871080139372826,1.0,-0.15871080139372826,0.15871080139372826,1.0,-0.5152484582976905,0.5152484582976905,0.2743491574277712,0.2743491574277712
Local04D,agro_interaction__ndvi_x_ndwi_2025,cross_domain,16,0.1133981124602999,0.1133981124602999,0.9375,0.03510452961672475,0.09982578397212546,0.5625,-0.09207317073170734,0.10801393728223,0.875,-0.09207317073170734,0.10801393728223,0.875,-0.5814226279609862,0.5814226279609862,0.033062688975351896,0.3192747766520094
Local04D,agro_interaction__ndvi_x_ndwi_historical,cross_domain,16,-0.030234015380611913,0.0768709995520896,0.6875,0.08980836236933801,0.15243902439024393,0.6875,-0.05034843205574914,0.09381533101045297,0.75,-0.05034843205574914,0.09381533101045297,0.75,-0.59502608803082,0.59502608803082,-0.29059352661204035,0.3616730440928051
Local04D,agro_interaction__nitrogen_x_ndvi_2025,cross_domain,16,0.4675911054769646,0.4675911054769646,1.0,0.11315331010452964,0.13562717770034846,0.8125,-0.027439024390243906,0.07500000000000001,0.625,-0.027439024390243906,0.07500000000000001,0.625,-1.1041124780035254,1.1041124780035254,0.6165862366678612,0.6165862366678612
Local04D,agro_interaction__nitrogen_x_ndvi_historical,cross_domain,16,0.31999688074024935,0.31999688074024935,1.0,0.20679442508710805,0.20679442508710805,0.875,0.10313588850174218,0.10609756097560977,0.875,0.10313588850174218,0.10609756097560977,0.875,-0.9050813629917096,0.9050813629917096,0.40525807193232327,0.40525807193232327
Local04D,agro_interaction__siap_recent_yield_x_evi_anomaly,cross_domain,16,0.27667169684764614,0.27667169684764614,1.0,-0.07778745644599305,0.10034843205574914,0.625,-0.17073170731707318,0.17073170731707318,1.0,-0.17073170731707318,0.17073170731707318,1.0,-0.41930846104540564,0.41930846104540564,0.2818759772570736,0.28331879507302304
Local04D,agro_interaction__siap_recent_yield_x_ndvi_anomaly,cross_domain,16,0.3981839268750449,0.3981839268750449,1.0,-0.06480836236933799,0.13440766550522648,0.625,-0.13458188153310108,0.13458188153310108,0.9375,-0.13458188153310108,0.13458188153310108,0.9375,-0.65235839801966,0.65235839801966,0.39764072484897556,0.39764072484897556
Local04D,agro_interaction__siap_recent_yield_x_npp,cross_domain,16,0.39820108811475974,0.39820108811475974,1.0,0.14695121951219514,0.14695121951219514,0.875,0.07952961672473868,0.08972125435540071,0.8125,0.07952961672473868,0.08972125435540071,0.8125,-0.5260823474514323,0.5260823474514323,1.1410943469554014,1.1410943469554014
Local04D,agro_interaction__siap_recent_yield_x_wue,cross_domain,16,0.6011236565282804,0.6011236565282804,1.0,0.07003484320557493,0.1343205574912892,0.625,0.11594076655052268,0.13562717770034846,0.8125,0.11594076655052268,0.13562717770034846,0.8125,-0.9270874636086244,0.9270874636086244,0.7123947851495562,0.7123947851495562
Local04D,agro_interaction__slope_x_precip_2025,cross_domain,16,0.14862661445749542,0.14862661445749542,0.75,0.20862369337979098,0.20862369337979098,0.875,-0.019163763066202096,0.06106271777003485,0.5625,-0.019163763066202096,0.06106271777003485,0.5625,-0.2688845988952242,0.2688845988952242,0.4373123469678058,0.4373123469678058
Local04D,agro_interaction__slope_x_precip_historical,cross_domain,16,0.19410863456214916,0.19410863456214916,0.9375,0.21811846689895475,0.21811846689895475,0.875,-0.019512195121951223,0.057491289198606285,0.5625,-0.019512195121951223,0.057491289198606285,0.5625,-0.3000156482166243,0.3000156482166243,0.4869652292339618,0.4869652292339618
Local04D,agro_interaction__soc_x_precip_2025,cross_domain,16,0.08757675338606674,0.08757675338606674,0.9375,0.1059233449477352,0.1732578397212544,0.6875,-0.005313588850174217,0.07717770034843206,0.5625,-0.005313588850174217,0.07717770034843206,0.5625,-0.4227551494981699,0.4227551494981699,-0.05816660329591725,0.1536698541507376
Local04D,agro_interaction__soc_x_precip_historical,cross_domain,16,0.14813582662224767,0.14813582662224767,1.0,0.1657665505226481,0.17726480836236935,0.75,0.0294425087108014,0.06672473867595821,0.625,0.0294425087108014,0.06672473867595821,0.625,-0.7047171228770817,0.7047171228770817,0.12920832381157635,0.12920832381157635
Local04D,agro_nonlinear__log1p_aeti_2025,nonlinear_basis,16,-0.4467374350488736,0.4467374350488736,1.0,0.056794425087108025,0.11977351916376308,0.8125,-0.0711672473867596,0.09599303135888504,0.75,-0.0711672473867596,0.09599303135888504,0.75,0.6959349120934508,0.6959349120934508,-0.11393355105380999,0.24648604227158324
Local04D,agro_nonlinear__log1p_area_ha,nonlinear_basis,16,-0.3053649395704717,0.3053649395704717,1.0,-0.06062847909411523,0.11476709054414988,0.6875,-0.02656794425087108,0.10148525642275977,0.5,-0.02656794425087108,0.10148525642275977,0.5,0.018674155015916998,0.18156871491245652,-0.8617366517853708,0.8617366517853708
Local04D,agro_nonlinear__log1p_npp_2025,nonlinear_basis,16,-0.25678726574006516,0.25678726574006516,1.0,0.13527874564459932,0.13527874564459932,0.9375,-0.08196864111498259,0.10121951219512197,0.875,-0.08196864111498259,0.10121951219512197,0.875,0.6361933176404466,0.6361933176404466,0.5642825165805493,0.5642825165805493
Local04D,agro_nonlinear__log1p_precip_2025,nonlinear_basis,16,-0.382874348866893,0.382874348866893,1.0,0.06927192412027736,0.1543976962855096,0.5625,-0.01872648019528675,0.0733777470693565,0.5,-0.01872648019528675,0.0733777470693565,0.5,0.23411850345569976,0.23411850345569976,-0.5006214641763419,0.5006214641763419
Local04D,agro_nonlinear__log1p_precip_hist,nonlinear_basis,16,-0.33874402664711256,0.33874402664711256,1.0,0.01212207060560957,0.19179673258606916,0.5,0.008850662967026465,0.07871181017154265,0.5,0.008850662967026465,0.07871181017154265,0.5,0.10196583949383445,0.17395385072165861,-0.33386363466463154,0.3543883842363708
Local04D,agro_nonlinear__log1p_siap_harvested_2024,nonlinear_basis,16,-0.7046943921034733,0.7046943921034733,1.0,0.023529962781377357,0.09803077697123824,0.5625,-0.03619140714466207,0.06508625060706436,0.6875,-0.03619140714466207,0.06508625060706436,0.6875,1.6587275037015141,1.6587275037015141,-0.3893524754588557,0.3893524754588557
Local04D,agro_nonlinear__log1p_siap_production_2024,nonlinear_basis,16,-0.6861008304737997,0.6861008304737997,1.0,-0.01895161918061632,0.09422186762126082,0.5625,0.02737342352542147,0.07055336140053628,0.5625,0.02737342352542147,0.07055336140053628,0.5625,1.5729066672066414,1.5729066672066414,-0.37591213336664125,0.37591213336664125
Local04D,agro_pheno__hist_landsat_vi6t__amplitude,phenology,16,0.03364480222842056,0.045819391960942445,0.6875,-0.14564459930313592,0.14564459930313592,0.9375,0.1123693379790941,0.1123693379790941,0.9375,0.1123693379790941,0.1123693379790941,0.9375,-0.36295586519395584,0.36295586519395584,-0.4847533048809443,0.4847533048809443
Local04D,agro_pheno__hist_landsat_vi6t__auc,phenology,16,0.17087145122333997,0.17087145122333997,0.875,-0.1211672473867596,0.1554878048780488,0.8125,0.028310104529616728,0.06890243902439025,0.6875,0.028310104529616728,0.06890243902439025,0.6875,-0.381392612926891,0.381392612926891,-0.42904464208706605,0.42904464208706605
Local04D,agro_pheno__hist_landsat_vi6t__early_mean,phenology,16,0.12979342900742988,0.12979342900742988,0.8125,-0.15888501742160283,0.17682926829268297,0.75,0.08057491289198608,0.08641114982578399,0.875,0.08057491289198608,0.08641114982578399,0.875,-0.3379670567320049,0.3379670567320049,-0.45572168759631243,0.45572168759631243
Local04D,agro_pheno__hist_landsat_vi6t__greenup_slope,phenology,16,-0.023420434303708416,0.08526073138883554,0.5625,0.11611498257839724,0.11611498257839724,1.0,-0.14041811846689897,0.14041811846689897,0.875,-0.14041811846689897,0.14041811846689897,0.875,0.18908993850457506,0.18908993850457506,0.3265724510241822,0.3265724510241822
Local04D,agro_pheno__hist_landsat_vi6t__jun_to_aug_delta,phenology,16,-0.20402954626770836,0.20402954626770836,0.875,0.061498257839721265,0.09407909848545959,0.6875,-0.09407665505226484,0.10592334494773523,0.9375,-0.09407665505226484,0.10592334494773523,0.9375,0.9042236755545423,0.9042236755545423,0.1520586716411184,0.20478377074463838
Local04D,agro_pheno__hist_landsat_vi6t__late_mean,phenology,16,0.20826071642275426,0.20826071642275426,1.0,-0.1128048780487805,0.13998257839721256,0.75,0.05566202090592336,0.07465156794425087,0.6875,0.05566202090592336,0.07465156794425087,0.6875,-0.4011344644384589,0.4011344644384589,-0.46791237414268794,0.46791237414268794
Local04D,agro_pheno__hist_landsat_vi6t__peak_month,phenology,16,0.0810934336037716,0.11453668561134965,0.8125,0.08785004853348662,0.09037262444165735,0.8125,0.0023163993616007105,0.08042107850452193,0.5,0.0023163993616007105,0.08042107850452193,0.5,-0.20281147759989487,0.22544002642680883,0.19634664915483702,0.20944905078825032
Local04D,agro_pheno__hist_landsat_vi6t__season_mean,phenology,16,0.18610082400032146,0.18610082400032146,0.9375,-0.1118466898954704,0.14660278745644603,0.75,0.06907665505226482,0.08109756097560977,0.8125,0.06907665505226482,0.08109756097560977,0.8125,-0.4408830607214928,0.4408830607214928,-0.44166137923607557,0.44166137923607557
Local04D,agro_pheno__hist_landsat_vi6t__senescence_slope,phenology,16,0.030718063810703737,0.04463697111961888,0.5625,0.0093205574912892,0.07203832752613241,0.5625,0.08998257839721255,0.08998257839721255,0.8125,0.08998257839721255,0.08998257839721255,0.8125,-0.5152532256556717,0.5152532256556717,-0.38858746561522944,0.38858746561522944
Local04D,agro_pheno__hist_s2_evi__amplitude,phenology,16,-0.4382962264157961,0.4382962264157961,1.0,0.026219512195121954,0.041376306620209066,0.6875,-0.0001742160278745651,0.08902439024390246,0.5,-0.0001742160278745651,0.08902439024390246,0.5,0.6391690849042424,0.6391690849042424,-0.5583863932340334,0.5583863932340334
Local04D,agro_pheno__hist_s2_evi__auc,phenology,16,-0.054303897738203086,0.08980766930518674,0.625,0.14364111498257842,0.14364111498257842,0.9375,0.08763066202090594,0.08763066202090594,0.75,0.08763066202090594,0.08763066202090594,0.75,-0.055920715099373186,0.11170962072326941,-0.21606426106745108,0.33278749454433426
Local04D,agro_pheno__hist_s2_evi__early_mean,phenology,16,0.599572352844806,0.599572352844806,1.0,0.08188153310104532,0.1466898954703833,0.5625,0.10374564459930316,0.12351916376306624,0.875,0.10374564459930316,0.12351916376306624,0.875,-0.8927808437257891,0.8927808437257891,0.914731136286955,0.914731136286955
Local04D,agro_pheno__hist_s2_evi__greenup_slope,phenology,16,0.0474526382209273,0.05435712768928994,0.8125,-0.01280487804878049,0.08205574912891989,0.5,0.1841463414634147,0.1841463414634147,1.0,0.1841463414634147,0.1841463414634147,1.0,-0.4571899580941139,0.4571899580941139,-0.3400433322177357,0.3572182224102207
Local04D,agro_pheno__hist_s2_evi__jun_to_aug_delta,phenology,16,-0.465499409325257,0.465499409325257,1.0,0.06759581881533103,0.10365853658536586,0.6875,-0.044163763066202094,0.10966898954703835,0.5,-0.044163763066202094,0.10966898954703835,0.5,0.7548531060581696,0.7548531060581696,-0.6048561533149922,0.6048561533149922
Local04D,agro_pheno__hist_s2_evi__late_mean,phenology,16,-0.27299919087768476,0.27299919087768476,1.0,0.1350174216027875,0.15139372822299657,0.8125,-0.061236933797909426,0.0932926829268293,0.625,-0.061236933797909426,0.0932926829268293,0.625,0.5364327698568887,0.5364327698568887,-0.44789630554193155,0.44789630554193155
Local04D,agro_pheno__hist_s2_evi__peak_month,phenology,16,0.18749981771508042,0.18752443098900207,0.7272727272727273,0.0668153104781061,0.0668153104781061,1.0,-0.08017837257372733,0.08017837257372733,0.9090909090909091,-0.08017837257372733,0.08017837257372733,0.9090909090909091,-0.22419756971152122,0.23452078799116646,-0.2148344622118291,0.2148344622118291
Local04D,agro_pheno__hist_s2_evi__season_mean,phenology,16,-0.009603312869297782,0.09083374579308628,0.5,0.1481707317073171,0.1481707317073171,0.9375,0.0725609756097561,0.0725609756097561,0.625,0.0725609756097561,0.0725609756097561,0.625,-0.13762548463436725,0.15894559363002664,-0.14167120993224666,0.32601713832022416
Local04D,agro_pheno__hist_s2_evi__senescence_slope,phenology,16,0.3505688010612523,0.3505688010612523,1.0,-0.06254355400696865,0.08466898954703835,0.6875,-0.07168989547038329,0.08911149825783973,0.8125,-0.07168989547038329,0.08911149825783973,0.8125,-0.5315097576673407,0.5315097576673407,0.44474998210944333,0.44474998210944333
Local04D,agro_pheno__hist_s2_fapar__amplitude,phenology,16,-0.36066822906693174,0.36066822906693174,1.0,-0.005052264808362371,0.054006968641115,0.625,0.021515679442508713,0.06933797909407666,0.5625,0.021515679442508713,0.06933797909407666,0.5625,0.43404971243656276,0.43404971243656276,-0.582895015109066,0.582895015109066
Local04D,agro_pheno__hist_s2_fapar__auc,phenology,16,-0.11252150598870175,0.11633125280861692,0.75,0.1355400696864112,0.16864111498257844,0.875,0.040156794425087114,0.0981707317073171,0.625,0.040156794425087114,0.0981707317073171,0.625,-0.2535340873792665,0.2535340873792665,-0.2420926883110121,0.3594573921627929
Local04D,agro_pheno__hist_s2_fapar__early_mean,phenology,16,0.3211532832797305,0.3211532832797305,1.0,0.04006968641114983,0.07395470383275263,0.625,-0.0006097560975609762,0.046602787456446,0.5,-0.0006097560975609762,0.046602787456446,0.5,-0.9442066733614667,0.9442066733614667,0.7332400204501565,0.7332400204501565
Local04D,agro_pheno__hist_s2_fapar__greenup_slope,phenology,16,0.10699895720512294,0.10917133866407215,0.875,-0.046951219512195136,0.09965156794425088,0.6875,0.21376306620209062,0.21376306620209062,1.0,0.21376306620209062,0.21376306620209062,1.0,-0.5786559183889736,0.5786559183889736,-0.36331245960848757,0.3689605465297948
Local04D,agro_pheno__hist_s2_fapar__jun_to_aug_delta,phenology,16,-0.44891045689681386,0.44891045689681386,1.0,0.03745644599303137,0.07891986062717771,0.6875,-0.039024390243902446,0.09538327526132406,0.5625,-0.039024390243902446,0.09538327526132406,0.5625,0.6687726408505903,0.6687726408505903,-0.6249532182223918,0.6249532182223918
Local04D,agro_pheno__hist_s2_fapar__late_mean,phenology,16,-0.2668531304269176,0.2668531304269176,1.0,0.15958188153310107,0.16689895470383279,0.75,-0.09773519163763068,0.12944250871080143,0.75,-0.09773519163763068,0.12944250871080143,0.75,0.30017711693260896,0.30017711693260896,-0.2843151006694385,0.29664245764982733
Local04D,agro_pheno__hist_s2_fapar__peak_month,phenology,16,-0.0694504343748336,0.0694504343748336,0.6666666666666666,0.02103576234189098,0.06119778827803622,0.6666666666666666,-0.2033823519235244,0.2033823519235244,1.0,-0.2033823519235244,0.2033823519235244,1.0,0.31723159572854104,0.31723159572854104,-0.2198484326378773,0.2198484326378773
Local04D,agro_pheno__hist_s2_fapar__season_mean,phenology,16,-0.06980747782787915,0.08424657481873621,0.6875,0.16132404181184673,0.19721254355400702,0.8125,0.017944250871080144,0.11376306620209062,0.5,0.017944250871080144,0.11376306620209062,0.5,-0.32194043934755556,0.32194043934755556,-0.1165812754143067,0.2966963710164406
Local04D,agro_pheno__hist_s2_fapar__senescence_slope,phenology,16,0.31086533518685155,0.31086533518685155,1.0,0.03275261324041812,0.06977351916376309,0.625,-0.08972125435540072,0.08972125435540072,0.875,-0.08972125435540072,0.08972125435540072,0.875,-0.37382085856799907,0.37382085856799907,0.5432954285573011,0.5432954285573011
Local04D,agro_pheno__hist_s2_lai__amplitude,phenology,16,-0.38488988356336373,0.38488988356336373,1.0,0.0490418118466899,0.05235191637630663,0.8125,-0.01794425087108014,0.09555749128919863,0.5625,-0.01794425087108014,0.09555749128919863,0.5625,0.46970199652953387,0.46970199652953387,-0.3979664820554436,0.44037540148574544
Local04D,agro_pheno__hist_s2_lai__auc,phenology,16,-0.1304729688524363,0.13458452716331268,0.875,0.11951219512195124,0.11951219512195124,0.9375,0.03719512195121952,0.07203832752613241,0.625,0.03719512195121952,0.07203832752613241,0.625,0.00189146731160242,0.1166036899456026,-0.18667323631640068,0.25245949036726884
Local04D,agro_pheno__hist_s2_lai__early_mean,phenology,16,0.6038657801517286,0.6038657801517286,1.0,0.10766550522648086,0.16402439024390247,0.625,0.09451219512195123,0.11324041811846691,0.875,0.09451219512195123,0.11324041811846691,0.875,-0.9664673508749719,0.9664673508749719,0.8748418077850801,0.8748418077850801
Local04D,agro_pheno__hist_s2_lai__greenup_slope,phenology,16,0.0618879640216128,0.06291392499780027,0.875,0.013414634146341465,0.08310104529616727,0.625,0.179616724738676,0.179616724738676,1.0,0.179616724738676,0.179616724738676,1.0,-0.46277305290051546,0.46277305290051546,-0.28885958241765985,0.29843147032318745
Local04D,agro_pheno__hist_s2_lai__jun_to_aug_delta,phenology,16,-0.40859852070663716,0.40859852070663716,1.0,0.08013937282229967,0.09155052264808364,0.6875,-0.04407665505226481,0.10557491289198608,0.5625,-0.04407665505226481,0.10557491289198608,0.5625,0.5850384126870545,0.5850384126870545,-0.41846141499852524,0.41846141499852524
Local04D,agro_pheno__hist_s2_lai__late_mean,phenology,16,-0.26996883609800426,0.26996883609800426,1.0,0.13170731707317074,0.1489547038327526,0.875,-0.08841463414634149,0.09912891986062719,0.75,-0.08841463414634149,0.09912891986062719,0.75,0.46968651803377764,0.46968651803377764,-0.3211345113735165,0.3211345113735165
Local04D,agro_pheno__hist_s2_lai__peak_month,phenology,16,0.007197943654150664,0.15422881643024655,0.5833333333333334,0.06013377943029549,0.06690086159190724,0.9166666666666666,-0.20738411582353236,0.20738411582353236,1.0,-0.20738411582353236,0.20738411582353236,1.0,0.2848978119714294,0.2915260892565972,-0.2148344622118291,0.2148344622118291
Local04D,agro_pheno__hist_s2_lai__season_mean,phenology,16,-0.09916466641835105,0.10254156660959873,0.8125,0.14207317073170733,0.14207317073170733,0.9375,0.046254355400696875,0.08606271777003485,0.5625,0.046254355400696875,0.08606271777003485,0.5625,-0.06768209081674588,0.1146686976144315,-0.09732302448515212,0.25677416674018794
Local04D,agro_pheno__hist_s2_lai__senescence_slope,phenology,16,0.33742270056638063,0.33742270056638063,1.0,-0.10017421602787459,0.10426829268292685,0.6875,-0.020296167247386768,0.060975609756097573,0.5625,-0.020296167247386768,0.060975609756097573,0.5625,-0.4451857261785551,0.4451857261785551,0.4540616616723675,0.4540616616723675
Local04D,agro_pheno__hist_s2_msi__amplitude,phenology,16,-0.13594489136220259,0.13594489136220259,0.9375,0.058449477351916385,0.09146341463414637,0.625,-0.041898954703832765,0.05853658536585367,0.5625,-0.041898954703832765,0.05853658536585367,0.5625,0.3618071423220641,0.39519901079984443,-0.2681884394262195,0.3559777149206319
Local04D,agro_pheno__hist_s2_msi__auc,phenology,16,0.05951409775979865,0.06595673137108266,0.6875,-0.0721254355400697,0.13301393728223,0.625,0.013501742160278747,0.06994773519163763,0.5625,0.013501742160278747,0.06994773519163763,0.5625,0.6279685558188421,0.6279685558188421,0.3748776748526449,0.4665574552912273
Local04D,agro_pheno__hist_s2_msi__early_mean,phenology,16,-0.04946853336007484,0.05836491371091544,0.5625,-0.04207317073170733,0.10740418118466902,0.5625,-0.01855400696864112,0.06210801393728224,0.625,-0.01855400696864112,0.06210801393728224,0.625,0.5693412290920679,0.5693412290920679,0.15653987835191277,0.3340397565247275
Local04D,agro_pheno__hist_s2_msi__greenup_slope,phenology,16,-0.18012135470402524,0.18012135470402524,0.9375,0.028397212543554012,0.10827526132404183,0.5625,-0.1245644599303136,0.1245644599303136,0.875,-0.1245644599303136,0.1245644599303136,0.875,0.6689327010790502,0.6689327010790502,0.1969569775807321,0.2857748220771378
Local04D,agro_pheno__hist_s2_msi__jun_to_aug_delta,phenology,16,0.25836853194983167,0.25836853194983167,1.0,-0.03040069686411151,0.07979094076655054,0.5625,0.01393728222996516,0.04207317073170733,0.625,0.01393728222996516,0.04207317073170733,0.625,-0.7227383192839425,0.7227383192839425,0.31558607348598133,0.3501984849840471
Local04D,agro_pheno__hist_s2_msi__late_mean,phenology,16,0.15415011280612195,0.15415011280612195,0.9375,-0.1352787456445993,0.16925087108013942,0.75,0.11820557491289202,0.11820557491289202,0.8125,0.11820557491289202,0.11820557491289202,0.8125,0.05395923513843759,0.16356445764422312,0.2710109947865677,0.28438074031887145
Local04D,agro_pheno__hist_s2_msi__peak_month,phenology,16,-0.16927764503805168,0.16927764503805168,0.9375,0.026854025325660225,0.10498813260833723,0.5625,-0.15879936797278643,0.15879936797278643,0.9375,-0.15879936797278643,0.15879936797278643,0.9375,0.5522898298951122,0.5522898298951122,-0.46188021535170104,0.46188021535170104
Local04D,agro_pheno__hist_s2_msi__season_mean,phenology,16,0.020626148544896084,0.05378453453744823,0.6875,-0.06341463414634148,0.1167247386759582,0.6875,0.036846689895470394,0.07134146341463415,0.5625,0.036846689895470394,0.07134146341463415,0.5625,0.5848736493437816,0.5848736493437816,0.3083852578300621,0.4139651047032023
Local04D,agro_pheno__hist_s2_msi__senescence_slope,phenology,16,-0.31342120348852626,0.31342120348852626,1.0,-0.07229965156794427,0.1252613240418119,0.6875,0.11707317073170735,0.11707317073170735,0.9375,0.11707317073170735,0.11707317073170735,0.9375,0.3777506501481238,0.3777506501481238,-0.6204477428760078,0.6204477428760078
Local04D,agro_pheno__hist_s2_ndvi__amplitude,phenology,16,-0.4670161329513315,0.4670161329513315,1.0,0.032404181184669,0.07778745644599305,0.6875,0.0005226480836236936,0.06594076655052267,0.5,0.0005226480836236936,0.06594076655052267,0.5,0.5876543471813049,0.5876543471813049,-0.7757070909072947,0.7757070909072947
Local04D,agro_pheno__hist_s2_ndvi__auc,phenology,16,-0.07426773896290813,0.11353754800666577,0.75,0.15008710801393732,0.15008710801393732,0.9375,0.09024390243902441,0.09024390243902441,0.875,0.09024390243902441,0.09024390243902441,0.875,-0.06335940956842742,0.1398560850116992,-0.06381682146129711,0.39413880095766074
Local04D,agro_pheno__hist_s2_ndvi__early_mean,phenology,16,0.5599065147389697,0.5599065147389697,1.0,0.1074912891986063,0.14250871080139377,0.6875,0.050435540069686424,0.08710801393728226,0.6875,0.050435540069686424,0.08710801393728226,0.6875,-0.9057944643681357,0.9057944643681357,1.1607701846937335,1.1607701846937335
Local04D,agro_pheno__hist_s2_ndvi__greenup_slope,phenology,16,0.025540727017060505,0.06332155635148777,0.6875,-0.05714285714285715,0.07952961672473868,0.6875,0.19695121951219516,0.19695121951219516,1.0,0.19695121951219516,0.19695121951219516,1.0,-0.417292101934213,0.417292101934213,-0.3652462131740357,0.38264617131810186
Local04D,agro_pheno__hist_s2_ndvi__jun_to_aug_delta,phenology,16,-0.5303485688874019,0.5303485688874019,1.0,0.052613240418118476,0.09773519163763068,0.625,-0.07412891986062718,0.11559233449477355,0.5625,-0.07412891986062718,0.11559233449477355,0.5625,0.7579905551382308,0.7579905551382308,-0.7756136428136444,0.7756136428136444
Local04D,agro_pheno__hist_s2_ndvi__late_mean,phenology,16,-0.3285211023580781,0.3285211023580781,1.0,0.1231707317073171,0.1555749128919861,0.875,-0.046254355400696875,0.0853658536585366,0.625,-0.046254355400696875,0.0853658536585366,0.625,0.6227292692942465,0.6227292692942465,-0.39472266770859116,0.42430359392401445
Local04D,agro_pheno__hist_s2_ndvi__peak_month,phenology,16,0.02396341239812687,0.06044691277483434,0.6,0.028708462588160736,0.07915594835766294,0.6666666666666666,-0.021932943417805124,0.16035674514745465,0.6,-0.021932943417805124,0.16035674514745465,0.6,0.31723159572854104,0.31723159572854104,0.2337309492221305,0.4921331800094164
Local04D,agro_pheno__hist_s2_ndvi__season_mean,phenology,16,-0.02281447808394764,0.09164048648783865,0.5,0.16158536585365857,0.16158536585365857,0.9375,0.07857142857142858,0.09381533101045297,0.75,0.07857142857142858,0.09381533101045297,0.75,-0.12492658457659542,0.19451905472381703,0.038696640358630095,0.40811932875331514
Local04D,agro_pheno__hist_s2_ndvi__senescence_slope,phenology,16,0.3451526651873322,0.3451526651873322,1.0,-0.016463414634146346,0.06977351916376309,0.625,-0.08780487804878051,0.08780487804878051,0.8125,-0.08780487804878051,0.08780487804878051,0.8125,-0.3892600969353789,0.3892600969353789,0.5195561147151787,0.5195561147151787
Local04D,agro_pheno__hist_s2_ndwi__amplitude,phenology,16,-0.2038900757818134,0.2038900757818134,0.9375,0.0892857142857143,0.09642857142857145,0.8125,-0.01785714285714286,0.04878048780487805,0.5,-0.01785714285714286,0.04878048780487805,0.5,0.28473752281938913,0.28844453062526765,-0.5496470687692323,0.5658585443439555
Local04D,agro_pheno__hist_s2_ndwi__auc,phenology,16,-0.06124371349982176,0.08042135952618783,0.75,0.10060975609756098,0.17003484320557496,0.625,-0.041550522648083635,0.08196864111498259,0.625,-0.041550522648083635,0.08196864111498259,0.625,-0.6656151366100704,0.6656151366100704,-0.37568089156736656,0.4487356589969725
Local04D,agro_pheno__hist_s2_ndwi__early_mean,phenology,16,0.06522330050390036,0.07289678883908872,0.6875,0.030139372822299657,0.11158536585365855,0.625,0.013327526132404182,0.06114982578397214,0.625,0.013327526132404182,0.06114982578397214,0.625,-0.625751791705935,0.625751791705935,-0.08509798899738734,0.23427428749986984
Local04D,agro_pheno__hist_s2_ndwi__greenup_slope,phenology,16,0.1746044456584835,0.1746044456584835,0.9375,0.00966898954703833,0.09729965156794426,0.5625,0.15374564459930318,0.15374564459930318,0.8125,0.15374564459930318,0.15374564459930318,0.8125,-0.7440768128812936,0.7440768128812936,-0.30064657765965797,0.34541073755297425
Local04D,agro_pheno__hist_s2_ndwi__jun_to_aug_delta,phenology,16,-0.29258893422999466,0.29258893422999466,1.0,0.07247386759581884,0.08458188153310106,0.75,-0.03301393728222997,0.054965156794425096,0.6875,-0.03301393728222997,0.054965156794425096,0.6875,0.586711812358356,0.586711812358356,-0.5436297592725442,0.5436297592725442
Local04D,agro_pheno__hist_s2_ndwi__late_mean,phenology,16,-0.14933344161718648,0.14933344161718648,0.9375,0.11646341463414636,0.1708188153310105,0.8125,-0.1463414634146342,0.1463414634146342,0.8125,-0.1463414634146342,0.1463414634146342,0.8125,-0.06504876444985748,0.1757174234652754,-0.32154679389772856,0.3367573029504209
Local04D,agro_pheno__hist_s2_ndwi__peak_month,phenology,16,-0.0013976613756544673,0.12449716731832057,0.5,0.1788086210694152,0.1788086210694152,0.8125,-0.013043050119241466,0.12239557655607244,0.5625,-0.013043050119241466,0.12239557655607244,0.5625,0.2113784545875718,0.24349237677883315,0.19451950503185078,0.3175996933521686
Local04D,agro_pheno__hist_s2_ndwi__season_mean,phenology,16,-0.02738828079821502,0.09275230494245364,0.625,0.08641114982578399,0.14808362369337982,0.6875,-0.03885017421602788,0.08876306620209062,0.75,-0.03885017421602788,0.08876306620209062,0.75,-0.6354651196709247,0.6354651196709247,-0.2660452480285611,0.38975138623046407
Local04D,agro_pheno__hist_s2_ndwi__senescence_slope,phenology,16,0.3301141655025591,0.3301141655025591,1.0,0.08109756097560977,0.11829268292682929,0.5625,-0.07282229965156796,0.07282229965156796,0.9375,-0.07282229965156796,0.07282229965156796,0.9375,-0.32498785990613893,0.32498785990613893,0.6262575924038049,0.6262575924038049
Local04D,agro_pheno__y2025_landsat_vi6t__amplitude,phenology,16,-0.001700974397073154,0.12346987699436757,0.5,-0.10362634726112493,0.12179016865206777,0.75,0.11804411993403958,0.11804411993403958,0.875,0.11804411993403958,0.11804411993403958,0.875,0.18855419863970638,0.2607030702604102,0.018708087384477417,0.17192008936590128
Local04D,agro_pheno__y2025_landsat_vi6t__auc,phenology,16,0.16695339774941861,0.16695339774941861,0.9375,-0.07064459930313591,0.12726480836236936,0.8125,0.06171730460635025,0.06898954703832755,0.6875,0.06171730460635025,0.06898954703832755,0.6875,-0.14514787780249871,0.24066144141917528,-0.33771707151532343,0.34874564947812214
Local04D,agro_pheno__y2025_landsat_vi6t__early_mean,phenology,16,0.0730452917146283,0.08205911778777808,0.8125,-0.12865853658536588,0.1552732997100753,0.875,0.09181584572496893,0.09181584572496893,0.6875,0.09181584572496893,0.09181584572496893,0.6875,0.051298744325866584,0.24672398876849627,-0.2280762419342229,0.3072694833303095
Local04D,agro_pheno__y2025_landsat_vi6t__greenup_slope,phenology,16,0.010123222762377192,0.05011814631523348,0.5625,0.039459930313588854,0.09795530456066918,0.5625,0.0931644662361936,0.12025505857068838,0.625,0.0931644662361936,0.12025505857068838,0.625,0.1841282931697912,0.21544257382843585,0.20558759206449168,0.33857736490530627
Local04D,agro_pheno__y2025_landsat_vi6t__jun_to_aug_delta,phenology,16,-0.03489714878074335,0.06575914612917048,0.625,0.0320136160314721,0.10670731707317076,0.5,-0.04878048780487805,0.09921602787456447,0.75,-0.04878048780487805,0.09921602787456447,0.75,-0.058063840749335335,0.24901432949219626,0.128792308819078,0.2803464755365146
Local04D,agro_pheno__y2025_landsat_vi6t__late_mean,phenology,16,0.05572166535915529,0.06605937133521791,0.75,0.02495753301727096,0.14991289198606272,0.5625,-0.02317135015391762,0.11717007995829781,0.5625,-0.02317135015391762,0.11717007995829781,0.5625,-0.11786158859161386,0.19691580721446827,-0.5522279063789315,0.5522279063789315
Local04D,agro_pheno__y2025_landsat_vi6t__peak_month,phenology,16,-0.08531900372288957,0.10589671706497794,0.8125,0.08429084818201367,0.12644121802004077,0.8125,0.002142977454451848,0.0884058384700297,0.5,0.002142977454451848,0.0884058384700297,0.5,0.2760699171168519,0.2760699171168519,-0.035616181043720004,0.21707455883239038
Local04D,agro_pheno__y2025_landsat_vi6t__season_mean,phenology,16,0.14848654130628114,0.14848654130628114,0.875,-0.07308362369337981,0.12491289198606274,0.8125,0.07273519163763068,0.07273519163763068,0.75,0.07273519163763068,0.07273519163763068,0.75,-0.14913516110903716,0.22691044908134786,-0.37469825623650754,0.37469825623650754
Local04D,agro_pheno__y2025_landsat_vi6t__senescence_slope,phenology,16,0.07674703912422173,0.08166405167309591,0.875,0.01707391438528834,0.09847771361278469,0.625,-0.01001742160278746,0.06694542451578617,0.5,-0.01001742160278746,0.06694542451578617,0.5,-0.4630060900303045,0.49897645293089876,-0.13997596297665887,0.2778806075623544
Local04D,agro_pheno__y2025_planet_evi__amplitude,phenology,16,-0.18015201802141473,0.18015201802141473,0.9375,-0.010452961672473868,0.08466898954703835,0.5625,-0.17299651567944252,0.17299651567944252,0.9375,-0.17299651567944252,0.17299651567944252,0.9375,0.25430775905139485,0.28687139497290515,-0.29927754629065356,0.29927754629065356
Local04D,agro_pheno__y2025_planet_evi__auc,phenology,16,0.20910325896076082,0.20910325896076082,0.9375,0.0042682926829268305,0.08580139372822301,0.5,-0.10296167247386762,0.10296167247386762,0.875,-0.10296167247386762,0.10296167247386762,0.875,-0.3662345849103791,0.3662345849103791,0.0826532250601629,0.27016426838721525
Local04D,agro_pheno__y2025_planet_evi__early_mean,phenology,16,0.5430173143924975,0.5430173143924975,1.0,0.04407665505226482,0.10113240418118469,0.6875,-0.009843205574912892,0.09782229965156797,0.5625,-0.009843205574912892,0.09782229965156797,0.5625,-0.7329686755209508,0.7329686755209508,0.6177222716205988,0.6177222716205988
Local04D,agro_pheno__y2025_planet_evi__greenup_slope,phenology,16,0.08542266003983545,0.08542266003983545,0.8125,-0.06785714285714287,0.09677700348432058,0.75,-0.06550522648083626,0.06602787456445995,0.8125,-0.06550522648083626,0.06602787456445995,0.8125,-0.21121447186001313,0.2358072086963084,-0.3178264872111868,0.41679697613975875
Local04D,agro_pheno__y2025_planet_evi__jun_to_aug_delta,phenology,16,-0.3289414611688025,0.3289414611688025,1.0,-0.0922473867595819,0.0922473867595819,0.75,-0.11898954703832756,0.14216027874564463,0.75,-0.11898954703832756,0.14216027874564463,0.75,0.4541926486306903,0.4541926486306903,-0.1744168281190125,0.20810741927593557
Local04D,agro_pheno__y2025_planet_evi__late_mean,phenology,16,0.053961006346284035,0.11690906143405813,0.5625,-0.019860627177700353,0.09311846689895473,0.5625,-0.1585365853658537,0.1585365853658537,0.75,-0.1585365853658537,0.1585365853658537,0.75,-0.06261349331805183,0.1694300790040291,0.07068712454138147,0.21067392768118268
Local04D,agro_pheno__y2025_planet_evi__peak_month,phenology,16,-0.05122099897792933,0.08357478885830796,0.6875,-0.022567862996293063,0.08515518077644171,0.5625,0.039647997266791475,0.07872480185722275,0.5625,0.039647997266791475,0.07872480185722275,0.5625,0.13728062445250436,0.17289075664087444,0.1272201678125987,0.1931642213067532
Local04D,agro_pheno__y2025_planet_evi__season_mean,phenology,16,0.33226960073377154,0.33226960073377154,1.0,0.028658536585365862,0.10087108013937285,0.5625,-0.10026132404181187,0.10026132404181187,0.8125,-0.10026132404181187,0.10026132404181187,0.8125,-0.4874404076681232,0.4874404076681232,0.17798399326360143,0.39899409872941555
Local04D,agro_pheno__y2025_planet_evi__senescence_slope,phenology,16,0.1799619494231517,0.1799619494231517,0.9375,0.017160278745644603,0.06411149825783974,0.625,0.1279616724738676,0.15226480836236939,0.875,0.1279616724738676,0.15226480836236939,0.875,-0.3501609759333878,0.3501609759333878,0.18061784889649737,0.4260186933334446
Local04D,agro_pheno__y2025_planet_lai__amplitude,phenology,16,-0.26741613260264563,0.26741613260264563,0.9375,-0.032665505226480845,0.1016550522648084,0.5625,-0.035365853658536596,0.1187282229965157,0.625,-0.035365853658536596,0.1187282229965157,0.625,0.3341290328774629,0.3341290328774629,-0.22021955023278536,0.27954719315470883
Local04D,agro_pheno__y2025_planet_lai__auc,phenology,16,0.15744824957659836,0.15744824957659836,0.875,0.02970383275261325,0.09364111498257842,0.6875,-0.07282229965156796,0.0868466898954704,0.75,-0.07282229965156796,0.0868466898954704,0.75,-0.3324873859919695,0.3324873859919695,0.24237167866031342,0.26793928772614883
Local04D,agro_pheno__y2025_planet_lai__early_mean,phenology,16,0.3769253653401278,0.3769253653401278,1.0,0.11114982578397214,0.11114982578397214,0.6875,-0.0036585365853658543,0.0760452961672474,0.5625,-0.0036585365853658543,0.0760452961672474,0.5625,-0.5343293789496844,0.5343293789496844,0.5667028551191741,0.5667028551191741
Local04D,agro_pheno__y2025_planet_lai__greenup_slope,phenology,16,-0.009215993727635284,0.08034031487986054,0.5,-0.10452961672473869,0.14050522648083624,0.8125,-0.08405923344947737,0.08405923344947737,0.75,-0.08405923344947737,0.08405923344947737,0.75,-0.08557659734828098,0.15450420025564796,-0.4025737324622149,0.4080104073235573
Local04D,agro_pheno__y2025_planet_lai__jun_to_aug_delta,phenology,16,-0.23689583282512508,0.23689583282512508,1.0,-0.12526132404181187,0.12613240418118468,0.75,-0.1207317073170732,0.13493031358885021,0.8125,-0.1207317073170732,0.13493031358885021,0.8125,0.35007923083166803,0.35007923083166803,-0.15557274839581467,0.19117307038812953
Local04D,agro_pheno__y2025_planet_lai__late_mean,phenology,16,0.029487840493168185,0.12456510817177584,0.5625,0.024216027874564464,0.1123693379790941,0.5625,-0.016114982578397215,0.09886759581881535,0.5625,-0.016114982578397215,0.09886759581881535,0.5625,-0.07029312775838219,0.1585804618484258,0.15705380722160095,0.3167813200431653
Local04D,agro_pheno__y2025_planet_lai__peak_month,phenology,16,0.11541866244895058,0.12845353034044435,0.875,0.046257733226323955,0.08997850591155612,0.625,0.11302211504074858,0.13612451283587634,0.8125,0.11302211504074858,0.13612451283587634,0.8125,-0.2559570432700407,0.32442588086866603,0.06620339266654973,0.3770112843260685
Local04D,agro_pheno__y2025_planet_lai__season_mean,phenology,16,0.2030671628575974,0.2030671628575974,0.875,0.04512195121951221,0.13371080139372826,0.625,-0.04477351916376307,0.08545296167247389,0.625,-0.04477351916376307,0.08545296167247389,0.625,-0.46557042236413326,0.46557042236413326,0.36941914451388014,0.36941914451388014
Local04D,agro_pheno__y2025_planet_lai__senescence_slope,phenology,16,0.16455753535197265,0.16455753535197265,0.9375,0.021864111498257843,0.07177700348432058,0.625,0.1252613240418119,0.1427700348432056,0.875,0.1252613240418119,0.1427700348432056,0.875,-0.3354227314479288,0.34123166796415727,0.23836409973546305,0.48991429292036276
Local04D,agro_pheno__y2025_planet_msavi__amplitude,phenology,16,-0.20571911995516712,0.20571911995516712,0.9375,-0.03675958188153311,0.07691637630662024,0.625,-0.16254355400696868,0.16254355400696868,0.8125,-0.16254355400696868,0.16254355400696868,0.8125,0.2755147205425996,0.2755147205425996,-0.2268953994435934,0.23856666764497564
Local04D,agro_pheno__y2025_planet_msavi__auc,phenology,16,0.2274610787092368,0.2274610787092368,0.9375,0.03153310104529617,0.06602787456445995,0.625,-0.10792682926829271,0.10792682926829271,0.9375,-0.10792682926829271,0.10792682926829271,0.9375,-0.34748152119103726,0.34748152119103726,0.15635122872304302,0.2815464404220434
Local04D,agro_pheno__y2025_planet_msavi__early_mean,phenology,16,0.5730473448873374,0.5730473448873374,1.0,0.09006968641114985,0.11149825783972128,0.75,-0.0387630662020906,0.09111498257839723,0.6875,-0.0387630662020906,0.09111498257839723,0.6875,-0.7844813051747461,0.7844813051747461,0.6988329249047102,0.6988329249047102
Local04D,agro_pheno__y2025_planet_msavi__greenup_slope,phenology,16,0.07002131702444428,0.07754883751865384,0.75,-0.07186411149825786,0.09973867595818817,0.75,-0.06463414634146343,0.07064459930313591,0.8125,-0.06463414634146343,0.07064459930313591,0.8125,-0.19511821653849695,0.24343701287081257,-0.2817174807706154,0.4005191233619939
Local04D,agro_pheno__y2025_planet_msavi__jun_to_aug_delta,phenology,16,-0.29675843420657444,0.29675843420657444,1.0,-0.07003484320557493,0.07987804878048782,0.75,-0.13379790940766553,0.14590592334494779,0.75,-0.13379790940766553,0.14590592334494779,0.75,0.3923431193570569,0.3923431193570569,-0.16698103271763332,0.25573732259524273
Local04D,agro_pheno__y2025_planet_msavi__late_mean,phenology,16,0.0690195965508883,0.11601980886128686,0.625,-0.02064459930313589,0.08031358885017423,0.5,-0.17151567944250873,0.17151567944250873,0.75,-0.17151567944250873,0.17151567944250873,0.75,-0.0976813281156089,0.20426426608538537,0.10038378266637314,0.29275225281037814
Local04D,agro_pheno__y2025_planet_msavi__peak_month,phenology,16,-0.05653216062245239,0.11341799818212349,0.75,-0.021387028098430114,0.11172413014043767,0.5625,0.028280304637385956,0.07961338220623199,0.5625,0.028280304637385956,0.07961338220623199,0.5625,0.1270081036487829,0.21533885521027818,0.1272201678125987,0.1928717384526253
Local04D,agro_pheno__y2025_planet_msavi__season_mean,phenology,16,0.33911051504112755,0.33911051504112755,1.0,0.03963414634146342,0.07700348432055751,0.625,-0.11158536585365855,0.11158536585365855,0.875,-0.11158536585365855,0.11158536585365855,0.875,-0.4723606486213708,0.4723606486213708,0.2505727904237002,0.34791415650615415
Local04D,agro_pheno__y2025_planet_msavi__senescence_slope,phenology,16,0.18660441301656905,0.18660441301656905,0.9375,0.017508710801393733,0.04581881533101046,0.625,0.12430313588850175,0.14686411149825787,0.875,0.12430313588850175,0.14686411149825787,0.875,-0.34950994247505296,0.34950994247505296,0.16460754372620762,0.41103123429484634
Local04D,agro_pheno__y2025_planet_ndvi__amplitude,phenology,16,-0.29792850820697553,0.29792850820697553,1.0,-0.08109756097560977,0.132404181184669,0.6875,-0.08101045296167249,0.12944250871080143,0.75,-0.08101045296167249,0.12944250871080143,0.75,0.4241546056984601,0.4241546056984601,-0.3102275161145912,0.3587567045886649
Local04D,agro_pheno__y2025_planet_ndvi__auc,phenology,16,0.24062969000036524,0.24062969000036524,1.0,0.06663763066202091,0.08222996515679445,0.625,-0.111411149825784,0.1319686411149826,0.875,-0.111411149825784,0.1319686411149826,0.875,-0.4481232450923575,0.4481232450923575,0.19547306055934965,0.30809415626712744
Local04D,agro_pheno__y2025_planet_ndvi__early_mean,phenology,16,0.3880029650440386,0.3880029650440386,1.0,0.12447735191637632,0.12447735191637632,0.75,-0.02500000000000001,0.08074912891986065,0.625,-0.02500000000000001,0.08074912891986065,0.625,-0.7089765381693685,0.7089765381693685,0.5495549312883841,0.5495549312883841
Local04D,agro_pheno__y2025_planet_ndvi__greenup_slope,phenology,16,0.05313319744316222,0.07566203078510944,0.625,-0.11080139372822301,0.1354529616724739,0.75,-0.0721254355400697,0.08614982578397215,0.75,-0.0721254355400697,0.08614982578397215,0.75,-0.24377000041581293,0.2745902800572696,-0.27476651102230776,0.4303211969581349
Local04D,agro_pheno__y2025_planet_ndvi__jun_to_aug_delta,phenology,16,-0.26494699774256086,0.26494699774256086,1.0,-0.12212543554006972,0.12212543554006972,0.8125,-0.10261324041811849,0.10513937282229968,0.75,-0.10261324041811849,0.10513937282229968,0.75,0.4217678479816318,0.4217678479816318,-0.11469302504445221,0.22597930206192632
Local04D,agro_pheno__y2025_planet_ndvi__late_mean,phenology,16,0.10652379103685516,0.11376633121373866,0.6875,-0.025000000000000005,0.0946864111498258,0.5625,-0.07674216027874566,0.12247386759581882,0.625,-0.07674216027874566,0.12247386759581882,0.625,-0.2035062660944973,0.27008779452837367,0.3405511038422862,0.3405511038422862
Local04D,agro_pheno__y2025_planet_ndvi__peak_month,phenology,16,0.07250975674411783,0.09485625646441728,0.625,0.09557863077486253,0.13183327139241952,0.75,0.1404656508340316,0.1404656508340316,0.875,0.1404656508340316,0.1404656508340316,0.875,-0.028232985128663395,0.20763170717416218,0.4551956339137061,0.4551956339137061
Local04D,agro_pheno__y2025_planet_ndvi__season_mean,phenology,16,0.27233931447947146,0.27233931447947146,1.0,0.05296167247386761,0.09346689895470385,0.6875,-0.09189895470383277,0.10949477351916378,0.875,-0.09189895470383277,0.10949477351916378,0.875,-0.6213973012079905,0.6213973012079905,0.33807696434893214,0.33807696434893214
Local04D,agro_pheno__y2025_planet_ndvi__senescence_slope,phenology,16,0.15850980904543222,0.15850980904543222,0.875,0.00078397212543554,0.0652439024390244,0.5,0.15644599303135892,0.15644599303135892,0.875,0.15644599303135892,0.15644599303135892,0.875,-0.34877192136323887,0.3566559094186348,0.25016362870647385,0.3392891953844893
Local04D,agro_pheno__y2025_s2_evi__amplitude,phenology,16,-0.24305449183604455,0.24305449183604455,1.0,0.018902439024390247,0.10113240418118469,0.5,-0.062456445993031365,0.0681184668989547,0.875,-0.062456445993031365,0.0681184668989547,0.875,0.37118502919878743,0.37118502919878743,-0.39821683188429846,0.39821683188429846
Local04D,agro_pheno__y2025_s2_evi__auc,phenology,16,0.14975740828385192,0.14975740828385192,0.875,0.07125435540069688,0.0956445993031359,0.625,-0.12848432055749132,0.12848432055749132,0.9375,-0.12848432055749132,0.12848432055749132,0.9375,-0.19865687133312585,0.21022286850126193,0.006275995800207484,0.2991774176265874
Local04D,agro_pheno__y2025_s2_evi__early_mean,phenology,16,0.5812812248636012,0.5812812248636012,1.0,0.08266550522648085,0.12055749128919863,0.6875,-0.06759581881533103,0.10226480836236936,0.6875,-0.06759581881533103,0.10226480836236936,0.6875,-0.8317869232986943,0.8317869232986943,0.6506347069967574,0.6506347069967574
Local04D,agro_pheno__y2025_s2_evi__greenup_slope,phenology,16,-0.020860522308735228,0.10190541847883375,0.5625,-0.12108013937282232,0.16533101045296172,0.75,-0.04041811846689897,0.08153310104529618,0.5625,-0.04041811846689897,0.08153310104529618,0.5625,-0.03375262796333858,0.24302298660486513,-0.3185525914234178,0.38873909871626566
Local04D,agro_pheno__y2025_s2_evi__jun_to_aug_delta,phenology,16,-0.30561675871265614,0.30561675871265614,1.0,-0.11907665505226483,0.12473867595818819,0.75,-0.11515679442508714,0.12787456445993034,0.6875,-0.11515679442508714,0.12787456445993034,0.6875,0.47735654068417255,0.47735654068417255,-0.32467965213022343,0.40707518502269957
Local04D,agro_pheno__y2025_s2_evi__late_mean,phenology,16,0.018277003056658643,0.10871332011216796,0.5625,0.07325783972125435,0.11855400696864113,0.75,-0.12839721254355405,0.12839721254355405,0.875,-0.12839721254355405,0.12839721254355405,0.875,-0.16005005034447184,0.23480631214810777,0.09621674238429173,0.19519549020834842
Local04D,agro_pheno__y2025_s2_evi__peak_month,phenology,16,-0.020882083299135337,0.08558426187075066,0.625,-0.040126562395531584,0.07080546465533405,0.5625,-0.01981448174057561,0.07194819358172722,0.5625,-0.01981448174057561,0.07194819358172722,0.5625,-0.001511795799997392,0.13534667702322895,-0.12859516294002912,0.2177168151999169
Local04D,agro_pheno__y2025_s2_evi__season_mean,phenology,16,0.24818863453507284,0.24818863453507284,0.9375,0.08275261324041813,0.08911149825783973,0.75,-0.1128048780487805,0.1128048780487805,0.9375,-0.1128048780487805,0.1128048780487805,0.9375,-0.4534076796969634,0.4534076796969634,0.1558600009923886,0.42890237073529563
Local04D,agro_pheno__y2025_s2_evi__senescence_slope,phenology,16,0.17365417048751597,0.17365417048751597,0.9375,0.012282229965156797,0.07500000000000001,0.5625,0.12621951219512198,0.15679442508710806,0.875,0.12621951219512198,0.15679442508710806,0.875,-0.43989432352742963,0.4570836345552055,0.26642307705325335,0.37164647580319643
Local04D,agro_pheno__y2025_s2_fapar__amplitude,phenology,16,-0.19341118100660326,0.19341118100660326,1.0,0.04843205574912893,0.09982578397212545,0.5625,-0.04459930313588851,0.06228222996515681,0.75,-0.04459930313588851,0.06228222996515681,0.75,0.3329271199114594,0.3329271199114594,-0.2945765077942481,0.2945765077942481
Local04D,agro_pheno__y2025_s2_fapar__auc,phenology,16,0.16059836231427302,0.16059836231427302,0.875,0.06986062717770036,0.10940766550522651,0.6875,-0.1363240418118467,0.1363240418118467,0.9375,-0.1363240418118467,0.1363240418118467,0.9375,-0.4102284631077454,0.4102284631077454,0.05556296227133897,0.23965857705535043
Local04D,agro_pheno__y2025_s2_fapar__early_mean,phenology,16,0.445904061655938,0.445904061655938,1.0,0.1050522648083624,0.10688153310104533,0.875,-0.05113240418118468,0.10714285714285716,0.75,-0.05113240418118468,0.10714285714285716,0.75,-1.052195813898754,1.052195813898754,0.6784243102047455,0.6784243102047455
Local04D,agro_pheno__y2025_s2_fapar__greenup_slope,phenology,16,0.03235368690950742,0.09335218605873685,0.5625,-0.14120209059233452,0.16219512195121955,0.9375,-0.039721254355400706,0.07648083623693382,0.5625,-0.039721254355400706,0.07648083623693382,0.5625,-0.21683322669228006,0.2866014247923028,-0.3781278745247678,0.4391156359792161
Local04D,agro_pheno__y2025_s2_fapar__jun_to_aug_delta,phenology,16,-0.24918205585497027,0.24918205585497027,1.0,-0.1457317073170732,0.1457317073170732,0.8125,-0.13458188153310108,0.14364111498257842,0.75,-0.13458188153310108,0.14364111498257842,0.75,0.4905251284040325,0.4905251284040325,-0.3102667759781239,0.3743813749861128
Local04D,agro_pheno__y2025_s2_fapar__late_mean,phenology,16,0.04045101914111536,0.1127866948848407,0.5625,0.1045296167247387,0.11794425087108015,0.6875,-0.0838850174216028,0.08510452961672475,0.6875,-0.0838850174216028,0.08510452961672475,0.6875,-0.2663133339204689,0.2792671537108212,0.05541922673146554,0.1878084590769497
Local04D,agro_pheno__y2025_s2_fapar__peak_month,phenology,16,0.0821425639248254,0.13612715970842496,0.75,0.06786260725523013,0.16053803165768826,0.625,0.0019070096711034507,0.06504586837888121,0.5,0.0019070096711034507,0.06504586837888121,0.5,-0.109517325304516,0.1503303891471439,0.21660718189517345,0.39528558759288934
Local04D,agro_pheno__y2025_s2_fapar__season_mean,phenology,16,0.2226122868244813,0.2226122868244813,0.875,0.0667247386759582,0.11306620209059236,0.75,-0.1108885017421603,0.1108885017421603,0.9375,-0.1108885017421603,0.1108885017421603,0.9375,-0.6291210766237538,0.6291210766237538,0.17123021018824094,0.2403177783848441
Local04D,agro_pheno__y2025_s2_fapar__senescence_slope,phenology,16,0.15702882201019025,0.15702882201019025,0.9375,0.009581881533101048,0.06907665505226482,0.5,0.11689895470383277,0.1482578397212544,0.875,0.11689895470383277,0.1482578397212544,0.875,-0.3327733194889201,0.43940642838577987,0.1953523542127507,0.39860864870821955
Local04D,agro_pheno__y2025_s2_lai__amplitude,phenology,16,-0.14949520164091523,0.14949520164091523,0.9375,0.042421602787456464,0.08083623693379793,0.625,-0.0824912891986063,0.0824912891986063,0.9375,-0.0824912891986063,0.0824912891986063,0.9375,0.2722847772255071,0.31584971267422346,-0.28179708201899634,0.28179708201899634
Local04D,agro_pheno__y2025_s2_lai__auc,phenology,16,0.08885201237016478,0.10297540460662263,0.875,0.1045296167247387,0.10783972125435543,0.6875,-0.16036585365853662,0.16036585365853662,1.0,-0.16036585365853662,0.16036585365853662,1.0,-0.05571140958795112,0.15157934643457177,-0.01848257144526034,0.18698395820724797
Local04D,agro_pheno__y2025_s2_lai__early_mean,phenology,16,0.6320789912109719,0.6320789912109719,1.0,0.10087108013937283,0.1226480836236934,0.75,-0.0676829268292683,0.1060104529616725,0.6875,-0.0676829268292683,0.1060104529616725,0.6875,-0.8440749332302826,0.8440749332302826,0.8311944085677441,0.8311944085677441
Local04D,agro_pheno__y2025_s2_lai__greenup_slope,phenology,16,-0.04272231497243343,0.08802645653303139,0.5625,-0.1084494773519164,0.1486933797909408,0.8125,-0.043205574912892,0.0804878048780488,0.625,-0.043205574912892,0.0804878048780488,0.625,-0.006141583559845395,0.24383322903894553,-0.34283012920661765,0.4011012584313317
Local04D,agro_pheno__y2025_s2_lai__jun_to_aug_delta,phenology,16,-0.21076238860703156,0.21076238860703156,1.0,-0.09294425087108016,0.09904181184668992,0.625,-0.14782229965156796,0.16872822299651571,0.75,-0.14782229965156796,0.16872822299651571,0.75,0.3134793939823888,0.3503807755556734,-0.35147369491814084,0.35147369491814084
Local04D,agro_pheno__y2025_s2_lai__late_mean,phenology,16,0.030885536694580013,0.10759802353335723,0.5625,0.11385017421602789,0.12970383275261327,0.6875,-0.15662020905923346,0.15662020905923346,0.9375,-0.15662020905923346,0.15662020905923346,0.9375,-0.23407286982839548,0.3170648653610675,0.07088847995967532,0.2591896880448934
Local04D,agro_pheno__y2025_s2_lai__peak_month,phenology,16,-0.021171527307490473,0.08839753457870458,0.625,0.02667993420820268,0.08248498629955461,0.5625,-0.04075910131065958,0.05627475368713912,0.6875,-0.04075910131065958,0.05627475368713912,0.6875,0.05779672745065634,0.1908477995022576,0.08183170883849684,0.21289128119056847
Local04D,agro_pheno__y2025_s2_lai__season_mean,phenology,16,0.17439653172325048,0.17439653172325048,0.875,0.10060975609756101,0.10060975609756101,0.75,-0.14486062717770037,0.14486062717770037,1.0,-0.14486062717770037,0.14486062717770037,1.0,-0.24159416283857243,0.2714039066685653,0.13185761372461147,0.2499596015598884
Local04D,agro_pheno__y2025_s2_lai__senescence_slope,phenology,16,0.1671510142305329,0.1671510142305329,0.9375,0.007665505226480837,0.07804878048780489,0.5,0.1236062717770035,0.15644599303135892,0.875,0.1236062717770035,0.15644599303135892,0.875,-0.38453819499058317,0.41726775361827173,0.3231645403729176,0.4228799371740733
Local04D,agro_pheno__y2025_s2_msi__amplitude,phenology,16,-0.03049679727032642,0.07560009843446837,0.6875,-0.040679442508710806,0.1255226480836237,0.6875,-0.06707317073170732,0.07970383275261325,0.8125,-0.06707317073170732,0.07970383275261325,0.8125,0.19109338033997145,0.21106811033502187,0.0417268153806032,0.19442286602531023
Local04D,agro_pheno__y2025_s2_msi__auc,phenology,16,-0.03476589766429617,0.05782758648049413,0.75,0.020209059233449483,0.0946864111498258,0.5625,0.07168989547038329,0.11559233449477355,0.8125,0.07168989547038329,0.11559233449477355,0.8125,0.48962121894446053,0.48962121894446053,0.27859657408037936,0.4361803716628943
Local04D,agro_pheno__y2025_s2_msi__early_mean,phenology,16,-0.07210959088103092,0.0811076356618245,0.75,-0.011498257839721259,0.12090592334494776,0.5,0.007926829268292685,0.07500000000000001,0.5625,0.007926829268292685,0.07500000000000001,0.5625,0.4862441799466909,0.4862441799466909,0.22548449063309134,0.4440128500243341
Local04D,agro_pheno__y2025_s2_msi__greenup_slope,phenology,16,-0.2027818961449469,0.2027818961449469,0.9375,0.08222996515679445,0.09155052264808364,0.9375,0.0436411149825784,0.0656794425087108,0.8125,0.0436411149825784,0.0656794425087108,0.8125,0.5570612222926364,0.5570612222926364,0.2080815797376654,0.3099909506577464
Local04D,agro_pheno__y2025_s2_msi__jun_to_aug_delta,phenology,16,0.21306853362135802,0.21306853362135802,1.0,0.08667247386759584,0.1000871080139373,0.6875,0.06315331010452963,0.104006968641115,0.625,0.06315331010452963,0.104006968641115,0.625,-0.5656760941105128,0.5656760941105128,-0.05576269890932688,0.24197711525180823
Local04D,agro_pheno__y2025_s2_msi__late_mean,phenology,16,-0.07236964673851187,0.08517960185904777,0.625,0.006620209059233451,0.06602787456445995,0.5,0.05156794425087109,0.07691637630662022,0.75,0.05156794425087109,0.07691637630662022,0.75,0.3927763214011044,0.3927763214011044,0.059707892675036546,0.2118662513585548
Local04D,agro_pheno__y2025_s2_msi__peak_month,phenology,16,-0.09600292589667758,0.12751101809969873,0.8125,-0.0021172447520207797,0.09608889901225648,0.5,-0.04225771273642583,0.06338259688532757,0.6875,-0.04225771273642583,0.06338259688532757,0.6875,0.30928345150901015,0.34178272320475117,-0.15328747213890068,0.2117793624007545
Local04D,agro_pheno__y2025_s2_msi__season_mean,phenology,16,-0.05261367442299166,0.0633315434250988,0.8125,-0.0071428571428571435,0.09738675958188156,0.5,0.04059233449477353,0.06428571428571431,0.75,0.04059233449477353,0.06428571428571431,0.75,0.500538616560019,0.500538616560019,0.23440385456835025,0.42734493492698467
Local04D,agro_pheno__y2025_s2_msi__senescence_slope,phenology,16,-0.15858661629122972,0.15858661629122972,0.875,-0.028832752613240423,0.03754355400696865,0.6875,-0.12805120115609414,0.16141114982578397,0.875,-0.12805120115609414,0.16141114982578397,0.875,0.2724434755141054,0.3669367082871179,-0.22458513116721338,0.32235973361431336
Local04D,agro_pheno__y2025_s2_ndvi__amplitude,phenology,16,-0.22471421870063116,0.22471421870063116,1.0,0.01393728222996516,0.10818815331010453,0.5625,-0.06541811846689896,0.07770034843205577,0.875,-0.06541811846689896,0.07770034843205577,0.875,0.24088082056817242,0.26417123496530404,-0.28461818601437283,0.35631035100439185
Local04D,agro_pheno__y2025_s2_ndvi__auc,phenology,16,0.2372170238906293,0.2372170238906293,1.0,0.08719512195121952,0.11202090592334496,0.75,-0.12047038327526136,0.12047038327526136,0.875,-0.12047038327526136,0.12047038327526136,0.875,-0.49159697168472,0.49159697168472,0.1887768212373935,0.1887768212373935
Local04D,agro_pheno__y2025_s2_ndvi__early_mean,phenology,16,0.5786361247371976,0.5786361247371976,1.0,0.1084494773519164,0.1128919860627178,0.6875,-0.10078397212543555,0.12273519163763069,0.6875,-0.10078397212543555,0.12273519163763069,0.6875,-0.9486670678370454,0.9486670678370454,0.9203590872502224,0.9203590872502224
Local04D,agro_pheno__y2025_s2_ndvi__greenup_slope,phenology,16,-0.03182134184808206,0.08970185299734201,0.5625,-0.1065331010452962,0.1698606271777004,0.8125,-0.04059233449477353,0.08527874564459932,0.5625,-0.04059233449477353,0.08527874564459932,0.5625,-0.09764914753717874,0.23387835775317858,-0.39948599820618247,0.45689821893267024
Local04D,agro_pheno__y2025_s2_ndvi__jun_to_aug_delta,phenology,16,-0.30295865189749016,0.30295865189749016,1.0,-0.14050522648083624,0.14050522648083624,0.75,-0.10653310104529619,0.11611498257839724,0.75,-0.10653310104529619,0.11611498257839724,0.75,0.41067231676060534,0.41067231676060534,-0.3806160837054176,0.3936939950377564
Local04D,agro_pheno__y2025_s2_ndvi__late_mean,phenology,16,0.10339520515425438,0.13620595051993034,0.75,0.1520034843205575,0.1653310104529617,0.75,-0.04442508710801395,0.09721254355400699,0.5625,-0.04442508710801395,0.09721254355400699,0.5625,-0.31337672683720363,0.31337672683720363,0.32832345492230947,0.32832345492230947
Local04D,agro_pheno__y2025_s2_ndvi__peak_month,phenology,16,0.08883258223111531,0.08883258223111531,0.8125,0.14132607105858308,0.14763385836626108,0.875,0.07528163389822709,0.0773343024145482,0.875,0.07528163389822709,0.0773343024145482,0.875,-0.03983037296096081,0.14607974247802494,0.46309910852184405,0.46310582492141333
Local04D,agro_pheno__y2025_s2_ndvi__season_mean,phenology,16,0.35106976023389014,0.35106976023389014,1.0,0.10949477351916378,0.10949477351916378,0.75,-0.11306620209059236,0.11454703832752616,0.8125,-0.11306620209059236,0.11454703832752616,0.8125,-0.718596905373577,0.718596905373577,0.3434620289371876,0.3434620289371876
Local04D,agro_pheno__y2025_s2_ndvi__senescence_slope,phenology,16,0.16256256904828142,0.16256256904828142,0.9375,0.022735191637630665,0.07273519163763068,0.5625,0.12552264808362373,0.1609756097560976,0.875,0.12552264808362373,0.1609756097560976,0.875,-0.34349287609916895,0.4553490458908439,0.24682220754856607,0.3621628341651832
Local04D,agro_pheno__y2025_s2_ndwi__amplitude,phenology,16,-0.05578780832475168,0.09241707909818223,0.6875,-0.08876306620209061,0.10853658536585369,0.75,-0.1299651567944251,0.1299651567944251,0.8125,-0.1299651567944251,0.1299651567944251,0.8125,0.08268071361224086,0.10500487520125037,-0.2174787638533464,0.23114482742918427
Local04D,agro_pheno__y2025_s2_ndwi__auc,phenology,16,0.010271822847608515,0.05693330356012197,0.625,-0.01350174216027875,0.07465156794425087,0.5,-0.11123693379790942,0.11768292682926831,0.8125,-0.11123693379790942,0.11768292682926831,0.8125,-0.43290629302804867,0.43290629302804867,-0.26640838219126417,0.28553192373876907
Local04D,agro_pheno__y2025_s2_ndwi__early_mean,phenology,16,0.08678076527520347,0.08678076527520347,0.875,0.006707317073170733,0.10566202090592336,0.5625,-0.002526132404181185,0.08475609756097563,0.5,-0.002526132404181185,0.08475609756097563,0.5,-0.5570844564253348,0.5570844564253348,-0.18111480422370008,0.3290089416172704
Local04D,agro_pheno__y2025_s2_ndwi__greenup_slope,phenology,16,0.1239359009806971,0.1239359009806971,0.8125,-0.12979094076655054,0.15191637630662025,0.9375,-0.06141114982578398,0.08693379790940768,0.8125,-0.06141114982578398,0.08693379790940768,0.8125,-0.44985700116061633,0.44985700116061633,-0.378475222902646,0.42263682242866246
Local04D,agro_pheno__y2025_s2_ndwi__jun_to_aug_delta,phenology,16,-0.20263486888262341,0.20263486888262341,1.0,-0.11959930313588854,0.11959930313588854,0.75,-0.08867595818815333,0.12386759581881536,0.6875,-0.08867595818815333,0.12386759581881536,0.6875,0.411985096423759,0.411985096423759,-0.05195239618739883,0.18946791283856956
Local04D,agro_pheno__y2025_s2_ndwi__late_mean,phenology,16,0.047477485141817946,0.07358773273720812,0.625,0.0067073170731707325,0.06637630662020907,0.5625,-0.053135888501742175,0.07273519163763068,0.75,-0.053135888501742175,0.07273519163763068,0.75,-0.3358866842004875,0.3358866842004875,-0.08032369137711691,0.23102484707882387
Local04D,agro_pheno__y2025_s2_ndwi__peak_month,phenology,16,0.1200938580301504,0.13807974785465277,0.6875,-0.06617402717144201,0.13631987164714,0.625,-0.005478942884836553,0.05549856216542499,0.5625,-0.005478942884836553,0.05549856216542499,0.5625,0.026430072628785203,0.13566998442371211,0.17852458189193757,0.43458582995341805
Local04D,agro_pheno__y2025_s2_ndwi__season_mean,phenology,16,0.053593159181358915,0.07404378978089693,0.75,0.008362369337979094,0.09660278745644602,0.5,-0.08954703832752614,0.09277003484320559,0.75,-0.08954703832752614,0.09277003484320559,0.75,-0.4924224513438771,0.4924224513438771,-0.11531795265746918,0.3501217138121661
Local04D,agro_pheno__y2025_s2_ndwi__senescence_slope,phenology,16,0.16578874609550448,0.16578874609550448,0.875,0.031184668989547044,0.04599303135888502,0.75,0.14721254355400698,0.1814459930313589,0.875,0.14721254355400698,0.1814459930313589,0.875,-0.24413471673118795,0.3503810407383593,0.23351897758655968,0.3762899454333226
Local04D,agro_sensor__s2_planet_evi__monthly_rmse,sensor_agreement,16,-0.1392837409652697,0.1392837409652697,0.75,0.10513937282229967,0.10513937282229967,0.8125,-0.10087108013937285,0.11001742160278749,0.625,-0.10087108013937285,0.11001742160278749,0.625,0.09879429138071218,0.20850647962429908,-0.28353225327256215,0.28353225327256215
Local04D,agro_sensor__s2_planet_evi__season_mean_difference,sensor_agreement,16,-0.0574645771005725,0.0810821951995894,0.875,0.058275261324041816,0.0937282229965157,0.6875,0.03423344947735193,0.08554006968641116,0.5625,0.03423344947735193,0.08554006968641116,0.5625,-0.07650154698324561,0.2426795204531994,0.03273892142771535,0.16889472743262482
Local04D,agro_sensor__s2_planet_evi__season_mean_ratio,sensor_agreement,16,-0.0986606415530698,0.1177060560990951,0.9375,0.05243902439024391,0.08310104529616727,0.6875,0.041376306620209066,0.08397212543554008,0.5625,0.041376306620209066,0.08397212543554008,0.5625,-0.04801040279213418,0.231588828130794,0.014731465970889607,0.16305619881035144
Local04D,agro_sensor__s2_planet_lai__monthly_rmse,sensor_agreement,16,0.1472970977905061,0.1472970977905061,0.75,0.01986062717770035,0.09259581881533102,0.5,0.1020905923344948,0.12343205574912894,0.75,0.1020905923344948,0.12343205574912894,0.75,-0.05126798611838625,0.16188309780114143,0.6037723270632399,0.6037723270632399
Local04D,agro_sensor__s2_planet_lai__season_mean_difference,sensor_agreement,16,-0.20057939288100957,0.20057939288100957,0.875,-0.0667247386759582,0.13222996515679444,0.5625,-0.08083623693379792,0.0990418118466899,0.6875,-0.08083623693379792,0.0990418118466899,0.6875,0.12386132053688294,0.22740234793921799,-0.5855716233487284,0.5855716233487284
Local04D,agro_sensor__s2_planet_lai__season_mean_ratio,sensor_agreement,16,0.13809997614242414,0.15116480018478068,0.875,0.05644599303135889,0.08458188153310106,0.75,-0.18362369337979095,0.18362369337979095,1.0,-0.18362369337979095,0.18362369337979095,1.0,-0.16467816343250113,0.2034716374157977,-0.07082430013639669,0.17244404087681228
Local04D,agro_sensor__s2_planet_ndvi__monthly_rmse,sensor_agreement,16,-0.06509376759850778,0.08399468506128085,0.8125,-0.05034843205574914,0.09059233449477354,0.6875,-0.06445993031358886,0.08745644599303137,0.625,-0.06445993031358886,0.08745644599303137,0.625,0.1677449068294071,0.20669764825700349,-0.06348235612092848,0.2067771133701242
Local04D,agro_sensor__s2_planet_ndvi__season_mean_difference,sensor_agreement,16,0.09041020899864019,0.10225159575542005,0.8125,-0.03257839721254356,0.08963414634146342,0.625,0.015592334494773524,0.09085365853658539,0.625,0.015592334494773524,0.09085365853658539,0.625,-0.3111923048261671,0.33615894232151244,-0.0011754455790884207,0.21700572220003664
Local04D,agro_sensor__s2_planet_ndvi__season_mean_ratio,sensor_agreement,16,0.31619927452134056,0.31619927452134056,1.0,0.06472125435540071,0.1064459930313589,0.6875,-0.09033101045296169,0.09337979094076657,0.8125,-0.09033101045296169,0.09337979094076657,0.8125,-0.6205116160298589,0.6205116160298589,0.291780177656718,0.291780177656718
Local04D,agro_soil__bdod__gradient_0_30_minus_30_60,soil_profile,16,0.17434661213418473,0.17434661213418473,1.0,0.024608600133599924,0.06541811846689896,0.625,0.059757159923234215,0.07500170736791562,0.6875,0.059757159923234215,0.07500170736791562,0.6875,-0.3993922768664028,0.3993922768664028,0.17246576495033678,0.2732245967569685
Local04D,agro_soil__bdod__ratio_0_30_to_30_60,soil_profile,16,0.1699344904563642,0.1699344904563642,1.0,0.02238675958188154,0.06689895470383278,0.6875,0.059146341463414645,0.07587108013937283,0.6875,0.059146341463414645,0.07587108013937283,0.6875,-0.4004760541930777,0.4004760541930777,0.18967980394421838,0.2867958382863425
Local04D,agro_soil__bdod_x_clay,soil_interaction,16,-0.19864630598783634,0.19864630598783634,0.9375,-0.04608013937282231,0.11158536585365855,0.75,-0.04817073170731708,0.08057491289198608,0.75,-0.04817073170731708,0.08057491289198608,0.75,0.6569999106759221,0.6569999106759221,-0.8390852145837174,0.8390852145837174
Local04D,agro_soil__cec__gradient_0_30_minus_30_60,soil_profile,16,-0.029553379043025383,0.07997428383078019,0.5625,-0.13196864111498263,0.1386790428328542,0.875,-0.06794573817824219,0.06794573817824219,0.75,-0.06794573817824219,0.06794573817824219,0.75,-0.17341658688006784,0.2293911926358167,-0.002845615049068798,0.2937358880399699
Local04D,agro_soil__cec__ratio_0_30_to_30_60,soil_profile,16,-0.01143910293990762,0.09212862557573435,0.5,-0.11411149825783974,0.12421602787456448,0.8125,-0.07665505226480838,0.07665505226480838,0.75,-0.07665505226480838,0.07665505226480838,0.75,-0.23555795648544864,0.23752506904110715,-0.0001673237134723941,0.2553141792898334
Local04D,agro_soil__cfvo__gradient_0_30_minus_30_60,soil_profile,16,-0.07787016950802624,0.08340219478143898,0.75,-0.015505226480836241,0.09956445993031363,0.5,-0.011759581881533102,0.06419860627177701,0.5625,-0.011759581881533102,0.06419860627177701,0.5625,0.19972223664535488,0.19972223664535488,-0.24431355671159374,0.3664176724616976
Local04D,agro_soil__cfvo__ratio_0_30_to_30_60,soil_profile,16,0.062247540432798426,0.09800120129907727,0.6875,0.009233449477351918,0.060191637630662036,0.5,-0.011759581881533103,0.10426829268292685,0.5625,-0.011759581881533103,0.10426829268292685,0.5625,-0.08996114718304617,0.21369058025330456,-0.2569990332886755,0.3363943732420893
Local04D,agro_soil__clay__gradient_0_30_minus_30_60,soil_profile,16,0.2110288760222827,0.2110288760222827,1.0,-0.01707317073170732,0.08222996515679445,0.6875,-0.09547038327526133,0.09547038327526133,0.75,-0.09547038327526133,0.09547038327526133,0.75,-0.311646424737158,0.311646424737158,0.5887322065706688,0.5887322065706688
Local04D,agro_soil__clay__ratio_0_30_to_30_60,soil_profile,16,0.22491599206435747,0.22491599206435747,1.0,-0.010888501742160281,0.08710801393728225,0.5,-0.11864111498257843,0.11864111498257843,0.75,-0.11864111498257843,0.11864111498257843,0.75,-0.3165535456809825,0.3165535456809825,0.48633016435773874,0.49133371363839734
Local04D,agro_soil__clay_to_sand,soil_interaction,16,-0.00720097575538693,0.07846603129831015,0.5,-0.09433797909407668,0.0986062717770035,0.75,-0.07865853658536587,0.07865853658536587,0.8125,-0.07865853658536587,0.07865853658536587,0.8125,0.21733128182702655,0.24238520970041583,-0.5681664690503003,0.5681664690503003
Local04D,agro_soil__clay_x_cec,soil_interaction,16,-0.26705991183320454,0.26705991183320454,0.9375,-0.1505226480836237,0.16350174216027877,0.8125,-0.006707317073170733,0.08031358885017423,0.5625,-0.006707317073170733,0.08031358885017423,0.5625,0.6054304736246461,0.6054304736246461,-0.7439645279112582,0.7439645279112582
Local04D,agro_soil__clay_x_soc,soil_interaction,16,0.37803432026268735,0.37803432026268735,1.0,-0.02961672473867596,0.12038327526132406,0.6875,0.010017421602787457,0.04425087108013938,0.5,0.010017421602787457,0.04425087108013938,0.5,-1.0510514457212337,1.0510514457212337,-0.0385509142793056,0.23678590017838236
Local04D,agro_soil__fine_fraction,soil_interaction,16,0.12393442607574004,0.12756709366647223,0.75,-0.05034843205574914,0.10305326896834746,0.6875,-0.13275544367700715,0.13275544367700715,0.875,-0.13275544367700715,0.13275544367700715,0.875,0.013055322361962956,0.22563770389227394,-0.048581489307427846,0.3219283592332656
Local04D,agro_soil__nitrogen__gradient_0_30_minus_30_60,soil_profile,16,0.2996135528625663,0.2996135528625663,1.0,0.08824041811846692,0.09455781504409776,0.75,0.11445993031358886,0.11445993031358886,0.75,0.11445993031358886,0.11445993031358886,0.75,-0.8986748275569524,0.8986748275569524,0.5193243349725168,0.5193243349725168
Local04D,agro_soil__nitrogen__ratio_0_30_to_30_60,soil_profile,16,0.18474833582506112,0.18474833582506112,1.0,0.08675958188153313,0.08972125435540071,0.75,0.16054006968641119,0.16054006968641119,0.8125,0.16054006968641119,0.16054006968641119,0.8125,-0.5837610192707193,0.5837610192707193,0.3690794000684008,0.3690794000684008
Local04D,agro_soil__phh2o__gradient_0_30_minus_30_60,soil_profile,16,0.23438397538885536,0.23438397538885536,0.9375,0.10990346309701758,0.13564700569877003,0.8125,-0.06011506149542796,0.08882004475297686,0.6875,-0.06011506149542796,0.08882004475297686,0.6875,-0.6505835904478745,0.6505835904478745,0.5005992389887358,0.5005992389887358
Local04D,agro_soil__phh2o__ratio_0_30_to_30_60,soil_profile,16,0.239138976028201,0.239138976028201,0.9375,0.10265872375083175,0.1304878048780488,0.8125,-0.05919151746990311,0.09364315244162436,0.6875,-0.05919151746990311,0.09364315244162436,0.6875,-0.636932858004372,0.636932858004372,0.5158026260119727,0.5158026260119727
Local04D,agro_soil__phh2o_squared,soil_interaction,16,0.09485934927344218,0.11541691218108271,0.8125,-0.06381967636995654,0.08519390452606644,0.6875,-0.06023283471807445,0.07646393701492116,0.75,-0.06023283471807445,0.07646393701492116,0.75,0.19090505544565173,0.19090505544565173,0.0003941885013627378,0.10458315997179865
Local04D,agro_soil__sand__gradient_0_30_minus_30_60,soil_profile,16,-0.2526610601054019,0.2526610601054019,1.0,0.019686411149825788,0.09425087108013938,0.6875,0.13275261324041815,0.13275261324041815,0.9375,0.13275261324041815,0.13275261324041815,0.9375,0.3582216557660522,0.3582216557660522,-0.5014417204733463,0.5014417204733463
Local04D,agro_soil__sand__ratio_0_30_to_30_60,soil_profile,16,-0.20899477355340865,0.20899477355340865,1.0,0.001916376306620209,0.10479094076655054,0.5,0.09067944250871082,0.09067944250871082,0.8125,0.09067944250871082,0.09067944250871082,0.8125,0.30520813205336095,0.30520813205336095,-0.4961463846895045,0.4961463846895045
Local04D,agro_soil__silt__gradient_0_30_minus_30_60,soil_profile,16,-0.03941405306640054,0.07721678651470595,0.8125,0.028310104529616728,0.06898954703832755,0.625,-0.17831010452961676,0.17831010452961676,0.9375,-0.17831010452961676,0.17831010452961676,0.9375,0.09923182975773547,0.14063379913202373,-0.402090843072004,0.40470391011292606
Local04D,agro_soil__silt__ratio_0_30_to_30_60,soil_profile,16,-0.07359225196560419,0.076169828608385,0.8125,0.03423344947735193,0.0628048780487805,0.6875,-0.1310975609756098,0.1310975609756098,0.875,-0.1310975609756098,0.1310975609756098,0.875,0.15182910638644143,0.15182910638644143,-0.4504674520773836,0.46039945807142224
Local04D,agro_soil__soc__gradient_0_30_minus_30_60,soil_profile,16,0.3109976753778706,0.3109976753778706,1.0,0.10296167247386762,0.14120209059233452,0.8125,-0.021515679442508717,0.0776583595123431,0.6875,-0.021515679442508717,0.0776583595123431,0.6875,-0.8158730353096426,0.8158730353096426,0.44213487855176103,0.44213487855176103
Local04D,agro_soil__soc__ratio_0_30_to_30_60,soil_profile,16,0.05335933495387978,0.07788161749200703,0.6875,0.1903310104529617,0.1903310104529617,0.75,-0.006707317073170736,0.06271777003484322,0.5,-0.006707317073170736,0.06271777003484322,0.5,-0.2634596277848736,0.37948584458497614,0.19420651767445413,0.2683056772971052
Local04D,agro_soil__soc_x_cec,soil_interaction,16,0.4041653019391046,0.4041653019391046,1.0,0.00662020905923345,0.1418989547038328,0.5625,0.007055749128919863,0.13484320557491292,0.5,0.007055749128919863,0.13484320557491292,0.5,-0.9612015404782347,0.9612015404782347,0.5625085112013273,0.5625085112013273
Local04D,agro_soil__soc_x_nitrogen,soil_interaction,16,0.4762956353933837,0.4762956353933837,1.0,0.03205574912891987,0.08850174216027876,0.5,-0.008188153310104529,0.06811846689895472,0.5,-0.008188153310104529,0.06811846689895472,0.5,-1.2338907233222751,1.2338907233222751,0.6184944629015128,0.6184944629015128
Local04D,agro_thermal__2025__dtr_m04,thermal,16,-0.6717853650138956,0.6717853650138956,1.0,0.0006110155104564943,0.08461367710609559,0.5,0.002112244015013901,0.06933391418375814,0.5,0.002112244015013901,0.06933391418375814,0.5,1.761252446126945,1.761252446126945,-0.6145894581901479,0.6145894581901479
Local04D,agro_thermal__2025__dtr_m05,thermal,16,-0.6874819264966175,0.6874819264966175,1.0,-0.019414014245650788,0.10135830399173837,0.5,-0.015579770356040044,0.09406417333051571,0.5625,-0.015579770356040044,0.09406417333051571,0.5625,1.5990188470285354,1.5990188470285354,-0.6545048020122223,0.6545048020122223
Local04D,agro_thermal__2025__dtr_m06,thermal,16,-0.6693678731229282,0.6693678731229282,1.0,0.0066276337463589295,0.10847286971277705,0.5,0.03722352473505855,0.07091302971992518,0.5625,0.03722352473505855,0.07091302971992518,0.5625,1.6938920203754628,1.6938920203754628,-0.5586858349489342,0.5586858349489342
Local04D,agro_thermal__2025__dtr_m07,thermal,16,-0.5774415201901397,0.5774415201901397,1.0,0.013014015505265111,0.08878959942196638,0.5,0.0472345630154626,0.08237766152441216,0.625,0.0472345630154626,0.08237766152441216,0.625,1.6282344262881057,1.6282344262881057,-0.5389074179810344,0.5389074179810344
Local04D,agro_thermal__2025__dtr_m08,thermal,16,-0.5668117895754692,0.5668117895754692,1.0,0.023616301504831183,0.086995246818214,0.5,0.06273722985468326,0.07955802057840972,0.8125,0.06273722985468326,0.07955802057840972,0.8125,1.5598154961938864,1.5598154961938864,-0.5124041764338281,0.5124041764338281
Local04D,agro_thermal__2025__dtr_m09,thermal,16,-0.6766004959618215,0.6766004959618215,1.0,-0.002323927871804683,0.09608727559124797,0.5,0.039730896826315754,0.06941448744765512,0.5625,0.039730896826315754,0.06941448744765512,0.5625,1.6703042738985308,1.6703042738985308,-0.5602879748024517,0.5602879748024517
Local04D,agro_thermal__2025__dtr_m10,thermal,16,-0.582113087656017,0.582113087656017,1.0,0.010293187217580194,0.07589390735450334,0.5,0.045999183850360434,0.08123044888899526,0.6875,0.045999183850360434,0.08123044888899526,0.6875,1.630172890579205,1.630172890579205,-0.5440964592444129,0.5440964592444129
Local04D,agro_thermal__2025__gdd_proxy_base0p0c,thermal,16,0.4559215334303182,0.4559215334303182,1.0,0.06455791463658553,0.14030680771729903,0.5625,-0.06563593915337751,0.10235856183472303,0.75,-0.06563593915337751,0.10235856183472303,0.75,-1.2063869020699505,1.2063869020699505,0.32808943079431657,0.32808943079431657
Local04D,agro_thermal__2025__gdd_proxy_base5p0c,thermal,16,0.4559215334303182,0.4559215334303182,1.0,0.06455791463658553,0.14030680771729903,0.5625,-0.06563593915337751,0.10235856183472303,0.75,-0.06563593915337751,0.10235856183472303,0.75,-1.20638690206995,1.20638690206995,0.32808943079431696,0.32808943079431696
Local04D,agro_thermal__2025__season_dtr,thermal,16,-0.6681779193186046,0.6681779193186046,1.0,0.007590416251882687,0.10847286971277705,0.5,0.035282214618469414,0.07056036360118408,0.5625,0.035282214618469414,0.07056036360118408,0.5625,1.7287039223531329,1.7287039223531329,-0.5895750220010864,0.5895750220010864
Local04D,agro_thermal__2025__season_tmean,thermal,16,0.4559215334303182,0.4559215334303182,1.0,0.06455791463658553,0.14030680771729903,0.5625,-0.06563593915337751,0.10235856183472303,0.75,-0.06563593915337751,0.10235856183472303,0.75,-1.2065062953929113,1.2065062953929113,0.32830978966160496,0.32830978966160496
Local04D,agro_thermal__2025__tmean_m04,thermal,16,0.6803654087760184,0.6803654087760184,1.0,-0.0026477945678649,0.09492892208675166,0.5625,-0.012198557276098133,0.0705999703859815,0.5,-0.012198557276098133,0.0705999703859815,0.5,-1.6308880361220708,1.6308880361220708,0.583235744441414,0.583235744441414
Local04D,agro_thermal__2025__tmean_m05,thermal,16,0.504615539986196,0.504615539986196,1.0,0.056987466244505694,0.10927421575602654,0.5625,-0.0693063051669636,0.10907975375509332,0.8125,-0.0693063051669636,0.10907975375509332,0.8125,-1.5372741747793413,1.5372741747793413,0.5006023982105129,0.5006023982105129
Local04D,agro_thermal__2025__tmean_m06,thermal,16,0.4437026228029549,0.4437026228029549,1.0,0.06326004764738778,0.14862507653407714,0.5625,-0.07243287278171157,0.10554305191185287,0.75,-0.07243287278171157,0.10554305191185287,0.75,-0.9945553879971842,0.9945553879971842,0.24198723750564352,0.30624684462789936
Local04D,agro_thermal__2025__tmean_m07,thermal,16,0.2946160285180578,0.2946160285180578,1.0,0.014837590693726128,0.1607081388856105,0.5,-0.07153851504262282,0.10041232140976054,0.75,-0.07153851504262282,0.10041232140976054,0.75,-0.9914611770044095,0.9914611770044095,0.21425381068842364,0.29067627425941167
Local04D,agro_thermal__2025__tmean_m08,thermal,16,0.3487819257773359,0.3487819257773359,1.0,0.03216824330380571,0.13266938392043257,0.5625,-0.08643096293776699,0.1085554508408994,0.8125,-0.08643096293776699,0.1085554508408994,0.8125,-1.0217153115220245,1.0217153115220245,0.24118341594511114,0.305134901462266
Local04D,agro_thermal__2025__tmean_m09,thermal,16,0.20970336145429405,0.20970336145429405,1.0,-0.004917660068547037,0.17522430662050065,0.5,-0.0416325216237276,0.06988885688278801,0.6875,-0.0416325216237276,0.06988885688278801,0.6875,-0.6858495121129045,0.6858495121129045,0.05931212675642601,0.31261435778710756
Local04D,agro_thermal__2025__tmean_m10,thermal,16,0.4250131063432251,0.4250131063432251,1.0,0.04314986355807711,0.16181136421304276,0.5625,-0.03008577857493761,0.08042837145290153,0.6875,-0.03008577857493761,0.08042837145290153,0.6875,-1.0130536325023272,1.0130536325023272,0.22628013731188884,0.29623786872144015
Local04D,agro_thermal__historical__dtr_m04,thermal,16,-0.682089939740042,0.682089939740042,1.0,-0.008138325712449268,0.08652963408637623,0.5,-0.006300806033936396,0.06985925200349781,0.5,-0.006300806033936396,0.06985925200349781,0.5,1.7325080569540188,1.7325080569540188,-0.6473790083738404,0.6473790083738404
Local04D,agro_thermal__historical__dtr_m05,thermal,16,-0.6998161766469377,0.6998161766469377,1.0,0.007241250730834263,0.09376244283653018,0.5625,-0.018818574718977094,0.08344131340846428,0.5625,-0.018818574718977094,0.08344131340846428,0.5625,1.7795847085024539,1.7795847085024539,-0.6445856078803687,0.6445856078803687
Local04D,agro_thermal__historical__dtr_m06,thermal,16,-0.671096885184812,0.671096885184812,1.0,0.003795867787512184,0.1045947373692315,0.5,0.02925241105078405,0.07020695557496584,0.5625,0.02925241105078405,0.07020695557496584,0.5625,1.7464169021875704,1.7464169021875704,-0.5968670576989769,0.5968670576989769
Local04D,agro_thermal__historical__dtr_m07,thermal,16,-0.6732055962264838,0.6732055962264838,1.0,0.012996924522500654,0.08011561996873715,0.5625,0.05111357085077791,0.08521295094082007,0.6875,0.05111357085077791,0.08521295094082007,0.6875,1.6781891037493297,1.6781891037493297,-0.562572763240675,0.562572763240675
Local04D,agro_thermal__historical__dtr_m08,thermal,16,-0.5801275960016983,0.5801275960016983,1.0,0.029327590614031913,0.08014660427873709,0.5625,0.05551827356411895,0.08061739040354596,0.75,0.05551827356411895,0.08061739040354596,0.75,1.5922688908092182,1.5922688908092182,-0.5232630872028774,0.5232630872028774
Local04D,agro_thermal__historical__dtr_m09,thermal,16,-0.6732055962264838,0.6732055962264838,1.0,0.012996924522500654,0.08029355623476067,0.5625,0.05111357085077791,0.08679994847515504,0.6875,0.05111357085077791,0.08679994847515504,0.6875,1.640029028315392,1.640029028315392,-0.5410402929353096,0.5410402929353096
Local04D,agro_thermal__historical__dtr_m10,thermal,16,-0.5903159374301588,0.5903159374301588,1.0,0.021816684449587884,0.08240825851462508,0.5625,0.04762152979928227,0.07577852547264378,0.75,0.04762152979928227,0.07577852547264378,0.75,1.6335750768112127,1.6335750768112127,-0.5488761847592505,0.5488761847592505
Local04D,agro_thermal__historical__gdd_proxy_base0p0c,thermal,16,0.428304776375256,0.428304776375256,1.0,0.06070081916994492,0.1477408667027042,0.5625,-0.06803649592351411,0.09764683839667365,0.75,-0.06803649592351411,0.09764683839667365,0.75,-1.0182812544941933,1.0182812544941933,0.2679397772944997,0.360637503950439
Local04D,agro_thermal__historical__gdd_proxy_base5p0c,thermal,16,0.428304776375256,0.428304776375256,1.0,0.06070081916994492,0.1477408667027042,0.5625,-0.06803649592351411,0.09764683839667365,0.75,-0.06803649592351411,0.09764683839667365,0.75,-1.0182812544941808,1.0182812544941808,0.26793977729449986,0.3606375039504405
Local04D,agro_thermal__historical__season_dtr,thermal,16,-0.6693678731229282,0.6693678731229282,1.0,0.006274652493859347,0.10662639143233413,0.5,0.03722352473505855,0.07068400570156035,0.5625,0.03722352473505855,0.07068400570156035,0.5625,1.732571465392906,1.732571465392906,-0.5907266934200319,0.5907266934200319
Local04D,agro_thermal__historical__season_tmean,thermal,16,0.428304776375256,0.428304776375256,1.0,0.06070081916994492,0.1477408667027042,0.5625,-0.06803649592351411,0.09764683839667365,0.75,-0.06803649592351411,0.09764683839667365,0.75,-1.0198965263798032,1.0198965263798032,0.2688351623171476,0.35875771941270956
Local04D,agro_thermal__historical__tmean_m04,thermal,16,0.673860977626086,0.673860977626086,1.0,-0.005289061523959241,0.09994342062283135,0.5,-0.013463326921246544,0.06936098653358999,0.5,-0.013463326921246544,0.06936098653358999,0.5,-1.5964134125041605,1.5964134125041605,0.5386696238678917,0.5386696238678917
Local04D,agro_thermal__historical__tmean_m05,thermal,16,0.5801351928379657,0.5801351928379657,1.0,-0.0016928509462146302,0.08388008030408566,0.5,-0.028110459809920017,0.07706007943101759,0.5625,-0.028110459809920017,0.07706007943101759,0.5625,-1.5315446403372819,1.5315446403372819,0.5111206266417497,0.5111206266417497
Local04D,agro_thermal__historical__tmean_m06,thermal,16,0.4318839572247331,0.4318839572247331,1.0,0.06246699520130684,0.14481086760962775,0.5625,-0.03889479166719181,0.0727206134839421,0.6875,-0.03889479166719181,0.0727206134839421,0.6875,-0.8956510425898421,0.8956510425898421,0.23957548866775244,0.35600210238691976
Local04D,agro_thermal__historical__tmean_m07,thermal,16,0.22266929751743675,0.22266929751743675,1.0,-0.012858149404751966,0.17558269333956,0.5,-0.04017425773000505,0.0774903164163175,0.6875,-0.04017425773000505,0.0774903164163175,0.6875,-0.7749542705003715,0.7749542705003715,0.10476353948733995,0.25592108134854297
Local04D,agro_thermal__historical__tmean_m08,thermal,16,0.20970521138739762,0.20970521138739762,1.0,-0.009022372021500812,0.17434078655495505,0.5,-0.029572007399736804,0.0647909498449442,0.6875,-0.029572007399736804,0.0647909498449442,0.6875,-0.6748310466684915,0.6748310466684915,0.06959938857553588,0.297270937737394
Local04D,agro_thermal__historical__tmean_m09,thermal,16,0.06877476615350138,0.09603709771076219,0.75,-0.01239238773515831,0.12464791911534122,0.5,-0.07346925888116394,0.08297394345100437,0.875,-0.07346925888116394,0.08297394345100437,0.875,-0.029936979254213427,0.32747654333216947,-0.22429907829002005,0.44058081055219966
Local04D,agro_thermal__historical__tmean_m10,thermal,16,0.034347213224476536,0.10602783755741155,0.6875,-0.03895079731656499,0.14695301221093332,0.5625,-0.048682328020555235,0.06437634391672992,0.875,-0.048682328020555235,0.06437634391672992,0.875,0.15722973937903978,0.3324417950219317,-0.21983021118733514,0.4730900525666559
Local04D,agro_water__2025__aeti_per_precip_m04,water_productivity,16,0.40617364149924295,0.40617364149924295,1.0,0.030141634322198727,0.050003431973381196,0.625,-0.06647065083613493,0.07835852093039983,0.75,-0.06647065083613493,0.07835852093039983,0.75,-0.7222461944611378,0.7222461944611378,0.8714406354505865,0.8714406354505865
Local04D,agro_water__2025__aeti_per_precip_m05,water_productivity,16,0.6155704300330681,0.6155704300330681,1.0,0.08266749715571572,0.09669188739961816,0.6875,-0.06506968641114982,0.10418404925293685,0.6875,-0.06506968641114982,0.10418404925293685,0.6875,-1.1615547803656883,1.1615547803656883,0.875027157048628,0.875027157048628
Local04D,agro_water__2025__aeti_per_precip_m06,water_productivity,16,0.4288855206985497,0.4288855206985497,1.0,-0.0010894611735921943,0.12749716123339705,0.5,0.02321667819718423,0.05370683185473542,0.625,0.02321667819718423,0.05370683185473542,0.625,-0.45472223178684934,0.45472223178684934,0.5532225393501942,0.5532225393501942
Local04D,agro_water__2025__aeti_per_precip_m07,water_productivity,16,-0.04417781072117358,0.04417781072117358,0.9375,-0.044163763066202094,0.10235191637630664,0.625,-0.025696864111498265,0.1276132404181185,0.6875,-0.025696864111498265,0.1276132404181185,0.6875,0.39711977728968617,0.39711977728968617,-0.004151259958179726,0.16362936263677513
Local04D,agro_water__2025__aeti_per_precip_m08,water_productivity,16,-0.1485624976829687,0.1485624976829687,0.9375,-0.023170731707317076,0.07674216027874566,0.5625,-0.07151567944250872,0.13458188153310108,0.625,-0.07151567944250872,0.13458188153310108,0.625,0.5691832213832018,0.5691832213832018,-0.053024390584778924,0.1148292454238131
Local04D,agro_water__2025__aeti_per_precip_m09,water_productivity,16,0.18460554448477434,0.18460554448477434,1.0,-0.008708884846617448,0.15222812601169466,0.5,-0.010627177700348435,0.08022997524923756,0.5625,-0.010627177700348435,0.08022997524923756,0.5625,-0.02447376076513996,0.24070939741591074,0.3355452167472794,0.3355452167472794
Local04D,agro_water__2025__aeti_per_precip_m10,water_productivity,16,-0.5303157359726118,0.5303157359726118,1.0,-0.05209166607920615,0.13475609756097565,0.625,0.057752613240418124,0.07770034843205577,0.6875,0.057752613240418124,0.07770034843205577,0.6875,1.4478587477056797,1.4478587477056797,-0.4501604017320055,0.4501604017320055
Local04D,agro_water__2025__aeti_per_precip_season,water_productivity,16,0.19360291908287464,0.19360291908287464,1.0,0.025783972125435543,0.13318815331010456,0.5,-0.018466898954703836,0.05148083623693381,0.5625,-0.018466898954703836,0.05148083623693381,0.5625,0.03148563343834812,0.15556357882147417,0.4583855395117552,0.4583855395117552
Local04D,agro_water__2025__lai_mean_x_aeti_season,water_productivity,16,0.01665226481409579,0.07558984847544507,0.5625,0.07979094076655054,0.08153310104529618,0.8125,-0.17839721254355406,0.17839721254355406,0.9375,-0.17839721254355406,0.17839721254355406,0.9375,-0.07123250390720563,0.19451666554437186,-0.011330635325633635,0.2823863621670539
Local04D,agro_water__2025__lai_x_aeti_m04,water_productivity,16,0.43725341424110015,0.43725341424110015,1.0,0.16106271777003486,0.16106271777003486,0.9375,-0.10121951219512197,0.10121951219512197,0.875,-0.10121951219512197,0.10121951219512197,0.875,-0.3946213908088385,0.3946213908088385,0.9458530379160498,0.9458530379160498
Local04D,agro_water__2025__lai_x_aeti_m05,water_productivity,16,0.6264922072989174,0.6264922072989174,1.0,0.0603658536585366,0.10783972125435543,0.625,-0.1060104529616725,0.12299651567944253,0.8125,-0.1060104529616725,0.12299651567944253,0.8125,-0.9019903700530194,0.9019903700530194,0.7572899160678112,0.7572899160678112
Local04D,agro_water__2025__lai_x_aeti_m06,water_productivity,16,0.531627242244095,0.531627242244095,1.0,0.05418118466898956,0.11602787456445995,0.75,-0.022386759581881535,0.0810104529616725,0.625,-0.022386759581881535,0.0810104529616725,0.625,-0.7169127537088712,0.7169127537088712,0.6575476907255098,0.6575476907255098
Local04D,agro_water__2025__lai_x_aeti_m07,water_productivity,16,-0.09260808238258994,0.12989350285683138,0.6875,-0.11506968641114984,0.13205574912891987,0.6875,-0.07491289198606274,0.09677700348432058,0.875,-0.07491289198606274,0.09677700348432058,0.875,0.08908546273541311,0.25165057532975443,-0.3152729168263875,0.39947542609027636
Local04D,agro_water__2025__lai_x_aeti_m08,water_productivity,16,-0.21648474454167033,0.21648474454167033,1.0,-0.0201219512195122,0.07674216027874567,0.5625,-0.15635888501742162,0.16550522648083626,0.875,-0.15635888501742162,0.16550522648083626,0.875,0.4182929687898791,0.5121288595757748,-0.297712710780283,0.43858924188146964
Local04D,agro_water__2025__lai_x_aeti_m09,water_productivity,16,-0.2540332423472881,0.2540332423472881,1.0,0.15827526132404182,0.15827526132404182,0.875,-0.06872822299651568,0.08745644599303137,0.75,-0.06872822299651568,0.08745644599303137,0.75,0.21694099747670548,0.2414664254202143,-0.28433417049735027,0.4559782711358566
Local04D,agro_water__2025__lai_x_aeti_m10,water_productivity,16,0.12843209090913488,0.13766018973426689,0.8125,0.002787456445993032,0.09555749128919863,0.5625,0.11855400696864113,0.14120209059233452,0.75,0.11855400696864113,0.14120209059233452,0.75,-0.4218633345031833,0.4218633345031833,0.39909415225319245,0.473912636185905
Local04D,agro_water__2025__npp_per_aeti_m04,water_productivity,16,0.5633464207367014,0.5633464207367014,1.0,0.20191637630662024,0.20191637630662024,0.8125,-0.05958188153310106,0.07073170731707318,0.8125,-0.05958188153310106,0.07073170731707318,0.8125,-0.9537867095259231,0.9537867095259231,1.002680866372345,1.002680866372345
Local04D,agro_water__2025__npp_per_aeti_m05,water_productivity,16,0.5967362788607102,0.5967362788607102,1.0,0.1526132404181185,0.1526132404181185,0.8125,-0.09442508710801395,0.10574912891986064,0.8125,-0.09442508710801395,0.10574912891986064,0.8125,-0.9425012651260753,0.9425012651260753,1.084256025306376,1.084256025306376
Local04D,agro_water__2025__npp_per_aeti_m06,water_productivity,16,0.12050083670588241,0.12050083670588241,0.9375,0.11698606271777004,0.12491289198606273,0.75,-0.08954703832752615,0.09660278745644602,0.875,-0.08954703832752615,0.09660278745644602,0.875,-0.02172799847803688,0.20317837146091883,0.8776145801273053,0.8776145801273053
Local04D,agro_water__2025__npp_per_aeti_m07,water_productivity,16,-0.09059536034719781,0.13636700707632765,0.625,0.025958188153310115,0.1515679442508711,0.5,-0.0132404181184669,0.0903310104529617,0.5625,-0.0132404181184669,0.0903310104529617,0.5625,0.4656828631338715,0.4656828631338715,0.4660608228317694,0.4660608228317694
Local04D,agro_water__2025__npp_per_aeti_m08,water_productivity,16,0.12268758909943617,0.12702421431506072,0.6875,-0.029529616724738684,0.15034843205574916,0.5625,-0.003310104529616725,0.07343205574912894,0.5,-0.003310104529616725,0.07343205574912894,0.5,0.15552314464580974,0.2527616084934337,0.5332166688383028,0.5332166688383028
Local04D,agro_water__2025__npp_per_aeti_m09,water_productivity,16,0.08549001167359987,0.1117302229386775,0.6875,0.039721254355400706,0.1379790940766551,0.625,-0.03641114982578398,0.06385017421602789,0.5625,-0.03641114982578398,0.06385017421602789,0.5625,-0.10905244485825547,0.24161806734910468,0.4673863217811002,0.4673863217811002
Local04D,agro_water__2025__npp_per_aeti_m10,water_productivity,16,-0.10114466121468647,0.1237199360406984,0.6875,0.03641114982578398,0.17648083623693384,0.5625,0.005487804878048784,0.08031358885017423,0.5,0.005487804878048784,0.08031358885017423,0.5,0.2192684060391339,0.2192684060391339,0.42763406097149986,0.42763406097149986
Local04D,agro_water__2025__npp_per_aeti_season,water_productivity,16,0.1609825587660118,0.1609825587660118,0.9375,0.06367595818815333,0.1696864111498258,0.75,-0.064808362369338,0.07639372822299653,0.6875,-0.064808362369338,0.07639372822299653,0.6875,-0.1955199232667117,0.19770705737185068,0.8653973368811708,0.8653973368811708
Local04D,agro_water__2025__npp_x_ndvi_m04,water_productivity,16,0.40075289746073783,0.40075289746073783,1.0,0.16898954703832755,0.16898954703832755,0.875,-0.10662020905923347,0.11167247386759584,0.8125,-0.10662020905923347,0.11167247386759584,0.8125,-0.6666567377562305,0.6666567377562305,1.209009281840165,1.209009281840165
Local04D,agro_water__2025__npp_x_ndvi_m05,water_productivity,16,0.5150449747921382,0.5150449747921382,1.0,0.16541811846689897,0.16541811846689897,0.875,-0.10182926829268296,0.11567944250871082,0.8125,-0.10182926829268296,0.11567944250871082,0.8125,-0.7678729971610512,0.7678729971610512,1.1647000933319087,1.1647000933319087
Local04D,agro_water__2025__npp_x_ndvi_m06,water_productivity,16,0.5005145369770315,0.5005145369770315,1.0,0.06506968641114984,0.09921602787456449,0.75,-0.05993031358885019,0.12343205574912894,0.6875,-0.05993031358885019,0.12343205574912894,0.6875,-0.7543299708198201,0.7543299708198201,0.8646274954151867,0.8646274954151867
Local04D,agro_water__2025__npp_x_ndvi_m07,water_productivity,16,-0.16451643028936314,0.16451643028936314,0.9375,-0.07517421602787458,0.13719512195121952,0.625,-0.07473867595818817,0.09712543554006972,0.8125,-0.07473867595818817,0.09712543554006972,0.8125,0.23133164112350119,0.3136407649042084,-0.3169554617885488,0.34607450927254857
Local04D,agro_water__2025__npp_x_ndvi_m08,water_productivity,16,-0.25525027983901233,0.25525027983901233,1.0,-0.02447735191637631,0.06489547038327528,0.5625,-0.13893728222996518,0.14843205574912893,0.875,-0.13893728222996518,0.14843205574912893,0.875,0.5545027714796325,0.5560387350201186,-0.306953468607929,0.3351318512247431
Local04D,agro_water__2025__npp_x_ndvi_m09,water_productivity,16,-0.4246298218497169,0.4246298218497169,1.0,0.12743902439024393,0.12743902439024393,0.8125,0.0,0.09921602787456449,,0.0,0.09921602787456449,,0.5704271124650736,0.5704271124650736,-0.29816885636869217,0.35388657390200084
Local04D,agro_water__2025__npp_x_ndvi_m10,water_productivity,16,0.0926879705371319,0.10111142663413825,0.625,0.09407665505226483,0.11890243902439027,0.6875,0.1276132404181185,0.13571428571428573,0.8125,0.1276132404181185,0.13571428571428573,0.8125,-0.16966520479324537,0.2579261347232006,0.342032086365184,0.37452649992345227
Local04D,agro_water__2025__npp_x_ndvi_mean_season,water_productivity,16,0.07932708333516297,0.12133809745506467,0.75,0.1334494773519164,0.1334494773519164,0.875,-0.136411149825784,0.136411149825784,1.0,-0.136411149825784,0.136411149825784,1.0,-0.1591937083416705,0.22585956149057015,0.5711622201081036,0.5711622201081036
Local04D,agro_water__2025__precip_early_sum,water_timing,16,-0.6578184804199381,0.6578184804199381,1.0,-0.0004411457097494482,0.14970385686965196,0.5,0.06166350505900116,0.07604699243117805,0.6875,0.06166350505900116,0.07604699243117805,0.6875,0.8984680694836855,0.8984680694836855,-0.6833176503028701,0.6833176503028701
Local04D,agro_water__2025__precip_late_fraction,water_timing,16,0.41922417287001,0.41922417287001,1.0,-0.0024769744840675125,0.07983947556677373,0.5,-0.055164948689492885,0.07426186576965704,0.8125,-0.055164948689492885,0.07426186576965704,0.8125,-1.4773243849091324,1.4773243849091324,0.42427506869968823,0.42427506869968823
Local04D,agro_water__2025__precip_late_sum,water_timing,16,-0.03995869809290198,0.059788603153829195,0.9375,0.02993253682815149,0.16317203996070437,0.5,-0.014748478881056067,0.06239270484000589,0.625,-0.014748478881056067,0.06239270484000589,0.625,-0.24388875625536038,0.3382654789405025,-0.3508423912434109,0.3508423912434109
Local04D,agro_water__2025__precip_mid_sum,water_timing,16,-0.3158850336874536,0.3158850336874536,1.0,0.016058367047981515,0.1897622869945969,0.5,-0.010382043900957844,0.08107772695851333,0.5,-0.010382043900957844,0.08107772695851333,0.5,0.08852159671099259,0.1759679339376904,-0.4904426614195883,0.4904426614195883
Local04D,agro_water__2025__precip_minus_aeti_m04,water_productivity,16,-0.28016201888271897,0.28016201888271897,1.0,-0.08907017331453868,0.11163628463456773,0.6875,0.06612319865835836,0.07565485622103098,0.6875,0.06612319865835836,0.07565485622103098,0.6875,0.6026762494574904,0.6026762494574904,-0.7630207220170491,0.7630207220170491
Local04D,agro_water__2025__precip_minus_aeti_m05,water_productivity,16,-0.7052739997327357,0.7052739997327357,1.0,-0.03440766550522648,0.0859338446912894,0.5625,0.05060975609756098,0.10718884130349232,0.625,0.05060975609756098,0.10718884130349232,0.625,1.568179013267045,1.568179013267045,-0.8106569158537117,0.8106569158537117
Local04D,agro_water__2025__precip_minus_aeti_m06,water_productivity,16,-0.4346414547201183,0.4346414547201183,1.0,0.03083976588985076,0.14712543554006974,0.5625,-0.01825084215900089,0.0784843205574913,0.625,-0.01825084215900089,0.0784843205574913,0.625,0.3148376980759518,0.3148376980759518,-0.5781882205379947,0.5781882205379947
Local04D,agro_water__2025__precip_minus_aeti_m07,water_productivity,16,-0.07098670235906618,0.07098670235906618,0.9375,0.03371080139372823,0.11785714285714288,0.625,0.00853658536585366,0.09233449477351918,0.5625,0.00853658536585366,0.09233449477351918,0.5625,-0.2414417217295595,0.2475232218785491,-0.24934985900142262,0.2605238458648819
Local04D,agro_water__2025__precip_minus_aeti_m08,water_productivity,16,0.0264879178571586,0.051568775718711594,0.8125,0.014634146341463417,0.10304878048780489,0.5625,0.039372822299651576,0.12308362369337982,0.625,0.039372822299651576,0.12308362369337982,0.625,-0.37235568114451845,0.37235568114451845,-0.19866099773286722,0.19866099773286722
Local04D,agro_water__2025__precip_minus_aeti_m09,water_productivity,16,-0.2769872392365228,0.2769872392365228,1.0,0.034845953078727884,0.16315331010452966,0.625,-0.005662020905923346,0.049870459150692,0.5,-0.005662020905923346,0.049870459150692,0.5,0.20060429525069395,0.23321506836370792,-0.455013704129992,0.455013704129992
Local04D,agro_water__2025__precip_minus_aeti_m10,water_productivity,16,0.4910447497714646,0.4910447497714646,1.0,0.06123693379790942,0.13406213218078297,0.5625,-0.061455764297935755,0.08196864111498259,0.6875,-0.061455764297935755,0.08196864111498259,0.6875,-1.5085161772386766,1.5085161772386766,0.37186304841772305,0.37186304841772305
Local04D,agro_water__2025__precip_minus_aeti_season,water_productivity,16,-0.36032319161536985,0.36032319161536985,1.0,-0.006358885017421604,0.13222996515679444,0.5,0.0013066202090592336,0.057665505226480854,0.5625,0.0013066202090592336,0.057665505226480854,0.5625,0.11881351311253294,0.18125138389027814,-0.5327111993527615,0.5327111993527615
Local04D,agro_water__2025__precip_season_cv,water_timing,16,-0.6421822206322552,0.6421822206322552,1.0,0.017050754198769277,0.11202183229141771,0.5625,-0.020721172542771935,0.06546936240114518,0.625,-0.020721172542771935,0.06546936240114518,0.625,1.1395440846618625,1.1395440846618625,-0.6210537183652292,0.6210537183652292
Local04D,agro_water__historical__precip_early_sum,water_timing,16,-0.3791301906242013,0.3791301906242013,1.0,0.06755897279201015,0.1465232078587464,0.5625,-0.002071976322655458,0.07090195671628272,0.5,-0.002071976322655458,0.07090195671628272,0.5,0.29440259695872417,0.31115628460637557,-0.43953781315270674,0.43953781315270674
Local04D,agro_water__historical__precip_late_fraction,water_timing,16,0.3340106037378065,0.3340106037378065,1.0,-0.0010383340014717014,0.13943729728022639,0.5,-0.06247680306178306,0.13492879328090512,0.75,-0.06247680306178306,0.13492879328090512,0.75,-1.3300302414766687,1.3300302414766687,0.2585500899239678,0.2585500899239678
Local04D,agro_water__historical__precip_late_sum,water_timing,16,-0.04899037169557761,0.08258798135551836,0.625,0.05431920907276877,0.17775390519940437,0.5625,0.030939663573891468,0.06915546149214838,0.5625,0.030939663573891468,0.06915546149214838,0.5625,-0.23816943582908828,0.254048173885038,-0.30321802030427986,0.31409005743249685
Local04D,agro_water__historical__precip_mid_sum,water_timing,16,-0.30960330443088824,0.30960330443088824,1.0,0.026934874818852074,0.19234402491064184,0.6875,0.010987676620275678,0.07909182726801303,0.5625,0.010987676620275678,0.07909182726801303,0.5625,0.01915662680817444,0.12400457429596826,-0.33661140937694617,0.33661140937694617
Local04D,agro_water__historical__precip_season_cv,water_timing,16,-0.6150751343648666,0.6150751343648666,1.0,0.02703349716512708,0.10566674590622524,0.6875,0.02548816132653785,0.0863533010270057,0.625,0.02548816132653785,0.0863533010270057,0.625,0.5927672608727252,0.5927672608727252,-0.4175614445015739,0.4175614445015739
