method,ID_POLIGONO,n_honest_appearances,observed,mean_prediction,median_prediction,prediction_std,mean_residual,median_residual,mean_absolute_error,mean_squared_error,worst_absolute_error,rmse_across_appearances
CatBoost_C1,AGC_001,7,3.5,2.9222598348631696,2.8864811582839898,0.13636330884093698,0.5777401651368302,0.6135188417160102,0.5777401651368302,0.3497222286963738,0.7081474129029934,0.5913731721141684
CatBoost_C1,AGC_002,8,4.63,4.318475086855668,4.382779449791165,0.20866744276161941,0.31152491314433234,0.2472205502088345,0.31152491314433234,0.1351471104696733,0.7683937522651498,0.36762359890202
CatBoost_C1,AGC_004,6,3.0,3.163111707450721,3.17559394598356,0.061918214480090425,-0.16311170745072098,-0.17559394598356004,0.16311170745072098,0.029800316844491654,0.23056111272107183,0.17262768272931098
CatBoost_C1,AGC_005,3,5.16,4.483828489920449,4.521694636758146,0.07650259261073178,0.6761715100795511,0.6383053632418543,0.6761715100795511,0.46110967549403625,0.7642223299092388,0.6790505691728976
CatBoost_C1,AGC_006,7,4.49,4.199944561141181,4.191589313833599,0.14981244568342325,0.29005543885881974,0.29841068616640154,0.29005543885881974,0.10336967379585282,0.5043476914579612,0.32151154535389986
CatBoost_C1,AGC_007,3,3.5,3.2991978474382346,3.271196293958724,0.05573856300213747,0.20080215256176523,0.2288037060412762,0.20080215256176523,0.04239269607713394,0.23698824818514685,0.205894866563336
CatBoost_C1,AGC_008,6,4.55,4.154585262977878,4.071004981194022,0.2924424853406568,0.3954147370221217,0.4789950188059775,0.39998073567806786,0.22762165361445727,0.687764887212607,0.47709711130382804
CatBoost_C1,AGC_009,12,4.79,4.584154602882678,4.563728255798519,0.11690463714480184,0.2058453971173221,0.22627174420148144,0.20967076745473823,0.054900130518182655,0.38510937793972566,0.23430776879604878
CatBoost_C1,AGC_010,11,4.1,4.39681228803946,4.403239189983926,0.07275766480288631,-0.2968122880394594,-0.30323918998392596,0.2968122880394594,0.09290996868355465,0.36908650184574743,0.3048113657388035
CatBoost_C1,AGC_012,3,4.69,4.538724560247553,4.54843512287678,0.14194966560257904,0.15127543975244695,0.14156487712322008,0.15127543975244695,0.03631739704875217,0.2978310608505339,0.19057123877634885
CatBoost_C1,AGC_013,5,4.01,4.333586787492953,4.344055193820016,0.08406219745816869,-0.3235867874929538,-0.33405519382001625,0.3235867874929538,0.11036157147320694,0.39933608975171886,0.3322071213463175
CatBoost_C1,AGC_014,5,4.83,4.465739959750504,4.498396372319159,0.07721357745797551,0.364260040249496,0.33160362768084095,0.364260040249496,0.13745492615765148,0.45604274872634765,0.3707491418164734
CatBoost_C1,AGC_015,3,2.64,4.833729078191813,4.817272863340956,0.04393181581461177,-2.1937290781918133,-2.177272863340956,2.1937290781918133,4.813733938131482,2.2435131621471682,2.1940223194241852
CatBoost_C1,AGC_017,3,4.98,4.491092143607973,4.5921947190948105,0.18484362126707152,0.4889078563920271,0.38780528090518995,0.4889078563920271,0.26180900159059667,0.7022500107268206,0.5116727485322984
CatBoost_C1,AGC_019,5,3.0,3.008924060247859,3.016556619337488,0.06303031032696656,-0.008924060247859078,-0.016556619337487977,0.04797827078880834,0.003257894867238386,0.10154578140857984,0.057077971821346156
CatBoost_C1,AGC_021,1,4.94,4.691735463340611,4.691735463340611,0.0,0.24826453665938963,0.24826453665938963,0.24826453665938963,0.06163528016270142,0.24826453665938963,0.24826453665938963
CatBoost_C1,AGC_022,4,4.55,4.198471574307,4.206226505513584,0.029544891103389762,0.351528425693,0.3437734944864159,0.351528425693,0.1242269095129324,0.3929643447547049,0.3524583798307715
CatBoost_C1,AGC_023,5,3.0,3.166918346893199,3.1594520035744917,0.11562720016183461,-0.16691834689319904,-0.15945200357449174,0.16691834689319904,0.038557454063370314,0.32873468891602897,0.19636052063327372
CatBoost_C1,AGC_024,4,3.03,4.215306133548074,4.252152445403302,0.2135048270027528,-1.1853061335480737,-1.2221524454033021,1.1853061335480737,1.4391388635917903,1.369972343576754,1.1996411395045563
CatBoost_C1,AGC_026,9,3.55,4.1450371568754845,4.19987010131113,0.21695338704084594,-0.5950371568754842,-0.6498701013111301,0.5950371568754842,0.39590812663889974,0.8948874209372963,0.6292123064903449
CatBoost_C1,AGC_032,2,4.03,4.426571087602792,4.426571087602792,0.014558791504298757,-0.39657108760279147,-0.39657108760279147,0.39657108760279147,0.15737460672749373,0.4068657078013622,0.3967046845293029
CatBoost_C1,AGC_033,1,4.47,4.641728403176008,4.641728403176008,0.0,-0.17172840317600802,-0.17172840317600802,0.17172840317600802,0.02949064445738156,0.17172840317600802,0.17172840317600802
CatBoost_C1,AGC_034,10,2.0,3.2025841997637285,3.2000640067139514,0.06680373888867344,-1.2025841997637288,-1.2000640067139516,1.2025841997637288,1.4502252230979233,1.299431734353552,1.2042529730492357
CatBoost_C1,AGC_037,5,3.5,2.9443816691044784,2.985361158243037,0.13635353212550944,0.5556183308955217,0.514638841756963,0.5556183308955217,0.3235855582056073,0.751851104871327,0.5688458123302019
CatBoost_C1,AGC_038,11,3.3,3.1671201987057827,3.183180892282356,0.20197451741740674,0.132879801294217,0.1168191077176437,0.1843595158280191,0.05474222857925817,0.4803057067958396,0.23397057203686572
CatBoost_C1,AGC_040,3,3.0,2.932314846161251,2.9401504929979105,0.08730083819306214,0.0676851538387487,0.059849507002089464,0.0779743068582115,0.009662237616315884,0.15863968404335083,0.09829668161395828
CatBoost_C1,AGC_041,1,2.5,3.003667973728701,3.003667973728701,0.0,-0.5036679737287009,-0.5036679737287009,0.5036679737287009,0.2536814277599753,0.5036679737287009,0.5036679737287009
CatBoost_C1,AGC_044,1,3.5,3.362534864067546,3.362534864067546,0.0,0.1374651359324539,0.1374651359324539,0.1374651359324539,0.01889666359692803,0.1374651359324539,0.1374651359324539
CatBoost_C1,AGC_045,2,4.1,4.620733293084528,4.620733293084528,0.019895928098874947,-0.5207332930845281,-0.5207332930845281,0.5207332930845281,0.27136108650411483,0.5348018387612425,0.5209233019400408
CatBoost_C1,AGC_046,3,3.0,3.077227131331012,3.065638883344908,0.02538079713309593,-0.077227131331012,-0.0656388833449082,0.077227131331012,0.006393486389024955,0.10633368215120464,0.07995927956794605
CatBoost_C1,AGC_049,6,5.53,4.864297398316911,4.8668665027487465,0.06303254639487497,0.6657026016830893,0.6631334972512537,0.6657026016830893,0.4464708721418189,0.7591426965521073,0.6681847589864789
CatBoost_C1,AGC_051,6,4.45,4.272401188150188,4.277815233262932,0.04329321885129462,0.17759881184981183,0.17218476673706817,0.17759881184981183,0.03310325696921994,0.23495336881718476,0.18194300472735944
CatBoost_C1,AGC_053,10,3.5,3.2752455267427663,3.3004884080444583,0.08830867604875572,0.22475447325723352,0.1995115919555417,0.22475447325723352,0.05753315328807218,0.383645962641026,0.2398606955882355
CatBoost_C1,AGC_054,7,2.5,3.0474760402693475,3.061716060156721,0.06957513927743703,-0.5474760402693475,-0.561716060156721,0.5474760402693475,0.3038791861022682,0.6315010171586053,0.5512523796794606
CatBoost_C1,AGC_055,1,5.45,4.498895249403735,4.498895249403735,0.0,0.9511047505962651,0.9511047505962651,0.9511047505962651,0.9046002466067836,0.9511047505962651,0.9511047505962651
CatBoost_C1,AGC_056,4,5.07,4.412811708445069,4.36747405390229,0.11289356364126024,0.6571882915549307,0.70252594609771,0.6571882915549307,0.44145516809060614,0.7325688283247755,0.6644209268909327
CatBoost_C1,AGC_057,1,4.55,5.030565250780342,5.030565250780342,0.0,-0.48056525078034174,-0.48056525078034174,0.48056525078034174,0.23094296025757274,0.48056525078034174,0.48056525078034174
CatBoost_C1,AGC_058,10,2.5,3.210455173524116,3.1908676532219524,0.06497029656711527,-0.7104551735241159,-0.6908676532219524,0.7104551735241159,0.5085455790795986,0.8033157182206687,0.7131238174956707
CatBoost_C1,AGC_059,6,4.41,4.312546861068516,4.303119244920633,0.040050155989091646,0.09745313893148418,0.10688075507936734,0.09745313893148418,0.0108337934498913,0.14357283996628123,0.10408551027828658
CatBoost_C1,AGC_060,5,4.52,4.7517264021466366,4.7737059103173465,0.12268011353253225,-0.23172640214663714,-0.2537059103173469,0.23172640214663714,0.06573745365690897,0.34352244195965564,0.25639316226629166
CatBoost_C1,AGC_062,5,3.81,4.387579190445011,4.371219621088812,0.03159793025251714,-0.5775791904450108,-0.5612196210888123,0.5775791904450108,0.3343964645921085,0.6242341364573103,0.578270234917991
CatBoost_C1,AGC_064,15,4.51,4.55164998946013,4.519700280154609,0.11303253466213961,-0.041649989460129905,-0.009700280154609331,0.08652547288855009,0.01365931858803351,0.3202483168883967,0.11687308752674205
CatBoost_C1,AGC_066,5,3.0,3.2407097709012462,3.250094807782349,0.04195558316159265,-0.24070977090124607,-0.2500948077823488,0.24070977090124607,0.059349410574073815,0.28046108645018375,0.24361734456740516
CatBoost_C1,AGC_067,4,3.0,3.4316704509650906,3.4165594317410184,0.13507124033257342,-0.4316704509650908,-0.4165594317410186,0.4316704509650908,0.20002255821013976,0.5987138739502358,0.44723881563448825
CatBoost_C1,AGC_068,10,2.5,2.9585707940362203,2.950999920673458,0.05948499638824064,-0.45857079403622036,-0.45099992067345807,0.45857079403622036,0.21347179145878767,0.5857519245986773,0.4620300763573597
CatBoost_C1,AGC_070,12,3.3,3.2095967465546393,3.223160383652349,0.11132417406624039,0.09040325344536067,0.0768396163476508,0.11241994515059506,0.01953306398740913,0.31421567565644937,0.1397607383617056
CatBoost_C1,AGC_072,3,4.55,4.312061612193323,4.333381236989529,0.1746050039909679,0.2379383878066769,0.21661876301047123,0.2379383878066769,0.0769392813378312,0.4222242714544562,0.2773793094984397
CatBoost_C1,AGC_073,6,4.3,4.270967941523474,4.298048530007362,0.09814887174881125,0.02903205847652564,0.0019514699926381773,0.055896183874109585,0.00887052794068823,0.2195687947602094,0.09418348018993687
CatBoost_C1,AGC_077,4,4.76,4.315303205348807,4.320440561620737,0.03679863284273314,0.4446967946511926,0.43955943837926226,0.4446967946511926,0.19877084370736564,0.49355392048531055,0.4458372390316511
CatBoost_C1,AGC_078,2,3.0,3.285052435230195,3.285052435230195,0.07102949134026097,-0.28505243523019486,-0.28505243523019486,0.28505243523019486,0.08377748515069253,0.33527787022112454,0.28944340578201555
CatBoost_C1,AGC_079,7,3.3,3.2180429584198187,3.253893986272626,0.11699718035599059,0.0819570415801812,0.046106013727373885,0.10377474966127455,0.018449819702791716,0.27084255109492306,0.13583011338724457
CatBoost_C1,AGC_080,5,3.5,3.249305792812202,3.224419656177816,0.04348635785225107,0.2506942071877978,0.2755803438221842,0.2506942071877978,0.06436043617292171,0.28475878853067593,0.253693587173428
CatBoost_C1,AGC_089,5,3.0,3.0281259705977845,3.0193263938783823,0.04651693987082985,-0.028125970597784544,-0.01932639387838231,0.036818087362756026,0.0025221307780245623,0.10122326946645899,0.05022082016479383
CatBoost_C1,AGC_090,5,4.68,4.3229536927524475,4.307948972850194,0.10828954167361773,0.3570463072475528,0.37205102714980587,0.3570463072475528,0.1368633653878196,0.48448826492272445,0.36995049045489803
CatBoost_C1,AGC_092,5,4.57,4.328739521416823,4.283499059600369,0.35698144861992925,0.24126047858317773,0.28650094039963125,0.3044644613952875,0.1601552222532105,0.7838366777760961,0.40019398078083396
CatBoost_C1,AGC_096,4,4.59,4.329058952784262,4.337517465211963,0.10634296473413837,0.2609410472157374,0.2524825347880366,0.2609410472157374,0.07657184973338034,0.39188704032370136,0.27671618986495955
CatBoost_C1,AGC_097,1,4.69,4.739116785503806,4.739116785503806,0.0,-0.049116785503805716,-0.049116785503805716,0.049116785503805716,0.002412458618226859,0.049116785503805716,0.049116785503805716
CatBoost_C1,AGC_098,9,3.0,3.214556802281996,3.241456988245394,0.12420085647852738,-0.21455680228199597,-0.24145698824539386,0.21492580743493506,0.05974649051658638,0.3757989274067177,0.24443095245198873
CatBoost_C1,AGC_099,7,3.5,3.0837048562705847,3.0790620836327585,0.09537056502631128,0.4162951437294155,0.42093791636724154,0.4162951437294155,0.18109782784135575,0.5623158573517344,0.4255559044841885
CatBoost_C1,AGC_100,4,4.5,4.4456163926996695,4.446209137202189,0.048588781699063846,0.05438360730033054,0.0537908627978112,0.05643830950601858,0.004728229023246025,0.11406210801707584,0.06876211910089759
CatBoost_C1,AGC_101,9,4.57,4.250774894095623,4.281495584273756,0.12639171369437163,0.3192251059043774,0.2885044157262442,0.3192251059043774,0.11610454849797214,0.5211633230388841,0.34074117523124814
CatBoost_C1,AGC_102,7,4.4,4.233760295512432,4.231458561095465,0.11199359649712802,0.1662397044875686,0.1685414389045352,0.1662397044875686,0.038386409910709754,0.32720755072250984,0.195924500537094
CatBoost_C1,AGC_103,7,3.0,3.0531176949900707,3.0570469533139715,0.041363065615291725,-0.05311769499007081,-0.05704695331397147,0.05311769499007081,0.004287977975710985,0.1290505538458766,0.0654826540063167
CatBoost_C1,AGC_104,6,4.56,4.263825172924677,4.325343976138148,0.19553038299143516,0.2961748270753221,0.2346560238618518,0.2961748270753221,0.1195796370870781,0.6685166582079938,0.3458028876210812
CatBoost_C1,AGC_105,5,4.41,4.488436245635499,4.4750483605668405,0.08759194716101318,-0.07843624563549838,-0.06504836056684038,0.09466087721887995,0.012290123995358417,0.18586301756473222,0.11086083165554197
CatBoost_C1,AGC_106,8,4.43,4.012187959561606,3.993259087941626,0.11235978279542452,0.4178120404383941,0.4367409120583736,0.4178120404383941,0.18561353182639984,0.5719641515283698,0.4308288892662606
CatBoost_C1,AGC_108,3,4.51,4.863509385370398,5.009533941668701,0.331817758732343,-0.35350938537039794,-0.4995339416687008,0.37102770467912166,0.1983709022183934,0.5872716934055786,0.4453884846046128
CatBoost_C1,AGC_109,6,4.54,4.516749812946095,4.529190193264788,0.12727867815094823,0.023250187053904803,0.010809806735212035,0.0862650749773038,0.014040456124585437,0.2016833259512687,0.11849243066367335
CatBoost_C1,AGC_110,11,4.18,4.25012960451757,4.252078234645666,0.13591647058858752,-0.07012960451757012,-0.07207823464566587,0.12646548302861912,0.021712058681843876,0.25483512920251616,0.1473501227751232
CatBoost_C1,AGC_111,2,4.72,4.392067124265632,4.392067124265632,0.0555337713511535,0.32793287573436736,0.32793287573436736,0.32793287573436736,0.10908197086765312,0.3672011820416312,0.3302755983533345
CatBoost_C1,AGC_112,5,3.0,2.9202317938955638,2.9042702048741758,0.04841579962306156,0.07976820610443643,0.09572979512582425,0.08208348961554926,0.008238238427632199,0.1125799486663368,0.0907647422055073
CatBoost_C1,AGC_114,6,3.0,2.985438300128031,2.975337292506689,0.0835686213262393,0.014561699871968944,0.024662707493310787,0.06784353017568878,0.006031805161801618,0.11928764318289842,0.07766469701094325
CatBoost_C1,AGC_115,4,4.6,4.218642548142147,4.19808002342206,0.14960855081943877,0.38135745185785264,0.4019199765779393,0.38135745185785264,0.16222054494623378,0.5231626188207539,0.40276611692920966
CatBoost_C1,AGC_117,8,3.5,3.321507641746413,3.308048145535347,0.06723060681108912,0.17849235825358717,0.1919518544646528,0.17849235825358717,0.03581448213559077,0.242163230683067,0.1892471456471425
CatBoost_C1,AGC_119,10,4.4,4.613278815751268,4.602153294616082,0.10095963422485286,-0.21327881575126756,-0.20215329461608222,0.21327881575126756,0.05466141621679762,0.3910883789191173,0.23379781054748486
CatBoost_C1,AGC_122,9,3.5,2.9525000481777397,2.932743566925145,0.05789133289547454,0.5474999518222601,0.5672564330748551,0.5474999518222601,0.3027352251781902,0.6138979237097519,0.5502137995163245
CatBoost_C1,AGC_123,6,2.5,3.0328096524521295,3.000636243199646,0.151564383774028,-0.5328096524521296,-0.5006362431996458,0.5328096524521296,0.3030292611034932,0.7490096597050027,0.5504809361853444
CatBoost_C1,AGC_124,4,5.05,4.414521133744223,4.545143818112127,0.350018769577438,0.6354788662557769,0.5048561818878725,0.6354788662557769,0.4957182437501054,1.145633792476974,0.7040726125550585
CatBoost_C1,AGC_125,9,4.06,4.3191687191705865,4.307784183224737,0.1459056246567194,-0.2591687191705869,-0.24778418322473783,0.2591687191705869,0.08609149282449366,0.49132483789484915,0.29341351847604713
CatBoost_C1,AGC_127,4,5.57,4.584818689347526,4.586839707049087,0.06991497965293249,0.985181310652474,0.9831602929509127,0.985181310652474,0.974248293143829,1.0687866825727061,0.9870401679485131
CatBoost_C1,AGC_131,9,4.89,4.301174819574856,4.298775208952795,0.08687972172916526,0.5888251804251446,0.591224791047205,0.5888251804251446,0.35342450292291505,0.7591214714923868,0.5944951664420116
CatBoost_C1,AGC_132,1,4.13,4.538584871817847,4.538584871817847,0.0,-0.40858487181784753,-0.40858487181784753,0.40858487181784753,0.1669415974784069,0.40858487181784753,0.40858487181784753
CatBoost_C1,AGC_133,1,3.91,4.289311630523571,4.289311630523571,0.0,-0.37931163052357064,-0.37931163052357064,0.37931163052357064,0.14387731305044976,0.37931163052357064,0.37931163052357064
CatBoost_C1,AGC_134,9,4.52,3.7933381202156298,3.8011047511842455,0.07766095934484746,0.7266618797843694,0.7188952488157541,0.7266618797843694,0.5333985760707418,0.8760149185129826,0.7303414106229646
CatBoost_C1,AGC_135,1,4.49,4.551124042074188,4.551124042074188,0.0,-0.06112404207418809,-0.06112404207418809,0.06112404207418809,0.003736148519487116,0.06112404207418809,0.06112404207418809
CatBoost_C1,AGC_138,7,2.5,3.2503514781740592,3.274317796548966,0.08374345785470168,-0.7503514781740588,-0.7743177965489658,0.7503514781740588,0.5690384551409627,0.8641363969172176,0.7543463761038179
CatBoost_C1,AGC_139,1,4.67,4.299055214770836,4.299055214770836,0.0,0.3709447852291641,0.3709447852291641,0.3709447852291641,0.13760003368871065,0.3709447852291641,0.3709447852291641
CatBoost_C1,AGC_140,3,3.2,3.2992802861555712,3.333758827486084,0.10574039137370153,-0.09928028615557076,-0.13375882748608392,0.11221090319231324,0.017310595464374374,0.18347795653574206,0.13156973612641462
CatBoost_C1,AGC_141,5,3.5,2.9856845506061678,2.980245712808099,0.05171839716481668,0.5143154493938323,0.5197542871919012,0.5143154493938323,0.2666602155694179,0.5651113197908066,0.5163915332084927
CatBoost_C1,AGC_144,8,2.5,2.9007244219727517,2.9039360551218656,0.06861930882074738,-0.40072442197275165,-0.4039360551218656,0.40072442197275165,0.16470009571555339,0.5106119406088401,0.4058325956789984
CatBoost_C1,AGC_145,10,3.5,2.9342996099508545,2.910515608696092,0.06711749713056278,0.5657003900491454,0.5894843913039078,0.5657003900491454,0.32407121388071924,0.642449228565598,0.5692725304111549
CatBoost_C1,AGC_146,2,4.58,4.62095595574888,4.62095595574888,0.0193000685824118,-0.040955955748880335,-0.040955955748880335,0.040955955748880335,0.0018636366349471438,0.05460316512086916,0.043169857944486495
CatBoost_C1,AGC_148,1,3.0,3.076035207537596,3.076035207537596,0.0,-0.07603520753759607,-0.07603520753759607,0.07603520753759607,0.005781352785285306,0.07603520753759607,0.07603520753759607
CatBoost_C1,AGC_150,5,4.52,4.500202558178647,4.475500068404699,0.0995094185866254,0.01979744182135299,0.044499931595300524,0.08471728643642251,0.008313638212628444,0.13632052194198607,0.09117915448515874
CatBoost_C1,AGC_151,4,4.69,4.610252336674337,4.602657986310396,0.04880759070715106,0.07974766332566263,0.08734201368960459,0.07974766332566263,0.008146325488880838,0.130565910133976,0.09025699689708737
CatBoost_C1,AGC_152,7,4.87,4.519546960177696,4.490201251425582,0.05783049818844615,0.35045303982230447,0.37979874857441853,0.35045303982230447,0.1256839329955999,0.42113140210309563,0.3545192984811968
CatBoost_C1,AGC_155,2,4.52,4.401744376240634,4.401744376240634,0.09339456301227786,0.11825562375936594,0.11825562375936594,0.11825562375936594,0.018345664750843912,0.18429555259130215,0.13544616919958982
CatBoost_C1,AGC_157,4,3.0,3.2216710597561136,3.241346195402267,0.06776967611083766,-0.2216710597561138,-0.24134619540226687,0.2216710597561138,0.05258260548352445,0.2798593375523333,0.22930897383993598
CatBoost_C1,AGC_159,5,4.77,4.547885917756363,4.549769377241243,0.08004621244310983,0.2221140822436361,0.2202306227587565,0.2221140822436361,0.054460582432122706,0.31682361550921545,0.23336791217329494
CatBoost_C1,AGC_160,4,3.62,4.634545449357112,4.602775645911928,0.08460899368923659,-1.0145454493571113,-0.9827756459119281,1.0145454493571113,1.034671480171052,1.1392088631612296,1.0171880259672013
CatBoost_C1,AGC_161,7,4.46,4.608109417994727,4.649222095942965,0.09786668030230324,-0.14810941799472652,-0.18922209594296469,0.16029922616719525,0.030146017224502226,0.23177375345104068,0.1736260845164177
CatBoost_C1,AGC_162,2,5.59,4.394899320851687,4.394899320851687,0.050038660859837505,1.1951006791483123,1.1951006791483123,1.1951006791483123,1.4295175670910802,1.2304833555637975,1.195624341961588
CatBoost_C1,AGC_163,2,3.0,3.0785926715280505,3.0785926715280505,0.0623731009113405,-0.0785926715280505,-0.0785926715280505,0.0785926715280505,0.008122009876564171,0.12269711414609219,0.09012219413975767
CatBoost_C1,AGC_164,3,3.0,3.089454195250337,3.1094301101545816,0.11356857635301797,-0.08945419525033715,-0.1094301101545816,0.11130552627092068,0.016600600737786287,0.19170947212730516,0.12884331856090284
CatBoost_C1,AGC_165,6,4.44,4.1981333493282,4.218503292896269,0.08827658462376362,0.24186665067180035,0.2214967071037317,0.24186665067180035,0.06499343953455845,0.392405257741987,0.2549381092237064
CatBoost_C1,AGC_166,4,2.5,3.1693262604143437,3.161739470218669,0.1636990560317066,-0.6693262604143437,-0.661739470218669,0.6693262604143437,0.46809567858950374,0.8717861825666997,0.6841751812142148
CatBoost_C1,AGC_167,7,4.54,4.406649651671134,4.452259276585816,0.21987219548308232,0.13335034832886627,0.08774072341418382,0.15164299839896397,0.059219843125044976,0.5927372653045859,0.24335127516626037
CatBoost_C1,AGC_168,3,4.49,4.4510141146915645,4.443395308106848,0.04153980286822062,0.03898588530843542,0.04660469189315197,0.042876526624109935,0.00267026940150292,0.07618892600566607,0.05167464950537082
CatBoost_C1,AGC_169,2,2.5,3.0483784203021047,3.0483784203021047,0.04550723313626848,-0.5483784203021049,-0.5483784203021049,0.5483784203021049,0.30175434598689144,0.5805568934457974,0.5493217144687541
CatBoost_C1,AGC_170,4,3.0,3.309935395114664,3.3239743873146876,0.06483330678686709,-0.30993539511466384,-0.3239743873146874,0.30993539511466384,0.0992124673965728,0.3717860689218355,0.31498010635050083
CatBoost_C1,AGC_171,8,2.15,4.538638073233312,4.539567186338301,0.06007100612620395,-2.3886380732333112,-2.389567186338301,2.3886380732333112,5.708749304954633,2.4763337116033655,2.3892989149444306
CatBoost_C1,AGC_172,6,5.19,4.58555859304775,4.568631796412186,0.09191968256027702,0.6044414069522502,0.6213682035878141,0.6044414069522502,0.3723904378067342,0.705156231129652,0.6102380173397378
CatBoost_C1,AGC_176,4,4.38,4.327486090416934,4.30395569495596,0.13649304832971454,0.05251390958306601,0.0760443050440398,0.11524828842731827,0.01673047488145177,0.18343578593268894,0.1293463369464005
CatBoost_C1,AGC_178,4,4.39,4.24460258498641,4.246714139021588,0.019837568981073445,0.14539741501358927,0.14328586097841178,0.14539741501358927,0.021435555149943046,0.17070379950296832,0.1464088629487404
CatBoost_C1,AGC_179,5,4.55,4.481786045586963,4.437871732442507,0.13100755189888014,0.06821395441303686,0.11212826755749283,0.1320026380182945,0.01838352650029407,0.16690899808623527,0.1355858639397709
CatBoost_C1,AGC_180,6,4.14,4.405715688961755,4.426812117730641,0.05336203691843021,-0.2657156889617556,-0.2868121177306415,0.2657156889617556,0.07297774984715706,0.3191455872056643,0.2701439428289242
CatBoost_C1,AGC_181,6,4.51,4.32366568566813,4.355267081941967,0.12304260972870486,0.18633431433186928,0.15473291805803235,0.18633431433186928,0.04733671320490317,0.3421245034462084,0.2175700190855881
CatBoost_C1,AGC_184,3,4.47,4.480384915556164,4.463643439427036,0.033242561386489254,-0.010384915556164684,0.00635656057296341,0.02206166197802902,0.0008445583961316782,0.048669866301290554,0.02906128689737738
CatBoost_C1,AGC_185,6,5.01,4.345766762023682,4.334867141260913,0.10586463241013405,0.6642332379763181,0.6751328587390861,0.6642332379763181,0.4505452280952813,0.7753009320014579,0.6712266592554867
CatBoost_C1,AGC_187,1,3.0,3.0502887326962687,3.0502887326962687,0.0,-0.050288732696268656,-0.050288732696268656,0.050288732696268656,0.0025289566361967604,0.050288732696268656,0.050288732696268656
CatBoost_C1,AGC_189,9,4.03,4.289707111479288,4.303620261477117,0.07480037177481869,-0.25970711147928743,-0.2736202614771166,0.25970711147928743,0.07242120207971597,0.34038128859332595,0.26911187651182544
CatBoost_C1,AGC_193,2,4.57,4.326523218561514,4.326523218561514,0.16804479522840346,0.24347678143848617,0.24347678143848617,0.24347678143848617,0.07340046970132244,0.36230239568759526,0.2709252105311029
CatBoost_C1,AGC_194,8,3.2,3.0934911395457556,3.094753522043656,0.1017624697089585,0.10650886045424451,0.10524647795634423,0.11193829990397869,0.02040528756637009,0.284793962307496,0.14284707755628076
CatBoost_C1,AGC_195,2,3.68,4.403006102740304,4.403006102740304,0.02921118991113777,-0.7230061027403036,-0.7230061027403036,0.7230061027403036,0.5231644714077348,0.7436615332129972,0.7233010931885385
CatBoost_C1,AGC_197,5,4.52,4.275788496879201,4.255184116680823,0.1088451624553355,0.24421150312079848,0.2648158833191765,0.24421150312079848,0.06911707376846245,0.38239423701833086,0.26290126239419703
Graph04D,AGC_001,7,3.5,2.970813853216483,2.9696533621146224,0.031264311438546355,0.5291861467835169,0.5303466378853776,0.5291861467835169,0.28087579837878,0.588608295392584,0.5299771677900662
Graph04D,AGC_002,8,4.63,4.46223030407373,4.457515146230893,0.04465024884287967,0.16776969592627022,0.17248485376910683,0.16776969592627022,0.02989111000270785,0.2388547877904177,0.17289045665596425
Graph04D,AGC_004,6,3.0,2.9794197348789027,2.978961238357546,0.028904536544168226,0.020580265121097563,0.021038761642453663,0.02998292268412735,0.0011197741731489635,0.058935501975379,0.03346302695735942
Graph04D,AGC_005,3,5.16,4.485417531882031,4.479831452715442,0.02837130839530889,0.6745824681179698,0.6801685472845582,0.6745824681179698,0.45559812705217295,0.699745249569304,0.6749800938191978
Graph04D,AGC_006,7,4.49,4.5524213699136356,4.556915013388264,0.0427490933874168,-0.062421369913635213,-0.06691501338826367,0.06339660628819946,0.0054628431237058106,0.11791855470250567,0.07391104872551742
Graph04D,AGC_007,3,3.5,3.0985968586406023,3.0968369767520887,0.021967082802776802,0.401403141359398,0.4031630232479113,0.401403141359398,0.16144618371110223,0.4224373474135512,0.40180366313798366
Graph04D,AGC_008,6,4.55,4.441241296543367,4.449563923447224,0.06275932906501668,0.10875870345663241,0.10043607655277587,0.10875870345663241,0.01511073339814358,0.1752352735232119,0.12292572309384062
Graph04D,AGC_009,12,4.79,4.451397634312951,4.442640117073701,0.0630359321860975,0.3386023656870493,0.3473598829262996,0.3386023656870493,0.11829396339988901,0.4403475267218102,0.34393889486344664
Graph04D,AGC_010,11,4.1,4.4700326870025515,4.46471422302741,0.04007982437629006,-0.37003268700255193,-0.3647142230274101,0.37003268700255193,0.13838454610672335,0.44958536127663873,0.37200073401368894
Graph04D,AGC_012,3,4.69,4.5409708092857795,4.535129129124213,0.025020127617108152,0.14902919071422094,0.15487087087578733,0.14902919071422094,0.02262703754225322,0.17061167419665768,0.1504228624320559
Graph04D,AGC_013,5,4.01,4.586565502156708,4.586658087794197,0.029218058459415153,-0.576565502156709,-0.5766580877941969,0.576565502156709,0.3331107342293283,0.61538867664233,0.5771574605160434
Graph04D,AGC_014,5,4.83,4.447814279044506,4.446179851730678,0.03087023639063341,0.38218572095549436,0.3838201482693222,0.38218572095549436,0.14682830249812184,0.42112227259042445,0.3831818138927288
Graph04D,AGC_015,3,2.64,4.583894486926886,4.581166270665864,0.043184577007202435,-1.9438944869268866,-1.9411662706658634,1.9438944869268866,3.779969048098937,1.9883784897501706,1.944214249536027
Graph04D,AGC_017,3,4.98,4.483454668191842,4.507222134281727,0.07134035203514207,0.4965453318081578,0.47277786571827374,0.4965453318081578,0.24995023042613881,0.5767355542611172,0.4999502279488817
Graph04D,AGC_019,5,3.0,3.022899280356156,3.012947974053513,0.02140618991963717,-0.022899280356156203,-0.012947974053513,0.022899280356156203,0.0008909570143302997,0.05557323616172294,0.029848903067454583
Graph04D,AGC_021,1,4.94,4.561088244625278,4.561088244625278,0.0,0.3789117553747223,0.3789117553747223,0.3789117553747223,0.1435741183611534,0.3789117553747223,0.3789117553747223
Graph04D,AGC_022,4,4.55,4.478454409773176,4.474887911733253,0.012650085342734171,0.07154559022682361,0.07511208826674709,0.07154559022682361,0.0052387899752884,0.08200943537472138,0.07237948587333569
Graph04D,AGC_023,5,3.0,2.9397650061403886,2.935484759919428,0.0218921415268562,0.060234993859611397,0.06451524008057197,0.060234993859611397,0.004011667173772945,0.08405032185611905,0.0633377231495808
Graph04D,AGC_024,4,3.03,4.490995108480932,4.48307917685739,0.054842663294295824,-1.4609951084809318,-1.4530791768573903,1.4609951084809318,2.1367624952931186,1.5275161197517977,1.4617669086735814
Graph04D,AGC_026,9,3.55,4.474681509334286,4.4884435940165215,0.05634334378319644,-0.9246815093342869,-0.9384435940165217,0.9246815093342869,0.8578577358279986,1.0194151583410553,0.9262060979220547
Graph04D,AGC_032,2,4.03,4.561286181189512,4.561286181189512,0.010976649276115778,-0.5312861811895115,-0.5312861811895115,0.5312861811895115,0.2823252497375999,0.5390478443273592,0.5313428739877857
Graph04D,AGC_033,1,4.47,4.655842192291638,4.655842192291638,0.0,-0.18584219229163867,-0.18584219229163867,0.18584219229163867,0.03453732043576241,0.18584219229163867,0.18584219229163867
Graph04D,AGC_034,10,2.0,3.095932041424109,3.093499105826222,0.046023141438574146,-1.0959320414241087,-1.0934991058262222,1.0959320414241087,1.2029733560131022,1.181572206730054,1.0968014205010415
Graph04D,AGC_037,5,3.5,2.968771385565327,2.9579185154556638,0.06177159143634737,0.5312286144346727,0.5420814845443362,0.5312286144346727,0.2852564244010455,0.620632410832263,0.5340940220607655
Graph04D,AGC_038,11,3.3,3.0693445183603703,3.0603057889538414,0.06478039004291242,0.23065548163962973,0.2396942110461584,0.23065548163962973,0.05701695024142035,0.345740870887123,0.2387822234619243
Graph04D,AGC_040,3,3.0,2.9267967214492927,2.9259576712251194,0.006122080867839425,0.07320327855070714,0.0740423287748806,0.07320327855070714,0.005383706573340664,0.07886255843576828,0.07337374580420891
Graph04D,AGC_041,1,2.5,3.0422110624248564,3.0422110624248564,0.0,-0.5422110624248564,-0.5422110624248564,0.5422110624248564,0.2939928362158915,0.5422110624248564,0.5422110624248564
Graph04D,AGC_044,1,3.5,3.15757360730999,3.15757360730999,0.0,0.34242639269000996,0.34242639269000996,0.34242639269000996,0.11725583441069291,0.34242639269000996,0.34242639269000996
Graph04D,AGC_045,2,4.1,4.503390539619576,4.503390539619576,0.06427833467604566,-0.4033905396195765,-0.4033905396195765,0.4033905396195765,0.16478977960893598,0.4488421859523868,0.4059430743453274
Graph04D,AGC_046,3,3.0,3.001368806083846,2.9919657713025165,0.022176710082087513,-0.0013688060838464484,0.008034228697483492,0.0164297415496808,0.0003297446101384823,0.02669782145029087,0.01815887138944715
Graph04D,AGC_049,6,5.53,4.560482321262094,4.5669980772852465,0.034064588932363624,0.969517678737907,0.9630019227147533,0.969517678737907,0.9409315262346151,1.0339038103152305,0.9700162505002764
Graph04D,AGC_051,6,4.45,4.356727319242279,4.355245156041974,0.14836352727936214,0.0932726807577214,0.09475484395802569,0.15237663411677627,0.027042906498043515,0.23267302716749327,0.16444727573919707
Graph04D,AGC_053,10,3.5,2.988657201425488,2.997525312501082,0.053269964353005184,0.511342798574512,0.5024746874989181,0.511342798574512,0.26402537784596736,0.6179931289473468,0.5138339983360067
Graph04D,AGC_054,7,2.5,3.0140901086379897,3.01857306482522,0.031811046809831336,-0.5140901086379893,-0.5185730648252198,0.5140901086379893,0.26515601925582305,0.554810488977707,0.5149330240485873
Graph04D,AGC_055,1,5.45,4.510442518017111,4.510442518017111,0.0,0.9395574819828889,0.9395574819828889,0.9395574819828889,0.8827682619500267,0.9395574819828889,0.9395574819828889
Graph04D,AGC_056,4,5.07,4.516753278291188,4.513034048234004,0.02228115733257213,0.5532467217088122,0.5569659517659966,0.5532467217088122,0.306454272560607,0.5762385348670112,0.5535831216363148
Graph04D,AGC_057,1,4.55,4.626346536382308,4.626346536382308,0.0,-0.07634653638230837,-0.07634653638230837,0.07634653638230837,0.005828793617575136,0.07634653638230837,0.07634653638230837
Graph04D,AGC_058,10,2.5,3.0086674323146148,3.0051544645582227,0.038248439956895246,-0.5086674323146149,-0.5051544645582227,0.5086674323146149,0.2600592055407659,0.5678505304866324,0.509960003863799
Graph04D,AGC_059,6,4.41,4.587457699363898,4.5947541450582445,0.028634760009333123,-0.17745769936389802,-0.1847541450582444,0.17745769936389802,0.03217452629752104,0.21556797299251418,0.179372590708617
Graph04D,AGC_060,5,4.52,4.540403991268663,4.534207475871488,0.014486755662458457,-0.020403991268663546,-0.01420747587148874,0.020403991268663546,0.0005842157313907154,0.04284667726509461,0.02417055504928911
Graph04D,AGC_062,5,3.81,4.418561390827707,4.391493896407755,0.0601385826587261,-0.6085613908277062,-0.5814938964077547,0.6085613908277062,0.3732402857055125,0.692604586644189,0.6109339454519715
Graph04D,AGC_064,15,4.51,4.481525306305713,4.478195208711874,0.08088045510488433,0.028474693694286537,0.031804791288125855,0.07061527957497044,0.006916346331091767,0.16034030089183648,0.08316457377448505
Graph04D,AGC_066,5,3.0,2.967755433492952,2.971688745818049,0.031104305570223003,0.03224456650704788,0.028311254181951018,0.036623799634209676,0.0018136943292320796,0.07520972170927598,0.042587490290366715
Graph04D,AGC_067,4,3.0,3.117939160857946,3.1275347107774945,0.03962820443450096,-0.11793916085794587,-0.12753471077749468,0.11793916085794587,0.015087441603903387,0.15223339396599034,0.1228309472563954
Graph04D,AGC_068,10,2.5,2.979531453985316,2.975436270160396,0.040308694437097774,-0.47953145398531644,-0.475436270160396,0.47953145398531644,0.23141272712377262,0.5387929193592784,0.48105376739380457
Graph04D,AGC_070,12,3.3,3.054919815172107,3.05914087781372,0.048048552399068585,0.24508018482789296,0.2408591221862797,0.24508018482789296,0.06218057176728303,0.3354462200042265,0.24936032516678155
Graph04D,AGC_072,3,4.55,4.583613525979593,4.586778301651449,0.04739348745713211,-0.033613525979593405,-0.036778301651449574,0.04380221470647753,0.0026272975643470333,0.07934530937765683,0.05125717085781299
Graph04D,AGC_073,6,4.3,4.4425511467822325,4.432398848591261,0.05691992157138228,-0.14255114678223268,-0.1323988485912615,0.14255114678223268,0.02302072734200658,0.23308808655873037,0.15172582951497277
Graph04D,AGC_077,4,4.76,4.542821135205127,4.540743112627691,0.05077302509610779,0.21717886479487247,0.21925688737230908,0.21717886479487247,0.049100084371646986,0.274086451199576,0.2215853884434779
Graph04D,AGC_078,2,3.0,3.145109367244162,3.145109367244162,0.025453459935265738,-0.1451093672441619,-0.1451093672441619,0.1451093672441619,0.021380667773339135,0.1631076813690484,0.14622129726322064
Graph04D,AGC_079,7,3.3,3.0807366548379598,3.068669260085821,0.06878265101814006,0.21926334516203985,0.23133073991417863,0.21926334516203985,0.05213160288686205,0.313126441573226,0.22832346109601187
Graph04D,AGC_080,5,3.5,3.1085345081926414,3.100029760654497,0.024121357689468936,0.3914654918073587,0.39997023934550313,0.3914654918073587,0.15371070319340382,0.407387635924219,0.3920595658741205
Graph04D,AGC_089,5,3.0,3.1142676327591094,3.1166215711491585,0.02425159323772153,-0.11426763275910945,-0.1166215711491585,0.11426763275910945,0.013527603716025021,0.14671457528957665,0.11630822720695652
Graph04D,AGC_090,5,4.68,4.418101354239075,4.381815228763473,0.0799513736634463,0.261898645760925,0.2981847712365271,0.261898645760925,0.07370467837194407,0.3354125637103573,0.2714860555755011
Graph04D,AGC_092,5,4.57,4.516213103737036,4.487660757301249,0.08195164616811945,0.05378689626296396,0.08233924269875104,0.07866281733691043,0.008265888057334548,0.13829700660975686,0.09091692943195204
Graph04D,AGC_096,4,4.59,4.399489271685434,4.402600693739601,0.05487903982235341,0.19051072831456528,0.18739930626039847,0.19051072831456528,0.0385531193618137,0.24870139861392904,0.19634948271338457
Graph04D,AGC_097,1,4.69,4.650751866840005,4.650751866840005,0.0,0.039248133159995646,0.039248133159995646,0.039248133159995646,0.00154041595654475,0.039248133159995646,0.039248133159995646
Graph04D,AGC_098,9,3.0,3.015338296973233,3.007107604230209,0.0445669705698043,-0.015338296973233115,-0.007107604230208953,0.03665610144564911,0.0020007876791677953,0.08610506105523097,0.04473016520389563
Graph04D,AGC_099,7,3.5,2.9603160940062785,2.9603056995115398,0.03724079562663011,0.5396839059937211,0.5396943004884602,0.5396839059937211,0.29244746998198623,0.6109478156792001,0.5407841251201687
Graph04D,AGC_100,4,4.5,4.44457539577441,4.448322381465282,0.05277059448008755,0.055424604225589924,0.05167761853471875,0.057304218982442645,0.005160438484899663,0.12210240934662764,0.07183619202671912
Graph04D,AGC_101,9,4.57,4.4374657834350995,4.445939074862526,0.07161654901372028,0.13253421656490033,0.12406092513747424,0.13253421656490033,0.022124367531702657,0.23438398123141901,0.14874262177231734
Graph04D,AGC_102,7,4.4,4.427271854866585,4.439010300591217,0.06071592418168607,-0.027271854866584455,-0.03901030059121702,0.05631860136342797,0.003903545595780826,0.10674998029414517,0.06247836102028306
Graph04D,AGC_103,7,3.0,3.039976527681503,3.02867747503036,0.05171157069560409,-0.03997652768150336,-0.02867747503036,0.04289296069625318,0.003890196945875551,0.13962627398132987,0.0623714433525115
Graph04D,AGC_104,6,4.56,4.458927993330388,4.4449754167673365,0.059525630208634196,0.10107200666961165,0.11502458323266307,0.1017585924480963,0.013168301075334588,0.1603638356930137,0.11475321814805277
Graph04D,AGC_105,5,4.41,4.462507655262623,4.4701347549188295,0.03987632100785607,-0.05250765526262331,-0.06013475491882936,0.05250765526262331,0.0040291506428757565,0.09479863460893512,0.06347559092183197
Graph04D,AGC_106,8,4.43,4.471165347627987,4.471183627047302,0.02891367446527722,-0.04116534762798685,-0.041183627047302274,0.04233845963502192,0.0024260863450315186,0.08739775334879596,0.04925531793655908
Graph04D,AGC_108,3,4.51,4.582301365072511,4.575660008865441,0.0765153107621328,-0.07230136507251099,-0.0656600088654411,0.0727525589641657,0.009130549245365702,0.15192087718957392,0.09555390753582871
Graph04D,AGC_109,6,4.54,4.562549185754709,4.568780592188682,0.043172076304050545,-0.0225491857547091,-0.028780592188682785,0.037316170405054194,0.0020616559218693425,0.06292089209721219,0.04540546136611038
Graph04D,AGC_110,11,4.18,4.466235880244766,4.472625680965792,0.04998526151097764,-0.2862358802447664,-0.29262568096579233,0.2862358802447664,0.08420236674706066,0.37094836205451376,0.290176440716783
Graph04D,AGC_111,2,4.72,4.609417682237979,4.609417682237979,0.02357472060185337,0.11058231776202154,0.11058231776202154,0.11058231776202154,0.012506332727348437,0.1272521625641705,0.11183171610660562
Graph04D,AGC_112,5,3.0,2.9627702671021234,2.956389530656718,0.045266462435219514,0.037229732897876566,0.043610469343282166,0.05299715299329701,0.0030252951087665395,0.07465834905851843,0.05500268274154034
Graph04D,AGC_114,6,3.0,3.012772160745276,3.0030911510233635,0.033914822556859445,-0.01277216074527591,-0.0030911510233635475,0.026489579425982807,0.001121640747655884,0.0691886946843181,0.033490905446940125
Graph04D,AGC_115,4,4.6,4.395134496935276,4.4017422945145634,0.036995463072018654,0.2048655030647244,0.1982577054854362,0.2048655030647244,0.04299637256189742,0.2524520944280244,0.20735566681886805
Graph04D,AGC_117,8,3.5,2.9791614594752587,2.9671094257348116,0.0327332762837916,0.5208385405247412,0.5328905742651882,0.5208385405247412,0.27221031925017963,0.5531563832409803,0.5217377878304194
Graph04D,AGC_119,10,4.4,4.494670768836257,4.498253570573267,0.0849358953704468,-0.09467076883625687,-0.09825357057326656,0.1088286821815796,0.015455250162189516,0.21879630264074468,0.1243191464022719
Graph04D,AGC_122,9,3.5,2.976043045370112,2.9621768727914475,0.03852355179400142,0.5239569546298881,0.5378231272085525,0.5239569546298881,0.2758500583430934,0.570586066713842,0.5252142975425301
Graph04D,AGC_123,6,2.5,3.0365566689591064,3.046544324320414,0.053715285298119794,-0.5365566689591068,-0.546544324320414,0.5365566689591068,0.2902975022333745,0.6096860829371704,0.5387926337965048
Graph04D,AGC_124,4,5.05,4.488241468197896,4.488203500591595,0.03378417264709302,0.5617585318021039,0.5617964994084041,0.5617585318021039,0.3164286757935418,0.5998326456626497,0.5625199336855022
Graph04D,AGC_125,9,4.06,4.467728465822486,4.4694717448440615,0.03612788748103116,-0.40772846582248534,-0.4094717448440619,0.40772846582248534,0.16740270117870606,0.4622924420072323,0.40914875189679617
Graph04D,AGC_127,4,5.57,4.50019260834041,4.503634244829938,0.0424161132235939,1.06980739165959,1.0663657551700627,1.06980739165959,1.145837200245243,1.1201506210475785,1.0704378544526736
Graph04D,AGC_131,9,4.89,4.492599381483558,4.496653807589586,0.05014858550537509,0.39740061851644193,0.393346192410414,0.39740061851644193,0.1601627010445305,0.4627771926444577,0.4002033246295319
Graph04D,AGC_132,1,4.13,4.590653250629642,4.590653250629642,0.0,-0.46065325062964213,-0.46065325062964213,0.46065325062964213,0.2122014173156559,0.46065325062964213,0.46065325062964213
Graph04D,AGC_133,1,3.91,4.554302099100523,4.554302099100523,0.0,-0.644302099100523,-0.644302099100523,0.644302099100523,0.4151251949053402,0.644302099100523,0.644302099100523
Graph04D,AGC_134,9,4.52,4.4002485117163,4.467466936560985,0.1373597608256594,0.11975148828369973,0.05253306343901443,0.1435992824819326,0.031111711296456526,0.3033454683571941,0.17638512209496732
Graph04D,AGC_135,1,4.49,4.528275299939993,4.528275299939993,0.0,-0.03827529993999246,-0.03827529993999246,0.03827529993999246,0.0014649985854963865,0.03827529993999246,0.03827529993999246
Graph04D,AGC_138,7,2.5,3.0006861594770116,2.997314057013156,0.04052147123589148,-0.5006861594770113,-0.4973140570131558,0.5006861594770113,0.25209404997565743,0.5700307192693401,0.502089683199782
Graph04D,AGC_139,1,4.67,4.449796790126882,4.449796790126882,0.0,0.2202032098731177,0.2202032098731177,0.2202032098731177,0.04848945363842432,0.2202032098731177,0.2202032098731177
Graph04D,AGC_140,3,3.2,3.1487620273492776,3.169296168505011,0.0435761017565668,0.05123797265072275,0.03070383149498923,0.05123797265072275,0.0038912476042219906,0.1012874316629957,0.06237986537515122
Graph04D,AGC_141,5,3.5,2.974907591513575,3.006367546815069,0.054904599407381315,0.5250924084864252,0.4936324531849312,0.5250924084864252,0.27813364947894287,0.6104297683078079,0.5273837781719711
Graph04D,AGC_144,8,2.5,3.0457776725293098,3.035690757540406,0.04972736564667125,-0.5457776725293099,-0.5356907575404064,0.5457776725293099,0.3000369773638986,0.636351859502283,0.547756312025611
Graph04D,AGC_145,10,3.5,2.990009456833103,2.9823173352715067,0.03227199491267207,0.5099905431668968,0.5176826647284933,0.5099905431668968,0.2610276876097457,0.5514505097388014,0.5109086881329634
Graph04D,AGC_146,2,4.58,4.496341349362357,4.496341349362357,0.02127134810781452,0.08365865063764266,0.08365865063764266,0.08365865063764266,0.007225004951673067,0.09869976512965817,0.08500002912748364
Graph04D,AGC_148,1,3.0,3.195850422627016,3.195850422627016,0.0,-0.19585042262701613,-0.19585042262701613,0.19585042262701613,0.03835738804318083,0.19585042262701613,0.19585042262701613
Graph04D,AGC_150,5,4.52,4.453160006423941,4.428100632806363,0.048357273862483716,0.0668399935760581,0.091899367193637,0.0668399935760581,0.006338325489576478,0.11441073189319617,0.07961360115945314
Graph04D,AGC_151,4,4.69,4.5503108410712265,4.569713937908846,0.04264411018445536,0.13968915892877387,0.12028606209115456,0.13968915892877387,0.020876951222296217,0.20345625754896535,0.1444885850934122
Graph04D,AGC_152,7,4.87,4.537509340253856,4.543099039595683,0.025933874058871376,0.3324906597461435,0.32690096040431715,0.3324906597461435,0.11112652381016984,0.38399023573841884,0.3333564515802414
Graph04D,AGC_155,2,4.52,4.516485418187006,4.516485418187006,0.0244616343006747,0.003514581812992912,0.003514581812992912,0.017296987492912752,0.0003115380616502007,0.020811569305905664,0.017650440834443788
Graph04D,AGC_157,4,3.0,2.9907355326179994,2.995434160489565,0.01622533025801046,0.009264467382000485,0.004565839510435099,0.011610383458020901,0.000283276362358281,0.032618022659172574,0.01683081585539694
Graph04D,AGC_159,5,4.77,4.475602791605365,4.474094339253487,0.04950703459125715,0.29439720839463507,0.2959056607465129,0.29439720839463507,0.08863047348977016,0.3530427516931498,0.29770870576751723
Graph04D,AGC_160,4,3.62,4.6196861138967025,4.6223153196141595,0.02913354782453781,-0.9996861138967024,-1.0023153196141594,0.9996861138967024,1.0000088990245242,1.0247673500387018,1.000004449502363
Graph04D,AGC_161,7,4.46,4.59324116739342,4.589420274926932,0.04192255441191753,-0.13324116739341907,-0.12942027492693242,0.13324116739341907,0.019259637747007008,0.1859050223310943,0.13877909693828896
Graph04D,AGC_162,2,5.59,4.557883004673767,4.557883004673767,0.00513743235586971,1.0321169953262332,1.0321169953262332,1.0321169953262332,1.0652786886468575,1.035749708582956,1.032123388285944
Graph04D,AGC_163,2,3.0,3.003014760036532,3.003014760036532,0.0009235054814613296,-0.003014760036531783,-0.003014760036531783,0.003014760036531783,9.515209265013678e-06,0.0036677770249360364,0.003084673283350066
Graph04D,AGC_164,3,3.0,2.932646928536809,2.9159317542654746,0.03580870096281333,0.06735307146319114,0.08406824573452543,0.06735307146319114,0.0053912782786218515,0.09174781670940746,0.07342532450470922
Graph04D,AGC_165,6,4.44,4.5628836498538154,4.561202273462586,0.035399096939707754,-0.1228836498538155,-0.12120227346258572,0.1228836498538155,0.016144638121517483,0.1665280111166414,0.12706155249137122
Graph04D,AGC_166,4,2.5,3.0974515497487483,3.0943339304665924,0.07215254039096762,-0.5974515497487481,-0.5943339304665922,0.5974515497487481,0.36085284611083357,0.6754993503434203,0.6007102846720984
Graph04D,AGC_167,7,4.54,4.5204933149598325,4.511847282810187,0.06697526054030123,0.019506685040167632,0.028152717189812826,0.0523796582391492,0.004225384067920204,0.12182342374126165,0.06500295430147929
Graph04D,AGC_168,3,4.49,4.525466493797606,4.5172686019878645,0.03208548072427561,-0.03546649379760621,-0.027268601987864294,0.03546649379760621,0.0019441908978342262,0.07085559791100504,0.04409298014235629
Graph04D,AGC_169,2,2.5,2.9978002125538135,2.9978002125538135,0.05874613581230322,-0.49780021255381346,-0.49780021255381346,0.49780021255381346,0.24953060585506065,0.539340003555199,0.49953038531711025
Graph04D,AGC_170,4,3.0,2.9817613823812863,2.986163355238267,0.05631000375034254,0.018238617618713482,0.013836644761732853,0.04681107383230887,0.002710759564414339,0.08239223591072697,0.05206495524260382
Graph04D,AGC_171,8,2.15,4.4795608211328455,4.464998538175795,0.04295438130983833,-2.329560821132846,-2.3149985381757947,2.329560821132846,5.428468063371636,2.4078686070315958,2.329907307892663
Graph04D,AGC_172,6,5.19,4.534634543555346,4.532565245923333,0.01538804013421451,0.6553654564446537,0.6574347540766676,0.6553654564446537,0.4297012079835527,0.6732051231315799,0.6555159860625466
Graph04D,AGC_176,4,4.38,4.4920961008827165,4.500732373438776,0.04380566175308975,-0.11209610088271682,-0.12073237343877574,0.11209610088271682,0.014004737834327815,0.15541971943498556,0.1183416149726199
Graph04D,AGC_178,4,4.39,4.417839166225255,4.4111191717871865,0.0724107412585025,-0.027839166225255063,-0.021119171787187252,0.056945389282458514,0.0047075057633217425,0.11689255698505008,0.06861126557149155
Graph04D,AGC_179,5,4.55,4.578133678369822,4.586228401771624,0.04539211746595757,-0.02813367836982188,-0.03622840177162434,0.040745665803235555,0.0024398593210512185,0.09018939234069379,0.049394932139352296
Graph04D,AGC_180,6,4.14,4.502520153610767,4.4798341443403205,0.06188298043743764,-0.3625201536107676,-0.3398341443403208,0.3625201536107676,0.13461211449715813,0.4873142099232135,0.3668952364056504
Graph04D,AGC_181,6,4.51,4.550709040439994,4.5572672756346995,0.05233647716586396,-0.04070904043999398,-0.04726727563469968,0.05848128396259004,0.003939815008655882,0.09626047825370865,0.06276794571001891
Graph04D,AGC_184,3,4.47,4.596908944473717,4.584761268795232,0.02391596927322884,-0.12690894447371756,-0.11476126879523196,0.12690894447371756,0.016487195911618475,0.15446065622975613,0.1284024762674711
Graph04D,AGC_185,6,5.01,4.409459540039106,4.408680454156409,0.06302168577144734,0.600540459960894,0.6013195458435909,0.600540459960894,0.36395862144793806,0.6657145088904937,0.6032898320442157
Graph04D,AGC_187,1,3.0,3.1411651279782493,3.1411651279782493,0.0,-0.14116512797824932,-0.14116512797824932,0.14116512797824932,0.019927593357115508,0.14116512797824932,0.14116512797824932
Graph04D,AGC_189,9,4.03,4.4610852618415135,4.459814607689853,0.0418779074110269,-0.4310852618415127,-0.4298146076898526,0.4310852618415127,0.1873933999806336,0.4910131070791941,0.4328895932921391
Graph04D,AGC_193,2,4.57,4.47274642950617,4.47274642950617,0.05367920910495024,0.09725357049383021,0.09725357049383021,0.09725357049383021,0.01089898571886489,0.1352105032606712,0.10439820745043896
Graph04D,AGC_194,8,3.2,3.053720657293705,3.060476476649994,0.04760223171084211,0.1462793427062951,0.13952352335000606,0.1462793427062951,0.023380372008456853,0.24625116407758174,0.15290641585118936
Graph04D,AGC_195,2,3.68,4.428611077745776,4.428611077745776,0.039507152682604615,-0.7486110777457764,-0.7486110777457764,0.7486110777457764,0.5611989532802362,0.7765468533130186,0.7491321333918578
Graph04D,AGC_197,5,4.52,4.4365089646047355,4.444600520980595,0.08305822119006072,0.0834910353952644,0.07539947901940458,0.08358758463159362,0.012489687477178915,0.1803710258068998,0.11175727035490315
Local04D,AGC_001,7,3.5,2.9584588132206497,2.9586478475189426,0.03169066474347808,0.5415411867793503,0.5413521524810574,0.5415411867793503,0.2941276840342873,0.6014044949067192,0.5423353981018455
Local04D,AGC_002,8,4.63,4.460472696907926,4.4652134146455555,0.03144438597967481,0.16952730309207398,0.1647865853544448,0.16952730309207398,0.029604662227105838,0.22040516442127522,0.1720600541296725
Local04D,AGC_004,6,3.0,2.9618896679296847,2.9679229313947895,0.033063334889212335,0.03811033207031489,0.03207706860521031,0.03917057295457512,0.002363384172173177,0.09720094492828402,0.04861464976910949
Local04D,AGC_005,3,5.16,4.613960994624123,4.579286784846724,0.06307840148105444,0.5460390053758774,0.5807132151532759,0.5460390053758774,0.30081118521414746,0.5841740476931392,0.5484625650070818
Local04D,AGC_006,7,4.49,4.551617091636036,4.590807246625504,0.09821655297505331,-0.061617091636035556,-0.10080724662550367,0.09213924913861263,0.012065087077370534,0.16580665231453295,0.10984119025834768
Local04D,AGC_007,3,3.5,3.1772265704077736,3.1733514951648347,0.012297396469973363,0.3227734295922266,0.3266485048351653,0.3227734295922266,0.10428350415735453,0.33266652187097323,0.3229295653193658
Local04D,AGC_008,6,4.55,4.202902983703202,4.136477087379246,0.15345955783051834,0.3470970162967973,0.41352291262075314,0.3470970162967973,0.140101201963421,0.465359884779617,0.3743009510586648
Local04D,AGC_009,12,4.79,4.540384646526017,4.51670630279124,0.09051807483933424,0.24961535347398348,0.2732936972087603,0.24961535347398348,0.06981855307317607,0.3537312958443364,0.2642320061483394
Local04D,AGC_010,11,4.1,4.363328016071422,4.378580264032877,0.05416926715696413,-0.2633280160714227,-0.27858026403287717,0.2633280160714227,0.07200919814295013,0.32756471592954295,0.26834529648002053
Local04D,AGC_012,3,4.69,4.67055973712544,4.711707708964462,0.10148164645164456,0.019440262874560393,-0.021707708964461503,0.0705820696763088,0.00724360686498975,0.13503349882630378,0.08510938176834414
Local04D,AGC_013,5,4.01,4.523902783994591,4.5325699686556336,0.02638010601985868,-0.5139027839945903,-0.5225699686556338,0.5139027839945903,0.26465279939228575,0.5399106637872428,0.514444165475988
Local04D,AGC_014,5,4.83,4.2899490116547705,4.322587314765038,0.0665129950470378,0.5400509883452296,0.5074126852349616,0.5400509883452296,0.2951942528207611,0.6465202796521785,0.5433178193477195
Local04D,AGC_015,3,2.64,4.758240115429936,4.763538988495512,0.04995605944286983,-2.1182401154299355,-2.1235389884955116,2.1182401154299355,4.4886049252,2.1653355211748724,2.1186327962155214
Local04D,AGC_017,3,4.98,4.445031895194112,4.455286875353414,0.03711046554185914,0.5349681048058891,0.5247131246465866,0.5349681048058891,0.28710899759476044,0.5761277081899632,0.5358255290621756
Local04D,AGC_019,5,3.0,3.013469879136267,3.011002271771703,0.026636123196367253,-0.013469879136267071,-0.011002271771702876,0.02098751344244354,0.000749024091091285,0.05512062362878378,0.027368304497927615
Local04D,AGC_021,1,4.94,4.6653741135548445,4.6653741135548445,0.0,0.27462588644515584,0.27462588644515584,0.27462588644515584,0.07541937750578763,0.27462588644515584,0.27462588644515584
Local04D,AGC_022,4,4.55,4.330472816158058,4.338078463279532,0.060117290172514916,0.21952718384194192,0.21192153672046743,0.21952718384194192,0.050902750878838554,0.294697717768142,0.22561637989924083
Local04D,AGC_023,5,3.0,2.978396044801636,2.974871206838442,0.01658379260036636,0.021603955198364132,0.025128793161557805,0.023024952606954585,0.0006867486218224956,0.03672528614292592,0.02620588906758356
Local04D,AGC_024,4,3.03,4.22496850860696,4.256377190682613,0.38226332116179246,-1.19496850860696,-1.2263771906826133,1.19496850860696,1.5375436715915751,1.538578554109002,1.2399772867240655
Local04D,AGC_026,9,3.55,4.398355674167814,4.410666068658411,0.06010087487714537,-0.8483556741678144,-0.8606660686584116,0.8483556741678144,0.7229181189247255,0.9358092733632732,0.8502459167351087
Local04D,AGC_032,2,4.03,4.5996474089161845,4.5996474089161845,0.08249926412590113,-0.5696474089161843,-0.5696474089161843,0.5696474089161843,0.3279012347755801,0.627983198022509,0.5726266102580111
Local04D,AGC_033,1,4.47,4.717618770644696,4.717618770644696,0.0,-0.24761877064469662,-0.24761877064469662,0.24761877064469662,0.06131505557559087,0.24761877064469662,0.24761877064469662
Local04D,AGC_034,10,2.0,3.213927948504464,3.2060079259027963,0.03816831950634806,-1.213927948504464,-1.2060079259027963,1.213927948504464,1.4749322027128016,1.269201981625864,1.214467868126943
Local04D,AGC_037,5,3.5,2.924850466016123,2.950931447504153,0.1052601499230616,0.5751495339838769,0.549068552495847,0.5751495339838769,0.3396607457713311,0.6981450476385609,0.5828042087796991
Local04D,AGC_038,11,3.3,3.156037143187244,3.185998855781175,0.12151914116056282,0.14396285681275584,0.1140011442188249,0.14396285681275584,0.03414976020387258,0.408527623058085,0.18479653731569912
Local04D,AGC_040,3,3.0,2.9294588071872423,2.929451552481547,0.003167458817811326,0.07054119281275772,0.07054844751845302,0.07054119281275772,0.004982748413688349,0.0737050180466845,0.07058858557648219
Local04D,AGC_041,1,2.5,3.0044863291015846,3.0044863291015846,0.0,-0.5044863291015846,-0.5044863291015846,0.5044863291015846,0.25450645625039237,0.5044863291015846,0.5044863291015846
Local04D,AGC_044,1,3.5,3.3393126888259594,3.3393126888259594,0.0,0.16068731117404056,0.16068731117404056,0.16068731117404056,0.02582041197234294,0.16068731117404056,0.16068731117404056
Local04D,AGC_045,2,4.1,4.498281490623334,4.498281490623334,0.011361466138565259,-0.3982814906233352,-0.3982814906233352,0.3982814906233352,0.1586926872295547,0.4063152603741358,0.39836250730905226
Local04D,AGC_046,3,3.0,3.0624247544045726,3.0684815662753167,0.030597973795914543,-0.062424754404572624,-0.06848156627531665,0.062424754404572624,0.004521007296081524,0.08954136916727418,0.0672384361513675
Local04D,AGC_049,6,5.53,4.794443222974892,4.801559133092882,0.02626144716236474,0.7355567770251078,0.7284408669071181,0.7355567770251078,0.5416184919001156,0.7699175568277825,0.7359473431571824
Local04D,AGC_051,6,4.45,4.3224341698102196,4.314799846164167,0.08091850003076945,0.12756583018978032,0.13520015383583361,0.1331414112669703,0.021729544071365903,0.2178841818777153,0.1474094436302027
Local04D,AGC_053,10,3.5,3.141245669571936,3.2122348916793717,0.14420868118839128,0.35875433042806376,0.28776510832062807,0.35875433042806376,0.14742119895797395,0.6128782251989571,0.3839546834692526
Local04D,AGC_054,7,2.5,3.0212199434959257,3.02712206465457,0.054376889142685465,-0.5212199434959256,-0.52712206465457,0.5212199434959256,0.2742046689888981,0.5883193759703942,0.523645556640079
Local04D,AGC_055,1,5.45,4.598477038382532,4.598477038382532,0.0,0.8515229616174684,0.8515229616174684,0.8515229616174684,0.7250913541617846,0.8515229616174684,0.8515229616174684
Local04D,AGC_056,4,5.07,4.600680170186908,4.603380022110029,0.030560633159917815,0.4693198298130927,0.4666199778899718,0.4693198298130927,0.22096156688014162,0.5053493189808442,0.47006549211800436
Local04D,AGC_057,1,4.55,4.877338123381271,4.877338123381271,0.0,-0.32733812338127155,-0.32733812338127155,0.32733812338127155,0.10715024701877256,0.32733812338127155,0.32733812338127155
Local04D,AGC_058,10,2.5,3.075146303704698,3.0724497162680446,0.05761379390709399,-0.5751463037046978,-0.5724497162680446,0.5751463037046978,0.3337806849887087,0.6482708085704441,0.5777375571907272
Local04D,AGC_059,6,4.41,4.485279694422143,4.500274103326594,0.03963026943691814,-0.07527969442214284,-0.09027410332659347,0.07634215837077418,0.006975830938660139,0.10074209324186079,0.08352143999393292
Local04D,AGC_060,5,4.52,4.865203703534592,4.932701719083472,0.20922324149926727,-0.34520370353459223,-0.4127017190834721,0.3550550979040937,0.15418508876076725,0.48718838062921144,0.3926640915092278
Local04D,AGC_062,5,3.81,4.439119561853585,4.426328695151581,0.02661169099416734,-0.6291195618535844,-0.6163286951515805,0.6291195618535844,0.39635796878490126,0.6720766133927003,0.6295696695242722
Local04D,AGC_064,15,4.51,4.551804531366277,4.566575870167109,0.06823311281092173,-0.041804531366277625,-0.05657587016710952,0.0628055958577398,0.0060929926810308664,0.16378627444044014,0.07805762410572632
Local04D,AGC_066,5,3.0,2.9668678078724238,2.9803564513354006,0.03592240446148657,0.03313219212757614,0.019643548664599386,0.035737401928868005,0.002130077469014318,0.08815400226266634,0.04615276231185213
Local04D,AGC_067,4,3.0,3.22620322663364,3.2330273331608406,0.04259663709106755,-0.22620322663363956,-0.23302733316084057,0.22620322663363956,0.05252875485807078,0.27060567959263615,0.22919152440278148
Local04D,AGC_068,10,2.5,2.9399349123907546,2.938643523010855,0.05244924193267333,-0.4399349123907543,-0.43864352301085496,0.4399349123907543,0.19601855782164157,0.5511666464755018,0.44273983085062674
Local04D,AGC_070,12,3.3,3.171441754410006,3.1787777978336624,0.07955027368935796,0.12855824558999343,0.12122220216633761,0.12855824558999343,0.022328114716224517,0.3295600952463742,0.14942595061174788
Local04D,AGC_072,3,4.55,4.509186568455309,4.602818669480358,0.16644565320883137,0.040813431544690935,-0.052818669480358516,0.11451150960080565,0.020135173175862855,0.23298741171824489,0.14189846079455146
Local04D,AGC_073,6,4.3,4.3672171768650605,4.412216947400503,0.1315067235437168,-0.06721717686506068,-0.11221694740050303,0.1337219670378277,0.018929830813378457,0.19951437051830112,0.1375857216915275
Local04D,AGC_077,4,4.76,4.458697608284452,4.447057767276773,0.039996455187844365,0.30130239171554773,0.3129422327232274,0.30130239171554773,0.09198291857420429,0.33319913498870246,0.3032868585583693
Local04D,AGC_078,2,3.0,3.2159677919504435,3.2159677919504435,0.0029580885889419297,-0.21596779195044347,-0.21596779195044347,0.21596779195044347,0.04664646230400005,0.21805947645103485,0.21597792087155587
Local04D,AGC_079,7,3.3,3.249495498806724,3.285027459142,0.11256462071019913,0.05050450119327575,0.014972540857999928,0.06006785439792844,0.013411385071322437,0.3012101396747613,0.1158075346051475
Local04D,AGC_080,5,3.5,3.362406412173219,3.348636468391802,0.03576095879845917,0.13759358782678133,0.15136353160819782,0.13759358782678133,0.019955072350394263,0.17354152882070384,0.14126242370281725
Local04D,AGC_089,5,3.0,3.134960552647656,3.1422261314280986,0.035893219644921266,-0.13496055264765588,-0.1422261314280986,0.13496055264765588,0.019245009344143547,0.16318646795065295,0.13872638301398746
Local04D,AGC_090,5,4.68,4.424400609959795,4.414702643118983,0.09454494036530725,0.25559939004020454,0.26529735688101663,0.25559939004020454,0.0724820447878682,0.36489671764292275,0.2692248963002274
Local04D,AGC_092,5,4.57,4.531165569991217,4.472595103741022,0.11377537560815879,0.03883443000878408,0.09740489625897819,0.10375863018742706,0.011863981829929243,0.1544088184187391,0.1089219070248462
Local04D,AGC_096,4,4.59,4.296927956968451,4.286864771825888,0.0531084185397754,0.293072043031549,0.30313522817411176,0.293072043031549,0.08800660049653308,0.34638264168177546,0.29665906440985934
Local04D,AGC_097,1,4.69,4.83972164298062,4.83972164298062,0.0,-0.1497216429806194,-0.1497216429806194,0.1497216429806194,0.02241657037681606,0.1497216429806194,0.1497216429806194
Local04D,AGC_098,9,3.0,3.03626918141856,3.0315621384449165,0.07521148608959104,-0.036269181418560156,-0.03156213844491651,0.06623806207080236,0.006343691422821091,0.1365714664706017,0.07964729388259899
Local04D,AGC_099,7,3.5,2.9969204202250013,2.989951897373033,0.06308171808285785,0.503079579774999,0.5100481026269672,0.503079579774999,0.2564998948634054,0.6056359603910679,0.5064581866881069
Local04D,AGC_100,4,4.5,4.343156757600244,4.348422833799641,0.05099118891766003,0.15684324239975567,0.15157716620035888,0.15684324239975567,0.026549878696895898,0.22258541274963317,0.16294133513904904
Local04D,AGC_101,9,4.57,4.326225861690951,4.326408565986148,0.13609176969638906,0.2437741383090496,0.24359143401385186,0.2437741383090496,0.07588891475640408,0.4569316724352266,0.2754794271019237
Local04D,AGC_102,7,4.4,4.410330919660267,4.422254780028977,0.10809007630126588,-0.0103309196602664,-0.02225478002897674,0.08643528040514832,0.01012112612515269,0.16112818567082066,0.10060380770702812
Local04D,AGC_103,7,3.0,3.0123584537580577,3.0086543924820024,0.02098038815851172,-0.012358453758057473,-0.008654392482002393,0.018571703202142725,0.0005300256826744654,0.0389305265958475,0.02302228665173087
Local04D,AGC_104,6,4.56,4.398407344694534,4.397735362122161,0.08411442659301172,0.16159265530546607,0.1622646378778385,0.16159265530546607,0.03200821688289713,0.25656700804205457,0.17890840361172844
Local04D,AGC_105,5,4.41,4.384907574939277,4.412905772869154,0.08547167594716773,0.025092425060723046,-0.002905772869153722,0.0642909448660511,0.006473955706802091,0.14448422083472767,0.08046089551329945
Local04D,AGC_106,8,4.43,4.274474185115381,4.276088046577895,0.0625148671778527,0.15552581488461847,0.15391195342210517,0.15552581488461847,0.02760787413650611,0.25134361121787574,0.16615617393436247
Local04D,AGC_108,3,4.51,4.754424874222303,4.69099273443118,0.11347680445721631,-0.24442487422230355,-0.18099273443118058,0.24442487422230355,0.06832817590513644,0.37543473990068765,0.26139658740147403
Local04D,AGC_109,6,4.54,4.77951160897157,4.777444991959319,0.02517227727502566,-0.2395116089715703,-0.23744499195931956,0.2395116089715703,0.057893847118159376,0.27579252687336986,0.24061140271849
Local04D,AGC_110,11,4.18,4.35338908903431,4.335934743506539,0.06684182466491903,-0.1733890890343102,-0.15593474350653924,0.1733890890343102,0.03412543940027138,0.3051176005835119,0.1847307213223382
Local04D,AGC_111,2,4.72,4.532813885700033,4.532813885700033,0.002360246283276354,0.1871861142999669,0.1871861142999669,0.1871861142999669,0.03504142676797913,0.18885506045214218,0.18719355429068366
Local04D,AGC_112,5,3.0,2.8752967317202924,2.829085401252,0.09221769372688533,0.12470326827970783,0.17091459874799986,0.13416167090405384,0.02235418754868527,0.19343250674126766,0.14951316847918536
Local04D,AGC_114,6,3.0,3.0209768881709755,3.0117078739163023,0.04240344084186854,-0.020976888170975243,-0.011707873916302347,0.034569392496436535,0.0019384063333624695,0.07347374946483765,0.044027336205617405
Local04D,AGC_115,4,4.6,4.360022574378009,4.340313997293249,0.1082533583945583,0.23997742562199087,0.25968600270675024,0.23997742562199087,0.06637825701093367,0.34985951406755866,0.2576397814991576
Local04D,AGC_117,8,3.5,3.103009946109758,3.1964182799994116,0.14750265962087647,0.3969900538902416,0.3035817200005886,0.3969900538902416,0.17663850815860505,0.6206118740543012,0.4202838423715633
Local04D,AGC_119,10,4.4,4.590055931481465,4.592592812324481,0.08682266447978014,-0.1900559314814644,-0.1925928123244809,0.1900559314814644,0.04290561465191872,0.309605781176824,0.20713670522608668
Local04D,AGC_122,9,3.5,2.8939671736571126,2.893207244202737,0.0676927926546507,0.6060328263428874,0.606792755797263,0.6060328263428874,0.3713489547628243,0.6938005173535711,0.6093840781993113
Local04D,AGC_123,6,2.5,3.111853499604024,3.130709813821947,0.13447634625835622,-0.6118534996040239,-0.6307098138219474,0.6118534996040239,0.3894346113968557,0.7484404367112987,0.6240469624930929
Local04D,AGC_124,4,5.05,4.383515010919883,4.385085951725323,0.042487001228500125,0.6664849890801174,0.6649140482746771,0.6664849890801174,0.4455560996241672,0.7145288499705647,0.6674998873589172
Local04D,AGC_125,9,4.06,4.368010194156767,4.38028621262148,0.10970429684417496,-0.3080101941567672,-0.3202862126214807,0.3080101941567672,0.10556808658988934,0.42032975919471216,0.3249124291095823
Local04D,AGC_127,4,5.57,4.4960652786953395,4.498498873199761,0.019341926219392614,1.0739347213046608,1.0715011268002392,1.0739347213046608,1.153616368206127,1.099726875002645,1.074065346338912
Local04D,AGC_131,9,4.89,4.503230380188788,4.493275123071839,0.053809653630264596,0.386769619811211,0.39672487692816105,0.386769619811211,0.15216449776340563,0.46026119654103326,0.3900826806760403
Local04D,AGC_132,1,4.13,4.632753949911391,4.632753949911391,0.0,-0.5027539499113907,-0.5027539499113907,0.5027539499113907,0.2527615341515051,0.5027539499113907,0.5027539499113907
Local04D,AGC_133,1,3.91,4.474768143848944,4.474768143848944,0.0,-0.5647681438489442,-0.5647681438489442,0.5647681438489442,0.3189630563065818,0.5647681438489442,0.5647681438489442
Local04D,AGC_134,9,4.52,4.365825998750927,4.418990987021633,0.10021090115082636,0.15417400124907232,0.10100901297836629,0.15417400124907232,0.032696044625113996,0.293299521594653,0.18082047623295874
Local04D,AGC_135,1,4.49,4.676674777424611,4.676674777424611,0.0,-0.18667477742461092,-0.18667477742461092,0.18667477742461092,0.03484747252652803,0.18667477742461092,0.18667477742461092
Local04D,AGC_138,7,2.5,3.0974135674893093,3.107971849491684,0.06891537961550585,-0.5974135674893096,-0.6079718494916841,0.5974135674893096,0.3609738245182033,0.6866615928096085,0.6008109723683509
Local04D,AGC_139,1,4.67,4.419808273963978,4.419808273963978,0.0,0.2501917260360216,0.2501917260360216,0.2501917260360216,0.06259589977688368,0.2501917260360216,0.2501917260360216
Local04D,AGC_140,3,3.2,3.3632598275031214,3.3878329098577966,0.04688073167430166,-0.16325982750312104,-0.18783290985779644,0.16325982750312104,0.028118973277894085,0.19274559437801608,0.16768712913606126
Local04D,AGC_141,5,3.5,3.0021536566844804,3.0014684700736463,0.03321651652465665,0.4978463433155196,0.49853152992635374,0.4978463433155196,0.24873365112866042,0.5436745520496471,0.49873204341475835
Local04D,AGC_144,8,2.5,3.028514385791814,3.0194068286110958,0.04037180905881981,-0.528514385791814,-0.5194068286110958,0.528514385791814,0.28075360358474494,0.600222958162381,0.5298618721749517
Local04D,AGC_145,10,3.5,2.8754908003056667,2.8678491768182965,0.09090944809510722,0.6245091996943334,0.6321508231817037,0.6245091996943334,0.397449815480518,0.729004663753162,0.6304362104769348
Local04D,AGC_146,2,4.58,4.470360830292407,4.470360830292407,0.018884483222825557,0.10963916970759291,0.10963916970759291,0.10963916970759291,0.012199059387466954,0.12299251585365667,0.11044935213692725
Local04D,AGC_148,1,3.0,3.1384649608421697,3.1384649608421697,0.0,-0.13846496084216975,-0.13846496084216975,0.13846496084216975,0.0191725453810236,0.13846496084216975,0.13846496084216975
Local04D,AGC_150,5,4.52,4.427607594928043,4.436827524488124,0.10540041891446285,0.09239240507195667,0.08317247551187545,0.1000946102821942,0.01742375516085596,0.2188991063323762,0.13199907257574184
Local04D,AGC_151,4,4.69,4.588059762271155,4.620333961193683,0.07630417850336838,0.10194023772884542,0.06966603880631705,0.10194023772884542,0.014758557811018936,0.21569157831074381,0.12148480485648785
Local04D,AGC_152,7,4.87,4.5182636906404126,4.519114758101176,0.03732718844537469,0.35173630935958783,0.3508852418988244,0.35173630935958783,0.12491270474810638,0.4260928218344411,0.3534299149026669
Local04D,AGC_155,2,4.52,4.62883704467407,4.62883704467407,0.019671134066509652,-0.10883704467406963,-0.10883704467406963,0.10883704467406963,0.01203897905111672,0.12274663696612809,0.10972228147061434
Local04D,AGC_157,4,3.0,3.153076821021234,3.1782345858391836,0.060815963911848986,-0.1530768210212341,-0.1782345858391836,0.1530768210212341,0.02620644923386243,0.19333046292002498,0.1618840610865147
Local04D,AGC_159,5,4.77,4.612424747066361,4.616441872927728,0.03658323232485683,0.15757525293363894,0.15355812707227123,0.15757525293363894,0.02590062664696785,0.2003816802567746,0.1609367162799336
Local04D,AGC_160,4,3.62,4.708842768280718,4.714237223914051,0.030587465566190016,-1.088842768280718,-1.094237223914051,1.088842768280718,1.1862802688245395,1.1192215099151923,1.08916494105555
Local04D,AGC_161,7,4.46,4.68487575238029,4.700899728170933,0.04090455670529662,-0.22487575238029006,-0.24089972817093308,0.22487575238029006,0.05200326065939309,0.2647762133695384,0.22804223437642662
Local04D,AGC_162,2,5.59,4.7299443782144035,4.7299443782144035,0.0049107331754343585,0.8600556217855964,0.8600556217855964,0.8600556217855964,0.7397077302151689,0.8635280345145437,0.8600626315653813
Local04D,AGC_163,2,3.0,3.0590902100906714,3.0590902100906714,0.0364236115313703,-0.05909021009067117,-0.05909021009067117,0.05909021009067117,0.004154992667053737,0.08484559279980752,0.06445923259746222
Local04D,AGC_164,3,3.0,2.96537703659356,2.966322701209328,0.019393344613906446,0.034622963406440256,0.03367729879067216,0.034622963406440256,0.001449484138586191,0.05447184030912222,0.03807209133454834
Local04D,AGC_165,6,4.44,4.424681142097744,4.416812829901003,0.08179731813184764,0.015318857902256067,0.023187170098997623,0.06533241345788705,0.0058103351187317465,0.11313000709010002,0.0762255542369601
Local04D,AGC_166,4,2.5,2.9653562559807995,2.9663029181656695,0.04046425666126326,-0.46535625598079966,-0.46630291816566927,0.46535625598079966,0.21778446203082896,0.503099411315044,0.4666738283114117
Local04D,AGC_167,7,4.54,4.545007921931371,4.540391704107294,0.1004575738132125,-0.005007921931371229,-0.0003917041072938332,0.06927417945560446,0.008675128541873873,0.19854930134734428,0.09314037009736365
Local04D,AGC_168,3,4.49,4.451825572407949,4.45440587033374,0.04865630710722063,0.03817442759205155,0.03559412966626052,0.04426802088742754,0.0030355777361888918,0.08806954305295811,0.05509607732124758
Local04D,AGC_169,2,2.5,2.975972077640563,2.975972077640563,0.10254232391740643,-0.4759720776405627,-0.4759720776405627,0.4759720776405627,0.23180688279066503,0.5484804502411884,0.4814632725251896
Local04D,AGC_170,4,3.0,3.0125885589794654,3.018075821192485,0.04405614279541797,-0.012588558979465536,-0.018075821192485186,0.037255457950030935,0.0016141796056871804,0.05049096981270074,0.04017685410391387
Local04D,AGC_171,8,2.15,4.312773574873739,4.2525355865721455,0.1344059528046244,-2.1627735748737384,-2.1025355865721456,2.1627735748737384,4.693396376302784,2.3978979887085194,2.1664247912869685
Local04D,AGC_172,6,5.19,4.532551539659674,4.530061262967205,0.015392275013862663,0.6574484603403269,0.6599387370327947,0.6574484603403269,0.4324359131122851,0.6802904581971845,0.6575985957347271
Local04D,AGC_176,4,4.38,4.535389485696129,4.5257882820511695,0.051220008808935756,-0.15538948569612931,-0.14578828205116956,0.15538948569612931,0.02611350924169817,0.2215248374468537,0.16159674885868888
Local04D,AGC_178,4,4.39,4.377478404725085,4.380517509908242,0.0494396680053775,0.012521595274914699,0.009482490091757612,0.04162304795525085,0.001990000927590256,0.0667491181375981,0.04460942644318862
Local04D,AGC_179,5,4.55,4.603291809014468,4.619280759919439,0.14533516633187388,-0.053291809014468505,-0.06928075991943938,0.12418424130200148,0.019737865366205327,0.21862072756577877,0.1404915135024366
Local04D,AGC_180,6,4.14,4.448194790383275,4.454685365695244,0.014798519374748905,-0.3081947903832753,-0.3146853656952451,0.3081947903832753,0.09516652563246168,0.3238889313930011,0.3084907221173137
Local04D,AGC_181,6,4.51,4.561331664574328,4.574762189901402,0.11209749201553598,-0.051331664574328695,-0.06476218990140215,0.10299287453256989,0.013106479551449004,0.17026342492403224,0.11448353397519227
Local04D,AGC_184,3,4.47,4.525513844529715,4.517939733078137,0.016616808425515064,-0.05551384452971527,-0.04793973307813726,0.05551384452971527,0.003265865815969578,0.0745682821214162,0.057147754251322756
Local04D,AGC_185,6,5.01,4.345506135011651,4.326056450920045,0.10725549944952435,0.6644938649883488,0.683943549079955,0.6644938649883488,0.45113854840895984,0.7894338639094869,0.6716684810298603
Local04D,AGC_187,1,3.0,3.109603988854977,3.109603988854977,0.0,-0.10960398885497691,-0.10960398885497691,0.10960398885497691,0.012013034372921902,0.10960398885497691,0.10960398885497691
Local04D,AGC_189,9,4.03,4.303889019735568,4.297485232356737,0.06953017475551584,-0.27388901973556773,-0.26748523235673716,0.27388901973556773,0.07931247975529473,0.37559725609223005,0.2816247143900811
Local04D,AGC_193,2,4.57,4.236815465965407,4.236815465965407,0.39899848126212384,0.33318453403459336,0.33318453403459336,0.33318453403459336,0.19061182774458985,0.6153190658181749,0.4365911448307098
Local04D,AGC_194,8,3.2,2.891675015658919,2.9034178787115095,0.08802949289099289,0.30832498434108135,0.2965821212884907,0.30832498434108135,0.10184483863524274,0.5016911263969699,0.3191313814641906
Local04D,AGC_195,2,3.68,4.390832992575566,4.390832992575566,0.02191781068104706,-0.7108329925755665,-0.7108329925755665,0.7108329925755665,0.5055237385464606,0.7263312251368981,0.7110019258387846
Local04D,AGC_197,5,4.52,4.392029580136463,4.451589286708171,0.13142600778298882,0.12797041986353666,0.06841071329182835,0.1344971154703254,0.030194664777469248,0.2887988122097642,0.17376612091391477
LocalCatBoostMean,AGC_001,7,3.5,2.9403593240419097,2.934265697326653,0.07071548253223399,0.5596406759580902,0.5657343026733468,0.5596406759580902,0.31748398287519963,0.6289681455875344,0.5634571704000222
LocalCatBoostMean,AGC_002,8,4.63,4.389473891881797,4.418252435883497,0.11083425241436484,0.24052610811820307,0.21174756411650275,0.24052610811820307,0.06860151125620928,0.47559193806042543,0.2619189020597965
LocalCatBoostMean,AGC_004,6,3.0,3.062500687690203,3.0741288223619874,0.046517213467669564,-0.062500687690203,-0.07412882236198737,0.06995736338470933,0.005709545252412243,0.11687091768692603,0.07556153288818486
LocalCatBoostMean,AGC_005,3,5.16,4.548894742272286,4.548760294532503,0.06142984902010202,0.6111052577277144,0.6112397054674972,0.6111052577277144,0.3759653869228779,0.6724677725312578,0.6131601641682848
LocalCatBoostMean,AGC_006,7,4.49,4.375780826388608,4.335612650483833,0.1167728485795032,0.11421917361139197,0.15438734951616695,0.1261046012703638,0.02473393233364496,0.3004056149255243,0.15727025253888594
LocalCatBoostMean,AGC_007,3,3.5,3.238212208923004,3.2192648860438755,0.03376020389069266,0.26178779107699574,0.2807351139561245,0.26178779107699574,0.06929268180146687,0.28181837651015584,0.26323503148605976
LocalCatBoostMean,AGC_008,6,4.55,4.1787441233405405,4.103741034286634,0.21953526674385557,0.37125587665945964,0.44625896571336554,0.37125587665945964,0.17799403707443043,0.5750614349681378,0.42189339539086224
LocalCatBoostMean,AGC_009,12,4.79,4.562269624704347,4.530067381667203,0.09966698542045781,0.22773037529565285,0.25993261833279746,0.22773037529565285,0.060966839483200495,0.36942033689203146,0.24691464007466324
LocalCatBoostMean,AGC_010,11,4.1,4.380070152055441,4.391393548143726,0.058847314903211705,-0.280070152055441,-0.2913935481437262,0.280070152055441,0.0815874777735558,0.338203031719992,0.2856352180203901
LocalCatBoostMean,AGC_012,3,4.69,4.604642148686497,4.6467200620574705,0.1159125453010456,0.08535785131350397,0.043279937942529934,0.08778362720712884,0.01624310821963626,0.21643227983841928,0.12744845318651873
LocalCatBoostMean,AGC_013,5,4.01,4.428744785743772,4.441169998611798,0.0532987055777797,-0.41874478574377216,-0.4311699986117983,0.41874478574377216,0.17761979720061113,0.46095302920367587,0.42144963779864747
LocalCatBoostMean,AGC_014,5,4.83,4.377844485702637,4.417542556670716,0.06776486616376994,0.45215551429736267,0.41245744332928425,0.45215551429736267,0.20811827077846753,0.540089188359147,0.4561998145313822
LocalCatBoostMean,AGC_015,3,2.64,4.795984596810874,4.8028683651310935,0.03155167922775653,-2.155984596810874,-2.1628683651310934,2.155984596810874,4.648933253993807,2.1835260753213395,2.15613850528991
LocalCatBoostMean,AGC_017,3,4.98,4.468062019401042,4.523740797224113,0.11048863768987435,0.5119379805989578,0.45625920277588783,0.5119379805989578,0.2702189886854484,0.6391888594583914,0.5198259215212805
LocalCatBoostMean,AGC_019,5,3.0,3.011196969692063,3.0063562681477016,0.041851663466345126,-0.011196969692063075,-0.006356268147701627,0.028190596796328383,0.0015266215182051389,0.07833320251868159,0.03907200427678543
LocalCatBoostMean,AGC_021,1,4.94,4.678554788447728,4.678554788447728,0.0,0.26144521155227274,0.26144521155227274,0.26144521155227274,0.06835359864361265,0.26144521155227274,0.26144521155227274
LocalCatBoostMean,AGC_022,4,4.55,4.264472195232528,4.272152484396559,0.04304134918325931,0.28552780476747097,0.2778475156034417,0.28552780476747097,0.08291554559996746,0.34383103126142345,0.2879505957624805
LocalCatBoostMean,AGC_023,5,3.0,3.0726571958474174,3.081502248547984,0.05510161407427532,-0.07265719584741745,-0.08150224854798394,0.07343029856281422,0.007708018407282281,0.146876043355455,0.08779532110131087
LocalCatBoostMean,AGC_024,4,3.03,4.220137321077516,4.218737795721319,0.28929419738361867,-1.1901373210775166,-1.1887377957213188,1.1901373210775166,1.4791951925014422,1.4447731234977916,1.2162216872352845
LocalCatBoostMean,AGC_026,9,3.55,4.2716964155216495,4.262843618606384,0.1271632773168073,-0.7216964155216492,-0.7128436186063842,0.7216964155216492,0.5352194931527536,0.9153483471502843,0.7315869689604604
LocalCatBoostMean,AGC_032,2,4.03,4.513109248259488,4.513109248259488,0.03397023631080087,-0.48310924825948787,-0.48310924825948787,0.48310924825948787,0.23397153423135333,0.5071298327133649,0.48370604113588794
LocalCatBoostMean,AGC_033,1,4.47,4.6796735869103525,4.6796735869103525,0.0,-0.20967358691035276,-0.20967358691035276,0.20967358691035276,0.04396301304785325,0.20967358691035276,0.20967358691035276
LocalCatBoostMean,AGC_034,10,2.0,3.208256074134096,3.207099023347639,0.036730944839208454,-1.2082560741340962,-1.2070990233476386,1.2082560741340962,1.4610969867598418,1.2843168579897082,1.208758448475063
LocalCatBoostMean,AGC_037,5,3.5,2.934616067560301,2.9959402841712093,0.11618649856417002,0.5653839324396992,0.5040597158287907,0.5653839324396992,0.33045843301985994,0.724998076254944,0.5748551409006099
LocalCatBoostMean,AGC_038,11,3.3,3.161578670946513,3.1845898740317655,0.15740239687339455,0.13842132905348647,0.1154101259682343,0.14755182317894303,0.04168365937465141,0.4444166649269623,0.2041657644529352
LocalCatBoostMean,AGC_040,3,3.0,2.9308868266742465,2.9363901900623874,0.04299419389523541,0.06911317332575322,0.06360980993761256,0.06911317332575322,0.00600896453295634,0.11459406578090192,0.07751751113752518
LocalCatBoostMean,AGC_041,1,2.5,3.0040771514151428,3.0040771514151428,0.0,-0.5040771514151428,-0.5040771514151428,0.5040771514151428,0.2540937745788048,0.5040771514151428,0.5040771514151428
LocalCatBoostMean,AGC_044,1,3.5,3.350923776446753,3.350923776446753,0.0,0.149076223553247,0.149076223553247,0.149076223553247,0.02222372042889768,0.149076223553247,0.149076223553247
LocalCatBoostMean,AGC_045,2,4.1,4.5595073918539315,4.5595073918539315,0.004267230980154687,-0.45950739185393186,-0.45950739185393186,0.45950739185393186,0.21115614779852188,0.46252477981688855,0.4595172986934462
LocalCatBoostMean,AGC_046,3,3.0,3.069825942867792,3.077590126256091,0.022492342271572627,-0.06982594286779224,-0.07759012625609119,0.06982594286779224,0.005212932604617232,0.08740762421326043,0.07220064130336538
LocalCatBoostMean,AGC_049,6,5.53,4.829370310645902,4.842813760227035,0.038022529362420135,0.7006296893540989,0.687186239772966,0.7006296893540989,0.4920867222203511,0.7645301266899454,0.7014889323577038
LocalCatBoostMean,AGC_051,6,4.45,4.297417678980204,4.30273217671641,0.0546741790806725,0.15258232101979616,0.14726782328359,0.15258232101979616,0.025772419569576,0.2187919356187118,0.16053790695526088
LocalCatBoostMean,AGC_053,10,3.5,3.208245598157352,3.2299050294710634,0.09938459062388753,0.29175440184264856,0.2700949705289366,0.29175440184264856,0.09401019816269159,0.4450058580269429,0.3066108252535967
LocalCatBoostMean,AGC_054,7,2.5,3.0343479918826364,3.026283048755116,0.03889821853818363,-0.5343479918826366,-0.5262830487551158,0.5343479918826366,0.2868246947765299,0.6000338316421949,0.5355601691467822
LocalCatBoostMean,AGC_055,1,5.45,4.548686143893134,4.548686143893134,0.0,0.9013138561068663,0.9013138561068663,0.9013138561068663,0.8123666672102289,0.9013138561068663,0.9013138561068663
LocalCatBoostMean,AGC_056,4,5.07,4.506745939315989,4.488260083675251,0.06423009975155303,0.5632540606840117,0.5817399163247492,0.5632540606840117,0.32034926616259923,0.6189590736528103,0.565994051349128
LocalCatBoostMean,AGC_057,1,4.55,4.9539516870808065,4.9539516870808065,0.0,-0.40395168708080664,-0.40395168708080664,0.40395168708080664,0.16317696549542993,0.40395168708080664,0.40395168708080664
LocalCatBoostMean,AGC_058,10,2.5,3.142800738614407,3.13841342611418,0.05473385039813994,-0.6428007386144069,-0.6384134261141798,0.6428007386144069,0.4158890045046924,0.7226707939657686,0.6448945685185233
LocalCatBoostMean,AGC_059,6,4.41,4.398913277745329,4.3910168831305745,0.031081715593384667,0.011086722254670592,0.018983116869425665,0.027727725265697185,0.0009279762805422536,0.05202053392000927,0.030462703106294647
LocalCatBoostMean,AGC_060,5,4.52,4.8084650528406145,4.849859725493314,0.16528056358147553,-0.2884650528406148,-0.3298597254933142,0.2884957095359354,0.10506621846858685,0.4153554112944331,0.32413919613120973
LocalCatBoostMean,AGC_062,5,3.81,4.413349376149298,4.3987741581201965,0.028909010839990736,-0.6033493761492976,-0.5887741581201964,0.6033493761492976,0.36469905442594397,0.6481553749250053,0.6039031829904061
LocalCatBoostMean,AGC_064,15,4.51,4.5517272604132035,4.560587843353828,0.08231616734270751,-0.04172726041320392,-0.05058784335382782,0.07321333346066645,0.00806538557385113,0.2154581659898689,0.08980749174679765
LocalCatBoostMean,AGC_066,5,3.0,3.1037887893868352,3.1151174580934655,0.031617847012899616,-0.10378878938683504,-0.11511745809346552,0.10378878938683504,0.011571863402169704,0.1434870554767067,0.10757259596277159
LocalCatBoostMean,AGC_067,4,3.0,3.328936838799365,3.3247933824509293,0.08708370190077334,-0.3289368387993652,-0.3247933824509295,0.3289368387993652,0.11388712227187664,0.43465977677143597,0.3374716614352628
LocalCatBoostMean,AGC_068,10,2.5,2.9492528532134874,2.943339820208709,0.05387992702120038,-0.4492528532134873,-0.4433398202087089,0.4492528532134873,0.20444086800268813,0.5684592855370898,0.4521513773092902
LocalCatBoostMean,AGC_070,12,3.3,3.190519250482323,3.211612493226445,0.09006214004625913,0.10948074951767706,0.08838750677355467,0.11401969264607481,0.019421291162188336,0.321887885451412,0.1393602926309655
LocalCatBoostMean,AGC_072,3,4.55,4.410624090324316,4.470554842296671,0.16655762046797684,0.13937590967568378,0.07944515770332838,0.13937590967568378,0.03791993815522741,0.3276058415863501,0.19473042431840848
LocalCatBoostMean,AGC_073,6,4.3,4.319092559194267,4.357651669368177,0.11396405822998258,-0.019092559194267594,-0.05765166936817678,0.08893975340735254,0.011187697956792322,0.20954158263925482,0.10577191478266962
LocalCatBoostMean,AGC_077,4,4.76,4.38700040681663,4.382502404281539,0.035209671561156626,0.3729995931833703,0.37749759571846164,0.3729995931833703,0.14005848724354314,0.4108830074025729,0.37424388738300474
LocalCatBoostMean,AGC_078,2,3.0,3.250510113590319,3.250510113590319,0.03403570137565952,-0.25051011359031916,-0.25051011359031916,0.25051011359031916,0.06333453149510115,0.2745769888354883,0.25166352833714534
LocalCatBoostMean,AGC_079,7,3.3,3.2337692286132715,3.2792734216980883,0.10918440964606292,0.06623077138672841,0.02072657830191149,0.07911767374652275,0.014604716772560464,0.2860263453848422,0.12084997630351635
LocalCatBoostMean,AGC_080,5,3.5,3.3058561024927102,3.3099307282906687,0.015343742441392751,0.1941438975072896,0.1900692717093313,0.1941438975072896,0.0378801972850072,0.2199333434353452,0.19462835683683713
LocalCatBoostMean,AGC_089,5,3.0,3.0815432616227203,3.0870126421559174,0.015897838767490572,-0.08154326162272012,-0.08701264215591742,0.08154326162272012,0.006851496538053082,0.10249847475358154,0.08277376720950352
LocalCatBoostMean,AGC_090,5,4.68,4.373677151356121,4.338352713797009,0.09561086052860325,0.30632284864387865,0.3416472862029911,0.30632284864387865,0.10114683692211664,0.388159068316984,0.3180359050832416
LocalCatBoostMean,AGC_092,5,4.57,4.42995254570402,4.378047081670696,0.22330274779590933,0.14004745429598078,0.19195291832930472,0.20411154579135715,0.059504583193347525,0.4442528067944531,0.24393561280253345
LocalCatBoostMean,AGC_096,4,4.59,4.312993454876357,4.302244724451127,0.0739630994142967,0.2770065451236434,0.2877552755488737,0.2770065451236434,0.08083553109756395,0.3492420528671403,0.28431590018422104
LocalCatBoostMean,AGC_097,1,4.69,4.789419214242213,4.789419214242213,0.0,-0.09941921424221256,-0.09941921424221256,0.09941921424221256,0.009884180160538962,0.09941921424221256,0.09941921424221256
LocalCatBoostMean,AGC_098,9,3.0,3.1254129918502778,3.134827305214169,0.09606410582411333,-0.12541299185027807,-0.13482730521416908,0.13346256728646008,0.023931362905092516,0.2561851969386595,0.15469764996628912
LocalCatBoostMean,AGC_099,7,3.5,3.040312638247793,3.033842108883551,0.07754770570347454,0.4596873617522073,0.466157891116449,0.4596873617522073,0.2164670248345956,0.5839759088714009,0.4652601689749463
LocalCatBoostMean,AGC_100,4,4.5,4.394386575149957,4.397315985500915,0.04965386415759364,0.1056134248500431,0.10268401449908504,0.1056134248500431,0.013003325177891266,0.1683237603833545,0.11403212344726053
LocalCatBoostMean,AGC_101,9,4.57,4.288500377893287,4.306913041407558,0.12076783189231254,0.2814996221067135,0.26308695859244224,0.2814996221067135,0.09220636544175125,0.48904749773705536,0.30365501056585786
LocalCatBoostMean,AGC_102,7,4.4,4.322045607586349,4.3187855344161,0.0918952734042615,0.07795439241365124,0.08121446558390044,0.08989482311023611,0.01331523696004781,0.2441678681966657,0.11539166763699972
LocalCatBoostMean,AGC_103,7,3.0,3.032738074374064,3.023601132565391,0.029095127872421512,-0.03273807437406414,-0.02360113256539087,0.03273807437406414,0.0017973756273610884,0.08399054022086183,0.04239546706148062
LocalCatBoostMean,AGC_104,6,4.56,4.3311162588096055,4.344016230282091,0.11055545614436274,0.22888374119039412,0.21598376971790856,0.22888374119039412,0.06257319105071808,0.4144029301913328,0.25014633927107166
LocalCatBoostMean,AGC_105,5,4.41,4.436671910287388,4.43968175874888,0.07833590092116022,-0.026671910287387846,-0.029681758748879794,0.06368107024602417,0.005620601496882334,0.12624101574712476,0.07497067091124592
LocalCatBoostMean,AGC_106,8,4.43,4.143331072338493,4.15763454478798,0.07705997127787252,0.2866689276615063,0.2723654552120198,0.2866689276615063,0.08737503336327615,0.4116538813731232,0.29559268151169804
LocalCatBoostMean,AGC_108,3,4.51,4.8089671297963505,4.85026333804994,0.20615992656296844,-0.29896712979635076,-0.34026333804994024,0.29896712979635076,0.1177159549123004,0.48135321665313313,0.34309758803043255
LocalCatBoostMean,AGC_109,6,4.54,4.648130710958833,4.649430802214833,0.0714454132971339,-0.10813071095883305,-0.10943080221483292,0.10813071095883305,0.01594595655346124,0.21973474220238476,0.12627730023033135
LocalCatBoostMean,AGC_110,11,4.18,4.301759346775939,4.311251612482369,0.08631966804577362,-0.12175934677594012,-0.1312516124823695,0.1274909913216132,0.021599052246878688,0.26101430710541074,0.14696616021002484
LocalCatBoostMean,AGC_111,2,4.72,4.462440504982833,4.462440504982833,0.028947008817214452,0.2575594950171669,0.2575594950171669,0.2575594950171669,0.06675585813322998,0.27802812124688625,0.25837155054926225
LocalCatBoostMean,AGC_112,5,3.0,2.897764262807928,2.866677803063088,0.06934341389751661,0.10223573719207213,0.13332219693691183,0.10812258025980145,0.014298953199976271,0.153006227703802,0.11957823046013129
LocalCatBoostMean,AGC_114,6,3.0,3.003207594149503,2.9936961766270027,0.05886920066077759,-0.0032075941495031866,0.006303823372997064,0.04520209199443189,0.0028982743155936777,0.09638069632386781,0.05383562310955152
LocalCatBoostMean,AGC_115,4,4.6,4.2893325612600774,4.269197010357654,0.12602612388119205,0.310667438739922,0.3308029896423452,0.310667438739922,0.10842619541861133,0.43651106644415627,0.32928133171895935
LocalCatBoostMean,AGC_117,8,3.5,3.2122587939280858,3.246800979536512,0.06866972077037117,0.28774120607191433,0.25319902046348797,0.28774120607191433,0.08692109090356552,0.39756308520709904,0.2948238302844014
LocalCatBoostMean,AGC_119,10,4.4,4.601667373616366,4.592088620195076,0.07962319049663855,-0.20166737361636597,-0.19208862019507533,0.20166737361636597,0.046375596799700526,0.3503470800479711,0.21534994032899227
LocalCatBoostMean,AGC_122,9,3.5,2.9232336109174266,2.912975405563941,0.0541784484745256,0.5767663890825737,0.587024594436059,0.5767663890825737,0.33526862693455683,0.6459546680896278,0.5790238569649413
LocalCatBoostMean,AGC_123,6,2.5,3.072331576028077,3.053245871980815,0.13440255412103067,-0.5723315760280767,-0.5532458719808151,0.5723315760280767,0.3426168050473293,0.7382343124561457,0.5853347803157859
LocalCatBoostMean,AGC_124,4,5.05,4.399018072332053,4.465114884918725,0.19410565804916083,0.6509819276679472,0.5848851150812746,0.6509819276679472,0.4520352250152997,0.9300813212237697,0.67233564907366
LocalCatBoostMean,AGC_125,9,4.06,4.343589456663676,4.3217859461209995,0.10765942209529075,-0.28358945666367713,-0.2617859461209999,0.28358945666367713,0.09072569207825917,0.45543760864414917,0.3012070584801412
LocalCatBoostMean,AGC_127,4,5.57,4.540441984021433,4.536093615020604,0.04133477369558461,1.0295580159785676,1.033906384979396,1.0295580159785676,1.0612711309030733,1.0711054285800365,1.0301801448790757
LocalCatBoostMean,AGC_131,9,4.89,4.4022025998818215,4.416706058831963,0.05744907269454347,0.4877974001181778,0.4732939411680368,0.4877974001181778,0.2408799888540207,0.5939534961805366,0.4907952616458524
LocalCatBoostMean,AGC_132,1,4.13,4.585669410864619,4.585669410864619,0.0,-0.4556694108646191,-0.4556694108646191,0.4556694108646191,0.20763461199770905,0.4556694108646191,0.4556694108646191
LocalCatBoostMean,AGC_133,1,3.91,4.382039887186258,4.382039887186258,0.0,-0.47203988718625745,-0.47203988718625745,0.47203988718625745,0.22282165509481466,0.47203988718625745,0.47203988718625745
LocalCatBoostMean,AGC_134,9,4.52,4.079582059483278,4.065895741691869,0.06365976479573615,0.44041794051672095,0.4541042583081305,0.44041794051672095,0.19757024291018854,0.5117938727303768,0.4444887432884983
LocalCatBoostMean,AGC_135,1,4.49,4.6138994097494,4.6138994097494,0.0,-0.1238994097493995,-0.1238994097493995,0.1238994097493995,0.015351063736249592,0.1238994097493995,0.1238994097493995
LocalCatBoostMean,AGC_138,7,2.5,3.173882522831684,3.183147241115737,0.0709235131098988,-0.6738825228316844,-0.6831472411157371,0.6738825228316844,0.4584292071881527,0.767632789053371,0.6770740042182632
LocalCatBoostMean,AGC_139,1,4.67,4.3594317443674075,4.3594317443674075,0.0,0.3105682556325924,0.3105682556325924,0.3105682556325924,0.09645264140667124,0.3105682556325924,0.3105682556325924
LocalCatBoostMean,AGC_140,3,3.2,3.331270056829346,3.321479902879817,0.05021130420275523,-0.1312700568293459,-0.12147990287981703,0.1312700568293459,0.018912611199807448,0.18565543319676925,0.13752312969027228
LocalCatBoostMean,AGC_141,5,3.5,2.9939191036453243,2.9977103638283205,0.041509776818417735,0.5060808963546759,0.5022896361716795,0.5060808963546759,0.25749632291236413,0.5543929359202266,0.5074409550995703
LocalCatBoostMean,AGC_144,8,2.5,2.964619403882283,2.959339920403026,0.048355859378279034,-0.46461940388228284,-0.4593399204030262,0.46461940388228284,0.21791719345811328,0.5554174493856108,0.46681601671120204
LocalCatBoostMean,AGC_145,10,3.5,2.9048952051282604,2.88371948521228,0.07029157166259833,0.5951047948717394,0.6162805147877202,0.5951047948717394,0.3585965314214533,0.68572694615938,0.5988293007372413
LocalCatBoostMean,AGC_146,2,4.58,4.545658393020644,4.545658393020644,0.00020779267979327963,0.034341606979356065,0.034341606979356065,0.034341606979356065,0.0011793675588234452,0.03448853859231882,0.034341921303611495
LocalCatBoostMean,AGC_148,1,3.0,3.107250084189883,3.107250084189883,0.0,-0.10725008418988313,-0.10725008418988313,0.10725008418988313,0.01150258055873702,0.10725008418988313,0.10725008418988313
LocalCatBoostMean,AGC_150,5,4.52,4.463905076553345,4.410253501273068,0.09450614636976977,0.05609492344665501,0.10974649872693121,0.09240594835930853,0.010291769797817563,0.14968273671976462,0.1014483602519901
LocalCatBoostMean,AGC_151,4,4.69,4.599156049472747,4.614872332603923,0.057718849318605124,0.0908439505272538,0.07512766739607724,0.0908439505272538,0.010751222522396027,0.17312874422235947,0.10368810212553814
LocalCatBoostMean,AGC_152,7,4.87,4.518905325409054,4.51107967764368,0.039393361608677936,0.3510946745909462,0.35892032235631977,0.3510946745909462,0.1245976164736927,0.40294578520442936,0.3529838756567964
LocalCatBoostMean,AGC_155,2,4.52,4.515290710457352,4.515290710457352,0.036861714472884104,0.004709289542648154,0.004709289542648154,0.026065168269938876,0.0007015704049367236,0.03077445781258703,0.02648717434791268
LocalCatBoostMean,AGC_157,4,3.0,3.187373940388674,3.18229252374884,0.0440548733469599,-0.18737394038867394,-0.18229252374883997,0.18737394038867394,0.03656461743599085,0.23659490023617913,0.19121876852440728
LocalCatBoostMean,AGC_159,5,4.77,4.580155332411362,4.566779527471862,0.04958797922872325,0.1898446675886376,0.20322047252813746,0.1898446675886376,0.03800817195903093,0.24282751559291693,0.19495684640204594
LocalCatBoostMean,AGC_160,4,3.62,4.671694108818914,4.648794131028415,0.05185317256497294,-1.0516941088189145,-1.0287941310284152,1.0516941088189145,1.1080770621532003,1.129215186538211,1.052652393790657
LocalCatBoostMean,AGC_161,7,4.46,4.6464925851875085,4.660320332577881,0.06630486735213328,-0.1864925851875083,-0.2003203325778813,0.1864925851875083,0.03854777184527775,0.24827498341028953,0.1963358648980816
LocalCatBoostMean,AGC_162,2,5.59,4.562421849533045,4.562421849533045,0.02747469701763609,1.027578150466954,1.027578150466954,1.027578150466954,1.0562942848051917,1.0470056950391706,1.0277617840750801
LocalCatBoostMean,AGC_163,2,3.0,3.0688414408093605,3.0688414408093605,0.012974744689985496,-0.06884144080936072,-0.06884144080936072,0.06884144080936072,0.004823315972593867,0.0780159707638135,0.06945009699484853
LocalCatBoostMean,AGC_164,3,3.0,3.027415615921948,3.046855179517528,0.05363368855913682,-0.027415615921948522,-0.04685517951752782,0.04956704769579753,0.0026693310286854534,0.06861881590909125,0.05166556908314718
LocalCatBoostMean,AGC_165,6,4.44,4.311407245712972,4.324718341676288,0.06829708100672288,0.12859275428702807,0.11528165832371284,0.12859275428702807,0.02042317251682303,0.2517088571548287,0.14290966558222376
LocalCatBoostMean,AGC_166,4,2.5,3.0673412581975716,3.0809555444577437,0.0848585961779615,-0.5673412581975716,-0.5809555444577437,0.5673412581975716,0.32727683926217443,0.6535740964097227,0.5720811474451631
LocalCatBoostMean,AGC_167,7,4.54,4.4758287868012525,4.496325490346555,0.1432751788637608,0.06417121319874752,0.04367450965344499,0.11007053905613999,0.021713181927778463,0.32663720544489916,0.14735393421208157
LocalCatBoostMean,AGC_168,3,4.49,4.451419843549757,4.448900589220294,0.04486178827697495,0.03858015645024319,0.04109941077970625,0.04357227375576874,0.002830148503330666,0.08212923452931165,0.05319914006194711
LocalCatBoostMean,AGC_169,2,2.5,3.012175248971334,3.012175248971334,0.07402477852683746,-0.5121752489713338,-0.5121752489713338,0.5121752489713338,0.26506331957682144,0.5645186718434929,0.5148430047857516
LocalCatBoostMean,AGC_170,4,3.0,3.1612619770470647,3.158528429560974,0.02485064388809776,-0.1612619770470647,-0.1585284295609739,0.1612619770470647,0.026468591117367803,0.19274219570623785,0.16269170574238812
LocalCatBoostMean,AGC_171,8,2.15,4.425705824053525,4.3919997188161695,0.09361556385085519,-2.275705824053525,-2.2419997188161696,2.275705824053525,5.186505387201858,2.437115850155943,2.2773900384435377
LocalCatBoostMean,AGC_172,6,5.19,4.559055066353712,4.555289394452762,0.049934713805827494,0.6309449336462887,0.6347106055472382,0.6309449336462887,0.4001694056629779,0.6927233446634178,0.6325894447925746
LocalCatBoostMean,AGC_176,4,4.38,4.431437788056531,4.411278767175988,0.06687977429956779,-0.05143778805653154,-0.03127876717598843,0.05354356345882527,0.006000524197919499,0.14740516867873676,0.07746305053326714
LocalCatBoostMean,AGC_178,4,4.39,4.311040494855748,4.308407855737361,0.017114376562752116,0.07895950514425176,0.08159214426263839,0.07895950514425176,0.006454279866473884,0.0955316283660812,0.08033853288723838
LocalCatBoostMean,AGC_179,5,4.55,4.542538927300716,4.5233412414617105,0.12192454658382436,0.007461072699284088,0.026658758538289362,0.08307956001506867,0.01194814365356092,0.18904621828946144,0.10930756448462714
LocalCatBoostMean,AGC_180,6,4.14,4.426955239672515,4.435469432907707,0.02988687369065561,-0.28695523967251546,-0.2954694329077072,0.28695523967251546,0.08308766392467846,0.31730275748973824,0.28824930862827486
LocalCatBoostMean,AGC_181,6,4.51,4.44249867512123,4.465014635921684,0.09757742275848566,0.0675013248787703,0.04498536407831555,0.08340665452151368,0.0124908900538795,0.23456757201942047,0.11176265053173846
LocalCatBoostMean,AGC_184,3,4.47,4.502949380042939,4.490791586252587,0.024923945992299086,-0.03294938004293968,-0.020791586252586924,0.03294938004293968,0.0014997970344320993,0.06161907421135293,0.03872721309921615
LocalCatBoostMean,AGC_185,6,5.01,4.345636448517666,4.3125191843540405,0.0979879625081827,0.6643635514823334,0.6974808156459593,0.6643635514823334,0.44938029586863987,0.7701687730059632,0.670358333929429
LocalCatBoostMean,AGC_187,1,3.0,3.079946360775623,3.079946360775623,0.0,-0.07994636077562278,-0.07994636077562278,0.07994636077562278,0.006391420601266037,0.07994636077562278,0.07994636077562278
LocalCatBoostMean,AGC_189,9,4.03,4.296798065607428,4.2810066349474045,0.051798920621999714,-0.2667980656074276,-0.2510066349474043,0.2667980656074276,0.07356621063640231,0.3554888077213958,0.2712309175525576
LocalCatBoostMean,AGC_193,2,4.57,4.281669342263461,4.281669342263461,0.28352163824526405,0.28833065773653965,0.28833065773653965,0.28833065773653965,0.12332682786742467,0.48881073075288484,0.3511791962338098
LocalCatBoostMean,AGC_194,8,3.2,2.992583077602337,2.9953712637119603,0.08939290456434838,0.2074169223976629,0.2046287362880399,0.2074169223976629,0.05001398466006248,0.39324254435223294,0.22363806621427954
LocalCatBoostMean,AGC_195,2,3.68,4.3969195476579355,4.3969195476579355,0.0036466896150455144,-0.7169195476579353,-0.7169195476579353,0.7169195476579353,0.5139802869866328,0.7194981466136166,0.7169241849642352
LocalCatBoostMean,AGC_197,5,4.52,4.333909038507832,4.395750427848897,0.11069797854998403,0.1860909614921674,0.12424957215110233,0.1860909614921674,0.044433079913121495,0.3355965246140471,0.21079155560202475
