family,split_id,stage,expert,representation,model,best_params,crossfit_repeat,crossfit_fold,method,kind,selected_params,meta_cv_rmse
target_matched,target_matched_01,base_expert,PLS_C0,C0_base,PLS,"{""model__n_components"": 2}",0.0,1.0,,,,
target_matched,target_matched_01,base_expert,Ridge_C3,C3_base_agro_plus_discovery,Ridge,"{""model__alpha"": 1000.0}",0.0,1.0,,,,
target_matched,target_matched_01,base_expert,CatBoost_C1,C1_agronomic,CatBoost,"{""model__depth"": 4, ""model__l2_leaf_reg"": 6.0, ""model__learning_rate"": 0.06}",0.0,1.0,,,,
target_matched,target_matched_01,base_expert,ExtraTrees_C1,C1_agronomic,ExtraTrees,"{""model__max_features"": ""sqrt"", ""model__min_samples_leaf"": 2}",0.0,1.0,,,,
target_matched,target_matched_01,base_expert,PLS_C0,C0_base,PLS,"{""model__n_components"": 2}",0.0,2.0,,,,
target_matched,target_matched_01,base_expert,Ridge_C3,C3_base_agro_plus_discovery,Ridge,"{""model__alpha"": 1000.0}",0.0,2.0,,,,
target_matched,target_matched_01,base_expert,CatBoost_C1,C1_agronomic,CatBoost,"{""model__depth"": 4, ""model__l2_leaf_reg"": 6.0, ""model__learning_rate"": 0.06}",0.0,2.0,,,,
target_matched,target_matched_01,base_expert,ExtraTrees_C1,C1_agronomic,ExtraTrees,"{""model__max_features"": 0.3, ""model__min_samples_leaf"": 2}",0.0,2.0,,,,
target_matched,target_matched_01,base_expert,PLS_C0,C0_base,PLS,"{""model__n_components"": 4}",0.0,3.0,,,,
target_matched,target_matched_01,base_expert,Ridge_C3,C3_base_agro_plus_discovery,Ridge,"{""model__alpha"": 1000.0}",0.0,3.0,,,,
target_matched,target_matched_01,base_expert,CatBoost_C1,C1_agronomic,CatBoost,"{""model__depth"": 4, ""model__l2_leaf_reg"": 3.0, ""model__learning_rate"": 0.03}",0.0,3.0,,,,
target_matched,target_matched_01,base_expert,ExtraTrees_C1,C1_agronomic,ExtraTrees,"{""model__max_features"": 0.3, ""model__min_samples_leaf"": 2}",0.0,3.0,,,,
target_matched,target_matched_01,base_expert,PLS_C0,C0_base,PLS,"{""model__n_components"": 2}",0.0,4.0,,,,
target_matched,target_matched_01,base_expert,Ridge_C3,C3_base_agro_plus_discovery,Ridge,"{""model__alpha"": 1000.0}",0.0,4.0,,,,
target_matched,target_matched_01,base_expert,CatBoost_C1,C1_agronomic,CatBoost,"{""model__depth"": 5, ""model__l2_leaf_reg"": 10.0, ""model__learning_rate"": 0.03}",0.0,4.0,,,,
target_matched,target_matched_01,base_expert,ExtraTrees_C1,C1_agronomic,ExtraTrees,"{""model__max_features"": ""sqrt"", ""model__min_samples_leaf"": 2}",0.0,4.0,,,,
target_matched,target_matched_01,base_expert,PLS_C0,C0_base,PLS,"{""model__n_components"": 2}",0.0,5.0,,,,
target_matched,target_matched_01,base_expert,Ridge_C3,C3_base_agro_plus_discovery,Ridge,"{""model__alpha"": 1000.0}",0.0,5.0,,,,
target_matched,target_matched_01,base_expert,CatBoost_C1,C1_agronomic,CatBoost,"{""model__depth"": 5, ""model__l2_leaf_reg"": 10.0, ""model__learning_rate"": 0.03}",0.0,5.0,,,,
target_matched,target_matched_01,base_expert,ExtraTrees_C1,C1_agronomic,ExtraTrees,"{""model__max_features"": 0.3, ""model__min_samples_leaf"": 3}",0.0,5.0,,,,
target_matched,target_matched_01,base_expert,PLS_C0,C0_base,PLS,"{""model__n_components"": 2}",1.0,1.0,,,,
target_matched,target_matched_01,base_expert,Ridge_C3,C3_base_agro_plus_discovery,Ridge,"{""model__alpha"": 1000.0}",1.0,1.0,,,,
target_matched,target_matched_01,base_expert,CatBoost_C1,C1_agronomic,CatBoost,"{""model__depth"": 4, ""model__l2_leaf_reg"": 3.0, ""model__learning_rate"": 0.03}",1.0,1.0,,,,
target_matched,target_matched_01,base_expert,ExtraTrees_C1,C1_agronomic,ExtraTrees,"{""model__max_features"": 0.3, ""model__min_samples_leaf"": 2}",1.0,1.0,,,,
target_matched,target_matched_01,base_expert,PLS_C0,C0_base,PLS,"{""model__n_components"": 2}",1.0,2.0,,,,
target_matched,target_matched_01,base_expert,Ridge_C3,C3_base_agro_plus_discovery,Ridge,"{""model__alpha"": 1000.0}",1.0,2.0,,,,
target_matched,target_matched_01,base_expert,CatBoost_C1,C1_agronomic,CatBoost,"{""model__depth"": 5, ""model__l2_leaf_reg"": 10.0, ""model__learning_rate"": 0.03}",1.0,2.0,,,,
target_matched,target_matched_01,base_expert,ExtraTrees_C1,C1_agronomic,ExtraTrees,"{""model__max_features"": ""sqrt"", ""model__min_samples_leaf"": 2}",1.0,2.0,,,,
target_matched,target_matched_01,base_expert,PLS_C0,C0_base,PLS,"{""model__n_components"": 2}",1.0,3.0,,,,
target_matched,target_matched_01,base_expert,Ridge_C3,C3_base_agro_plus_discovery,Ridge,"{""model__alpha"": 1000.0}",1.0,3.0,,,,
target_matched,target_matched_01,base_expert,CatBoost_C1,C1_agronomic,CatBoost,"{""model__depth"": 5, ""model__l2_leaf_reg"": 10.0, ""model__learning_rate"": 0.03}",1.0,3.0,,,,
target_matched,target_matched_01,base_expert,ExtraTrees_C1,C1_agronomic,ExtraTrees,"{""model__max_features"": 0.3, ""model__min_samples_leaf"": 3}",1.0,3.0,,,,
target_matched,target_matched_01,base_expert,PLS_C0,C0_base,PLS,"{""model__n_components"": 2}",1.0,4.0,,,,
target_matched,target_matched_01,base_expert,Ridge_C3,C3_base_agro_plus_discovery,Ridge,"{""model__alpha"": 1000.0}",1.0,4.0,,,,
target_matched,target_matched_01,base_expert,CatBoost_C1,C1_agronomic,CatBoost,"{""model__depth"": 4, ""model__l2_leaf_reg"": 3.0, ""model__learning_rate"": 0.03}",1.0,4.0,,,,
target_matched,target_matched_01,base_expert,ExtraTrees_C1,C1_agronomic,ExtraTrees,"{""model__max_features"": 0.3, ""model__min_samples_leaf"": 3}",1.0,4.0,,,,
target_matched,target_matched_01,base_expert,PLS_C0,C0_base,PLS,"{""model__n_components"": 4}",1.0,5.0,,,,
target_matched,target_matched_01,base_expert,Ridge_C3,C3_base_agro_plus_discovery,Ridge,"{""model__alpha"": 1000.0}",1.0,5.0,,,,
target_matched,target_matched_01,base_expert,CatBoost_C1,C1_agronomic,CatBoost,"{""model__depth"": 4, ""model__l2_leaf_reg"": 6.0, ""model__learning_rate"": 0.06}",1.0,5.0,,,,
target_matched,target_matched_01,base_expert,ExtraTrees_C1,C1_agronomic,ExtraTrees,"{""model__max_features"": 0.3, ""model__min_samples_leaf"": 2}",1.0,5.0,,,,
target_matched,target_matched_01,base_expert,PLS_C0,C0_base,PLS,"{""model__n_components"": 2}",,,,,,
target_matched,target_matched_01,base_expert,Ridge_C3,C3_base_agro_plus_discovery,Ridge,"{""model__alpha"": 1000.0}",,,,,,
target_matched,target_matched_01,base_expert,CatBoost_C1,C1_agronomic,CatBoost,"{""model__depth"": 4, ""model__l2_leaf_reg"": 6.0, ""model__learning_rate"": 0.06}",,,,,,
target_matched,target_matched_01,base_expert,ExtraTrees_C1,C1_agronomic,ExtraTrees,"{""model__max_features"": 0.3, ""model__min_samples_leaf"": 2}",,,,,,
target_matched,target_matched_01,meta_model,,,,,,,ConvexStack,convex,"{""l2"": 0.01}",0.46121122790970476
target_matched,target_matched_01,meta_model,,,,,,,RidgeStack,ridge,"{""alpha"": 1.0}",0.48214194017409556
target_matched,target_matched_01,meta_model,,,,,,,ElasticNetStack,elastic_net,"{""alpha"": 0.01, ""l1_ratio"": 0.1}",0.4821859831371917
target_matched,target_matched_01,meta_model,,,,,,,HuberStack,huber,"{""alpha"": 0.0001, ""epsilon"": 1.2}",0.47316860298006125
target_matched,target_matched_01,meta_model,,,,,,,ExtraTreesStack,extra_trees,"{""max_depth"": 4, ""max_features"": 1.0, ""min_samples_leaf"": 10}",0.4516254799712652
target_matched,target_matched_01,meta_model,,,,,,,HistGBStack,hist_gradient_boosting,"{""l2_regularization"": 5.0, ""learning_rate"": 0.03, ""max_leaf_nodes"": 7}",0.46629981285846733
target_matched,target_matched_01,meta_model,,,,,,,MoE_Support,mixture_of_experts,"{""l2"": 1.0}",0.4742661567738229
target_matched,target_matched_02,base_expert,PLS_C0,C0_base,PLS,"{""model__n_components"": 2}",0.0,1.0,,,,
target_matched,target_matched_02,base_expert,Ridge_C3,C3_base_agro_plus_discovery,Ridge,"{""model__alpha"": 1000.0}",0.0,1.0,,,,
target_matched,target_matched_02,base_expert,CatBoost_C1,C1_agronomic,CatBoost,"{""model__depth"": 4, ""model__l2_leaf_reg"": 3.0, ""model__learning_rate"": 0.03}",0.0,1.0,,,,
target_matched,target_matched_02,base_expert,ExtraTrees_C1,C1_agronomic,ExtraTrees,"{""model__max_features"": ""sqrt"", ""model__min_samples_leaf"": 3}",0.0,1.0,,,,
target_matched,target_matched_02,base_expert,PLS_C0,C0_base,PLS,"{""model__n_components"": 2}",0.0,2.0,,,,
target_matched,target_matched_02,base_expert,Ridge_C3,C3_base_agro_plus_discovery,Ridge,"{""model__alpha"": 1000.0}",0.0,2.0,,,,
target_matched,target_matched_02,base_expert,CatBoost_C1,C1_agronomic,CatBoost,"{""model__depth"": 5, ""model__l2_leaf_reg"": 3.0, ""model__learning_rate"": 0.06}",0.0,2.0,,,,
target_matched,target_matched_02,base_expert,ExtraTrees_C1,C1_agronomic,ExtraTrees,"{""model__max_features"": 0.3, ""model__min_samples_leaf"": 3}",0.0,2.0,,,,
target_matched,target_matched_02,base_expert,PLS_C0,C0_base,PLS,"{""model__n_components"": 2}",0.0,3.0,,,,
target_matched,target_matched_02,base_expert,Ridge_C3,C3_base_agro_plus_discovery,Ridge,"{""model__alpha"": 1000.0}",0.0,3.0,,,,
target_matched,target_matched_02,base_expert,CatBoost_C1,C1_agronomic,CatBoost,"{""model__depth"": 4, ""model__l2_leaf_reg"": 3.0, ""model__learning_rate"": 0.03}",0.0,3.0,,,,
target_matched,target_matched_02,base_expert,ExtraTrees_C1,C1_agronomic,ExtraTrees,"{""model__max_features"": 0.3, ""model__min_samples_leaf"": 2}",0.0,3.0,,,,
target_matched,target_matched_02,base_expert,PLS_C0,C0_base,PLS,"{""model__n_components"": 2}",0.0,4.0,,,,
target_matched,target_matched_02,base_expert,Ridge_C3,C3_base_agro_plus_discovery,Ridge,"{""model__alpha"": 1000.0}",0.0,4.0,,,,
target_matched,target_matched_02,base_expert,CatBoost_C1,C1_agronomic,CatBoost,"{""model__depth"": 5, ""model__l2_leaf_reg"": 3.0, ""model__learning_rate"": 0.06}",0.0,4.0,,,,
target_matched,target_matched_02,base_expert,ExtraTrees_C1,C1_agronomic,ExtraTrees,"{""model__max_features"": ""sqrt"", ""model__min_samples_leaf"": 2}",0.0,4.0,,,,
target_matched,target_matched_02,base_expert,PLS_C0,C0_base,PLS,"{""model__n_components"": 2}",0.0,5.0,,,,
target_matched,target_matched_02,base_expert,Ridge_C3,C3_base_agro_plus_discovery,Ridge,"{""model__alpha"": 1000.0}",0.0,5.0,,,,
target_matched,target_matched_02,base_expert,CatBoost_C1,C1_agronomic,CatBoost,"{""model__depth"": 4, ""model__l2_leaf_reg"": 3.0, ""model__learning_rate"": 0.03}",0.0,5.0,,,,
target_matched,target_matched_02,base_expert,ExtraTrees_C1,C1_agronomic,ExtraTrees,"{""model__max_features"": ""sqrt"", ""model__min_samples_leaf"": 2}",0.0,5.0,,,,
target_matched,target_matched_02,base_expert,PLS_C0,C0_base,PLS,"{""model__n_components"": 2}",1.0,1.0,,,,
target_matched,target_matched_02,base_expert,Ridge_C3,C3_base_agro_plus_discovery,Ridge,"{""model__alpha"": 1000.0}",1.0,1.0,,,,
target_matched,target_matched_02,base_expert,CatBoost_C1,C1_agronomic,CatBoost,"{""model__depth"": 5, ""model__l2_leaf_reg"": 3.0, ""model__learning_rate"": 0.06}",1.0,1.0,,,,
target_matched,target_matched_02,base_expert,ExtraTrees_C1,C1_agronomic,ExtraTrees,"{""model__max_features"": ""sqrt"", ""model__min_samples_leaf"": 2}",1.0,1.0,,,,
target_matched,target_matched_02,base_expert,PLS_C0,C0_base,PLS,"{""model__n_components"": 2}",1.0,2.0,,,,
target_matched,target_matched_02,base_expert,Ridge_C3,C3_base_agro_plus_discovery,Ridge,"{""model__alpha"": 1000.0}",1.0,2.0,,,,
target_matched,target_matched_02,base_expert,CatBoost_C1,C1_agronomic,CatBoost,"{""model__depth"": 5, ""model__l2_leaf_reg"": 3.0, ""model__learning_rate"": 0.06}",1.0,2.0,,,,
target_matched,target_matched_02,base_expert,ExtraTrees_C1,C1_agronomic,ExtraTrees,"{""model__max_features"": ""sqrt"", ""model__min_samples_leaf"": 3}",1.0,2.0,,,,
target_matched,target_matched_02,base_expert,PLS_C0,C0_base,PLS,"{""model__n_components"": 2}",1.0,3.0,,,,
target_matched,target_matched_02,base_expert,Ridge_C3,C3_base_agro_plus_discovery,Ridge,"{""model__alpha"": 1000.0}",1.0,3.0,,,,
target_matched,target_matched_02,base_expert,CatBoost_C1,C1_agronomic,CatBoost,"{""model__depth"": 5, ""model__l2_leaf_reg"": 10.0, ""model__learning_rate"": 0.03}",1.0,3.0,,,,
target_matched,target_matched_02,base_expert,ExtraTrees_C1,C1_agronomic,ExtraTrees,"{""model__max_features"": ""sqrt"", ""model__min_samples_leaf"": 2}",1.0,3.0,,,,
target_matched,target_matched_02,base_expert,PLS_C0,C0_base,PLS,"{""model__n_components"": 2}",1.0,4.0,,,,
target_matched,target_matched_02,base_expert,Ridge_C3,C3_base_agro_plus_discovery,Ridge,"{""model__alpha"": 1000.0}",1.0,4.0,,,,
target_matched,target_matched_02,base_expert,CatBoost_C1,C1_agronomic,CatBoost,"{""model__depth"": 5, ""model__l2_leaf_reg"": 3.0, ""model__learning_rate"": 0.06}",1.0,4.0,,,,
target_matched,target_matched_02,base_expert,ExtraTrees_C1,C1_agronomic,ExtraTrees,"{""model__max_features"": ""sqrt"", ""model__min_samples_leaf"": 3}",1.0,4.0,,,,
target_matched,target_matched_02,base_expert,PLS_C0,C0_base,PLS,"{""model__n_components"": 4}",1.0,5.0,,,,
target_matched,target_matched_02,base_expert,Ridge_C3,C3_base_agro_plus_discovery,Ridge,"{""model__alpha"": 1000.0}",1.0,5.0,,,,
target_matched,target_matched_02,base_expert,CatBoost_C1,C1_agronomic,CatBoost,"{""model__depth"": 4, ""model__l2_leaf_reg"": 6.0, ""model__learning_rate"": 0.06}",1.0,5.0,,,,
target_matched,target_matched_02,base_expert,ExtraTrees_C1,C1_agronomic,ExtraTrees,"{""model__max_features"": 0.3, ""model__min_samples_leaf"": 3}",1.0,5.0,,,,
target_matched,target_matched_02,base_expert,PLS_C0,C0_base,PLS,"{""model__n_components"": 2}",,,,,,
target_matched,target_matched_02,base_expert,Ridge_C3,C3_base_agro_plus_discovery,Ridge,"{""model__alpha"": 1000.0}",,,,,,
target_matched,target_matched_02,base_expert,CatBoost_C1,C1_agronomic,CatBoost,"{""model__depth"": 5, ""model__l2_leaf_reg"": 10.0, ""model__learning_rate"": 0.03}",,,,,,
target_matched,target_matched_02,base_expert,ExtraTrees_C1,C1_agronomic,ExtraTrees,"{""model__max_features"": 0.3, ""model__min_samples_leaf"": 5}",,,,,,
target_matched,target_matched_02,meta_model,,,,,,,ConvexStack,convex,"{""l2"": 0.01}",0.4873828331734013
target_matched,target_matched_02,meta_model,,,,,,,RidgeStack,ridge,"{""alpha"": 1.0}",0.48995630471493373
target_matched,target_matched_02,meta_model,,,,,,,ElasticNetStack,elastic_net,"{""alpha"": 0.01, ""l1_ratio"": 0.1}",0.49072294991254906
target_matched,target_matched_02,meta_model,,,,,,,HuberStack,huber,"{""alpha"": 0.0001, ""epsilon"": 1.2}",0.4825060725505409
target_matched,target_matched_02,meta_model,,,,,,,ExtraTreesStack,extra_trees,"{""max_depth"": 2, ""max_features"": 0.75, ""min_samples_leaf"": 6}",0.48331501583221714
target_matched,target_matched_02,meta_model,,,,,,,HistGBStack,hist_gradient_boosting,"{""l2_regularization"": 5.0, ""learning_rate"": 0.03, ""max_leaf_nodes"": 7}",0.5247259702708382
target_matched,target_matched_02,meta_model,,,,,,,MoE_Support,mixture_of_experts,"{""l2"": 0.1}",0.4912598100433576
target_matched,target_matched_03,base_expert,PLS_C0,C0_base,PLS,"{""model__n_components"": 4}",0.0,1.0,,,,
target_matched,target_matched_03,base_expert,Ridge_C3,C3_base_agro_plus_discovery,Ridge,"{""model__alpha"": 1000.0}",0.0,1.0,,,,
target_matched,target_matched_03,base_expert,CatBoost_C1,C1_agronomic,CatBoost,"{""model__depth"": 4, ""model__l2_leaf_reg"": 3.0, ""model__learning_rate"": 0.03}",0.0,1.0,,,,
target_matched,target_matched_03,base_expert,ExtraTrees_C1,C1_agronomic,ExtraTrees,"{""model__max_features"": 0.3, ""model__min_samples_leaf"": 2}",0.0,1.0,,,,
target_matched,target_matched_03,base_expert,PLS_C0,C0_base,PLS,"{""model__n_components"": 2}",0.0,2.0,,,,
target_matched,target_matched_03,base_expert,Ridge_C3,C3_base_agro_plus_discovery,Ridge,"{""model__alpha"": 1000.0}",0.0,2.0,,,,
target_matched,target_matched_03,base_expert,CatBoost_C1,C1_agronomic,CatBoost,"{""model__depth"": 4, ""model__l2_leaf_reg"": 3.0, ""model__learning_rate"": 0.03}",0.0,2.0,,,,
target_matched,target_matched_03,base_expert,ExtraTrees_C1,C1_agronomic,ExtraTrees,"{""model__max_features"": ""sqrt"", ""model__min_samples_leaf"": 3}",0.0,2.0,,,,
target_matched,target_matched_03,base_expert,PLS_C0,C0_base,PLS,"{""model__n_components"": 2}",0.0,3.0,,,,
target_matched,target_matched_03,base_expert,Ridge_C3,C3_base_agro_plus_discovery,Ridge,"{""model__alpha"": 1000.0}",0.0,3.0,,,,
target_matched,target_matched_03,base_expert,CatBoost_C1,C1_agronomic,CatBoost,"{""model__depth"": 6, ""model__l2_leaf_reg"": 10.0, ""model__learning_rate"": 0.06}",0.0,3.0,,,,
target_matched,target_matched_03,base_expert,ExtraTrees_C1,C1_agronomic,ExtraTrees,"{""model__max_features"": 0.3, ""model__min_samples_leaf"": 3}",0.0,3.0,,,,
target_matched,target_matched_03,base_expert,PLS_C0,C0_base,PLS,"{""model__n_components"": 12}",0.0,4.0,,,,
target_matched,target_matched_03,base_expert,Ridge_C3,C3_base_agro_plus_discovery,Ridge,"{""model__alpha"": 1000.0}",0.0,4.0,,,,
target_matched,target_matched_03,base_expert,CatBoost_C1,C1_agronomic,CatBoost,"{""model__depth"": 4, ""model__l2_leaf_reg"": 6.0, ""model__learning_rate"": 0.06}",0.0,4.0,,,,
target_matched,target_matched_03,base_expert,ExtraTrees_C1,C1_agronomic,ExtraTrees,"{""model__max_features"": ""sqrt"", ""model__min_samples_leaf"": 2}",0.0,4.0,,,,
target_matched,target_matched_03,base_expert,PLS_C0,C0_base,PLS,"{""model__n_components"": 2}",0.0,5.0,,,,
target_matched,target_matched_03,base_expert,Ridge_C3,C3_base_agro_plus_discovery,Ridge,"{""model__alpha"": 1000.0}",0.0,5.0,,,,
target_matched,target_matched_03,base_expert,CatBoost_C1,C1_agronomic,CatBoost,"{""model__depth"": 5, ""model__l2_leaf_reg"": 3.0, ""model__learning_rate"": 0.06}",0.0,5.0,,,,
target_matched,target_matched_03,base_expert,ExtraTrees_C1,C1_agronomic,ExtraTrees,"{""model__max_features"": ""sqrt"", ""model__min_samples_leaf"": 3}",0.0,5.0,,,,
target_matched,target_matched_03,base_expert,PLS_C0,C0_base,PLS,"{""model__n_components"": 2}",1.0,1.0,,,,
target_matched,target_matched_03,base_expert,Ridge_C3,C3_base_agro_plus_discovery,Ridge,"{""model__alpha"": 1000.0}",1.0,1.0,,,,
target_matched,target_matched_03,base_expert,CatBoost_C1,C1_agronomic,CatBoost,"{""model__depth"": 4, ""model__l2_leaf_reg"": 3.0, ""model__learning_rate"": 0.03}",1.0,1.0,,,,
target_matched,target_matched_03,base_expert,ExtraTrees_C1,C1_agronomic,ExtraTrees,"{""model__max_features"": ""sqrt"", ""model__min_samples_leaf"": 2}",1.0,1.0,,,,
target_matched,target_matched_03,base_expert,PLS_C0,C0_base,PLS,"{""model__n_components"": 2}",1.0,2.0,,,,
target_matched,target_matched_03,base_expert,Ridge_C3,C3_base_agro_plus_discovery,Ridge,"{""model__alpha"": 1000.0}",1.0,2.0,,,,
target_matched,target_matched_03,base_expert,CatBoost_C1,C1_agronomic,CatBoost,"{""model__depth"": 4, ""model__l2_leaf_reg"": 3.0, ""model__learning_rate"": 0.03}",1.0,2.0,,,,
target_matched,target_matched_03,base_expert,ExtraTrees_C1,C1_agronomic,ExtraTrees,"{""model__max_features"": 0.3, ""model__min_samples_leaf"": 2}",1.0,2.0,,,,
target_matched,target_matched_03,base_expert,PLS_C0,C0_base,PLS,"{""model__n_components"": 8}",1.0,3.0,,,,
target_matched,target_matched_03,base_expert,Ridge_C3,C3_base_agro_plus_discovery,Ridge,"{""model__alpha"": 100.0}",1.0,3.0,,,,
target_matched,target_matched_03,base_expert,CatBoost_C1,C1_agronomic,CatBoost,"{""model__depth"": 5, ""model__l2_leaf_reg"": 3.0, ""model__learning_rate"": 0.06}",1.0,3.0,,,,
target_matched,target_matched_03,base_expert,ExtraTrees_C1,C1_agronomic,ExtraTrees,"{""model__max_features"": 0.3, ""model__min_samples_leaf"": 2}",1.0,3.0,,,,
target_matched,target_matched_03,base_expert,PLS_C0,C0_base,PLS,"{""model__n_components"": 2}",1.0,4.0,,,,
target_matched,target_matched_03,base_expert,Ridge_C3,C3_base_agro_plus_discovery,Ridge,"{""model__alpha"": 1000.0}",1.0,4.0,,,,
target_matched,target_matched_03,base_expert,CatBoost_C1,C1_agronomic,CatBoost,"{""model__depth"": 4, ""model__l2_leaf_reg"": 3.0, ""model__learning_rate"": 0.03}",1.0,4.0,,,,
target_matched,target_matched_03,base_expert,ExtraTrees_C1,C1_agronomic,ExtraTrees,"{""model__max_features"": 0.3, ""model__min_samples_leaf"": 2}",1.0,4.0,,,,
target_matched,target_matched_03,base_expert,PLS_C0,C0_base,PLS,"{""model__n_components"": 2}",1.0,5.0,,,,
target_matched,target_matched_03,base_expert,Ridge_C3,C3_base_agro_plus_discovery,Ridge,"{""model__alpha"": 1000.0}",1.0,5.0,,,,
target_matched,target_matched_03,base_expert,CatBoost_C1,C1_agronomic,CatBoost,"{""model__depth"": 6, ""model__l2_leaf_reg"": 10.0, ""model__learning_rate"": 0.06}",1.0,5.0,,,,
target_matched,target_matched_03,base_expert,ExtraTrees_C1,C1_agronomic,ExtraTrees,"{""model__max_features"": 0.3, ""model__min_samples_leaf"": 3}",1.0,5.0,,,,
target_matched,target_matched_03,base_expert,PLS_C0,C0_base,PLS,"{""model__n_components"": 2}",,,,,,
target_matched,target_matched_03,base_expert,Ridge_C3,C3_base_agro_plus_discovery,Ridge,"{""model__alpha"": 1000.0}",,,,,,
target_matched,target_matched_03,base_expert,CatBoost_C1,C1_agronomic,CatBoost,"{""model__depth"": 4, ""model__l2_leaf_reg"": 3.0, ""model__learning_rate"": 0.03}",,,,,,
target_matched,target_matched_03,base_expert,ExtraTrees_C1,C1_agronomic,ExtraTrees,"{""model__max_features"": 0.3, ""model__min_samples_leaf"": 2}",,,,,,
target_matched,target_matched_03,meta_model,,,,,,,ConvexStack,convex,"{""l2"": 0.01}",0.4746357768545025
target_matched,target_matched_03,meta_model,,,,,,,RidgeStack,ridge,"{""alpha"": 1.0}",0.4870641657980322
target_matched,target_matched_03,meta_model,,,,,,,ElasticNetStack,elastic_net,"{""alpha"": 0.1, ""l1_ratio"": 0.5}",0.48480108475420947
target_matched,target_matched_03,meta_model,,,,,,,HuberStack,huber,"{""alpha"": 0.0001, ""epsilon"": 1.2}",0.48978279851596407
target_matched,target_matched_03,meta_model,,,,,,,ExtraTreesStack,extra_trees,"{""max_depth"": 3, ""max_features"": 1.0, ""min_samples_leaf"": 8}",0.46016044694958913
target_matched,target_matched_03,meta_model,,,,,,,HistGBStack,hist_gradient_boosting,"{""l2_regularization"": 10.0, ""learning_rate"": 0.05, ""max_leaf_nodes"": 9}",0.4734256659982427
target_matched,target_matched_03,meta_model,,,,,,,MoE_Support,mixture_of_experts,"{""l2"": 1.0}",0.48356341666550656
target_matched,target_matched_04,base_expert,PLS_C0,C0_base,PLS,"{""model__n_components"": 2}",0.0,1.0,,,,
target_matched,target_matched_04,base_expert,Ridge_C3,C3_base_agro_plus_discovery,Ridge,"{""model__alpha"": 1000.0}",0.0,1.0,,,,
target_matched,target_matched_04,base_expert,CatBoost_C1,C1_agronomic,CatBoost,"{""model__depth"": 4, ""model__l2_leaf_reg"": 6.0, ""model__learning_rate"": 0.06}",0.0,1.0,,,,
target_matched,target_matched_04,base_expert,ExtraTrees_C1,C1_agronomic,ExtraTrees,"{""model__max_features"": ""sqrt"", ""model__min_samples_leaf"": 3}",0.0,1.0,,,,
target_matched,target_matched_04,base_expert,PLS_C0,C0_base,PLS,"{""model__n_components"": 2}",0.0,2.0,,,,
target_matched,target_matched_04,base_expert,Ridge_C3,C3_base_agro_plus_discovery,Ridge,"{""model__alpha"": 1000.0}",0.0,2.0,,,,
target_matched,target_matched_04,base_expert,CatBoost_C1,C1_agronomic,CatBoost,"{""model__depth"": 5, ""model__l2_leaf_reg"": 3.0, ""model__learning_rate"": 0.06}",0.0,2.0,,,,
target_matched,target_matched_04,base_expert,ExtraTrees_C1,C1_agronomic,ExtraTrees,"{""model__max_features"": 0.3, ""model__min_samples_leaf"": 5}",0.0,2.0,,,,
target_matched,target_matched_04,base_expert,PLS_C0,C0_base,PLS,"{""model__n_components"": 2}",0.0,3.0,,,,
target_matched,target_matched_04,base_expert,Ridge_C3,C3_base_agro_plus_discovery,Ridge,"{""model__alpha"": 1000.0}",0.0,3.0,,,,
target_matched,target_matched_04,base_expert,CatBoost_C1,C1_agronomic,CatBoost,"{""model__depth"": 5, ""model__l2_leaf_reg"": 3.0, ""model__learning_rate"": 0.06}",0.0,3.0,,,,
target_matched,target_matched_04,base_expert,ExtraTrees_C1,C1_agronomic,ExtraTrees,"{""model__max_features"": ""sqrt"", ""model__min_samples_leaf"": 3}",0.0,3.0,,,,
target_matched,target_matched_04,base_expert,PLS_C0,C0_base,PLS,"{""model__n_components"": 2}",0.0,4.0,,,,
target_matched,target_matched_04,base_expert,Ridge_C3,C3_base_agro_plus_discovery,Ridge,"{""model__alpha"": 1000.0}",0.0,4.0,,,,
target_matched,target_matched_04,base_expert,CatBoost_C1,C1_agronomic,CatBoost,"{""model__depth"": 6, ""model__l2_leaf_reg"": 10.0, ""model__learning_rate"": 0.06}",0.0,4.0,,,,
target_matched,target_matched_04,base_expert,ExtraTrees_C1,C1_agronomic,ExtraTrees,"{""model__max_features"": 0.3, ""model__min_samples_leaf"": 3}",0.0,4.0,,,,
target_matched,target_matched_04,base_expert,PLS_C0,C0_base,PLS,"{""model__n_components"": 2}",0.0,5.0,,,,
target_matched,target_matched_04,base_expert,Ridge_C3,C3_base_agro_plus_discovery,Ridge,"{""model__alpha"": 1000.0}",0.0,5.0,,,,
target_matched,target_matched_04,base_expert,CatBoost_C1,C1_agronomic,CatBoost,"{""model__depth"": 6, ""model__l2_leaf_reg"": 10.0, ""model__learning_rate"": 0.06}",0.0,5.0,,,,
target_matched,target_matched_04,base_expert,ExtraTrees_C1,C1_agronomic,ExtraTrees,"{""model__max_features"": ""sqrt"", ""model__min_samples_leaf"": 2}",0.0,5.0,,,,
target_matched,target_matched_04,base_expert,PLS_C0,C0_base,PLS,"{""model__n_components"": 2}",1.0,1.0,,,,
target_matched,target_matched_04,base_expert,Ridge_C3,C3_base_agro_plus_discovery,Ridge,"{""model__alpha"": 1000.0}",1.0,1.0,,,,
target_matched,target_matched_04,base_expert,CatBoost_C1,C1_agronomic,CatBoost,"{""model__depth"": 4, ""model__l2_leaf_reg"": 3.0, ""model__learning_rate"": 0.03}",1.0,1.0,,,,
target_matched,target_matched_04,base_expert,ExtraTrees_C1,C1_agronomic,ExtraTrees,"{""model__max_features"": 0.3, ""model__min_samples_leaf"": 2}",1.0,1.0,,,,
target_matched,target_matched_04,base_expert,PLS_C0,C0_base,PLS,"{""model__n_components"": 2}",1.0,2.0,,,,
target_matched,target_matched_04,base_expert,Ridge_C3,C3_base_agro_plus_discovery,Ridge,"{""model__alpha"": 1000.0}",1.0,2.0,,,,
target_matched,target_matched_04,base_expert,CatBoost_C1,C1_agronomic,CatBoost,"{""model__depth"": 4, ""model__l2_leaf_reg"": 6.0, ""model__learning_rate"": 0.06}",1.0,2.0,,,,
target_matched,target_matched_04,base_expert,ExtraTrees_C1,C1_agronomic,ExtraTrees,"{""model__max_features"": ""sqrt"", ""model__min_samples_leaf"": 3}",1.0,2.0,,,,
target_matched,target_matched_04,base_expert,PLS_C0,C0_base,PLS,"{""model__n_components"": 2}",1.0,3.0,,,,
target_matched,target_matched_04,base_expert,Ridge_C3,C3_base_agro_plus_discovery,Ridge,"{""model__alpha"": 1000.0}",1.0,3.0,,,,
target_matched,target_matched_04,base_expert,CatBoost_C1,C1_agronomic,CatBoost,"{""model__depth"": 5, ""model__l2_leaf_reg"": 3.0, ""model__learning_rate"": 0.06}",1.0,3.0,,,,
target_matched,target_matched_04,base_expert,ExtraTrees_C1,C1_agronomic,ExtraTrees,"{""model__max_features"": 0.3, ""model__min_samples_leaf"": 2}",1.0,3.0,,,,
target_matched,target_matched_04,base_expert,PLS_C0,C0_base,PLS,"{""model__n_components"": 2}",1.0,4.0,,,,
target_matched,target_matched_04,base_expert,Ridge_C3,C3_base_agro_plus_discovery,Ridge,"{""model__alpha"": 1000.0}",1.0,4.0,,,,
target_matched,target_matched_04,base_expert,CatBoost_C1,C1_agronomic,CatBoost,"{""model__depth"": 6, ""model__l2_leaf_reg"": 10.0, ""model__learning_rate"": 0.06}",1.0,4.0,,,,
target_matched,target_matched_04,base_expert,ExtraTrees_C1,C1_agronomic,ExtraTrees,"{""model__max_features"": ""sqrt"", ""model__min_samples_leaf"": 3}",1.0,4.0,,,,
target_matched,target_matched_04,base_expert,PLS_C0,C0_base,PLS,"{""model__n_components"": 2}",1.0,5.0,,,,
target_matched,target_matched_04,base_expert,Ridge_C3,C3_base_agro_plus_discovery,Ridge,"{""model__alpha"": 1000.0}",1.0,5.0,,,,
target_matched,target_matched_04,base_expert,CatBoost_C1,C1_agronomic,CatBoost,"{""model__depth"": 5, ""model__l2_leaf_reg"": 10.0, ""model__learning_rate"": 0.03}",1.0,5.0,,,,
target_matched,target_matched_04,base_expert,ExtraTrees_C1,C1_agronomic,ExtraTrees,"{""model__max_features"": 0.3, ""model__min_samples_leaf"": 5}",1.0,5.0,,,,
target_matched,target_matched_04,base_expert,PLS_C0,C0_base,PLS,"{""model__n_components"": 2}",,,,,,
target_matched,target_matched_04,base_expert,Ridge_C3,C3_base_agro_plus_discovery,Ridge,"{""model__alpha"": 1000.0}",,,,,,
target_matched,target_matched_04,base_expert,CatBoost_C1,C1_agronomic,CatBoost,"{""model__depth"": 5, ""model__l2_leaf_reg"": 10.0, ""model__learning_rate"": 0.03}",,,,,,
target_matched,target_matched_04,base_expert,ExtraTrees_C1,C1_agronomic,ExtraTrees,"{""model__max_features"": 0.3, ""model__min_samples_leaf"": 3}",,,,,,
target_matched,target_matched_04,meta_model,,,,,,,ConvexStack,convex,"{""l2"": 0.0}",0.5296323111116922
target_matched,target_matched_04,meta_model,,,,,,,RidgeStack,ridge,"{""alpha"": 10.0}",0.5392909662734569
target_matched,target_matched_04,meta_model,,,,,,,ElasticNetStack,elastic_net,"{""alpha"": 0.1, ""l1_ratio"": 0.5}",0.5393879138600051
target_matched,target_matched_04,meta_model,,,,,,,HuberStack,huber,"{""alpha"": 0.0001, ""epsilon"": 1.2}",0.5335300743956279
target_matched,target_matched_04,meta_model,,,,,,,ExtraTreesStack,extra_trees,"{""max_depth"": 2, ""max_features"": 0.75, ""min_samples_leaf"": 6}",0.5148399219556581
target_matched,target_matched_04,meta_model,,,,,,,HistGBStack,hist_gradient_boosting,"{""l2_regularization"": 5.0, ""learning_rate"": 0.03, ""max_leaf_nodes"": 7}",0.5560011184626763
target_matched,target_matched_04,meta_model,,,,,,,MoE_Support,mixture_of_experts,"{""l2"": 0.1}",0.5368951022181485
target_matched,target_matched_05,base_expert,PLS_C0,C0_base,PLS,"{""model__n_components"": 2}",0.0,1.0,,,,
target_matched,target_matched_05,base_expert,Ridge_C3,C3_base_agro_plus_discovery,Ridge,"{""model__alpha"": 1000.0}",0.0,1.0,,,,
target_matched,target_matched_05,base_expert,CatBoost_C1,C1_agronomic,CatBoost,"{""model__depth"": 4, ""model__l2_leaf_reg"": 3.0, ""model__learning_rate"": 0.03}",0.0,1.0,,,,
target_matched,target_matched_05,base_expert,ExtraTrees_C1,C1_agronomic,ExtraTrees,"{""model__max_features"": ""sqrt"", ""model__min_samples_leaf"": 2}",0.0,1.0,,,,
target_matched,target_matched_05,base_expert,PLS_C0,C0_base,PLS,"{""model__n_components"": 2}",0.0,2.0,,,,
target_matched,target_matched_05,base_expert,Ridge_C3,C3_base_agro_plus_discovery,Ridge,"{""model__alpha"": 1000.0}",0.0,2.0,,,,
target_matched,target_matched_05,base_expert,CatBoost_C1,C1_agronomic,CatBoost,"{""model__depth"": 5, ""model__l2_leaf_reg"": 10.0, ""model__learning_rate"": 0.03}",0.0,2.0,,,,
target_matched,target_matched_05,base_expert,ExtraTrees_C1,C1_agronomic,ExtraTrees,"{""model__max_features"": 0.3, ""model__min_samples_leaf"": 3}",0.0,2.0,,,,
target_matched,target_matched_05,base_expert,PLS_C0,C0_base,PLS,"{""model__n_components"": 4}",0.0,3.0,,,,
target_matched,target_matched_05,base_expert,Ridge_C3,C3_base_agro_plus_discovery,Ridge,"{""model__alpha"": 1000.0}",0.0,3.0,,,,
target_matched,target_matched_05,base_expert,CatBoost_C1,C1_agronomic,CatBoost,"{""model__depth"": 5, ""model__l2_leaf_reg"": 3.0, ""model__learning_rate"": 0.06}",0.0,3.0,,,,
target_matched,target_matched_05,base_expert,ExtraTrees_C1,C1_agronomic,ExtraTrees,"{""model__max_features"": ""sqrt"", ""model__min_samples_leaf"": 2}",0.0,3.0,,,,
target_matched,target_matched_05,base_expert,PLS_C0,C0_base,PLS,"{""model__n_components"": 4}",0.0,4.0,,,,
target_matched,target_matched_05,base_expert,Ridge_C3,C3_base_agro_plus_discovery,Ridge,"{""model__alpha"": 1000.0}",0.0,4.0,,,,
target_matched,target_matched_05,base_expert,CatBoost_C1,C1_agronomic,CatBoost,"{""model__depth"": 5, ""model__l2_leaf_reg"": 10.0, ""model__learning_rate"": 0.03}",0.0,4.0,,,,
target_matched,target_matched_05,base_expert,ExtraTrees_C1,C1_agronomic,ExtraTrees,"{""model__max_features"": ""sqrt"", ""model__min_samples_leaf"": 3}",0.0,4.0,,,,
target_matched,target_matched_05,base_expert,PLS_C0,C0_base,PLS,"{""model__n_components"": 2}",0.0,5.0,,,,
target_matched,target_matched_05,base_expert,Ridge_C3,C3_base_agro_plus_discovery,Ridge,"{""model__alpha"": 1000.0}",0.0,5.0,,,,
target_matched,target_matched_05,base_expert,CatBoost_C1,C1_agronomic,CatBoost,"{""model__depth"": 4, ""model__l2_leaf_reg"": 3.0, ""model__learning_rate"": 0.03}",0.0,5.0,,,,
target_matched,target_matched_05,base_expert,ExtraTrees_C1,C1_agronomic,ExtraTrees,"{""model__max_features"": ""sqrt"", ""model__min_samples_leaf"": 2}",0.0,5.0,,,,
target_matched,target_matched_05,base_expert,PLS_C0,C0_base,PLS,"{""model__n_components"": 2}",1.0,1.0,,,,
target_matched,target_matched_05,base_expert,Ridge_C3,C3_base_agro_plus_discovery,Ridge,"{""model__alpha"": 1000.0}",1.0,1.0,,,,
target_matched,target_matched_05,base_expert,CatBoost_C1,C1_agronomic,CatBoost,"{""model__depth"": 4, ""model__l2_leaf_reg"": 3.0, ""model__learning_rate"": 0.03}",1.0,1.0,,,,
target_matched,target_matched_05,base_expert,ExtraTrees_C1,C1_agronomic,ExtraTrees,"{""model__max_features"": 0.3, ""model__min_samples_leaf"": 3}",1.0,1.0,,,,
target_matched,target_matched_05,base_expert,PLS_C0,C0_base,PLS,"{""model__n_components"": 4}",1.0,2.0,,,,
target_matched,target_matched_05,base_expert,Ridge_C3,C3_base_agro_plus_discovery,Ridge,"{""model__alpha"": 1000.0}",1.0,2.0,,,,
target_matched,target_matched_05,base_expert,CatBoost_C1,C1_agronomic,CatBoost,"{""model__depth"": 5, ""model__l2_leaf_reg"": 3.0, ""model__learning_rate"": 0.06}",1.0,2.0,,,,
target_matched,target_matched_05,base_expert,ExtraTrees_C1,C1_agronomic,ExtraTrees,"{""model__max_features"": 0.3, ""model__min_samples_leaf"": 3}",1.0,2.0,,,,
target_matched,target_matched_05,base_expert,PLS_C0,C0_base,PLS,"{""model__n_components"": 2}",1.0,3.0,,,,
target_matched,target_matched_05,base_expert,Ridge_C3,C3_base_agro_plus_discovery,Ridge,"{""model__alpha"": 1000.0}",1.0,3.0,,,,
target_matched,target_matched_05,base_expert,CatBoost_C1,C1_agronomic,CatBoost,"{""model__depth"": 5, ""model__l2_leaf_reg"": 10.0, ""model__learning_rate"": 0.03}",1.0,3.0,,,,
target_matched,target_matched_05,base_expert,ExtraTrees_C1,C1_agronomic,ExtraTrees,"{""model__max_features"": 0.3, ""model__min_samples_leaf"": 5}",1.0,3.0,,,,
target_matched,target_matched_05,base_expert,PLS_C0,C0_base,PLS,"{""model__n_components"": 4}",1.0,4.0,,,,
target_matched,target_matched_05,base_expert,Ridge_C3,C3_base_agro_plus_discovery,Ridge,"{""model__alpha"": 1000.0}",1.0,4.0,,,,
target_matched,target_matched_05,base_expert,CatBoost_C1,C1_agronomic,CatBoost,"{""model__depth"": 4, ""model__l2_leaf_reg"": 6.0, ""model__learning_rate"": 0.06}",1.0,4.0,,,,
target_matched,target_matched_05,base_expert,ExtraTrees_C1,C1_agronomic,ExtraTrees,"{""model__max_features"": 0.3, ""model__min_samples_leaf"": 2}",1.0,4.0,,,,
target_matched,target_matched_05,base_expert,PLS_C0,C0_base,PLS,"{""model__n_components"": 2}",1.0,5.0,,,,
target_matched,target_matched_05,base_expert,Ridge_C3,C3_base_agro_plus_discovery,Ridge,"{""model__alpha"": 1000.0}",1.0,5.0,,,,
target_matched,target_matched_05,base_expert,CatBoost_C1,C1_agronomic,CatBoost,"{""model__depth"": 4, ""model__l2_leaf_reg"": 6.0, ""model__learning_rate"": 0.06}",1.0,5.0,,,,
target_matched,target_matched_05,base_expert,ExtraTrees_C1,C1_agronomic,ExtraTrees,"{""model__max_features"": 0.3, ""model__min_samples_leaf"": 2}",1.0,5.0,,,,
target_matched,target_matched_05,base_expert,PLS_C0,C0_base,PLS,"{""model__n_components"": 4}",,,,,,
target_matched,target_matched_05,base_expert,Ridge_C3,C3_base_agro_plus_discovery,Ridge,"{""model__alpha"": 1000.0}",,,,,,
target_matched,target_matched_05,base_expert,CatBoost_C1,C1_agronomic,CatBoost,"{""model__depth"": 4, ""model__l2_leaf_reg"": 3.0, ""model__learning_rate"": 0.03}",,,,,,
target_matched,target_matched_05,base_expert,ExtraTrees_C1,C1_agronomic,ExtraTrees,"{""model__max_features"": 0.3, ""model__min_samples_leaf"": 3}",,,,,,
target_matched,target_matched_05,meta_model,,,,,,,ConvexStack,convex,"{""l2"": 0.0}",0.4839288040755278
target_matched,target_matched_05,meta_model,,,,,,,RidgeStack,ridge,"{""alpha"": 1.0}",0.4905559894285464
target_matched,target_matched_05,meta_model,,,,,,,ElasticNetStack,elastic_net,"{""alpha"": 0.01, ""l1_ratio"": 0.1}",0.49051974164700846
target_matched,target_matched_05,meta_model,,,,,,,HuberStack,huber,"{""alpha"": 0.0001, ""epsilon"": 1.35}",0.49382867591147495
target_matched,target_matched_05,meta_model,,,,,,,ExtraTreesStack,extra_trees,"{""max_depth"": 4, ""max_features"": 1.0, ""min_samples_leaf"": 10}",0.470692646428177
target_matched,target_matched_05,meta_model,,,,,,,HistGBStack,hist_gradient_boosting,"{""l2_regularization"": 5.0, ""learning_rate"": 0.03, ""max_leaf_nodes"": 7}",0.4706480765792868
target_matched,target_matched_05,meta_model,,,,,,,MoE_Support,mixture_of_experts,"{""l2"": 0.1}",0.48867031442894315
target_matched,target_matched_06,base_expert,PLS_C0,C0_base,PLS,"{""model__n_components"": 12}",0.0,1.0,,,,
target_matched,target_matched_06,base_expert,Ridge_C3,C3_base_agro_plus_discovery,Ridge,"{""model__alpha"": 1000.0}",0.0,1.0,,,,
target_matched,target_matched_06,base_expert,CatBoost_C1,C1_agronomic,CatBoost,"{""model__depth"": 5, ""model__l2_leaf_reg"": 10.0, ""model__learning_rate"": 0.03}",0.0,1.0,,,,
target_matched,target_matched_06,base_expert,ExtraTrees_C1,C1_agronomic,ExtraTrees,"{""model__max_features"": 0.3, ""model__min_samples_leaf"": 2}",0.0,1.0,,,,
target_matched,target_matched_06,base_expert,PLS_C0,C0_base,PLS,"{""model__n_components"": 2}",0.0,2.0,,,,
target_matched,target_matched_06,base_expert,Ridge_C3,C3_base_agro_plus_discovery,Ridge,"{""model__alpha"": 1000.0}",0.0,2.0,,,,
target_matched,target_matched_06,base_expert,CatBoost_C1,C1_agronomic,CatBoost,"{""model__depth"": 5, ""model__l2_leaf_reg"": 10.0, ""model__learning_rate"": 0.03}",0.0,2.0,,,,
target_matched,target_matched_06,base_expert,ExtraTrees_C1,C1_agronomic,ExtraTrees,"{""model__max_features"": ""sqrt"", ""model__min_samples_leaf"": 3}",0.0,2.0,,,,
target_matched,target_matched_06,base_expert,PLS_C0,C0_base,PLS,"{""model__n_components"": 8}",0.0,3.0,,,,
target_matched,target_matched_06,base_expert,Ridge_C3,C3_base_agro_plus_discovery,Ridge,"{""model__alpha"": 1000.0}",0.0,3.0,,,,
target_matched,target_matched_06,base_expert,CatBoost_C1,C1_agronomic,CatBoost,"{""model__depth"": 5, ""model__l2_leaf_reg"": 3.0, ""model__learning_rate"": 0.06}",0.0,3.0,,,,
target_matched,target_matched_06,base_expert,ExtraTrees_C1,C1_agronomic,ExtraTrees,"{""model__max_features"": ""sqrt"", ""model__min_samples_leaf"": 2}",0.0,3.0,,,,
target_matched,target_matched_06,base_expert,PLS_C0,C0_base,PLS,"{""model__n_components"": 2}",0.0,4.0,,,,
target_matched,target_matched_06,base_expert,Ridge_C3,C3_base_agro_plus_discovery,Ridge,"{""model__alpha"": 1000.0}",0.0,4.0,,,,
target_matched,target_matched_06,base_expert,CatBoost_C1,C1_agronomic,CatBoost,"{""model__depth"": 6, ""model__l2_leaf_reg"": 10.0, ""model__learning_rate"": 0.06}",0.0,4.0,,,,
target_matched,target_matched_06,base_expert,ExtraTrees_C1,C1_agronomic,ExtraTrees,"{""model__max_features"": 0.3, ""model__min_samples_leaf"": 2}",0.0,4.0,,,,
target_matched,target_matched_06,base_expert,PLS_C0,C0_base,PLS,"{""model__n_components"": 2}",0.0,5.0,,,,
target_matched,target_matched_06,base_expert,Ridge_C3,C3_base_agro_plus_discovery,Ridge,"{""model__alpha"": 1000.0}",0.0,5.0,,,,
target_matched,target_matched_06,base_expert,CatBoost_C1,C1_agronomic,CatBoost,"{""model__depth"": 5, ""model__l2_leaf_reg"": 3.0, ""model__learning_rate"": 0.06}",0.0,5.0,,,,
target_matched,target_matched_06,base_expert,ExtraTrees_C1,C1_agronomic,ExtraTrees,"{""model__max_features"": ""sqrt"", ""model__min_samples_leaf"": 2}",0.0,5.0,,,,
target_matched,target_matched_06,base_expert,PLS_C0,C0_base,PLS,"{""model__n_components"": 2}",1.0,1.0,,,,
target_matched,target_matched_06,base_expert,Ridge_C3,C3_base_agro_plus_discovery,Ridge,"{""model__alpha"": 1000.0}",1.0,1.0,,,,
target_matched,target_matched_06,base_expert,CatBoost_C1,C1_agronomic,CatBoost,"{""model__depth"": 5, ""model__l2_leaf_reg"": 10.0, ""model__learning_rate"": 0.03}",1.0,1.0,,,,
target_matched,target_matched_06,base_expert,ExtraTrees_C1,C1_agronomic,ExtraTrees,"{""model__max_features"": ""sqrt"", ""model__min_samples_leaf"": 5}",1.0,1.0,,,,
target_matched,target_matched_06,base_expert,PLS_C0,C0_base,PLS,"{""model__n_components"": 4}",1.0,2.0,,,,
target_matched,target_matched_06,base_expert,Ridge_C3,C3_base_agro_plus_discovery,Ridge,"{""model__alpha"": 1000.0}",1.0,2.0,,,,
target_matched,target_matched_06,base_expert,CatBoost_C1,C1_agronomic,CatBoost,"{""model__depth"": 5, ""model__l2_leaf_reg"": 10.0, ""model__learning_rate"": 0.03}",1.0,2.0,,,,
target_matched,target_matched_06,base_expert,ExtraTrees_C1,C1_agronomic,ExtraTrees,"{""model__max_features"": ""sqrt"", ""model__min_samples_leaf"": 3}",1.0,2.0,,,,
target_matched,target_matched_06,base_expert,PLS_C0,C0_base,PLS,"{""model__n_components"": 2}",1.0,3.0,,,,
target_matched,target_matched_06,base_expert,Ridge_C3,C3_base_agro_plus_discovery,Ridge,"{""model__alpha"": 1000.0}",1.0,3.0,,,,
target_matched,target_matched_06,base_expert,CatBoost_C1,C1_agronomic,CatBoost,"{""model__depth"": 4, ""model__l2_leaf_reg"": 3.0, ""model__learning_rate"": 0.03}",1.0,3.0,,,,
target_matched,target_matched_06,base_expert,ExtraTrees_C1,C1_agronomic,ExtraTrees,"{""model__max_features"": ""sqrt"", ""model__min_samples_leaf"": 2}",1.0,3.0,,,,
target_matched,target_matched_06,base_expert,PLS_C0,C0_base,PLS,"{""model__n_components"": 2}",1.0,4.0,,,,
target_matched,target_matched_06,base_expert,Ridge_C3,C3_base_agro_plus_discovery,Ridge,"{""model__alpha"": 1000.0}",1.0,4.0,,,,
target_matched,target_matched_06,base_expert,CatBoost_C1,C1_agronomic,CatBoost,"{""model__depth"": 5, ""model__l2_leaf_reg"": 10.0, ""model__learning_rate"": 0.03}",1.0,4.0,,,,
target_matched,target_matched_06,base_expert,ExtraTrees_C1,C1_agronomic,ExtraTrees,"{""model__max_features"": ""sqrt"", ""model__min_samples_leaf"": 2}",1.0,4.0,,,,
target_matched,target_matched_06,base_expert,PLS_C0,C0_base,PLS,"{""model__n_components"": 4}",1.0,5.0,,,,
target_matched,target_matched_06,base_expert,Ridge_C3,C3_base_agro_plus_discovery,Ridge,"{""model__alpha"": 1000.0}",1.0,5.0,,,,
target_matched,target_matched_06,base_expert,CatBoost_C1,C1_agronomic,CatBoost,"{""model__depth"": 5, ""model__l2_leaf_reg"": 10.0, ""model__learning_rate"": 0.03}",1.0,5.0,,,,
target_matched,target_matched_06,base_expert,ExtraTrees_C1,C1_agronomic,ExtraTrees,"{""model__max_features"": ""sqrt"", ""model__min_samples_leaf"": 2}",1.0,5.0,,,,
target_matched,target_matched_06,base_expert,PLS_C0,C0_base,PLS,"{""model__n_components"": 2}",,,,,,
target_matched,target_matched_06,base_expert,Ridge_C3,C3_base_agro_plus_discovery,Ridge,"{""model__alpha"": 1000.0}",,,,,,
target_matched,target_matched_06,base_expert,CatBoost_C1,C1_agronomic,CatBoost,"{""model__depth"": 5, ""model__l2_leaf_reg"": 3.0, ""model__learning_rate"": 0.06}",,,,,,
target_matched,target_matched_06,base_expert,ExtraTrees_C1,C1_agronomic,ExtraTrees,"{""model__max_features"": 0.3, ""model__min_samples_leaf"": 2}",,,,,,
target_matched,target_matched_06,meta_model,,,,,,,ConvexStack,convex,"{""l2"": 0.0}",0.4909401765861444
target_matched,target_matched_06,meta_model,,,,,,,RidgeStack,ridge,"{""alpha"": 1.0}",0.509928313990643
target_matched,target_matched_06,meta_model,,,,,,,ElasticNetStack,elastic_net,"{""alpha"": 0.01, ""l1_ratio"": 0.5}",0.5083572450095926
target_matched,target_matched_06,meta_model,,,,,,,HuberStack,huber,"{""alpha"": 0.0001, ""epsilon"": 1.35}",0.50734738796201
target_matched,target_matched_06,meta_model,,,,,,,ExtraTreesStack,extra_trees,"{""max_depth"": 2, ""max_features"": 0.75, ""min_samples_leaf"": 6}",0.5052356891600038
target_matched,target_matched_06,meta_model,,,,,,,HistGBStack,hist_gradient_boosting,"{""l2_regularization"": 5.0, ""learning_rate"": 0.03, ""max_leaf_nodes"": 7}",0.5642086212397656
target_matched,target_matched_06,meta_model,,,,,,,MoE_Support,mixture_of_experts,"{""l2"": 1.0}",0.5091771384446165
target_matched,target_matched_07,base_expert,PLS_C0,C0_base,PLS,"{""model__n_components"": 2}",0.0,1.0,,,,
target_matched,target_matched_07,base_expert,Ridge_C3,C3_base_agro_plus_discovery,Ridge,"{""model__alpha"": 1000.0}",0.0,1.0,,,,
target_matched,target_matched_07,base_expert,CatBoost_C1,C1_agronomic,CatBoost,"{""model__depth"": 5, ""model__l2_leaf_reg"": 3.0, ""model__learning_rate"": 0.06}",0.0,1.0,,,,
target_matched,target_matched_07,base_expert,ExtraTrees_C1,C1_agronomic,ExtraTrees,"{""model__max_features"": 0.3, ""model__min_samples_leaf"": 2}",0.0,1.0,,,,
target_matched,target_matched_07,base_expert,PLS_C0,C0_base,PLS,"{""model__n_components"": 2}",0.0,2.0,,,,
target_matched,target_matched_07,base_expert,Ridge_C3,C3_base_agro_plus_discovery,Ridge,"{""model__alpha"": 1000.0}",0.0,2.0,,,,
target_matched,target_matched_07,base_expert,CatBoost_C1,C1_agronomic,CatBoost,"{""model__depth"": 6, ""model__l2_leaf_reg"": 10.0, ""model__learning_rate"": 0.06}",0.0,2.0,,,,
target_matched,target_matched_07,base_expert,ExtraTrees_C1,C1_agronomic,ExtraTrees,"{""model__max_features"": ""sqrt"", ""model__min_samples_leaf"": 2}",0.0,2.0,,,,
target_matched,target_matched_07,base_expert,PLS_C0,C0_base,PLS,"{""model__n_components"": 2}",0.0,3.0,,,,
target_matched,target_matched_07,base_expert,Ridge_C3,C3_base_agro_plus_discovery,Ridge,"{""model__alpha"": 1000.0}",0.0,3.0,,,,
target_matched,target_matched_07,base_expert,CatBoost_C1,C1_agronomic,CatBoost,"{""model__depth"": 4, ""model__l2_leaf_reg"": 6.0, ""model__learning_rate"": 0.06}",0.0,3.0,,,,
target_matched,target_matched_07,base_expert,ExtraTrees_C1,C1_agronomic,ExtraTrees,"{""model__max_features"": 0.3, ""model__min_samples_leaf"": 2}",0.0,3.0,,,,
target_matched,target_matched_07,base_expert,PLS_C0,C0_base,PLS,"{""model__n_components"": 4}",0.0,4.0,,,,
target_matched,target_matched_07,base_expert,Ridge_C3,C3_base_agro_plus_discovery,Ridge,"{""model__alpha"": 100.0}",0.0,4.0,,,,
target_matched,target_matched_07,base_expert,CatBoost_C1,C1_agronomic,CatBoost,"{""model__depth"": 4, ""model__l2_leaf_reg"": 6.0, ""model__learning_rate"": 0.06}",0.0,4.0,,,,
target_matched,target_matched_07,base_expert,ExtraTrees_C1,C1_agronomic,ExtraTrees,"{""model__max_features"": ""sqrt"", ""model__min_samples_leaf"": 2}",0.0,4.0,,,,
target_matched,target_matched_07,base_expert,PLS_C0,C0_base,PLS,"{""model__n_components"": 4}",0.0,5.0,,,,
target_matched,target_matched_07,base_expert,Ridge_C3,C3_base_agro_plus_discovery,Ridge,"{""model__alpha"": 1000.0}",0.0,5.0,,,,
target_matched,target_matched_07,base_expert,CatBoost_C1,C1_agronomic,CatBoost,"{""model__depth"": 5, ""model__l2_leaf_reg"": 3.0, ""model__learning_rate"": 0.06}",0.0,5.0,,,,
target_matched,target_matched_07,base_expert,ExtraTrees_C1,C1_agronomic,ExtraTrees,"{""model__max_features"": 0.3, ""model__min_samples_leaf"": 3}",0.0,5.0,,,,
target_matched,target_matched_07,base_expert,PLS_C0,C0_base,PLS,"{""model__n_components"": 4}",1.0,1.0,,,,
target_matched,target_matched_07,base_expert,Ridge_C3,C3_base_agro_plus_discovery,Ridge,"{""model__alpha"": 100.0}",1.0,1.0,,,,
target_matched,target_matched_07,base_expert,CatBoost_C1,C1_agronomic,CatBoost,"{""model__depth"": 4, ""model__l2_leaf_reg"": 6.0, ""model__learning_rate"": 0.06}",1.0,1.0,,,,
target_matched,target_matched_07,base_expert,ExtraTrees_C1,C1_agronomic,ExtraTrees,"{""model__max_features"": 0.3, ""model__min_samples_leaf"": 2}",1.0,1.0,,,,
target_matched,target_matched_07,base_expert,PLS_C0,C0_base,PLS,"{""model__n_components"": 2}",1.0,2.0,,,,
target_matched,target_matched_07,base_expert,Ridge_C3,C3_base_agro_plus_discovery,Ridge,"{""model__alpha"": 1000.0}",1.0,2.0,,,,
target_matched,target_matched_07,base_expert,CatBoost_C1,C1_agronomic,CatBoost,"{""model__depth"": 5, ""model__l2_leaf_reg"": 10.0, ""model__learning_rate"": 0.03}",1.0,2.0,,,,
target_matched,target_matched_07,base_expert,ExtraTrees_C1,C1_agronomic,ExtraTrees,"{""model__max_features"": 0.3, ""model__min_samples_leaf"": 5}",1.0,2.0,,,,
target_matched,target_matched_07,base_expert,PLS_C0,C0_base,PLS,"{""model__n_components"": 2}",1.0,3.0,,,,
target_matched,target_matched_07,base_expert,Ridge_C3,C3_base_agro_plus_discovery,Ridge,"{""model__alpha"": 1000.0}",1.0,3.0,,,,
target_matched,target_matched_07,base_expert,CatBoost_C1,C1_agronomic,CatBoost,"{""model__depth"": 5, ""model__l2_leaf_reg"": 10.0, ""model__learning_rate"": 0.03}",1.0,3.0,,,,
target_matched,target_matched_07,base_expert,ExtraTrees_C1,C1_agronomic,ExtraTrees,"{""model__max_features"": 0.3, ""model__min_samples_leaf"": 2}",1.0,3.0,,,,
target_matched,target_matched_07,base_expert,PLS_C0,C0_base,PLS,"{""model__n_components"": 2}",1.0,4.0,,,,
target_matched,target_matched_07,base_expert,Ridge_C3,C3_base_agro_plus_discovery,Ridge,"{""model__alpha"": 1000.0}",1.0,4.0,,,,
target_matched,target_matched_07,base_expert,CatBoost_C1,C1_agronomic,CatBoost,"{""model__depth"": 4, ""model__l2_leaf_reg"": 3.0, ""model__learning_rate"": 0.03}",1.0,4.0,,,,
target_matched,target_matched_07,base_expert,ExtraTrees_C1,C1_agronomic,ExtraTrees,"{""model__max_features"": ""sqrt"", ""model__min_samples_leaf"": 5}",1.0,4.0,,,,
target_matched,target_matched_07,base_expert,PLS_C0,C0_base,PLS,"{""model__n_components"": 4}",1.0,5.0,,,,
target_matched,target_matched_07,base_expert,Ridge_C3,C3_base_agro_plus_discovery,Ridge,"{""model__alpha"": 1000.0}",1.0,5.0,,,,
target_matched,target_matched_07,base_expert,CatBoost_C1,C1_agronomic,CatBoost,"{""model__depth"": 4, ""model__l2_leaf_reg"": 3.0, ""model__learning_rate"": 0.03}",1.0,5.0,,,,
target_matched,target_matched_07,base_expert,ExtraTrees_C1,C1_agronomic,ExtraTrees,"{""model__max_features"": ""sqrt"", ""model__min_samples_leaf"": 2}",1.0,5.0,,,,
target_matched,target_matched_07,base_expert,PLS_C0,C0_base,PLS,"{""model__n_components"": 4}",,,,,,
target_matched,target_matched_07,base_expert,Ridge_C3,C3_base_agro_plus_discovery,Ridge,"{""model__alpha"": 1000.0}",,,,,,
target_matched,target_matched_07,base_expert,CatBoost_C1,C1_agronomic,CatBoost,"{""model__depth"": 5, ""model__l2_leaf_reg"": 3.0, ""model__learning_rate"": 0.06}",,,,,,
target_matched,target_matched_07,base_expert,ExtraTrees_C1,C1_agronomic,ExtraTrees,"{""model__max_features"": 0.3, ""model__min_samples_leaf"": 3}",,,,,,
target_matched,target_matched_07,meta_model,,,,,,,ConvexStack,convex,"{""l2"": 0.0}",0.4532578545079808
target_matched,target_matched_07,meta_model,,,,,,,RidgeStack,ridge,"{""alpha"": 10.0}",0.4665189631029148
target_matched,target_matched_07,meta_model,,,,,,,ElasticNetStack,elastic_net,"{""alpha"": 0.01, ""l1_ratio"": 0.5}",0.4663927022628756
target_matched,target_matched_07,meta_model,,,,,,,HuberStack,huber,"{""alpha"": 0.0001, ""epsilon"": 1.2}",0.47012259077602003
target_matched,target_matched_07,meta_model,,,,,,,ExtraTreesStack,extra_trees,"{""max_depth"": 3, ""max_features"": 1.0, ""min_samples_leaf"": 8}",0.44379022276008806
target_matched,target_matched_07,meta_model,,,,,,,HistGBStack,hist_gradient_boosting,"{""l2_regularization"": 10.0, ""learning_rate"": 0.05, ""max_leaf_nodes"": 9}",0.47563280499768085
target_matched,target_matched_07,meta_model,,,,,,,MoE_Support,mixture_of_experts,"{""l2"": 100.0}",0.4561920117985764
target_matched,target_matched_08,base_expert,PLS_C0,C0_base,PLS,"{""model__n_components"": 2}",0.0,1.0,,,,
target_matched,target_matched_08,base_expert,Ridge_C3,C3_base_agro_plus_discovery,Ridge,"{""model__alpha"": 1000.0}",0.0,1.0,,,,
target_matched,target_matched_08,base_expert,CatBoost_C1,C1_agronomic,CatBoost,"{""model__depth"": 5, ""model__l2_leaf_reg"": 10.0, ""model__learning_rate"": 0.03}",0.0,1.0,,,,
target_matched,target_matched_08,base_expert,ExtraTrees_C1,C1_agronomic,ExtraTrees,"{""model__max_features"": ""sqrt"", ""model__min_samples_leaf"": 3}",0.0,1.0,,,,
target_matched,target_matched_08,base_expert,PLS_C0,C0_base,PLS,"{""model__n_components"": 2}",0.0,2.0,,,,
target_matched,target_matched_08,base_expert,Ridge_C3,C3_base_agro_plus_discovery,Ridge,"{""model__alpha"": 1000.0}",0.0,2.0,,,,
target_matched,target_matched_08,base_expert,CatBoost_C1,C1_agronomic,CatBoost,"{""model__depth"": 5, ""model__l2_leaf_reg"": 10.0, ""model__learning_rate"": 0.03}",0.0,2.0,,,,
target_matched,target_matched_08,base_expert,ExtraTrees_C1,C1_agronomic,ExtraTrees,"{""model__max_features"": ""sqrt"", ""model__min_samples_leaf"": 2}",0.0,2.0,,,,
target_matched,target_matched_08,base_expert,PLS_C0,C0_base,PLS,"{""model__n_components"": 4}",0.0,3.0,,,,
target_matched,target_matched_08,base_expert,Ridge_C3,C3_base_agro_plus_discovery,Ridge,"{""model__alpha"": 1000.0}",0.0,3.0,,,,
target_matched,target_matched_08,base_expert,CatBoost_C1,C1_agronomic,CatBoost,"{""model__depth"": 4, ""model__l2_leaf_reg"": 3.0, ""model__learning_rate"": 0.03}",0.0,3.0,,,,
target_matched,target_matched_08,base_expert,ExtraTrees_C1,C1_agronomic,ExtraTrees,"{""model__max_features"": 0.3, ""model__min_samples_leaf"": 3}",0.0,3.0,,,,
target_matched,target_matched_08,base_expert,PLS_C0,C0_base,PLS,"{""model__n_components"": 2}",0.0,4.0,,,,
target_matched,target_matched_08,base_expert,Ridge_C3,C3_base_agro_plus_discovery,Ridge,"{""model__alpha"": 1000.0}",0.0,4.0,,,,
target_matched,target_matched_08,base_expert,CatBoost_C1,C1_agronomic,CatBoost,"{""model__depth"": 5, ""model__l2_leaf_reg"": 3.0, ""model__learning_rate"": 0.06}",0.0,4.0,,,,
target_matched,target_matched_08,base_expert,ExtraTrees_C1,C1_agronomic,ExtraTrees,"{""model__max_features"": 0.3, ""model__min_samples_leaf"": 5}",0.0,4.0,,,,
target_matched,target_matched_08,base_expert,PLS_C0,C0_base,PLS,"{""model__n_components"": 2}",0.0,5.0,,,,
target_matched,target_matched_08,base_expert,Ridge_C3,C3_base_agro_plus_discovery,Ridge,"{""model__alpha"": 1000.0}",0.0,5.0,,,,
target_matched,target_matched_08,base_expert,CatBoost_C1,C1_agronomic,CatBoost,"{""model__depth"": 5, ""model__l2_leaf_reg"": 3.0, ""model__learning_rate"": 0.06}",0.0,5.0,,,,
target_matched,target_matched_08,base_expert,ExtraTrees_C1,C1_agronomic,ExtraTrees,"{""model__max_features"": ""sqrt"", ""model__min_samples_leaf"": 2}",0.0,5.0,,,,
target_matched,target_matched_08,base_expert,PLS_C0,C0_base,PLS,"{""model__n_components"": 2}",1.0,1.0,,,,
target_matched,target_matched_08,base_expert,Ridge_C3,C3_base_agro_plus_discovery,Ridge,"{""model__alpha"": 1000.0}",1.0,1.0,,,,
target_matched,target_matched_08,base_expert,CatBoost_C1,C1_agronomic,CatBoost,"{""model__depth"": 6, ""model__l2_leaf_reg"": 10.0, ""model__learning_rate"": 0.06}",1.0,1.0,,,,
target_matched,target_matched_08,base_expert,ExtraTrees_C1,C1_agronomic,ExtraTrees,"{""model__max_features"": 0.3, ""model__min_samples_leaf"": 5}",1.0,1.0,,,,
target_matched,target_matched_08,base_expert,PLS_C0,C0_base,PLS,"{""model__n_components"": 2}",1.0,2.0,,,,
target_matched,target_matched_08,base_expert,Ridge_C3,C3_base_agro_plus_discovery,Ridge,"{""model__alpha"": 1000.0}",1.0,2.0,,,,
target_matched,target_matched_08,base_expert,CatBoost_C1,C1_agronomic,CatBoost,"{""model__depth"": 5, ""model__l2_leaf_reg"": 3.0, ""model__learning_rate"": 0.06}",1.0,2.0,,,,
target_matched,target_matched_08,base_expert,ExtraTrees_C1,C1_agronomic,ExtraTrees,"{""model__max_features"": ""sqrt"", ""model__min_samples_leaf"": 3}",1.0,2.0,,,,
target_matched,target_matched_08,base_expert,PLS_C0,C0_base,PLS,"{""model__n_components"": 2}",1.0,3.0,,,,
target_matched,target_matched_08,base_expert,Ridge_C3,C3_base_agro_plus_discovery,Ridge,"{""model__alpha"": 1000.0}",1.0,3.0,,,,
target_matched,target_matched_08,base_expert,CatBoost_C1,C1_agronomic,CatBoost,"{""model__depth"": 5, ""model__l2_leaf_reg"": 3.0, ""model__learning_rate"": 0.06}",1.0,3.0,,,,
target_matched,target_matched_08,base_expert,ExtraTrees_C1,C1_agronomic,ExtraTrees,"{""model__max_features"": 0.3, ""model__min_samples_leaf"": 5}",1.0,3.0,,,,
target_matched,target_matched_08,base_expert,PLS_C0,C0_base,PLS,"{""model__n_components"": 2}",1.0,4.0,,,,
target_matched,target_matched_08,base_expert,Ridge_C3,C3_base_agro_plus_discovery,Ridge,"{""model__alpha"": 1000.0}",1.0,4.0,,,,
target_matched,target_matched_08,base_expert,CatBoost_C1,C1_agronomic,CatBoost,"{""model__depth"": 4, ""model__l2_leaf_reg"": 3.0, ""model__learning_rate"": 0.03}",1.0,4.0,,,,
target_matched,target_matched_08,base_expert,ExtraTrees_C1,C1_agronomic,ExtraTrees,"{""model__max_features"": 0.3, ""model__min_samples_leaf"": 2}",1.0,4.0,,,,
target_matched,target_matched_08,base_expert,PLS_C0,C0_base,PLS,"{""model__n_components"": 2}",1.0,5.0,,,,
target_matched,target_matched_08,base_expert,Ridge_C3,C3_base_agro_plus_discovery,Ridge,"{""model__alpha"": 1000.0}",1.0,5.0,,,,
target_matched,target_matched_08,base_expert,CatBoost_C1,C1_agronomic,CatBoost,"{""model__depth"": 4, ""model__l2_leaf_reg"": 3.0, ""model__learning_rate"": 0.03}",1.0,5.0,,,,
target_matched,target_matched_08,base_expert,ExtraTrees_C1,C1_agronomic,ExtraTrees,"{""model__max_features"": ""sqrt"", ""model__min_samples_leaf"": 2}",1.0,5.0,,,,
target_matched,target_matched_08,base_expert,PLS_C0,C0_base,PLS,"{""model__n_components"": 2}",,,,,,
target_matched,target_matched_08,base_expert,Ridge_C3,C3_base_agro_plus_discovery,Ridge,"{""model__alpha"": 1000.0}",,,,,,
target_matched,target_matched_08,base_expert,CatBoost_C1,C1_agronomic,CatBoost,"{""model__depth"": 5, ""model__l2_leaf_reg"": 3.0, ""model__learning_rate"": 0.06}",,,,,,
target_matched,target_matched_08,base_expert,ExtraTrees_C1,C1_agronomic,ExtraTrees,"{""model__max_features"": 0.3, ""model__min_samples_leaf"": 3}",,,,,,
target_matched,target_matched_08,meta_model,,,,,,,ConvexStack,convex,"{""l2"": 0.0}",0.5137742114056013
target_matched,target_matched_08,meta_model,,,,,,,RidgeStack,ridge,"{""alpha"": 10.0}",0.5217813494903897
target_matched,target_matched_08,meta_model,,,,,,,ElasticNetStack,elastic_net,"{""alpha"": 0.01, ""l1_ratio"": 0.5}",0.5211700694894849
target_matched,target_matched_08,meta_model,,,,,,,HuberStack,huber,"{""alpha"": 0.0001, ""epsilon"": 1.2}",0.5183369495619605
target_matched,target_matched_08,meta_model,,,,,,,ExtraTreesStack,extra_trees,"{""max_depth"": 2, ""max_features"": 0.75, ""min_samples_leaf"": 6}",0.49818343401512105
target_matched,target_matched_08,meta_model,,,,,,,HistGBStack,hist_gradient_boosting,"{""l2_regularization"": 5.0, ""learning_rate"": 0.03, ""max_leaf_nodes"": 7}",0.5537872021276457
target_matched,target_matched_08,meta_model,,,,,,,MoE_Support,mixture_of_experts,"{""l2"": 1.0}",0.5238030979019977
target_matched,target_matched_09,base_expert,PLS_C0,C0_base,PLS,"{""model__n_components"": 2}",0.0,1.0,,,,
target_matched,target_matched_09,base_expert,Ridge_C3,C3_base_agro_plus_discovery,Ridge,"{""model__alpha"": 1000.0}",0.0,1.0,,,,
target_matched,target_matched_09,base_expert,CatBoost_C1,C1_agronomic,CatBoost,"{""model__depth"": 4, ""model__l2_leaf_reg"": 6.0, ""model__learning_rate"": 0.06}",0.0,1.0,,,,
target_matched,target_matched_09,base_expert,ExtraTrees_C1,C1_agronomic,ExtraTrees,"{""model__max_features"": 0.3, ""model__min_samples_leaf"": 5}",0.0,1.0,,,,
target_matched,target_matched_09,base_expert,PLS_C0,C0_base,PLS,"{""model__n_components"": 2}",0.0,2.0,,,,
target_matched,target_matched_09,base_expert,Ridge_C3,C3_base_agro_plus_discovery,Ridge,"{""model__alpha"": 1000.0}",0.0,2.0,,,,
target_matched,target_matched_09,base_expert,CatBoost_C1,C1_agronomic,CatBoost,"{""model__depth"": 5, ""model__l2_leaf_reg"": 3.0, ""model__learning_rate"": 0.06}",0.0,2.0,,,,
target_matched,target_matched_09,base_expert,ExtraTrees_C1,C1_agronomic,ExtraTrees,"{""model__max_features"": ""sqrt"", ""model__min_samples_leaf"": 2}",0.0,2.0,,,,
target_matched,target_matched_09,base_expert,PLS_C0,C0_base,PLS,"{""model__n_components"": 2}",0.0,3.0,,,,
target_matched,target_matched_09,base_expert,Ridge_C3,C3_base_agro_plus_discovery,Ridge,"{""model__alpha"": 1000.0}",0.0,3.0,,,,
target_matched,target_matched_09,base_expert,CatBoost_C1,C1_agronomic,CatBoost,"{""model__depth"": 5, ""model__l2_leaf_reg"": 3.0, ""model__learning_rate"": 0.06}",0.0,3.0,,,,
target_matched,target_matched_09,base_expert,ExtraTrees_C1,C1_agronomic,ExtraTrees,"{""model__max_features"": 0.3, ""model__min_samples_leaf"": 2}",0.0,3.0,,,,
target_matched,target_matched_09,base_expert,PLS_C0,C0_base,PLS,"{""model__n_components"": 2}",0.0,4.0,,,,
target_matched,target_matched_09,base_expert,Ridge_C3,C3_base_agro_plus_discovery,Ridge,"{""model__alpha"": 1000.0}",0.0,4.0,,,,
target_matched,target_matched_09,base_expert,CatBoost_C1,C1_agronomic,CatBoost,"{""model__depth"": 4, ""model__l2_leaf_reg"": 3.0, ""model__learning_rate"": 0.03}",0.0,4.0,,,,
target_matched,target_matched_09,base_expert,ExtraTrees_C1,C1_agronomic,ExtraTrees,"{""model__max_features"": 0.3, ""model__min_samples_leaf"": 3}",0.0,4.0,,,,
target_matched,target_matched_09,base_expert,PLS_C0,C0_base,PLS,"{""model__n_components"": 2}",0.0,5.0,,,,
target_matched,target_matched_09,base_expert,Ridge_C3,C3_base_agro_plus_discovery,Ridge,"{""model__alpha"": 1000.0}",0.0,5.0,,,,
target_matched,target_matched_09,base_expert,CatBoost_C1,C1_agronomic,CatBoost,"{""model__depth"": 4, ""model__l2_leaf_reg"": 3.0, ""model__learning_rate"": 0.03}",0.0,5.0,,,,
target_matched,target_matched_09,base_expert,ExtraTrees_C1,C1_agronomic,ExtraTrees,"{""model__max_features"": 0.3, ""model__min_samples_leaf"": 3}",0.0,5.0,,,,
target_matched,target_matched_09,base_expert,PLS_C0,C0_base,PLS,"{""model__n_components"": 2}",1.0,1.0,,,,
target_matched,target_matched_09,base_expert,Ridge_C3,C3_base_agro_plus_discovery,Ridge,"{""model__alpha"": 1000.0}",1.0,1.0,,,,
target_matched,target_matched_09,base_expert,CatBoost_C1,C1_agronomic,CatBoost,"{""model__depth"": 5, ""model__l2_leaf_reg"": 3.0, ""model__learning_rate"": 0.06}",1.0,1.0,,,,
target_matched,target_matched_09,base_expert,ExtraTrees_C1,C1_agronomic,ExtraTrees,"{""model__max_features"": 0.3, ""model__min_samples_leaf"": 2}",1.0,1.0,,,,
target_matched,target_matched_09,base_expert,PLS_C0,C0_base,PLS,"{""model__n_components"": 2}",1.0,2.0,,,,
target_matched,target_matched_09,base_expert,Ridge_C3,C3_base_agro_plus_discovery,Ridge,"{""model__alpha"": 1000.0}",1.0,2.0,,,,
target_matched,target_matched_09,base_expert,CatBoost_C1,C1_agronomic,CatBoost,"{""model__depth"": 4, ""model__l2_leaf_reg"": 6.0, ""model__learning_rate"": 0.06}",1.0,2.0,,,,
target_matched,target_matched_09,base_expert,ExtraTrees_C1,C1_agronomic,ExtraTrees,"{""model__max_features"": ""sqrt"", ""model__min_samples_leaf"": 3}",1.0,2.0,,,,
target_matched,target_matched_09,base_expert,PLS_C0,C0_base,PLS,"{""model__n_components"": 2}",1.0,3.0,,,,
target_matched,target_matched_09,base_expert,Ridge_C3,C3_base_agro_plus_discovery,Ridge,"{""model__alpha"": 1000.0}",1.0,3.0,,,,
target_matched,target_matched_09,base_expert,CatBoost_C1,C1_agronomic,CatBoost,"{""model__depth"": 4, ""model__l2_leaf_reg"": 6.0, ""model__learning_rate"": 0.06}",1.0,3.0,,,,
target_matched,target_matched_09,base_expert,ExtraTrees_C1,C1_agronomic,ExtraTrees,"{""model__max_features"": 0.3, ""model__min_samples_leaf"": 2}",1.0,3.0,,,,
target_matched,target_matched_09,base_expert,PLS_C0,C0_base,PLS,"{""model__n_components"": 2}",1.0,4.0,,,,
target_matched,target_matched_09,base_expert,Ridge_C3,C3_base_agro_plus_discovery,Ridge,"{""model__alpha"": 1000.0}",1.0,4.0,,,,
target_matched,target_matched_09,base_expert,CatBoost_C1,C1_agronomic,CatBoost,"{""model__depth"": 4, ""model__l2_leaf_reg"": 6.0, ""model__learning_rate"": 0.06}",1.0,4.0,,,,
target_matched,target_matched_09,base_expert,ExtraTrees_C1,C1_agronomic,ExtraTrees,"{""model__max_features"": 0.3, ""model__min_samples_leaf"": 2}",1.0,4.0,,,,
target_matched,target_matched_09,base_expert,PLS_C0,C0_base,PLS,"{""model__n_components"": 2}",1.0,5.0,,,,
target_matched,target_matched_09,base_expert,Ridge_C3,C3_base_agro_plus_discovery,Ridge,"{""model__alpha"": 1000.0}",1.0,5.0,,,,
target_matched,target_matched_09,base_expert,CatBoost_C1,C1_agronomic,CatBoost,"{""model__depth"": 4, ""model__l2_leaf_reg"": 6.0, ""model__learning_rate"": 0.06}",1.0,5.0,,,,
target_matched,target_matched_09,base_expert,ExtraTrees_C1,C1_agronomic,ExtraTrees,"{""model__max_features"": 0.3, ""model__min_samples_leaf"": 3}",1.0,5.0,,,,
target_matched,target_matched_09,base_expert,PLS_C0,C0_base,PLS,"{""model__n_components"": 2}",,,,,,
target_matched,target_matched_09,base_expert,Ridge_C3,C3_base_agro_plus_discovery,Ridge,"{""model__alpha"": 1000.0}",,,,,,
target_matched,target_matched_09,base_expert,CatBoost_C1,C1_agronomic,CatBoost,"{""model__depth"": 4, ""model__l2_leaf_reg"": 6.0, ""model__learning_rate"": 0.06}",,,,,,
target_matched,target_matched_09,base_expert,ExtraTrees_C1,C1_agronomic,ExtraTrees,"{""model__max_features"": ""sqrt"", ""model__min_samples_leaf"": 2}",,,,,,
target_matched,target_matched_09,meta_model,,,,,,,ConvexStack,convex,"{""l2"": 1.0}",0.4764245352595893
target_matched,target_matched_09,meta_model,,,,,,,RidgeStack,ridge,"{""alpha"": 1.0}",0.48958319986496496
target_matched,target_matched_09,meta_model,,,,,,,ElasticNetStack,elastic_net,"{""alpha"": 0.01, ""l1_ratio"": 0.1}",0.4906986413026672
target_matched,target_matched_09,meta_model,,,,,,,HuberStack,huber,"{""alpha"": 0.0001, ""epsilon"": 1.2}",0.4950937386043911
target_matched,target_matched_09,meta_model,,,,,,,ExtraTreesStack,extra_trees,"{""max_depth"": 3, ""max_features"": 1.0, ""min_samples_leaf"": 8}",0.467020900790543
target_matched,target_matched_09,meta_model,,,,,,,HistGBStack,hist_gradient_boosting,"{""l2_regularization"": 5.0, ""learning_rate"": 0.03, ""max_leaf_nodes"": 7}",0.4782061357645916
target_matched,target_matched_09,meta_model,,,,,,,MoE_Support,mixture_of_experts,"{""l2"": 1.0}",0.4737989107132908
target_matched,target_matched_10,base_expert,PLS_C0,C0_base,PLS,"{""model__n_components"": 2}",0.0,1.0,,,,
target_matched,target_matched_10,base_expert,Ridge_C3,C3_base_agro_plus_discovery,Ridge,"{""model__alpha"": 1000.0}",0.0,1.0,,,,
target_matched,target_matched_10,base_expert,CatBoost_C1,C1_agronomic,CatBoost,"{""model__depth"": 6, ""model__l2_leaf_reg"": 10.0, ""model__learning_rate"": 0.06}",0.0,1.0,,,,
target_matched,target_matched_10,base_expert,ExtraTrees_C1,C1_agronomic,ExtraTrees,"{""model__max_features"": ""sqrt"", ""model__min_samples_leaf"": 3}",0.0,1.0,,,,
target_matched,target_matched_10,base_expert,PLS_C0,C0_base,PLS,"{""model__n_components"": 2}",0.0,2.0,,,,
target_matched,target_matched_10,base_expert,Ridge_C3,C3_base_agro_plus_discovery,Ridge,"{""model__alpha"": 1000.0}",0.0,2.0,,,,
target_matched,target_matched_10,base_expert,CatBoost_C1,C1_agronomic,CatBoost,"{""model__depth"": 6, ""model__l2_leaf_reg"": 10.0, ""model__learning_rate"": 0.06}",0.0,2.0,,,,
target_matched,target_matched_10,base_expert,ExtraTrees_C1,C1_agronomic,ExtraTrees,"{""model__max_features"": ""sqrt"", ""model__min_samples_leaf"": 2}",0.0,2.0,,,,
target_matched,target_matched_10,base_expert,PLS_C0,C0_base,PLS,"{""model__n_components"": 2}",0.0,3.0,,,,
target_matched,target_matched_10,base_expert,Ridge_C3,C3_base_agro_plus_discovery,Ridge,"{""model__alpha"": 1000.0}",0.0,3.0,,,,
target_matched,target_matched_10,base_expert,CatBoost_C1,C1_agronomic,CatBoost,"{""model__depth"": 4, ""model__l2_leaf_reg"": 3.0, ""model__learning_rate"": 0.03}",0.0,3.0,,,,
target_matched,target_matched_10,base_expert,ExtraTrees_C1,C1_agronomic,ExtraTrees,"{""model__max_features"": 0.3, ""model__min_samples_leaf"": 2}",0.0,3.0,,,,
target_matched,target_matched_10,base_expert,PLS_C0,C0_base,PLS,"{""model__n_components"": 4}",0.0,4.0,,,,
target_matched,target_matched_10,base_expert,Ridge_C3,C3_base_agro_plus_discovery,Ridge,"{""model__alpha"": 100.0}",0.0,4.0,,,,
target_matched,target_matched_10,base_expert,CatBoost_C1,C1_agronomic,CatBoost,"{""model__depth"": 4, ""model__l2_leaf_reg"": 6.0, ""model__learning_rate"": 0.06}",0.0,4.0,,,,
target_matched,target_matched_10,base_expert,ExtraTrees_C1,C1_agronomic,ExtraTrees,"{""model__max_features"": 0.3, ""model__min_samples_leaf"": 2}",0.0,4.0,,,,
target_matched,target_matched_10,base_expert,PLS_C0,C0_base,PLS,"{""model__n_components"": 2}",0.0,5.0,,,,
target_matched,target_matched_10,base_expert,Ridge_C3,C3_base_agro_plus_discovery,Ridge,"{""model__alpha"": 1000.0}",0.0,5.0,,,,
target_matched,target_matched_10,base_expert,CatBoost_C1,C1_agronomic,CatBoost,"{""model__depth"": 4, ""model__l2_leaf_reg"": 3.0, ""model__learning_rate"": 0.03}",0.0,5.0,,,,
target_matched,target_matched_10,base_expert,ExtraTrees_C1,C1_agronomic,ExtraTrees,"{""model__max_features"": 0.3, ""model__min_samples_leaf"": 2}",0.0,5.0,,,,
target_matched,target_matched_10,base_expert,PLS_C0,C0_base,PLS,"{""model__n_components"": 2}",1.0,1.0,,,,
target_matched,target_matched_10,base_expert,Ridge_C3,C3_base_agro_plus_discovery,Ridge,"{""model__alpha"": 1000.0}",1.0,1.0,,,,
target_matched,target_matched_10,base_expert,CatBoost_C1,C1_agronomic,CatBoost,"{""model__depth"": 4, ""model__l2_leaf_reg"": 3.0, ""model__learning_rate"": 0.03}",1.0,1.0,,,,
target_matched,target_matched_10,base_expert,ExtraTrees_C1,C1_agronomic,ExtraTrees,"{""model__max_features"": ""sqrt"", ""model__min_samples_leaf"": 2}",1.0,1.0,,,,
target_matched,target_matched_10,base_expert,PLS_C0,C0_base,PLS,"{""model__n_components"": 2}",1.0,2.0,,,,
target_matched,target_matched_10,base_expert,Ridge_C3,C3_base_agro_plus_discovery,Ridge,"{""model__alpha"": 1000.0}",1.0,2.0,,,,
target_matched,target_matched_10,base_expert,CatBoost_C1,C1_agronomic,CatBoost,"{""model__depth"": 6, ""model__l2_leaf_reg"": 10.0, ""model__learning_rate"": 0.06}",1.0,2.0,,,,
target_matched,target_matched_10,base_expert,ExtraTrees_C1,C1_agronomic,ExtraTrees,"{""model__max_features"": 0.3, ""model__min_samples_leaf"": 2}",1.0,2.0,,,,
target_matched,target_matched_10,base_expert,PLS_C0,C0_base,PLS,"{""model__n_components"": 2}",1.0,3.0,,,,
target_matched,target_matched_10,base_expert,Ridge_C3,C3_base_agro_plus_discovery,Ridge,"{""model__alpha"": 1000.0}",1.0,3.0,,,,
target_matched,target_matched_10,base_expert,CatBoost_C1,C1_agronomic,CatBoost,"{""model__depth"": 4, ""model__l2_leaf_reg"": 3.0, ""model__learning_rate"": 0.03}",1.0,3.0,,,,
target_matched,target_matched_10,base_expert,ExtraTrees_C1,C1_agronomic,ExtraTrees,"{""model__max_features"": 0.3, ""model__min_samples_leaf"": 5}",1.0,3.0,,,,
target_matched,target_matched_10,base_expert,PLS_C0,C0_base,PLS,"{""model__n_components"": 2}",1.0,4.0,,,,
target_matched,target_matched_10,base_expert,Ridge_C3,C3_base_agro_plus_discovery,Ridge,"{""model__alpha"": 1000.0}",1.0,4.0,,,,
target_matched,target_matched_10,base_expert,CatBoost_C1,C1_agronomic,CatBoost,"{""model__depth"": 5, ""model__l2_leaf_reg"": 10.0, ""model__learning_rate"": 0.03}",1.0,4.0,,,,
target_matched,target_matched_10,base_expert,ExtraTrees_C1,C1_agronomic,ExtraTrees,"{""model__max_features"": ""sqrt"", ""model__min_samples_leaf"": 3}",1.0,4.0,,,,
target_matched,target_matched_10,base_expert,PLS_C0,C0_base,PLS,"{""model__n_components"": 2}",1.0,5.0,,,,
target_matched,target_matched_10,base_expert,Ridge_C3,C3_base_agro_plus_discovery,Ridge,"{""model__alpha"": 1000.0}",1.0,5.0,,,,
target_matched,target_matched_10,base_expert,CatBoost_C1,C1_agronomic,CatBoost,"{""model__depth"": 6, ""model__l2_leaf_reg"": 10.0, ""model__learning_rate"": 0.06}",1.0,5.0,,,,
target_matched,target_matched_10,base_expert,ExtraTrees_C1,C1_agronomic,ExtraTrees,"{""model__max_features"": 0.3, ""model__min_samples_leaf"": 3}",1.0,5.0,,,,
target_matched,target_matched_10,base_expert,PLS_C0,C0_base,PLS,"{""model__n_components"": 2}",,,,,,
target_matched,target_matched_10,base_expert,Ridge_C3,C3_base_agro_plus_discovery,Ridge,"{""model__alpha"": 1000.0}",,,,,,
target_matched,target_matched_10,base_expert,CatBoost_C1,C1_agronomic,CatBoost,"{""model__depth"": 6, ""model__l2_leaf_reg"": 10.0, ""model__learning_rate"": 0.06}",,,,,,
target_matched,target_matched_10,base_expert,ExtraTrees_C1,C1_agronomic,ExtraTrees,"{""model__max_features"": ""sqrt"", ""model__min_samples_leaf"": 2}",,,,,,
target_matched,target_matched_10,meta_model,,,,,,,ConvexStack,convex,"{""l2"": 0.1}",0.4308756415535355
target_matched,target_matched_10,meta_model,,,,,,,RidgeStack,ridge,"{""alpha"": 10.0}",0.4429646771987966
target_matched,target_matched_10,meta_model,,,,,,,ElasticNetStack,elastic_net,"{""alpha"": 0.1, ""l1_ratio"": 0.5}",0.4473632227717763
target_matched,target_matched_10,meta_model,,,,,,,HuberStack,huber,"{""alpha"": 0.0001, ""epsilon"": 1.2}",0.44377899983514324
target_matched,target_matched_10,meta_model,,,,,,,ExtraTreesStack,extra_trees,"{""max_depth"": 2, ""max_features"": 0.75, ""min_samples_leaf"": 6}",0.43493338128315673
target_matched,target_matched_10,meta_model,,,,,,,HistGBStack,hist_gradient_boosting,"{""l2_regularization"": 5.0, ""learning_rate"": 0.03, ""max_leaf_nodes"": 7}",0.5001022157862489
target_matched,target_matched_10,meta_model,,,,,,,MoE_Support,mixture_of_experts,"{""l2"": 0.1}",0.4283531998891112
target_matched,target_matched_11,base_expert,PLS_C0,C0_base,PLS,"{""model__n_components"": 8}",0.0,1.0,,,,
target_matched,target_matched_11,base_expert,Ridge_C3,C3_base_agro_plus_discovery,Ridge,"{""model__alpha"": 1000.0}",0.0,1.0,,,,
target_matched,target_matched_11,base_expert,CatBoost_C1,C1_agronomic,CatBoost,"{""model__depth"": 4, ""model__l2_leaf_reg"": 6.0, ""model__learning_rate"": 0.06}",0.0,1.0,,,,
target_matched,target_matched_11,base_expert,ExtraTrees_C1,C1_agronomic,ExtraTrees,"{""model__max_features"": ""sqrt"", ""model__min_samples_leaf"": 2}",0.0,1.0,,,,
target_matched,target_matched_11,base_expert,PLS_C0,C0_base,PLS,"{""model__n_components"": 2}",0.0,2.0,,,,
target_matched,target_matched_11,base_expert,Ridge_C3,C3_base_agro_plus_discovery,Ridge,"{""model__alpha"": 1000.0}",0.0,2.0,,,,
target_matched,target_matched_11,base_expert,CatBoost_C1,C1_agronomic,CatBoost,"{""model__depth"": 5, ""model__l2_leaf_reg"": 10.0, ""model__learning_rate"": 0.03}",0.0,2.0,,,,
target_matched,target_matched_11,base_expert,ExtraTrees_C1,C1_agronomic,ExtraTrees,"{""model__max_features"": 0.3, ""model__min_samples_leaf"": 5}",0.0,2.0,,,,
target_matched,target_matched_11,base_expert,PLS_C0,C0_base,PLS,"{""model__n_components"": 2}",0.0,3.0,,,,
target_matched,target_matched_11,base_expert,Ridge_C3,C3_base_agro_plus_discovery,Ridge,"{""model__alpha"": 1000.0}",0.0,3.0,,,,
target_matched,target_matched_11,base_expert,CatBoost_C1,C1_agronomic,CatBoost,"{""model__depth"": 5, ""model__l2_leaf_reg"": 10.0, ""model__learning_rate"": 0.03}",0.0,3.0,,,,
target_matched,target_matched_11,base_expert,ExtraTrees_C1,C1_agronomic,ExtraTrees,"{""model__max_features"": 0.3, ""model__min_samples_leaf"": 3}",0.0,3.0,,,,
target_matched,target_matched_11,base_expert,PLS_C0,C0_base,PLS,"{""model__n_components"": 2}",0.0,4.0,,,,
target_matched,target_matched_11,base_expert,Ridge_C3,C3_base_agro_plus_discovery,Ridge,"{""model__alpha"": 1000.0}",0.0,4.0,,,,
target_matched,target_matched_11,base_expert,CatBoost_C1,C1_agronomic,CatBoost,"{""model__depth"": 5, ""model__l2_leaf_reg"": 10.0, ""model__learning_rate"": 0.03}",0.0,4.0,,,,
target_matched,target_matched_11,base_expert,ExtraTrees_C1,C1_agronomic,ExtraTrees,"{""model__max_features"": ""sqrt"", ""model__min_samples_leaf"": 3}",0.0,4.0,,,,
target_matched,target_matched_11,base_expert,PLS_C0,C0_base,PLS,"{""model__n_components"": 2}",0.0,5.0,,,,
target_matched,target_matched_11,base_expert,Ridge_C3,C3_base_agro_plus_discovery,Ridge,"{""model__alpha"": 1000.0}",0.0,5.0,,,,
target_matched,target_matched_11,base_expert,CatBoost_C1,C1_agronomic,CatBoost,"{""model__depth"": 4, ""model__l2_leaf_reg"": 6.0, ""model__learning_rate"": 0.06}",0.0,5.0,,,,
target_matched,target_matched_11,base_expert,ExtraTrees_C1,C1_agronomic,ExtraTrees,"{""model__max_features"": ""sqrt"", ""model__min_samples_leaf"": 3}",0.0,5.0,,,,
target_matched,target_matched_11,base_expert,PLS_C0,C0_base,PLS,"{""model__n_components"": 2}",1.0,1.0,,,,
target_matched,target_matched_11,base_expert,Ridge_C3,C3_base_agro_plus_discovery,Ridge,"{""model__alpha"": 1000.0}",1.0,1.0,,,,
target_matched,target_matched_11,base_expert,CatBoost_C1,C1_agronomic,CatBoost,"{""model__depth"": 6, ""model__l2_leaf_reg"": 10.0, ""model__learning_rate"": 0.06}",1.0,1.0,,,,
target_matched,target_matched_11,base_expert,ExtraTrees_C1,C1_agronomic,ExtraTrees,"{""model__max_features"": ""sqrt"", ""model__min_samples_leaf"": 2}",1.0,1.0,,,,
target_matched,target_matched_11,base_expert,PLS_C0,C0_base,PLS,"{""model__n_components"": 4}",1.0,2.0,,,,
target_matched,target_matched_11,base_expert,Ridge_C3,C3_base_agro_plus_discovery,Ridge,"{""model__alpha"": 1000.0}",1.0,2.0,,,,
target_matched,target_matched_11,base_expert,CatBoost_C1,C1_agronomic,CatBoost,"{""model__depth"": 4, ""model__l2_leaf_reg"": 6.0, ""model__learning_rate"": 0.06}",1.0,2.0,,,,
target_matched,target_matched_11,base_expert,ExtraTrees_C1,C1_agronomic,ExtraTrees,"{""model__max_features"": 0.3, ""model__min_samples_leaf"": 3}",1.0,2.0,,,,
target_matched,target_matched_11,base_expert,PLS_C0,C0_base,PLS,"{""model__n_components"": 2}",1.0,3.0,,,,
target_matched,target_matched_11,base_expert,Ridge_C3,C3_base_agro_plus_discovery,Ridge,"{""model__alpha"": 1000.0}",1.0,3.0,,,,
target_matched,target_matched_11,base_expert,CatBoost_C1,C1_agronomic,CatBoost,"{""model__depth"": 6, ""model__l2_leaf_reg"": 10.0, ""model__learning_rate"": 0.06}",1.0,3.0,,,,
target_matched,target_matched_11,base_expert,ExtraTrees_C1,C1_agronomic,ExtraTrees,"{""model__max_features"": 0.3, ""model__min_samples_leaf"": 3}",1.0,3.0,,,,
target_matched,target_matched_11,base_expert,PLS_C0,C0_base,PLS,"{""model__n_components"": 2}",1.0,4.0,,,,
target_matched,target_matched_11,base_expert,Ridge_C3,C3_base_agro_plus_discovery,Ridge,"{""model__alpha"": 1000.0}",1.0,4.0,,,,
target_matched,target_matched_11,base_expert,CatBoost_C1,C1_agronomic,CatBoost,"{""model__depth"": 5, ""model__l2_leaf_reg"": 10.0, ""model__learning_rate"": 0.03}",1.0,4.0,,,,
target_matched,target_matched_11,base_expert,ExtraTrees_C1,C1_agronomic,ExtraTrees,"{""model__max_features"": 0.3, ""model__min_samples_leaf"": 2}",1.0,4.0,,,,
target_matched,target_matched_11,base_expert,PLS_C0,C0_base,PLS,"{""model__n_components"": 4}",1.0,5.0,,,,
target_matched,target_matched_11,base_expert,Ridge_C3,C3_base_agro_plus_discovery,Ridge,"{""model__alpha"": 1000.0}",1.0,5.0,,,,
target_matched,target_matched_11,base_expert,CatBoost_C1,C1_agronomic,CatBoost,"{""model__depth"": 4, ""model__l2_leaf_reg"": 3.0, ""model__learning_rate"": 0.03}",1.0,5.0,,,,
target_matched,target_matched_11,base_expert,ExtraTrees_C1,C1_agronomic,ExtraTrees,"{""model__max_features"": ""sqrt"", ""model__min_samples_leaf"": 2}",1.0,5.0,,,,
target_matched,target_matched_11,base_expert,PLS_C0,C0_base,PLS,"{""model__n_components"": 2}",,,,,,
target_matched,target_matched_11,base_expert,Ridge_C3,C3_base_agro_plus_discovery,Ridge,"{""model__alpha"": 1000.0}",,,,,,
target_matched,target_matched_11,base_expert,CatBoost_C1,C1_agronomic,CatBoost,"{""model__depth"": 4, ""model__l2_leaf_reg"": 3.0, ""model__learning_rate"": 0.03}",,,,,,
target_matched,target_matched_11,base_expert,ExtraTrees_C1,C1_agronomic,ExtraTrees,"{""model__max_features"": ""sqrt"", ""model__min_samples_leaf"": 2}",,,,,,
target_matched,target_matched_11,meta_model,,,,,,,ConvexStack,convex,"{""l2"": 0.0}",0.4782890856876074
target_matched,target_matched_11,meta_model,,,,,,,RidgeStack,ridge,"{""alpha"": 1.0}",0.4943445465397203
target_matched,target_matched_11,meta_model,,,,,,,ElasticNetStack,elastic_net,"{""alpha"": 0.01, ""l1_ratio"": 0.5}",0.49139214637498513
target_matched,target_matched_11,meta_model,,,,,,,HuberStack,huber,"{""alpha"": 0.0001, ""epsilon"": 1.2}",0.5018441798299944
target_matched,target_matched_11,meta_model,,,,,,,ExtraTreesStack,extra_trees,"{""max_depth"": 2, ""max_features"": 0.75, ""min_samples_leaf"": 6}",0.48799576125327687
target_matched,target_matched_11,meta_model,,,,,,,HistGBStack,hist_gradient_boosting,"{""l2_regularization"": 5.0, ""learning_rate"": 0.03, ""max_leaf_nodes"": 7}",0.5422804870699738
target_matched,target_matched_11,meta_model,,,,,,,MoE_Support,mixture_of_experts,"{""l2"": 0.1}",0.4864589718632078
target_matched,target_matched_12,base_expert,PLS_C0,C0_base,PLS,"{""model__n_components"": 4}",0.0,1.0,,,,
target_matched,target_matched_12,base_expert,Ridge_C3,C3_base_agro_plus_discovery,Ridge,"{""model__alpha"": 1000.0}",0.0,1.0,,,,
target_matched,target_matched_12,base_expert,CatBoost_C1,C1_agronomic,CatBoost,"{""model__depth"": 4, ""model__l2_leaf_reg"": 6.0, ""model__learning_rate"": 0.06}",0.0,1.0,,,,
target_matched,target_matched_12,base_expert,ExtraTrees_C1,C1_agronomic,ExtraTrees,"{""model__max_features"": ""sqrt"", ""model__min_samples_leaf"": 2}",0.0,1.0,,,,
target_matched,target_matched_12,base_expert,PLS_C0,C0_base,PLS,"{""model__n_components"": 4}",0.0,2.0,,,,
target_matched,target_matched_12,base_expert,Ridge_C3,C3_base_agro_plus_discovery,Ridge,"{""model__alpha"": 1000.0}",0.0,2.0,,,,
target_matched,target_matched_12,base_expert,CatBoost_C1,C1_agronomic,CatBoost,"{""model__depth"": 5, ""model__l2_leaf_reg"": 3.0, ""model__learning_rate"": 0.06}",0.0,2.0,,,,
target_matched,target_matched_12,base_expert,ExtraTrees_C1,C1_agronomic,ExtraTrees,"{""model__max_features"": ""sqrt"", ""model__min_samples_leaf"": 2}",0.0,2.0,,,,
target_matched,target_matched_12,base_expert,PLS_C0,C0_base,PLS,"{""model__n_components"": 2}",0.0,3.0,,,,
target_matched,target_matched_12,base_expert,Ridge_C3,C3_base_agro_plus_discovery,Ridge,"{""model__alpha"": 1000.0}",0.0,3.0,,,,
target_matched,target_matched_12,base_expert,CatBoost_C1,C1_agronomic,CatBoost,"{""model__depth"": 5, ""model__l2_leaf_reg"": 3.0, ""model__learning_rate"": 0.06}",0.0,3.0,,,,
target_matched,target_matched_12,base_expert,ExtraTrees_C1,C1_agronomic,ExtraTrees,"{""model__max_features"": ""sqrt"", ""model__min_samples_leaf"": 2}",0.0,3.0,,,,
target_matched,target_matched_12,base_expert,PLS_C0,C0_base,PLS,"{""model__n_components"": 2}",0.0,4.0,,,,
target_matched,target_matched_12,base_expert,Ridge_C3,C3_base_agro_plus_discovery,Ridge,"{""model__alpha"": 1000.0}",0.0,4.0,,,,
target_matched,target_matched_12,base_expert,CatBoost_C1,C1_agronomic,CatBoost,"{""model__depth"": 5, ""model__l2_leaf_reg"": 3.0, ""model__learning_rate"": 0.06}",0.0,4.0,,,,
target_matched,target_matched_12,base_expert,ExtraTrees_C1,C1_agronomic,ExtraTrees,"{""model__max_features"": 0.3, ""model__min_samples_leaf"": 2}",0.0,4.0,,,,
target_matched,target_matched_12,base_expert,PLS_C0,C0_base,PLS,"{""model__n_components"": 8}",0.0,5.0,,,,
target_matched,target_matched_12,base_expert,Ridge_C3,C3_base_agro_plus_discovery,Ridge,"{""model__alpha"": 100.0}",0.0,5.0,,,,
target_matched,target_matched_12,base_expert,CatBoost_C1,C1_agronomic,CatBoost,"{""model__depth"": 4, ""model__l2_leaf_reg"": 6.0, ""model__learning_rate"": 0.06}",0.0,5.0,,,,
target_matched,target_matched_12,base_expert,ExtraTrees_C1,C1_agronomic,ExtraTrees,"{""model__max_features"": ""sqrt"", ""model__min_samples_leaf"": 2}",0.0,5.0,,,,
target_matched,target_matched_12,base_expert,PLS_C0,C0_base,PLS,"{""model__n_components"": 2}",1.0,1.0,,,,
target_matched,target_matched_12,base_expert,Ridge_C3,C3_base_agro_plus_discovery,Ridge,"{""model__alpha"": 1000.0}",1.0,1.0,,,,
target_matched,target_matched_12,base_expert,CatBoost_C1,C1_agronomic,CatBoost,"{""model__depth"": 4, ""model__l2_leaf_reg"": 3.0, ""model__learning_rate"": 0.03}",1.0,1.0,,,,
target_matched,target_matched_12,base_expert,ExtraTrees_C1,C1_agronomic,ExtraTrees,"{""model__max_features"": ""sqrt"", ""model__min_samples_leaf"": 2}",1.0,1.0,,,,
target_matched,target_matched_12,base_expert,PLS_C0,C0_base,PLS,"{""model__n_components"": 2}",1.0,2.0,,,,
target_matched,target_matched_12,base_expert,Ridge_C3,C3_base_agro_plus_discovery,Ridge,"{""model__alpha"": 1000.0}",1.0,2.0,,,,
target_matched,target_matched_12,base_expert,CatBoost_C1,C1_agronomic,CatBoost,"{""model__depth"": 5, ""model__l2_leaf_reg"": 10.0, ""model__learning_rate"": 0.03}",1.0,2.0,,,,
target_matched,target_matched_12,base_expert,ExtraTrees_C1,C1_agronomic,ExtraTrees,"{""model__max_features"": 0.3, ""model__min_samples_leaf"": 2}",1.0,2.0,,,,
target_matched,target_matched_12,base_expert,PLS_C0,C0_base,PLS,"{""model__n_components"": 2}",1.0,3.0,,,,
target_matched,target_matched_12,base_expert,Ridge_C3,C3_base_agro_plus_discovery,Ridge,"{""model__alpha"": 1000.0}",1.0,3.0,,,,
target_matched,target_matched_12,base_expert,CatBoost_C1,C1_agronomic,CatBoost,"{""model__depth"": 5, ""model__l2_leaf_reg"": 3.0, ""model__learning_rate"": 0.06}",1.0,3.0,,,,
target_matched,target_matched_12,base_expert,ExtraTrees_C1,C1_agronomic,ExtraTrees,"{""model__max_features"": 0.3, ""model__min_samples_leaf"": 3}",1.0,3.0,,,,
target_matched,target_matched_12,base_expert,PLS_C0,C0_base,PLS,"{""model__n_components"": 2}",1.0,4.0,,,,
target_matched,target_matched_12,base_expert,Ridge_C3,C3_base_agro_plus_discovery,Ridge,"{""model__alpha"": 1000.0}",1.0,4.0,,,,
target_matched,target_matched_12,base_expert,CatBoost_C1,C1_agronomic,CatBoost,"{""model__depth"": 4, ""model__l2_leaf_reg"": 3.0, ""model__learning_rate"": 0.03}",1.0,4.0,,,,
target_matched,target_matched_12,base_expert,ExtraTrees_C1,C1_agronomic,ExtraTrees,"{""model__max_features"": ""sqrt"", ""model__min_samples_leaf"": 2}",1.0,4.0,,,,
target_matched,target_matched_12,base_expert,PLS_C0,C0_base,PLS,"{""model__n_components"": 20}",1.0,5.0,,,,
target_matched,target_matched_12,base_expert,Ridge_C3,C3_base_agro_plus_discovery,Ridge,"{""model__alpha"": 1000.0}",1.0,5.0,,,,
target_matched,target_matched_12,base_expert,CatBoost_C1,C1_agronomic,CatBoost,"{""model__depth"": 4, ""model__l2_leaf_reg"": 3.0, ""model__learning_rate"": 0.03}",1.0,5.0,,,,
target_matched,target_matched_12,base_expert,ExtraTrees_C1,C1_agronomic,ExtraTrees,"{""model__max_features"": ""sqrt"", ""model__min_samples_leaf"": 2}",1.0,5.0,,,,
target_matched,target_matched_12,base_expert,PLS_C0,C0_base,PLS,"{""model__n_components"": 4}",,,,,,
target_matched,target_matched_12,base_expert,Ridge_C3,C3_base_agro_plus_discovery,Ridge,"{""model__alpha"": 1000.0}",,,,,,
target_matched,target_matched_12,base_expert,CatBoost_C1,C1_agronomic,CatBoost,"{""model__depth"": 4, ""model__l2_leaf_reg"": 3.0, ""model__learning_rate"": 0.03}",,,,,,
target_matched,target_matched_12,base_expert,ExtraTrees_C1,C1_agronomic,ExtraTrees,"{""model__max_features"": 0.3, ""model__min_samples_leaf"": 2}",,,,,,
target_matched,target_matched_12,meta_model,,,,,,,ConvexStack,convex,"{""l2"": 0.0}",0.40522032763293553
target_matched,target_matched_12,meta_model,,,,,,,RidgeStack,ridge,"{""alpha"": 10.0}",0.4125086134257526
target_matched,target_matched_12,meta_model,,,,,,,ElasticNetStack,elastic_net,"{""alpha"": 0.1, ""l1_ratio"": 0.5}",0.41317191145573595
target_matched,target_matched_12,meta_model,,,,,,,HuberStack,huber,"{""alpha"": 0.0001, ""epsilon"": 1.2}",0.41734291298730736
target_matched,target_matched_12,meta_model,,,,,,,ExtraTreesStack,extra_trees,"{""max_depth"": 3, ""max_features"": 1.0, ""min_samples_leaf"": 8}",0.39533135682072207
target_matched,target_matched_12,meta_model,,,,,,,HistGBStack,hist_gradient_boosting,"{""l2_regularization"": 5.0, ""learning_rate"": 0.03, ""max_leaf_nodes"": 7}",0.44275754521830146
target_matched,target_matched_12,meta_model,,,,,,,MoE_Support,mixture_of_experts,"{""l2"": 0.1}",0.41301701596263063
target_matched,target_matched_13,base_expert,PLS_C0,C0_base,PLS,"{""model__n_components"": 2}",0.0,1.0,,,,
target_matched,target_matched_13,base_expert,Ridge_C3,C3_base_agro_plus_discovery,Ridge,"{""model__alpha"": 1000.0}",0.0,1.0,,,,
target_matched,target_matched_13,base_expert,CatBoost_C1,C1_agronomic,CatBoost,"{""model__depth"": 6, ""model__l2_leaf_reg"": 6.0, ""model__learning_rate"": 0.03}",0.0,1.0,,,,
target_matched,target_matched_13,base_expert,ExtraTrees_C1,C1_agronomic,ExtraTrees,"{""model__max_features"": ""sqrt"", ""model__min_samples_leaf"": 5}",0.0,1.0,,,,
target_matched,target_matched_13,base_expert,PLS_C0,C0_base,PLS,"{""model__n_components"": 2}",0.0,2.0,,,,
target_matched,target_matched_13,base_expert,Ridge_C3,C3_base_agro_plus_discovery,Ridge,"{""model__alpha"": 1000.0}",0.0,2.0,,,,
target_matched,target_matched_13,base_expert,CatBoost_C1,C1_agronomic,CatBoost,"{""model__depth"": 6, ""model__l2_leaf_reg"": 10.0, ""model__learning_rate"": 0.06}",0.0,2.0,,,,
target_matched,target_matched_13,base_expert,ExtraTrees_C1,C1_agronomic,ExtraTrees,"{""model__max_features"": ""sqrt"", ""model__min_samples_leaf"": 3}",0.0,2.0,,,,
target_matched,target_matched_13,base_expert,PLS_C0,C0_base,PLS,"{""model__n_components"": 2}",0.0,3.0,,,,
target_matched,target_matched_13,base_expert,Ridge_C3,C3_base_agro_plus_discovery,Ridge,"{""model__alpha"": 1000.0}",0.0,3.0,,,,
target_matched,target_matched_13,base_expert,CatBoost_C1,C1_agronomic,CatBoost,"{""model__depth"": 5, ""model__l2_leaf_reg"": 10.0, ""model__learning_rate"": 0.03}",0.0,3.0,,,,
target_matched,target_matched_13,base_expert,ExtraTrees_C1,C1_agronomic,ExtraTrees,"{""model__max_features"": 0.3, ""model__min_samples_leaf"": 5}",0.0,3.0,,,,
target_matched,target_matched_13,base_expert,PLS_C0,C0_base,PLS,"{""model__n_components"": 2}",0.0,4.0,,,,
target_matched,target_matched_13,base_expert,Ridge_C3,C3_base_agro_plus_discovery,Ridge,"{""model__alpha"": 1000.0}",0.0,4.0,,,,
target_matched,target_matched_13,base_expert,CatBoost_C1,C1_agronomic,CatBoost,"{""model__depth"": 4, ""model__l2_leaf_reg"": 3.0, ""model__learning_rate"": 0.03}",0.0,4.0,,,,
target_matched,target_matched_13,base_expert,ExtraTrees_C1,C1_agronomic,ExtraTrees,"{""model__max_features"": 0.3, ""model__min_samples_leaf"": 3}",0.0,4.0,,,,
target_matched,target_matched_13,base_expert,PLS_C0,C0_base,PLS,"{""model__n_components"": 2}",0.0,5.0,,,,
target_matched,target_matched_13,base_expert,Ridge_C3,C3_base_agro_plus_discovery,Ridge,"{""model__alpha"": 1000.0}",0.0,5.0,,,,
target_matched,target_matched_13,base_expert,CatBoost_C1,C1_agronomic,CatBoost,"{""model__depth"": 4, ""model__l2_leaf_reg"": 6.0, ""model__learning_rate"": 0.06}",0.0,5.0,,,,
target_matched,target_matched_13,base_expert,ExtraTrees_C1,C1_agronomic,ExtraTrees,"{""model__max_features"": 0.3, ""model__min_samples_leaf"": 3}",0.0,5.0,,,,
target_matched,target_matched_13,base_expert,PLS_C0,C0_base,PLS,"{""model__n_components"": 2}",1.0,1.0,,,,
target_matched,target_matched_13,base_expert,Ridge_C3,C3_base_agro_plus_discovery,Ridge,"{""model__alpha"": 1000.0}",1.0,1.0,,,,
target_matched,target_matched_13,base_expert,CatBoost_C1,C1_agronomic,CatBoost,"{""model__depth"": 5, ""model__l2_leaf_reg"": 3.0, ""model__learning_rate"": 0.06}",1.0,1.0,,,,
target_matched,target_matched_13,base_expert,ExtraTrees_C1,C1_agronomic,ExtraTrees,"{""model__max_features"": 0.3, ""model__min_samples_leaf"": 5}",1.0,1.0,,,,
target_matched,target_matched_13,base_expert,PLS_C0,C0_base,PLS,"{""model__n_components"": 2}",1.0,2.0,,,,
target_matched,target_matched_13,base_expert,Ridge_C3,C3_base_agro_plus_discovery,Ridge,"{""model__alpha"": 1000.0}",1.0,2.0,,,,
target_matched,target_matched_13,base_expert,CatBoost_C1,C1_agronomic,CatBoost,"{""model__depth"": 5, ""model__l2_leaf_reg"": 3.0, ""model__learning_rate"": 0.06}",1.0,2.0,,,,
target_matched,target_matched_13,base_expert,ExtraTrees_C1,C1_agronomic,ExtraTrees,"{""model__max_features"": 0.3, ""model__min_samples_leaf"": 2}",1.0,2.0,,,,
target_matched,target_matched_13,base_expert,PLS_C0,C0_base,PLS,"{""model__n_components"": 2}",1.0,3.0,,,,
target_matched,target_matched_13,base_expert,Ridge_C3,C3_base_agro_plus_discovery,Ridge,"{""model__alpha"": 1000.0}",1.0,3.0,,,,
target_matched,target_matched_13,base_expert,CatBoost_C1,C1_agronomic,CatBoost,"{""model__depth"": 5, ""model__l2_leaf_reg"": 3.0, ""model__learning_rate"": 0.06}",1.0,3.0,,,,
target_matched,target_matched_13,base_expert,ExtraTrees_C1,C1_agronomic,ExtraTrees,"{""model__max_features"": 0.3, ""model__min_samples_leaf"": 3}",1.0,3.0,,,,
target_matched,target_matched_13,base_expert,PLS_C0,C0_base,PLS,"{""model__n_components"": 2}",1.0,4.0,,,,
target_matched,target_matched_13,base_expert,Ridge_C3,C3_base_agro_plus_discovery,Ridge,"{""model__alpha"": 1000.0}",1.0,4.0,,,,
target_matched,target_matched_13,base_expert,CatBoost_C1,C1_agronomic,CatBoost,"{""model__depth"": 4, ""model__l2_leaf_reg"": 6.0, ""model__learning_rate"": 0.06}",1.0,4.0,,,,
target_matched,target_matched_13,base_expert,ExtraTrees_C1,C1_agronomic,ExtraTrees,"{""model__max_features"": ""sqrt"", ""model__min_samples_leaf"": 2}",1.0,4.0,,,,
target_matched,target_matched_13,base_expert,PLS_C0,C0_base,PLS,"{""model__n_components"": 2}",1.0,5.0,,,,
target_matched,target_matched_13,base_expert,Ridge_C3,C3_base_agro_plus_discovery,Ridge,"{""model__alpha"": 1000.0}",1.0,5.0,,,,
target_matched,target_matched_13,base_expert,CatBoost_C1,C1_agronomic,CatBoost,"{""model__depth"": 5, ""model__l2_leaf_reg"": 10.0, ""model__learning_rate"": 0.03}",1.0,5.0,,,,
target_matched,target_matched_13,base_expert,ExtraTrees_C1,C1_agronomic,ExtraTrees,"{""model__max_features"": 0.3, ""model__min_samples_leaf"": 2}",1.0,5.0,,,,
target_matched,target_matched_13,base_expert,PLS_C0,C0_base,PLS,"{""model__n_components"": 2}",,,,,,
target_matched,target_matched_13,base_expert,Ridge_C3,C3_base_agro_plus_discovery,Ridge,"{""model__alpha"": 1000.0}",,,,,,
target_matched,target_matched_13,base_expert,CatBoost_C1,C1_agronomic,CatBoost,"{""model__depth"": 5, ""model__l2_leaf_reg"": 3.0, ""model__learning_rate"": 0.06}",,,,,,
target_matched,target_matched_13,base_expert,ExtraTrees_C1,C1_agronomic,ExtraTrees,"{""model__max_features"": 0.3, ""model__min_samples_leaf"": 5}",,,,,,
target_matched,target_matched_13,meta_model,,,,,,,ConvexStack,convex,"{""l2"": 0.01}",0.5142264164889732
target_matched,target_matched_13,meta_model,,,,,,,RidgeStack,ridge,"{""alpha"": 1.0}",0.5214097175330631
target_matched,target_matched_13,meta_model,,,,,,,ElasticNetStack,elastic_net,"{""alpha"": 0.01, ""l1_ratio"": 0.1}",0.5226847739944633
target_matched,target_matched_13,meta_model,,,,,,,HuberStack,huber,"{""alpha"": 0.001, ""epsilon"": 1.5}",0.5193920081168364
target_matched,target_matched_13,meta_model,,,,,,,ExtraTreesStack,extra_trees,"{""max_depth"": 2, ""max_features"": 0.75, ""min_samples_leaf"": 6}",0.509230491931026
target_matched,target_matched_13,meta_model,,,,,,,HistGBStack,hist_gradient_boosting,"{""l2_regularization"": 5.0, ""learning_rate"": 0.03, ""max_leaf_nodes"": 7}",0.5638075580834869
target_matched,target_matched_13,meta_model,,,,,,,MoE_Support,mixture_of_experts,"{""l2"": 10.0}",0.5363233130855376
target_matched,target_matched_14,base_expert,PLS_C0,C0_base,PLS,"{""model__n_components"": 2}",0.0,1.0,,,,
target_matched,target_matched_14,base_expert,Ridge_C3,C3_base_agro_plus_discovery,Ridge,"{""model__alpha"": 1000.0}",0.0,1.0,,,,
target_matched,target_matched_14,base_expert,CatBoost_C1,C1_agronomic,CatBoost,"{""model__depth"": 5, ""model__l2_leaf_reg"": 3.0, ""model__learning_rate"": 0.06}",0.0,1.0,,,,
target_matched,target_matched_14,base_expert,ExtraTrees_C1,C1_agronomic,ExtraTrees,"{""model__max_features"": 0.3, ""model__min_samples_leaf"": 5}",0.0,1.0,,,,
target_matched,target_matched_14,base_expert,PLS_C0,C0_base,PLS,"{""model__n_components"": 2}",0.0,2.0,,,,
target_matched,target_matched_14,base_expert,Ridge_C3,C3_base_agro_plus_discovery,Ridge,"{""model__alpha"": 1000.0}",0.0,2.0,,,,
target_matched,target_matched_14,base_expert,CatBoost_C1,C1_agronomic,CatBoost,"{""model__depth"": 4, ""model__l2_leaf_reg"": 3.0, ""model__learning_rate"": 0.03}",0.0,2.0,,,,
target_matched,target_matched_14,base_expert,ExtraTrees_C1,C1_agronomic,ExtraTrees,"{""model__max_features"": 0.3, ""model__min_samples_leaf"": 2}",0.0,2.0,,,,
target_matched,target_matched_14,base_expert,PLS_C0,C0_base,PLS,"{""model__n_components"": 2}",0.0,3.0,,,,
target_matched,target_matched_14,base_expert,Ridge_C3,C3_base_agro_plus_discovery,Ridge,"{""model__alpha"": 1000.0}",0.0,3.0,,,,
target_matched,target_matched_14,base_expert,CatBoost_C1,C1_agronomic,CatBoost,"{""model__depth"": 4, ""model__l2_leaf_reg"": 3.0, ""model__learning_rate"": 0.03}",0.0,3.0,,,,
target_matched,target_matched_14,base_expert,ExtraTrees_C1,C1_agronomic,ExtraTrees,"{""model__max_features"": ""sqrt"", ""model__min_samples_leaf"": 3}",0.0,3.0,,,,
target_matched,target_matched_14,base_expert,PLS_C0,C0_base,PLS,"{""model__n_components"": 4}",0.0,4.0,,,,
target_matched,target_matched_14,base_expert,Ridge_C3,C3_base_agro_plus_discovery,Ridge,"{""model__alpha"": 1000.0}",0.0,4.0,,,,
target_matched,target_matched_14,base_expert,CatBoost_C1,C1_agronomic,CatBoost,"{""model__depth"": 4, ""model__l2_leaf_reg"": 3.0, ""model__learning_rate"": 0.03}",0.0,4.0,,,,
target_matched,target_matched_14,base_expert,ExtraTrees_C1,C1_agronomic,ExtraTrees,"{""model__max_features"": 0.3, ""model__min_samples_leaf"": 3}",0.0,4.0,,,,
target_matched,target_matched_14,base_expert,PLS_C0,C0_base,PLS,"{""model__n_components"": 2}",0.0,5.0,,,,
target_matched,target_matched_14,base_expert,Ridge_C3,C3_base_agro_plus_discovery,Ridge,"{""model__alpha"": 1000.0}",0.0,5.0,,,,
target_matched,target_matched_14,base_expert,CatBoost_C1,C1_agronomic,CatBoost,"{""model__depth"": 4, ""model__l2_leaf_reg"": 6.0, ""model__learning_rate"": 0.06}",0.0,5.0,,,,
target_matched,target_matched_14,base_expert,ExtraTrees_C1,C1_agronomic,ExtraTrees,"{""model__max_features"": 0.3, ""model__min_samples_leaf"": 2}",0.0,5.0,,,,
target_matched,target_matched_14,base_expert,PLS_C0,C0_base,PLS,"{""model__n_components"": 2}",1.0,1.0,,,,
target_matched,target_matched_14,base_expert,Ridge_C3,C3_base_agro_plus_discovery,Ridge,"{""model__alpha"": 1000.0}",1.0,1.0,,,,
target_matched,target_matched_14,base_expert,CatBoost_C1,C1_agronomic,CatBoost,"{""model__depth"": 5, ""model__l2_leaf_reg"": 3.0, ""model__learning_rate"": 0.06}",1.0,1.0,,,,
target_matched,target_matched_14,base_expert,ExtraTrees_C1,C1_agronomic,ExtraTrees,"{""model__max_features"": ""sqrt"", ""model__min_samples_leaf"": 2}",1.0,1.0,,,,
target_matched,target_matched_14,base_expert,PLS_C0,C0_base,PLS,"{""model__n_components"": 2}",1.0,2.0,,,,
target_matched,target_matched_14,base_expert,Ridge_C3,C3_base_agro_plus_discovery,Ridge,"{""model__alpha"": 1000.0}",1.0,2.0,,,,
target_matched,target_matched_14,base_expert,CatBoost_C1,C1_agronomic,CatBoost,"{""model__depth"": 6, ""model__l2_leaf_reg"": 6.0, ""model__learning_rate"": 0.03}",1.0,2.0,,,,
target_matched,target_matched_14,base_expert,ExtraTrees_C1,C1_agronomic,ExtraTrees,"{""model__max_features"": ""sqrt"", ""model__min_samples_leaf"": 3}",1.0,2.0,,,,
target_matched,target_matched_14,base_expert,PLS_C0,C0_base,PLS,"{""model__n_components"": 2}",1.0,3.0,,,,
target_matched,target_matched_14,base_expert,Ridge_C3,C3_base_agro_plus_discovery,Ridge,"{""model__alpha"": 1000.0}",1.0,3.0,,,,
target_matched,target_matched_14,base_expert,CatBoost_C1,C1_agronomic,CatBoost,"{""model__depth"": 4, ""model__l2_leaf_reg"": 3.0, ""model__learning_rate"": 0.03}",1.0,3.0,,,,
target_matched,target_matched_14,base_expert,ExtraTrees_C1,C1_agronomic,ExtraTrees,"{""model__max_features"": 0.3, ""model__min_samples_leaf"": 2}",1.0,3.0,,,,
target_matched,target_matched_14,base_expert,PLS_C0,C0_base,PLS,"{""model__n_components"": 2}",1.0,4.0,,,,
target_matched,target_matched_14,base_expert,Ridge_C3,C3_base_agro_plus_discovery,Ridge,"{""model__alpha"": 1000.0}",1.0,4.0,,,,
target_matched,target_matched_14,base_expert,CatBoost_C1,C1_agronomic,CatBoost,"{""model__depth"": 5, ""model__l2_leaf_reg"": 3.0, ""model__learning_rate"": 0.06}",1.0,4.0,,,,
target_matched,target_matched_14,base_expert,ExtraTrees_C1,C1_agronomic,ExtraTrees,"{""model__max_features"": 0.3, ""model__min_samples_leaf"": 3}",1.0,4.0,,,,
target_matched,target_matched_14,base_expert,PLS_C0,C0_base,PLS,"{""model__n_components"": 2}",1.0,5.0,,,,
target_matched,target_matched_14,base_expert,Ridge_C3,C3_base_agro_plus_discovery,Ridge,"{""model__alpha"": 1000.0}",1.0,5.0,,,,
target_matched,target_matched_14,base_expert,CatBoost_C1,C1_agronomic,CatBoost,"{""model__depth"": 5, ""model__l2_leaf_reg"": 3.0, ""model__learning_rate"": 0.06}",1.0,5.0,,,,
target_matched,target_matched_14,base_expert,ExtraTrees_C1,C1_agronomic,ExtraTrees,"{""model__max_features"": 0.3, ""model__min_samples_leaf"": 3}",1.0,5.0,,,,
target_matched,target_matched_14,base_expert,PLS_C0,C0_base,PLS,"{""model__n_components"": 2}",,,,,,
target_matched,target_matched_14,base_expert,Ridge_C3,C3_base_agro_plus_discovery,Ridge,"{""model__alpha"": 1000.0}",,,,,,
target_matched,target_matched_14,base_expert,CatBoost_C1,C1_agronomic,CatBoost,"{""model__depth"": 5, ""model__l2_leaf_reg"": 3.0, ""model__learning_rate"": 0.06}",,,,,,
target_matched,target_matched_14,base_expert,ExtraTrees_C1,C1_agronomic,ExtraTrees,"{""model__max_features"": 0.3, ""model__min_samples_leaf"": 2}",,,,,,
target_matched,target_matched_14,meta_model,,,,,,,ConvexStack,convex,"{""l2"": 0.01}",0.4938385812515527
target_matched,target_matched_14,meta_model,,,,,,,RidgeStack,ridge,"{""alpha"": 1.0}",0.501701295451966
target_matched,target_matched_14,meta_model,,,,,,,ElasticNetStack,elastic_net,"{""alpha"": 0.01, ""l1_ratio"": 0.1}",0.50306002018404
target_matched,target_matched_14,meta_model,,,,,,,HuberStack,huber,"{""alpha"": 0.0001, ""epsilon"": 1.2}",0.5026423447371199
target_matched,target_matched_14,meta_model,,,,,,,ExtraTreesStack,extra_trees,"{""max_depth"": 4, ""max_features"": 1.0, ""min_samples_leaf"": 10}",0.48671015311577237
target_matched,target_matched_14,meta_model,,,,,,,HistGBStack,hist_gradient_boosting,"{""l2_regularization"": 5.0, ""learning_rate"": 0.03, ""max_leaf_nodes"": 7}",0.5397025377992059
target_matched,target_matched_14,meta_model,,,,,,,MoE_Support,mixture_of_experts,"{""l2"": 0.1}",0.5022395414664992
target_matched,target_matched_15,base_expert,PLS_C0,C0_base,PLS,"{""model__n_components"": 8}",0.0,1.0,,,,
target_matched,target_matched_15,base_expert,Ridge_C3,C3_base_agro_plus_discovery,Ridge,"{""model__alpha"": 1000.0}",0.0,1.0,,,,
target_matched,target_matched_15,base_expert,CatBoost_C1,C1_agronomic,CatBoost,"{""model__depth"": 5, ""model__l2_leaf_reg"": 10.0, ""model__learning_rate"": 0.03}",0.0,1.0,,,,
target_matched,target_matched_15,base_expert,ExtraTrees_C1,C1_agronomic,ExtraTrees,"{""model__max_features"": ""sqrt"", ""model__min_samples_leaf"": 2}",0.0,1.0,,,,
target_matched,target_matched_15,base_expert,PLS_C0,C0_base,PLS,"{""model__n_components"": 2}",0.0,2.0,,,,
target_matched,target_matched_15,base_expert,Ridge_C3,C3_base_agro_plus_discovery,Ridge,"{""model__alpha"": 1000.0}",0.0,2.0,,,,
target_matched,target_matched_15,base_expert,CatBoost_C1,C1_agronomic,CatBoost,"{""model__depth"": 4, ""model__l2_leaf_reg"": 3.0, ""model__learning_rate"": 0.03}",0.0,2.0,,,,
target_matched,target_matched_15,base_expert,ExtraTrees_C1,C1_agronomic,ExtraTrees,"{""model__max_features"": 0.3, ""model__min_samples_leaf"": 2}",0.0,2.0,,,,
target_matched,target_matched_15,base_expert,PLS_C0,C0_base,PLS,"{""model__n_components"": 4}",0.0,3.0,,,,
target_matched,target_matched_15,base_expert,Ridge_C3,C3_base_agro_plus_discovery,Ridge,"{""model__alpha"": 1000.0}",0.0,3.0,,,,
target_matched,target_matched_15,base_expert,CatBoost_C1,C1_agronomic,CatBoost,"{""model__depth"": 4, ""model__l2_leaf_reg"": 3.0, ""model__learning_rate"": 0.03}",0.0,3.0,,,,
target_matched,target_matched_15,base_expert,ExtraTrees_C1,C1_agronomic,ExtraTrees,"{""model__max_features"": 0.3, ""model__min_samples_leaf"": 2}",0.0,3.0,,,,
target_matched,target_matched_15,base_expert,PLS_C0,C0_base,PLS,"{""model__n_components"": 4}",0.0,4.0,,,,
target_matched,target_matched_15,base_expert,Ridge_C3,C3_base_agro_plus_discovery,Ridge,"{""model__alpha"": 1000.0}",0.0,4.0,,,,
target_matched,target_matched_15,base_expert,CatBoost_C1,C1_agronomic,CatBoost,"{""model__depth"": 5, ""model__l2_leaf_reg"": 3.0, ""model__learning_rate"": 0.06}",0.0,4.0,,,,
target_matched,target_matched_15,base_expert,ExtraTrees_C1,C1_agronomic,ExtraTrees,"{""model__max_features"": 0.3, ""model__min_samples_leaf"": 2}",0.0,4.0,,,,
target_matched,target_matched_15,base_expert,PLS_C0,C0_base,PLS,"{""model__n_components"": 4}",0.0,5.0,,,,
target_matched,target_matched_15,base_expert,Ridge_C3,C3_base_agro_plus_discovery,Ridge,"{""model__alpha"": 1000.0}",0.0,5.0,,,,
target_matched,target_matched_15,base_expert,CatBoost_C1,C1_agronomic,CatBoost,"{""model__depth"": 4, ""model__l2_leaf_reg"": 6.0, ""model__learning_rate"": 0.06}",0.0,5.0,,,,
target_matched,target_matched_15,base_expert,ExtraTrees_C1,C1_agronomic,ExtraTrees,"{""model__max_features"": 0.3, ""model__min_samples_leaf"": 2}",0.0,5.0,,,,
target_matched,target_matched_15,base_expert,PLS_C0,C0_base,PLS,"{""model__n_components"": 2}",1.0,1.0,,,,
target_matched,target_matched_15,base_expert,Ridge_C3,C3_base_agro_plus_discovery,Ridge,"{""model__alpha"": 1000.0}",1.0,1.0,,,,
target_matched,target_matched_15,base_expert,CatBoost_C1,C1_agronomic,CatBoost,"{""model__depth"": 4, ""model__l2_leaf_reg"": 3.0, ""model__learning_rate"": 0.03}",1.0,1.0,,,,
target_matched,target_matched_15,base_expert,ExtraTrees_C1,C1_agronomic,ExtraTrees,"{""model__max_features"": 0.3, ""model__min_samples_leaf"": 2}",1.0,1.0,,,,
target_matched,target_matched_15,base_expert,PLS_C0,C0_base,PLS,"{""model__n_components"": 12}",1.0,2.0,,,,
target_matched,target_matched_15,base_expert,Ridge_C3,C3_base_agro_plus_discovery,Ridge,"{""model__alpha"": 1000.0}",1.0,2.0,,,,
target_matched,target_matched_15,base_expert,CatBoost_C1,C1_agronomic,CatBoost,"{""model__depth"": 4, ""model__l2_leaf_reg"": 3.0, ""model__learning_rate"": 0.03}",1.0,2.0,,,,
target_matched,target_matched_15,base_expert,ExtraTrees_C1,C1_agronomic,ExtraTrees,"{""model__max_features"": ""sqrt"", ""model__min_samples_leaf"": 2}",1.0,2.0,,,,
target_matched,target_matched_15,base_expert,PLS_C0,C0_base,PLS,"{""model__n_components"": 2}",1.0,3.0,,,,
target_matched,target_matched_15,base_expert,Ridge_C3,C3_base_agro_plus_discovery,Ridge,"{""model__alpha"": 1000.0}",1.0,3.0,,,,
target_matched,target_matched_15,base_expert,CatBoost_C1,C1_agronomic,CatBoost,"{""model__depth"": 4, ""model__l2_leaf_reg"": 6.0, ""model__learning_rate"": 0.06}",1.0,3.0,,,,
target_matched,target_matched_15,base_expert,ExtraTrees_C1,C1_agronomic,ExtraTrees,"{""model__max_features"": 0.3, ""model__min_samples_leaf"": 2}",1.0,3.0,,,,
target_matched,target_matched_15,base_expert,PLS_C0,C0_base,PLS,"{""model__n_components"": 4}",1.0,4.0,,,,
target_matched,target_matched_15,base_expert,Ridge_C3,C3_base_agro_plus_discovery,Ridge,"{""model__alpha"": 1000.0}",1.0,4.0,,,,
target_matched,target_matched_15,base_expert,CatBoost_C1,C1_agronomic,CatBoost,"{""model__depth"": 4, ""model__l2_leaf_reg"": 6.0, ""model__learning_rate"": 0.06}",1.0,4.0,,,,
target_matched,target_matched_15,base_expert,ExtraTrees_C1,C1_agronomic,ExtraTrees,"{""model__max_features"": 0.3, ""model__min_samples_leaf"": 2}",1.0,4.0,,,,
target_matched,target_matched_15,base_expert,PLS_C0,C0_base,PLS,"{""model__n_components"": 2}",1.0,5.0,,,,
target_matched,target_matched_15,base_expert,Ridge_C3,C3_base_agro_plus_discovery,Ridge,"{""model__alpha"": 1000.0}",1.0,5.0,,,,
target_matched,target_matched_15,base_expert,CatBoost_C1,C1_agronomic,CatBoost,"{""model__depth"": 5, ""model__l2_leaf_reg"": 3.0, ""model__learning_rate"": 0.06}",1.0,5.0,,,,
target_matched,target_matched_15,base_expert,ExtraTrees_C1,C1_agronomic,ExtraTrees,"{""model__max_features"": ""sqrt"", ""model__min_samples_leaf"": 2}",1.0,5.0,,,,
target_matched,target_matched_15,base_expert,PLS_C0,C0_base,PLS,"{""model__n_components"": 2}",,,,,,
target_matched,target_matched_15,base_expert,Ridge_C3,C3_base_agro_plus_discovery,Ridge,"{""model__alpha"": 1000.0}",,,,,,
target_matched,target_matched_15,base_expert,CatBoost_C1,C1_agronomic,CatBoost,"{""model__depth"": 4, ""model__l2_leaf_reg"": 6.0, ""model__learning_rate"": 0.06}",,,,,,
target_matched,target_matched_15,base_expert,ExtraTrees_C1,C1_agronomic,ExtraTrees,"{""model__max_features"": ""sqrt"", ""model__min_samples_leaf"": 2}",,,,,,
target_matched,target_matched_15,meta_model,,,,,,,ConvexStack,convex,"{""l2"": 1.0}",0.3734131053671108
target_matched,target_matched_15,meta_model,,,,,,,RidgeStack,ridge,"{""alpha"": 10.0}",0.38924485094266864
target_matched,target_matched_15,meta_model,,,,,,,ElasticNetStack,elastic_net,"{""alpha"": 0.01, ""l1_ratio"": 0.5}",0.39319514656907384
target_matched,target_matched_15,meta_model,,,,,,,HuberStack,huber,"{""alpha"": 0.0001, ""epsilon"": 1.2}",0.3993649249740595
target_matched,target_matched_15,meta_model,,,,,,,ExtraTreesStack,extra_trees,"{""max_depth"": 2, ""max_features"": 0.75, ""min_samples_leaf"": 6}",0.373250936579862
target_matched,target_matched_15,meta_model,,,,,,,HistGBStack,hist_gradient_boosting,"{""l2_regularization"": 1.0, ""learning_rate"": 0.03, ""max_leaf_nodes"": 5}",0.3962608730933015
target_matched,target_matched_15,meta_model,,,,,,,MoE_Support,mixture_of_experts,"{""l2"": 0.1}",0.3657124953353028
target_matched,target_matched_16,base_expert,PLS_C0,C0_base,PLS,"{""model__n_components"": 2}",0.0,1.0,,,,
target_matched,target_matched_16,base_expert,Ridge_C3,C3_base_agro_plus_discovery,Ridge,"{""model__alpha"": 1000.0}",0.0,1.0,,,,
target_matched,target_matched_16,base_expert,CatBoost_C1,C1_agronomic,CatBoost,"{""model__depth"": 5, ""model__l2_leaf_reg"": 10.0, ""model__learning_rate"": 0.03}",0.0,1.0,,,,
target_matched,target_matched_16,base_expert,ExtraTrees_C1,C1_agronomic,ExtraTrees,"{""model__max_features"": 0.3, ""model__min_samples_leaf"": 3}",0.0,1.0,,,,
target_matched,target_matched_16,base_expert,PLS_C0,C0_base,PLS,"{""model__n_components"": 2}",0.0,2.0,,,,
target_matched,target_matched_16,base_expert,Ridge_C3,C3_base_agro_plus_discovery,Ridge,"{""model__alpha"": 1000.0}",0.0,2.0,,,,
target_matched,target_matched_16,base_expert,CatBoost_C1,C1_agronomic,CatBoost,"{""model__depth"": 4, ""model__l2_leaf_reg"": 3.0, ""model__learning_rate"": 0.03}",0.0,2.0,,,,
target_matched,target_matched_16,base_expert,ExtraTrees_C1,C1_agronomic,ExtraTrees,"{""model__max_features"": ""sqrt"", ""model__min_samples_leaf"": 2}",0.0,2.0,,,,
target_matched,target_matched_16,base_expert,PLS_C0,C0_base,PLS,"{""model__n_components"": 2}",0.0,3.0,,,,
target_matched,target_matched_16,base_expert,Ridge_C3,C3_base_agro_plus_discovery,Ridge,"{""model__alpha"": 1000.0}",0.0,3.0,,,,
target_matched,target_matched_16,base_expert,CatBoost_C1,C1_agronomic,CatBoost,"{""model__depth"": 4, ""model__l2_leaf_reg"": 3.0, ""model__learning_rate"": 0.03}",0.0,3.0,,,,
target_matched,target_matched_16,base_expert,ExtraTrees_C1,C1_agronomic,ExtraTrees,"{""model__max_features"": 0.3, ""model__min_samples_leaf"": 2}",0.0,3.0,,,,
target_matched,target_matched_16,base_expert,PLS_C0,C0_base,PLS,"{""model__n_components"": 2}",0.0,4.0,,,,
target_matched,target_matched_16,base_expert,Ridge_C3,C3_base_agro_plus_discovery,Ridge,"{""model__alpha"": 1000.0}",0.0,4.0,,,,
target_matched,target_matched_16,base_expert,CatBoost_C1,C1_agronomic,CatBoost,"{""model__depth"": 6, ""model__l2_leaf_reg"": 10.0, ""model__learning_rate"": 0.06}",0.0,4.0,,,,
target_matched,target_matched_16,base_expert,ExtraTrees_C1,C1_agronomic,ExtraTrees,"{""model__max_features"": 0.3, ""model__min_samples_leaf"": 2}",0.0,4.0,,,,
target_matched,target_matched_16,base_expert,PLS_C0,C0_base,PLS,"{""model__n_components"": 2}",0.0,5.0,,,,
target_matched,target_matched_16,base_expert,Ridge_C3,C3_base_agro_plus_discovery,Ridge,"{""model__alpha"": 1000.0}",0.0,5.0,,,,
target_matched,target_matched_16,base_expert,CatBoost_C1,C1_agronomic,CatBoost,"{""model__depth"": 6, ""model__l2_leaf_reg"": 10.0, ""model__learning_rate"": 0.06}",0.0,5.0,,,,
target_matched,target_matched_16,base_expert,ExtraTrees_C1,C1_agronomic,ExtraTrees,"{""model__max_features"": ""sqrt"", ""model__min_samples_leaf"": 3}",0.0,5.0,,,,
target_matched,target_matched_16,base_expert,PLS_C0,C0_base,PLS,"{""model__n_components"": 2}",1.0,1.0,,,,
target_matched,target_matched_16,base_expert,Ridge_C3,C3_base_agro_plus_discovery,Ridge,"{""model__alpha"": 1000.0}",1.0,1.0,,,,
target_matched,target_matched_16,base_expert,CatBoost_C1,C1_agronomic,CatBoost,"{""model__depth"": 5, ""model__l2_leaf_reg"": 10.0, ""model__learning_rate"": 0.03}",1.0,1.0,,,,
target_matched,target_matched_16,base_expert,ExtraTrees_C1,C1_agronomic,ExtraTrees,"{""model__max_features"": 0.3, ""model__min_samples_leaf"": 2}",1.0,1.0,,,,
target_matched,target_matched_16,base_expert,PLS_C0,C0_base,PLS,"{""model__n_components"": 2}",1.0,2.0,,,,
target_matched,target_matched_16,base_expert,Ridge_C3,C3_base_agro_plus_discovery,Ridge,"{""model__alpha"": 1000.0}",1.0,2.0,,,,
target_matched,target_matched_16,base_expert,CatBoost_C1,C1_agronomic,CatBoost,"{""model__depth"": 4, ""model__l2_leaf_reg"": 6.0, ""model__learning_rate"": 0.06}",1.0,2.0,,,,
target_matched,target_matched_16,base_expert,ExtraTrees_C1,C1_agronomic,ExtraTrees,"{""model__max_features"": 0.3, ""model__min_samples_leaf"": 3}",1.0,2.0,,,,
target_matched,target_matched_16,base_expert,PLS_C0,C0_base,PLS,"{""model__n_components"": 4}",1.0,3.0,,,,
target_matched,target_matched_16,base_expert,Ridge_C3,C3_base_agro_plus_discovery,Ridge,"{""model__alpha"": 1000.0}",1.0,3.0,,,,
target_matched,target_matched_16,base_expert,CatBoost_C1,C1_agronomic,CatBoost,"{""model__depth"": 5, ""model__l2_leaf_reg"": 3.0, ""model__learning_rate"": 0.06}",1.0,3.0,,,,
target_matched,target_matched_16,base_expert,ExtraTrees_C1,C1_agronomic,ExtraTrees,"{""model__max_features"": 0.3, ""model__min_samples_leaf"": 5}",1.0,3.0,,,,
target_matched,target_matched_16,base_expert,PLS_C0,C0_base,PLS,"{""model__n_components"": 2}",1.0,4.0,,,,
target_matched,target_matched_16,base_expert,Ridge_C3,C3_base_agro_plus_discovery,Ridge,"{""model__alpha"": 1000.0}",1.0,4.0,,,,
target_matched,target_matched_16,base_expert,CatBoost_C1,C1_agronomic,CatBoost,"{""model__depth"": 5, ""model__l2_leaf_reg"": 3.0, ""model__learning_rate"": 0.06}",1.0,4.0,,,,
target_matched,target_matched_16,base_expert,ExtraTrees_C1,C1_agronomic,ExtraTrees,"{""model__max_features"": ""sqrt"", ""model__min_samples_leaf"": 2}",1.0,4.0,,,,
target_matched,target_matched_16,base_expert,PLS_C0,C0_base,PLS,"{""model__n_components"": 2}",1.0,5.0,,,,
target_matched,target_matched_16,base_expert,Ridge_C3,C3_base_agro_plus_discovery,Ridge,"{""model__alpha"": 1000.0}",1.0,5.0,,,,
target_matched,target_matched_16,base_expert,CatBoost_C1,C1_agronomic,CatBoost,"{""model__depth"": 4, ""model__l2_leaf_reg"": 3.0, ""model__learning_rate"": 0.03}",1.0,5.0,,,,
target_matched,target_matched_16,base_expert,ExtraTrees_C1,C1_agronomic,ExtraTrees,"{""model__max_features"": 0.3, ""model__min_samples_leaf"": 2}",1.0,5.0,,,,
target_matched,target_matched_16,base_expert,PLS_C0,C0_base,PLS,"{""model__n_components"": 2}",,,,,,
target_matched,target_matched_16,base_expert,Ridge_C3,C3_base_agro_plus_discovery,Ridge,"{""model__alpha"": 1000.0}",,,,,,
target_matched,target_matched_16,base_expert,CatBoost_C1,C1_agronomic,CatBoost,"{""model__depth"": 5, ""model__l2_leaf_reg"": 3.0, ""model__learning_rate"": 0.06}",,,,,,
target_matched,target_matched_16,base_expert,ExtraTrees_C1,C1_agronomic,ExtraTrees,"{""model__max_features"": ""sqrt"", ""model__min_samples_leaf"": 5}",,,,,,
target_matched,target_matched_16,meta_model,,,,,,,ConvexStack,convex,"{""l2"": 0.01}",0.5090740294363996
target_matched,target_matched_16,meta_model,,,,,,,RidgeStack,ridge,"{""alpha"": 1.0}",0.510916974912208
target_matched,target_matched_16,meta_model,,,,,,,ElasticNetStack,elastic_net,"{""alpha"": 0.01, ""l1_ratio"": 0.1}",0.5130985813888885
target_matched,target_matched_16,meta_model,,,,,,,HuberStack,huber,"{""alpha"": 0.0001, ""epsilon"": 1.2}",0.5107068647792318
target_matched,target_matched_16,meta_model,,,,,,,ExtraTreesStack,extra_trees,"{""max_depth"": 2, ""max_features"": 0.75, ""min_samples_leaf"": 6}",0.5295537422009104
target_matched,target_matched_16,meta_model,,,,,,,HistGBStack,hist_gradient_boosting,"{""l2_regularization"": 5.0, ""learning_rate"": 0.03, ""max_leaf_nodes"": 7}",0.6100041287377772
target_matched,target_matched_16,meta_model,,,,,,,MoE_Support,mixture_of_experts,"{""l2"": 0.1}",0.5233906427772638
state_random,state_random_01,base_expert,PLS_C0,C0_base,PLS,"{""model__n_components"": 2}",0.0,1.0,,,,
state_random,state_random_01,base_expert,Ridge_C3,C3_base_agro_plus_discovery,Ridge,"{""model__alpha"": 1000.0}",0.0,1.0,,,,
state_random,state_random_01,base_expert,CatBoost_C1,C1_agronomic,CatBoost,"{""model__depth"": 4, ""model__l2_leaf_reg"": 6.0, ""model__learning_rate"": 0.06}",0.0,1.0,,,,
state_random,state_random_01,base_expert,ExtraTrees_C1,C1_agronomic,ExtraTrees,"{""model__max_features"": ""sqrt"", ""model__min_samples_leaf"": 2}",0.0,1.0,,,,
state_random,state_random_01,base_expert,PLS_C0,C0_base,PLS,"{""model__n_components"": 2}",0.0,2.0,,,,
state_random,state_random_01,base_expert,Ridge_C3,C3_base_agro_plus_discovery,Ridge,"{""model__alpha"": 1000.0}",0.0,2.0,,,,
state_random,state_random_01,base_expert,CatBoost_C1,C1_agronomic,CatBoost,"{""model__depth"": 4, ""model__l2_leaf_reg"": 6.0, ""model__learning_rate"": 0.06}",0.0,2.0,,,,
state_random,state_random_01,base_expert,ExtraTrees_C1,C1_agronomic,ExtraTrees,"{""model__max_features"": 0.3, ""model__min_samples_leaf"": 5}",0.0,2.0,,,,
state_random,state_random_01,base_expert,PLS_C0,C0_base,PLS,"{""model__n_components"": 2}",0.0,3.0,,,,
state_random,state_random_01,base_expert,Ridge_C3,C3_base_agro_plus_discovery,Ridge,"{""model__alpha"": 1000.0}",0.0,3.0,,,,
state_random,state_random_01,base_expert,CatBoost_C1,C1_agronomic,CatBoost,"{""model__depth"": 5, ""model__l2_leaf_reg"": 10.0, ""model__learning_rate"": 0.03}",0.0,3.0,,,,
state_random,state_random_01,base_expert,ExtraTrees_C1,C1_agronomic,ExtraTrees,"{""model__max_features"": 0.3, ""model__min_samples_leaf"": 2}",0.0,3.0,,,,
state_random,state_random_01,base_expert,PLS_C0,C0_base,PLS,"{""model__n_components"": 2}",0.0,4.0,,,,
state_random,state_random_01,base_expert,Ridge_C3,C3_base_agro_plus_discovery,Ridge,"{""model__alpha"": 1000.0}",0.0,4.0,,,,
state_random,state_random_01,base_expert,CatBoost_C1,C1_agronomic,CatBoost,"{""model__depth"": 5, ""model__l2_leaf_reg"": 10.0, ""model__learning_rate"": 0.03}",0.0,4.0,,,,
state_random,state_random_01,base_expert,ExtraTrees_C1,C1_agronomic,ExtraTrees,"{""model__max_features"": 0.3, ""model__min_samples_leaf"": 5}",0.0,4.0,,,,
state_random,state_random_01,base_expert,PLS_C0,C0_base,PLS,"{""model__n_components"": 2}",0.0,5.0,,,,
state_random,state_random_01,base_expert,Ridge_C3,C3_base_agro_plus_discovery,Ridge,"{""model__alpha"": 1000.0}",0.0,5.0,,,,
state_random,state_random_01,base_expert,CatBoost_C1,C1_agronomic,CatBoost,"{""model__depth"": 6, ""model__l2_leaf_reg"": 10.0, ""model__learning_rate"": 0.06}",0.0,5.0,,,,
state_random,state_random_01,base_expert,ExtraTrees_C1,C1_agronomic,ExtraTrees,"{""model__max_features"": 0.3, ""model__min_samples_leaf"": 5}",0.0,5.0,,,,
state_random,state_random_01,base_expert,PLS_C0,C0_base,PLS,"{""model__n_components"": 2}",1.0,1.0,,,,
state_random,state_random_01,base_expert,Ridge_C3,C3_base_agro_plus_discovery,Ridge,"{""model__alpha"": 1000.0}",1.0,1.0,,,,
state_random,state_random_01,base_expert,CatBoost_C1,C1_agronomic,CatBoost,"{""model__depth"": 4, ""model__l2_leaf_reg"": 6.0, ""model__learning_rate"": 0.06}",1.0,1.0,,,,
state_random,state_random_01,base_expert,ExtraTrees_C1,C1_agronomic,ExtraTrees,"{""model__max_features"": 0.3, ""model__min_samples_leaf"": 5}",1.0,1.0,,,,
state_random,state_random_01,base_expert,PLS_C0,C0_base,PLS,"{""model__n_components"": 2}",1.0,2.0,,,,
state_random,state_random_01,base_expert,Ridge_C3,C3_base_agro_plus_discovery,Ridge,"{""model__alpha"": 1000.0}",1.0,2.0,,,,
state_random,state_random_01,base_expert,CatBoost_C1,C1_agronomic,CatBoost,"{""model__depth"": 4, ""model__l2_leaf_reg"": 6.0, ""model__learning_rate"": 0.06}",1.0,2.0,,,,
state_random,state_random_01,base_expert,ExtraTrees_C1,C1_agronomic,ExtraTrees,"{""model__max_features"": 0.3, ""model__min_samples_leaf"": 3}",1.0,2.0,,,,
state_random,state_random_01,base_expert,PLS_C0,C0_base,PLS,"{""model__n_components"": 2}",1.0,3.0,,,,
state_random,state_random_01,base_expert,Ridge_C3,C3_base_agro_plus_discovery,Ridge,"{""model__alpha"": 1000.0}",1.0,3.0,,,,
state_random,state_random_01,base_expert,CatBoost_C1,C1_agronomic,CatBoost,"{""model__depth"": 6, ""model__l2_leaf_reg"": 6.0, ""model__learning_rate"": 0.03}",1.0,3.0,,,,
state_random,state_random_01,base_expert,ExtraTrees_C1,C1_agronomic,ExtraTrees,"{""model__max_features"": 0.3, ""model__min_samples_leaf"": 5}",1.0,3.0,,,,
state_random,state_random_01,base_expert,PLS_C0,C0_base,PLS,"{""model__n_components"": 2}",1.0,4.0,,,,
state_random,state_random_01,base_expert,Ridge_C3,C3_base_agro_plus_discovery,Ridge,"{""model__alpha"": 1000.0}",1.0,4.0,,,,
state_random,state_random_01,base_expert,CatBoost_C1,C1_agronomic,CatBoost,"{""model__depth"": 5, ""model__l2_leaf_reg"": 3.0, ""model__learning_rate"": 0.06}",1.0,4.0,,,,
state_random,state_random_01,base_expert,ExtraTrees_C1,C1_agronomic,ExtraTrees,"{""model__max_features"": 0.3, ""model__min_samples_leaf"": 5}",1.0,4.0,,,,
state_random,state_random_01,base_expert,PLS_C0,C0_base,PLS,"{""model__n_components"": 8}",1.0,5.0,,,,
state_random,state_random_01,base_expert,Ridge_C3,C3_base_agro_plus_discovery,Ridge,"{""model__alpha"": 1000.0}",1.0,5.0,,,,
state_random,state_random_01,base_expert,CatBoost_C1,C1_agronomic,CatBoost,"{""model__depth"": 4, ""model__l2_leaf_reg"": 6.0, ""model__learning_rate"": 0.06}",1.0,5.0,,,,
state_random,state_random_01,base_expert,ExtraTrees_C1,C1_agronomic,ExtraTrees,"{""model__max_features"": 0.3, ""model__min_samples_leaf"": 2}",1.0,5.0,,,,
state_random,state_random_01,base_expert,PLS_C0,C0_base,PLS,"{""model__n_components"": 2}",,,,,,
state_random,state_random_01,base_expert,Ridge_C3,C3_base_agro_plus_discovery,Ridge,"{""model__alpha"": 1000.0}",,,,,,
state_random,state_random_01,base_expert,CatBoost_C1,C1_agronomic,CatBoost,"{""model__depth"": 6, ""model__l2_leaf_reg"": 10.0, ""model__learning_rate"": 0.06}",,,,,,
state_random,state_random_01,base_expert,ExtraTrees_C1,C1_agronomic,ExtraTrees,"{""model__max_features"": ""sqrt"", ""model__min_samples_leaf"": 3}",,,,,,
state_random,state_random_01,meta_model,,,,,,,ConvexStack,convex,"{""l2"": 0.01}",0.4929466429906001
state_random,state_random_01,meta_model,,,,,,,RidgeStack,ridge,"{""alpha"": 1.0}",0.5011458140716867
state_random,state_random_01,meta_model,,,,,,,ElasticNetStack,elastic_net,"{""alpha"": 0.01, ""l1_ratio"": 0.1}",0.5011184418290643
state_random,state_random_01,meta_model,,,,,,,HuberStack,huber,"{""alpha"": 0.0001, ""epsilon"": 1.35}",0.4943143230717227
state_random,state_random_01,meta_model,,,,,,,ExtraTreesStack,extra_trees,"{""max_depth"": 2, ""max_features"": 0.75, ""min_samples_leaf"": 6}",0.4981314341450167
state_random,state_random_01,meta_model,,,,,,,HistGBStack,hist_gradient_boosting,"{""l2_regularization"": 5.0, ""learning_rate"": 0.03, ""max_leaf_nodes"": 7}",0.5449000575101706
state_random,state_random_01,meta_model,,,,,,,MoE_Support,mixture_of_experts,"{""l2"": 100.0}",0.504414978889575
state_random,state_random_02,base_expert,PLS_C0,C0_base,PLS,"{""model__n_components"": 2}",0.0,1.0,,,,
state_random,state_random_02,base_expert,Ridge_C3,C3_base_agro_plus_discovery,Ridge,"{""model__alpha"": 1000.0}",0.0,1.0,,,,
state_random,state_random_02,base_expert,CatBoost_C1,C1_agronomic,CatBoost,"{""model__depth"": 6, ""model__l2_leaf_reg"": 10.0, ""model__learning_rate"": 0.06}",0.0,1.0,,,,
state_random,state_random_02,base_expert,ExtraTrees_C1,C1_agronomic,ExtraTrees,"{""model__max_features"": ""sqrt"", ""model__min_samples_leaf"": 3}",0.0,1.0,,,,
state_random,state_random_02,base_expert,PLS_C0,C0_base,PLS,"{""model__n_components"": 2}",0.0,2.0,,,,
state_random,state_random_02,base_expert,Ridge_C3,C3_base_agro_plus_discovery,Ridge,"{""model__alpha"": 1000.0}",0.0,2.0,,,,
state_random,state_random_02,base_expert,CatBoost_C1,C1_agronomic,CatBoost,"{""model__depth"": 6, ""model__l2_leaf_reg"": 10.0, ""model__learning_rate"": 0.06}",0.0,2.0,,,,
state_random,state_random_02,base_expert,ExtraTrees_C1,C1_agronomic,ExtraTrees,"{""model__max_features"": 0.3, ""model__min_samples_leaf"": 3}",0.0,2.0,,,,
state_random,state_random_02,base_expert,PLS_C0,C0_base,PLS,"{""model__n_components"": 2}",0.0,3.0,,,,
state_random,state_random_02,base_expert,Ridge_C3,C3_base_agro_plus_discovery,Ridge,"{""model__alpha"": 1000.0}",0.0,3.0,,,,
state_random,state_random_02,base_expert,CatBoost_C1,C1_agronomic,CatBoost,"{""model__depth"": 6, ""model__l2_leaf_reg"": 6.0, ""model__learning_rate"": 0.03}",0.0,3.0,,,,
state_random,state_random_02,base_expert,ExtraTrees_C1,C1_agronomic,ExtraTrees,"{""model__max_features"": ""sqrt"", ""model__min_samples_leaf"": 5}",0.0,3.0,,,,
state_random,state_random_02,base_expert,PLS_C0,C0_base,PLS,"{""model__n_components"": 2}",0.0,4.0,,,,
state_random,state_random_02,base_expert,Ridge_C3,C3_base_agro_plus_discovery,Ridge,"{""model__alpha"": 1000.0}",0.0,4.0,,,,
state_random,state_random_02,base_expert,CatBoost_C1,C1_agronomic,CatBoost,"{""model__depth"": 5, ""model__l2_leaf_reg"": 10.0, ""model__learning_rate"": 0.03}",0.0,4.0,,,,
state_random,state_random_02,base_expert,ExtraTrees_C1,C1_agronomic,ExtraTrees,"{""model__max_features"": 0.3, ""model__min_samples_leaf"": 2}",0.0,4.0,,,,
state_random,state_random_02,base_expert,PLS_C0,C0_base,PLS,"{""model__n_components"": 2}",0.0,5.0,,,,
state_random,state_random_02,base_expert,Ridge_C3,C3_base_agro_plus_discovery,Ridge,"{""model__alpha"": 1000.0}",0.0,5.0,,,,
state_random,state_random_02,base_expert,CatBoost_C1,C1_agronomic,CatBoost,"{""model__depth"": 6, ""model__l2_leaf_reg"": 10.0, ""model__learning_rate"": 0.06}",0.0,5.0,,,,
state_random,state_random_02,base_expert,ExtraTrees_C1,C1_agronomic,ExtraTrees,"{""model__max_features"": 0.3, ""model__min_samples_leaf"": 3}",0.0,5.0,,,,
state_random,state_random_02,base_expert,PLS_C0,C0_base,PLS,"{""model__n_components"": 2}",1.0,1.0,,,,
state_random,state_random_02,base_expert,Ridge_C3,C3_base_agro_plus_discovery,Ridge,"{""model__alpha"": 1000.0}",1.0,1.0,,,,
state_random,state_random_02,base_expert,CatBoost_C1,C1_agronomic,CatBoost,"{""model__depth"": 5, ""model__l2_leaf_reg"": 3.0, ""model__learning_rate"": 0.06}",1.0,1.0,,,,
state_random,state_random_02,base_expert,ExtraTrees_C1,C1_agronomic,ExtraTrees,"{""model__max_features"": 0.3, ""model__min_samples_leaf"": 2}",1.0,1.0,,,,
state_random,state_random_02,base_expert,PLS_C0,C0_base,PLS,"{""model__n_components"": 2}",1.0,2.0,,,,
state_random,state_random_02,base_expert,Ridge_C3,C3_base_agro_plus_discovery,Ridge,"{""model__alpha"": 1000.0}",1.0,2.0,,,,
state_random,state_random_02,base_expert,CatBoost_C1,C1_agronomic,CatBoost,"{""model__depth"": 5, ""model__l2_leaf_reg"": 10.0, ""model__learning_rate"": 0.03}",1.0,2.0,,,,
state_random,state_random_02,base_expert,ExtraTrees_C1,C1_agronomic,ExtraTrees,"{""model__max_features"": 0.3, ""model__min_samples_leaf"": 2}",1.0,2.0,,,,
state_random,state_random_02,base_expert,PLS_C0,C0_base,PLS,"{""model__n_components"": 2}",1.0,3.0,,,,
state_random,state_random_02,base_expert,Ridge_C3,C3_base_agro_plus_discovery,Ridge,"{""model__alpha"": 1000.0}",1.0,3.0,,,,
state_random,state_random_02,base_expert,CatBoost_C1,C1_agronomic,CatBoost,"{""model__depth"": 4, ""model__l2_leaf_reg"": 3.0, ""model__learning_rate"": 0.03}",1.0,3.0,,,,
state_random,state_random_02,base_expert,ExtraTrees_C1,C1_agronomic,ExtraTrees,"{""model__max_features"": 0.3, ""model__min_samples_leaf"": 5}",1.0,3.0,,,,
state_random,state_random_02,base_expert,PLS_C0,C0_base,PLS,"{""model__n_components"": 2}",1.0,4.0,,,,
state_random,state_random_02,base_expert,Ridge_C3,C3_base_agro_plus_discovery,Ridge,"{""model__alpha"": 1000.0}",1.0,4.0,,,,
state_random,state_random_02,base_expert,CatBoost_C1,C1_agronomic,CatBoost,"{""model__depth"": 6, ""model__l2_leaf_reg"": 10.0, ""model__learning_rate"": 0.06}",1.0,4.0,,,,
state_random,state_random_02,base_expert,ExtraTrees_C1,C1_agronomic,ExtraTrees,"{""model__max_features"": 0.3, ""model__min_samples_leaf"": 5}",1.0,4.0,,,,
state_random,state_random_02,base_expert,PLS_C0,C0_base,PLS,"{""model__n_components"": 2}",1.0,5.0,,,,
state_random,state_random_02,base_expert,Ridge_C3,C3_base_agro_plus_discovery,Ridge,"{""model__alpha"": 1000.0}",1.0,5.0,,,,
state_random,state_random_02,base_expert,CatBoost_C1,C1_agronomic,CatBoost,"{""model__depth"": 4, ""model__l2_leaf_reg"": 3.0, ""model__learning_rate"": 0.03}",1.0,5.0,,,,
state_random,state_random_02,base_expert,ExtraTrees_C1,C1_agronomic,ExtraTrees,"{""model__max_features"": 0.3, ""model__min_samples_leaf"": 5}",1.0,5.0,,,,
state_random,state_random_02,base_expert,PLS_C0,C0_base,PLS,"{""model__n_components"": 2}",,,,,,
state_random,state_random_02,base_expert,Ridge_C3,C3_base_agro_plus_discovery,Ridge,"{""model__alpha"": 1000.0}",,,,,,
state_random,state_random_02,base_expert,CatBoost_C1,C1_agronomic,CatBoost,"{""model__depth"": 5, ""model__l2_leaf_reg"": 10.0, ""model__learning_rate"": 0.03}",,,,,,
state_random,state_random_02,base_expert,ExtraTrees_C1,C1_agronomic,ExtraTrees,"{""model__max_features"": 0.3, ""model__min_samples_leaf"": 5}",,,,,,
state_random,state_random_02,meta_model,,,,,,,ConvexStack,convex,"{""l2"": 0.01}",0.5142323766880285
state_random,state_random_02,meta_model,,,,,,,RidgeStack,ridge,"{""alpha"": 10.0}",0.5208878874407971
state_random,state_random_02,meta_model,,,,,,,ElasticNetStack,elastic_net,"{""alpha"": 0.1, ""l1_ratio"": 0.5}",0.5222879961670872
state_random,state_random_02,meta_model,,,,,,,HuberStack,huber,"{""alpha"": 0.0001, ""epsilon"": 1.2}",0.5200304504386708
state_random,state_random_02,meta_model,,,,,,,ExtraTreesStack,extra_trees,"{""max_depth"": 3, ""max_features"": 1.0, ""min_samples_leaf"": 8}",0.5030105062316566
state_random,state_random_02,meta_model,,,,,,,HistGBStack,hist_gradient_boosting,"{""l2_regularization"": 10.0, ""learning_rate"": 0.05, ""max_leaf_nodes"": 9}",0.5258554900300767
state_random,state_random_02,meta_model,,,,,,,MoE_Support,mixture_of_experts,"{""l2"": 0.1}",0.5220212456042905
state_random,state_random_03,base_expert,PLS_C0,C0_base,PLS,"{""model__n_components"": 2}",0.0,1.0,,,,
state_random,state_random_03,base_expert,Ridge_C3,C3_base_agro_plus_discovery,Ridge,"{""model__alpha"": 1000.0}",0.0,1.0,,,,
state_random,state_random_03,base_expert,CatBoost_C1,C1_agronomic,CatBoost,"{""model__depth"": 4, ""model__l2_leaf_reg"": 6.0, ""model__learning_rate"": 0.06}",0.0,1.0,,,,
state_random,state_random_03,base_expert,ExtraTrees_C1,C1_agronomic,ExtraTrees,"{""model__max_features"": 0.3, ""model__min_samples_leaf"": 5}",0.0,1.0,,,,
state_random,state_random_03,base_expert,PLS_C0,C0_base,PLS,"{""model__n_components"": 2}",0.0,2.0,,,,
state_random,state_random_03,base_expert,Ridge_C3,C3_base_agro_plus_discovery,Ridge,"{""model__alpha"": 1000.0}",0.0,2.0,,,,
state_random,state_random_03,base_expert,CatBoost_C1,C1_agronomic,CatBoost,"{""model__depth"": 4, ""model__l2_leaf_reg"": 3.0, ""model__learning_rate"": 0.03}",0.0,2.0,,,,
state_random,state_random_03,base_expert,ExtraTrees_C1,C1_agronomic,ExtraTrees,"{""model__max_features"": 0.3, ""model__min_samples_leaf"": 3}",0.0,2.0,,,,
state_random,state_random_03,base_expert,PLS_C0,C0_base,PLS,"{""model__n_components"": 2}",0.0,3.0,,,,
state_random,state_random_03,base_expert,Ridge_C3,C3_base_agro_plus_discovery,Ridge,"{""model__alpha"": 1000.0}",0.0,3.0,,,,
state_random,state_random_03,base_expert,CatBoost_C1,C1_agronomic,CatBoost,"{""model__depth"": 5, ""model__l2_leaf_reg"": 3.0, ""model__learning_rate"": 0.06}",0.0,3.0,,,,
state_random,state_random_03,base_expert,ExtraTrees_C1,C1_agronomic,ExtraTrees,"{""model__max_features"": 0.3, ""model__min_samples_leaf"": 5}",0.0,3.0,,,,
state_random,state_random_03,base_expert,PLS_C0,C0_base,PLS,"{""model__n_components"": 2}",0.0,4.0,,,,
state_random,state_random_03,base_expert,Ridge_C3,C3_base_agro_plus_discovery,Ridge,"{""model__alpha"": 1000.0}",0.0,4.0,,,,
state_random,state_random_03,base_expert,CatBoost_C1,C1_agronomic,CatBoost,"{""model__depth"": 4, ""model__l2_leaf_reg"": 3.0, ""model__learning_rate"": 0.03}",0.0,4.0,,,,
state_random,state_random_03,base_expert,ExtraTrees_C1,C1_agronomic,ExtraTrees,"{""model__max_features"": 0.3, ""model__min_samples_leaf"": 3}",0.0,4.0,,,,
state_random,state_random_03,base_expert,PLS_C0,C0_base,PLS,"{""model__n_components"": 2}",0.0,5.0,,,,
state_random,state_random_03,base_expert,Ridge_C3,C3_base_agro_plus_discovery,Ridge,"{""model__alpha"": 1000.0}",0.0,5.0,,,,
state_random,state_random_03,base_expert,CatBoost_C1,C1_agronomic,CatBoost,"{""model__depth"": 4, ""model__l2_leaf_reg"": 6.0, ""model__learning_rate"": 0.06}",0.0,5.0,,,,
state_random,state_random_03,base_expert,ExtraTrees_C1,C1_agronomic,ExtraTrees,"{""model__max_features"": 0.3, ""model__min_samples_leaf"": 3}",0.0,5.0,,,,
state_random,state_random_03,base_expert,PLS_C0,C0_base,PLS,"{""model__n_components"": 2}",1.0,1.0,,,,
state_random,state_random_03,base_expert,Ridge_C3,C3_base_agro_plus_discovery,Ridge,"{""model__alpha"": 1000.0}",1.0,1.0,,,,
state_random,state_random_03,base_expert,CatBoost_C1,C1_agronomic,CatBoost,"{""model__depth"": 4, ""model__l2_leaf_reg"": 6.0, ""model__learning_rate"": 0.06}",1.0,1.0,,,,
state_random,state_random_03,base_expert,ExtraTrees_C1,C1_agronomic,ExtraTrees,"{""model__max_features"": 0.3, ""model__min_samples_leaf"": 3}",1.0,1.0,,,,
state_random,state_random_03,base_expert,PLS_C0,C0_base,PLS,"{""model__n_components"": 2}",1.0,2.0,,,,
state_random,state_random_03,base_expert,Ridge_C3,C3_base_agro_plus_discovery,Ridge,"{""model__alpha"": 1000.0}",1.0,2.0,,,,
state_random,state_random_03,base_expert,CatBoost_C1,C1_agronomic,CatBoost,"{""model__depth"": 6, ""model__l2_leaf_reg"": 10.0, ""model__learning_rate"": 0.06}",1.0,2.0,,,,
state_random,state_random_03,base_expert,ExtraTrees_C1,C1_agronomic,ExtraTrees,"{""model__max_features"": 0.3, ""model__min_samples_leaf"": 3}",1.0,2.0,,,,
state_random,state_random_03,base_expert,PLS_C0,C0_base,PLS,"{""model__n_components"": 2}",1.0,3.0,,,,
state_random,state_random_03,base_expert,Ridge_C3,C3_base_agro_plus_discovery,Ridge,"{""model__alpha"": 1000.0}",1.0,3.0,,,,
state_random,state_random_03,base_expert,CatBoost_C1,C1_agronomic,CatBoost,"{""model__depth"": 4, ""model__l2_leaf_reg"": 3.0, ""model__learning_rate"": 0.03}",1.0,3.0,,,,
state_random,state_random_03,base_expert,ExtraTrees_C1,C1_agronomic,ExtraTrees,"{""model__max_features"": 0.3, ""model__min_samples_leaf"": 5}",1.0,3.0,,,,
state_random,state_random_03,base_expert,PLS_C0,C0_base,PLS,"{""model__n_components"": 2}",1.0,4.0,,,,
state_random,state_random_03,base_expert,Ridge_C3,C3_base_agro_plus_discovery,Ridge,"{""model__alpha"": 1000.0}",1.0,4.0,,,,
state_random,state_random_03,base_expert,CatBoost_C1,C1_agronomic,CatBoost,"{""model__depth"": 4, ""model__l2_leaf_reg"": 6.0, ""model__learning_rate"": 0.06}",1.0,4.0,,,,
state_random,state_random_03,base_expert,ExtraTrees_C1,C1_agronomic,ExtraTrees,"{""model__max_features"": 0.3, ""model__min_samples_leaf"": 2}",1.0,4.0,,,,
state_random,state_random_03,base_expert,PLS_C0,C0_base,PLS,"{""model__n_components"": 2}",1.0,5.0,,,,
state_random,state_random_03,base_expert,Ridge_C3,C3_base_agro_plus_discovery,Ridge,"{""model__alpha"": 1000.0}",1.0,5.0,,,,
state_random,state_random_03,base_expert,CatBoost_C1,C1_agronomic,CatBoost,"{""model__depth"": 6, ""model__l2_leaf_reg"": 10.0, ""model__learning_rate"": 0.06}",1.0,5.0,,,,
state_random,state_random_03,base_expert,ExtraTrees_C1,C1_agronomic,ExtraTrees,"{""model__max_features"": 0.3, ""model__min_samples_leaf"": 5}",1.0,5.0,,,,
state_random,state_random_03,base_expert,PLS_C0,C0_base,PLS,"{""model__n_components"": 2}",,,,,,
state_random,state_random_03,base_expert,Ridge_C3,C3_base_agro_plus_discovery,Ridge,"{""model__alpha"": 1000.0}",,,,,,
state_random,state_random_03,base_expert,CatBoost_C1,C1_agronomic,CatBoost,"{""model__depth"": 4, ""model__l2_leaf_reg"": 6.0, ""model__learning_rate"": 0.06}",,,,,,
state_random,state_random_03,base_expert,ExtraTrees_C1,C1_agronomic,ExtraTrees,"{""model__max_features"": 0.3, ""model__min_samples_leaf"": 5}",,,,,,
state_random,state_random_03,meta_model,,,,,,,ConvexStack,convex,"{""l2"": 0.0}",0.4719326469842029
state_random,state_random_03,meta_model,,,,,,,RidgeStack,ridge,"{""alpha"": 10.0}",0.48512800515826937
state_random,state_random_03,meta_model,,,,,,,ElasticNetStack,elastic_net,"{""alpha"": 0.1, ""l1_ratio"": 0.5}",0.48554342725762345
state_random,state_random_03,meta_model,,,,,,,HuberStack,huber,"{""alpha"": 0.0001, ""epsilon"": 1.2}",0.506448152015971
state_random,state_random_03,meta_model,,,,,,,ExtraTreesStack,extra_trees,"{""max_depth"": 2, ""max_features"": 0.75, ""min_samples_leaf"": 6}",0.47505693394414183
state_random,state_random_03,meta_model,,,,,,,HistGBStack,hist_gradient_boosting,"{""l2_regularization"": 5.0, ""learning_rate"": 0.03, ""max_leaf_nodes"": 7}",0.5385512994356128
state_random,state_random_03,meta_model,,,,,,,MoE_Support,mixture_of_experts,"{""l2"": 10.0}",0.4798949380762033
state_random,state_random_04,base_expert,PLS_C0,C0_base,PLS,"{""model__n_components"": 2}",0.0,1.0,,,,
state_random,state_random_04,base_expert,Ridge_C3,C3_base_agro_plus_discovery,Ridge,"{""model__alpha"": 1000.0}",0.0,1.0,,,,
state_random,state_random_04,base_expert,CatBoost_C1,C1_agronomic,CatBoost,"{""model__depth"": 5, ""model__l2_leaf_reg"": 3.0, ""model__learning_rate"": 0.06}",0.0,1.0,,,,
state_random,state_random_04,base_expert,ExtraTrees_C1,C1_agronomic,ExtraTrees,"{""model__max_features"": ""sqrt"", ""model__min_samples_leaf"": 2}",0.0,1.0,,,,
state_random,state_random_04,base_expert,PLS_C0,C0_base,PLS,"{""model__n_components"": 2}",0.0,2.0,,,,
state_random,state_random_04,base_expert,Ridge_C3,C3_base_agro_plus_discovery,Ridge,"{""model__alpha"": 1000.0}",0.0,2.0,,,,
state_random,state_random_04,base_expert,CatBoost_C1,C1_agronomic,CatBoost,"{""model__depth"": 6, ""model__l2_leaf_reg"": 6.0, ""model__learning_rate"": 0.03}",0.0,2.0,,,,
state_random,state_random_04,base_expert,ExtraTrees_C1,C1_agronomic,ExtraTrees,"{""model__max_features"": ""sqrt"", ""model__min_samples_leaf"": 5}",0.0,2.0,,,,
state_random,state_random_04,base_expert,PLS_C0,C0_base,PLS,"{""model__n_components"": 2}",0.0,3.0,,,,
state_random,state_random_04,base_expert,Ridge_C3,C3_base_agro_plus_discovery,Ridge,"{""model__alpha"": 1000.0}",0.0,3.0,,,,
state_random,state_random_04,base_expert,CatBoost_C1,C1_agronomic,CatBoost,"{""model__depth"": 4, ""model__l2_leaf_reg"": 3.0, ""model__learning_rate"": 0.03}",0.0,3.0,,,,
state_random,state_random_04,base_expert,ExtraTrees_C1,C1_agronomic,ExtraTrees,"{""model__max_features"": 0.3, ""model__min_samples_leaf"": 3}",0.0,3.0,,,,
state_random,state_random_04,base_expert,PLS_C0,C0_base,PLS,"{""model__n_components"": 4}",0.0,4.0,,,,
state_random,state_random_04,base_expert,Ridge_C3,C3_base_agro_plus_discovery,Ridge,"{""model__alpha"": 1000.0}",0.0,4.0,,,,
state_random,state_random_04,base_expert,CatBoost_C1,C1_agronomic,CatBoost,"{""model__depth"": 5, ""model__l2_leaf_reg"": 3.0, ""model__learning_rate"": 0.06}",0.0,4.0,,,,
state_random,state_random_04,base_expert,ExtraTrees_C1,C1_agronomic,ExtraTrees,"{""model__max_features"": ""sqrt"", ""model__min_samples_leaf"": 2}",0.0,4.0,,,,
state_random,state_random_04,base_expert,PLS_C0,C0_base,PLS,"{""model__n_components"": 2}",0.0,5.0,,,,
state_random,state_random_04,base_expert,Ridge_C3,C3_base_agro_plus_discovery,Ridge,"{""model__alpha"": 1000.0}",0.0,5.0,,,,
state_random,state_random_04,base_expert,CatBoost_C1,C1_agronomic,CatBoost,"{""model__depth"": 5, ""model__l2_leaf_reg"": 3.0, ""model__learning_rate"": 0.06}",0.0,5.0,,,,
state_random,state_random_04,base_expert,ExtraTrees_C1,C1_agronomic,ExtraTrees,"{""model__max_features"": ""sqrt"", ""model__min_samples_leaf"": 2}",0.0,5.0,,,,
state_random,state_random_04,base_expert,PLS_C0,C0_base,PLS,"{""model__n_components"": 2}",1.0,1.0,,,,
state_random,state_random_04,base_expert,Ridge_C3,C3_base_agro_plus_discovery,Ridge,"{""model__alpha"": 1000.0}",1.0,1.0,,,,
state_random,state_random_04,base_expert,CatBoost_C1,C1_agronomic,CatBoost,"{""model__depth"": 6, ""model__l2_leaf_reg"": 6.0, ""model__learning_rate"": 0.03}",1.0,1.0,,,,
state_random,state_random_04,base_expert,ExtraTrees_C1,C1_agronomic,ExtraTrees,"{""model__max_features"": ""sqrt"", ""model__min_samples_leaf"": 2}",1.0,1.0,,,,
state_random,state_random_04,base_expert,PLS_C0,C0_base,PLS,"{""model__n_components"": 4}",1.0,2.0,,,,
state_random,state_random_04,base_expert,Ridge_C3,C3_base_agro_plus_discovery,Ridge,"{""model__alpha"": 1000.0}",1.0,2.0,,,,
state_random,state_random_04,base_expert,CatBoost_C1,C1_agronomic,CatBoost,"{""model__depth"": 5, ""model__l2_leaf_reg"": 3.0, ""model__learning_rate"": 0.06}",1.0,2.0,,,,
state_random,state_random_04,base_expert,ExtraTrees_C1,C1_agronomic,ExtraTrees,"{""model__max_features"": 0.3, ""model__min_samples_leaf"": 2}",1.0,2.0,,,,
state_random,state_random_04,base_expert,PLS_C0,C0_base,PLS,"{""model__n_components"": 2}",1.0,3.0,,,,
state_random,state_random_04,base_expert,Ridge_C3,C3_base_agro_plus_discovery,Ridge,"{""model__alpha"": 1000.0}",1.0,3.0,,,,
state_random,state_random_04,base_expert,CatBoost_C1,C1_agronomic,CatBoost,"{""model__depth"": 6, ""model__l2_leaf_reg"": 6.0, ""model__learning_rate"": 0.03}",1.0,3.0,,,,
state_random,state_random_04,base_expert,ExtraTrees_C1,C1_agronomic,ExtraTrees,"{""model__max_features"": 0.3, ""model__min_samples_leaf"": 3}",1.0,3.0,,,,
state_random,state_random_04,base_expert,PLS_C0,C0_base,PLS,"{""model__n_components"": 2}",1.0,4.0,,,,
state_random,state_random_04,base_expert,Ridge_C3,C3_base_agro_plus_discovery,Ridge,"{""model__alpha"": 1000.0}",1.0,4.0,,,,
state_random,state_random_04,base_expert,CatBoost_C1,C1_agronomic,CatBoost,"{""model__depth"": 4, ""model__l2_leaf_reg"": 6.0, ""model__learning_rate"": 0.06}",1.0,4.0,,,,
state_random,state_random_04,base_expert,ExtraTrees_C1,C1_agronomic,ExtraTrees,"{""model__max_features"": 0.3, ""model__min_samples_leaf"": 3}",1.0,4.0,,,,
state_random,state_random_04,base_expert,PLS_C0,C0_base,PLS,"{""model__n_components"": 8}",1.0,5.0,,,,
state_random,state_random_04,base_expert,Ridge_C3,C3_base_agro_plus_discovery,Ridge,"{""model__alpha"": 1000.0}",1.0,5.0,,,,
state_random,state_random_04,base_expert,CatBoost_C1,C1_agronomic,CatBoost,"{""model__depth"": 5, ""model__l2_leaf_reg"": 3.0, ""model__learning_rate"": 0.06}",1.0,5.0,,,,
state_random,state_random_04,base_expert,ExtraTrees_C1,C1_agronomic,ExtraTrees,"{""model__max_features"": 0.3, ""model__min_samples_leaf"": 3}",1.0,5.0,,,,
state_random,state_random_04,base_expert,PLS_C0,C0_base,PLS,"{""model__n_components"": 2}",,,,,,
state_random,state_random_04,base_expert,Ridge_C3,C3_base_agro_plus_discovery,Ridge,"{""model__alpha"": 1000.0}",,,,,,
state_random,state_random_04,base_expert,CatBoost_C1,C1_agronomic,CatBoost,"{""model__depth"": 5, ""model__l2_leaf_reg"": 10.0, ""model__learning_rate"": 0.03}",,,,,,
state_random,state_random_04,base_expert,ExtraTrees_C1,C1_agronomic,ExtraTrees,"{""model__max_features"": ""sqrt"", ""model__min_samples_leaf"": 2}",,,,,,
state_random,state_random_04,meta_model,,,,,,,ConvexStack,convex,"{""l2"": 0.01}",0.49615271469753675
state_random,state_random_04,meta_model,,,,,,,RidgeStack,ridge,"{""alpha"": 1.0}",0.5060797448041344
state_random,state_random_04,meta_model,,,,,,,ElasticNetStack,elastic_net,"{""alpha"": 0.01, ""l1_ratio"": 0.1}",0.5065657300901059
state_random,state_random_04,meta_model,,,,,,,HuberStack,huber,"{""alpha"": 0.0001, ""epsilon"": 1.2}",0.5065504090981829
state_random,state_random_04,meta_model,,,,,,,ExtraTreesStack,extra_trees,"{""max_depth"": 2, ""max_features"": 0.75, ""min_samples_leaf"": 6}",0.4947132831793917
state_random,state_random_04,meta_model,,,,,,,HistGBStack,hist_gradient_boosting,"{""l2_regularization"": 1.0, ""learning_rate"": 0.03, ""max_leaf_nodes"": 5}",0.5479846311824944
state_random,state_random_04,meta_model,,,,,,,MoE_Support,mixture_of_experts,"{""l2"": 100.0}",0.5159047567788413
state_random,state_random_05,base_expert,PLS_C0,C0_base,PLS,"{""model__n_components"": 2}",0.0,1.0,,,,
state_random,state_random_05,base_expert,Ridge_C3,C3_base_agro_plus_discovery,Ridge,"{""model__alpha"": 1000.0}",0.0,1.0,,,,
state_random,state_random_05,base_expert,CatBoost_C1,C1_agronomic,CatBoost,"{""model__depth"": 4, ""model__l2_leaf_reg"": 3.0, ""model__learning_rate"": 0.03}",0.0,1.0,,,,
state_random,state_random_05,base_expert,ExtraTrees_C1,C1_agronomic,ExtraTrees,"{""model__max_features"": ""sqrt"", ""model__min_samples_leaf"": 2}",0.0,1.0,,,,
state_random,state_random_05,base_expert,PLS_C0,C0_base,PLS,"{""model__n_components"": 12}",0.0,2.0,,,,
state_random,state_random_05,base_expert,Ridge_C3,C3_base_agro_plus_discovery,Ridge,"{""model__alpha"": 1000.0}",0.0,2.0,,,,
state_random,state_random_05,base_expert,CatBoost_C1,C1_agronomic,CatBoost,"{""model__depth"": 5, ""model__l2_leaf_reg"": 3.0, ""model__learning_rate"": 0.06}",0.0,2.0,,,,
state_random,state_random_05,base_expert,ExtraTrees_C1,C1_agronomic,ExtraTrees,"{""model__max_features"": 0.3, ""model__min_samples_leaf"": 3}",0.0,2.0,,,,
state_random,state_random_05,base_expert,PLS_C0,C0_base,PLS,"{""model__n_components"": 2}",0.0,3.0,,,,
state_random,state_random_05,base_expert,Ridge_C3,C3_base_agro_plus_discovery,Ridge,"{""model__alpha"": 1000.0}",0.0,3.0,,,,
state_random,state_random_05,base_expert,CatBoost_C1,C1_agronomic,CatBoost,"{""model__depth"": 5, ""model__l2_leaf_reg"": 3.0, ""model__learning_rate"": 0.06}",0.0,3.0,,,,
state_random,state_random_05,base_expert,ExtraTrees_C1,C1_agronomic,ExtraTrees,"{""model__max_features"": 0.3, ""model__min_samples_leaf"": 2}",0.0,3.0,,,,
state_random,state_random_05,base_expert,PLS_C0,C0_base,PLS,"{""model__n_components"": 2}",0.0,4.0,,,,
state_random,state_random_05,base_expert,Ridge_C3,C3_base_agro_plus_discovery,Ridge,"{""model__alpha"": 1000.0}",0.0,4.0,,,,
state_random,state_random_05,base_expert,CatBoost_C1,C1_agronomic,CatBoost,"{""model__depth"": 6, ""model__l2_leaf_reg"": 6.0, ""model__learning_rate"": 0.03}",0.0,4.0,,,,
state_random,state_random_05,base_expert,ExtraTrees_C1,C1_agronomic,ExtraTrees,"{""model__max_features"": 0.3, ""model__min_samples_leaf"": 3}",0.0,4.0,,,,
state_random,state_random_05,base_expert,PLS_C0,C0_base,PLS,"{""model__n_components"": 2}",0.0,5.0,,,,
state_random,state_random_05,base_expert,Ridge_C3,C3_base_agro_plus_discovery,Ridge,"{""model__alpha"": 1000.0}",0.0,5.0,,,,
state_random,state_random_05,base_expert,CatBoost_C1,C1_agronomic,CatBoost,"{""model__depth"": 4, ""model__l2_leaf_reg"": 6.0, ""model__learning_rate"": 0.06}",0.0,5.0,,,,
state_random,state_random_05,base_expert,ExtraTrees_C1,C1_agronomic,ExtraTrees,"{""model__max_features"": 0.3, ""model__min_samples_leaf"": 2}",0.0,5.0,,,,
state_random,state_random_05,base_expert,PLS_C0,C0_base,PLS,"{""model__n_components"": 4}",1.0,1.0,,,,
state_random,state_random_05,base_expert,Ridge_C3,C3_base_agro_plus_discovery,Ridge,"{""model__alpha"": 1000.0}",1.0,1.0,,,,
state_random,state_random_05,base_expert,CatBoost_C1,C1_agronomic,CatBoost,"{""model__depth"": 4, ""model__l2_leaf_reg"": 6.0, ""model__learning_rate"": 0.06}",1.0,1.0,,,,
state_random,state_random_05,base_expert,ExtraTrees_C1,C1_agronomic,ExtraTrees,"{""model__max_features"": 0.3, ""model__min_samples_leaf"": 2}",1.0,1.0,,,,
state_random,state_random_05,base_expert,PLS_C0,C0_base,PLS,"{""model__n_components"": 2}",1.0,2.0,,,,
state_random,state_random_05,base_expert,Ridge_C3,C3_base_agro_plus_discovery,Ridge,"{""model__alpha"": 1000.0}",1.0,2.0,,,,
state_random,state_random_05,base_expert,CatBoost_C1,C1_agronomic,CatBoost,"{""model__depth"": 6, ""model__l2_leaf_reg"": 10.0, ""model__learning_rate"": 0.06}",1.0,2.0,,,,
state_random,state_random_05,base_expert,ExtraTrees_C1,C1_agronomic,ExtraTrees,"{""model__max_features"": 0.3, ""model__min_samples_leaf"": 2}",1.0,2.0,,,,
state_random,state_random_05,base_expert,PLS_C0,C0_base,PLS,"{""model__n_components"": 2}",1.0,3.0,,,,
state_random,state_random_05,base_expert,Ridge_C3,C3_base_agro_plus_discovery,Ridge,"{""model__alpha"": 100.0}",1.0,3.0,,,,
state_random,state_random_05,base_expert,CatBoost_C1,C1_agronomic,CatBoost,"{""model__depth"": 4, ""model__l2_leaf_reg"": 3.0, ""model__learning_rate"": 0.03}",1.0,3.0,,,,
state_random,state_random_05,base_expert,ExtraTrees_C1,C1_agronomic,ExtraTrees,"{""model__max_features"": 0.3, ""model__min_samples_leaf"": 2}",1.0,3.0,,,,
state_random,state_random_05,base_expert,PLS_C0,C0_base,PLS,"{""model__n_components"": 4}",1.0,4.0,,,,
state_random,state_random_05,base_expert,Ridge_C3,C3_base_agro_plus_discovery,Ridge,"{""model__alpha"": 1000.0}",1.0,4.0,,,,
state_random,state_random_05,base_expert,CatBoost_C1,C1_agronomic,CatBoost,"{""model__depth"": 4, ""model__l2_leaf_reg"": 3.0, ""model__learning_rate"": 0.03}",1.0,4.0,,,,
state_random,state_random_05,base_expert,ExtraTrees_C1,C1_agronomic,ExtraTrees,"{""model__max_features"": 0.3, ""model__min_samples_leaf"": 3}",1.0,4.0,,,,
state_random,state_random_05,base_expert,PLS_C0,C0_base,PLS,"{""model__n_components"": 2}",1.0,5.0,,,,
state_random,state_random_05,base_expert,Ridge_C3,C3_base_agro_plus_discovery,Ridge,"{""model__alpha"": 1000.0}",1.0,5.0,,,,
state_random,state_random_05,base_expert,CatBoost_C1,C1_agronomic,CatBoost,"{""model__depth"": 4, ""model__l2_leaf_reg"": 3.0, ""model__learning_rate"": 0.03}",1.0,5.0,,,,
state_random,state_random_05,base_expert,ExtraTrees_C1,C1_agronomic,ExtraTrees,"{""model__max_features"": ""sqrt"", ""model__min_samples_leaf"": 3}",1.0,5.0,,,,
state_random,state_random_05,base_expert,PLS_C0,C0_base,PLS,"{""model__n_components"": 4}",,,,,,
state_random,state_random_05,base_expert,Ridge_C3,C3_base_agro_plus_discovery,Ridge,"{""model__alpha"": 1000.0}",,,,,,
state_random,state_random_05,base_expert,CatBoost_C1,C1_agronomic,CatBoost,"{""model__depth"": 4, ""model__l2_leaf_reg"": 3.0, ""model__learning_rate"": 0.03}",,,,,,
state_random,state_random_05,base_expert,ExtraTrees_C1,C1_agronomic,ExtraTrees,"{""model__max_features"": 0.3, ""model__min_samples_leaf"": 2}",,,,,,
state_random,state_random_05,meta_model,,,,,,,ConvexStack,convex,"{""l2"": 0.01}",0.5169517863476777
state_random,state_random_05,meta_model,,,,,,,RidgeStack,ridge,"{""alpha"": 10.0}",0.5312969654060768
state_random,state_random_05,meta_model,,,,,,,ElasticNetStack,elastic_net,"{""alpha"": 0.1, ""l1_ratio"": 0.5}",0.5334332944855806
state_random,state_random_05,meta_model,,,,,,,HuberStack,huber,"{""alpha"": 0.0001, ""epsilon"": 1.2}",0.5409593526522585
state_random,state_random_05,meta_model,,,,,,,ExtraTreesStack,extra_trees,"{""max_depth"": 3, ""max_features"": 1.0, ""min_samples_leaf"": 8}",0.5010187761532403
state_random,state_random_05,meta_model,,,,,,,HistGBStack,hist_gradient_boosting,"{""l2_regularization"": 5.0, ""learning_rate"": 0.03, ""max_leaf_nodes"": 7}",0.527860275237808
state_random,state_random_05,meta_model,,,,,,,MoE_Support,mixture_of_experts,"{""l2"": 1.0}",0.5271101428886715
state_random,state_random_06,base_expert,PLS_C0,C0_base,PLS,"{""model__n_components"": 2}",0.0,1.0,,,,
state_random,state_random_06,base_expert,Ridge_C3,C3_base_agro_plus_discovery,Ridge,"{""model__alpha"": 1000.0}",0.0,1.0,,,,
state_random,state_random_06,base_expert,CatBoost_C1,C1_agronomic,CatBoost,"{""model__depth"": 6, ""model__l2_leaf_reg"": 6.0, ""model__learning_rate"": 0.03}",0.0,1.0,,,,
state_random,state_random_06,base_expert,ExtraTrees_C1,C1_agronomic,ExtraTrees,"{""model__max_features"": 0.3, ""model__min_samples_leaf"": 2}",0.0,1.0,,,,
state_random,state_random_06,base_expert,PLS_C0,C0_base,PLS,"{""model__n_components"": 2}",0.0,2.0,,,,
state_random,state_random_06,base_expert,Ridge_C3,C3_base_agro_plus_discovery,Ridge,"{""model__alpha"": 1000.0}",0.0,2.0,,,,
state_random,state_random_06,base_expert,CatBoost_C1,C1_agronomic,CatBoost,"{""model__depth"": 4, ""model__l2_leaf_reg"": 3.0, ""model__learning_rate"": 0.03}",0.0,2.0,,,,
state_random,state_random_06,base_expert,ExtraTrees_C1,C1_agronomic,ExtraTrees,"{""model__max_features"": ""sqrt"", ""model__min_samples_leaf"": 2}",0.0,2.0,,,,
state_random,state_random_06,base_expert,PLS_C0,C0_base,PLS,"{""model__n_components"": 2}",0.0,3.0,,,,
state_random,state_random_06,base_expert,Ridge_C3,C3_base_agro_plus_discovery,Ridge,"{""model__alpha"": 1000.0}",0.0,3.0,,,,
state_random,state_random_06,base_expert,CatBoost_C1,C1_agronomic,CatBoost,"{""model__depth"": 6, ""model__l2_leaf_reg"": 10.0, ""model__learning_rate"": 0.06}",0.0,3.0,,,,
state_random,state_random_06,base_expert,ExtraTrees_C1,C1_agronomic,ExtraTrees,"{""model__max_features"": 0.3, ""model__min_samples_leaf"": 2}",0.0,3.0,,,,
state_random,state_random_06,base_expert,PLS_C0,C0_base,PLS,"{""model__n_components"": 2}",0.0,4.0,,,,
state_random,state_random_06,base_expert,Ridge_C3,C3_base_agro_plus_discovery,Ridge,"{""model__alpha"": 1000.0}",0.0,4.0,,,,
state_random,state_random_06,base_expert,CatBoost_C1,C1_agronomic,CatBoost,"{""model__depth"": 5, ""model__l2_leaf_reg"": 10.0, ""model__learning_rate"": 0.03}",0.0,4.0,,,,
state_random,state_random_06,base_expert,ExtraTrees_C1,C1_agronomic,ExtraTrees,"{""model__max_features"": 0.3, ""model__min_samples_leaf"": 5}",0.0,4.0,,,,
state_random,state_random_06,base_expert,PLS_C0,C0_base,PLS,"{""model__n_components"": 2}",0.0,5.0,,,,
state_random,state_random_06,base_expert,Ridge_C3,C3_base_agro_plus_discovery,Ridge,"{""model__alpha"": 1000.0}",0.0,5.0,,,,
state_random,state_random_06,base_expert,CatBoost_C1,C1_agronomic,CatBoost,"{""model__depth"": 5, ""model__l2_leaf_reg"": 3.0, ""model__learning_rate"": 0.06}",0.0,5.0,,,,
state_random,state_random_06,base_expert,ExtraTrees_C1,C1_agronomic,ExtraTrees,"{""model__max_features"": 0.3, ""model__min_samples_leaf"": 2}",0.0,5.0,,,,
state_random,state_random_06,base_expert,PLS_C0,C0_base,PLS,"{""model__n_components"": 2}",1.0,1.0,,,,
state_random,state_random_06,base_expert,Ridge_C3,C3_base_agro_plus_discovery,Ridge,"{""model__alpha"": 1000.0}",1.0,1.0,,,,
state_random,state_random_06,base_expert,CatBoost_C1,C1_agronomic,CatBoost,"{""model__depth"": 4, ""model__l2_leaf_reg"": 6.0, ""model__learning_rate"": 0.06}",1.0,1.0,,,,
state_random,state_random_06,base_expert,ExtraTrees_C1,C1_agronomic,ExtraTrees,"{""model__max_features"": 0.3, ""model__min_samples_leaf"": 3}",1.0,1.0,,,,
state_random,state_random_06,base_expert,PLS_C0,C0_base,PLS,"{""model__n_components"": 2}",1.0,2.0,,,,
state_random,state_random_06,base_expert,Ridge_C3,C3_base_agro_plus_discovery,Ridge,"{""model__alpha"": 1000.0}",1.0,2.0,,,,
state_random,state_random_06,base_expert,CatBoost_C1,C1_agronomic,CatBoost,"{""model__depth"": 6, ""model__l2_leaf_reg"": 6.0, ""model__learning_rate"": 0.03}",1.0,2.0,,,,
state_random,state_random_06,base_expert,ExtraTrees_C1,C1_agronomic,ExtraTrees,"{""model__max_features"": 0.3, ""model__min_samples_leaf"": 5}",1.0,2.0,,,,
state_random,state_random_06,base_expert,PLS_C0,C0_base,PLS,"{""model__n_components"": 2}",1.0,3.0,,,,
state_random,state_random_06,base_expert,Ridge_C3,C3_base_agro_plus_discovery,Ridge,"{""model__alpha"": 1000.0}",1.0,3.0,,,,
state_random,state_random_06,base_expert,CatBoost_C1,C1_agronomic,CatBoost,"{""model__depth"": 5, ""model__l2_leaf_reg"": 10.0, ""model__learning_rate"": 0.03}",1.0,3.0,,,,
state_random,state_random_06,base_expert,ExtraTrees_C1,C1_agronomic,ExtraTrees,"{""model__max_features"": 0.3, ""model__min_samples_leaf"": 5}",1.0,3.0,,,,
state_random,state_random_06,base_expert,PLS_C0,C0_base,PLS,"{""model__n_components"": 2}",1.0,4.0,,,,
state_random,state_random_06,base_expert,Ridge_C3,C3_base_agro_plus_discovery,Ridge,"{""model__alpha"": 1000.0}",1.0,4.0,,,,
state_random,state_random_06,base_expert,CatBoost_C1,C1_agronomic,CatBoost,"{""model__depth"": 4, ""model__l2_leaf_reg"": 6.0, ""model__learning_rate"": 0.06}",1.0,4.0,,,,
state_random,state_random_06,base_expert,ExtraTrees_C1,C1_agronomic,ExtraTrees,"{""model__max_features"": 0.3, ""model__min_samples_leaf"": 5}",1.0,4.0,,,,
state_random,state_random_06,base_expert,PLS_C0,C0_base,PLS,"{""model__n_components"": 2}",1.0,5.0,,,,
state_random,state_random_06,base_expert,Ridge_C3,C3_base_agro_plus_discovery,Ridge,"{""model__alpha"": 1000.0}",1.0,5.0,,,,
state_random,state_random_06,base_expert,CatBoost_C1,C1_agronomic,CatBoost,"{""model__depth"": 4, ""model__l2_leaf_reg"": 6.0, ""model__learning_rate"": 0.06}",1.0,5.0,,,,
state_random,state_random_06,base_expert,ExtraTrees_C1,C1_agronomic,ExtraTrees,"{""model__max_features"": 0.3, ""model__min_samples_leaf"": 5}",1.0,5.0,,,,
state_random,state_random_06,base_expert,PLS_C0,C0_base,PLS,"{""model__n_components"": 2}",,,,,,
state_random,state_random_06,base_expert,Ridge_C3,C3_base_agro_plus_discovery,Ridge,"{""model__alpha"": 1000.0}",,,,,,
state_random,state_random_06,base_expert,CatBoost_C1,C1_agronomic,CatBoost,"{""model__depth"": 5, ""model__l2_leaf_reg"": 3.0, ""model__learning_rate"": 0.06}",,,,,,
state_random,state_random_06,base_expert,ExtraTrees_C1,C1_agronomic,ExtraTrees,"{""model__max_features"": 0.3, ""model__min_samples_leaf"": 3}",,,,,,
state_random,state_random_06,meta_model,,,,,,,ConvexStack,convex,"{""l2"": 0.01}",0.5191157832113776
state_random,state_random_06,meta_model,,,,,,,RidgeStack,ridge,"{""alpha"": 1.0}",0.5334624633816467
state_random,state_random_06,meta_model,,,,,,,ElasticNetStack,elastic_net,"{""alpha"": 0.01, ""l1_ratio"": 0.1}",0.5346536904990252
state_random,state_random_06,meta_model,,,,,,,HuberStack,huber,"{""alpha"": 0.0001, ""epsilon"": 1.2}",0.5293814572930898
state_random,state_random_06,meta_model,,,,,,,ExtraTreesStack,extra_trees,"{""max_depth"": 3, ""max_features"": 1.0, ""min_samples_leaf"": 8}",0.5123815168605845
state_random,state_random_06,meta_model,,,,,,,HistGBStack,hist_gradient_boosting,"{""l2_regularization"": 1.0, ""learning_rate"": 0.03, ""max_leaf_nodes"": 5}",0.5549197730157083
state_random,state_random_06,meta_model,,,,,,,MoE_Support,mixture_of_experts,"{""l2"": 1.0}",0.5278829179646172
state_random,state_random_07,base_expert,PLS_C0,C0_base,PLS,"{""model__n_components"": 2}",0.0,1.0,,,,
state_random,state_random_07,base_expert,Ridge_C3,C3_base_agro_plus_discovery,Ridge,"{""model__alpha"": 1000.0}",0.0,1.0,,,,
state_random,state_random_07,base_expert,CatBoost_C1,C1_agronomic,CatBoost,"{""model__depth"": 4, ""model__l2_leaf_reg"": 6.0, ""model__learning_rate"": 0.06}",0.0,1.0,,,,
state_random,state_random_07,base_expert,ExtraTrees_C1,C1_agronomic,ExtraTrees,"{""model__max_features"": 0.3, ""model__min_samples_leaf"": 3}",0.0,1.0,,,,
state_random,state_random_07,base_expert,PLS_C0,C0_base,PLS,"{""model__n_components"": 2}",0.0,2.0,,,,
state_random,state_random_07,base_expert,Ridge_C3,C3_base_agro_plus_discovery,Ridge,"{""model__alpha"": 1000.0}",0.0,2.0,,,,
state_random,state_random_07,base_expert,CatBoost_C1,C1_agronomic,CatBoost,"{""model__depth"": 4, ""model__l2_leaf_reg"": 6.0, ""model__learning_rate"": 0.06}",0.0,2.0,,,,
state_random,state_random_07,base_expert,ExtraTrees_C1,C1_agronomic,ExtraTrees,"{""model__max_features"": 0.3, ""model__min_samples_leaf"": 2}",0.0,2.0,,,,
state_random,state_random_07,base_expert,PLS_C0,C0_base,PLS,"{""model__n_components"": 2}",0.0,3.0,,,,
state_random,state_random_07,base_expert,Ridge_C3,C3_base_agro_plus_discovery,Ridge,"{""model__alpha"": 1000.0}",0.0,3.0,,,,
state_random,state_random_07,base_expert,CatBoost_C1,C1_agronomic,CatBoost,"{""model__depth"": 5, ""model__l2_leaf_reg"": 10.0, ""model__learning_rate"": 0.03}",0.0,3.0,,,,
state_random,state_random_07,base_expert,ExtraTrees_C1,C1_agronomic,ExtraTrees,"{""model__max_features"": 0.3, ""model__min_samples_leaf"": 2}",0.0,3.0,,,,
state_random,state_random_07,base_expert,PLS_C0,C0_base,PLS,"{""model__n_components"": 2}",0.0,4.0,,,,
state_random,state_random_07,base_expert,Ridge_C3,C3_base_agro_plus_discovery,Ridge,"{""model__alpha"": 1000.0}",0.0,4.0,,,,
state_random,state_random_07,base_expert,CatBoost_C1,C1_agronomic,CatBoost,"{""model__depth"": 4, ""model__l2_leaf_reg"": 3.0, ""model__learning_rate"": 0.03}",0.0,4.0,,,,
state_random,state_random_07,base_expert,ExtraTrees_C1,C1_agronomic,ExtraTrees,"{""model__max_features"": 0.3, ""model__min_samples_leaf"": 2}",0.0,4.0,,,,
state_random,state_random_07,base_expert,PLS_C0,C0_base,PLS,"{""model__n_components"": 2}",0.0,5.0,,,,
state_random,state_random_07,base_expert,Ridge_C3,C3_base_agro_plus_discovery,Ridge,"{""model__alpha"": 1000.0}",0.0,5.0,,,,
state_random,state_random_07,base_expert,CatBoost_C1,C1_agronomic,CatBoost,"{""model__depth"": 4, ""model__l2_leaf_reg"": 3.0, ""model__learning_rate"": 0.03}",0.0,5.0,,,,
state_random,state_random_07,base_expert,ExtraTrees_C1,C1_agronomic,ExtraTrees,"{""model__max_features"": 0.3, ""model__min_samples_leaf"": 3}",0.0,5.0,,,,
state_random,state_random_07,base_expert,PLS_C0,C0_base,PLS,"{""model__n_components"": 2}",1.0,1.0,,,,
state_random,state_random_07,base_expert,Ridge_C3,C3_base_agro_plus_discovery,Ridge,"{""model__alpha"": 1000.0}",1.0,1.0,,,,
state_random,state_random_07,base_expert,CatBoost_C1,C1_agronomic,CatBoost,"{""model__depth"": 6, ""model__l2_leaf_reg"": 10.0, ""model__learning_rate"": 0.06}",1.0,1.0,,,,
state_random,state_random_07,base_expert,ExtraTrees_C1,C1_agronomic,ExtraTrees,"{""model__max_features"": 0.3, ""model__min_samples_leaf"": 2}",1.0,1.0,,,,
state_random,state_random_07,base_expert,PLS_C0,C0_base,PLS,"{""model__n_components"": 2}",1.0,2.0,,,,
state_random,state_random_07,base_expert,Ridge_C3,C3_base_agro_plus_discovery,Ridge,"{""model__alpha"": 1000.0}",1.0,2.0,,,,
state_random,state_random_07,base_expert,CatBoost_C1,C1_agronomic,CatBoost,"{""model__depth"": 4, ""model__l2_leaf_reg"": 3.0, ""model__learning_rate"": 0.03}",1.0,2.0,,,,
state_random,state_random_07,base_expert,ExtraTrees_C1,C1_agronomic,ExtraTrees,"{""model__max_features"": 0.3, ""model__min_samples_leaf"": 2}",1.0,2.0,,,,
state_random,state_random_07,base_expert,PLS_C0,C0_base,PLS,"{""model__n_components"": 2}",1.0,3.0,,,,
state_random,state_random_07,base_expert,Ridge_C3,C3_base_agro_plus_discovery,Ridge,"{""model__alpha"": 1000.0}",1.0,3.0,,,,
state_random,state_random_07,base_expert,CatBoost_C1,C1_agronomic,CatBoost,"{""model__depth"": 5, ""model__l2_leaf_reg"": 10.0, ""model__learning_rate"": 0.03}",1.0,3.0,,,,
state_random,state_random_07,base_expert,ExtraTrees_C1,C1_agronomic,ExtraTrees,"{""model__max_features"": 0.3, ""model__min_samples_leaf"": 3}",1.0,3.0,,,,
state_random,state_random_07,base_expert,PLS_C0,C0_base,PLS,"{""model__n_components"": 2}",1.0,4.0,,,,
state_random,state_random_07,base_expert,Ridge_C3,C3_base_agro_plus_discovery,Ridge,"{""model__alpha"": 1000.0}",1.0,4.0,,,,
state_random,state_random_07,base_expert,CatBoost_C1,C1_agronomic,CatBoost,"{""model__depth"": 5, ""model__l2_leaf_reg"": 3.0, ""model__learning_rate"": 0.06}",1.0,4.0,,,,
state_random,state_random_07,base_expert,ExtraTrees_C1,C1_agronomic,ExtraTrees,"{""model__max_features"": 0.3, ""model__min_samples_leaf"": 3}",1.0,4.0,,,,
state_random,state_random_07,base_expert,PLS_C0,C0_base,PLS,"{""model__n_components"": 2}",1.0,5.0,,,,
state_random,state_random_07,base_expert,Ridge_C3,C3_base_agro_plus_discovery,Ridge,"{""model__alpha"": 1000.0}",1.0,5.0,,,,
state_random,state_random_07,base_expert,CatBoost_C1,C1_agronomic,CatBoost,"{""model__depth"": 4, ""model__l2_leaf_reg"": 6.0, ""model__learning_rate"": 0.06}",1.0,5.0,,,,
state_random,state_random_07,base_expert,ExtraTrees_C1,C1_agronomic,ExtraTrees,"{""model__max_features"": 0.3, ""model__min_samples_leaf"": 3}",1.0,5.0,,,,
state_random,state_random_07,base_expert,PLS_C0,C0_base,PLS,"{""model__n_components"": 2}",,,,,,
state_random,state_random_07,base_expert,Ridge_C3,C3_base_agro_plus_discovery,Ridge,"{""model__alpha"": 1000.0}",,,,,,
state_random,state_random_07,base_expert,CatBoost_C1,C1_agronomic,CatBoost,"{""model__depth"": 5, ""model__l2_leaf_reg"": 10.0, ""model__learning_rate"": 0.03}",,,,,,
state_random,state_random_07,base_expert,ExtraTrees_C1,C1_agronomic,ExtraTrees,"{""model__max_features"": 0.3, ""model__min_samples_leaf"": 3}",,,,,,
state_random,state_random_07,meta_model,,,,,,,ConvexStack,convex,"{""l2"": 0.01}",0.46638030988546336
state_random,state_random_07,meta_model,,,,,,,RidgeStack,ridge,"{""alpha"": 1.0}",0.484951359227741
state_random,state_random_07,meta_model,,,,,,,ElasticNetStack,elastic_net,"{""alpha"": 0.01, ""l1_ratio"": 0.5}",0.48288337693955324
state_random,state_random_07,meta_model,,,,,,,HuberStack,huber,"{""alpha"": 0.0001, ""epsilon"": 1.2}",0.47705288975108917
state_random,state_random_07,meta_model,,,,,,,ExtraTreesStack,extra_trees,"{""max_depth"": 2, ""max_features"": 0.75, ""min_samples_leaf"": 6}",0.46229149799229735
state_random,state_random_07,meta_model,,,,,,,HistGBStack,hist_gradient_boosting,"{""l2_regularization"": 5.0, ""learning_rate"": 0.03, ""max_leaf_nodes"": 7}",0.5147308671404293
state_random,state_random_07,meta_model,,,,,,,MoE_Support,mixture_of_experts,"{""l2"": 100.0}",0.48343641186817077
state_random,state_random_08,base_expert,PLS_C0,C0_base,PLS,"{""model__n_components"": 2}",0.0,1.0,,,,
state_random,state_random_08,base_expert,Ridge_C3,C3_base_agro_plus_discovery,Ridge,"{""model__alpha"": 1000.0}",0.0,1.0,,,,
state_random,state_random_08,base_expert,CatBoost_C1,C1_agronomic,CatBoost,"{""model__depth"": 4, ""model__l2_leaf_reg"": 3.0, ""model__learning_rate"": 0.03}",0.0,1.0,,,,
state_random,state_random_08,base_expert,ExtraTrees_C1,C1_agronomic,ExtraTrees,"{""model__max_features"": 0.3, ""model__min_samples_leaf"": 2}",0.0,1.0,,,,
state_random,state_random_08,base_expert,PLS_C0,C0_base,PLS,"{""model__n_components"": 8}",0.0,2.0,,,,
state_random,state_random_08,base_expert,Ridge_C3,C3_base_agro_plus_discovery,Ridge,"{""model__alpha"": 1000.0}",0.0,2.0,,,,
state_random,state_random_08,base_expert,CatBoost_C1,C1_agronomic,CatBoost,"{""model__depth"": 4, ""model__l2_leaf_reg"": 6.0, ""model__learning_rate"": 0.06}",0.0,2.0,,,,
state_random,state_random_08,base_expert,ExtraTrees_C1,C1_agronomic,ExtraTrees,"{""model__max_features"": ""sqrt"", ""model__min_samples_leaf"": 2}",0.0,2.0,,,,
state_random,state_random_08,base_expert,PLS_C0,C0_base,PLS,"{""model__n_components"": 2}",0.0,3.0,,,,
state_random,state_random_08,base_expert,Ridge_C3,C3_base_agro_plus_discovery,Ridge,"{""model__alpha"": 1000.0}",0.0,3.0,,,,
state_random,state_random_08,base_expert,CatBoost_C1,C1_agronomic,CatBoost,"{""model__depth"": 4, ""model__l2_leaf_reg"": 6.0, ""model__learning_rate"": 0.06}",0.0,3.0,,,,
state_random,state_random_08,base_expert,ExtraTrees_C1,C1_agronomic,ExtraTrees,"{""model__max_features"": ""sqrt"", ""model__min_samples_leaf"": 2}",0.0,3.0,,,,
state_random,state_random_08,base_expert,PLS_C0,C0_base,PLS,"{""model__n_components"": 4}",0.0,4.0,,,,
state_random,state_random_08,base_expert,Ridge_C3,C3_base_agro_plus_discovery,Ridge,"{""model__alpha"": 1000.0}",0.0,4.0,,,,
state_random,state_random_08,base_expert,CatBoost_C1,C1_agronomic,CatBoost,"{""model__depth"": 4, ""model__l2_leaf_reg"": 6.0, ""model__learning_rate"": 0.06}",0.0,4.0,,,,
state_random,state_random_08,base_expert,ExtraTrees_C1,C1_agronomic,ExtraTrees,"{""model__max_features"": ""sqrt"", ""model__min_samples_leaf"": 2}",0.0,4.0,,,,
state_random,state_random_08,base_expert,PLS_C0,C0_base,PLS,"{""model__n_components"": 2}",0.0,5.0,,,,
state_random,state_random_08,base_expert,Ridge_C3,C3_base_agro_plus_discovery,Ridge,"{""model__alpha"": 1000.0}",0.0,5.0,,,,
state_random,state_random_08,base_expert,CatBoost_C1,C1_agronomic,CatBoost,"{""model__depth"": 4, ""model__l2_leaf_reg"": 6.0, ""model__learning_rate"": 0.06}",0.0,5.0,,,,
state_random,state_random_08,base_expert,ExtraTrees_C1,C1_agronomic,ExtraTrees,"{""model__max_features"": ""sqrt"", ""model__min_samples_leaf"": 2}",0.0,5.0,,,,
state_random,state_random_08,base_expert,PLS_C0,C0_base,PLS,"{""model__n_components"": 4}",1.0,1.0,,,,
state_random,state_random_08,base_expert,Ridge_C3,C3_base_agro_plus_discovery,Ridge,"{""model__alpha"": 100.0}",1.0,1.0,,,,
state_random,state_random_08,base_expert,CatBoost_C1,C1_agronomic,CatBoost,"{""model__depth"": 4, ""model__l2_leaf_reg"": 6.0, ""model__learning_rate"": 0.06}",1.0,1.0,,,,
state_random,state_random_08,base_expert,ExtraTrees_C1,C1_agronomic,ExtraTrees,"{""model__max_features"": ""sqrt"", ""model__min_samples_leaf"": 2}",1.0,1.0,,,,
state_random,state_random_08,base_expert,PLS_C0,C0_base,PLS,"{""model__n_components"": 2}",1.0,2.0,,,,
state_random,state_random_08,base_expert,Ridge_C3,C3_base_agro_plus_discovery,Ridge,"{""model__alpha"": 1000.0}",1.0,2.0,,,,
state_random,state_random_08,base_expert,CatBoost_C1,C1_agronomic,CatBoost,"{""model__depth"": 4, ""model__l2_leaf_reg"": 6.0, ""model__learning_rate"": 0.06}",1.0,2.0,,,,
state_random,state_random_08,base_expert,ExtraTrees_C1,C1_agronomic,ExtraTrees,"{""model__max_features"": ""sqrt"", ""model__min_samples_leaf"": 2}",1.0,2.0,,,,
state_random,state_random_08,base_expert,PLS_C0,C0_base,PLS,"{""model__n_components"": 2}",1.0,3.0,,,,
state_random,state_random_08,base_expert,Ridge_C3,C3_base_agro_plus_discovery,Ridge,"{""model__alpha"": 1000.0}",1.0,3.0,,,,
state_random,state_random_08,base_expert,CatBoost_C1,C1_agronomic,CatBoost,"{""model__depth"": 4, ""model__l2_leaf_reg"": 6.0, ""model__learning_rate"": 0.06}",1.0,3.0,,,,
state_random,state_random_08,base_expert,ExtraTrees_C1,C1_agronomic,ExtraTrees,"{""model__max_features"": 0.3, ""model__min_samples_leaf"": 2}",1.0,3.0,,,,
state_random,state_random_08,base_expert,PLS_C0,C0_base,PLS,"{""model__n_components"": 2}",1.0,4.0,,,,
state_random,state_random_08,base_expert,Ridge_C3,C3_base_agro_plus_discovery,Ridge,"{""model__alpha"": 1000.0}",1.0,4.0,,,,
state_random,state_random_08,base_expert,CatBoost_C1,C1_agronomic,CatBoost,"{""model__depth"": 4, ""model__l2_leaf_reg"": 3.0, ""model__learning_rate"": 0.03}",1.0,4.0,,,,
state_random,state_random_08,base_expert,ExtraTrees_C1,C1_agronomic,ExtraTrees,"{""model__max_features"": ""sqrt"", ""model__min_samples_leaf"": 2}",1.0,4.0,,,,
state_random,state_random_08,base_expert,PLS_C0,C0_base,PLS,"{""model__n_components"": 2}",1.0,5.0,,,,
state_random,state_random_08,base_expert,Ridge_C3,C3_base_agro_plus_discovery,Ridge,"{""model__alpha"": 1000.0}",1.0,5.0,,,,
state_random,state_random_08,base_expert,CatBoost_C1,C1_agronomic,CatBoost,"{""model__depth"": 4, ""model__l2_leaf_reg"": 6.0, ""model__learning_rate"": 0.06}",1.0,5.0,,,,
state_random,state_random_08,base_expert,ExtraTrees_C1,C1_agronomic,ExtraTrees,"{""model__max_features"": ""sqrt"", ""model__min_samples_leaf"": 2}",1.0,5.0,,,,
state_random,state_random_08,base_expert,PLS_C0,C0_base,PLS,"{""model__n_components"": 8}",,,,,,
state_random,state_random_08,base_expert,Ridge_C3,C3_base_agro_plus_discovery,Ridge,"{""model__alpha"": 1000.0}",,,,,,
state_random,state_random_08,base_expert,CatBoost_C1,C1_agronomic,CatBoost,"{""model__depth"": 4, ""model__l2_leaf_reg"": 6.0, ""model__learning_rate"": 0.06}",,,,,,
state_random,state_random_08,base_expert,ExtraTrees_C1,C1_agronomic,ExtraTrees,"{""model__max_features"": ""sqrt"", ""model__min_samples_leaf"": 2}",,,,,,
state_random,state_random_08,meta_model,,,,,,,ConvexStack,convex,"{""l2"": 0.1}",0.3991252874819349
state_random,state_random_08,meta_model,,,,,,,RidgeStack,ridge,"{""alpha"": 10.0}",0.40529564657965506
state_random,state_random_08,meta_model,,,,,,,ElasticNetStack,elastic_net,"{""alpha"": 0.01, ""l1_ratio"": 0.5}",0.4101229325840558
state_random,state_random_08,meta_model,,,,,,,HuberStack,huber,"{""alpha"": 0.0001, ""epsilon"": 1.2}",0.41001431222015344
state_random,state_random_08,meta_model,,,,,,,ExtraTreesStack,extra_trees,"{""max_depth"": 4, ""max_features"": 1.0, ""min_samples_leaf"": 10}",0.39029741489878933
state_random,state_random_08,meta_model,,,,,,,HistGBStack,hist_gradient_boosting,"{""l2_regularization"": 5.0, ""learning_rate"": 0.03, ""max_leaf_nodes"": 7}",0.43693485900436047
state_random,state_random_08,meta_model,,,,,,,MoE_Support,mixture_of_experts,"{""l2"": 0.1}",0.38934373499253594
fold_state_stratified,fold_state_stratified_fold1,base_expert,PLS_C0,C0_base,PLS,"{""model__n_components"": 2}",0.0,1.0,,,,
fold_state_stratified,fold_state_stratified_fold1,base_expert,Ridge_C3,C3_base_agro_plus_discovery,Ridge,"{""model__alpha"": 1000.0}",0.0,1.0,,,,
fold_state_stratified,fold_state_stratified_fold1,base_expert,CatBoost_C1,C1_agronomic,CatBoost,"{""model__depth"": 4, ""model__l2_leaf_reg"": 6.0, ""model__learning_rate"": 0.06}",0.0,1.0,,,,
fold_state_stratified,fold_state_stratified_fold1,base_expert,ExtraTrees_C1,C1_agronomic,ExtraTrees,"{""model__max_features"": 0.3, ""model__min_samples_leaf"": 3}",0.0,1.0,,,,
fold_state_stratified,fold_state_stratified_fold1,base_expert,PLS_C0,C0_base,PLS,"{""model__n_components"": 2}",0.0,2.0,,,,
fold_state_stratified,fold_state_stratified_fold1,base_expert,Ridge_C3,C3_base_agro_plus_discovery,Ridge,"{""model__alpha"": 1000.0}",0.0,2.0,,,,
fold_state_stratified,fold_state_stratified_fold1,base_expert,CatBoost_C1,C1_agronomic,CatBoost,"{""model__depth"": 5, ""model__l2_leaf_reg"": 3.0, ""model__learning_rate"": 0.06}",0.0,2.0,,,,
fold_state_stratified,fold_state_stratified_fold1,base_expert,ExtraTrees_C1,C1_agronomic,ExtraTrees,"{""model__max_features"": 0.3, ""model__min_samples_leaf"": 5}",0.0,2.0,,,,
fold_state_stratified,fold_state_stratified_fold1,base_expert,PLS_C0,C0_base,PLS,"{""model__n_components"": 2}",0.0,3.0,,,,
fold_state_stratified,fold_state_stratified_fold1,base_expert,Ridge_C3,C3_base_agro_plus_discovery,Ridge,"{""model__alpha"": 1000.0}",0.0,3.0,,,,
fold_state_stratified,fold_state_stratified_fold1,base_expert,CatBoost_C1,C1_agronomic,CatBoost,"{""model__depth"": 5, ""model__l2_leaf_reg"": 3.0, ""model__learning_rate"": 0.06}",0.0,3.0,,,,
fold_state_stratified,fold_state_stratified_fold1,base_expert,ExtraTrees_C1,C1_agronomic,ExtraTrees,"{""model__max_features"": ""sqrt"", ""model__min_samples_leaf"": 2}",0.0,3.0,,,,
fold_state_stratified,fold_state_stratified_fold1,base_expert,PLS_C0,C0_base,PLS,"{""model__n_components"": 2}",0.0,4.0,,,,
fold_state_stratified,fold_state_stratified_fold1,base_expert,Ridge_C3,C3_base_agro_plus_discovery,Ridge,"{""model__alpha"": 1000.0}",0.0,4.0,,,,
fold_state_stratified,fold_state_stratified_fold1,base_expert,CatBoost_C1,C1_agronomic,CatBoost,"{""model__depth"": 4, ""model__l2_leaf_reg"": 3.0, ""model__learning_rate"": 0.03}",0.0,4.0,,,,
fold_state_stratified,fold_state_stratified_fold1,base_expert,ExtraTrees_C1,C1_agronomic,ExtraTrees,"{""model__max_features"": 0.3, ""model__min_samples_leaf"": 2}",0.0,4.0,,,,
fold_state_stratified,fold_state_stratified_fold1,base_expert,PLS_C0,C0_base,PLS,"{""model__n_components"": 2}",0.0,5.0,,,,
fold_state_stratified,fold_state_stratified_fold1,base_expert,Ridge_C3,C3_base_agro_plus_discovery,Ridge,"{""model__alpha"": 1000.0}",0.0,5.0,,,,
fold_state_stratified,fold_state_stratified_fold1,base_expert,CatBoost_C1,C1_agronomic,CatBoost,"{""model__depth"": 4, ""model__l2_leaf_reg"": 3.0, ""model__learning_rate"": 0.03}",0.0,5.0,,,,
fold_state_stratified,fold_state_stratified_fold1,base_expert,ExtraTrees_C1,C1_agronomic,ExtraTrees,"{""model__max_features"": ""sqrt"", ""model__min_samples_leaf"": 2}",0.0,5.0,,,,
fold_state_stratified,fold_state_stratified_fold1,base_expert,PLS_C0,C0_base,PLS,"{""model__n_components"": 4}",1.0,1.0,,,,
fold_state_stratified,fold_state_stratified_fold1,base_expert,Ridge_C3,C3_base_agro_plus_discovery,Ridge,"{""model__alpha"": 1000.0}",1.0,1.0,,,,
fold_state_stratified,fold_state_stratified_fold1,base_expert,CatBoost_C1,C1_agronomic,CatBoost,"{""model__depth"": 5, ""model__l2_leaf_reg"": 3.0, ""model__learning_rate"": 0.06}",1.0,1.0,,,,
fold_state_stratified,fold_state_stratified_fold1,base_expert,ExtraTrees_C1,C1_agronomic,ExtraTrees,"{""model__max_features"": 0.3, ""model__min_samples_leaf"": 2}",1.0,1.0,,,,
fold_state_stratified,fold_state_stratified_fold1,base_expert,PLS_C0,C0_base,PLS,"{""model__n_components"": 2}",1.0,2.0,,,,
fold_state_stratified,fold_state_stratified_fold1,base_expert,Ridge_C3,C3_base_agro_plus_discovery,Ridge,"{""model__alpha"": 1000.0}",1.0,2.0,,,,
fold_state_stratified,fold_state_stratified_fold1,base_expert,CatBoost_C1,C1_agronomic,CatBoost,"{""model__depth"": 4, ""model__l2_leaf_reg"": 3.0, ""model__learning_rate"": 0.03}",1.0,2.0,,,,
fold_state_stratified,fold_state_stratified_fold1,base_expert,ExtraTrees_C1,C1_agronomic,ExtraTrees,"{""model__max_features"": ""sqrt"", ""model__min_samples_leaf"": 2}",1.0,2.0,,,,
fold_state_stratified,fold_state_stratified_fold1,base_expert,PLS_C0,C0_base,PLS,"{""model__n_components"": 2}",1.0,3.0,,,,
fold_state_stratified,fold_state_stratified_fold1,base_expert,Ridge_C3,C3_base_agro_plus_discovery,Ridge,"{""model__alpha"": 1000.0}",1.0,3.0,,,,
fold_state_stratified,fold_state_stratified_fold1,base_expert,CatBoost_C1,C1_agronomic,CatBoost,"{""model__depth"": 6, ""model__l2_leaf_reg"": 6.0, ""model__learning_rate"": 0.03}",1.0,3.0,,,,
fold_state_stratified,fold_state_stratified_fold1,base_expert,ExtraTrees_C1,C1_agronomic,ExtraTrees,"{""model__max_features"": 0.3, ""model__min_samples_leaf"": 5}",1.0,3.0,,,,
fold_state_stratified,fold_state_stratified_fold1,base_expert,PLS_C0,C0_base,PLS,"{""model__n_components"": 2}",1.0,4.0,,,,
fold_state_stratified,fold_state_stratified_fold1,base_expert,Ridge_C3,C3_base_agro_plus_discovery,Ridge,"{""model__alpha"": 1000.0}",1.0,4.0,,,,
fold_state_stratified,fold_state_stratified_fold1,base_expert,CatBoost_C1,C1_agronomic,CatBoost,"{""model__depth"": 4, ""model__l2_leaf_reg"": 6.0, ""model__learning_rate"": 0.06}",1.0,4.0,,,,
fold_state_stratified,fold_state_stratified_fold1,base_expert,ExtraTrees_C1,C1_agronomic,ExtraTrees,"{""model__max_features"": 0.3, ""model__min_samples_leaf"": 2}",1.0,4.0,,,,
fold_state_stratified,fold_state_stratified_fold1,base_expert,PLS_C0,C0_base,PLS,"{""model__n_components"": 2}",1.0,5.0,,,,
fold_state_stratified,fold_state_stratified_fold1,base_expert,Ridge_C3,C3_base_agro_plus_discovery,Ridge,"{""model__alpha"": 1000.0}",1.0,5.0,,,,
fold_state_stratified,fold_state_stratified_fold1,base_expert,CatBoost_C1,C1_agronomic,CatBoost,"{""model__depth"": 5, ""model__l2_leaf_reg"": 10.0, ""model__learning_rate"": 0.03}",1.0,5.0,,,,
fold_state_stratified,fold_state_stratified_fold1,base_expert,ExtraTrees_C1,C1_agronomic,ExtraTrees,"{""model__max_features"": 0.3, ""model__min_samples_leaf"": 5}",1.0,5.0,,,,
fold_state_stratified,fold_state_stratified_fold1,base_expert,PLS_C0,C0_base,PLS,"{""model__n_components"": 2}",,,,,,
fold_state_stratified,fold_state_stratified_fold1,base_expert,Ridge_C3,C3_base_agro_plus_discovery,Ridge,"{""model__alpha"": 1000.0}",,,,,,
fold_state_stratified,fold_state_stratified_fold1,base_expert,CatBoost_C1,C1_agronomic,CatBoost,"{""model__depth"": 4, ""model__l2_leaf_reg"": 6.0, ""model__learning_rate"": 0.06}",,,,,,
fold_state_stratified,fold_state_stratified_fold1,base_expert,ExtraTrees_C1,C1_agronomic,ExtraTrees,"{""model__max_features"": 0.3, ""model__min_samples_leaf"": 3}",,,,,,
fold_state_stratified,fold_state_stratified_fold1,meta_model,,,,,,,ConvexStack,convex,"{""l2"": 0.01}",0.45829833586115376
fold_state_stratified,fold_state_stratified_fold1,meta_model,,,,,,,RidgeStack,ridge,"{""alpha"": 0.1}",0.4708793187972525
fold_state_stratified,fold_state_stratified_fold1,meta_model,,,,,,,ElasticNetStack,elastic_net,"{""alpha"": 0.001, ""l1_ratio"": 0.1}",0.4710003486795539
fold_state_stratified,fold_state_stratified_fold1,meta_model,,,,,,,HuberStack,huber,"{""alpha"": 0.0001, ""epsilon"": 1.2}",0.4657486219624257
fold_state_stratified,fold_state_stratified_fold1,meta_model,,,,,,,ExtraTreesStack,extra_trees,"{""max_depth"": 3, ""max_features"": 1.0, ""min_samples_leaf"": 8}",0.4513014609733538
fold_state_stratified,fold_state_stratified_fold1,meta_model,,,,,,,HistGBStack,hist_gradient_boosting,"{""l2_regularization"": 1.0, ""learning_rate"": 0.03, ""max_leaf_nodes"": 5}",0.47417715174998054
fold_state_stratified,fold_state_stratified_fold1,meta_model,,,,,,,MoE_Support,mixture_of_experts,"{""l2"": 10.0}",0.468455593272151
fold_state_stratified,fold_state_stratified_fold2,base_expert,PLS_C0,C0_base,PLS,"{""model__n_components"": 2}",0.0,1.0,,,,
fold_state_stratified,fold_state_stratified_fold2,base_expert,Ridge_C3,C3_base_agro_plus_discovery,Ridge,"{""model__alpha"": 1000.0}",0.0,1.0,,,,
fold_state_stratified,fold_state_stratified_fold2,base_expert,CatBoost_C1,C1_agronomic,CatBoost,"{""model__depth"": 5, ""model__l2_leaf_reg"": 10.0, ""model__learning_rate"": 0.03}",0.0,1.0,,,,
fold_state_stratified,fold_state_stratified_fold2,base_expert,ExtraTrees_C1,C1_agronomic,ExtraTrees,"{""model__max_features"": 0.3, ""model__min_samples_leaf"": 3}",0.0,1.0,,,,
fold_state_stratified,fold_state_stratified_fold2,base_expert,PLS_C0,C0_base,PLS,"{""model__n_components"": 2}",0.0,2.0,,,,
fold_state_stratified,fold_state_stratified_fold2,base_expert,Ridge_C3,C3_base_agro_plus_discovery,Ridge,"{""model__alpha"": 1000.0}",0.0,2.0,,,,
fold_state_stratified,fold_state_stratified_fold2,base_expert,CatBoost_C1,C1_agronomic,CatBoost,"{""model__depth"": 6, ""model__l2_leaf_reg"": 10.0, ""model__learning_rate"": 0.06}",0.0,2.0,,,,
fold_state_stratified,fold_state_stratified_fold2,base_expert,ExtraTrees_C1,C1_agronomic,ExtraTrees,"{""model__max_features"": 0.3, ""model__min_samples_leaf"": 3}",0.0,2.0,,,,
fold_state_stratified,fold_state_stratified_fold2,base_expert,PLS_C0,C0_base,PLS,"{""model__n_components"": 2}",0.0,3.0,,,,
fold_state_stratified,fold_state_stratified_fold2,base_expert,Ridge_C3,C3_base_agro_plus_discovery,Ridge,"{""model__alpha"": 1000.0}",0.0,3.0,,,,
fold_state_stratified,fold_state_stratified_fold2,base_expert,CatBoost_C1,C1_agronomic,CatBoost,"{""model__depth"": 4, ""model__l2_leaf_reg"": 3.0, ""model__learning_rate"": 0.03}",0.0,3.0,,,,
fold_state_stratified,fold_state_stratified_fold2,base_expert,ExtraTrees_C1,C1_agronomic,ExtraTrees,"{""model__max_features"": 0.3, ""model__min_samples_leaf"": 2}",0.0,3.0,,,,
fold_state_stratified,fold_state_stratified_fold2,base_expert,PLS_C0,C0_base,PLS,"{""model__n_components"": 2}",0.0,4.0,,,,
fold_state_stratified,fold_state_stratified_fold2,base_expert,Ridge_C3,C3_base_agro_plus_discovery,Ridge,"{""model__alpha"": 1000.0}",0.0,4.0,,,,
fold_state_stratified,fold_state_stratified_fold2,base_expert,CatBoost_C1,C1_agronomic,CatBoost,"{""model__depth"": 4, ""model__l2_leaf_reg"": 6.0, ""model__learning_rate"": 0.06}",0.0,4.0,,,,
fold_state_stratified,fold_state_stratified_fold2,base_expert,ExtraTrees_C1,C1_agronomic,ExtraTrees,"{""model__max_features"": 0.3, ""model__min_samples_leaf"": 3}",0.0,4.0,,,,
fold_state_stratified,fold_state_stratified_fold2,base_expert,PLS_C0,C0_base,PLS,"{""model__n_components"": 2}",0.0,5.0,,,,
fold_state_stratified,fold_state_stratified_fold2,base_expert,Ridge_C3,C3_base_agro_plus_discovery,Ridge,"{""model__alpha"": 1000.0}",0.0,5.0,,,,
fold_state_stratified,fold_state_stratified_fold2,base_expert,CatBoost_C1,C1_agronomic,CatBoost,"{""model__depth"": 4, ""model__l2_leaf_reg"": 3.0, ""model__learning_rate"": 0.03}",0.0,5.0,,,,
fold_state_stratified,fold_state_stratified_fold2,base_expert,ExtraTrees_C1,C1_agronomic,ExtraTrees,"{""model__max_features"": 0.3, ""model__min_samples_leaf"": 2}",0.0,5.0,,,,
fold_state_stratified,fold_state_stratified_fold2,base_expert,PLS_C0,C0_base,PLS,"{""model__n_components"": 2}",1.0,1.0,,,,
fold_state_stratified,fold_state_stratified_fold2,base_expert,Ridge_C3,C3_base_agro_plus_discovery,Ridge,"{""model__alpha"": 1000.0}",1.0,1.0,,,,
fold_state_stratified,fold_state_stratified_fold2,base_expert,CatBoost_C1,C1_agronomic,CatBoost,"{""model__depth"": 5, ""model__l2_leaf_reg"": 10.0, ""model__learning_rate"": 0.03}",1.0,1.0,,,,
fold_state_stratified,fold_state_stratified_fold2,base_expert,ExtraTrees_C1,C1_agronomic,ExtraTrees,"{""model__max_features"": 0.3, ""model__min_samples_leaf"": 3}",1.0,1.0,,,,
fold_state_stratified,fold_state_stratified_fold2,base_expert,PLS_C0,C0_base,PLS,"{""model__n_components"": 2}",1.0,2.0,,,,
fold_state_stratified,fold_state_stratified_fold2,base_expert,Ridge_C3,C3_base_agro_plus_discovery,Ridge,"{""model__alpha"": 1000.0}",1.0,2.0,,,,
fold_state_stratified,fold_state_stratified_fold2,base_expert,CatBoost_C1,C1_agronomic,CatBoost,"{""model__depth"": 4, ""model__l2_leaf_reg"": 6.0, ""model__learning_rate"": 0.06}",1.0,2.0,,,,
fold_state_stratified,fold_state_stratified_fold2,base_expert,ExtraTrees_C1,C1_agronomic,ExtraTrees,"{""model__max_features"": 0.3, ""model__min_samples_leaf"": 5}",1.0,2.0,,,,
fold_state_stratified,fold_state_stratified_fold2,base_expert,PLS_C0,C0_base,PLS,"{""model__n_components"": 2}",1.0,3.0,,,,
fold_state_stratified,fold_state_stratified_fold2,base_expert,Ridge_C3,C3_base_agro_plus_discovery,Ridge,"{""model__alpha"": 1000.0}",1.0,3.0,,,,
fold_state_stratified,fold_state_stratified_fold2,base_expert,CatBoost_C1,C1_agronomic,CatBoost,"{""model__depth"": 5, ""model__l2_leaf_reg"": 3.0, ""model__learning_rate"": 0.06}",1.0,3.0,,,,
fold_state_stratified,fold_state_stratified_fold2,base_expert,ExtraTrees_C1,C1_agronomic,ExtraTrees,"{""model__max_features"": ""sqrt"", ""model__min_samples_leaf"": 2}",1.0,3.0,,,,
fold_state_stratified,fold_state_stratified_fold2,base_expert,PLS_C0,C0_base,PLS,"{""model__n_components"": 2}",1.0,4.0,,,,
fold_state_stratified,fold_state_stratified_fold2,base_expert,Ridge_C3,C3_base_agro_plus_discovery,Ridge,"{""model__alpha"": 1000.0}",1.0,4.0,,,,
fold_state_stratified,fold_state_stratified_fold2,base_expert,CatBoost_C1,C1_agronomic,CatBoost,"{""model__depth"": 4, ""model__l2_leaf_reg"": 3.0, ""model__learning_rate"": 0.03}",1.0,4.0,,,,
fold_state_stratified,fold_state_stratified_fold2,base_expert,ExtraTrees_C1,C1_agronomic,ExtraTrees,"{""model__max_features"": 0.3, ""model__min_samples_leaf"": 2}",1.0,4.0,,,,
fold_state_stratified,fold_state_stratified_fold2,base_expert,PLS_C0,C0_base,PLS,"{""model__n_components"": 2}",1.0,5.0,,,,
fold_state_stratified,fold_state_stratified_fold2,base_expert,Ridge_C3,C3_base_agro_plus_discovery,Ridge,"{""model__alpha"": 1000.0}",1.0,5.0,,,,
fold_state_stratified,fold_state_stratified_fold2,base_expert,CatBoost_C1,C1_agronomic,CatBoost,"{""model__depth"": 5, ""model__l2_leaf_reg"": 3.0, ""model__learning_rate"": 0.06}",1.0,5.0,,,,
fold_state_stratified,fold_state_stratified_fold2,base_expert,ExtraTrees_C1,C1_agronomic,ExtraTrees,"{""model__max_features"": ""sqrt"", ""model__min_samples_leaf"": 3}",1.0,5.0,,,,
fold_state_stratified,fold_state_stratified_fold2,base_expert,PLS_C0,C0_base,PLS,"{""model__n_components"": 2}",,,,,,
fold_state_stratified,fold_state_stratified_fold2,base_expert,Ridge_C3,C3_base_agro_plus_discovery,Ridge,"{""model__alpha"": 1000.0}",,,,,,
fold_state_stratified,fold_state_stratified_fold2,base_expert,CatBoost_C1,C1_agronomic,CatBoost,"{""model__depth"": 5, ""model__l2_leaf_reg"": 3.0, ""model__learning_rate"": 0.06}",,,,,,
fold_state_stratified,fold_state_stratified_fold2,base_expert,ExtraTrees_C1,C1_agronomic,ExtraTrees,"{""model__max_features"": 0.3, ""model__min_samples_leaf"": 3}",,,,,,
fold_state_stratified,fold_state_stratified_fold2,meta_model,,,,,,,ConvexStack,convex,"{""l2"": 0.1}",0.4775253832801226
fold_state_stratified,fold_state_stratified_fold2,meta_model,,,,,,,RidgeStack,ridge,"{""alpha"": 10.0}",0.48610830811325023
fold_state_stratified,fold_state_stratified_fold2,meta_model,,,,,,,ElasticNetStack,elastic_net,"{""alpha"": 0.1, ""l1_ratio"": 0.5}",0.49319728506488286
fold_state_stratified,fold_state_stratified_fold2,meta_model,,,,,,,HuberStack,huber,"{""alpha"": 0.0001, ""epsilon"": 1.2}",0.49322054274464905
fold_state_stratified,fold_state_stratified_fold2,meta_model,,,,,,,ExtraTreesStack,extra_trees,"{""max_depth"": 4, ""max_features"": 1.0, ""min_samples_leaf"": 10}",0.45784215703738546
fold_state_stratified,fold_state_stratified_fold2,meta_model,,,,,,,HistGBStack,hist_gradient_boosting,"{""l2_regularization"": 5.0, ""learning_rate"": 0.03, ""max_leaf_nodes"": 7}",0.5246541730499554
fold_state_stratified,fold_state_stratified_fold2,meta_model,,,,,,,MoE_Support,mixture_of_experts,"{""l2"": 1.0}",0.4770788832097878
fold_state_stratified,fold_state_stratified_fold3,base_expert,PLS_C0,C0_base,PLS,"{""model__n_components"": 2}",0.0,1.0,,,,
fold_state_stratified,fold_state_stratified_fold3,base_expert,Ridge_C3,C3_base_agro_plus_discovery,Ridge,"{""model__alpha"": 1000.0}",0.0,1.0,,,,
fold_state_stratified,fold_state_stratified_fold3,base_expert,CatBoost_C1,C1_agronomic,CatBoost,"{""model__depth"": 4, ""model__l2_leaf_reg"": 3.0, ""model__learning_rate"": 0.03}",0.0,1.0,,,,
fold_state_stratified,fold_state_stratified_fold3,base_expert,ExtraTrees_C1,C1_agronomic,ExtraTrees,"{""model__max_features"": 0.3, ""model__min_samples_leaf"": 2}",0.0,1.0,,,,
fold_state_stratified,fold_state_stratified_fold3,base_expert,PLS_C0,C0_base,PLS,"{""model__n_components"": 2}",0.0,2.0,,,,
fold_state_stratified,fold_state_stratified_fold3,base_expert,Ridge_C3,C3_base_agro_plus_discovery,Ridge,"{""model__alpha"": 1000.0}",0.0,2.0,,,,
fold_state_stratified,fold_state_stratified_fold3,base_expert,CatBoost_C1,C1_agronomic,CatBoost,"{""model__depth"": 4, ""model__l2_leaf_reg"": 6.0, ""model__learning_rate"": 0.06}",0.0,2.0,,,,
fold_state_stratified,fold_state_stratified_fold3,base_expert,ExtraTrees_C1,C1_agronomic,ExtraTrees,"{""model__max_features"": ""sqrt"", ""model__min_samples_leaf"": 2}",0.0,2.0,,,,
fold_state_stratified,fold_state_stratified_fold3,base_expert,PLS_C0,C0_base,PLS,"{""model__n_components"": 2}",0.0,3.0,,,,
fold_state_stratified,fold_state_stratified_fold3,base_expert,Ridge_C3,C3_base_agro_plus_discovery,Ridge,"{""model__alpha"": 1000.0}",0.0,3.0,,,,
fold_state_stratified,fold_state_stratified_fold3,base_expert,CatBoost_C1,C1_agronomic,CatBoost,"{""model__depth"": 5, ""model__l2_leaf_reg"": 3.0, ""model__learning_rate"": 0.06}",0.0,3.0,,,,
fold_state_stratified,fold_state_stratified_fold3,base_expert,ExtraTrees_C1,C1_agronomic,ExtraTrees,"{""model__max_features"": 0.3, ""model__min_samples_leaf"": 2}",0.0,3.0,,,,
fold_state_stratified,fold_state_stratified_fold3,base_expert,PLS_C0,C0_base,PLS,"{""model__n_components"": 2}",0.0,4.0,,,,
fold_state_stratified,fold_state_stratified_fold3,base_expert,Ridge_C3,C3_base_agro_plus_discovery,Ridge,"{""model__alpha"": 1000.0}",0.0,4.0,,,,
fold_state_stratified,fold_state_stratified_fold3,base_expert,CatBoost_C1,C1_agronomic,CatBoost,"{""model__depth"": 5, ""model__l2_leaf_reg"": 10.0, ""model__learning_rate"": 0.03}",0.0,4.0,,,,
fold_state_stratified,fold_state_stratified_fold3,base_expert,ExtraTrees_C1,C1_agronomic,ExtraTrees,"{""model__max_features"": 0.3, ""model__min_samples_leaf"": 5}",0.0,4.0,,,,
fold_state_stratified,fold_state_stratified_fold3,base_expert,PLS_C0,C0_base,PLS,"{""model__n_components"": 4}",0.0,5.0,,,,
fold_state_stratified,fold_state_stratified_fold3,base_expert,Ridge_C3,C3_base_agro_plus_discovery,Ridge,"{""model__alpha"": 1000.0}",0.0,5.0,,,,
fold_state_stratified,fold_state_stratified_fold3,base_expert,CatBoost_C1,C1_agronomic,CatBoost,"{""model__depth"": 5, ""model__l2_leaf_reg"": 10.0, ""model__learning_rate"": 0.03}",0.0,5.0,,,,
fold_state_stratified,fold_state_stratified_fold3,base_expert,ExtraTrees_C1,C1_agronomic,ExtraTrees,"{""model__max_features"": 0.3, ""model__min_samples_leaf"": 5}",0.0,5.0,,,,
fold_state_stratified,fold_state_stratified_fold3,base_expert,PLS_C0,C0_base,PLS,"{""model__n_components"": 2}",1.0,1.0,,,,
fold_state_stratified,fold_state_stratified_fold3,base_expert,Ridge_C3,C3_base_agro_plus_discovery,Ridge,"{""model__alpha"": 1000.0}",1.0,1.0,,,,
fold_state_stratified,fold_state_stratified_fold3,base_expert,CatBoost_C1,C1_agronomic,CatBoost,"{""model__depth"": 6, ""model__l2_leaf_reg"": 10.0, ""model__learning_rate"": 0.06}",1.0,1.0,,,,
fold_state_stratified,fold_state_stratified_fold3,base_expert,ExtraTrees_C1,C1_agronomic,ExtraTrees,"{""model__max_features"": 0.3, ""model__min_samples_leaf"": 3}",1.0,1.0,,,,
fold_state_stratified,fold_state_stratified_fold3,base_expert,PLS_C0,C0_base,PLS,"{""model__n_components"": 2}",1.0,2.0,,,,
fold_state_stratified,fold_state_stratified_fold3,base_expert,Ridge_C3,C3_base_agro_plus_discovery,Ridge,"{""model__alpha"": 1000.0}",1.0,2.0,,,,
fold_state_stratified,fold_state_stratified_fold3,base_expert,CatBoost_C1,C1_agronomic,CatBoost,"{""model__depth"": 5, ""model__l2_leaf_reg"": 3.0, ""model__learning_rate"": 0.06}",1.0,2.0,,,,
fold_state_stratified,fold_state_stratified_fold3,base_expert,ExtraTrees_C1,C1_agronomic,ExtraTrees,"{""model__max_features"": ""sqrt"", ""model__min_samples_leaf"": 2}",1.0,2.0,,,,
fold_state_stratified,fold_state_stratified_fold3,base_expert,PLS_C0,C0_base,PLS,"{""model__n_components"": 2}",1.0,3.0,,,,
fold_state_stratified,fold_state_stratified_fold3,base_expert,Ridge_C3,C3_base_agro_plus_discovery,Ridge,"{""model__alpha"": 1000.0}",1.0,3.0,,,,
fold_state_stratified,fold_state_stratified_fold3,base_expert,CatBoost_C1,C1_agronomic,CatBoost,"{""model__depth"": 6, ""model__l2_leaf_reg"": 10.0, ""model__learning_rate"": 0.06}",1.0,3.0,,,,
fold_state_stratified,fold_state_stratified_fold3,base_expert,ExtraTrees_C1,C1_agronomic,ExtraTrees,"{""model__max_features"": ""sqrt"", ""model__min_samples_leaf"": 2}",1.0,3.0,,,,
fold_state_stratified,fold_state_stratified_fold3,base_expert,PLS_C0,C0_base,PLS,"{""model__n_components"": 2}",1.0,4.0,,,,
fold_state_stratified,fold_state_stratified_fold3,base_expert,Ridge_C3,C3_base_agro_plus_discovery,Ridge,"{""model__alpha"": 1000.0}",1.0,4.0,,,,
fold_state_stratified,fold_state_stratified_fold3,base_expert,CatBoost_C1,C1_agronomic,CatBoost,"{""model__depth"": 4, ""model__l2_leaf_reg"": 3.0, ""model__learning_rate"": 0.03}",1.0,4.0,,,,
fold_state_stratified,fold_state_stratified_fold3,base_expert,ExtraTrees_C1,C1_agronomic,ExtraTrees,"{""model__max_features"": 0.3, ""model__min_samples_leaf"": 3}",1.0,4.0,,,,
fold_state_stratified,fold_state_stratified_fold3,base_expert,PLS_C0,C0_base,PLS,"{""model__n_components"": 2}",1.0,5.0,,,,
fold_state_stratified,fold_state_stratified_fold3,base_expert,Ridge_C3,C3_base_agro_plus_discovery,Ridge,"{""model__alpha"": 1000.0}",1.0,5.0,,,,
fold_state_stratified,fold_state_stratified_fold3,base_expert,CatBoost_C1,C1_agronomic,CatBoost,"{""model__depth"": 4, ""model__l2_leaf_reg"": 6.0, ""model__learning_rate"": 0.06}",1.0,5.0,,,,
fold_state_stratified,fold_state_stratified_fold3,base_expert,ExtraTrees_C1,C1_agronomic,ExtraTrees,"{""model__max_features"": 0.3, ""model__min_samples_leaf"": 5}",1.0,5.0,,,,
fold_state_stratified,fold_state_stratified_fold3,base_expert,PLS_C0,C0_base,PLS,"{""model__n_components"": 4}",,,,,,
fold_state_stratified,fold_state_stratified_fold3,base_expert,Ridge_C3,C3_base_agro_plus_discovery,Ridge,"{""model__alpha"": 1000.0}",,,,,,
fold_state_stratified,fold_state_stratified_fold3,base_expert,CatBoost_C1,C1_agronomic,CatBoost,"{""model__depth"": 6, ""model__l2_leaf_reg"": 6.0, ""model__learning_rate"": 0.03}",,,,,,
fold_state_stratified,fold_state_stratified_fold3,base_expert,ExtraTrees_C1,C1_agronomic,ExtraTrees,"{""model__max_features"": 0.3, ""model__min_samples_leaf"": 3}",,,,,,
fold_state_stratified,fold_state_stratified_fold3,meta_model,,,,,,,ConvexStack,convex,"{""l2"": 0.01}",0.5213792498350109
fold_state_stratified,fold_state_stratified_fold3,meta_model,,,,,,,RidgeStack,ridge,"{""alpha"": 10.0}",0.5320941636935359
fold_state_stratified,fold_state_stratified_fold3,meta_model,,,,,,,ElasticNetStack,elastic_net,"{""alpha"": 0.1, ""l1_ratio"": 0.5}",0.5337151053134516
fold_state_stratified,fold_state_stratified_fold3,meta_model,,,,,,,HuberStack,huber,"{""alpha"": 0.0001, ""epsilon"": 1.2}",0.5453980762475579
fold_state_stratified,fold_state_stratified_fold3,meta_model,,,,,,,ExtraTreesStack,extra_trees,"{""max_depth"": 3, ""max_features"": 1.0, ""min_samples_leaf"": 8}",0.5115655745931627
fold_state_stratified,fold_state_stratified_fold3,meta_model,,,,,,,HistGBStack,hist_gradient_boosting,"{""l2_regularization"": 1.0, ""learning_rate"": 0.03, ""max_leaf_nodes"": 5}",0.5357199693232471
fold_state_stratified,fold_state_stratified_fold3,meta_model,,,,,,,MoE_Support,mixture_of_experts,"{""l2"": 0.1}",0.528192872426961
fold_state_stratified,fold_state_stratified_fold4,base_expert,PLS_C0,C0_base,PLS,"{""model__n_components"": 2}",0.0,1.0,,,,
fold_state_stratified,fold_state_stratified_fold4,base_expert,Ridge_C3,C3_base_agro_plus_discovery,Ridge,"{""model__alpha"": 1000.0}",0.0,1.0,,,,
fold_state_stratified,fold_state_stratified_fold4,base_expert,CatBoost_C1,C1_agronomic,CatBoost,"{""model__depth"": 5, ""model__l2_leaf_reg"": 10.0, ""model__learning_rate"": 0.03}",0.0,1.0,,,,
fold_state_stratified,fold_state_stratified_fold4,base_expert,ExtraTrees_C1,C1_agronomic,ExtraTrees,"{""model__max_features"": 0.3, ""model__min_samples_leaf"": 2}",0.0,1.0,,,,
fold_state_stratified,fold_state_stratified_fold4,base_expert,PLS_C0,C0_base,PLS,"{""model__n_components"": 2}",0.0,2.0,,,,
fold_state_stratified,fold_state_stratified_fold4,base_expert,Ridge_C3,C3_base_agro_plus_discovery,Ridge,"{""model__alpha"": 1000.0}",0.0,2.0,,,,
fold_state_stratified,fold_state_stratified_fold4,base_expert,CatBoost_C1,C1_agronomic,CatBoost,"{""model__depth"": 5, ""model__l2_leaf_reg"": 10.0, ""model__learning_rate"": 0.03}",0.0,2.0,,,,
fold_state_stratified,fold_state_stratified_fold4,base_expert,ExtraTrees_C1,C1_agronomic,ExtraTrees,"{""model__max_features"": 0.3, ""model__min_samples_leaf"": 5}",0.0,2.0,,,,
fold_state_stratified,fold_state_stratified_fold4,base_expert,PLS_C0,C0_base,PLS,"{""model__n_components"": 4}",0.0,3.0,,,,
fold_state_stratified,fold_state_stratified_fold4,base_expert,Ridge_C3,C3_base_agro_plus_discovery,Ridge,"{""model__alpha"": 1000.0}",0.0,3.0,,,,
fold_state_stratified,fold_state_stratified_fold4,base_expert,CatBoost_C1,C1_agronomic,CatBoost,"{""model__depth"": 5, ""model__l2_leaf_reg"": 3.0, ""model__learning_rate"": 0.06}",0.0,3.0,,,,
fold_state_stratified,fold_state_stratified_fold4,base_expert,ExtraTrees_C1,C1_agronomic,ExtraTrees,"{""model__max_features"": 0.3, ""model__min_samples_leaf"": 2}",0.0,3.0,,,,
fold_state_stratified,fold_state_stratified_fold4,base_expert,PLS_C0,C0_base,PLS,"{""model__n_components"": 4}",0.0,4.0,,,,
fold_state_stratified,fold_state_stratified_fold4,base_expert,Ridge_C3,C3_base_agro_plus_discovery,Ridge,"{""model__alpha"": 1000.0}",0.0,4.0,,,,
fold_state_stratified,fold_state_stratified_fold4,base_expert,CatBoost_C1,C1_agronomic,CatBoost,"{""model__depth"": 4, ""model__l2_leaf_reg"": 6.0, ""model__learning_rate"": 0.06}",0.0,4.0,,,,
fold_state_stratified,fold_state_stratified_fold4,base_expert,ExtraTrees_C1,C1_agronomic,ExtraTrees,"{""model__max_features"": 0.3, ""model__min_samples_leaf"": 2}",0.0,4.0,,,,
fold_state_stratified,fold_state_stratified_fold4,base_expert,PLS_C0,C0_base,PLS,"{""model__n_components"": 4}",0.0,5.0,,,,
fold_state_stratified,fold_state_stratified_fold4,base_expert,Ridge_C3,C3_base_agro_plus_discovery,Ridge,"{""model__alpha"": 1000.0}",0.0,5.0,,,,
fold_state_stratified,fold_state_stratified_fold4,base_expert,CatBoost_C1,C1_agronomic,CatBoost,"{""model__depth"": 5, ""model__l2_leaf_reg"": 3.0, ""model__learning_rate"": 0.06}",0.0,5.0,,,,
fold_state_stratified,fold_state_stratified_fold4,base_expert,ExtraTrees_C1,C1_agronomic,ExtraTrees,"{""model__max_features"": 0.3, ""model__min_samples_leaf"": 5}",0.0,5.0,,,,
fold_state_stratified,fold_state_stratified_fold4,base_expert,PLS_C0,C0_base,PLS,"{""model__n_components"": 2}",1.0,1.0,,,,
fold_state_stratified,fold_state_stratified_fold4,base_expert,Ridge_C3,C3_base_agro_plus_discovery,Ridge,"{""model__alpha"": 1000.0}",1.0,1.0,,,,
fold_state_stratified,fold_state_stratified_fold4,base_expert,CatBoost_C1,C1_agronomic,CatBoost,"{""model__depth"": 4, ""model__l2_leaf_reg"": 3.0, ""model__learning_rate"": 0.03}",1.0,1.0,,,,
fold_state_stratified,fold_state_stratified_fold4,base_expert,ExtraTrees_C1,C1_agronomic,ExtraTrees,"{""model__max_features"": 0.3, ""model__min_samples_leaf"": 2}",1.0,1.0,,,,
fold_state_stratified,fold_state_stratified_fold4,base_expert,PLS_C0,C0_base,PLS,"{""model__n_components"": 8}",1.0,2.0,,,,
fold_state_stratified,fold_state_stratified_fold4,base_expert,Ridge_C3,C3_base_agro_plus_discovery,Ridge,"{""model__alpha"": 1000.0}",1.0,2.0,,,,
fold_state_stratified,fold_state_stratified_fold4,base_expert,CatBoost_C1,C1_agronomic,CatBoost,"{""model__depth"": 5, ""model__l2_leaf_reg"": 3.0, ""model__learning_rate"": 0.06}",1.0,2.0,,,,
fold_state_stratified,fold_state_stratified_fold4,base_expert,ExtraTrees_C1,C1_agronomic,ExtraTrees,"{""model__max_features"": 0.3, ""model__min_samples_leaf"": 2}",1.0,2.0,,,,
fold_state_stratified,fold_state_stratified_fold4,base_expert,PLS_C0,C0_base,PLS,"{""model__n_components"": 2}",1.0,3.0,,,,
fold_state_stratified,fold_state_stratified_fold4,base_expert,Ridge_C3,C3_base_agro_plus_discovery,Ridge,"{""model__alpha"": 1000.0}",1.0,3.0,,,,
fold_state_stratified,fold_state_stratified_fold4,base_expert,CatBoost_C1,C1_agronomic,CatBoost,"{""model__depth"": 6, ""model__l2_leaf_reg"": 6.0, ""model__learning_rate"": 0.03}",1.0,3.0,,,,
fold_state_stratified,fold_state_stratified_fold4,base_expert,ExtraTrees_C1,C1_agronomic,ExtraTrees,"{""model__max_features"": 0.3, ""model__min_samples_leaf"": 5}",1.0,3.0,,,,
fold_state_stratified,fold_state_stratified_fold4,base_expert,PLS_C0,C0_base,PLS,"{""model__n_components"": 2}",1.0,4.0,,,,
fold_state_stratified,fold_state_stratified_fold4,base_expert,Ridge_C3,C3_base_agro_plus_discovery,Ridge,"{""model__alpha"": 1000.0}",1.0,4.0,,,,
fold_state_stratified,fold_state_stratified_fold4,base_expert,CatBoost_C1,C1_agronomic,CatBoost,"{""model__depth"": 6, ""model__l2_leaf_reg"": 10.0, ""model__learning_rate"": 0.06}",1.0,4.0,,,,
fold_state_stratified,fold_state_stratified_fold4,base_expert,ExtraTrees_C1,C1_agronomic,ExtraTrees,"{""model__max_features"": 0.3, ""model__min_samples_leaf"": 3}",1.0,4.0,,,,
fold_state_stratified,fold_state_stratified_fold4,base_expert,PLS_C0,C0_base,PLS,"{""model__n_components"": 2}",1.0,5.0,,,,
fold_state_stratified,fold_state_stratified_fold4,base_expert,Ridge_C3,C3_base_agro_plus_discovery,Ridge,"{""model__alpha"": 1000.0}",1.0,5.0,,,,
fold_state_stratified,fold_state_stratified_fold4,base_expert,CatBoost_C1,C1_agronomic,CatBoost,"{""model__depth"": 4, ""model__l2_leaf_reg"": 3.0, ""model__learning_rate"": 0.03}",1.0,5.0,,,,
fold_state_stratified,fold_state_stratified_fold4,base_expert,ExtraTrees_C1,C1_agronomic,ExtraTrees,"{""model__max_features"": ""sqrt"", ""model__min_samples_leaf"": 2}",1.0,5.0,,,,
fold_state_stratified,fold_state_stratified_fold4,base_expert,PLS_C0,C0_base,PLS,"{""model__n_components"": 4}",,,,,,
fold_state_stratified,fold_state_stratified_fold4,base_expert,Ridge_C3,C3_base_agro_plus_discovery,Ridge,"{""model__alpha"": 1000.0}",,,,,,
fold_state_stratified,fold_state_stratified_fold4,base_expert,CatBoost_C1,C1_agronomic,CatBoost,"{""model__depth"": 5, ""model__l2_leaf_reg"": 3.0, ""model__learning_rate"": 0.06}",,,,,,
fold_state_stratified,fold_state_stratified_fold4,base_expert,ExtraTrees_C1,C1_agronomic,ExtraTrees,"{""model__max_features"": 0.3, ""model__min_samples_leaf"": 5}",,,,,,
fold_state_stratified,fold_state_stratified_fold4,meta_model,,,,,,,ConvexStack,convex,"{""l2"": 0.01}",0.47687247437256186
fold_state_stratified,fold_state_stratified_fold4,meta_model,,,,,,,RidgeStack,ridge,"{""alpha"": 1.0}",0.48634382662280673
fold_state_stratified,fold_state_stratified_fold4,meta_model,,,,,,,ElasticNetStack,elastic_net,"{""alpha"": 0.01, ""l1_ratio"": 0.5}",0.4848155299239938
fold_state_stratified,fold_state_stratified_fold4,meta_model,,,,,,,HuberStack,huber,"{""alpha"": 0.0001, ""epsilon"": 1.2}",0.47433053376529105
fold_state_stratified,fold_state_stratified_fold4,meta_model,,,,,,,ExtraTreesStack,extra_trees,"{""max_depth"": 3, ""max_features"": 1.0, ""min_samples_leaf"": 8}",0.4325388319600377
fold_state_stratified,fold_state_stratified_fold4,meta_model,,,,,,,HistGBStack,hist_gradient_boosting,"{""l2_regularization"": 10.0, ""learning_rate"": 0.05, ""max_leaf_nodes"": 9}",0.4473358883187097
fold_state_stratified,fold_state_stratified_fold4,meta_model,,,,,,,MoE_Support,mixture_of_experts,"{""l2"": 0.1}",0.47174139752611455
fold_state_stratified,fold_state_stratified_fold5,base_expert,PLS_C0,C0_base,PLS,"{""model__n_components"": 2}",0.0,1.0,,,,
fold_state_stratified,fold_state_stratified_fold5,base_expert,Ridge_C3,C3_base_agro_plus_discovery,Ridge,"{""model__alpha"": 1000.0}",0.0,1.0,,,,
fold_state_stratified,fold_state_stratified_fold5,base_expert,CatBoost_C1,C1_agronomic,CatBoost,"{""model__depth"": 4, ""model__l2_leaf_reg"": 3.0, ""model__learning_rate"": 0.03}",0.0,1.0,,,,
fold_state_stratified,fold_state_stratified_fold5,base_expert,ExtraTrees_C1,C1_agronomic,ExtraTrees,"{""model__max_features"": ""sqrt"", ""model__min_samples_leaf"": 2}",0.0,1.0,,,,
fold_state_stratified,fold_state_stratified_fold5,base_expert,PLS_C0,C0_base,PLS,"{""model__n_components"": 2}",0.0,2.0,,,,
fold_state_stratified,fold_state_stratified_fold5,base_expert,Ridge_C3,C3_base_agro_plus_discovery,Ridge,"{""model__alpha"": 1000.0}",0.0,2.0,,,,
fold_state_stratified,fold_state_stratified_fold5,base_expert,CatBoost_C1,C1_agronomic,CatBoost,"{""model__depth"": 5, ""model__l2_leaf_reg"": 10.0, ""model__learning_rate"": 0.03}",0.0,2.0,,,,
fold_state_stratified,fold_state_stratified_fold5,base_expert,ExtraTrees_C1,C1_agronomic,ExtraTrees,"{""model__max_features"": ""sqrt"", ""model__min_samples_leaf"": 3}",0.0,2.0,,,,
fold_state_stratified,fold_state_stratified_fold5,base_expert,PLS_C0,C0_base,PLS,"{""model__n_components"": 2}",0.0,3.0,,,,
fold_state_stratified,fold_state_stratified_fold5,base_expert,Ridge_C3,C3_base_agro_plus_discovery,Ridge,"{""model__alpha"": 1000.0}",0.0,3.0,,,,
fold_state_stratified,fold_state_stratified_fold5,base_expert,CatBoost_C1,C1_agronomic,CatBoost,"{""model__depth"": 5, ""model__l2_leaf_reg"": 10.0, ""model__learning_rate"": 0.03}",0.0,3.0,,,,
fold_state_stratified,fold_state_stratified_fold5,base_expert,ExtraTrees_C1,C1_agronomic,ExtraTrees,"{""model__max_features"": 0.3, ""model__min_samples_leaf"": 5}",0.0,3.0,,,,
fold_state_stratified,fold_state_stratified_fold5,base_expert,PLS_C0,C0_base,PLS,"{""model__n_components"": 2}",0.0,4.0,,,,
fold_state_stratified,fold_state_stratified_fold5,base_expert,Ridge_C3,C3_base_agro_plus_discovery,Ridge,"{""model__alpha"": 1000.0}",0.0,4.0,,,,
fold_state_stratified,fold_state_stratified_fold5,base_expert,CatBoost_C1,C1_agronomic,CatBoost,"{""model__depth"": 5, ""model__l2_leaf_reg"": 10.0, ""model__learning_rate"": 0.03}",0.0,4.0,,,,
fold_state_stratified,fold_state_stratified_fold5,base_expert,ExtraTrees_C1,C1_agronomic,ExtraTrees,"{""model__max_features"": ""sqrt"", ""model__min_samples_leaf"": 3}",0.0,4.0,,,,
fold_state_stratified,fold_state_stratified_fold5,base_expert,PLS_C0,C0_base,PLS,"{""model__n_components"": 2}",0.0,5.0,,,,
fold_state_stratified,fold_state_stratified_fold5,base_expert,Ridge_C3,C3_base_agro_plus_discovery,Ridge,"{""model__alpha"": 1000.0}",0.0,5.0,,,,
fold_state_stratified,fold_state_stratified_fold5,base_expert,CatBoost_C1,C1_agronomic,CatBoost,"{""model__depth"": 4, ""model__l2_leaf_reg"": 3.0, ""model__learning_rate"": 0.03}",0.0,5.0,,,,
fold_state_stratified,fold_state_stratified_fold5,base_expert,ExtraTrees_C1,C1_agronomic,ExtraTrees,"{""model__max_features"": 0.3, ""model__min_samples_leaf"": 2}",0.0,5.0,,,,
fold_state_stratified,fold_state_stratified_fold5,base_expert,PLS_C0,C0_base,PLS,"{""model__n_components"": 2}",1.0,1.0,,,,
fold_state_stratified,fold_state_stratified_fold5,base_expert,Ridge_C3,C3_base_agro_plus_discovery,Ridge,"{""model__alpha"": 1000.0}",1.0,1.0,,,,
fold_state_stratified,fold_state_stratified_fold5,base_expert,CatBoost_C1,C1_agronomic,CatBoost,"{""model__depth"": 5, ""model__l2_leaf_reg"": 3.0, ""model__learning_rate"": 0.06}",1.0,1.0,,,,
fold_state_stratified,fold_state_stratified_fold5,base_expert,ExtraTrees_C1,C1_agronomic,ExtraTrees,"{""model__max_features"": ""sqrt"", ""model__min_samples_leaf"": 2}",1.0,1.0,,,,
fold_state_stratified,fold_state_stratified_fold5,base_expert,PLS_C0,C0_base,PLS,"{""model__n_components"": 4}",1.0,2.0,,,,
fold_state_stratified,fold_state_stratified_fold5,base_expert,Ridge_C3,C3_base_agro_plus_discovery,Ridge,"{""model__alpha"": 1000.0}",1.0,2.0,,,,
fold_state_stratified,fold_state_stratified_fold5,base_expert,CatBoost_C1,C1_agronomic,CatBoost,"{""model__depth"": 5, ""model__l2_leaf_reg"": 10.0, ""model__learning_rate"": 0.03}",1.0,2.0,,,,
fold_state_stratified,fold_state_stratified_fold5,base_expert,ExtraTrees_C1,C1_agronomic,ExtraTrees,"{""model__max_features"": ""sqrt"", ""model__min_samples_leaf"": 3}",1.0,2.0,,,,
fold_state_stratified,fold_state_stratified_fold5,base_expert,PLS_C0,C0_base,PLS,"{""model__n_components"": 4}",1.0,3.0,,,,
fold_state_stratified,fold_state_stratified_fold5,base_expert,Ridge_C3,C3_base_agro_plus_discovery,Ridge,"{""model__alpha"": 1000.0}",1.0,3.0,,,,
fold_state_stratified,fold_state_stratified_fold5,base_expert,CatBoost_C1,C1_agronomic,CatBoost,"{""model__depth"": 4, ""model__l2_leaf_reg"": 3.0, ""model__learning_rate"": 0.03}",1.0,3.0,,,,
fold_state_stratified,fold_state_stratified_fold5,base_expert,ExtraTrees_C1,C1_agronomic,ExtraTrees,"{""model__max_features"": 0.3, ""model__min_samples_leaf"": 2}",1.0,3.0,,,,
fold_state_stratified,fold_state_stratified_fold5,base_expert,PLS_C0,C0_base,PLS,"{""model__n_components"": 2}",1.0,4.0,,,,
fold_state_stratified,fold_state_stratified_fold5,base_expert,Ridge_C3,C3_base_agro_plus_discovery,Ridge,"{""model__alpha"": 1000.0}",1.0,4.0,,,,
fold_state_stratified,fold_state_stratified_fold5,base_expert,CatBoost_C1,C1_agronomic,CatBoost,"{""model__depth"": 5, ""model__l2_leaf_reg"": 3.0, ""model__learning_rate"": 0.06}",1.0,4.0,,,,
fold_state_stratified,fold_state_stratified_fold5,base_expert,ExtraTrees_C1,C1_agronomic,ExtraTrees,"{""model__max_features"": ""sqrt"", ""model__min_samples_leaf"": 2}",1.0,4.0,,,,
fold_state_stratified,fold_state_stratified_fold5,base_expert,PLS_C0,C0_base,PLS,"{""model__n_components"": 2}",1.0,5.0,,,,
fold_state_stratified,fold_state_stratified_fold5,base_expert,Ridge_C3,C3_base_agro_plus_discovery,Ridge,"{""model__alpha"": 1000.0}",1.0,5.0,,,,
fold_state_stratified,fold_state_stratified_fold5,base_expert,CatBoost_C1,C1_agronomic,CatBoost,"{""model__depth"": 4, ""model__l2_leaf_reg"": 6.0, ""model__learning_rate"": 0.06}",1.0,5.0,,,,
fold_state_stratified,fold_state_stratified_fold5,base_expert,ExtraTrees_C1,C1_agronomic,ExtraTrees,"{""model__max_features"": 0.3, ""model__min_samples_leaf"": 2}",1.0,5.0,,,,
fold_state_stratified,fold_state_stratified_fold5,base_expert,PLS_C0,C0_base,PLS,"{""model__n_components"": 2}",,,,,,
fold_state_stratified,fold_state_stratified_fold5,base_expert,Ridge_C3,C3_base_agro_plus_discovery,Ridge,"{""model__alpha"": 1000.0}",,,,,,
fold_state_stratified,fold_state_stratified_fold5,base_expert,CatBoost_C1,C1_agronomic,CatBoost,"{""model__depth"": 6, ""model__l2_leaf_reg"": 10.0, ""model__learning_rate"": 0.06}",,,,,,
fold_state_stratified,fold_state_stratified_fold5,base_expert,ExtraTrees_C1,C1_agronomic,ExtraTrees,"{""model__max_features"": 0.3, ""model__min_samples_leaf"": 2}",,,,,,
fold_state_stratified,fold_state_stratified_fold5,meta_model,,,,,,,ConvexStack,convex,"{""l2"": 0.01}",0.4788811258795854
fold_state_stratified,fold_state_stratified_fold5,meta_model,,,,,,,RidgeStack,ridge,"{""alpha"": 10.0}",0.4923422878664562
fold_state_stratified,fold_state_stratified_fold5,meta_model,,,,,,,ElasticNetStack,elastic_net,"{""alpha"": 0.1, ""l1_ratio"": 0.5}",0.4950816250587099
fold_state_stratified,fold_state_stratified_fold5,meta_model,,,,,,,HuberStack,huber,"{""alpha"": 0.0001, ""epsilon"": 1.2}",0.5041433781853902
fold_state_stratified,fold_state_stratified_fold5,meta_model,,,,,,,ExtraTreesStack,extra_trees,"{""max_depth"": 2, ""max_features"": 0.75, ""min_samples_leaf"": 6}",0.49287193679345015
fold_state_stratified,fold_state_stratified_fold5,meta_model,,,,,,,HistGBStack,hist_gradient_boosting,"{""l2_regularization"": 5.0, ""learning_rate"": 0.03, ""max_leaf_nodes"": 7}",0.5594941209698695
fold_state_stratified,fold_state_stratified_fold5,meta_model,,,,,,,MoE_Support,mixture_of_experts,"{""l2"": 0.1}",0.47751006489259734
fold_municipality_grouped,fold_municipality_grouped_fold1,base_expert,PLS_C0,C0_base,PLS,"{""model__n_components"": 2}",0.0,1.0,,,,
fold_municipality_grouped,fold_municipality_grouped_fold1,base_expert,Ridge_C3,C3_base_agro_plus_discovery,Ridge,"{""model__alpha"": 10000.0}",0.0,1.0,,,,
fold_municipality_grouped,fold_municipality_grouped_fold1,base_expert,CatBoost_C1,C1_agronomic,CatBoost,"{""model__depth"": 4, ""model__l2_leaf_reg"": 6.0, ""model__learning_rate"": 0.06}",0.0,1.0,,,,
fold_municipality_grouped,fold_municipality_grouped_fold1,base_expert,ExtraTrees_C1,C1_agronomic,ExtraTrees,"{""model__max_features"": 0.3, ""model__min_samples_leaf"": 5}",0.0,1.0,,,,
fold_municipality_grouped,fold_municipality_grouped_fold1,base_expert,PLS_C0,C0_base,PLS,"{""model__n_components"": 4}",0.0,2.0,,,,
fold_municipality_grouped,fold_municipality_grouped_fold1,base_expert,Ridge_C3,C3_base_agro_plus_discovery,Ridge,"{""model__alpha"": 10000.0}",0.0,2.0,,,,
fold_municipality_grouped,fold_municipality_grouped_fold1,base_expert,CatBoost_C1,C1_agronomic,CatBoost,"{""model__depth"": 5, ""model__l2_leaf_reg"": 10.0, ""model__learning_rate"": 0.03}",0.0,2.0,,,,
fold_municipality_grouped,fold_municipality_grouped_fold1,base_expert,ExtraTrees_C1,C1_agronomic,ExtraTrees,"{""model__max_features"": ""sqrt"", ""model__min_samples_leaf"": 5}",0.0,2.0,,,,
fold_municipality_grouped,fold_municipality_grouped_fold1,base_expert,PLS_C0,C0_base,PLS,"{""model__n_components"": 2}",0.0,3.0,,,,
fold_municipality_grouped,fold_municipality_grouped_fold1,base_expert,Ridge_C3,C3_base_agro_plus_discovery,Ridge,"{""model__alpha"": 1000.0}",0.0,3.0,,,,
fold_municipality_grouped,fold_municipality_grouped_fold1,base_expert,CatBoost_C1,C1_agronomic,CatBoost,"{""model__depth"": 4, ""model__l2_leaf_reg"": 6.0, ""model__learning_rate"": 0.06}",0.0,3.0,,,,
fold_municipality_grouped,fold_municipality_grouped_fold1,base_expert,ExtraTrees_C1,C1_agronomic,ExtraTrees,"{""model__max_features"": 0.3, ""model__min_samples_leaf"": 3}",0.0,3.0,,,,
fold_municipality_grouped,fold_municipality_grouped_fold1,base_expert,PLS_C0,C0_base,PLS,"{""model__n_components"": 2}",0.0,4.0,,,,
fold_municipality_grouped,fold_municipality_grouped_fold1,base_expert,Ridge_C3,C3_base_agro_plus_discovery,Ridge,"{""model__alpha"": 10000.0}",0.0,4.0,,,,
fold_municipality_grouped,fold_municipality_grouped_fold1,base_expert,CatBoost_C1,C1_agronomic,CatBoost,"{""model__depth"": 6, ""model__l2_leaf_reg"": 10.0, ""model__learning_rate"": 0.06}",0.0,4.0,,,,
fold_municipality_grouped,fold_municipality_grouped_fold1,base_expert,ExtraTrees_C1,C1_agronomic,ExtraTrees,"{""model__max_features"": 0.3, ""model__min_samples_leaf"": 5}",0.0,4.0,,,,
fold_municipality_grouped,fold_municipality_grouped_fold1,base_expert,PLS_C0,C0_base,PLS,"{""model__n_components"": 2}",0.0,5.0,,,,
fold_municipality_grouped,fold_municipality_grouped_fold1,base_expert,Ridge_C3,C3_base_agro_plus_discovery,Ridge,"{""model__alpha"": 10000.0}",0.0,5.0,,,,
fold_municipality_grouped,fold_municipality_grouped_fold1,base_expert,CatBoost_C1,C1_agronomic,CatBoost,"{""model__depth"": 6, ""model__l2_leaf_reg"": 10.0, ""model__learning_rate"": 0.06}",0.0,5.0,,,,
fold_municipality_grouped,fold_municipality_grouped_fold1,base_expert,ExtraTrees_C1,C1_agronomic,ExtraTrees,"{""model__max_features"": 0.3, ""model__min_samples_leaf"": 5}",0.0,5.0,,,,
fold_municipality_grouped,fold_municipality_grouped_fold1,base_expert,PLS_C0,C0_base,PLS,"{""model__n_components"": 2}",1.0,1.0,,,,
fold_municipality_grouped,fold_municipality_grouped_fold1,base_expert,Ridge_C3,C3_base_agro_plus_discovery,Ridge,"{""model__alpha"": 10000.0}",1.0,1.0,,,,
fold_municipality_grouped,fold_municipality_grouped_fold1,base_expert,CatBoost_C1,C1_agronomic,CatBoost,"{""model__depth"": 4, ""model__l2_leaf_reg"": 6.0, ""model__learning_rate"": 0.06}",1.0,1.0,,,,
fold_municipality_grouped,fold_municipality_grouped_fold1,base_expert,ExtraTrees_C1,C1_agronomic,ExtraTrees,"{""model__max_features"": 0.3, ""model__min_samples_leaf"": 5}",1.0,1.0,,,,
fold_municipality_grouped,fold_municipality_grouped_fold1,base_expert,PLS_C0,C0_base,PLS,"{""model__n_components"": 4}",1.0,2.0,,,,
fold_municipality_grouped,fold_municipality_grouped_fold1,base_expert,Ridge_C3,C3_base_agro_plus_discovery,Ridge,"{""model__alpha"": 10000.0}",1.0,2.0,,,,
fold_municipality_grouped,fold_municipality_grouped_fold1,base_expert,CatBoost_C1,C1_agronomic,CatBoost,"{""model__depth"": 6, ""model__l2_leaf_reg"": 6.0, ""model__learning_rate"": 0.03}",1.0,2.0,,,,
fold_municipality_grouped,fold_municipality_grouped_fold1,base_expert,ExtraTrees_C1,C1_agronomic,ExtraTrees,"{""model__max_features"": ""sqrt"", ""model__min_samples_leaf"": 5}",1.0,2.0,,,,
fold_municipality_grouped,fold_municipality_grouped_fold1,base_expert,PLS_C0,C0_base,PLS,"{""model__n_components"": 2}",1.0,3.0,,,,
fold_municipality_grouped,fold_municipality_grouped_fold1,base_expert,Ridge_C3,C3_base_agro_plus_discovery,Ridge,"{""model__alpha"": 1000.0}",1.0,3.0,,,,
fold_municipality_grouped,fold_municipality_grouped_fold1,base_expert,CatBoost_C1,C1_agronomic,CatBoost,"{""model__depth"": 4, ""model__l2_leaf_reg"": 6.0, ""model__learning_rate"": 0.06}",1.0,3.0,,,,
fold_municipality_grouped,fold_municipality_grouped_fold1,base_expert,ExtraTrees_C1,C1_agronomic,ExtraTrees,"{""model__max_features"": 0.3, ""model__min_samples_leaf"": 3}",1.0,3.0,,,,
fold_municipality_grouped,fold_municipality_grouped_fold1,base_expert,PLS_C0,C0_base,PLS,"{""model__n_components"": 2}",1.0,4.0,,,,
fold_municipality_grouped,fold_municipality_grouped_fold1,base_expert,Ridge_C3,C3_base_agro_plus_discovery,Ridge,"{""model__alpha"": 10000.0}",1.0,4.0,,,,
fold_municipality_grouped,fold_municipality_grouped_fold1,base_expert,CatBoost_C1,C1_agronomic,CatBoost,"{""model__depth"": 5, ""model__l2_leaf_reg"": 3.0, ""model__learning_rate"": 0.06}",1.0,4.0,,,,
fold_municipality_grouped,fold_municipality_grouped_fold1,base_expert,ExtraTrees_C1,C1_agronomic,ExtraTrees,"{""model__max_features"": ""sqrt"", ""model__min_samples_leaf"": 5}",1.0,4.0,,,,
fold_municipality_grouped,fold_municipality_grouped_fold1,base_expert,PLS_C0,C0_base,PLS,"{""model__n_components"": 2}",1.0,5.0,,,,
fold_municipality_grouped,fold_municipality_grouped_fold1,base_expert,Ridge_C3,C3_base_agro_plus_discovery,Ridge,"{""model__alpha"": 10000.0}",1.0,5.0,,,,
fold_municipality_grouped,fold_municipality_grouped_fold1,base_expert,CatBoost_C1,C1_agronomic,CatBoost,"{""model__depth"": 6, ""model__l2_leaf_reg"": 10.0, ""model__learning_rate"": 0.06}",1.0,5.0,,,,
fold_municipality_grouped,fold_municipality_grouped_fold1,base_expert,ExtraTrees_C1,C1_agronomic,ExtraTrees,"{""model__max_features"": ""sqrt"", ""model__min_samples_leaf"": 2}",1.0,5.0,,,,
fold_municipality_grouped,fold_municipality_grouped_fold1,base_expert,PLS_C0,C0_base,PLS,"{""model__n_components"": 2}",,,,,,
fold_municipality_grouped,fold_municipality_grouped_fold1,base_expert,Ridge_C3,C3_base_agro_plus_discovery,Ridge,"{""model__alpha"": 1000.0}",,,,,,
fold_municipality_grouped,fold_municipality_grouped_fold1,base_expert,CatBoost_C1,C1_agronomic,CatBoost,"{""model__depth"": 4, ""model__l2_leaf_reg"": 6.0, ""model__learning_rate"": 0.06}",,,,,,
fold_municipality_grouped,fold_municipality_grouped_fold1,base_expert,ExtraTrees_C1,C1_agronomic,ExtraTrees,"{""model__max_features"": 0.3, ""model__min_samples_leaf"": 3}",,,,,,
fold_municipality_grouped,fold_municipality_grouped_fold1,meta_model,,,,,,,ConvexStack,convex,"{""l2"": 0.1}",0.7694249592263084
fold_municipality_grouped,fold_municipality_grouped_fold1,meta_model,,,,,,,RidgeStack,ridge,"{""alpha"": 10.0}",0.836809680473338
fold_municipality_grouped,fold_municipality_grouped_fold1,meta_model,,,,,,,ElasticNetStack,elastic_net,"{""alpha"": 0.01, ""l1_ratio"": 0.5}",0.8711284100139937
fold_municipality_grouped,fold_municipality_grouped_fold1,meta_model,,,,,,,HuberStack,huber,"{""alpha"": 0.001, ""epsilon"": 1.5}",0.8874501558798912
fold_municipality_grouped,fold_municipality_grouped_fold1,meta_model,,,,,,,ExtraTreesStack,extra_trees,"{""max_depth"": 2, ""max_features"": 0.75, ""min_samples_leaf"": 6}",0.9530793067004261
fold_municipality_grouped,fold_municipality_grouped_fold1,meta_model,,,,,,,HistGBStack,hist_gradient_boosting,"{""l2_regularization"": 10.0, ""learning_rate"": 0.05, ""max_leaf_nodes"": 9}",0.8653591657574193
fold_municipality_grouped,fold_municipality_grouped_fold1,meta_model,,,,,,,MoE_Support,mixture_of_experts,"{""l2"": 0.1}",0.7908976935788211
fold_municipality_grouped,fold_municipality_grouped_fold2,base_expert,PLS_C0,C0_base,PLS,"{""model__n_components"": 2}",0.0,1.0,,,,
fold_municipality_grouped,fold_municipality_grouped_fold2,base_expert,Ridge_C3,C3_base_agro_plus_discovery,Ridge,"{""model__alpha"": 10000.0}",0.0,1.0,,,,
fold_municipality_grouped,fold_municipality_grouped_fold2,base_expert,CatBoost_C1,C1_agronomic,CatBoost,"{""model__depth"": 4, ""model__l2_leaf_reg"": 6.0, ""model__learning_rate"": 0.06}",0.0,1.0,,,,
fold_municipality_grouped,fold_municipality_grouped_fold2,base_expert,ExtraTrees_C1,C1_agronomic,ExtraTrees,"{""model__max_features"": 0.3, ""model__min_samples_leaf"": 2}",0.0,1.0,,,,
fold_municipality_grouped,fold_municipality_grouped_fold2,base_expert,PLS_C0,C0_base,PLS,"{""model__n_components"": 2}",0.0,2.0,,,,
fold_municipality_grouped,fold_municipality_grouped_fold2,base_expert,Ridge_C3,C3_base_agro_plus_discovery,Ridge,"{""model__alpha"": 1000.0}",0.0,2.0,,,,
fold_municipality_grouped,fold_municipality_grouped_fold2,base_expert,CatBoost_C1,C1_agronomic,CatBoost,"{""model__depth"": 6, ""model__l2_leaf_reg"": 10.0, ""model__learning_rate"": 0.06}",0.0,2.0,,,,
fold_municipality_grouped,fold_municipality_grouped_fold2,base_expert,ExtraTrees_C1,C1_agronomic,ExtraTrees,"{""model__max_features"": 0.3, ""model__min_samples_leaf"": 2}",0.0,2.0,,,,
fold_municipality_grouped,fold_municipality_grouped_fold2,base_expert,PLS_C0,C0_base,PLS,"{""model__n_components"": 2}",0.0,3.0,,,,
fold_municipality_grouped,fold_municipality_grouped_fold2,base_expert,Ridge_C3,C3_base_agro_plus_discovery,Ridge,"{""model__alpha"": 1000.0}",0.0,3.0,,,,
fold_municipality_grouped,fold_municipality_grouped_fold2,base_expert,CatBoost_C1,C1_agronomic,CatBoost,"{""model__depth"": 4, ""model__l2_leaf_reg"": 3.0, ""model__learning_rate"": 0.03}",0.0,3.0,,,,
fold_municipality_grouped,fold_municipality_grouped_fold2,base_expert,ExtraTrees_C1,C1_agronomic,ExtraTrees,"{""model__max_features"": 0.3, ""model__min_samples_leaf"": 5}",0.0,3.0,,,,
fold_municipality_grouped,fold_municipality_grouped_fold2,base_expert,PLS_C0,C0_base,PLS,"{""model__n_components"": 4}",0.0,4.0,,,,
fold_municipality_grouped,fold_municipality_grouped_fold2,base_expert,Ridge_C3,C3_base_agro_plus_discovery,Ridge,"{""model__alpha"": 10000.0}",0.0,4.0,,,,
fold_municipality_grouped,fold_municipality_grouped_fold2,base_expert,CatBoost_C1,C1_agronomic,CatBoost,"{""model__depth"": 4, ""model__l2_leaf_reg"": 3.0, ""model__learning_rate"": 0.03}",0.0,4.0,,,,
fold_municipality_grouped,fold_municipality_grouped_fold2,base_expert,ExtraTrees_C1,C1_agronomic,ExtraTrees,"{""model__max_features"": 0.3, ""model__min_samples_leaf"": 2}",0.0,4.0,,,,
fold_municipality_grouped,fold_municipality_grouped_fold2,base_expert,PLS_C0,C0_base,PLS,"{""model__n_components"": 4}",0.0,5.0,,,,
fold_municipality_grouped,fold_municipality_grouped_fold2,base_expert,Ridge_C3,C3_base_agro_plus_discovery,Ridge,"{""model__alpha"": 1000.0}",0.0,5.0,,,,
fold_municipality_grouped,fold_municipality_grouped_fold2,base_expert,CatBoost_C1,C1_agronomic,CatBoost,"{""model__depth"": 5, ""model__l2_leaf_reg"": 10.0, ""model__learning_rate"": 0.03}",0.0,5.0,,,,
fold_municipality_grouped,fold_municipality_grouped_fold2,base_expert,ExtraTrees_C1,C1_agronomic,ExtraTrees,"{""model__max_features"": 0.3, ""model__min_samples_leaf"": 2}",0.0,5.0,,,,
fold_municipality_grouped,fold_municipality_grouped_fold2,base_expert,PLS_C0,C0_base,PLS,"{""model__n_components"": 2}",1.0,1.0,,,,
fold_municipality_grouped,fold_municipality_grouped_fold2,base_expert,Ridge_C3,C3_base_agro_plus_discovery,Ridge,"{""model__alpha"": 10000.0}",1.0,1.0,,,,
fold_municipality_grouped,fold_municipality_grouped_fold2,base_expert,CatBoost_C1,C1_agronomic,CatBoost,"{""model__depth"": 4, ""model__l2_leaf_reg"": 3.0, ""model__learning_rate"": 0.03}",1.0,1.0,,,,
fold_municipality_grouped,fold_municipality_grouped_fold2,base_expert,ExtraTrees_C1,C1_agronomic,ExtraTrees,"{""model__max_features"": 0.3, ""model__min_samples_leaf"": 2}",1.0,1.0,,,,
fold_municipality_grouped,fold_municipality_grouped_fold2,base_expert,PLS_C0,C0_base,PLS,"{""model__n_components"": 2}",1.0,2.0,,,,
fold_municipality_grouped,fold_municipality_grouped_fold2,base_expert,Ridge_C3,C3_base_agro_plus_discovery,Ridge,"{""model__alpha"": 1000.0}",1.0,2.0,,,,
fold_municipality_grouped,fold_municipality_grouped_fold2,base_expert,CatBoost_C1,C1_agronomic,CatBoost,"{""model__depth"": 5, ""model__l2_leaf_reg"": 3.0, ""model__learning_rate"": 0.06}",1.0,2.0,,,,
fold_municipality_grouped,fold_municipality_grouped_fold2,base_expert,ExtraTrees_C1,C1_agronomic,ExtraTrees,"{""model__max_features"": 0.3, ""model__min_samples_leaf"": 2}",1.0,2.0,,,,
fold_municipality_grouped,fold_municipality_grouped_fold2,base_expert,PLS_C0,C0_base,PLS,"{""model__n_components"": 2}",1.0,3.0,,,,
fold_municipality_grouped,fold_municipality_grouped_fold2,base_expert,Ridge_C3,C3_base_agro_plus_discovery,Ridge,"{""model__alpha"": 1000.0}",1.0,3.0,,,,
fold_municipality_grouped,fold_municipality_grouped_fold2,base_expert,CatBoost_C1,C1_agronomic,CatBoost,"{""model__depth"": 4, ""model__l2_leaf_reg"": 3.0, ""model__learning_rate"": 0.03}",1.0,3.0,,,,
fold_municipality_grouped,fold_municipality_grouped_fold2,base_expert,ExtraTrees_C1,C1_agronomic,ExtraTrees,"{""model__max_features"": 0.3, ""model__min_samples_leaf"": 5}",1.0,3.0,,,,
fold_municipality_grouped,fold_municipality_grouped_fold2,base_expert,PLS_C0,C0_base,PLS,"{""model__n_components"": 4}",1.0,4.0,,,,
fold_municipality_grouped,fold_municipality_grouped_fold2,base_expert,Ridge_C3,C3_base_agro_plus_discovery,Ridge,"{""model__alpha"": 10000.0}",1.0,4.0,,,,
fold_municipality_grouped,fold_municipality_grouped_fold2,base_expert,CatBoost_C1,C1_agronomic,CatBoost,"{""model__depth"": 5, ""model__l2_leaf_reg"": 3.0, ""model__learning_rate"": 0.06}",1.0,4.0,,,,
fold_municipality_grouped,fold_municipality_grouped_fold2,base_expert,ExtraTrees_C1,C1_agronomic,ExtraTrees,"{""model__max_features"": 0.3, ""model__min_samples_leaf"": 2}",1.0,4.0,,,,
fold_municipality_grouped,fold_municipality_grouped_fold2,base_expert,PLS_C0,C0_base,PLS,"{""model__n_components"": 4}",1.0,5.0,,,,
fold_municipality_grouped,fold_municipality_grouped_fold2,base_expert,Ridge_C3,C3_base_agro_plus_discovery,Ridge,"{""model__alpha"": 1000.0}",1.0,5.0,,,,
fold_municipality_grouped,fold_municipality_grouped_fold2,base_expert,CatBoost_C1,C1_agronomic,CatBoost,"{""model__depth"": 6, ""model__l2_leaf_reg"": 10.0, ""model__learning_rate"": 0.06}",1.0,5.0,,,,
fold_municipality_grouped,fold_municipality_grouped_fold2,base_expert,ExtraTrees_C1,C1_agronomic,ExtraTrees,"{""model__max_features"": 0.3, ""model__min_samples_leaf"": 2}",1.0,5.0,,,,
fold_municipality_grouped,fold_municipality_grouped_fold2,base_expert,PLS_C0,C0_base,PLS,"{""model__n_components"": 2}",,,,,,
fold_municipality_grouped,fold_municipality_grouped_fold2,base_expert,Ridge_C3,C3_base_agro_plus_discovery,Ridge,"{""model__alpha"": 1000.0}",,,,,,
fold_municipality_grouped,fold_municipality_grouped_fold2,base_expert,CatBoost_C1,C1_agronomic,CatBoost,"{""model__depth"": 4, ""model__l2_leaf_reg"": 6.0, ""model__learning_rate"": 0.06}",,,,,,
fold_municipality_grouped,fold_municipality_grouped_fold2,base_expert,ExtraTrees_C1,C1_agronomic,ExtraTrees,"{""model__max_features"": 0.3, ""model__min_samples_leaf"": 2}",,,,,,
fold_municipality_grouped,fold_municipality_grouped_fold2,meta_model,,,,,,,ConvexStack,convex,"{""l2"": 0.0}",0.3672943994750765
fold_municipality_grouped,fold_municipality_grouped_fold2,meta_model,,,,,,,RidgeStack,ridge,"{""alpha"": 1.0}",0.3866287423528842
fold_municipality_grouped,fold_municipality_grouped_fold2,meta_model,,,,,,,ElasticNetStack,elastic_net,"{""alpha"": 0.01, ""l1_ratio"": 0.1}",0.3918179258987588
fold_municipality_grouped,fold_municipality_grouped_fold2,meta_model,,,,,,,HuberStack,huber,"{""alpha"": 0.0001, ""epsilon"": 1.35}",0.37316987612832825
fold_municipality_grouped,fold_municipality_grouped_fold2,meta_model,,,,,,,ExtraTreesStack,extra_trees,"{""max_depth"": 2, ""max_features"": 0.75, ""min_samples_leaf"": 6}",0.48985081525210283
fold_municipality_grouped,fold_municipality_grouped_fold2,meta_model,,,,,,,HistGBStack,hist_gradient_boosting,"{""l2_regularization"": 10.0, ""learning_rate"": 0.05, ""max_leaf_nodes"": 9}",0.5765162901015946
fold_municipality_grouped,fold_municipality_grouped_fold2,meta_model,,,,,,,MoE_Support,mixture_of_experts,"{""l2"": 1.0}",0.4144099312522491
fold_municipality_grouped,fold_municipality_grouped_fold3,base_expert,PLS_C0,C0_base,PLS,"{""model__n_components"": 2}",0.0,1.0,,,,
fold_municipality_grouped,fold_municipality_grouped_fold3,base_expert,Ridge_C3,C3_base_agro_plus_discovery,Ridge,"{""model__alpha"": 10000.0}",0.0,1.0,,,,
fold_municipality_grouped,fold_municipality_grouped_fold3,base_expert,CatBoost_C1,C1_agronomic,CatBoost,"{""model__depth"": 6, ""model__l2_leaf_reg"": 6.0, ""model__learning_rate"": 0.03}",0.0,1.0,,,,
fold_municipality_grouped,fold_municipality_grouped_fold3,base_expert,ExtraTrees_C1,C1_agronomic,ExtraTrees,"{""model__max_features"": ""sqrt"", ""model__min_samples_leaf"": 5}",0.0,1.0,,,,
fold_municipality_grouped,fold_municipality_grouped_fold3,base_expert,PLS_C0,C0_base,PLS,"{""model__n_components"": 2}",0.0,2.0,,,,
fold_municipality_grouped,fold_municipality_grouped_fold3,base_expert,Ridge_C3,C3_base_agro_plus_discovery,Ridge,"{""model__alpha"": 1000.0}",0.0,2.0,,,,
fold_municipality_grouped,fold_municipality_grouped_fold3,base_expert,CatBoost_C1,C1_agronomic,CatBoost,"{""model__depth"": 5, ""model__l2_leaf_reg"": 10.0, ""model__learning_rate"": 0.03}",0.0,2.0,,,,
fold_municipality_grouped,fold_municipality_grouped_fold3,base_expert,ExtraTrees_C1,C1_agronomic,ExtraTrees,"{""model__max_features"": ""sqrt"", ""model__min_samples_leaf"": 2}",0.0,2.0,,,,
fold_municipality_grouped,fold_municipality_grouped_fold3,base_expert,PLS_C0,C0_base,PLS,"{""model__n_components"": 2}",0.0,3.0,,,,
fold_municipality_grouped,fold_municipality_grouped_fold3,base_expert,Ridge_C3,C3_base_agro_plus_discovery,Ridge,"{""model__alpha"": 1000.0}",0.0,3.0,,,,
fold_municipality_grouped,fold_municipality_grouped_fold3,base_expert,CatBoost_C1,C1_agronomic,CatBoost,"{""model__depth"": 4, ""model__l2_leaf_reg"": 6.0, ""model__learning_rate"": 0.06}",0.0,3.0,,,,
fold_municipality_grouped,fold_municipality_grouped_fold3,base_expert,ExtraTrees_C1,C1_agronomic,ExtraTrees,"{""model__max_features"": 0.3, ""model__min_samples_leaf"": 2}",0.0,3.0,,,,
fold_municipality_grouped,fold_municipality_grouped_fold3,base_expert,PLS_C0,C0_base,PLS,"{""model__n_components"": 2}",0.0,4.0,,,,
fold_municipality_grouped,fold_municipality_grouped_fold3,base_expert,Ridge_C3,C3_base_agro_plus_discovery,Ridge,"{""model__alpha"": 1000.0}",0.0,4.0,,,,
fold_municipality_grouped,fold_municipality_grouped_fold3,base_expert,CatBoost_C1,C1_agronomic,CatBoost,"{""model__depth"": 4, ""model__l2_leaf_reg"": 6.0, ""model__learning_rate"": 0.06}",0.0,4.0,,,,
fold_municipality_grouped,fold_municipality_grouped_fold3,base_expert,ExtraTrees_C1,C1_agronomic,ExtraTrees,"{""model__max_features"": ""sqrt"", ""model__min_samples_leaf"": 2}",0.0,4.0,,,,
fold_municipality_grouped,fold_municipality_grouped_fold3,base_expert,PLS_C0,C0_base,PLS,"{""model__n_components"": 2}",0.0,5.0,,,,
fold_municipality_grouped,fold_municipality_grouped_fold3,base_expert,Ridge_C3,C3_base_agro_plus_discovery,Ridge,"{""model__alpha"": 1000.0}",0.0,5.0,,,,
fold_municipality_grouped,fold_municipality_grouped_fold3,base_expert,CatBoost_C1,C1_agronomic,CatBoost,"{""model__depth"": 4, ""model__l2_leaf_reg"": 6.0, ""model__learning_rate"": 0.06}",0.0,5.0,,,,
fold_municipality_grouped,fold_municipality_grouped_fold3,base_expert,ExtraTrees_C1,C1_agronomic,ExtraTrees,"{""model__max_features"": 0.3, ""model__min_samples_leaf"": 2}",0.0,5.0,,,,
fold_municipality_grouped,fold_municipality_grouped_fold3,base_expert,PLS_C0,C0_base,PLS,"{""model__n_components"": 2}",1.0,1.0,,,,
fold_municipality_grouped,fold_municipality_grouped_fold3,base_expert,Ridge_C3,C3_base_agro_plus_discovery,Ridge,"{""model__alpha"": 10000.0}",1.0,1.0,,,,
fold_municipality_grouped,fold_municipality_grouped_fold3,base_expert,CatBoost_C1,C1_agronomic,CatBoost,"{""model__depth"": 5, ""model__l2_leaf_reg"": 3.0, ""model__learning_rate"": 0.06}",1.0,1.0,,,,
fold_municipality_grouped,fold_municipality_grouped_fold3,base_expert,ExtraTrees_C1,C1_agronomic,ExtraTrees,"{""model__max_features"": ""sqrt"", ""model__min_samples_leaf"": 5}",1.0,1.0,,,,
fold_municipality_grouped,fold_municipality_grouped_fold3,base_expert,PLS_C0,C0_base,PLS,"{""model__n_components"": 2}",1.0,2.0,,,,
fold_municipality_grouped,fold_municipality_grouped_fold3,base_expert,Ridge_C3,C3_base_agro_plus_discovery,Ridge,"{""model__alpha"": 1000.0}",1.0,2.0,,,,
fold_municipality_grouped,fold_municipality_grouped_fold3,base_expert,CatBoost_C1,C1_agronomic,CatBoost,"{""model__depth"": 4, ""model__l2_leaf_reg"": 6.0, ""model__learning_rate"": 0.06}",1.0,2.0,,,,
fold_municipality_grouped,fold_municipality_grouped_fold3,base_expert,ExtraTrees_C1,C1_agronomic,ExtraTrees,"{""model__max_features"": ""sqrt"", ""model__min_samples_leaf"": 2}",1.0,2.0,,,,
fold_municipality_grouped,fold_municipality_grouped_fold3,base_expert,PLS_C0,C0_base,PLS,"{""model__n_components"": 2}",1.0,3.0,,,,
fold_municipality_grouped,fold_municipality_grouped_fold3,base_expert,Ridge_C3,C3_base_agro_plus_discovery,Ridge,"{""model__alpha"": 1000.0}",1.0,3.0,,,,
fold_municipality_grouped,fold_municipality_grouped_fold3,base_expert,CatBoost_C1,C1_agronomic,CatBoost,"{""model__depth"": 4, ""model__l2_leaf_reg"": 3.0, ""model__learning_rate"": 0.03}",1.0,3.0,,,,
fold_municipality_grouped,fold_municipality_grouped_fold3,base_expert,ExtraTrees_C1,C1_agronomic,ExtraTrees,"{""model__max_features"": 0.3, ""model__min_samples_leaf"": 5}",1.0,3.0,,,,
fold_municipality_grouped,fold_municipality_grouped_fold3,base_expert,PLS_C0,C0_base,PLS,"{""model__n_components"": 2}",1.0,4.0,,,,
fold_municipality_grouped,fold_municipality_grouped_fold3,base_expert,Ridge_C3,C3_base_agro_plus_discovery,Ridge,"{""model__alpha"": 1000.0}",1.0,4.0,,,,
fold_municipality_grouped,fold_municipality_grouped_fold3,base_expert,CatBoost_C1,C1_agronomic,CatBoost,"{""model__depth"": 4, ""model__l2_leaf_reg"": 3.0, ""model__learning_rate"": 0.03}",1.0,4.0,,,,
fold_municipality_grouped,fold_municipality_grouped_fold3,base_expert,ExtraTrees_C1,C1_agronomic,ExtraTrees,"{""model__max_features"": ""sqrt"", ""model__min_samples_leaf"": 2}",1.0,4.0,,,,
fold_municipality_grouped,fold_municipality_grouped_fold3,base_expert,PLS_C0,C0_base,PLS,"{""model__n_components"": 2}",1.0,5.0,,,,
fold_municipality_grouped,fold_municipality_grouped_fold3,base_expert,Ridge_C3,C3_base_agro_plus_discovery,Ridge,"{""model__alpha"": 1000.0}",1.0,5.0,,,,
fold_municipality_grouped,fold_municipality_grouped_fold3,base_expert,CatBoost_C1,C1_agronomic,CatBoost,"{""model__depth"": 4, ""model__l2_leaf_reg"": 3.0, ""model__learning_rate"": 0.03}",1.0,5.0,,,,
fold_municipality_grouped,fold_municipality_grouped_fold3,base_expert,ExtraTrees_C1,C1_agronomic,ExtraTrees,"{""model__max_features"": 0.3, ""model__min_samples_leaf"": 2}",1.0,5.0,,,,
fold_municipality_grouped,fold_municipality_grouped_fold3,base_expert,PLS_C0,C0_base,PLS,"{""model__n_components"": 2}",,,,,,
fold_municipality_grouped,fold_municipality_grouped_fold3,base_expert,Ridge_C3,C3_base_agro_plus_discovery,Ridge,"{""model__alpha"": 1000.0}",,,,,,
fold_municipality_grouped,fold_municipality_grouped_fold3,base_expert,CatBoost_C1,C1_agronomic,CatBoost,"{""model__depth"": 4, ""model__l2_leaf_reg"": 6.0, ""model__learning_rate"": 0.06}",,,,,,
fold_municipality_grouped,fold_municipality_grouped_fold3,base_expert,ExtraTrees_C1,C1_agronomic,ExtraTrees,"{""model__max_features"": 0.3, ""model__min_samples_leaf"": 2}",,,,,,
fold_municipality_grouped,fold_municipality_grouped_fold3,meta_model,,,,,,,ConvexStack,convex,"{""l2"": 0.0}",0.5507308009167928
fold_municipality_grouped,fold_municipality_grouped_fold3,meta_model,,,,,,,RidgeStack,ridge,"{""alpha"": 10.0}",0.8821126596091275
fold_municipality_grouped,fold_municipality_grouped_fold3,meta_model,,,,,,,ElasticNetStack,elastic_net,"{""alpha"": 0.1, ""l1_ratio"": 0.9}",0.7877781541153445
fold_municipality_grouped,fold_municipality_grouped_fold3,meta_model,,,,,,,HuberStack,huber,"{""alpha"": 0.0001, ""epsilon"": 1.2}",0.9714575431692414
fold_municipality_grouped,fold_municipality_grouped_fold3,meta_model,,,,,,,ExtraTreesStack,extra_trees,"{""max_depth"": 2, ""max_features"": 0.75, ""min_samples_leaf"": 6}",0.8927028210761451
fold_municipality_grouped,fold_municipality_grouped_fold3,meta_model,,,,,,,HistGBStack,hist_gradient_boosting,"{""l2_regularization"": 10.0, ""learning_rate"": 0.05, ""max_leaf_nodes"": 9}",0.8548669530587298
fold_municipality_grouped,fold_municipality_grouped_fold3,meta_model,,,,,,,MoE_Support,mixture_of_experts,"{""l2"": 100.0}",0.6902429041384136
fold_municipality_grouped,fold_municipality_grouped_fold4,base_expert,PLS_C0,C0_base,PLS,"{""model__n_components"": 2}",0.0,1.0,,,,
fold_municipality_grouped,fold_municipality_grouped_fold4,base_expert,Ridge_C3,C3_base_agro_plus_discovery,Ridge,"{""model__alpha"": 10000.0}",0.0,1.0,,,,
fold_municipality_grouped,fold_municipality_grouped_fold4,base_expert,CatBoost_C1,C1_agronomic,CatBoost,"{""model__depth"": 6, ""model__l2_leaf_reg"": 10.0, ""model__learning_rate"": 0.06}",0.0,1.0,,,,
fold_municipality_grouped,fold_municipality_grouped_fold4,base_expert,ExtraTrees_C1,C1_agronomic,ExtraTrees,"{""model__max_features"": 0.3, ""model__min_samples_leaf"": 5}",0.0,1.0,,,,
fold_municipality_grouped,fold_municipality_grouped_fold4,base_expert,PLS_C0,C0_base,PLS,"{""model__n_components"": 2}",0.0,2.0,,,,
fold_municipality_grouped,fold_municipality_grouped_fold4,base_expert,Ridge_C3,C3_base_agro_plus_discovery,Ridge,"{""model__alpha"": 10000.0}",0.0,2.0,,,,
fold_municipality_grouped,fold_municipality_grouped_fold4,base_expert,CatBoost_C1,C1_agronomic,CatBoost,"{""model__depth"": 4, ""model__l2_leaf_reg"": 6.0, ""model__learning_rate"": 0.06}",0.0,2.0,,,,
fold_municipality_grouped,fold_municipality_grouped_fold4,base_expert,ExtraTrees_C1,C1_agronomic,ExtraTrees,"{""model__max_features"": 0.3, ""model__min_samples_leaf"": 2}",0.0,2.0,,,,
fold_municipality_grouped,fold_municipality_grouped_fold4,base_expert,PLS_C0,C0_base,PLS,"{""model__n_components"": 2}",0.0,3.0,,,,
fold_municipality_grouped,fold_municipality_grouped_fold4,base_expert,Ridge_C3,C3_base_agro_plus_discovery,Ridge,"{""model__alpha"": 10000.0}",0.0,3.0,,,,
fold_municipality_grouped,fold_municipality_grouped_fold4,base_expert,CatBoost_C1,C1_agronomic,CatBoost,"{""model__depth"": 6, ""model__l2_leaf_reg"": 10.0, ""model__learning_rate"": 0.06}",0.0,3.0,,,,
fold_municipality_grouped,fold_municipality_grouped_fold4,base_expert,ExtraTrees_C1,C1_agronomic,ExtraTrees,"{""model__max_features"": ""sqrt"", ""model__min_samples_leaf"": 3}",0.0,3.0,,,,
fold_municipality_grouped,fold_municipality_grouped_fold4,base_expert,PLS_C0,C0_base,PLS,"{""model__n_components"": 2}",0.0,4.0,,,,
fold_municipality_grouped,fold_municipality_grouped_fold4,base_expert,Ridge_C3,C3_base_agro_plus_discovery,Ridge,"{""model__alpha"": 10000.0}",0.0,4.0,,,,
fold_municipality_grouped,fold_municipality_grouped_fold4,base_expert,CatBoost_C1,C1_agronomic,CatBoost,"{""model__depth"": 6, ""model__l2_leaf_reg"": 10.0, ""model__learning_rate"": 0.06}",0.0,4.0,,,,
fold_municipality_grouped,fold_municipality_grouped_fold4,base_expert,ExtraTrees_C1,C1_agronomic,ExtraTrees,"{""model__max_features"": ""sqrt"", ""model__min_samples_leaf"": 2}",0.0,4.0,,,,
fold_municipality_grouped,fold_municipality_grouped_fold4,base_expert,PLS_C0,C0_base,PLS,"{""model__n_components"": 2}",0.0,5.0,,,,
fold_municipality_grouped,fold_municipality_grouped_fold4,base_expert,Ridge_C3,C3_base_agro_plus_discovery,Ridge,"{""model__alpha"": 10000.0}",0.0,5.0,,,,
fold_municipality_grouped,fold_municipality_grouped_fold4,base_expert,CatBoost_C1,C1_agronomic,CatBoost,"{""model__depth"": 6, ""model__l2_leaf_reg"": 6.0, ""model__learning_rate"": 0.03}",0.0,5.0,,,,
fold_municipality_grouped,fold_municipality_grouped_fold4,base_expert,ExtraTrees_C1,C1_agronomic,ExtraTrees,"{""model__max_features"": ""sqrt"", ""model__min_samples_leaf"": 5}",0.0,5.0,,,,
fold_municipality_grouped,fold_municipality_grouped_fold4,base_expert,PLS_C0,C0_base,PLS,"{""model__n_components"": 2}",1.0,1.0,,,,
fold_municipality_grouped,fold_municipality_grouped_fold4,base_expert,Ridge_C3,C3_base_agro_plus_discovery,Ridge,"{""model__alpha"": 10000.0}",1.0,1.0,,,,
fold_municipality_grouped,fold_municipality_grouped_fold4,base_expert,CatBoost_C1,C1_agronomic,CatBoost,"{""model__depth"": 4, ""model__l2_leaf_reg"": 6.0, ""model__learning_rate"": 0.06}",1.0,1.0,,,,
fold_municipality_grouped,fold_municipality_grouped_fold4,base_expert,ExtraTrees_C1,C1_agronomic,ExtraTrees,"{""model__max_features"": 0.3, ""model__min_samples_leaf"": 5}",1.0,1.0,,,,
fold_municipality_grouped,fold_municipality_grouped_fold4,base_expert,PLS_C0,C0_base,PLS,"{""model__n_components"": 2}",1.0,2.0,,,,
fold_municipality_grouped,fold_municipality_grouped_fold4,base_expert,Ridge_C3,C3_base_agro_plus_discovery,Ridge,"{""model__alpha"": 10000.0}",1.0,2.0,,,,
fold_municipality_grouped,fold_municipality_grouped_fold4,base_expert,CatBoost_C1,C1_agronomic,CatBoost,"{""model__depth"": 4, ""model__l2_leaf_reg"": 6.0, ""model__learning_rate"": 0.06}",1.0,2.0,,,,
fold_municipality_grouped,fold_municipality_grouped_fold4,base_expert,ExtraTrees_C1,C1_agronomic,ExtraTrees,"{""model__max_features"": ""sqrt"", ""model__min_samples_leaf"": 2}",1.0,2.0,,,,
fold_municipality_grouped,fold_municipality_grouped_fold4,base_expert,PLS_C0,C0_base,PLS,"{""model__n_components"": 2}",1.0,3.0,,,,
fold_municipality_grouped,fold_municipality_grouped_fold4,base_expert,Ridge_C3,C3_base_agro_plus_discovery,Ridge,"{""model__alpha"": 10000.0}",1.0,3.0,,,,
fold_municipality_grouped,fold_municipality_grouped_fold4,base_expert,CatBoost_C1,C1_agronomic,CatBoost,"{""model__depth"": 6, ""model__l2_leaf_reg"": 6.0, ""model__learning_rate"": 0.03}",1.0,3.0,,,,
fold_municipality_grouped,fold_municipality_grouped_fold4,base_expert,ExtraTrees_C1,C1_agronomic,ExtraTrees,"{""model__max_features"": ""sqrt"", ""model__min_samples_leaf"": 3}",1.0,3.0,,,,
fold_municipality_grouped,fold_municipality_grouped_fold4,base_expert,PLS_C0,C0_base,PLS,"{""model__n_components"": 2}",1.0,4.0,,,,
fold_municipality_grouped,fold_municipality_grouped_fold4,base_expert,Ridge_C3,C3_base_agro_plus_discovery,Ridge,"{""model__alpha"": 10000.0}",1.0,4.0,,,,
fold_municipality_grouped,fold_municipality_grouped_fold4,base_expert,CatBoost_C1,C1_agronomic,CatBoost,"{""model__depth"": 5, ""model__l2_leaf_reg"": 3.0, ""model__learning_rate"": 0.06}",1.0,4.0,,,,
fold_municipality_grouped,fold_municipality_grouped_fold4,base_expert,ExtraTrees_C1,C1_agronomic,ExtraTrees,"{""model__max_features"": ""sqrt"", ""model__min_samples_leaf"": 2}",1.0,4.0,,,,
fold_municipality_grouped,fold_municipality_grouped_fold4,base_expert,PLS_C0,C0_base,PLS,"{""model__n_components"": 2}",1.0,5.0,,,,
fold_municipality_grouped,fold_municipality_grouped_fold4,base_expert,Ridge_C3,C3_base_agro_plus_discovery,Ridge,"{""model__alpha"": 10000.0}",1.0,5.0,,,,
fold_municipality_grouped,fold_municipality_grouped_fold4,base_expert,CatBoost_C1,C1_agronomic,CatBoost,"{""model__depth"": 6, ""model__l2_leaf_reg"": 6.0, ""model__learning_rate"": 0.03}",1.0,5.0,,,,
fold_municipality_grouped,fold_municipality_grouped_fold4,base_expert,ExtraTrees_C1,C1_agronomic,ExtraTrees,"{""model__max_features"": ""sqrt"", ""model__min_samples_leaf"": 5}",1.0,5.0,,,,
fold_municipality_grouped,fold_municipality_grouped_fold4,base_expert,PLS_C0,C0_base,PLS,"{""model__n_components"": 2}",,,,,,
fold_municipality_grouped,fold_municipality_grouped_fold4,base_expert,Ridge_C3,C3_base_agro_plus_discovery,Ridge,"{""model__alpha"": 1000.0}",,,,,,
fold_municipality_grouped,fold_municipality_grouped_fold4,base_expert,CatBoost_C1,C1_agronomic,CatBoost,"{""model__depth"": 5, ""model__l2_leaf_reg"": 3.0, ""model__learning_rate"": 0.06}",,,,,,
fold_municipality_grouped,fold_municipality_grouped_fold4,base_expert,ExtraTrees_C1,C1_agronomic,ExtraTrees,"{""model__max_features"": ""sqrt"", ""model__min_samples_leaf"": 3}",,,,,,
fold_municipality_grouped,fold_municipality_grouped_fold4,meta_model,,,,,,,ConvexStack,convex,"{""l2"": 0.0}",0.43868614240452397
fold_municipality_grouped,fold_municipality_grouped_fold4,meta_model,,,,,,,RidgeStack,ridge,"{""alpha"": 0.1}",4.7359842787505935
fold_municipality_grouped,fold_municipality_grouped_fold4,meta_model,,,,,,,ElasticNetStack,elastic_net,"{""alpha"": 0.01, ""l1_ratio"": 0.5}",0.497949440046196
fold_municipality_grouped,fold_municipality_grouped_fold4,meta_model,,,,,,,HuberStack,huber,"{""alpha"": 0.0001, ""epsilon"": 1.35}",7.925175737546991
fold_municipality_grouped,fold_municipality_grouped_fold4,meta_model,,,,,,,ExtraTreesStack,extra_trees,"{""max_depth"": 3, ""max_features"": 1.0, ""min_samples_leaf"": 8}",0.649278857975771
fold_municipality_grouped,fold_municipality_grouped_fold4,meta_model,,,,,,,HistGBStack,hist_gradient_boosting,"{""l2_regularization"": 10.0, ""learning_rate"": 0.05, ""max_leaf_nodes"": 9}",0.7592011158375965
fold_municipality_grouped,fold_municipality_grouped_fold4,meta_model,,,,,,,MoE_Support,mixture_of_experts,"{""l2"": 0.1}",23.78638016765049
fold_municipality_grouped,fold_municipality_grouped_fold5,base_expert,PLS_C0,C0_base,PLS,"{""model__n_components"": 12}",0.0,1.0,,,,
fold_municipality_grouped,fold_municipality_grouped_fold5,base_expert,Ridge_C3,C3_base_agro_plus_discovery,Ridge,"{""model__alpha"": 10000.0}",0.0,1.0,,,,
fold_municipality_grouped,fold_municipality_grouped_fold5,base_expert,CatBoost_C1,C1_agronomic,CatBoost,"{""model__depth"": 6, ""model__l2_leaf_reg"": 10.0, ""model__learning_rate"": 0.06}",0.0,1.0,,,,
fold_municipality_grouped,fold_municipality_grouped_fold5,base_expert,ExtraTrees_C1,C1_agronomic,ExtraTrees,"{""model__max_features"": ""sqrt"", ""model__min_samples_leaf"": 3}",0.0,1.0,,,,
fold_municipality_grouped,fold_municipality_grouped_fold5,base_expert,PLS_C0,C0_base,PLS,"{""model__n_components"": 8}",0.0,2.0,,,,
fold_municipality_grouped,fold_municipality_grouped_fold5,base_expert,Ridge_C3,C3_base_agro_plus_discovery,Ridge,"{""model__alpha"": 10000.0}",0.0,2.0,,,,
fold_municipality_grouped,fold_municipality_grouped_fold5,base_expert,CatBoost_C1,C1_agronomic,CatBoost,"{""model__depth"": 5, ""model__l2_leaf_reg"": 3.0, ""model__learning_rate"": 0.06}",0.0,2.0,,,,
fold_municipality_grouped,fold_municipality_grouped_fold5,base_expert,ExtraTrees_C1,C1_agronomic,ExtraTrees,"{""model__max_features"": 0.3, ""model__min_samples_leaf"": 2}",0.0,2.0,,,,
fold_municipality_grouped,fold_municipality_grouped_fold5,base_expert,PLS_C0,C0_base,PLS,"{""model__n_components"": 4}",0.0,3.0,,,,
fold_municipality_grouped,fold_municipality_grouped_fold5,base_expert,Ridge_C3,C3_base_agro_plus_discovery,Ridge,"{""model__alpha"": 10000.0}",0.0,3.0,,,,
fold_municipality_grouped,fold_municipality_grouped_fold5,base_expert,CatBoost_C1,C1_agronomic,CatBoost,"{""model__depth"": 4, ""model__l2_leaf_reg"": 6.0, ""model__learning_rate"": 0.06}",0.0,3.0,,,,
fold_municipality_grouped,fold_municipality_grouped_fold5,base_expert,ExtraTrees_C1,C1_agronomic,ExtraTrees,"{""model__max_features"": 0.3, ""model__min_samples_leaf"": 2}",0.0,3.0,,,,
fold_municipality_grouped,fold_municipality_grouped_fold5,base_expert,PLS_C0,C0_base,PLS,"{""model__n_components"": 2}",0.0,4.0,,,,
fold_municipality_grouped,fold_municipality_grouped_fold5,base_expert,Ridge_C3,C3_base_agro_plus_discovery,Ridge,"{""model__alpha"": 1000.0}",0.0,4.0,,,,
fold_municipality_grouped,fold_municipality_grouped_fold5,base_expert,CatBoost_C1,C1_agronomic,CatBoost,"{""model__depth"": 5, ""model__l2_leaf_reg"": 3.0, ""model__learning_rate"": 0.06}",0.0,4.0,,,,
fold_municipality_grouped,fold_municipality_grouped_fold5,base_expert,ExtraTrees_C1,C1_agronomic,ExtraTrees,"{""model__max_features"": 0.3, ""model__min_samples_leaf"": 2}",0.0,4.0,,,,
fold_municipality_grouped,fold_municipality_grouped_fold5,base_expert,PLS_C0,C0_base,PLS,"{""model__n_components"": 2}",0.0,5.0,,,,
fold_municipality_grouped,fold_municipality_grouped_fold5,base_expert,Ridge_C3,C3_base_agro_plus_discovery,Ridge,"{""model__alpha"": 10000.0}",0.0,5.0,,,,
fold_municipality_grouped,fold_municipality_grouped_fold5,base_expert,CatBoost_C1,C1_agronomic,CatBoost,"{""model__depth"": 4, ""model__l2_leaf_reg"": 6.0, ""model__learning_rate"": 0.06}",0.0,5.0,,,,
fold_municipality_grouped,fold_municipality_grouped_fold5,base_expert,ExtraTrees_C1,C1_agronomic,ExtraTrees,"{""model__max_features"": ""sqrt"", ""model__min_samples_leaf"": 2}",0.0,5.0,,,,
fold_municipality_grouped,fold_municipality_grouped_fold5,base_expert,PLS_C0,C0_base,PLS,"{""model__n_components"": 12}",1.0,1.0,,,,
fold_municipality_grouped,fold_municipality_grouped_fold5,base_expert,Ridge_C3,C3_base_agro_plus_discovery,Ridge,"{""model__alpha"": 10000.0}",1.0,1.0,,,,
fold_municipality_grouped,fold_municipality_grouped_fold5,base_expert,CatBoost_C1,C1_agronomic,CatBoost,"{""model__depth"": 6, ""model__l2_leaf_reg"": 6.0, ""model__learning_rate"": 0.03}",1.0,1.0,,,,
fold_municipality_grouped,fold_municipality_grouped_fold5,base_expert,ExtraTrees_C1,C1_agronomic,ExtraTrees,"{""model__max_features"": ""sqrt"", ""model__min_samples_leaf"": 5}",1.0,1.0,,,,
fold_municipality_grouped,fold_municipality_grouped_fold5,base_expert,PLS_C0,C0_base,PLS,"{""model__n_components"": 8}",1.0,2.0,,,,
fold_municipality_grouped,fold_municipality_grouped_fold5,base_expert,Ridge_C3,C3_base_agro_plus_discovery,Ridge,"{""model__alpha"": 10000.0}",1.0,2.0,,,,
fold_municipality_grouped,fold_municipality_grouped_fold5,base_expert,CatBoost_C1,C1_agronomic,CatBoost,"{""model__depth"": 6, ""model__l2_leaf_reg"": 6.0, ""model__learning_rate"": 0.03}",1.0,2.0,,,,
fold_municipality_grouped,fold_municipality_grouped_fold5,base_expert,ExtraTrees_C1,C1_agronomic,ExtraTrees,"{""model__max_features"": ""sqrt"", ""model__min_samples_leaf"": 5}",1.0,2.0,,,,
fold_municipality_grouped,fold_municipality_grouped_fold5,base_expert,PLS_C0,C0_base,PLS,"{""model__n_components"": 4}",1.0,3.0,,,,
fold_municipality_grouped,fold_municipality_grouped_fold5,base_expert,Ridge_C3,C3_base_agro_plus_discovery,Ridge,"{""model__alpha"": 10000.0}",1.0,3.0,,,,
fold_municipality_grouped,fold_municipality_grouped_fold5,base_expert,CatBoost_C1,C1_agronomic,CatBoost,"{""model__depth"": 4, ""model__l2_leaf_reg"": 6.0, ""model__learning_rate"": 0.06}",1.0,3.0,,,,
fold_municipality_grouped,fold_municipality_grouped_fold5,base_expert,ExtraTrees_C1,C1_agronomic,ExtraTrees,"{""model__max_features"": 0.3, ""model__min_samples_leaf"": 3}",1.0,3.0,,,,
fold_municipality_grouped,fold_municipality_grouped_fold5,base_expert,PLS_C0,C0_base,PLS,"{""model__n_components"": 2}",1.0,4.0,,,,
fold_municipality_grouped,fold_municipality_grouped_fold5,base_expert,Ridge_C3,C3_base_agro_plus_discovery,Ridge,"{""model__alpha"": 1000.0}",1.0,4.0,,,,
fold_municipality_grouped,fold_municipality_grouped_fold5,base_expert,CatBoost_C1,C1_agronomic,CatBoost,"{""model__depth"": 4, ""model__l2_leaf_reg"": 3.0, ""model__learning_rate"": 0.03}",1.0,4.0,,,,
fold_municipality_grouped,fold_municipality_grouped_fold5,base_expert,ExtraTrees_C1,C1_agronomic,ExtraTrees,"{""model__max_features"": 0.3, ""model__min_samples_leaf"": 2}",1.0,4.0,,,,
fold_municipality_grouped,fold_municipality_grouped_fold5,base_expert,PLS_C0,C0_base,PLS,"{""model__n_components"": 2}",1.0,5.0,,,,
fold_municipality_grouped,fold_municipality_grouped_fold5,base_expert,Ridge_C3,C3_base_agro_plus_discovery,Ridge,"{""model__alpha"": 10000.0}",1.0,5.0,,,,
fold_municipality_grouped,fold_municipality_grouped_fold5,base_expert,CatBoost_C1,C1_agronomic,CatBoost,"{""model__depth"": 4, ""model__l2_leaf_reg"": 6.0, ""model__learning_rate"": 0.06}",1.0,5.0,,,,
fold_municipality_grouped,fold_municipality_grouped_fold5,base_expert,ExtraTrees_C1,C1_agronomic,ExtraTrees,"{""model__max_features"": ""sqrt"", ""model__min_samples_leaf"": 2}",1.0,5.0,,,,
fold_municipality_grouped,fold_municipality_grouped_fold5,base_expert,PLS_C0,C0_base,PLS,"{""model__n_components"": 2}",,,,,,
fold_municipality_grouped,fold_municipality_grouped_fold5,base_expert,Ridge_C3,C3_base_agro_plus_discovery,Ridge,"{""model__alpha"": 1000.0}",,,,,,
fold_municipality_grouped,fold_municipality_grouped_fold5,base_expert,CatBoost_C1,C1_agronomic,CatBoost,"{""model__depth"": 4, ""model__l2_leaf_reg"": 3.0, ""model__learning_rate"": 0.03}",,,,,,
fold_municipality_grouped,fold_municipality_grouped_fold5,base_expert,ExtraTrees_C1,C1_agronomic,ExtraTrees,"{""model__max_features"": ""sqrt"", ""model__min_samples_leaf"": 2}",,,,,,
fold_municipality_grouped,fold_municipality_grouped_fold5,meta_model,,,,,,,ConvexStack,convex,"{""l2"": 0.0}",0.5431620244315335
fold_municipality_grouped,fold_municipality_grouped_fold5,meta_model,,,,,,,RidgeStack,ridge,"{""alpha"": 0.01}",0.5604653552007768
fold_municipality_grouped,fold_municipality_grouped_fold5,meta_model,,,,,,,ElasticNetStack,elastic_net,"{""alpha"": 0.001, ""l1_ratio"": 0.1}",0.5619832836742715
fold_municipality_grouped,fold_municipality_grouped_fold5,meta_model,,,,,,,HuberStack,huber,"{""alpha"": 0.001, ""epsilon"": 1.5}",0.515585334801288
fold_municipality_grouped,fold_municipality_grouped_fold5,meta_model,,,,,,,ExtraTreesStack,extra_trees,"{""max_depth"": 4, ""max_features"": 1.0, ""min_samples_leaf"": 10}",0.8748377288129146
fold_municipality_grouped,fold_municipality_grouped_fold5,meta_model,,,,,,,HistGBStack,hist_gradient_boosting,"{""l2_regularization"": 5.0, ""learning_rate"": 0.03, ""max_leaf_nodes"": 7}",0.8880390615844398
fold_municipality_grouped,fold_municipality_grouped_fold5,meta_model,,,,,,,MoE_Support,mixture_of_experts,"{""l2"": 0.1}",0.7014780440663807
