family,split_id,ID_POLIGONO,method,observed,predicted,residual,absolute_error,squared_error,tail_regime,tail_low_threshold,tail_high_threshold,selected_method
target_matched,target_matched_01,AGC_001,Local04D,3.5,2.9502111217279245,0.5497888782720755,0.5497888782720755,0.302267810671667,center,3.0,4.69,Local04D
target_matched,target_matched_01,AGC_002,Local04D,4.63,4.4858916888246645,0.1441083111753354,0.1441083111753354,0.020767205349807298,center,3.0,4.69,Local04D
target_matched,target_matched_01,AGC_007,Local04D,3.5,3.1673334781290268,0.33266652187097323,0.33266652187097323,0.11066701477373071,center,3.0,4.69,Local04D
target_matched,target_matched_01,AGC_009,Local04D,4.79,4.692327687273374,0.09767231272662613,0.09767231272662613,0.009539880673367853,high,3.0,4.69,Local04D
target_matched,target_matched_01,AGC_010,Local04D,4.1,4.383664563279071,-0.2836645632790713,0.2836645632790713,0.08046558446030624,center,3.0,4.69,Local04D
target_matched,target_matched_01,AGC_014,Local04D,4.83,4.322587314765038,0.5074126852349616,0.5074126852349616,0.25746763313735427,high,3.0,4.69,Local04D
target_matched,target_matched_01,AGC_023,Local04D,3.0,2.985264411996306,0.014735588003694122,0.014735588003694122,0.00021713755381461413,low,3.0,4.69,Local04D
target_matched,target_matched_01,AGC_024,Local04D,3.03,4.533100542434887,-1.5031005424348876,1.5031005424348876,2.2593112406680533,center,3.0,4.69,Local04D
target_matched,target_matched_01,AGC_026,Local04D,3.55,4.435260939286796,-0.8852609392867965,0.8852609392867965,0.7836869306269412,center,3.0,4.69,Local04D
target_matched,target_matched_01,AGC_032,Local04D,4.03,4.657983198022509,-0.627983198022509,0.627983198022509,0.3943628969985778,center,3.0,4.69,Local04D
target_matched,target_matched_01,AGC_034,Local04D,2.0,3.1803644713897983,-1.1803644713897983,1.1803644713897983,1.393260285319318,low,3.0,4.69,Local04D
target_matched,target_matched_01,AGC_038,Local04D,3.3,3.19639706320235,0.10360293679764965,0.10360293679764965,0.010733568513097787,center,3.0,4.69,Local04D
target_matched,target_matched_01,AGC_040,Local04D,3.0,2.9326298871268643,0.06737011287313566,0.06737011287313566,0.004538732108539039,low,3.0,4.69,Local04D
target_matched,target_matched_01,AGC_057,Local04D,4.55,4.877338123381271,-0.32733812338127155,0.32733812338127155,0.10715024701877256,center,3.0,4.69,Local04D
target_matched,target_matched_01,AGC_058,Local04D,2.5,3.0385688791479035,-0.5385688791479035,0.5385688791479035,0.29005643758662913,low,3.0,4.69,Local04D
target_matched,target_matched_01,AGC_064,Local04D,4.51,4.67378627444044,-0.16378627444044014,0.16378627444044014,0.026825943695079176,center,3.0,4.69,Local04D
target_matched,target_matched_01,AGC_068,Local04D,2.5,2.8756738693896216,-0.37567386938962155,0.37567386938962155,0.14113085614217044,low,3.0,4.69,Local04D
target_matched,target_matched_01,AGC_073,Local04D,4.3,4.431153762744852,-0.13115376274485246,0.13115376274485246,0.01720130948213305,center,3.0,4.69,Local04D
target_matched,target_matched_01,AGC_079,Local04D,3.3,3.27089260595653,0.029107394043469625,0.029107394043469625,0.000847240388001811,center,3.0,4.69,Local04D
target_matched,target_matched_01,AGC_098,Local04D,3.0,3.001499380195596,-0.001499380195595812,0.001499380195595812,2.2481409709449354e-06,low,3.0,4.69,Local04D
target_matched,target_matched_01,AGC_099,Local04D,3.5,2.9635331101229694,0.5364668898770306,0.5364668898770306,0.2877967239343341,center,3.0,4.69,Local04D
target_matched,target_matched_01,AGC_101,Local04D,4.57,4.500657235744206,0.06934276425579444,0.06934276425579444,0.004808418954634683,center,3.0,4.69,Local04D
target_matched,target_matched_01,AGC_103,Local04D,3.0,2.989575322655867,0.010424677344133215,0.010424677344133215,0.00010867389772928435,low,3.0,4.69,Local04D
target_matched,target_matched_01,AGC_105,Local04D,4.41,4.412905772869154,-0.002905772869153722,0.002905772869153722,8.443515967109855e-06,center,3.0,4.69,Local04D
target_matched,target_matched_01,AGC_109,Local04D,4.54,4.771614492751721,-0.23161449275172075,0.23161449275172075,0.053645273252636905,center,3.0,4.69,Local04D
target_matched,target_matched_01,AGC_110,Local04D,4.18,4.421138031256474,-0.24113803125647415,0.24113803125647415,0.058147550118248306,center,3.0,4.69,Local04D
target_matched,target_matched_01,AGC_111,Local04D,4.72,4.531144939547858,0.18885506045214218,0.18885506045214218,0.035666233858382274,high,3.0,4.69,Local04D
target_matched,target_matched_01,AGC_112,Local04D,3.0,2.829085401252,0.17091459874799986,0.17091459874799986,0.029211800065189794,low,3.0,4.69,Local04D
target_matched,target_matched_01,AGC_117,Local04D,3.5,3.192683149346021,0.30731685065397896,0.30731685065397896,0.09444364669588001,center,3.0,4.69,Local04D
target_matched,target_matched_01,AGC_119,Local04D,4.4,4.6637945661049365,-0.2637945661049361,0.2637945661049361,0.06958757310649151,center,3.0,4.69,Local04D
target_matched,target_matched_01,AGC_131,Local04D,4.89,4.597225995167969,0.2927740048320304,0.2927740048320304,0.08571661790538578,high,3.0,4.69,Local04D
target_matched,target_matched_01,AGC_134,Local04D,4.52,4.287009701867292,0.23299029813270788,0.23299029813270788,0.0542844790239681,center,3.0,4.69,Local04D
target_matched,target_matched_01,AGC_141,Local04D,3.5,2.9885655621638554,0.5114344378361446,0.5114344378361446,0.26156518420477326,center,3.0,4.69,Local04D
target_matched,target_matched_01,AGC_151,Local04D,4.69,4.616910652786904,0.07308934721309601,0.07308934721309601,0.005342052676036506,high,3.0,4.69,Local04D
target_matched,target_matched_01,AGC_171,Local04D,2.15,4.506245105545859,-2.356245105545859,2.356245105545859,5.551890997408816,low,3.0,4.69,Local04D
target_matched,target_matched_01,AGC_179,Local04D,4.55,4.619280759919439,-0.06928075991943938,0.06928075991943938,0.004799823695014999,center,3.0,4.69,Local04D
target_matched,target_matched_01,AGC_181,Local04D,4.51,4.552636036659986,-0.042636036659986054,0.042636036659986054,0.0018178316220716748,center,3.0,4.69,Local04D
target_matched,target_matched_01,AGC_185,Local04D,5.01,4.495367486553268,0.514632513446732,0.514632513446732,0.26484662389650077,high,3.0,4.69,Local04D
target_matched,target_matched_01,AGC_193,Local04D,4.57,4.518949997748988,0.05105000225101186,0.05105000225101186,0.002606102729828316,center,3.0,4.69,Local04D
target_matched,target_matched_01,AGC_194,Local04D,3.2,2.949970848295827,0.2500291517041733,0.2500291517041733,0.06251457670190849,center,3.0,4.69,Local04D
target_matched,target_matched_01,AGC_197,Local04D,4.52,4.536316739016971,-0.016316739016971837,0.016316739016971837,0.0002662359721479711,center,3.0,4.69,Local04D
target_matched,target_matched_02,AGC_006,Local04D,4.49,4.393536461606913,0.09646353839308741,0.09646353839308741,0.009305214239314649,center,3.0,4.708,Local04D
target_matched,target_matched_02,AGC_007,Local04D,3.5,3.1909947379294588,0.30900526207054124,0.30900526207054124,0.09548425198728387,center,3.0,4.708,Local04D
target_matched,target_matched_02,AGC_008,Local04D,4.55,4.104362713926246,0.44563728607375364,0.44563728607375364,0.19859259073918054,center,3.0,4.708,Local04D
target_matched,target_matched_02,AGC_009,Local04D,4.79,4.529193248230063,0.2608067517699366,0.2608067517699366,0.06802016176878534,high,3.0,4.708,Local04D
target_matched,target_matched_02,AGC_010,Local04D,4.1,4.411113619850488,-0.311113619850488,0.311113619850488,0.09679168445647397,center,3.0,4.708,Local04D
target_matched,target_matched_02,AGC_012,Local04D,4.69,4.711707708964462,-0.021707708964461503,0.021707708964461503,0.0004712246284857623,center,3.0,4.708,Local04D
target_matched,target_matched_02,AGC_019,Local04D,3.0,2.9885591094498025,0.01144089055019748,0.01144089055019748,0.000130893976581598,low,3.0,4.708,Local04D
target_matched,target_matched_02,AGC_022,Local04D,4.55,4.255302282231858,0.294697717768142,0.294697717768142,0.08684674485775148,center,3.0,4.708,Local04D
target_matched,target_matched_02,AGC_024,Local04D,3.03,3.8185410989536113,-0.7885410989536115,0.7885410989536115,0.6217970647389692,center,3.0,4.708,Local04D
target_matched,target_matched_02,AGC_026,Local04D,3.55,4.410666068658411,-0.8606660686584116,0.8606660686584116,0.7407460817399256,center,3.0,4.708,Local04D
target_matched,target_matched_02,AGC_034,Local04D,2.0,3.185427428000577,-1.185427428000577,1.185427428000577,1.405238187056063,low,3.0,4.708,Local04D
target_matched,target_matched_02,AGC_051,Local04D,4.45,4.309111317714188,0.1408886822858122,0.1408886822858122,0.01984962079623253,center,3.0,4.708,Local04D
target_matched,target_matched_02,AGC_053,Local04D,3.5,2.973305858317389,0.526694141682611,0.526694141682611,0.2774067188827823,center,3.0,4.708,Local04D
target_matched,target_matched_02,AGC_054,Local04D,2.5,2.994427849827865,-0.4944278498278649,0.4944278498278649,0.24445889868540574,low,3.0,4.708,Local04D
target_matched,target_matched_02,AGC_059,Local04D,4.41,4.510742093241861,-0.10074209324186079,0.10074209324186079,0.010148969350751772,center,3.0,4.708,Local04D
target_matched,target_matched_02,AGC_060,Local04D,4.52,4.92601354066928,-0.40601354066928064,0.40601354066928064,0.1648469952068056,center,3.0,4.708,Local04D
target_matched,target_matched_02,AGC_062,Local04D,3.81,4.415023294552954,-0.6050232945529541,0.6050232945529541,0.3660531869517107,center,3.0,4.708,Local04D
target_matched,target_matched_02,AGC_066,Local04D,3.0,2.9118459977373337,0.08815400226266634,0.08815400226266634,0.007771128114926183,low,3.0,4.708,Local04D
target_matched,target_matched_02,AGC_070,Local04D,3.3,3.2308025510163745,0.06919744898362534,0.06919744898362534,0.004788286945841432,center,3.0,4.708,Local04D
target_matched,target_matched_02,AGC_089,Local04D,3.0,3.0728020148453763,-0.0728020148453763,0.0728020148453763,0.00530013336554639,low,3.0,4.708,Local04D
target_matched,target_matched_02,AGC_096,Local04D,4.59,4.283402934589422,0.3065970654105783,0.3065970654105783,0.09400176051837843,center,3.0,4.708,Local04D
target_matched,target_matched_02,AGC_098,Local04D,3.0,3.0281976221829443,-0.028197622182944304,0.028197622182944304,0.0007951058967720727,low,3.0,4.708,Local04D
target_matched,target_matched_02,AGC_099,Local04D,3.5,2.988622134134344,0.511377865865656,0.511377865865656,0.2615073216973129,center,3.0,4.708,Local04D
target_matched,target_matched_02,AGC_101,Local04D,4.57,4.283790912003503,0.2862090879964976,0.2862090879964976,0.08191564205178689,center,3.0,4.708,Local04D
target_matched,target_matched_02,AGC_102,Local04D,4.4,4.422254780028977,-0.02225478002897674,0.02225478002897674,0.0004952752341381419,center,3.0,4.708,Local04D
target_matched,target_matched_02,AGC_106,Local04D,4.43,4.298259574161721,0.13174042583827905,0.13174042583827905,0.0173555398000511,center,3.0,4.708,Local04D
target_matched,target_matched_02,AGC_108,Local04D,4.51,4.686847148335042,-0.17684714833504245,0.17684714833504245,0.031274913874236504,center,3.0,4.708,Local04D
target_matched,target_matched_02,AGC_110,Local04D,4.18,4.335934743506539,-0.15593474350653924,0.15593474350653924,0.02431564423245018,center,3.0,4.708,Local04D
target_matched,target_matched_02,AGC_112,Local04D,3.0,2.8106776696401314,0.18932233035986856,0.18932233035986856,0.03584294477289121,low,3.0,4.708,Local04D
target_matched,target_matched_02,AGC_114,Local04D,3.0,2.9988191689867785,0.0011808310132215283,0.0011808310132215283,1.394361881785781e-06,low,3.0,4.708,Local04D
target_matched,target_matched_02,AGC_117,Local04D,3.5,2.959428333391455,0.5405716666085452,0.5405716666085452,0.2922177267399401,center,3.0,4.708,Local04D
target_matched,target_matched_02,AGC_119,Local04D,4.4,4.507850638929362,-0.10785063892936186,0.10785063892936186,0.011631760317471585,center,3.0,4.708,Local04D
target_matched,target_matched_02,AGC_125,Local04D,4.06,4.47955037939345,-0.4195503793934501,0.4195503793934501,0.1760225208491879,center,3.0,4.708,Local04D
target_matched,target_matched_02,AGC_138,Local04D,2.5,2.9987983530709,-0.4987983530708999,0.4987983530708999,0.24879979702624214,low,3.0,4.708,Local04D
target_matched,target_matched_02,AGC_145,Local04D,3.5,2.8695018953669345,0.6304981046330655,0.6304981046330655,0.3975278599458881,center,3.0,4.708,Local04D
target_matched,target_matched_02,AGC_150,Local04D,4.52,4.531306332161833,-0.01130633216183341,0.01130633216183341,0.00012783314695370855,center,3.0,4.708,Local04D
target_matched,target_matched_02,AGC_152,Local04D,4.87,4.561165494733183,0.3088345052668169,0.3088345052668169,0.09537875164339954,high,3.0,4.708,Local04D
target_matched,target_matched_02,AGC_162,Local04D,5.59,4.733416790943351,0.856583209056649,0.856583209056649,0.7337347940377869,high,3.0,4.708,Local04D
target_matched,target_matched_02,AGC_172,Local04D,5.19,4.509709541802816,0.6802904581971845,0.6802904581971845,0.4627951075141352,high,3.0,4.708,Local04D
target_matched,target_matched_02,AGC_193,Local04D,4.57,3.9546809341818254,0.6153190658181749,0.6153190658181749,0.3786175527593514,center,3.0,4.708,Local04D
target_matched,target_matched_02,AGC_194,Local04D,3.2,2.975997986711389,0.22400201328861113,0.22400201328861113,0.05017690195735112,center,3.0,4.708,Local04D
target_matched,target_matched_03,AGC_002,Center_Cross_a1000p0,4.63,4.4193552202462705,0.21064477975372942,0.21064477975372942,0.044371223237497176,center,3.0,4.708,Center_Cross_a1000p0
target_matched,target_matched_03,AGC_004,Center_Cross_a1000p0,3.0,2.967893062991371,0.0321069370086291,0.0321069370086291,0.0010308554040760769,low,3.0,4.708,Center_Cross_a1000p0
target_matched,target_matched_03,AGC_006,Center_Cross_a1000p0,4.49,4.620196338784561,-0.13019633878456105,0.13019633878456105,0.016951086632904195,center,3.0,4.708,Center_Cross_a1000p0
target_matched,target_matched_03,AGC_007,Center_Cross_a1000p0,3.5,3.103341248250564,0.396658751749436,0.396658751749436,0.1573381653394207,center,3.0,4.708,Center_Cross_a1000p0
target_matched,target_matched_03,AGC_010,Center_Cross_a1000p0,4.1,4.352822694001699,-0.25282269400169977,0.25282269400169977,0.06391931460227711,center,3.0,4.708,Center_Cross_a1000p0
target_matched,target_matched_03,AGC_013,Center_Cross_a1000p0,4.01,4.516191346808707,-0.5061913468087074,0.5061913468087074,0.25622967958401305,center,3.0,4.708,Center_Cross_a1000p0
target_matched,target_matched_03,AGC_014,Center_Cross_a1000p0,4.83,4.293618189953315,0.5363818100466853,0.5363818100466853,0.2877054461489584,high,3.0,4.708,Center_Cross_a1000p0
target_matched,target_matched_03,AGC_034,Center_Cross_a1000p0,2.0,3.175321281201108,-1.175321281201108,1.175321281201108,1.3813801140442141,low,3.0,4.708,Center_Cross_a1000p0
target_matched,target_matched_03,AGC_038,Center_Cross_a1000p0,3.3,3.149624869311727,0.15037513068827302,0.15037513068827302,0.02261267992951519,center,3.0,4.708,Center_Cross_a1000p0
target_matched,target_matched_03,AGC_051,Center_Cross_a1000p0,4.45,4.281655178940099,0.16834482105990123,0.16834482105990123,0.028339978777690164,center,3.0,4.708,Center_Cross_a1000p0
target_matched,target_matched_03,AGC_058,Center_Cross_a1000p0,2.5,3.0871311356943845,-0.5871311356943845,0.5871311356943845,0.3447229705017777,low,3.0,4.708,Center_Cross_a1000p0
target_matched,target_matched_03,AGC_059,Center_Cross_a1000p0,4.41,4.45926991360755,-0.049269913607550286,0.049269913607550286,0.0024275243868954687,center,3.0,4.708,Center_Cross_a1000p0
target_matched,target_matched_03,AGC_064,Center_Cross_a1000p0,4.51,4.569369735526981,-0.05936973552698088,0.05936973552698088,0.003524765496543656,center,3.0,4.708,Center_Cross_a1000p0
target_matched,target_matched_03,AGC_068,Center_Cross_a1000p0,2.5,2.921961469255335,-0.42196146925533506,0.42196146925533506,0.17805148153612108,low,3.0,4.708,Center_Cross_a1000p0
target_matched,target_matched_03,AGC_070,Center_Cross_a1000p0,3.3,3.146566456289752,0.15343354371024764,0.15343354371024764,0.023541852335484476,center,3.0,4.708,Center_Cross_a1000p0
target_matched,target_matched_03,AGC_079,Center_Cross_a1000p0,3.3,3.2498605728363907,0.050139427163609085,0.050139427163609085,0.0025139621562948605,center,3.0,4.708,Center_Cross_a1000p0
target_matched,target_matched_03,AGC_092,Center_Cross_a1000p0,4.57,4.463027800110918,0.10697219988908202,0.10697219988908202,0.011443051549109719,center,3.0,4.708,Center_Cross_a1000p0
target_matched,target_matched_03,AGC_099,Center_Cross_a1000p0,3.5,3.0071348223365484,0.4928651776634516,0.4928651776634516,0.24291608335322573,center,3.0,4.708,Center_Cross_a1000p0
target_matched,target_matched_03,AGC_100,Center_Cross_a1000p0,4.5,4.345022841098556,0.1549771589014437,0.1549771589014437,0.02401791978116333,center,3.0,4.708,Center_Cross_a1000p0
target_matched,target_matched_03,AGC_102,Center_Cross_a1000p0,4.4,4.497289202343053,-0.0972892023430525,0.0972892023430525,0.00946518889254741,center,3.0,4.708,Center_Cross_a1000p0
target_matched,target_matched_03,AGC_103,Center_Cross_a1000p0,3.0,3.0111607074404367,-0.011160707440436735,0.011160707440436735,0.0001245613905710199,low,3.0,4.708,Center_Cross_a1000p0
target_matched,target_matched_03,AGC_104,Center_Cross_a1000p0,4.56,4.389475570749989,0.170524429250011,0.170524429250011,0.029078580971042003,center,3.0,4.708,Center_Cross_a1000p0
target_matched,target_matched_03,AGC_106,Center_Cross_a1000p0,4.43,4.2424154697555645,0.18758453024443522,0.18758453024443522,0.035187955987025434,center,3.0,4.708,Center_Cross_a1000p0
target_matched,target_matched_03,AGC_114,Center_Cross_a1000p0,3.0,2.9887339223999776,0.011266077600022406,0.011266077600022406,0.00012692450448972663,low,3.0,4.708,Center_Cross_a1000p0
target_matched,target_matched_03,AGC_117,Center_Cross_a1000p0,3.5,3.2046390180304445,0.2953609819695555,0.2953609819695555,0.0872381096700201,center,3.0,4.708,Center_Cross_a1000p0
target_matched,target_matched_03,AGC_122,Center_Cross_a1000p0,3.5,2.8361757223756086,0.6638242776243914,0.6638242776243914,0.4406626715635451,center,3.0,4.708,Center_Cross_a1000p0
target_matched,target_matched_03,AGC_124,Center_Cross_a1000p0,5.05,4.32349327581441,0.7265067241855903,0.7265067241855903,0.5278120202868773,high,3.0,4.708,Center_Cross_a1000p0
target_matched,target_matched_03,AGC_125,Center_Cross_a1000p0,4.06,4.272899759372325,-0.2128997593723252,0.2128997593723252,0.04532630754079397,center,3.0,4.708,Center_Cross_a1000p0
target_matched,target_matched_03,AGC_127,Center_Cross_a1000p0,5.57,4.43450589248022,1.1354941075197802,1.1354941075197802,1.289346868212142,high,3.0,4.708,Center_Cross_a1000p0
target_matched,target_matched_03,AGC_131,Center_Cross_a1000p0,4.89,4.541959720124872,0.34804027987512764,0.34804027987512764,0.12113203641555718,high,3.0,4.708,Center_Cross_a1000p0
target_matched,target_matched_03,AGC_144,Center_Cross_a1000p0,2.5,3.002877170130529,-0.502877170130529,0.502877170130529,0.252885448238489,low,3.0,4.708,Center_Cross_a1000p0
target_matched,target_matched_03,AGC_145,Center_Cross_a1000p0,3.5,2.804293534956898,0.6957064650431022,0.6957064650431022,0.4840074855027692,center,3.0,4.708,Center_Cross_a1000p0
target_matched,target_matched_03,AGC_157,Center_Cross_a1000p0,3.0,3.1835054635240514,-0.1835054635240514,0.1835054635240514,0.03367425514317696,low,3.0,4.708,Center_Cross_a1000p0
target_matched,target_matched_03,AGC_165,Center_Cross_a1000p0,4.44,4.5387486280822245,-0.09874862808222407,0.09874862808222407,0.009751291548121412,center,3.0,4.708,Center_Cross_a1000p0
target_matched,target_matched_03,AGC_167,Center_Cross_a1000p0,4.54,4.470150110455967,0.0698498895440327,0.0698498895440327,0.00487900706931357,center,3.0,4.708,Center_Cross_a1000p0
target_matched,target_matched_03,AGC_171,Center_Cross_a1000p0,2.15,4.238294954411267,-2.0882949544112672,2.0882949544112672,4.360975816619557,low,3.0,4.708,Center_Cross_a1000p0
target_matched,target_matched_03,AGC_179,Center_Cross_a1000p0,4.55,4.359465931412625,0.19053406858737443,0.19053406858737443,0.036303231292458306,center,3.0,4.708,Center_Cross_a1000p0
target_matched,target_matched_03,AGC_184,Center_Cross_a1000p0,4.47,4.501613141568636,-0.03161314156863604,0.03161314156863604,0.0009993907198386238,center,3.0,4.708,Center_Cross_a1000p0
target_matched,target_matched_03,AGC_189,Center_Cross_a1000p0,4.03,4.290847321183421,-0.26084732118342036,0.26084732118342036,0.06804132496856646,center,3.0,4.708,Center_Cross_a1000p0
target_matched,target_matched_03,AGC_194,Center_Cross_a1000p0,3.2,2.8415285444385043,0.35847145556149584,0.35847145556149584,0.12850178445237748,center,3.0,4.708,Center_Cross_a1000p0
target_matched,target_matched_03,AGC_195,Center_Cross_a1000p0,3.68,4.404333120228882,-0.7243331202288821,0.7243331202288821,0.5246584690605082,center,3.0,4.708,Center_Cross_a1000p0
target_matched,target_matched_04,AGC_001,Local04D,3.5,2.9517790787259486,0.5482209212740514,0.5482209212740514,0.3005461785225697,center,3.0,4.676,Local04D
target_matched,target_matched_04,AGC_004,Local04D,3.0,2.9733194893219124,0.026680510678087632,0.026680510678087632,0.0007118496500435481,low,3.0,4.676,Local04D
target_matched,target_matched_04,AGC_009,Local04D,4.79,4.488593657719358,0.3014063422806421,0.3014063422806421,0.09084578316699558,high,3.0,4.676,Local04D
target_matched,target_matched_04,AGC_026,Local04D,3.55,4.325817135901638,-0.7758171359016384,0.7758171359016384,0.6018922283586212,center,3.0,4.676,Local04D
target_matched,target_matched_04,AGC_038,Local04D,3.3,2.891472376941915,0.408527623058085,0.408527623058085,0.16689481880148876,center,3.0,4.676,Local04D
target_matched,target_matched_04,AGC_044,Local04D,3.5,3.3393126888259594,0.16068731117404056,0.16068731117404056,0.02582041197234294,center,3.0,4.676,Local04D
target_matched,target_matched_04,AGC_053,Local04D,3.5,3.2377130732149904,0.26228692678500964,0.26228692678500964,0.06879443196232501,center,3.0,4.676,Local04D
target_matched,target_matched_04,AGC_056,Local04D,5.07,4.61997777283205,0.45002222716794993,0.45002222716794993,0.20252000494520192,high,3.0,4.676,Local04D
target_matched,target_matched_04,AGC_064,Local04D,4.51,4.460684824660024,0.049315175339975426,0.049315175339975426,0.0024319865188125204,center,3.0,4.676,Local04D
target_matched,target_matched_04,AGC_068,Local04D,2.5,2.945230685577698,-0.4452306855776982,0.4452306855776982,0.19823036337998715,low,3.0,4.676,Local04D
target_matched,target_matched_04,AGC_070,Local04D,3.3,2.9704399047536256,0.3295600952463742,0.3295600952463742,0.10860985637879923,center,3.0,4.676,Local04D
target_matched,target_matched_04,AGC_077,Local04D,4.76,4.426800865011297,0.33319913498870246,0.33319913498870246,0.11102166355721957,high,3.0,4.676,Local04D
target_matched,target_matched_04,AGC_092,Local04D,4.57,4.415591181581261,0.1544088184187391,0.1544088184187391,0.023842083205471144,center,3.0,4.676,Local04D
target_matched,target_matched_04,AGC_098,Local04D,3.0,2.9292143442625878,0.07078565573741225,0.07078565573741225,0.005010609058175443,low,3.0,4.676,Local04D
target_matched,target_matched_04,AGC_101,Local04D,4.57,4.113068327564774,0.4569316724352266,0.4569316724352266,0.2087865532744532,center,3.0,4.676,Local04D
target_matched,target_matched_04,AGC_103,Local04D,3.0,2.998522992473025,0.0014770075269749938,0.0014770075269749938,2.181551234740787e-06,low,3.0,4.676,Local04D
target_matched,target_matched_04,AGC_104,Local04D,4.56,4.438515207538995,0.12148479246100496,0.12148479246100496,0.01475855479929345,center,3.0,4.676,Local04D
target_matched,target_matched_04,AGC_109,Local04D,4.54,4.750789096985633,-0.21078909698563297,0.21078909698563297,0.04443204340801858,center,3.0,4.676,Local04D
target_matched,target_matched_04,AGC_115,Local04D,4.6,4.33755940266861,0.26244059733138947,0.26244059733138947,0.06887506712765651,center,3.0,4.676,Local04D
target_matched,target_matched_04,AGC_119,Local04D,4.4,4.458279523249165,-0.05827952324916463,0.05827952324916463,0.003396502830149921,center,3.0,4.676,Local04D
target_matched,target_matched_04,AGC_122,Local04D,3.5,2.806199482646429,0.6938005173535711,0.6938005173535711,0.4813591578800829,center,3.0,4.676,Local04D
target_matched,target_matched_04,AGC_124,Local04D,5.05,4.408389382778068,0.6416106172219322,0.6416106172219322,0.41166418413190886,high,3.0,4.676,Local04D
target_matched,target_matched_04,AGC_131,Local04D,4.89,4.429738803458966,0.46026119654103326,0.46026119654103326,0.21184036904138365,high,3.0,4.676,Local04D
target_matched,target_matched_04,AGC_134,Local04D,4.52,4.286662719077371,0.23333728092262884,0.23333728092262884,0.05444628666836581,center,3.0,4.676,Local04D
target_matched,target_matched_04,AGC_138,Local04D,2.5,3.1182687894697354,-0.6182687894697354,0.6182687894697354,0.382256296032372,low,3.0,4.676,Local04D
target_matched,target_matched_04,AGC_144,Local04D,2.5,2.978818707371956,-0.4788187073719561,0.4788187073719561,0.2292673545293509,low,3.0,4.676,Local04D
target_matched,target_matched_04,AGC_145,Local04D,3.5,2.770995336246838,0.729004663753162,0.729004663753162,0.5314477997738608,center,3.0,4.676,Local04D
target_matched,target_matched_04,AGC_146,Local04D,4.58,4.483714176438471,0.09628582356152915,0.09628582356152915,0.009270959818921922,center,3.0,4.676,Local04D
target_matched,target_matched_04,AGC_150,Local04D,4.52,4.436827524488124,0.08317247551187545,0.08317247551187545,0.006917660682773522,center,3.0,4.676,Local04D
target_matched,target_matched_04,AGC_152,Local04D,4.87,4.519114758101176,0.3508852418988244,0.3508852418988244,0.12312045298239653,high,3.0,4.676,Local04D
target_matched,target_matched_04,AGC_155,Local04D,4.52,4.642746636966128,-0.12274663696612809,0.12274663696612809,0.015066736886494443,center,3.0,4.676,Local04D
target_matched,target_matched_04,AGC_157,Local04D,3.0,3.193330462920025,-0.19333046292002498,0.19333046292002498,0.037376667892871154,low,3.0,4.676,Local04D
target_matched,target_matched_04,AGC_159,Local04D,4.77,4.569618319743225,0.2003816802567746,0.2003816802567746,0.04015281778252826,high,3.0,4.676,Local04D
target_matched,target_matched_04,AGC_165,Local04D,4.44,4.355432982685237,0.08456701731476368,0.08456701731476368,0.007151580417515541,center,3.0,4.676,Local04D
target_matched,target_matched_04,AGC_172,Local04D,5.19,4.526004721724259,0.663995278275741,0.663995278275741,0.44088972957247874,high,3.0,4.676,Local04D
target_matched,target_matched_04,AGC_176,Local04D,4.38,4.488456541235324,-0.10845654123532444,0.10845654123532444,0.011762821336729632,center,3.0,4.676,Local04D
target_matched,target_matched_04,AGC_181,Local04D,4.51,4.355016370125276,0.15498362987472358,0.15498362987472358,0.024019925529145312,center,3.0,4.676,Local04D
target_matched,target_matched_04,AGC_185,Local04D,5.01,4.220566136090513,0.7894338639094869,0.7894338639094869,0.6232058254870623,high,3.0,4.676,Local04D
target_matched,target_matched_04,AGC_189,Local04D,4.03,4.221825547945928,-0.19182554794592743,0.19182554794592743,0.036797040844755304,center,3.0,4.676,Local04D
target_matched,target_matched_04,AGC_194,Local04D,3.2,2.6983088736030303,0.5016911263969699,0.5016911263969699,0.2516939863054604,center,3.0,4.676,Local04D
target_matched,target_matched_04,AGC_197,Local04D,4.52,4.231201187790235,0.2887988122097642,0.2887988122097642,0.08340475393377066,center,3.0,4.676,Local04D
target_matched,target_matched_05,AGC_002,Local04D,4.63,4.483216953146811,0.146783046853189,0.146783046853189,0.021545262843505476,center,3.0,4.766,Local04D
target_matched,target_matched_05,AGC_009,Local04D,4.79,4.653742791590141,0.13625720840985878,0.13625720840985878,0.01856602684364769,high,3.0,4.766,Local04D
target_matched,target_matched_05,AGC_010,Local04D,4.1,4.407878760244543,-0.3078787602445434,0.3078787602445434,0.09478933100971705,center,3.0,4.766,Local04D
target_matched,target_matched_05,AGC_013,Local04D,4.01,4.507937394076356,-0.49793739407635584,0.49793739407635584,0.2479416484195521,center,3.0,4.766,Local04D
target_matched,target_matched_05,AGC_053,Local04D,3.5,3.2887004331688026,0.21129956683119744,0.21129956683119744,0.044647506943051675,center,3.0,4.766,Local04D
target_matched,target_matched_05,AGC_058,Local04D,2.5,3.1407740185746995,-0.6407740185746995,0.6407740185746995,0.41059134288036936,low,3.0,4.766,Local04D
target_matched,target_matched_05,AGC_062,Local04D,3.81,4.4820766133927,-0.6720766133927003,0.6720766133927003,0.45168697426940113,center,3.0,4.766,Local04D
target_matched,target_matched_05,AGC_064,Local04D,4.51,4.641724037300623,-0.1317240373006232,0.1317240373006232,0.017351222002775973,center,3.0,4.766,Local04D
target_matched,target_matched_05,AGC_067,Local04D,3.0,3.168152560620241,-0.16815256062024098,0.16815256062024098,0.028275283643143818,low,3.0,4.766,Local04D
target_matched,target_matched_05,AGC_068,Local04D,2.5,2.9793970113456094,-0.4793970113456094,0.4793970113456094,0.22982149448710237,low,3.0,4.766,Local04D
target_matched,target_matched_05,AGC_070,Local04D,3.3,3.1308079419768013,0.16919205802319848,0.16919205802319848,0.02862595249812536,center,3.0,4.766,Local04D
target_matched,target_matched_05,AGC_072,Local04D,4.55,4.607728447603813,-0.05772844760381357,0.05772844760381357,0.0033325736627462486,center,3.0,4.766,Local04D
target_matched,target_matched_05,AGC_079,Local04D,3.3,2.9987898603252385,0.3012101396747613,0.3012101396747613,0.0907275482428892,center,3.0,4.766,Local04D
target_matched,target_matched_05,AGC_098,Local04D,3.0,3.091422161708784,-0.09142216170878381,0.09142216170878381,0.008358011651507017,low,3.0,4.766,Local04D
target_matched,target_matched_05,AGC_100,Local04D,4.5,4.398366775551328,0.10163322444867173,0.10163322444867173,0.010329312311834085,center,3.0,4.766,Local04D
target_matched,target_matched_05,AGC_102,Local04D,4.4,4.502228817987623,-0.10222881798762273,0.10222881798762273,0.010450731227146497,center,3.0,4.766,Local04D
target_matched,target_matched_05,AGC_106,Local04D,4.43,4.352702810594645,0.07729718940535513,0.07729718940535513,0.005974855489967345,center,3.0,4.766,Local04D
target_matched,target_matched_05,AGC_110,Local04D,4.18,4.395734619301221,-0.2157346193012213,0.2157346193012213,0.04654142596504288,center,3.0,4.766,Local04D
target_matched,target_matched_05,AGC_111,Local04D,4.72,4.534482831852208,0.18551716814779162,0.18551716814779162,0.03441661967757599,center,3.0,4.766,Local04D
target_matched,target_matched_05,AGC_114,Local04D,3.0,3.0685685136915715,-0.06856851369157146,0.06856851369157146,0.004701641069871224,low,3.0,4.766,Local04D
target_matched,target_matched_05,AGC_119,Local04D,4.4,4.625856979905136,-0.22585697990513598,0.22585697990513598,0.051011375371869,center,3.0,4.766,Local04D
target_matched,target_matched_05,AGC_122,Local04D,3.5,2.9895539716305635,0.5104460283694365,0.5104460283694365,0.2605551478781316,center,3.0,4.766,Local04D
target_matched,target_matched_05,AGC_123,Local04D,2.5,3.047938211943969,-0.5479382119439689,0.5479382119439689,0.30023628410835373,low,3.0,4.766,Local04D
target_matched,target_matched_05,AGC_125,Local04D,4.06,4.465428040243253,-0.40542804024325374,0.40542804024325374,0.16437189581548536,center,3.0,4.766,Local04D
target_matched,target_matched_05,AGC_131,Local04D,4.89,4.549611577295249,0.3403884227047511,0.3403884227047511,0.11586427831142833,high,3.0,4.766,Local04D
target_matched,target_matched_05,AGC_134,Local04D,4.52,4.461097475411714,0.05890252458828549,0.05890252458828549,0.0034695074028735767,center,3.0,4.766,Local04D
target_matched,target_matched_05,AGC_138,Local04D,2.5,3.1866615928096085,-0.6866615928096085,0.6866615928096085,0.47150414303982857,low,3.0,4.766,Local04D
target_matched,target_matched_05,AGC_140,Local04D,3.2,3.3092009782735508,-0.10920097827355058,0.10920097827355058,0.011924853655900465,center,3.0,4.766,Local04D
target_matched,target_matched_05,AGC_144,Local04D,2.5,3.064260968381173,-0.564260968381173,0.564260968381173,0.31839044043845915,low,3.0,4.766,Local04D
target_matched,target_matched_05,AGC_145,Local04D,3.5,3.0391744412891155,0.4608255587108845,0.4608255587108845,0.21236019556119884,center,3.0,4.766,Local04D
target_matched,target_matched_05,AGC_160,Local04D,3.62,4.706146017037272,-1.0861460170372723,1.0861460170372723,1.1797131703259307,center,3.0,4.766,Local04D
target_matched,target_matched_05,AGC_161,Local04D,4.46,4.724776213369538,-0.2647762133695384,0.2647762133695384,0.07010644316631132,center,3.0,4.766,Local04D
target_matched,target_matched_05,AGC_167,Local04D,4.54,4.55049380535863,-0.01049380535862987,0.01049380535862987,0.00011011995090480899,center,3.0,4.766,Local04D
target_matched,target_matched_05,AGC_168,Local04D,4.49,4.499140389943064,-0.009140389943063987,0.009140389943063987,8.354672831126528e-05,center,3.0,4.766,Local04D
target_matched,target_matched_05,AGC_170,Local04D,3.0,3.0504909698127007,-0.05049096981270074,0.05049096981270074,0.0025493380326270573,low,3.0,4.766,Local04D
target_matched,target_matched_05,AGC_171,Local04D,2.15,4.278521418635984,-2.128521418635984,2.128521418635984,4.5306034295921425,low,3.0,4.766,Local04D
target_matched,target_matched_05,AGC_178,Local04D,4.39,4.4125751881392175,-0.022575188139217772,0.022575188139217772,0.0005096391195210788,center,3.0,4.766,Local04D
target_matched,target_matched_05,AGC_180,Local04D,4.14,4.455459927773812,-0.31545992777381215,0.31545992777381215,0.09951496603105878,center,3.0,4.766,Local04D
target_matched,target_matched_05,AGC_184,Local04D,4.47,4.544568282121416,-0.0745682821214162,0.0745682821214162,0.005560428698539118,center,3.0,4.766,Local04D
target_matched,target_matched_05,AGC_189,Local04D,4.03,4.40559725609223,-0.37559725609223005,0.37559725609223005,0.14107329878401223,center,3.0,4.766,Local04D
target_matched,target_matched_05,AGC_197,Local04D,4.52,4.465214516908764,0.05478548309123532,0.05478548309123532,0.003001449157540031,center,3.0,4.766,Local04D
target_matched,target_matched_06,AGC_002,Local04D,4.63,4.429924254454533,0.20007574554546714,0.20007574554546714,0.04003030395557452,center,3.0,4.69,Local04D
target_matched,target_matched_06,AGC_004,Local04D,3.0,2.9561928777421222,0.04380712225787775,0.04380712225787775,0.0019190639605166484,low,3.0,4.69,Local04D
target_matched,target_matched_06,AGC_005,Local04D,5.16,4.575825952306861,0.5841740476931392,0.5841740476931392,0.34125931799818604,high,3.0,4.69,Local04D
target_matched,target_matched_06,AGC_010,Local04D,4.1,4.410585001690415,-0.3105850016904155,0.3105850016904155,0.09646304327503538,center,3.0,4.69,Local04D
target_matched,target_matched_06,AGC_034,Local04D,2.0,3.197707182968776,-1.197707182968776,1.197707182968776,1.434502496135001,low,3.0,4.69,Local04D
target_matched,target_matched_06,AGC_037,Local04D,3.5,3.006519410099381,0.49348058990061894,0.49348058990061894,0.24352309260866284,center,3.0,4.69,Local04D
target_matched,target_matched_06,AGC_038,Local04D,3.3,3.185389140703425,0.11461085929657466,0.11461085929657466,0.013135649068699235,center,3.0,4.69,Local04D
target_matched,target_matched_06,AGC_046,Local04D,3.0,3.089541369167274,-0.08954136916727418,0.08954136916727418,0.008017656792350078,low,3.0,4.69,Local04D
target_matched,target_matched_06,AGC_054,Local04D,2.5,3.018325656768229,-0.5183256567682291,0.5183256567682291,0.268661486464216,low,3.0,4.69,Local04D
target_matched,target_matched_06,AGC_058,Local04D,2.5,3.033645613275847,-0.5336456132758469,0.5336456132758469,0.28477764056855476,low,3.0,4.69,Local04D
target_matched,target_matched_06,AGC_064,Local04D,4.51,4.50263939898328,0.007360601016720203,0.007360601016720203,5.417844732734249e-05,center,3.0,4.69,Local04D
target_matched,target_matched_06,AGC_066,Local04D,3.0,2.954049368555787,0.04595063144421285,0.04595063144421285,0.002111460530121883,low,3.0,4.69,Local04D
target_matched,target_matched_06,AGC_070,Local04D,3.3,3.190428063411415,0.10957193658858477,0.10957193658858477,0.012006009287772842,center,3.0,4.69,Local04D
target_matched,target_matched_06,AGC_073,Local04D,4.3,4.403355854713129,-0.10335585471312925,0.10335585471312925,0.010682432703481482,center,3.0,4.69,Local04D
target_matched,target_matched_06,AGC_079,Local04D,3.3,3.292532939670501,0.0074670603294988425,0.0074670603294988425,5.575698996437536e-05,center,3.0,4.69,Local04D
target_matched,target_matched_06,AGC_089,Local04D,3.0,3.1422261314280986,-0.1422261314280986,0.1422261314280986,0.020228272461002773,low,3.0,4.69,Local04D
target_matched,target_matched_06,AGC_090,Local04D,4.68,4.368756454743823,0.31124354525617637,0.31124354525617637,0.09687254446363351,center,3.0,4.69,Local04D
target_matched,target_matched_06,AGC_096,Local04D,4.59,4.243617358318224,0.34638264168177546,0.34638264168177546,0.11998093445844525,center,3.0,4.69,Local04D
target_matched,target_matched_06,AGC_100,Local04D,4.5,4.277414587250367,0.22258541274963317,0.22258541274963317,0.04954426596892456,center,3.0,4.69,Local04D
target_matched,target_matched_06,AGC_103,Local04D,3.0,3.0243578848987847,-0.024357884898784654,0.024357884898784654,0.0005933065567424415,low,3.0,4.69,Local04D
target_matched,target_matched_06,AGC_104,Local04D,4.56,4.303432991957945,0.25656700804205457,0.25656700804205457,0.0658266296156517,center,3.0,4.69,Local04D
target_matched,target_matched_06,AGC_109,Local04D,4.54,4.783275491166918,-0.24327549116691838,0.24327549116691838,0.059182964602505383,center,3.0,4.69,Local04D
target_matched,target_matched_06,AGC_112,Local04D,3.0,2.8065674932587323,0.19343250674126766,0.19343250674126766,0.03741613466421056,low,3.0,4.69,Local04D
target_matched,target_matched_06,AGC_117,Local04D,3.5,3.203381232570085,0.2966187674299152,0.2966187674299152,0.08798269319164213,center,3.0,4.69,Local04D
target_matched,target_matched_06,AGC_122,Local04D,3.5,2.970533533892018,0.5294664661079822,0.5294664661079822,0.28033473873287507,center,3.0,4.69,Local04D
target_matched,target_matched_06,AGC_125,Local04D,4.06,4.38028621262148,-0.3202862126214807,0.3202862126214807,0.10258325799541235,center,3.0,4.69,Local04D
target_matched,target_matched_06,AGC_127,Local04D,5.57,4.500421920986888,1.0695780790131124,1.0695780790131124,1.1439972671053797,high,3.0,4.69,Local04D
target_matched,target_matched_06,AGC_131,Local04D,4.89,4.467109606269507,0.4228903937304924,0.4228903937304924,0.1788362851095309,high,3.0,4.69,Local04D
target_matched,target_matched_06,AGC_134,Local04D,4.52,4.443198814316719,0.07680118568328087,0.07680118568328087,0.005898422122357787,center,3.0,4.69,Local04D
target_matched,target_matched_06,AGC_135,Local04D,4.49,4.676674777424611,-0.18667477742461092,0.18667477742461092,0.03484747252652803,center,3.0,4.69,Local04D
target_matched,target_matched_06,AGC_144,Local04D,2.5,3.04826996838645,-0.54826996838645,0.54826996838645,0.30059995823447894,low,3.0,4.69,Local04D
target_matched,target_matched_06,AGC_150,Local04D,4.52,4.301100893667623,0.2188991063323762,0.2188991063323762,0.04791681875311294,center,3.0,4.69,Local04D
target_matched,target_matched_06,AGC_152,Local04D,4.87,4.540856382475012,0.3291436175249878,0.3291436175249878,0.10833552095743544,high,3.0,4.69,Local04D
target_matched,target_matched_06,AGC_160,Local04D,3.62,4.667675115379578,-1.0476751153795778,1.0476751153795778,1.0976231473856117,center,3.0,4.69,Local04D
target_matched,target_matched_06,AGC_161,Local04D,4.46,4.711228809330909,-0.2512288093309092,0.2512288093309092,0.06311591463782633,center,3.0,4.69,Local04D
target_matched,target_matched_06,AGC_172,Local04D,5.19,4.528226286513429,0.6617737134865713,0.6617737134865713,0.4379444478618066,high,3.0,4.69,Local04D
target_matched,target_matched_06,AGC_180,Local04D,4.14,4.431711780790747,-0.291711780790747,0.291711780790747,0.08509576305210884,center,3.0,4.69,Local04D
target_matched,target_matched_06,AGC_189,Local04D,4.03,4.297485232356737,-0.26748523235673716,0.26748523235673716,0.07154834952893767,center,3.0,4.69,Local04D
target_matched,target_matched_06,AGC_194,Local04D,3.2,2.884272476842304,0.31572752315769614,0.31572752315769614,0.09968386887929355,center,3.0,4.69,Local04D
target_matched,target_matched_06,AGC_195,Local04D,3.68,4.375334760014235,-0.695334760014235,0.695334760014235,0.48349042848405377,center,3.0,4.69,Local04D
target_matched,target_matched_06,AGC_197,Local04D,4.52,4.275826170258172,0.24417382974182722,0.24417382974182722,0.05962085913079083,center,3.0,4.69,Local04D
target_matched,target_matched_07,AGC_001,Local04D,3.5,2.968603038162779,0.531396961837221,0.531396961837221,0.28238273104982886,center,3.0,4.676,Local04D
target_matched,target_matched_07,AGC_004,Local04D,3.0,2.9720079081589166,0.027992091841083422,0.027992091841083422,0.0007835572056396491,low,3.0,4.676,Local04D
target_matched,target_matched_07,AGC_006,Local04D,4.49,4.606624156590282,-0.11662415659028191,0.11662415659028191,0.013601193900394597,center,3.0,4.676,Local04D
target_matched,target_matched_07,AGC_009,Local04D,4.79,4.455426593301356,0.3345734066986443,0.3345734066986443,0.11193936446993646,high,3.0,4.676,Local04D
target_matched,target_matched_07,AGC_010,Local04D,4.1,4.326119563881156,-0.22611956388115662,0.22611956388115662,0.05113005716980447,center,3.0,4.676,Local04D
target_matched,target_matched_07,AGC_012,Local04D,4.69,4.7450050012381615,-0.0550050012381611,0.0550050012381611,0.003025550161210104,high,3.0,4.676,Local04D
target_matched,target_matched_07,AGC_013,Local04D,4.01,4.549910663787243,-0.5399106637872428,0.5399106637872428,0.2915035248711812,center,3.0,4.676,Local04D
target_matched,target_matched_07,AGC_014,Local04D,4.83,4.340530939246725,0.489469060753275,0.489469060753275,0.23957996143469323,high,3.0,4.676,Local04D
target_matched,target_matched_07,AGC_034,Local04D,2.0,3.2686085614614484,-1.2686085614614484,1.2686085614614484,1.6093676822132854,low,3.0,4.676,Local04D
target_matched,target_matched_07,AGC_037,Local04D,3.5,2.950931447504153,0.549068552495847,0.549068552495847,0.30147627533988464,center,3.0,4.676,Local04D
target_matched,target_matched_07,AGC_038,Local04D,3.3,3.259922277152502,0.040077722847498,0.040077722847498,0.0016062238686408632,center,3.0,4.676,Local04D
target_matched,target_matched_07,AGC_053,Local04D,3.5,2.9738719271890632,0.5261280728109368,0.5261280728109368,0.2768107489997504,center,3.0,4.676,Local04D
target_matched,target_matched_07,AGC_055,Local04D,5.45,4.598477038382532,0.8515229616174684,0.8515229616174684,0.7250913541617846,high,3.0,4.676,Local04D
target_matched,target_matched_07,AGC_056,Local04D,5.07,4.564650681019156,0.5053493189808442,0.5053493189808442,0.2553779341944031,high,3.0,4.676,Local04D
target_matched,target_matched_07,AGC_058,Local04D,2.5,2.958774648340718,-0.458774648340718,0.458774648340718,0.21047417796014947,low,3.0,4.676,Local04D
target_matched,target_matched_07,AGC_064,Local04D,4.51,4.514841497911924,-0.004841497911924009,0.004841497911924009,2.3440102031164536e-05,center,3.0,4.676,Local04D
target_matched,target_matched_07,AGC_079,Local04D,3.3,3.3046528571235507,-0.004652857123550902,0.004652857123550902,2.1649079412178374e-05,center,3.0,4.676,Local04D
target_matched,target_matched_07,AGC_080,Local04D,3.5,3.3996836293791945,0.10031637062080545,0.10031637062080545,0.0100633742145308,center,3.0,4.676,Local04D
target_matched,target_matched_07,AGC_090,Local04D,4.68,4.459906794501363,0.2200932054986371,0.2200932054986371,0.048441019106665296,high,3.0,4.676,Local04D
target_matched,target_matched_07,AGC_101,Local04D,4.57,4.387504734209037,0.18249526579096287,0.18249526579096287,0.033304522036114184,center,3.0,4.676,Local04D
target_matched,target_matched_07,AGC_106,Local04D,4.43,4.309013191042963,0.12098680895703673,0.12098680895703673,0.014637807941606502,center,3.0,4.676,Local04D
target_matched,target_matched_07,AGC_110,Local04D,4.18,4.3349347910406575,-0.15493479104065777,0.15493479104065777,0.02400478947481229,center,3.0,4.676,Local04D
target_matched,target_matched_07,AGC_112,Local04D,3.0,2.906507087889732,0.09349291211026811,0.09349291211026811,0.008740924614858318,low,3.0,4.676,Local04D
target_matched,target_matched_07,AGC_117,Local04D,3.5,2.943536597110169,0.5564634028898312,0.5564634028898312,0.3096515187557306,center,3.0,4.676,Local04D
target_matched,target_matched_07,AGC_122,Local04D,3.5,2.908113461303646,0.5918865386963539,0.5918865386963539,0.3503296746899504,center,3.0,4.676,Local04D
target_matched,target_matched_07,AGC_125,Local04D,4.06,4.2953932396525545,-0.23539323965255488,0.23539323965255488,0.05540997727412513,center,3.0,4.676,Local04D
target_matched,target_matched_07,AGC_131,Local04D,4.89,4.511995118074134,0.37800488192586545,0.37800488192586545,0.1428876907597875,high,3.0,4.676,Local04D
target_matched,target_matched_07,AGC_134,Local04D,4.52,4.418990987021633,0.10100901297836629,0.10100901297836629,0.010202820702863769,center,3.0,4.676,Local04D
target_matched,target_matched_07,AGC_138,Local04D,2.5,3.038573042122386,-0.538573042122386,0.538573042122386,0.29006092170096137,low,3.0,4.676,Local04D
target_matched,target_matched_07,AGC_152,Local04D,4.87,4.537798851495923,0.332201148504077,0.332201148504077,0.11035760306742783,high,3.0,4.676,Local04D
target_matched,target_matched_07,AGC_157,Local04D,3.0,3.176392356250441,-0.17639235625044103,0.17639235625044103,0.031114263343582502,low,3.0,4.676,Local04D
target_matched,target_matched_07,AGC_162,Local04D,5.59,4.726471965485456,0.8635280345145437,0.8635280345145437,0.745680666392551,high,3.0,4.676,Local04D
target_matched,target_matched_07,AGC_165,Local04D,4.44,4.476910659576793,-0.03691065957679296,0.03691065957679296,0.0013623967903938978,center,3.0,4.676,Local04D
target_matched,target_matched_07,AGC_166,Local04D,2.5,2.9972438260785927,-0.49724382607859274,0.49724382607859274,0.24725142257327778,low,3.0,4.676,Local04D
target_matched,target_matched_07,AGC_167,Local04D,4.54,4.48482740501945,0.05517259498054994,0.05517259498054994,0.0030440152368878043,center,3.0,4.676,Local04D
target_matched,target_matched_07,AGC_168,Local04D,4.49,4.45440587033374,0.03559412966626052,0.03559412966626052,0.0012669420666985673,center,3.0,4.676,Local04D
target_matched,target_matched_07,AGC_169,Local04D,2.5,2.903463705039937,-0.403463705039937,0.403463705039937,0.1627829612845533,low,3.0,4.676,Local04D
target_matched,target_matched_07,AGC_171,Local04D,2.15,4.232052125423597,-2.0820521254235973,2.0820521254235973,4.334941052980919,low,3.0,4.676,Local04D
target_matched,target_matched_07,AGC_178,Local04D,4.39,4.425627717221454,-0.035627717221454525,0.035627717221454525,0.0012693342344119274,center,3.0,4.676,Local04D
target_matched,target_matched_07,AGC_180,Local04D,4.14,4.427655583346613,-0.2876555833466137,0.2876555833466137,0.0827457346304806,center,3.0,4.676,Local04D
target_matched,target_matched_07,AGC_189,Local04D,4.03,4.290718349901531,-0.26071834990153064,0.26071834990153064,0.06797405797537696,center,3.0,4.676,Local04D
target_matched,target_matched_08,AGC_001,Local04D,3.5,2.982050236369317,0.5179497636306829,0.5179497636306829,0.2682719576450803,center,3.0,4.708,Local04D
target_matched,target_matched_08,AGC_008,Local04D,4.55,4.168591460832247,0.38140853916775264,0.38140853916775264,0.1454724737500791,center,3.0,4.708,Local04D
target_matched,target_matched_08,AGC_009,Local04D,4.79,4.597458850577159,0.19254114942284062,0.19254114942284062,0.037072094221068636,high,3.0,4.708,Local04D
target_matched,target_matched_08,AGC_022,Local04D,4.55,4.365289255280527,0.18471074471947269,0.18471074471947269,0.03411805921482221,center,3.0,4.708,Local04D
target_matched,target_matched_08,AGC_024,Local04D,3.03,3.979653838930339,-0.9496538389303391,0.9496538389303391,0.9018424137951303,center,3.0,4.708,Local04D
target_matched,target_matched_08,AGC_026,Local04D,3.55,4.443477293438336,-0.8934772934383366,0.8934772934383366,0.7983016738898955,center,3.0,4.708,Local04D
target_matched,target_matched_08,AGC_032,Local04D,4.03,4.54131161980986,-0.5113116198098595,0.5113116198098595,0.2614395725525823,center,3.0,4.708,Local04D
target_matched,target_matched_08,AGC_045,Local04D,4.1,4.490247720872534,-0.39024772087253456,0.39024772087253456,0.15229328364620764,center,3.0,4.708,Local04D
target_matched,target_matched_08,AGC_053,Local04D,3.5,3.2610234771391244,0.23897652286087556,0.23897652286087556,0.05710977847867458,center,3.0,4.708,Local04D
target_matched,target_matched_08,AGC_058,Local04D,2.5,3.1087728525834364,-0.6087728525834364,0.6087728525834364,0.3706043860425744,low,3.0,4.708,Local04D
target_matched,target_matched_08,AGC_064,Local04D,4.51,4.569650762531102,-0.0596507625311018,0.0596507625311018,0.003558213470541898,center,3.0,4.708,Local04D
target_matched,target_matched_08,AGC_066,Local04D,3.0,2.9803564513354006,0.019643548664599386,0.019643548664599386,0.0003858690041384843,low,3.0,4.708,Local04D
target_matched,target_matched_08,AGC_068,Local04D,2.5,2.9320563604440117,-0.43205636044401174,0.43205636044401174,0.1866726986001258,low,3.0,4.708,Local04D
target_matched,target_matched_08,AGC_070,Local04D,3.3,3.158554013165121,0.14144598683487875,0.14144598683487875,0.02000696719169269,center,3.0,4.708,Local04D
target_matched,target_matched_08,AGC_080,Local04D,3.5,3.326458471179296,0.17354152882070384,0.17354152882070384,0.030116662225427183,center,3.0,4.708,Local04D
target_matched,target_matched_08,AGC_099,Local04D,3.5,3.0966148682579613,0.4033851317420387,0.4033851317420387,0.16271956451054193,center,3.0,4.708,Local04D
target_matched,target_matched_08,AGC_101,Local04D,4.57,4.326408565986148,0.24359143401385186,0.24359143401385186,0.05933678672492475,center,3.0,4.708,Local04D
target_matched,target_matched_08,AGC_103,Local04D,3.0,2.99015531181681,0.009844688183190176,0.009844688183190176,9.691788542424428e-05,low,3.0,4.708,Local04D
target_matched,target_matched_08,AGC_105,Local04D,4.41,4.476619013929517,-0.0666190139295173,0.0666190139295173,0.00443809301694122,center,3.0,4.708,Local04D
target_matched,target_matched_08,AGC_106,Local04D,4.43,4.2536501270734455,0.17634987292655424,0.17634987292655424,0.031099277681211828,center,3.0,4.708,Local04D
target_matched,target_matched_08,AGC_109,Local04D,4.54,4.81579252687337,-0.27579252687336986,0.27579252687336986,0.07606151787919843,center,3.0,4.708,Local04D
target_matched,target_matched_08,AGC_110,Local04D,4.18,4.297581247607211,-0.11758124760721156,0.11758124760721156,0.013825349788868393,center,3.0,4.708,Local04D
target_matched,target_matched_08,AGC_114,Local04D,3.0,2.9718329552407954,0.028167044759204618,0.028167044759204618,0.0007933824104670364,low,3.0,4.708,Local04D
target_matched,target_matched_08,AGC_119,Local04D,4.4,4.575852895883607,-0.1758528958836063,0.1758528958836063,0.03092424099065048,center,3.0,4.708,Local04D
target_matched,target_matched_08,AGC_125,Local04D,4.06,4.480329759194712,-0.42032975919471216,0.42032975919471216,0.1766771064646847,center,3.0,4.708,Local04D
target_matched,target_matched_08,AGC_138,Local04D,2.5,3.107971849491684,-0.6079718494916841,0.6079718494916841,0.36962976977433903,low,3.0,4.708,Local04D
target_matched,target_matched_08,AGC_145,Local04D,3.5,2.866196458269658,0.6338035417303418,0.6338035417303418,0.40170692950992515,center,3.0,4.708,Local04D
target_matched,target_matched_08,AGC_146,Local04D,4.58,4.457007484146343,0.12299251585365667,0.12299251585365667,0.015127158956011987,center,3.0,4.708,Local04D
target_matched,target_matched_08,AGC_150,Local04D,4.52,4.52794918086376,-0.007949180863760397,0.007949180863760397,6.318947640477448e-05,center,3.0,4.708,Local04D
target_matched,target_matched_08,AGC_151,Local04D,4.69,4.474308421689257,0.21569157831074381,0.21569157831074381,0.04652285695417973,center,3.0,4.708,Local04D
target_matched,target_matched_08,AGC_152,Local04D,4.87,4.443907178165559,0.4260928218344411,0.4260928218344411,0.18155509281883675,high,3.0,4.708,Local04D
target_matched,target_matched_08,AGC_159,Local04D,4.77,4.6604863913694965,0.10951360863050308,0.10951360863050308,0.011993230475274999,high,3.0,4.708,Local04D
target_matched,target_matched_08,AGC_161,Local04D,4.46,4.711487755592597,-0.2514877555925974,0.2514877555925974,0.06324609121300201,center,3.0,4.708,Local04D
target_matched,target_matched_08,AGC_163,Local04D,3.0,3.0848455927998075,-0.08484559279980752,0.08484559279980752,0.00719877461755075,low,3.0,4.708,Local04D
target_matched,target_matched_08,AGC_164,Local04D,3.0,2.9842802488804736,0.015719751119526393,0.015719751119526393,0.0002471105752598513,low,3.0,4.708,Local04D
target_matched,target_matched_08,AGC_166,Local04D,2.5,2.925719776276816,-0.4257197762768161,0.4257197762768161,0.18123732791318237,low,3.0,4.708,Local04D
target_matched,target_matched_08,AGC_167,Local04D,4.54,4.590552544041147,-0.05055254404114695,0.05055254404114695,0.0025555597090321023,center,3.0,4.708,Local04D
target_matched,target_matched_08,AGC_176,Local04D,4.38,4.601524837446854,-0.2215248374468537,0.2215248374468537,0.049073253605854954,center,3.0,4.708,Local04D
target_matched,target_matched_08,AGC_181,Local04D,4.51,4.55365584806704,-0.043655848067039926,0.043655848067039926,0.0019058330704524737,center,3.0,4.708,Local04D
target_matched,target_matched_08,AGC_185,Local04D,5.01,4.370517977276748,0.6394820227232518,0.6394820227232518,0.40893725738622155,high,3.0,4.708,Local04D
target_matched,target_matched_08,AGC_189,Local04D,4.03,4.371240502449026,-0.3412405024490255,0.3412405024490255,0.11644508051166337,center,3.0,4.708,Local04D
target_matched,target_matched_09,AGC_002,Local04D,4.63,4.487022268186597,0.1429777318134029,0.1429777318134029,0.020442631794505364,center,3.0,4.782,Local04D
target_matched,target_matched_09,AGC_004,Local04D,3.0,3.0031807226527807,-0.0031807226527806876,0.0031807226527806876,1.0116996593912214e-05,low,3.0,4.782,Local04D
target_matched,target_matched_09,AGC_010,Local04D,4.1,4.263397445552944,-0.16339744555294455,0.16339744555294455,0.02669872521322748,center,3.0,4.782,Local04D
target_matched,target_matched_09,AGC_015,Local04D,2.64,4.763538988495512,-2.1235389884955116,2.1235389884955116,4.509417835660541,low,3.0,4.782,Local04D
target_matched,target_matched_09,AGC_017,Local04D,4.98,4.455286875353414,0.5247131246465866,0.5247131246465866,0.2753238631763843,high,3.0,4.782,Local04D
target_matched,target_matched_09,AGC_022,Local04D,4.55,4.310867671278538,0.23913232872146217,0.23913232872146217,0.05718427063974944,center,3.0,4.782,Local04D
target_matched,target_matched_09,AGC_034,Local04D,2.0,3.2459485016537397,-1.2459485016537397,1.2459485016537397,1.552387668773199,low,3.0,4.782,Local04D
target_matched,target_matched_09,AGC_038,Local04D,3.3,3.2717277167052825,0.028272283294717315,0.028272283294717315,0.0007993220026967518,center,3.0,4.782,Local04D
target_matched,target_matched_09,AGC_051,Local04D,4.45,4.340703992723854,0.10929600727614641,0.10929600727614641,0.011945617206507449,center,3.0,4.782,Local04D
target_matched,target_matched_09,AGC_053,Local04D,3.5,3.2427662677849374,0.2572337322150626,0.2572337322150626,0.06616919298929055,center,3.0,4.782,Local04D
target_matched,target_matched_09,AGC_054,Local04D,2.5,3.088319375970394,-0.5883193759703942,0.5883193759703942,0.346119688142194,low,3.0,4.782,Local04D
target_matched,target_matched_09,AGC_058,Local04D,2.5,3.148270808570444,-0.6482708085704441,0.6482708085704441,0.4202550412445773,low,3.0,4.782,Local04D
target_matched,target_matched_09,AGC_064,Local04D,4.51,4.620668015091341,-0.11066801509134105,0.11066801509134105,0.012247409564257291,center,3.0,4.782,Local04D
target_matched,target_matched_09,AGC_066,Local04D,3.0,3.0065130245032297,-0.0065130245032296585,0.0065130245032296585,4.241948817966994e-05,low,3.0,4.782,Local04D
target_matched,target_matched_09,AGC_067,Local04D,3.0,3.2351280427124043,-0.23512804271240428,0.23512804271240428,0.055285196469766214,low,3.0,4.782,Local04D
target_matched,target_matched_09,AGC_068,Local04D,2.5,2.9545992242024197,-0.4545992242024197,0.4545992242024197,0.20666045464544186,low,3.0,4.782,Local04D
target_matched,target_matched_09,AGC_070,Local04D,3.3,3.2892525514781887,0.010747448521811087,0.010747448521811087,0.00011550764972897932,center,3.0,4.782,Local04D
target_matched,target_matched_09,AGC_073,Local04D,4.3,4.100485629481699,0.19951437051830112,0.19951437051830112,0.039805984043313945,center,3.0,4.782,Local04D
target_matched,target_matched_09,AGC_077,Local04D,4.76,4.513874033572966,0.24612596642703366,0.24612596642703366,0.0605779913496413,center,3.0,4.782,Local04D
target_matched,target_matched_09,AGC_078,Local04D,3.0,3.213876107449852,-0.21387610744985208,0.21387610744985208,0.04574298933790067,low,3.0,4.782,Local04D
target_matched,target_matched_09,AGC_092,Local04D,4.57,4.620641509653256,-0.05064150965325531,0.05064150965325531,0.002564562499960751,center,3.0,4.782,Local04D
target_matched,target_matched_09,AGC_097,Local04D,4.69,4.83972164298062,-0.1497216429806194,0.1497216429806194,0.02241657037681606,center,3.0,4.782,Local04D
target_matched,target_matched_09,AGC_098,Local04D,3.0,3.0315621384449165,-0.03156213844491651,0.03156213844491651,0.0009961685832160767,low,3.0,4.782,Local04D
target_matched,target_matched_09,AGC_102,Local04D,4.4,4.40100132443815,-0.0010013244381497088,0.0010013244381497088,1.00265063043583e-06,center,3.0,4.782,Local04D
target_matched,target_matched_09,AGC_104,Local04D,4.56,4.395759926418994,0.16424007358100567,0.16424007358100567,0.02697480176989416,center,3.0,4.782,Local04D
target_matched,target_matched_09,AGC_106,Local04D,4.43,4.178656388782124,0.25134361121787574,0.25134361121787574,0.06317361090004267,center,3.0,4.782,Local04D
target_matched,target_matched_09,AGC_108,Local04D,4.51,4.885434739900687,-0.37543473990068765,0.37543473990068765,0.14095124392429698,center,3.0,4.782,Local04D
target_matched,target_matched_09,AGC_115,Local04D,4.6,4.250140485932441,0.34985951406755866,0.34985951406755866,0.12240167958358827,center,3.0,4.782,Local04D
target_matched,target_matched_09,AGC_119,Local04D,4.4,4.709605781176824,-0.309605781176824,0.309605781176824,0.09585573973811144,center,3.0,4.782,Local04D
target_matched,target_matched_09,AGC_122,Local04D,3.5,2.86575674519095,0.63424325480905,0.63424325480905,0.4022645062707775,center,3.0,4.782,Local04D
target_matched,target_matched_09,AGC_125,Local04D,4.06,4.349458518884424,-0.2894585188844241,0.2894585188844241,0.0837862341547645,center,3.0,4.782,Local04D
target_matched,target_matched_09,AGC_140,Local04D,3.2,3.3878329098577966,-0.18783290985779644,0.18783290985779644,0.03528120202564708,center,3.0,4.782,Local04D
target_matched,target_matched_09,AGC_144,Local04D,2.5,3.0288514558160435,-0.5288514558160435,0.5288514558160435,0.27968386231874864,low,3.0,4.782,Local04D
target_matched,target_matched_09,AGC_145,Local04D,3.5,2.819667379232635,0.680332620767365,0.680332620767365,0.46285247488019127,center,3.0,4.782,Local04D
target_matched,target_matched_09,AGC_160,Local04D,3.62,4.739221509915192,-1.1192215099151923,1.1192215099151923,1.252656788256843,center,3.0,4.782,Local04D
target_matched,target_matched_09,AGC_165,Local04D,4.44,4.425489804393484,0.01451019560651634,0.01451019560651634,0.00021054577653936612,center,3.0,4.782,Local04D
target_matched,target_matched_09,AGC_168,Local04D,4.49,4.401930456947042,0.08806954305295811,0.08806954305295811,0.007756244413556842,center,3.0,4.782,Local04D
target_matched,target_matched_09,AGC_181,Local04D,4.51,4.595868531735764,-0.08586853173576436,0.08586853173576436,0.007373404742455972,center,3.0,4.782,Local04D
target_matched,target_matched_09,AGC_184,Local04D,4.47,4.517939733078137,-0.04793973307813726,0.04793973307813726,0.002298218007603048,center,3.0,4.782,Local04D
target_matched,target_matched_09,AGC_187,Local04D,3.0,3.109603988854977,-0.10960398885497691,0.10960398885497691,0.012013034372921902,low,3.0,4.782,Local04D
target_matched,target_matched_09,AGC_189,Local04D,4.03,4.296328308100317,-0.2663283081003165,0.2663283081003165,0.0709307676955771,center,3.0,4.782,Local04D
target_matched,target_matched_10,AGC_001,Center_Cross_a1000p0,3.5,2.9587103443801612,0.5412896556198388,0.5412896556198388,0.29299449128104366,center,3.0,4.69,Center_Cross_a1000p0
target_matched,target_matched_10,AGC_002,Center_Cross_a1000p0,4.63,4.406740427052268,0.22325957294773158,0.22325957294773158,0.049844836912803475,center,3.0,4.69,Center_Cross_a1000p0
target_matched,target_matched_10,AGC_005,Center_Cross_a1000p0,5.16,4.577659045675053,0.5823409543249474,0.5823409543249474,0.33912098708409044,high,3.0,4.69,Center_Cross_a1000p0
target_matched,target_matched_10,AGC_006,Center_Cross_a1000p0,4.49,4.6462095975441455,-0.15620959754414532,0.15620959754414532,0.02440143836490385,center,3.0,4.69,Center_Cross_a1000p0
target_matched,target_matched_10,AGC_009,Center_Cross_a1000p0,4.79,4.442058835241195,0.3479411647588053,0.3479411647588053,0.12106305413371411,high,3.0,4.69,Center_Cross_a1000p0
target_matched,target_matched_10,AGC_010,Center_Cross_a1000p0,4.1,4.303632381017292,-0.2036323810172922,0.2036323810172922,0.04146614659877167,center,3.0,4.69,Center_Cross_a1000p0
target_matched,target_matched_10,AGC_013,Center_Cross_a1000p0,4.01,4.521082668691211,-0.5110826686912109,0.5110826686912109,0.26120549423653006,center,3.0,4.69,Center_Cross_a1000p0
target_matched,target_matched_10,AGC_014,Center_Cross_a1000p0,4.83,4.256863733448541,0.573136266551459,0.573136266551459,0.32848518003654503,high,3.0,4.69,Center_Cross_a1000p0
target_matched,target_matched_10,AGC_019,Center_Cross_a1000p0,3.0,3.065377392906176,-0.06537739290617584,0.06537739290617584,0.00427420350320849,low,3.0,4.69,Center_Cross_a1000p0
target_matched,target_matched_10,AGC_026,Center_Cross_a1000p0,3.55,4.385425915326849,-0.8354259153268488,0.8354259153268488,0.6979364599997032,center,3.0,4.69,Center_Cross_a1000p0
target_matched,target_matched_10,AGC_038,Center_Cross_a1000p0,3.3,3.0192978915521005,0.28070210844789933,0.28070210844789933,0.07879367368709624,center,3.0,4.69,Center_Cross_a1000p0
target_matched,target_matched_10,AGC_049,Center_Cross_a1000p0,5.53,4.7821904444181484,0.7478095555818518,0.7478095555818518,0.5592191314195267,high,3.0,4.69,Center_Cross_a1000p0
target_matched,target_matched_10,AGC_054,Center_Cross_a1000p0,2.5,3.031672292639955,-0.5316722926399549,0.5316722926399549,0.2826754267610258,low,3.0,4.69,Center_Cross_a1000p0
target_matched,target_matched_10,AGC_059,Center_Cross_a1000p0,4.41,4.511310813426096,-0.10131081342609605,0.10131081342609605,0.010263880917057242,center,3.0,4.69,Center_Cross_a1000p0
target_matched,target_matched_10,AGC_060,Center_Cross_a1000p0,4.52,4.4731450021508286,0.04685499784917102,0.04685499784917102,0.002195390823445821,center,3.0,4.69,Center_Cross_a1000p0
target_matched,target_matched_10,AGC_064,Center_Cross_a1000p0,4.51,4.490789655993318,0.01921034400668198,0.01921034400668198,0.0003690373168550622,center,3.0,4.69,Center_Cross_a1000p0
target_matched,target_matched_10,AGC_068,Center_Cross_a1000p0,2.5,2.9663446322524876,-0.46634463225248757,0.46634463225248757,0.21747731603070786,low,3.0,4.69,Center_Cross_a1000p0
target_matched,target_matched_10,AGC_070,Center_Cross_a1000p0,3.3,3.1183716168945677,0.18162838310543217,0.18162838310543217,0.032988869549493635,center,3.0,4.69,Center_Cross_a1000p0
target_matched,target_matched_10,AGC_072,Center_Cross_a1000p0,4.55,4.59287082978341,-0.04287082978341061,0.04287082978341061,0.0018379080463181664,center,3.0,4.69,Center_Cross_a1000p0
target_matched,target_matched_10,AGC_080,Center_Cross_a1000p0,3.5,3.3510653306832676,0.14893466931673238,0.14893466931673238,0.022181535724484426,center,3.0,4.69,Center_Cross_a1000p0
target_matched,target_matched_10,AGC_089,Center_Cross_a1000p0,3.0,3.1570979198391567,-0.15709791983915666,0.15709791983915666,0.02467975641779009,low,3.0,4.69,Center_Cross_a1000p0
target_matched,target_matched_10,AGC_098,Center_Cross_a1000p0,3.0,2.9360524734041493,0.06394752659585068,0.06394752659585068,0.0040892861577270295,low,3.0,4.69,Center_Cross_a1000p0
target_matched,target_matched_10,AGC_100,Center_Cross_a1000p0,4.5,4.341310373186343,0.15868962681365684,0.15868962681365684,0.025182397658257676,center,3.0,4.69,Center_Cross_a1000p0
target_matched,target_matched_10,AGC_103,Center_Cross_a1000p0,3.0,3.0430773033798846,-0.04307730337988458,0.04307730337988458,0.0018556540664826154,low,3.0,4.69,Center_Cross_a1000p0
target_matched,target_matched_10,AGC_115,Center_Cross_a1000p0,4.6,4.364282593807529,0.23571740619247095,0.23571740619247095,0.05556269558210634,center,3.0,4.69,Center_Cross_a1000p0
target_matched,target_matched_10,AGC_122,Center_Cross_a1000p0,3.5,2.819059632705517,0.6809403672944829,0.6809403672944829,0.46367978381114533,center,3.0,4.69,Center_Cross_a1000p0
target_matched,target_matched_10,AGC_127,Center_Cross_a1000p0,5.57,4.426168272934706,1.1438317270652947,1.1438317270652947,1.3083510198411747,high,3.0,4.69,Center_Cross_a1000p0
target_matched,target_matched_10,AGC_131,Center_Cross_a1000p0,4.89,4.500603006742489,0.38939699325751054,0.38939699325751054,0.1516300183579897,high,3.0,4.69,Center_Cross_a1000p0
target_matched,target_matched_10,AGC_132,Center_Cross_a1000p0,4.13,4.623293550980937,-0.49329355098093686,0.49329355098093686,0.24333852743938214,center,3.0,4.69,Center_Cross_a1000p0
target_matched,target_matched_10,AGC_134,Center_Cross_a1000p0,4.52,4.437415660658014,0.08258433934198539,0.08258433934198539,0.0068201731045521964,center,3.0,4.69,Center_Cross_a1000p0
target_matched,target_matched_10,AGC_138,Center_Cross_a1000p0,2.5,3.1776442870369475,-0.6776442870369475,0.6776442870369475,0.4592017797538128,low,3.0,4.69,Center_Cross_a1000p0
target_matched,target_matched_10,AGC_141,Center_Cross_a1000p0,3.5,3.006427771504302,0.4935722284956978,0.4935722284956978,0.24361354474220934,center,3.0,4.69,Center_Cross_a1000p0
target_matched,target_matched_10,AGC_144,Center_Cross_a1000p0,2.5,3.015306654315073,-0.515306654315073,0.515306654315073,0.2655409479813942,low,3.0,4.69,Center_Cross_a1000p0
target_matched,target_matched_10,AGC_145,Center_Cross_a1000p0,3.5,2.775456102287515,0.724543897712485,0.724543897712485,0.5249638597123999,center,3.0,4.69,Center_Cross_a1000p0
target_matched,target_matched_10,AGC_160,Center_Cross_a1000p0,3.62,4.720516394934335,-1.1005163949343348,1.1005163949343348,1.2111363355192648,center,3.0,4.69,Center_Cross_a1000p0
target_matched,target_matched_10,AGC_166,Center_Cross_a1000p0,2.5,2.944070557929612,-0.4440705579296118,0.4440705579296118,0.1971986604199167,low,3.0,4.69,Center_Cross_a1000p0
target_matched,target_matched_10,AGC_171,Center_Cross_a1000p0,2.15,4.240371241175745,-2.090371241175745,2.090371241175745,4.369651925934624,low,3.0,4.69,Center_Cross_a1000p0
target_matched,target_matched_10,AGC_176,Center_Cross_a1000p0,4.38,4.548801597432677,-0.16880159743267686,0.16880159743267686,0.0284939792958235,center,3.0,4.69,Center_Cross_a1000p0
target_matched,target_matched_10,AGC_179,Center_Cross_a1000p0,4.55,4.7662025587264365,-0.21620255872643668,0.21620255872643668,0.0467435463998583,center,3.0,4.69,Center_Cross_a1000p0
target_matched,target_matched_10,AGC_180,Center_Cross_a1000p0,4.14,4.43400921366259,-0.2940092136625907,0.2940092136625907,0.08644141771849491,center,3.0,4.69,Center_Cross_a1000p0
target_matched,target_matched_10,AGC_197,Center_Cross_a1000p0,4.52,4.480102678586041,0.03989732141395841,0.03989732141395841,0.0015917962560087042,center,3.0,4.69,Center_Cross_a1000p0
target_matched,target_matched_11,AGC_001,Center_Cross_a1000p0,3.5,3.0000246684498966,0.49997533155010343,0.49997533155010343,0.24997533215863585,center,3.0,4.686,Center_Cross_a1000p0
target_matched,target_matched_11,AGC_006,Center_Cross_a1000p0,4.49,4.456758110984726,0.03324188901527414,0.03324188901527414,0.0011050231853038035,center,3.0,4.686,Center_Cross_a1000p0
target_matched,target_matched_11,AGC_008,Center_Cross_a1000p0,4.55,4.2993969023636,0.2506030976364002,0.2506030976364002,0.06280191254495913,center,3.0,4.686,Center_Cross_a1000p0
target_matched,target_matched_11,AGC_009,Center_Cross_a1000p0,4.79,4.592284690660462,0.19771530933953763,0.19771530933953763,0.039091343547229054,high,3.0,4.686,Center_Cross_a1000p0
target_matched,target_matched_11,AGC_012,Center_Cross_a1000p0,4.69,4.5280778212212685,0.16192217877873194,0.16192217877873194,0.026218791980451628,high,3.0,4.686,Center_Cross_a1000p0
target_matched,target_matched_11,AGC_019,Center_Cross_a1000p0,3.0,3.0168753810809084,-0.016875381080908358,0.016875381080908358,0.00028477848662587975,low,3.0,4.686,Center_Cross_a1000p0
target_matched,target_matched_11,AGC_021,Center_Cross_a1000p0,4.94,4.6565650226283575,0.2834349773716429,0.2834349773716429,0.08033538639766373,high,3.0,4.686,Center_Cross_a1000p0
target_matched,target_matched_11,AGC_023,Center_Cross_a1000p0,3.0,2.9696184790261166,0.030381520973883358,0.030381520973883358,0.0009230368166865144,low,3.0,4.686,Center_Cross_a1000p0
target_matched,target_matched_11,AGC_026,Center_Cross_a1000p0,3.55,4.4437903523543625,-0.8937903523543627,0.8937903523543627,0.7988611939617357,center,3.0,4.686,Center_Cross_a1000p0
target_matched,target_matched_11,AGC_040,Center_Cross_a1000p0,3.0,2.93457263801081,0.06542736198918986,0.06542736198918986,0.004280739696864486,low,3.0,4.686,Center_Cross_a1000p0
target_matched,target_matched_11,AGC_041,Center_Cross_a1000p0,2.5,2.989776283225852,-0.4897762832258521,0.4897762832258521,0.2398808076105301,low,3.0,4.686,Center_Cross_a1000p0
target_matched,target_matched_11,AGC_046,Center_Cross_a1000p0,3.0,3.0297268916681936,-0.029726891668193645,0.029726891668193645,0.0008836880882525207,low,3.0,4.686,Center_Cross_a1000p0
target_matched,target_matched_11,AGC_049,Center_Cross_a1000p0,5.53,4.742550245948824,0.7874497540511767,0.7874497540511767,0.6200771151552587,high,3.0,4.686,Center_Cross_a1000p0
target_matched,target_matched_11,AGC_051,Center_Cross_a1000p0,4.45,4.225779030065671,0.22422096993432916,0.22422096993432916,0.05027504335829134,center,3.0,4.686,Center_Cross_a1000p0
target_matched,target_matched_11,AGC_064,Center_Cross_a1000p0,4.51,4.574918209873702,-0.064918209873702,0.064918209873702,0.0042143739732060205,center,3.0,4.686,Center_Cross_a1000p0
target_matched,target_matched_11,AGC_070,Center_Cross_a1000p0,3.3,3.160719922093085,0.139280077906915,0.139280077906915,0.019398940101756308,center,3.0,4.686,Center_Cross_a1000p0
target_matched,target_matched_11,AGC_072,Center_Cross_a1000p0,4.55,4.293998400293831,0.25600159970616865,0.25600159970616865,0.0655368190521174,center,3.0,4.686,Center_Cross_a1000p0
target_matched,target_matched_11,AGC_077,Center_Cross_a1000p0,4.76,4.415510752930952,0.34448924706904815,0.34448924706904815,0.11867284134619971,high,3.0,4.686,Center_Cross_a1000p0
target_matched,target_matched_11,AGC_080,Center_Cross_a1000p0,3.5,3.3134599246875363,0.18654007531246375,0.18654007531246375,0.03479719969757965,center,3.0,4.686,Center_Cross_a1000p0
target_matched,target_matched_11,AGC_099,Center_Cross_a1000p0,3.5,3.0472968339585247,0.4527031660414753,0.4527031660414753,0.20494015654397557,center,3.0,4.686,Center_Cross_a1000p0
target_matched,target_matched_11,AGC_102,Center_Cross_a1000p0,4.4,4.514001193267977,-0.11400119326797675,0.11400119326797675,0.012996272066522587,center,3.0,4.686,Center_Cross_a1000p0
target_matched,target_matched_11,AGC_106,Center_Cross_a1000p0,4.43,4.3355181801466784,0.09448181985332127,0.09448181985332127,0.008926814282795454,center,3.0,4.686,Center_Cross_a1000p0
target_matched,target_matched_11,AGC_110,Center_Cross_a1000p0,4.18,4.3665525128147085,-0.18655251281470875,0.18655251281470875,0.034801840037482074,center,3.0,4.686,Center_Cross_a1000p0
target_matched,target_matched_11,AGC_114,Center_Cross_a1000p0,3.0,3.0251993919639624,-0.02519939196396237,0.02519939196396237,0.0006350093553534113,low,3.0,4.686,Center_Cross_a1000p0
target_matched,target_matched_11,AGC_117,Center_Cross_a1000p0,3.5,3.22796859840579,0.27203140159421,0.27203140159421,0.07400108345331037,center,3.0,4.686,Center_Cross_a1000p0
target_matched,target_matched_11,AGC_119,Center_Cross_a1000p0,4.4,4.565845899784063,-0.1658458997840624,0.1658458997840624,0.027504862475185264,center,3.0,4.686,Center_Cross_a1000p0
target_matched,target_matched_11,AGC_123,Center_Cross_a1000p0,2.5,3.2154254589142734,-0.7154254589142734,0.7154254589142734,0.5118335872626988,low,3.0,4.686,Center_Cross_a1000p0
target_matched,target_matched_11,AGC_134,Center_Cross_a1000p0,4.52,4.185024396965227,0.33497560303477236,0.33497560303477236,0.11220865462850939,center,3.0,4.686,Center_Cross_a1000p0
target_matched,target_matched_11,AGC_138,Center_Cross_a1000p0,2.5,3.0619116841139933,-0.5619116841139933,0.5619116841139933,0.3157447407438242,low,3.0,4.686,Center_Cross_a1000p0
target_matched,target_matched_11,AGC_139,Center_Cross_a1000p0,4.67,4.416553207580846,0.2534467924191537,0.2534467924191537,0.06423527658755758,center,3.0,4.686,Center_Cross_a1000p0
target_matched,target_matched_11,AGC_151,Center_Cross_a1000p0,4.69,4.603829245464413,0.08617075453558698,0.08617075453558698,0.007425398937232384,high,3.0,4.686,Center_Cross_a1000p0
target_matched,target_matched_11,AGC_159,Center_Cross_a1000p0,4.77,4.625101845566879,0.14489815443312093,0.14489815443312093,0.02099547515812456,high,3.0,4.686,Center_Cross_a1000p0
target_matched,target_matched_11,AGC_161,Center_Cross_a1000p0,4.46,4.590709501539738,-0.13070950153973815,0.13070950153973815,0.01708497379276681,center,3.0,4.686,Center_Cross_a1000p0
target_matched,target_matched_11,AGC_164,Center_Cross_a1000p0,3.0,2.9620012700289804,0.03799872997101961,0.03799872997101961,0.0014439034794104637,low,3.0,4.686,Center_Cross_a1000p0
target_matched,target_matched_11,AGC_165,Center_Cross_a1000p0,4.44,4.317250078674299,0.12274992132570173,0.12274992132570173,0.015067543185465963,center,3.0,4.686,Center_Cross_a1000p0
target_matched,target_matched_11,AGC_167,Center_Cross_a1000p0,4.54,4.533066110218738,0.0069338897812620814,0.0069338897812620814,4.8078827498690714e-05,center,3.0,4.686,Center_Cross_a1000p0
target_matched,target_matched_11,AGC_170,Center_Cross_a1000p0,3.0,2.9699170097858496,0.030082990214150396,0.030082990214150396,0.0009049863002246685,low,3.0,4.686,Center_Cross_a1000p0
target_matched,target_matched_11,AGC_171,Center_Cross_a1000p0,2.15,4.253724295614615,-2.1037242956146147,2.1037242956146147,4.425655911959207,low,3.0,4.686,Center_Cross_a1000p0
target_matched,target_matched_11,AGC_176,Center_Cross_a1000p0,4.38,4.48863056845075,-0.10863056845075025,0.10863056845075025,0.011800600401933136,center,3.0,4.686,Center_Cross_a1000p0
target_matched,target_matched_11,AGC_181,Center_Cross_a1000p0,4.51,4.610029204479121,-0.10002920447912089,0.10002920447912089,0.010005841748725779,center,3.0,4.686,Center_Cross_a1000p0
target_matched,target_matched_11,AGC_189,Center_Cross_a1000p0,4.03,4.358315012723591,-0.328315012723591,0.328315012723591,0.1077907475796917,center,3.0,4.686,Center_Cross_a1000p0
target_matched,target_matched_12,AGC_005,Local04D,5.16,4.686770246718783,0.47322975328121686,0.47322975328121686,0.22394639939060138,high,3.0,4.686,Local04D
target_matched,target_matched_12,AGC_009,Local04D,4.79,4.447414672854795,0.34258532714520484,0.34258532714520484,0.11736470637518702,high,3.0,4.686,Local04D
target_matched,target_matched_12,AGC_010,Local04D,4.1,4.374588896506376,-0.2745888965063763,0.2745888965063763,0.07539906208458944,center,3.0,4.686,Local04D
target_matched,target_matched_12,AGC_015,Local04D,2.64,4.705845836619423,-2.0658458366194226,2.0658458366194226,4.267719020677802,low,3.0,4.686,Local04D
target_matched,target_matched_12,AGC_017,Local04D,4.98,4.475936518418883,0.5040634815811176,0.5040634815811176,0.25407999346367766,high,3.0,4.686,Local04D
target_matched,target_matched_12,AGC_022,Local04D,4.55,4.390432055841309,0.1595679441586908,0.1595679441586908,0.025461928803031067,center,3.0,4.686,Local04D
target_matched,target_matched_12,AGC_034,Local04D,2.0,3.1682680899348843,-1.1682680899348843,1.1682680899348843,1.364850329960103,low,3.0,4.686,Local04D
target_matched,target_matched_12,AGC_037,Local04D,3.5,3.036695743877447,0.4633042561225529,0.4633042561225529,0.21465083374127208,center,3.0,4.686,Local04D
target_matched,target_matched_12,AGC_038,Local04D,3.3,3.185998855781175,0.1140011442188249,0.1140011442188249,0.012996260883201315,center,3.0,4.686,Local04D
target_matched,target_matched_12,AGC_049,Local04D,5.53,4.816037291198094,0.7139627088019065,0.7139627088019065,0.509742749559756,high,3.0,4.686,Local04D
target_matched,target_matched_12,AGC_051,Local04D,4.45,4.46672674323157,-0.016726743231569863,0.016726743231569863,0.0002797839391348682,center,3.0,4.686,Local04D
target_matched,target_matched_12,AGC_054,Local04D,2.5,3.02712206465457,-0.52712206465457,0.52712206465457,0.2778576710456967,low,3.0,4.686,Local04D
target_matched,target_matched_12,AGC_058,Local04D,2.5,3.05875275262235,-0.5587527526223499,0.5587527526223499,0.31220463856305297,low,3.0,4.686,Local04D
target_matched,target_matched_12,AGC_059,Local04D,4.41,4.499469560070544,-0.08946956007054396,0.08946956007054396,0.008004802179216675,center,3.0,4.686,Local04D
target_matched,target_matched_12,AGC_060,Local04D,4.52,5.007188380629211,-0.48718838062921144,0.48718838062921144,0.2373525182201134,center,3.0,4.686,Local04D
target_matched,target_matched_12,AGC_064,Local04D,4.51,4.489031064113076,0.02096893588692339,0.02096893588692339,0.0004396962722299036,center,3.0,4.686,Local04D
target_matched,target_matched_12,AGC_068,Local04D,2.5,3.051166646475502,-0.5511666464755018,0.5511666464755018,0.30378467218705085,low,3.0,4.686,Local04D
target_matched,target_matched_12,AGC_070,Local04D,3.3,3.18837285468994,0.1116271453100599,0.1116271453100599,0.012460619570073229,center,3.0,4.686,Local04D
target_matched,target_matched_12,AGC_073,Local04D,4.3,4.413677663963608,-0.11367766396360857,0.11367766396360857,0.012922611284223109,center,3.0,4.686,Local04D
target_matched,target_matched_12,AGC_096,Local04D,4.59,4.370364925903803,0.21963507409619698,0.21963507409619698,0.04823956577324194,center,3.0,4.686,Local04D
target_matched,target_matched_12,AGC_101,Local04D,4.57,4.340547819220455,0.22945218077954532,0.22945218077954532,0.052648303264489146,center,3.0,4.686,Local04D
target_matched,target_matched_12,AGC_105,Local04D,4.41,4.438471512714649,-0.028471512714649094,0.028471512714649094,0.0008106270362604251,center,3.0,4.686,Local04D
target_matched,target_matched_12,AGC_110,Local04D,4.18,4.391534961405615,-0.211534961405615,0.211534961405615,0.04474703989687503,center,3.0,4.686,Local04D
target_matched,target_matched_12,AGC_112,Local04D,3.0,3.023646006560865,-0.02364600656086502,0.02364600656086502,0.0005591336262764715,low,3.0,4.686,Local04D
target_matched,target_matched_12,AGC_117,Local04D,3.5,3.2200053009392677,0.27999469906073227,0.27999469906073227,0.07839703150211003,center,3.0,4.686,Local04D
target_matched,target_matched_12,AGC_122,Local04D,3.5,2.9571773809090263,0.5428226190909737,0.5428226190909737,0.2946563957967844,center,3.0,4.686,Local04D
target_matched,target_matched_12,AGC_123,Local04D,2.5,2.9982295858240438,-0.49822958582404375,0.49822958582404375,0.2482327201903982,low,3.0,4.686,Local04D
target_matched,target_matched_12,AGC_125,Local04D,4.06,4.4174782226658325,-0.35747822266583285,0.35747822266583285,0.12779067968032276,center,3.0,4.686,Local04D
target_matched,target_matched_12,AGC_131,Local04D,4.89,4.461214479131313,0.4287855208686864,0.4287855208686864,0.18385702290663067,high,3.0,4.686,Local04D
target_matched,target_matched_12,AGC_133,Local04D,3.91,4.474768143848944,-0.5647681438489442,0.5647681438489442,0.3189630563065818,center,3.0,4.686,Local04D
target_matched,target_matched_12,AGC_134,Local04D,4.52,4.461862138625389,0.05813786137461019,0.05813786137461019,0.0033800109252133913,center,3.0,4.686,Local04D
target_matched,target_matched_12,AGC_145,Local04D,3.5,2.99121329059287,0.5087867094071301,0.5087867094071301,0.2588639156693355,center,3.0,4.686,Local04D
target_matched,target_matched_12,AGC_161,Local04D,4.46,4.669197390419661,-0.20919739041966068,0.20919739041966068,0.043763548158395935,center,3.0,4.686,Local04D
target_matched,target_matched_12,AGC_165,Local04D,4.44,4.4081358554085215,0.031864144591478905,0.031864144591478905,0.0010153237105466743,center,3.0,4.686,Local04D
target_matched,target_matched_12,AGC_169,Local04D,2.5,3.0484804502411884,-0.5484804502411884,0.5484804502411884,0.3008308042967768,low,3.0,4.686,Local04D
target_matched,target_matched_12,AGC_170,Local04D,3.0,3.049197064046292,-0.049197064046292205,0.049197064046292205,0.002420351110774977,low,3.0,4.686,Local04D
target_matched,target_matched_12,AGC_171,Local04D,2.15,4.210616350636028,-2.0606163506360278,2.0606163506360278,4.246139744508541,low,3.0,4.686,Local04D
target_matched,target_matched_12,AGC_172,Local04D,5.19,4.54747470293086,0.64252529706914,0.64252529706914,0.41283875737378656,high,3.0,4.686,Local04D
target_matched,target_matched_12,AGC_180,Local04D,4.14,4.463888931393001,-0.3238889313930011,0.3238889313930011,0.1049040398789002,center,3.0,4.686,Local04D
target_matched,target_matched_12,AGC_185,Local04D,5.01,4.43805902319983,0.5719409768001702,0.5719409768001702,0.32711648094313284,high,3.0,4.686,Local04D
target_matched,target_matched_12,AGC_194,Local04D,3.2,2.885420301908164,0.31457969809183606,0.31457969809183606,0.09896038645155072,center,3.0,4.686,Local04D
target_matched,target_matched_13,AGC_002,Local04D,4.63,4.494499847811727,0.13550015218827305,0.13550015218827305,0.018360291243045158,center,3.0,4.69,Local04D
target_matched,target_matched_13,AGC_006,Local04D,4.49,4.590807246625504,-0.10080724662550367,0.10080724662550367,0.01016210097221512,center,3.0,4.69,Local04D
target_matched,target_matched_13,AGC_008,Local04D,4.55,4.084640115220383,0.465359884779617,0.465359884779617,0.2165598223620984,center,3.0,4.69,Local04D
target_matched,target_matched_13,AGC_009,Local04D,4.79,4.504219357352416,0.28578064264758396,0.28578064264758396,0.08167057571206608,high,3.0,4.69,Local04D
target_matched,target_matched_13,AGC_010,Local04D,4.1,4.314493061916854,-0.2144930619168548,0.2144930619168548,0.046007273610467705,center,3.0,4.69,Local04D
target_matched,target_matched_13,AGC_013,Local04D,4.01,4.486244321187315,-0.4762443211873153,0.4762443211873153,0.22680865346316673,center,3.0,4.69,Local04D
target_matched,target_matched_13,AGC_023,Local04D,3.0,3.003552493521476,-0.00355249352147613,0.00355249352147613,1.2620210220129874e-05,low,3.0,4.69,Local04D
target_matched,target_matched_13,AGC_026,Local04D,3.55,4.336751217121977,-0.786751217121977,0.786751217121977,0.6189774776429122,center,3.0,4.69,Local04D
target_matched,target_matched_13,AGC_038,Local04D,3.3,3.048467909498073,0.25153209050192693,0.25153209050192693,0.06326839255226956,center,3.0,4.69,Local04D
target_matched,target_matched_13,AGC_049,Local04D,5.53,4.82148474421255,0.7085152557874501,0.7085152557874501,0.5019938676835559,high,3.0,4.69,Local04D
target_matched,target_matched_13,AGC_051,Local04D,4.45,4.232115818122285,0.2178841818777153,0.2178841818777153,0.04747351671252132,center,3.0,4.69,Local04D
target_matched,target_matched_13,AGC_053,Local04D,3.5,3.2005696682422355,0.29943033175776446,0.29943033175776446,0.08965852357656488,center,3.0,4.69,Local04D
target_matched,target_matched_13,AGC_056,Local04D,5.07,4.631309955508417,0.4386900444915831,0.4386900444915831,0.19244895513602717,high,3.0,4.69,Local04D
target_matched,target_matched_13,AGC_058,Local04D,2.5,3.0606209621793745,-0.5606209621793745,0.5606209621793745,0.3142958632349277,low,3.0,4.69,Local04D
target_matched,target_matched_13,AGC_059,Local04D,4.41,4.501078646582643,-0.09107864658264297,0.09107864658264297,0.008295319863325983,center,3.0,4.69,Local04D
target_matched,target_matched_13,AGC_060,Local04D,4.52,4.932701719083472,-0.4127017190834721,0.4127017190834721,0.17032270893445312,center,3.0,4.69,Local04D
target_matched,target_matched_13,AGC_062,Local04D,3.81,4.426328695151581,-0.6163286951515805,0.6163286951515805,0.3798610604672499,center,3.0,4.69,Local04D
target_matched,target_matched_13,AGC_064,Local04D,4.51,4.488723475043533,0.021276524956467036,0.021276524956467036,0.0004526905142231646,center,3.0,4.69,Local04D
target_matched,target_matched_13,AGC_066,Local04D,3.0,2.981574197230368,0.018425802769631794,0.018425802769631794,0.0003395102077053707,low,3.0,4.69,Local04D
target_matched,target_matched_13,AGC_067,Local04D,3.0,3.230926623609277,-0.23092662360927685,0.23092662360927685,0.05332710549158062,low,3.0,4.69,Local04D
target_matched,target_matched_13,AGC_068,Local04D,2.5,2.9149942748987785,-0.4149942748987785,0.4149942748987785,0.17222024819876294,low,3.0,4.69,Local04D
target_matched,target_matched_13,AGC_078,Local04D,3.0,3.218059476451035,-0.21805947645103485,0.21805947645103485,0.047549935270099424,low,3.0,4.69,Local04D
target_matched,target_matched_13,AGC_089,Local04D,3.0,3.141792055430711,-0.14179205543071083,0.14179205543071083,0.020104986983265773,low,3.0,4.69,Local04D
target_matched,target_matched_13,AGC_098,Local04D,3.0,3.1327945378717668,-0.13279453787176676,0.13279453787176676,0.017634389288576097,low,3.0,4.69,Local04D
target_matched,target_matched_13,AGC_099,Local04D,3.5,2.989951897373033,0.5100481026269672,0.5100481026269672,0.26014906699336926,center,3.0,4.69,Local04D
target_matched,target_matched_13,AGC_101,Local04D,4.57,4.206983442150023,0.3630165578499769,0.3630165578499769,0.13178102127324562,center,3.0,4.69,Local04D
target_matched,target_matched_13,AGC_102,Local04D,4.4,4.23887181432918,0.16112818567082066,0.16112818567082066,0.025962292217570456,center,3.0,4.69,Local04D
target_matched,target_matched_13,AGC_103,Local04D,3.0,3.0389305265958475,-0.0389305265958475,0.0389305265958475,0.0015155859010299898,low,3.0,4.69,Local04D
target_matched,target_matched_13,AGC_105,Local04D,4.41,4.3310257960177925,0.07897420398220767,0.07897420398220767,0.0062369248946233455,center,3.0,4.69,Local04D
target_matched,target_matched_13,AGC_106,Local04D,4.43,4.20609213433746,0.2239078656625395,0.2239078656625395,0.05013473230555384,center,3.0,4.69,Local04D
target_matched,target_matched_13,AGC_109,Local04D,4.54,4.756067331162836,-0.2160673311628356,0.2160673311628356,0.04668509159583047,center,3.0,4.69,Local04D
target_matched,target_matched_13,AGC_110,Local04D,4.18,4.257734572759808,-0.077734572759808,0.077734572759808,0.006042663802149883,center,3.0,4.69,Local04D
target_matched,target_matched_13,AGC_119,Local04D,4.4,4.482221890588699,-0.08222189058869844,0.08222189058869844,0.006760439291979898,center,3.0,4.69,Local04D
target_matched,target_matched_13,AGC_123,Local04D,2.5,3.2484404367112987,-0.7484404367112987,0.7484404367112987,0.5601630873045995,low,3.0,4.69,Local04D
target_matched,target_matched_13,AGC_131,Local04D,4.89,4.467899870681525,0.4221001293184745,0.4221001293184745,0.17816851917067292,high,3.0,4.69,Local04D
target_matched,target_matched_13,AGC_134,Local04D,4.52,4.226700478405347,0.293299521594653,0.293299521594653,0.08602460936765233,center,3.0,4.69,Local04D
target_matched,target_matched_13,AGC_141,Local04D,3.5,3.019517344651065,0.480482655348935,0.480482655348935,0.23086358209116342,center,3.0,4.69,Local04D
target_matched,target_matched_13,AGC_144,Local04D,2.5,3.100222958162381,-0.600222958162381,0.600222958162381,0.3602675995051994,low,3.0,4.69,Local04D
target_matched,target_matched_13,AGC_159,Local04D,4.77,4.616441872927728,0.15355812707227123,0.15355812707227123,0.0235800983899438,high,3.0,4.69,Local04D
target_matched,target_matched_13,AGC_179,Local04D,4.55,4.5921971572963,-0.04219715729630025,0.04219715729630025,0.0017806000838887052,center,3.0,4.69,Local04D
target_matched,target_matched_13,AGC_185,Local04D,5.01,4.281594924563342,0.7284050754366582,0.7284050754366582,0.5305739539218838,high,3.0,4.69,Local04D
target_matched,target_matched_14,AGC_002,Local04D,4.63,4.446421851116051,0.18357814888394852,0.18357814888394852,0.03370093674765717,center,3.0,4.646,Local04D
target_matched,target_matched_14,AGC_006,Local04D,4.49,4.490677549489189,-0.0006775494891888556,0.0006775494891888556,4.5907331030007914e-07,center,3.0,4.646,Local04D
target_matched,target_matched_14,AGC_017,Local04D,4.98,4.403872291810037,0.5761277081899632,0.5761277081899632,0.33192313614421937,high,3.0,4.646,Local04D
target_matched,target_matched_14,AGC_019,Local04D,3.0,2.9926468047847563,0.007353195215243691,0.007353195215243691,5.406947987348271e-05,low,3.0,4.646,Local04D
target_matched,target_matched_14,AGC_023,Local04D,3.0,2.974871206838442,0.025128793161557805,0.025128793161557805,0.0006314562457563544,low,3.0,4.646,Local04D
target_matched,target_matched_14,AGC_026,Local04D,3.55,4.322637963482336,-0.7726379634823362,0.7726379634823362,0.5969694226141318,center,3.0,4.646,Local04D
target_matched,target_matched_14,AGC_034,Local04D,2.0,3.232869466890117,-1.2328694668901168,1.2328694668901168,1.5199671223899207,low,3.0,4.646,Local04D
target_matched,target_matched_14,AGC_038,Local04D,3.3,3.223798259120823,0.07620174087917686,0.07620174087917686,0.005806705313017213,center,3.0,4.646,Local04D
target_matched,target_matched_14,AGC_049,Local04D,5.53,4.760082443172218,0.7699175568277825,0.7699175568277825,0.5927730443116617,high,3.0,4.646,Local04D
target_matched,target_matched_14,AGC_053,Local04D,3.5,3.2239001151165083,0.2760998848834917,0.2760998848834917,0.07623114643267737,center,3.0,4.646,Local04D
target_matched,target_matched_14,AGC_054,Local04D,2.5,3.068566646125785,-0.568566646125785,0.568566646125785,0.32326803108672364,low,3.0,4.646,Local04D
target_matched,target_matched_14,AGC_056,Local04D,5.07,4.586782271388007,0.48321772861199364,0.48321772861199364,0.23349937324493433,high,3.0,4.646,Local04D
target_matched,target_matched_14,AGC_058,Local04D,2.5,3.1190040313954905,-0.6190040313954905,0.6190040313954905,0.38316599088386943,low,3.0,4.646,Local04D
target_matched,target_matched_14,AGC_062,Local04D,3.81,4.425483617398148,-0.6154836173981484,0.6154836173981484,0.3788200832855103,center,3.0,4.646,Local04D
target_matched,target_matched_14,AGC_064,Local04D,4.51,4.566575870167109,-0.05657587016710952,0.05657587016710952,0.0032008290851656333,center,3.0,4.646,Local04D
target_matched,target_matched_14,AGC_067,Local04D,3.0,3.270605679592636,-0.27060567959263615,0.27060567959263615,0.07322743382779245,low,3.0,4.646,Local04D
target_matched,target_matched_14,AGC_070,Local04D,3.3,3.2223671673093666,0.07763283269063326,0.07763283269063326,0.006026856711571856,center,3.0,4.646,Local04D
target_matched,target_matched_14,AGC_077,Local04D,4.76,4.4317879056801655,0.32821209431983434,0.32821209431983434,0.10772317885781182,high,3.0,4.646,Local04D
target_matched,target_matched_14,AGC_089,Local04D,3.0,3.163186467950653,-0.16318646795065295,0.16318646795065295,0.02662982332220948,low,3.0,4.646,Local04D
target_matched,target_matched_14,AGC_090,Local04D,4.68,4.315103282357077,0.36489671764292275,0.36489671764292275,0.1331496145465789,high,3.0,4.646,Local04D
target_matched,target_matched_14,AGC_096,Local04D,4.59,4.290326609062355,0.2996733909376452,0.2996733909376452,0.08980414123606674,center,3.0,4.646,Local04D
target_matched,target_matched_14,AGC_098,Local04D,3.0,3.0392352888275225,-0.039235288827522474,0.039235288827522474,0.0015394078893791099,low,3.0,4.646,Local04D
target_matched,target_matched_14,AGC_102,Local04D,4.4,4.294762923063734,0.10523707693626605,0.10523707693626605,0.01107484236208958,center,3.0,4.646,Local04D
target_matched,target_matched_14,AGC_108,Local04D,4.51,4.69099273443118,-0.18099273443118058,0.18099273443118058,0.03275836991687586,center,3.0,4.646,Local04D
target_matched,target_matched_14,AGC_110,Local04D,4.18,4.314346935892663,-0.13434693589266367,0.13434693589266367,0.01804909918374748,center,3.0,4.646,Local04D
target_matched,target_matched_14,AGC_119,Local04D,4.4,4.691911414327955,-0.29191141432795487,0.29191141432795487,0.08521227381494693,center,3.0,4.646,Local04D
target_matched,target_matched_14,AGC_124,Local04D,5.05,4.361782520672578,0.688217479327422,0.688217479327422,0.47364329885179063,high,3.0,4.646,Local04D
target_matched,target_matched_14,AGC_127,Local04D,5.57,4.496575825412634,1.073424174587366,1.073424174587366,1.152239458588568,high,3.0,4.646,Local04D
target_matched,target_matched_14,AGC_140,Local04D,3.2,3.3927455943780163,-0.19274559437801608,0.19274559437801608,0.037150864152134706,center,3.0,4.646,Local04D
target_matched,target_matched_14,AGC_141,Local04D,3.5,3.0448914585834825,0.45510854141651746,0.45510854141651746,0.20712378447027,center,3.0,4.646,Local04D
target_matched,target_matched_14,AGC_145,Local04D,3.5,2.880906327149784,0.6190936728502159,0.6190936728502159,0.3832769757631701,center,3.0,4.646,Local04D
target_matched,target_matched_14,AGC_152,Local04D,4.87,4.508546969520058,0.36145303047994215,0.36145303047994215,0.13064829324313398,high,3.0,4.646,Local04D
target_matched,target_matched_14,AGC_155,Local04D,4.52,4.614927452382011,-0.09492745238201117,0.09492745238201117,0.009011221215738998,center,3.0,4.646,Local04D
target_matched,target_matched_14,AGC_157,Local04D,3.0,3.062507649486544,-0.06250764948654419,0.06250764948654419,0.0039072062443326686,low,3.0,4.646,Local04D
target_matched,target_matched_14,AGC_159,Local04D,4.77,4.583789677702482,0.18621032229751755,0.18621032229751755,0.03467428413014536,high,3.0,4.646,Local04D
target_matched,target_matched_14,AGC_163,Local04D,3.0,3.033334827381535,-0.033334827381534815,0.033334827381534815,0.0011112107165567233,low,3.0,4.646,Local04D
target_matched,target_matched_14,AGC_167,Local04D,4.54,4.430777839230947,0.10922216076905311,0.10922216076905311,0.011929480403060884,center,3.0,4.646,Local04D
target_matched,target_matched_14,AGC_170,Local04D,3.0,2.986954578338678,0.013045421661321832,0.013045421661321832,0.00017018302632168487,low,3.0,4.646,Local04D
target_matched,target_matched_14,AGC_178,Local04D,4.39,4.323250881862402,0.0667491181375981,0.0667491181375981,0.004455444772147027,center,3.0,4.646,Local04D
target_matched,target_matched_14,AGC_185,Local04D,5.01,4.266931262386206,0.7430687376137941,0.7430687376137941,0.5521511488189575,high,3.0,4.646,Local04D
target_matched,target_matched_14,AGC_194,Local04D,3.2,2.921415455514855,0.27858454448514536,0.27858454448514536,0.07760934842599593,center,3.0,4.646,Local04D
target_matched,target_matched_15,AGC_001,Local04D,3.5,2.898595505093281,0.6014044949067192,0.6014044949067192,0.36168736649400607,center,3.0,4.744,Local04D
target_matched,target_matched_15,AGC_008,Local04D,4.55,4.465068539285302,0.0849314607146976,0.0849314607146976,0.007213353019132221,center,3.0,4.744,Local04D
target_matched,target_matched_15,AGC_009,Local04D,4.79,4.629240583147843,0.1607594168521569,0.1607594168521569,0.025843590106645543,high,3.0,4.744,Local04D
target_matched,target_matched_15,AGC_010,Local04D,4.1,4.427564715929543,-0.32756471592954295,0.32756471592954295,0.10729864312200217,center,3.0,4.744,Local04D
target_matched,target_matched_15,AGC_015,Local04D,2.64,4.8053355211748725,-2.1653355211748724,2.1653355211748724,4.688677919261656,low,3.0,4.744,Local04D
target_matched,target_matched_15,AGC_019,Local04D,3.0,3.02002058604629,-0.020020586046289868,0.020020586046289868,0.00040082386563689655,low,3.0,4.744,Local04D
target_matched,target_matched_15,AGC_024,Local04D,3.03,4.568578554109002,-1.538578554109002,1.538578554109002,2.367223967164147,center,3.0,4.744,Local04D
target_matched,target_matched_15,AGC_026,Local04D,3.55,4.485809273363273,-0.9358092733632732,0.9358092733632732,0.8757389961126975,center,3.0,4.744,Local04D
target_matched,target_matched_15,AGC_033,Local04D,4.47,4.717618770644696,-0.24761877064469662,0.24761877064469662,0.06131505557559087,center,3.0,4.744,Local04D
target_matched,target_matched_15,AGC_034,Local04D,2.0,3.2143086688368165,-1.2143086688368165,1.2143086688368165,1.4745455432122414,low,3.0,4.744,Local04D
target_matched,target_matched_15,AGC_037,Local04D,3.5,2.801854952361439,0.6981450476385609,0.6981450476385609,0.48740650754224846,center,3.0,4.744,Local04D
target_matched,target_matched_15,AGC_045,Local04D,4.1,4.506315260374135,-0.4063152603741358,0.4063152603741358,0.16509209081290177,center,3.0,4.744,Local04D
target_matched,target_matched_15,AGC_049,Local04D,5.53,4.810396748490942,0.7196032515090582,0.7196032515090582,0.5178288395824089,high,3.0,4.744,Local04D
target_matched,target_matched_15,AGC_053,Local04D,3.5,3.1234841007452685,0.3765158992547315,0.3765158992547315,0.1417642223915991,center,3.0,4.744,Local04D
target_matched,target_matched_15,AGC_064,Local04D,4.51,4.620756601466189,-0.11075660146618915,0.11075660146618915,0.012267024768340254,center,3.0,4.744,Local04D
target_matched,target_matched_15,AGC_068,Local04D,2.5,2.870211383036929,-0.37021138303692913,0.37021138303692913,0.13705646813011585,low,3.0,4.744,Local04D
target_matched,target_matched_15,AGC_070,Local04D,3.3,3.231692798185672,0.06830720181432781,0.06830720181432781,0.004665873819703309,center,3.0,4.744,Local04D
target_matched,target_matched_15,AGC_073,Local04D,4.3,4.410756230837397,-0.1107562308373975,0.1107562308373975,0.01226694266930688,center,3.0,4.744,Local04D
target_matched,target_matched_15,AGC_079,Local04D,3.3,3.285027459142,0.014972540857999928,0.014972540857999928,0.0002241769797444772,center,3.0,4.744,Local04D
target_matched,target_matched_15,AGC_080,Local04D,3.5,3.4015398349643067,0.09846016503569333,0.09846016503569333,0.009694404098855967,center,3.0,4.744,Local04D
target_matched,target_matched_15,AGC_090,Local04D,4.68,4.56353387507773,0.11646612492226982,0.11646612492226982,0.01356435825440976,center,3.0,4.744,Local04D
target_matched,target_matched_15,AGC_092,Local04D,4.57,4.681668990793352,-0.11166899079335213,0.11166899079335213,0.012469963504805762,center,3.0,4.744,Local04D
target_matched,target_matched_15,AGC_099,Local04D,3.5,2.894364039608932,0.6056359603910679,0.6056359603910679,0.3667949165188112,center,3.0,4.744,Local04D
target_matched,target_matched_15,AGC_101,Local04D,4.57,4.537801589352649,0.03219841064735096,0.03219841064735096,0.0010367376482154438,center,3.0,4.744,Local04D
target_matched,target_matched_15,AGC_104,Local04D,4.56,4.534120425142846,0.025879574857153642,0.025879574857153642,0.000669752394787019,center,3.0,4.744,Local04D
target_matched,target_matched_15,AGC_110,Local04D,4.18,4.485117600583512,-0.3051176005835119,0.3051176005835119,0.0930967501858395,center,3.0,4.744,Local04D
target_matched,target_matched_15,AGC_119,Local04D,4.4,4.608281316705254,-0.20828131670525352,0.20828131670525352,0.043381106888474116,center,3.0,4.744,Local04D
target_matched,target_matched_15,AGC_122,Local04D,3.5,2.893207244202737,0.606792755797263,0.606792755797263,0.36819744848803687,center,3.0,4.744,Local04D
target_matched,target_matched_15,AGC_123,Local04D,2.5,2.9355723822376176,-0.43557238223761763,0.43557238223761763,0.18972330016815328,low,3.0,4.744,Local04D
target_matched,target_matched_15,AGC_141,Local04D,3.5,2.956325447950353,0.5436745520496471,0.5436745520496471,0.29558201854638444,center,3.0,4.744,Local04D
target_matched,target_matched_15,AGC_144,Local04D,2.5,2.99520648608707,-0.4952064860870702,0.4952064860870702,0.24522946386270364,low,3.0,4.744,Local04D
target_matched,target_matched_15,AGC_145,Local04D,3.5,2.941056257966867,0.5589437420331329,0.5589437420331329,0.3124181067580014,center,3.0,4.744,Local04D
target_matched,target_matched_15,AGC_151,Local04D,4.69,4.623757269600462,0.0662427303995381,0.0662427303995381,0.004388099330785889,center,3.0,4.744,Local04D
target_matched,target_matched_15,AGC_161,Local04D,4.46,4.700899728170933,-0.24089972817093308,0.24089972817093308,0.05803267903282945,center,3.0,4.744,Local04D
target_matched,target_matched_15,AGC_164,Local04D,3.0,2.966322701209328,0.03367729879067216,0.03367729879067216,0.0011341604538362086,low,3.0,4.744,Local04D
target_matched,target_matched_15,AGC_167,Local04D,4.54,4.738549301347344,-0.19854930134734428,0.19854930134734428,0.03942182506551853,center,3.0,4.744,Local04D
target_matched,target_matched_15,AGC_171,Local04D,2.15,4.547897988708519,-2.3978979887085194,2.3978979887085194,5.749914764252363,low,3.0,4.744,Local04D
target_matched,target_matched_15,AGC_172,Local04D,5.19,4.531896239420982,0.6581037605790181,0.6581037605790181,0.43310055968824557,high,3.0,4.744,Local04D
target_matched,target_matched_15,AGC_179,Local04D,4.55,4.663591481009656,-0.11359148100965655,0.11359148100965655,0.012903024557967165,center,3.0,4.744,Local04D
target_matched,target_matched_15,AGC_181,Local04D,4.51,4.680263424924032,-0.17026342492403224,0.17026342492403224,0.028989633866861562,center,3.0,4.744,Local04D
target_matched,target_matched_15,AGC_194,Local04D,3.2,2.9578225314507254,0.2421774685492748,0.2421774685492748,0.058649926272934985,center,3.0,4.744,Local04D
target_matched,target_matched_16,AGC_004,Local04D,3.0,2.902799055071716,0.09720094492828402,0.09720094492828402,0.009448023694951303,low,3.0,4.69,Local04D
target_matched,target_matched_16,AGC_008,Local04D,4.55,4.087642017276331,0.46235798272366857,0.46235798272366857,0.2137749041883002,center,3.0,4.69,Local04D
target_matched,target_matched_16,AGC_009,Local04D,4.79,4.448647623715923,0.34135237628407733,0.34135237628407733,0.11652144479478632,high,3.0,4.69,Local04D
target_matched,target_matched_16,AGC_014,Local04D,4.83,4.183479720347822,0.6465202796521785,0.6465202796521785,0.4179884720015311,high,3.0,4.69,Local04D
target_matched,target_matched_16,AGC_023,Local04D,3.0,2.963274713857074,0.03672528614292592,0.03672528614292592,0.0013487466422797863,low,3.0,4.69,Local04D
target_matched,target_matched_16,AGC_034,Local04D,2.0,3.269201981625864,-1.269201981625864,1.269201981625864,1.61087367016302,low,3.0,4.69,Local04D
target_matched,target_matched_16,AGC_037,Local04D,3.5,2.828250776238195,0.6717492237618048,0.6717492237618048,0.4512470196245873,center,3.0,4.69,Local04D
target_matched,target_matched_16,AGC_038,Local04D,3.3,3.276826431349574,0.023173568650425747,0.023173568650425747,0.000537014283995995,center,3.0,4.69,Local04D
target_matched,target_matched_16,AGC_040,Local04D,3.0,2.9262949819533155,0.0737050180466845,0.0737050180466845,0.005432429685262088,low,3.0,4.69,Local04D
target_matched,target_matched_16,AGC_046,Local04D,3.0,3.0684815662753167,-0.06848156627531665,0.06848156627531665,0.004689724919520587,low,3.0,4.69,Local04D
target_matched,target_matched_16,AGC_053,Local04D,3.5,2.887121774801043,0.6128782251989571,0.6128782251989571,0.37561971892302354,center,3.0,4.69,Local04D
target_matched,target_matched_16,AGC_054,Local04D,2.5,2.9205436522439654,-0.4205436522439654,0.4205436522439654,0.1768569634426933,low,3.0,4.69,Local04D
target_matched,target_matched_16,AGC_059,Local04D,4.41,4.406812608154106,0.0031873918458940054,0.0031873918458940054,1.0159466779271594e-05,center,3.0,4.69,Local04D
target_matched,target_matched_16,AGC_060,Local04D,4.52,4.96474336321475,-0.4447433632147506,0.4447433632147506,0.1977966591235676,center,3.0,4.69,Local04D
target_matched,target_matched_16,AGC_062,Local04D,3.81,4.446685588772539,-0.6366855887725387,0.6366855887725387,0.40536853895063424,center,3.0,4.69,Local04D
target_matched,target_matched_16,AGC_064,Local04D,4.51,4.474257565364134,0.035742434635865905,0.035742434635865905,0.0012775216336991468,center,3.0,4.69,Local04D
target_matched,target_matched_16,AGC_073,Local04D,4.3,4.443873919449677,-0.14387391944967742,0.14387391944967742,0.02069970469781227,center,3.0,4.69,Local04D
target_matched,target_matched_16,AGC_079,Local04D,3.3,3.3288188790927333,-0.028818879092733507,0.028818879092733507,0.0008305277921615925,center,3.0,4.69,Local04D
target_matched,target_matched_16,AGC_090,Local04D,4.68,4.414702643118983,0.26529735688101663,0.26529735688101663,0.0703826875680535,center,3.0,4.69,Local04D
target_matched,target_matched_16,AGC_092,Local04D,4.57,4.472595103741022,0.09740489625897819,0.09740489625897819,0.009487713815222303,center,3.0,4.69,Local04D
target_matched,target_matched_16,AGC_098,Local04D,3.0,3.1365714664706017,-0.1365714664706017,0.1365714664706017,0.018651765453930685,low,3.0,4.69,Local04D
target_matched,target_matched_16,AGC_101,Local04D,4.57,4.23927012898776,0.33072987101223994,0.33072987101223994,0.10938224757977287,center,3.0,4.69,Local04D
target_matched,target_matched_16,AGC_104,Local04D,4.56,4.318904719283093,0.24109528071690622,0.24109528071690622,0.05812693438396382,center,3.0,4.69,Local04D
target_matched,target_matched_16,AGC_105,Local04D,4.41,4.2655157791652725,0.14448422083472767,0.14448422083472767,0.020875690070218354,center,3.0,4.69,Local04D
target_matched,target_matched_16,AGC_109,Local04D,4.54,4.799530714888944,-0.2595307148889443,0.2595307148889443,0.06735619197076649,center,3.0,4.69,Local04D
target_matched,target_matched_16,AGC_110,Local04D,4.18,4.284068256615308,-0.10406825661530839,0.10406825661530839,0.010830202034949677,center,3.0,4.69,Local04D
target_matched,target_matched_16,AGC_114,Local04D,3.0,3.0734737494648376,-0.07347374946483765,0.07347374946483765,0.00539839186042173,low,3.0,4.69,Local04D
target_matched,target_matched_16,AGC_115,Local04D,4.6,4.509321816993095,0.09067818300690433,0.09067818300690433,0.008222532873433634,center,3.0,4.69,Local04D
target_matched,target_matched_16,AGC_117,Local04D,3.5,2.879388125945699,0.6206118740543012,0.6206118740543012,0.3851590982171918,center,3.0,4.69,Local04D
target_matched,target_matched_16,AGC_123,Local04D,2.5,3.2274589652072887,-0.7274589652072887,0.7274589652072887,0.5291965460604593,low,3.0,4.69,Local04D
target_matched,target_matched_16,AGC_124,Local04D,5.05,4.428416990199449,0.6215830098005508,0.6215830098005508,0.3863654380727116,high,3.0,4.69,Local04D
target_matched,target_matched_16,AGC_125,Local04D,4.06,4.148161892055842,-0.08816189205584202,0.08816189205584202,0.00777251921086594,center,3.0,4.69,Local04D
target_matched,target_matched_16,AGC_148,Local04D,3.0,3.1384649608421697,-0.13846496084216975,0.13846496084216975,0.0191725453810236,low,3.0,4.69,Local04D
target_matched,target_matched_16,AGC_150,Local04D,4.52,4.340854043458874,0.17914595654112553,0.17914595654112553,0.03209327374503484,center,3.0,4.69,Local04D
target_matched,target_matched_16,AGC_152,Local04D,4.87,4.516456199991975,0.3535438000080253,0.3535438000080253,0.1249932185241146,high,3.0,4.69,Local04D
target_matched,target_matched_16,AGC_161,Local04D,4.46,4.671418569212798,-0.2114185692127979,0.2114185692127979,0.044697811407986614,center,3.0,4.69,Local04D
target_matched,target_matched_16,AGC_166,Local04D,2.5,3.003099411315044,-0.503099411315044,0.503099411315044,0.25310901766554383,low,3.0,4.69,Local04D
target_matched,target_matched_16,AGC_172,Local04D,5.19,4.551997745565694,0.6380022544343067,0.6380022544343067,0.40704687666325784,high,3.0,4.69,Local04D
target_matched,target_matched_16,AGC_178,Local04D,4.39,4.348459831677267,0.041540168322732995,0.041540168322732995,0.0017255855842809899,center,3.0,4.69,Local04D
target_matched,target_matched_16,AGC_180,Local04D,4.14,4.456541715378799,-0.3165417153787997,0.3165417153787997,0.10019865757495305,center,3.0,4.69,Local04D
target_matched,target_matched_16,AGC_189,Local04D,4.03,4.189403587071119,-0.159403587071119,0.159403587071119,0.02540950357113982,center,3.0,4.69,Local04D
