protocol,outer_fold,ID_POLIGONO,observed,base_candidate,predicted
fold_state_stratified,1,AGC_009,4.79,B01_C0_PLS,4.044500791328823
fold_state_stratified,1,AGC_015,2.64,B01_C0_PLS,4.798618135618296
fold_state_stratified,1,AGC_017,4.98,B01_C0_PLS,4.868093490565134
fold_state_stratified,1,AGC_032,4.03,B01_C0_PLS,4.400798948812345
fold_state_stratified,1,AGC_045,4.1,B01_C0_PLS,4.513300729171903
fold_state_stratified,1,AGC_054,2.5,B01_C0_PLS,2.9291476396766356
fold_state_stratified,1,AGC_058,2.5,B01_C0_PLS,3.3582871388805344
fold_state_stratified,1,AGC_068,2.5,B01_C0_PLS,3.0167410191290718
fold_state_stratified,1,AGC_073,4.3,B01_C0_PLS,4.483357376402722
fold_state_stratified,1,AGC_079,3.3,B01_C0_PLS,2.5498832148823403
fold_state_stratified,1,AGC_083,4.61,B01_C0_PLS,3.977135645131762
fold_state_stratified,1,AGC_090,4.68,B01_C0_PLS,4.138963798116501
fold_state_stratified,1,AGC_102,4.4,B01_C0_PLS,4.048142045517125
fold_state_stratified,1,AGC_103,3.0,B01_C0_PLS,2.970408175717029
fold_state_stratified,1,AGC_111,4.72,B01_C0_PLS,4.456655064954688
fold_state_stratified,1,AGC_112,3.0,B01_C0_PLS,3.1262076286786553
fold_state_stratified,1,AGC_117,3.5,B01_C0_PLS,3.5150151620687184
fold_state_stratified,1,AGC_119,4.4,B01_C0_PLS,4.206191408077783
fold_state_stratified,1,AGC_121,3.3,B01_C0_PLS,2.6142494492846033
fold_state_stratified,1,AGC_127,5.57,B01_C0_PLS,5.156791426088938
fold_state_stratified,1,AGC_133,3.91,B01_C0_PLS,4.218036906258062
fold_state_stratified,1,AGC_139,4.67,B01_C0_PLS,4.424132356888929
fold_state_stratified,1,AGC_159,4.77,B01_C0_PLS,4.605506509091015
fold_state_stratified,1,AGC_161,4.46,B01_C0_PLS,4.765873059032394
fold_state_stratified,1,AGC_164,3.0,B01_C0_PLS,3.2901746031768315
fold_state_stratified,1,AGC_167,4.54,B01_C0_PLS,4.570567123614942
fold_state_stratified,1,AGC_180,4.14,B01_C0_PLS,4.1929335023268
fold_state_stratified,1,AGC_187,3.0,B01_C0_PLS,3.4047127141474114
fold_state_stratified,1,AGC_009,4.79,B02_C3_Ridge,4.184319627799244
fold_state_stratified,1,AGC_015,2.64,B02_C3_Ridge,4.79611511364348
fold_state_stratified,1,AGC_017,4.98,B02_C3_Ridge,4.697533990311461
fold_state_stratified,1,AGC_032,4.03,B02_C3_Ridge,4.327528916381531
fold_state_stratified,1,AGC_045,4.1,B02_C3_Ridge,4.439984338346552
fold_state_stratified,1,AGC_054,2.5,B02_C3_Ridge,2.9464021738709225
fold_state_stratified,1,AGC_058,2.5,B02_C3_Ridge,3.401756870357713
fold_state_stratified,1,AGC_068,2.5,B02_C3_Ridge,3.0828763060567743
fold_state_stratified,1,AGC_073,4.3,B02_C3_Ridge,4.240898392073969
fold_state_stratified,1,AGC_079,3.3,B02_C3_Ridge,2.777759231246585
fold_state_stratified,1,AGC_083,4.61,B02_C3_Ridge,4.041298244960729
fold_state_stratified,1,AGC_090,4.68,B02_C3_Ridge,4.157124537948165
fold_state_stratified,1,AGC_102,4.4,B02_C3_Ridge,4.124078864072781
fold_state_stratified,1,AGC_103,3.0,B02_C3_Ridge,2.864031220962269
fold_state_stratified,1,AGC_111,4.72,B02_C3_Ridge,4.430694295881461
fold_state_stratified,1,AGC_112,3.0,B02_C3_Ridge,3.133427988277972
fold_state_stratified,1,AGC_117,3.5,B02_C3_Ridge,3.5623165038946105
fold_state_stratified,1,AGC_119,4.4,B02_C3_Ridge,4.2284044163905055
fold_state_stratified,1,AGC_121,3.3,B02_C3_Ridge,3.00852530527993
fold_state_stratified,1,AGC_127,5.57,B02_C3_Ridge,5.000527717570547
fold_state_stratified,1,AGC_133,3.91,B02_C3_Ridge,4.212236099246147
fold_state_stratified,1,AGC_139,4.67,B02_C3_Ridge,4.2783956788637925
fold_state_stratified,1,AGC_159,4.77,B02_C3_Ridge,4.643481979244319
fold_state_stratified,1,AGC_161,4.46,B02_C3_Ridge,4.706458155536754
fold_state_stratified,1,AGC_164,3.0,B02_C3_Ridge,3.313550936812155
fold_state_stratified,1,AGC_167,4.54,B02_C3_Ridge,4.56679902027587
fold_state_stratified,1,AGC_180,4.14,B02_C3_Ridge,4.214873555421367
fold_state_stratified,1,AGC_187,3.0,B02_C3_Ridge,3.36129999134453
fold_state_stratified,1,AGC_009,4.79,B03_C1_CatBoost,4.569829735383792
fold_state_stratified,1,AGC_015,2.64,B03_C1_CatBoost,4.770525589535936
fold_state_stratified,1,AGC_017,4.98,B03_C1_CatBoost,4.556593392067043
fold_state_stratified,1,AGC_032,4.03,B03_C1_CatBoost,4.418773396022516
fold_state_stratified,1,AGC_045,4.1,B03_C1_CatBoost,4.550283732851767
fold_state_stratified,1,AGC_054,2.5,B03_C1_CatBoost,3.0659176572280558
fold_state_stratified,1,AGC_058,2.5,B03_C1_CatBoost,3.3293712014510675
fold_state_stratified,1,AGC_068,2.5,B03_C1_CatBoost,2.7954048295198106
fold_state_stratified,1,AGC_073,4.3,B03_C1_CatBoost,4.3307129169370455
fold_state_stratified,1,AGC_079,3.3,B03_C1_CatBoost,3.0147839545443276
fold_state_stratified,1,AGC_083,4.61,B03_C1_CatBoost,4.089609242208098
fold_state_stratified,1,AGC_090,4.68,B03_C1_CatBoost,4.332073096984459
fold_state_stratified,1,AGC_102,4.4,B03_C1_CatBoost,4.268977481883667
fold_state_stratified,1,AGC_103,3.0,B03_C1_CatBoost,3.1801191613067203
fold_state_stratified,1,AGC_111,4.72,B03_C1_CatBoost,4.412816616259079
fold_state_stratified,1,AGC_112,3.0,B03_C1_CatBoost,2.8627090208501613
fold_state_stratified,1,AGC_117,3.5,B03_C1_CatBoost,3.387380097830828
fold_state_stratified,1,AGC_119,4.4,B03_C1_CatBoost,4.671419733268067
fold_state_stratified,1,AGC_121,3.3,B03_C1_CatBoost,3.1504341246854892
fold_state_stratified,1,AGC_127,5.57,B03_C1_CatBoost,4.781829775628012
fold_state_stratified,1,AGC_133,3.91,B03_C1_CatBoost,4.330590286772349
fold_state_stratified,1,AGC_139,4.67,B03_C1_CatBoost,4.34501774401744
fold_state_stratified,1,AGC_159,4.77,B03_C1_CatBoost,4.773742764005874
fold_state_stratified,1,AGC_161,4.46,B03_C1_CatBoost,4.691647741553425
fold_state_stratified,1,AGC_164,3.0,B03_C1_CatBoost,2.9085692805692815
fold_state_stratified,1,AGC_167,4.54,B03_C1_CatBoost,4.619292182395384
fold_state_stratified,1,AGC_180,4.14,B03_C1_CatBoost,4.611979356849133
fold_state_stratified,1,AGC_187,3.0,B03_C1_CatBoost,2.9653900640996653
fold_state_stratified,1,AGC_009,4.79,B04_C0_Ridge,4.178837231287929
fold_state_stratified,1,AGC_015,2.64,B04_C0_Ridge,4.7018260470795195
fold_state_stratified,1,AGC_017,4.98,B04_C0_Ridge,4.682812407227802
fold_state_stratified,1,AGC_032,4.03,B04_C0_Ridge,4.321390379384115
fold_state_stratified,1,AGC_045,4.1,B04_C0_Ridge,4.4743187343764586
fold_state_stratified,1,AGC_054,2.5,B04_C0_Ridge,2.9495323533703646
fold_state_stratified,1,AGC_058,2.5,B04_C0_Ridge,3.3525131911979154
fold_state_stratified,1,AGC_068,2.5,B04_C0_Ridge,3.1399768397187304
fold_state_stratified,1,AGC_073,4.3,B04_C0_Ridge,4.252747140004753
fold_state_stratified,1,AGC_079,3.3,B04_C0_Ridge,2.8347399358073266
fold_state_stratified,1,AGC_083,4.61,B04_C0_Ridge,4.053473476228604
fold_state_stratified,1,AGC_090,4.68,B04_C0_Ridge,4.1586392521958455
fold_state_stratified,1,AGC_102,4.4,B04_C0_Ridge,4.108203991270957
fold_state_stratified,1,AGC_103,3.0,B04_C0_Ridge,2.8732586799617046
fold_state_stratified,1,AGC_111,4.72,B04_C0_Ridge,4.386598680549102
fold_state_stratified,1,AGC_112,3.0,B04_C0_Ridge,3.157056406537074
fold_state_stratified,1,AGC_117,3.5,B04_C0_Ridge,3.6166048670252073
fold_state_stratified,1,AGC_119,4.4,B04_C0_Ridge,4.25393528493812
fold_state_stratified,1,AGC_121,3.3,B04_C0_Ridge,3.0118802078450586
fold_state_stratified,1,AGC_127,5.57,B04_C0_Ridge,5.025274839884791
fold_state_stratified,1,AGC_133,3.91,B04_C0_Ridge,4.229585459510857
fold_state_stratified,1,AGC_139,4.67,B04_C0_Ridge,4.270492921670988
fold_state_stratified,1,AGC_159,4.77,B04_C0_Ridge,4.5733051068959085
fold_state_stratified,1,AGC_161,4.46,B04_C0_Ridge,4.681798714399551
fold_state_stratified,1,AGC_164,3.0,B04_C0_Ridge,3.285888293356365
fold_state_stratified,1,AGC_167,4.54,B04_C0_Ridge,4.468488863127081
fold_state_stratified,1,AGC_180,4.14,B04_C0_Ridge,4.118034237956675
fold_state_stratified,1,AGC_187,3.0,B04_C0_Ridge,3.363540889234626
fold_state_stratified,1,AGC_009,4.79,B05_C3_PLS,4.091592922862697
fold_state_stratified,1,AGC_015,2.64,B05_C3_PLS,4.758966692665637
fold_state_stratified,1,AGC_017,4.98,B05_C3_PLS,4.732141617989335
fold_state_stratified,1,AGC_032,4.03,B05_C3_PLS,4.3537967755017695
fold_state_stratified,1,AGC_045,4.1,B05_C3_PLS,4.692910381725354
fold_state_stratified,1,AGC_054,2.5,B05_C3_PLS,2.886688564346507
fold_state_stratified,1,AGC_058,2.5,B05_C3_PLS,3.292468871920482
fold_state_stratified,1,AGC_068,2.5,B05_C3_PLS,3.3056134179937167
fold_state_stratified,1,AGC_073,4.3,B05_C3_PLS,4.055182462609069
fold_state_stratified,1,AGC_079,3.3,B05_C3_PLS,2.852714477411862
fold_state_stratified,1,AGC_083,4.61,B05_C3_PLS,4.1461901498953395
fold_state_stratified,1,AGC_090,4.68,B05_C3_PLS,4.3992176998909684
fold_state_stratified,1,AGC_102,4.4,B05_C3_PLS,4.251631883081218
fold_state_stratified,1,AGC_103,3.0,B05_C3_PLS,2.763063294796738
fold_state_stratified,1,AGC_111,4.72,B05_C3_PLS,4.352686147757011
fold_state_stratified,1,AGC_112,3.0,B05_C3_PLS,3.272663497080795
fold_state_stratified,1,AGC_117,3.5,B05_C3_PLS,3.6509657948071252
fold_state_stratified,1,AGC_119,4.4,B05_C3_PLS,4.352782196772016
fold_state_stratified,1,AGC_121,3.3,B05_C3_PLS,2.957156779519071
fold_state_stratified,1,AGC_127,5.57,B05_C3_PLS,4.920554275557333
fold_state_stratified,1,AGC_133,3.91,B05_C3_PLS,4.463041984617993
fold_state_stratified,1,AGC_139,4.67,B05_C3_PLS,4.19411533450191
fold_state_stratified,1,AGC_159,4.77,B05_C3_PLS,4.799120927497199
fold_state_stratified,1,AGC_161,4.46,B05_C3_PLS,4.712579497981094
fold_state_stratified,1,AGC_164,3.0,B05_C3_PLS,3.356197090732951
fold_state_stratified,1,AGC_167,4.54,B05_C3_PLS,4.634489229858202
fold_state_stratified,1,AGC_180,4.14,B05_C3_PLS,4.1115748974488575
fold_state_stratified,1,AGC_187,3.0,B05_C3_PLS,3.291708310853395
fold_state_stratified,1,AGC_009,4.79,B06_C2_PLS,4.06582000559917
fold_state_stratified,1,AGC_015,2.64,B06_C2_PLS,4.763483433976374
fold_state_stratified,1,AGC_017,4.98,B06_C2_PLS,4.758272511678231
fold_state_stratified,1,AGC_032,4.03,B06_C2_PLS,4.330865097991659
fold_state_stratified,1,AGC_045,4.1,B06_C2_PLS,4.716568308281751
fold_state_stratified,1,AGC_054,2.5,B06_C2_PLS,2.940288186427607
fold_state_stratified,1,AGC_058,2.5,B06_C2_PLS,3.3155034358520545
fold_state_stratified,1,AGC_068,2.5,B06_C2_PLS,3.3034957525008575
fold_state_stratified,1,AGC_073,4.3,B06_C2_PLS,4.052325582798566
fold_state_stratified,1,AGC_079,3.3,B06_C2_PLS,2.8709930355979365
fold_state_stratified,1,AGC_083,4.61,B06_C2_PLS,4.135750840168518
fold_state_stratified,1,AGC_090,4.68,B06_C2_PLS,4.437120533678681
fold_state_stratified,1,AGC_102,4.4,B06_C2_PLS,4.254608110010495
fold_state_stratified,1,AGC_103,3.0,B06_C2_PLS,2.7322420141678476
fold_state_stratified,1,AGC_111,4.72,B06_C2_PLS,4.300819142109718
fold_state_stratified,1,AGC_112,3.0,B06_C2_PLS,3.3024772260728144
fold_state_stratified,1,AGC_117,3.5,B06_C2_PLS,3.6627887378054425
fold_state_stratified,1,AGC_119,4.4,B06_C2_PLS,4.343678419924676
fold_state_stratified,1,AGC_121,3.3,B06_C2_PLS,2.9683861715821993
fold_state_stratified,1,AGC_127,5.57,B06_C2_PLS,4.979215715057311
fold_state_stratified,1,AGC_133,3.91,B06_C2_PLS,4.484681970039331
fold_state_stratified,1,AGC_139,4.67,B06_C2_PLS,4.230568918482922
fold_state_stratified,1,AGC_159,4.77,B06_C2_PLS,4.731783108346916
fold_state_stratified,1,AGC_161,4.46,B06_C2_PLS,4.714345983303143
fold_state_stratified,1,AGC_164,3.0,B06_C2_PLS,3.374324185798527
fold_state_stratified,1,AGC_167,4.54,B06_C2_PLS,4.661507586140707
fold_state_stratified,1,AGC_180,4.14,B06_C2_PLS,4.1352133110401255
fold_state_stratified,1,AGC_187,3.0,B06_C2_PLS,3.2360817347371835
fold_state_stratified,1,AGC_009,4.79,B07_C1_ExtraTrees,4.402674999999999
fold_state_stratified,1,AGC_015,2.64,B07_C1_ExtraTrees,4.796950833333331
fold_state_stratified,1,AGC_017,4.98,B07_C1_ExtraTrees,4.706842499999996
fold_state_stratified,1,AGC_032,4.03,B07_C1_ExtraTrees,4.347308333333328
fold_state_stratified,1,AGC_045,4.1,B07_C1_ExtraTrees,4.488033333333338
fold_state_stratified,1,AGC_054,2.5,B07_C1_ExtraTrees,3.025383333333334
fold_state_stratified,1,AGC_058,2.5,B07_C1_ExtraTrees,3.2487208333333335
fold_state_stratified,1,AGC_068,2.5,B07_C1_ExtraTrees,2.8965999999999976
fold_state_stratified,1,AGC_073,4.3,B07_C1_ExtraTrees,4.188962499999992
fold_state_stratified,1,AGC_079,3.3,B07_C1_ExtraTrees,3.1559749999999984
fold_state_stratified,1,AGC_083,4.61,B07_C1_ExtraTrees,4.039629166666666
fold_state_stratified,1,AGC_090,4.68,B07_C1_ExtraTrees,4.350295833333335
fold_state_stratified,1,AGC_102,4.4,B07_C1_ExtraTrees,4.286793749999996
fold_state_stratified,1,AGC_103,3.0,B07_C1_ExtraTrees,3.046562500000001
fold_state_stratified,1,AGC_111,4.72,B07_C1_ExtraTrees,4.506033333333331
fold_state_stratified,1,AGC_112,3.0,B07_C1_ExtraTrees,2.9220249999999983
fold_state_stratified,1,AGC_117,3.5,B07_C1_ExtraTrees,3.2871416666666664
fold_state_stratified,1,AGC_119,4.4,B07_C1_ExtraTrees,4.427670833333332
fold_state_stratified,1,AGC_121,3.3,B07_C1_ExtraTrees,3.232787500000002
fold_state_stratified,1,AGC_127,5.57,B07_C1_ExtraTrees,4.529341666666672
fold_state_stratified,1,AGC_133,3.91,B07_C1_ExtraTrees,4.408575000000001
fold_state_stratified,1,AGC_139,4.67,B07_C1_ExtraTrees,4.2496499999999955
fold_state_stratified,1,AGC_159,4.77,B07_C1_ExtraTrees,4.735204166666663
fold_state_stratified,1,AGC_161,4.46,B07_C1_ExtraTrees,4.697350833333326
fold_state_stratified,1,AGC_164,3.0,B07_C1_ExtraTrees,3.019741666666665
fold_state_stratified,1,AGC_167,4.54,B07_C1_ExtraTrees,4.7472716666666575
fold_state_stratified,1,AGC_180,4.14,B07_C1_ExtraTrees,4.34344166666666
fold_state_stratified,1,AGC_187,3.0,B07_C1_ExtraTrees,3.167179166666666
fold_state_stratified,1,AGC_009,4.79,B08_C1_PLS,4.186607301073703
fold_state_stratified,1,AGC_015,2.64,B08_C1_PLS,4.746568482715594
fold_state_stratified,1,AGC_017,4.98,B08_C1_PLS,4.686108730258756
fold_state_stratified,1,AGC_032,4.03,B08_C1_PLS,4.239054423807311
fold_state_stratified,1,AGC_045,4.1,B08_C1_PLS,4.50990989522149
fold_state_stratified,1,AGC_054,2.5,B08_C1_PLS,2.9551595235426937
fold_state_stratified,1,AGC_058,2.5,B08_C1_PLS,3.3183730409434213
fold_state_stratified,1,AGC_068,2.5,B08_C1_PLS,3.353817464865074
fold_state_stratified,1,AGC_073,4.3,B08_C1_PLS,4.082413064418516
fold_state_stratified,1,AGC_079,3.3,B08_C1_PLS,3.0689439619728263
fold_state_stratified,1,AGC_083,4.61,B08_C1_PLS,3.955317135441162
fold_state_stratified,1,AGC_090,4.68,B08_C1_PLS,4.343969184853321
fold_state_stratified,1,AGC_102,4.4,B08_C1_PLS,3.998909803914512
fold_state_stratified,1,AGC_103,3.0,B08_C1_PLS,2.835048998854807
fold_state_stratified,1,AGC_111,4.72,B08_C1_PLS,4.3899148492777496
fold_state_stratified,1,AGC_112,3.0,B08_C1_PLS,3.3012835062486348
fold_state_stratified,1,AGC_117,3.5,B08_C1_PLS,3.5801212036016556
fold_state_stratified,1,AGC_119,4.4,B08_C1_PLS,4.452594133201678
fold_state_stratified,1,AGC_121,3.3,B08_C1_PLS,3.105035140470714
fold_state_stratified,1,AGC_127,5.57,B08_C1_PLS,5.114815388384747
fold_state_stratified,1,AGC_133,3.91,B08_C1_PLS,4.518936499598052
fold_state_stratified,1,AGC_139,4.67,B08_C1_PLS,4.227690573798111
fold_state_stratified,1,AGC_159,4.77,B08_C1_PLS,4.9196271101511275
fold_state_stratified,1,AGC_161,4.46,B08_C1_PLS,4.906763106646743
fold_state_stratified,1,AGC_164,3.0,B08_C1_PLS,3.2342852590772724
fold_state_stratified,1,AGC_167,4.54,B08_C1_PLS,4.826975739552456
fold_state_stratified,1,AGC_180,4.14,B08_C1_PLS,4.271418342695896
fold_state_stratified,1,AGC_187,3.0,B08_C1_PLS,3.2645340286010107
fold_state_stratified,1,AGC_009,4.79,B09_C0_PCA_Ridge,4.149589062585408
fold_state_stratified,1,AGC_015,2.64,B09_C0_PCA_Ridge,4.684602628253928
fold_state_stratified,1,AGC_017,4.98,B09_C0_PCA_Ridge,4.709778770322399
fold_state_stratified,1,AGC_032,4.03,B09_C0_PCA_Ridge,4.35896553678623
fold_state_stratified,1,AGC_045,4.1,B09_C0_PCA_Ridge,4.481977543179827
fold_state_stratified,1,AGC_054,2.5,B09_C0_PCA_Ridge,2.9776897558460282
fold_state_stratified,1,AGC_058,2.5,B09_C0_PCA_Ridge,3.3258129735248194
fold_state_stratified,1,AGC_068,2.5,B09_C0_PCA_Ridge,3.122958933932665
fold_state_stratified,1,AGC_073,4.3,B09_C0_PCA_Ridge,4.238335217497202
fold_state_stratified,1,AGC_079,3.3,B09_C0_PCA_Ridge,2.8274864990849373
fold_state_stratified,1,AGC_083,4.61,B09_C0_PCA_Ridge,4.051928665755802
fold_state_stratified,1,AGC_090,4.68,B09_C0_PCA_Ridge,4.2023980640568865
fold_state_stratified,1,AGC_102,4.4,B09_C0_PCA_Ridge,4.202387642844484
fold_state_stratified,1,AGC_103,3.0,B09_C0_PCA_Ridge,2.8542297099399816
fold_state_stratified,1,AGC_111,4.72,B09_C0_PCA_Ridge,4.384001715751636
fold_state_stratified,1,AGC_112,3.0,B09_C0_PCA_Ridge,3.186717861841717
fold_state_stratified,1,AGC_117,3.5,B09_C0_PCA_Ridge,3.6139277432021615
fold_state_stratified,1,AGC_119,4.4,B09_C0_PCA_Ridge,4.268003657933398
fold_state_stratified,1,AGC_121,3.3,B09_C0_PCA_Ridge,3.0502601895425188
fold_state_stratified,1,AGC_127,5.57,B09_C0_PCA_Ridge,5.031723863439583
fold_state_stratified,1,AGC_133,3.91,B09_C0_PCA_Ridge,4.268081435155818
fold_state_stratified,1,AGC_139,4.67,B09_C0_PCA_Ridge,4.2928654768593955
fold_state_stratified,1,AGC_159,4.77,B09_C0_PCA_Ridge,4.579277065591759
fold_state_stratified,1,AGC_161,4.46,B09_C0_PCA_Ridge,4.649191677134901
fold_state_stratified,1,AGC_164,3.0,B09_C0_PCA_Ridge,3.2759984362981283
fold_state_stratified,1,AGC_167,4.54,B09_C0_PCA_Ridge,4.46122996124755
fold_state_stratified,1,AGC_180,4.14,B09_C0_PCA_Ridge,4.139542401530857
fold_state_stratified,1,AGC_187,3.0,B09_C0_PCA_Ridge,3.3248980757115953
fold_state_stratified,1,AGC_009,4.79,B10_C1_PCA_Ridge,4.20963551794118
fold_state_stratified,1,AGC_015,2.64,B10_C1_PCA_Ridge,4.977416194909815
fold_state_stratified,1,AGC_017,4.98,B10_C1_PCA_Ridge,4.8597384130535595
fold_state_stratified,1,AGC_032,4.03,B10_C1_PCA_Ridge,4.295231888773078
fold_state_stratified,1,AGC_045,4.1,B10_C1_PCA_Ridge,4.2378079840893665
fold_state_stratified,1,AGC_054,2.5,B10_C1_PCA_Ridge,3.000753077871641
fold_state_stratified,1,AGC_058,2.5,B10_C1_PCA_Ridge,3.285251754034009
fold_state_stratified,1,AGC_068,2.5,B10_C1_PCA_Ridge,3.208409300555807
fold_state_stratified,1,AGC_073,4.3,B10_C1_PCA_Ridge,4.06398637236649
fold_state_stratified,1,AGC_079,3.3,B10_C1_PCA_Ridge,2.97781284287315
fold_state_stratified,1,AGC_083,4.61,B10_C1_PCA_Ridge,3.972688353056773
fold_state_stratified,1,AGC_090,4.68,B10_C1_PCA_Ridge,4.154124396007457
fold_state_stratified,1,AGC_102,4.4,B10_C1_PCA_Ridge,4.11628424056564
fold_state_stratified,1,AGC_103,3.0,B10_C1_PCA_Ridge,3.0604245939498274
fold_state_stratified,1,AGC_111,4.72,B10_C1_PCA_Ridge,4.341932606197033
fold_state_stratified,1,AGC_112,3.0,B10_C1_PCA_Ridge,3.1631715548406714
fold_state_stratified,1,AGC_117,3.5,B10_C1_PCA_Ridge,3.271945771902547
fold_state_stratified,1,AGC_119,4.4,B10_C1_PCA_Ridge,4.4778777587824266
fold_state_stratified,1,AGC_121,3.3,B10_C1_PCA_Ridge,3.2355765948773207
fold_state_stratified,1,AGC_127,5.57,B10_C1_PCA_Ridge,5.021544526616163
fold_state_stratified,1,AGC_133,3.91,B10_C1_PCA_Ridge,4.274240575152429
fold_state_stratified,1,AGC_139,4.67,B10_C1_PCA_Ridge,4.205080873711457
fold_state_stratified,1,AGC_159,4.77,B10_C1_PCA_Ridge,4.849672744121736
fold_state_stratified,1,AGC_161,4.46,B10_C1_PCA_Ridge,4.893455612798712
fold_state_stratified,1,AGC_164,3.0,B10_C1_PCA_Ridge,3.254216610238793
fold_state_stratified,1,AGC_167,4.54,B10_C1_PCA_Ridge,4.800705969428396
fold_state_stratified,1,AGC_180,4.14,B10_C1_PCA_Ridge,3.999289052920235
fold_state_stratified,1,AGC_187,3.0,B10_C1_PCA_Ridge,3.281990108961086
fold_state_stratified,2,AGC_008,4.55,B01_C0_PLS,4.250535321919843
fold_state_stratified,2,AGC_024,3.03,B01_C0_PLS,4.179156903519132
fold_state_stratified,2,AGC_033,4.47,B01_C0_PLS,4.258389615265272
fold_state_stratified,2,AGC_037,3.5,B01_C0_PLS,3.208943837002649
fold_state_stratified,2,AGC_040,3.0,B01_C0_PLS,3.0532409883304696
fold_state_stratified,2,AGC_047,4.45,B01_C0_PLS,3.7228594394928054
fold_state_stratified,2,AGC_049,5.53,B01_C0_PLS,4.809183004696303
fold_state_stratified,2,AGC_053,3.5,B01_C0_PLS,3.3719865923813375
fold_state_stratified,2,AGC_055,5.45,B01_C0_PLS,4.8196139703675485
fold_state_stratified,2,AGC_062,3.81,B01_C0_PLS,4.3388047993167245
fold_state_stratified,2,AGC_064,4.51,B01_C0_PLS,4.444540281175919
fold_state_stratified,2,AGC_078,3.0,B01_C0_PLS,3.0492801433731644
fold_state_stratified,2,AGC_098,3.0,B01_C0_PLS,3.2219866434503746
fold_state_stratified,2,AGC_100,4.5,B01_C0_PLS,4.268425778099069
fold_state_stratified,2,AGC_108,4.51,B01_C0_PLS,4.798422088527185
fold_state_stratified,2,AGC_124,5.05,B01_C0_PLS,4.854584972354732
fold_state_stratified,2,AGC_125,4.06,B01_C0_PLS,4.325520101892968
fold_state_stratified,2,AGC_131,4.89,B01_C0_PLS,4.743516950695804
fold_state_stratified,2,AGC_134,4.52,B01_C0_PLS,4.14473960349657
fold_state_stratified,2,AGC_135,4.49,B01_C0_PLS,4.238578016802343
fold_state_stratified,2,AGC_145,3.5,B01_C0_PLS,2.7594558981514385
fold_state_stratified,2,AGC_150,4.52,B01_C0_PLS,4.434952362795905
fold_state_stratified,2,AGC_151,4.69,B01_C0_PLS,5.240749583031687
fold_state_stratified,2,AGC_157,3.0,B01_C0_PLS,3.210228767615324
fold_state_stratified,2,AGC_160,3.62,B01_C0_PLS,4.858973769518643
fold_state_stratified,2,AGC_166,2.5,B01_C0_PLS,3.5943132742455357
fold_state_stratified,2,AGC_193,4.57,B01_C0_PLS,4.238126150360078
fold_state_stratified,2,AGC_194,3.2,B01_C0_PLS,3.6257498955640415
fold_state_stratified,2,AGC_008,4.55,B02_C3_Ridge,4.110594654955234
fold_state_stratified,2,AGC_024,3.03,B02_C3_Ridge,3.9088697517230404
fold_state_stratified,2,AGC_033,4.47,B02_C3_Ridge,4.4382975982564075
fold_state_stratified,2,AGC_037,3.5,B02_C3_Ridge,3.0707844668495277
fold_state_stratified,2,AGC_040,3.0,B02_C3_Ridge,3.113621436008457
fold_state_stratified,2,AGC_047,4.45,B02_C3_Ridge,3.7457493645740922
fold_state_stratified,2,AGC_049,5.53,B02_C3_Ridge,5.00353076091686
fold_state_stratified,2,AGC_053,3.5,B02_C3_Ridge,3.3284983327324547
fold_state_stratified,2,AGC_055,5.45,B02_C3_Ridge,4.515069838745028
fold_state_stratified,2,AGC_062,3.81,B02_C3_Ridge,4.449986801792679
fold_state_stratified,2,AGC_064,4.51,B02_C3_Ridge,4.416815519564229
fold_state_stratified,2,AGC_078,3.0,B02_C3_Ridge,3.3315282113694096
fold_state_stratified,2,AGC_098,3.0,B02_C3_Ridge,3.1741761345561543
fold_state_stratified,2,AGC_100,4.5,B02_C3_Ridge,4.147866138416424
fold_state_stratified,2,AGC_108,4.51,B02_C3_Ridge,4.741275679387668
fold_state_stratified,2,AGC_124,5.05,B02_C3_Ridge,4.905609524216283
fold_state_stratified,2,AGC_125,4.06,B02_C3_Ridge,4.4678828452736274
fold_state_stratified,2,AGC_131,4.89,B02_C3_Ridge,4.632383008710436
fold_state_stratified,2,AGC_134,4.52,B02_C3_Ridge,4.4369844125635645
fold_state_stratified,2,AGC_135,4.49,B02_C3_Ridge,4.386729336200539
fold_state_stratified,2,AGC_145,3.5,B02_C3_Ridge,3.0202563598762175
fold_state_stratified,2,AGC_150,4.52,B02_C3_Ridge,4.419638622815212
fold_state_stratified,2,AGC_151,4.69,B02_C3_Ridge,5.1091914983125175
fold_state_stratified,2,AGC_157,3.0,B02_C3_Ridge,3.1399505588274126
fold_state_stratified,2,AGC_160,3.62,B02_C3_Ridge,4.996722613342538
fold_state_stratified,2,AGC_166,2.5,B02_C3_Ridge,3.3547584261515393
fold_state_stratified,2,AGC_193,4.57,B02_C3_Ridge,3.928796803915303
fold_state_stratified,2,AGC_194,3.2,B02_C3_Ridge,3.4143435468754335
fold_state_stratified,2,AGC_008,4.55,B03_C1_CatBoost,3.75618466486776
fold_state_stratified,2,AGC_024,3.03,B03_C1_CatBoost,3.9085527942906992
fold_state_stratified,2,AGC_033,4.47,B03_C1_CatBoost,4.768767327485875
fold_state_stratified,2,AGC_037,3.5,B03_C1_CatBoost,2.6892025899708187
fold_state_stratified,2,AGC_040,3.0,B03_C1_CatBoost,3.0106573142102206
fold_state_stratified,2,AGC_047,4.45,B03_C1_CatBoost,3.542078993288669
fold_state_stratified,2,AGC_049,5.53,B03_C1_CatBoost,4.877096004865962
fold_state_stratified,2,AGC_053,3.5,B03_C1_CatBoost,3.316956268145532
fold_state_stratified,2,AGC_055,5.45,B03_C1_CatBoost,4.5659681318938965
fold_state_stratified,2,AGC_062,3.81,B03_C1_CatBoost,4.363882299810939
fold_state_stratified,2,AGC_064,4.51,B03_C1_CatBoost,4.554195566641511
fold_state_stratified,2,AGC_078,3.0,B03_C1_CatBoost,3.290604710269008
fold_state_stratified,2,AGC_098,3.0,B03_C1_CatBoost,3.140244521053546
fold_state_stratified,2,AGC_100,4.5,B03_C1_CatBoost,4.4514801223795075
fold_state_stratified,2,AGC_108,4.51,B03_C1_CatBoost,4.913111578457574
fold_state_stratified,2,AGC_124,5.05,B03_C1_CatBoost,4.782659263256392
fold_state_stratified,2,AGC_125,4.06,B03_C1_CatBoost,4.381113974487789
fold_state_stratified,2,AGC_131,4.89,B03_C1_CatBoost,4.461341060279437
fold_state_stratified,2,AGC_134,4.52,B03_C1_CatBoost,3.7974469167086227
fold_state_stratified,2,AGC_135,4.49,B03_C1_CatBoost,4.594115673592114
fold_state_stratified,2,AGC_145,3.5,B03_C1_CatBoost,2.895665582389711
fold_state_stratified,2,AGC_150,4.52,B03_C1_CatBoost,4.482766010388104
fold_state_stratified,2,AGC_151,4.69,B03_C1_CatBoost,4.636923635109497
fold_state_stratified,2,AGC_157,3.0,B03_C1_CatBoost,3.1466358636121186
fold_state_stratified,2,AGC_160,3.62,B03_C1_CatBoost,4.741398254514024
fold_state_stratified,2,AGC_166,2.5,B03_C1_CatBoost,3.101851147641355
fold_state_stratified,2,AGC_193,4.57,B03_C1_CatBoost,3.9197587771773215
fold_state_stratified,2,AGC_194,3.2,B03_C1_CatBoost,3.076318200694004
fold_state_stratified,2,AGC_008,4.55,B04_C0_Ridge,4.092756983074951
fold_state_stratified,2,AGC_024,3.03,B04_C0_Ridge,3.938222279285122
fold_state_stratified,2,AGC_033,4.47,B04_C0_Ridge,4.372593871926709
fold_state_stratified,2,AGC_037,3.5,B04_C0_Ridge,3.0930331330533347
fold_state_stratified,2,AGC_040,3.0,B04_C0_Ridge,3.094046568112012
fold_state_stratified,2,AGC_047,4.45,B04_C0_Ridge,3.756227181506756
fold_state_stratified,2,AGC_049,5.53,B04_C0_Ridge,4.926887396363799
fold_state_stratified,2,AGC_053,3.5,B04_C0_Ridge,3.3276325203726707
fold_state_stratified,2,AGC_055,5.45,B04_C0_Ridge,4.570832343702864
fold_state_stratified,2,AGC_062,3.81,B04_C0_Ridge,4.447177177074907
fold_state_stratified,2,AGC_064,4.51,B04_C0_Ridge,4.403330937318808
fold_state_stratified,2,AGC_078,3.0,B04_C0_Ridge,3.3247850494767706
fold_state_stratified,2,AGC_098,3.0,B04_C0_Ridge,3.306383378470974
fold_state_stratified,2,AGC_100,4.5,B04_C0_Ridge,4.124846228830457
fold_state_stratified,2,AGC_108,4.51,B04_C0_Ridge,4.686571279902858
fold_state_stratified,2,AGC_124,5.05,B04_C0_Ridge,4.874763107632271
fold_state_stratified,2,AGC_125,4.06,B04_C0_Ridge,4.403775821804134
fold_state_stratified,2,AGC_131,4.89,B04_C0_Ridge,4.630538580052347
fold_state_stratified,2,AGC_134,4.52,B04_C0_Ridge,4.396560251157335
fold_state_stratified,2,AGC_135,4.49,B04_C0_Ridge,4.3246899294763494
fold_state_stratified,2,AGC_145,3.5,B04_C0_Ridge,3.0683768901514434
fold_state_stratified,2,AGC_150,4.52,B04_C0_Ridge,4.347473230009889
fold_state_stratified,2,AGC_151,4.69,B04_C0_Ridge,5.112506126492591
fold_state_stratified,2,AGC_157,3.0,B04_C0_Ridge,3.187154860153677
fold_state_stratified,2,AGC_160,3.62,B04_C0_Ridge,4.949344229872468
fold_state_stratified,2,AGC_166,2.5,B04_C0_Ridge,3.4519926652346387
fold_state_stratified,2,AGC_193,4.57,B04_C0_Ridge,3.939228907413473
fold_state_stratified,2,AGC_194,3.2,B04_C0_Ridge,3.4616419995779317
fold_state_stratified,2,AGC_008,4.55,B05_C3_PLS,4.277291458152202
fold_state_stratified,2,AGC_024,3.03,B05_C3_PLS,4.197265343125956
fold_state_stratified,2,AGC_033,4.47,B05_C3_PLS,4.33560208707343
fold_state_stratified,2,AGC_037,3.5,B05_C3_PLS,3.219922445072834
fold_state_stratified,2,AGC_040,3.0,B05_C3_PLS,3.089446505920802
fold_state_stratified,2,AGC_047,4.45,B05_C3_PLS,3.7802284432364472
fold_state_stratified,2,AGC_049,5.53,B05_C3_PLS,4.8215827327834875
fold_state_stratified,2,AGC_053,3.5,B05_C3_PLS,3.334265685462977
fold_state_stratified,2,AGC_055,5.45,B05_C3_PLS,4.77754885448458
fold_state_stratified,2,AGC_062,3.81,B05_C3_PLS,4.334190307063823
fold_state_stratified,2,AGC_064,4.51,B05_C3_PLS,4.417102304944577
fold_state_stratified,2,AGC_078,3.0,B05_C3_PLS,3.052534279900259
fold_state_stratified,2,AGC_098,3.0,B05_C3_PLS,3.021298873960266
fold_state_stratified,2,AGC_100,4.5,B05_C3_PLS,4.325600809066265
fold_state_stratified,2,AGC_108,4.51,B05_C3_PLS,4.7215748806428035
fold_state_stratified,2,AGC_124,5.05,B05_C3_PLS,4.835968692018618
fold_state_stratified,2,AGC_125,4.06,B05_C3_PLS,4.419615395402823
fold_state_stratified,2,AGC_131,4.89,B05_C3_PLS,4.632322463307645
fold_state_stratified,2,AGC_134,4.52,B05_C3_PLS,4.200745543089925
fold_state_stratified,2,AGC_135,4.49,B05_C3_PLS,4.284643666929525
fold_state_stratified,2,AGC_145,3.5,B05_C3_PLS,2.7036905155894733
fold_state_stratified,2,AGC_150,4.52,B05_C3_PLS,4.488099091033938
fold_state_stratified,2,AGC_151,4.69,B05_C3_PLS,5.164931938823332
fold_state_stratified,2,AGC_157,3.0,B05_C3_PLS,3.1418342182701062
fold_state_stratified,2,AGC_160,3.62,B05_C3_PLS,4.830056428787962
fold_state_stratified,2,AGC_166,2.5,B05_C3_PLS,3.570307984310607
fold_state_stratified,2,AGC_193,4.57,B05_C3_PLS,4.215533724915219
fold_state_stratified,2,AGC_194,3.2,B05_C3_PLS,3.6101912253914685
fold_state_stratified,2,AGC_008,4.55,B06_C2_PLS,4.269414688453755
fold_state_stratified,2,AGC_024,3.03,B06_C2_PLS,4.222788786022004
fold_state_stratified,2,AGC_033,4.47,B06_C2_PLS,4.299970705362763
fold_state_stratified,2,AGC_037,3.5,B06_C2_PLS,3.2651031501782652
fold_state_stratified,2,AGC_040,3.0,B06_C2_PLS,3.0844805015165906
fold_state_stratified,2,AGC_047,4.45,B06_C2_PLS,3.8105169139228954
fold_state_stratified,2,AGC_049,5.53,B06_C2_PLS,4.780537383011199
fold_state_stratified,2,AGC_053,3.5,B06_C2_PLS,3.3377480340988064
fold_state_stratified,2,AGC_055,5.45,B06_C2_PLS,4.816332941761339
fold_state_stratified,2,AGC_062,3.81,B06_C2_PLS,4.312199544827713
fold_state_stratified,2,AGC_064,4.51,B06_C2_PLS,4.4068989782345085
fold_state_stratified,2,AGC_078,3.0,B06_C2_PLS,3.06028463185558
fold_state_stratified,2,AGC_098,3.0,B06_C2_PLS,3.027183552276142
fold_state_stratified,2,AGC_100,4.5,B06_C2_PLS,4.332576904770957
fold_state_stratified,2,AGC_108,4.51,B06_C2_PLS,4.677973230139906
fold_state_stratified,2,AGC_124,5.05,B06_C2_PLS,4.826997217648534
fold_state_stratified,2,AGC_125,4.06,B06_C2_PLS,4.455898688255474
fold_state_stratified,2,AGC_131,4.89,B06_C2_PLS,4.616545076058623
fold_state_stratified,2,AGC_134,4.52,B06_C2_PLS,4.248690886633445
fold_state_stratified,2,AGC_135,4.49,B06_C2_PLS,4.217893159113997
fold_state_stratified,2,AGC_145,3.5,B06_C2_PLS,2.729019391906712
fold_state_stratified,2,AGC_150,4.52,B06_C2_PLS,4.479008082036987
fold_state_stratified,2,AGC_151,4.69,B06_C2_PLS,5.1820387972222175
fold_state_stratified,2,AGC_157,3.0,B06_C2_PLS,3.14703221036698
fold_state_stratified,2,AGC_160,3.62,B06_C2_PLS,4.775617770815358
fold_state_stratified,2,AGC_166,2.5,B06_C2_PLS,3.5551250344043277
fold_state_stratified,2,AGC_193,4.57,B06_C2_PLS,4.2017279224710995
fold_state_stratified,2,AGC_194,3.2,B06_C2_PLS,3.6348189850868797
fold_state_stratified,2,AGC_008,4.55,B07_C1_ExtraTrees,4.321619166666663
fold_state_stratified,2,AGC_024,3.03,B07_C1_ExtraTrees,4.234897083333327
fold_state_stratified,2,AGC_033,4.47,B07_C1_ExtraTrees,4.722887916666667
fold_state_stratified,2,AGC_037,3.5,B07_C1_ExtraTrees,2.7314524999999996
fold_state_stratified,2,AGC_040,3.0,B07_C1_ExtraTrees,3.11186125
fold_state_stratified,2,AGC_047,4.45,B07_C1_ExtraTrees,3.953162083333335
fold_state_stratified,2,AGC_049,5.53,B07_C1_ExtraTrees,4.994734166666667
fold_state_stratified,2,AGC_053,3.5,B07_C1_ExtraTrees,3.2464995833333345
fold_state_stratified,2,AGC_055,5.45,B07_C1_ExtraTrees,4.624598749999999
fold_state_stratified,2,AGC_062,3.81,B07_C1_ExtraTrees,4.336721666666665
fold_state_stratified,2,AGC_064,4.51,B07_C1_ExtraTrees,4.580630416666666
fold_state_stratified,2,AGC_078,3.0,B07_C1_ExtraTrees,3.2397354166666683
fold_state_stratified,2,AGC_098,3.0,B07_C1_ExtraTrees,3.194841666666667
fold_state_stratified,2,AGC_100,4.5,B07_C1_ExtraTrees,4.445288333333332
fold_state_stratified,2,AGC_108,4.51,B07_C1_ExtraTrees,5.017677499999998
fold_state_stratified,2,AGC_124,5.05,B07_C1_ExtraTrees,4.726885416666662
fold_state_stratified,2,AGC_125,4.06,B07_C1_ExtraTrees,4.465601666666668
fold_state_stratified,2,AGC_131,4.89,B07_C1_ExtraTrees,4.4983670833333305
fold_state_stratified,2,AGC_134,4.52,B07_C1_ExtraTrees,4.200063333333338
fold_state_stratified,2,AGC_135,4.49,B07_C1_ExtraTrees,4.700589166666665
fold_state_stratified,2,AGC_145,3.5,B07_C1_ExtraTrees,2.9363666666666637
fold_state_stratified,2,AGC_150,4.52,B07_C1_ExtraTrees,4.513296250000001
fold_state_stratified,2,AGC_151,4.69,B07_C1_ExtraTrees,4.5868850000000005
fold_state_stratified,2,AGC_157,3.0,B07_C1_ExtraTrees,3.085093750000002
fold_state_stratified,2,AGC_160,3.62,B07_C1_ExtraTrees,4.576235416666663
fold_state_stratified,2,AGC_166,2.5,B07_C1_ExtraTrees,3.1634395833333344
fold_state_stratified,2,AGC_193,4.57,B07_C1_ExtraTrees,4.173763749999998
fold_state_stratified,2,AGC_194,3.2,B07_C1_ExtraTrees,2.9748745833333343
fold_state_stratified,2,AGC_008,4.55,B08_C1_PLS,4.333055622700378
fold_state_stratified,2,AGC_024,3.03,B08_C1_PLS,4.113225848621397
fold_state_stratified,2,AGC_033,4.47,B08_C1_PLS,4.49964429764289
fold_state_stratified,2,AGC_037,3.5,B08_C1_PLS,3.2238299121969516
fold_state_stratified,2,AGC_040,3.0,B08_C1_PLS,3.1912200981461143
fold_state_stratified,2,AGC_047,4.45,B08_C1_PLS,3.727255732259149
fold_state_stratified,2,AGC_049,5.53,B08_C1_PLS,4.803077463987305
fold_state_stratified,2,AGC_053,3.5,B08_C1_PLS,3.3891179395988855
fold_state_stratified,2,AGC_055,5.45,B08_C1_PLS,4.690015514121027
fold_state_stratified,2,AGC_062,3.81,B08_C1_PLS,4.397766541277846
fold_state_stratified,2,AGC_064,4.51,B08_C1_PLS,4.42618422497337
fold_state_stratified,2,AGC_078,3.0,B08_C1_PLS,3.107343887069738
fold_state_stratified,2,AGC_098,3.0,B08_C1_PLS,2.679292679539427
fold_state_stratified,2,AGC_100,4.5,B08_C1_PLS,4.413450502860648
fold_state_stratified,2,AGC_108,4.51,B08_C1_PLS,4.509431086664737
fold_state_stratified,2,AGC_124,5.05,B08_C1_PLS,4.79347548286402
fold_state_stratified,2,AGC_125,4.06,B08_C1_PLS,4.612753555649191
fold_state_stratified,2,AGC_131,4.89,B08_C1_PLS,4.260984346136291
fold_state_stratified,2,AGC_134,4.52,B08_C1_PLS,4.1804290982954155
fold_state_stratified,2,AGC_135,4.49,B08_C1_PLS,4.314939163966808
fold_state_stratified,2,AGC_145,3.5,B08_C1_PLS,2.625536860331505
fold_state_stratified,2,AGC_150,4.52,B08_C1_PLS,4.555200379837426
fold_state_stratified,2,AGC_151,4.69,B08_C1_PLS,4.743016998682475
fold_state_stratified,2,AGC_157,3.0,B08_C1_PLS,3.0466566337377907
fold_state_stratified,2,AGC_160,3.62,B08_C1_PLS,4.76268933538155
fold_state_stratified,2,AGC_166,2.5,B08_C1_PLS,3.623664311001631
fold_state_stratified,2,AGC_193,4.57,B08_C1_PLS,4.104833647989286
fold_state_stratified,2,AGC_194,3.2,B08_C1_PLS,3.818807331091076
fold_state_stratified,2,AGC_008,4.55,B09_C0_PCA_Ridge,4.150800976534652
fold_state_stratified,2,AGC_024,3.03,B09_C0_PCA_Ridge,4.095427562170464
fold_state_stratified,2,AGC_033,4.47,B09_C0_PCA_Ridge,4.3577639961051675
fold_state_stratified,2,AGC_037,3.5,B09_C0_PCA_Ridge,3.140734819769021
fold_state_stratified,2,AGC_040,3.0,B09_C0_PCA_Ridge,3.026474554821046
fold_state_stratified,2,AGC_047,4.45,B09_C0_PCA_Ridge,3.715585929876584
fold_state_stratified,2,AGC_049,5.53,B09_C0_PCA_Ridge,4.698318754003019
fold_state_stratified,2,AGC_053,3.5,B09_C0_PCA_Ridge,3.2487242631684423
fold_state_stratified,2,AGC_055,5.45,B09_C0_PCA_Ridge,4.69420052866362
fold_state_stratified,2,AGC_062,3.81,B09_C0_PCA_Ridge,4.3607323965779585
fold_state_stratified,2,AGC_064,4.51,B09_C0_PCA_Ridge,4.374171433300478
fold_state_stratified,2,AGC_078,3.0,B09_C0_PCA_Ridge,3.1019277132848018
fold_state_stratified,2,AGC_098,3.0,B09_C0_PCA_Ridge,3.2868161327344705
fold_state_stratified,2,AGC_100,4.5,B09_C0_PCA_Ridge,4.090057826762871
fold_state_stratified,2,AGC_108,4.51,B09_C0_PCA_Ridge,4.635689678518689
fold_state_stratified,2,AGC_124,5.05,B09_C0_PCA_Ridge,4.834066440391007
fold_state_stratified,2,AGC_125,4.06,B09_C0_PCA_Ridge,4.21413889551171
fold_state_stratified,2,AGC_131,4.89,B09_C0_PCA_Ridge,4.451867320027959
fold_state_stratified,2,AGC_134,4.52,B09_C0_PCA_Ridge,4.20721465481413
fold_state_stratified,2,AGC_135,4.49,B09_C0_PCA_Ridge,4.304619137011812
fold_state_stratified,2,AGC_145,3.5,B09_C0_PCA_Ridge,2.9056741208463386
fold_state_stratified,2,AGC_150,4.52,B09_C0_PCA_Ridge,4.297134819542941
fold_state_stratified,2,AGC_151,4.69,B09_C0_PCA_Ridge,4.91427929906453
fold_state_stratified,2,AGC_157,3.0,B09_C0_PCA_Ridge,3.1049825140852745
fold_state_stratified,2,AGC_160,3.62,B09_C0_PCA_Ridge,4.878860675250447
fold_state_stratified,2,AGC_166,2.5,B09_C0_PCA_Ridge,3.600336068403249
fold_state_stratified,2,AGC_193,4.57,B09_C0_PCA_Ridge,4.124784917698934
fold_state_stratified,2,AGC_194,3.2,B09_C0_PCA_Ridge,3.707091441894694
fold_state_stratified,2,AGC_008,4.55,B10_C1_PCA_Ridge,4.246108180373589
fold_state_stratified,2,AGC_024,3.03,B10_C1_PCA_Ridge,3.9642656139802623
fold_state_stratified,2,AGC_033,4.47,B10_C1_PCA_Ridge,4.732270960331142
fold_state_stratified,2,AGC_037,3.5,B10_C1_PCA_Ridge,3.07027135105448
fold_state_stratified,2,AGC_040,3.0,B10_C1_PCA_Ridge,2.897579148607372
fold_state_stratified,2,AGC_047,4.45,B10_C1_PCA_Ridge,3.63859667780866
fold_state_stratified,2,AGC_049,5.53,B10_C1_PCA_Ridge,4.870304957574412
fold_state_stratified,2,AGC_053,3.5,B10_C1_PCA_Ridge,3.233431572623443
fold_state_stratified,2,AGC_055,5.45,B10_C1_PCA_Ridge,4.780626968575556
fold_state_stratified,2,AGC_062,3.81,B10_C1_PCA_Ridge,4.235342431490264
fold_state_stratified,2,AGC_064,4.51,B10_C1_PCA_Ridge,4.523543777409415
fold_state_stratified,2,AGC_078,3.0,B10_C1_PCA_Ridge,3.220852184988678
fold_state_stratified,2,AGC_098,3.0,B10_C1_PCA_Ridge,2.69646067277543
fold_state_stratified,2,AGC_100,4.5,B10_C1_PCA_Ridge,4.242071476553451
fold_state_stratified,2,AGC_108,4.51,B10_C1_PCA_Ridge,4.811251566161122
fold_state_stratified,2,AGC_124,5.05,B10_C1_PCA_Ridge,4.88579400462635
fold_state_stratified,2,AGC_125,4.06,B10_C1_PCA_Ridge,4.431855127544407
fold_state_stratified,2,AGC_131,4.89,B10_C1_PCA_Ridge,4.269626634336583
fold_state_stratified,2,AGC_134,4.52,B10_C1_PCA_Ridge,4.126180834370795
fold_state_stratified,2,AGC_135,4.49,B10_C1_PCA_Ridge,4.370089670759858
fold_state_stratified,2,AGC_145,3.5,B10_C1_PCA_Ridge,2.7370960477626394
fold_state_stratified,2,AGC_150,4.52,B10_C1_PCA_Ridge,4.62160254878957
fold_state_stratified,2,AGC_151,4.69,B10_C1_PCA_Ridge,4.707378792541223
fold_state_stratified,2,AGC_157,3.0,B10_C1_PCA_Ridge,2.8228241839123642
fold_state_stratified,2,AGC_160,3.62,B10_C1_PCA_Ridge,4.771690951992027
fold_state_stratified,2,AGC_166,2.5,B10_C1_PCA_Ridge,3.3941067542910464
fold_state_stratified,2,AGC_193,4.57,B10_C1_PCA_Ridge,3.9920598451475464
fold_state_stratified,2,AGC_194,3.2,B10_C1_PCA_Ridge,3.6642008421987207
fold_state_stratified,3,AGC_004,3.0,B01_C0_PLS,3.367559460194644
fold_state_stratified,3,AGC_005,5.16,B01_C0_PLS,4.923824735374996
fold_state_stratified,3,AGC_010,4.1,B01_C0_PLS,4.007093382186141
fold_state_stratified,3,AGC_014,4.83,B01_C0_PLS,4.30416580070241
fold_state_stratified,3,AGC_018,4.49,B01_C0_PLS,4.678924906137462
fold_state_stratified,3,AGC_021,4.94,B01_C0_PLS,4.36182821885173
fold_state_stratified,3,AGC_023,3.0,B01_C0_PLS,3.2936610018665213
fold_state_stratified,3,AGC_038,3.3,B01_C0_PLS,3.4113910517546104
fold_state_stratified,3,AGC_044,3.5,B01_C0_PLS,2.972590842625611
fold_state_stratified,3,AGC_051,4.45,B01_C0_PLS,3.849292234459843
fold_state_stratified,3,AGC_059,4.41,B01_C0_PLS,3.9531797636534995
fold_state_stratified,3,AGC_066,3.0,B01_C0_PLS,3.1713327297872924
fold_state_stratified,3,AGC_067,3.0,B01_C0_PLS,3.921247668053676
fold_state_stratified,3,AGC_069,5.46,B01_C0_PLS,4.9933407944262775
fold_state_stratified,3,AGC_070,3.3,B01_C0_PLS,3.396250441836254
fold_state_stratified,3,AGC_072,4.55,B01_C0_PLS,4.131134141988145
fold_state_stratified,3,AGC_074,2.5,B01_C0_PLS,2.7773167459955985
fold_state_stratified,3,AGC_077,4.76,B01_C0_PLS,4.248199449091023
fold_state_stratified,3,AGC_089,3.0,B01_C0_PLS,3.2024093748093714
fold_state_stratified,3,AGC_097,4.69,B01_C0_PLS,4.433771114253349
fold_state_stratified,3,AGC_106,4.43,B01_C0_PLS,4.1146312483356375
fold_state_stratified,3,AGC_110,4.18,B01_C0_PLS,4.328869870079856
fold_state_stratified,3,AGC_138,2.5,B01_C0_PLS,3.529558829277322
fold_state_stratified,3,AGC_155,4.52,B01_C0_PLS,4.841154138413761
fold_state_stratified,3,AGC_163,3.0,B01_C0_PLS,3.1498628663832156
fold_state_stratified,3,AGC_165,4.44,B01_C0_PLS,4.373297997009485
fold_state_stratified,3,AGC_196,3.5,B01_C0_PLS,3.358025817495058
fold_state_stratified,3,AGC_197,4.52,B01_C0_PLS,4.4648965771500535
fold_state_stratified,3,AGC_004,3.0,B02_C3_Ridge,3.1516480652800527
fold_state_stratified,3,AGC_005,5.16,B02_C3_Ridge,4.691595270398647
fold_state_stratified,3,AGC_010,4.1,B02_C3_Ridge,3.82063037039376
fold_state_stratified,3,AGC_014,4.83,B02_C3_Ridge,4.039577647346694
fold_state_stratified,3,AGC_018,4.49,B02_C3_Ridge,4.295716459768486
fold_state_stratified,3,AGC_021,4.94,B02_C3_Ridge,4.260656396111302
fold_state_stratified,3,AGC_023,3.0,B02_C3_Ridge,3.1384596760291164
fold_state_stratified,3,AGC_038,3.3,B02_C3_Ridge,3.421835933787328
fold_state_stratified,3,AGC_044,3.5,B02_C3_Ridge,3.254265062502253
fold_state_stratified,3,AGC_051,4.45,B02_C3_Ridge,3.8126935580104315
fold_state_stratified,3,AGC_059,4.41,B02_C3_Ridge,4.014757045979968
fold_state_stratified,3,AGC_066,3.0,B02_C3_Ridge,3.072446783204878
fold_state_stratified,3,AGC_067,3.0,B02_C3_Ridge,3.700231999178412
fold_state_stratified,3,AGC_069,5.46,B02_C3_Ridge,4.759995909238295
fold_state_stratified,3,AGC_070,3.3,B02_C3_Ridge,3.2672805282096644
fold_state_stratified,3,AGC_072,4.55,B02_C3_Ridge,4.224942970874823
fold_state_stratified,3,AGC_074,2.5,B02_C3_Ridge,3.4489341046171074
fold_state_stratified,3,AGC_077,4.76,B02_C3_Ridge,4.296619145651896
fold_state_stratified,3,AGC_089,3.0,B02_C3_Ridge,3.3379541294961603
fold_state_stratified,3,AGC_097,4.69,B02_C3_Ridge,4.403278782380412
fold_state_stratified,3,AGC_106,4.43,B02_C3_Ridge,3.928885137823613
fold_state_stratified,3,AGC_110,4.18,B02_C3_Ridge,4.225783723738081
fold_state_stratified,3,AGC_138,2.5,B02_C3_Ridge,3.570945011504032
fold_state_stratified,3,AGC_155,4.52,B02_C3_Ridge,4.925734055666398
fold_state_stratified,3,AGC_163,3.0,B02_C3_Ridge,2.950344744253982
fold_state_stratified,3,AGC_165,4.44,B02_C3_Ridge,4.568215661341273
fold_state_stratified,3,AGC_196,3.5,B02_C3_Ridge,3.5996418405238155
fold_state_stratified,3,AGC_197,4.52,B02_C3_Ridge,4.25086448521613
fold_state_stratified,3,AGC_004,3.0,B03_C1_CatBoost,3.2423250887914037
fold_state_stratified,3,AGC_005,5.16,B03_C1_CatBoost,4.475657655757914
fold_state_stratified,3,AGC_010,4.1,B03_C1_CatBoost,4.334269101450445
fold_state_stratified,3,AGC_014,4.83,B03_C1_CatBoost,4.344841873941732
fold_state_stratified,3,AGC_018,4.49,B03_C1_CatBoost,4.453807659618178
fold_state_stratified,3,AGC_021,4.94,B03_C1_CatBoost,4.428857396906437
fold_state_stratified,3,AGC_023,3.0,B03_C1_CatBoost,3.29436866797289
fold_state_stratified,3,AGC_038,3.3,B03_C1_CatBoost,3.116920071421532
fold_state_stratified,3,AGC_044,3.5,B03_C1_CatBoost,3.345645434409903
fold_state_stratified,3,AGC_051,4.45,B03_C1_CatBoost,4.382028792218989
fold_state_stratified,3,AGC_059,4.41,B03_C1_CatBoost,4.478375180351577
fold_state_stratified,3,AGC_066,3.0,B03_C1_CatBoost,3.199804556138446
fold_state_stratified,3,AGC_067,3.0,B03_C1_CatBoost,3.343482136477064
fold_state_stratified,3,AGC_069,5.46,B03_C1_CatBoost,4.440248474145733
fold_state_stratified,3,AGC_070,3.3,B03_C1_CatBoost,3.4403881520196364
fold_state_stratified,3,AGC_072,4.55,B03_C1_CatBoost,4.218277770765781
fold_state_stratified,3,AGC_074,2.5,B03_C1_CatBoost,3.4450752397879114
fold_state_stratified,3,AGC_077,4.76,B03_C1_CatBoost,4.36331425384742
fold_state_stratified,3,AGC_089,3.0,B03_C1_CatBoost,3.0220828690289636
fold_state_stratified,3,AGC_097,4.69,B03_C1_CatBoost,4.399706008120461
fold_state_stratified,3,AGC_106,4.43,B03_C1_CatBoost,3.7217038973444687
fold_state_stratified,3,AGC_110,4.18,B03_C1_CatBoost,4.166205508409206
fold_state_stratified,3,AGC_138,2.5,B03_C1_CatBoost,3.330133156629472
fold_state_stratified,3,AGC_155,4.52,B03_C1_CatBoost,4.7132614239385475
fold_state_stratified,3,AGC_163,3.0,B03_C1_CatBoost,3.033890790358214
fold_state_stratified,3,AGC_165,4.44,B03_C1_CatBoost,4.1572681070579165
fold_state_stratified,3,AGC_196,3.5,B03_C1_CatBoost,3.5192554888427594
fold_state_stratified,3,AGC_197,4.52,B03_C1_CatBoost,4.208986001076482
fold_state_stratified,3,AGC_004,3.0,B04_C0_Ridge,3.2100327781352984
fold_state_stratified,3,AGC_005,5.16,B04_C0_Ridge,4.611164115103991
fold_state_stratified,3,AGC_010,4.1,B04_C0_Ridge,3.8438318280120662
fold_state_stratified,3,AGC_014,4.83,B04_C0_Ridge,4.049528959258605
fold_state_stratified,3,AGC_018,4.49,B04_C0_Ridge,4.348346923565395
fold_state_stratified,3,AGC_021,4.94,B04_C0_Ridge,4.280098399064497
fold_state_stratified,3,AGC_023,3.0,B04_C0_Ridge,3.201344475917862
fold_state_stratified,3,AGC_038,3.3,B04_C0_Ridge,3.5081119643652987
fold_state_stratified,3,AGC_044,3.5,B04_C0_Ridge,3.22695595807495
fold_state_stratified,3,AGC_051,4.45,B04_C0_Ridge,3.77874348165671
fold_state_stratified,3,AGC_059,4.41,B04_C0_Ridge,3.979592714491554
fold_state_stratified,3,AGC_066,3.0,B04_C0_Ridge,3.0475983106627895
fold_state_stratified,3,AGC_067,3.0,B04_C0_Ridge,3.7373438764514098
fold_state_stratified,3,AGC_069,5.46,B04_C0_Ridge,4.86609579740379
fold_state_stratified,3,AGC_070,3.3,B04_C0_Ridge,3.3315947703218516
fold_state_stratified,3,AGC_072,4.55,B04_C0_Ridge,4.181701102632296
fold_state_stratified,3,AGC_074,2.5,B04_C0_Ridge,3.4127683620341562
fold_state_stratified,3,AGC_077,4.76,B04_C0_Ridge,4.214802620917321
fold_state_stratified,3,AGC_089,3.0,B04_C0_Ridge,3.3451988905658503
fold_state_stratified,3,AGC_097,4.69,B04_C0_Ridge,4.392330768243453
fold_state_stratified,3,AGC_106,4.43,B04_C0_Ridge,3.9454198310301076
fold_state_stratified,3,AGC_110,4.18,B04_C0_Ridge,4.1840261691340315
fold_state_stratified,3,AGC_138,2.5,B04_C0_Ridge,3.5657147031300855
fold_state_stratified,3,AGC_155,4.52,B04_C0_Ridge,4.8314356995868275
fold_state_stratified,3,AGC_163,3.0,B04_C0_Ridge,3.0222116997804083
fold_state_stratified,3,AGC_165,4.44,B04_C0_Ridge,4.577272166032187
fold_state_stratified,3,AGC_196,3.5,B04_C0_Ridge,3.5458862652668355
fold_state_stratified,3,AGC_197,4.52,B04_C0_Ridge,4.3036924485774515
fold_state_stratified,3,AGC_004,3.0,B05_C3_PLS,3.336021371021407
fold_state_stratified,3,AGC_005,5.16,B05_C3_PLS,4.964438465353917
fold_state_stratified,3,AGC_010,4.1,B05_C3_PLS,4.102146263470387
fold_state_stratified,3,AGC_014,4.83,B05_C3_PLS,4.386222459970182
fold_state_stratified,3,AGC_018,4.49,B05_C3_PLS,4.650318827406255
fold_state_stratified,3,AGC_021,4.94,B05_C3_PLS,4.370020613392716
fold_state_stratified,3,AGC_023,3.0,B05_C3_PLS,3.303248240447326
fold_state_stratified,3,AGC_038,3.3,B05_C3_PLS,3.4097350961457993
fold_state_stratified,3,AGC_044,3.5,B05_C3_PLS,3.0347957797682215
fold_state_stratified,3,AGC_051,4.45,B05_C3_PLS,3.9441102354179
fold_state_stratified,3,AGC_059,4.41,B05_C3_PLS,4.030028245884634
fold_state_stratified,3,AGC_066,3.0,B05_C3_PLS,3.1662476544540152
fold_state_stratified,3,AGC_067,3.0,B05_C3_PLS,3.788920913037386
fold_state_stratified,3,AGC_069,5.46,B05_C3_PLS,4.90628991981944
fold_state_stratified,3,AGC_070,3.3,B05_C3_PLS,3.4000925228974492
fold_state_stratified,3,AGC_072,4.55,B05_C3_PLS,4.252047048516966
fold_state_stratified,3,AGC_074,2.5,B05_C3_PLS,2.7251933565469457
fold_state_stratified,3,AGC_077,4.76,B05_C3_PLS,4.283399052303651
fold_state_stratified,3,AGC_089,3.0,B05_C3_PLS,3.16068375833541
fold_state_stratified,3,AGC_097,4.69,B05_C3_PLS,4.4277305151612065
fold_state_stratified,3,AGC_106,4.43,B05_C3_PLS,4.158294736543023
fold_state_stratified,3,AGC_110,4.18,B05_C3_PLS,4.332089992438034
fold_state_stratified,3,AGC_138,2.5,B05_C3_PLS,3.4942477337078355
fold_state_stratified,3,AGC_155,4.52,B05_C3_PLS,4.831022899926121
fold_state_stratified,3,AGC_163,3.0,B05_C3_PLS,3.0929666824171917
fold_state_stratified,3,AGC_165,4.44,B05_C3_PLS,4.375621372853456
fold_state_stratified,3,AGC_196,3.5,B05_C3_PLS,3.372230879281539
fold_state_stratified,3,AGC_197,4.52,B05_C3_PLS,4.31615444348169
fold_state_stratified,3,AGC_004,3.0,B06_C2_PLS,3.3236059756471374
fold_state_stratified,3,AGC_005,5.16,B06_C2_PLS,4.932372402030474
fold_state_stratified,3,AGC_010,4.1,B06_C2_PLS,4.153061186013463
fold_state_stratified,3,AGC_014,4.83,B06_C2_PLS,4.430735921175971
fold_state_stratified,3,AGC_018,4.49,B06_C2_PLS,4.652466642132108
fold_state_stratified,3,AGC_021,4.94,B06_C2_PLS,4.226387334799279
fold_state_stratified,3,AGC_023,3.0,B06_C2_PLS,3.2987824043873477
fold_state_stratified,3,AGC_038,3.3,B06_C2_PLS,3.4200128417539686
fold_state_stratified,3,AGC_044,3.5,B06_C2_PLS,3.015020386942764
fold_state_stratified,3,AGC_051,4.45,B06_C2_PLS,3.9786151630611686
fold_state_stratified,3,AGC_059,4.41,B06_C2_PLS,4.072708109290143
fold_state_stratified,3,AGC_066,3.0,B06_C2_PLS,3.1445054439891846
fold_state_stratified,3,AGC_067,3.0,B06_C2_PLS,3.8277880376700866
fold_state_stratified,3,AGC_069,5.46,B06_C2_PLS,4.879008479402083
fold_state_stratified,3,AGC_070,3.3,B06_C2_PLS,3.3849447385687306
fold_state_stratified,3,AGC_072,4.55,B06_C2_PLS,4.237209046553426
fold_state_stratified,3,AGC_074,2.5,B06_C2_PLS,2.736200211254058
fold_state_stratified,3,AGC_077,4.76,B06_C2_PLS,4.281844624739133
fold_state_stratified,3,AGC_089,3.0,B06_C2_PLS,3.151638696667085
fold_state_stratified,3,AGC_097,4.69,B06_C2_PLS,4.269929723016032
fold_state_stratified,3,AGC_106,4.43,B06_C2_PLS,4.170821300322062
fold_state_stratified,3,AGC_110,4.18,B06_C2_PLS,4.323007342851056
fold_state_stratified,3,AGC_138,2.5,B06_C2_PLS,3.579800328398595
fold_state_stratified,3,AGC_155,4.52,B06_C2_PLS,4.8176333280366554
fold_state_stratified,3,AGC_163,3.0,B06_C2_PLS,3.095086842012093
fold_state_stratified,3,AGC_165,4.44,B06_C2_PLS,4.347403066764155
fold_state_stratified,3,AGC_196,3.5,B06_C2_PLS,3.273447801871791
fold_state_stratified,3,AGC_197,4.52,B06_C2_PLS,4.274775934765119
fold_state_stratified,3,AGC_004,3.0,B07_C1_ExtraTrees,3.034847083333332
fold_state_stratified,3,AGC_005,5.16,B07_C1_ExtraTrees,4.497099999999996
fold_state_stratified,3,AGC_010,4.1,B07_C1_ExtraTrees,4.339675833333334
fold_state_stratified,3,AGC_014,4.83,B07_C1_ExtraTrees,4.164063333333332
fold_state_stratified,3,AGC_018,4.49,B07_C1_ExtraTrees,4.282388749999996
fold_state_stratified,3,AGC_021,4.94,B07_C1_ExtraTrees,4.575930833333336
fold_state_stratified,3,AGC_023,3.0,B07_C1_ExtraTrees,3.197681250000002
fold_state_stratified,3,AGC_038,3.3,B07_C1_ExtraTrees,3.103610833333335
fold_state_stratified,3,AGC_044,3.5,B07_C1_ExtraTrees,3.15008
fold_state_stratified,3,AGC_051,4.45,B07_C1_ExtraTrees,4.282217500000001
fold_state_stratified,3,AGC_059,4.41,B07_C1_ExtraTrees,4.317704166666668
fold_state_stratified,3,AGC_066,3.0,B07_C1_ExtraTrees,3.193958333333333
fold_state_stratified,3,AGC_067,3.0,B07_C1_ExtraTrees,3.3136000000000037
fold_state_stratified,3,AGC_069,5.46,B07_C1_ExtraTrees,4.389571249999999
fold_state_stratified,3,AGC_070,3.3,B07_C1_ExtraTrees,3.1901616666666683
fold_state_stratified,3,AGC_072,4.55,B07_C1_ExtraTrees,4.120739583333334
fold_state_stratified,3,AGC_074,2.5,B07_C1_ExtraTrees,3.263866666666664
fold_state_stratified,3,AGC_077,4.76,B07_C1_ExtraTrees,4.502352499999998
fold_state_stratified,3,AGC_089,3.0,B07_C1_ExtraTrees,3.0649533333333365
fold_state_stratified,3,AGC_097,4.69,B07_C1_ExtraTrees,4.55283125
fold_state_stratified,3,AGC_106,4.43,B07_C1_ExtraTrees,4.063708749999998
fold_state_stratified,3,AGC_110,4.18,B07_C1_ExtraTrees,4.107734583333332
fold_state_stratified,3,AGC_138,2.5,B07_C1_ExtraTrees,3.073420833333334
fold_state_stratified,3,AGC_155,4.52,B07_C1_ExtraTrees,4.596239166666669
fold_state_stratified,3,AGC_163,3.0,B07_C1_ExtraTrees,2.9751041666666653
fold_state_stratified,3,AGC_165,4.44,B07_C1_ExtraTrees,4.326898333333335
fold_state_stratified,3,AGC_196,3.5,B07_C1_ExtraTrees,3.3912379166666677
fold_state_stratified,3,AGC_197,4.52,B07_C1_ExtraTrees,4.152363750000002
fold_state_stratified,3,AGC_004,3.0,B08_C1_PLS,3.4185883700945103
fold_state_stratified,3,AGC_005,5.16,B08_C1_PLS,4.864770181515491
fold_state_stratified,3,AGC_010,4.1,B08_C1_PLS,4.315974168074444
fold_state_stratified,3,AGC_014,4.83,B08_C1_PLS,4.459054047468518
fold_state_stratified,3,AGC_018,4.49,B08_C1_PLS,4.488101333462653
fold_state_stratified,3,AGC_021,4.94,B08_C1_PLS,4.339109125518844
fold_state_stratified,3,AGC_023,3.0,B08_C1_PLS,3.310860744528912
fold_state_stratified,3,AGC_038,3.3,B08_C1_PLS,3.5914421670978656
fold_state_stratified,3,AGC_044,3.5,B08_C1_PLS,3.2666248771150856
fold_state_stratified,3,AGC_051,4.45,B08_C1_PLS,4.09474188178009
fold_state_stratified,3,AGC_059,4.41,B08_C1_PLS,4.134209317463478
fold_state_stratified,3,AGC_066,3.0,B08_C1_PLS,3.3504246621132614
fold_state_stratified,3,AGC_067,3.0,B08_C1_PLS,3.377998068796171
fold_state_stratified,3,AGC_069,5.46,B08_C1_PLS,4.569651129511162
fold_state_stratified,3,AGC_070,3.3,B08_C1_PLS,3.587364742999829
fold_state_stratified,3,AGC_072,4.55,B08_C1_PLS,4.353176285998845
fold_state_stratified,3,AGC_074,2.5,B08_C1_PLS,2.6678104999693297
fold_state_stratified,3,AGC_077,4.76,B08_C1_PLS,4.292524615107144
fold_state_stratified,3,AGC_089,3.0,B08_C1_PLS,3.15567838807397
fold_state_stratified,3,AGC_097,4.69,B08_C1_PLS,4.432161206497686
fold_state_stratified,3,AGC_106,4.43,B08_C1_PLS,4.322509056568078
fold_state_stratified,3,AGC_110,4.18,B08_C1_PLS,4.39935557252488
fold_state_stratified,3,AGC_138,2.5,B08_C1_PLS,3.450351945684944
fold_state_stratified,3,AGC_155,4.52,B08_C1_PLS,4.769703219125016
fold_state_stratified,3,AGC_163,3.0,B08_C1_PLS,3.0297373983378124
fold_state_stratified,3,AGC_165,4.44,B08_C1_PLS,4.195302345455527
fold_state_stratified,3,AGC_196,3.5,B08_C1_PLS,3.362171772415546
fold_state_stratified,3,AGC_197,4.52,B08_C1_PLS,4.00159956963759
fold_state_stratified,3,AGC_004,3.0,B09_C0_PCA_Ridge,2.9523909176707814
fold_state_stratified,3,AGC_005,5.16,B09_C0_PCA_Ridge,4.6446503677238535
fold_state_stratified,3,AGC_010,4.1,B09_C0_PCA_Ridge,3.945747465528459
fold_state_stratified,3,AGC_014,4.83,B09_C0_PCA_Ridge,4.093790353546777
fold_state_stratified,3,AGC_018,4.49,B09_C0_PCA_Ridge,4.249909795694952
fold_state_stratified,3,AGC_021,4.94,B09_C0_PCA_Ridge,4.385052758604833
fold_state_stratified,3,AGC_023,3.0,B09_C0_PCA_Ridge,3.1286352269073263
fold_state_stratified,3,AGC_038,3.3,B09_C0_PCA_Ridge,3.450381194288866
fold_state_stratified,3,AGC_044,3.5,B09_C0_PCA_Ridge,3.442886002394494
fold_state_stratified,3,AGC_051,4.45,B09_C0_PCA_Ridge,3.825110735637801
fold_state_stratified,3,AGC_059,4.41,B09_C0_PCA_Ridge,4.097237615408342
fold_state_stratified,3,AGC_066,3.0,B09_C0_PCA_Ridge,2.976890905011692
fold_state_stratified,3,AGC_067,3.0,B09_C0_PCA_Ridge,3.797062435611749
fold_state_stratified,3,AGC_069,5.46,B09_C0_PCA_Ridge,5.055110395461513
fold_state_stratified,3,AGC_070,3.3,B09_C0_PCA_Ridge,3.1818845439743404
fold_state_stratified,3,AGC_072,4.55,B09_C0_PCA_Ridge,4.150901143952994
fold_state_stratified,3,AGC_074,2.5,B09_C0_PCA_Ridge,3.2896204029115372
fold_state_stratified,3,AGC_077,4.76,B09_C0_PCA_Ridge,4.358484437759683
fold_state_stratified,3,AGC_089,3.0,B09_C0_PCA_Ridge,3.5055117334949495
fold_state_stratified,3,AGC_097,4.69,B09_C0_PCA_Ridge,4.433670229809787
fold_state_stratified,3,AGC_106,4.43,B09_C0_PCA_Ridge,3.9757481542238353
fold_state_stratified,3,AGC_110,4.18,B09_C0_PCA_Ridge,4.319606640640224
fold_state_stratified,3,AGC_138,2.5,B09_C0_PCA_Ridge,3.502863193482594
fold_state_stratified,3,AGC_155,4.52,B09_C0_PCA_Ridge,4.877335271837251
fold_state_stratified,3,AGC_163,3.0,B09_C0_PCA_Ridge,2.8770937543202795
fold_state_stratified,3,AGC_165,4.44,B09_C0_PCA_Ridge,4.662749604792714
fold_state_stratified,3,AGC_196,3.5,B09_C0_PCA_Ridge,3.532454834186217
fold_state_stratified,3,AGC_197,4.52,B09_C0_PCA_Ridge,4.183063759598873
fold_state_stratified,3,AGC_004,3.0,B10_C1_PCA_Ridge,3.3672973219565256
fold_state_stratified,3,AGC_005,5.16,B10_C1_PCA_Ridge,4.87149414442308
fold_state_stratified,3,AGC_010,4.1,B10_C1_PCA_Ridge,3.935051416325918
fold_state_stratified,3,AGC_014,4.83,B10_C1_PCA_Ridge,4.040139066335193
fold_state_stratified,3,AGC_018,4.49,B10_C1_PCA_Ridge,4.17095229232718
fold_state_stratified,3,AGC_021,4.94,B10_C1_PCA_Ridge,4.166699348770182
fold_state_stratified,3,AGC_023,3.0,B10_C1_PCA_Ridge,3.1097323575999734
fold_state_stratified,3,AGC_038,3.3,B10_C1_PCA_Ridge,3.569221910002306
fold_state_stratified,3,AGC_044,3.5,B10_C1_PCA_Ridge,3.334243947394688
fold_state_stratified,3,AGC_051,4.45,B10_C1_PCA_Ridge,4.131188722480949
fold_state_stratified,3,AGC_059,4.41,B10_C1_PCA_Ridge,4.205232947035916
fold_state_stratified,3,AGC_066,3.0,B10_C1_PCA_Ridge,3.2611399467399362
fold_state_stratified,3,AGC_067,3.0,B10_C1_PCA_Ridge,3.6726784914740995
fold_state_stratified,3,AGC_069,5.46,B10_C1_PCA_Ridge,4.865204055193717
fold_state_stratified,3,AGC_070,3.3,B10_C1_PCA_Ridge,3.5022766895556185
fold_state_stratified,3,AGC_072,4.55,B10_C1_PCA_Ridge,4.229813596711392
fold_state_stratified,3,AGC_074,2.5,B10_C1_PCA_Ridge,3.4982630511377732
fold_state_stratified,3,AGC_077,4.76,B10_C1_PCA_Ridge,4.344902646424237
fold_state_stratified,3,AGC_089,3.0,B10_C1_PCA_Ridge,3.2822980784846782
fold_state_stratified,3,AGC_097,4.69,B10_C1_PCA_Ridge,4.37742865165516
fold_state_stratified,3,AGC_106,4.43,B10_C1_PCA_Ridge,4.183515639967598
fold_state_stratified,3,AGC_110,4.18,B10_C1_PCA_Ridge,4.364515987443676
fold_state_stratified,3,AGC_138,2.5,B10_C1_PCA_Ridge,3.4533543390438854
fold_state_stratified,3,AGC_155,4.52,B10_C1_PCA_Ridge,5.177067176266051
fold_state_stratified,3,AGC_163,3.0,B10_C1_PCA_Ridge,2.811903906851965
fold_state_stratified,3,AGC_165,4.44,B10_C1_PCA_Ridge,4.318053548537788
fold_state_stratified,3,AGC_196,3.5,B10_C1_PCA_Ridge,3.51119172554165
fold_state_stratified,3,AGC_197,4.52,B10_C1_PCA_Ridge,4.175352544472193
fold_state_stratified,4,AGC_007,3.5,B01_C0_PLS,3.0090772495611637
fold_state_stratified,4,AGC_012,4.69,B01_C0_PLS,4.676951695938142
fold_state_stratified,4,AGC_019,3.0,B01_C0_PLS,2.7830278127274113
fold_state_stratified,4,AGC_022,4.55,B01_C0_PLS,4.445415324469271
fold_state_stratified,4,AGC_026,3.55,B01_C0_PLS,4.357254099899015
fold_state_stratified,4,AGC_041,2.5,B01_C0_PLS,3.5609401225205595
fold_state_stratified,4,AGC_048,2.5,B01_C0_PLS,3.1005978849874953
fold_state_stratified,4,AGC_056,5.07,B01_C0_PLS,4.503992165374948
fold_state_stratified,4,AGC_080,3.5,B01_C0_PLS,3.1385199626183233
fold_state_stratified,4,AGC_081,3.7,B01_C0_PLS,3.8170667234442224
fold_state_stratified,4,AGC_099,3.5,B01_C0_PLS,3.4452318943882108
fold_state_stratified,4,AGC_104,4.56,B01_C0_PLS,4.269676748544937
fold_state_stratified,4,AGC_109,4.54,B01_C0_PLS,4.378088942665596
fold_state_stratified,4,AGC_115,4.6,B01_C0_PLS,4.071173699972179
fold_state_stratified,4,AGC_122,3.5,B01_C0_PLS,2.6153984962917267
fold_state_stratified,4,AGC_132,4.13,B01_C0_PLS,4.412739497139952
fold_state_stratified,4,AGC_140,3.2,B01_C0_PLS,3.1341432482193725
fold_state_stratified,4,AGC_144,2.5,B01_C0_PLS,2.8770534099665612
fold_state_stratified,4,AGC_148,3.0,B01_C0_PLS,2.8611500312965905
fold_state_stratified,4,AGC_152,4.87,B01_C0_PLS,4.620556631150141
fold_state_stratified,4,AGC_168,4.49,B01_C0_PLS,4.5677750036205715
fold_state_stratified,4,AGC_170,3.0,B01_C0_PLS,3.4229052711419032
fold_state_stratified,4,AGC_171,2.15,B01_C0_PLS,4.386601450376064
fold_state_stratified,4,AGC_172,5.19,B01_C0_PLS,4.383715343352907
fold_state_stratified,4,AGC_176,4.38,B01_C0_PLS,4.25115480597156
fold_state_stratified,4,AGC_178,4.39,B01_C0_PLS,4.319334774471443
fold_state_stratified,4,AGC_181,4.51,B01_C0_PLS,4.5049170001967145
fold_state_stratified,4,AGC_007,3.5,B02_C3_Ridge,3.1130838859100094
fold_state_stratified,4,AGC_012,4.69,B02_C3_Ridge,4.802869241253893
fold_state_stratified,4,AGC_019,3.0,B02_C3_Ridge,2.879599037059182
fold_state_stratified,4,AGC_022,4.55,B02_C3_Ridge,4.181162608417514
fold_state_stratified,4,AGC_026,3.55,B02_C3_Ridge,4.340050517385414
fold_state_stratified,4,AGC_041,2.5,B02_C3_Ridge,3.356386103302566
fold_state_stratified,4,AGC_048,2.5,B02_C3_Ridge,3.140201766412586
fold_state_stratified,4,AGC_056,5.07,B02_C3_Ridge,4.468006648512969
fold_state_stratified,4,AGC_080,3.5,B02_C3_Ridge,3.0878487267771075
fold_state_stratified,4,AGC_081,3.7,B02_C3_Ridge,3.404037953664901
fold_state_stratified,4,AGC_099,3.5,B02_C3_Ridge,3.427306210071336
fold_state_stratified,4,AGC_104,4.56,B02_C3_Ridge,4.359637003880311
fold_state_stratified,4,AGC_109,4.54,B02_C3_Ridge,4.522795621337636
fold_state_stratified,4,AGC_115,4.6,B02_C3_Ridge,4.11313357678266
fold_state_stratified,4,AGC_122,3.5,B02_C3_Ridge,2.6781294348995974
fold_state_stratified,4,AGC_132,4.13,B02_C3_Ridge,4.437989206584806
fold_state_stratified,4,AGC_140,3.2,B02_C3_Ridge,3.0572296261817646
fold_state_stratified,4,AGC_144,2.5,B02_C3_Ridge,3.030092671486238
fold_state_stratified,4,AGC_148,3.0,B02_C3_Ridge,3.1177061908342614
fold_state_stratified,4,AGC_152,4.87,B02_C3_Ridge,4.545087745292286
fold_state_stratified,4,AGC_168,4.49,B02_C3_Ridge,4.726429201818123
fold_state_stratified,4,AGC_170,3.0,B02_C3_Ridge,3.2607810697993473
fold_state_stratified,4,AGC_171,2.15,B02_C3_Ridge,4.315204307415198
fold_state_stratified,4,AGC_172,5.19,B02_C3_Ridge,4.4697499816212565
fold_state_stratified,4,AGC_176,4.38,B02_C3_Ridge,4.132546434164088
fold_state_stratified,4,AGC_178,4.39,B02_C3_Ridge,4.193911119253977
fold_state_stratified,4,AGC_181,4.51,B02_C3_Ridge,4.574200249767298
fold_state_stratified,4,AGC_007,3.5,B03_C1_CatBoost,3.278519730449034
fold_state_stratified,4,AGC_012,4.69,B03_C1_CatBoost,4.5966390297808175
fold_state_stratified,4,AGC_019,3.0,B03_C1_CatBoost,3.066587478481779
fold_state_stratified,4,AGC_022,4.55,B03_C1_CatBoost,4.309573350091341
fold_state_stratified,4,AGC_026,3.55,B03_C1_CatBoost,4.319238016236341
fold_state_stratified,4,AGC_041,2.5,B03_C1_CatBoost,3.087553516873413
fold_state_stratified,4,AGC_048,2.5,B03_C1_CatBoost,3.705319636249442
fold_state_stratified,4,AGC_056,5.07,B03_C1_CatBoost,4.534979635159289
fold_state_stratified,4,AGC_080,3.5,B03_C1_CatBoost,3.2604215752289747
fold_state_stratified,4,AGC_081,3.7,B03_C1_CatBoost,3.2323301339101818
fold_state_stratified,4,AGC_099,3.5,B03_C1_CatBoost,3.1181454576208125
fold_state_stratified,4,AGC_104,4.56,B03_C1_CatBoost,4.300614665971352
fold_state_stratified,4,AGC_109,4.54,B03_C1_CatBoost,4.546468698639728
fold_state_stratified,4,AGC_115,4.6,B03_C1_CatBoost,4.2060772790036935
fold_state_stratified,4,AGC_122,3.5,B03_C1_CatBoost,3.2218829073044617
fold_state_stratified,4,AGC_132,4.13,B03_C1_CatBoost,4.533293554286502
fold_state_stratified,4,AGC_140,3.2,B03_C1_CatBoost,3.251729710392965
fold_state_stratified,4,AGC_144,2.5,B03_C1_CatBoost,2.991564190590907
fold_state_stratified,4,AGC_148,3.0,B03_C1_CatBoost,3.1398509143227784
fold_state_stratified,4,AGC_152,4.87,B03_C1_CatBoost,4.565899458738386
fold_state_stratified,4,AGC_168,4.49,B03_C1_CatBoost,4.369357888813738
fold_state_stratified,4,AGC_170,3.0,B03_C1_CatBoost,3.298978643818373
fold_state_stratified,4,AGC_171,2.15,B03_C1_CatBoost,4.393327400634007
fold_state_stratified,4,AGC_172,5.19,B03_C1_CatBoost,4.6106439210143435
fold_state_stratified,4,AGC_176,4.38,B03_C1_CatBoost,4.274914760828096
fold_state_stratified,4,AGC_178,4.39,B03_C1_CatBoost,4.379781228918546
fold_state_stratified,4,AGC_181,4.51,B03_C1_CatBoost,4.370173606672324
fold_state_stratified,4,AGC_007,3.5,B04_C0_Ridge,3.1287491293467817
fold_state_stratified,4,AGC_012,4.69,B04_C0_Ridge,4.7503655941798755
fold_state_stratified,4,AGC_019,3.0,B04_C0_Ridge,2.8837913122935217
fold_state_stratified,4,AGC_022,4.55,B04_C0_Ridge,4.212628886409165
fold_state_stratified,4,AGC_026,3.55,B04_C0_Ridge,4.318681290954571
fold_state_stratified,4,AGC_041,2.5,B04_C0_Ridge,3.4193324487379133
fold_state_stratified,4,AGC_048,2.5,B04_C0_Ridge,3.141049706469592
fold_state_stratified,4,AGC_056,5.07,B04_C0_Ridge,4.504106163138299
fold_state_stratified,4,AGC_080,3.5,B04_C0_Ridge,3.135918869508472
fold_state_stratified,4,AGC_081,3.7,B04_C0_Ridge,3.593548546349011
fold_state_stratified,4,AGC_099,3.5,B04_C0_Ridge,3.4321308664642904
fold_state_stratified,4,AGC_104,4.56,B04_C0_Ridge,4.325327532083328
fold_state_stratified,4,AGC_109,4.54,B04_C0_Ridge,4.472544349813432
fold_state_stratified,4,AGC_115,4.6,B04_C0_Ridge,4.129836363470616
fold_state_stratified,4,AGC_122,3.5,B04_C0_Ridge,2.7770892829327
fold_state_stratified,4,AGC_132,4.13,B04_C0_Ridge,4.470098036235571
fold_state_stratified,4,AGC_140,3.2,B04_C0_Ridge,3.065504985529837
fold_state_stratified,4,AGC_144,2.5,B04_C0_Ridge,3.088036419899235
fold_state_stratified,4,AGC_148,3.0,B04_C0_Ridge,3.105766817752192
fold_state_stratified,4,AGC_152,4.87,B04_C0_Ridge,4.549379931082661
fold_state_stratified,4,AGC_168,4.49,B04_C0_Ridge,4.696834224585979
fold_state_stratified,4,AGC_170,3.0,B04_C0_Ridge,3.2653235047989146
fold_state_stratified,4,AGC_171,2.15,B04_C0_Ridge,4.3093419140183595
fold_state_stratified,4,AGC_172,5.19,B04_C0_Ridge,4.429607444181327
fold_state_stratified,4,AGC_176,4.38,B04_C0_Ridge,4.150783273802266
fold_state_stratified,4,AGC_178,4.39,B04_C0_Ridge,4.252218213590982
fold_state_stratified,4,AGC_181,4.51,B04_C0_Ridge,4.590697051127233
fold_state_stratified,4,AGC_007,3.5,B05_C3_PLS,3.1045643247914145
fold_state_stratified,4,AGC_012,4.69,B05_C3_PLS,4.76308182389313
fold_state_stratified,4,AGC_019,3.0,B05_C3_PLS,2.786035194119008
fold_state_stratified,4,AGC_022,4.55,B05_C3_PLS,4.375304973494131
fold_state_stratified,4,AGC_026,3.55,B05_C3_PLS,4.399325182829375
fold_state_stratified,4,AGC_041,2.5,B05_C3_PLS,3.5599275759331497
fold_state_stratified,4,AGC_048,2.5,B05_C3_PLS,3.123633959463758
fold_state_stratified,4,AGC_056,5.07,B05_C3_PLS,4.456070972075599
fold_state_stratified,4,AGC_080,3.5,B05_C3_PLS,3.1493899893188138
fold_state_stratified,4,AGC_081,3.7,B05_C3_PLS,3.6799809844857716
fold_state_stratified,4,AGC_099,3.5,B05_C3_PLS,3.391818526058985
fold_state_stratified,4,AGC_104,4.56,B05_C3_PLS,4.328632835369044
fold_state_stratified,4,AGC_109,4.54,B05_C3_PLS,4.408717423189515
fold_state_stratified,4,AGC_115,4.6,B05_C3_PLS,4.084161597493582
fold_state_stratified,4,AGC_122,3.5,B05_C3_PLS,2.5073993532497654
fold_state_stratified,4,AGC_132,4.13,B05_C3_PLS,4.469873714283716
fold_state_stratified,4,AGC_140,3.2,B05_C3_PLS,3.1700221927105954
fold_state_stratified,4,AGC_144,2.5,B05_C3_PLS,2.8307240488855627
fold_state_stratified,4,AGC_148,3.0,B05_C3_PLS,2.8947408902394
fold_state_stratified,4,AGC_152,4.87,B05_C3_PLS,4.624536772655099
fold_state_stratified,4,AGC_168,4.49,B05_C3_PLS,4.581692319024606
fold_state_stratified,4,AGC_170,3.0,B05_C3_PLS,3.3519398370853075
fold_state_stratified,4,AGC_171,2.15,B05_C3_PLS,4.347335607825334
fold_state_stratified,4,AGC_172,5.19,B05_C3_PLS,4.439597541921583
fold_state_stratified,4,AGC_176,4.38,B05_C3_PLS,4.259032272881434
fold_state_stratified,4,AGC_178,4.39,B05_C3_PLS,4.226019487095704
fold_state_stratified,4,AGC_181,4.51,B05_C3_PLS,4.449432972991282
fold_state_stratified,4,AGC_007,3.5,B06_C2_PLS,3.090871619511727
fold_state_stratified,4,AGC_012,4.69,B06_C2_PLS,4.767623424099246
fold_state_stratified,4,AGC_019,3.0,B06_C2_PLS,2.742873345698114
fold_state_stratified,4,AGC_022,4.55,B06_C2_PLS,4.356830165228676
fold_state_stratified,4,AGC_026,3.55,B06_C2_PLS,4.488151270523534
fold_state_stratified,4,AGC_041,2.5,B06_C2_PLS,3.552973930833825
fold_state_stratified,4,AGC_048,2.5,B06_C2_PLS,3.1912806964206704
fold_state_stratified,4,AGC_056,5.07,B06_C2_PLS,4.405481594703306
fold_state_stratified,4,AGC_080,3.5,B06_C2_PLS,3.1495907839043307
fold_state_stratified,4,AGC_081,3.7,B06_C2_PLS,3.5882030210890594
fold_state_stratified,4,AGC_099,3.5,B06_C2_PLS,3.3374562942828767
fold_state_stratified,4,AGC_104,4.56,B06_C2_PLS,4.3387366559610046
fold_state_stratified,4,AGC_109,4.54,B06_C2_PLS,4.333204814208296
fold_state_stratified,4,AGC_115,4.6,B06_C2_PLS,4.099983646601962
fold_state_stratified,4,AGC_122,3.5,B06_C2_PLS,2.5452456159191286
fold_state_stratified,4,AGC_132,4.13,B06_C2_PLS,4.4783703495468865
fold_state_stratified,4,AGC_140,3.2,B06_C2_PLS,3.1778394265852596
fold_state_stratified,4,AGC_144,2.5,B06_C2_PLS,2.8443078670792845
fold_state_stratified,4,AGC_148,3.0,B06_C2_PLS,2.889046560873825
fold_state_stratified,4,AGC_152,4.87,B06_C2_PLS,4.673600709369361
fold_state_stratified,4,AGC_168,4.49,B06_C2_PLS,4.469169422407276
fold_state_stratified,4,AGC_170,3.0,B06_C2_PLS,3.2883881570213553
fold_state_stratified,4,AGC_171,2.15,B06_C2_PLS,4.368112321529543
fold_state_stratified,4,AGC_172,5.19,B06_C2_PLS,4.407138279422504
fold_state_stratified,4,AGC_176,4.38,B06_C2_PLS,4.245929952388171
fold_state_stratified,4,AGC_178,4.39,B06_C2_PLS,4.194604839284088
fold_state_stratified,4,AGC_181,4.51,B06_C2_PLS,4.4371528123469925
fold_state_stratified,4,AGC_007,3.5,B07_C1_ExtraTrees,3.2455879166666612
fold_state_stratified,4,AGC_012,4.69,B07_C1_ExtraTrees,4.5567791666666695
fold_state_stratified,4,AGC_019,3.0,B07_C1_ExtraTrees,3.0848500000000003
fold_state_stratified,4,AGC_022,4.55,B07_C1_ExtraTrees,4.477085833333336
fold_state_stratified,4,AGC_026,3.55,B07_C1_ExtraTrees,4.220408749999999
fold_state_stratified,4,AGC_041,2.5,B07_C1_ExtraTrees,2.9788033333333335
fold_state_stratified,4,AGC_048,2.5,B07_C1_ExtraTrees,2.984217916666666
fold_state_stratified,4,AGC_056,5.07,B07_C1_ExtraTrees,4.7134879166666686
fold_state_stratified,4,AGC_080,3.5,B07_C1_ExtraTrees,3.228349583333333
fold_state_stratified,4,AGC_081,3.7,B07_C1_ExtraTrees,3.027699999999997
fold_state_stratified,4,AGC_099,3.5,B07_C1_ExtraTrees,3.147489583333331
fold_state_stratified,4,AGC_104,4.56,B07_C1_ExtraTrees,4.351177916666668
fold_state_stratified,4,AGC_109,4.54,B07_C1_ExtraTrees,4.596791249999998
fold_state_stratified,4,AGC_115,4.6,B07_C1_ExtraTrees,4.28106208333333
fold_state_stratified,4,AGC_122,3.5,B07_C1_ExtraTrees,2.960985416666667
fold_state_stratified,4,AGC_132,4.13,B07_C1_ExtraTrees,4.475214583333334
fold_state_stratified,4,AGC_140,3.2,B07_C1_ExtraTrees,3.15827625
fold_state_stratified,4,AGC_144,2.5,B07_C1_ExtraTrees,3.129677916666669
fold_state_stratified,4,AGC_148,3.0,B07_C1_ExtraTrees,3.065407500000001
fold_state_stratified,4,AGC_152,4.87,B07_C1_ExtraTrees,4.468700000000004
fold_state_stratified,4,AGC_168,4.49,B07_C1_ExtraTrees,4.40295583333333
fold_state_stratified,4,AGC_170,3.0,B07_C1_ExtraTrees,3.0798416666666646
fold_state_stratified,4,AGC_171,2.15,B07_C1_ExtraTrees,4.507910000000001
fold_state_stratified,4,AGC_172,5.19,B07_C1_ExtraTrees,4.687750416666666
fold_state_stratified,4,AGC_176,4.38,B07_C1_ExtraTrees,4.464132500000004
fold_state_stratified,4,AGC_178,4.39,B07_C1_ExtraTrees,4.554108333333331
fold_state_stratified,4,AGC_181,4.51,B07_C1_ExtraTrees,4.4250179166666666
fold_state_stratified,4,AGC_007,3.5,B08_C1_PLS,3.2106202063240428
fold_state_stratified,4,AGC_012,4.69,B08_C1_PLS,4.826877607725558
fold_state_stratified,4,AGC_019,3.0,B08_C1_PLS,2.815878691289531
fold_state_stratified,4,AGC_022,4.55,B08_C1_PLS,4.314971721011477
fold_state_stratified,4,AGC_026,3.55,B08_C1_PLS,4.496331124354433
fold_state_stratified,4,AGC_041,2.5,B08_C1_PLS,3.6518239978188363
fold_state_stratified,4,AGC_048,2.5,B08_C1_PLS,3.2300482985795
fold_state_stratified,4,AGC_056,5.07,B08_C1_PLS,4.352112745736715
fold_state_stratified,4,AGC_080,3.5,B08_C1_PLS,3.1737834329922125
fold_state_stratified,4,AGC_081,3.7,B08_C1_PLS,3.356920547140746
fold_state_stratified,4,AGC_099,3.5,B08_C1_PLS,3.34727559177778
fold_state_stratified,4,AGC_104,4.56,B08_C1_PLS,4.48889857914697
fold_state_stratified,4,AGC_109,4.54,B08_C1_PLS,4.574748091653719
fold_state_stratified,4,AGC_115,4.6,B08_C1_PLS,4.176842192082227
fold_state_stratified,4,AGC_122,3.5,B08_C1_PLS,2.445932391129601
fold_state_stratified,4,AGC_132,4.13,B08_C1_PLS,4.4663183096288295
fold_state_stratified,4,AGC_140,3.2,B08_C1_PLS,3.105459122726509
fold_state_stratified,4,AGC_144,2.5,B08_C1_PLS,2.846488243888711
fold_state_stratified,4,AGC_148,3.0,B08_C1_PLS,3.0382088566289744
fold_state_stratified,4,AGC_152,4.87,B08_C1_PLS,4.687526903703643
fold_state_stratified,4,AGC_168,4.49,B08_C1_PLS,4.61352545730694
fold_state_stratified,4,AGC_170,3.0,B08_C1_PLS,3.256542145346864
fold_state_stratified,4,AGC_171,2.15,B08_C1_PLS,4.2833679256381965
fold_state_stratified,4,AGC_172,5.19,B08_C1_PLS,4.370103207322158
fold_state_stratified,4,AGC_176,4.38,B08_C1_PLS,4.262677243009736
fold_state_stratified,4,AGC_178,4.39,B08_C1_PLS,4.015763795811776
fold_state_stratified,4,AGC_181,4.51,B08_C1_PLS,4.23720813013131
fold_state_stratified,4,AGC_007,3.5,B09_C0_PCA_Ridge,3.0239655311752154
fold_state_stratified,4,AGC_012,4.69,B09_C0_PCA_Ridge,4.974500506542928
fold_state_stratified,4,AGC_019,3.0,B09_C0_PCA_Ridge,2.86416837117567
fold_state_stratified,4,AGC_022,4.55,B09_C0_PCA_Ridge,4.136955612698781
fold_state_stratified,4,AGC_026,3.55,B09_C0_PCA_Ridge,4.477042576234747
fold_state_stratified,4,AGC_041,2.5,B09_C0_PCA_Ridge,3.4824264734078634
fold_state_stratified,4,AGC_048,2.5,B09_C0_PCA_Ridge,3.1862282657368337
fold_state_stratified,4,AGC_056,5.07,B09_C0_PCA_Ridge,4.49545978808457
fold_state_stratified,4,AGC_080,3.5,B09_C0_PCA_Ridge,3.123612083350344
fold_state_stratified,4,AGC_081,3.7,B09_C0_PCA_Ridge,3.63755884977212
fold_state_stratified,4,AGC_099,3.5,B09_C0_PCA_Ridge,3.2479547653046197
fold_state_stratified,4,AGC_104,4.56,B09_C0_PCA_Ridge,4.387541500879028
fold_state_stratified,4,AGC_109,4.54,B09_C0_PCA_Ridge,4.400876206938948
fold_state_stratified,4,AGC_115,4.6,B09_C0_PCA_Ridge,4.287388470276041
fold_state_stratified,4,AGC_122,3.5,B09_C0_PCA_Ridge,2.496533425911449
fold_state_stratified,4,AGC_132,4.13,B09_C0_PCA_Ridge,4.717113013282805
fold_state_stratified,4,AGC_140,3.2,B09_C0_PCA_Ridge,3.042261109307964
fold_state_stratified,4,AGC_144,2.5,B09_C0_PCA_Ridge,3.0499061487316292
fold_state_stratified,4,AGC_148,3.0,B09_C0_PCA_Ridge,2.9205727746406462
fold_state_stratified,4,AGC_152,4.87,B09_C0_PCA_Ridge,4.481943561145469
fold_state_stratified,4,AGC_168,4.49,B09_C0_PCA_Ridge,4.577278232914962
fold_state_stratified,4,AGC_170,3.0,B09_C0_PCA_Ridge,3.326748482162235
fold_state_stratified,4,AGC_171,2.15,B09_C0_PCA_Ridge,4.257740689540697
fold_state_stratified,4,AGC_172,5.19,B09_C0_PCA_Ridge,4.5844042373072025
fold_state_stratified,4,AGC_176,4.38,B09_C0_PCA_Ridge,4.293936020058094
fold_state_stratified,4,AGC_178,4.39,B09_C0_PCA_Ridge,4.251215941854445
fold_state_stratified,4,AGC_181,4.51,B09_C0_PCA_Ridge,4.654820864935973
fold_state_stratified,4,AGC_007,3.5,B10_C1_PCA_Ridge,3.089154414765801
fold_state_stratified,4,AGC_012,4.69,B10_C1_PCA_Ridge,4.877467762680143
fold_state_stratified,4,AGC_019,3.0,B10_C1_PCA_Ridge,2.9590392898379534
fold_state_stratified,4,AGC_022,4.55,B10_C1_PCA_Ridge,4.278534772951508
fold_state_stratified,4,AGC_026,3.55,B10_C1_PCA_Ridge,4.5706618094311136
fold_state_stratified,4,AGC_041,2.5,B10_C1_PCA_Ridge,3.420474458788166
fold_state_stratified,4,AGC_048,2.5,B10_C1_PCA_Ridge,3.2502458980786377
fold_state_stratified,4,AGC_056,5.07,B10_C1_PCA_Ridge,4.6029779547343
fold_state_stratified,4,AGC_080,3.5,B10_C1_PCA_Ridge,3.029185197653743
fold_state_stratified,4,AGC_081,3.7,B10_C1_PCA_Ridge,2.966812588676845
fold_state_stratified,4,AGC_099,3.5,B10_C1_PCA_Ridge,3.318141244938341
fold_state_stratified,4,AGC_104,4.56,B10_C1_PCA_Ridge,4.501538011913478
fold_state_stratified,4,AGC_109,4.54,B10_C1_PCA_Ridge,4.755687700673277
fold_state_stratified,4,AGC_115,4.6,B10_C1_PCA_Ridge,3.9502606982197648
fold_state_stratified,4,AGC_122,3.5,B10_C1_PCA_Ridge,2.703418810899734
fold_state_stratified,4,AGC_132,4.13,B10_C1_PCA_Ridge,4.48118917888624
fold_state_stratified,4,AGC_140,3.2,B10_C1_PCA_Ridge,2.8659231741501086
fold_state_stratified,4,AGC_144,2.5,B10_C1_PCA_Ridge,3.034120536352826
fold_state_stratified,4,AGC_148,3.0,B10_C1_PCA_Ridge,3.084747805560885
fold_state_stratified,4,AGC_152,4.87,B10_C1_PCA_Ridge,4.719935000592516
fold_state_stratified,4,AGC_168,4.49,B10_C1_PCA_Ridge,4.33863830266327
fold_state_stratified,4,AGC_170,3.0,B10_C1_PCA_Ridge,3.2570235309453084
fold_state_stratified,4,AGC_171,2.15,B10_C1_PCA_Ridge,4.285748794814517
fold_state_stratified,4,AGC_172,5.19,B10_C1_PCA_Ridge,4.456174802671928
fold_state_stratified,4,AGC_176,4.38,B10_C1_PCA_Ridge,4.384355722431211
fold_state_stratified,4,AGC_178,4.39,B10_C1_PCA_Ridge,4.073450263875772
fold_state_stratified,4,AGC_181,4.51,B10_C1_PCA_Ridge,4.281305593510138
fold_state_stratified,5,AGC_001,3.5,B01_C0_PLS,2.654710236373438
fold_state_stratified,5,AGC_002,4.63,B01_C0_PLS,4.513751063477047
fold_state_stratified,5,AGC_006,4.49,B01_C0_PLS,3.9886818015609835
fold_state_stratified,5,AGC_013,4.01,B01_C0_PLS,4.385344656117271
fold_state_stratified,5,AGC_020,3.5,B01_C0_PLS,2.7784357930275987
fold_state_stratified,5,AGC_034,2.0,B01_C0_PLS,3.4183236716346244
fold_state_stratified,5,AGC_035,4.68,B01_C0_PLS,3.937460423145909
fold_state_stratified,5,AGC_046,3.0,B01_C0_PLS,2.638786794736235
fold_state_stratified,5,AGC_057,4.55,B01_C0_PLS,4.61580621613449
fold_state_stratified,5,AGC_060,4.52,B01_C0_PLS,4.628056102162677
fold_state_stratified,5,AGC_084,4.54,B01_C0_PLS,4.563956006324639
fold_state_stratified,5,AGC_092,4.57,B01_C0_PLS,4.270103292110616
fold_state_stratified,5,AGC_096,4.59,B01_C0_PLS,4.214851132284605
fold_state_stratified,5,AGC_101,4.57,B01_C0_PLS,4.277590457938822
fold_state_stratified,5,AGC_105,4.41,B01_C0_PLS,4.383084727680217
fold_state_stratified,5,AGC_114,3.0,B01_C0_PLS,2.8740117966280594
fold_state_stratified,5,AGC_123,2.5,B01_C0_PLS,2.629077582818503
fold_state_stratified,5,AGC_137,4.54,B01_C0_PLS,4.452800763325775
fold_state_stratified,5,AGC_141,3.5,B01_C0_PLS,3.043475841450452
fold_state_stratified,5,AGC_146,4.58,B01_C0_PLS,4.651295967955765
fold_state_stratified,5,AGC_162,5.59,B01_C0_PLS,4.398171562187924
fold_state_stratified,5,AGC_169,2.5,B01_C0_PLS,2.966271783666134
fold_state_stratified,5,AGC_179,4.55,B01_C0_PLS,4.452588181910798
fold_state_stratified,5,AGC_184,4.47,B01_C0_PLS,4.2787431551312585
fold_state_stratified,5,AGC_185,5.01,B01_C0_PLS,4.5199163822207895
fold_state_stratified,5,AGC_189,4.03,B01_C0_PLS,4.326781737507241
fold_state_stratified,5,AGC_195,3.68,B01_C0_PLS,4.090695709700666
fold_state_stratified,5,AGC_001,3.5,B02_C3_Ridge,2.526122617886096
fold_state_stratified,5,AGC_002,4.63,B02_C3_Ridge,4.682073599664094
fold_state_stratified,5,AGC_006,4.49,B02_C3_Ridge,4.371436797283407
fold_state_stratified,5,AGC_013,4.01,B02_C3_Ridge,4.447256249440358
fold_state_stratified,5,AGC_020,3.5,B02_C3_Ridge,3.205369175810665
fold_state_stratified,5,AGC_034,2.0,B02_C3_Ridge,3.3822482529466997
fold_state_stratified,5,AGC_035,4.68,B02_C3_Ridge,3.75710889883379
fold_state_stratified,5,AGC_046,3.0,B02_C3_Ridge,2.612055377228416
fold_state_stratified,5,AGC_057,4.55,B02_C3_Ridge,4.707393077620986
fold_state_stratified,5,AGC_060,4.52,B02_C3_Ridge,4.69654557478113
fold_state_stratified,5,AGC_084,4.54,B02_C3_Ridge,4.579731008350293
fold_state_stratified,5,AGC_092,4.57,B02_C3_Ridge,4.331656401926102
fold_state_stratified,5,AGC_096,4.59,B02_C3_Ridge,4.035399702819385
fold_state_stratified,5,AGC_101,4.57,B02_C3_Ridge,3.984183987009103
fold_state_stratified,5,AGC_105,4.41,B02_C3_Ridge,4.41139220079188
fold_state_stratified,5,AGC_114,3.0,B02_C3_Ridge,2.837267733210433
fold_state_stratified,5,AGC_123,2.5,B02_C3_Ridge,2.809393599798908
fold_state_stratified,5,AGC_137,4.54,B02_C3_Ridge,4.579057028718865
fold_state_stratified,5,AGC_141,3.5,B02_C3_Ridge,2.9859997403164455
fold_state_stratified,5,AGC_146,4.58,B02_C3_Ridge,4.247135899366477
fold_state_stratified,5,AGC_162,5.59,B02_C3_Ridge,4.486173122801666
fold_state_stratified,5,AGC_169,2.5,B02_C3_Ridge,2.8525796581316403
fold_state_stratified,5,AGC_179,4.55,B02_C3_Ridge,4.445661975960204
fold_state_stratified,5,AGC_184,4.47,B02_C3_Ridge,4.114350816290294
fold_state_stratified,5,AGC_185,5.01,B02_C3_Ridge,4.621816236476083
fold_state_stratified,5,AGC_189,4.03,B02_C3_Ridge,4.199855266009483
fold_state_stratified,5,AGC_195,3.68,B02_C3_Ridge,4.200845642921367
fold_state_stratified,5,AGC_001,3.5,B03_C1_CatBoost,3.1030639667114883
fold_state_stratified,5,AGC_002,4.63,B03_C1_CatBoost,4.258141066578673
fold_state_stratified,5,AGC_006,4.49,B03_C1_CatBoost,4.181762483779039
fold_state_stratified,5,AGC_013,4.01,B03_C1_CatBoost,4.200084613659328
fold_state_stratified,5,AGC_020,3.5,B03_C1_CatBoost,3.412879679432953
fold_state_stratified,5,AGC_034,2.0,B03_C1_CatBoost,3.183488894459023
fold_state_stratified,5,AGC_035,4.68,B03_C1_CatBoost,3.9690079901329227
fold_state_stratified,5,AGC_046,3.0,B03_C1_CatBoost,3.0472102094886395
fold_state_stratified,5,AGC_057,4.55,B03_C1_CatBoost,4.785552098539483
fold_state_stratified,5,AGC_060,4.52,B03_C1_CatBoost,4.802169016682228
fold_state_stratified,5,AGC_084,4.54,B03_C1_CatBoost,4.60553900288528
fold_state_stratified,5,AGC_092,4.57,B03_C1_CatBoost,3.9868013933346447
fold_state_stratified,5,AGC_096,4.59,B03_C1_CatBoost,4.274787576435983
fold_state_stratified,5,AGC_101,4.57,B03_C1_CatBoost,4.194480170244788
fold_state_stratified,5,AGC_105,4.41,B03_C1_CatBoost,4.483189211850231
fold_state_stratified,5,AGC_114,3.0,B03_C1_CatBoost,3.0033211008255876
fold_state_stratified,5,AGC_123,2.5,B03_C1_CatBoost,3.147156052930958
fold_state_stratified,5,AGC_137,4.54,B03_C1_CatBoost,4.6076770145295995
fold_state_stratified,5,AGC_141,3.5,B03_C1_CatBoost,3.0623799417253394
fold_state_stratified,5,AGC_146,4.58,B03_C1_CatBoost,4.540774402028546
fold_state_stratified,5,AGC_162,5.59,B03_C1_CatBoost,4.574058634246057
fold_state_stratified,5,AGC_169,2.5,B03_C1_CatBoost,2.9564492550025534
fold_state_stratified,5,AGC_179,4.55,B03_C1_CatBoost,4.423509668890347
fold_state_stratified,5,AGC_184,4.47,B03_C1_CatBoost,4.304484903909952
fold_state_stratified,5,AGC_185,5.01,B03_C1_CatBoost,4.230903835469462
fold_state_stratified,5,AGC_189,4.03,B03_C1_CatBoost,4.106741101339139
fold_state_stratified,5,AGC_195,3.68,B03_C1_CatBoost,4.395773042108203
fold_state_stratified,5,AGC_001,3.5,B04_C0_Ridge,2.6741986826089956
fold_state_stratified,5,AGC_002,4.63,B04_C0_Ridge,4.653997465770784
fold_state_stratified,5,AGC_006,4.49,B04_C0_Ridge,4.293126111256284
fold_state_stratified,5,AGC_013,4.01,B04_C0_Ridge,4.463729336857436
fold_state_stratified,5,AGC_020,3.5,B04_C0_Ridge,3.14667068414452
fold_state_stratified,5,AGC_034,2.0,B04_C0_Ridge,3.4278277326135487
fold_state_stratified,5,AGC_035,4.68,B04_C0_Ridge,3.7941834341281075
fold_state_stratified,5,AGC_046,3.0,B04_C0_Ridge,2.6505589273614416
fold_state_stratified,5,AGC_057,4.55,B04_C0_Ridge,4.626703425351234
fold_state_stratified,5,AGC_060,4.52,B04_C0_Ridge,4.655070538850534
fold_state_stratified,5,AGC_084,4.54,B04_C0_Ridge,4.584078481870174
fold_state_stratified,5,AGC_092,4.57,B04_C0_Ridge,4.313705126938589
fold_state_stratified,5,AGC_096,4.59,B04_C0_Ridge,4.058850322967802
fold_state_stratified,5,AGC_101,4.57,B04_C0_Ridge,4.01224250182921
fold_state_stratified,5,AGC_105,4.41,B04_C0_Ridge,4.345242502029837
fold_state_stratified,5,AGC_114,3.0,B04_C0_Ridge,2.910974725261501
fold_state_stratified,5,AGC_123,2.5,B04_C0_Ridge,2.83047621327482
fold_state_stratified,5,AGC_137,4.54,B04_C0_Ridge,4.496384040917717
fold_state_stratified,5,AGC_141,3.5,B04_C0_Ridge,3.0623304362014974
fold_state_stratified,5,AGC_146,4.58,B04_C0_Ridge,4.276885097912324
fold_state_stratified,5,AGC_162,5.59,B04_C0_Ridge,4.459355369375416
fold_state_stratified,5,AGC_169,2.5,B04_C0_Ridge,2.8921267991551027
fold_state_stratified,5,AGC_179,4.55,B04_C0_Ridge,4.435718300594439
fold_state_stratified,5,AGC_184,4.47,B04_C0_Ridge,4.118371195949865
fold_state_stratified,5,AGC_185,5.01,B04_C0_Ridge,4.611208628541664
fold_state_stratified,5,AGC_189,4.03,B04_C0_Ridge,4.237881168860158
fold_state_stratified,5,AGC_195,3.68,B04_C0_Ridge,4.186985923454719
fold_state_stratified,5,AGC_001,3.5,B05_C3_PLS,2.5288861619001937
fold_state_stratified,5,AGC_002,4.63,B05_C3_PLS,4.5954747174815855
fold_state_stratified,5,AGC_006,4.49,B05_C3_PLS,4.124879681563644
fold_state_stratified,5,AGC_013,4.01,B05_C3_PLS,4.466066665348459
fold_state_stratified,5,AGC_020,3.5,B05_C3_PLS,2.9400430276389353
fold_state_stratified,5,AGC_034,2.0,B05_C3_PLS,3.368468901567626
fold_state_stratified,5,AGC_035,4.68,B05_C3_PLS,3.9911769662784904
fold_state_stratified,5,AGC_046,3.0,B05_C3_PLS,2.636987601371946
fold_state_stratified,5,AGC_057,4.55,B05_C3_PLS,4.637673429732928
fold_state_stratified,5,AGC_060,4.52,B05_C3_PLS,4.6179610163334655
fold_state_stratified,5,AGC_084,4.54,B05_C3_PLS,4.582882407333746
fold_state_stratified,5,AGC_092,4.57,B05_C3_PLS,4.274872146116019
fold_state_stratified,5,AGC_096,4.59,B05_C3_PLS,4.109771457293813
fold_state_stratified,5,AGC_101,4.57,B05_C3_PLS,4.183646179567386
fold_state_stratified,5,AGC_105,4.41,B05_C3_PLS,4.455280220402522
fold_state_stratified,5,AGC_114,3.0,B05_C3_PLS,2.815329074035764
fold_state_stratified,5,AGC_123,2.5,B05_C3_PLS,2.583677557054182
fold_state_stratified,5,AGC_137,4.54,B05_C3_PLS,4.551558183608439
fold_state_stratified,5,AGC_141,3.5,B05_C3_PLS,2.9751467409047803
fold_state_stratified,5,AGC_146,4.58,B05_C3_PLS,4.6016659430653934
fold_state_stratified,5,AGC_162,5.59,B05_C3_PLS,4.335810810638736
fold_state_stratified,5,AGC_169,2.5,B05_C3_PLS,2.9852645388886945
fold_state_stratified,5,AGC_179,4.55,B05_C3_PLS,4.4829749618203
fold_state_stratified,5,AGC_184,4.47,B05_C3_PLS,4.292822361405518
fold_state_stratified,5,AGC_185,5.01,B05_C3_PLS,4.489594288761873
fold_state_stratified,5,AGC_189,4.03,B05_C3_PLS,4.263167712502769
fold_state_stratified,5,AGC_195,3.68,B05_C3_PLS,4.127205680513917
fold_state_stratified,5,AGC_001,3.5,B06_C2_PLS,2.526900296705185
fold_state_stratified,5,AGC_002,4.63,B06_C2_PLS,4.604445000746592
fold_state_stratified,5,AGC_006,4.49,B06_C2_PLS,4.127062956591486
fold_state_stratified,5,AGC_013,4.01,B06_C2_PLS,4.463725526618853
fold_state_stratified,5,AGC_020,3.5,B06_C2_PLS,2.8944327518982265
fold_state_stratified,5,AGC_034,2.0,B06_C2_PLS,3.3971987627953633
fold_state_stratified,5,AGC_035,4.68,B06_C2_PLS,3.9555820116013702
fold_state_stratified,5,AGC_046,3.0,B06_C2_PLS,2.6861212738177915
fold_state_stratified,5,AGC_057,4.55,B06_C2_PLS,4.591508945172294
fold_state_stratified,5,AGC_060,4.52,B06_C2_PLS,4.684801826388119
fold_state_stratified,5,AGC_084,4.54,B06_C2_PLS,4.5504895459888886
fold_state_stratified,5,AGC_092,4.57,B06_C2_PLS,4.196964514200165
fold_state_stratified,5,AGC_096,4.59,B06_C2_PLS,4.049519513927793
fold_state_stratified,5,AGC_101,4.57,B06_C2_PLS,4.1773717856683845
fold_state_stratified,5,AGC_105,4.41,B06_C2_PLS,4.48243819390445
fold_state_stratified,5,AGC_114,3.0,B06_C2_PLS,2.8843130113166335
fold_state_stratified,5,AGC_123,2.5,B06_C2_PLS,2.6176992847209735
fold_state_stratified,5,AGC_137,4.54,B06_C2_PLS,4.6377877763018684
fold_state_stratified,5,AGC_141,3.5,B06_C2_PLS,2.9486507813584684
fold_state_stratified,5,AGC_146,4.58,B06_C2_PLS,4.688745438549185
fold_state_stratified,5,AGC_162,5.59,B06_C2_PLS,4.278970001416351
fold_state_stratified,5,AGC_169,2.5,B06_C2_PLS,2.954663536238152
fold_state_stratified,5,AGC_179,4.55,B06_C2_PLS,4.396299075281059
fold_state_stratified,5,AGC_184,4.47,B06_C2_PLS,4.397281887307875
fold_state_stratified,5,AGC_185,5.01,B06_C2_PLS,4.533338331050601
fold_state_stratified,5,AGC_189,4.03,B06_C2_PLS,4.336577583191485
fold_state_stratified,5,AGC_195,3.68,B06_C2_PLS,4.1642380755543975
fold_state_stratified,5,AGC_001,3.5,B07_C1_ExtraTrees,2.9469695833333334
fold_state_stratified,5,AGC_002,4.63,B07_C1_ExtraTrees,4.346523184523812
fold_state_stratified,5,AGC_006,4.49,B07_C1_ExtraTrees,4.423614166666666
fold_state_stratified,5,AGC_013,4.01,B07_C1_ExtraTrees,4.446742083333332
fold_state_stratified,5,AGC_020,3.5,B07_C1_ExtraTrees,3.271457142857141
fold_state_stratified,5,AGC_034,2.0,B07_C1_ExtraTrees,3.33831494047619
fold_state_stratified,5,AGC_035,4.68,B07_C1_ExtraTrees,3.8116087499999987
fold_state_stratified,5,AGC_046,3.0,B07_C1_ExtraTrees,2.8852082738095253
fold_state_stratified,5,AGC_057,4.55,B07_C1_ExtraTrees,4.774984374999995
fold_state_stratified,5,AGC_060,4.52,B07_C1_ExtraTrees,4.771025208333331
fold_state_stratified,5,AGC_084,4.54,B07_C1_ExtraTrees,4.3792509523809535
fold_state_stratified,5,AGC_092,4.57,B07_C1_ExtraTrees,4.329996190476189
fold_state_stratified,5,AGC_096,4.59,B07_C1_ExtraTrees,4.216739583333331
fold_state_stratified,5,AGC_101,4.57,B07_C1_ExtraTrees,4.123489940476192
fold_state_stratified,5,AGC_105,4.41,B07_C1_ExtraTrees,4.362081666666664
fold_state_stratified,5,AGC_114,3.0,B07_C1_ExtraTrees,2.8616007142857147
fold_state_stratified,5,AGC_123,2.5,B07_C1_ExtraTrees,2.9634515476190484
fold_state_stratified,5,AGC_137,4.54,B07_C1_ExtraTrees,4.506772797619053
fold_state_stratified,5,AGC_141,3.5,B07_C1_ExtraTrees,3.042875833333333
fold_state_stratified,5,AGC_146,4.58,B07_C1_ExtraTrees,4.3101
fold_state_stratified,5,AGC_162,5.59,B07_C1_ExtraTrees,4.5823780654761865
fold_state_stratified,5,AGC_169,2.5,B07_C1_ExtraTrees,2.880693749999998
fold_state_stratified,5,AGC_179,4.55,B07_C1_ExtraTrees,4.582881071428575
fold_state_stratified,5,AGC_184,4.47,B07_C1_ExtraTrees,4.219252500000001
fold_state_stratified,5,AGC_185,5.01,B07_C1_ExtraTrees,4.336557916666664
fold_state_stratified,5,AGC_189,4.03,B07_C1_ExtraTrees,3.9689520833333343
fold_state_stratified,5,AGC_195,3.68,B07_C1_ExtraTrees,4.359424583333334
fold_state_stratified,5,AGC_001,3.5,B08_C1_PLS,2.393899961490756
fold_state_stratified,5,AGC_002,4.63,B08_C1_PLS,4.755064725939894
fold_state_stratified,5,AGC_006,4.49,B08_C1_PLS,4.152460472518327
fold_state_stratified,5,AGC_013,4.01,B08_C1_PLS,4.462393429415567
fold_state_stratified,5,AGC_020,3.5,B08_C1_PLS,3.2540682383885784
fold_state_stratified,5,AGC_034,2.0,B08_C1_PLS,3.4695908850842154
fold_state_stratified,5,AGC_035,4.68,B08_C1_PLS,3.991936136176862
fold_state_stratified,5,AGC_046,3.0,B08_C1_PLS,2.676383627930239
fold_state_stratified,5,AGC_057,4.55,B08_C1_PLS,4.764820424078479
fold_state_stratified,5,AGC_060,4.52,B08_C1_PLS,4.6358841864648355
fold_state_stratified,5,AGC_084,4.54,B08_C1_PLS,4.766679956887234
fold_state_stratified,5,AGC_092,4.57,B08_C1_PLS,4.3445206557981875
fold_state_stratified,5,AGC_096,4.59,B08_C1_PLS,3.9560376728376845
fold_state_stratified,5,AGC_101,4.57,B08_C1_PLS,3.994842201515173
fold_state_stratified,5,AGC_105,4.41,B08_C1_PLS,4.566649029493432
fold_state_stratified,5,AGC_114,3.0,B08_C1_PLS,2.761484715553379
fold_state_stratified,5,AGC_123,2.5,B08_C1_PLS,2.631728347682184
fold_state_stratified,5,AGC_137,4.54,B08_C1_PLS,4.736591596598437
fold_state_stratified,5,AGC_141,3.5,B08_C1_PLS,2.9111193408650635
fold_state_stratified,5,AGC_146,4.58,B08_C1_PLS,4.478503154727453
fold_state_stratified,5,AGC_162,5.59,B08_C1_PLS,4.218069932319451
fold_state_stratified,5,AGC_169,2.5,B08_C1_PLS,3.042387994533892
fold_state_stratified,5,AGC_179,4.55,B08_C1_PLS,4.562131224200867
fold_state_stratified,5,AGC_184,4.47,B08_C1_PLS,4.359019743231987
fold_state_stratified,5,AGC_185,5.01,B08_C1_PLS,4.452151437172025
fold_state_stratified,5,AGC_189,4.03,B08_C1_PLS,4.15647837544436
fold_state_stratified,5,AGC_195,3.68,B08_C1_PLS,4.251375597488558
fold_state_stratified,5,AGC_001,3.5,B09_C0_PCA_Ridge,2.440223271815511
fold_state_stratified,5,AGC_002,4.63,B09_C0_PCA_Ridge,4.896854698538705
fold_state_stratified,5,AGC_006,4.49,B09_C0_PCA_Ridge,4.528849832023552
fold_state_stratified,5,AGC_013,4.01,B09_C0_PCA_Ridge,4.565490458956449
fold_state_stratified,5,AGC_020,3.5,B09_C0_PCA_Ridge,3.128376150424909
fold_state_stratified,5,AGC_034,2.0,B09_C0_PCA_Ridge,3.331460581120811
fold_state_stratified,5,AGC_035,4.68,B09_C0_PCA_Ridge,3.810255875457845
fold_state_stratified,5,AGC_046,3.0,B09_C0_PCA_Ridge,2.467546097873118
fold_state_stratified,5,AGC_057,4.55,B09_C0_PCA_Ridge,4.50712472526783
fold_state_stratified,5,AGC_060,4.52,B09_C0_PCA_Ridge,4.856676218506729
fold_state_stratified,5,AGC_084,4.54,B09_C0_PCA_Ridge,4.7384853493345
fold_state_stratified,5,AGC_092,4.57,B09_C0_PCA_Ridge,4.466741414822084
fold_state_stratified,5,AGC_096,4.59,B09_C0_PCA_Ridge,4.074815207609542
fold_state_stratified,5,AGC_101,4.57,B09_C0_PCA_Ridge,3.979533661825838
fold_state_stratified,5,AGC_105,4.41,B09_C0_PCA_Ridge,4.37561647027481
fold_state_stratified,5,AGC_114,3.0,B09_C0_PCA_Ridge,2.7752466348821736
fold_state_stratified,5,AGC_123,2.5,B09_C0_PCA_Ridge,3.00480802114787
fold_state_stratified,5,AGC_137,4.54,B09_C0_PCA_Ridge,4.5521174098896555
fold_state_stratified,5,AGC_141,3.5,B09_C0_PCA_Ridge,3.082767905509847
fold_state_stratified,5,AGC_146,4.58,B09_C0_PCA_Ridge,3.8598060805382923
fold_state_stratified,5,AGC_162,5.59,B09_C0_PCA_Ridge,4.574048279643884
fold_state_stratified,5,AGC_169,2.5,B09_C0_PCA_Ridge,2.7622720413492905
fold_state_stratified,5,AGC_179,4.55,B09_C0_PCA_Ridge,4.411966064137361
fold_state_stratified,5,AGC_184,4.47,B09_C0_PCA_Ridge,3.8707337921152614
fold_state_stratified,5,AGC_185,5.01,B09_C0_PCA_Ridge,4.561892171566123
fold_state_stratified,5,AGC_189,4.03,B09_C0_PCA_Ridge,4.2095399118410555
fold_state_stratified,5,AGC_195,3.68,B09_C0_PCA_Ridge,4.3199485255648415
fold_state_stratified,5,AGC_001,3.5,B10_C1_PCA_Ridge,2.497069197574769
fold_state_stratified,5,AGC_002,4.63,B10_C1_PCA_Ridge,4.745194960473529
fold_state_stratified,5,AGC_006,4.49,B10_C1_PCA_Ridge,4.276754367047252
fold_state_stratified,5,AGC_013,4.01,B10_C1_PCA_Ridge,4.3575133368664085
fold_state_stratified,5,AGC_020,3.5,B10_C1_PCA_Ridge,3.4316872697648018
fold_state_stratified,5,AGC_034,2.0,B10_C1_PCA_Ridge,3.430480027285533
fold_state_stratified,5,AGC_035,4.68,B10_C1_PCA_Ridge,3.7840047594132793
fold_state_stratified,5,AGC_046,3.0,B10_C1_PCA_Ridge,2.77320763860848
fold_state_stratified,5,AGC_057,4.55,B10_C1_PCA_Ridge,4.922096512254709
fold_state_stratified,5,AGC_060,4.52,B10_C1_PCA_Ridge,4.645764587896297
fold_state_stratified,5,AGC_084,4.54,B10_C1_PCA_Ridge,4.752438495482928
fold_state_stratified,5,AGC_092,4.57,B10_C1_PCA_Ridge,4.351537008212255
fold_state_stratified,5,AGC_096,4.59,B10_C1_PCA_Ridge,4.0240121593320675
fold_state_stratified,5,AGC_101,4.57,B10_C1_PCA_Ridge,4.047001742200133
fold_state_stratified,5,AGC_105,4.41,B10_C1_PCA_Ridge,4.445708496804667
fold_state_stratified,5,AGC_114,3.0,B10_C1_PCA_Ridge,2.874406615410848
fold_state_stratified,5,AGC_123,2.5,B10_C1_PCA_Ridge,2.7260601741897714
fold_state_stratified,5,AGC_137,4.54,B10_C1_PCA_Ridge,4.79471432062625
fold_state_stratified,5,AGC_141,3.5,B10_C1_PCA_Ridge,2.841328215291729
fold_state_stratified,5,AGC_146,4.58,B10_C1_PCA_Ridge,4.467404707223631
fold_state_stratified,5,AGC_162,5.59,B10_C1_PCA_Ridge,4.522174778437278
fold_state_stratified,5,AGC_169,2.5,B10_C1_PCA_Ridge,2.9662489720329144
fold_state_stratified,5,AGC_179,4.55,B10_C1_PCA_Ridge,4.556147582760627
fold_state_stratified,5,AGC_184,4.47,B10_C1_PCA_Ridge,4.309739202334157
fold_state_stratified,5,AGC_185,5.01,B10_C1_PCA_Ridge,4.391407165888215
fold_state_stratified,5,AGC_189,4.03,B10_C1_PCA_Ridge,4.121339622494583
fold_state_stratified,5,AGC_195,3.68,B10_C1_PCA_Ridge,4.244368863950585
fold_municipality_grouped,1,AGC_001,3.5,B01_C0_PLS,2.9666982265025577
fold_municipality_grouped,1,AGC_004,3.0,B01_C0_PLS,3.489778309503095
fold_municipality_grouped,1,AGC_019,3.0,B01_C0_PLS,2.9714725298171083
fold_municipality_grouped,1,AGC_020,3.5,B01_C0_PLS,3.159809476531064
fold_municipality_grouped,1,AGC_023,3.0,B01_C0_PLS,3.5279340902544183
fold_municipality_grouped,1,AGC_037,3.5,B01_C0_PLS,3.479812711457491
fold_municipality_grouped,1,AGC_040,3.0,B01_C0_PLS,3.3982493353978187
fold_municipality_grouped,1,AGC_044,3.5,B01_C0_PLS,3.1477441390918584
fold_municipality_grouped,1,AGC_046,3.0,B01_C0_PLS,2.885220209213776
fold_municipality_grouped,1,AGC_053,3.5,B01_C0_PLS,3.6095044351583336
fold_municipality_grouped,1,AGC_054,2.5,B01_C0_PLS,3.087029921871352
fold_municipality_grouped,1,AGC_058,2.5,B01_C0_PLS,3.461691067357002
fold_municipality_grouped,1,AGC_066,3.0,B01_C0_PLS,3.3465723587897998
fold_municipality_grouped,1,AGC_068,2.5,B01_C0_PLS,3.521019204275905
fold_municipality_grouped,1,AGC_074,2.5,B01_C0_PLS,3.1221272158389874
fold_municipality_grouped,1,AGC_098,3.0,B01_C0_PLS,3.5780796026565174
fold_municipality_grouped,1,AGC_099,3.5,B01_C0_PLS,3.7213473883846677
fold_municipality_grouped,1,AGC_103,3.0,B01_C0_PLS,2.861813779118344
fold_municipality_grouped,1,AGC_112,3.0,B01_C0_PLS,3.3811799467705215
fold_municipality_grouped,1,AGC_114,3.0,B01_C0_PLS,3.091976015043554
fold_municipality_grouped,1,AGC_117,3.5,B01_C0_PLS,3.84879669773939
fold_municipality_grouped,1,AGC_122,3.5,B01_C0_PLS,2.95585038101773
fold_municipality_grouped,1,AGC_123,2.5,B01_C0_PLS,2.86708288033641
fold_municipality_grouped,1,AGC_138,2.5,B01_C0_PLS,3.6865081969263085
fold_municipality_grouped,1,AGC_141,3.5,B01_C0_PLS,3.3438698196449925
fold_municipality_grouped,1,AGC_144,2.5,B01_C0_PLS,3.025456820637812
fold_municipality_grouped,1,AGC_145,3.5,B01_C0_PLS,3.110020971199891
fold_municipality_grouped,1,AGC_157,3.0,B01_C0_PLS,3.4306803960659193
fold_municipality_grouped,1,AGC_163,3.0,B01_C0_PLS,3.3240802619405168
fold_municipality_grouped,1,AGC_169,2.5,B01_C0_PLS,3.261055043008222
fold_municipality_grouped,1,AGC_170,3.0,B01_C0_PLS,3.565875560891432
fold_municipality_grouped,1,AGC_187,3.0,B01_C0_PLS,3.354828667503411
fold_municipality_grouped,1,AGC_196,3.5,B01_C0_PLS,3.5076576409272846
fold_municipality_grouped,1,AGC_001,3.5,B02_C3_Ridge,2.3273669989422796
fold_municipality_grouped,1,AGC_004,3.0,B02_C3_Ridge,3.2740579257398124
fold_municipality_grouped,1,AGC_019,3.0,B02_C3_Ridge,2.769931524163465
fold_municipality_grouped,1,AGC_020,3.5,B02_C3_Ridge,3.2335564433040522
fold_municipality_grouped,1,AGC_023,3.0,B02_C3_Ridge,3.5116541700207478
fold_municipality_grouped,1,AGC_037,3.5,B02_C3_Ridge,3.305996560822621
fold_municipality_grouped,1,AGC_040,3.0,B02_C3_Ridge,3.279938759047117
fold_municipality_grouped,1,AGC_044,3.5,B02_C3_Ridge,3.238873624213036
fold_municipality_grouped,1,AGC_046,3.0,B02_C3_Ridge,2.5924234274335354
fold_municipality_grouped,1,AGC_053,3.5,B02_C3_Ridge,3.4541706676980217
fold_municipality_grouped,1,AGC_054,2.5,B02_C3_Ridge,2.6404466502729536
fold_municipality_grouped,1,AGC_058,2.5,B02_C3_Ridge,3.2979725926489056
fold_municipality_grouped,1,AGC_066,3.0,B02_C3_Ridge,3.3628397381421298
fold_municipality_grouped,1,AGC_068,2.5,B02_C3_Ridge,3.175516862239625
fold_municipality_grouped,1,AGC_074,2.5,B02_C3_Ridge,2.5893732589706375
fold_municipality_grouped,1,AGC_098,3.0,B02_C3_Ridge,2.650759490044721
fold_municipality_grouped,1,AGC_099,3.5,B02_C3_Ridge,3.6483986639791457
fold_municipality_grouped,1,AGC_103,3.0,B02_C3_Ridge,2.5413996565025827
fold_municipality_grouped,1,AGC_112,3.0,B02_C3_Ridge,3.2717764435832315
fold_municipality_grouped,1,AGC_114,3.0,B02_C3_Ridge,2.7189043477944668
fold_municipality_grouped,1,AGC_117,3.5,B02_C3_Ridge,3.6060725372344367
fold_municipality_grouped,1,AGC_122,3.5,B02_C3_Ridge,2.3230948425038718
fold_municipality_grouped,1,AGC_123,2.5,B02_C3_Ridge,2.5290862421370295
fold_municipality_grouped,1,AGC_138,2.5,B02_C3_Ridge,3.552418113085394
fold_municipality_grouped,1,AGC_141,3.5,B02_C3_Ridge,3.0765239016507064
fold_municipality_grouped,1,AGC_144,2.5,B02_C3_Ridge,2.752900068156469
fold_municipality_grouped,1,AGC_145,3.5,B02_C3_Ridge,2.721206630047226
fold_municipality_grouped,1,AGC_157,3.0,B02_C3_Ridge,3.1100405484948324
fold_municipality_grouped,1,AGC_163,3.0,B02_C3_Ridge,2.9678223700131077
fold_municipality_grouped,1,AGC_169,2.5,B02_C3_Ridge,3.079699603886898
fold_municipality_grouped,1,AGC_170,3.0,B02_C3_Ridge,3.647801953465369
fold_municipality_grouped,1,AGC_187,3.0,B02_C3_Ridge,3.4374341296429787
fold_municipality_grouped,1,AGC_196,3.5,B02_C3_Ridge,3.6439435772763917
fold_municipality_grouped,1,AGC_001,3.5,B03_C1_CatBoost,3.077461989388212
fold_municipality_grouped,1,AGC_004,3.0,B03_C1_CatBoost,3.581658550281645
fold_municipality_grouped,1,AGC_019,3.0,B03_C1_CatBoost,3.1724009481990834
fold_municipality_grouped,1,AGC_020,3.5,B03_C1_CatBoost,3.5179918099988754
fold_municipality_grouped,1,AGC_023,3.0,B03_C1_CatBoost,3.3530623752749307
fold_municipality_grouped,1,AGC_037,3.5,B03_C1_CatBoost,3.3558320348151938
fold_municipality_grouped,1,AGC_040,3.0,B03_C1_CatBoost,3.5086376469862444
fold_municipality_grouped,1,AGC_044,3.5,B03_C1_CatBoost,3.3395891291920634
fold_municipality_grouped,1,AGC_046,3.0,B03_C1_CatBoost,2.8959808097238238
fold_municipality_grouped,1,AGC_053,3.5,B03_C1_CatBoost,3.4807210907790704
fold_municipality_grouped,1,AGC_054,2.5,B03_C1_CatBoost,2.780190473782568
fold_municipality_grouped,1,AGC_058,2.5,B03_C1_CatBoost,3.3183003603498946
fold_municipality_grouped,1,AGC_066,3.0,B03_C1_CatBoost,3.4985057665908244
fold_municipality_grouped,1,AGC_068,2.5,B03_C1_CatBoost,3.2336692662647692
fold_municipality_grouped,1,AGC_074,2.5,B03_C1_CatBoost,3.205126961586757
fold_municipality_grouped,1,AGC_098,3.0,B03_C1_CatBoost,3.061366633896796
fold_municipality_grouped,1,AGC_099,3.5,B03_C1_CatBoost,3.6192383652660283
fold_municipality_grouped,1,AGC_103,3.0,B03_C1_CatBoost,3.2098432754996793
fold_municipality_grouped,1,AGC_112,3.0,B03_C1_CatBoost,3.229922944989994
fold_municipality_grouped,1,AGC_114,3.0,B03_C1_CatBoost,2.9704286957990007
fold_municipality_grouped,1,AGC_117,3.5,B03_C1_CatBoost,3.5131848420942333
fold_municipality_grouped,1,AGC_122,3.5,B03_C1_CatBoost,3.1903496946342784
fold_municipality_grouped,1,AGC_123,2.5,B03_C1_CatBoost,2.7937043033298323
fold_municipality_grouped,1,AGC_138,2.5,B03_C1_CatBoost,3.4962146423004015
fold_municipality_grouped,1,AGC_141,3.5,B03_C1_CatBoost,3.296023763974972
fold_municipality_grouped,1,AGC_144,2.5,B03_C1_CatBoost,2.8186556013072277
fold_municipality_grouped,1,AGC_145,3.5,B03_C1_CatBoost,2.7650114652997217
fold_municipality_grouped,1,AGC_157,3.0,B03_C1_CatBoost,3.466474183232094
fold_municipality_grouped,1,AGC_163,3.0,B03_C1_CatBoost,3.398643870588785
fold_municipality_grouped,1,AGC_169,2.5,B03_C1_CatBoost,3.4834843804237607
fold_municipality_grouped,1,AGC_170,3.0,B03_C1_CatBoost,3.2717813567787744
fold_municipality_grouped,1,AGC_187,3.0,B03_C1_CatBoost,3.2981504827976096
fold_municipality_grouped,1,AGC_196,3.5,B03_C1_CatBoost,3.4990383340341396
fold_municipality_grouped,1,AGC_001,3.5,B04_C0_Ridge,2.749512347802858
fold_municipality_grouped,1,AGC_004,3.0,B04_C0_Ridge,3.4202485021999713
fold_municipality_grouped,1,AGC_019,3.0,B04_C0_Ridge,2.901481132823172
fold_municipality_grouped,1,AGC_020,3.5,B04_C0_Ridge,3.2000901239684745
fold_municipality_grouped,1,AGC_023,3.0,B04_C0_Ridge,3.589701886528279
fold_municipality_grouped,1,AGC_037,3.5,B04_C0_Ridge,3.3968168036755073
fold_municipality_grouped,1,AGC_040,3.0,B04_C0_Ridge,3.3606922887727864
fold_municipality_grouped,1,AGC_044,3.5,B04_C0_Ridge,3.247267287113473
fold_municipality_grouped,1,AGC_046,3.0,B04_C0_Ridge,2.75877381888077
fold_municipality_grouped,1,AGC_053,3.5,B04_C0_Ridge,3.591010517299151
fold_municipality_grouped,1,AGC_054,2.5,B04_C0_Ridge,2.8868167690477637
fold_municipality_grouped,1,AGC_058,2.5,B04_C0_Ridge,3.4015333163951014
fold_municipality_grouped,1,AGC_066,3.0,B04_C0_Ridge,3.4051483834059906
fold_municipality_grouped,1,AGC_068,2.5,B04_C0_Ridge,3.306746835887766
fold_municipality_grouped,1,AGC_074,2.5,B04_C0_Ridge,2.921304569160882
fold_municipality_grouped,1,AGC_098,3.0,B04_C0_Ridge,3.151747348837432
fold_municipality_grouped,1,AGC_099,3.5,B04_C0_Ridge,3.7620913296603766
fold_municipality_grouped,1,AGC_103,3.0,B04_C0_Ridge,2.6976535030939095
fold_municipality_grouped,1,AGC_112,3.0,B04_C0_Ridge,3.360913429528053
fold_municipality_grouped,1,AGC_114,3.0,B04_C0_Ridge,2.9355048440721303
fold_municipality_grouped,1,AGC_117,3.5,B04_C0_Ridge,3.7545105968023496
fold_municipality_grouped,1,AGC_122,3.5,B04_C0_Ridge,2.700150517664731
fold_municipality_grouped,1,AGC_123,2.5,B04_C0_Ridge,2.801347829653457
fold_municipality_grouped,1,AGC_138,2.5,B04_C0_Ridge,3.646723954418019
fold_municipality_grouped,1,AGC_141,3.5,B04_C0_Ridge,3.3036702535339364
fold_municipality_grouped,1,AGC_144,2.5,B04_C0_Ridge,2.9668568733960314
fold_municipality_grouped,1,AGC_145,3.5,B04_C0_Ridge,3.0303244415632813
fold_municipality_grouped,1,AGC_157,3.0,B04_C0_Ridge,3.3565566237076148
fold_municipality_grouped,1,AGC_163,3.0,B04_C0_Ridge,3.1926282307042753
fold_municipality_grouped,1,AGC_169,2.5,B04_C0_Ridge,3.1667747757498446
fold_municipality_grouped,1,AGC_170,3.0,B04_C0_Ridge,3.692502612303133
fold_municipality_grouped,1,AGC_187,3.0,B04_C0_Ridge,3.473120476006306
fold_municipality_grouped,1,AGC_196,3.5,B04_C0_Ridge,3.5908048965233195
fold_municipality_grouped,1,AGC_001,3.5,B05_C3_PLS,2.7257407797425155
fold_municipality_grouped,1,AGC_004,3.0,B05_C3_PLS,3.486428557557672
fold_municipality_grouped,1,AGC_019,3.0,B05_C3_PLS,2.982696087938325
fold_municipality_grouped,1,AGC_020,3.5,B05_C3_PLS,3.2940876597896533
fold_municipality_grouped,1,AGC_023,3.0,B05_C3_PLS,3.668565580473696
fold_municipality_grouped,1,AGC_037,3.5,B05_C3_PLS,3.5695732820041535
fold_municipality_grouped,1,AGC_040,3.0,B05_C3_PLS,3.5060867538013385
fold_municipality_grouped,1,AGC_044,3.5,B05_C3_PLS,3.2955908397097504
fold_municipality_grouped,1,AGC_046,3.0,B05_C3_PLS,2.8908583655600397
fold_municipality_grouped,1,AGC_053,3.5,B05_C3_PLS,3.6392417666930994
fold_municipality_grouped,1,AGC_054,2.5,B05_C3_PLS,3.0628145677207206
fold_municipality_grouped,1,AGC_058,2.5,B05_C3_PLS,3.4948279828491033
fold_municipality_grouped,1,AGC_066,3.0,B05_C3_PLS,3.431928773276451
fold_municipality_grouped,1,AGC_068,2.5,B05_C3_PLS,3.5422735417051943
fold_municipality_grouped,1,AGC_074,2.5,B05_C3_PLS,2.882038303417039
fold_municipality_grouped,1,AGC_098,3.0,B05_C3_PLS,3.227364201879366
fold_municipality_grouped,1,AGC_099,3.5,B05_C3_PLS,3.810233913165904
fold_municipality_grouped,1,AGC_103,3.0,B05_C3_PLS,2.858523878649941
fold_municipality_grouped,1,AGC_112,3.0,B05_C3_PLS,3.4736695716051127
fold_municipality_grouped,1,AGC_114,3.0,B05_C3_PLS,3.0131655931528605
fold_municipality_grouped,1,AGC_117,3.5,B05_C3_PLS,3.867371546216137
fold_municipality_grouped,1,AGC_122,3.5,B05_C3_PLS,2.7350805086030987
fold_municipality_grouped,1,AGC_123,2.5,B05_C3_PLS,2.7888859363769263
fold_municipality_grouped,1,AGC_138,2.5,B05_C3_PLS,3.757040474105944
fold_municipality_grouped,1,AGC_141,3.5,B05_C3_PLS,3.3384679926469323
fold_municipality_grouped,1,AGC_144,2.5,B05_C3_PLS,3.0019333980400225
fold_municipality_grouped,1,AGC_145,3.5,B05_C3_PLS,2.960941901678024
fold_municipality_grouped,1,AGC_157,3.0,B05_C3_PLS,3.447057341349512
fold_municipality_grouped,1,AGC_163,3.0,B05_C3_PLS,3.3272752483757815
fold_municipality_grouped,1,AGC_169,2.5,B05_C3_PLS,3.3584905502085878
fold_municipality_grouped,1,AGC_170,3.0,B05_C3_PLS,3.6761797251255777
fold_municipality_grouped,1,AGC_187,3.0,B05_C3_PLS,3.4752529917290356
fold_municipality_grouped,1,AGC_196,3.5,B05_C3_PLS,3.5900267159636607
fold_municipality_grouped,1,AGC_001,3.5,B06_C2_PLS,2.8071974651479508
fold_municipality_grouped,1,AGC_004,3.0,B06_C2_PLS,3.5095495611939196
fold_municipality_grouped,1,AGC_019,3.0,B06_C2_PLS,2.934289520604647
fold_municipality_grouped,1,AGC_020,3.5,B06_C2_PLS,3.1899948132714973
fold_municipality_grouped,1,AGC_023,3.0,B06_C2_PLS,3.693837883566127
fold_municipality_grouped,1,AGC_037,3.5,B06_C2_PLS,3.643848118694716
fold_municipality_grouped,1,AGC_040,3.0,B06_C2_PLS,3.5374996271804506
fold_municipality_grouped,1,AGC_044,3.5,B06_C2_PLS,3.25613561941487
fold_municipality_grouped,1,AGC_046,3.0,B06_C2_PLS,2.970611652386647
fold_municipality_grouped,1,AGC_053,3.5,B06_C2_PLS,3.6838033841812368
fold_municipality_grouped,1,AGC_054,2.5,B06_C2_PLS,3.1454910046929516
fold_municipality_grouped,1,AGC_058,2.5,B06_C2_PLS,3.53547591393163
fold_municipality_grouped,1,AGC_066,3.0,B06_C2_PLS,3.45943233669379
fold_municipality_grouped,1,AGC_068,2.5,B06_C2_PLS,3.5882999214388227
fold_municipality_grouped,1,AGC_074,2.5,B06_C2_PLS,2.8881508241101166
fold_municipality_grouped,1,AGC_098,3.0,B06_C2_PLS,3.274393264889996
fold_municipality_grouped,1,AGC_099,3.5,B06_C2_PLS,3.810320666181844
fold_municipality_grouped,1,AGC_103,3.0,B06_C2_PLS,2.812616235977387
fold_municipality_grouped,1,AGC_112,3.0,B06_C2_PLS,3.5296385202255394
fold_municipality_grouped,1,AGC_114,3.0,B06_C2_PLS,3.1053234423345066
fold_municipality_grouped,1,AGC_117,3.5,B06_C2_PLS,3.9124507753074886
fold_municipality_grouped,1,AGC_122,3.5,B06_C2_PLS,2.7445355926955317
fold_municipality_grouped,1,AGC_123,2.5,B06_C2_PLS,2.8273881445521334
fold_municipality_grouped,1,AGC_138,2.5,B06_C2_PLS,3.8730847116826483
fold_municipality_grouped,1,AGC_141,3.5,B06_C2_PLS,3.393560744960938
fold_municipality_grouped,1,AGC_144,2.5,B06_C2_PLS,3.010986321590611
fold_municipality_grouped,1,AGC_145,3.5,B06_C2_PLS,2.9539694753075985
fold_municipality_grouped,1,AGC_157,3.0,B06_C2_PLS,3.5364870662925103
fold_municipality_grouped,1,AGC_163,3.0,B06_C2_PLS,3.408197848748747
fold_municipality_grouped,1,AGC_169,2.5,B06_C2_PLS,3.3935019675843514
fold_municipality_grouped,1,AGC_170,3.0,B06_C2_PLS,3.7124870272669743
fold_municipality_grouped,1,AGC_187,3.0,B06_C2_PLS,3.4515761352868926
fold_municipality_grouped,1,AGC_196,3.5,B06_C2_PLS,3.473778054932846
fold_municipality_grouped,1,AGC_001,3.5,B07_C1_ExtraTrees,3.0376524999999996
fold_municipality_grouped,1,AGC_004,3.0,B07_C1_ExtraTrees,3.7386854166666605
fold_municipality_grouped,1,AGC_019,3.0,B07_C1_ExtraTrees,3.369324999999997
fold_municipality_grouped,1,AGC_020,3.5,B07_C1_ExtraTrees,3.7056291666666623
fold_municipality_grouped,1,AGC_023,3.0,B07_C1_ExtraTrees,3.625072499999994
fold_municipality_grouped,1,AGC_037,3.5,B07_C1_ExtraTrees,3.784784999999994
fold_municipality_grouped,1,AGC_040,3.0,B07_C1_ExtraTrees,3.709094999999996
fold_municipality_grouped,1,AGC_044,3.5,B07_C1_ExtraTrees,3.65253416666666
fold_municipality_grouped,1,AGC_046,3.0,B07_C1_ExtraTrees,3.386649999999997
fold_municipality_grouped,1,AGC_053,3.5,B07_C1_ExtraTrees,3.7370199999999936
fold_municipality_grouped,1,AGC_054,2.5,B07_C1_ExtraTrees,3.1792070833333317
fold_municipality_grouped,1,AGC_058,2.5,B07_C1_ExtraTrees,3.769984999999994
fold_municipality_grouped,1,AGC_066,3.0,B07_C1_ExtraTrees,3.74509041666666
fold_municipality_grouped,1,AGC_068,2.5,B07_C1_ExtraTrees,3.7286187499999954
fold_municipality_grouped,1,AGC_074,2.5,B07_C1_ExtraTrees,3.2204349999999975
fold_municipality_grouped,1,AGC_098,3.0,B07_C1_ExtraTrees,3.043341249999999
fold_municipality_grouped,1,AGC_099,3.5,B07_C1_ExtraTrees,3.8038195833333277
fold_municipality_grouped,1,AGC_103,3.0,B07_C1_ExtraTrees,3.3703987499999988
fold_municipality_grouped,1,AGC_112,3.0,B07_C1_ExtraTrees,3.6974245833333295
fold_municipality_grouped,1,AGC_114,3.0,B07_C1_ExtraTrees,3.3604916666666633
fold_municipality_grouped,1,AGC_117,3.5,B07_C1_ExtraTrees,3.775231249999994
fold_municipality_grouped,1,AGC_122,3.5,B07_C1_ExtraTrees,3.1317474999999955
fold_municipality_grouped,1,AGC_123,2.5,B07_C1_ExtraTrees,2.9315116666666636
fold_municipality_grouped,1,AGC_138,2.5,B07_C1_ExtraTrees,3.727512916666661
fold_municipality_grouped,1,AGC_141,3.5,B07_C1_ExtraTrees,3.5443891666666594
fold_municipality_grouped,1,AGC_144,2.5,B07_C1_ExtraTrees,3.267397083333329
fold_municipality_grouped,1,AGC_145,3.5,B07_C1_ExtraTrees,2.9795054166666635
fold_municipality_grouped,1,AGC_157,3.0,B07_C1_ExtraTrees,3.595074999999994
fold_municipality_grouped,1,AGC_163,3.0,B07_C1_ExtraTrees,3.5921195833333264
fold_municipality_grouped,1,AGC_169,2.5,B07_C1_ExtraTrees,3.8220349999999956
fold_municipality_grouped,1,AGC_170,3.0,B07_C1_ExtraTrees,3.7342233333333272
fold_municipality_grouped,1,AGC_187,3.0,B07_C1_ExtraTrees,3.6303479166666612
fold_municipality_grouped,1,AGC_196,3.5,B07_C1_ExtraTrees,3.6831666666666614
fold_municipality_grouped,1,AGC_001,3.5,B08_C1_PLS,1.3321926512699656
fold_municipality_grouped,1,AGC_004,3.0,B08_C1_PLS,3.101208682780947
fold_municipality_grouped,1,AGC_019,3.0,B08_C1_PLS,2.4987430531175097
fold_municipality_grouped,1,AGC_020,3.5,B08_C1_PLS,3.1689194662320794
fold_municipality_grouped,1,AGC_023,3.0,B08_C1_PLS,3.298912568786035
fold_municipality_grouped,1,AGC_037,3.5,B08_C1_PLS,3.0449254853599235
fold_municipality_grouped,1,AGC_040,3.0,B08_C1_PLS,2.6822354431054354
fold_municipality_grouped,1,AGC_044,3.5,B08_C1_PLS,3.1070749019392765
fold_municipality_grouped,1,AGC_046,3.0,B08_C1_PLS,2.395358838378182
fold_municipality_grouped,1,AGC_053,3.5,B08_C1_PLS,2.9035881409399384
fold_municipality_grouped,1,AGC_054,2.5,B08_C1_PLS,2.345542654553471
fold_municipality_grouped,1,AGC_058,2.5,B08_C1_PLS,2.9903708867854744
fold_municipality_grouped,1,AGC_066,3.0,B08_C1_PLS,3.0947765704050334
fold_municipality_grouped,1,AGC_068,2.5,B08_C1_PLS,2.840751142989429
fold_municipality_grouped,1,AGC_074,2.5,B08_C1_PLS,1.7738371949534484
fold_municipality_grouped,1,AGC_098,3.0,B08_C1_PLS,1.465618131931179
fold_municipality_grouped,1,AGC_099,3.5,B08_C1_PLS,2.9752248082203376
fold_municipality_grouped,1,AGC_103,3.0,B08_C1_PLS,2.3458599247055614
fold_municipality_grouped,1,AGC_112,3.0,B08_C1_PLS,2.947382509949193
fold_municipality_grouped,1,AGC_114,3.0,B08_C1_PLS,2.2974994462048786
fold_municipality_grouped,1,AGC_117,3.5,B08_C1_PLS,3.0247789910290424
fold_municipality_grouped,1,AGC_122,3.5,B08_C1_PLS,1.5260754382371506
fold_municipality_grouped,1,AGC_123,2.5,B08_C1_PLS,1.9157900903578344
fold_municipality_grouped,1,AGC_138,2.5,B08_C1_PLS,3.32326274434235
fold_municipality_grouped,1,AGC_141,3.5,B08_C1_PLS,2.3570903666653455
fold_municipality_grouped,1,AGC_144,2.5,B08_C1_PLS,2.335858256065182
fold_municipality_grouped,1,AGC_145,3.5,B08_C1_PLS,1.9082402324648844
fold_municipality_grouped,1,AGC_157,3.0,B08_C1_PLS,2.362939899346641
fold_municipality_grouped,1,AGC_163,3.0,B08_C1_PLS,2.4430746953020166
fold_municipality_grouped,1,AGC_169,2.5,B08_C1_PLS,2.7708593359347224
fold_municipality_grouped,1,AGC_170,3.0,B08_C1_PLS,3.321494737167172
fold_municipality_grouped,1,AGC_187,3.0,B08_C1_PLS,3.189852459332049
fold_municipality_grouped,1,AGC_196,3.5,B08_C1_PLS,3.453052671553716
fold_municipality_grouped,1,AGC_001,3.5,B09_C0_PCA_Ridge,2.800073396083042
fold_municipality_grouped,1,AGC_004,3.0,B09_C0_PCA_Ridge,3.4048329432021838
fold_municipality_grouped,1,AGC_019,3.0,B09_C0_PCA_Ridge,2.9305745423946177
fold_municipality_grouped,1,AGC_020,3.5,B09_C0_PCA_Ridge,3.2495836713012043
fold_municipality_grouped,1,AGC_023,3.0,B09_C0_PCA_Ridge,3.62847771980501
fold_municipality_grouped,1,AGC_037,3.5,B09_C0_PCA_Ridge,3.4877091086028287
fold_municipality_grouped,1,AGC_040,3.0,B09_C0_PCA_Ridge,3.375633337991435
fold_municipality_grouped,1,AGC_044,3.5,B09_C0_PCA_Ridge,3.31773988850148
fold_municipality_grouped,1,AGC_046,3.0,B09_C0_PCA_Ridge,2.9210952786450815
fold_municipality_grouped,1,AGC_053,3.5,B09_C0_PCA_Ridge,3.528419482625304
fold_municipality_grouped,1,AGC_054,2.5,B09_C0_PCA_Ridge,3.0135767454731797
fold_municipality_grouped,1,AGC_058,2.5,B09_C0_PCA_Ridge,3.5083209916072096
fold_municipality_grouped,1,AGC_066,3.0,B09_C0_PCA_Ridge,3.381498926738244
fold_municipality_grouped,1,AGC_068,2.5,B09_C0_PCA_Ridge,3.3071813256595504
fold_municipality_grouped,1,AGC_074,2.5,B09_C0_PCA_Ridge,2.959142744263449
fold_municipality_grouped,1,AGC_098,3.0,B09_C0_PCA_Ridge,3.211081922179331
fold_municipality_grouped,1,AGC_099,3.5,B09_C0_PCA_Ridge,3.7909495377840443
fold_municipality_grouped,1,AGC_103,3.0,B09_C0_PCA_Ridge,2.8100081152183267
fold_municipality_grouped,1,AGC_112,3.0,B09_C0_PCA_Ridge,3.4251835711294722
fold_municipality_grouped,1,AGC_114,3.0,B09_C0_PCA_Ridge,3.0590095827824446
fold_municipality_grouped,1,AGC_117,3.5,B09_C0_PCA_Ridge,3.7402609981292745
fold_municipality_grouped,1,AGC_122,3.5,B09_C0_PCA_Ridge,2.7741564934747043
fold_municipality_grouped,1,AGC_123,2.5,B09_C0_PCA_Ridge,2.899013844374823
fold_municipality_grouped,1,AGC_138,2.5,B09_C0_PCA_Ridge,3.6356965571888495
fold_municipality_grouped,1,AGC_141,3.5,B09_C0_PCA_Ridge,3.3264450904290594
fold_municipality_grouped,1,AGC_144,2.5,B09_C0_PCA_Ridge,3.058053804249997
fold_municipality_grouped,1,AGC_145,3.5,B09_C0_PCA_Ridge,3.121982688104897
fold_municipality_grouped,1,AGC_157,3.0,B09_C0_PCA_Ridge,3.4009865373417547
fold_municipality_grouped,1,AGC_163,3.0,B09_C0_PCA_Ridge,3.2529889001901466
fold_municipality_grouped,1,AGC_169,2.5,B09_C0_PCA_Ridge,3.2019500925765163
fold_municipality_grouped,1,AGC_170,3.0,B09_C0_PCA_Ridge,3.637665899118235
fold_municipality_grouped,1,AGC_187,3.0,B09_C0_PCA_Ridge,3.424900706084654
fold_municipality_grouped,1,AGC_196,3.5,B09_C0_PCA_Ridge,3.555256596856857
fold_municipality_grouped,1,AGC_001,3.5,B10_C1_PCA_Ridge,1.4161491060019484
fold_municipality_grouped,1,AGC_004,3.0,B10_C1_PCA_Ridge,3.244317415136098
fold_municipality_grouped,1,AGC_019,3.0,B10_C1_PCA_Ridge,2.652194685870362
fold_municipality_grouped,1,AGC_020,3.5,B10_C1_PCA_Ridge,3.344247194499242
fold_municipality_grouped,1,AGC_023,3.0,B10_C1_PCA_Ridge,3.61041735284022
fold_municipality_grouped,1,AGC_037,3.5,B10_C1_PCA_Ridge,3.204384647807614
fold_municipality_grouped,1,AGC_040,3.0,B10_C1_PCA_Ridge,2.9729770231807757
fold_municipality_grouped,1,AGC_044,3.5,B10_C1_PCA_Ridge,3.2193756238453695
fold_municipality_grouped,1,AGC_046,3.0,B10_C1_PCA_Ridge,2.5289142295026994
fold_municipality_grouped,1,AGC_053,3.5,B10_C1_PCA_Ridge,3.1358744382925923
fold_municipality_grouped,1,AGC_054,2.5,B10_C1_PCA_Ridge,2.509739988299601
fold_municipality_grouped,1,AGC_058,2.5,B10_C1_PCA_Ridge,3.176502236919114
fold_municipality_grouped,1,AGC_066,3.0,B10_C1_PCA_Ridge,3.3611926612952225
fold_municipality_grouped,1,AGC_068,2.5,B10_C1_PCA_Ridge,3.090477497157074
fold_municipality_grouped,1,AGC_074,2.5,B10_C1_PCA_Ridge,1.8729160274985914
fold_municipality_grouped,1,AGC_098,3.0,B10_C1_PCA_Ridge,1.5458185228219996
fold_municipality_grouped,1,AGC_099,3.5,B10_C1_PCA_Ridge,3.2195593125520006
fold_municipality_grouped,1,AGC_103,3.0,B10_C1_PCA_Ridge,2.467295213077511
fold_municipality_grouped,1,AGC_112,3.0,B10_C1_PCA_Ridge,3.203012239568598
fold_municipality_grouped,1,AGC_114,3.0,B10_C1_PCA_Ridge,2.4440016259767416
fold_municipality_grouped,1,AGC_117,3.5,B10_C1_PCA_Ridge,3.2282706708259354
fold_municipality_grouped,1,AGC_122,3.5,B10_C1_PCA_Ridge,1.6976548277821868
fold_municipality_grouped,1,AGC_123,2.5,B10_C1_PCA_Ridge,2.0622530914774524
fold_municipality_grouped,1,AGC_138,2.5,B10_C1_PCA_Ridge,3.4604840508515147
fold_municipality_grouped,1,AGC_141,3.5,B10_C1_PCA_Ridge,2.62713903533874
fold_municipality_grouped,1,AGC_144,2.5,B10_C1_PCA_Ridge,2.4732319186737337
fold_municipality_grouped,1,AGC_145,3.5,B10_C1_PCA_Ridge,2.0720586507943604
fold_municipality_grouped,1,AGC_157,3.0,B10_C1_PCA_Ridge,2.601607119897372
fold_municipality_grouped,1,AGC_163,3.0,B10_C1_PCA_Ridge,2.640863508448276
fold_municipality_grouped,1,AGC_169,2.5,B10_C1_PCA_Ridge,3.0874556186912185
fold_municipality_grouped,1,AGC_170,3.0,B10_C1_PCA_Ridge,3.5569820755161876
fold_municipality_grouped,1,AGC_187,3.0,B10_C1_PCA_Ridge,3.413524657399055
fold_municipality_grouped,1,AGC_196,3.5,B10_C1_PCA_Ridge,3.520111973802989
fold_municipality_grouped,2,AGC_007,3.5,B01_C0_PLS,3.604115567416387
fold_municipality_grouped,2,AGC_034,2.0,B01_C0_PLS,3.902152386843295
fold_municipality_grouped,2,AGC_038,3.3,B01_C0_PLS,3.8873228425432704
fold_municipality_grouped,2,AGC_041,2.5,B01_C0_PLS,4.014983872786523
fold_municipality_grouped,2,AGC_067,3.0,B01_C0_PLS,4.189197667602745
fold_municipality_grouped,2,AGC_070,3.3,B01_C0_PLS,3.9394139428401607
fold_municipality_grouped,2,AGC_078,3.0,B01_C0_PLS,3.587251556945359
fold_municipality_grouped,2,AGC_079,3.3,B01_C0_PLS,3.6194201324435946
fold_municipality_grouped,2,AGC_080,3.5,B01_C0_PLS,3.737911744992302
fold_municipality_grouped,2,AGC_081,3.7,B01_C0_PLS,4.248103656498473
fold_municipality_grouped,2,AGC_089,3.0,B01_C0_PLS,3.6614282663536653
fold_municipality_grouped,2,AGC_121,3.3,B01_C0_PLS,3.581640340415266
fold_municipality_grouped,2,AGC_140,3.2,B01_C0_PLS,3.6666733927703437
fold_municipality_grouped,2,AGC_148,3.0,B01_C0_PLS,3.3536736283977877
fold_municipality_grouped,2,AGC_166,2.5,B01_C0_PLS,4.029682807895191
fold_municipality_grouped,2,AGC_194,3.2,B01_C0_PLS,4.086093631202478
fold_municipality_grouped,2,AGC_007,3.5,B02_C3_Ridge,3.8645579115856763
fold_municipality_grouped,2,AGC_034,2.0,B02_C3_Ridge,4.067118547598827
fold_municipality_grouped,2,AGC_038,3.3,B02_C3_Ridge,4.168712654794978
fold_municipality_grouped,2,AGC_041,2.5,B02_C3_Ridge,4.147678363881424
fold_municipality_grouped,2,AGC_067,3.0,B02_C3_Ridge,4.186236538350473
fold_municipality_grouped,2,AGC_070,3.3,B02_C3_Ridge,4.043435283778785
fold_municipality_grouped,2,AGC_078,3.0,B02_C3_Ridge,3.969594405892163
fold_municipality_grouped,2,AGC_079,3.3,B02_C3_Ridge,3.803128546366587
fold_municipality_grouped,2,AGC_080,3.5,B02_C3_Ridge,3.8364133967344762
fold_municipality_grouped,2,AGC_081,3.7,B02_C3_Ridge,4.139305894398708
fold_municipality_grouped,2,AGC_089,3.0,B02_C3_Ridge,3.884846534830646
fold_municipality_grouped,2,AGC_121,3.3,B02_C3_Ridge,3.807466370238153
fold_municipality_grouped,2,AGC_140,3.2,B02_C3_Ridge,3.8591957411293913
fold_municipality_grouped,2,AGC_148,3.0,B02_C3_Ridge,3.8006723032602756
fold_municipality_grouped,2,AGC_166,2.5,B02_C3_Ridge,4.210815734474377
fold_municipality_grouped,2,AGC_194,3.2,B02_C3_Ridge,4.211162517121308
fold_municipality_grouped,2,AGC_007,3.5,B03_C1_CatBoost,4.16490123514518
fold_municipality_grouped,2,AGC_034,2.0,B03_C1_CatBoost,4.055709250352038
fold_municipality_grouped,2,AGC_038,3.3,B03_C1_CatBoost,4.314708405636338
fold_municipality_grouped,2,AGC_041,2.5,B03_C1_CatBoost,4.303024974954269
fold_municipality_grouped,2,AGC_067,3.0,B03_C1_CatBoost,4.255236455150907
fold_municipality_grouped,2,AGC_070,3.3,B03_C1_CatBoost,4.445363350090702
fold_municipality_grouped,2,AGC_078,3.0,B03_C1_CatBoost,4.36408273541565
fold_municipality_grouped,2,AGC_079,3.3,B03_C1_CatBoost,4.288432338923485
fold_municipality_grouped,2,AGC_080,3.5,B03_C1_CatBoost,4.147058570190666
fold_municipality_grouped,2,AGC_081,3.7,B03_C1_CatBoost,4.348352544237059
fold_municipality_grouped,2,AGC_089,3.0,B03_C1_CatBoost,4.1669550271224125
fold_municipality_grouped,2,AGC_121,3.3,B03_C1_CatBoost,4.303083469358171
fold_municipality_grouped,2,AGC_140,3.2,B03_C1_CatBoost,4.345921133616457
fold_municipality_grouped,2,AGC_148,3.0,B03_C1_CatBoost,4.2489287905136734
fold_municipality_grouped,2,AGC_166,2.5,B03_C1_CatBoost,4.375264650476993
fold_municipality_grouped,2,AGC_194,3.2,B03_C1_CatBoost,4.379651312405258
fold_municipality_grouped,2,AGC_007,3.5,B04_C0_Ridge,3.9804799807645757
fold_municipality_grouped,2,AGC_034,2.0,B04_C0_Ridge,3.9990342997151083
fold_municipality_grouped,2,AGC_038,3.3,B04_C0_Ridge,4.378520763456513
fold_municipality_grouped,2,AGC_041,2.5,B04_C0_Ridge,4.310432608828382
fold_municipality_grouped,2,AGC_067,3.0,B04_C0_Ridge,4.2466602260488715
fold_municipality_grouped,2,AGC_070,3.3,B04_C0_Ridge,4.147078420934209
fold_municipality_grouped,2,AGC_078,3.0,B04_C0_Ridge,4.43641908352635
fold_municipality_grouped,2,AGC_079,3.3,B04_C0_Ridge,3.9042631986269436
fold_municipality_grouped,2,AGC_080,3.5,B04_C0_Ridge,3.7787123465263033
fold_municipality_grouped,2,AGC_081,3.7,B04_C0_Ridge,4.034649035781157
fold_municipality_grouped,2,AGC_089,3.0,B04_C0_Ridge,3.9405475968272317
fold_municipality_grouped,2,AGC_121,3.3,B04_C0_Ridge,4.253050620610717
fold_municipality_grouped,2,AGC_140,3.2,B04_C0_Ridge,4.2284899308090225
fold_municipality_grouped,2,AGC_148,3.0,B04_C0_Ridge,4.252267973823965
fold_municipality_grouped,2,AGC_166,2.5,B04_C0_Ridge,4.351640536425127
fold_municipality_grouped,2,AGC_194,3.2,B04_C0_Ridge,4.3792144578547685
fold_municipality_grouped,2,AGC_007,3.5,B05_C3_PLS,3.786209684098891
fold_municipality_grouped,2,AGC_034,2.0,B05_C3_PLS,3.929144632567293
fold_municipality_grouped,2,AGC_038,3.3,B05_C3_PLS,3.9397895370260096
fold_municipality_grouped,2,AGC_041,2.5,B05_C3_PLS,4.068845229535444
fold_municipality_grouped,2,AGC_067,3.0,B05_C3_PLS,4.1315461397335955
fold_municipality_grouped,2,AGC_070,3.3,B05_C3_PLS,3.9864604394951733
fold_municipality_grouped,2,AGC_078,3.0,B05_C3_PLS,3.6578175005793705
fold_municipality_grouped,2,AGC_079,3.3,B05_C3_PLS,3.7314972762234975
fold_municipality_grouped,2,AGC_080,3.5,B05_C3_PLS,3.772950971236978
fold_municipality_grouped,2,AGC_081,3.7,B05_C3_PLS,4.2525842301267245
fold_municipality_grouped,2,AGC_089,3.0,B05_C3_PLS,3.6854840884761186
fold_municipality_grouped,2,AGC_121,3.3,B05_C3_PLS,3.6361617010652063
fold_municipality_grouped,2,AGC_140,3.2,B05_C3_PLS,3.7352654984374882
fold_municipality_grouped,2,AGC_148,3.0,B05_C3_PLS,3.4172169849440563
fold_municipality_grouped,2,AGC_166,2.5,B05_C3_PLS,4.080265379820597
fold_municipality_grouped,2,AGC_194,3.2,B05_C3_PLS,4.08831142872435
fold_municipality_grouped,2,AGC_007,3.5,B06_C2_PLS,3.767874215013261
fold_municipality_grouped,2,AGC_034,2.0,B06_C2_PLS,3.960189838594544
fold_municipality_grouped,2,AGC_038,3.3,B06_C2_PLS,3.9448675689156087
fold_municipality_grouped,2,AGC_041,2.5,B06_C2_PLS,4.0859299324623555
fold_municipality_grouped,2,AGC_067,3.0,B06_C2_PLS,4.186291649353514
fold_municipality_grouped,2,AGC_070,3.3,B06_C2_PLS,3.9670707825679066
fold_municipality_grouped,2,AGC_078,3.0,B06_C2_PLS,3.6751202221283634
fold_municipality_grouped,2,AGC_079,3.3,B06_C2_PLS,3.733774566843236
fold_municipality_grouped,2,AGC_080,3.5,B06_C2_PLS,3.7471325000543247
fold_municipality_grouped,2,AGC_081,3.7,B06_C2_PLS,4.2073343158784375
fold_municipality_grouped,2,AGC_089,3.0,B06_C2_PLS,3.6688930211628197
fold_municipality_grouped,2,AGC_121,3.3,B06_C2_PLS,3.6365881176991492
fold_municipality_grouped,2,AGC_140,3.2,B06_C2_PLS,3.7676349009577748
fold_municipality_grouped,2,AGC_148,3.0,B06_C2_PLS,3.4062611741072093
fold_municipality_grouped,2,AGC_166,2.5,B06_C2_PLS,4.063327831348828
fold_municipality_grouped,2,AGC_194,3.2,B06_C2_PLS,4.127761681302076
fold_municipality_grouped,2,AGC_007,3.5,B07_C1_ExtraTrees,4.295320833333337
fold_municipality_grouped,2,AGC_034,2.0,B07_C1_ExtraTrees,4.459608333333336
fold_municipality_grouped,2,AGC_038,3.3,B07_C1_ExtraTrees,4.4554375
fold_municipality_grouped,2,AGC_041,2.5,B07_C1_ExtraTrees,4.500287499999998
fold_municipality_grouped,2,AGC_067,3.0,B07_C1_ExtraTrees,4.442125000000002
fold_municipality_grouped,2,AGC_070,3.3,B07_C1_ExtraTrees,4.628612500000005
fold_municipality_grouped,2,AGC_078,3.0,B07_C1_ExtraTrees,4.698337499999997
fold_municipality_grouped,2,AGC_079,3.3,B07_C1_ExtraTrees,4.435875000000002
fold_municipality_grouped,2,AGC_080,3.5,B07_C1_ExtraTrees,4.334175000000005
fold_municipality_grouped,2,AGC_081,3.7,B07_C1_ExtraTrees,4.492479166666667
fold_municipality_grouped,2,AGC_089,3.0,B07_C1_ExtraTrees,4.348341666666669
fold_municipality_grouped,2,AGC_121,3.3,B07_C1_ExtraTrees,4.641062500000001
fold_municipality_grouped,2,AGC_140,3.2,B07_C1_ExtraTrees,4.481491666666667
fold_municipality_grouped,2,AGC_148,3.0,B07_C1_ExtraTrees,4.511287500000001
fold_municipality_grouped,2,AGC_166,2.5,B07_C1_ExtraTrees,4.548479166666664
fold_municipality_grouped,2,AGC_194,3.2,B07_C1_ExtraTrees,4.551229166666669
fold_municipality_grouped,2,AGC_007,3.5,B08_C1_PLS,4.044350102966732
fold_municipality_grouped,2,AGC_034,2.0,B08_C1_PLS,4.180165072598356
fold_municipality_grouped,2,AGC_038,3.3,B08_C1_PLS,4.250993190107555
fold_municipality_grouped,2,AGC_041,2.5,B08_C1_PLS,4.28920616009914
fold_municipality_grouped,2,AGC_067,3.0,B08_C1_PLS,3.817865241387769
fold_municipality_grouped,2,AGC_070,3.3,B08_C1_PLS,4.209124100231162
fold_municipality_grouped,2,AGC_078,3.0,B08_C1_PLS,3.8607497793965773
fold_municipality_grouped,2,AGC_079,3.3,B08_C1_PLS,4.03006207896634
fold_municipality_grouped,2,AGC_080,3.5,B08_C1_PLS,3.7841617446484848
fold_municipality_grouped,2,AGC_081,3.7,B08_C1_PLS,4.2238177116789135
fold_municipality_grouped,2,AGC_089,3.0,B08_C1_PLS,3.8301981687156648
fold_municipality_grouped,2,AGC_121,3.3,B08_C1_PLS,3.7080264756191825
fold_municipality_grouped,2,AGC_140,3.2,B08_C1_PLS,3.822791876486505
fold_municipality_grouped,2,AGC_148,3.0,B08_C1_PLS,3.6712034635176467
fold_municipality_grouped,2,AGC_166,2.5,B08_C1_PLS,4.28860300822251
fold_municipality_grouped,2,AGC_194,3.2,B08_C1_PLS,4.290735043556484
fold_municipality_grouped,2,AGC_007,3.5,B09_C0_PCA_Ridge,3.6372529873118102
fold_municipality_grouped,2,AGC_034,2.0,B09_C0_PCA_Ridge,4.075768183054282
fold_municipality_grouped,2,AGC_038,3.3,B09_C0_PCA_Ridge,4.1050617054514715
fold_municipality_grouped,2,AGC_041,2.5,B09_C0_PCA_Ridge,3.958506093782925
fold_municipality_grouped,2,AGC_067,3.0,B09_C0_PCA_Ridge,4.310477546759444
fold_municipality_grouped,2,AGC_070,3.3,B09_C0_PCA_Ridge,3.981103978753766
fold_municipality_grouped,2,AGC_078,3.0,B09_C0_PCA_Ridge,3.697979841116271
fold_municipality_grouped,2,AGC_079,3.3,B09_C0_PCA_Ridge,3.643876878193687
fold_municipality_grouped,2,AGC_080,3.5,B09_C0_PCA_Ridge,3.7897931461212626
fold_municipality_grouped,2,AGC_081,3.7,B09_C0_PCA_Ridge,4.144229358000921
fold_municipality_grouped,2,AGC_089,3.0,B09_C0_PCA_Ridge,3.865063041691709
fold_municipality_grouped,2,AGC_121,3.3,B09_C0_PCA_Ridge,3.5974899201228876
fold_municipality_grouped,2,AGC_140,3.2,B09_C0_PCA_Ridge,3.5792350789936607
fold_municipality_grouped,2,AGC_148,3.0,B09_C0_PCA_Ridge,3.529759150387071
fold_municipality_grouped,2,AGC_166,2.5,B09_C0_PCA_Ridge,4.047428699492439
fold_municipality_grouped,2,AGC_194,3.2,B09_C0_PCA_Ridge,4.1860320860931495
fold_municipality_grouped,2,AGC_007,3.5,B10_C1_PCA_Ridge,3.9557034029913862
fold_municipality_grouped,2,AGC_034,2.0,B10_C1_PCA_Ridge,4.1658055163705
fold_municipality_grouped,2,AGC_038,3.3,B10_C1_PCA_Ridge,4.209312310761597
fold_municipality_grouped,2,AGC_041,2.5,B10_C1_PCA_Ridge,4.130213109404981
fold_municipality_grouped,2,AGC_067,3.0,B10_C1_PCA_Ridge,3.9459842782906644
fold_municipality_grouped,2,AGC_070,3.3,B10_C1_PCA_Ridge,4.194513604235579
fold_municipality_grouped,2,AGC_078,3.0,B10_C1_PCA_Ridge,3.9083936779618487
fold_municipality_grouped,2,AGC_079,3.3,B10_C1_PCA_Ridge,4.02751894424484
fold_municipality_grouped,2,AGC_080,3.5,B10_C1_PCA_Ridge,3.79365453638484
fold_municipality_grouped,2,AGC_081,3.7,B10_C1_PCA_Ridge,4.023802267496474
fold_municipality_grouped,2,AGC_089,3.0,B10_C1_PCA_Ridge,3.8458098888333527
fold_municipality_grouped,2,AGC_121,3.3,B10_C1_PCA_Ridge,3.7606014987323446
fold_municipality_grouped,2,AGC_140,3.2,B10_C1_PCA_Ridge,3.7678303845708734
fold_municipality_grouped,2,AGC_148,3.0,B10_C1_PCA_Ridge,3.8372243383601727
fold_municipality_grouped,2,AGC_166,2.5,B10_C1_PCA_Ridge,4.111902298279048
fold_municipality_grouped,2,AGC_194,3.2,B10_C1_PCA_Ridge,4.244629132288502
fold_municipality_grouped,3,AGC_051,4.45,B01_C0_PLS,3.6590178352662743
fold_municipality_grouped,3,AGC_059,4.41,B01_C0_PLS,3.752995079376655
fold_municipality_grouped,3,AGC_084,4.54,B01_C0_PLS,4.389834167568809
fold_municipality_grouped,3,AGC_134,4.52,B01_C0_PLS,3.9285122354692597
fold_municipality_grouped,3,AGC_137,4.54,B01_C0_PLS,4.139977583698969
fold_municipality_grouped,3,AGC_146,4.58,B01_C0_PLS,4.557564071209661
fold_municipality_grouped,3,AGC_151,4.69,B01_C0_PLS,4.802996754728108
fold_municipality_grouped,3,AGC_152,4.87,B01_C0_PLS,4.39903092003442
fold_municipality_grouped,3,AGC_180,4.14,B01_C0_PLS,3.6941439764112403
fold_municipality_grouped,3,AGC_184,4.47,B01_C0_PLS,4.2349749801160685
fold_municipality_grouped,3,AGC_051,4.45,B02_C3_Ridge,3.4966708285361747
fold_municipality_grouped,3,AGC_059,4.41,B02_C3_Ridge,3.7830322499525635
fold_municipality_grouped,3,AGC_084,4.54,B02_C3_Ridge,4.392271217982738
fold_municipality_grouped,3,AGC_134,4.52,B02_C3_Ridge,3.9978694859639385
fold_municipality_grouped,3,AGC_137,4.54,B02_C3_Ridge,4.156795402668856
fold_municipality_grouped,3,AGC_146,4.58,B02_C3_Ridge,4.050655327641133
fold_municipality_grouped,3,AGC_151,4.69,B02_C3_Ridge,4.330695139944257
fold_municipality_grouped,3,AGC_152,4.87,B02_C3_Ridge,4.331398357691446
fold_municipality_grouped,3,AGC_180,4.14,B02_C3_Ridge,3.7001267421863577
fold_municipality_grouped,3,AGC_184,4.47,B02_C3_Ridge,3.927499808674554
fold_municipality_grouped,3,AGC_051,4.45,B03_C1_CatBoost,3.611773084672336
fold_municipality_grouped,3,AGC_059,4.41,B03_C1_CatBoost,3.6313951327298355
fold_municipality_grouped,3,AGC_084,4.54,B03_C1_CatBoost,3.8397701720674604
fold_municipality_grouped,3,AGC_134,4.52,B03_C1_CatBoost,3.3742307250491876
fold_municipality_grouped,3,AGC_137,4.54,B03_C1_CatBoost,3.7848037756385793
fold_municipality_grouped,3,AGC_146,4.58,B03_C1_CatBoost,3.9101712990069473
fold_municipality_grouped,3,AGC_151,4.69,B03_C1_CatBoost,3.90144108785546
fold_municipality_grouped,3,AGC_152,4.87,B03_C1_CatBoost,3.8430607542974258
fold_municipality_grouped,3,AGC_180,4.14,B03_C1_CatBoost,3.6772507204401563
fold_municipality_grouped,3,AGC_184,4.47,B03_C1_CatBoost,3.795442394953284
fold_municipality_grouped,3,AGC_051,4.45,B04_C0_Ridge,3.5859828666370843
fold_municipality_grouped,3,AGC_059,4.41,B04_C0_Ridge,3.8521184602010954
fold_municipality_grouped,3,AGC_084,4.54,B04_C0_Ridge,4.46607823323909
fold_municipality_grouped,3,AGC_134,4.52,B04_C0_Ridge,4.093154430471485
fold_municipality_grouped,3,AGC_137,4.54,B04_C0_Ridge,4.170209309229458
fold_municipality_grouped,3,AGC_146,4.58,B04_C0_Ridge,4.169615193028026
fold_municipality_grouped,3,AGC_151,4.69,B04_C0_Ridge,4.429488697350963
fold_municipality_grouped,3,AGC_152,4.87,B04_C0_Ridge,4.424503262684472
fold_municipality_grouped,3,AGC_180,4.14,B04_C0_Ridge,3.7860818856847445
fold_municipality_grouped,3,AGC_184,4.47,B04_C0_Ridge,4.021798636919362
fold_municipality_grouped,3,AGC_051,4.45,B05_C3_PLS,3.6555809507879635
fold_municipality_grouped,3,AGC_059,4.41,B05_C3_PLS,3.7683438390465285
fold_municipality_grouped,3,AGC_084,4.54,B05_C3_PLS,4.340584175050104
fold_municipality_grouped,3,AGC_134,4.52,B05_C3_PLS,3.8927334532540576
fold_municipality_grouped,3,AGC_137,4.54,B05_C3_PLS,4.124028862820231
fold_municipality_grouped,3,AGC_146,4.58,B05_C3_PLS,4.436056488137773
fold_municipality_grouped,3,AGC_151,4.69,B05_C3_PLS,4.646395505938206
fold_municipality_grouped,3,AGC_152,4.87,B05_C3_PLS,4.317831772633197
fold_municipality_grouped,3,AGC_180,4.14,B05_C3_PLS,3.7075609315877562
fold_municipality_grouped,3,AGC_184,4.47,B05_C3_PLS,4.184556543131228
fold_municipality_grouped,3,AGC_051,4.45,B06_C2_PLS,3.6844099074846683
fold_municipality_grouped,3,AGC_059,4.41,B06_C2_PLS,3.8056713019803023
fold_municipality_grouped,3,AGC_084,4.54,B06_C2_PLS,4.318909958205768
fold_municipality_grouped,3,AGC_134,4.52,B06_C2_PLS,3.9154053433308698
fold_municipality_grouped,3,AGC_137,4.54,B06_C2_PLS,4.183837500215193
fold_municipality_grouped,3,AGC_146,4.58,B06_C2_PLS,4.491446858014323
fold_municipality_grouped,3,AGC_151,4.69,B06_C2_PLS,4.689663327884353
fold_municipality_grouped,3,AGC_152,4.87,B06_C2_PLS,4.349934306536462
fold_municipality_grouped,3,AGC_180,4.14,B06_C2_PLS,3.7472006132861724
fold_municipality_grouped,3,AGC_184,4.47,B06_C2_PLS,4.256961922805944
fold_municipality_grouped,3,AGC_051,4.45,B07_C1_ExtraTrees,3.3859458333333343
fold_municipality_grouped,3,AGC_059,4.41,B07_C1_ExtraTrees,3.5902083333333343
fold_municipality_grouped,3,AGC_084,4.54,B07_C1_ExtraTrees,3.6261000000000005
fold_municipality_grouped,3,AGC_134,4.52,B07_C1_ExtraTrees,3.2763208333333336
fold_municipality_grouped,3,AGC_137,4.54,B07_C1_ExtraTrees,3.6022791666666665
fold_municipality_grouped,3,AGC_146,4.58,B07_C1_ExtraTrees,4.043950000000003
fold_municipality_grouped,3,AGC_151,4.69,B07_C1_ExtraTrees,3.633304166666666
fold_municipality_grouped,3,AGC_152,4.87,B07_C1_ExtraTrees,3.5504833333333345
fold_municipality_grouped,3,AGC_180,4.14,B07_C1_ExtraTrees,3.291062500000001
fold_municipality_grouped,3,AGC_184,4.47,B07_C1_ExtraTrees,3.9278125000000035
fold_municipality_grouped,3,AGC_051,4.45,B08_C1_PLS,3.7735627619426233
fold_municipality_grouped,3,AGC_059,4.41,B08_C1_PLS,3.959395297444656
fold_municipality_grouped,3,AGC_084,4.54,B08_C1_PLS,4.560166667454808
fold_municipality_grouped,3,AGC_134,4.52,B08_C1_PLS,3.9071980909594792
fold_municipality_grouped,3,AGC_137,4.54,B08_C1_PLS,4.313312423068689
fold_municipality_grouped,3,AGC_146,4.58,B08_C1_PLS,4.329384986517086
fold_municipality_grouped,3,AGC_151,4.69,B08_C1_PLS,4.434243244900789
fold_municipality_grouped,3,AGC_152,4.87,B08_C1_PLS,4.434186608368796
fold_municipality_grouped,3,AGC_180,4.14,B08_C1_PLS,3.780182314086282
fold_municipality_grouped,3,AGC_184,4.47,B08_C1_PLS,4.264365439444212
fold_municipality_grouped,3,AGC_051,4.45,B09_C0_PCA_Ridge,3.62120579469458
fold_municipality_grouped,3,AGC_059,4.41,B09_C0_PCA_Ridge,3.8854486449046366
fold_municipality_grouped,3,AGC_084,4.54,B09_C0_PCA_Ridge,4.816574442320851
fold_municipality_grouped,3,AGC_134,4.52,B09_C0_PCA_Ridge,4.150154246540705
fold_municipality_grouped,3,AGC_137,4.54,B09_C0_PCA_Ridge,4.238458680602226
fold_municipality_grouped,3,AGC_146,4.58,B09_C0_PCA_Ridge,3.8389247233834904
fold_municipality_grouped,3,AGC_151,4.69,B09_C0_PCA_Ridge,4.396671148508685
fold_municipality_grouped,3,AGC_152,4.87,B09_C0_PCA_Ridge,4.539120823480359
fold_municipality_grouped,3,AGC_180,4.14,B09_C0_PCA_Ridge,3.8790941086329123
fold_municipality_grouped,3,AGC_184,4.47,B09_C0_PCA_Ridge,3.794915359041692
fold_municipality_grouped,3,AGC_051,4.45,B10_C1_PCA_Ridge,4.047119118071103
fold_municipality_grouped,3,AGC_059,4.41,B10_C1_PCA_Ridge,4.193665521822448
fold_municipality_grouped,3,AGC_084,4.54,B10_C1_PCA_Ridge,4.728814289702477
fold_municipality_grouped,3,AGC_134,4.52,B10_C1_PCA_Ridge,4.240992524951623
fold_municipality_grouped,3,AGC_137,4.54,B10_C1_PCA_Ridge,4.621765817098888
fold_municipality_grouped,3,AGC_146,4.58,B10_C1_PCA_Ridge,4.324535015629493
fold_municipality_grouped,3,AGC_151,4.69,B10_C1_PCA_Ridge,4.712186045965236
fold_municipality_grouped,3,AGC_152,4.87,B10_C1_PCA_Ridge,4.865178849452268
fold_municipality_grouped,3,AGC_180,4.14,B10_C1_PCA_Ridge,4.026872597823789
fold_municipality_grouped,3,AGC_184,4.47,B10_C1_PCA_Ridge,4.223442264402118
fold_municipality_grouped,4,AGC_002,4.63,B01_C0_PLS,4.070058678502826
fold_municipality_grouped,4,AGC_005,5.16,B01_C0_PLS,4.504551071330907
fold_municipality_grouped,4,AGC_006,4.49,B01_C0_PLS,3.3406841332811226
fold_municipality_grouped,4,AGC_008,4.55,B01_C0_PLS,3.7355240145607285
fold_municipality_grouped,4,AGC_010,4.1,B01_C0_PLS,3.68530356310642
fold_municipality_grouped,4,AGC_012,4.69,B01_C0_PLS,3.9805552669958466
fold_municipality_grouped,4,AGC_013,4.01,B01_C0_PLS,3.6799831725358554
fold_municipality_grouped,4,AGC_014,4.83,B01_C0_PLS,4.136473570186745
fold_municipality_grouped,4,AGC_015,2.64,B01_C0_PLS,3.8912986921280686
fold_municipality_grouped,4,AGC_017,4.98,B01_C0_PLS,4.033777004110526
fold_municipality_grouped,4,AGC_018,4.49,B01_C0_PLS,4.225580240152453
fold_municipality_grouped,4,AGC_021,4.94,B01_C0_PLS,3.5642164750400793
fold_municipality_grouped,4,AGC_022,4.55,B01_C0_PLS,3.7864450505135654
fold_municipality_grouped,4,AGC_024,3.03,B01_C0_PLS,3.7359476648298187
fold_municipality_grouped,4,AGC_026,3.55,B01_C0_PLS,3.7497815994904267
fold_municipality_grouped,4,AGC_032,4.03,B01_C0_PLS,3.842562534161192
fold_municipality_grouped,4,AGC_033,4.47,B01_C0_PLS,3.5004113630142175
fold_municipality_grouped,4,AGC_045,4.1,B01_C0_PLS,4.177509501913237
fold_municipality_grouped,4,AGC_047,4.45,B01_C0_PLS,3.7047833215405945
fold_municipality_grouped,4,AGC_049,5.53,B01_C0_PLS,3.978189116230477
fold_municipality_grouped,4,AGC_055,5.45,B01_C0_PLS,4.08273999999562
fold_municipality_grouped,4,AGC_056,5.07,B01_C0_PLS,3.5885924193333243
fold_municipality_grouped,4,AGC_057,4.55,B01_C0_PLS,3.850145868988328
fold_municipality_grouped,4,AGC_060,4.52,B01_C0_PLS,4.073589014273921
fold_municipality_grouped,4,AGC_062,3.81,B01_C0_PLS,3.4879657503789847
fold_municipality_grouped,4,AGC_069,5.46,B01_C0_PLS,4.318281697477148
fold_municipality_grouped,4,AGC_072,4.55,B01_C0_PLS,3.3258447348749494
fold_municipality_grouped,4,AGC_073,4.3,B01_C0_PLS,3.4022900541338617
fold_municipality_grouped,4,AGC_077,4.76,B01_C0_PLS,3.5374179603726374
fold_municipality_grouped,4,AGC_090,4.68,B01_C0_PLS,3.9696666170495285
fold_municipality_grouped,4,AGC_092,4.57,B01_C0_PLS,3.434364381625741
fold_municipality_grouped,4,AGC_096,4.59,B01_C0_PLS,3.5624636310466964
fold_municipality_grouped,4,AGC_097,4.69,B01_C0_PLS,3.6682607273891867
fold_municipality_grouped,4,AGC_100,4.5,B01_C0_PLS,3.727711326369925
fold_municipality_grouped,4,AGC_101,4.57,B01_C0_PLS,3.6973648696310466
fold_municipality_grouped,4,AGC_102,4.4,B01_C0_PLS,3.958624112738297
fold_municipality_grouped,4,AGC_104,4.56,B01_C0_PLS,3.8087704875760795
fold_municipality_grouped,4,AGC_105,4.41,B01_C0_PLS,3.9502266778488595
fold_municipality_grouped,4,AGC_106,4.43,B01_C0_PLS,3.605165741859691
fold_municipality_grouped,4,AGC_108,4.51,B01_C0_PLS,3.9374172357858486
fold_municipality_grouped,4,AGC_109,4.54,B01_C0_PLS,3.5305967808436667
fold_municipality_grouped,4,AGC_110,4.18,B01_C0_PLS,3.672067391990834
fold_municipality_grouped,4,AGC_111,4.72,B01_C0_PLS,3.5886788139557795
fold_municipality_grouped,4,AGC_115,4.6,B01_C0_PLS,3.487282801558538
fold_municipality_grouped,4,AGC_124,5.05,B01_C0_PLS,4.046393546576062
fold_municipality_grouped,4,AGC_125,4.06,B01_C0_PLS,3.948267708330556
fold_municipality_grouped,4,AGC_127,5.57,B01_C0_PLS,4.769983286128543
fold_municipality_grouped,4,AGC_131,4.89,B01_C0_PLS,4.425425603491728
fold_municipality_grouped,4,AGC_132,4.13,B01_C0_PLS,3.6850482626740635
fold_municipality_grouped,4,AGC_133,3.91,B01_C0_PLS,3.703582520989184
fold_municipality_grouped,4,AGC_135,4.49,B01_C0_PLS,3.3906203604523353
fold_municipality_grouped,4,AGC_139,4.67,B01_C0_PLS,3.7200790230550798
fold_municipality_grouped,4,AGC_150,4.52,B01_C0_PLS,4.063586456914923
fold_municipality_grouped,4,AGC_155,4.52,B01_C0_PLS,4.29381290571989
fold_municipality_grouped,4,AGC_159,4.77,B01_C0_PLS,3.9458127209809915
fold_municipality_grouped,4,AGC_160,3.62,B01_C0_PLS,4.1299841818945655
fold_municipality_grouped,4,AGC_161,4.46,B01_C0_PLS,3.972250318478977
fold_municipality_grouped,4,AGC_162,5.59,B01_C0_PLS,3.5046370840229657
fold_municipality_grouped,4,AGC_164,3.0,B01_C0_PLS,3.313812005305331
fold_municipality_grouped,4,AGC_165,4.44,B01_C0_PLS,3.622953664189632
fold_municipality_grouped,4,AGC_167,4.54,B01_C0_PLS,3.9615049303513707
fold_municipality_grouped,4,AGC_168,4.49,B01_C0_PLS,3.967138538885019
fold_municipality_grouped,4,AGC_171,2.15,B01_C0_PLS,3.769344791562452
fold_municipality_grouped,4,AGC_172,5.19,B01_C0_PLS,3.683361854308298
fold_municipality_grouped,4,AGC_176,4.38,B01_C0_PLS,3.653541562096869
fold_municipality_grouped,4,AGC_178,4.39,B01_C0_PLS,3.6192955388814245
fold_municipality_grouped,4,AGC_179,4.55,B01_C0_PLS,3.7232494845806015
fold_municipality_grouped,4,AGC_181,4.51,B01_C0_PLS,3.823531518608577
fold_municipality_grouped,4,AGC_185,5.01,B01_C0_PLS,4.092136993364413
fold_municipality_grouped,4,AGC_189,4.03,B01_C0_PLS,3.8513507430910514
fold_municipality_grouped,4,AGC_193,4.57,B01_C0_PLS,3.6735913269662106
fold_municipality_grouped,4,AGC_195,3.68,B01_C0_PLS,3.5733743497245323
fold_municipality_grouped,4,AGC_197,4.52,B01_C0_PLS,3.7366468857735544
fold_municipality_grouped,4,AGC_002,4.63,B02_C3_Ridge,4.303508705876471
fold_municipality_grouped,4,AGC_005,5.16,B02_C3_Ridge,4.461761240793949
fold_municipality_grouped,4,AGC_006,4.49,B02_C3_Ridge,3.8570308909143405
fold_municipality_grouped,4,AGC_008,4.55,B02_C3_Ridge,3.763970425884527
fold_municipality_grouped,4,AGC_010,4.1,B02_C3_Ridge,4.006236993223668
fold_municipality_grouped,4,AGC_012,4.69,B02_C3_Ridge,4.090234576468704
fold_municipality_grouped,4,AGC_013,4.01,B02_C3_Ridge,4.059264977021403
fold_municipality_grouped,4,AGC_014,4.83,B02_C3_Ridge,4.403305369118748
fold_municipality_grouped,4,AGC_015,2.64,B02_C3_Ridge,3.9375251817880086
fold_municipality_grouped,4,AGC_017,4.98,B02_C3_Ridge,4.026105019259282
fold_municipality_grouped,4,AGC_018,4.49,B02_C3_Ridge,4.013011128661179
fold_municipality_grouped,4,AGC_021,4.94,B02_C3_Ridge,3.5773706047026486
fold_municipality_grouped,4,AGC_022,4.55,B02_C3_Ridge,3.5615290543209257
fold_municipality_grouped,4,AGC_024,3.03,B02_C3_Ridge,3.7756283818273935
fold_municipality_grouped,4,AGC_026,3.55,B02_C3_Ridge,3.9232695218219886
fold_municipality_grouped,4,AGC_032,4.03,B02_C3_Ridge,3.759138161568758
fold_municipality_grouped,4,AGC_033,4.47,B02_C3_Ridge,3.680382789852998
fold_municipality_grouped,4,AGC_045,4.1,B02_C3_Ridge,3.982230505519751
fold_municipality_grouped,4,AGC_047,4.45,B02_C3_Ridge,3.7533139000434446
fold_municipality_grouped,4,AGC_049,5.53,B02_C3_Ridge,4.092109045627495
fold_municipality_grouped,4,AGC_055,5.45,B02_C3_Ridge,3.9898782496560763
fold_municipality_grouped,4,AGC_056,5.07,B02_C3_Ridge,3.5995698682422113
fold_municipality_grouped,4,AGC_057,4.55,B02_C3_Ridge,3.898643186592871
fold_municipality_grouped,4,AGC_060,4.52,B02_C3_Ridge,3.9741072267634148
fold_municipality_grouped,4,AGC_062,3.81,B02_C3_Ridge,3.4715448786624963
fold_municipality_grouped,4,AGC_069,5.46,B02_C3_Ridge,4.20997999980861
fold_municipality_grouped,4,AGC_072,4.55,B02_C3_Ridge,3.6771073326455856
fold_municipality_grouped,4,AGC_073,4.3,B02_C3_Ridge,3.3735523860338983
fold_municipality_grouped,4,AGC_077,4.76,B02_C3_Ridge,3.574561378832807
fold_municipality_grouped,4,AGC_090,4.68,B02_C3_Ridge,4.0476955974384
fold_municipality_grouped,4,AGC_092,4.57,B02_C3_Ridge,3.7894114665670102
fold_municipality_grouped,4,AGC_096,4.59,B02_C3_Ridge,3.412638058986815
fold_municipality_grouped,4,AGC_097,4.69,B02_C3_Ridge,3.656990872221131
fold_municipality_grouped,4,AGC_100,4.5,B02_C3_Ridge,3.8029478319347003
fold_municipality_grouped,4,AGC_101,4.57,B02_C3_Ridge,3.490747892207885
fold_municipality_grouped,4,AGC_102,4.4,B02_C3_Ridge,3.823724400817364
fold_municipality_grouped,4,AGC_104,4.56,B02_C3_Ridge,3.9693877234231834
fold_municipality_grouped,4,AGC_105,4.41,B02_C3_Ridge,4.122542168750343
fold_municipality_grouped,4,AGC_106,4.43,B02_C3_Ridge,3.810562507463317
fold_municipality_grouped,4,AGC_108,4.51,B02_C3_Ridge,3.7027871042808367
fold_municipality_grouped,4,AGC_109,4.54,B02_C3_Ridge,3.7034132736835805
fold_municipality_grouped,4,AGC_110,4.18,B02_C3_Ridge,3.9042636852248798
fold_municipality_grouped,4,AGC_111,4.72,B02_C3_Ridge,3.6572329830212453
fold_municipality_grouped,4,AGC_115,4.6,B02_C3_Ridge,3.950622154260421
fold_municipality_grouped,4,AGC_124,5.05,B02_C3_Ridge,4.1322793485068665
fold_municipality_grouped,4,AGC_125,4.06,B02_C3_Ridge,4.281796512107849
fold_municipality_grouped,4,AGC_127,5.57,B02_C3_Ridge,4.757371490565793
fold_municipality_grouped,4,AGC_131,4.89,B02_C3_Ridge,4.386253971133237
fold_municipality_grouped,4,AGC_132,4.13,B02_C3_Ridge,3.8894172539596235
fold_municipality_grouped,4,AGC_133,3.91,B02_C3_Ridge,3.7937639125151006
fold_municipality_grouped,4,AGC_135,4.49,B02_C3_Ridge,3.5043104799049694
fold_municipality_grouped,4,AGC_139,4.67,B02_C3_Ridge,3.8474607344274108
fold_municipality_grouped,4,AGC_150,4.52,B02_C3_Ridge,4.176558540315982
fold_municipality_grouped,4,AGC_155,4.52,B02_C3_Ridge,4.184731840523422
fold_municipality_grouped,4,AGC_159,4.77,B02_C3_Ridge,4.0579676462468335
fold_municipality_grouped,4,AGC_160,3.62,B02_C3_Ridge,4.1129031714296165
fold_municipality_grouped,4,AGC_161,4.46,B02_C3_Ridge,4.166692797095253
fold_municipality_grouped,4,AGC_162,5.59,B02_C3_Ridge,3.4192131612265775
fold_municipality_grouped,4,AGC_164,3.0,B02_C3_Ridge,3.427063232222383
fold_municipality_grouped,4,AGC_165,4.44,B02_C3_Ridge,3.7861684352703735
fold_municipality_grouped,4,AGC_167,4.54,B02_C3_Ridge,4.128837959140855
fold_municipality_grouped,4,AGC_168,4.49,B02_C3_Ridge,4.2488746396969
fold_municipality_grouped,4,AGC_171,2.15,B02_C3_Ridge,3.6912351831704626
fold_municipality_grouped,4,AGC_172,5.19,B02_C3_Ridge,3.8727547237130713
fold_municipality_grouped,4,AGC_176,4.38,B02_C3_Ridge,3.631276256734063
fold_municipality_grouped,4,AGC_178,4.39,B02_C3_Ridge,3.447560046388615
fold_municipality_grouped,4,AGC_179,4.55,B02_C3_Ridge,3.8746378841534233
fold_municipality_grouped,4,AGC_181,4.51,B02_C3_Ridge,4.060172584503136
fold_municipality_grouped,4,AGC_185,5.01,B02_C3_Ridge,4.132741054373344
fold_municipality_grouped,4,AGC_189,4.03,B02_C3_Ridge,3.8588624619341205
fold_municipality_grouped,4,AGC_193,4.57,B02_C3_Ridge,3.4766954375678965
fold_municipality_grouped,4,AGC_195,3.68,B02_C3_Ridge,3.7637946291479527
fold_municipality_grouped,4,AGC_197,4.52,B02_C3_Ridge,3.462682977628219
fold_municipality_grouped,4,AGC_002,4.63,B03_C1_CatBoost,4.200804274815653
fold_municipality_grouped,4,AGC_005,5.16,B03_C1_CatBoost,4.145464395313468
fold_municipality_grouped,4,AGC_006,4.49,B03_C1_CatBoost,3.857680513844457
fold_municipality_grouped,4,AGC_008,4.55,B03_C1_CatBoost,4.019622900316563
fold_municipality_grouped,4,AGC_010,4.1,B03_C1_CatBoost,4.110590023353893
fold_municipality_grouped,4,AGC_012,4.69,B03_C1_CatBoost,4.19894871825111
fold_municipality_grouped,4,AGC_013,4.01,B03_C1_CatBoost,3.819243179488616
fold_municipality_grouped,4,AGC_014,4.83,B03_C1_CatBoost,4.3279046726389225
fold_municipality_grouped,4,AGC_015,2.64,B03_C1_CatBoost,4.186307060948128
fold_municipality_grouped,4,AGC_017,4.98,B03_C1_CatBoost,4.276355866417191
fold_municipality_grouped,4,AGC_018,4.49,B03_C1_CatBoost,4.187970258080739
fold_municipality_grouped,4,AGC_021,4.94,B03_C1_CatBoost,3.9293684890343457
fold_municipality_grouped,4,AGC_022,4.55,B03_C1_CatBoost,3.777959786163308
fold_municipality_grouped,4,AGC_024,3.03,B03_C1_CatBoost,4.130022276913621
fold_municipality_grouped,4,AGC_026,3.55,B03_C1_CatBoost,3.9639847994416755
fold_municipality_grouped,4,AGC_032,4.03,B03_C1_CatBoost,4.099917685050912
fold_municipality_grouped,4,AGC_033,4.47,B03_C1_CatBoost,3.950325356411099
fold_municipality_grouped,4,AGC_045,4.1,B03_C1_CatBoost,4.219841214101692
fold_municipality_grouped,4,AGC_047,4.45,B03_C1_CatBoost,3.7073743782960946
fold_municipality_grouped,4,AGC_049,5.53,B03_C1_CatBoost,4.255325540647391
fold_municipality_grouped,4,AGC_055,5.45,B03_C1_CatBoost,4.365671200886766
fold_municipality_grouped,4,AGC_056,5.07,B03_C1_CatBoost,3.9209668815386074
fold_municipality_grouped,4,AGC_057,4.55,B03_C1_CatBoost,4.264542924314696
fold_municipality_grouped,4,AGC_060,4.52,B03_C1_CatBoost,4.3717688424697485
fold_municipality_grouped,4,AGC_062,3.81,B03_C1_CatBoost,3.8799761102784487
fold_municipality_grouped,4,AGC_069,5.46,B03_C1_CatBoost,4.123130279871077
fold_municipality_grouped,4,AGC_072,4.55,B03_C1_CatBoost,3.852551872522021
fold_municipality_grouped,4,AGC_073,4.3,B03_C1_CatBoost,3.798249658730356
fold_municipality_grouped,4,AGC_077,4.76,B03_C1_CatBoost,3.8125443273240194
fold_municipality_grouped,4,AGC_090,4.68,B03_C1_CatBoost,4.2599319047386075
fold_municipality_grouped,4,AGC_092,4.57,B03_C1_CatBoost,3.7867677425435318
fold_municipality_grouped,4,AGC_096,4.59,B03_C1_CatBoost,3.672103940716795
fold_municipality_grouped,4,AGC_097,4.69,B03_C1_CatBoost,3.912323968372391
fold_municipality_grouped,4,AGC_100,4.5,B03_C1_CatBoost,4.03937921035353
fold_municipality_grouped,4,AGC_101,4.57,B03_C1_CatBoost,3.783457161205604
fold_municipality_grouped,4,AGC_102,4.4,B03_C1_CatBoost,3.8457331011078395
fold_municipality_grouped,4,AGC_104,4.56,B03_C1_CatBoost,4.086832194986641
fold_municipality_grouped,4,AGC_105,4.41,B03_C1_CatBoost,4.078731925203272
fold_municipality_grouped,4,AGC_106,4.43,B03_C1_CatBoost,3.9223738913656234
fold_municipality_grouped,4,AGC_108,4.51,B03_C1_CatBoost,3.8497397715256056
fold_municipality_grouped,4,AGC_109,4.54,B03_C1_CatBoost,3.949280454684356
fold_municipality_grouped,4,AGC_110,4.18,B03_C1_CatBoost,3.915341272248156
fold_municipality_grouped,4,AGC_111,4.72,B03_C1_CatBoost,3.7787660267846377
fold_municipality_grouped,4,AGC_115,4.6,B03_C1_CatBoost,3.852446160452928
fold_municipality_grouped,4,AGC_124,5.05,B03_C1_CatBoost,4.16288305071447
fold_municipality_grouped,4,AGC_125,4.06,B03_C1_CatBoost,4.317660872449665
fold_municipality_grouped,4,AGC_127,5.57,B03_C1_CatBoost,4.3066907839396436
fold_municipality_grouped,4,AGC_131,4.89,B03_C1_CatBoost,3.9880234127605974
fold_municipality_grouped,4,AGC_132,4.13,B03_C1_CatBoost,3.944524689481966
fold_municipality_grouped,4,AGC_133,3.91,B03_C1_CatBoost,3.880632876418076
fold_municipality_grouped,4,AGC_135,4.49,B03_C1_CatBoost,3.7846927745839594
fold_municipality_grouped,4,AGC_139,4.67,B03_C1_CatBoost,4.017046954267244
fold_municipality_grouped,4,AGC_150,4.52,B03_C1_CatBoost,4.218555196837372
fold_municipality_grouped,4,AGC_155,4.52,B03_C1_CatBoost,4.015682130255243
fold_municipality_grouped,4,AGC_159,4.77,B03_C1_CatBoost,4.171889439802101
fold_municipality_grouped,4,AGC_160,3.62,B03_C1_CatBoost,4.2351813285346225
fold_municipality_grouped,4,AGC_161,4.46,B03_C1_CatBoost,4.250107910534666
fold_municipality_grouped,4,AGC_162,5.59,B03_C1_CatBoost,3.647920054129486
fold_municipality_grouped,4,AGC_164,3.0,B03_C1_CatBoost,2.8949531894776896
fold_municipality_grouped,4,AGC_165,4.44,B03_C1_CatBoost,3.8799281500390634
fold_municipality_grouped,4,AGC_167,4.54,B03_C1_CatBoost,4.353230890034922
fold_municipality_grouped,4,AGC_168,4.49,B03_C1_CatBoost,4.108940422196213
fold_municipality_grouped,4,AGC_171,2.15,B03_C1_CatBoost,3.9686930057470704
fold_municipality_grouped,4,AGC_172,5.19,B03_C1_CatBoost,3.9025215161141205
fold_municipality_grouped,4,AGC_176,4.38,B03_C1_CatBoost,4.095203553689885
fold_municipality_grouped,4,AGC_178,4.39,B03_C1_CatBoost,3.6626538505155963
fold_municipality_grouped,4,AGC_179,4.55,B03_C1_CatBoost,3.8703831829669184
fold_municipality_grouped,4,AGC_181,4.51,B03_C1_CatBoost,4.056502864786012
fold_municipality_grouped,4,AGC_185,5.01,B03_C1_CatBoost,3.9698211824185705
fold_municipality_grouped,4,AGC_189,4.03,B03_C1_CatBoost,4.079684120016594
fold_municipality_grouped,4,AGC_193,4.57,B03_C1_CatBoost,4.047229715914796
fold_municipality_grouped,4,AGC_195,3.68,B03_C1_CatBoost,3.90535426107499
fold_municipality_grouped,4,AGC_197,4.52,B03_C1_CatBoost,3.6293653661272742
fold_municipality_grouped,4,AGC_002,4.63,B04_C0_Ridge,4.222255047388757
fold_municipality_grouped,4,AGC_005,5.16,B04_C0_Ridge,4.3346500492177285
fold_municipality_grouped,4,AGC_006,4.49,B04_C0_Ridge,3.724049484331034
fold_municipality_grouped,4,AGC_008,4.55,B04_C0_Ridge,3.745231204501296
fold_municipality_grouped,4,AGC_010,4.1,B04_C0_Ridge,3.9298632835011293
fold_municipality_grouped,4,AGC_012,4.69,B04_C0_Ridge,4.035836712361252
fold_municipality_grouped,4,AGC_013,4.01,B04_C0_Ridge,3.975114364084803
fold_municipality_grouped,4,AGC_014,4.83,B04_C0_Ridge,4.253899581024162
fold_municipality_grouped,4,AGC_015,2.64,B04_C0_Ridge,3.87415554307487
fold_municipality_grouped,4,AGC_017,4.98,B04_C0_Ridge,3.964156745663275
fold_municipality_grouped,4,AGC_018,4.49,B04_C0_Ridge,3.987449337200704
fold_municipality_grouped,4,AGC_021,4.94,B04_C0_Ridge,3.5830190137308
fold_municipality_grouped,4,AGC_022,4.55,B04_C0_Ridge,3.5974441311404197
fold_municipality_grouped,4,AGC_024,3.03,B04_C0_Ridge,3.7433511222734848
fold_municipality_grouped,4,AGC_026,3.55,B04_C0_Ridge,3.84399121306484
fold_municipality_grouped,4,AGC_032,4.03,B04_C0_Ridge,3.760875825974776
fold_municipality_grouped,4,AGC_033,4.47,B04_C0_Ridge,3.6724793851778696
fold_municipality_grouped,4,AGC_045,4.1,B04_C0_Ridge,3.966727081007911
fold_municipality_grouped,4,AGC_047,4.45,B04_C0_Ridge,3.702259059619679
fold_municipality_grouped,4,AGC_049,5.53,B04_C0_Ridge,4.0453432012731465
fold_municipality_grouped,4,AGC_055,5.45,B04_C0_Ridge,4.004992165128412
fold_municipality_grouped,4,AGC_056,5.07,B04_C0_Ridge,3.5546120241675916
fold_municipality_grouped,4,AGC_057,4.55,B04_C0_Ridge,3.9024918381254965
fold_municipality_grouped,4,AGC_060,4.52,B04_C0_Ridge,4.04634350911572
fold_municipality_grouped,4,AGC_062,3.81,B04_C0_Ridge,3.5645397948756243
fold_municipality_grouped,4,AGC_069,5.46,B04_C0_Ridge,4.183308904475603
fold_municipality_grouped,4,AGC_072,4.55,B04_C0_Ridge,3.545895506196895
fold_municipality_grouped,4,AGC_073,4.3,B04_C0_Ridge,3.513168884047337
fold_municipality_grouped,4,AGC_077,4.76,B04_C0_Ridge,3.6287954796198085
fold_municipality_grouped,4,AGC_090,4.68,B04_C0_Ridge,4.0344116335455675
fold_municipality_grouped,4,AGC_092,4.57,B04_C0_Ridge,3.7296245087848146
fold_municipality_grouped,4,AGC_096,4.59,B04_C0_Ridge,3.4501043951217345
fold_municipality_grouped,4,AGC_097,4.69,B04_C0_Ridge,3.677466180800634
fold_municipality_grouped,4,AGC_100,4.5,B04_C0_Ridge,3.7714342950973
fold_municipality_grouped,4,AGC_101,4.57,B04_C0_Ridge,3.561033856150387
fold_municipality_grouped,4,AGC_102,4.4,B04_C0_Ridge,3.9201817419381215
fold_municipality_grouped,4,AGC_104,4.56,B04_C0_Ridge,3.953192336738216
fold_municipality_grouped,4,AGC_105,4.41,B04_C0_Ridge,3.9917006832042397
fold_municipality_grouped,4,AGC_106,4.43,B04_C0_Ridge,3.759850005888056
fold_municipality_grouped,4,AGC_108,4.51,B04_C0_Ridge,3.763134233231665
fold_municipality_grouped,4,AGC_109,4.54,B04_C0_Ridge,3.7017573677210294
fold_municipality_grouped,4,AGC_110,4.18,B04_C0_Ridge,3.858805855256438
fold_municipality_grouped,4,AGC_111,4.72,B04_C0_Ridge,3.6480806508153316
fold_municipality_grouped,4,AGC_115,4.6,B04_C0_Ridge,3.5905667029181068
fold_municipality_grouped,4,AGC_124,5.05,B04_C0_Ridge,4.093938706888101
fold_municipality_grouped,4,AGC_125,4.06,B04_C0_Ridge,4.131442520476477
fold_municipality_grouped,4,AGC_127,5.57,B04_C0_Ridge,4.8083306590900285
fold_municipality_grouped,4,AGC_131,4.89,B04_C0_Ridge,4.38229815513804
fold_municipality_grouped,4,AGC_132,4.13,B04_C0_Ridge,3.820116896553012
fold_municipality_grouped,4,AGC_133,3.91,B04_C0_Ridge,3.75949929455996
fold_municipality_grouped,4,AGC_135,4.49,B04_C0_Ridge,3.4893595323313256
fold_municipality_grouped,4,AGC_139,4.67,B04_C0_Ridge,3.887501302609222
fold_municipality_grouped,4,AGC_150,4.52,B04_C0_Ridge,4.13576047203092
fold_municipality_grouped,4,AGC_155,4.52,B04_C0_Ridge,4.179759003328804
fold_municipality_grouped,4,AGC_159,4.77,B04_C0_Ridge,3.962967692326655
fold_municipality_grouped,4,AGC_160,3.62,B04_C0_Ridge,4.0919281635736695
fold_municipality_grouped,4,AGC_161,4.46,B04_C0_Ridge,4.084964266068729
fold_municipality_grouped,4,AGC_162,5.59,B04_C0_Ridge,3.490113934450867
fold_municipality_grouped,4,AGC_164,3.0,B04_C0_Ridge,3.4518821654300664
fold_municipality_grouped,4,AGC_165,4.44,B04_C0_Ridge,3.7508479194575077
fold_municipality_grouped,4,AGC_167,4.54,B04_C0_Ridge,4.04681517342525
fold_municipality_grouped,4,AGC_168,4.49,B04_C0_Ridge,4.182998350965436
fold_municipality_grouped,4,AGC_171,2.15,B04_C0_Ridge,3.7243847202018614
fold_municipality_grouped,4,AGC_172,5.19,B04_C0_Ridge,3.816904512411314
fold_municipality_grouped,4,AGC_176,4.38,B04_C0_Ridge,3.6358722265269696
fold_municipality_grouped,4,AGC_178,4.39,B04_C0_Ridge,3.5725886844681556
fold_municipality_grouped,4,AGC_179,4.55,B04_C0_Ridge,3.857138629753872
fold_municipality_grouped,4,AGC_181,4.51,B04_C0_Ridge,4.027291063065392
fold_municipality_grouped,4,AGC_185,5.01,B04_C0_Ridge,4.164794274555524
fold_municipality_grouped,4,AGC_189,4.03,B04_C0_Ridge,3.8407568976660005
fold_municipality_grouped,4,AGC_193,4.57,B04_C0_Ridge,3.527961559107299
fold_municipality_grouped,4,AGC_195,3.68,B04_C0_Ridge,3.772809236968929
fold_municipality_grouped,4,AGC_197,4.52,B04_C0_Ridge,3.562253552452664
fold_municipality_grouped,4,AGC_002,4.63,B05_C3_PLS,4.142543390559246
fold_municipality_grouped,4,AGC_005,5.16,B05_C3_PLS,4.52456565872362
fold_municipality_grouped,4,AGC_006,4.49,B05_C3_PLS,3.491027579474968
fold_municipality_grouped,4,AGC_008,4.55,B05_C3_PLS,3.722623222629254
fold_municipality_grouped,4,AGC_010,4.1,B05_C3_PLS,3.771394553094627
fold_municipality_grouped,4,AGC_012,4.69,B05_C3_PLS,4.067722325973032
fold_municipality_grouped,4,AGC_013,4.01,B05_C3_PLS,3.800277565721506
fold_municipality_grouped,4,AGC_014,4.83,B05_C3_PLS,4.260906354232871
fold_municipality_grouped,4,AGC_015,2.64,B05_C3_PLS,3.897054595187545
fold_municipality_grouped,4,AGC_017,4.98,B05_C3_PLS,4.068652048343083
fold_municipality_grouped,4,AGC_018,4.49,B05_C3_PLS,4.26487623844564
fold_municipality_grouped,4,AGC_021,4.94,B05_C3_PLS,3.6050030485449778
fold_municipality_grouped,4,AGC_022,4.55,B05_C3_PLS,3.731035291202699
fold_municipality_grouped,4,AGC_024,3.03,B05_C3_PLS,3.731535850764014
fold_municipality_grouped,4,AGC_026,3.55,B05_C3_PLS,3.752178950663241
fold_municipality_grouped,4,AGC_032,4.03,B05_C3_PLS,3.816547465325784
fold_municipality_grouped,4,AGC_033,4.47,B05_C3_PLS,3.575497331223953
fold_municipality_grouped,4,AGC_045,4.1,B05_C3_PLS,4.179991064462984
fold_municipality_grouped,4,AGC_047,4.45,B05_C3_PLS,3.78885850746272
fold_municipality_grouped,4,AGC_049,5.53,B05_C3_PLS,4.023469900991588
fold_municipality_grouped,4,AGC_055,5.45,B05_C3_PLS,4.093543396629565
fold_municipality_grouped,4,AGC_056,5.07,B05_C3_PLS,3.610831981255536
fold_municipality_grouped,4,AGC_057,4.55,B05_C3_PLS,3.8367884032075272
fold_municipality_grouped,4,AGC_060,4.52,B05_C3_PLS,3.990698316600779
fold_municipality_grouped,4,AGC_062,3.81,B05_C3_PLS,3.4192434772133753
fold_municipality_grouped,4,AGC_069,5.46,B05_C3_PLS,4.26997874936061
fold_municipality_grouped,4,AGC_072,4.55,B05_C3_PLS,3.4779284277755895
fold_municipality_grouped,4,AGC_073,4.3,B05_C3_PLS,3.288486351939437
fold_municipality_grouped,4,AGC_077,4.76,B05_C3_PLS,3.4626496899470003
fold_municipality_grouped,4,AGC_090,4.68,B05_C3_PLS,3.951028418188097
fold_municipality_grouped,4,AGC_092,4.57,B05_C3_PLS,3.385101631956725
fold_municipality_grouped,4,AGC_096,4.59,B05_C3_PLS,3.4145241798133585
fold_municipality_grouped,4,AGC_097,4.69,B05_C3_PLS,3.6484507643077615
fold_municipality_grouped,4,AGC_100,4.5,B05_C3_PLS,3.7487348476968108
fold_municipality_grouped,4,AGC_101,4.57,B05_C3_PLS,3.5689908552609864
fold_municipality_grouped,4,AGC_102,4.4,B05_C3_PLS,3.7677889077545297
fold_municipality_grouped,4,AGC_104,4.56,B05_C3_PLS,3.793300728051129
fold_municipality_grouped,4,AGC_105,4.41,B05_C3_PLS,4.02621815223422
fold_municipality_grouped,4,AGC_106,4.43,B05_C3_PLS,3.6370109994724893
fold_municipality_grouped,4,AGC_108,4.51,B05_C3_PLS,3.8502758495563065
fold_municipality_grouped,4,AGC_109,4.54,B05_C3_PLS,3.5625405750956176
fold_municipality_grouped,4,AGC_110,4.18,B05_C3_PLS,3.6806366038652976
fold_municipality_grouped,4,AGC_111,4.72,B05_C3_PLS,3.5829845924707735
fold_municipality_grouped,4,AGC_115,4.6,B05_C3_PLS,2.9457863482990927
fold_municipality_grouped,4,AGC_124,5.05,B05_C3_PLS,4.0314514700896815
fold_municipality_grouped,4,AGC_125,4.06,B05_C3_PLS,4.055483269185716
fold_municipality_grouped,4,AGC_127,5.57,B05_C3_PLS,4.725122880539046
fold_municipality_grouped,4,AGC_131,4.89,B05_C3_PLS,4.276240764715948
fold_municipality_grouped,4,AGC_132,4.13,B05_C3_PLS,3.7794896198512045
fold_municipality_grouped,4,AGC_133,3.91,B05_C3_PLS,3.8342417198777374
fold_municipality_grouped,4,AGC_135,4.49,B05_C3_PLS,3.4041270799091574
fold_municipality_grouped,4,AGC_139,4.67,B05_C3_PLS,3.6341153532945185
fold_municipality_grouped,4,AGC_150,4.52,B05_C3_PLS,4.036394571374893
fold_municipality_grouped,4,AGC_155,4.52,B05_C3_PLS,4.179090960642756
fold_municipality_grouped,4,AGC_159,4.77,B05_C3_PLS,3.9876815680641116
fold_municipality_grouped,4,AGC_160,3.62,B05_C3_PLS,4.104387366933577
fold_municipality_grouped,4,AGC_161,4.46,B05_C3_PLS,4.056041532851512
fold_municipality_grouped,4,AGC_162,5.59,B05_C3_PLS,3.3926657404754574
fold_municipality_grouped,4,AGC_164,3.0,B05_C3_PLS,3.362601080870761
fold_municipality_grouped,4,AGC_165,4.44,B05_C3_PLS,3.648670697941423
fold_municipality_grouped,4,AGC_167,4.54,B05_C3_PLS,4.003275841437848
fold_municipality_grouped,4,AGC_168,4.49,B05_C3_PLS,3.9791371956802393
fold_municipality_grouped,4,AGC_171,2.15,B05_C3_PLS,3.706441970615683
fold_municipality_grouped,4,AGC_172,5.19,B05_C3_PLS,3.707909784797834
fold_municipality_grouped,4,AGC_176,4.38,B05_C3_PLS,3.6312936086241585
fold_municipality_grouped,4,AGC_178,4.39,B05_C3_PLS,3.4587381535173085
fold_municipality_grouped,4,AGC_179,4.55,B05_C3_PLS,3.759076315726051
fold_municipality_grouped,4,AGC_181,4.51,B05_C3_PLS,3.775009737097042
fold_municipality_grouped,4,AGC_185,5.01,B05_C3_PLS,3.9883916116533564
fold_municipality_grouped,4,AGC_189,4.03,B05_C3_PLS,3.7871387137705517
fold_municipality_grouped,4,AGC_193,4.57,B05_C3_PLS,3.6104689618855614
fold_municipality_grouped,4,AGC_195,3.68,B05_C3_PLS,3.5310189497324607
fold_municipality_grouped,4,AGC_197,4.52,B05_C3_PLS,3.5447189678464026
fold_municipality_grouped,4,AGC_002,4.63,B06_C2_PLS,4.142821852561713
fold_municipality_grouped,4,AGC_005,5.16,B06_C2_PLS,4.509534634991885
fold_municipality_grouped,4,AGC_006,4.49,B06_C2_PLS,3.4696773121110938
fold_municipality_grouped,4,AGC_008,4.55,B06_C2_PLS,3.7361035774415785
fold_municipality_grouped,4,AGC_010,4.1,B06_C2_PLS,3.7892976274053938
fold_municipality_grouped,4,AGC_012,4.69,B06_C2_PLS,4.03842757676328
fold_municipality_grouped,4,AGC_013,4.01,B06_C2_PLS,3.7746625670393894
fold_municipality_grouped,4,AGC_014,4.83,B06_C2_PLS,4.286962408564613
fold_municipality_grouped,4,AGC_015,2.64,B06_C2_PLS,3.891976251003391
fold_municipality_grouped,4,AGC_017,4.98,B06_C2_PLS,4.0842293996782875
fold_municipality_grouped,4,AGC_018,4.49,B06_C2_PLS,4.258537116888363
fold_municipality_grouped,4,AGC_021,4.94,B06_C2_PLS,3.4989781861888134
fold_municipality_grouped,4,AGC_022,4.55,B06_C2_PLS,3.723027847045497
fold_municipality_grouped,4,AGC_024,3.03,B06_C2_PLS,3.7614870917417975
fold_municipality_grouped,4,AGC_026,3.55,B06_C2_PLS,3.820763340087812
fold_municipality_grouped,4,AGC_032,4.03,B06_C2_PLS,3.7963118889134178
fold_municipality_grouped,4,AGC_033,4.47,B06_C2_PLS,3.5407984558116126
fold_municipality_grouped,4,AGC_045,4.1,B06_C2_PLS,4.180215441130163
fold_municipality_grouped,4,AGC_047,4.45,B06_C2_PLS,3.833399890748399
fold_municipality_grouped,4,AGC_049,5.53,B06_C2_PLS,3.987356824742677
fold_municipality_grouped,4,AGC_055,5.45,B06_C2_PLS,4.087907139638533
fold_municipality_grouped,4,AGC_056,5.07,B06_C2_PLS,3.6083072151369886
fold_municipality_grouped,4,AGC_057,4.55,B06_C2_PLS,3.8169848028722786
fold_municipality_grouped,4,AGC_060,4.52,B06_C2_PLS,4.012853430054485
fold_municipality_grouped,4,AGC_062,3.81,B06_C2_PLS,3.413978938054939
fold_municipality_grouped,4,AGC_069,5.46,B06_C2_PLS,4.229681373860985
fold_municipality_grouped,4,AGC_072,4.55,B06_C2_PLS,3.4394891316731635
fold_municipality_grouped,4,AGC_073,4.3,B06_C2_PLS,3.29707046056813
fold_municipality_grouped,4,AGC_077,4.76,B06_C2_PLS,3.409343510117535
fold_municipality_grouped,4,AGC_090,4.68,B06_C2_PLS,3.984392243611047
fold_municipality_grouped,4,AGC_092,4.57,B06_C2_PLS,3.3727843088777463
fold_municipality_grouped,4,AGC_096,4.59,B06_C2_PLS,3.3910647043688296
fold_municipality_grouped,4,AGC_097,4.69,B06_C2_PLS,3.5324306994946064
fold_municipality_grouped,4,AGC_100,4.5,B06_C2_PLS,3.7744787963459308
fold_municipality_grouped,4,AGC_101,4.57,B06_C2_PLS,3.5915782956343407
fold_municipality_grouped,4,AGC_102,4.4,B06_C2_PLS,3.7722075370685904
fold_municipality_grouped,4,AGC_104,4.56,B06_C2_PLS,3.7948697352285996
fold_municipality_grouped,4,AGC_105,4.41,B06_C2_PLS,4.045376711635099
fold_municipality_grouped,4,AGC_106,4.43,B06_C2_PLS,3.66682203831732
fold_municipality_grouped,4,AGC_108,4.51,B06_C2_PLS,3.8310240773123954
fold_municipality_grouped,4,AGC_109,4.54,B06_C2_PLS,3.489406438660669
fold_municipality_grouped,4,AGC_110,4.18,B06_C2_PLS,3.6930151606767763
fold_municipality_grouped,4,AGC_111,4.72,B06_C2_PLS,3.512864072238093
fold_municipality_grouped,4,AGC_115,4.6,B06_C2_PLS,3.019270247563214
fold_municipality_grouped,4,AGC_124,5.05,B06_C2_PLS,4.040454751865198
fold_municipality_grouped,4,AGC_125,4.06,B06_C2_PLS,4.101384391587792
fold_municipality_grouped,4,AGC_127,5.57,B06_C2_PLS,4.734095403479427
fold_municipality_grouped,4,AGC_131,4.89,B06_C2_PLS,4.250348138248371
fold_municipality_grouped,4,AGC_132,4.13,B06_C2_PLS,3.772973494904386
fold_municipality_grouped,4,AGC_133,3.91,B06_C2_PLS,3.8337034803717835
fold_municipality_grouped,4,AGC_135,4.49,B06_C2_PLS,3.353336107782442
fold_municipality_grouped,4,AGC_139,4.67,B06_C2_PLS,3.654187712580496
fold_municipality_grouped,4,AGC_150,4.52,B06_C2_PLS,4.033086476765805
fold_municipality_grouped,4,AGC_155,4.52,B06_C2_PLS,4.143895114645257
fold_municipality_grouped,4,AGC_159,4.77,B06_C2_PLS,3.934645377939544
fold_municipality_grouped,4,AGC_160,3.62,B06_C2_PLS,4.042712759563479
fold_municipality_grouped,4,AGC_161,4.46,B06_C2_PLS,4.017033935173108
fold_municipality_grouped,4,AGC_162,5.59,B06_C2_PLS,3.3402259710996716
fold_municipality_grouped,4,AGC_164,3.0,B06_C2_PLS,3.3554454386503174
fold_municipality_grouped,4,AGC_165,4.44,B06_C2_PLS,3.629791936227217
fold_municipality_grouped,4,AGC_167,4.54,B06_C2_PLS,3.9950805218910608
fold_municipality_grouped,4,AGC_168,4.49,B06_C2_PLS,3.8924401204980317
fold_municipality_grouped,4,AGC_171,2.15,B06_C2_PLS,3.71763227150198
fold_municipality_grouped,4,AGC_172,5.19,B06_C2_PLS,3.681688773121763
fold_municipality_grouped,4,AGC_176,4.38,B06_C2_PLS,3.6224528049050186
fold_municipality_grouped,4,AGC_178,4.39,B06_C2_PLS,3.416405536458899
fold_municipality_grouped,4,AGC_179,4.55,B06_C2_PLS,3.7199784659213
fold_municipality_grouped,4,AGC_181,4.51,B06_C2_PLS,3.761687426670519
fold_municipality_grouped,4,AGC_185,5.01,B06_C2_PLS,3.990293631206537
fold_municipality_grouped,4,AGC_189,4.03,B06_C2_PLS,3.8357457277085394
fold_municipality_grouped,4,AGC_193,4.57,B06_C2_PLS,3.612488616235607
fold_municipality_grouped,4,AGC_195,3.68,B06_C2_PLS,3.533215999082971
fold_municipality_grouped,4,AGC_197,4.52,B06_C2_PLS,3.5336076548292064
fold_municipality_grouped,4,AGC_002,4.63,B07_C1_ExtraTrees,4.1692124999999995
fold_municipality_grouped,4,AGC_005,5.16,B07_C1_ExtraTrees,4.341868750000002
fold_municipality_grouped,4,AGC_006,4.49,B07_C1_ExtraTrees,3.8765999999999985
fold_municipality_grouped,4,AGC_008,4.55,B07_C1_ExtraTrees,3.9582520833333334
fold_municipality_grouped,4,AGC_010,4.1,B07_C1_ExtraTrees,4.0587604166666695
fold_municipality_grouped,4,AGC_012,4.69,B07_C1_ExtraTrees,4.338454166666668
fold_municipality_grouped,4,AGC_013,4.01,B07_C1_ExtraTrees,3.929762499999999
fold_municipality_grouped,4,AGC_014,4.83,B07_C1_ExtraTrees,4.310920833333334
fold_municipality_grouped,4,AGC_015,2.64,B07_C1_ExtraTrees,4.121939583333338
fold_municipality_grouped,4,AGC_017,4.98,B07_C1_ExtraTrees,4.229675000000001
fold_municipality_grouped,4,AGC_018,4.49,B07_C1_ExtraTrees,4.30062708333333
fold_municipality_grouped,4,AGC_021,4.94,B07_C1_ExtraTrees,3.9421375000000016
fold_municipality_grouped,4,AGC_022,4.55,B07_C1_ExtraTrees,3.8866583333333335
fold_municipality_grouped,4,AGC_024,3.03,B07_C1_ExtraTrees,3.9987354166666655
fold_municipality_grouped,4,AGC_026,3.55,B07_C1_ExtraTrees,3.992112500000002
fold_municipality_grouped,4,AGC_032,4.03,B07_C1_ExtraTrees,3.978560416666667
fold_municipality_grouped,4,AGC_033,4.47,B07_C1_ExtraTrees,3.9074833333333356
fold_municipality_grouped,4,AGC_045,4.1,B07_C1_ExtraTrees,4.294293749999998
fold_municipality_grouped,4,AGC_047,4.45,B07_C1_ExtraTrees,3.798545833333333
fold_municipality_grouped,4,AGC_049,5.53,B07_C1_ExtraTrees,4.292685416666666
fold_municipality_grouped,4,AGC_055,5.45,B07_C1_ExtraTrees,4.246239583333334
fold_municipality_grouped,4,AGC_056,5.07,B07_C1_ExtraTrees,3.913166666666667
fold_municipality_grouped,4,AGC_057,4.55,B07_C1_ExtraTrees,4.226183333333333
fold_municipality_grouped,4,AGC_060,4.52,B07_C1_ExtraTrees,4.170333333333331
fold_municipality_grouped,4,AGC_062,3.81,B07_C1_ExtraTrees,3.761008333333333
fold_municipality_grouped,4,AGC_069,5.46,B07_C1_ExtraTrees,4.127475000000001
fold_municipality_grouped,4,AGC_072,4.55,B07_C1_ExtraTrees,3.9278416666666645
fold_municipality_grouped,4,AGC_073,4.3,B07_C1_ExtraTrees,3.693116666666665
fold_municipality_grouped,4,AGC_077,4.76,B07_C1_ExtraTrees,3.766408333333333
fold_municipality_grouped,4,AGC_090,4.68,B07_C1_ExtraTrees,4.178274999999997
fold_municipality_grouped,4,AGC_092,4.57,B07_C1_ExtraTrees,3.8691666666666658
fold_municipality_grouped,4,AGC_096,4.59,B07_C1_ExtraTrees,3.7104166666666676
fold_municipality_grouped,4,AGC_097,4.69,B07_C1_ExtraTrees,3.8914291666666663
fold_municipality_grouped,4,AGC_100,4.5,B07_C1_ExtraTrees,4.09002083333333
fold_municipality_grouped,4,AGC_101,4.57,B07_C1_ExtraTrees,3.714945833333334
fold_municipality_grouped,4,AGC_102,4.4,B07_C1_ExtraTrees,3.726475000000001
fold_municipality_grouped,4,AGC_104,4.56,B07_C1_ExtraTrees,3.995766666666668
fold_municipality_grouped,4,AGC_105,4.41,B07_C1_ExtraTrees,4.225943750000002
fold_municipality_grouped,4,AGC_106,4.43,B07_C1_ExtraTrees,3.9860249999999997
fold_municipality_grouped,4,AGC_108,4.51,B07_C1_ExtraTrees,4.026962500000002
fold_municipality_grouped,4,AGC_109,4.54,B07_C1_ExtraTrees,3.844758333333335
fold_municipality_grouped,4,AGC_110,4.18,B07_C1_ExtraTrees,3.993204166666666
fold_municipality_grouped,4,AGC_111,4.72,B07_C1_ExtraTrees,3.8027708333333328
fold_municipality_grouped,4,AGC_115,4.6,B07_C1_ExtraTrees,3.7039208333333336
fold_municipality_grouped,4,AGC_124,5.05,B07_C1_ExtraTrees,4.177235416666664
fold_municipality_grouped,4,AGC_125,4.06,B07_C1_ExtraTrees,4.2912000000000035
fold_municipality_grouped,4,AGC_127,5.57,B07_C1_ExtraTrees,4.3823395833333265
fold_municipality_grouped,4,AGC_131,4.89,B07_C1_ExtraTrees,4.098077083333331
fold_municipality_grouped,4,AGC_132,4.13,B07_C1_ExtraTrees,4.0010375000000025
fold_municipality_grouped,4,AGC_133,3.91,B07_C1_ExtraTrees,3.9852437499999995
fold_municipality_grouped,4,AGC_135,4.49,B07_C1_ExtraTrees,3.759183333333332
fold_municipality_grouped,4,AGC_139,4.67,B07_C1_ExtraTrees,3.83684375
fold_municipality_grouped,4,AGC_150,4.52,B07_C1_ExtraTrees,4.152258333333337
fold_municipality_grouped,4,AGC_155,4.52,B07_C1_ExtraTrees,4.116245833333332
fold_municipality_grouped,4,AGC_159,4.77,B07_C1_ExtraTrees,4.237160416666665
fold_municipality_grouped,4,AGC_160,3.62,B07_C1_ExtraTrees,4.147029166666666
fold_municipality_grouped,4,AGC_161,4.46,B07_C1_ExtraTrees,4.302758333333332
fold_municipality_grouped,4,AGC_162,5.59,B07_C1_ExtraTrees,3.835179166666669
fold_municipality_grouped,4,AGC_164,3.0,B07_C1_ExtraTrees,3.001312500000001
fold_municipality_grouped,4,AGC_165,4.44,B07_C1_ExtraTrees,3.841345833333333
fold_municipality_grouped,4,AGC_167,4.54,B07_C1_ExtraTrees,4.259947916666668
fold_municipality_grouped,4,AGC_168,4.49,B07_C1_ExtraTrees,4.150558333333333
fold_municipality_grouped,4,AGC_171,2.15,B07_C1_ExtraTrees,3.9030333333333336
fold_municipality_grouped,4,AGC_172,5.19,B07_C1_ExtraTrees,4.038616666666667
fold_municipality_grouped,4,AGC_176,4.38,B07_C1_ExtraTrees,3.9326958333333333
fold_municipality_grouped,4,AGC_178,4.39,B07_C1_ExtraTrees,3.676883333333335
fold_municipality_grouped,4,AGC_179,4.55,B07_C1_ExtraTrees,3.9579375
fold_municipality_grouped,4,AGC_181,4.51,B07_C1_ExtraTrees,4.014166666666663
fold_municipality_grouped,4,AGC_185,5.01,B07_C1_ExtraTrees,3.9947333333333344
fold_municipality_grouped,4,AGC_189,4.03,B07_C1_ExtraTrees,3.892864583333333
fold_municipality_grouped,4,AGC_193,4.57,B07_C1_ExtraTrees,3.842597916666666
fold_municipality_grouped,4,AGC_195,3.68,B07_C1_ExtraTrees,3.850810416666665
fold_municipality_grouped,4,AGC_197,4.52,B07_C1_ExtraTrees,3.634908333333335
fold_municipality_grouped,4,AGC_002,4.63,B08_C1_PLS,4.310978705360852
fold_municipality_grouped,4,AGC_005,5.16,B08_C1_PLS,4.688600422713879
fold_municipality_grouped,4,AGC_006,4.49,B08_C1_PLS,3.806595467455492
fold_municipality_grouped,4,AGC_008,4.55,B08_C1_PLS,3.762144627584854
fold_municipality_grouped,4,AGC_010,4.1,B08_C1_PLS,4.0535989418723375
fold_municipality_grouped,4,AGC_012,4.69,B08_C1_PLS,4.373899387846741
fold_municipality_grouped,4,AGC_013,4.01,B08_C1_PLS,4.074166612568154
fold_municipality_grouped,4,AGC_014,4.83,B08_C1_PLS,4.576311133732343
fold_municipality_grouped,4,AGC_015,2.64,B08_C1_PLS,4.039321397993529
fold_municipality_grouped,4,AGC_017,4.98,B08_C1_PLS,4.166941480702439
fold_municipality_grouped,4,AGC_018,4.49,B08_C1_PLS,4.244101551220618
fold_municipality_grouped,4,AGC_021,4.94,B08_C1_PLS,3.786450364715925
fold_municipality_grouped,4,AGC_022,4.55,B08_C1_PLS,3.685893780838025
fold_municipality_grouped,4,AGC_024,3.03,B08_C1_PLS,3.74163392408309
fold_municipality_grouped,4,AGC_026,3.55,B08_C1_PLS,3.9135593790900733
fold_municipality_grouped,4,AGC_032,4.03,B08_C1_PLS,3.721195124376235
fold_municipality_grouped,4,AGC_033,4.47,B08_C1_PLS,3.829576434423353
fold_municipality_grouped,4,AGC_045,4.1,B08_C1_PLS,4.122104550392128
fold_municipality_grouped,4,AGC_047,4.45,B08_C1_PLS,3.7338623654256846
fold_municipality_grouped,4,AGC_049,5.53,B08_C1_PLS,4.213990986169684
fold_municipality_grouped,4,AGC_055,5.45,B08_C1_PLS,4.161434666230526
fold_municipality_grouped,4,AGC_056,5.07,B08_C1_PLS,3.686614482265956
fold_municipality_grouped,4,AGC_057,4.55,B08_C1_PLS,3.9648590896850466
fold_municipality_grouped,4,AGC_060,4.52,B08_C1_PLS,3.909398468977933
fold_municipality_grouped,4,AGC_062,3.81,B08_C1_PLS,3.453781075062913
fold_municipality_grouped,4,AGC_069,5.46,B08_C1_PLS,4.078326461544755
fold_municipality_grouped,4,AGC_072,4.55,B08_C1_PLS,3.9679088922400325
fold_municipality_grouped,4,AGC_073,4.3,B08_C1_PLS,3.2598836544147227
fold_municipality_grouped,4,AGC_077,4.76,B08_C1_PLS,3.483591372839438
fold_municipality_grouped,4,AGC_090,4.68,B08_C1_PLS,3.934680993462555
fold_municipality_grouped,4,AGC_092,4.57,B08_C1_PLS,3.648948069363088
fold_municipality_grouped,4,AGC_096,4.59,B08_C1_PLS,3.3295835714475226
fold_municipality_grouped,4,AGC_097,4.69,B08_C1_PLS,3.763657929571864
fold_municipality_grouped,4,AGC_100,4.5,B08_C1_PLS,3.843250428538178
fold_municipality_grouped,4,AGC_101,4.57,B08_C1_PLS,3.364582013878334
fold_municipality_grouped,4,AGC_102,4.4,B08_C1_PLS,3.3886928142722765
fold_municipality_grouped,4,AGC_104,4.56,B08_C1_PLS,3.8665450200948412
fold_municipality_grouped,4,AGC_105,4.41,B08_C1_PLS,4.198938718909895
fold_municipality_grouped,4,AGC_106,4.43,B08_C1_PLS,3.8665363122118004
fold_municipality_grouped,4,AGC_108,4.51,B08_C1_PLS,3.791407400914064
fold_municipality_grouped,4,AGC_109,4.54,B08_C1_PLS,3.7616285304053134
fold_municipality_grouped,4,AGC_110,4.18,B08_C1_PLS,3.82707301063347
fold_municipality_grouped,4,AGC_111,4.72,B08_C1_PLS,3.7282308123310957
fold_municipality_grouped,4,AGC_115,4.6,B08_C1_PLS,3.4544692365103558
fold_municipality_grouped,4,AGC_124,5.05,B08_C1_PLS,4.122646686787814
fold_municipality_grouped,4,AGC_125,4.06,B08_C1_PLS,4.397787843065022
fold_municipality_grouped,4,AGC_127,5.57,B08_C1_PLS,4.623662731937889
fold_municipality_grouped,4,AGC_131,4.89,B08_C1_PLS,3.8671984729329942
fold_municipality_grouped,4,AGC_132,4.13,B08_C1_PLS,4.070236523758897
fold_municipality_grouped,4,AGC_133,3.91,B08_C1_PLS,4.14171002911005
fold_municipality_grouped,4,AGC_135,4.49,B08_C1_PLS,3.606120367853519
fold_municipality_grouped,4,AGC_139,4.67,B08_C1_PLS,3.6136241338308808
fold_municipality_grouped,4,AGC_150,4.52,B08_C1_PLS,4.06650158726067
fold_municipality_grouped,4,AGC_155,4.52,B08_C1_PLS,4.131707576231374
fold_municipality_grouped,4,AGC_159,4.77,B08_C1_PLS,4.275194562603043
fold_municipality_grouped,4,AGC_160,3.62,B08_C1_PLS,4.116259852416384
fold_municipality_grouped,4,AGC_161,4.46,B08_C1_PLS,4.330719581101884
fold_municipality_grouped,4,AGC_162,5.59,B08_C1_PLS,3.3912351215954355
fold_municipality_grouped,4,AGC_164,3.0,B08_C1_PLS,3.1953810238844746
fold_municipality_grouped,4,AGC_165,4.44,B08_C1_PLS,3.730906768840171
fold_municipality_grouped,4,AGC_167,4.54,B08_C1_PLS,4.247170810631537
fold_municipality_grouped,4,AGC_168,4.49,B08_C1_PLS,4.083945830324415
fold_municipality_grouped,4,AGC_171,2.15,B08_C1_PLS,3.6067742912800624
fold_municipality_grouped,4,AGC_172,5.19,B08_C1_PLS,3.865355456146699
fold_municipality_grouped,4,AGC_176,4.38,B08_C1_PLS,3.6984162614492777
fold_municipality_grouped,4,AGC_178,4.39,B08_C1_PLS,3.2253866222759786
fold_municipality_grouped,4,AGC_179,4.55,B08_C1_PLS,3.9123822163553172
fold_municipality_grouped,4,AGC_181,4.51,B08_C1_PLS,3.717632741082031
fold_municipality_grouped,4,AGC_185,5.01,B08_C1_PLS,3.817290631168769
fold_municipality_grouped,4,AGC_189,4.03,B08_C1_PLS,3.8217804933914796
fold_municipality_grouped,4,AGC_193,4.57,B08_C1_PLS,3.5160143387285445
fold_municipality_grouped,4,AGC_195,3.68,B08_C1_PLS,3.6251325073399583
fold_municipality_grouped,4,AGC_197,4.52,B08_C1_PLS,3.2153156161232386
fold_municipality_grouped,4,AGC_002,4.63,B09_C0_PCA_Ridge,4.3548545799146
fold_municipality_grouped,4,AGC_005,5.16,B09_C0_PCA_Ridge,4.45598046590783
fold_municipality_grouped,4,AGC_006,4.49,B09_C0_PCA_Ridge,4.10379069692684
fold_municipality_grouped,4,AGC_008,4.55,B09_C0_PCA_Ridge,3.996164396078531
fold_municipality_grouped,4,AGC_010,4.1,B09_C0_PCA_Ridge,4.133083553742003
fold_municipality_grouped,4,AGC_012,4.69,B09_C0_PCA_Ridge,4.289001967231831
fold_municipality_grouped,4,AGC_013,4.01,B09_C0_PCA_Ridge,4.360219932063836
fold_municipality_grouped,4,AGC_014,4.83,B09_C0_PCA_Ridge,4.439192459876549
fold_municipality_grouped,4,AGC_015,2.64,B09_C0_PCA_Ridge,3.981710902699954
fold_municipality_grouped,4,AGC_017,4.98,B09_C0_PCA_Ridge,4.130852032898554
fold_municipality_grouped,4,AGC_018,4.49,B09_C0_PCA_Ridge,4.1224083439866055
fold_municipality_grouped,4,AGC_021,4.94,B09_C0_PCA_Ridge,3.7981435910970864
fold_municipality_grouped,4,AGC_022,4.55,B09_C0_PCA_Ridge,3.556682957327693
fold_municipality_grouped,4,AGC_024,3.03,B09_C0_PCA_Ridge,3.9332798372273006
fold_municipality_grouped,4,AGC_026,3.55,B09_C0_PCA_Ridge,4.037913984911905
fold_municipality_grouped,4,AGC_032,4.03,B09_C0_PCA_Ridge,3.7927818920427976
fold_municipality_grouped,4,AGC_033,4.47,B09_C0_PCA_Ridge,3.934850292064948
fold_municipality_grouped,4,AGC_045,4.1,B09_C0_PCA_Ridge,4.101818086153479
fold_municipality_grouped,4,AGC_047,4.45,B09_C0_PCA_Ridge,3.8381303807292637
fold_municipality_grouped,4,AGC_049,5.53,B09_C0_PCA_Ridge,4.083526262585776
fold_municipality_grouped,4,AGC_055,5.45,B09_C0_PCA_Ridge,4.198782910118611
fold_municipality_grouped,4,AGC_056,5.07,B09_C0_PCA_Ridge,3.5869050773039044
fold_municipality_grouped,4,AGC_057,4.55,B09_C0_PCA_Ridge,4.016109573957481
fold_municipality_grouped,4,AGC_060,4.52,B09_C0_PCA_Ridge,4.134792054132058
fold_municipality_grouped,4,AGC_062,3.81,B09_C0_PCA_Ridge,3.8087560564038614
fold_municipality_grouped,4,AGC_069,5.46,B09_C0_PCA_Ridge,4.284292407400042
fold_municipality_grouped,4,AGC_072,4.55,B09_C0_PCA_Ridge,3.9042663659954746
fold_municipality_grouped,4,AGC_073,4.3,B09_C0_PCA_Ridge,3.6350448662435983
fold_municipality_grouped,4,AGC_077,4.76,B09_C0_PCA_Ridge,3.9035334947827325
fold_municipality_grouped,4,AGC_090,4.68,B09_C0_PCA_Ridge,4.274901846761803
fold_municipality_grouped,4,AGC_092,4.57,B09_C0_PCA_Ridge,4.060611243491598
fold_municipality_grouped,4,AGC_096,4.59,B09_C0_PCA_Ridge,3.4327299660452257
fold_municipality_grouped,4,AGC_097,4.69,B09_C0_PCA_Ridge,3.7126103503248835
fold_municipality_grouped,4,AGC_100,4.5,B09_C0_PCA_Ridge,4.082768473349844
fold_municipality_grouped,4,AGC_101,4.57,B09_C0_PCA_Ridge,3.5522265058922518
fold_municipality_grouped,4,AGC_102,4.4,B09_C0_PCA_Ridge,4.192686697505748
fold_municipality_grouped,4,AGC_104,4.56,B09_C0_PCA_Ridge,4.131280055503646
fold_municipality_grouped,4,AGC_105,4.41,B09_C0_PCA_Ridge,4.1859040373181005
fold_municipality_grouped,4,AGC_106,4.43,B09_C0_PCA_Ridge,3.8924669143064703
fold_municipality_grouped,4,AGC_108,4.51,B09_C0_PCA_Ridge,3.8123040932877843
fold_municipality_grouped,4,AGC_109,4.54,B09_C0_PCA_Ridge,3.8518093540879295
fold_municipality_grouped,4,AGC_110,4.18,B09_C0_PCA_Ridge,4.030670992331907
fold_municipality_grouped,4,AGC_111,4.72,B09_C0_PCA_Ridge,3.7548523539945986
fold_municipality_grouped,4,AGC_115,4.6,B09_C0_PCA_Ridge,3.8029225869040193
fold_municipality_grouped,4,AGC_124,5.05,B09_C0_PCA_Ridge,4.189996453543083
fold_municipality_grouped,4,AGC_125,4.06,B09_C0_PCA_Ridge,4.444345756291589
fold_municipality_grouped,4,AGC_127,5.57,B09_C0_PCA_Ridge,5.011197607816792
fold_municipality_grouped,4,AGC_131,4.89,B09_C0_PCA_Ridge,4.6653407861546885
fold_municipality_grouped,4,AGC_132,4.13,B09_C0_PCA_Ridge,4.05832985515414
fold_municipality_grouped,4,AGC_133,3.91,B09_C0_PCA_Ridge,3.8638745701041626
fold_municipality_grouped,4,AGC_135,4.49,B09_C0_PCA_Ridge,3.5896265692219878
fold_municipality_grouped,4,AGC_139,4.67,B09_C0_PCA_Ridge,4.243271714871322
fold_municipality_grouped,4,AGC_150,4.52,B09_C0_PCA_Ridge,4.278910544115522
fold_municipality_grouped,4,AGC_155,4.52,B09_C0_PCA_Ridge,4.302155999006823
fold_municipality_grouped,4,AGC_159,4.77,B09_C0_PCA_Ridge,4.108382465129241
fold_municipality_grouped,4,AGC_160,3.62,B09_C0_PCA_Ridge,4.11350982778694
fold_municipality_grouped,4,AGC_161,4.46,B09_C0_PCA_Ridge,4.251716324749664
fold_municipality_grouped,4,AGC_162,5.59,B09_C0_PCA_Ridge,3.548833657692885
fold_municipality_grouped,4,AGC_164,3.0,B09_C0_PCA_Ridge,3.3715155389470484
fold_municipality_grouped,4,AGC_165,4.44,B09_C0_PCA_Ridge,4.041333837840133
fold_municipality_grouped,4,AGC_167,4.54,B09_C0_PCA_Ridge,4.193078413509383
fold_municipality_grouped,4,AGC_168,4.49,B09_C0_PCA_Ridge,4.584408159505526
fold_municipality_grouped,4,AGC_171,2.15,B09_C0_PCA_Ridge,3.893721241879902
fold_municipality_grouped,4,AGC_172,5.19,B09_C0_PCA_Ridge,3.9456810964259876
fold_municipality_grouped,4,AGC_176,4.38,B09_C0_PCA_Ridge,3.577835837642208
fold_municipality_grouped,4,AGC_178,4.39,B09_C0_PCA_Ridge,3.6983393779551035
fold_municipality_grouped,4,AGC_179,4.55,B09_C0_PCA_Ridge,4.018434000844556
fold_municipality_grouped,4,AGC_181,4.51,B09_C0_PCA_Ridge,4.276153993150318
fold_municipality_grouped,4,AGC_185,5.01,B09_C0_PCA_Ridge,4.480644152200323
fold_municipality_grouped,4,AGC_189,4.03,B09_C0_PCA_Ridge,3.8826115941080808
fold_municipality_grouped,4,AGC_193,4.57,B09_C0_PCA_Ridge,3.6030232492389622
fold_municipality_grouped,4,AGC_195,3.68,B09_C0_PCA_Ridge,4.003318420882715
fold_municipality_grouped,4,AGC_197,4.52,B09_C0_PCA_Ridge,3.512086878003346
fold_municipality_grouped,4,AGC_002,4.63,B10_C1_PCA_Ridge,4.337000779101763
fold_municipality_grouped,4,AGC_005,5.16,B10_C1_PCA_Ridge,4.514510491412553
fold_municipality_grouped,4,AGC_006,4.49,B10_C1_PCA_Ridge,3.6501586927551046
fold_municipality_grouped,4,AGC_008,4.55,B10_C1_PCA_Ridge,3.742393999245068
fold_municipality_grouped,4,AGC_010,4.1,B10_C1_PCA_Ridge,4.066334576822717
fold_municipality_grouped,4,AGC_012,4.69,B10_C1_PCA_Ridge,4.039845706608132
fold_municipality_grouped,4,AGC_013,4.01,B10_C1_PCA_Ridge,3.769767076546954
fold_municipality_grouped,4,AGC_014,4.83,B10_C1_PCA_Ridge,4.525215761179028
fold_municipality_grouped,4,AGC_015,2.64,B10_C1_PCA_Ridge,4.0722676573972745
fold_municipality_grouped,4,AGC_017,4.98,B10_C1_PCA_Ridge,4.195360952290616
fold_municipality_grouped,4,AGC_018,4.49,B10_C1_PCA_Ridge,3.9250350652697654
fold_municipality_grouped,4,AGC_021,4.94,B10_C1_PCA_Ridge,3.5225478146387004
fold_municipality_grouped,4,AGC_022,4.55,B10_C1_PCA_Ridge,3.677385040163236
fold_municipality_grouped,4,AGC_024,3.03,B10_C1_PCA_Ridge,3.708125379723858
fold_municipality_grouped,4,AGC_026,3.55,B10_C1_PCA_Ridge,3.966471599927309
fold_municipality_grouped,4,AGC_032,4.03,B10_C1_PCA_Ridge,3.6039923470484347
fold_municipality_grouped,4,AGC_033,4.47,B10_C1_PCA_Ridge,3.7890225841998166
fold_municipality_grouped,4,AGC_045,4.1,B10_C1_PCA_Ridge,3.8916678655560206
fold_municipality_grouped,4,AGC_047,4.45,B10_C1_PCA_Ridge,3.9391217155132052
fold_municipality_grouped,4,AGC_049,5.53,B10_C1_PCA_Ridge,3.8907035540856887
fold_municipality_grouped,4,AGC_055,5.45,B10_C1_PCA_Ridge,4.082550562809404
fold_municipality_grouped,4,AGC_056,5.07,B10_C1_PCA_Ridge,3.7784074047227514
fold_municipality_grouped,4,AGC_057,4.55,B10_C1_PCA_Ridge,3.876472495906003
fold_municipality_grouped,4,AGC_060,4.52,B10_C1_PCA_Ridge,3.719247840072914
fold_municipality_grouped,4,AGC_062,3.81,B10_C1_PCA_Ridge,3.4995441000668417
fold_municipality_grouped,4,AGC_069,5.46,B10_C1_PCA_Ridge,3.9748125186655314
fold_municipality_grouped,4,AGC_072,4.55,B10_C1_PCA_Ridge,3.6122920233191795
fold_municipality_grouped,4,AGC_073,4.3,B10_C1_PCA_Ridge,3.3248989510862965
fold_municipality_grouped,4,AGC_077,4.76,B10_C1_PCA_Ridge,3.3073296506209893
fold_municipality_grouped,4,AGC_090,4.68,B10_C1_PCA_Ridge,3.800010127804255
fold_municipality_grouped,4,AGC_092,4.57,B10_C1_PCA_Ridge,3.594771792851797
fold_municipality_grouped,4,AGC_096,4.59,B10_C1_PCA_Ridge,3.416170359227398
fold_municipality_grouped,4,AGC_097,4.69,B10_C1_PCA_Ridge,3.531280987569638
fold_municipality_grouped,4,AGC_100,4.5,B10_C1_PCA_Ridge,3.7030477036933633
fold_municipality_grouped,4,AGC_101,4.57,B10_C1_PCA_Ridge,3.397332642591034
fold_municipality_grouped,4,AGC_102,4.4,B10_C1_PCA_Ridge,3.3885089000721837
fold_municipality_grouped,4,AGC_104,4.56,B10_C1_PCA_Ridge,3.94246027686181
fold_municipality_grouped,4,AGC_105,4.41,B10_C1_PCA_Ridge,4.224966871429571
fold_municipality_grouped,4,AGC_106,4.43,B10_C1_PCA_Ridge,3.895932139106621
fold_municipality_grouped,4,AGC_108,4.51,B10_C1_PCA_Ridge,3.6440054696159545
fold_municipality_grouped,4,AGC_109,4.54,B10_C1_PCA_Ridge,3.6399383813901145
fold_municipality_grouped,4,AGC_110,4.18,B10_C1_PCA_Ridge,3.9096059697648684
fold_municipality_grouped,4,AGC_111,4.72,B10_C1_PCA_Ridge,3.491360535746351
fold_municipality_grouped,4,AGC_115,4.6,B10_C1_PCA_Ridge,3.537482843279393
fold_municipality_grouped,4,AGC_124,5.05,B10_C1_PCA_Ridge,4.1328013016959275
fold_municipality_grouped,4,AGC_125,4.06,B10_C1_PCA_Ridge,4.44449029497544
fold_municipality_grouped,4,AGC_127,5.57,B10_C1_PCA_Ridge,4.560044416291424
fold_municipality_grouped,4,AGC_131,4.89,B10_C1_PCA_Ridge,3.8942377290248746
fold_municipality_grouped,4,AGC_132,4.13,B10_C1_PCA_Ridge,3.844542228232053
fold_municipality_grouped,4,AGC_133,3.91,B10_C1_PCA_Ridge,3.6987251444736717
fold_municipality_grouped,4,AGC_135,4.49,B10_C1_PCA_Ridge,3.3467438995385006
fold_municipality_grouped,4,AGC_139,4.67,B10_C1_PCA_Ridge,3.754864163129541
fold_municipality_grouped,4,AGC_150,4.52,B10_C1_PCA_Ridge,4.090060043083746
fold_municipality_grouped,4,AGC_155,4.52,B10_C1_PCA_Ridge,4.014070127968194
fold_municipality_grouped,4,AGC_159,4.77,B10_C1_PCA_Ridge,4.057097175532276
fold_municipality_grouped,4,AGC_160,3.62,B10_C1_PCA_Ridge,3.8669000452212243
fold_municipality_grouped,4,AGC_161,4.46,B10_C1_PCA_Ridge,4.176970209200597
fold_municipality_grouped,4,AGC_162,5.59,B10_C1_PCA_Ridge,3.2342556011596013
fold_municipality_grouped,4,AGC_164,3.0,B10_C1_PCA_Ridge,3.2787573753513253
fold_municipality_grouped,4,AGC_165,4.44,B10_C1_PCA_Ridge,3.4372336196910913
fold_municipality_grouped,4,AGC_167,4.54,B10_C1_PCA_Ridge,4.210852393891744
fold_municipality_grouped,4,AGC_168,4.49,B10_C1_PCA_Ridge,3.9029900118285887
fold_municipality_grouped,4,AGC_171,2.15,B10_C1_PCA_Ridge,3.6231385063576935
fold_municipality_grouped,4,AGC_172,5.19,B10_C1_PCA_Ridge,3.634031102451404
fold_municipality_grouped,4,AGC_176,4.38,B10_C1_PCA_Ridge,3.668996560418608
fold_municipality_grouped,4,AGC_178,4.39,B10_C1_PCA_Ridge,3.1592866331946383
fold_municipality_grouped,4,AGC_179,4.55,B10_C1_PCA_Ridge,3.7230890440365076
fold_municipality_grouped,4,AGC_181,4.51,B10_C1_PCA_Ridge,3.7552386896652785
fold_municipality_grouped,4,AGC_185,5.01,B10_C1_PCA_Ridge,3.7208521488053967
fold_municipality_grouped,4,AGC_189,4.03,B10_C1_PCA_Ridge,3.840776839013209
fold_municipality_grouped,4,AGC_193,4.57,B10_C1_PCA_Ridge,3.4190262656893884
fold_municipality_grouped,4,AGC_195,3.68,B10_C1_PCA_Ridge,3.7250066109559055
fold_municipality_grouped,4,AGC_197,4.52,B10_C1_PCA_Ridge,3.280822120029334
fold_municipality_grouped,5,AGC_009,4.79,B01_C0_PLS,4.217144950412781
fold_municipality_grouped,5,AGC_035,4.68,B01_C0_PLS,3.9746257369390077
fold_municipality_grouped,5,AGC_048,2.5,B01_C0_PLS,3.2243061124199643
fold_municipality_grouped,5,AGC_064,4.51,B01_C0_PLS,4.397431326462506
fold_municipality_grouped,5,AGC_083,4.61,B01_C0_PLS,4.210683355571132
fold_municipality_grouped,5,AGC_119,4.4,B01_C0_PLS,4.471580737482806
fold_municipality_grouped,5,AGC_009,4.79,B02_C3_Ridge,4.29858697381727
fold_municipality_grouped,5,AGC_035,4.68,B02_C3_Ridge,3.778651332897846
fold_municipality_grouped,5,AGC_048,2.5,B02_C3_Ridge,3.278851038876377
fold_municipality_grouped,5,AGC_064,4.51,B02_C3_Ridge,4.376250027753188
fold_municipality_grouped,5,AGC_083,4.61,B02_C3_Ridge,4.116894262317089
fold_municipality_grouped,5,AGC_119,4.4,B02_C3_Ridge,4.342001948355165
fold_municipality_grouped,5,AGC_009,4.79,B03_C1_CatBoost,4.630267380137411
fold_municipality_grouped,5,AGC_035,4.68,B03_C1_CatBoost,4.018134715051929
fold_municipality_grouped,5,AGC_048,2.5,B03_C1_CatBoost,3.631890497599784
fold_municipality_grouped,5,AGC_064,4.51,B03_C1_CatBoost,4.6397142912665
fold_municipality_grouped,5,AGC_083,4.61,B03_C1_CatBoost,4.05062194860875
fold_municipality_grouped,5,AGC_119,4.4,B03_C1_CatBoost,4.658506774258058
fold_municipality_grouped,5,AGC_009,4.79,B04_C0_Ridge,4.304002310407928
fold_municipality_grouped,5,AGC_035,4.68,B04_C0_Ridge,3.82276919425326
fold_municipality_grouped,5,AGC_048,2.5,B04_C0_Ridge,3.264848973358597
fold_municipality_grouped,5,AGC_064,4.51,B04_C0_Ridge,4.423482719218893
fold_municipality_grouped,5,AGC_083,4.61,B04_C0_Ridge,4.133824896343445
fold_municipality_grouped,5,AGC_119,4.4,B04_C0_Ridge,4.380824713866429
fold_municipality_grouped,5,AGC_009,4.79,B05_C3_PLS,4.495867153421928
fold_municipality_grouped,5,AGC_035,4.68,B05_C3_PLS,3.5387607310259597
fold_municipality_grouped,5,AGC_048,2.5,B05_C3_PLS,3.1929898306405624
fold_municipality_grouped,5,AGC_064,4.51,B05_C3_PLS,4.339039836157277
fold_municipality_grouped,5,AGC_083,4.61,B05_C3_PLS,4.052045855468718
fold_municipality_grouped,5,AGC_119,4.4,B05_C3_PLS,4.067968735886151
fold_municipality_grouped,5,AGC_009,4.79,B06_C2_PLS,4.125843015536458
fold_municipality_grouped,5,AGC_035,4.68,B06_C2_PLS,3.988131733388179
fold_municipality_grouped,5,AGC_048,2.5,B06_C2_PLS,3.323397685888577
fold_municipality_grouped,5,AGC_064,4.51,B06_C2_PLS,4.34819436891798
fold_municipality_grouped,5,AGC_083,4.61,B06_C2_PLS,4.112142115492396
fold_municipality_grouped,5,AGC_119,4.4,B06_C2_PLS,4.426170593401608
fold_municipality_grouped,5,AGC_009,4.79,B07_C1_ExtraTrees,4.317758333333335
fold_municipality_grouped,5,AGC_035,4.68,B07_C1_ExtraTrees,3.874845833333332
fold_municipality_grouped,5,AGC_048,2.5,B07_C1_ExtraTrees,3.1426041666666644
fold_municipality_grouped,5,AGC_064,4.51,B07_C1_ExtraTrees,4.32780416666667
fold_municipality_grouped,5,AGC_083,4.61,B07_C1_ExtraTrees,4.076079166666667
fold_municipality_grouped,5,AGC_119,4.4,B07_C1_ExtraTrees,4.340054166666668
fold_municipality_grouped,5,AGC_009,4.79,B08_C1_PLS,4.11535255001983
fold_municipality_grouped,5,AGC_035,4.68,B08_C1_PLS,3.720773337489676
fold_municipality_grouped,5,AGC_048,2.5,B08_C1_PLS,3.394089496750718
fold_municipality_grouped,5,AGC_064,4.51,B08_C1_PLS,4.2933499210469295
fold_municipality_grouped,5,AGC_083,4.61,B08_C1_PLS,3.865102025666042
fold_municipality_grouped,5,AGC_119,4.4,B08_C1_PLS,4.383374131694114
fold_municipality_grouped,5,AGC_009,4.79,B09_C0_PCA_Ridge,4.381040430237033
fold_municipality_grouped,5,AGC_035,4.68,B09_C0_PCA_Ridge,3.7715730305921578
fold_municipality_grouped,5,AGC_048,2.5,B09_C0_PCA_Ridge,3.0152994686671395
fold_municipality_grouped,5,AGC_064,4.51,B09_C0_PCA_Ridge,4.525128883014247
fold_municipality_grouped,5,AGC_083,4.61,B09_C0_PCA_Ridge,4.137389151822743
fold_municipality_grouped,5,AGC_119,4.4,B09_C0_PCA_Ridge,4.218062921092615
fold_municipality_grouped,5,AGC_009,4.79,B10_C1_PCA_Ridge,4.22784367908786
fold_municipality_grouped,5,AGC_035,4.68,B10_C1_PCA_Ridge,3.669523941586085
fold_municipality_grouped,5,AGC_048,2.5,B10_C1_PCA_Ridge,3.4971413100750857
fold_municipality_grouped,5,AGC_064,4.51,B10_C1_PCA_Ridge,4.4738326002762285
fold_municipality_grouped,5,AGC_083,4.61,B10_C1_PCA_Ridge,3.9329511092879827
fold_municipality_grouped,5,AGC_119,4.4,B10_C1_PCA_Ridge,4.435939218862643
