protocol,outer_fold,ID_POLIGONO,observed,base_candidate,predicted
fold_state_stratified,1,AGC_001,3.5,B01_C0_PLS,2.7650173532576545
fold_state_stratified,1,AGC_002,4.63,B01_C0_PLS,4.379567276000788
fold_state_stratified,1,AGC_004,3.0,B01_C0_PLS,3.616071427638922
fold_state_stratified,1,AGC_005,5.16,B01_C0_PLS,5.391057307125081
fold_state_stratified,1,AGC_006,4.49,B01_C0_PLS,4.010160775863522
fold_state_stratified,1,AGC_007,3.5,B01_C0_PLS,2.9280486238100285
fold_state_stratified,1,AGC_008,4.55,B01_C0_PLS,4.1505170015254915
fold_state_stratified,1,AGC_010,4.1,B01_C0_PLS,4.183028942820136
fold_state_stratified,1,AGC_012,4.69,B01_C0_PLS,4.699272294403849
fold_state_stratified,1,AGC_013,4.01,B01_C0_PLS,4.542825145461848
fold_state_stratified,1,AGC_014,4.83,B01_C0_PLS,4.2249713487348055
fold_state_stratified,1,AGC_018,4.49,B01_C0_PLS,4.294272164835797
fold_state_stratified,1,AGC_019,3.0,B01_C0_PLS,2.827991467968998
fold_state_stratified,1,AGC_020,3.5,B01_C0_PLS,2.7905496760775055
fold_state_stratified,1,AGC_021,4.94,B01_C0_PLS,4.753456960108204
fold_state_stratified,1,AGC_022,4.55,B01_C0_PLS,4.6031485864692065
fold_state_stratified,1,AGC_023,3.0,B01_C0_PLS,3.4425222172854175
fold_state_stratified,1,AGC_024,3.03,B01_C0_PLS,4.206898682500494
fold_state_stratified,1,AGC_026,3.55,B01_C0_PLS,4.43663190337715
fold_state_stratified,1,AGC_033,4.47,B01_C0_PLS,4.466440478074114
fold_state_stratified,1,AGC_034,2.0,B01_C0_PLS,3.513069224062645
fold_state_stratified,1,AGC_035,4.68,B01_C0_PLS,4.012808889046385
fold_state_stratified,1,AGC_037,3.5,B01_C0_PLS,3.2925296305575324
fold_state_stratified,1,AGC_038,3.3,B01_C0_PLS,3.208789970718661
fold_state_stratified,1,AGC_040,3.0,B01_C0_PLS,3.38660910334064
fold_state_stratified,1,AGC_041,2.5,B01_C0_PLS,2.9013527998949935
fold_state_stratified,1,AGC_044,3.5,B01_C0_PLS,3.026072264514773
fold_state_stratified,1,AGC_046,3.0,B01_C0_PLS,2.889769521729861
fold_state_stratified,1,AGC_047,4.45,B01_C0_PLS,3.8404658567838696
fold_state_stratified,1,AGC_048,2.5,B01_C0_PLS,3.264684497222114
fold_state_stratified,1,AGC_049,5.53,B01_C0_PLS,4.801665000859017
fold_state_stratified,1,AGC_051,4.45,B01_C0_PLS,3.887386189507001
fold_state_stratified,1,AGC_053,3.5,B01_C0_PLS,3.5069126034146754
fold_state_stratified,1,AGC_055,5.45,B01_C0_PLS,4.858984548090254
fold_state_stratified,1,AGC_056,5.07,B01_C0_PLS,4.701372230205145
fold_state_stratified,1,AGC_057,4.55,B01_C0_PLS,4.668726068752161
fold_state_stratified,1,AGC_059,4.41,B01_C0_PLS,4.195213614828168
fold_state_stratified,1,AGC_060,4.52,B01_C0_PLS,4.548421820958626
fold_state_stratified,1,AGC_062,3.81,B01_C0_PLS,5.010626102171731
fold_state_stratified,1,AGC_064,4.51,B01_C0_PLS,4.158411534909177
fold_state_stratified,1,AGC_066,3.0,B01_C0_PLS,3.1734301273191043
fold_state_stratified,1,AGC_067,3.0,B01_C0_PLS,4.227989389436376
fold_state_stratified,1,AGC_069,5.46,B01_C0_PLS,5.236870682448794
fold_state_stratified,1,AGC_070,3.3,B01_C0_PLS,3.321503521980019
fold_state_stratified,1,AGC_072,4.55,B01_C0_PLS,4.3947851430924025
fold_state_stratified,1,AGC_074,2.5,B01_C0_PLS,3.4256412174566204
fold_state_stratified,1,AGC_077,4.76,B01_C0_PLS,4.167218577105295
fold_state_stratified,1,AGC_078,3.0,B01_C0_PLS,2.8566231852672788
fold_state_stratified,1,AGC_080,3.5,B01_C0_PLS,3.0535814855082775
fold_state_stratified,1,AGC_081,3.7,B01_C0_PLS,3.270659699588821
fold_state_stratified,1,AGC_084,4.54,B01_C0_PLS,4.658949360015633
fold_state_stratified,1,AGC_089,3.0,B01_C0_PLS,3.1977672598917115
fold_state_stratified,1,AGC_092,4.57,B01_C0_PLS,4.187170170559253
fold_state_stratified,1,AGC_096,4.59,B01_C0_PLS,4.389786177140701
fold_state_stratified,1,AGC_097,4.69,B01_C0_PLS,4.657243680659614
fold_state_stratified,1,AGC_098,3.0,B01_C0_PLS,3.466108805040288
fold_state_stratified,1,AGC_099,3.5,B01_C0_PLS,3.756802798194615
fold_state_stratified,1,AGC_100,4.5,B01_C0_PLS,4.282980469255202
fold_state_stratified,1,AGC_101,4.57,B01_C0_PLS,4.243833993112355
fold_state_stratified,1,AGC_104,4.56,B01_C0_PLS,4.1853984691033475
fold_state_stratified,1,AGC_105,4.41,B01_C0_PLS,4.534388925340656
fold_state_stratified,1,AGC_106,4.43,B01_C0_PLS,4.003165912819708
fold_state_stratified,1,AGC_108,4.51,B01_C0_PLS,5.054497251178803
fold_state_stratified,1,AGC_109,4.54,B01_C0_PLS,4.776384309865562
fold_state_stratified,1,AGC_110,4.18,B01_C0_PLS,4.365449882673474
fold_state_stratified,1,AGC_114,3.0,B01_C0_PLS,2.8926600863049785
fold_state_stratified,1,AGC_115,4.6,B01_C0_PLS,3.970387553264818
fold_state_stratified,1,AGC_122,3.5,B01_C0_PLS,2.6677960873571966
fold_state_stratified,1,AGC_123,2.5,B01_C0_PLS,2.8736363144265447
fold_state_stratified,1,AGC_124,5.05,B01_C0_PLS,5.05493855136644
fold_state_stratified,1,AGC_125,4.06,B01_C0_PLS,4.438613938171513
fold_state_stratified,1,AGC_131,4.89,B01_C0_PLS,4.652724206041698
fold_state_stratified,1,AGC_132,4.13,B01_C0_PLS,4.502453599579079
fold_state_stratified,1,AGC_134,4.52,B01_C0_PLS,4.077501121895081
fold_state_stratified,1,AGC_135,4.49,B01_C0_PLS,4.3384819403775285
fold_state_stratified,1,AGC_137,4.54,B01_C0_PLS,4.366581320346393
fold_state_stratified,1,AGC_138,2.5,B01_C0_PLS,3.6968627150350333
fold_state_stratified,1,AGC_140,3.2,B01_C0_PLS,3.1857678527867677
fold_state_stratified,1,AGC_141,3.5,B01_C0_PLS,3.213169770650051
fold_state_stratified,1,AGC_144,2.5,B01_C0_PLS,3.247777723635671
fold_state_stratified,1,AGC_145,3.5,B01_C0_PLS,3.4340667193132663
fold_state_stratified,1,AGC_146,4.58,B01_C0_PLS,4.249347657796196
fold_state_stratified,1,AGC_148,3.0,B01_C0_PLS,2.9467665623815047
fold_state_stratified,1,AGC_150,4.52,B01_C0_PLS,4.443911140282699
fold_state_stratified,1,AGC_151,4.69,B01_C0_PLS,4.750134449668931
fold_state_stratified,1,AGC_152,4.87,B01_C0_PLS,4.647339320134504
fold_state_stratified,1,AGC_155,4.52,B01_C0_PLS,4.906175907200986
fold_state_stratified,1,AGC_157,3.0,B01_C0_PLS,3.314134318056278
fold_state_stratified,1,AGC_160,3.62,B01_C0_PLS,4.899064886716417
fold_state_stratified,1,AGC_162,5.59,B01_C0_PLS,4.609617950512118
fold_state_stratified,1,AGC_163,3.0,B01_C0_PLS,3.3537889445565456
fold_state_stratified,1,AGC_165,4.44,B01_C0_PLS,4.57773769834757
fold_state_stratified,1,AGC_166,2.5,B01_C0_PLS,3.6862584253341635
fold_state_stratified,1,AGC_168,4.49,B01_C0_PLS,4.584129764696303
fold_state_stratified,1,AGC_169,2.5,B01_C0_PLS,3.251306120937362
fold_state_stratified,1,AGC_170,3.0,B01_C0_PLS,3.041056816559667
fold_state_stratified,1,AGC_171,2.15,B01_C0_PLS,4.413287356747496
fold_state_stratified,1,AGC_172,5.19,B01_C0_PLS,4.223742439903068
fold_state_stratified,1,AGC_176,4.38,B01_C0_PLS,4.178155398714403
fold_state_stratified,1,AGC_178,4.39,B01_C0_PLS,4.396829425384929
fold_state_stratified,1,AGC_179,4.55,B01_C0_PLS,4.924404848105807
fold_state_stratified,1,AGC_181,4.51,B01_C0_PLS,4.420423403783534
fold_state_stratified,1,AGC_184,4.47,B01_C0_PLS,4.207159180838481
fold_state_stratified,1,AGC_185,5.01,B01_C0_PLS,4.4091933243673145
fold_state_stratified,1,AGC_189,4.03,B01_C0_PLS,4.353764761978529
fold_state_stratified,1,AGC_193,4.57,B01_C0_PLS,4.261042664569731
fold_state_stratified,1,AGC_194,3.2,B01_C0_PLS,3.632051489734074
fold_state_stratified,1,AGC_195,3.68,B01_C0_PLS,4.2883709238428915
fold_state_stratified,1,AGC_196,3.5,B01_C0_PLS,3.173573262974831
fold_state_stratified,1,AGC_197,4.52,B01_C0_PLS,4.506179544678302
fold_state_stratified,1,AGC_001,3.5,B02_C3_Ridge,2.735424393919993
fold_state_stratified,1,AGC_002,4.63,B02_C3_Ridge,4.34685949603251
fold_state_stratified,1,AGC_004,3.0,B02_C3_Ridge,3.6346043239147816
fold_state_stratified,1,AGC_005,5.16,B02_C3_Ridge,5.093244130119249
fold_state_stratified,1,AGC_006,4.49,B02_C3_Ridge,4.382201585705551
fold_state_stratified,1,AGC_007,3.5,B02_C3_Ridge,3.1402132079899623
fold_state_stratified,1,AGC_008,4.55,B02_C3_Ridge,4.131536011001697
fold_state_stratified,1,AGC_010,4.1,B02_C3_Ridge,4.1120087644442345
fold_state_stratified,1,AGC_012,4.69,B02_C3_Ridge,4.992578461270577
fold_state_stratified,1,AGC_013,4.01,B02_C3_Ridge,4.643004739338325
fold_state_stratified,1,AGC_014,4.83,B02_C3_Ridge,4.1929861393114605
fold_state_stratified,1,AGC_018,4.49,B02_C3_Ridge,4.285388243361226
fold_state_stratified,1,AGC_019,3.0,B02_C3_Ridge,2.875139632767027
fold_state_stratified,1,AGC_020,3.5,B02_C3_Ridge,3.003664663549031
fold_state_stratified,1,AGC_021,4.94,B02_C3_Ridge,4.776557527545879
fold_state_stratified,1,AGC_022,4.55,B02_C3_Ridge,4.39996634363592
fold_state_stratified,1,AGC_023,3.0,B02_C3_Ridge,3.3320305533133547
fold_state_stratified,1,AGC_024,3.03,B02_C3_Ridge,3.9741754222566215
fold_state_stratified,1,AGC_026,3.55,B02_C3_Ridge,4.304174019820403
fold_state_stratified,1,AGC_033,4.47,B02_C3_Ridge,4.734353679697417
fold_state_stratified,1,AGC_034,2.0,B02_C3_Ridge,3.470955991867379
fold_state_stratified,1,AGC_035,4.68,B02_C3_Ridge,4.023854387449783
fold_state_stratified,1,AGC_037,3.5,B02_C3_Ridge,3.2064671335429415
fold_state_stratified,1,AGC_038,3.3,B02_C3_Ridge,3.311819944369855
fold_state_stratified,1,AGC_040,3.0,B02_C3_Ridge,3.3257277007161106
fold_state_stratified,1,AGC_041,2.5,B02_C3_Ridge,3.2416784929111984
fold_state_stratified,1,AGC_044,3.5,B02_C3_Ridge,3.2372133297289665
fold_state_stratified,1,AGC_046,3.0,B02_C3_Ridge,2.8871821414489656
fold_state_stratified,1,AGC_047,4.45,B02_C3_Ridge,3.864171588814193
fold_state_stratified,1,AGC_048,2.5,B02_C3_Ridge,3.375389419818494
fold_state_stratified,1,AGC_049,5.53,B02_C3_Ridge,4.745713126656526
fold_state_stratified,1,AGC_051,4.45,B02_C3_Ridge,4.050112590373525
fold_state_stratified,1,AGC_053,3.5,B02_C3_Ridge,3.413928313122308
fold_state_stratified,1,AGC_055,5.45,B02_C3_Ridge,4.708395745755793
fold_state_stratified,1,AGC_056,5.07,B02_C3_Ridge,4.644204237404789
fold_state_stratified,1,AGC_057,4.55,B02_C3_Ridge,4.994540347760148
fold_state_stratified,1,AGC_059,4.41,B02_C3_Ridge,4.267882561774732
fold_state_stratified,1,AGC_060,4.52,B02_C3_Ridge,4.633498506399471
fold_state_stratified,1,AGC_062,3.81,B02_C3_Ridge,4.555673603643206
fold_state_stratified,1,AGC_064,4.51,B02_C3_Ridge,4.209178185044901
fold_state_stratified,1,AGC_066,3.0,B02_C3_Ridge,3.2158402797672476
fold_state_stratified,1,AGC_067,3.0,B02_C3_Ridge,3.6670640084675057
fold_state_stratified,1,AGC_069,5.46,B02_C3_Ridge,5.003854399905318
fold_state_stratified,1,AGC_070,3.3,B02_C3_Ridge,3.387639741885639
fold_state_stratified,1,AGC_072,4.55,B02_C3_Ridge,4.407195977746172
fold_state_stratified,1,AGC_074,2.5,B02_C3_Ridge,3.317586769456711
fold_state_stratified,1,AGC_077,4.76,B02_C3_Ridge,4.240138974544718
fold_state_stratified,1,AGC_078,3.0,B02_C3_Ridge,3.1055120096095865
fold_state_stratified,1,AGC_080,3.5,B02_C3_Ridge,3.1817180389023516
fold_state_stratified,1,AGC_081,3.7,B02_C3_Ridge,3.53673647868566
fold_state_stratified,1,AGC_084,4.54,B02_C3_Ridge,4.762189641046595
fold_state_stratified,1,AGC_089,3.0,B02_C3_Ridge,3.2092523014034424
fold_state_stratified,1,AGC_092,4.57,B02_C3_Ridge,4.316198683610784
fold_state_stratified,1,AGC_096,4.59,B02_C3_Ridge,4.309226664034308
fold_state_stratified,1,AGC_097,4.69,B02_C3_Ridge,4.674940511513253
fold_state_stratified,1,AGC_098,3.0,B02_C3_Ridge,3.4141441855463235
fold_state_stratified,1,AGC_099,3.5,B02_C3_Ridge,3.686372744630403
fold_state_stratified,1,AGC_100,4.5,B02_C3_Ridge,4.248743386717655
fold_state_stratified,1,AGC_101,4.57,B02_C3_Ridge,4.138636046766882
fold_state_stratified,1,AGC_104,4.56,B02_C3_Ridge,4.2675670874090335
fold_state_stratified,1,AGC_105,4.41,B02_C3_Ridge,4.373812574959085
fold_state_stratified,1,AGC_106,4.43,B02_C3_Ridge,3.968404137127076
fold_state_stratified,1,AGC_108,4.51,B02_C3_Ridge,5.1118730786177835
fold_state_stratified,1,AGC_109,4.54,B02_C3_Ridge,4.868174657888206
fold_state_stratified,1,AGC_110,4.18,B02_C3_Ridge,4.344566822864268
fold_state_stratified,1,AGC_114,3.0,B02_C3_Ridge,2.9662127633712645
fold_state_stratified,1,AGC_115,4.6,B02_C3_Ridge,4.049822282680294
fold_state_stratified,1,AGC_122,3.5,B02_C3_Ridge,2.7740569503548844
fold_state_stratified,1,AGC_123,2.5,B02_C3_Ridge,2.891386906955134
fold_state_stratified,1,AGC_124,5.05,B02_C3_Ridge,4.93007915706181
fold_state_stratified,1,AGC_125,4.06,B02_C3_Ridge,4.365929377900493
fold_state_stratified,1,AGC_131,4.89,B02_C3_Ridge,4.309025782012412
fold_state_stratified,1,AGC_132,4.13,B02_C3_Ridge,4.579262264477756
fold_state_stratified,1,AGC_134,4.52,B02_C3_Ridge,4.307215836354981
fold_state_stratified,1,AGC_135,4.49,B02_C3_Ridge,4.299080861173959
fold_state_stratified,1,AGC_137,4.54,B02_C3_Ridge,4.590654771359826
fold_state_stratified,1,AGC_138,2.5,B02_C3_Ridge,3.677716550884044
fold_state_stratified,1,AGC_140,3.2,B02_C3_Ridge,3.294282978780343
fold_state_stratified,1,AGC_141,3.5,B02_C3_Ridge,3.1858149029292804
fold_state_stratified,1,AGC_144,2.5,B02_C3_Ridge,3.1280896505189477
fold_state_stratified,1,AGC_145,3.5,B02_C3_Ridge,3.3087603036245836
fold_state_stratified,1,AGC_146,4.58,B02_C3_Ridge,4.3507141135640675
fold_state_stratified,1,AGC_148,3.0,B02_C3_Ridge,3.2151183516712436
fold_state_stratified,1,AGC_150,4.52,B02_C3_Ridge,4.421215965897196
fold_state_stratified,1,AGC_151,4.69,B02_C3_Ridge,4.985730391923356
fold_state_stratified,1,AGC_152,4.87,B02_C3_Ridge,4.501855877843022
fold_state_stratified,1,AGC_155,4.52,B02_C3_Ridge,4.908647695543237
fold_state_stratified,1,AGC_157,3.0,B02_C3_Ridge,3.237810719315646
fold_state_stratified,1,AGC_160,3.62,B02_C3_Ridge,4.869534238960297
fold_state_stratified,1,AGC_162,5.59,B02_C3_Ridge,4.542130264662186
fold_state_stratified,1,AGC_163,3.0,B02_C3_Ridge,3.319728796188307
fold_state_stratified,1,AGC_165,4.44,B02_C3_Ridge,4.692978210457702
fold_state_stratified,1,AGC_166,2.5,B02_C3_Ridge,3.5953609502128154
fold_state_stratified,1,AGC_168,4.49,B02_C3_Ridge,4.420763655290945
fold_state_stratified,1,AGC_169,2.5,B02_C3_Ridge,3.1791047126919816
fold_state_stratified,1,AGC_170,3.0,B02_C3_Ridge,3.250903745511366
fold_state_stratified,1,AGC_171,2.15,B02_C3_Ridge,4.272691339426478
fold_state_stratified,1,AGC_172,5.19,B02_C3_Ridge,4.397760627505547
fold_state_stratified,1,AGC_176,4.38,B02_C3_Ridge,4.201851691830608
fold_state_stratified,1,AGC_178,4.39,B02_C3_Ridge,4.339847452507648
fold_state_stratified,1,AGC_179,4.55,B02_C3_Ridge,4.812009258194392
fold_state_stratified,1,AGC_181,4.51,B02_C3_Ridge,4.416193374020631
fold_state_stratified,1,AGC_184,4.47,B02_C3_Ridge,4.2286880241532225
fold_state_stratified,1,AGC_185,5.01,B02_C3_Ridge,4.256531693598611
fold_state_stratified,1,AGC_189,4.03,B02_C3_Ridge,4.305933973663488
fold_state_stratified,1,AGC_193,4.57,B02_C3_Ridge,4.067184365039414
fold_state_stratified,1,AGC_194,3.2,B02_C3_Ridge,3.49327890732401
fold_state_stratified,1,AGC_195,3.68,B02_C3_Ridge,4.212484256005294
fold_state_stratified,1,AGC_196,3.5,B02_C3_Ridge,3.2801650658145776
fold_state_stratified,1,AGC_197,4.52,B02_C3_Ridge,4.335655191839969
fold_state_stratified,1,AGC_001,3.5,B03_C1_CatBoost,3.0387409229797413
fold_state_stratified,1,AGC_002,4.63,B03_C1_CatBoost,4.063066750789574
fold_state_stratified,1,AGC_004,3.0,B03_C1_CatBoost,3.191999136626009
fold_state_stratified,1,AGC_005,5.16,B03_C1_CatBoost,4.414405450539107
fold_state_stratified,1,AGC_006,4.49,B03_C1_CatBoost,4.202905768815242
fold_state_stratified,1,AGC_007,3.5,B03_C1_CatBoost,3.2943902772390175
fold_state_stratified,1,AGC_008,4.55,B03_C1_CatBoost,4.137196464081882
fold_state_stratified,1,AGC_010,4.1,B03_C1_CatBoost,4.387474381507019
fold_state_stratified,1,AGC_012,4.69,B03_C1_CatBoost,4.592886554585675
fold_state_stratified,1,AGC_013,4.01,B03_C1_CatBoost,4.428570065382928
fold_state_stratified,1,AGC_014,4.83,B03_C1_CatBoost,4.3217634763666695
fold_state_stratified,1,AGC_018,4.49,B03_C1_CatBoost,4.832695298955741
fold_state_stratified,1,AGC_019,3.0,B03_C1_CatBoost,2.9426437460740544
fold_state_stratified,1,AGC_020,3.5,B03_C1_CatBoost,3.24551755350808
fold_state_stratified,1,AGC_021,4.94,B03_C1_CatBoost,4.855113195949492
fold_state_stratified,1,AGC_022,4.55,B03_C1_CatBoost,4.2322652577170174
fold_state_stratified,1,AGC_023,3.0,B03_C1_CatBoost,3.3643207206889656
fold_state_stratified,1,AGC_024,3.03,B03_C1_CatBoost,4.013583639768967
fold_state_stratified,1,AGC_026,3.55,B03_C1_CatBoost,4.085447218820519
fold_state_stratified,1,AGC_033,4.47,B03_C1_CatBoost,4.933990683955699
fold_state_stratified,1,AGC_034,2.0,B03_C1_CatBoost,3.1548238239470265
fold_state_stratified,1,AGC_035,4.68,B03_C1_CatBoost,3.928909248037826
fold_state_stratified,1,AGC_037,3.5,B03_C1_CatBoost,2.9506024179383985
fold_state_stratified,1,AGC_038,3.3,B03_C1_CatBoost,2.957723302519298
fold_state_stratified,1,AGC_040,3.0,B03_C1_CatBoost,3.5019295313292105
fold_state_stratified,1,AGC_041,2.5,B03_C1_CatBoost,2.9409141386240663
fold_state_stratified,1,AGC_044,3.5,B03_C1_CatBoost,3.537166762509287
fold_state_stratified,1,AGC_046,3.0,B03_C1_CatBoost,3.054085655034669
fold_state_stratified,1,AGC_047,4.45,B03_C1_CatBoost,3.8027133158029756
fold_state_stratified,1,AGC_048,2.5,B03_C1_CatBoost,3.732407076617619
fold_state_stratified,1,AGC_049,5.53,B03_C1_CatBoost,4.819979508373763
fold_state_stratified,1,AGC_051,4.45,B03_C1_CatBoost,4.4534303023378925
fold_state_stratified,1,AGC_053,3.5,B03_C1_CatBoost,3.4156164516896297
fold_state_stratified,1,AGC_055,5.45,B03_C1_CatBoost,4.586025430828386
fold_state_stratified,1,AGC_056,5.07,B03_C1_CatBoost,4.577591145354063
fold_state_stratified,1,AGC_057,4.55,B03_C1_CatBoost,5.125169046523524
fold_state_stratified,1,AGC_059,4.41,B03_C1_CatBoost,4.405367180483637
fold_state_stratified,1,AGC_060,4.52,B03_C1_CatBoost,4.741177768094531
fold_state_stratified,1,AGC_062,3.81,B03_C1_CatBoost,4.54945416465489
fold_state_stratified,1,AGC_064,4.51,B03_C1_CatBoost,4.280840050227681
fold_state_stratified,1,AGC_066,3.0,B03_C1_CatBoost,3.1648200590969395
fold_state_stratified,1,AGC_067,3.0,B03_C1_CatBoost,3.4902756195301663
fold_state_stratified,1,AGC_069,5.46,B03_C1_CatBoost,4.416041658201056
fold_state_stratified,1,AGC_070,3.3,B03_C1_CatBoost,3.2406067076149156
fold_state_stratified,1,AGC_072,4.55,B03_C1_CatBoost,4.399709475820146
fold_state_stratified,1,AGC_074,2.5,B03_C1_CatBoost,3.375294205312912
fold_state_stratified,1,AGC_077,4.76,B03_C1_CatBoost,4.402196821733014
fold_state_stratified,1,AGC_078,3.0,B03_C1_CatBoost,3.396307029186346
fold_state_stratified,1,AGC_080,3.5,B03_C1_CatBoost,3.5063054346933313
fold_state_stratified,1,AGC_081,3.7,B03_C1_CatBoost,3.0267285079077055
fold_state_stratified,1,AGC_084,4.54,B03_C1_CatBoost,4.5829792533253695
fold_state_stratified,1,AGC_089,3.0,B03_C1_CatBoost,3.189252108586061
fold_state_stratified,1,AGC_092,4.57,B03_C1_CatBoost,4.238629121193185
fold_state_stratified,1,AGC_096,4.59,B03_C1_CatBoost,4.279110827996192
fold_state_stratified,1,AGC_097,4.69,B03_C1_CatBoost,4.719880197025077
fold_state_stratified,1,AGC_098,3.0,B03_C1_CatBoost,3.4270688430217433
fold_state_stratified,1,AGC_099,3.5,B03_C1_CatBoost,3.4092103735144974
fold_state_stratified,1,AGC_100,4.5,B03_C1_CatBoost,4.4649675783766725
fold_state_stratified,1,AGC_101,4.57,B03_C1_CatBoost,3.95057653749393
fold_state_stratified,1,AGC_104,4.56,B03_C1_CatBoost,4.095550005266659
fold_state_stratified,1,AGC_105,4.41,B03_C1_CatBoost,4.44404792041238
fold_state_stratified,1,AGC_106,4.43,B03_C1_CatBoost,3.931930147931837
fold_state_stratified,1,AGC_108,4.51,B03_C1_CatBoost,5.257758532321532
fold_state_stratified,1,AGC_109,4.54,B03_C1_CatBoost,4.728665478593484
fold_state_stratified,1,AGC_110,4.18,B03_C1_CatBoost,4.471968633787583
fold_state_stratified,1,AGC_114,3.0,B03_C1_CatBoost,3.0719310978233807
fold_state_stratified,1,AGC_115,4.6,B03_C1_CatBoost,3.96092065585583
fold_state_stratified,1,AGC_122,3.5,B03_C1_CatBoost,2.969383986906223
fold_state_stratified,1,AGC_123,2.5,B03_C1_CatBoost,3.0710450033434427
fold_state_stratified,1,AGC_124,5.05,B03_C1_CatBoost,4.844818782676157
fold_state_stratified,1,AGC_125,4.06,B03_C1_CatBoost,4.367091638191596
fold_state_stratified,1,AGC_131,4.89,B03_C1_CatBoost,4.307518832313008
fold_state_stratified,1,AGC_132,4.13,B03_C1_CatBoost,4.4234783060007885
fold_state_stratified,1,AGC_134,4.52,B03_C1_CatBoost,4.0828628828696765
fold_state_stratified,1,AGC_135,4.49,B03_C1_CatBoost,4.492358037160557
fold_state_stratified,1,AGC_137,4.54,B03_C1_CatBoost,4.710478017618783
fold_state_stratified,1,AGC_138,2.5,B03_C1_CatBoost,3.399131783873486
fold_state_stratified,1,AGC_140,3.2,B03_C1_CatBoost,3.4276961917119877
fold_state_stratified,1,AGC_141,3.5,B03_C1_CatBoost,3.1075643731358014
fold_state_stratified,1,AGC_144,2.5,B03_C1_CatBoost,3.1069662898221395
fold_state_stratified,1,AGC_145,3.5,B03_C1_CatBoost,3.203818676885703
fold_state_stratified,1,AGC_146,4.58,B03_C1_CatBoost,4.322803715573883
fold_state_stratified,1,AGC_148,3.0,B03_C1_CatBoost,3.29779080554772
fold_state_stratified,1,AGC_150,4.52,B03_C1_CatBoost,4.27470781879515
fold_state_stratified,1,AGC_151,4.69,B03_C1_CatBoost,4.708792625113347
fold_state_stratified,1,AGC_152,4.87,B03_C1_CatBoost,4.53074463600754
fold_state_stratified,1,AGC_155,4.52,B03_C1_CatBoost,4.740331329753417
fold_state_stratified,1,AGC_157,3.0,B03_C1_CatBoost,3.2910282200972176
fold_state_stratified,1,AGC_160,3.62,B03_C1_CatBoost,4.656319160755885
fold_state_stratified,1,AGC_162,5.59,B03_C1_CatBoost,4.466867853179792
fold_state_stratified,1,AGC_163,3.0,B03_C1_CatBoost,3.2434494415200277
fold_state_stratified,1,AGC_165,4.44,B03_C1_CatBoost,4.335772483038227
fold_state_stratified,1,AGC_166,2.5,B03_C1_CatBoost,3.183455172263166
fold_state_stratified,1,AGC_168,4.49,B03_C1_CatBoost,4.417897964701297
fold_state_stratified,1,AGC_169,2.5,B03_C1_CatBoost,3.341843284335482
fold_state_stratified,1,AGC_170,3.0,B03_C1_CatBoost,3.232728231786041
fold_state_stratified,1,AGC_171,2.15,B03_C1_CatBoost,4.4384564209842665
fold_state_stratified,1,AGC_172,5.19,B03_C1_CatBoost,4.675203705514832
fold_state_stratified,1,AGC_176,4.38,B03_C1_CatBoost,4.274111048825034
fold_state_stratified,1,AGC_178,4.39,B03_C1_CatBoost,4.24915016543946
fold_state_stratified,1,AGC_179,4.55,B03_C1_CatBoost,4.707409496997116
fold_state_stratified,1,AGC_181,4.51,B03_C1_CatBoost,4.4088838548073
fold_state_stratified,1,AGC_184,4.47,B03_C1_CatBoost,4.294515763058627
fold_state_stratified,1,AGC_185,5.01,B03_C1_CatBoost,4.358366685053625
fold_state_stratified,1,AGC_189,4.03,B03_C1_CatBoost,4.275039891727857
fold_state_stratified,1,AGC_193,4.57,B03_C1_CatBoost,4.045102371450184
fold_state_stratified,1,AGC_194,3.2,B03_C1_CatBoost,3.2417703048449766
fold_state_stratified,1,AGC_195,3.68,B03_C1_CatBoost,4.479988196912473
fold_state_stratified,1,AGC_196,3.5,B03_C1_CatBoost,3.614981530204716
fold_state_stratified,1,AGC_197,4.52,B03_C1_CatBoost,4.284790570093719
fold_state_stratified,1,AGC_001,3.5,B04_C0_Ridge,2.8623010597865246
fold_state_stratified,1,AGC_002,4.63,B04_C0_Ridge,4.366440984296244
fold_state_stratified,1,AGC_004,3.0,B04_C0_Ridge,3.7456086209310873
fold_state_stratified,1,AGC_005,5.16,B04_C0_Ridge,4.99358577129612
fold_state_stratified,1,AGC_006,4.49,B04_C0_Ridge,4.26419300498652
fold_state_stratified,1,AGC_007,3.5,B04_C0_Ridge,3.174364992252765
fold_state_stratified,1,AGC_008,4.55,B04_C0_Ridge,4.145741501945097
fold_state_stratified,1,AGC_010,4.1,B04_C0_Ridge,4.051577852348222
fold_state_stratified,1,AGC_012,4.69,B04_C0_Ridge,4.86376303370826
fold_state_stratified,1,AGC_013,4.01,B04_C0_Ridge,4.6238167966666115
fold_state_stratified,1,AGC_014,4.83,B04_C0_Ridge,4.203549921109721
fold_state_stratified,1,AGC_018,4.49,B04_C0_Ridge,4.385554125576584
fold_state_stratified,1,AGC_019,3.0,B04_C0_Ridge,2.909347131787026
fold_state_stratified,1,AGC_020,3.5,B04_C0_Ridge,2.9412776181192752
fold_state_stratified,1,AGC_021,4.94,B04_C0_Ridge,4.760083498271676
fold_state_stratified,1,AGC_022,4.55,B04_C0_Ridge,4.457532219333752
fold_state_stratified,1,AGC_023,3.0,B04_C0_Ridge,3.366486659085078
fold_state_stratified,1,AGC_024,3.03,B04_C0_Ridge,3.9712869355600233
fold_state_stratified,1,AGC_026,3.55,B04_C0_Ridge,4.27336918727119
fold_state_stratified,1,AGC_033,4.47,B04_C0_Ridge,4.666761526581895
fold_state_stratified,1,AGC_034,2.0,B04_C0_Ridge,3.553466967933322
fold_state_stratified,1,AGC_035,4.68,B04_C0_Ridge,4.0200181785225215
fold_state_stratified,1,AGC_037,3.5,B04_C0_Ridge,3.2110592370590076
fold_state_stratified,1,AGC_038,3.3,B04_C0_Ridge,3.4157541237550975
fold_state_stratified,1,AGC_040,3.0,B04_C0_Ridge,3.3346794826369233
fold_state_stratified,1,AGC_041,2.5,B04_C0_Ridge,3.3061489776762047
fold_state_stratified,1,AGC_044,3.5,B04_C0_Ridge,3.205964296799184
fold_state_stratified,1,AGC_046,3.0,B04_C0_Ridge,2.9125359520188496
fold_state_stratified,1,AGC_047,4.45,B04_C0_Ridge,3.8505095016567767
fold_state_stratified,1,AGC_048,2.5,B04_C0_Ridge,3.3224037253432055
fold_state_stratified,1,AGC_049,5.53,B04_C0_Ridge,4.686087987038021
fold_state_stratified,1,AGC_051,4.45,B04_C0_Ridge,3.9405902326980966
fold_state_stratified,1,AGC_053,3.5,B04_C0_Ridge,3.4716614914197237
fold_state_stratified,1,AGC_055,5.45,B04_C0_Ridge,4.75480076911261
fold_state_stratified,1,AGC_056,5.07,B04_C0_Ridge,4.57427512439284
fold_state_stratified,1,AGC_057,4.55,B04_C0_Ridge,4.882226510690403
fold_state_stratified,1,AGC_059,4.41,B04_C0_Ridge,4.210281631188862
fold_state_stratified,1,AGC_060,4.52,B04_C0_Ridge,4.614470777873576
fold_state_stratified,1,AGC_062,3.81,B04_C0_Ridge,4.543444317852872
fold_state_stratified,1,AGC_064,4.51,B04_C0_Ridge,4.237462262877592
fold_state_stratified,1,AGC_066,3.0,B04_C0_Ridge,3.235818459825473
fold_state_stratified,1,AGC_067,3.0,B04_C0_Ridge,3.7571671232839177
fold_state_stratified,1,AGC_069,5.46,B04_C0_Ridge,5.093697325934896
fold_state_stratified,1,AGC_070,3.3,B04_C0_Ridge,3.4815131657011804
fold_state_stratified,1,AGC_072,4.55,B04_C0_Ridge,4.331752158316002
fold_state_stratified,1,AGC_074,2.5,B04_C0_Ridge,3.324894849608737
fold_state_stratified,1,AGC_077,4.76,B04_C0_Ridge,4.192514524672709
fold_state_stratified,1,AGC_078,3.0,B04_C0_Ridge,3.0662781512762356
fold_state_stratified,1,AGC_080,3.5,B04_C0_Ridge,3.1529289057007404
fold_state_stratified,1,AGC_081,3.7,B04_C0_Ridge,3.6593179367955218
fold_state_stratified,1,AGC_084,4.54,B04_C0_Ridge,4.771022826706786
fold_state_stratified,1,AGC_089,3.0,B04_C0_Ridge,3.217086941048268
fold_state_stratified,1,AGC_092,4.57,B04_C0_Ridge,4.209308073847699
fold_state_stratified,1,AGC_096,4.59,B04_C0_Ridge,4.36621797476495
fold_state_stratified,1,AGC_097,4.69,B04_C0_Ridge,4.654204504865061
fold_state_stratified,1,AGC_098,3.0,B04_C0_Ridge,3.5242246860368724
fold_state_stratified,1,AGC_099,3.5,B04_C0_Ridge,3.671972279620197
fold_state_stratified,1,AGC_100,4.5,B04_C0_Ridge,4.267786562894815
fold_state_stratified,1,AGC_101,4.57,B04_C0_Ridge,4.150420696658287
fold_state_stratified,1,AGC_104,4.56,B04_C0_Ridge,4.200864380760636
fold_state_stratified,1,AGC_105,4.41,B04_C0_Ridge,4.346441795027851
fold_state_stratified,1,AGC_106,4.43,B04_C0_Ridge,3.9608028449408423
fold_state_stratified,1,AGC_108,4.51,B04_C0_Ridge,5.084773613013326
fold_state_stratified,1,AGC_109,4.54,B04_C0_Ridge,4.806204553124488
fold_state_stratified,1,AGC_110,4.18,B04_C0_Ridge,4.300671870841569
fold_state_stratified,1,AGC_114,3.0,B04_C0_Ridge,2.9862791824086976
fold_state_stratified,1,AGC_115,4.6,B04_C0_Ridge,4.0471180691459985
fold_state_stratified,1,AGC_122,3.5,B04_C0_Ridge,2.9126590321942127
fold_state_stratified,1,AGC_123,2.5,B04_C0_Ridge,2.892417089575249
fold_state_stratified,1,AGC_124,5.05,B04_C0_Ridge,4.829738338995383
fold_state_stratified,1,AGC_125,4.06,B04_C0_Ridge,4.329015674918837
fold_state_stratified,1,AGC_131,4.89,B04_C0_Ridge,4.339948543503896
fold_state_stratified,1,AGC_132,4.13,B04_C0_Ridge,4.597620845330501
fold_state_stratified,1,AGC_134,4.52,B04_C0_Ridge,4.194899981337346
fold_state_stratified,1,AGC_135,4.49,B04_C0_Ridge,4.217973166144631
fold_state_stratified,1,AGC_137,4.54,B04_C0_Ridge,4.499039785827487
fold_state_stratified,1,AGC_138,2.5,B04_C0_Ridge,3.6551650103791014
fold_state_stratified,1,AGC_140,3.2,B04_C0_Ridge,3.2595415344542773
fold_state_stratified,1,AGC_141,3.5,B04_C0_Ridge,3.216142645944795
fold_state_stratified,1,AGC_144,2.5,B04_C0_Ridge,3.1488266928110455
fold_state_stratified,1,AGC_145,3.5,B04_C0_Ridge,3.3282974005007295
fold_state_stratified,1,AGC_146,4.58,B04_C0_Ridge,4.399103680743617
fold_state_stratified,1,AGC_148,3.0,B04_C0_Ridge,3.1659631147659466
fold_state_stratified,1,AGC_150,4.52,B04_C0_Ridge,4.308879394037266
fold_state_stratified,1,AGC_151,4.69,B04_C0_Ridge,5.01185661257589
fold_state_stratified,1,AGC_152,4.87,B04_C0_Ridge,4.501502635364457
fold_state_stratified,1,AGC_155,4.52,B04_C0_Ridge,4.813441343932159
fold_state_stratified,1,AGC_157,3.0,B04_C0_Ridge,3.29737764214325
fold_state_stratified,1,AGC_160,3.62,B04_C0_Ridge,4.818948764488175
fold_state_stratified,1,AGC_162,5.59,B04_C0_Ridge,4.490943355668604
fold_state_stratified,1,AGC_163,3.0,B04_C0_Ridge,3.391761381318014
fold_state_stratified,1,AGC_165,4.44,B04_C0_Ridge,4.680766208713747
fold_state_stratified,1,AGC_166,2.5,B04_C0_Ridge,3.6756956278812347
fold_state_stratified,1,AGC_168,4.49,B04_C0_Ridge,4.444865798436389
fold_state_stratified,1,AGC_169,2.5,B04_C0_Ridge,3.1722481877914714
fold_state_stratified,1,AGC_170,3.0,B04_C0_Ridge,3.252904841745809
fold_state_stratified,1,AGC_171,2.15,B04_C0_Ridge,4.301056779893548
fold_state_stratified,1,AGC_172,5.19,B04_C0_Ridge,4.2841502880970355
fold_state_stratified,1,AGC_176,4.38,B04_C0_Ridge,4.194721127084531
fold_state_stratified,1,AGC_178,4.39,B04_C0_Ridge,4.37351720115478
fold_state_stratified,1,AGC_179,4.55,B04_C0_Ridge,4.72279410412694
fold_state_stratified,1,AGC_181,4.51,B04_C0_Ridge,4.417095375907498
fold_state_stratified,1,AGC_184,4.47,B04_C0_Ridge,4.239092690410783
fold_state_stratified,1,AGC_185,5.01,B04_C0_Ridge,4.267929067823513
fold_state_stratified,1,AGC_189,4.03,B04_C0_Ridge,4.281012875193726
fold_state_stratified,1,AGC_193,4.57,B04_C0_Ridge,4.0823472321503464
fold_state_stratified,1,AGC_194,3.2,B04_C0_Ridge,3.5757959808158866
fold_state_stratified,1,AGC_195,3.68,B04_C0_Ridge,4.121090920970748
fold_state_stratified,1,AGC_196,3.5,B04_C0_Ridge,3.250912816528986
fold_state_stratified,1,AGC_197,4.52,B04_C0_Ridge,4.415811139873039
fold_state_stratified,1,AGC_001,3.5,B05_C3_PLS,2.663416308205619
fold_state_stratified,1,AGC_002,4.63,B05_C3_PLS,4.38143041820396
fold_state_stratified,1,AGC_004,3.0,B05_C3_PLS,3.5697442910604322
fold_state_stratified,1,AGC_005,5.16,B05_C3_PLS,5.389762326383249
fold_state_stratified,1,AGC_006,4.49,B05_C3_PLS,4.172548706151676
fold_state_stratified,1,AGC_007,3.5,B05_C3_PLS,2.9945434325903726
fold_state_stratified,1,AGC_008,4.55,B05_C3_PLS,4.317378597846511
fold_state_stratified,1,AGC_010,4.1,B05_C3_PLS,4.220674013564354
fold_state_stratified,1,AGC_012,4.69,B05_C3_PLS,4.8353852040128436
fold_state_stratified,1,AGC_013,4.01,B05_C3_PLS,4.628193353097003
fold_state_stratified,1,AGC_014,4.83,B05_C3_PLS,4.5495038298373665
fold_state_stratified,1,AGC_018,4.49,B05_C3_PLS,4.783096449279289
fold_state_stratified,1,AGC_019,3.0,B05_C3_PLS,2.844278227064369
fold_state_stratified,1,AGC_020,3.5,B05_C3_PLS,2.9777659053657772
fold_state_stratified,1,AGC_021,4.94,B05_C3_PLS,4.723264452772575
fold_state_stratified,1,AGC_022,4.55,B05_C3_PLS,4.481142916905727
fold_state_stratified,1,AGC_023,3.0,B05_C3_PLS,3.4651687690743147
fold_state_stratified,1,AGC_024,3.03,B05_C3_PLS,4.2184535701240815
fold_state_stratified,1,AGC_026,3.55,B05_C3_PLS,4.380134469795367
fold_state_stratified,1,AGC_033,4.47,B05_C3_PLS,4.569002438751603
fold_state_stratified,1,AGC_034,2.0,B05_C3_PLS,3.4500664788586417
fold_state_stratified,1,AGC_035,4.68,B05_C3_PLS,4.1289540777752665
fold_state_stratified,1,AGC_037,3.5,B05_C3_PLS,3.3008639047935917
fold_state_stratified,1,AGC_038,3.3,B05_C3_PLS,3.282227473796743
fold_state_stratified,1,AGC_040,3.0,B05_C3_PLS,3.393757910075661
fold_state_stratified,1,AGC_041,2.5,B05_C3_PLS,3.3637436196076447
fold_state_stratified,1,AGC_044,3.5,B05_C3_PLS,3.0518184167598497
fold_state_stratified,1,AGC_046,3.0,B05_C3_PLS,2.75725328438016
fold_state_stratified,1,AGC_047,4.45,B05_C3_PLS,3.9356282147392805
fold_state_stratified,1,AGC_048,2.5,B05_C3_PLS,3.360232056696131
fold_state_stratified,1,AGC_049,5.53,B05_C3_PLS,4.698364526285079
fold_state_stratified,1,AGC_051,4.45,B05_C3_PLS,4.04935307201392
fold_state_stratified,1,AGC_053,3.5,B05_C3_PLS,3.4171193934194526
fold_state_stratified,1,AGC_055,5.45,B05_C3_PLS,4.812703689799468
fold_state_stratified,1,AGC_056,5.07,B05_C3_PLS,4.428771607021175
fold_state_stratified,1,AGC_057,4.55,B05_C3_PLS,4.758603972266059
fold_state_stratified,1,AGC_059,4.41,B05_C3_PLS,4.140241863325184
fold_state_stratified,1,AGC_060,4.52,B05_C3_PLS,4.568383543193149
fold_state_stratified,1,AGC_062,3.81,B05_C3_PLS,4.324352073004209
fold_state_stratified,1,AGC_064,4.51,B05_C3_PLS,4.176670944758763
fold_state_stratified,1,AGC_066,3.0,B05_C3_PLS,3.1209339983200337
fold_state_stratified,1,AGC_067,3.0,B05_C3_PLS,4.043933841125429
fold_state_stratified,1,AGC_069,5.46,B05_C3_PLS,5.081962917314831
fold_state_stratified,1,AGC_070,3.3,B05_C3_PLS,3.3864047421327146
fold_state_stratified,1,AGC_072,4.55,B05_C3_PLS,4.470353656285048
fold_state_stratified,1,AGC_074,2.5,B05_C3_PLS,2.761544427967627
fold_state_stratified,1,AGC_077,4.76,B05_C3_PLS,4.239039003436604
fold_state_stratified,1,AGC_078,3.0,B05_C3_PLS,2.9517345353887645
fold_state_stratified,1,AGC_080,3.5,B05_C3_PLS,3.1637140004177784
fold_state_stratified,1,AGC_081,3.7,B05_C3_PLS,3.5419913887412866
fold_state_stratified,1,AGC_084,4.54,B05_C3_PLS,4.783826489952194
fold_state_stratified,1,AGC_089,3.0,B05_C3_PLS,3.155225163079784
fold_state_stratified,1,AGC_092,4.57,B05_C3_PLS,4.227467761161824
fold_state_stratified,1,AGC_096,4.59,B05_C3_PLS,4.238364470539238
fold_state_stratified,1,AGC_097,4.69,B05_C3_PLS,4.620263670438043
fold_state_stratified,1,AGC_098,3.0,B05_C3_PLS,3.0710696515245837
fold_state_stratified,1,AGC_099,3.5,B05_C3_PLS,3.680039001851348
fold_state_stratified,1,AGC_100,4.5,B05_C3_PLS,4.444025875961219
fold_state_stratified,1,AGC_101,4.57,B05_C3_PLS,4.151934642447968
fold_state_stratified,1,AGC_104,4.56,B05_C3_PLS,4.215439951060276
fold_state_stratified,1,AGC_105,4.41,B05_C3_PLS,4.517416577532073
fold_state_stratified,1,AGC_106,4.43,B05_C3_PLS,4.025508799620907
fold_state_stratified,1,AGC_108,4.51,B05_C3_PLS,4.934555915008527
fold_state_stratified,1,AGC_109,4.54,B05_C3_PLS,4.730265180114728
fold_state_stratified,1,AGC_110,4.18,B05_C3_PLS,4.414156214385945
fold_state_stratified,1,AGC_114,3.0,B05_C3_PLS,2.886582805074161
fold_state_stratified,1,AGC_115,4.6,B05_C3_PLS,3.957204779821806
fold_state_stratified,1,AGC_122,3.5,B05_C3_PLS,2.608673033493462
fold_state_stratified,1,AGC_123,2.5,B05_C3_PLS,2.670171977723877
fold_state_stratified,1,AGC_124,5.05,B05_C3_PLS,4.758801325678943
fold_state_stratified,1,AGC_125,4.06,B05_C3_PLS,4.464509220334452
fold_state_stratified,1,AGC_131,4.89,B05_C3_PLS,4.516493958024105
fold_state_stratified,1,AGC_132,4.13,B05_C3_PLS,4.568561376879995
fold_state_stratified,1,AGC_134,4.52,B05_C3_PLS,4.231797152814414
fold_state_stratified,1,AGC_135,4.49,B05_C3_PLS,4.16168405720112
fold_state_stratified,1,AGC_137,4.54,B05_C3_PLS,4.604744198649639
fold_state_stratified,1,AGC_138,2.5,B05_C3_PLS,3.6775696347313893
fold_state_stratified,1,AGC_140,3.2,B05_C3_PLS,3.264670308220532
fold_state_stratified,1,AGC_141,3.5,B05_C3_PLS,3.089551991555493
fold_state_stratified,1,AGC_144,2.5,B05_C3_PLS,2.8779920664127547
fold_state_stratified,1,AGC_145,3.5,B05_C3_PLS,2.9114611326435185
fold_state_stratified,1,AGC_146,4.58,B05_C3_PLS,4.704716736055547
fold_state_stratified,1,AGC_148,3.0,B05_C3_PLS,2.987543694882312
fold_state_stratified,1,AGC_150,4.52,B05_C3_PLS,4.476724791580283
fold_state_stratified,1,AGC_151,4.69,B05_C3_PLS,5.393263126995569
fold_state_stratified,1,AGC_152,4.87,B05_C3_PLS,4.717872145980723
fold_state_stratified,1,AGC_155,4.52,B05_C3_PLS,4.895343860789006
fold_state_stratified,1,AGC_157,3.0,B05_C3_PLS,3.2013623523462833
fold_state_stratified,1,AGC_160,3.62,B05_C3_PLS,4.7183556035172165
fold_state_stratified,1,AGC_162,5.59,B05_C3_PLS,4.31438767516575
fold_state_stratified,1,AGC_163,3.0,B05_C3_PLS,3.257526910310827
fold_state_stratified,1,AGC_165,4.44,B05_C3_PLS,4.550272205910863
fold_state_stratified,1,AGC_166,2.5,B05_C3_PLS,3.6491496150773597
fold_state_stratified,1,AGC_168,4.49,B05_C3_PLS,4.518579101257101
fold_state_stratified,1,AGC_169,2.5,B05_C3_PLS,3.3054569385952997
fold_state_stratified,1,AGC_170,3.0,B05_C3_PLS,3.3148852563327393
fold_state_stratified,1,AGC_171,2.15,B05_C3_PLS,4.322103077738049
fold_state_stratified,1,AGC_172,5.19,B05_C3_PLS,4.347778457326463
fold_state_stratified,1,AGC_176,4.38,B05_C3_PLS,4.201153270789788
fold_state_stratified,1,AGC_178,4.39,B05_C3_PLS,4.25069245290007
fold_state_stratified,1,AGC_179,4.55,B05_C3_PLS,4.58440608138852
fold_state_stratified,1,AGC_181,4.51,B05_C3_PLS,4.3564007152337405
fold_state_stratified,1,AGC_184,4.47,B05_C3_PLS,4.4148102425810025
fold_state_stratified,1,AGC_185,5.01,B05_C3_PLS,4.352936821568437
fold_state_stratified,1,AGC_189,4.03,B05_C3_PLS,4.270483933643558
fold_state_stratified,1,AGC_193,4.57,B05_C3_PLS,4.218543138945575
fold_state_stratified,1,AGC_194,3.2,B05_C3_PLS,3.6090010327549167
fold_state_stratified,1,AGC_195,3.68,B05_C3_PLS,4.187617071410966
fold_state_stratified,1,AGC_196,3.5,B05_C3_PLS,3.2676398280935812
fold_state_stratified,1,AGC_197,4.52,B05_C3_PLS,4.294751688589485
fold_state_stratified,1,AGC_001,3.5,B06_C2_PLS,2.7286524829862016
fold_state_stratified,1,AGC_002,4.63,B06_C2_PLS,4.362318622714868
fold_state_stratified,1,AGC_004,3.0,B06_C2_PLS,3.5449260938824887
fold_state_stratified,1,AGC_005,5.16,B06_C2_PLS,5.383147938643669
fold_state_stratified,1,AGC_006,4.49,B06_C2_PLS,4.1659608405947335
fold_state_stratified,1,AGC_007,3.5,B06_C2_PLS,2.996314221034354
fold_state_stratified,1,AGC_008,4.55,B06_C2_PLS,4.32227398456336
fold_state_stratified,1,AGC_010,4.1,B06_C2_PLS,4.2772889188837
fold_state_stratified,1,AGC_012,4.69,B06_C2_PLS,4.8497092448047185
fold_state_stratified,1,AGC_013,4.01,B06_C2_PLS,4.660559381910363
fold_state_stratified,1,AGC_014,4.83,B06_C2_PLS,4.5965484072414915
fold_state_stratified,1,AGC_018,4.49,B06_C2_PLS,4.791428577125016
fold_state_stratified,1,AGC_019,3.0,B06_C2_PLS,2.7724498747465165
fold_state_stratified,1,AGC_020,3.5,B06_C2_PLS,2.8867059144097897
fold_state_stratified,1,AGC_021,4.94,B06_C2_PLS,4.598653613536175
fold_state_stratified,1,AGC_022,4.55,B06_C2_PLS,4.442864506531569
fold_state_stratified,1,AGC_023,3.0,B06_C2_PLS,3.4517866383522486
fold_state_stratified,1,AGC_024,3.03,B06_C2_PLS,4.25870531338627
fold_state_stratified,1,AGC_026,3.55,B06_C2_PLS,4.457224426842445
fold_state_stratified,1,AGC_033,4.47,B06_C2_PLS,4.574398723691708
fold_state_stratified,1,AGC_034,2.0,B06_C2_PLS,3.4887311509083876
fold_state_stratified,1,AGC_035,4.68,B06_C2_PLS,4.108553096088301
fold_state_stratified,1,AGC_037,3.5,B06_C2_PLS,3.326742076926889
fold_state_stratified,1,AGC_038,3.3,B06_C2_PLS,3.2778329669862973
fold_state_stratified,1,AGC_040,3.0,B06_C2_PLS,3.389893073468119
fold_state_stratified,1,AGC_041,2.5,B06_C2_PLS,3.3752872368242124
fold_state_stratified,1,AGC_044,3.5,B06_C2_PLS,3.02376185998751
fold_state_stratified,1,AGC_046,3.0,B06_C2_PLS,2.8020509402948397
fold_state_stratified,1,AGC_047,4.45,B06_C2_PLS,3.993717362607676
fold_state_stratified,1,AGC_048,2.5,B06_C2_PLS,3.4393103911884237
fold_state_stratified,1,AGC_049,5.53,B06_C2_PLS,4.6625874768861175
fold_state_stratified,1,AGC_051,4.45,B06_C2_PLS,4.059335060024485
fold_state_stratified,1,AGC_053,3.5,B06_C2_PLS,3.435322147559801
fold_state_stratified,1,AGC_055,5.45,B06_C2_PLS,4.839904609954514
fold_state_stratified,1,AGC_056,5.07,B06_C2_PLS,4.404667018708942
fold_state_stratified,1,AGC_057,4.55,B06_C2_PLS,4.746462452487299
fold_state_stratified,1,AGC_059,4.41,B06_C2_PLS,4.190531748068146
fold_state_stratified,1,AGC_060,4.52,B06_C2_PLS,4.6544392664785645
fold_state_stratified,1,AGC_062,3.81,B06_C2_PLS,4.329915993764219
fold_state_stratified,1,AGC_064,4.51,B06_C2_PLS,4.188352636275238
fold_state_stratified,1,AGC_066,3.0,B06_C2_PLS,3.073812976512582
fold_state_stratified,1,AGC_067,3.0,B06_C2_PLS,4.063183059356075
fold_state_stratified,1,AGC_069,5.46,B06_C2_PLS,5.054595040391223
fold_state_stratified,1,AGC_070,3.3,B06_C2_PLS,3.433068504621929
fold_state_stratified,1,AGC_072,4.55,B06_C2_PLS,4.471361625445138
fold_state_stratified,1,AGC_074,2.5,B06_C2_PLS,2.743091786617101
fold_state_stratified,1,AGC_077,4.76,B06_C2_PLS,4.2403552627506755
fold_state_stratified,1,AGC_078,3.0,B06_C2_PLS,2.992457672910581
fold_state_stratified,1,AGC_080,3.5,B06_C2_PLS,3.2019776170392884
fold_state_stratified,1,AGC_081,3.7,B06_C2_PLS,3.498052490107092
fold_state_stratified,1,AGC_084,4.54,B06_C2_PLS,4.740062471954338
fold_state_stratified,1,AGC_089,3.0,B06_C2_PLS,3.141771112236581
fold_state_stratified,1,AGC_092,4.57,B06_C2_PLS,4.194679116826654
fold_state_stratified,1,AGC_096,4.59,B06_C2_PLS,4.1693497155537305
fold_state_stratified,1,AGC_097,4.69,B06_C2_PLS,4.487074991827994
fold_state_stratified,1,AGC_098,3.0,B06_C2_PLS,3.084424647264682
fold_state_stratified,1,AGC_099,3.5,B06_C2_PLS,3.63560370095083
fold_state_stratified,1,AGC_100,4.5,B06_C2_PLS,4.438222795729026
fold_state_stratified,1,AGC_101,4.57,B06_C2_PLS,4.176611899440208
fold_state_stratified,1,AGC_104,4.56,B06_C2_PLS,4.225001791009159
fold_state_stratified,1,AGC_105,4.41,B06_C2_PLS,4.520630832995524
fold_state_stratified,1,AGC_106,4.43,B06_C2_PLS,4.014781200829437
fold_state_stratified,1,AGC_108,4.51,B06_C2_PLS,4.897238041566805
fold_state_stratified,1,AGC_109,4.54,B06_C2_PLS,4.610614662416454
fold_state_stratified,1,AGC_110,4.18,B06_C2_PLS,4.426009338307095
fold_state_stratified,1,AGC_114,3.0,B06_C2_PLS,2.973130356248947
fold_state_stratified,1,AGC_115,4.6,B06_C2_PLS,3.982338948524069
fold_state_stratified,1,AGC_122,3.5,B06_C2_PLS,2.6560604335110036
fold_state_stratified,1,AGC_123,2.5,B06_C2_PLS,2.713276190456658
fold_state_stratified,1,AGC_124,5.05,B06_C2_PLS,4.73828802819787
fold_state_stratified,1,AGC_125,4.06,B06_C2_PLS,4.458608562031044
fold_state_stratified,1,AGC_131,4.89,B06_C2_PLS,4.483366592116769
fold_state_stratified,1,AGC_132,4.13,B06_C2_PLS,4.595820586723598
fold_state_stratified,1,AGC_134,4.52,B06_C2_PLS,4.247619894035718
fold_state_stratified,1,AGC_135,4.49,B06_C2_PLS,4.078867778530987
fold_state_stratified,1,AGC_137,4.54,B06_C2_PLS,4.672840510268703
fold_state_stratified,1,AGC_138,2.5,B06_C2_PLS,3.7717127400279353
fold_state_stratified,1,AGC_140,3.2,B06_C2_PLS,3.3505995991264568
fold_state_stratified,1,AGC_141,3.5,B06_C2_PLS,3.0780441515960177
fold_state_stratified,1,AGC_144,2.5,B06_C2_PLS,2.920251786366707
fold_state_stratified,1,AGC_145,3.5,B06_C2_PLS,2.941898941056369
fold_state_stratified,1,AGC_146,4.58,B06_C2_PLS,4.756054957063461
fold_state_stratified,1,AGC_148,3.0,B06_C2_PLS,3.0077875933489864
fold_state_stratified,1,AGC_150,4.52,B06_C2_PLS,4.447653085869656
fold_state_stratified,1,AGC_151,4.69,B06_C2_PLS,5.393145894151766
fold_state_stratified,1,AGC_152,4.87,B06_C2_PLS,4.757951988230285
fold_state_stratified,1,AGC_155,4.52,B06_C2_PLS,4.864171427772275
fold_state_stratified,1,AGC_157,3.0,B06_C2_PLS,3.208085403615236
fold_state_stratified,1,AGC_160,3.62,B06_C2_PLS,4.655239446368494
fold_state_stratified,1,AGC_162,5.59,B06_C2_PLS,4.275093311266042
fold_state_stratified,1,AGC_163,3.0,B06_C2_PLS,3.2612508016590946
fold_state_stratified,1,AGC_165,4.44,B06_C2_PLS,4.535175485823197
fold_state_stratified,1,AGC_166,2.5,B06_C2_PLS,3.6111416123133973
fold_state_stratified,1,AGC_168,4.49,B06_C2_PLS,4.399344387545583
fold_state_stratified,1,AGC_169,2.5,B06_C2_PLS,3.3094036583516746
fold_state_stratified,1,AGC_170,3.0,B06_C2_PLS,3.2892870731005517
fold_state_stratified,1,AGC_171,2.15,B06_C2_PLS,4.3196227519865875
fold_state_stratified,1,AGC_172,5.19,B06_C2_PLS,4.35481024310389
fold_state_stratified,1,AGC_176,4.38,B06_C2_PLS,4.220211084638267
fold_state_stratified,1,AGC_178,4.39,B06_C2_PLS,4.1899768082085025
fold_state_stratified,1,AGC_179,4.55,B06_C2_PLS,4.5321029308162855
fold_state_stratified,1,AGC_181,4.51,B06_C2_PLS,4.382342043773387
fold_state_stratified,1,AGC_184,4.47,B06_C2_PLS,4.489574966440348
fold_state_stratified,1,AGC_185,5.01,B06_C2_PLS,4.368225551476384
fold_state_stratified,1,AGC_189,4.03,B06_C2_PLS,4.335292196213911
fold_state_stratified,1,AGC_193,4.57,B06_C2_PLS,4.230905719996224
fold_state_stratified,1,AGC_194,3.2,B06_C2_PLS,3.6760729001179824
fold_state_stratified,1,AGC_195,3.68,B06_C2_PLS,4.235462169126561
fold_state_stratified,1,AGC_196,3.5,B06_C2_PLS,3.1408931402901388
fold_state_stratified,1,AGC_197,4.52,B06_C2_PLS,4.249839781674985
fold_state_stratified,1,AGC_001,3.5,B07_C1_ExtraTrees,2.9711708333333333
fold_state_stratified,1,AGC_002,4.63,B07_C1_ExtraTrees,4.154465833333332
fold_state_stratified,1,AGC_004,3.0,B07_C1_ExtraTrees,3.089916666666667
fold_state_stratified,1,AGC_005,5.16,B07_C1_ExtraTrees,4.492014166666663
fold_state_stratified,1,AGC_006,4.49,B07_C1_ExtraTrees,4.369934166666664
fold_state_stratified,1,AGC_007,3.5,B07_C1_ExtraTrees,3.2825791666666673
fold_state_stratified,1,AGC_008,4.55,B07_C1_ExtraTrees,4.188516666666663
fold_state_stratified,1,AGC_010,4.1,B07_C1_ExtraTrees,4.394495833333337
fold_state_stratified,1,AGC_012,4.69,B07_C1_ExtraTrees,4.494346666666663
fold_state_stratified,1,AGC_013,4.01,B07_C1_ExtraTrees,4.3485212499999975
fold_state_stratified,1,AGC_014,4.83,B07_C1_ExtraTrees,4.238391666666667
fold_state_stratified,1,AGC_018,4.49,B07_C1_ExtraTrees,4.854183333333324
fold_state_stratified,1,AGC_019,3.0,B07_C1_ExtraTrees,2.970529166666667
fold_state_stratified,1,AGC_020,3.5,B07_C1_ExtraTrees,3.2366916666666663
fold_state_stratified,1,AGC_021,4.94,B07_C1_ExtraTrees,4.852939583333326
fold_state_stratified,1,AGC_022,4.55,B07_C1_ExtraTrees,4.329579166666663
fold_state_stratified,1,AGC_023,3.0,B07_C1_ExtraTrees,3.294837916666667
fold_state_stratified,1,AGC_024,3.03,B07_C1_ExtraTrees,4.234007916666666
fold_state_stratified,1,AGC_026,3.55,B07_C1_ExtraTrees,4.168441666666661
fold_state_stratified,1,AGC_033,4.47,B07_C1_ExtraTrees,4.9193770833333295
fold_state_stratified,1,AGC_034,2.0,B07_C1_ExtraTrees,3.3757000000000015
fold_state_stratified,1,AGC_035,4.68,B07_C1_ExtraTrees,3.6859874999999946
fold_state_stratified,1,AGC_037,3.5,B07_C1_ExtraTrees,2.882558333333334
fold_state_stratified,1,AGC_038,3.3,B07_C1_ExtraTrees,2.8848833333333332
fold_state_stratified,1,AGC_040,3.0,B07_C1_ExtraTrees,3.2932562500000007
fold_state_stratified,1,AGC_041,2.5,B07_C1_ExtraTrees,2.844416666666669
fold_state_stratified,1,AGC_044,3.5,B07_C1_ExtraTrees,3.341934583333332
fold_state_stratified,1,AGC_046,3.0,B07_C1_ExtraTrees,3.101404166666666
fold_state_stratified,1,AGC_047,4.45,B07_C1_ExtraTrees,4.070704166666664
fold_state_stratified,1,AGC_048,2.5,B07_C1_ExtraTrees,3.363037083333333
fold_state_stratified,1,AGC_049,5.53,B07_C1_ExtraTrees,4.7319333333333295
fold_state_stratified,1,AGC_051,4.45,B07_C1_ExtraTrees,4.2993041666666665
fold_state_stratified,1,AGC_053,3.5,B07_C1_ExtraTrees,3.2214000000000005
fold_state_stratified,1,AGC_055,5.45,B07_C1_ExtraTrees,4.584528333333331
fold_state_stratified,1,AGC_056,5.07,B07_C1_ExtraTrees,4.5550541666666655
fold_state_stratified,1,AGC_057,4.55,B07_C1_ExtraTrees,4.987531249999993
fold_state_stratified,1,AGC_059,4.41,B07_C1_ExtraTrees,4.087358333333331
fold_state_stratified,1,AGC_060,4.52,B07_C1_ExtraTrees,4.51707083333333
fold_state_stratified,1,AGC_062,3.81,B07_C1_ExtraTrees,4.504141666666668
fold_state_stratified,1,AGC_064,4.51,B07_C1_ExtraTrees,4.194425833333332
fold_state_stratified,1,AGC_066,3.0,B07_C1_ExtraTrees,3.171820833333332
fold_state_stratified,1,AGC_067,3.0,B07_C1_ExtraTrees,3.3749441666666673
fold_state_stratified,1,AGC_069,5.46,B07_C1_ExtraTrees,4.452484583333329
fold_state_stratified,1,AGC_070,3.3,B07_C1_ExtraTrees,3.5043416666666682
fold_state_stratified,1,AGC_072,4.55,B07_C1_ExtraTrees,4.391662499999996
fold_state_stratified,1,AGC_074,2.5,B07_C1_ExtraTrees,3.376204166666668
fold_state_stratified,1,AGC_077,4.76,B07_C1_ExtraTrees,4.48442083333334
fold_state_stratified,1,AGC_078,3.0,B07_C1_ExtraTrees,3.258642083333334
fold_state_stratified,1,AGC_080,3.5,B07_C1_ExtraTrees,3.412139166666666
fold_state_stratified,1,AGC_081,3.7,B07_C1_ExtraTrees,2.922400000000002
fold_state_stratified,1,AGC_084,4.54,B07_C1_ExtraTrees,4.438958333333333
fold_state_stratified,1,AGC_089,3.0,B07_C1_ExtraTrees,3.132598749999999
fold_state_stratified,1,AGC_092,4.57,B07_C1_ExtraTrees,4.278582083333332
fold_state_stratified,1,AGC_096,4.59,B07_C1_ExtraTrees,4.317343749999993
fold_state_stratified,1,AGC_097,4.69,B07_C1_ExtraTrees,4.725170833333329
fold_state_stratified,1,AGC_098,3.0,B07_C1_ExtraTrees,3.298299999999999
fold_state_stratified,1,AGC_099,3.5,B07_C1_ExtraTrees,3.2474037499999993
fold_state_stratified,1,AGC_100,4.5,B07_C1_ExtraTrees,4.381241666666667
fold_state_stratified,1,AGC_101,4.57,B07_C1_ExtraTrees,4.076057916666666
fold_state_stratified,1,AGC_104,4.56,B07_C1_ExtraTrees,4.136224166666666
fold_state_stratified,1,AGC_105,4.41,B07_C1_ExtraTrees,4.340958333333333
fold_state_stratified,1,AGC_106,4.43,B07_C1_ExtraTrees,3.747713333333331
fold_state_stratified,1,AGC_108,4.51,B07_C1_ExtraTrees,5.199233333333324
fold_state_stratified,1,AGC_109,4.54,B07_C1_ExtraTrees,4.760420833333322
fold_state_stratified,1,AGC_110,4.18,B07_C1_ExtraTrees,4.463745833333331
fold_state_stratified,1,AGC_114,3.0,B07_C1_ExtraTrees,2.9217800000000005
fold_state_stratified,1,AGC_115,4.6,B07_C1_ExtraTrees,3.975111666666663
fold_state_stratified,1,AGC_122,3.5,B07_C1_ExtraTrees,2.9308375
fold_state_stratified,1,AGC_123,2.5,B07_C1_ExtraTrees,3.2263625
fold_state_stratified,1,AGC_124,5.05,B07_C1_ExtraTrees,4.660674999999997
fold_state_stratified,1,AGC_125,4.06,B07_C1_ExtraTrees,4.456802083333338
fold_state_stratified,1,AGC_131,4.89,B07_C1_ExtraTrees,4.305604166666665
fold_state_stratified,1,AGC_132,4.13,B07_C1_ExtraTrees,4.516145833333335
fold_state_stratified,1,AGC_134,4.52,B07_C1_ExtraTrees,4.1059083333333355
fold_state_stratified,1,AGC_135,4.49,B07_C1_ExtraTrees,4.535075000000003
fold_state_stratified,1,AGC_137,4.54,B07_C1_ExtraTrees,4.578424999999996
fold_state_stratified,1,AGC_138,2.5,B07_C1_ExtraTrees,3.2704508333333315
fold_state_stratified,1,AGC_140,3.2,B07_C1_ExtraTrees,3.3656333333333346
fold_state_stratified,1,AGC_141,3.5,B07_C1_ExtraTrees,3.2136416666666667
fold_state_stratified,1,AGC_144,2.5,B07_C1_ExtraTrees,3.1259875000000004
fold_state_stratified,1,AGC_145,3.5,B07_C1_ExtraTrees,3.3338833333333326
fold_state_stratified,1,AGC_146,4.58,B07_C1_ExtraTrees,4.377741666666663
fold_state_stratified,1,AGC_148,3.0,B07_C1_ExtraTrees,3.2159775000000015
fold_state_stratified,1,AGC_150,4.52,B07_C1_ExtraTrees,4.261745833333329
fold_state_stratified,1,AGC_151,4.69,B07_C1_ExtraTrees,4.662874999999991
fold_state_stratified,1,AGC_152,4.87,B07_C1_ExtraTrees,4.474440833333335
fold_state_stratified,1,AGC_155,4.52,B07_C1_ExtraTrees,4.741662499999997
fold_state_stratified,1,AGC_157,3.0,B07_C1_ExtraTrees,3.076066666666668
fold_state_stratified,1,AGC_160,3.62,B07_C1_ExtraTrees,4.648908333333333
fold_state_stratified,1,AGC_162,5.59,B07_C1_ExtraTrees,4.544804166666668
fold_state_stratified,1,AGC_163,3.0,B07_C1_ExtraTrees,3.015587500000001
fold_state_stratified,1,AGC_165,4.44,B07_C1_ExtraTrees,4.453374999999996
fold_state_stratified,1,AGC_166,2.5,B07_C1_ExtraTrees,3.3651375000000043
fold_state_stratified,1,AGC_168,4.49,B07_C1_ExtraTrees,4.491270833333332
fold_state_stratified,1,AGC_169,2.5,B07_C1_ExtraTrees,3.164513333333334
fold_state_stratified,1,AGC_170,3.0,B07_C1_ExtraTrees,3.1315500000000007
fold_state_stratified,1,AGC_171,2.15,B07_C1_ExtraTrees,4.3130312499999945
fold_state_stratified,1,AGC_172,5.19,B07_C1_ExtraTrees,4.67482375
fold_state_stratified,1,AGC_176,4.38,B07_C1_ExtraTrees,4.30945208333333
fold_state_stratified,1,AGC_178,4.39,B07_C1_ExtraTrees,4.4063812499999955
fold_state_stratified,1,AGC_179,4.55,B07_C1_ExtraTrees,4.644175000000007
fold_state_stratified,1,AGC_181,4.51,B07_C1_ExtraTrees,4.410037083333332
fold_state_stratified,1,AGC_184,4.47,B07_C1_ExtraTrees,4.117062499999998
fold_state_stratified,1,AGC_185,5.01,B07_C1_ExtraTrees,4.336989583333325
fold_state_stratified,1,AGC_189,4.03,B07_C1_ExtraTrees,3.903004166666664
fold_state_stratified,1,AGC_193,4.57,B07_C1_ExtraTrees,4.185661249999999
fold_state_stratified,1,AGC_194,3.2,B07_C1_ExtraTrees,3.4185166666666675
fold_state_stratified,1,AGC_195,3.68,B07_C1_ExtraTrees,4.5094958333333315
fold_state_stratified,1,AGC_196,3.5,B07_C1_ExtraTrees,3.3216791666666667
fold_state_stratified,1,AGC_197,4.52,B07_C1_ExtraTrees,4.299679166666659
fold_state_stratified,1,AGC_001,3.5,B08_C1_PLS,2.633995866077629
fold_state_stratified,1,AGC_002,4.63,B08_C1_PLS,4.405652883557826
fold_state_stratified,1,AGC_004,3.0,B08_C1_PLS,3.4532375736341496
fold_state_stratified,1,AGC_005,5.16,B08_C1_PLS,5.261187424412132
fold_state_stratified,1,AGC_006,4.49,B08_C1_PLS,4.351150214670032
fold_state_stratified,1,AGC_007,3.5,B08_C1_PLS,3.052695927887621
fold_state_stratified,1,AGC_008,4.55,B08_C1_PLS,4.313895346518662
fold_state_stratified,1,AGC_010,4.1,B08_C1_PLS,4.521506473407493
fold_state_stratified,1,AGC_012,4.69,B08_C1_PLS,5.102766648119235
fold_state_stratified,1,AGC_013,4.01,B08_C1_PLS,4.741313844945062
fold_state_stratified,1,AGC_014,4.83,B08_C1_PLS,4.663467767512258
fold_state_stratified,1,AGC_018,4.49,B08_C1_PLS,4.602341394735838
fold_state_stratified,1,AGC_019,3.0,B08_C1_PLS,2.7656520809877856
fold_state_stratified,1,AGC_020,3.5,B08_C1_PLS,3.084353925376251
fold_state_stratified,1,AGC_021,4.94,B08_C1_PLS,4.696954874255262
fold_state_stratified,1,AGC_022,4.55,B08_C1_PLS,4.212143671694062
fold_state_stratified,1,AGC_023,3.0,B08_C1_PLS,3.477279036060661
fold_state_stratified,1,AGC_024,3.03,B08_C1_PLS,4.197575392316028
fold_state_stratified,1,AGC_026,3.55,B08_C1_PLS,4.5016032910971875
fold_state_stratified,1,AGC_033,4.47,B08_C1_PLS,4.658345578738469
fold_state_stratified,1,AGC_034,2.0,B08_C1_PLS,3.4891544714787015
fold_state_stratified,1,AGC_035,4.68,B08_C1_PLS,4.074275526907474
fold_state_stratified,1,AGC_037,3.5,B08_C1_PLS,3.334637888628884
fold_state_stratified,1,AGC_038,3.3,B08_C1_PLS,3.4088818343317735
fold_state_stratified,1,AGC_040,3.0,B08_C1_PLS,3.4333179924409207
fold_state_stratified,1,AGC_041,2.5,B08_C1_PLS,3.5291273941030568
fold_state_stratified,1,AGC_044,3.5,B08_C1_PLS,3.2062046166004543
fold_state_stratified,1,AGC_046,3.0,B08_C1_PLS,2.7456282082615804
fold_state_stratified,1,AGC_047,4.45,B08_C1_PLS,3.9847886376429225
fold_state_stratified,1,AGC_048,2.5,B08_C1_PLS,3.5963154080934463
fold_state_stratified,1,AGC_049,5.53,B08_C1_PLS,4.751850427828407
fold_state_stratified,1,AGC_051,4.45,B08_C1_PLS,4.244521973216988
fold_state_stratified,1,AGC_053,3.5,B08_C1_PLS,3.4687447402692393
fold_state_stratified,1,AGC_055,5.45,B08_C1_PLS,4.707365259300218
fold_state_stratified,1,AGC_056,5.07,B08_C1_PLS,4.37163675243108
fold_state_stratified,1,AGC_057,4.55,B08_C1_PLS,4.922659970559271
fold_state_stratified,1,AGC_059,4.41,B08_C1_PLS,4.234151935339562
fold_state_stratified,1,AGC_060,4.52,B08_C1_PLS,4.674051748059782
fold_state_stratified,1,AGC_062,3.81,B08_C1_PLS,4.390138527918538
fold_state_stratified,1,AGC_064,4.51,B08_C1_PLS,4.2410912253474775
fold_state_stratified,1,AGC_066,3.0,B08_C1_PLS,3.29594219604281
fold_state_stratified,1,AGC_067,3.0,B08_C1_PLS,3.604243097622733
fold_state_stratified,1,AGC_069,5.46,B08_C1_PLS,4.633097329179575
fold_state_stratified,1,AGC_070,3.3,B08_C1_PLS,3.574375688457616
fold_state_stratified,1,AGC_072,4.55,B08_C1_PLS,4.58957275327454
fold_state_stratified,1,AGC_074,2.5,B08_C1_PLS,2.573030675449008
fold_state_stratified,1,AGC_077,4.76,B08_C1_PLS,4.167537467490852
fold_state_stratified,1,AGC_078,3.0,B08_C1_PLS,3.279760449593785
fold_state_stratified,1,AGC_080,3.5,B08_C1_PLS,3.457839289710339
fold_state_stratified,1,AGC_081,3.7,B08_C1_PLS,3.303986284855638
fold_state_stratified,1,AGC_084,4.54,B08_C1_PLS,4.920280067084329
fold_state_stratified,1,AGC_089,3.0,B08_C1_PLS,3.2256933034597557
fold_state_stratified,1,AGC_092,4.57,B08_C1_PLS,4.379339064540382
fold_state_stratified,1,AGC_096,4.59,B08_C1_PLS,4.029040259275848
fold_state_stratified,1,AGC_097,4.69,B08_C1_PLS,4.70941354849881
fold_state_stratified,1,AGC_098,3.0,B08_C1_PLS,2.7482507291363616
fold_state_stratified,1,AGC_099,3.5,B08_C1_PLS,3.563487247757943
fold_state_stratified,1,AGC_100,4.5,B08_C1_PLS,4.437741884109107
fold_state_stratified,1,AGC_101,4.57,B08_C1_PLS,3.9001510222329063
fold_state_stratified,1,AGC_104,4.56,B08_C1_PLS,4.2739866576022365
fold_state_stratified,1,AGC_105,4.41,B08_C1_PLS,4.531977555268208
fold_state_stratified,1,AGC_106,4.43,B08_C1_PLS,4.1326348239597674
fold_state_stratified,1,AGC_108,4.51,B08_C1_PLS,4.745447843556769
fold_state_stratified,1,AGC_109,4.54,B08_C1_PLS,4.773819383551664
fold_state_stratified,1,AGC_110,4.18,B08_C1_PLS,4.496233096504171
fold_state_stratified,1,AGC_114,3.0,B08_C1_PLS,2.9382127567840914
fold_state_stratified,1,AGC_115,4.6,B08_C1_PLS,3.913567725031536
fold_state_stratified,1,AGC_122,3.5,B08_C1_PLS,2.6191832437507707
fold_state_stratified,1,AGC_123,2.5,B08_C1_PLS,2.734925007444666
fold_state_stratified,1,AGC_124,5.05,B08_C1_PLS,4.842266632694188
fold_state_stratified,1,AGC_125,4.06,B08_C1_PLS,4.512745303655709
fold_state_stratified,1,AGC_131,4.89,B08_C1_PLS,4.176829200134639
fold_state_stratified,1,AGC_132,4.13,B08_C1_PLS,4.615403824454339
fold_state_stratified,1,AGC_134,4.52,B08_C1_PLS,4.365654734926997
fold_state_stratified,1,AGC_135,4.49,B08_C1_PLS,4.239690059989291
fold_state_stratified,1,AGC_137,4.54,B08_C1_PLS,4.769160733703674
fold_state_stratified,1,AGC_138,2.5,B08_C1_PLS,3.6646277503591658
fold_state_stratified,1,AGC_140,3.2,B08_C1_PLS,3.1991944269816655
fold_state_stratified,1,AGC_141,3.5,B08_C1_PLS,3.0367988692923906
fold_state_stratified,1,AGC_144,2.5,B08_C1_PLS,2.9478744862993964
fold_state_stratified,1,AGC_145,3.5,B08_C1_PLS,2.781329148253609
fold_state_stratified,1,AGC_146,4.58,B08_C1_PLS,4.53761018517803
fold_state_stratified,1,AGC_148,3.0,B08_C1_PLS,3.289445879580807
fold_state_stratified,1,AGC_150,4.52,B08_C1_PLS,4.466694612908418
fold_state_stratified,1,AGC_151,4.69,B08_C1_PLS,4.9917231435703
fold_state_stratified,1,AGC_152,4.87,B08_C1_PLS,4.8489324394646065
fold_state_stratified,1,AGC_155,4.52,B08_C1_PLS,4.757667080959013
fold_state_stratified,1,AGC_157,3.0,B08_C1_PLS,3.2006167207164387
fold_state_stratified,1,AGC_160,3.62,B08_C1_PLS,4.732313048532368
fold_state_stratified,1,AGC_162,5.59,B08_C1_PLS,4.2169176142782625
fold_state_stratified,1,AGC_163,3.0,B08_C1_PLS,3.1773494042281145
fold_state_stratified,1,AGC_165,4.44,B08_C1_PLS,4.360415008760372
fold_state_stratified,1,AGC_166,2.5,B08_C1_PLS,3.6158794984124145
fold_state_stratified,1,AGC_168,4.49,B08_C1_PLS,4.397694389601431
fold_state_stratified,1,AGC_169,2.5,B08_C1_PLS,3.457048629148646
fold_state_stratified,1,AGC_170,3.0,B08_C1_PLS,3.1969712989357353
fold_state_stratified,1,AGC_171,2.15,B08_C1_PLS,4.170140007487285
fold_state_stratified,1,AGC_172,5.19,B08_C1_PLS,4.524383565900602
fold_state_stratified,1,AGC_176,4.38,B08_C1_PLS,4.2264626594604895
fold_state_stratified,1,AGC_178,4.39,B08_C1_PLS,4.022676982251458
fold_state_stratified,1,AGC_179,4.55,B08_C1_PLS,4.6493691867360765
fold_state_stratified,1,AGC_181,4.51,B08_C1_PLS,4.190470422573635
fold_state_stratified,1,AGC_184,4.47,B08_C1_PLS,4.43267083747999
fold_state_stratified,1,AGC_185,5.01,B08_C1_PLS,4.378936093797672
fold_state_stratified,1,AGC_189,4.03,B08_C1_PLS,4.29100165891547
fold_state_stratified,1,AGC_193,4.57,B08_C1_PLS,4.071064579631847
fold_state_stratified,1,AGC_194,3.2,B08_C1_PLS,3.806206005854819
fold_state_stratified,1,AGC_195,3.68,B08_C1_PLS,4.385295926605983
fold_state_stratified,1,AGC_196,3.5,B08_C1_PLS,3.1893110191405647
fold_state_stratified,1,AGC_197,4.52,B08_C1_PLS,3.9963784991669566
fold_state_stratified,1,AGC_001,3.5,B09_C0_PCA_Ridge,2.7713176598315554
fold_state_stratified,1,AGC_002,4.63,B09_C0_PCA_Ridge,4.3547034301633705
fold_state_stratified,1,AGC_004,3.0,B09_C0_PCA_Ridge,3.8172708807910674
fold_state_stratified,1,AGC_005,5.16,B09_C0_PCA_Ridge,5.110923025504761
fold_state_stratified,1,AGC_006,4.49,B09_C0_PCA_Ridge,4.266704936039047
fold_state_stratified,1,AGC_007,3.5,B09_C0_PCA_Ridge,3.0826171214559013
fold_state_stratified,1,AGC_008,4.55,B09_C0_PCA_Ridge,4.203459905191031
fold_state_stratified,1,AGC_010,4.1,B09_C0_PCA_Ridge,4.2429723037752165
fold_state_stratified,1,AGC_012,4.69,B09_C0_PCA_Ridge,5.117373175724837
fold_state_stratified,1,AGC_013,4.01,B09_C0_PCA_Ridge,4.821975750884638
fold_state_stratified,1,AGC_014,4.83,B09_C0_PCA_Ridge,4.505606223394245
fold_state_stratified,1,AGC_018,4.49,B09_C0_PCA_Ridge,4.701811438294335
fold_state_stratified,1,AGC_019,3.0,B09_C0_PCA_Ridge,2.9018356044732245
fold_state_stratified,1,AGC_020,3.5,B09_C0_PCA_Ridge,3.0262535655868548
fold_state_stratified,1,AGC_021,4.94,B09_C0_PCA_Ridge,4.857957188668712
fold_state_stratified,1,AGC_022,4.55,B09_C0_PCA_Ridge,4.477374305662093
fold_state_stratified,1,AGC_023,3.0,B09_C0_PCA_Ridge,3.4818877124066745
fold_state_stratified,1,AGC_024,3.03,B09_C0_PCA_Ridge,4.171673709546872
fold_state_stratified,1,AGC_026,3.55,B09_C0_PCA_Ridge,4.386671998883229
fold_state_stratified,1,AGC_033,4.47,B09_C0_PCA_Ridge,4.794809304098052
fold_state_stratified,1,AGC_034,2.0,B09_C0_PCA_Ridge,3.601382841947996
fold_state_stratified,1,AGC_035,4.68,B09_C0_PCA_Ridge,4.096117591733783
fold_state_stratified,1,AGC_037,3.5,B09_C0_PCA_Ridge,3.22332765884258
fold_state_stratified,1,AGC_038,3.3,B09_C0_PCA_Ridge,3.334861257655108
fold_state_stratified,1,AGC_040,3.0,B09_C0_PCA_Ridge,3.1855470470373586
fold_state_stratified,1,AGC_041,2.5,B09_C0_PCA_Ridge,3.2197434947110737
fold_state_stratified,1,AGC_044,3.5,B09_C0_PCA_Ridge,3.1115961730399024
fold_state_stratified,1,AGC_046,3.0,B09_C0_PCA_Ridge,2.8472566575435287
fold_state_stratified,1,AGC_047,4.45,B09_C0_PCA_Ridge,3.769272733047959
fold_state_stratified,1,AGC_048,2.5,B09_C0_PCA_Ridge,3.14247444791229
fold_state_stratified,1,AGC_049,5.53,B09_C0_PCA_Ridge,4.651158665922779
fold_state_stratified,1,AGC_051,4.45,B09_C0_PCA_Ridge,3.952377129537997
fold_state_stratified,1,AGC_053,3.5,B09_C0_PCA_Ridge,3.435239279398398
fold_state_stratified,1,AGC_055,5.45,B09_C0_PCA_Ridge,4.897972199805366
fold_state_stratified,1,AGC_056,5.07,B09_C0_PCA_Ridge,4.4049311265922855
fold_state_stratified,1,AGC_057,4.55,B09_C0_PCA_Ridge,4.970649316134423
fold_state_stratified,1,AGC_059,4.41,B09_C0_PCA_Ridge,4.200088139172587
fold_state_stratified,1,AGC_060,4.52,B09_C0_PCA_Ridge,4.607964680664822
fold_state_stratified,1,AGC_062,3.81,B09_C0_PCA_Ridge,4.422264816275363
fold_state_stratified,1,AGC_064,4.51,B09_C0_PCA_Ridge,4.160294926153465
fold_state_stratified,1,AGC_066,3.0,B09_C0_PCA_Ridge,3.221500056250693
fold_state_stratified,1,AGC_067,3.0,B09_C0_PCA_Ridge,3.739163122550113
fold_state_stratified,1,AGC_069,5.46,B09_C0_PCA_Ridge,5.187792782711494
fold_state_stratified,1,AGC_070,3.3,B09_C0_PCA_Ridge,3.5972699548071825
fold_state_stratified,1,AGC_072,4.55,B09_C0_PCA_Ridge,4.680085971494735
fold_state_stratified,1,AGC_074,2.5,B09_C0_PCA_Ridge,2.8879661947606046
fold_state_stratified,1,AGC_077,4.76,B09_C0_PCA_Ridge,4.208595992830228
fold_state_stratified,1,AGC_078,3.0,B09_C0_PCA_Ridge,2.7754265008679897
fold_state_stratified,1,AGC_080,3.5,B09_C0_PCA_Ridge,3.017994939534457
fold_state_stratified,1,AGC_081,3.7,B09_C0_PCA_Ridge,3.6000109336539508
fold_state_stratified,1,AGC_084,4.54,B09_C0_PCA_Ridge,4.899891520110034
fold_state_stratified,1,AGC_089,3.0,B09_C0_PCA_Ridge,3.154975555015745
fold_state_stratified,1,AGC_092,4.57,B09_C0_PCA_Ridge,4.26684846170572
fold_state_stratified,1,AGC_096,4.59,B09_C0_PCA_Ridge,4.264330232129422
fold_state_stratified,1,AGC_097,4.69,B09_C0_PCA_Ridge,4.701060805895181
fold_state_stratified,1,AGC_098,3.0,B09_C0_PCA_Ridge,3.2760152186364158
fold_state_stratified,1,AGC_099,3.5,B09_C0_PCA_Ridge,3.451825472119614
fold_state_stratified,1,AGC_100,4.5,B09_C0_PCA_Ridge,4.314798617296182
fold_state_stratified,1,AGC_101,4.57,B09_C0_PCA_Ridge,4.1591105691797186
fold_state_stratified,1,AGC_104,4.56,B09_C0_PCA_Ridge,4.206541461918759
fold_state_stratified,1,AGC_105,4.41,B09_C0_PCA_Ridge,4.321405381340157
fold_state_stratified,1,AGC_106,4.43,B09_C0_PCA_Ridge,4.112523431288303
fold_state_stratified,1,AGC_108,4.51,B09_C0_PCA_Ridge,5.047473216221333
fold_state_stratified,1,AGC_109,4.54,B09_C0_PCA_Ridge,4.953200106337639
fold_state_stratified,1,AGC_110,4.18,B09_C0_PCA_Ridge,4.377313924957531
fold_state_stratified,1,AGC_114,3.0,B09_C0_PCA_Ridge,2.9617514521858386
fold_state_stratified,1,AGC_115,4.6,B09_C0_PCA_Ridge,3.882986943745218
fold_state_stratified,1,AGC_122,3.5,B09_C0_PCA_Ridge,2.754724877336005
fold_state_stratified,1,AGC_123,2.5,B09_C0_PCA_Ridge,2.678172654580388
fold_state_stratified,1,AGC_124,5.05,B09_C0_PCA_Ridge,4.903680595440696
fold_state_stratified,1,AGC_125,4.06,B09_C0_PCA_Ridge,4.3352838979587025
fold_state_stratified,1,AGC_131,4.89,B09_C0_PCA_Ridge,4.27097186246907
fold_state_stratified,1,AGC_132,4.13,B09_C0_PCA_Ridge,4.849201425822568
fold_state_stratified,1,AGC_134,4.52,B09_C0_PCA_Ridge,4.252118583004799
fold_state_stratified,1,AGC_135,4.49,B09_C0_PCA_Ridge,4.230817449280969
fold_state_stratified,1,AGC_137,4.54,B09_C0_PCA_Ridge,4.377280036958338
fold_state_stratified,1,AGC_138,2.5,B09_C0_PCA_Ridge,3.52947576596164
fold_state_stratified,1,AGC_140,3.2,B09_C0_PCA_Ridge,3.284887776460099
fold_state_stratified,1,AGC_141,3.5,B09_C0_PCA_Ridge,3.031985048746262
fold_state_stratified,1,AGC_144,2.5,B09_C0_PCA_Ridge,2.9659871788023837
fold_state_stratified,1,AGC_145,3.5,B09_C0_PCA_Ridge,3.0089218045127697
fold_state_stratified,1,AGC_146,4.58,B09_C0_PCA_Ridge,4.637239128027667
fold_state_stratified,1,AGC_148,3.0,B09_C0_PCA_Ridge,2.9130937684816205
fold_state_stratified,1,AGC_150,4.52,B09_C0_PCA_Ridge,4.375196737495337
fold_state_stratified,1,AGC_151,4.69,B09_C0_PCA_Ridge,5.073633545232518
fold_state_stratified,1,AGC_152,4.87,B09_C0_PCA_Ridge,4.6320516645620256
fold_state_stratified,1,AGC_155,4.52,B09_C0_PCA_Ridge,4.960489416106572
fold_state_stratified,1,AGC_157,3.0,B09_C0_PCA_Ridge,3.180499364205539
fold_state_stratified,1,AGC_160,3.62,B09_C0_PCA_Ridge,4.816370895815304
fold_state_stratified,1,AGC_162,5.59,B09_C0_PCA_Ridge,4.332900842889223
fold_state_stratified,1,AGC_163,3.0,B09_C0_PCA_Ridge,3.334103053043898
fold_state_stratified,1,AGC_165,4.44,B09_C0_PCA_Ridge,4.75522999826447
fold_state_stratified,1,AGC_166,2.5,B09_C0_PCA_Ridge,3.721428635580709
fold_state_stratified,1,AGC_168,4.49,B09_C0_PCA_Ridge,4.506997350365884
fold_state_stratified,1,AGC_169,2.5,B09_C0_PCA_Ridge,3.1297962564621074
fold_state_stratified,1,AGC_170,3.0,B09_C0_PCA_Ridge,3.114221128265095
fold_state_stratified,1,AGC_171,2.15,B09_C0_PCA_Ridge,4.266515817853289
fold_state_stratified,1,AGC_172,5.19,B09_C0_PCA_Ridge,4.308975429465726
fold_state_stratified,1,AGC_176,4.38,B09_C0_PCA_Ridge,4.2768863423839
fold_state_stratified,1,AGC_178,4.39,B09_C0_PCA_Ridge,4.259746025049593
fold_state_stratified,1,AGC_179,4.55,B09_C0_PCA_Ridge,4.640328679733038
fold_state_stratified,1,AGC_181,4.51,B09_C0_PCA_Ridge,4.423191646916186
fold_state_stratified,1,AGC_184,4.47,B09_C0_PCA_Ridge,4.318999619851731
fold_state_stratified,1,AGC_185,5.01,B09_C0_PCA_Ridge,4.155047409139263
fold_state_stratified,1,AGC_189,4.03,B09_C0_PCA_Ridge,4.305752446638196
fold_state_stratified,1,AGC_193,4.57,B09_C0_PCA_Ridge,4.208352554758741
fold_state_stratified,1,AGC_194,3.2,B09_C0_PCA_Ridge,3.742959628169499
fold_state_stratified,1,AGC_195,3.68,B09_C0_PCA_Ridge,4.17885636006567
fold_state_stratified,1,AGC_196,3.5,B09_C0_PCA_Ridge,3.1411670458811978
fold_state_stratified,1,AGC_197,4.52,B09_C0_PCA_Ridge,4.22504437715767
fold_state_stratified,1,AGC_001,3.5,B10_C1_PCA_Ridge,2.6584294646340743
fold_state_stratified,1,AGC_002,4.63,B10_C1_PCA_Ridge,4.288536584181381
fold_state_stratified,1,AGC_004,3.0,B10_C1_PCA_Ridge,3.4039517722432477
fold_state_stratified,1,AGC_005,5.16,B10_C1_PCA_Ridge,5.059446984049023
fold_state_stratified,1,AGC_006,4.49,B10_C1_PCA_Ridge,4.29474490579738
fold_state_stratified,1,AGC_007,3.5,B10_C1_PCA_Ridge,3.0526333733251168
fold_state_stratified,1,AGC_008,4.55,B10_C1_PCA_Ridge,4.1699737661507505
fold_state_stratified,1,AGC_010,4.1,B10_C1_PCA_Ridge,4.319487104908339
fold_state_stratified,1,AGC_012,4.69,B10_C1_PCA_Ridge,5.0964346130022875
fold_state_stratified,1,AGC_013,4.01,B10_C1_PCA_Ridge,4.4888863356083615
fold_state_stratified,1,AGC_014,4.83,B10_C1_PCA_Ridge,4.165137742195804
fold_state_stratified,1,AGC_018,4.49,B10_C1_PCA_Ridge,4.1353193462299265
fold_state_stratified,1,AGC_019,3.0,B10_C1_PCA_Ridge,3.0844400764333204
fold_state_stratified,1,AGC_020,3.5,B10_C1_PCA_Ridge,3.2497682910894152
fold_state_stratified,1,AGC_021,4.94,B10_C1_PCA_Ridge,4.932257383715334
fold_state_stratified,1,AGC_022,4.55,B10_C1_PCA_Ridge,4.213473847833222
fold_state_stratified,1,AGC_023,3.0,B10_C1_PCA_Ridge,3.355973056489697
fold_state_stratified,1,AGC_024,3.03,B10_C1_PCA_Ridge,4.088838176460671
fold_state_stratified,1,AGC_026,3.55,B10_C1_PCA_Ridge,4.387624057136546
fold_state_stratified,1,AGC_033,4.47,B10_C1_PCA_Ridge,4.947005516000938
fold_state_stratified,1,AGC_034,2.0,B10_C1_PCA_Ridge,3.486277607538024
fold_state_stratified,1,AGC_035,4.68,B10_C1_PCA_Ridge,4.155181514228899
fold_state_stratified,1,AGC_037,3.5,B10_C1_PCA_Ridge,3.2821036990627084
fold_state_stratified,1,AGC_038,3.3,B10_C1_PCA_Ridge,3.2896669612193286
fold_state_stratified,1,AGC_040,3.0,B10_C1_PCA_Ridge,3.146556497438775
fold_state_stratified,1,AGC_041,2.5,B10_C1_PCA_Ridge,3.197974230507613
fold_state_stratified,1,AGC_044,3.5,B10_C1_PCA_Ridge,3.2241410707402345
fold_state_stratified,1,AGC_046,3.0,B10_C1_PCA_Ridge,2.952930596415768
fold_state_stratified,1,AGC_047,4.45,B10_C1_PCA_Ridge,3.85262945800121
fold_state_stratified,1,AGC_048,2.5,B10_C1_PCA_Ridge,3.5677292467325588
fold_state_stratified,1,AGC_049,5.53,B10_C1_PCA_Ridge,4.665605971679846
fold_state_stratified,1,AGC_051,4.45,B10_C1_PCA_Ridge,4.077736019498091
fold_state_stratified,1,AGC_053,3.5,B10_C1_PCA_Ridge,3.2937790691867903
fold_state_stratified,1,AGC_055,5.45,B10_C1_PCA_Ridge,4.691759916410564
fold_state_stratified,1,AGC_056,5.07,B10_C1_PCA_Ridge,4.7092631150971656
fold_state_stratified,1,AGC_057,4.55,B10_C1_PCA_Ridge,5.264489405527318
fold_state_stratified,1,AGC_059,4.41,B10_C1_PCA_Ridge,4.363272908108087
fold_state_stratified,1,AGC_060,4.52,B10_C1_PCA_Ridge,4.620533802831668
fold_state_stratified,1,AGC_062,3.81,B10_C1_PCA_Ridge,4.367996883762786
fold_state_stratified,1,AGC_064,4.51,B10_C1_PCA_Ridge,4.12558025705218
fold_state_stratified,1,AGC_066,3.0,B10_C1_PCA_Ridge,3.3130700262937376
fold_state_stratified,1,AGC_067,3.0,B10_C1_PCA_Ridge,3.7540349753929356
fold_state_stratified,1,AGC_069,5.46,B10_C1_PCA_Ridge,4.713587500516882
fold_state_stratified,1,AGC_070,3.3,B10_C1_PCA_Ridge,3.2968791721200876
fold_state_stratified,1,AGC_072,4.55,B10_C1_PCA_Ridge,4.529346557642059
fold_state_stratified,1,AGC_074,2.5,B10_C1_PCA_Ridge,3.3998292296241375
fold_state_stratified,1,AGC_077,4.76,B10_C1_PCA_Ridge,4.124124926888941
fold_state_stratified,1,AGC_078,3.0,B10_C1_PCA_Ridge,3.3118124342660114
fold_state_stratified,1,AGC_080,3.5,B10_C1_PCA_Ridge,3.4306440095978195
fold_state_stratified,1,AGC_081,3.7,B10_C1_PCA_Ridge,3.216533226046984
fold_state_stratified,1,AGC_084,4.54,B10_C1_PCA_Ridge,4.805335646485693
fold_state_stratified,1,AGC_089,3.0,B10_C1_PCA_Ridge,3.335539813213987
fold_state_stratified,1,AGC_092,4.57,B10_C1_PCA_Ridge,4.467473824576515
fold_state_stratified,1,AGC_096,4.59,B10_C1_PCA_Ridge,4.162367705176963
fold_state_stratified,1,AGC_097,4.69,B10_C1_PCA_Ridge,4.88998618018536
fold_state_stratified,1,AGC_098,3.0,B10_C1_PCA_Ridge,2.994374949910041
fold_state_stratified,1,AGC_099,3.5,B10_C1_PCA_Ridge,3.509686463126911
fold_state_stratified,1,AGC_100,4.5,B10_C1_PCA_Ridge,4.236360523415083
fold_state_stratified,1,AGC_101,4.57,B10_C1_PCA_Ridge,4.133467127861559
fold_state_stratified,1,AGC_104,4.56,B10_C1_PCA_Ridge,4.3575083020675125
fold_state_stratified,1,AGC_105,4.41,B10_C1_PCA_Ridge,4.26617085722975
fold_state_stratified,1,AGC_106,4.43,B10_C1_PCA_Ridge,4.191259698985748
fold_state_stratified,1,AGC_108,4.51,B10_C1_PCA_Ridge,5.147080548723193
fold_state_stratified,1,AGC_109,4.54,B10_C1_PCA_Ridge,5.1948569842951375
fold_state_stratified,1,AGC_110,4.18,B10_C1_PCA_Ridge,4.421551486454416
fold_state_stratified,1,AGC_114,3.0,B10_C1_PCA_Ridge,3.0360103492679573
fold_state_stratified,1,AGC_115,4.6,B10_C1_PCA_Ridge,4.031774246814025
fold_state_stratified,1,AGC_122,3.5,B10_C1_PCA_Ridge,2.7591413693288103
fold_state_stratified,1,AGC_123,2.5,B10_C1_PCA_Ridge,2.9814785078157797
fold_state_stratified,1,AGC_124,5.05,B10_C1_PCA_Ridge,5.090532641083416
fold_state_stratified,1,AGC_125,4.06,B10_C1_PCA_Ridge,4.3220333787627485
fold_state_stratified,1,AGC_131,4.89,B10_C1_PCA_Ridge,3.995062404852859
fold_state_stratified,1,AGC_132,4.13,B10_C1_PCA_Ridge,4.499539106977713
fold_state_stratified,1,AGC_134,4.52,B10_C1_PCA_Ridge,4.224759650762392
fold_state_stratified,1,AGC_135,4.49,B10_C1_PCA_Ridge,4.315443579306765
fold_state_stratified,1,AGC_137,4.54,B10_C1_PCA_Ridge,4.663568807535308
fold_state_stratified,1,AGC_138,2.5,B10_C1_PCA_Ridge,3.7603956539539762
fold_state_stratified,1,AGC_140,3.2,B10_C1_PCA_Ridge,3.5971681080010796
fold_state_stratified,1,AGC_141,3.5,B10_C1_PCA_Ridge,3.0857987536057268
fold_state_stratified,1,AGC_144,2.5,B10_C1_PCA_Ridge,3.0443505466821494
fold_state_stratified,1,AGC_145,3.5,B10_C1_PCA_Ridge,3.036788411670117
fold_state_stratified,1,AGC_146,4.58,B10_C1_PCA_Ridge,4.4476729864777615
fold_state_stratified,1,AGC_148,3.0,B10_C1_PCA_Ridge,3.4817371637521033
fold_state_stratified,1,AGC_150,4.52,B10_C1_PCA_Ridge,4.547307282381024
fold_state_stratified,1,AGC_151,4.69,B10_C1_PCA_Ridge,4.865429247316989
fold_state_stratified,1,AGC_152,4.87,B10_C1_PCA_Ridge,4.7249006154506334
fold_state_stratified,1,AGC_155,4.52,B10_C1_PCA_Ridge,4.948559182431591
fold_state_stratified,1,AGC_157,3.0,B10_C1_PCA_Ridge,3.1352025334380036
fold_state_stratified,1,AGC_160,3.62,B10_C1_PCA_Ridge,4.7155478362123215
fold_state_stratified,1,AGC_162,5.59,B10_C1_PCA_Ridge,4.366033860374778
fold_state_stratified,1,AGC_163,3.0,B10_C1_PCA_Ridge,3.1583707263793093
fold_state_stratified,1,AGC_165,4.44,B10_C1_PCA_Ridge,4.504847064418975
fold_state_stratified,1,AGC_166,2.5,B10_C1_PCA_Ridge,3.5016107572779096
fold_state_stratified,1,AGC_168,4.49,B10_C1_PCA_Ridge,4.04834595051903
fold_state_stratified,1,AGC_169,2.5,B10_C1_PCA_Ridge,3.378646171922432
fold_state_stratified,1,AGC_170,3.0,B10_C1_PCA_Ridge,3.152926853434021
fold_state_stratified,1,AGC_171,2.15,B10_C1_PCA_Ridge,4.261083394678968
fold_state_stratified,1,AGC_172,5.19,B10_C1_PCA_Ridge,4.5858405163984335
fold_state_stratified,1,AGC_176,4.38,B10_C1_PCA_Ridge,4.340171717644247
fold_state_stratified,1,AGC_178,4.39,B10_C1_PCA_Ridge,4.253817501209902
fold_state_stratified,1,AGC_179,4.55,B10_C1_PCA_Ridge,4.863453912060487
fold_state_stratified,1,AGC_181,4.51,B10_C1_PCA_Ridge,4.295087168793772
fold_state_stratified,1,AGC_184,4.47,B10_C1_PCA_Ridge,4.3281732988728585
fold_state_stratified,1,AGC_185,5.01,B10_C1_PCA_Ridge,4.283674502778993
fold_state_stratified,1,AGC_189,4.03,B10_C1_PCA_Ridge,4.242411050639
fold_state_stratified,1,AGC_193,4.57,B10_C1_PCA_Ridge,4.093828788430666
fold_state_stratified,1,AGC_194,3.2,B10_C1_PCA_Ridge,3.6499745722377814
fold_state_stratified,1,AGC_195,3.68,B10_C1_PCA_Ridge,4.434529278455186
fold_state_stratified,1,AGC_196,3.5,B10_C1_PCA_Ridge,3.2906471103665225
fold_state_stratified,1,AGC_197,4.52,B10_C1_PCA_Ridge,4.179230169615294
fold_state_stratified,2,AGC_001,3.5,B01_C0_PLS,2.6694389381844563
fold_state_stratified,2,AGC_002,4.63,B01_C0_PLS,4.3036994089147615
fold_state_stratified,2,AGC_004,3.0,B01_C0_PLS,3.184205236101321
fold_state_stratified,2,AGC_005,5.16,B01_C0_PLS,5.031577419880884
fold_state_stratified,2,AGC_006,4.49,B01_C0_PLS,4.071401641303697
fold_state_stratified,2,AGC_007,3.5,B01_C0_PLS,3.0317506507135796
fold_state_stratified,2,AGC_009,4.79,B01_C0_PLS,4.397453862632028
fold_state_stratified,2,AGC_010,4.1,B01_C0_PLS,4.177361166324356
fold_state_stratified,2,AGC_012,4.69,B01_C0_PLS,4.735867991943046
fold_state_stratified,2,AGC_013,4.01,B01_C0_PLS,4.505967902057683
fold_state_stratified,2,AGC_014,4.83,B01_C0_PLS,4.1405443695167055
fold_state_stratified,2,AGC_015,2.64,B01_C0_PLS,4.770414877597597
fold_state_stratified,2,AGC_017,4.98,B01_C0_PLS,4.635172465917315
fold_state_stratified,2,AGC_018,4.49,B01_C0_PLS,4.661378430643212
fold_state_stratified,2,AGC_019,3.0,B01_C0_PLS,2.608763610878406
fold_state_stratified,2,AGC_020,3.5,B01_C0_PLS,2.718563927059767
fold_state_stratified,2,AGC_021,4.94,B01_C0_PLS,4.538106279956
fold_state_stratified,2,AGC_022,4.55,B01_C0_PLS,4.231993366483755
fold_state_stratified,2,AGC_023,3.0,B01_C0_PLS,3.203826410134802
fold_state_stratified,2,AGC_026,3.55,B01_C0_PLS,4.406567008939968
fold_state_stratified,2,AGC_032,4.03,B01_C0_PLS,4.400033457820708
fold_state_stratified,2,AGC_034,2.0,B01_C0_PLS,3.6253663174183854
fold_state_stratified,2,AGC_035,4.68,B01_C0_PLS,4.058349287823479
fold_state_stratified,2,AGC_038,3.3,B01_C0_PLS,3.3910586556281186
fold_state_stratified,2,AGC_041,2.5,B01_C0_PLS,3.872367488563894
fold_state_stratified,2,AGC_044,3.5,B01_C0_PLS,3.052100788058781
fold_state_stratified,2,AGC_045,4.1,B01_C0_PLS,4.736676504719291
fold_state_stratified,2,AGC_046,3.0,B01_C0_PLS,2.8381175644589454
fold_state_stratified,2,AGC_048,2.5,B01_C0_PLS,3.3315665695539276
fold_state_stratified,2,AGC_051,4.45,B01_C0_PLS,3.782690330730903
fold_state_stratified,2,AGC_054,2.5,B01_C0_PLS,2.9965417135414114
fold_state_stratified,2,AGC_056,5.07,B01_C0_PLS,4.334109366687082
fold_state_stratified,2,AGC_057,4.55,B01_C0_PLS,4.533704365954425
fold_state_stratified,2,AGC_058,2.5,B01_C0_PLS,3.2287565499229407
fold_state_stratified,2,AGC_059,4.41,B01_C0_PLS,3.9223607392729054
fold_state_stratified,2,AGC_060,4.52,B01_C0_PLS,4.729302415772782
fold_state_stratified,2,AGC_066,3.0,B01_C0_PLS,3.1277218315874906
fold_state_stratified,2,AGC_067,3.0,B01_C0_PLS,4.009118788753615
fold_state_stratified,2,AGC_068,2.5,B01_C0_PLS,3.164272691207429
fold_state_stratified,2,AGC_069,5.46,B01_C0_PLS,4.8098315477611
fold_state_stratified,2,AGC_070,3.3,B01_C0_PLS,3.6783193633148814
fold_state_stratified,2,AGC_072,4.55,B01_C0_PLS,4.138902082125976
fold_state_stratified,2,AGC_073,4.3,B01_C0_PLS,4.360923860782318
fold_state_stratified,2,AGC_074,2.5,B01_C0_PLS,2.730887015720894
fold_state_stratified,2,AGC_077,4.76,B01_C0_PLS,4.326845009007846
fold_state_stratified,2,AGC_079,3.3,B01_C0_PLS,2.858498383217252
fold_state_stratified,2,AGC_080,3.5,B01_C0_PLS,3.453618955404946
fold_state_stratified,2,AGC_081,3.7,B01_C0_PLS,3.9529911291874584
fold_state_stratified,2,AGC_083,4.61,B01_C0_PLS,3.969272392770994
fold_state_stratified,2,AGC_084,4.54,B01_C0_PLS,4.857974467919245
fold_state_stratified,2,AGC_089,3.0,B01_C0_PLS,3.3447003866627885
fold_state_stratified,2,AGC_090,4.68,B01_C0_PLS,4.438251659400832
fold_state_stratified,2,AGC_092,4.57,B01_C0_PLS,4.072960080712258
fold_state_stratified,2,AGC_096,4.59,B01_C0_PLS,4.210368495241673
fold_state_stratified,2,AGC_097,4.69,B01_C0_PLS,4.503670010671068
fold_state_stratified,2,AGC_099,3.5,B01_C0_PLS,3.168995855690672
fold_state_stratified,2,AGC_101,4.57,B01_C0_PLS,4.40687611503121
fold_state_stratified,2,AGC_102,4.4,B01_C0_PLS,4.405219585280117
fold_state_stratified,2,AGC_103,3.0,B01_C0_PLS,2.5590034607532273
fold_state_stratified,2,AGC_104,4.56,B01_C0_PLS,4.297353460105342
fold_state_stratified,2,AGC_105,4.41,B01_C0_PLS,4.351735555677032
fold_state_stratified,2,AGC_106,4.43,B01_C0_PLS,3.9435765918174353
fold_state_stratified,2,AGC_109,4.54,B01_C0_PLS,4.309380280172141
fold_state_stratified,2,AGC_110,4.18,B01_C0_PLS,4.290500619569501
fold_state_stratified,2,AGC_111,4.72,B01_C0_PLS,4.273346240961374
fold_state_stratified,2,AGC_112,3.0,B01_C0_PLS,3.1008231853017847
fold_state_stratified,2,AGC_114,3.0,B01_C0_PLS,2.9338151730924
fold_state_stratified,2,AGC_115,4.6,B01_C0_PLS,4.292714730922073
fold_state_stratified,2,AGC_117,3.5,B01_C0_PLS,3.5089907688068656
fold_state_stratified,2,AGC_119,4.4,B01_C0_PLS,4.581676167494662
fold_state_stratified,2,AGC_121,3.3,B01_C0_PLS,3.093350144238824
fold_state_stratified,2,AGC_122,3.5,B01_C0_PLS,2.729531739665509
fold_state_stratified,2,AGC_123,2.5,B01_C0_PLS,2.681746220413194
fold_state_stratified,2,AGC_127,5.57,B01_C0_PLS,4.955147757093647
fold_state_stratified,2,AGC_132,4.13,B01_C0_PLS,4.553920228579143
fold_state_stratified,2,AGC_133,3.91,B01_C0_PLS,4.416119700433868
fold_state_stratified,2,AGC_137,4.54,B01_C0_PLS,4.276651612712213
fold_state_stratified,2,AGC_138,2.5,B01_C0_PLS,3.3322729944306353
fold_state_stratified,2,AGC_139,4.67,B01_C0_PLS,4.3064851177542955
fold_state_stratified,2,AGC_140,3.2,B01_C0_PLS,3.0679503823072416
fold_state_stratified,2,AGC_141,3.5,B01_C0_PLS,3.176621717362954
fold_state_stratified,2,AGC_144,2.5,B01_C0_PLS,2.864995257008153
fold_state_stratified,2,AGC_146,4.58,B01_C0_PLS,4.556205318756227
fold_state_stratified,2,AGC_148,3.0,B01_C0_PLS,2.791927201620439
fold_state_stratified,2,AGC_152,4.87,B01_C0_PLS,4.681781071363004
fold_state_stratified,2,AGC_155,4.52,B01_C0_PLS,4.89863793266546
fold_state_stratified,2,AGC_159,4.77,B01_C0_PLS,4.511557888529657
fold_state_stratified,2,AGC_161,4.46,B01_C0_PLS,4.53754018330403
fold_state_stratified,2,AGC_162,5.59,B01_C0_PLS,4.467557730477067
fold_state_stratified,2,AGC_163,3.0,B01_C0_PLS,3.0414283159326727
fold_state_stratified,2,AGC_164,3.0,B01_C0_PLS,3.0130406897039315
fold_state_stratified,2,AGC_165,4.44,B01_C0_PLS,4.494441243653547
fold_state_stratified,2,AGC_167,4.54,B01_C0_PLS,4.5213893955559525
fold_state_stratified,2,AGC_168,4.49,B01_C0_PLS,4.610575799288875
fold_state_stratified,2,AGC_169,2.5,B01_C0_PLS,3.033647722112351
fold_state_stratified,2,AGC_170,3.0,B01_C0_PLS,3.471154805174778
fold_state_stratified,2,AGC_171,2.15,B01_C0_PLS,4.315119662541174
fold_state_stratified,2,AGC_172,5.19,B01_C0_PLS,4.536334307872106
fold_state_stratified,2,AGC_176,4.38,B01_C0_PLS,4.369249440658856
fold_state_stratified,2,AGC_178,4.39,B01_C0_PLS,4.358365019001393
fold_state_stratified,2,AGC_179,4.55,B01_C0_PLS,4.543218144172611
fold_state_stratified,2,AGC_180,4.14,B01_C0_PLS,4.043179653109144
fold_state_stratified,2,AGC_181,4.51,B01_C0_PLS,4.314196199353465
fold_state_stratified,2,AGC_184,4.47,B01_C0_PLS,4.409831475842188
fold_state_stratified,2,AGC_185,5.01,B01_C0_PLS,4.409124432069868
fold_state_stratified,2,AGC_187,3.0,B01_C0_PLS,3.08423944948411
fold_state_stratified,2,AGC_189,4.03,B01_C0_PLS,4.209708230759433
fold_state_stratified,2,AGC_195,3.68,B01_C0_PLS,3.9536117775394066
fold_state_stratified,2,AGC_196,3.5,B01_C0_PLS,3.210853484532372
fold_state_stratified,2,AGC_197,4.52,B01_C0_PLS,4.534579437890819
fold_state_stratified,2,AGC_001,3.5,B02_C3_Ridge,2.658424130579916
fold_state_stratified,2,AGC_002,4.63,B02_C3_Ridge,4.2547168081971405
fold_state_stratified,2,AGC_004,3.0,B02_C3_Ridge,3.1028209119629295
fold_state_stratified,2,AGC_005,5.16,B02_C3_Ridge,4.74480041609621
fold_state_stratified,2,AGC_006,4.49,B02_C3_Ridge,4.475411251029465
fold_state_stratified,2,AGC_007,3.5,B02_C3_Ridge,3.272007023531427
fold_state_stratified,2,AGC_009,4.79,B02_C3_Ridge,4.242270378725819
fold_state_stratified,2,AGC_010,4.1,B02_C3_Ridge,4.1820741413815625
fold_state_stratified,2,AGC_012,4.69,B02_C3_Ridge,4.84140770019855
fold_state_stratified,2,AGC_013,4.01,B02_C3_Ridge,4.6739270207703205
fold_state_stratified,2,AGC_014,4.83,B02_C3_Ridge,4.022891308977359
fold_state_stratified,2,AGC_015,2.64,B02_C3_Ridge,4.7288644988415225
fold_state_stratified,2,AGC_017,4.98,B02_C3_Ridge,4.435984783925081
fold_state_stratified,2,AGC_018,4.49,B02_C3_Ridge,4.486634274607601
fold_state_stratified,2,AGC_019,3.0,B02_C3_Ridge,2.8530500213792367
fold_state_stratified,2,AGC_020,3.5,B02_C3_Ridge,3.260354176252488
fold_state_stratified,2,AGC_021,4.94,B02_C3_Ridge,4.462566851603813
fold_state_stratified,2,AGC_022,4.55,B02_C3_Ridge,3.994892130089252
fold_state_stratified,2,AGC_023,3.0,B02_C3_Ridge,3.324665282036369
fold_state_stratified,2,AGC_026,3.55,B02_C3_Ridge,4.409417947394317
fold_state_stratified,2,AGC_032,4.03,B02_C3_Ridge,4.492381974223839
fold_state_stratified,2,AGC_034,2.0,B02_C3_Ridge,3.590918883442952
fold_state_stratified,2,AGC_035,4.68,B02_C3_Ridge,4.096106642841504
fold_state_stratified,2,AGC_038,3.3,B02_C3_Ridge,3.407747833567492
fold_state_stratified,2,AGC_041,2.5,B02_C3_Ridge,3.8359266336233473
fold_state_stratified,2,AGC_044,3.5,B02_C3_Ridge,3.176629485681034
fold_state_stratified,2,AGC_045,4.1,B02_C3_Ridge,4.313731330019614
fold_state_stratified,2,AGC_046,3.0,B02_C3_Ridge,2.837400504921553
fold_state_stratified,2,AGC_048,2.5,B02_C3_Ridge,3.4281207547913644
fold_state_stratified,2,AGC_051,4.45,B02_C3_Ridge,3.9146974854794516
fold_state_stratified,2,AGC_054,2.5,B02_C3_Ridge,2.9884123980558526
fold_state_stratified,2,AGC_056,5.07,B02_C3_Ridge,4.299196559129623
fold_state_stratified,2,AGC_057,4.55,B02_C3_Ridge,4.477482287202065
fold_state_stratified,2,AGC_058,2.5,B02_C3_Ridge,3.2559132740395236
fold_state_stratified,2,AGC_059,4.41,B02_C3_Ridge,4.020792130493684
fold_state_stratified,2,AGC_060,4.52,B02_C3_Ridge,4.742776490753996
fold_state_stratified,2,AGC_066,3.0,B02_C3_Ridge,3.0020714536736786
fold_state_stratified,2,AGC_067,3.0,B02_C3_Ridge,3.6323945937684377
fold_state_stratified,2,AGC_068,2.5,B02_C3_Ridge,3.241960933384014
fold_state_stratified,2,AGC_069,5.46,B02_C3_Ridge,4.410109556548743
fold_state_stratified,2,AGC_070,3.3,B02_C3_Ridge,3.5254206713245217
fold_state_stratified,2,AGC_072,4.55,B02_C3_Ridge,4.234979156797475
fold_state_stratified,2,AGC_073,4.3,B02_C3_Ridge,4.530331512515123
fold_state_stratified,2,AGC_074,2.5,B02_C3_Ridge,2.896003788345584
fold_state_stratified,2,AGC_077,4.76,B02_C3_Ridge,4.318831751223546
fold_state_stratified,2,AGC_079,3.3,B02_C3_Ridge,3.0074035485157293
fold_state_stratified,2,AGC_080,3.5,B02_C3_Ridge,3.3743395035652397
fold_state_stratified,2,AGC_081,3.7,B02_C3_Ridge,3.56083795484328
fold_state_stratified,2,AGC_083,4.61,B02_C3_Ridge,3.9495836958682413
fold_state_stratified,2,AGC_084,4.54,B02_C3_Ridge,4.7673649815026895
fold_state_stratified,2,AGC_089,3.0,B02_C3_Ridge,3.374581369499233
fold_state_stratified,2,AGC_090,4.68,B02_C3_Ridge,4.36755863514699
fold_state_stratified,2,AGC_092,4.57,B02_C3_Ridge,4.159180116804956
fold_state_stratified,2,AGC_096,4.59,B02_C3_Ridge,4.106413476013559
fold_state_stratified,2,AGC_097,4.69,B02_C3_Ridge,4.655120645568239
fold_state_stratified,2,AGC_099,3.5,B02_C3_Ridge,3.1821315517292037
fold_state_stratified,2,AGC_101,4.57,B02_C3_Ridge,4.202353035103699
fold_state_stratified,2,AGC_102,4.4,B02_C3_Ridge,4.394665019544544
fold_state_stratified,2,AGC_103,3.0,B02_C3_Ridge,2.712156443013392
fold_state_stratified,2,AGC_104,4.56,B02_C3_Ridge,4.33088203331734
fold_state_stratified,2,AGC_105,4.41,B02_C3_Ridge,4.4052276254838585
fold_state_stratified,2,AGC_106,4.43,B02_C3_Ridge,3.8863817673084147
fold_state_stratified,2,AGC_109,4.54,B02_C3_Ridge,4.394566118248939
fold_state_stratified,2,AGC_110,4.18,B02_C3_Ridge,4.319707351769342
fold_state_stratified,2,AGC_111,4.72,B02_C3_Ridge,4.36761901178406
fold_state_stratified,2,AGC_112,3.0,B02_C3_Ridge,2.9531913619444934
fold_state_stratified,2,AGC_114,3.0,B02_C3_Ridge,2.867893185991379
fold_state_stratified,2,AGC_115,4.6,B02_C3_Ridge,4.285620458066861
fold_state_stratified,2,AGC_117,3.5,B02_C3_Ridge,3.4638029283869223
fold_state_stratified,2,AGC_119,4.4,B02_C3_Ridge,4.293172512199942
fold_state_stratified,2,AGC_121,3.3,B02_C3_Ridge,3.273214369382701
fold_state_stratified,2,AGC_122,3.5,B02_C3_Ridge,2.753805393708265
fold_state_stratified,2,AGC_123,2.5,B02_C3_Ridge,2.819003149394239
fold_state_stratified,2,AGC_127,5.57,B02_C3_Ridge,4.671421769428027
fold_state_stratified,2,AGC_132,4.13,B02_C3_Ridge,4.348423990122709
fold_state_stratified,2,AGC_133,3.91,B02_C3_Ridge,4.387096721689588
fold_state_stratified,2,AGC_137,4.54,B02_C3_Ridge,4.248225644932448
fold_state_stratified,2,AGC_138,2.5,B02_C3_Ridge,3.329989941154303
fold_state_stratified,2,AGC_139,4.67,B02_C3_Ridge,4.370940033227876
fold_state_stratified,2,AGC_140,3.2,B02_C3_Ridge,3.106232977143698
fold_state_stratified,2,AGC_141,3.5,B02_C3_Ridge,3.130129884343143
fold_state_stratified,2,AGC_144,2.5,B02_C3_Ridge,2.959610448453212
fold_state_stratified,2,AGC_146,4.58,B02_C3_Ridge,4.346626287269625
fold_state_stratified,2,AGC_148,3.0,B02_C3_Ridge,3.212663416118254
fold_state_stratified,2,AGC_152,4.87,B02_C3_Ridge,4.518029045092139
fold_state_stratified,2,AGC_155,4.52,B02_C3_Ridge,4.814996526487695
fold_state_stratified,2,AGC_159,4.77,B02_C3_Ridge,4.510451620573985
fold_state_stratified,2,AGC_161,4.46,B02_C3_Ridge,4.52416591870912
fold_state_stratified,2,AGC_162,5.59,B02_C3_Ridge,4.5094692477718405
fold_state_stratified,2,AGC_163,3.0,B02_C3_Ridge,3.2125343675024416
fold_state_stratified,2,AGC_164,3.0,B02_C3_Ridge,3.230183337618901
fold_state_stratified,2,AGC_165,4.44,B02_C3_Ridge,4.654275972624683
fold_state_stratified,2,AGC_167,4.54,B02_C3_Ridge,4.400974196209681
fold_state_stratified,2,AGC_168,4.49,B02_C3_Ridge,4.727803721465487
fold_state_stratified,2,AGC_169,2.5,B02_C3_Ridge,2.862762999394579
fold_state_stratified,2,AGC_170,3.0,B02_C3_Ridge,3.2700711510267
fold_state_stratified,2,AGC_171,2.15,B02_C3_Ridge,4.358445268880936
fold_state_stratified,2,AGC_172,5.19,B02_C3_Ridge,4.456661766134105
fold_state_stratified,2,AGC_176,4.38,B02_C3_Ridge,4.449641999695285
fold_state_stratified,2,AGC_178,4.39,B02_C3_Ridge,4.200298701136177
fold_state_stratified,2,AGC_179,4.55,B02_C3_Ridge,4.704040505474104
fold_state_stratified,2,AGC_180,4.14,B02_C3_Ridge,4.10610592877403
fold_state_stratified,2,AGC_181,4.51,B02_C3_Ridge,4.362010736247618
fold_state_stratified,2,AGC_184,4.47,B02_C3_Ridge,4.20376581824502
fold_state_stratified,2,AGC_185,5.01,B02_C3_Ridge,4.393469947524196
fold_state_stratified,2,AGC_187,3.0,B02_C3_Ridge,3.2805312513131875
fold_state_stratified,2,AGC_189,4.03,B02_C3_Ridge,4.0868505370375425
fold_state_stratified,2,AGC_195,3.68,B02_C3_Ridge,4.063214948869057
fold_state_stratified,2,AGC_196,3.5,B02_C3_Ridge,3.5695683695725986
fold_state_stratified,2,AGC_197,4.52,B02_C3_Ridge,4.355057846776628
fold_state_stratified,2,AGC_001,3.5,B03_C1_CatBoost,2.9978627610850808
fold_state_stratified,2,AGC_002,4.63,B03_C1_CatBoost,4.092319067590367
fold_state_stratified,2,AGC_004,3.0,B03_C1_CatBoost,3.174265692086351
fold_state_stratified,2,AGC_005,5.16,B03_C1_CatBoost,4.53821834271341
fold_state_stratified,2,AGC_006,4.49,B03_C1_CatBoost,3.9752357512429626
fold_state_stratified,2,AGC_007,3.5,B03_C1_CatBoost,3.28072652828844
fold_state_stratified,2,AGC_009,4.79,B03_C1_CatBoost,4.276323196090232
fold_state_stratified,2,AGC_010,4.1,B03_C1_CatBoost,4.558110226173881
fold_state_stratified,2,AGC_012,4.69,B03_C1_CatBoost,4.381518125095656
fold_state_stratified,2,AGC_013,4.01,B03_C1_CatBoost,4.344873954496709
fold_state_stratified,2,AGC_014,4.83,B03_C1_CatBoost,4.263503482144323
fold_state_stratified,2,AGC_015,2.64,B03_C1_CatBoost,4.789699454024799
fold_state_stratified,2,AGC_017,4.98,B03_C1_CatBoost,4.262158238021605
fold_state_stratified,2,AGC_018,4.49,B03_C1_CatBoost,4.243103209530773
fold_state_stratified,2,AGC_019,3.0,B03_C1_CatBoost,2.8780262110334434
fold_state_stratified,2,AGC_020,3.5,B03_C1_CatBoost,3.4910562310807904
fold_state_stratified,2,AGC_021,4.94,B03_C1_CatBoost,4.770932714743935
fold_state_stratified,2,AGC_022,4.55,B03_C1_CatBoost,3.8898194964679362
fold_state_stratified,2,AGC_023,3.0,B03_C1_CatBoost,3.3323646308361106
fold_state_stratified,2,AGC_026,3.55,B03_C1_CatBoost,3.9567609403349913
fold_state_stratified,2,AGC_032,4.03,B03_C1_CatBoost,4.291923879965793
fold_state_stratified,2,AGC_034,2.0,B03_C1_CatBoost,3.2865010934172574
fold_state_stratified,2,AGC_035,4.68,B03_C1_CatBoost,3.551450292956588
fold_state_stratified,2,AGC_038,3.3,B03_C1_CatBoost,2.950447064725495
fold_state_stratified,2,AGC_041,2.5,B03_C1_CatBoost,3.5535216192064354
fold_state_stratified,2,AGC_044,3.5,B03_C1_CatBoost,3.3971140320649056
fold_state_stratified,2,AGC_045,4.1,B03_C1_CatBoost,4.370086058855918
fold_state_stratified,2,AGC_046,3.0,B03_C1_CatBoost,2.786548235217083
fold_state_stratified,2,AGC_048,2.5,B03_C1_CatBoost,3.713277017348645
fold_state_stratified,2,AGC_051,4.45,B03_C1_CatBoost,4.155078352057757
fold_state_stratified,2,AGC_054,2.5,B03_C1_CatBoost,2.8979829952835416
fold_state_stratified,2,AGC_056,5.07,B03_C1_CatBoost,4.195140788228365
fold_state_stratified,2,AGC_057,4.55,B03_C1_CatBoost,4.62068186569627
fold_state_stratified,2,AGC_058,2.5,B03_C1_CatBoost,2.965352075715689
fold_state_stratified,2,AGC_059,4.41,B03_C1_CatBoost,4.082237754042467
fold_state_stratified,2,AGC_060,4.52,B03_C1_CatBoost,4.999287223421675
fold_state_stratified,2,AGC_066,3.0,B03_C1_CatBoost,3.339605556489346
fold_state_stratified,2,AGC_067,3.0,B03_C1_CatBoost,3.3321952230179193
fold_state_stratified,2,AGC_068,2.5,B03_C1_CatBoost,3.137424579822209
fold_state_stratified,2,AGC_069,5.46,B03_C1_CatBoost,4.10908294467049
fold_state_stratified,2,AGC_070,3.3,B03_C1_CatBoost,3.516442432837607
fold_state_stratified,2,AGC_072,4.55,B03_C1_CatBoost,4.356789696138662
fold_state_stratified,2,AGC_073,4.3,B03_C1_CatBoost,4.327417226727107
fold_state_stratified,2,AGC_074,2.5,B03_C1_CatBoost,3.1650498714398623
fold_state_stratified,2,AGC_077,4.76,B03_C1_CatBoost,4.315468111062785
fold_state_stratified,2,AGC_079,3.3,B03_C1_CatBoost,3.0206647591069213
fold_state_stratified,2,AGC_080,3.5,B03_C1_CatBoost,3.1121694094215684
fold_state_stratified,2,AGC_081,3.7,B03_C1_CatBoost,3.5493546919469168
fold_state_stratified,2,AGC_083,4.61,B03_C1_CatBoost,3.9093815164108605
fold_state_stratified,2,AGC_084,4.54,B03_C1_CatBoost,4.486816623760248
fold_state_stratified,2,AGC_089,3.0,B03_C1_CatBoost,2.9923953506239513
fold_state_stratified,2,AGC_090,4.68,B03_C1_CatBoost,4.275272354613975
fold_state_stratified,2,AGC_092,4.57,B03_C1_CatBoost,4.023362093855553
fold_state_stratified,2,AGC_096,4.59,B03_C1_CatBoost,4.126558000563193
fold_state_stratified,2,AGC_097,4.69,B03_C1_CatBoost,4.642367944900435
fold_state_stratified,2,AGC_099,3.5,B03_C1_CatBoost,3.0182322194077926
fold_state_stratified,2,AGC_101,4.57,B03_C1_CatBoost,4.068313502543081
fold_state_stratified,2,AGC_102,4.4,B03_C1_CatBoost,4.574123139801856
fold_state_stratified,2,AGC_103,3.0,B03_C1_CatBoost,2.8827957525833767
fold_state_stratified,2,AGC_104,4.56,B03_C1_CatBoost,4.423865615145701
fold_state_stratified,2,AGC_105,4.41,B03_C1_CatBoost,4.458387151028063
fold_state_stratified,2,AGC_106,4.43,B03_C1_CatBoost,3.823684790475852
fold_state_stratified,2,AGC_109,4.54,B03_C1_CatBoost,4.286984119616584
fold_state_stratified,2,AGC_110,4.18,B03_C1_CatBoost,4.348651599483162
fold_state_stratified,2,AGC_111,4.72,B03_C1_CatBoost,4.447227193140684
fold_state_stratified,2,AGC_112,3.0,B03_C1_CatBoost,2.881413432401473
fold_state_stratified,2,AGC_114,3.0,B03_C1_CatBoost,2.801195596021671
fold_state_stratified,2,AGC_115,4.6,B03_C1_CatBoost,4.390878387001663
fold_state_stratified,2,AGC_117,3.5,B03_C1_CatBoost,2.973381936700008
fold_state_stratified,2,AGC_119,4.4,B03_C1_CatBoost,4.33485505888018
fold_state_stratified,2,AGC_121,3.3,B03_C1_CatBoost,3.3562796462606457
fold_state_stratified,2,AGC_122,3.5,B03_C1_CatBoost,3.120306699916057
fold_state_stratified,2,AGC_123,2.5,B03_C1_CatBoost,2.83466312773794
fold_state_stratified,2,AGC_127,5.57,B03_C1_CatBoost,4.439884685354741
fold_state_stratified,2,AGC_132,4.13,B03_C1_CatBoost,4.5411821684246405
fold_state_stratified,2,AGC_133,3.91,B03_C1_CatBoost,4.304267604734683
fold_state_stratified,2,AGC_137,4.54,B03_C1_CatBoost,4.490758563162103
fold_state_stratified,2,AGC_138,2.5,B03_C1_CatBoost,3.1661309402443294
fold_state_stratified,2,AGC_139,4.67,B03_C1_CatBoost,4.541949631698092
fold_state_stratified,2,AGC_140,3.2,B03_C1_CatBoost,3.5729515703159223
fold_state_stratified,2,AGC_141,3.5,B03_C1_CatBoost,3.1867667527507137
fold_state_stratified,2,AGC_144,2.5,B03_C1_CatBoost,2.910150777783514
fold_state_stratified,2,AGC_146,4.58,B03_C1_CatBoost,4.305928563780029
fold_state_stratified,2,AGC_148,3.0,B03_C1_CatBoost,3.32603520594148
fold_state_stratified,2,AGC_152,4.87,B03_C1_CatBoost,4.366249505412668
fold_state_stratified,2,AGC_155,4.52,B03_C1_CatBoost,4.470346788924417
fold_state_stratified,2,AGC_159,4.77,B03_C1_CatBoost,4.7165715654260225
fold_state_stratified,2,AGC_161,4.46,B03_C1_CatBoost,4.58184283654478
fold_state_stratified,2,AGC_162,5.59,B03_C1_CatBoost,4.506050387097218
fold_state_stratified,2,AGC_163,3.0,B03_C1_CatBoost,3.163725395662283
fold_state_stratified,2,AGC_164,3.0,B03_C1_CatBoost,3.277570162993044
fold_state_stratified,2,AGC_165,4.44,B03_C1_CatBoost,4.215137944626008
fold_state_stratified,2,AGC_167,4.54,B03_C1_CatBoost,4.573083118502325
fold_state_stratified,2,AGC_168,4.49,B03_C1_CatBoost,4.312545010099768
fold_state_stratified,2,AGC_169,2.5,B03_C1_CatBoost,2.966722233675114
fold_state_stratified,2,AGC_170,3.0,B03_C1_CatBoost,3.2594271610017813
fold_state_stratified,2,AGC_171,2.15,B03_C1_CatBoost,4.480940120691258
fold_state_stratified,2,AGC_172,5.19,B03_C1_CatBoost,4.638905241436419
fold_state_stratified,2,AGC_176,4.38,B03_C1_CatBoost,4.429499427891301
fold_state_stratified,2,AGC_178,4.39,B03_C1_CatBoost,4.083868367995478
fold_state_stratified,2,AGC_179,4.55,B03_C1_CatBoost,4.723414340653221
fold_state_stratified,2,AGC_180,4.14,B03_C1_CatBoost,4.392804428673685
fold_state_stratified,2,AGC_181,4.51,B03_C1_CatBoost,4.301230613305705
fold_state_stratified,2,AGC_184,4.47,B03_C1_CatBoost,4.476909745720036
fold_state_stratified,2,AGC_185,5.01,B03_C1_CatBoost,4.071827063516736
fold_state_stratified,2,AGC_187,3.0,B03_C1_CatBoost,3.4149586192019115
fold_state_stratified,2,AGC_189,4.03,B03_C1_CatBoost,4.157506170895033
fold_state_stratified,2,AGC_195,3.68,B03_C1_CatBoost,4.271954803514461
fold_state_stratified,2,AGC_196,3.5,B03_C1_CatBoost,3.67243615548054
fold_state_stratified,2,AGC_197,4.52,B03_C1_CatBoost,4.25700129278448
fold_state_stratified,2,AGC_001,3.5,B04_C0_Ridge,2.867935206298263
fold_state_stratified,2,AGC_002,4.63,B04_C0_Ridge,4.325416568078249
fold_state_stratified,2,AGC_004,3.0,B04_C0_Ridge,3.167231715778693
fold_state_stratified,2,AGC_005,5.16,B04_C0_Ridge,4.661107018975627
fold_state_stratified,2,AGC_006,4.49,B04_C0_Ridge,4.393472505069523
fold_state_stratified,2,AGC_007,3.5,B04_C0_Ridge,3.237544120918521
fold_state_stratified,2,AGC_009,4.79,B04_C0_Ridge,4.228209678926346
fold_state_stratified,2,AGC_010,4.1,B04_C0_Ridge,4.161204771316663
fold_state_stratified,2,AGC_012,4.69,B04_C0_Ridge,4.784104801070569
fold_state_stratified,2,AGC_013,4.01,B04_C0_Ridge,4.6656785425207215
fold_state_stratified,2,AGC_014,4.83,B04_C0_Ridge,3.999431841836528
fold_state_stratified,2,AGC_015,2.64,B04_C0_Ridge,4.661410125045144
fold_state_stratified,2,AGC_017,4.98,B04_C0_Ridge,4.502921587961519
fold_state_stratified,2,AGC_018,4.49,B04_C0_Ridge,4.4744714020390495
fold_state_stratified,2,AGC_019,3.0,B04_C0_Ridge,2.847023945181008
fold_state_stratified,2,AGC_020,3.5,B04_C0_Ridge,3.1471369492075367
fold_state_stratified,2,AGC_021,4.94,B04_C0_Ridge,4.46684691245821
fold_state_stratified,2,AGC_022,4.55,B04_C0_Ridge,4.014185795728786
fold_state_stratified,2,AGC_023,3.0,B04_C0_Ridge,3.3345138385278625
fold_state_stratified,2,AGC_026,3.55,B04_C0_Ridge,4.370283959547704
fold_state_stratified,2,AGC_032,4.03,B04_C0_Ridge,4.4315872382759
fold_state_stratified,2,AGC_034,2.0,B04_C0_Ridge,3.602403349329255
fold_state_stratified,2,AGC_035,4.68,B04_C0_Ridge,4.104217821278438
fold_state_stratified,2,AGC_038,3.3,B04_C0_Ridge,3.4953448101003204
fold_state_stratified,2,AGC_041,2.5,B04_C0_Ridge,3.8362543880673408
fold_state_stratified,2,AGC_044,3.5,B04_C0_Ridge,3.194165753631159
fold_state_stratified,2,AGC_045,4.1,B04_C0_Ridge,4.359754176109208
fold_state_stratified,2,AGC_046,3.0,B04_C0_Ridge,2.8895694863454366
fold_state_stratified,2,AGC_048,2.5,B04_C0_Ridge,3.445927294358198
fold_state_stratified,2,AGC_051,4.45,B04_C0_Ridge,3.836682691479078
fold_state_stratified,2,AGC_054,2.5,B04_C0_Ridge,3.052097724670177
fold_state_stratified,2,AGC_056,5.07,B04_C0_Ridge,4.2909350430508635
fold_state_stratified,2,AGC_057,4.55,B04_C0_Ridge,4.435354086632305
fold_state_stratified,2,AGC_058,2.5,B04_C0_Ridge,3.2636419235235667
fold_state_stratified,2,AGC_059,4.41,B04_C0_Ridge,3.9735262839316627
fold_state_stratified,2,AGC_060,4.52,B04_C0_Ridge,4.748429161392746
fold_state_stratified,2,AGC_066,3.0,B04_C0_Ridge,3.0597617506991903
fold_state_stratified,2,AGC_067,3.0,B04_C0_Ridge,3.661160501956054
fold_state_stratified,2,AGC_068,2.5,B04_C0_Ridge,3.2962412192115713
fold_state_stratified,2,AGC_069,5.46,B04_C0_Ridge,4.54916634892038
fold_state_stratified,2,AGC_070,3.3,B04_C0_Ridge,3.610427105325637
fold_state_stratified,2,AGC_072,4.55,B04_C0_Ridge,4.1524891252012806
fold_state_stratified,2,AGC_073,4.3,B04_C0_Ridge,4.515709132843543
fold_state_stratified,2,AGC_074,2.5,B04_C0_Ridge,3.0410086760387305
fold_state_stratified,2,AGC_077,4.76,B04_C0_Ridge,4.319529477208649
fold_state_stratified,2,AGC_079,3.3,B04_C0_Ridge,3.0769886771218964
fold_state_stratified,2,AGC_080,3.5,B04_C0_Ridge,3.431426201006881
fold_state_stratified,2,AGC_081,3.7,B04_C0_Ridge,3.672093749144393
fold_state_stratified,2,AGC_083,4.61,B04_C0_Ridge,3.9473467621561684
fold_state_stratified,2,AGC_084,4.54,B04_C0_Ridge,4.760708479480182
fold_state_stratified,2,AGC_089,3.0,B04_C0_Ridge,3.4218594554495314
fold_state_stratified,2,AGC_090,4.68,B04_C0_Ridge,4.319990888522176
fold_state_stratified,2,AGC_092,4.57,B04_C0_Ridge,4.057436611354359
fold_state_stratified,2,AGC_096,4.59,B04_C0_Ridge,4.14366217170786
fold_state_stratified,2,AGC_097,4.69,B04_C0_Ridge,4.600202875050485
fold_state_stratified,2,AGC_099,3.5,B04_C0_Ridge,3.170145522880925
fold_state_stratified,2,AGC_101,4.57,B04_C0_Ridge,4.219814771350098
fold_state_stratified,2,AGC_102,4.4,B04_C0_Ridge,4.386911793831227
fold_state_stratified,2,AGC_103,3.0,B04_C0_Ridge,2.747083324405644
fold_state_stratified,2,AGC_104,4.56,B04_C0_Ridge,4.2748356434432635
fold_state_stratified,2,AGC_105,4.41,B04_C0_Ridge,4.304879556318879
fold_state_stratified,2,AGC_106,4.43,B04_C0_Ridge,3.894721458289542
fold_state_stratified,2,AGC_109,4.54,B04_C0_Ridge,4.333344634966228
fold_state_stratified,2,AGC_110,4.18,B04_C0_Ridge,4.351934181241469
fold_state_stratified,2,AGC_111,4.72,B04_C0_Ridge,4.263569101165037
fold_state_stratified,2,AGC_112,3.0,B04_C0_Ridge,2.9979975233078786
fold_state_stratified,2,AGC_114,3.0,B04_C0_Ridge,2.968675898684132
fold_state_stratified,2,AGC_115,4.6,B04_C0_Ridge,4.24484272610135
fold_state_stratified,2,AGC_117,3.5,B04_C0_Ridge,3.4901250204975804
fold_state_stratified,2,AGC_119,4.4,B04_C0_Ridge,4.2827610699601335
fold_state_stratified,2,AGC_121,3.3,B04_C0_Ridge,3.2900268441761
fold_state_stratified,2,AGC_122,3.5,B04_C0_Ridge,2.9360060063950923
fold_state_stratified,2,AGC_123,2.5,B04_C0_Ridge,2.8586677988580247
fold_state_stratified,2,AGC_127,5.57,B04_C0_Ridge,4.727468710779764
fold_state_stratified,2,AGC_132,4.13,B04_C0_Ridge,4.355098570111911
fold_state_stratified,2,AGC_133,3.91,B04_C0_Ridge,4.3499477206721515
fold_state_stratified,2,AGC_137,4.54,B04_C0_Ridge,4.126426007173012
fold_state_stratified,2,AGC_138,2.5,B04_C0_Ridge,3.3969347728249435
fold_state_stratified,2,AGC_139,4.67,B04_C0_Ridge,4.346033230835246
fold_state_stratified,2,AGC_140,3.2,B04_C0_Ridge,3.1363904908385045
fold_state_stratified,2,AGC_141,3.5,B04_C0_Ridge,3.2019519853720944
fold_state_stratified,2,AGC_144,2.5,B04_C0_Ridge,3.0161340715939042
fold_state_stratified,2,AGC_146,4.58,B04_C0_Ridge,4.366096534804841
fold_state_stratified,2,AGC_148,3.0,B04_C0_Ridge,3.1638748523324383
fold_state_stratified,2,AGC_152,4.87,B04_C0_Ridge,4.544852194049478
fold_state_stratified,2,AGC_155,4.52,B04_C0_Ridge,4.7223807911585585
fold_state_stratified,2,AGC_159,4.77,B04_C0_Ridge,4.448669454264356
fold_state_stratified,2,AGC_161,4.46,B04_C0_Ridge,4.479866939226932
fold_state_stratified,2,AGC_162,5.59,B04_C0_Ridge,4.527269064706392
fold_state_stratified,2,AGC_163,3.0,B04_C0_Ridge,3.25294928455
fold_state_stratified,2,AGC_164,3.0,B04_C0_Ridge,3.177641692275739
fold_state_stratified,2,AGC_165,4.44,B04_C0_Ridge,4.674305914363549
fold_state_stratified,2,AGC_167,4.54,B04_C0_Ridge,4.355644054693642
fold_state_stratified,2,AGC_168,4.49,B04_C0_Ridge,4.651339697755075
fold_state_stratified,2,AGC_169,2.5,B04_C0_Ridge,2.900367709197469
fold_state_stratified,2,AGC_170,3.0,B04_C0_Ridge,3.32834601454062
fold_state_stratified,2,AGC_171,2.15,B04_C0_Ridge,4.325877212007773
fold_state_stratified,2,AGC_172,5.19,B04_C0_Ridge,4.4249033940901
fold_state_stratified,2,AGC_176,4.38,B04_C0_Ridge,4.438377894808292
fold_state_stratified,2,AGC_178,4.39,B04_C0_Ridge,4.270505049172708
fold_state_stratified,2,AGC_179,4.55,B04_C0_Ridge,4.655058210101054
fold_state_stratified,2,AGC_180,4.14,B04_C0_Ridge,4.029136079658424
fold_state_stratified,2,AGC_181,4.51,B04_C0_Ridge,4.388851060081368
fold_state_stratified,2,AGC_184,4.47,B04_C0_Ridge,4.206181971313225
fold_state_stratified,2,AGC_185,5.01,B04_C0_Ridge,4.405793725547902
fold_state_stratified,2,AGC_187,3.0,B04_C0_Ridge,3.274007120197256
fold_state_stratified,2,AGC_189,4.03,B04_C0_Ridge,4.08279192272359
fold_state_stratified,2,AGC_195,3.68,B04_C0_Ridge,4.023783395169362
fold_state_stratified,2,AGC_196,3.5,B04_C0_Ridge,3.4903902126411634
fold_state_stratified,2,AGC_197,4.52,B04_C0_Ridge,4.4264063240570986
fold_state_stratified,2,AGC_001,3.5,B05_C3_PLS,2.5374525140096686
fold_state_stratified,2,AGC_002,4.63,B05_C3_PLS,4.32363382573352
fold_state_stratified,2,AGC_004,3.0,B05_C3_PLS,3.1438811185685704
fold_state_stratified,2,AGC_005,5.16,B05_C3_PLS,5.072205379477365
fold_state_stratified,2,AGC_006,4.49,B05_C3_PLS,4.223559437219138
fold_state_stratified,2,AGC_007,3.5,B05_C3_PLS,3.0541131914494475
fold_state_stratified,2,AGC_009,4.79,B05_C3_PLS,4.315136980064245
fold_state_stratified,2,AGC_010,4.1,B05_C3_PLS,4.268691123023683
fold_state_stratified,2,AGC_012,4.69,B05_C3_PLS,4.8555452760777635
fold_state_stratified,2,AGC_013,4.01,B05_C3_PLS,4.605250565702041
fold_state_stratified,2,AGC_014,4.83,B05_C3_PLS,4.233755645353654
fold_state_stratified,2,AGC_015,2.64,B05_C3_PLS,4.774972610524405
fold_state_stratified,2,AGC_017,4.98,B05_C3_PLS,4.585402716646352
fold_state_stratified,2,AGC_018,4.49,B05_C3_PLS,4.751736340057983
fold_state_stratified,2,AGC_019,3.0,B05_C3_PLS,2.565160060473618
fold_state_stratified,2,AGC_020,3.5,B05_C3_PLS,2.7692766637404715
fold_state_stratified,2,AGC_021,4.94,B05_C3_PLS,4.5411666153592
fold_state_stratified,2,AGC_022,4.55,B05_C3_PLS,4.185346410514275
fold_state_stratified,2,AGC_023,3.0,B05_C3_PLS,3.326163571477357
fold_state_stratified,2,AGC_026,3.55,B05_C3_PLS,4.440928515108672
fold_state_stratified,2,AGC_032,4.03,B05_C3_PLS,4.438511885529398
fold_state_stratified,2,AGC_034,2.0,B05_C3_PLS,3.573060501076674
fold_state_stratified,2,AGC_035,4.68,B05_C3_PLS,4.140284093481148
fold_state_stratified,2,AGC_038,3.3,B05_C3_PLS,3.403788835645517
fold_state_stratified,2,AGC_041,2.5,B05_C3_PLS,3.855319297412906
fold_state_stratified,2,AGC_044,3.5,B05_C3_PLS,3.095154759249989
fold_state_stratified,2,AGC_045,4.1,B05_C3_PLS,4.712058522474253
fold_state_stratified,2,AGC_046,3.0,B05_C3_PLS,2.8406434193097643
fold_state_stratified,2,AGC_048,2.5,B05_C3_PLS,3.290913407941349
fold_state_stratified,2,AGC_051,4.45,B05_C3_PLS,3.9063708223634594
fold_state_stratified,2,AGC_054,2.5,B05_C3_PLS,2.9621975204062405
fold_state_stratified,2,AGC_056,5.07,B05_C3_PLS,4.32118472226952
fold_state_stratified,2,AGC_057,4.55,B05_C3_PLS,4.489686270787171
fold_state_stratified,2,AGC_058,2.5,B05_C3_PLS,3.2035862115309763
fold_state_stratified,2,AGC_059,4.41,B05_C3_PLS,4.029955420872623
fold_state_stratified,2,AGC_060,4.52,B05_C3_PLS,4.714335890104016
fold_state_stratified,2,AGC_066,3.0,B05_C3_PLS,3.0762508205193915
fold_state_stratified,2,AGC_067,3.0,B05_C3_PLS,3.8516630607964544
fold_state_stratified,2,AGC_068,2.5,B05_C3_PLS,3.1695111020397793
fold_state_stratified,2,AGC_069,5.46,B05_C3_PLS,4.7278733323911935
fold_state_stratified,2,AGC_070,3.3,B05_C3_PLS,3.626109655712832
fold_state_stratified,2,AGC_072,4.55,B05_C3_PLS,4.316979471471039
fold_state_stratified,2,AGC_073,4.3,B05_C3_PLS,4.335571507308637
fold_state_stratified,2,AGC_074,2.5,B05_C3_PLS,2.5658199045023284
fold_state_stratified,2,AGC_077,4.76,B05_C3_PLS,4.269082109869603
fold_state_stratified,2,AGC_079,3.3,B05_C3_PLS,2.9203288146338844
fold_state_stratified,2,AGC_080,3.5,B05_C3_PLS,3.382790818746591
fold_state_stratified,2,AGC_081,3.7,B05_C3_PLS,3.8314435860843723
fold_state_stratified,2,AGC_083,4.61,B05_C3_PLS,3.914682428195789
fold_state_stratified,2,AGC_084,4.54,B05_C3_PLS,4.810918086548207
fold_state_stratified,2,AGC_089,3.0,B05_C3_PLS,3.2731403770584695
fold_state_stratified,2,AGC_090,4.68,B05_C3_PLS,4.475725513578746
fold_state_stratified,2,AGC_092,4.57,B05_C3_PLS,4.201024170096356
fold_state_stratified,2,AGC_096,4.59,B05_C3_PLS,4.137151944367483
fold_state_stratified,2,AGC_097,4.69,B05_C3_PLS,4.464087333661357
fold_state_stratified,2,AGC_099,3.5,B05_C3_PLS,3.190530229408742
fold_state_stratified,2,AGC_101,4.57,B05_C3_PLS,4.2983564959948595
fold_state_stratified,2,AGC_102,4.4,B05_C3_PLS,4.353535603600831
fold_state_stratified,2,AGC_103,3.0,B05_C3_PLS,2.5283429249693454
fold_state_stratified,2,AGC_104,4.56,B05_C3_PLS,4.3608100983058815
fold_state_stratified,2,AGC_105,4.41,B05_C3_PLS,4.473916655688415
fold_state_stratified,2,AGC_106,4.43,B05_C3_PLS,4.007212167648912
fold_state_stratified,2,AGC_109,4.54,B05_C3_PLS,4.372128634070367
fold_state_stratified,2,AGC_110,4.18,B05_C3_PLS,4.301436072126879
fold_state_stratified,2,AGC_111,4.72,B05_C3_PLS,4.362345660832867
fold_state_stratified,2,AGC_112,3.0,B05_C3_PLS,3.0962363306622183
fold_state_stratified,2,AGC_114,3.0,B05_C3_PLS,2.88313308112442
fold_state_stratified,2,AGC_115,4.6,B05_C3_PLS,4.275131647267562
fold_state_stratified,2,AGC_117,3.5,B05_C3_PLS,3.4810538816566745
fold_state_stratified,2,AGC_119,4.4,B05_C3_PLS,4.527628411685923
fold_state_stratified,2,AGC_121,3.3,B05_C3_PLS,3.0863603849857233
fold_state_stratified,2,AGC_122,3.5,B05_C3_PLS,2.54793054530081
fold_state_stratified,2,AGC_123,2.5,B05_C3_PLS,2.630315644522754
fold_state_stratified,2,AGC_127,5.57,B05_C3_PLS,4.896583749157848
fold_state_stratified,2,AGC_132,4.13,B05_C3_PLS,4.482918714697169
fold_state_stratified,2,AGC_133,3.91,B05_C3_PLS,4.47959617808908
fold_state_stratified,2,AGC_137,4.54,B05_C3_PLS,4.404339431782367
fold_state_stratified,2,AGC_138,2.5,B05_C3_PLS,3.3733677567789915
fold_state_stratified,2,AGC_139,4.67,B05_C3_PLS,4.314560872540457
fold_state_stratified,2,AGC_140,3.2,B05_C3_PLS,3.106157629288183
fold_state_stratified,2,AGC_141,3.5,B05_C3_PLS,3.0864449291976928
fold_state_stratified,2,AGC_144,2.5,B05_C3_PLS,2.8304207622644646
fold_state_stratified,2,AGC_146,4.58,B05_C3_PLS,4.445529219556117
fold_state_stratified,2,AGC_148,3.0,B05_C3_PLS,2.8290027161498177
fold_state_stratified,2,AGC_152,4.87,B05_C3_PLS,4.668364789945757
fold_state_stratified,2,AGC_155,4.52,B05_C3_PLS,4.864278107624797
fold_state_stratified,2,AGC_159,4.77,B05_C3_PLS,4.5574300690741545
fold_state_stratified,2,AGC_161,4.46,B05_C3_PLS,4.55138086047957
fold_state_stratified,2,AGC_162,5.59,B05_C3_PLS,4.308188296760438
fold_state_stratified,2,AGC_163,3.0,B05_C3_PLS,3.043713272941175
fold_state_stratified,2,AGC_164,3.0,B05_C3_PLS,3.2237476293357985
fold_state_stratified,2,AGC_165,4.44,B05_C3_PLS,4.504416143594122
fold_state_stratified,2,AGC_167,4.54,B05_C3_PLS,4.548626880122565
fold_state_stratified,2,AGC_168,4.49,B05_C3_PLS,4.6246273174465085
fold_state_stratified,2,AGC_169,2.5,B05_C3_PLS,3.040209081847512
fold_state_stratified,2,AGC_170,3.0,B05_C3_PLS,3.341884842969582
fold_state_stratified,2,AGC_171,2.15,B05_C3_PLS,4.336472522680993
fold_state_stratified,2,AGC_172,5.19,B05_C3_PLS,4.453343317784261
fold_state_stratified,2,AGC_176,4.38,B05_C3_PLS,4.3750922560802135
fold_state_stratified,2,AGC_178,4.39,B05_C3_PLS,4.247999497317186
fold_state_stratified,2,AGC_179,4.55,B05_C3_PLS,4.605278479601599
fold_state_stratified,2,AGC_180,4.14,B05_C3_PLS,4.145577055171032
fold_state_stratified,2,AGC_181,4.51,B05_C3_PLS,4.269802121644735
fold_state_stratified,2,AGC_184,4.47,B05_C3_PLS,4.40949252634266
fold_state_stratified,2,AGC_185,5.01,B05_C3_PLS,4.366250774036582
fold_state_stratified,2,AGC_187,3.0,B05_C3_PLS,3.1976604902735506
fold_state_stratified,2,AGC_189,4.03,B05_C3_PLS,4.186667608913602
fold_state_stratified,2,AGC_195,3.68,B05_C3_PLS,4.011660245111449
fold_state_stratified,2,AGC_196,3.5,B05_C3_PLS,3.149015882835023
fold_state_stratified,2,AGC_197,4.52,B05_C3_PLS,4.349006130883348
fold_state_stratified,2,AGC_001,3.5,B06_C2_PLS,2.5615083976748485
fold_state_stratified,2,AGC_002,4.63,B06_C2_PLS,4.311402444090237
fold_state_stratified,2,AGC_004,3.0,B06_C2_PLS,3.1387872739567944
fold_state_stratified,2,AGC_005,5.16,B06_C2_PLS,5.0810167035247265
fold_state_stratified,2,AGC_006,4.49,B06_C2_PLS,4.2253873894898755
fold_state_stratified,2,AGC_007,3.5,B06_C2_PLS,3.016644068533127
fold_state_stratified,2,AGC_009,4.79,B06_C2_PLS,4.254255243079619
fold_state_stratified,2,AGC_010,4.1,B06_C2_PLS,4.300045283574931
fold_state_stratified,2,AGC_012,4.69,B06_C2_PLS,4.852424741520927
fold_state_stratified,2,AGC_013,4.01,B06_C2_PLS,4.628239377946504
fold_state_stratified,2,AGC_014,4.83,B06_C2_PLS,4.273141808581617
fold_state_stratified,2,AGC_015,2.64,B06_C2_PLS,4.781093349971852
fold_state_stratified,2,AGC_017,4.98,B06_C2_PLS,4.594390281853684
fold_state_stratified,2,AGC_018,4.49,B06_C2_PLS,4.775525882281529
fold_state_stratified,2,AGC_019,3.0,B06_C2_PLS,2.5145651537526477
fold_state_stratified,2,AGC_020,3.5,B06_C2_PLS,2.693778716991017
fold_state_stratified,2,AGC_021,4.94,B06_C2_PLS,4.5123643973005105
fold_state_stratified,2,AGC_022,4.55,B06_C2_PLS,4.151401536684467
fold_state_stratified,2,AGC_023,3.0,B06_C2_PLS,3.3939902048237496
fold_state_stratified,2,AGC_026,3.55,B06_C2_PLS,4.471023196643722
fold_state_stratified,2,AGC_032,4.03,B06_C2_PLS,4.442271723933721
fold_state_stratified,2,AGC_034,2.0,B06_C2_PLS,3.5874524819530444
fold_state_stratified,2,AGC_035,4.68,B06_C2_PLS,4.140787040612853
fold_state_stratified,2,AGC_038,3.3,B06_C2_PLS,3.391917131600975
fold_state_stratified,2,AGC_041,2.5,B06_C2_PLS,3.8878871398315855
fold_state_stratified,2,AGC_044,3.5,B06_C2_PLS,3.1106056712196954
fold_state_stratified,2,AGC_045,4.1,B06_C2_PLS,4.736979866836855
fold_state_stratified,2,AGC_046,3.0,B06_C2_PLS,2.900114957359851
fold_state_stratified,2,AGC_048,2.5,B06_C2_PLS,3.3207816801102648
fold_state_stratified,2,AGC_051,4.45,B06_C2_PLS,3.9234779259450248
fold_state_stratified,2,AGC_054,2.5,B06_C2_PLS,3.040681311133792
fold_state_stratified,2,AGC_056,5.07,B06_C2_PLS,4.286899507961197
fold_state_stratified,2,AGC_057,4.55,B06_C2_PLS,4.428352591679066
fold_state_stratified,2,AGC_058,2.5,B06_C2_PLS,3.219333515992518
fold_state_stratified,2,AGC_059,4.41,B06_C2_PLS,4.056981268226842
fold_state_stratified,2,AGC_060,4.52,B06_C2_PLS,4.736922620899074
fold_state_stratified,2,AGC_066,3.0,B06_C2_PLS,3.0726552737251285
fold_state_stratified,2,AGC_067,3.0,B06_C2_PLS,3.877926711823272
fold_state_stratified,2,AGC_068,2.5,B06_C2_PLS,3.186686101457644
fold_state_stratified,2,AGC_069,5.46,B06_C2_PLS,4.727099137828973
fold_state_stratified,2,AGC_070,3.3,B06_C2_PLS,3.591734549322105
fold_state_stratified,2,AGC_072,4.55,B06_C2_PLS,4.319847020041839
fold_state_stratified,2,AGC_073,4.3,B06_C2_PLS,4.360520611208566
fold_state_stratified,2,AGC_074,2.5,B06_C2_PLS,2.540870082048164
fold_state_stratified,2,AGC_077,4.76,B06_C2_PLS,4.244422336690362
fold_state_stratified,2,AGC_079,3.3,B06_C2_PLS,2.9177322230740215
fold_state_stratified,2,AGC_080,3.5,B06_C2_PLS,3.3412416509571106
fold_state_stratified,2,AGC_081,3.7,B06_C2_PLS,3.7835358739996905
fold_state_stratified,2,AGC_083,4.61,B06_C2_PLS,3.910283142251408
fold_state_stratified,2,AGC_084,4.54,B06_C2_PLS,4.787186389682856
fold_state_stratified,2,AGC_089,3.0,B06_C2_PLS,3.293216980252229
fold_state_stratified,2,AGC_090,4.68,B06_C2_PLS,4.463726851171661
fold_state_stratified,2,AGC_092,4.57,B06_C2_PLS,4.180723607244619
fold_state_stratified,2,AGC_096,4.59,B06_C2_PLS,4.096724216200032
fold_state_stratified,2,AGC_097,4.69,B06_C2_PLS,4.409572464824595
fold_state_stratified,2,AGC_099,3.5,B06_C2_PLS,3.2032922470634935
fold_state_stratified,2,AGC_101,4.57,B06_C2_PLS,4.2882584020491
fold_state_stratified,2,AGC_102,4.4,B06_C2_PLS,4.310545118707131
fold_state_stratified,2,AGC_103,3.0,B06_C2_PLS,2.467220444726376
fold_state_stratified,2,AGC_104,4.56,B06_C2_PLS,4.355255251131818
fold_state_stratified,2,AGC_105,4.41,B06_C2_PLS,4.493268765378395
fold_state_stratified,2,AGC_106,4.43,B06_C2_PLS,4.018862930390346
fold_state_stratified,2,AGC_109,4.54,B06_C2_PLS,4.338893739210654
fold_state_stratified,2,AGC_110,4.18,B06_C2_PLS,4.30357240625778
fold_state_stratified,2,AGC_111,4.72,B06_C2_PLS,4.303893799308612
fold_state_stratified,2,AGC_112,3.0,B06_C2_PLS,3.115793982513229
fold_state_stratified,2,AGC_114,3.0,B06_C2_PLS,2.9631266907089286
fold_state_stratified,2,AGC_115,4.6,B06_C2_PLS,4.250678463694005
fold_state_stratified,2,AGC_117,3.5,B06_C2_PLS,3.528444950763934
fold_state_stratified,2,AGC_119,4.4,B06_C2_PLS,4.48340569802416
fold_state_stratified,2,AGC_121,3.3,B06_C2_PLS,3.087954682286454
fold_state_stratified,2,AGC_122,3.5,B06_C2_PLS,2.533660550771138
fold_state_stratified,2,AGC_123,2.5,B06_C2_PLS,2.6257388593357565
fold_state_stratified,2,AGC_127,5.57,B06_C2_PLS,4.891146716816834
fold_state_stratified,2,AGC_132,4.13,B06_C2_PLS,4.47077891033863
fold_state_stratified,2,AGC_133,3.91,B06_C2_PLS,4.467593194833671
fold_state_stratified,2,AGC_137,4.54,B06_C2_PLS,4.4239613789895
fold_state_stratified,2,AGC_138,2.5,B06_C2_PLS,3.483934489391787
fold_state_stratified,2,AGC_139,4.67,B06_C2_PLS,4.322905340405504
fold_state_stratified,2,AGC_140,3.2,B06_C2_PLS,3.177907434500582
fold_state_stratified,2,AGC_141,3.5,B06_C2_PLS,3.079590369421725
fold_state_stratified,2,AGC_144,2.5,B06_C2_PLS,2.8272454147669133
fold_state_stratified,2,AGC_146,4.58,B06_C2_PLS,4.478520414460999
fold_state_stratified,2,AGC_148,3.0,B06_C2_PLS,2.852181831503948
fold_state_stratified,2,AGC_152,4.87,B06_C2_PLS,4.672786675127065
fold_state_stratified,2,AGC_155,4.52,B06_C2_PLS,4.855846195058075
fold_state_stratified,2,AGC_159,4.77,B06_C2_PLS,4.501018727316385
fold_state_stratified,2,AGC_161,4.46,B06_C2_PLS,4.542085577634245
fold_state_stratified,2,AGC_162,5.59,B06_C2_PLS,4.242528306415712
fold_state_stratified,2,AGC_163,3.0,B06_C2_PLS,3.0874748431948285
fold_state_stratified,2,AGC_164,3.0,B06_C2_PLS,3.288070042498276
fold_state_stratified,2,AGC_165,4.44,B06_C2_PLS,4.4816557332127696
fold_state_stratified,2,AGC_167,4.54,B06_C2_PLS,4.5264733445419365
fold_state_stratified,2,AGC_168,4.49,B06_C2_PLS,4.561409382057034
fold_state_stratified,2,AGC_169,2.5,B06_C2_PLS,3.0384962046603876
fold_state_stratified,2,AGC_170,3.0,B06_C2_PLS,3.325595446839004
fold_state_stratified,2,AGC_171,2.15,B06_C2_PLS,4.337976442656447
fold_state_stratified,2,AGC_172,5.19,B06_C2_PLS,4.444119475486784
fold_state_stratified,2,AGC_176,4.38,B06_C2_PLS,4.3687401093882094
fold_state_stratified,2,AGC_178,4.39,B06_C2_PLS,4.215094111888034
fold_state_stratified,2,AGC_179,4.55,B06_C2_PLS,4.609094285073791
fold_state_stratified,2,AGC_180,4.14,B06_C2_PLS,4.209248786757195
fold_state_stratified,2,AGC_181,4.51,B06_C2_PLS,4.276157975209765
fold_state_stratified,2,AGC_184,4.47,B06_C2_PLS,4.455019609289412
fold_state_stratified,2,AGC_185,5.01,B06_C2_PLS,4.382220454236066
fold_state_stratified,2,AGC_187,3.0,B06_C2_PLS,3.222043594351855
fold_state_stratified,2,AGC_189,4.03,B06_C2_PLS,4.2585280627627045
fold_state_stratified,2,AGC_195,3.68,B06_C2_PLS,4.059913261405847
fold_state_stratified,2,AGC_196,3.5,B06_C2_PLS,3.05027476780464
fold_state_stratified,2,AGC_197,4.52,B06_C2_PLS,4.312706714458624
fold_state_stratified,2,AGC_001,3.5,B07_C1_ExtraTrees,2.8618791666666676
fold_state_stratified,2,AGC_002,4.63,B07_C1_ExtraTrees,4.2213354166666655
fold_state_stratified,2,AGC_004,3.0,B07_C1_ExtraTrees,3.167204166666667
fold_state_stratified,2,AGC_005,5.16,B07_C1_ExtraTrees,4.5738541666666706
fold_state_stratified,2,AGC_006,4.49,B07_C1_ExtraTrees,4.509600000000004
fold_state_stratified,2,AGC_007,3.5,B07_C1_ExtraTrees,3.4297666666666653
fold_state_stratified,2,AGC_009,4.79,B07_C1_ExtraTrees,4.2796145833333314
fold_state_stratified,2,AGC_010,4.1,B07_C1_ExtraTrees,4.490887499999999
fold_state_stratified,2,AGC_012,4.69,B07_C1_ExtraTrees,4.461925000000002
fold_state_stratified,2,AGC_013,4.01,B07_C1_ExtraTrees,4.391866666666665
fold_state_stratified,2,AGC_014,4.83,B07_C1_ExtraTrees,4.227095833333334
fold_state_stratified,2,AGC_015,2.64,B07_C1_ExtraTrees,4.699637499999998
fold_state_stratified,2,AGC_017,4.98,B07_C1_ExtraTrees,4.197954166666669
fold_state_stratified,2,AGC_018,4.49,B07_C1_ExtraTrees,4.380358333333334
fold_state_stratified,2,AGC_019,3.0,B07_C1_ExtraTrees,2.948845833333331
fold_state_stratified,2,AGC_020,3.5,B07_C1_ExtraTrees,3.339725000000001
fold_state_stratified,2,AGC_021,4.94,B07_C1_ExtraTrees,4.76920833333334
fold_state_stratified,2,AGC_022,4.55,B07_C1_ExtraTrees,4.1468375
fold_state_stratified,2,AGC_023,3.0,B07_C1_ExtraTrees,3.230737499999999
fold_state_stratified,2,AGC_026,3.55,B07_C1_ExtraTrees,4.246741666666658
fold_state_stratified,2,AGC_032,4.03,B07_C1_ExtraTrees,4.376937499999995
fold_state_stratified,2,AGC_034,2.0,B07_C1_ExtraTrees,3.500449999999984
fold_state_stratified,2,AGC_035,4.68,B07_C1_ExtraTrees,3.994643750000002
fold_state_stratified,2,AGC_038,3.3,B07_C1_ExtraTrees,2.848633333333337
fold_state_stratified,2,AGC_041,2.5,B07_C1_ExtraTrees,3.6590437499999884
fold_state_stratified,2,AGC_044,3.5,B07_C1_ExtraTrees,3.234366666666666
fold_state_stratified,2,AGC_045,4.1,B07_C1_ExtraTrees,4.49150833333334
fold_state_stratified,2,AGC_046,3.0,B07_C1_ExtraTrees,2.791166666666667
fold_state_stratified,2,AGC_048,2.5,B07_C1_ExtraTrees,2.9750166666666673
fold_state_stratified,2,AGC_051,4.45,B07_C1_ExtraTrees,4.1242375000000004
fold_state_stratified,2,AGC_054,2.5,B07_C1_ExtraTrees,2.8958875000000006
fold_state_stratified,2,AGC_056,5.07,B07_C1_ExtraTrees,4.354812500000001
fold_state_stratified,2,AGC_057,4.55,B07_C1_ExtraTrees,4.478006249999998
fold_state_stratified,2,AGC_058,2.5,B07_C1_ExtraTrees,3.1550208333333334
fold_state_stratified,2,AGC_059,4.41,B07_C1_ExtraTrees,4.288795833333332
fold_state_stratified,2,AGC_060,4.52,B07_C1_ExtraTrees,5.007374999999988
fold_state_stratified,2,AGC_066,3.0,B07_C1_ExtraTrees,3.2065458333333328
fold_state_stratified,2,AGC_067,3.0,B07_C1_ExtraTrees,3.3970458333333364
fold_state_stratified,2,AGC_068,2.5,B07_C1_ExtraTrees,3.015387499999999
fold_state_stratified,2,AGC_069,5.46,B07_C1_ExtraTrees,4.142299999999997
fold_state_stratified,2,AGC_070,3.3,B07_C1_ExtraTrees,3.3690083333333285
fold_state_stratified,2,AGC_072,4.55,B07_C1_ExtraTrees,4.340945833333333
fold_state_stratified,2,AGC_073,4.3,B07_C1_ExtraTrees,4.471952083333332
fold_state_stratified,2,AGC_074,2.5,B07_C1_ExtraTrees,3.1761791666666683
fold_state_stratified,2,AGC_077,4.76,B07_C1_ExtraTrees,4.378052083333331
fold_state_stratified,2,AGC_079,3.3,B07_C1_ExtraTrees,3.029383333333335
fold_state_stratified,2,AGC_080,3.5,B07_C1_ExtraTrees,3.2831791666666663
fold_state_stratified,2,AGC_081,3.7,B07_C1_ExtraTrees,3.480808333333322
fold_state_stratified,2,AGC_083,4.61,B07_C1_ExtraTrees,3.8987375000000037
fold_state_stratified,2,AGC_084,4.54,B07_C1_ExtraTrees,4.478127083333331
fold_state_stratified,2,AGC_089,3.0,B07_C1_ExtraTrees,3.0804458333333353
fold_state_stratified,2,AGC_090,4.68,B07_C1_ExtraTrees,4.420954166666666
fold_state_stratified,2,AGC_092,4.57,B07_C1_ExtraTrees,4.339224999999998
fold_state_stratified,2,AGC_096,4.59,B07_C1_ExtraTrees,4.322412499999999
fold_state_stratified,2,AGC_097,4.69,B07_C1_ExtraTrees,4.703945833333333
fold_state_stratified,2,AGC_099,3.5,B07_C1_ExtraTrees,2.8667666666666656
fold_state_stratified,2,AGC_101,4.57,B07_C1_ExtraTrees,4.0919333333333245
fold_state_stratified,2,AGC_102,4.4,B07_C1_ExtraTrees,4.500681249999999
fold_state_stratified,2,AGC_103,3.0,B07_C1_ExtraTrees,3.015004166666665
fold_state_stratified,2,AGC_104,4.56,B07_C1_ExtraTrees,4.404241666666667
fold_state_stratified,2,AGC_105,4.41,B07_C1_ExtraTrees,4.3765875
fold_state_stratified,2,AGC_106,4.43,B07_C1_ExtraTrees,3.928852083333335
fold_state_stratified,2,AGC_109,4.54,B07_C1_ExtraTrees,4.392154166666671
fold_state_stratified,2,AGC_110,4.18,B07_C1_ExtraTrees,4.286289583333334
fold_state_stratified,2,AGC_111,4.72,B07_C1_ExtraTrees,4.4502333333333315
fold_state_stratified,2,AGC_112,3.0,B07_C1_ExtraTrees,2.757800000000001
fold_state_stratified,2,AGC_114,3.0,B07_C1_ExtraTrees,2.795316666666665
fold_state_stratified,2,AGC_115,4.6,B07_C1_ExtraTrees,4.4155833333333305
fold_state_stratified,2,AGC_117,3.5,B07_C1_ExtraTrees,2.909291666666665
fold_state_stratified,2,AGC_119,4.4,B07_C1_ExtraTrees,4.289885416666663
fold_state_stratified,2,AGC_121,3.3,B07_C1_ExtraTrees,3.3909458333333347
fold_state_stratified,2,AGC_122,3.5,B07_C1_ExtraTrees,2.921849999999998
fold_state_stratified,2,AGC_123,2.5,B07_C1_ExtraTrees,2.9844999999999997
fold_state_stratified,2,AGC_127,5.57,B07_C1_ExtraTrees,4.393449999999998
fold_state_stratified,2,AGC_132,4.13,B07_C1_ExtraTrees,4.458568749999994
fold_state_stratified,2,AGC_133,3.91,B07_C1_ExtraTrees,4.275033333333335
fold_state_stratified,2,AGC_137,4.54,B07_C1_ExtraTrees,4.530654166666661
fold_state_stratified,2,AGC_138,2.5,B07_C1_ExtraTrees,3.0085125
fold_state_stratified,2,AGC_139,4.67,B07_C1_ExtraTrees,4.405170833333336
fold_state_stratified,2,AGC_140,3.2,B07_C1_ExtraTrees,3.380475000000002
fold_state_stratified,2,AGC_141,3.5,B07_C1_ExtraTrees,3.2476249999999998
fold_state_stratified,2,AGC_144,2.5,B07_C1_ExtraTrees,2.991654166666667
fold_state_stratified,2,AGC_146,4.58,B07_C1_ExtraTrees,4.3733125000000115
fold_state_stratified,2,AGC_148,3.0,B07_C1_ExtraTrees,3.276316666666667
fold_state_stratified,2,AGC_152,4.87,B07_C1_ExtraTrees,4.327364583333326
fold_state_stratified,2,AGC_155,4.52,B07_C1_ExtraTrees,4.683397916666666
fold_state_stratified,2,AGC_159,4.77,B07_C1_ExtraTrees,4.567129166666664
fold_state_stratified,2,AGC_161,4.46,B07_C1_ExtraTrees,4.607954166666667
fold_state_stratified,2,AGC_162,5.59,B07_C1_ExtraTrees,4.467070833333331
fold_state_stratified,2,AGC_163,3.0,B07_C1_ExtraTrees,3.117645833333335
fold_state_stratified,2,AGC_164,3.0,B07_C1_ExtraTrees,3.184587499999999
fold_state_stratified,2,AGC_165,4.44,B07_C1_ExtraTrees,4.434470833333335
fold_state_stratified,2,AGC_167,4.54,B07_C1_ExtraTrees,4.442574999999997
fold_state_stratified,2,AGC_168,4.49,B07_C1_ExtraTrees,4.415195833333333
fold_state_stratified,2,AGC_169,2.5,B07_C1_ExtraTrees,2.7192708333333337
fold_state_stratified,2,AGC_170,3.0,B07_C1_ExtraTrees,3.173629166666666
fold_state_stratified,2,AGC_171,2.15,B07_C1_ExtraTrees,4.503062499999993
fold_state_stratified,2,AGC_172,5.19,B07_C1_ExtraTrees,4.546252083333329
fold_state_stratified,2,AGC_176,4.38,B07_C1_ExtraTrees,4.525154166666665
fold_state_stratified,2,AGC_178,4.39,B07_C1_ExtraTrees,4.36935833333333
fold_state_stratified,2,AGC_179,4.55,B07_C1_ExtraTrees,4.725791666666667
fold_state_stratified,2,AGC_180,4.14,B07_C1_ExtraTrees,4.064552083333326
fold_state_stratified,2,AGC_181,4.51,B07_C1_ExtraTrees,4.239320833333332
fold_state_stratified,2,AGC_184,4.47,B07_C1_ExtraTrees,4.4557458333333315
fold_state_stratified,2,AGC_185,5.01,B07_C1_ExtraTrees,4.271079166666663
fold_state_stratified,2,AGC_187,3.0,B07_C1_ExtraTrees,3.185458333333334
fold_state_stratified,2,AGC_189,4.03,B07_C1_ExtraTrees,4.031104166666666
fold_state_stratified,2,AGC_195,3.68,B07_C1_ExtraTrees,4.356574999999998
fold_state_stratified,2,AGC_196,3.5,B07_C1_ExtraTrees,3.3681416666666673
fold_state_stratified,2,AGC_197,4.52,B07_C1_ExtraTrees,4.16314999999999
fold_state_stratified,2,AGC_001,3.5,B08_C1_PLS,2.4196759088180504
fold_state_stratified,2,AGC_002,4.63,B08_C1_PLS,4.306880675408036
fold_state_stratified,2,AGC_004,3.0,B08_C1_PLS,3.3061793673336646
fold_state_stratified,2,AGC_005,5.16,B08_C1_PLS,4.868054217715243
fold_state_stratified,2,AGC_006,4.49,B08_C1_PLS,4.346021259389137
fold_state_stratified,2,AGC_007,3.5,B08_C1_PLS,3.0375655964120547
fold_state_stratified,2,AGC_009,4.79,B08_C1_PLS,4.362198902564241
fold_state_stratified,2,AGC_010,4.1,B08_C1_PLS,4.481451347903798
fold_state_stratified,2,AGC_012,4.69,B08_C1_PLS,4.985484942004019
fold_state_stratified,2,AGC_013,4.01,B08_C1_PLS,4.635384298724619
fold_state_stratified,2,AGC_014,4.83,B08_C1_PLS,4.2643725212175525
fold_state_stratified,2,AGC_015,2.64,B08_C1_PLS,4.721942443273507
fold_state_stratified,2,AGC_017,4.98,B08_C1_PLS,4.440395764032235
fold_state_stratified,2,AGC_018,4.49,B08_C1_PLS,4.682209594944069
fold_state_stratified,2,AGC_019,3.0,B08_C1_PLS,2.4447497555052125
fold_state_stratified,2,AGC_020,3.5,B08_C1_PLS,2.8318486260310047
fold_state_stratified,2,AGC_021,4.94,B08_C1_PLS,4.548965469100611
fold_state_stratified,2,AGC_022,4.55,B08_C1_PLS,4.064427621945294
fold_state_stratified,2,AGC_023,3.0,B08_C1_PLS,3.5019989132598277
fold_state_stratified,2,AGC_026,3.55,B08_C1_PLS,4.506766454764719
fold_state_stratified,2,AGC_032,4.03,B08_C1_PLS,4.314388611757147
fold_state_stratified,2,AGC_034,2.0,B08_C1_PLS,3.7057509585638853
fold_state_stratified,2,AGC_035,4.68,B08_C1_PLS,4.146275170031463
fold_state_stratified,2,AGC_038,3.3,B08_C1_PLS,3.639324023142683
fold_state_stratified,2,AGC_041,2.5,B08_C1_PLS,3.968246542947138
fold_state_stratified,2,AGC_044,3.5,B08_C1_PLS,3.22955299503925
fold_state_stratified,2,AGC_045,4.1,B08_C1_PLS,4.477824530629291
fold_state_stratified,2,AGC_046,3.0,B08_C1_PLS,2.8742169035820577
fold_state_stratified,2,AGC_048,2.5,B08_C1_PLS,3.2118079766922425
fold_state_stratified,2,AGC_051,4.45,B08_C1_PLS,4.08959596024047
fold_state_stratified,2,AGC_054,2.5,B08_C1_PLS,3.0653919465101267
fold_state_stratified,2,AGC_056,5.07,B08_C1_PLS,4.335468942017291
fold_state_stratified,2,AGC_057,4.55,B08_C1_PLS,4.57153958388265
fold_state_stratified,2,AGC_058,2.5,B08_C1_PLS,3.167064448138467
fold_state_stratified,2,AGC_059,4.41,B08_C1_PLS,4.204745074197827
fold_state_stratified,2,AGC_060,4.52,B08_C1_PLS,4.6701940069328
fold_state_stratified,2,AGC_066,3.0,B08_C1_PLS,3.152814863962414
fold_state_stratified,2,AGC_067,3.0,B08_C1_PLS,3.344306505184756
fold_state_stratified,2,AGC_068,2.5,B08_C1_PLS,3.219457227745598
fold_state_stratified,2,AGC_069,5.46,B08_C1_PLS,4.4578178492971725
fold_state_stratified,2,AGC_070,3.3,B08_C1_PLS,3.710323817218818
fold_state_stratified,2,AGC_072,4.55,B08_C1_PLS,4.541120238074245
fold_state_stratified,2,AGC_073,4.3,B08_C1_PLS,4.238548787342444
fold_state_stratified,2,AGC_074,2.5,B08_C1_PLS,2.195785685136702
fold_state_stratified,2,AGC_077,4.76,B08_C1_PLS,4.157564075614242
fold_state_stratified,2,AGC_079,3.3,B08_C1_PLS,3.265287356593541
fold_state_stratified,2,AGC_080,3.5,B08_C1_PLS,3.2080882032091442
fold_state_stratified,2,AGC_081,3.7,B08_C1_PLS,3.658385325443933
fold_state_stratified,2,AGC_083,4.61,B08_C1_PLS,3.7696667921248963
fold_state_stratified,2,AGC_084,4.54,B08_C1_PLS,4.774405142026529
fold_state_stratified,2,AGC_089,3.0,B08_C1_PLS,3.1932910176906186
fold_state_stratified,2,AGC_090,4.68,B08_C1_PLS,4.436971361564903
fold_state_stratified,2,AGC_092,4.57,B08_C1_PLS,4.5878022441274515
fold_state_stratified,2,AGC_096,4.59,B08_C1_PLS,4.000676800007086
fold_state_stratified,2,AGC_097,4.69,B08_C1_PLS,4.502742663407456
fold_state_stratified,2,AGC_099,3.5,B08_C1_PLS,3.3610408765854682
fold_state_stratified,2,AGC_101,4.57,B08_C1_PLS,4.065704155747775
fold_state_stratified,2,AGC_102,4.4,B08_C1_PLS,4.169417949891843
fold_state_stratified,2,AGC_103,3.0,B08_C1_PLS,2.437490287222827
fold_state_stratified,2,AGC_104,4.56,B08_C1_PLS,4.451931312045815
fold_state_stratified,2,AGC_105,4.41,B08_C1_PLS,4.658829922328815
fold_state_stratified,2,AGC_106,4.43,B08_C1_PLS,4.151697778166147
fold_state_stratified,2,AGC_109,4.54,B08_C1_PLS,4.56570121046401
fold_state_stratified,2,AGC_110,4.18,B08_C1_PLS,4.432012812294262
fold_state_stratified,2,AGC_111,4.72,B08_C1_PLS,4.5130857854041935
fold_state_stratified,2,AGC_112,3.0,B08_C1_PLS,3.135350994769197
fold_state_stratified,2,AGC_114,3.0,B08_C1_PLS,2.8998282135119466
fold_state_stratified,2,AGC_115,4.6,B08_C1_PLS,4.342074281048567
fold_state_stratified,2,AGC_117,3.5,B08_C1_PLS,3.5474624272835524
fold_state_stratified,2,AGC_119,4.4,B08_C1_PLS,4.545371397709911
fold_state_stratified,2,AGC_121,3.3,B08_C1_PLS,3.108477909466819
fold_state_stratified,2,AGC_122,3.5,B08_C1_PLS,2.2775154810067013
fold_state_stratified,2,AGC_123,2.5,B08_C1_PLS,2.696018359191788
fold_state_stratified,2,AGC_127,5.57,B08_C1_PLS,4.866479153032315
fold_state_stratified,2,AGC_132,4.13,B08_C1_PLS,4.362030277016023
fold_state_stratified,2,AGC_133,3.91,B08_C1_PLS,4.3035007364541515
fold_state_stratified,2,AGC_137,4.54,B08_C1_PLS,4.620384083992788
fold_state_stratified,2,AGC_138,2.5,B08_C1_PLS,3.437210250937344
fold_state_stratified,2,AGC_139,4.67,B08_C1_PLS,4.33442101633917
fold_state_stratified,2,AGC_140,3.2,B08_C1_PLS,3.1676026975605236
fold_state_stratified,2,AGC_141,3.5,B08_C1_PLS,2.965722551774083
fold_state_stratified,2,AGC_144,2.5,B08_C1_PLS,2.864045258996252
fold_state_stratified,2,AGC_146,4.58,B08_C1_PLS,4.164789542198065
fold_state_stratified,2,AGC_148,3.0,B08_C1_PLS,3.034184684066721
fold_state_stratified,2,AGC_152,4.87,B08_C1_PLS,4.568873502890489
fold_state_stratified,2,AGC_155,4.52,B08_C1_PLS,4.816113940879559
fold_state_stratified,2,AGC_159,4.77,B08_C1_PLS,4.687311054344352
fold_state_stratified,2,AGC_161,4.46,B08_C1_PLS,4.6312127748479455
fold_state_stratified,2,AGC_162,5.59,B08_C1_PLS,4.143351082702952
fold_state_stratified,2,AGC_163,3.0,B08_C1_PLS,3.1303232443396665
fold_state_stratified,2,AGC_164,3.0,B08_C1_PLS,3.3862707092107667
fold_state_stratified,2,AGC_165,4.44,B08_C1_PLS,4.379186908656168
fold_state_stratified,2,AGC_167,4.54,B08_C1_PLS,4.616971713629984
fold_state_stratified,2,AGC_168,4.49,B08_C1_PLS,4.66696944791342
fold_state_stratified,2,AGC_169,2.5,B08_C1_PLS,3.084818734863103
fold_state_stratified,2,AGC_170,3.0,B08_C1_PLS,3.103322870833809
fold_state_stratified,2,AGC_171,2.15,B08_C1_PLS,4.376909554186751
fold_state_stratified,2,AGC_172,5.19,B08_C1_PLS,4.296802515076609
fold_state_stratified,2,AGC_176,4.38,B08_C1_PLS,4.38939534661672
fold_state_stratified,2,AGC_178,4.39,B08_C1_PLS,3.9708146045091164
fold_state_stratified,2,AGC_179,4.55,B08_C1_PLS,4.732985731564095
fold_state_stratified,2,AGC_180,4.14,B08_C1_PLS,4.150206437811618
fold_state_stratified,2,AGC_181,4.51,B08_C1_PLS,4.1501997618504625
fold_state_stratified,2,AGC_184,4.47,B08_C1_PLS,4.397213030954609
fold_state_stratified,2,AGC_185,5.01,B08_C1_PLS,4.291709711779786
fold_state_stratified,2,AGC_187,3.0,B08_C1_PLS,3.352520847427191
fold_state_stratified,2,AGC_189,4.03,B08_C1_PLS,4.172573184520408
fold_state_stratified,2,AGC_195,3.68,B08_C1_PLS,4.164555467259116
fold_state_stratified,2,AGC_196,3.5,B08_C1_PLS,2.9637621382199466
fold_state_stratified,2,AGC_197,4.52,B08_C1_PLS,3.9525927944393877
fold_state_stratified,2,AGC_001,3.5,B09_C0_PCA_Ridge,2.4918375567695845
fold_state_stratified,2,AGC_002,4.63,B09_C0_PCA_Ridge,4.522149248128902
fold_state_stratified,2,AGC_004,3.0,B09_C0_PCA_Ridge,3.160808829249651
fold_state_stratified,2,AGC_005,5.16,B09_C0_PCA_Ridge,4.622495497755524
fold_state_stratified,2,AGC_006,4.49,B09_C0_PCA_Ridge,4.340079822177706
fold_state_stratified,2,AGC_007,3.5,B09_C0_PCA_Ridge,3.1714171571663408
fold_state_stratified,2,AGC_009,4.79,B09_C0_PCA_Ridge,4.315904811962836
fold_state_stratified,2,AGC_010,4.1,B09_C0_PCA_Ridge,4.1849280054659115
fold_state_stratified,2,AGC_012,4.69,B09_C0_PCA_Ridge,4.790331402424532
fold_state_stratified,2,AGC_013,4.01,B09_C0_PCA_Ridge,4.6776626215671895
fold_state_stratified,2,AGC_014,4.83,B09_C0_PCA_Ridge,4.010362416257979
fold_state_stratified,2,AGC_015,2.64,B09_C0_PCA_Ridge,4.64788341154562
fold_state_stratified,2,AGC_017,4.98,B09_C0_PCA_Ridge,4.645962252322065
fold_state_stratified,2,AGC_018,4.49,B09_C0_PCA_Ridge,4.522641060700675
fold_state_stratified,2,AGC_019,3.0,B09_C0_PCA_Ridge,2.6344816221449934
fold_state_stratified,2,AGC_020,3.5,B09_C0_PCA_Ridge,3.2614539851280293
fold_state_stratified,2,AGC_021,4.94,B09_C0_PCA_Ridge,4.463915872215153
fold_state_stratified,2,AGC_022,4.55,B09_C0_PCA_Ridge,4.049364860281406
fold_state_stratified,2,AGC_023,3.0,B09_C0_PCA_Ridge,3.4114432814333484
fold_state_stratified,2,AGC_026,3.55,B09_C0_PCA_Ridge,4.374627411221676
fold_state_stratified,2,AGC_032,4.03,B09_C0_PCA_Ridge,4.744942158156674
fold_state_stratified,2,AGC_034,2.0,B09_C0_PCA_Ridge,3.4161793502480813
fold_state_stratified,2,AGC_035,4.68,B09_C0_PCA_Ridge,4.422853576034895
fold_state_stratified,2,AGC_038,3.3,B09_C0_PCA_Ridge,3.48453832448445
fold_state_stratified,2,AGC_041,2.5,B09_C0_PCA_Ridge,3.754041521473319
fold_state_stratified,2,AGC_044,3.5,B09_C0_PCA_Ridge,3.1726384201447093
fold_state_stratified,2,AGC_045,4.1,B09_C0_PCA_Ridge,4.339657119917569
fold_state_stratified,2,AGC_046,3.0,B09_C0_PCA_Ridge,2.7354423931459735
fold_state_stratified,2,AGC_048,2.5,B09_C0_PCA_Ridge,3.2976217116546893
fold_state_stratified,2,AGC_051,4.45,B09_C0_PCA_Ridge,3.793088744629159
fold_state_stratified,2,AGC_054,2.5,B09_C0_PCA_Ridge,2.7341453437778953
fold_state_stratified,2,AGC_056,5.07,B09_C0_PCA_Ridge,4.476275874929519
fold_state_stratified,2,AGC_057,4.55,B09_C0_PCA_Ridge,4.2030452129602995
fold_state_stratified,2,AGC_058,2.5,B09_C0_PCA_Ridge,3.261190652815259
fold_state_stratified,2,AGC_059,4.41,B09_C0_PCA_Ridge,3.985186190641224
fold_state_stratified,2,AGC_060,4.52,B09_C0_PCA_Ridge,4.732385705242219
fold_state_stratified,2,AGC_066,3.0,B09_C0_PCA_Ridge,3.143686119218553
fold_state_stratified,2,AGC_067,3.0,B09_C0_PCA_Ridge,3.747255914840032
fold_state_stratified,2,AGC_068,2.5,B09_C0_PCA_Ridge,3.2607527187708762
fold_state_stratified,2,AGC_069,5.46,B09_C0_PCA_Ridge,4.62787740160655
fold_state_stratified,2,AGC_070,3.3,B09_C0_PCA_Ridge,3.3570476151422968
fold_state_stratified,2,AGC_072,4.55,B09_C0_PCA_Ridge,4.243874759358286
fold_state_stratified,2,AGC_073,4.3,B09_C0_PCA_Ridge,4.811572469438029
fold_state_stratified,2,AGC_074,2.5,B09_C0_PCA_Ridge,2.967379784007222
fold_state_stratified,2,AGC_077,4.76,B09_C0_PCA_Ridge,4.272589187182708
fold_state_stratified,2,AGC_079,3.3,B09_C0_PCA_Ridge,3.119842602664402
fold_state_stratified,2,AGC_080,3.5,B09_C0_PCA_Ridge,3.5981140176660182
fold_state_stratified,2,AGC_081,3.7,B09_C0_PCA_Ridge,3.2605929251929897
fold_state_stratified,2,AGC_083,4.61,B09_C0_PCA_Ridge,3.9607890396668672
fold_state_stratified,2,AGC_084,4.54,B09_C0_PCA_Ridge,4.984734095082077
fold_state_stratified,2,AGC_089,3.0,B09_C0_PCA_Ridge,3.435975273170381
fold_state_stratified,2,AGC_090,4.68,B09_C0_PCA_Ridge,4.439901912378087
fold_state_stratified,2,AGC_092,4.57,B09_C0_PCA_Ridge,4.196579651429218
fold_state_stratified,2,AGC_096,4.59,B09_C0_PCA_Ridge,4.25698297209888
fold_state_stratified,2,AGC_097,4.69,B09_C0_PCA_Ridge,4.762174783702418
fold_state_stratified,2,AGC_099,3.5,B09_C0_PCA_Ridge,3.3887834077260406
fold_state_stratified,2,AGC_101,4.57,B09_C0_PCA_Ridge,4.242505538209315
fold_state_stratified,2,AGC_102,4.4,B09_C0_PCA_Ridge,4.426593885941712
fold_state_stratified,2,AGC_103,3.0,B09_C0_PCA_Ridge,2.525170455138227
fold_state_stratified,2,AGC_104,4.56,B09_C0_PCA_Ridge,4.2280220243957665
fold_state_stratified,2,AGC_105,4.41,B09_C0_PCA_Ridge,4.333737593974348
fold_state_stratified,2,AGC_106,4.43,B09_C0_PCA_Ridge,3.833946206274601
fold_state_stratified,2,AGC_109,4.54,B09_C0_PCA_Ridge,4.366874717742494
fold_state_stratified,2,AGC_110,4.18,B09_C0_PCA_Ridge,4.380318630829386
fold_state_stratified,2,AGC_111,4.72,B09_C0_PCA_Ridge,4.165224479773249
fold_state_stratified,2,AGC_112,3.0,B09_C0_PCA_Ridge,3.016874245699426
fold_state_stratified,2,AGC_114,3.0,B09_C0_PCA_Ridge,2.549461246262264
fold_state_stratified,2,AGC_115,4.6,B09_C0_PCA_Ridge,4.303271603674355
fold_state_stratified,2,AGC_117,3.5,B09_C0_PCA_Ridge,3.5282366181598834
fold_state_stratified,2,AGC_119,4.4,B09_C0_PCA_Ridge,4.327094179663624
fold_state_stratified,2,AGC_121,3.3,B09_C0_PCA_Ridge,3.229343107715478
fold_state_stratified,2,AGC_122,3.5,B09_C0_PCA_Ridge,2.698648019110702
fold_state_stratified,2,AGC_123,2.5,B09_C0_PCA_Ridge,2.894314696442736
fold_state_stratified,2,AGC_127,5.57,B09_C0_PCA_Ridge,4.543724708724876
fold_state_stratified,2,AGC_132,4.13,B09_C0_PCA_Ridge,4.284154662535008
fold_state_stratified,2,AGC_133,3.91,B09_C0_PCA_Ridge,4.341680386058591
fold_state_stratified,2,AGC_137,4.54,B09_C0_PCA_Ridge,4.167383434330894
fold_state_stratified,2,AGC_138,2.5,B09_C0_PCA_Ridge,3.3084210298833674
fold_state_stratified,2,AGC_139,4.67,B09_C0_PCA_Ridge,4.3787074490787985
fold_state_stratified,2,AGC_140,3.2,B09_C0_PCA_Ridge,3.135776942551475
fold_state_stratified,2,AGC_141,3.5,B09_C0_PCA_Ridge,3.1770159806316505
fold_state_stratified,2,AGC_144,2.5,B09_C0_PCA_Ridge,2.9883346571094123
fold_state_stratified,2,AGC_146,4.58,B09_C0_PCA_Ridge,4.269273220220821
fold_state_stratified,2,AGC_148,3.0,B09_C0_PCA_Ridge,3.1804605895332494
fold_state_stratified,2,AGC_152,4.87,B09_C0_PCA_Ridge,4.672788550331731
fold_state_stratified,2,AGC_155,4.52,B09_C0_PCA_Ridge,4.996844855643646
fold_state_stratified,2,AGC_159,4.77,B09_C0_PCA_Ridge,4.544605172772636
fold_state_stratified,2,AGC_161,4.46,B09_C0_PCA_Ridge,4.5592358391747885
fold_state_stratified,2,AGC_162,5.59,B09_C0_PCA_Ridge,4.440301890773636
fold_state_stratified,2,AGC_163,3.0,B09_C0_PCA_Ridge,3.063571118360462
fold_state_stratified,2,AGC_164,3.0,B09_C0_PCA_Ridge,3.2694104286658376
fold_state_stratified,2,AGC_165,4.44,B09_C0_PCA_Ridge,4.667688035669571
fold_state_stratified,2,AGC_167,4.54,B09_C0_PCA_Ridge,4.539890374523362
fold_state_stratified,2,AGC_168,4.49,B09_C0_PCA_Ridge,4.8464706738897565
fold_state_stratified,2,AGC_169,2.5,B09_C0_PCA_Ridge,2.949878310753105
fold_state_stratified,2,AGC_170,3.0,B09_C0_PCA_Ridge,3.318605773280546
fold_state_stratified,2,AGC_171,2.15,B09_C0_PCA_Ridge,4.415169527547682
fold_state_stratified,2,AGC_172,5.19,B09_C0_PCA_Ridge,4.627400231497888
fold_state_stratified,2,AGC_176,4.38,B09_C0_PCA_Ridge,4.461335752013916
fold_state_stratified,2,AGC_178,4.39,B09_C0_PCA_Ridge,4.2732632390712135
fold_state_stratified,2,AGC_179,4.55,B09_C0_PCA_Ridge,4.640812152487543
fold_state_stratified,2,AGC_180,4.14,B09_C0_PCA_Ridge,4.181653605227832
fold_state_stratified,2,AGC_181,4.51,B09_C0_PCA_Ridge,4.431143857510863
fold_state_stratified,2,AGC_184,4.47,B09_C0_PCA_Ridge,4.176762478184168
fold_state_stratified,2,AGC_185,5.01,B09_C0_PCA_Ridge,4.3507587797669665
fold_state_stratified,2,AGC_187,3.0,B09_C0_PCA_Ridge,3.120908343354242
fold_state_stratified,2,AGC_189,4.03,B09_C0_PCA_Ridge,4.138754394260589
fold_state_stratified,2,AGC_195,3.68,B09_C0_PCA_Ridge,4.144267246358083
fold_state_stratified,2,AGC_196,3.5,B09_C0_PCA_Ridge,3.7383267366804938
fold_state_stratified,2,AGC_197,4.52,B09_C0_PCA_Ridge,4.385780035826143
fold_state_stratified,2,AGC_001,3.5,B10_C1_PCA_Ridge,2.1618731460666467
fold_state_stratified,2,AGC_002,4.63,B10_C1_PCA_Ridge,4.413296040898048
fold_state_stratified,2,AGC_004,3.0,B10_C1_PCA_Ridge,3.3502742975849653
fold_state_stratified,2,AGC_005,5.16,B10_C1_PCA_Ridge,4.781000154986668
fold_state_stratified,2,AGC_006,4.49,B10_C1_PCA_Ridge,4.383780995191353
fold_state_stratified,2,AGC_007,3.5,B10_C1_PCA_Ridge,3.3317436010137276
fold_state_stratified,2,AGC_009,4.79,B10_C1_PCA_Ridge,4.227950154563995
fold_state_stratified,2,AGC_010,4.1,B10_C1_PCA_Ridge,4.330980217872689
fold_state_stratified,2,AGC_012,4.69,B10_C1_PCA_Ridge,4.969326583794332
fold_state_stratified,2,AGC_013,4.01,B10_C1_PCA_Ridge,4.533669976896048
fold_state_stratified,2,AGC_014,4.83,B10_C1_PCA_Ridge,4.119861864288323
fold_state_stratified,2,AGC_015,2.64,B10_C1_PCA_Ridge,4.882457406354533
fold_state_stratified,2,AGC_017,4.98,B10_C1_PCA_Ridge,4.438481604976915
fold_state_stratified,2,AGC_018,4.49,B10_C1_PCA_Ridge,4.572283668482942
fold_state_stratified,2,AGC_019,3.0,B10_C1_PCA_Ridge,2.6711780315945837
fold_state_stratified,2,AGC_020,3.5,B10_C1_PCA_Ridge,3.387752455150752
fold_state_stratified,2,AGC_021,4.94,B10_C1_PCA_Ridge,4.460794490157724
fold_state_stratified,2,AGC_022,4.55,B10_C1_PCA_Ridge,4.119841561178395
fold_state_stratified,2,AGC_023,3.0,B10_C1_PCA_Ridge,3.3797111273346037
fold_state_stratified,2,AGC_026,3.55,B10_C1_PCA_Ridge,4.643224445474634
fold_state_stratified,2,AGC_032,4.03,B10_C1_PCA_Ridge,4.179412062253162
fold_state_stratified,2,AGC_034,2.0,B10_C1_PCA_Ridge,3.8146212522546925
fold_state_stratified,2,AGC_035,4.68,B10_C1_PCA_Ridge,3.981156893994707
fold_state_stratified,2,AGC_038,3.3,B10_C1_PCA_Ridge,3.5016105162960334
fold_state_stratified,2,AGC_041,2.5,B10_C1_PCA_Ridge,3.952891319283455
fold_state_stratified,2,AGC_044,3.5,B10_C1_PCA_Ridge,3.2699639936645295
fold_state_stratified,2,AGC_045,4.1,B10_C1_PCA_Ridge,4.194642794813548
fold_state_stratified,2,AGC_046,3.0,B10_C1_PCA_Ridge,2.712585640326968
fold_state_stratified,2,AGC_048,2.5,B10_C1_PCA_Ridge,3.2842452054334554
fold_state_stratified,2,AGC_051,4.45,B10_C1_PCA_Ridge,4.040483515859246
fold_state_stratified,2,AGC_054,2.5,B10_C1_PCA_Ridge,2.919361848662149
fold_state_stratified,2,AGC_056,5.07,B10_C1_PCA_Ridge,4.469690571911633
fold_state_stratified,2,AGC_057,4.55,B10_C1_PCA_Ridge,4.732867802001591
fold_state_stratified,2,AGC_058,2.5,B10_C1_PCA_Ridge,3.2792127861626033
fold_state_stratified,2,AGC_059,4.41,B10_C1_PCA_Ridge,4.201260464385642
fold_state_stratified,2,AGC_060,4.52,B10_C1_PCA_Ridge,4.613389222523975
fold_state_stratified,2,AGC_066,3.0,B10_C1_PCA_Ridge,3.196145705550639
fold_state_stratified,2,AGC_067,3.0,B10_C1_PCA_Ridge,3.3498687943219374
fold_state_stratified,2,AGC_068,2.5,B10_C1_PCA_Ridge,3.0472376020728182
fold_state_stratified,2,AGC_069,5.46,B10_C1_PCA_Ridge,4.3826014118666174
fold_state_stratified,2,AGC_070,3.3,B10_C1_PCA_Ridge,3.58623445044899
fold_state_stratified,2,AGC_072,4.55,B10_C1_PCA_Ridge,4.523351229743252
fold_state_stratified,2,AGC_073,4.3,B10_C1_PCA_Ridge,4.275323371861318
fold_state_stratified,2,AGC_074,2.5,B10_C1_PCA_Ridge,2.3157976142013394
fold_state_stratified,2,AGC_077,4.76,B10_C1_PCA_Ridge,4.154447749861397
fold_state_stratified,2,AGC_079,3.3,B10_C1_PCA_Ridge,3.220045339740113
fold_state_stratified,2,AGC_080,3.5,B10_C1_PCA_Ridge,3.173429593314775
fold_state_stratified,2,AGC_081,3.7,B10_C1_PCA_Ridge,3.430502500352211
fold_state_stratified,2,AGC_083,4.61,B10_C1_PCA_Ridge,3.8612140234526393
fold_state_stratified,2,AGC_084,4.54,B10_C1_PCA_Ridge,4.634165047230239
fold_state_stratified,2,AGC_089,3.0,B10_C1_PCA_Ridge,3.2531602004380358
fold_state_stratified,2,AGC_090,4.68,B10_C1_PCA_Ridge,4.419101708811094
fold_state_stratified,2,AGC_092,4.57,B10_C1_PCA_Ridge,4.551751692079503
fold_state_stratified,2,AGC_096,4.59,B10_C1_PCA_Ridge,4.058691225936172
fold_state_stratified,2,AGC_097,4.69,B10_C1_PCA_Ridge,4.843984595625883
fold_state_stratified,2,AGC_099,3.5,B10_C1_PCA_Ridge,3.102996601135451
fold_state_stratified,2,AGC_101,4.57,B10_C1_PCA_Ridge,4.143793847771349
fold_state_stratified,2,AGC_102,4.4,B10_C1_PCA_Ridge,4.2138410100656
fold_state_stratified,2,AGC_103,3.0,B10_C1_PCA_Ridge,2.719887041696138
fold_state_stratified,2,AGC_104,4.56,B10_C1_PCA_Ridge,4.441226716975726
fold_state_stratified,2,AGC_105,4.41,B10_C1_PCA_Ridge,4.571167499881706
fold_state_stratified,2,AGC_106,4.43,B10_C1_PCA_Ridge,4.1343365675880905
fold_state_stratified,2,AGC_109,4.54,B10_C1_PCA_Ridge,4.6150623927947105
fold_state_stratified,2,AGC_110,4.18,B10_C1_PCA_Ridge,4.205712980292143
fold_state_stratified,2,AGC_111,4.72,B10_C1_PCA_Ridge,4.58077520832491
fold_state_stratified,2,AGC_112,3.0,B10_C1_PCA_Ridge,3.054680060584351
fold_state_stratified,2,AGC_114,3.0,B10_C1_PCA_Ridge,2.896090524823563
fold_state_stratified,2,AGC_115,4.6,B10_C1_PCA_Ridge,4.364611361847514
fold_state_stratified,2,AGC_117,3.5,B10_C1_PCA_Ridge,3.271148918525318
fold_state_stratified,2,AGC_119,4.4,B10_C1_PCA_Ridge,4.481254000459468
fold_state_stratified,2,AGC_121,3.3,B10_C1_PCA_Ridge,3.310363781398312
fold_state_stratified,2,AGC_122,3.5,B10_C1_PCA_Ridge,2.215213163807433
fold_state_stratified,2,AGC_123,2.5,B10_C1_PCA_Ridge,2.8402397866813063
fold_state_stratified,2,AGC_127,5.57,B10_C1_PCA_Ridge,4.670172451834237
fold_state_stratified,2,AGC_132,4.13,B10_C1_PCA_Ridge,4.422591293187752
fold_state_stratified,2,AGC_133,3.91,B10_C1_PCA_Ridge,4.437467670472804
fold_state_stratified,2,AGC_137,4.54,B10_C1_PCA_Ridge,4.6913611778128725
fold_state_stratified,2,AGC_138,2.5,B10_C1_PCA_Ridge,3.141779527836005
fold_state_stratified,2,AGC_139,4.67,B10_C1_PCA_Ridge,4.345488777380187
fold_state_stratified,2,AGC_140,3.2,B10_C1_PCA_Ridge,2.976488030448704
fold_state_stratified,2,AGC_141,3.5,B10_C1_PCA_Ridge,2.9352851948667977
fold_state_stratified,2,AGC_144,2.5,B10_C1_PCA_Ridge,2.918069769289149
fold_state_stratified,2,AGC_146,4.58,B10_C1_PCA_Ridge,4.1956484672510355
fold_state_stratified,2,AGC_148,3.0,B10_C1_PCA_Ridge,3.3561288476251727
fold_state_stratified,2,AGC_152,4.87,B10_C1_PCA_Ridge,4.575120899009159
fold_state_stratified,2,AGC_155,4.52,B10_C1_PCA_Ridge,4.975237033271585
fold_state_stratified,2,AGC_159,4.77,B10_C1_PCA_Ridge,4.740907600935237
fold_state_stratified,2,AGC_161,4.46,B10_C1_PCA_Ridge,4.834935236984415
fold_state_stratified,2,AGC_162,5.59,B10_C1_PCA_Ridge,4.287693297725602
fold_state_stratified,2,AGC_163,3.0,B10_C1_PCA_Ridge,3.102378657432867
fold_state_stratified,2,AGC_164,3.0,B10_C1_PCA_Ridge,3.1785099352640445
fold_state_stratified,2,AGC_165,4.44,B10_C1_PCA_Ridge,4.525597289035987
fold_state_stratified,2,AGC_167,4.54,B10_C1_PCA_Ridge,4.695699433848905
fold_state_stratified,2,AGC_168,4.49,B10_C1_PCA_Ridge,4.642005346497992
fold_state_stratified,2,AGC_169,2.5,B10_C1_PCA_Ridge,2.995779394637198
fold_state_stratified,2,AGC_170,3.0,B10_C1_PCA_Ridge,3.1799163601551985
fold_state_stratified,2,AGC_171,2.15,B10_C1_PCA_Ridge,4.387053046752953
fold_state_stratified,2,AGC_172,5.19,B10_C1_PCA_Ridge,4.285065284604483
fold_state_stratified,2,AGC_176,4.38,B10_C1_PCA_Ridge,4.541369309755915
fold_state_stratified,2,AGC_178,4.39,B10_C1_PCA_Ridge,4.078134537858546
fold_state_stratified,2,AGC_179,4.55,B10_C1_PCA_Ridge,4.615563811303218
fold_state_stratified,2,AGC_180,4.14,B10_C1_PCA_Ridge,4.083301609422191
fold_state_stratified,2,AGC_181,4.51,B10_C1_PCA_Ridge,4.217320440497087
fold_state_stratified,2,AGC_184,4.47,B10_C1_PCA_Ridge,4.364700978981316
fold_state_stratified,2,AGC_185,5.01,B10_C1_PCA_Ridge,4.2165754827524
fold_state_stratified,2,AGC_187,3.0,B10_C1_PCA_Ridge,3.3032671070050186
fold_state_stratified,2,AGC_189,4.03,B10_C1_PCA_Ridge,4.123027460133628
fold_state_stratified,2,AGC_195,3.68,B10_C1_PCA_Ridge,4.227804928284086
fold_state_stratified,2,AGC_196,3.5,B10_C1_PCA_Ridge,3.4256284902964915
fold_state_stratified,2,AGC_197,4.52,B10_C1_PCA_Ridge,4.134620078785219
fold_state_stratified,3,AGC_001,3.5,B01_C0_PLS,2.5891673713628274
fold_state_stratified,3,AGC_002,4.63,B01_C0_PLS,4.384425781246121
fold_state_stratified,3,AGC_006,4.49,B01_C0_PLS,3.804202315761787
fold_state_stratified,3,AGC_007,3.5,B01_C0_PLS,2.6980293319332356
fold_state_stratified,3,AGC_008,4.55,B01_C0_PLS,4.242221928443625
fold_state_stratified,3,AGC_009,4.79,B01_C0_PLS,4.137733102945846
fold_state_stratified,3,AGC_012,4.69,B01_C0_PLS,4.542699979760101
fold_state_stratified,3,AGC_013,4.01,B01_C0_PLS,4.174580467672507
fold_state_stratified,3,AGC_015,2.64,B01_C0_PLS,4.608605213987564
fold_state_stratified,3,AGC_017,4.98,B01_C0_PLS,4.655370671653214
fold_state_stratified,3,AGC_019,3.0,B01_C0_PLS,2.950291039298209
fold_state_stratified,3,AGC_020,3.5,B01_C0_PLS,2.5025108146560053
fold_state_stratified,3,AGC_022,4.55,B01_C0_PLS,4.184008779922755
fold_state_stratified,3,AGC_024,3.03,B01_C0_PLS,4.0185232838725335
fold_state_stratified,3,AGC_026,3.55,B01_C0_PLS,4.451149049789638
fold_state_stratified,3,AGC_032,4.03,B01_C0_PLS,4.1185572988614005
fold_state_stratified,3,AGC_033,4.47,B01_C0_PLS,4.334005469222695
fold_state_stratified,3,AGC_034,2.0,B01_C0_PLS,3.8278159976851573
fold_state_stratified,3,AGC_035,4.68,B01_C0_PLS,3.9276017152026395
fold_state_stratified,3,AGC_037,3.5,B01_C0_PLS,3.2964741608520693
fold_state_stratified,3,AGC_040,3.0,B01_C0_PLS,3.097464268477343
fold_state_stratified,3,AGC_041,2.5,B01_C0_PLS,3.8209934123886087
fold_state_stratified,3,AGC_045,4.1,B01_C0_PLS,4.489205875905063
fold_state_stratified,3,AGC_046,3.0,B01_C0_PLS,2.5271218510875046
fold_state_stratified,3,AGC_047,4.45,B01_C0_PLS,3.579670259459487
fold_state_stratified,3,AGC_048,2.5,B01_C0_PLS,3.2580654847224846
fold_state_stratified,3,AGC_049,5.53,B01_C0_PLS,4.711896539487639
fold_state_stratified,3,AGC_053,3.5,B01_C0_PLS,3.5156377860978205
fold_state_stratified,3,AGC_054,2.5,B01_C0_PLS,3.254710229938645
fold_state_stratified,3,AGC_055,5.45,B01_C0_PLS,4.6363251290995775
fold_state_stratified,3,AGC_056,5.07,B01_C0_PLS,4.447447163785057
fold_state_stratified,3,AGC_057,4.55,B01_C0_PLS,4.721241639803486
fold_state_stratified,3,AGC_058,2.5,B01_C0_PLS,3.2570293584327557
fold_state_stratified,3,AGC_060,4.52,B01_C0_PLS,4.750357454602498
fold_state_stratified,3,AGC_062,3.81,B01_C0_PLS,4.366056869374769
fold_state_stratified,3,AGC_064,4.51,B01_C0_PLS,4.638682019759132
fold_state_stratified,3,AGC_068,2.5,B01_C0_PLS,3.304023232663305
fold_state_stratified,3,AGC_073,4.3,B01_C0_PLS,4.402571075053526
fold_state_stratified,3,AGC_078,3.0,B01_C0_PLS,3.318243256168543
fold_state_stratified,3,AGC_079,3.3,B01_C0_PLS,2.7756844401189134
fold_state_stratified,3,AGC_080,3.5,B01_C0_PLS,3.3341662110159964
fold_state_stratified,3,AGC_081,3.7,B01_C0_PLS,3.6148603257153558
fold_state_stratified,3,AGC_083,4.61,B01_C0_PLS,4.371698270835244
fold_state_stratified,3,AGC_084,4.54,B01_C0_PLS,4.4164848535482255
fold_state_stratified,3,AGC_090,4.68,B01_C0_PLS,4.45645937000761
fold_state_stratified,3,AGC_092,4.57,B01_C0_PLS,4.2317650569009855
fold_state_stratified,3,AGC_096,4.59,B01_C0_PLS,3.85239309547955
fold_state_stratified,3,AGC_098,3.0,B01_C0_PLS,3.2640064708208416
fold_state_stratified,3,AGC_099,3.5,B01_C0_PLS,3.637427815108831
fold_state_stratified,3,AGC_100,4.5,B01_C0_PLS,4.261325816274859
fold_state_stratified,3,AGC_101,4.57,B01_C0_PLS,4.3666180396352425
fold_state_stratified,3,AGC_102,4.4,B01_C0_PLS,4.298957582873085
fold_state_stratified,3,AGC_103,3.0,B01_C0_PLS,2.8609362998849495
fold_state_stratified,3,AGC_104,4.56,B01_C0_PLS,4.185925993683778
fold_state_stratified,3,AGC_105,4.41,B01_C0_PLS,4.321954518072529
fold_state_stratified,3,AGC_108,4.51,B01_C0_PLS,4.951679594444749
fold_state_stratified,3,AGC_109,4.54,B01_C0_PLS,4.292451154852644
fold_state_stratified,3,AGC_111,4.72,B01_C0_PLS,4.2663329081918615
fold_state_stratified,3,AGC_112,3.0,B01_C0_PLS,3.0492478214786525
fold_state_stratified,3,AGC_114,3.0,B01_C0_PLS,3.0772075897945297
fold_state_stratified,3,AGC_115,4.6,B01_C0_PLS,4.142744309010881
fold_state_stratified,3,AGC_117,3.5,B01_C0_PLS,3.7670744807977257
fold_state_stratified,3,AGC_119,4.4,B01_C0_PLS,4.724766148728132
fold_state_stratified,3,AGC_121,3.3,B01_C0_PLS,3.2458752715801844
fold_state_stratified,3,AGC_122,3.5,B01_C0_PLS,2.556953963900555
fold_state_stratified,3,AGC_123,2.5,B01_C0_PLS,3.0240439900931753
fold_state_stratified,3,AGC_124,5.05,B01_C0_PLS,4.636113675893924
fold_state_stratified,3,AGC_125,4.06,B01_C0_PLS,4.042118674667975
fold_state_stratified,3,AGC_127,5.57,B01_C0_PLS,4.711088245360298
fold_state_stratified,3,AGC_131,4.89,B01_C0_PLS,5.086554648591653
fold_state_stratified,3,AGC_132,4.13,B01_C0_PLS,4.485251493181166
fold_state_stratified,3,AGC_133,3.91,B01_C0_PLS,4.293390200042721
fold_state_stratified,3,AGC_134,4.52,B01_C0_PLS,3.9374821003622635
fold_state_stratified,3,AGC_135,4.49,B01_C0_PLS,4.193784841452735
fold_state_stratified,3,AGC_137,4.54,B01_C0_PLS,4.558936936496888
fold_state_stratified,3,AGC_139,4.67,B01_C0_PLS,4.1752355769497385
fold_state_stratified,3,AGC_140,3.2,B01_C0_PLS,3.2635367223127107
fold_state_stratified,3,AGC_141,3.5,B01_C0_PLS,3.1432009269077703
fold_state_stratified,3,AGC_144,2.5,B01_C0_PLS,2.9013660810968993
fold_state_stratified,3,AGC_145,3.5,B01_C0_PLS,2.559254141421176
fold_state_stratified,3,AGC_146,4.58,B01_C0_PLS,4.5921885370811895
fold_state_stratified,3,AGC_148,3.0,B01_C0_PLS,3.113950904189794
fold_state_stratified,3,AGC_150,4.52,B01_C0_PLS,4.577224856354343
fold_state_stratified,3,AGC_151,4.69,B01_C0_PLS,5.076406615434987
fold_state_stratified,3,AGC_152,4.87,B01_C0_PLS,4.717847355154268
fold_state_stratified,3,AGC_157,3.0,B01_C0_PLS,3.0815054153477095
fold_state_stratified,3,AGC_159,4.77,B01_C0_PLS,4.654321483424159
fold_state_stratified,3,AGC_160,3.62,B01_C0_PLS,4.893407274790924
fold_state_stratified,3,AGC_161,4.46,B01_C0_PLS,4.474622481725963
fold_state_stratified,3,AGC_162,5.59,B01_C0_PLS,4.021544169955328
fold_state_stratified,3,AGC_164,3.0,B01_C0_PLS,3.176360723101679
fold_state_stratified,3,AGC_166,2.5,B01_C0_PLS,3.842963288913672
fold_state_stratified,3,AGC_167,4.54,B01_C0_PLS,4.476750086545751
fold_state_stratified,3,AGC_168,4.49,B01_C0_PLS,4.386563293776879
fold_state_stratified,3,AGC_169,2.5,B01_C0_PLS,3.1029853801862255
fold_state_stratified,3,AGC_170,3.0,B01_C0_PLS,3.2383481100161995
fold_state_stratified,3,AGC_171,2.15,B01_C0_PLS,4.5020896448048395
fold_state_stratified,3,AGC_172,5.19,B01_C0_PLS,4.487277751067895
fold_state_stratified,3,AGC_176,4.38,B01_C0_PLS,4.03631820376342
fold_state_stratified,3,AGC_178,4.39,B01_C0_PLS,4.256391891418837
fold_state_stratified,3,AGC_179,4.55,B01_C0_PLS,4.33636922472867
fold_state_stratified,3,AGC_180,4.14,B01_C0_PLS,3.658085792348763
fold_state_stratified,3,AGC_181,4.51,B01_C0_PLS,4.444698451118851
fold_state_stratified,3,AGC_184,4.47,B01_C0_PLS,4.294082213410726
fold_state_stratified,3,AGC_185,5.01,B01_C0_PLS,4.434507802187024
fold_state_stratified,3,AGC_187,3.0,B01_C0_PLS,3.2782886722521845
fold_state_stratified,3,AGC_189,4.03,B01_C0_PLS,4.155600909031899
fold_state_stratified,3,AGC_193,4.57,B01_C0_PLS,4.070974616646476
fold_state_stratified,3,AGC_194,3.2,B01_C0_PLS,3.3851233738517905
fold_state_stratified,3,AGC_195,3.68,B01_C0_PLS,3.9755994377624764
fold_state_stratified,3,AGC_001,3.5,B02_C3_Ridge,2.578854827166902
fold_state_stratified,3,AGC_002,4.63,B02_C3_Ridge,4.544739011838336
fold_state_stratified,3,AGC_006,4.49,B02_C3_Ridge,4.232758809950305
fold_state_stratified,3,AGC_007,3.5,B02_C3_Ridge,3.125391034478377
fold_state_stratified,3,AGC_008,4.55,B02_C3_Ridge,4.107013432643501
fold_state_stratified,3,AGC_009,4.79,B02_C3_Ridge,4.318871196861043
fold_state_stratified,3,AGC_012,4.69,B02_C3_Ridge,4.655543886410628
fold_state_stratified,3,AGC_013,4.01,B02_C3_Ridge,4.286647106719763
fold_state_stratified,3,AGC_015,2.64,B02_C3_Ridge,4.5969072180523085
fold_state_stratified,3,AGC_017,4.98,B02_C3_Ridge,4.590265305024183
fold_state_stratified,3,AGC_019,3.0,B02_C3_Ridge,3.0728404785664747
fold_state_stratified,3,AGC_020,3.5,B02_C3_Ridge,2.7813575672760895
fold_state_stratified,3,AGC_022,4.55,B02_C3_Ridge,3.8327316292996216
fold_state_stratified,3,AGC_024,3.03,B02_C3_Ridge,3.7327675121598696
fold_state_stratified,3,AGC_026,3.55,B02_C3_Ridge,4.421061708133148
fold_state_stratified,3,AGC_032,4.03,B02_C3_Ridge,4.205879787220285
fold_state_stratified,3,AGC_033,4.47,B02_C3_Ridge,4.472506466211082
fold_state_stratified,3,AGC_034,2.0,B02_C3_Ridge,3.8216890879365866
fold_state_stratified,3,AGC_035,4.68,B02_C3_Ridge,3.823499451193277
fold_state_stratified,3,AGC_037,3.5,B02_C3_Ridge,3.2467143116977732
fold_state_stratified,3,AGC_040,3.0,B02_C3_Ridge,2.997604321767289
fold_state_stratified,3,AGC_041,2.5,B02_C3_Ridge,3.6909572403286566
fold_state_stratified,3,AGC_045,4.1,B02_C3_Ridge,4.358988933279357
fold_state_stratified,3,AGC_046,3.0,B02_C3_Ridge,2.7323133280204277
fold_state_stratified,3,AGC_047,4.45,B02_C3_Ridge,3.4644121055998895
fold_state_stratified,3,AGC_048,2.5,B02_C3_Ridge,3.284768501114469
fold_state_stratified,3,AGC_049,5.53,B02_C3_Ridge,4.916221027105796
fold_state_stratified,3,AGC_053,3.5,B02_C3_Ridge,3.4830542481159776
fold_state_stratified,3,AGC_054,2.5,B02_C3_Ridge,3.2764658777475186
fold_state_stratified,3,AGC_055,5.45,B02_C3_Ridge,4.505317483301807
fold_state_stratified,3,AGC_056,5.07,B02_C3_Ridge,4.5121930877177885
fold_state_stratified,3,AGC_057,4.55,B02_C3_Ridge,4.789805836948923
fold_state_stratified,3,AGC_058,2.5,B02_C3_Ridge,3.3401619971601493
fold_state_stratified,3,AGC_060,4.52,B02_C3_Ridge,4.779234168080885
fold_state_stratified,3,AGC_062,3.81,B02_C3_Ridge,4.501964369891544
fold_state_stratified,3,AGC_064,4.51,B02_C3_Ridge,4.657224429117762
fold_state_stratified,3,AGC_068,2.5,B02_C3_Ridge,3.139346099194488
fold_state_stratified,3,AGC_073,4.3,B02_C3_Ridge,4.272094050839461
fold_state_stratified,3,AGC_078,3.0,B02_C3_Ridge,3.3686228767162585
fold_state_stratified,3,AGC_079,3.3,B02_C3_Ridge,2.8982665975943687
fold_state_stratified,3,AGC_080,3.5,B02_C3_Ridge,3.2871033980726425
fold_state_stratified,3,AGC_081,3.7,B02_C3_Ridge,3.6722834151721466
fold_state_stratified,3,AGC_083,4.61,B02_C3_Ridge,4.221574484062684
fold_state_stratified,3,AGC_084,4.54,B02_C3_Ridge,4.504248790706226
fold_state_stratified,3,AGC_090,4.68,B02_C3_Ridge,4.297322940225007
fold_state_stratified,3,AGC_092,4.57,B02_C3_Ridge,4.264957262485364
fold_state_stratified,3,AGC_096,4.59,B02_C3_Ridge,3.7618541756696557
fold_state_stratified,3,AGC_098,3.0,B02_C3_Ridge,2.985055002128333
fold_state_stratified,3,AGC_099,3.5,B02_C3_Ridge,3.704386531263202
fold_state_stratified,3,AGC_100,4.5,B02_C3_Ridge,4.138181224325133
fold_state_stratified,3,AGC_101,4.57,B02_C3_Ridge,4.057566623105642
fold_state_stratified,3,AGC_102,4.4,B02_C3_Ridge,4.117615693260589
fold_state_stratified,3,AGC_103,3.0,B02_C3_Ridge,2.9757138692721536
fold_state_stratified,3,AGC_104,4.56,B02_C3_Ridge,4.034844796422094
fold_state_stratified,3,AGC_105,4.41,B02_C3_Ridge,4.303101799977163
fold_state_stratified,3,AGC_108,4.51,B02_C3_Ridge,4.95684819051338
fold_state_stratified,3,AGC_109,4.54,B02_C3_Ridge,4.409737136893222
fold_state_stratified,3,AGC_111,4.72,B02_C3_Ridge,4.426446067097968
fold_state_stratified,3,AGC_112,3.0,B02_C3_Ridge,3.0893348196811106
fold_state_stratified,3,AGC_114,3.0,B02_C3_Ridge,3.068265223701078
fold_state_stratified,3,AGC_115,4.6,B02_C3_Ridge,4.122384672442587
fold_state_stratified,3,AGC_117,3.5,B02_C3_Ridge,3.6556615286353207
fold_state_stratified,3,AGC_119,4.4,B02_C3_Ridge,4.728375448969609
fold_state_stratified,3,AGC_121,3.3,B02_C3_Ridge,3.2722282907697715
fold_state_stratified,3,AGC_122,3.5,B02_C3_Ridge,2.642363877787911
fold_state_stratified,3,AGC_123,2.5,B02_C3_Ridge,3.244722598012406
fold_state_stratified,3,AGC_124,5.05,B02_C3_Ridge,4.7029587206297245
fold_state_stratified,3,AGC_125,4.06,B02_C3_Ridge,4.079856425210546
fold_state_stratified,3,AGC_127,5.57,B02_C3_Ridge,4.990042811273682
fold_state_stratified,3,AGC_131,4.89,B02_C3_Ridge,4.802447550609057
fold_state_stratified,3,AGC_132,4.13,B02_C3_Ridge,4.528441332841353
fold_state_stratified,3,AGC_133,3.91,B02_C3_Ridge,4.113853283488425
fold_state_stratified,3,AGC_134,4.52,B02_C3_Ridge,4.0606649638404
fold_state_stratified,3,AGC_135,4.49,B02_C3_Ridge,4.37256311849386
fold_state_stratified,3,AGC_137,4.54,B02_C3_Ridge,4.482734018246578
fold_state_stratified,3,AGC_139,4.67,B02_C3_Ridge,4.4489602248113
fold_state_stratified,3,AGC_140,3.2,B02_C3_Ridge,3.2927655081299054
fold_state_stratified,3,AGC_141,3.5,B02_C3_Ridge,3.2077590007399346
fold_state_stratified,3,AGC_144,2.5,B02_C3_Ridge,3.0185027650769696
fold_state_stratified,3,AGC_145,3.5,B02_C3_Ridge,2.765972582028183
fold_state_stratified,3,AGC_146,4.58,B02_C3_Ridge,4.372866786564197
fold_state_stratified,3,AGC_148,3.0,B02_C3_Ridge,3.4674243100337727
fold_state_stratified,3,AGC_150,4.52,B02_C3_Ridge,4.6125785560980415
fold_state_stratified,3,AGC_151,4.69,B02_C3_Ridge,4.949547500619787
fold_state_stratified,3,AGC_152,4.87,B02_C3_Ridge,4.662915795354096
fold_state_stratified,3,AGC_157,3.0,B02_C3_Ridge,3.0527824073483525
fold_state_stratified,3,AGC_159,4.77,B02_C3_Ridge,4.383549118917519
fold_state_stratified,3,AGC_160,3.62,B02_C3_Ridge,4.879478542739259
fold_state_stratified,3,AGC_161,4.46,B02_C3_Ridge,4.489182339341249
fold_state_stratified,3,AGC_162,5.59,B02_C3_Ridge,4.315383146785341
fold_state_stratified,3,AGC_164,3.0,B02_C3_Ridge,3.2975746243024773
fold_state_stratified,3,AGC_166,2.5,B02_C3_Ridge,3.789040820102174
fold_state_stratified,3,AGC_167,4.54,B02_C3_Ridge,4.331224936613125
fold_state_stratified,3,AGC_168,4.49,B02_C3_Ridge,4.296315067961992
fold_state_stratified,3,AGC_169,2.5,B02_C3_Ridge,3.077644639700515
fold_state_stratified,3,AGC_170,3.0,B02_C3_Ridge,3.2597297446837974
fold_state_stratified,3,AGC_171,2.15,B02_C3_Ridge,4.3905423958527035
fold_state_stratified,3,AGC_172,5.19,B02_C3_Ridge,4.640066454783033
fold_state_stratified,3,AGC_176,4.38,B02_C3_Ridge,4.139998882172389
fold_state_stratified,3,AGC_178,4.39,B02_C3_Ridge,3.9768381226510128
fold_state_stratified,3,AGC_179,4.55,B02_C3_Ridge,4.342599184613929
fold_state_stratified,3,AGC_180,4.14,B02_C3_Ridge,3.7106805707621726
fold_state_stratified,3,AGC_181,4.51,B02_C3_Ridge,4.413409655313234
fold_state_stratified,3,AGC_184,4.47,B02_C3_Ridge,4.221247072193594
fold_state_stratified,3,AGC_185,5.01,B02_C3_Ridge,4.461720631402068
fold_state_stratified,3,AGC_187,3.0,B02_C3_Ridge,3.3331776005778315
fold_state_stratified,3,AGC_189,4.03,B02_C3_Ridge,4.015910231575125
fold_state_stratified,3,AGC_193,4.57,B02_C3_Ridge,3.941490806073575
fold_state_stratified,3,AGC_194,3.2,B02_C3_Ridge,3.2752649216947978
fold_state_stratified,3,AGC_195,3.68,B02_C3_Ridge,4.109203817913878
fold_state_stratified,3,AGC_001,3.5,B03_C1_CatBoost,3.0719341067995174
fold_state_stratified,3,AGC_002,4.63,B03_C1_CatBoost,4.540576807935999
fold_state_stratified,3,AGC_006,4.49,B03_C1_CatBoost,4.083980982701917
fold_state_stratified,3,AGC_007,3.5,B03_C1_CatBoost,3.266211643448429
fold_state_stratified,3,AGC_008,4.55,B03_C1_CatBoost,3.9654113968764477
fold_state_stratified,3,AGC_009,4.79,B03_C1_CatBoost,4.404380180553801
fold_state_stratified,3,AGC_012,4.69,B03_C1_CatBoost,4.49919604067145
fold_state_stratified,3,AGC_013,4.01,B03_C1_CatBoost,4.244308830190221
fold_state_stratified,3,AGC_015,2.64,B03_C1_CatBoost,4.540795890013165
fold_state_stratified,3,AGC_017,4.98,B03_C1_CatBoost,4.488223484219539
fold_state_stratified,3,AGC_019,3.0,B03_C1_CatBoost,3.1868399861222443
fold_state_stratified,3,AGC_020,3.5,B03_C1_CatBoost,3.452521120080064
fold_state_stratified,3,AGC_022,4.55,B03_C1_CatBoost,4.116468685951986
fold_state_stratified,3,AGC_024,3.03,B03_C1_CatBoost,4.022942217151098
fold_state_stratified,3,AGC_026,3.55,B03_C1_CatBoost,4.266253162188555
fold_state_stratified,3,AGC_032,4.03,B03_C1_CatBoost,4.087301519605894
fold_state_stratified,3,AGC_033,4.47,B03_C1_CatBoost,4.493974617271256
fold_state_stratified,3,AGC_034,2.0,B03_C1_CatBoost,3.505841404690649
fold_state_stratified,3,AGC_035,4.68,B03_C1_CatBoost,3.9260201079001718
fold_state_stratified,3,AGC_037,3.5,B03_C1_CatBoost,3.0268980552350513
fold_state_stratified,3,AGC_040,3.0,B03_C1_CatBoost,3.0908608491921896
fold_state_stratified,3,AGC_041,2.5,B03_C1_CatBoost,3.2520490127631447
fold_state_stratified,3,AGC_045,4.1,B03_C1_CatBoost,4.626353602777222
fold_state_stratified,3,AGC_046,3.0,B03_C1_CatBoost,2.8403842716550116
fold_state_stratified,3,AGC_047,4.45,B03_C1_CatBoost,3.8641905027423036
fold_state_stratified,3,AGC_048,2.5,B03_C1_CatBoost,3.491013328760495
fold_state_stratified,3,AGC_049,5.53,B03_C1_CatBoost,4.819265747162184
fold_state_stratified,3,AGC_053,3.5,B03_C1_CatBoost,3.4518220701782525
fold_state_stratified,3,AGC_054,2.5,B03_C1_CatBoost,3.254902377185921
fold_state_stratified,3,AGC_055,5.45,B03_C1_CatBoost,4.576577555281752
fold_state_stratified,3,AGC_056,5.07,B03_C1_CatBoost,4.470448548673808
fold_state_stratified,3,AGC_057,4.55,B03_C1_CatBoost,4.826363602801429
fold_state_stratified,3,AGC_058,2.5,B03_C1_CatBoost,3.437877815956199
fold_state_stratified,3,AGC_060,4.52,B03_C1_CatBoost,4.707825809679264
fold_state_stratified,3,AGC_062,3.81,B03_C1_CatBoost,4.2518307378904865
fold_state_stratified,3,AGC_064,4.51,B03_C1_CatBoost,4.588734877425203
fold_state_stratified,3,AGC_068,2.5,B03_C1_CatBoost,2.832761266354254
fold_state_stratified,3,AGC_073,4.3,B03_C1_CatBoost,4.424206125821378
fold_state_stratified,3,AGC_078,3.0,B03_C1_CatBoost,3.4720121455297104
fold_state_stratified,3,AGC_079,3.3,B03_C1_CatBoost,3.0430761078304727
fold_state_stratified,3,AGC_080,3.5,B03_C1_CatBoost,3.4593513446382076
fold_state_stratified,3,AGC_081,3.7,B03_C1_CatBoost,3.416726763343803
fold_state_stratified,3,AGC_083,4.61,B03_C1_CatBoost,4.328556204306501
fold_state_stratified,3,AGC_084,4.54,B03_C1_CatBoost,4.496552627459664
fold_state_stratified,3,AGC_090,4.68,B03_C1_CatBoost,4.285909967878496
fold_state_stratified,3,AGC_092,4.57,B03_C1_CatBoost,4.0165128675940025
fold_state_stratified,3,AGC_096,4.59,B03_C1_CatBoost,4.265807481544925
fold_state_stratified,3,AGC_098,3.0,B03_C1_CatBoost,3.2846598047190128
fold_state_stratified,3,AGC_099,3.5,B03_C1_CatBoost,3.1871884019889194
fold_state_stratified,3,AGC_100,4.5,B03_C1_CatBoost,4.4992469957175345
fold_state_stratified,3,AGC_101,4.57,B03_C1_CatBoost,4.071091266859696
fold_state_stratified,3,AGC_102,4.4,B03_C1_CatBoost,3.931062712495219
fold_state_stratified,3,AGC_103,3.0,B03_C1_CatBoost,3.2604502751172006
fold_state_stratified,3,AGC_104,4.56,B03_C1_CatBoost,4.276112312285932
fold_state_stratified,3,AGC_105,4.41,B03_C1_CatBoost,4.494269128889869
fold_state_stratified,3,AGC_108,4.51,B03_C1_CatBoost,5.174847406282851
fold_state_stratified,3,AGC_109,4.54,B03_C1_CatBoost,4.379610609374907
fold_state_stratified,3,AGC_111,4.72,B03_C1_CatBoost,4.475876886945898
fold_state_stratified,3,AGC_112,3.0,B03_C1_CatBoost,2.9752563973989936
fold_state_stratified,3,AGC_114,3.0,B03_C1_CatBoost,3.140784318177033
fold_state_stratified,3,AGC_115,4.6,B03_C1_CatBoost,4.196599160684855
fold_state_stratified,3,AGC_117,3.5,B03_C1_CatBoost,3.540580764254635
fold_state_stratified,3,AGC_119,4.4,B03_C1_CatBoost,4.585523879636675
fold_state_stratified,3,AGC_121,3.3,B03_C1_CatBoost,3.4803991875086595
fold_state_stratified,3,AGC_122,3.5,B03_C1_CatBoost,3.031097104365962
fold_state_stratified,3,AGC_123,2.5,B03_C1_CatBoost,3.3248388284586454
fold_state_stratified,3,AGC_124,5.05,B03_C1_CatBoost,4.65090086831939
fold_state_stratified,3,AGC_125,4.06,B03_C1_CatBoost,4.27858207823806
fold_state_stratified,3,AGC_127,5.57,B03_C1_CatBoost,4.674399475592054
fold_state_stratified,3,AGC_131,4.89,B03_C1_CatBoost,4.296002563521597
fold_state_stratified,3,AGC_132,4.13,B03_C1_CatBoost,4.40938104624837
fold_state_stratified,3,AGC_133,3.91,B03_C1_CatBoost,4.3234067703278924
fold_state_stratified,3,AGC_134,4.52,B03_C1_CatBoost,3.887342444443817
fold_state_stratified,3,AGC_135,4.49,B03_C1_CatBoost,4.5103621094185655
fold_state_stratified,3,AGC_137,4.54,B03_C1_CatBoost,4.552946264414004
fold_state_stratified,3,AGC_139,4.67,B03_C1_CatBoost,4.3906926633027865
fold_state_stratified,3,AGC_140,3.2,B03_C1_CatBoost,3.467613063647093
fold_state_stratified,3,AGC_141,3.5,B03_C1_CatBoost,3.0470842305127235
fold_state_stratified,3,AGC_144,2.5,B03_C1_CatBoost,3.030795526032307
fold_state_stratified,3,AGC_145,3.5,B03_C1_CatBoost,2.8583854840512384
fold_state_stratified,3,AGC_146,4.58,B03_C1_CatBoost,4.3715996241436486
fold_state_stratified,3,AGC_148,3.0,B03_C1_CatBoost,3.3201444180861586
fold_state_stratified,3,AGC_150,4.52,B03_C1_CatBoost,4.605747060586232
fold_state_stratified,3,AGC_151,4.69,B03_C1_CatBoost,4.410238999468568
fold_state_stratified,3,AGC_152,4.87,B03_C1_CatBoost,4.516471349503156
fold_state_stratified,3,AGC_157,3.0,B03_C1_CatBoost,3.0426167626026555
fold_state_stratified,3,AGC_159,4.77,B03_C1_CatBoost,4.173109140132119
fold_state_stratified,3,AGC_160,3.62,B03_C1_CatBoost,4.378936788425477
fold_state_stratified,3,AGC_161,4.46,B03_C1_CatBoost,4.355691634810228
fold_state_stratified,3,AGC_162,5.59,B03_C1_CatBoost,4.406565720894491
fold_state_stratified,3,AGC_164,3.0,B03_C1_CatBoost,3.5885325368733447
fold_state_stratified,3,AGC_166,2.5,B03_C1_CatBoost,3.5510246175960347
fold_state_stratified,3,AGC_167,4.54,B03_C1_CatBoost,4.465154025472543
fold_state_stratified,3,AGC_168,4.49,B03_C1_CatBoost,4.443561654469136
fold_state_stratified,3,AGC_169,2.5,B03_C1_CatBoost,2.9248298083304007
fold_state_stratified,3,AGC_170,3.0,B03_C1_CatBoost,3.5619275589517656
fold_state_stratified,3,AGC_171,2.15,B03_C1_CatBoost,4.655842673172124
fold_state_stratified,3,AGC_172,5.19,B03_C1_CatBoost,4.519102301884608
fold_state_stratified,3,AGC_176,4.38,B03_C1_CatBoost,4.256726287322863
fold_state_stratified,3,AGC_178,4.39,B03_C1_CatBoost,4.04280961484028
fold_state_stratified,3,AGC_179,4.55,B03_C1_CatBoost,4.207478141906826
fold_state_stratified,3,AGC_180,4.14,B03_C1_CatBoost,4.061741492591473
fold_state_stratified,3,AGC_181,4.51,B03_C1_CatBoost,4.21006927088456
fold_state_stratified,3,AGC_184,4.47,B03_C1_CatBoost,4.51415155467857
fold_state_stratified,3,AGC_185,5.01,B03_C1_CatBoost,4.23306653865302
fold_state_stratified,3,AGC_187,3.0,B03_C1_CatBoost,3.420470105759705
fold_state_stratified,3,AGC_189,4.03,B03_C1_CatBoost,4.1156241806941125
fold_state_stratified,3,AGC_193,4.57,B03_C1_CatBoost,3.863968052004765
fold_state_stratified,3,AGC_194,3.2,B03_C1_CatBoost,3.143538403823186
fold_state_stratified,3,AGC_195,3.68,B03_C1_CatBoost,4.152612619841648
fold_state_stratified,3,AGC_001,3.5,B04_C0_Ridge,2.779052855921591
fold_state_stratified,3,AGC_002,4.63,B04_C0_Ridge,5.022647410494402
fold_state_stratified,3,AGC_006,4.49,B04_C0_Ridge,4.158922199481021
fold_state_stratified,3,AGC_007,3.5,B04_C0_Ridge,3.144451608628051
fold_state_stratified,3,AGC_008,4.55,B04_C0_Ridge,4.09787353022462
fold_state_stratified,3,AGC_009,4.79,B04_C0_Ridge,4.324587059028707
fold_state_stratified,3,AGC_012,4.69,B04_C0_Ridge,4.573239687492034
fold_state_stratified,3,AGC_013,4.01,B04_C0_Ridge,4.17364217491278
fold_state_stratified,3,AGC_015,2.64,B04_C0_Ridge,4.67362450306499
fold_state_stratified,3,AGC_017,4.98,B04_C0_Ridge,4.682251689887144
fold_state_stratified,3,AGC_019,3.0,B04_C0_Ridge,2.973392986770542
fold_state_stratified,3,AGC_020,3.5,B04_C0_Ridge,2.7130442650938784
fold_state_stratified,3,AGC_022,4.55,B04_C0_Ridge,3.9047322319954283
fold_state_stratified,3,AGC_024,3.03,B04_C0_Ridge,3.7536372274133005
fold_state_stratified,3,AGC_026,3.55,B04_C0_Ridge,4.359966263005546
fold_state_stratified,3,AGC_032,4.03,B04_C0_Ridge,4.191352716241594
fold_state_stratified,3,AGC_033,4.47,B04_C0_Ridge,4.513182267187917
fold_state_stratified,3,AGC_034,2.0,B04_C0_Ridge,3.835420208121379
fold_state_stratified,3,AGC_035,4.68,B04_C0_Ridge,3.8042814965679543
fold_state_stratified,3,AGC_037,3.5,B04_C0_Ridge,3.2316552235715243
fold_state_stratified,3,AGC_040,3.0,B04_C0_Ridge,2.7773723048461387
fold_state_stratified,3,AGC_041,2.5,B04_C0_Ridge,3.4777840951556094
fold_state_stratified,3,AGC_045,4.1,B04_C0_Ridge,4.360341802246886
fold_state_stratified,3,AGC_046,3.0,B04_C0_Ridge,2.707190346837878
fold_state_stratified,3,AGC_047,4.45,B04_C0_Ridge,3.4631102213859575
fold_state_stratified,3,AGC_048,2.5,B04_C0_Ridge,3.15007275727446
fold_state_stratified,3,AGC_049,5.53,B04_C0_Ridge,5.05319238873429
fold_state_stratified,3,AGC_053,3.5,B04_C0_Ridge,3.4694869577326473
fold_state_stratified,3,AGC_054,2.5,B04_C0_Ridge,3.1457283984063915
fold_state_stratified,3,AGC_055,5.45,B04_C0_Ridge,4.523740121329807
fold_state_stratified,3,AGC_056,5.07,B04_C0_Ridge,4.790188107409545
fold_state_stratified,3,AGC_057,4.55,B04_C0_Ridge,4.633532097426669
fold_state_stratified,3,AGC_058,2.5,B04_C0_Ridge,3.3161226591527395
fold_state_stratified,3,AGC_060,4.52,B04_C0_Ridge,4.772672064450768
fold_state_stratified,3,AGC_062,3.81,B04_C0_Ridge,4.502738350153856
fold_state_stratified,3,AGC_064,4.51,B04_C0_Ridge,4.661483244989608
fold_state_stratified,3,AGC_068,2.5,B04_C0_Ridge,3.232167863995504
fold_state_stratified,3,AGC_073,4.3,B04_C0_Ridge,4.2256620955360775
fold_state_stratified,3,AGC_078,3.0,B04_C0_Ridge,3.1351295444839256
fold_state_stratified,3,AGC_079,3.3,B04_C0_Ridge,2.9576884889546387
fold_state_stratified,3,AGC_080,3.5,B04_C0_Ridge,2.925147091415745
fold_state_stratified,3,AGC_081,3.7,B04_C0_Ridge,3.743410514846939
fold_state_stratified,3,AGC_083,4.61,B04_C0_Ridge,4.186829326701973
fold_state_stratified,3,AGC_084,4.54,B04_C0_Ridge,4.452042668162366
fold_state_stratified,3,AGC_090,4.68,B04_C0_Ridge,4.260788878766055
fold_state_stratified,3,AGC_092,4.57,B04_C0_Ridge,4.187751096570938
fold_state_stratified,3,AGC_096,4.59,B04_C0_Ridge,3.827212609818116
fold_state_stratified,3,AGC_098,3.0,B04_C0_Ridge,3.26323549714818
fold_state_stratified,3,AGC_099,3.5,B04_C0_Ridge,3.693390970515533
fold_state_stratified,3,AGC_100,4.5,B04_C0_Ridge,3.9275755943799395
fold_state_stratified,3,AGC_101,4.57,B04_C0_Ridge,4.077689314615494
fold_state_stratified,3,AGC_102,4.4,B04_C0_Ridge,4.102579272929482
fold_state_stratified,3,AGC_103,3.0,B04_C0_Ridge,2.913968889385081
fold_state_stratified,3,AGC_104,4.56,B04_C0_Ridge,4.026335245746343
fold_state_stratified,3,AGC_105,4.41,B04_C0_Ridge,4.2105992792413005
fold_state_stratified,3,AGC_108,4.51,B04_C0_Ridge,4.880718812256545
fold_state_stratified,3,AGC_109,4.54,B04_C0_Ridge,4.385061807786025
fold_state_stratified,3,AGC_111,4.72,B04_C0_Ridge,4.360333572493163
fold_state_stratified,3,AGC_112,3.0,B04_C0_Ridge,3.090079233207121
fold_state_stratified,3,AGC_114,3.0,B04_C0_Ridge,2.688338039824279
fold_state_stratified,3,AGC_115,4.6,B04_C0_Ridge,4.1178541439763325
fold_state_stratified,3,AGC_117,3.5,B04_C0_Ridge,3.693108513410666
fold_state_stratified,3,AGC_119,4.4,B04_C0_Ridge,4.800128767608593
fold_state_stratified,3,AGC_121,3.3,B04_C0_Ridge,3.1447198172007336
fold_state_stratified,3,AGC_122,3.5,B04_C0_Ridge,2.811876850070659
fold_state_stratified,3,AGC_123,2.5,B04_C0_Ridge,3.30071628378286
fold_state_stratified,3,AGC_124,5.05,B04_C0_Ridge,4.775340375028946
fold_state_stratified,3,AGC_125,4.06,B04_C0_Ridge,4.022446694126053
fold_state_stratified,3,AGC_127,5.57,B04_C0_Ridge,4.9185003520261805
fold_state_stratified,3,AGC_131,4.89,B04_C0_Ridge,4.801818737615676
fold_state_stratified,3,AGC_132,4.13,B04_C0_Ridge,4.5727251358102885
fold_state_stratified,3,AGC_133,3.91,B04_C0_Ridge,4.095994377783479
fold_state_stratified,3,AGC_134,4.52,B04_C0_Ridge,4.077189135155837
fold_state_stratified,3,AGC_135,4.49,B04_C0_Ridge,4.318914544463661
fold_state_stratified,3,AGC_137,4.54,B04_C0_Ridge,4.3599559301488355
fold_state_stratified,3,AGC_139,4.67,B04_C0_Ridge,4.4250047376956605
fold_state_stratified,3,AGC_140,3.2,B04_C0_Ridge,3.2664173921079414
fold_state_stratified,3,AGC_141,3.5,B04_C0_Ridge,3.2701073605060196
fold_state_stratified,3,AGC_144,2.5,B04_C0_Ridge,3.051869222875225
fold_state_stratified,3,AGC_145,3.5,B04_C0_Ridge,2.873061276918345
fold_state_stratified,3,AGC_146,4.58,B04_C0_Ridge,4.37282339336641
fold_state_stratified,3,AGC_148,3.0,B04_C0_Ridge,3.4305693286544074
fold_state_stratified,3,AGC_150,4.52,B04_C0_Ridge,4.769367963119297
fold_state_stratified,3,AGC_151,4.69,B04_C0_Ridge,4.999796544035501
fold_state_stratified,3,AGC_152,4.87,B04_C0_Ridge,4.701252383820046
fold_state_stratified,3,AGC_157,3.0,B04_C0_Ridge,3.001475366168426
fold_state_stratified,3,AGC_159,4.77,B04_C0_Ridge,4.3732815204275015
fold_state_stratified,3,AGC_160,3.62,B04_C0_Ridge,4.846421454733214
fold_state_stratified,3,AGC_161,4.46,B04_C0_Ridge,4.439245129070935
fold_state_stratified,3,AGC_162,5.59,B04_C0_Ridge,4.313430417043323
fold_state_stratified,3,AGC_164,3.0,B04_C0_Ridge,3.2446172238023814
fold_state_stratified,3,AGC_166,2.5,B04_C0_Ridge,3.744981340915176
fold_state_stratified,3,AGC_167,4.54,B04_C0_Ridge,4.274290537188426
fold_state_stratified,3,AGC_168,4.49,B04_C0_Ridge,4.3500889042336315
fold_state_stratified,3,AGC_169,2.5,B04_C0_Ridge,3.0883006211483957
fold_state_stratified,3,AGC_170,3.0,B04_C0_Ridge,3.271714082925858
fold_state_stratified,3,AGC_171,2.15,B04_C0_Ridge,4.36420661804039
fold_state_stratified,3,AGC_172,5.19,B04_C0_Ridge,4.906924770374172
fold_state_stratified,3,AGC_176,4.38,B04_C0_Ridge,4.1308420789984766
fold_state_stratified,3,AGC_178,4.39,B04_C0_Ridge,4.048844026177782
fold_state_stratified,3,AGC_179,4.55,B04_C0_Ridge,4.377012234706177
fold_state_stratified,3,AGC_180,4.14,B04_C0_Ridge,3.721615315530999
fold_state_stratified,3,AGC_181,4.51,B04_C0_Ridge,4.42419321858866
fold_state_stratified,3,AGC_184,4.47,B04_C0_Ridge,4.249157252604839
fold_state_stratified,3,AGC_185,5.01,B04_C0_Ridge,4.483076955840594
fold_state_stratified,3,AGC_187,3.0,B04_C0_Ridge,3.350628320155998
fold_state_stratified,3,AGC_189,4.03,B04_C0_Ridge,4.051867077507749
fold_state_stratified,3,AGC_193,4.57,B04_C0_Ridge,3.983184779303441
fold_state_stratified,3,AGC_194,3.2,B04_C0_Ridge,3.3172307586068337
fold_state_stratified,3,AGC_195,3.68,B04_C0_Ridge,4.042145824734191
fold_state_stratified,3,AGC_001,3.5,B05_C3_PLS,2.465303119300653
fold_state_stratified,3,AGC_002,4.63,B05_C3_PLS,4.44648629178537
fold_state_stratified,3,AGC_006,4.49,B05_C3_PLS,3.9608815421247727
fold_state_stratified,3,AGC_007,3.5,B05_C3_PLS,2.738848394094692
fold_state_stratified,3,AGC_008,4.55,B05_C3_PLS,4.271734546262958
fold_state_stratified,3,AGC_009,4.79,B05_C3_PLS,4.095432595545113
fold_state_stratified,3,AGC_012,4.69,B05_C3_PLS,4.675104879111144
fold_state_stratified,3,AGC_013,4.01,B05_C3_PLS,4.214349238828633
fold_state_stratified,3,AGC_015,2.64,B05_C3_PLS,4.6022466117865175
fold_state_stratified,3,AGC_017,4.98,B05_C3_PLS,4.612028790366457
fold_state_stratified,3,AGC_019,3.0,B05_C3_PLS,2.9339358919247958
fold_state_stratified,3,AGC_020,3.5,B05_C3_PLS,2.6186680343342403
fold_state_stratified,3,AGC_022,4.55,B05_C3_PLS,4.128839723806781
fold_state_stratified,3,AGC_024,3.03,B05_C3_PLS,4.055639397988565
fold_state_stratified,3,AGC_026,3.55,B05_C3_PLS,4.473475080100539
fold_state_stratified,3,AGC_032,4.03,B05_C3_PLS,4.19981930341068
fold_state_stratified,3,AGC_033,4.47,B05_C3_PLS,4.40108969387523
fold_state_stratified,3,AGC_034,2.0,B05_C3_PLS,3.835879291929844
fold_state_stratified,3,AGC_035,4.68,B05_C3_PLS,3.983124924363689
fold_state_stratified,3,AGC_037,3.5,B05_C3_PLS,3.3365584490127755
fold_state_stratified,3,AGC_040,3.0,B05_C3_PLS,3.124715397051078
fold_state_stratified,3,AGC_041,2.5,B05_C3_PLS,3.8119714378809952
fold_state_stratified,3,AGC_045,4.1,B05_C3_PLS,4.485637277844041
fold_state_stratified,3,AGC_046,3.0,B05_C3_PLS,2.5319483491124437
fold_state_stratified,3,AGC_047,4.45,B05_C3_PLS,3.628059436414284
fold_state_stratified,3,AGC_048,2.5,B05_C3_PLS,3.269554385304465
fold_state_stratified,3,AGC_049,5.53,B05_C3_PLS,4.718468179882837
fold_state_stratified,3,AGC_053,3.5,B05_C3_PLS,3.4849424871175367
fold_state_stratified,3,AGC_054,2.5,B05_C3_PLS,3.188739149522272
fold_state_stratified,3,AGC_055,5.45,B05_C3_PLS,4.612815379752772
fold_state_stratified,3,AGC_056,5.07,B05_C3_PLS,4.404614176056219
fold_state_stratified,3,AGC_057,4.55,B05_C3_PLS,4.722335131036744
fold_state_stratified,3,AGC_058,2.5,B05_C3_PLS,3.2500336355806603
fold_state_stratified,3,AGC_060,4.52,B05_C3_PLS,4.719687218107304
fold_state_stratified,3,AGC_062,3.81,B05_C3_PLS,4.372502513818318
fold_state_stratified,3,AGC_064,4.51,B05_C3_PLS,4.5959525154713
fold_state_stratified,3,AGC_068,2.5,B05_C3_PLS,3.276217109571898
fold_state_stratified,3,AGC_073,4.3,B05_C3_PLS,4.437543818024366
fold_state_stratified,3,AGC_078,3.0,B05_C3_PLS,3.302898804283199
fold_state_stratified,3,AGC_079,3.3,B05_C3_PLS,2.851238099366034
fold_state_stratified,3,AGC_080,3.5,B05_C3_PLS,3.360186817245686
fold_state_stratified,3,AGC_081,3.7,B05_C3_PLS,3.5041995783919893
fold_state_stratified,3,AGC_083,4.61,B05_C3_PLS,4.309974993599383
fold_state_stratified,3,AGC_084,4.54,B05_C3_PLS,4.526541847357882
fold_state_stratified,3,AGC_090,4.68,B05_C3_PLS,4.4351367661703724
fold_state_stratified,3,AGC_092,4.57,B05_C3_PLS,4.338849223424951
fold_state_stratified,3,AGC_096,4.59,B05_C3_PLS,3.8065194060106284
fold_state_stratified,3,AGC_098,3.0,B05_C3_PLS,2.982181539386933
fold_state_stratified,3,AGC_099,3.5,B05_C3_PLS,3.55633832747819
fold_state_stratified,3,AGC_100,4.5,B05_C3_PLS,4.337443419282488
fold_state_stratified,3,AGC_101,4.57,B05_C3_PLS,4.297238175280913
fold_state_stratified,3,AGC_102,4.4,B05_C3_PLS,4.260489184406072
fold_state_stratified,3,AGC_103,3.0,B05_C3_PLS,2.8567985729369196
fold_state_stratified,3,AGC_104,4.56,B05_C3_PLS,4.193503045358115
fold_state_stratified,3,AGC_105,4.41,B05_C3_PLS,4.417202541369944
fold_state_stratified,3,AGC_108,4.51,B05_C3_PLS,4.895966166487868
fold_state_stratified,3,AGC_109,4.54,B05_C3_PLS,4.306145131377985
fold_state_stratified,3,AGC_111,4.72,B05_C3_PLS,4.357742461893329
fold_state_stratified,3,AGC_112,3.0,B05_C3_PLS,3.1646787962925886
fold_state_stratified,3,AGC_114,3.0,B05_C3_PLS,3.0346998333654245
fold_state_stratified,3,AGC_115,4.6,B05_C3_PLS,4.082262064632555
fold_state_stratified,3,AGC_117,3.5,B05_C3_PLS,3.69003855411288
fold_state_stratified,3,AGC_119,4.4,B05_C3_PLS,4.67028377192235
fold_state_stratified,3,AGC_121,3.3,B05_C3_PLS,3.2455595915167486
fold_state_stratified,3,AGC_122,3.5,B05_C3_PLS,2.3800281527149485
fold_state_stratified,3,AGC_123,2.5,B05_C3_PLS,3.0051967770757853
fold_state_stratified,3,AGC_124,5.05,B05_C3_PLS,4.636554563551571
fold_state_stratified,3,AGC_125,4.06,B05_C3_PLS,4.147128816731282
fold_state_stratified,3,AGC_127,5.57,B05_C3_PLS,4.8137919347216425
fold_state_stratified,3,AGC_131,4.89,B05_C3_PLS,4.849105810737084
fold_state_stratified,3,AGC_132,4.13,B05_C3_PLS,4.517688231736172
fold_state_stratified,3,AGC_133,3.91,B05_C3_PLS,4.430434739936669
fold_state_stratified,3,AGC_134,4.52,B05_C3_PLS,3.9367298867881617
fold_state_stratified,3,AGC_135,4.49,B05_C3_PLS,4.214650686861107
fold_state_stratified,3,AGC_137,4.54,B05_C3_PLS,4.685758650762954
fold_state_stratified,3,AGC_139,4.67,B05_C3_PLS,4.228402022510952
fold_state_stratified,3,AGC_140,3.2,B05_C3_PLS,3.315130302820692
fold_state_stratified,3,AGC_141,3.5,B05_C3_PLS,3.0762476487845096
fold_state_stratified,3,AGC_144,2.5,B05_C3_PLS,2.8953815076005744
fold_state_stratified,3,AGC_145,3.5,B05_C3_PLS,2.454122749583797
fold_state_stratified,3,AGC_146,4.58,B05_C3_PLS,4.5022728129418335
fold_state_stratified,3,AGC_148,3.0,B05_C3_PLS,3.0560082097852783
fold_state_stratified,3,AGC_150,4.52,B05_C3_PLS,4.613307002550756
fold_state_stratified,3,AGC_151,4.69,B05_C3_PLS,4.92925121397256
fold_state_stratified,3,AGC_152,4.87,B05_C3_PLS,4.63564861612879
fold_state_stratified,3,AGC_157,3.0,B05_C3_PLS,3.038477544427405
fold_state_stratified,3,AGC_159,4.77,B05_C3_PLS,4.726282413104345
fold_state_stratified,3,AGC_160,3.62,B05_C3_PLS,4.87757138872018
fold_state_stratified,3,AGC_161,4.46,B05_C3_PLS,4.571653779384595
fold_state_stratified,3,AGC_162,5.59,B05_C3_PLS,4.0200096968197805
fold_state_stratified,3,AGC_164,3.0,B05_C3_PLS,3.3198489581615247
fold_state_stratified,3,AGC_166,2.5,B05_C3_PLS,3.817478224757415
fold_state_stratified,3,AGC_167,4.54,B05_C3_PLS,4.544705501458937
fold_state_stratified,3,AGC_168,4.49,B05_C3_PLS,4.421683492338089
fold_state_stratified,3,AGC_169,2.5,B05_C3_PLS,3.152135340795109
fold_state_stratified,3,AGC_170,3.0,B05_C3_PLS,3.2262996335442997
fold_state_stratified,3,AGC_171,2.15,B05_C3_PLS,4.478310653334124
fold_state_stratified,3,AGC_172,5.19,B05_C3_PLS,4.454974120049271
fold_state_stratified,3,AGC_176,4.38,B05_C3_PLS,4.088502328540411
fold_state_stratified,3,AGC_178,4.39,B05_C3_PLS,4.197828598581782
fold_state_stratified,3,AGC_179,4.55,B05_C3_PLS,4.364046371401533
fold_state_stratified,3,AGC_180,4.14,B05_C3_PLS,3.7021026645727235
fold_state_stratified,3,AGC_181,4.51,B05_C3_PLS,4.348104372069003
fold_state_stratified,3,AGC_184,4.47,B05_C3_PLS,4.302655089204973
fold_state_stratified,3,AGC_185,5.01,B05_C3_PLS,4.408739456320545
fold_state_stratified,3,AGC_187,3.0,B05_C3_PLS,3.3008851313802197
fold_state_stratified,3,AGC_189,4.03,B05_C3_PLS,4.099079823517276
fold_state_stratified,3,AGC_193,4.57,B05_C3_PLS,4.0398274573233826
fold_state_stratified,3,AGC_194,3.2,B05_C3_PLS,3.4115965274076947
fold_state_stratified,3,AGC_195,3.68,B05_C3_PLS,4.051893868770932
fold_state_stratified,3,AGC_001,3.5,B06_C2_PLS,2.535656902369187
fold_state_stratified,3,AGC_002,4.63,B06_C2_PLS,4.438267186028257
fold_state_stratified,3,AGC_006,4.49,B06_C2_PLS,3.921241790086403
fold_state_stratified,3,AGC_007,3.5,B06_C2_PLS,2.7097314174481673
fold_state_stratified,3,AGC_008,4.55,B06_C2_PLS,4.284547073392858
fold_state_stratified,3,AGC_009,4.79,B06_C2_PLS,4.080307038040142
fold_state_stratified,3,AGC_012,4.69,B06_C2_PLS,4.660767281286967
fold_state_stratified,3,AGC_013,4.01,B06_C2_PLS,4.2046193019494424
fold_state_stratified,3,AGC_015,2.64,B06_C2_PLS,4.575617536120788
fold_state_stratified,3,AGC_017,4.98,B06_C2_PLS,4.623225193162094
fold_state_stratified,3,AGC_019,3.0,B06_C2_PLS,2.8726287917643334
fold_state_stratified,3,AGC_020,3.5,B06_C2_PLS,2.5083245095831286
fold_state_stratified,3,AGC_022,4.55,B06_C2_PLS,4.098698906398717
fold_state_stratified,3,AGC_024,3.03,B06_C2_PLS,4.061361978956024
fold_state_stratified,3,AGC_026,3.55,B06_C2_PLS,4.5676641418766275
fold_state_stratified,3,AGC_032,4.03,B06_C2_PLS,4.19842711547037
fold_state_stratified,3,AGC_033,4.47,B06_C2_PLS,4.372886307899172
fold_state_stratified,3,AGC_034,2.0,B06_C2_PLS,3.8751277237286876
fold_state_stratified,3,AGC_035,4.68,B06_C2_PLS,3.965634953128773
fold_state_stratified,3,AGC_037,3.5,B06_C2_PLS,3.3601136595909207
fold_state_stratified,3,AGC_040,3.0,B06_C2_PLS,3.126107643381765
fold_state_stratified,3,AGC_041,2.5,B06_C2_PLS,3.7935930792121275
fold_state_stratified,3,AGC_045,4.1,B06_C2_PLS,4.509095129121949
fold_state_stratified,3,AGC_046,3.0,B06_C2_PLS,2.6149525247105974
fold_state_stratified,3,AGC_047,4.45,B06_C2_PLS,3.67324771474268
fold_state_stratified,3,AGC_048,2.5,B06_C2_PLS,3.342823595326933
fold_state_stratified,3,AGC_049,5.53,B06_C2_PLS,4.660958737347706
fold_state_stratified,3,AGC_053,3.5,B06_C2_PLS,3.5427466937023246
fold_state_stratified,3,AGC_054,2.5,B06_C2_PLS,3.2857673790576665
fold_state_stratified,3,AGC_055,5.45,B06_C2_PLS,4.654932509061312
fold_state_stratified,3,AGC_056,5.07,B06_C2_PLS,4.347736802867822
fold_state_stratified,3,AGC_057,4.55,B06_C2_PLS,4.66164113836713
fold_state_stratified,3,AGC_058,2.5,B06_C2_PLS,3.3118324554000123
fold_state_stratified,3,AGC_060,4.52,B06_C2_PLS,4.7732832110869925
fold_state_stratified,3,AGC_062,3.81,B06_C2_PLS,4.394468865389535
fold_state_stratified,3,AGC_064,4.51,B06_C2_PLS,4.566748386163785
fold_state_stratified,3,AGC_068,2.5,B06_C2_PLS,3.2943817907816433
fold_state_stratified,3,AGC_073,4.3,B06_C2_PLS,4.449979198639462
fold_state_stratified,3,AGC_078,3.0,B06_C2_PLS,3.3016928401038066
fold_state_stratified,3,AGC_079,3.3,B06_C2_PLS,2.8883079254962754
fold_state_stratified,3,AGC_080,3.5,B06_C2_PLS,3.352745283998415
fold_state_stratified,3,AGC_081,3.7,B06_C2_PLS,3.433895130786744
fold_state_stratified,3,AGC_083,4.61,B06_C2_PLS,4.313168365933284
fold_state_stratified,3,AGC_084,4.54,B06_C2_PLS,4.511194102788184
fold_state_stratified,3,AGC_090,4.68,B06_C2_PLS,4.456964859607411
fold_state_stratified,3,AGC_092,4.57,B06_C2_PLS,4.324687627719306
fold_state_stratified,3,AGC_096,4.59,B06_C2_PLS,3.7482539961449213
fold_state_stratified,3,AGC_098,3.0,B06_C2_PLS,3.0112390601850496
fold_state_stratified,3,AGC_099,3.5,B06_C2_PLS,3.48176696722554
fold_state_stratified,3,AGC_100,4.5,B06_C2_PLS,4.345617662188394
fold_state_stratified,3,AGC_101,4.57,B06_C2_PLS,4.298625721851339
fold_state_stratified,3,AGC_102,4.4,B06_C2_PLS,4.281653642875157
fold_state_stratified,3,AGC_103,3.0,B06_C2_PLS,2.816267600643675
fold_state_stratified,3,AGC_104,4.56,B06_C2_PLS,4.1914003167989184
fold_state_stratified,3,AGC_105,4.41,B06_C2_PLS,4.434001502369567
fold_state_stratified,3,AGC_108,4.51,B06_C2_PLS,4.882723850678999
fold_state_stratified,3,AGC_109,4.54,B06_C2_PLS,4.2587256831202005
fold_state_stratified,3,AGC_111,4.72,B06_C2_PLS,4.313436599558731
fold_state_stratified,3,AGC_112,3.0,B06_C2_PLS,3.1717799680847754
fold_state_stratified,3,AGC_114,3.0,B06_C2_PLS,3.120625161482229
fold_state_stratified,3,AGC_115,4.6,B06_C2_PLS,4.100762531585317
fold_state_stratified,3,AGC_117,3.5,B06_C2_PLS,3.747931494323198
fold_state_stratified,3,AGC_119,4.4,B06_C2_PLS,4.659414021223343
fold_state_stratified,3,AGC_121,3.3,B06_C2_PLS,3.2305487682292418
fold_state_stratified,3,AGC_122,3.5,B06_C2_PLS,2.399716326335136
fold_state_stratified,3,AGC_123,2.5,B06_C2_PLS,3.0587753495964147
fold_state_stratified,3,AGC_124,5.05,B06_C2_PLS,4.55438030850187
fold_state_stratified,3,AGC_125,4.06,B06_C2_PLS,4.15983710345882
fold_state_stratified,3,AGC_127,5.57,B06_C2_PLS,4.880812806581611
fold_state_stratified,3,AGC_131,4.89,B06_C2_PLS,4.8028127655810575
fold_state_stratified,3,AGC_132,4.13,B06_C2_PLS,4.497296286396965
fold_state_stratified,3,AGC_133,3.91,B06_C2_PLS,4.453645572484103
fold_state_stratified,3,AGC_134,4.52,B06_C2_PLS,3.899663615413426
fold_state_stratified,3,AGC_135,4.49,B06_C2_PLS,4.133174465121455
fold_state_stratified,3,AGC_137,4.54,B06_C2_PLS,4.735310913815649
fold_state_stratified,3,AGC_139,4.67,B06_C2_PLS,4.3047603977443
fold_state_stratified,3,AGC_140,3.2,B06_C2_PLS,3.364930552061371
fold_state_stratified,3,AGC_141,3.5,B06_C2_PLS,3.035825090525357
fold_state_stratified,3,AGC_144,2.5,B06_C2_PLS,2.8695072256618417
fold_state_stratified,3,AGC_145,3.5,B06_C2_PLS,2.4303217468357685
fold_state_stratified,3,AGC_146,4.58,B06_C2_PLS,4.559676566313152
fold_state_stratified,3,AGC_148,3.0,B06_C2_PLS,3.0281266380034566
fold_state_stratified,3,AGC_150,4.52,B06_C2_PLS,4.635051333923121
fold_state_stratified,3,AGC_151,4.69,B06_C2_PLS,4.935327584894869
fold_state_stratified,3,AGC_152,4.87,B06_C2_PLS,4.65994455702025
fold_state_stratified,3,AGC_157,3.0,B06_C2_PLS,3.021083039512947
fold_state_stratified,3,AGC_159,4.77,B06_C2_PLS,4.61317719638806
fold_state_stratified,3,AGC_160,3.62,B06_C2_PLS,4.7760869724837915
fold_state_stratified,3,AGC_161,4.46,B06_C2_PLS,4.574889228714641
fold_state_stratified,3,AGC_162,5.59,B06_C2_PLS,3.9697861976097832
fold_state_stratified,3,AGC_164,3.0,B06_C2_PLS,3.345242475206402
fold_state_stratified,3,AGC_166,2.5,B06_C2_PLS,3.7455502657772706
fold_state_stratified,3,AGC_167,4.54,B06_C2_PLS,4.544226934124847
fold_state_stratified,3,AGC_168,4.49,B06_C2_PLS,4.223506893065467
fold_state_stratified,3,AGC_169,2.5,B06_C2_PLS,3.1289638659545673
fold_state_stratified,3,AGC_170,3.0,B06_C2_PLS,3.201022840646646
fold_state_stratified,3,AGC_171,2.15,B06_C2_PLS,4.50216484869139
fold_state_stratified,3,AGC_172,5.19,B06_C2_PLS,4.424301626674056
fold_state_stratified,3,AGC_176,4.38,B06_C2_PLS,4.098632395288561
fold_state_stratified,3,AGC_178,4.39,B06_C2_PLS,4.158079323305217
fold_state_stratified,3,AGC_179,4.55,B06_C2_PLS,4.232924155402065
fold_state_stratified,3,AGC_180,4.14,B06_C2_PLS,3.6886662301663793
fold_state_stratified,3,AGC_181,4.51,B06_C2_PLS,4.368584564272359
fold_state_stratified,3,AGC_184,4.47,B06_C2_PLS,4.389899255376492
fold_state_stratified,3,AGC_185,5.01,B06_C2_PLS,4.41169115019599
fold_state_stratified,3,AGC_187,3.0,B06_C2_PLS,3.25590068944414
fold_state_stratified,3,AGC_189,4.03,B06_C2_PLS,4.139795917102078
fold_state_stratified,3,AGC_193,4.57,B06_C2_PLS,4.02101823510219
fold_state_stratified,3,AGC_194,3.2,B06_C2_PLS,3.456546109658107
fold_state_stratified,3,AGC_195,3.68,B06_C2_PLS,4.086896454910201
fold_state_stratified,3,AGC_001,3.5,B07_C1_ExtraTrees,2.8788166666666677
fold_state_stratified,3,AGC_002,4.63,B07_C1_ExtraTrees,4.428565833333333
fold_state_stratified,3,AGC_006,4.49,B07_C1_ExtraTrees,4.303424999999999
fold_state_stratified,3,AGC_007,3.5,B07_C1_ExtraTrees,3.1953083333333323
fold_state_stratified,3,AGC_008,4.55,B07_C1_ExtraTrees,3.949808333333329
fold_state_stratified,3,AGC_009,4.79,B07_C1_ExtraTrees,4.274447075216447
fold_state_stratified,3,AGC_012,4.69,B07_C1_ExtraTrees,4.525370894209954
fold_state_stratified,3,AGC_013,4.01,B07_C1_ExtraTrees,4.171933750000006
fold_state_stratified,3,AGC_015,2.64,B07_C1_ExtraTrees,4.508448749999999
fold_state_stratified,3,AGC_017,4.98,B07_C1_ExtraTrees,4.4217016666666655
fold_state_stratified,3,AGC_019,3.0,B07_C1_ExtraTrees,3.1561841666666677
fold_state_stratified,3,AGC_020,3.5,B07_C1_ExtraTrees,3.0969916666666677
fold_state_stratified,3,AGC_022,4.55,B07_C1_ExtraTrees,4.112591299199166
fold_state_stratified,3,AGC_024,3.03,B07_C1_ExtraTrees,4.146662168109665
fold_state_stratified,3,AGC_026,3.55,B07_C1_ExtraTrees,4.170896666666669
fold_state_stratified,3,AGC_032,4.03,B07_C1_ExtraTrees,4.358154166666665
fold_state_stratified,3,AGC_033,4.47,B07_C1_ExtraTrees,4.494976666666667
fold_state_stratified,3,AGC_034,2.0,B07_C1_ExtraTrees,3.3813195833333363
fold_state_stratified,3,AGC_035,4.68,B07_C1_ExtraTrees,3.895045719696969
fold_state_stratified,3,AGC_037,3.5,B07_C1_ExtraTrees,3.019263121392497
fold_state_stratified,3,AGC_040,3.0,B07_C1_ExtraTrees,2.9586999999999994
fold_state_stratified,3,AGC_041,2.5,B07_C1_ExtraTrees,3.418452916666673
fold_state_stratified,3,AGC_045,4.1,B07_C1_ExtraTrees,4.526745416666667
fold_state_stratified,3,AGC_046,3.0,B07_C1_ExtraTrees,2.996741666666667
fold_state_stratified,3,AGC_047,4.45,B07_C1_ExtraTrees,3.7282874999999955
fold_state_stratified,3,AGC_048,2.5,B07_C1_ExtraTrees,3.1388779166666665
fold_state_stratified,3,AGC_049,5.53,B07_C1_ExtraTrees,4.731642916666665
fold_state_stratified,3,AGC_053,3.5,B07_C1_ExtraTrees,3.4221875000000006
fold_state_stratified,3,AGC_054,2.5,B07_C1_ExtraTrees,3.1349837500000017
fold_state_stratified,3,AGC_055,5.45,B07_C1_ExtraTrees,4.512440416666665
fold_state_stratified,3,AGC_056,5.07,B07_C1_ExtraTrees,4.4971091666666645
fold_state_stratified,3,AGC_057,4.55,B07_C1_ExtraTrees,4.74551958333333
fold_state_stratified,3,AGC_058,2.5,B07_C1_ExtraTrees,3.433370833333333
fold_state_stratified,3,AGC_060,4.52,B07_C1_ExtraTrees,4.962649999999993
fold_state_stratified,3,AGC_062,3.81,B07_C1_ExtraTrees,4.3540916666666645
fold_state_stratified,3,AGC_064,4.51,B07_C1_ExtraTrees,4.487516250000002
fold_state_stratified,3,AGC_068,2.5,B07_C1_ExtraTrees,2.9452375000000006
fold_state_stratified,3,AGC_073,4.3,B07_C1_ExtraTrees,4.344175416666667
fold_state_stratified,3,AGC_078,3.0,B07_C1_ExtraTrees,3.3412175000000035
fold_state_stratified,3,AGC_079,3.3,B07_C1_ExtraTrees,3.3363828959235207
fold_state_stratified,3,AGC_080,3.5,B07_C1_ExtraTrees,3.389203750000005
fold_state_stratified,3,AGC_081,3.7,B07_C1_ExtraTrees,3.0960708333333344
fold_state_stratified,3,AGC_083,4.61,B07_C1_ExtraTrees,4.4151929166666655
fold_state_stratified,3,AGC_084,4.54,B07_C1_ExtraTrees,4.308268630501446
fold_state_stratified,3,AGC_090,4.68,B07_C1_ExtraTrees,4.321955811423052
fold_state_stratified,3,AGC_092,4.57,B07_C1_ExtraTrees,4.177262499999995
fold_state_stratified,3,AGC_096,4.59,B07_C1_ExtraTrees,4.069438742519737
fold_state_stratified,3,AGC_098,3.0,B07_C1_ExtraTrees,3.0834416666666673
fold_state_stratified,3,AGC_099,3.5,B07_C1_ExtraTrees,3.1085235281385275
fold_state_stratified,3,AGC_100,4.5,B07_C1_ExtraTrees,4.523540416666668
fold_state_stratified,3,AGC_101,4.57,B07_C1_ExtraTrees,3.99309999999999
fold_state_stratified,3,AGC_102,4.4,B07_C1_ExtraTrees,4.082333333333329
fold_state_stratified,3,AGC_103,3.0,B07_C1_ExtraTrees,3.232576250000002
fold_state_stratified,3,AGC_104,4.56,B07_C1_ExtraTrees,4.211552871307614
fold_state_stratified,3,AGC_105,4.41,B07_C1_ExtraTrees,4.4114583333333295
fold_state_stratified,3,AGC_108,4.51,B07_C1_ExtraTrees,5.148758333333319
fold_state_stratified,3,AGC_109,4.54,B07_C1_ExtraTrees,4.395346956805448
fold_state_stratified,3,AGC_111,4.72,B07_C1_ExtraTrees,4.384770833333326
fold_state_stratified,3,AGC_112,3.0,B07_C1_ExtraTrees,3.038044858405484
fold_state_stratified,3,AGC_114,3.0,B07_C1_ExtraTrees,3.0531354166666684
fold_state_stratified,3,AGC_115,4.6,B07_C1_ExtraTrees,4.06236375694975
fold_state_stratified,3,AGC_117,3.5,B07_C1_ExtraTrees,3.591695833333333
fold_state_stratified,3,AGC_119,4.4,B07_C1_ExtraTrees,4.5492683333333295
fold_state_stratified,3,AGC_121,3.3,B07_C1_ExtraTrees,3.3957879166666705
fold_state_stratified,3,AGC_122,3.5,B07_C1_ExtraTrees,2.8594750000000007
fold_state_stratified,3,AGC_123,2.5,B07_C1_ExtraTrees,3.2037529166666676
fold_state_stratified,3,AGC_124,5.05,B07_C1_ExtraTrees,4.624763749999999
fold_state_stratified,3,AGC_125,4.06,B07_C1_ExtraTrees,4.260224999999997
fold_state_stratified,3,AGC_127,5.57,B07_C1_ExtraTrees,4.422229258519259
fold_state_stratified,3,AGC_131,4.89,B07_C1_ExtraTrees,4.23470185682373
fold_state_stratified,3,AGC_132,4.13,B07_C1_ExtraTrees,4.503216666666667
fold_state_stratified,3,AGC_133,3.91,B07_C1_ExtraTrees,4.293752233946609
fold_state_stratified,3,AGC_134,4.52,B07_C1_ExtraTrees,3.7974499999999964
fold_state_stratified,3,AGC_135,4.49,B07_C1_ExtraTrees,4.459696027873267
fold_state_stratified,3,AGC_137,4.54,B07_C1_ExtraTrees,4.31691273584055
fold_state_stratified,3,AGC_139,4.67,B07_C1_ExtraTrees,4.479187499999996
fold_state_stratified,3,AGC_140,3.2,B07_C1_ExtraTrees,3.4381166125541127
fold_state_stratified,3,AGC_141,3.5,B07_C1_ExtraTrees,3.040380771103894
fold_state_stratified,3,AGC_144,2.5,B07_C1_ExtraTrees,3.090876084956711
fold_state_stratified,3,AGC_145,3.5,B07_C1_ExtraTrees,2.731400000000002
fold_state_stratified,3,AGC_146,4.58,B07_C1_ExtraTrees,4.413000000000002
fold_state_stratified,3,AGC_148,3.0,B07_C1_ExtraTrees,3.310135763888888
fold_state_stratified,3,AGC_150,4.52,B07_C1_ExtraTrees,4.5405929166666645
fold_state_stratified,3,AGC_151,4.69,B07_C1_ExtraTrees,4.453279166666657
fold_state_stratified,3,AGC_152,4.87,B07_C1_ExtraTrees,4.372699999999992
fold_state_stratified,3,AGC_157,3.0,B07_C1_ExtraTrees,3.0443791666666673
fold_state_stratified,3,AGC_159,4.77,B07_C1_ExtraTrees,4.194779166666667
fold_state_stratified,3,AGC_160,3.62,B07_C1_ExtraTrees,4.5439041666666595
fold_state_stratified,3,AGC_161,4.46,B07_C1_ExtraTrees,4.559169758748194
fold_state_stratified,3,AGC_162,5.59,B07_C1_ExtraTrees,4.521734534632032
fold_state_stratified,3,AGC_164,3.0,B07_C1_ExtraTrees,3.241813187229441
fold_state_stratified,3,AGC_166,2.5,B07_C1_ExtraTrees,3.7823395833333397
fold_state_stratified,3,AGC_167,4.54,B07_C1_ExtraTrees,4.439643304658985
fold_state_stratified,3,AGC_168,4.49,B07_C1_ExtraTrees,4.292774999999995
fold_state_stratified,3,AGC_169,2.5,B07_C1_ExtraTrees,3.0479197348484854
fold_state_stratified,3,AGC_170,3.0,B07_C1_ExtraTrees,3.2596609650072152
fold_state_stratified,3,AGC_171,2.15,B07_C1_ExtraTrees,4.4915716666666645
fold_state_stratified,3,AGC_172,5.19,B07_C1_ExtraTrees,4.572356666666665
fold_state_stratified,3,AGC_176,4.38,B07_C1_ExtraTrees,4.264723649891775
fold_state_stratified,3,AGC_178,4.39,B07_C1_ExtraTrees,4.158199999999995
fold_state_stratified,3,AGC_179,4.55,B07_C1_ExtraTrees,4.355786249999998
fold_state_stratified,3,AGC_180,4.14,B07_C1_ExtraTrees,3.7001249999999977
fold_state_stratified,3,AGC_181,4.51,B07_C1_ExtraTrees,4.228087489940611
fold_state_stratified,3,AGC_184,4.47,B07_C1_ExtraTrees,4.470479583333331
fold_state_stratified,3,AGC_185,5.01,B07_C1_ExtraTrees,4.128516666666662
fold_state_stratified,3,AGC_187,3.0,B07_C1_ExtraTrees,3.214031887626264
fold_state_stratified,3,AGC_189,4.03,B07_C1_ExtraTrees,4.057891855921854
fold_state_stratified,3,AGC_193,4.57,B07_C1_ExtraTrees,4.14739622975472
fold_state_stratified,3,AGC_194,3.2,B07_C1_ExtraTrees,3.444542717086835
fold_state_stratified,3,AGC_195,3.68,B07_C1_ExtraTrees,4.424095833333329
fold_state_stratified,3,AGC_001,3.5,B08_C1_PLS,2.167181248606382
fold_state_stratified,3,AGC_002,4.63,B08_C1_PLS,4.635171447625221
fold_state_stratified,3,AGC_006,4.49,B08_C1_PLS,3.977775537603963
fold_state_stratified,3,AGC_007,3.5,B08_C1_PLS,2.7217589471361605
fold_state_stratified,3,AGC_008,4.55,B08_C1_PLS,4.2974203569587806
fold_state_stratified,3,AGC_009,4.79,B08_C1_PLS,4.097629661385579
fold_state_stratified,3,AGC_012,4.69,B08_C1_PLS,4.904263847334671
fold_state_stratified,3,AGC_013,4.01,B08_C1_PLS,4.194879606792879
fold_state_stratified,3,AGC_015,2.64,B08_C1_PLS,4.568779965900555
fold_state_stratified,3,AGC_017,4.98,B08_C1_PLS,4.515316391085203
fold_state_stratified,3,AGC_019,3.0,B08_C1_PLS,3.0027301821584027
fold_state_stratified,3,AGC_020,3.5,B08_C1_PLS,2.943511518978942
fold_state_stratified,3,AGC_022,4.55,B08_C1_PLS,4.024757646584723
fold_state_stratified,3,AGC_024,3.03,B08_C1_PLS,4.018026374485458
fold_state_stratified,3,AGC_026,3.55,B08_C1_PLS,4.544728139804311
fold_state_stratified,3,AGC_032,4.03,B08_C1_PLS,4.316747022650288
fold_state_stratified,3,AGC_033,4.47,B08_C1_PLS,4.4429203964025215
fold_state_stratified,3,AGC_034,2.0,B08_C1_PLS,4.0111600244029555
fold_state_stratified,3,AGC_035,4.68,B08_C1_PLS,3.987353789872922
fold_state_stratified,3,AGC_037,3.5,B08_C1_PLS,3.3738939865897923
fold_state_stratified,3,AGC_040,3.0,B08_C1_PLS,3.1957606575899096
fold_state_stratified,3,AGC_041,2.5,B08_C1_PLS,3.9185599166160445
fold_state_stratified,3,AGC_045,4.1,B08_C1_PLS,4.383448891030868
fold_state_stratified,3,AGC_046,3.0,B08_C1_PLS,2.596163224727646
fold_state_stratified,3,AGC_047,4.45,B08_C1_PLS,3.678812036037515
fold_state_stratified,3,AGC_048,2.5,B08_C1_PLS,3.3178915396020603
fold_state_stratified,3,AGC_049,5.53,B08_C1_PLS,4.742026160453788
fold_state_stratified,3,AGC_053,3.5,B08_C1_PLS,3.588277662282016
fold_state_stratified,3,AGC_054,2.5,B08_C1_PLS,3.2292947338415203
fold_state_stratified,3,AGC_055,5.45,B08_C1_PLS,4.568006210288491
fold_state_stratified,3,AGC_056,5.07,B08_C1_PLS,4.25571979550479
fold_state_stratified,3,AGC_057,4.55,B08_C1_PLS,4.798579132857388
fold_state_stratified,3,AGC_058,2.5,B08_C1_PLS,3.3204711319454474
fold_state_stratified,3,AGC_060,4.52,B08_C1_PLS,4.692597370395755
fold_state_stratified,3,AGC_062,3.81,B08_C1_PLS,4.42767703524673
fold_state_stratified,3,AGC_064,4.51,B08_C1_PLS,4.511296872167586
fold_state_stratified,3,AGC_068,2.5,B08_C1_PLS,3.2594310766681565
fold_state_stratified,3,AGC_073,4.3,B08_C1_PLS,4.561703993120649
fold_state_stratified,3,AGC_078,3.0,B08_C1_PLS,3.3628690180416716
fold_state_stratified,3,AGC_079,3.3,B08_C1_PLS,3.116793554801328
fold_state_stratified,3,AGC_080,3.5,B08_C1_PLS,3.421915308606786
fold_state_stratified,3,AGC_081,3.7,B08_C1_PLS,3.2902305799181377
fold_state_stratified,3,AGC_083,4.61,B08_C1_PLS,4.115215343465009
fold_state_stratified,3,AGC_084,4.54,B08_C1_PLS,4.750820105393575
fold_state_stratified,3,AGC_090,4.68,B08_C1_PLS,4.312086291724153
fold_state_stratified,3,AGC_092,4.57,B08_C1_PLS,4.598825596575575
fold_state_stratified,3,AGC_096,4.59,B08_C1_PLS,3.7459322281957994
fold_state_stratified,3,AGC_098,3.0,B08_C1_PLS,2.3494222761179104
fold_state_stratified,3,AGC_099,3.5,B08_C1_PLS,3.431710071234655
fold_state_stratified,3,AGC_100,4.5,B08_C1_PLS,4.431497490773475
fold_state_stratified,3,AGC_101,4.57,B08_C1_PLS,4.163222564970914
fold_state_stratified,3,AGC_102,4.4,B08_C1_PLS,4.1350024002412
fold_state_stratified,3,AGC_103,3.0,B08_C1_PLS,2.9432745417576287
fold_state_stratified,3,AGC_104,4.56,B08_C1_PLS,4.286912800485081
fold_state_stratified,3,AGC_105,4.41,B08_C1_PLS,4.544929784647865
fold_state_stratified,3,AGC_108,4.51,B08_C1_PLS,4.708839885776944
fold_state_stratified,3,AGC_109,4.54,B08_C1_PLS,4.413214537564777
fold_state_stratified,3,AGC_111,4.72,B08_C1_PLS,4.471956512257247
fold_state_stratified,3,AGC_112,3.0,B08_C1_PLS,3.339933524951763
fold_state_stratified,3,AGC_114,3.0,B08_C1_PLS,3.0292530242796327
fold_state_stratified,3,AGC_115,4.6,B08_C1_PLS,4.008290513639906
fold_state_stratified,3,AGC_117,3.5,B08_C1_PLS,3.638005152678973
fold_state_stratified,3,AGC_119,4.4,B08_C1_PLS,4.637207252303419
fold_state_stratified,3,AGC_121,3.3,B08_C1_PLS,3.2864294512565406
fold_state_stratified,3,AGC_122,3.5,B08_C1_PLS,2.0384992384427827
fold_state_stratified,3,AGC_123,2.5,B08_C1_PLS,3.0869633863087813
fold_state_stratified,3,AGC_124,5.05,B08_C1_PLS,4.6319282462939455
fold_state_stratified,3,AGC_125,4.06,B08_C1_PLS,4.342379059450203
fold_state_stratified,3,AGC_127,5.57,B08_C1_PLS,5.0958884605774735
fold_state_stratified,3,AGC_131,4.89,B08_C1_PLS,4.257769949372536
fold_state_stratified,3,AGC_132,4.13,B08_C1_PLS,4.438154847594489
fold_state_stratified,3,AGC_133,3.91,B08_C1_PLS,4.531893071921228
fold_state_stratified,3,AGC_134,4.52,B08_C1_PLS,3.9394441166788785
fold_state_stratified,3,AGC_135,4.49,B08_C1_PLS,4.246288379398836
fold_state_stratified,3,AGC_137,4.54,B08_C1_PLS,4.823172573774734
fold_state_stratified,3,AGC_139,4.67,B08_C1_PLS,4.34820105546251
fold_state_stratified,3,AGC_140,3.2,B08_C1_PLS,3.3598648945515768
fold_state_stratified,3,AGC_141,3.5,B08_C1_PLS,3.0098288569684875
fold_state_stratified,3,AGC_144,2.5,B08_C1_PLS,2.9592251701244847
fold_state_stratified,3,AGC_145,3.5,B08_C1_PLS,2.233870586439024
fold_state_stratified,3,AGC_146,4.58,B08_C1_PLS,4.363937628685396
fold_state_stratified,3,AGC_148,3.0,B08_C1_PLS,3.1102697526043053
fold_state_stratified,3,AGC_150,4.52,B08_C1_PLS,4.679025943665327
fold_state_stratified,3,AGC_151,4.69,B08_C1_PLS,4.537074013507355
fold_state_stratified,3,AGC_152,4.87,B08_C1_PLS,4.620007252860364
fold_state_stratified,3,AGC_157,3.0,B08_C1_PLS,2.99819286670342
fold_state_stratified,3,AGC_159,4.77,B08_C1_PLS,4.800904308037837
fold_state_stratified,3,AGC_160,3.62,B08_C1_PLS,4.8479034829058865
fold_state_stratified,3,AGC_161,4.46,B08_C1_PLS,4.792697577085422
fold_state_stratified,3,AGC_162,5.59,B08_C1_PLS,4.0434232030177535
fold_state_stratified,3,AGC_164,3.0,B08_C1_PLS,3.3321568330361293
fold_state_stratified,3,AGC_166,2.5,B08_C1_PLS,3.917529381919602
fold_state_stratified,3,AGC_167,4.54,B08_C1_PLS,4.6642949361396315
fold_state_stratified,3,AGC_168,4.49,B08_C1_PLS,4.386635802558099
fold_state_stratified,3,AGC_169,2.5,B08_C1_PLS,3.242931058353461
fold_state_stratified,3,AGC_170,3.0,B08_C1_PLS,3.1639774740247235
fold_state_stratified,3,AGC_171,2.15,B08_C1_PLS,4.371934789468165
fold_state_stratified,3,AGC_172,5.19,B08_C1_PLS,4.3253810563634385
fold_state_stratified,3,AGC_176,4.38,B08_C1_PLS,4.171917313442138
fold_state_stratified,3,AGC_178,4.39,B08_C1_PLS,4.032973637175871
fold_state_stratified,3,AGC_179,4.55,B08_C1_PLS,4.383191210372702
fold_state_stratified,3,AGC_180,4.14,B08_C1_PLS,3.7366491633898713
fold_state_stratified,3,AGC_181,4.51,B08_C1_PLS,4.100899385469621
fold_state_stratified,3,AGC_184,4.47,B08_C1_PLS,4.311697224517426
fold_state_stratified,3,AGC_185,5.01,B08_C1_PLS,4.3812872865312045
fold_state_stratified,3,AGC_187,3.0,B08_C1_PLS,3.3364270482452727
fold_state_stratified,3,AGC_189,4.03,B08_C1_PLS,4.01875170190794
fold_state_stratified,3,AGC_193,4.57,B08_C1_PLS,3.927924665302495
fold_state_stratified,3,AGC_194,3.2,B08_C1_PLS,3.6083148542558363
fold_state_stratified,3,AGC_195,3.68,B08_C1_PLS,4.26625390982533
fold_state_stratified,3,AGC_001,3.5,B09_C0_PCA_Ridge,2.706996914315809
fold_state_stratified,3,AGC_002,4.63,B09_C0_PCA_Ridge,4.63882669736241
fold_state_stratified,3,AGC_006,4.49,B09_C0_PCA_Ridge,4.1803352819631785
fold_state_stratified,3,AGC_007,3.5,B09_C0_PCA_Ridge,3.203219091180339
fold_state_stratified,3,AGC_008,4.55,B09_C0_PCA_Ridge,4.105510284878549
fold_state_stratified,3,AGC_009,4.79,B09_C0_PCA_Ridge,4.260969183467564
fold_state_stratified,3,AGC_012,4.69,B09_C0_PCA_Ridge,4.584443152169991
fold_state_stratified,3,AGC_013,4.01,B09_C0_PCA_Ridge,4.495083519572093
fold_state_stratified,3,AGC_015,2.64,B09_C0_PCA_Ridge,4.5248747164694
fold_state_stratified,3,AGC_017,4.98,B09_C0_PCA_Ridge,4.591418624762184
fold_state_stratified,3,AGC_019,3.0,B09_C0_PCA_Ridge,2.9761810290736257
fold_state_stratified,3,AGC_020,3.5,B09_C0_PCA_Ridge,2.8135162557014564
fold_state_stratified,3,AGC_022,4.55,B09_C0_PCA_Ridge,3.8987603606644807
fold_state_stratified,3,AGC_024,3.03,B09_C0_PCA_Ridge,3.856084252611778
fold_state_stratified,3,AGC_026,3.55,B09_C0_PCA_Ridge,4.5915909196636004
fold_state_stratified,3,AGC_032,4.03,B09_C0_PCA_Ridge,4.211816738758451
fold_state_stratified,3,AGC_033,4.47,B09_C0_PCA_Ridge,4.2627466272148835
fold_state_stratified,3,AGC_034,2.0,B09_C0_PCA_Ridge,3.804479999405877
fold_state_stratified,3,AGC_035,4.68,B09_C0_PCA_Ridge,3.848981284852108
fold_state_stratified,3,AGC_037,3.5,B09_C0_PCA_Ridge,3.29903866338118
fold_state_stratified,3,AGC_040,3.0,B09_C0_PCA_Ridge,3.0177757195055146
fold_state_stratified,3,AGC_041,2.5,B09_C0_PCA_Ridge,3.8013309145638243
fold_state_stratified,3,AGC_045,4.1,B09_C0_PCA_Ridge,4.497947870192584
fold_state_stratified,3,AGC_046,3.0,B09_C0_PCA_Ridge,2.7275233803406556
fold_state_stratified,3,AGC_047,4.45,B09_C0_PCA_Ridge,3.4316215295560997
fold_state_stratified,3,AGC_048,2.5,B09_C0_PCA_Ridge,3.2458849856826424
fold_state_stratified,3,AGC_049,5.53,B09_C0_PCA_Ridge,4.829414715461632
fold_state_stratified,3,AGC_053,3.5,B09_C0_PCA_Ridge,3.4225619078453473
fold_state_stratified,3,AGC_054,2.5,B09_C0_PCA_Ridge,3.3246432758943802
fold_state_stratified,3,AGC_055,5.45,B09_C0_PCA_Ridge,4.545451972629472
fold_state_stratified,3,AGC_056,5.07,B09_C0_PCA_Ridge,4.302067538622254
fold_state_stratified,3,AGC_057,4.55,B09_C0_PCA_Ridge,4.858381768334313
fold_state_stratified,3,AGC_058,2.5,B09_C0_PCA_Ridge,3.2778895348038115
fold_state_stratified,3,AGC_060,4.52,B09_C0_PCA_Ridge,4.790530417683564
fold_state_stratified,3,AGC_062,3.81,B09_C0_PCA_Ridge,4.504307119347903
fold_state_stratified,3,AGC_064,4.51,B09_C0_PCA_Ridge,4.691941138533621
fold_state_stratified,3,AGC_068,2.5,B09_C0_PCA_Ridge,3.17784528847285
fold_state_stratified,3,AGC_073,4.3,B09_C0_PCA_Ridge,4.29371808587377
fold_state_stratified,3,AGC_078,3.0,B09_C0_PCA_Ridge,3.2606026122874794
fold_state_stratified,3,AGC_079,3.3,B09_C0_PCA_Ridge,2.9282503392878327
fold_state_stratified,3,AGC_080,3.5,B09_C0_PCA_Ridge,3.2740635169946306
fold_state_stratified,3,AGC_081,3.7,B09_C0_PCA_Ridge,3.735180325825727
fold_state_stratified,3,AGC_083,4.61,B09_C0_PCA_Ridge,4.288679289033685
fold_state_stratified,3,AGC_084,4.54,B09_C0_PCA_Ridge,4.49155523441226
fold_state_stratified,3,AGC_090,4.68,B09_C0_PCA_Ridge,4.292027248334199
fold_state_stratified,3,AGC_092,4.57,B09_C0_PCA_Ridge,4.213322276188855
fold_state_stratified,3,AGC_096,4.59,B09_C0_PCA_Ridge,3.860075460824588
fold_state_stratified,3,AGC_098,3.0,B09_C0_PCA_Ridge,3.172618824133824
fold_state_stratified,3,AGC_099,3.5,B09_C0_PCA_Ridge,3.6764310153134576
fold_state_stratified,3,AGC_100,4.5,B09_C0_PCA_Ridge,4.213262786436005
fold_state_stratified,3,AGC_101,4.57,B09_C0_PCA_Ridge,4.11547012124879
fold_state_stratified,3,AGC_102,4.4,B09_C0_PCA_Ridge,4.103854361912424
fold_state_stratified,3,AGC_103,3.0,B09_C0_PCA_Ridge,2.908356452533434
fold_state_stratified,3,AGC_104,4.56,B09_C0_PCA_Ridge,4.05262523964397
fold_state_stratified,3,AGC_105,4.41,B09_C0_PCA_Ridge,4.158537701760613
fold_state_stratified,3,AGC_108,4.51,B09_C0_PCA_Ridge,4.929431816154849
fold_state_stratified,3,AGC_109,4.54,B09_C0_PCA_Ridge,4.352140046277776
fold_state_stratified,3,AGC_111,4.72,B09_C0_PCA_Ridge,4.312212188983744
fold_state_stratified,3,AGC_112,3.0,B09_C0_PCA_Ridge,3.085593728955254
fold_state_stratified,3,AGC_114,3.0,B09_C0_PCA_Ridge,3.143109294292975
fold_state_stratified,3,AGC_115,4.6,B09_C0_PCA_Ridge,4.147253472225887
fold_state_stratified,3,AGC_117,3.5,B09_C0_PCA_Ridge,3.6895679311589
fold_state_stratified,3,AGC_119,4.4,B09_C0_PCA_Ridge,4.9397028365294675
fold_state_stratified,3,AGC_121,3.3,B09_C0_PCA_Ridge,3.1256807333465635
fold_state_stratified,3,AGC_122,3.5,B09_C0_PCA_Ridge,2.771712922659157
fold_state_stratified,3,AGC_123,2.5,B09_C0_PCA_Ridge,3.155819555887204
fold_state_stratified,3,AGC_124,5.05,B09_C0_PCA_Ridge,4.605469653072266
fold_state_stratified,3,AGC_125,4.06,B09_C0_PCA_Ridge,4.0216669122077775
fold_state_stratified,3,AGC_127,5.57,B09_C0_PCA_Ridge,5.03453744406926
fold_state_stratified,3,AGC_131,4.89,B09_C0_PCA_Ridge,4.823611693036241
fold_state_stratified,3,AGC_132,4.13,B09_C0_PCA_Ridge,4.581334550270778
fold_state_stratified,3,AGC_133,3.91,B09_C0_PCA_Ridge,4.114979692427077
fold_state_stratified,3,AGC_134,4.52,B09_C0_PCA_Ridge,4.0921064793191695
fold_state_stratified,3,AGC_135,4.49,B09_C0_PCA_Ridge,4.289035521053384
fold_state_stratified,3,AGC_137,4.54,B09_C0_PCA_Ridge,4.365087144034492
fold_state_stratified,3,AGC_139,4.67,B09_C0_PCA_Ridge,4.355288596899744
fold_state_stratified,3,AGC_140,3.2,B09_C0_PCA_Ridge,3.2518335810728107
fold_state_stratified,3,AGC_141,3.5,B09_C0_PCA_Ridge,3.2458431422992424
fold_state_stratified,3,AGC_144,2.5,B09_C0_PCA_Ridge,3.1016916604370506
fold_state_stratified,3,AGC_145,3.5,B09_C0_PCA_Ridge,2.765147067853662
fold_state_stratified,3,AGC_146,4.58,B09_C0_PCA_Ridge,4.348873871020857
fold_state_stratified,3,AGC_148,3.0,B09_C0_PCA_Ridge,3.363798440026867
fold_state_stratified,3,AGC_150,4.52,B09_C0_PCA_Ridge,4.663079618382238
fold_state_stratified,3,AGC_151,4.69,B09_C0_PCA_Ridge,5.044415255331408
fold_state_stratified,3,AGC_152,4.87,B09_C0_PCA_Ridge,4.757202797227063
fold_state_stratified,3,AGC_157,3.0,B09_C0_PCA_Ridge,3.012608603565337
fold_state_stratified,3,AGC_159,4.77,B09_C0_PCA_Ridge,4.326858257094342
fold_state_stratified,3,AGC_160,3.62,B09_C0_PCA_Ridge,4.823300087834983
fold_state_stratified,3,AGC_161,4.46,B09_C0_PCA_Ridge,4.490535826427677
fold_state_stratified,3,AGC_162,5.59,B09_C0_PCA_Ridge,4.233536244957365
fold_state_stratified,3,AGC_164,3.0,B09_C0_PCA_Ridge,3.158734390185452
fold_state_stratified,3,AGC_166,2.5,B09_C0_PCA_Ridge,3.741692888754387
fold_state_stratified,3,AGC_167,4.54,B09_C0_PCA_Ridge,4.3571765000501745
fold_state_stratified,3,AGC_168,4.49,B09_C0_PCA_Ridge,4.293872616096519
fold_state_stratified,3,AGC_169,2.5,B09_C0_PCA_Ridge,3.109571018715177
fold_state_stratified,3,AGC_170,3.0,B09_C0_PCA_Ridge,3.191249557300721
fold_state_stratified,3,AGC_171,2.15,B09_C0_PCA_Ridge,4.515492932700341
fold_state_stratified,3,AGC_172,5.19,B09_C0_PCA_Ridge,4.621480210736873
fold_state_stratified,3,AGC_176,4.38,B09_C0_PCA_Ridge,4.114299380189387
fold_state_stratified,3,AGC_178,4.39,B09_C0_PCA_Ridge,4.098364480841692
fold_state_stratified,3,AGC_179,4.55,B09_C0_PCA_Ridge,4.258736394169845
fold_state_stratified,3,AGC_180,4.14,B09_C0_PCA_Ridge,3.759107007113826
fold_state_stratified,3,AGC_181,4.51,B09_C0_PCA_Ridge,4.404219233991286
fold_state_stratified,3,AGC_184,4.47,B09_C0_PCA_Ridge,4.329837708066699
fold_state_stratified,3,AGC_185,5.01,B09_C0_PCA_Ridge,4.3918701835645315
fold_state_stratified,3,AGC_187,3.0,B09_C0_PCA_Ridge,3.2971926963008604
fold_state_stratified,3,AGC_189,4.03,B09_C0_PCA_Ridge,4.099164913834034
fold_state_stratified,3,AGC_193,4.57,B09_C0_PCA_Ridge,3.994237273977795
fold_state_stratified,3,AGC_194,3.2,B09_C0_PCA_Ridge,3.2903667922729714
fold_state_stratified,3,AGC_195,3.68,B09_C0_PCA_Ridge,4.03649299363147
fold_state_stratified,3,AGC_001,3.5,B10_C1_PCA_Ridge,2.0716024449558867
fold_state_stratified,3,AGC_002,4.63,B10_C1_PCA_Ridge,4.55663303546034
fold_state_stratified,3,AGC_006,4.49,B10_C1_PCA_Ridge,4.111224165550035
fold_state_stratified,3,AGC_007,3.5,B10_C1_PCA_Ridge,3.073929359088119
fold_state_stratified,3,AGC_008,4.55,B10_C1_PCA_Ridge,4.1339287004791085
fold_state_stratified,3,AGC_009,4.79,B10_C1_PCA_Ridge,4.1227067087970735
fold_state_stratified,3,AGC_012,4.69,B10_C1_PCA_Ridge,4.906314783657519
fold_state_stratified,3,AGC_013,4.01,B10_C1_PCA_Ridge,4.255200493970134
fold_state_stratified,3,AGC_015,2.64,B10_C1_PCA_Ridge,4.735365091711418
fold_state_stratified,3,AGC_017,4.98,B10_C1_PCA_Ridge,4.609528853507975
fold_state_stratified,3,AGC_019,3.0,B10_C1_PCA_Ridge,3.2510714708100394
fold_state_stratified,3,AGC_020,3.5,B10_C1_PCA_Ridge,3.4315259823662756
fold_state_stratified,3,AGC_022,4.55,B10_C1_PCA_Ridge,3.925809662638025
fold_state_stratified,3,AGC_024,3.03,B10_C1_PCA_Ridge,3.955785354147973
fold_state_stratified,3,AGC_026,3.55,B10_C1_PCA_Ridge,4.529046471871762
fold_state_stratified,3,AGC_032,4.03,B10_C1_PCA_Ridge,4.497525989917024
fold_state_stratified,3,AGC_033,4.47,B10_C1_PCA_Ridge,4.619434451789102
fold_state_stratified,3,AGC_034,2.0,B10_C1_PCA_Ridge,3.845948056176611
fold_state_stratified,3,AGC_035,4.68,B10_C1_PCA_Ridge,3.9084158137649436
fold_state_stratified,3,AGC_037,3.5,B10_C1_PCA_Ridge,3.3746301990516496
fold_state_stratified,3,AGC_040,3.0,B10_C1_PCA_Ridge,2.819439018331718
fold_state_stratified,3,AGC_041,2.5,B10_C1_PCA_Ridge,3.6574697182943803
fold_state_stratified,3,AGC_045,4.1,B10_C1_PCA_Ridge,4.1099578275689765
fold_state_stratified,3,AGC_046,3.0,B10_C1_PCA_Ridge,2.823593974112838
fold_state_stratified,3,AGC_047,4.45,B10_C1_PCA_Ridge,3.733506912931262
fold_state_stratified,3,AGC_048,2.5,B10_C1_PCA_Ridge,3.355951151336168
fold_state_stratified,3,AGC_049,5.53,B10_C1_PCA_Ridge,4.933409638319875
fold_state_stratified,3,AGC_053,3.5,B10_C1_PCA_Ridge,3.3743099139144617
fold_state_stratified,3,AGC_054,2.5,B10_C1_PCA_Ridge,3.3131372230344085
fold_state_stratified,3,AGC_055,5.45,B10_C1_PCA_Ridge,4.558914473724081
fold_state_stratified,3,AGC_056,5.07,B10_C1_PCA_Ridge,4.4867271128652435
fold_state_stratified,3,AGC_057,4.55,B10_C1_PCA_Ridge,5.183277269817934
fold_state_stratified,3,AGC_058,2.5,B10_C1_PCA_Ridge,3.408610394575695
fold_state_stratified,3,AGC_060,4.52,B10_C1_PCA_Ridge,4.753505847633778
fold_state_stratified,3,AGC_062,3.81,B10_C1_PCA_Ridge,4.251946204598413
fold_state_stratified,3,AGC_064,4.51,B10_C1_PCA_Ridge,4.662853664440962
fold_state_stratified,3,AGC_068,2.5,B10_C1_PCA_Ridge,2.9838461025111047
fold_state_stratified,3,AGC_073,4.3,B10_C1_PCA_Ridge,4.36195335716493
fold_state_stratified,3,AGC_078,3.0,B10_C1_PCA_Ridge,3.4085053372916176
fold_state_stratified,3,AGC_079,3.3,B10_C1_PCA_Ridge,3.3371407927858483
fold_state_stratified,3,AGC_080,3.5,B10_C1_PCA_Ridge,3.3009236905005874
fold_state_stratified,3,AGC_081,3.7,B10_C1_PCA_Ridge,3.5583802199535537
fold_state_stratified,3,AGC_083,4.61,B10_C1_PCA_Ridge,4.109878778237695
fold_state_stratified,3,AGC_084,4.54,B10_C1_PCA_Ridge,4.627164301603819
fold_state_stratified,3,AGC_090,4.68,B10_C1_PCA_Ridge,4.20261461870289
fold_state_stratified,3,AGC_092,4.57,B10_C1_PCA_Ridge,4.436474158245502
fold_state_stratified,3,AGC_096,4.59,B10_C1_PCA_Ridge,3.7542682303350134
fold_state_stratified,3,AGC_098,3.0,B10_C1_PCA_Ridge,2.144996288417483
fold_state_stratified,3,AGC_099,3.5,B10_C1_PCA_Ridge,3.4129935651545606
fold_state_stratified,3,AGC_100,4.5,B10_C1_PCA_Ridge,4.264359886631361
fold_state_stratified,3,AGC_101,4.57,B10_C1_PCA_Ridge,4.055641454931444
fold_state_stratified,3,AGC_102,4.4,B10_C1_PCA_Ridge,4.074856074835121
fold_state_stratified,3,AGC_103,3.0,B10_C1_PCA_Ridge,3.071250177794214
fold_state_stratified,3,AGC_104,4.56,B10_C1_PCA_Ridge,4.259769850334583
fold_state_stratified,3,AGC_105,4.41,B10_C1_PCA_Ridge,4.3527700115375145
fold_state_stratified,3,AGC_108,4.51,B10_C1_PCA_Ridge,4.777617954715387
fold_state_stratified,3,AGC_109,4.54,B10_C1_PCA_Ridge,4.430906759029989
fold_state_stratified,3,AGC_111,4.72,B10_C1_PCA_Ridge,4.545091864845688
fold_state_stratified,3,AGC_112,3.0,B10_C1_PCA_Ridge,3.256066074416542
fold_state_stratified,3,AGC_114,3.0,B10_C1_PCA_Ridge,3.108028086127904
fold_state_stratified,3,AGC_115,4.6,B10_C1_PCA_Ridge,4.0817310256469606
fold_state_stratified,3,AGC_117,3.5,B10_C1_PCA_Ridge,3.348795150323657
fold_state_stratified,3,AGC_119,4.4,B10_C1_PCA_Ridge,4.560873996544115
fold_state_stratified,3,AGC_121,3.3,B10_C1_PCA_Ridge,3.3256154353305063
fold_state_stratified,3,AGC_122,3.5,B10_C1_PCA_Ridge,2.1486758222721116
fold_state_stratified,3,AGC_123,2.5,B10_C1_PCA_Ridge,3.293254744057382
fold_state_stratified,3,AGC_124,5.05,B10_C1_PCA_Ridge,4.857826720631931
fold_state_stratified,3,AGC_125,4.06,B10_C1_PCA_Ridge,4.12612465813549
fold_state_stratified,3,AGC_127,5.57,B10_C1_PCA_Ridge,5.126278857038211
fold_state_stratified,3,AGC_131,4.89,B10_C1_PCA_Ridge,3.944652820653573
fold_state_stratified,3,AGC_132,4.13,B10_C1_PCA_Ridge,4.34412069818884
fold_state_stratified,3,AGC_133,3.91,B10_C1_PCA_Ridge,4.485548151021968
fold_state_stratified,3,AGC_134,4.52,B10_C1_PCA_Ridge,4.1641652147175865
fold_state_stratified,3,AGC_135,4.49,B10_C1_PCA_Ridge,4.410215957962814
fold_state_stratified,3,AGC_137,4.54,B10_C1_PCA_Ridge,4.537079525590929
fold_state_stratified,3,AGC_139,4.67,B10_C1_PCA_Ridge,4.193591694319847
fold_state_stratified,3,AGC_140,3.2,B10_C1_PCA_Ridge,3.1887777334992524
fold_state_stratified,3,AGC_141,3.5,B10_C1_PCA_Ridge,3.0889721056167567
fold_state_stratified,3,AGC_144,2.5,B10_C1_PCA_Ridge,3.0649639184687065
fold_state_stratified,3,AGC_145,3.5,B10_C1_PCA_Ridge,2.3055828543269
fold_state_stratified,3,AGC_146,4.58,B10_C1_PCA_Ridge,4.4430930045120345
fold_state_stratified,3,AGC_148,3.0,B10_C1_PCA_Ridge,3.1042225152167022
fold_state_stratified,3,AGC_150,4.52,B10_C1_PCA_Ridge,4.73331110987799
fold_state_stratified,3,AGC_151,4.69,B10_C1_PCA_Ridge,4.753433700360094
fold_state_stratified,3,AGC_152,4.87,B10_C1_PCA_Ridge,4.794353138980418
fold_state_stratified,3,AGC_157,3.0,B10_C1_PCA_Ridge,2.8566190144916934
fold_state_stratified,3,AGC_159,4.77,B10_C1_PCA_Ridge,4.381831977208467
fold_state_stratified,3,AGC_160,3.62,B10_C1_PCA_Ridge,4.614443037166474
fold_state_stratified,3,AGC_161,4.46,B10_C1_PCA_Ridge,4.720272772707986
fold_state_stratified,3,AGC_162,5.59,B10_C1_PCA_Ridge,4.248919214462084
fold_state_stratified,3,AGC_164,3.0,B10_C1_PCA_Ridge,3.2013018238492066
fold_state_stratified,3,AGC_166,2.5,B10_C1_PCA_Ridge,3.653091282129796
fold_state_stratified,3,AGC_167,4.54,B10_C1_PCA_Ridge,4.625853661686909
fold_state_stratified,3,AGC_168,4.49,B10_C1_PCA_Ridge,3.7925211259780873
fold_state_stratified,3,AGC_169,2.5,B10_C1_PCA_Ridge,3.21817471183794
fold_state_stratified,3,AGC_170,3.0,B10_C1_PCA_Ridge,3.1261204028713245
fold_state_stratified,3,AGC_171,2.15,B10_C1_PCA_Ridge,4.4417039736444845
fold_state_stratified,3,AGC_172,5.19,B10_C1_PCA_Ridge,4.522767500421762
fold_state_stratified,3,AGC_176,4.38,B10_C1_PCA_Ridge,4.225966309091925
fold_state_stratified,3,AGC_178,4.39,B10_C1_PCA_Ridge,3.854717388160121
fold_state_stratified,3,AGC_179,4.55,B10_C1_PCA_Ridge,4.4583757077624
fold_state_stratified,3,AGC_180,4.14,B10_C1_PCA_Ridge,3.9692298223948295
fold_state_stratified,3,AGC_181,4.51,B10_C1_PCA_Ridge,4.0506461360094015
fold_state_stratified,3,AGC_184,4.47,B10_C1_PCA_Ridge,4.215845873963765
fold_state_stratified,3,AGC_185,5.01,B10_C1_PCA_Ridge,4.20274389041645
fold_state_stratified,3,AGC_187,3.0,B10_C1_PCA_Ridge,3.233156060272054
fold_state_stratified,3,AGC_189,4.03,B10_C1_PCA_Ridge,4.017551412866942
fold_state_stratified,3,AGC_193,4.57,B10_C1_PCA_Ridge,3.8715188008138335
fold_state_stratified,3,AGC_194,3.2,B10_C1_PCA_Ridge,3.820691793942779
fold_state_stratified,3,AGC_195,3.68,B10_C1_PCA_Ridge,4.07049176681907
fold_state_stratified,4,AGC_001,3.5,B01_C0_PLS,2.470045904661848
fold_state_stratified,4,AGC_002,4.63,B01_C0_PLS,4.474461592577832
fold_state_stratified,4,AGC_004,3.0,B01_C0_PLS,3.420704165134633
fold_state_stratified,4,AGC_005,5.16,B01_C0_PLS,4.746597045859551
fold_state_stratified,4,AGC_006,4.49,B01_C0_PLS,3.954227299422064
fold_state_stratified,4,AGC_008,4.55,B01_C0_PLS,4.3079124376014395
fold_state_stratified,4,AGC_009,4.79,B01_C0_PLS,4.291775869891323
fold_state_stratified,4,AGC_010,4.1,B01_C0_PLS,4.113710886830251
fold_state_stratified,4,AGC_013,4.01,B01_C0_PLS,4.377706817678874
fold_state_stratified,4,AGC_014,4.83,B01_C0_PLS,4.571008668916408
fold_state_stratified,4,AGC_015,2.64,B01_C0_PLS,4.776128259350807
fold_state_stratified,4,AGC_017,4.98,B01_C0_PLS,4.773977144492685
fold_state_stratified,4,AGC_018,4.49,B01_C0_PLS,4.81692272674715
fold_state_stratified,4,AGC_020,3.5,B01_C0_PLS,2.5967680089212535
fold_state_stratified,4,AGC_021,4.94,B01_C0_PLS,4.508311678277666
fold_state_stratified,4,AGC_023,3.0,B01_C0_PLS,3.4130285755784935
fold_state_stratified,4,AGC_024,3.03,B01_C0_PLS,4.283086340497111
fold_state_stratified,4,AGC_032,4.03,B01_C0_PLS,4.247062363464459
fold_state_stratified,4,AGC_033,4.47,B01_C0_PLS,4.353487010923775
fold_state_stratified,4,AGC_034,2.0,B01_C0_PLS,3.48933717754779
fold_state_stratified,4,AGC_035,4.68,B01_C0_PLS,4.051727229583328
fold_state_stratified,4,AGC_037,3.5,B01_C0_PLS,3.262116875522056
fold_state_stratified,4,AGC_038,3.3,B01_C0_PLS,3.5844211175432195
fold_state_stratified,4,AGC_040,3.0,B01_C0_PLS,3.0919563508257766
fold_state_stratified,4,AGC_044,3.5,B01_C0_PLS,2.7045640068172663
fold_state_stratified,4,AGC_045,4.1,B01_C0_PLS,4.733969258308797
fold_state_stratified,4,AGC_046,3.0,B01_C0_PLS,2.7742060090784793
fold_state_stratified,4,AGC_047,4.45,B01_C0_PLS,3.81751469742167
fold_state_stratified,4,AGC_049,5.53,B01_C0_PLS,4.890634253616747
fold_state_stratified,4,AGC_051,4.45,B01_C0_PLS,3.9247019753811427
fold_state_stratified,4,AGC_053,3.5,B01_C0_PLS,3.4938411339977677
fold_state_stratified,4,AGC_054,2.5,B01_C0_PLS,3.038424167458597
fold_state_stratified,4,AGC_055,5.45,B01_C0_PLS,4.823191681522359
fold_state_stratified,4,AGC_057,4.55,B01_C0_PLS,4.579227225276945
fold_state_stratified,4,AGC_058,2.5,B01_C0_PLS,3.2975447727143457
fold_state_stratified,4,AGC_059,4.41,B01_C0_PLS,4.00685001308199
fold_state_stratified,4,AGC_060,4.52,B01_C0_PLS,4.6772746018882625
fold_state_stratified,4,AGC_062,3.81,B01_C0_PLS,4.222617952449975
fold_state_stratified,4,AGC_064,4.51,B01_C0_PLS,4.447910745681513
fold_state_stratified,4,AGC_066,3.0,B01_C0_PLS,3.1610487903713516
fold_state_stratified,4,AGC_067,3.0,B01_C0_PLS,3.9825422950393907
fold_state_stratified,4,AGC_068,2.5,B01_C0_PLS,3.3073823107437237
fold_state_stratified,4,AGC_069,5.46,B01_C0_PLS,5.049365501693142
fold_state_stratified,4,AGC_070,3.3,B01_C0_PLS,3.421024579810492
fold_state_stratified,4,AGC_072,4.55,B01_C0_PLS,4.238839986484689
fold_state_stratified,4,AGC_073,4.3,B01_C0_PLS,3.9482217166445888
fold_state_stratified,4,AGC_074,2.5,B01_C0_PLS,2.838465670263517
fold_state_stratified,4,AGC_077,4.76,B01_C0_PLS,4.261555910705082
fold_state_stratified,4,AGC_078,3.0,B01_C0_PLS,2.9757938096740704
fold_state_stratified,4,AGC_079,3.3,B01_C0_PLS,2.8146845406054015
fold_state_stratified,4,AGC_083,4.61,B01_C0_PLS,4.379135555649827
fold_state_stratified,4,AGC_084,4.54,B01_C0_PLS,4.633276198019844
fold_state_stratified,4,AGC_089,3.0,B01_C0_PLS,3.322282221700344
fold_state_stratified,4,AGC_090,4.68,B01_C0_PLS,4.500066647901955
fold_state_stratified,4,AGC_092,4.57,B01_C0_PLS,4.280225539925831
fold_state_stratified,4,AGC_096,4.59,B01_C0_PLS,4.398674144588594
fold_state_stratified,4,AGC_097,4.69,B01_C0_PLS,4.437666300350391
fold_state_stratified,4,AGC_098,3.0,B01_C0_PLS,3.129813632327866
fold_state_stratified,4,AGC_100,4.5,B01_C0_PLS,4.324712409214952
fold_state_stratified,4,AGC_101,4.57,B01_C0_PLS,4.377682529446245
fold_state_stratified,4,AGC_102,4.4,B01_C0_PLS,4.575933446546934
fold_state_stratified,4,AGC_103,3.0,B01_C0_PLS,2.3151930103240224
fold_state_stratified,4,AGC_105,4.41,B01_C0_PLS,4.52459692292425
fold_state_stratified,4,AGC_106,4.43,B01_C0_PLS,4.2598288261092465
fold_state_stratified,4,AGC_108,4.51,B01_C0_PLS,4.989244126237832
fold_state_stratified,4,AGC_110,4.18,B01_C0_PLS,4.3892430347906535
fold_state_stratified,4,AGC_111,4.72,B01_C0_PLS,4.3631715920989755
fold_state_stratified,4,AGC_112,3.0,B01_C0_PLS,3.053285301523168
fold_state_stratified,4,AGC_114,3.0,B01_C0_PLS,3.0043359020247333
fold_state_stratified,4,AGC_117,3.5,B01_C0_PLS,3.744595403499192
fold_state_stratified,4,AGC_119,4.4,B01_C0_PLS,4.60856347586162
fold_state_stratified,4,AGC_121,3.3,B01_C0_PLS,3.0729926319904575
fold_state_stratified,4,AGC_123,2.5,B01_C0_PLS,2.5618847018978164
fold_state_stratified,4,AGC_124,5.05,B01_C0_PLS,4.786254641725486
fold_state_stratified,4,AGC_125,4.06,B01_C0_PLS,4.3091718982152525
fold_state_stratified,4,AGC_127,5.57,B01_C0_PLS,4.904805934052106
fold_state_stratified,4,AGC_131,4.89,B01_C0_PLS,4.877980447439933
fold_state_stratified,4,AGC_133,3.91,B01_C0_PLS,4.1599908376687615
fold_state_stratified,4,AGC_134,4.52,B01_C0_PLS,3.9551798253887345
fold_state_stratified,4,AGC_135,4.49,B01_C0_PLS,4.1708866586355064
fold_state_stratified,4,AGC_137,4.54,B01_C0_PLS,4.41841207403609
fold_state_stratified,4,AGC_138,2.5,B01_C0_PLS,3.4617671491040003
fold_state_stratified,4,AGC_139,4.67,B01_C0_PLS,4.209706252329713
fold_state_stratified,4,AGC_141,3.5,B01_C0_PLS,3.1274851118171494
fold_state_stratified,4,AGC_145,3.5,B01_C0_PLS,2.6474795625532335
fold_state_stratified,4,AGC_146,4.58,B01_C0_PLS,4.804682048019271
fold_state_stratified,4,AGC_150,4.52,B01_C0_PLS,4.461619036729367
fold_state_stratified,4,AGC_151,4.69,B01_C0_PLS,5.22023019826319
fold_state_stratified,4,AGC_155,4.52,B01_C0_PLS,4.847456977401048
fold_state_stratified,4,AGC_157,3.0,B01_C0_PLS,3.2265624335611265
fold_state_stratified,4,AGC_159,4.77,B01_C0_PLS,4.50863472043539
fold_state_stratified,4,AGC_160,3.62,B01_C0_PLS,4.84782652569922
fold_state_stratified,4,AGC_161,4.46,B01_C0_PLS,4.409938861025416
fold_state_stratified,4,AGC_162,5.59,B01_C0_PLS,4.487520762040779
fold_state_stratified,4,AGC_163,3.0,B01_C0_PLS,3.0230357895278805
fold_state_stratified,4,AGC_164,3.0,B01_C0_PLS,3.0579537814509514
fold_state_stratified,4,AGC_165,4.44,B01_C0_PLS,4.396069779486292
fold_state_stratified,4,AGC_166,2.5,B01_C0_PLS,3.7312062953541516
fold_state_stratified,4,AGC_167,4.54,B01_C0_PLS,4.509338036239121
fold_state_stratified,4,AGC_169,2.5,B01_C0_PLS,2.847343773557946
fold_state_stratified,4,AGC_179,4.55,B01_C0_PLS,4.322686560847822
fold_state_stratified,4,AGC_180,4.14,B01_C0_PLS,3.7555195565113904
fold_state_stratified,4,AGC_184,4.47,B01_C0_PLS,4.4288587389853395
fold_state_stratified,4,AGC_185,5.01,B01_C0_PLS,4.594534446179232
fold_state_stratified,4,AGC_187,3.0,B01_C0_PLS,3.3522570985710027
fold_state_stratified,4,AGC_189,4.03,B01_C0_PLS,4.44603571946247
fold_state_stratified,4,AGC_193,4.57,B01_C0_PLS,4.365982117642912
fold_state_stratified,4,AGC_194,3.2,B01_C0_PLS,3.6132722423124863
fold_state_stratified,4,AGC_195,3.68,B01_C0_PLS,4.025838049534876
fold_state_stratified,4,AGC_196,3.5,B01_C0_PLS,3.4876116794755694
fold_state_stratified,4,AGC_197,4.52,B01_C0_PLS,4.603688858892722
fold_state_stratified,4,AGC_001,3.5,B02_C3_Ridge,2.5064602556775135
fold_state_stratified,4,AGC_002,4.63,B02_C3_Ridge,4.479718790310477
fold_state_stratified,4,AGC_004,3.0,B02_C3_Ridge,3.101563592052493
fold_state_stratified,4,AGC_005,5.16,B02_C3_Ridge,4.539836480604685
fold_state_stratified,4,AGC_006,4.49,B02_C3_Ridge,4.315561389200343
fold_state_stratified,4,AGC_008,4.55,B02_C3_Ridge,4.28858958486112
fold_state_stratified,4,AGC_009,4.79,B02_C3_Ridge,4.248409148737768
fold_state_stratified,4,AGC_010,4.1,B02_C3_Ridge,4.099614559377486
fold_state_stratified,4,AGC_013,4.01,B02_C3_Ridge,4.599946494864063
fold_state_stratified,4,AGC_014,4.83,B02_C3_Ridge,4.326772963910049
fold_state_stratified,4,AGC_015,2.64,B02_C3_Ridge,4.764028943642446
fold_state_stratified,4,AGC_017,4.98,B02_C3_Ridge,4.714875020621574
fold_state_stratified,4,AGC_018,4.49,B02_C3_Ridge,4.512233235289413
fold_state_stratified,4,AGC_020,3.5,B02_C3_Ridge,3.009631161937543
fold_state_stratified,4,AGC_021,4.94,B02_C3_Ridge,4.386246648060894
fold_state_stratified,4,AGC_023,3.0,B02_C3_Ridge,3.31998251826181
fold_state_stratified,4,AGC_024,3.03,B02_C3_Ridge,4.2205815069271555
fold_state_stratified,4,AGC_032,4.03,B02_C3_Ridge,4.1204960606199945
fold_state_stratified,4,AGC_033,4.47,B02_C3_Ridge,4.69912444219676
fold_state_stratified,4,AGC_034,2.0,B02_C3_Ridge,3.5399740069361996
fold_state_stratified,4,AGC_035,4.68,B02_C3_Ridge,4.025319219308458
fold_state_stratified,4,AGC_037,3.5,B02_C3_Ridge,3.133146866284221
fold_state_stratified,4,AGC_038,3.3,B02_C3_Ridge,3.6854401720381755
fold_state_stratified,4,AGC_040,3.0,B02_C3_Ridge,3.1523300828177447
fold_state_stratified,4,AGC_044,3.5,B02_C3_Ridge,3.0167636094031782
fold_state_stratified,4,AGC_045,4.1,B02_C3_Ridge,4.501647781863889
fold_state_stratified,4,AGC_046,3.0,B02_C3_Ridge,2.756692549556003
fold_state_stratified,4,AGC_047,4.45,B02_C3_Ridge,3.9797375498324215
fold_state_stratified,4,AGC_049,5.53,B02_C3_Ridge,5.030410221786139
fold_state_stratified,4,AGC_051,4.45,B02_C3_Ridge,3.9115774407798414
fold_state_stratified,4,AGC_053,3.5,B02_C3_Ridge,3.3373880449198214
fold_state_stratified,4,AGC_054,2.5,B02_C3_Ridge,3.0420423308709656
fold_state_stratified,4,AGC_055,5.45,B02_C3_Ridge,4.492421314019812
fold_state_stratified,4,AGC_057,4.55,B02_C3_Ridge,4.784690643441779
fold_state_stratified,4,AGC_058,2.5,B02_C3_Ridge,3.304659028482109
fold_state_stratified,4,AGC_059,4.41,B02_C3_Ridge,4.061524766118153
fold_state_stratified,4,AGC_060,4.52,B02_C3_Ridge,4.75472136234823
fold_state_stratified,4,AGC_062,3.81,B02_C3_Ridge,4.274117095021644
fold_state_stratified,4,AGC_064,4.51,B02_C3_Ridge,4.4813705415861325
fold_state_stratified,4,AGC_066,3.0,B02_C3_Ridge,3.275333856761134
fold_state_stratified,4,AGC_067,3.0,B02_C3_Ridge,3.516751306231063
fold_state_stratified,4,AGC_068,2.5,B02_C3_Ridge,3.218356608668328
fold_state_stratified,4,AGC_069,5.46,B02_C3_Ridge,4.895071249176844
fold_state_stratified,4,AGC_070,3.3,B02_C3_Ridge,3.3411272071599685
fold_state_stratified,4,AGC_072,4.55,B02_C3_Ridge,4.509603521241496
fold_state_stratified,4,AGC_073,4.3,B02_C3_Ridge,4.055395661289867
fold_state_stratified,4,AGC_074,2.5,B02_C3_Ridge,3.13558470948199
fold_state_stratified,4,AGC_077,4.76,B02_C3_Ridge,4.330661972319017
fold_state_stratified,4,AGC_078,3.0,B02_C3_Ridge,3.2214565257940935
fold_state_stratified,4,AGC_079,3.3,B02_C3_Ridge,3.0465094527484857
fold_state_stratified,4,AGC_083,4.61,B02_C3_Ridge,4.260859012702675
fold_state_stratified,4,AGC_084,4.54,B02_C3_Ridge,4.781569924405303
fold_state_stratified,4,AGC_089,3.0,B02_C3_Ridge,3.390921188610276
fold_state_stratified,4,AGC_090,4.68,B02_C3_Ridge,4.451887914300037
fold_state_stratified,4,AGC_092,4.57,B02_C3_Ridge,4.488813837095427
fold_state_stratified,4,AGC_096,4.59,B02_C3_Ridge,4.179383514802219
fold_state_stratified,4,AGC_097,4.69,B02_C3_Ridge,4.509652459490778
fold_state_stratified,4,AGC_098,3.0,B02_C3_Ridge,3.2769167140583813
fold_state_stratified,4,AGC_100,4.5,B02_C3_Ridge,4.302860466187754
fold_state_stratified,4,AGC_101,4.57,B02_C3_Ridge,4.207750257881763
fold_state_stratified,4,AGC_102,4.4,B02_C3_Ridge,4.474774646549427
fold_state_stratified,4,AGC_103,3.0,B02_C3_Ridge,2.357964643208887
fold_state_stratified,4,AGC_105,4.41,B02_C3_Ridge,4.35185970964646
fold_state_stratified,4,AGC_106,4.43,B02_C3_Ridge,4.179632286024992
fold_state_stratified,4,AGC_108,4.51,B02_C3_Ridge,4.920310566082256
fold_state_stratified,4,AGC_110,4.18,B02_C3_Ridge,4.446568591841574
fold_state_stratified,4,AGC_111,4.72,B02_C3_Ridge,4.355500851355551
fold_state_stratified,4,AGC_112,3.0,B02_C3_Ridge,3.0043998523252373
fold_state_stratified,4,AGC_114,3.0,B02_C3_Ridge,3.12792438410942
fold_state_stratified,4,AGC_117,3.5,B02_C3_Ridge,3.4822329700401844
fold_state_stratified,4,AGC_119,4.4,B02_C3_Ridge,4.58138858904741
fold_state_stratified,4,AGC_121,3.3,B02_C3_Ridge,3.097031736492528
fold_state_stratified,4,AGC_123,2.5,B02_C3_Ridge,2.835384878335221
fold_state_stratified,4,AGC_124,5.05,B02_C3_Ridge,4.824371148917234
fold_state_stratified,4,AGC_125,4.06,B02_C3_Ridge,4.430686864758118
fold_state_stratified,4,AGC_127,5.57,B02_C3_Ridge,5.10971725099802
fold_state_stratified,4,AGC_131,4.89,B02_C3_Ridge,4.552851058215993
fold_state_stratified,4,AGC_133,3.91,B02_C3_Ridge,4.233961950806172
fold_state_stratified,4,AGC_134,4.52,B02_C3_Ridge,4.237999019686973
fold_state_stratified,4,AGC_135,4.49,B02_C3_Ridge,4.428872041230452
fold_state_stratified,4,AGC_137,4.54,B02_C3_Ridge,4.697742452378645
fold_state_stratified,4,AGC_138,2.5,B02_C3_Ridge,3.4867874943763897
fold_state_stratified,4,AGC_139,4.67,B02_C3_Ridge,4.17224825726314
fold_state_stratified,4,AGC_141,3.5,B02_C3_Ridge,3.060828559399937
fold_state_stratified,4,AGC_145,3.5,B02_C3_Ridge,3.053905248563873
fold_state_stratified,4,AGC_146,4.58,B02_C3_Ridge,4.508264720825104
fold_state_stratified,4,AGC_150,4.52,B02_C3_Ridge,4.42262186996542
fold_state_stratified,4,AGC_151,4.69,B02_C3_Ridge,5.218004869835314
fold_state_stratified,4,AGC_155,4.52,B02_C3_Ridge,4.840056855830442
fold_state_stratified,4,AGC_157,3.0,B02_C3_Ridge,3.174723026594007
fold_state_stratified,4,AGC_159,4.77,B02_C3_Ridge,4.357691272623486
fold_state_stratified,4,AGC_160,3.62,B02_C3_Ridge,4.898139052923942
fold_state_stratified,4,AGC_161,4.46,B02_C3_Ridge,4.48521179719623
fold_state_stratified,4,AGC_162,5.59,B02_C3_Ridge,4.555442386878225
fold_state_stratified,4,AGC_163,3.0,B02_C3_Ridge,2.943665287893663
fold_state_stratified,4,AGC_164,3.0,B02_C3_Ridge,3.3705874519558314
fold_state_stratified,4,AGC_165,4.44,B02_C3_Ridge,4.573073305165913
fold_state_stratified,4,AGC_166,2.5,B02_C3_Ridge,3.6473697456018317
fold_state_stratified,4,AGC_167,4.54,B02_C3_Ridge,4.488105172856371
fold_state_stratified,4,AGC_169,2.5,B02_C3_Ridge,2.855667563543762
fold_state_stratified,4,AGC_179,4.55,B02_C3_Ridge,4.507625500425659
fold_state_stratified,4,AGC_180,4.14,B02_C3_Ridge,4.098284458363374
fold_state_stratified,4,AGC_184,4.47,B02_C3_Ridge,4.29145007006784
fold_state_stratified,4,AGC_185,5.01,B02_C3_Ridge,4.619830990819816
fold_state_stratified,4,AGC_187,3.0,B02_C3_Ridge,3.3747606540664834
fold_state_stratified,4,AGC_189,4.03,B02_C3_Ridge,4.327021932535221
fold_state_stratified,4,AGC_193,4.57,B02_C3_Ridge,4.164247737509946
fold_state_stratified,4,AGC_194,3.2,B02_C3_Ridge,3.665970542285174
fold_state_stratified,4,AGC_195,3.68,B02_C3_Ridge,4.0846349214757405
fold_state_stratified,4,AGC_196,3.5,B02_C3_Ridge,3.5023882200449754
fold_state_stratified,4,AGC_197,4.52,B02_C3_Ridge,4.404589948863207
fold_state_stratified,4,AGC_001,3.5,B03_C1_CatBoost,3.0210572999491774
fold_state_stratified,4,AGC_002,4.63,B03_C1_CatBoost,4.254648053796927
fold_state_stratified,4,AGC_004,3.0,B03_C1_CatBoost,2.90771532375976
fold_state_stratified,4,AGC_005,5.16,B03_C1_CatBoost,4.583514755235228
fold_state_stratified,4,AGC_006,4.49,B03_C1_CatBoost,4.096441572802405
fold_state_stratified,4,AGC_008,4.55,B03_C1_CatBoost,4.522409700899516
fold_state_stratified,4,AGC_009,4.79,B03_C1_CatBoost,4.459408457580139
fold_state_stratified,4,AGC_010,4.1,B03_C1_CatBoost,4.368866430164587
fold_state_stratified,4,AGC_013,4.01,B03_C1_CatBoost,4.341594254208644
fold_state_stratified,4,AGC_014,4.83,B03_C1_CatBoost,4.355696035338951
fold_state_stratified,4,AGC_015,2.64,B03_C1_CatBoost,4.5772896982733755
fold_state_stratified,4,AGC_017,4.98,B03_C1_CatBoost,4.535925834372506
fold_state_stratified,4,AGC_018,4.49,B03_C1_CatBoost,4.680571059085253
fold_state_stratified,4,AGC_020,3.5,B03_C1_CatBoost,3.4304676419931184
fold_state_stratified,4,AGC_021,4.94,B03_C1_CatBoost,4.66966896275008
fold_state_stratified,4,AGC_023,3.0,B03_C1_CatBoost,3.2207743593916405
fold_state_stratified,4,AGC_024,3.03,B03_C1_CatBoost,4.398073514692442
fold_state_stratified,4,AGC_032,4.03,B03_C1_CatBoost,4.1528564169539095
fold_state_stratified,4,AGC_033,4.47,B03_C1_CatBoost,4.724239714034866
fold_state_stratified,4,AGC_034,2.0,B03_C1_CatBoost,3.1418586283457444
fold_state_stratified,4,AGC_035,4.68,B03_C1_CatBoost,3.885560605448518
fold_state_stratified,4,AGC_037,3.5,B03_C1_CatBoost,2.7412692405782764
fold_state_stratified,4,AGC_038,3.3,B03_C1_CatBoost,3.4552332784714963
fold_state_stratified,4,AGC_040,3.0,B03_C1_CatBoost,3.154441976354974
fold_state_stratified,4,AGC_044,3.5,B03_C1_CatBoost,3.462599242570832
fold_state_stratified,4,AGC_045,4.1,B03_C1_CatBoost,4.712489687057314
fold_state_stratified,4,AGC_046,3.0,B03_C1_CatBoost,2.9194716769038678
fold_state_stratified,4,AGC_047,4.45,B03_C1_CatBoost,3.873601797573798
fold_state_stratified,4,AGC_049,5.53,B03_C1_CatBoost,4.7899425829823485
fold_state_stratified,4,AGC_051,4.45,B03_C1_CatBoost,4.332428072607115
fold_state_stratified,4,AGC_053,3.5,B03_C1_CatBoost,3.1948668315258715
fold_state_stratified,4,AGC_054,2.5,B03_C1_CatBoost,3.134337699923549
fold_state_stratified,4,AGC_055,5.45,B03_C1_CatBoost,4.291730025024208
fold_state_stratified,4,AGC_057,4.55,B03_C1_CatBoost,4.688922571091098
fold_state_stratified,4,AGC_058,2.5,B03_C1_CatBoost,3.08202746682349
fold_state_stratified,4,AGC_059,4.41,B03_C1_CatBoost,4.353672573428639
fold_state_stratified,4,AGC_060,4.52,B03_C1_CatBoost,4.765490416063642
fold_state_stratified,4,AGC_062,3.81,B03_C1_CatBoost,4.309765129023617
fold_state_stratified,4,AGC_064,4.51,B03_C1_CatBoost,4.501972619733351
fold_state_stratified,4,AGC_066,3.0,B03_C1_CatBoost,3.239678788715082
fold_state_stratified,4,AGC_067,3.0,B03_C1_CatBoost,3.4408108129496213
fold_state_stratified,4,AGC_068,2.5,B03_C1_CatBoost,2.8535156340918206
fold_state_stratified,4,AGC_069,5.46,B03_C1_CatBoost,4.804962198233113
fold_state_stratified,4,AGC_070,3.3,B03_C1_CatBoost,3.082616924250317
fold_state_stratified,4,AGC_072,4.55,B03_C1_CatBoost,4.39966349300812
fold_state_stratified,4,AGC_073,4.3,B03_C1_CatBoost,4.052431366247674
fold_state_stratified,4,AGC_074,2.5,B03_C1_CatBoost,3.492625648079411
fold_state_stratified,4,AGC_077,4.76,B03_C1_CatBoost,4.511624431420728
fold_state_stratified,4,AGC_078,3.0,B03_C1_CatBoost,3.187443046945191
fold_state_stratified,4,AGC_079,3.3,B03_C1_CatBoost,2.9995508162523947
fold_state_stratified,4,AGC_083,4.61,B03_C1_CatBoost,4.286600474583054
fold_state_stratified,4,AGC_084,4.54,B03_C1_CatBoost,4.528765321151241
fold_state_stratified,4,AGC_089,3.0,B03_C1_CatBoost,3.1428386401390753
fold_state_stratified,4,AGC_090,4.68,B03_C1_CatBoost,4.387601708093143
fold_state_stratified,4,AGC_092,4.57,B03_C1_CatBoost,4.466515873782782
fold_state_stratified,4,AGC_096,4.59,B03_C1_CatBoost,4.3960073457704425
fold_state_stratified,4,AGC_097,4.69,B03_C1_CatBoost,4.640757507167564
fold_state_stratified,4,AGC_098,3.0,B03_C1_CatBoost,3.280049781757498
fold_state_stratified,4,AGC_100,4.5,B03_C1_CatBoost,4.458622604668562
fold_state_stratified,4,AGC_101,4.57,B03_C1_CatBoost,4.427571628616533
fold_state_stratified,4,AGC_102,4.4,B03_C1_CatBoost,4.342767175377958
fold_state_stratified,4,AGC_103,3.0,B03_C1_CatBoost,3.0697057036943534
fold_state_stratified,4,AGC_105,4.41,B03_C1_CatBoost,4.364343207239472
fold_state_stratified,4,AGC_106,4.43,B03_C1_CatBoost,4.045661440730441
fold_state_stratified,4,AGC_108,4.51,B03_C1_CatBoost,4.738760631755298
fold_state_stratified,4,AGC_110,4.18,B03_C1_CatBoost,4.523023229547562
fold_state_stratified,4,AGC_111,4.72,B03_C1_CatBoost,4.459557431679968
fold_state_stratified,4,AGC_112,3.0,B03_C1_CatBoost,2.9451151860074845
fold_state_stratified,4,AGC_114,3.0,B03_C1_CatBoost,2.993994555109907
fold_state_stratified,4,AGC_117,3.5,B03_C1_CatBoost,3.184163224419592
fold_state_stratified,4,AGC_119,4.4,B03_C1_CatBoost,4.767984575461412
fold_state_stratified,4,AGC_121,3.3,B03_C1_CatBoost,3.203924855297714
fold_state_stratified,4,AGC_123,2.5,B03_C1_CatBoost,2.7795083502937814
fold_state_stratified,4,AGC_124,5.05,B03_C1_CatBoost,4.768197704740544
fold_state_stratified,4,AGC_125,4.06,B03_C1_CatBoost,4.598862174745818
fold_state_stratified,4,AGC_127,5.57,B03_C1_CatBoost,4.69919823159762
fold_state_stratified,4,AGC_131,4.89,B03_C1_CatBoost,4.364477642221573
fold_state_stratified,4,AGC_133,3.91,B03_C1_CatBoost,4.2203374237681714
fold_state_stratified,4,AGC_134,4.52,B03_C1_CatBoost,3.9005774537532147
fold_state_stratified,4,AGC_135,4.49,B03_C1_CatBoost,4.631453235653112
fold_state_stratified,4,AGC_137,4.54,B03_C1_CatBoost,4.667902550102724
fold_state_stratified,4,AGC_138,2.5,B03_C1_CatBoost,3.3208998101064537
fold_state_stratified,4,AGC_139,4.67,B03_C1_CatBoost,4.215828435517324
fold_state_stratified,4,AGC_141,3.5,B03_C1_CatBoost,3.113855569824864
fold_state_stratified,4,AGC_145,3.5,B03_C1_CatBoost,2.992342477371494
fold_state_stratified,4,AGC_146,4.58,B03_C1_CatBoost,4.666293260593591
fold_state_stratified,4,AGC_150,4.52,B03_C1_CatBoost,4.5129357433941095
fold_state_stratified,4,AGC_151,4.69,B03_C1_CatBoost,4.584832984205661
fold_state_stratified,4,AGC_155,4.52,B03_C1_CatBoost,4.680804500628767
fold_state_stratified,4,AGC_157,3.0,B03_C1_CatBoost,3.2091161871571785
fold_state_stratified,4,AGC_159,4.77,B03_C1_CatBoost,4.496811014648216
fold_state_stratified,4,AGC_160,3.62,B03_C1_CatBoost,4.653758869725607
fold_state_stratified,4,AGC_161,4.46,B03_C1_CatBoost,4.5703773675900266
fold_state_stratified,4,AGC_162,5.59,B03_C1_CatBoost,4.562667998809957
fold_state_stratified,4,AGC_163,3.0,B03_C1_CatBoost,2.9616841809316554
fold_state_stratified,4,AGC_164,3.0,B03_C1_CatBoost,3.00407048833236
fold_state_stratified,4,AGC_165,4.44,B03_C1_CatBoost,4.154741431471194
fold_state_stratified,4,AGC_166,2.5,B03_C1_CatBoost,3.4098464049816357
fold_state_stratified,4,AGC_167,4.54,B03_C1_CatBoost,4.656825191599864
fold_state_stratified,4,AGC_169,2.5,B03_C1_CatBoost,2.967757269049258
fold_state_stratified,4,AGC_179,4.55,B03_C1_CatBoost,4.422105259995988
fold_state_stratified,4,AGC_180,4.14,B03_C1_CatBoost,4.3935591473784825
fold_state_stratified,4,AGC_184,4.47,B03_C1_CatBoost,4.470713080016139
fold_state_stratified,4,AGC_185,5.01,B03_C1_CatBoost,4.467021906455841
fold_state_stratified,4,AGC_187,3.0,B03_C1_CatBoost,3.0954298952965473
fold_state_stratified,4,AGC_189,4.03,B03_C1_CatBoost,4.384404137564559
fold_state_stratified,4,AGC_193,4.57,B03_C1_CatBoost,4.395129519460539
fold_state_stratified,4,AGC_194,3.2,B03_C1_CatBoost,3.3229859804378066
fold_state_stratified,4,AGC_195,3.68,B03_C1_CatBoost,4.161336915570246
fold_state_stratified,4,AGC_196,3.5,B03_C1_CatBoost,3.578106034551098
fold_state_stratified,4,AGC_197,4.52,B03_C1_CatBoost,4.404897641591276
fold_state_stratified,4,AGC_001,3.5,B04_C0_Ridge,2.688626776791512
fold_state_stratified,4,AGC_002,4.63,B04_C0_Ridge,4.48660973225422
fold_state_stratified,4,AGC_004,3.0,B04_C0_Ridge,3.204191119001892
fold_state_stratified,4,AGC_005,5.16,B04_C0_Ridge,4.48370334467644
fold_state_stratified,4,AGC_006,4.49,B04_C0_Ridge,4.226518008341635
fold_state_stratified,4,AGC_008,4.55,B04_C0_Ridge,4.246750480132279
fold_state_stratified,4,AGC_009,4.79,B04_C0_Ridge,4.268283972553518
fold_state_stratified,4,AGC_010,4.1,B04_C0_Ridge,4.06850998137506
fold_state_stratified,4,AGC_013,4.01,B04_C0_Ridge,4.559572836653567
fold_state_stratified,4,AGC_014,4.83,B04_C0_Ridge,4.289807697891581
fold_state_stratified,4,AGC_015,2.64,B04_C0_Ridge,4.7254616947714805
fold_state_stratified,4,AGC_017,4.98,B04_C0_Ridge,4.7363493631354325
fold_state_stratified,4,AGC_018,4.49,B04_C0_Ridge,4.568303349626788
fold_state_stratified,4,AGC_020,3.5,B04_C0_Ridge,2.887148163327849
fold_state_stratified,4,AGC_021,4.94,B04_C0_Ridge,4.3993304032583325
fold_state_stratified,4,AGC_023,3.0,B04_C0_Ridge,3.354318761208366
fold_state_stratified,4,AGC_024,3.03,B04_C0_Ridge,4.189251196680997
fold_state_stratified,4,AGC_032,4.03,B04_C0_Ridge,4.126762890313834
fold_state_stratified,4,AGC_033,4.47,B04_C0_Ridge,4.608194774882345
fold_state_stratified,4,AGC_034,2.0,B04_C0_Ridge,3.5622723605971456
fold_state_stratified,4,AGC_035,4.68,B04_C0_Ridge,4.011296114985572
fold_state_stratified,4,AGC_037,3.5,B04_C0_Ridge,3.1525744131698175
fold_state_stratified,4,AGC_038,3.3,B04_C0_Ridge,3.6901609267463926
fold_state_stratified,4,AGC_040,3.0,B04_C0_Ridge,3.1418090187466765
fold_state_stratified,4,AGC_044,3.5,B04_C0_Ridge,2.928872732591036
fold_state_stratified,4,AGC_045,4.1,B04_C0_Ridge,4.54981431056293
fold_state_stratified,4,AGC_046,3.0,B04_C0_Ridge,2.803389930793381
fold_state_stratified,4,AGC_047,4.45,B04_C0_Ridge,3.991587167852904
fold_state_stratified,4,AGC_049,5.53,B04_C0_Ridge,4.906398396007889
fold_state_stratified,4,AGC_051,4.45,B04_C0_Ridge,3.8661500210894024
fold_state_stratified,4,AGC_053,3.5,B04_C0_Ridge,3.3723527217670517
fold_state_stratified,4,AGC_054,2.5,B04_C0_Ridge,3.0931791472758645
fold_state_stratified,4,AGC_055,5.45,B04_C0_Ridge,4.551331410562126
fold_state_stratified,4,AGC_057,4.55,B04_C0_Ridge,4.698295931615874
fold_state_stratified,4,AGC_058,2.5,B04_C0_Ridge,3.3023108427610746
fold_state_stratified,4,AGC_059,4.41,B04_C0_Ridge,4.051257444141606
fold_state_stratified,4,AGC_060,4.52,B04_C0_Ridge,4.743544151911328
fold_state_stratified,4,AGC_062,3.81,B04_C0_Ridge,4.26075869649032
fold_state_stratified,4,AGC_064,4.51,B04_C0_Ridge,4.530910919952985
fold_state_stratified,4,AGC_066,3.0,B04_C0_Ridge,3.2717458386954053
fold_state_stratified,4,AGC_067,3.0,B04_C0_Ridge,3.6191146162998358
fold_state_stratified,4,AGC_068,2.5,B04_C0_Ridge,3.2568666390181162
fold_state_stratified,4,AGC_069,5.46,B04_C0_Ridge,4.917329347729662
fold_state_stratified,4,AGC_070,3.3,B04_C0_Ridge,3.3961801106492704
fold_state_stratified,4,AGC_072,4.55,B04_C0_Ridge,4.401152987407405
fold_state_stratified,4,AGC_073,4.3,B04_C0_Ridge,4.051456133764565
fold_state_stratified,4,AGC_074,2.5,B04_C0_Ridge,3.1307546158029886
fold_state_stratified,4,AGC_077,4.76,B04_C0_Ridge,4.270736404753141
fold_state_stratified,4,AGC_078,3.0,B04_C0_Ridge,3.219000543599625
fold_state_stratified,4,AGC_079,3.3,B04_C0_Ridge,3.0733221991307778
fold_state_stratified,4,AGC_083,4.61,B04_C0_Ridge,4.2853684686905495
fold_state_stratified,4,AGC_084,4.54,B04_C0_Ridge,4.724320039661195
fold_state_stratified,4,AGC_089,3.0,B04_C0_Ridge,3.4206906776889747
fold_state_stratified,4,AGC_090,4.68,B04_C0_Ridge,4.422351658911144
fold_state_stratified,4,AGC_092,4.57,B04_C0_Ridge,4.4035894632425485
fold_state_stratified,4,AGC_096,4.59,B04_C0_Ridge,4.243201445491668
fold_state_stratified,4,AGC_097,4.69,B04_C0_Ridge,4.450728818302174
fold_state_stratified,4,AGC_098,3.0,B04_C0_Ridge,3.3949474474240033
fold_state_stratified,4,AGC_100,4.5,B04_C0_Ridge,4.238269878597518
fold_state_stratified,4,AGC_101,4.57,B04_C0_Ridge,4.2152431847830005
fold_state_stratified,4,AGC_102,4.4,B04_C0_Ridge,4.4790055360571825
fold_state_stratified,4,AGC_103,3.0,B04_C0_Ridge,2.4059797689234514
fold_state_stratified,4,AGC_105,4.41,B04_C0_Ridge,4.278067296024574
fold_state_stratified,4,AGC_106,4.43,B04_C0_Ridge,4.176969786210562
fold_state_stratified,4,AGC_108,4.51,B04_C0_Ridge,4.883309064762889
fold_state_stratified,4,AGC_110,4.18,B04_C0_Ridge,4.375593184326709
fold_state_stratified,4,AGC_111,4.72,B04_C0_Ridge,4.331884855163604
fold_state_stratified,4,AGC_112,3.0,B04_C0_Ridge,3.0525985456526157
fold_state_stratified,4,AGC_114,3.0,B04_C0_Ridge,3.1689023254186552
fold_state_stratified,4,AGC_117,3.5,B04_C0_Ridge,3.5299998262447234
fold_state_stratified,4,AGC_119,4.4,B04_C0_Ridge,4.576763950362561
fold_state_stratified,4,AGC_121,3.3,B04_C0_Ridge,3.105433075616558
fold_state_stratified,4,AGC_123,2.5,B04_C0_Ridge,2.893242455991677
fold_state_stratified,4,AGC_124,5.05,B04_C0_Ridge,4.791199379628008
fold_state_stratified,4,AGC_125,4.06,B04_C0_Ridge,4.401692793768899
fold_state_stratified,4,AGC_127,5.57,B04_C0_Ridge,5.110935443417432
fold_state_stratified,4,AGC_131,4.89,B04_C0_Ridge,4.607193810991755
fold_state_stratified,4,AGC_133,3.91,B04_C0_Ridge,4.235496706146257
fold_state_stratified,4,AGC_134,4.52,B04_C0_Ridge,4.137512672119737
fold_state_stratified,4,AGC_135,4.49,B04_C0_Ridge,4.364254797926885
fold_state_stratified,4,AGC_137,4.54,B04_C0_Ridge,4.57415913102818
fold_state_stratified,4,AGC_138,2.5,B04_C0_Ridge,3.480787537571206
fold_state_stratified,4,AGC_139,4.67,B04_C0_Ridge,4.165902629016795
fold_state_stratified,4,AGC_141,3.5,B04_C0_Ridge,3.117355157514422
fold_state_stratified,4,AGC_145,3.5,B04_C0_Ridge,3.0878649158730482
fold_state_stratified,4,AGC_146,4.58,B04_C0_Ridge,4.553380062172725
fold_state_stratified,4,AGC_150,4.52,B04_C0_Ridge,4.297128137405843
fold_state_stratified,4,AGC_151,4.69,B04_C0_Ridge,5.204443346041338
fold_state_stratified,4,AGC_155,4.52,B04_C0_Ridge,4.789505490847717
fold_state_stratified,4,AGC_157,3.0,B04_C0_Ridge,3.2079361388102696
fold_state_stratified,4,AGC_159,4.77,B04_C0_Ridge,4.302099552661463
fold_state_stratified,4,AGC_160,3.62,B04_C0_Ridge,4.875181994306847
fold_state_stratified,4,AGC_161,4.46,B04_C0_Ridge,4.407648172395525
fold_state_stratified,4,AGC_162,5.59,B04_C0_Ridge,4.559608770105252
fold_state_stratified,4,AGC_163,3.0,B04_C0_Ridge,3.0292931387944826
fold_state_stratified,4,AGC_164,3.0,B04_C0_Ridge,3.298006123059848
fold_state_stratified,4,AGC_165,4.44,B04_C0_Ridge,4.569897418491373
fold_state_stratified,4,AGC_166,2.5,B04_C0_Ridge,3.74464481413975
fold_state_stratified,4,AGC_167,4.54,B04_C0_Ridge,4.435768198464784
fold_state_stratified,4,AGC_169,2.5,B04_C0_Ridge,2.8561753878935563
fold_state_stratified,4,AGC_179,4.55,B04_C0_Ridge,4.435421446487025
fold_state_stratified,4,AGC_180,4.14,B04_C0_Ridge,3.995684316641197
fold_state_stratified,4,AGC_184,4.47,B04_C0_Ridge,4.269305286782358
fold_state_stratified,4,AGC_185,5.01,B04_C0_Ridge,4.622480114081813
fold_state_stratified,4,AGC_187,3.0,B04_C0_Ridge,3.4057604924129756
fold_state_stratified,4,AGC_189,4.03,B04_C0_Ridge,4.3663243264318226
fold_state_stratified,4,AGC_193,4.57,B04_C0_Ridge,4.174405179222804
fold_state_stratified,4,AGC_194,3.2,B04_C0_Ridge,3.6935808041451033
fold_state_stratified,4,AGC_195,3.68,B04_C0_Ridge,4.034307763132424
fold_state_stratified,4,AGC_196,3.5,B04_C0_Ridge,3.5547262156061707
fold_state_stratified,4,AGC_197,4.52,B04_C0_Ridge,4.471820737712694
fold_state_stratified,4,AGC_001,3.5,B05_C3_PLS,2.351006437783537
fold_state_stratified,4,AGC_002,4.63,B05_C3_PLS,4.533564726920932
fold_state_stratified,4,AGC_004,3.0,B05_C3_PLS,3.3440439630004604
fold_state_stratified,4,AGC_005,5.16,B05_C3_PLS,4.824609170344184
fold_state_stratified,4,AGC_006,4.49,B05_C3_PLS,4.12086622230172
fold_state_stratified,4,AGC_008,4.55,B05_C3_PLS,4.341589465691278
fold_state_stratified,4,AGC_009,4.79,B05_C3_PLS,4.228834646715571
fold_state_stratified,4,AGC_010,4.1,B05_C3_PLS,4.221545946326073
fold_state_stratified,4,AGC_013,4.01,B05_C3_PLS,4.508273811541899
fold_state_stratified,4,AGC_014,4.83,B05_C3_PLS,4.612458610148355
fold_state_stratified,4,AGC_015,2.64,B05_C3_PLS,4.7563269350788735
fold_state_stratified,4,AGC_017,4.98,B05_C3_PLS,4.750799279583063
fold_state_stratified,4,AGC_018,4.49,B05_C3_PLS,4.79499355867924
fold_state_stratified,4,AGC_020,3.5,B05_C3_PLS,2.757412819572046
fold_state_stratified,4,AGC_021,4.94,B05_C3_PLS,4.5323146524853435
fold_state_stratified,4,AGC_023,3.0,B05_C3_PLS,3.423241692825036
fold_state_stratified,4,AGC_024,3.03,B05_C3_PLS,4.289455621995333
fold_state_stratified,4,AGC_032,4.03,B05_C3_PLS,4.264106778763154
fold_state_stratified,4,AGC_033,4.47,B05_C3_PLS,4.429804947324211
fold_state_stratified,4,AGC_034,2.0,B05_C3_PLS,3.471654349201023
fold_state_stratified,4,AGC_035,4.68,B05_C3_PLS,4.140958070963124
fold_state_stratified,4,AGC_037,3.5,B05_C3_PLS,3.269827640488255
fold_state_stratified,4,AGC_038,3.3,B05_C3_PLS,3.581357711242811
fold_state_stratified,4,AGC_040,3.0,B05_C3_PLS,3.1278217199536273
fold_state_stratified,4,AGC_044,3.5,B05_C3_PLS,2.8164578194003935
fold_state_stratified,4,AGC_045,4.1,B05_C3_PLS,4.700112407294675
fold_state_stratified,4,AGC_046,3.0,B05_C3_PLS,2.752421688263405
fold_state_stratified,4,AGC_047,4.45,B05_C3_PLS,3.8711568781863472
fold_state_stratified,4,AGC_049,5.53,B05_C3_PLS,4.905933129093657
fold_state_stratified,4,AGC_051,4.45,B05_C3_PLS,4.017312413871597
fold_state_stratified,4,AGC_053,3.5,B05_C3_PLS,3.4088809439969587
fold_state_stratified,4,AGC_054,2.5,B05_C3_PLS,2.9763591446250257
fold_state_stratified,4,AGC_055,5.45,B05_C3_PLS,4.790790611325861
fold_state_stratified,4,AGC_057,4.55,B05_C3_PLS,4.604488800815359
fold_state_stratified,4,AGC_058,2.5,B05_C3_PLS,3.2650843470150903
fold_state_stratified,4,AGC_059,4.41,B05_C3_PLS,4.099640204491267
fold_state_stratified,4,AGC_060,4.52,B05_C3_PLS,4.6708252206008
fold_state_stratified,4,AGC_062,3.81,B05_C3_PLS,4.253201466568723
fold_state_stratified,4,AGC_064,4.51,B05_C3_PLS,4.413721209664673
fold_state_stratified,4,AGC_066,3.0,B05_C3_PLS,3.1531118819612587
fold_state_stratified,4,AGC_067,3.0,B05_C3_PLS,3.8678162348890313
fold_state_stratified,4,AGC_068,2.5,B05_C3_PLS,3.2840934948377902
fold_state_stratified,4,AGC_069,5.46,B05_C3_PLS,4.976385912880827
fold_state_stratified,4,AGC_070,3.3,B05_C3_PLS,3.4281670463750062
fold_state_stratified,4,AGC_072,4.55,B05_C3_PLS,4.402518653306874
fold_state_stratified,4,AGC_073,4.3,B05_C3_PLS,3.985014191936855
fold_state_stratified,4,AGC_074,2.5,B05_C3_PLS,2.760734549191575
fold_state_stratified,4,AGC_077,4.76,B05_C3_PLS,4.29866552770887
fold_state_stratified,4,AGC_078,3.0,B05_C3_PLS,2.9576098496795895
fold_state_stratified,4,AGC_079,3.3,B05_C3_PLS,2.8684317009887783
fold_state_stratified,4,AGC_083,4.61,B05_C3_PLS,4.287602143552069
fold_state_stratified,4,AGC_084,4.54,B05_C3_PLS,4.629958837721929
fold_state_stratified,4,AGC_089,3.0,B05_C3_PLS,3.316831992622169
fold_state_stratified,4,AGC_090,4.68,B05_C3_PLS,4.512512830880638
fold_state_stratified,4,AGC_092,4.57,B05_C3_PLS,4.292083156604791
fold_state_stratified,4,AGC_096,4.59,B05_C3_PLS,4.252438094131946
fold_state_stratified,4,AGC_097,4.69,B05_C3_PLS,4.4216354117695715
fold_state_stratified,4,AGC_098,3.0,B05_C3_PLS,2.9521240024335293
fold_state_stratified,4,AGC_100,4.5,B05_C3_PLS,4.384654985010676
fold_state_stratified,4,AGC_101,4.57,B05_C3_PLS,4.320366380911037
fold_state_stratified,4,AGC_102,4.4,B05_C3_PLS,4.491306062976734
fold_state_stratified,4,AGC_103,3.0,B05_C3_PLS,2.3612885148556737
fold_state_stratified,4,AGC_105,4.41,B05_C3_PLS,4.562234446998769
fold_state_stratified,4,AGC_106,4.43,B05_C3_PLS,4.279681729452053
fold_state_stratified,4,AGC_108,4.51,B05_C3_PLS,4.890460037663628
fold_state_stratified,4,AGC_110,4.18,B05_C3_PLS,4.425390432190905
fold_state_stratified,4,AGC_111,4.72,B05_C3_PLS,4.345038384661513
fold_state_stratified,4,AGC_112,3.0,B05_C3_PLS,3.0781665834193186
fold_state_stratified,4,AGC_114,3.0,B05_C3_PLS,2.9509572793614973
fold_state_stratified,4,AGC_117,3.5,B05_C3_PLS,3.6390932403229863
fold_state_stratified,4,AGC_119,4.4,B05_C3_PLS,4.603845863743741
fold_state_stratified,4,AGC_121,3.3,B05_C3_PLS,3.1439677868437435
fold_state_stratified,4,AGC_123,2.5,B05_C3_PLS,2.4981332183222347
fold_state_stratified,4,AGC_124,5.05,B05_C3_PLS,4.781726088661588
fold_state_stratified,4,AGC_125,4.06,B05_C3_PLS,4.4021444843644355
fold_state_stratified,4,AGC_127,5.57,B05_C3_PLS,4.920998590915484
fold_state_stratified,4,AGC_131,4.89,B05_C3_PLS,4.7744881073304954
fold_state_stratified,4,AGC_133,3.91,B05_C3_PLS,4.279371893826672
fold_state_stratified,4,AGC_134,4.52,B05_C3_PLS,4.0193705393436145
fold_state_stratified,4,AGC_135,4.49,B05_C3_PLS,4.235313407957568
fold_state_stratified,4,AGC_137,4.54,B05_C3_PLS,4.453086927604102
fold_state_stratified,4,AGC_138,2.5,B05_C3_PLS,3.4421270965922113
fold_state_stratified,4,AGC_139,4.67,B05_C3_PLS,4.243490101656366
fold_state_stratified,4,AGC_141,3.5,B05_C3_PLS,3.045170631624905
fold_state_stratified,4,AGC_145,3.5,B05_C3_PLS,2.566926658242825
fold_state_stratified,4,AGC_146,4.58,B05_C3_PLS,4.737316123203323
fold_state_stratified,4,AGC_150,4.52,B05_C3_PLS,4.5309719041811904
fold_state_stratified,4,AGC_151,4.69,B05_C3_PLS,5.090666816154529
fold_state_stratified,4,AGC_155,4.52,B05_C3_PLS,4.794902984302625
fold_state_stratified,4,AGC_157,3.0,B05_C3_PLS,3.1274432708621704
fold_state_stratified,4,AGC_159,4.77,B05_C3_PLS,4.618846865343716
fold_state_stratified,4,AGC_160,3.62,B05_C3_PLS,4.819394831627072
fold_state_stratified,4,AGC_161,4.46,B05_C3_PLS,4.4780330489494915
fold_state_stratified,4,AGC_162,5.59,B05_C3_PLS,4.395785059501324
fold_state_stratified,4,AGC_163,3.0,B05_C3_PLS,3.000687440088049
fold_state_stratified,4,AGC_164,3.0,B05_C3_PLS,3.199080668791222
fold_state_stratified,4,AGC_165,4.44,B05_C3_PLS,4.405330240871899
fold_state_stratified,4,AGC_166,2.5,B05_C3_PLS,3.716160810218548
fold_state_stratified,4,AGC_167,4.54,B05_C3_PLS,4.56446250599853
fold_state_stratified,4,AGC_169,2.5,B05_C3_PLS,2.9203309189980273
fold_state_stratified,4,AGC_179,4.55,B05_C3_PLS,4.385984585129024
fold_state_stratified,4,AGC_180,4.14,B05_C3_PLS,3.8719331802152834
fold_state_stratified,4,AGC_184,4.47,B05_C3_PLS,4.447838967953405
fold_state_stratified,4,AGC_185,5.01,B05_C3_PLS,4.509876918967973
fold_state_stratified,4,AGC_187,3.0,B05_C3_PLS,3.3488471373540643
fold_state_stratified,4,AGC_189,4.03,B05_C3_PLS,4.368441318497479
fold_state_stratified,4,AGC_193,4.57,B05_C3_PLS,4.3486033649670865
fold_state_stratified,4,AGC_194,3.2,B05_C3_PLS,3.5882445806971104
fold_state_stratified,4,AGC_195,3.68,B05_C3_PLS,4.094171475480696
fold_state_stratified,4,AGC_196,3.5,B05_C3_PLS,3.504340369762933
fold_state_stratified,4,AGC_197,4.52,B05_C3_PLS,4.443241266528867
fold_state_stratified,4,AGC_001,3.5,B06_C2_PLS,2.383662197212467
fold_state_stratified,4,AGC_002,4.63,B06_C2_PLS,4.474499021225825
fold_state_stratified,4,AGC_004,3.0,B06_C2_PLS,3.016972035725885
fold_state_stratified,4,AGC_005,5.16,B06_C2_PLS,4.781183794514847
fold_state_stratified,4,AGC_006,4.49,B06_C2_PLS,4.099732582392239
fold_state_stratified,4,AGC_008,4.55,B06_C2_PLS,4.351497368446217
fold_state_stratified,4,AGC_009,4.79,B06_C2_PLS,4.220590280176266
fold_state_stratified,4,AGC_010,4.1,B06_C2_PLS,3.9310029443661985
fold_state_stratified,4,AGC_013,4.01,B06_C2_PLS,4.814447646024519
fold_state_stratified,4,AGC_014,4.83,B06_C2_PLS,4.66721545046773
fold_state_stratified,4,AGC_015,2.64,B06_C2_PLS,4.976926862140688
fold_state_stratified,4,AGC_017,4.98,B06_C2_PLS,4.846636584815891
fold_state_stratified,4,AGC_018,4.49,B06_C2_PLS,4.480647367771819
fold_state_stratified,4,AGC_020,3.5,B06_C2_PLS,2.6447838726093895
fold_state_stratified,4,AGC_021,4.94,B06_C2_PLS,4.387235619570897
fold_state_stratified,4,AGC_023,3.0,B06_C2_PLS,3.409374273535578
fold_state_stratified,4,AGC_024,3.03,B06_C2_PLS,4.335741898165158
fold_state_stratified,4,AGC_032,4.03,B06_C2_PLS,4.104832573770484
fold_state_stratified,4,AGC_033,4.47,B06_C2_PLS,4.414319013553373
fold_state_stratified,4,AGC_034,2.0,B06_C2_PLS,3.521416191165227
fold_state_stratified,4,AGC_035,4.68,B06_C2_PLS,4.121210948069849
fold_state_stratified,4,AGC_037,3.5,B06_C2_PLS,3.2713937308592946
fold_state_stratified,4,AGC_038,3.3,B06_C2_PLS,3.6481581983236344
fold_state_stratified,4,AGC_040,3.0,B06_C2_PLS,3.143960855274622
fold_state_stratified,4,AGC_044,3.5,B06_C2_PLS,2.779290368472157
fold_state_stratified,4,AGC_045,4.1,B06_C2_PLS,4.553184839020645
fold_state_stratified,4,AGC_046,3.0,B06_C2_PLS,2.738067624111344
fold_state_stratified,4,AGC_047,4.45,B06_C2_PLS,3.8573463789756315
fold_state_stratified,4,AGC_049,5.53,B06_C2_PLS,4.883130550566209
fold_state_stratified,4,AGC_051,4.45,B06_C2_PLS,3.8269577352311996
fold_state_stratified,4,AGC_053,3.5,B06_C2_PLS,3.231768603352301
fold_state_stratified,4,AGC_054,2.5,B06_C2_PLS,2.83540993858995
fold_state_stratified,4,AGC_055,5.45,B06_C2_PLS,4.83976179439032
fold_state_stratified,4,AGC_057,4.55,B06_C2_PLS,4.5785117407106615
fold_state_stratified,4,AGC_058,2.5,B06_C2_PLS,3.273716019312543
fold_state_stratified,4,AGC_059,4.41,B06_C2_PLS,4.114986040339897
fold_state_stratified,4,AGC_060,4.52,B06_C2_PLS,4.793696886252187
fold_state_stratified,4,AGC_062,3.81,B06_C2_PLS,4.244964488355942
fold_state_stratified,4,AGC_064,4.51,B06_C2_PLS,4.411404104375743
fold_state_stratified,4,AGC_066,3.0,B06_C2_PLS,3.1421237923213123
fold_state_stratified,4,AGC_067,3.0,B06_C2_PLS,3.190964027246597
fold_state_stratified,4,AGC_068,2.5,B06_C2_PLS,3.0889911400111303
fold_state_stratified,4,AGC_069,5.46,B06_C2_PLS,5.0273623494937745
fold_state_stratified,4,AGC_070,3.3,B06_C2_PLS,3.123697815374815
fold_state_stratified,4,AGC_072,4.55,B06_C2_PLS,4.630079689660177
fold_state_stratified,4,AGC_073,4.3,B06_C2_PLS,4.010516097490277
fold_state_stratified,4,AGC_074,2.5,B06_C2_PLS,2.827711178903992
fold_state_stratified,4,AGC_077,4.76,B06_C2_PLS,4.369493990721325
fold_state_stratified,4,AGC_078,3.0,B06_C2_PLS,3.010084227135866
fold_state_stratified,4,AGC_079,3.3,B06_C2_PLS,2.8799999297432146
fold_state_stratified,4,AGC_083,4.61,B06_C2_PLS,4.131793529282786
fold_state_stratified,4,AGC_084,4.54,B06_C2_PLS,4.577301374692535
fold_state_stratified,4,AGC_089,3.0,B06_C2_PLS,3.1306997025100327
fold_state_stratified,4,AGC_090,4.68,B06_C2_PLS,4.56880854880106
fold_state_stratified,4,AGC_092,4.57,B06_C2_PLS,4.661859598765177
fold_state_stratified,4,AGC_096,4.59,B06_C2_PLS,4.221455511899198
fold_state_stratified,4,AGC_097,4.69,B06_C2_PLS,4.280661288605803
fold_state_stratified,4,AGC_098,3.0,B06_C2_PLS,2.975716957715956
fold_state_stratified,4,AGC_100,4.5,B06_C2_PLS,4.41183323662922
fold_state_stratified,4,AGC_101,4.57,B06_C2_PLS,4.292525114274819
fold_state_stratified,4,AGC_102,4.4,B06_C2_PLS,4.476175280611403
fold_state_stratified,4,AGC_103,3.0,B06_C2_PLS,2.2772825075069028
fold_state_stratified,4,AGC_105,4.41,B06_C2_PLS,4.55251036687957
fold_state_stratified,4,AGC_106,4.43,B06_C2_PLS,4.086712370494498
fold_state_stratified,4,AGC_108,4.51,B06_C2_PLS,4.862768310385612
fold_state_stratified,4,AGC_110,4.18,B06_C2_PLS,4.421294776725291
fold_state_stratified,4,AGC_111,4.72,B06_C2_PLS,4.29822375849905
fold_state_stratified,4,AGC_112,3.0,B06_C2_PLS,3.1457953537150205
fold_state_stratified,4,AGC_114,3.0,B06_C2_PLS,3.1029698726458452
fold_state_stratified,4,AGC_117,3.5,B06_C2_PLS,3.2688459107016836
fold_state_stratified,4,AGC_119,4.4,B06_C2_PLS,4.632407597345898
fold_state_stratified,4,AGC_121,3.3,B06_C2_PLS,2.824183481066902
fold_state_stratified,4,AGC_123,2.5,B06_C2_PLS,2.5259767379410714
fold_state_stratified,4,AGC_124,5.05,B06_C2_PLS,5.014021458955381
fold_state_stratified,4,AGC_125,4.06,B06_C2_PLS,4.412669038892985
fold_state_stratified,4,AGC_127,5.57,B06_C2_PLS,5.0000380735586125
fold_state_stratified,4,AGC_131,4.89,B06_C2_PLS,4.7029211721820765
fold_state_stratified,4,AGC_133,3.91,B06_C2_PLS,4.2785517638806745
fold_state_stratified,4,AGC_134,4.52,B06_C2_PLS,3.999247607558686
fold_state_stratified,4,AGC_135,4.49,B06_C2_PLS,4.4916382739761165
fold_state_stratified,4,AGC_137,4.54,B06_C2_PLS,4.518655464439365
fold_state_stratified,4,AGC_138,2.5,B06_C2_PLS,3.523564520134179
fold_state_stratified,4,AGC_139,4.67,B06_C2_PLS,4.241316720925981
fold_state_stratified,4,AGC_141,3.5,B06_C2_PLS,3.0036935303183983
fold_state_stratified,4,AGC_145,3.5,B06_C2_PLS,2.5557075957636908
fold_state_stratified,4,AGC_146,4.58,B06_C2_PLS,4.285718851821933
fold_state_stratified,4,AGC_150,4.52,B06_C2_PLS,4.499267204206717
fold_state_stratified,4,AGC_151,4.69,B06_C2_PLS,5.084137927942516
fold_state_stratified,4,AGC_155,4.52,B06_C2_PLS,5.077579612793822
fold_state_stratified,4,AGC_157,3.0,B06_C2_PLS,3.0848503903948
fold_state_stratified,4,AGC_159,4.77,B06_C2_PLS,4.503565408587566
fold_state_stratified,4,AGC_160,3.62,B06_C2_PLS,4.724480873749289
fold_state_stratified,4,AGC_161,4.46,B06_C2_PLS,4.494872487599354
fold_state_stratified,4,AGC_162,5.59,B06_C2_PLS,4.352894220589235
fold_state_stratified,4,AGC_163,3.0,B06_C2_PLS,3.0367030746481953
fold_state_stratified,4,AGC_164,3.0,B06_C2_PLS,3.2118841237967546
fold_state_stratified,4,AGC_165,4.44,B06_C2_PLS,4.363428643012529
fold_state_stratified,4,AGC_166,2.5,B06_C2_PLS,3.2063501238234826
fold_state_stratified,4,AGC_167,4.54,B06_C2_PLS,4.578234387070396
fold_state_stratified,4,AGC_169,2.5,B06_C2_PLS,2.908320682210254
fold_state_stratified,4,AGC_179,4.55,B06_C2_PLS,4.312871243289039
fold_state_stratified,4,AGC_180,4.14,B06_C2_PLS,3.8653213319741844
fold_state_stratified,4,AGC_184,4.47,B06_C2_PLS,4.509264828191102
fold_state_stratified,4,AGC_185,5.01,B06_C2_PLS,4.617302190761302
fold_state_stratified,4,AGC_187,3.0,B06_C2_PLS,3.3497600650627497
fold_state_stratified,4,AGC_189,4.03,B06_C2_PLS,4.249816152492133
fold_state_stratified,4,AGC_193,4.57,B06_C2_PLS,4.355789463449153
fold_state_stratified,4,AGC_194,3.2,B06_C2_PLS,3.6429565772839565
fold_state_stratified,4,AGC_195,3.68,B06_C2_PLS,4.125921944161042
fold_state_stratified,4,AGC_196,3.5,B06_C2_PLS,3.44414260743076
fold_state_stratified,4,AGC_197,4.52,B06_C2_PLS,4.425015823730001
fold_state_stratified,4,AGC_001,3.5,B07_C1_ExtraTrees,2.869812499999996
fold_state_stratified,4,AGC_002,4.63,B07_C1_ExtraTrees,4.320620833333334
fold_state_stratified,4,AGC_004,3.0,B07_C1_ExtraTrees,2.9758768452380924
fold_state_stratified,4,AGC_005,5.16,B07_C1_ExtraTrees,4.5224625
fold_state_stratified,4,AGC_006,4.49,B07_C1_ExtraTrees,4.233362499999998
fold_state_stratified,4,AGC_008,4.55,B07_C1_ExtraTrees,4.5477624999999975
fold_state_stratified,4,AGC_009,4.79,B07_C1_ExtraTrees,4.343816666666663
fold_state_stratified,4,AGC_010,4.1,B07_C1_ExtraTrees,4.348132202380948
fold_state_stratified,4,AGC_013,4.01,B07_C1_ExtraTrees,4.530704784798533
fold_state_stratified,4,AGC_014,4.83,B07_C1_ExtraTrees,4.343479166666665
fold_state_stratified,4,AGC_015,2.64,B07_C1_ExtraTrees,4.712981570512817
fold_state_stratified,4,AGC_017,4.98,B07_C1_ExtraTrees,4.6547947847985345
fold_state_stratified,4,AGC_018,4.49,B07_C1_ExtraTrees,4.532857321428572
fold_state_stratified,4,AGC_020,3.5,B07_C1_ExtraTrees,3.2630416666666684
fold_state_stratified,4,AGC_021,4.94,B07_C1_ExtraTrees,4.647189583333332
fold_state_stratified,4,AGC_023,3.0,B07_C1_ExtraTrees,3.0644750000000003
fold_state_stratified,4,AGC_024,3.03,B07_C1_ExtraTrees,4.511062500000001
fold_state_stratified,4,AGC_032,4.03,B07_C1_ExtraTrees,4.263295000000002
fold_state_stratified,4,AGC_033,4.47,B07_C1_ExtraTrees,4.690218749999997
fold_state_stratified,4,AGC_034,2.0,B07_C1_ExtraTrees,3.1872374999999895
fold_state_stratified,4,AGC_035,4.68,B07_C1_ExtraTrees,3.930450000000001
fold_state_stratified,4,AGC_037,3.5,B07_C1_ExtraTrees,2.7098750000000007
fold_state_stratified,4,AGC_038,3.3,B07_C1_ExtraTrees,3.2673999999999874
fold_state_stratified,4,AGC_040,3.0,B07_C1_ExtraTrees,3.101116666666668
fold_state_stratified,4,AGC_044,3.5,B07_C1_ExtraTrees,3.1505500000000013
fold_state_stratified,4,AGC_045,4.1,B07_C1_ExtraTrees,4.476600238095235
fold_state_stratified,4,AGC_046,3.0,B07_C1_ExtraTrees,2.9555499999999983
fold_state_stratified,4,AGC_047,4.45,B07_C1_ExtraTrees,4.276058333333329
fold_state_stratified,4,AGC_049,5.53,B07_C1_ExtraTrees,4.777102083333333
fold_state_stratified,4,AGC_051,4.45,B07_C1_ExtraTrees,4.204530416666667
fold_state_stratified,4,AGC_053,3.5,B07_C1_ExtraTrees,3.056410833333332
fold_state_stratified,4,AGC_054,2.5,B07_C1_ExtraTrees,3.0580704166666677
fold_state_stratified,4,AGC_055,5.45,B07_C1_ExtraTrees,4.6292041666666695
fold_state_stratified,4,AGC_057,4.55,B07_C1_ExtraTrees,4.7806624999999965
fold_state_stratified,4,AGC_058,2.5,B07_C1_ExtraTrees,3.0881018452380955
fold_state_stratified,4,AGC_059,4.41,B07_C1_ExtraTrees,4.289146249999997
fold_state_stratified,4,AGC_060,4.52,B07_C1_ExtraTrees,4.764300714285719
fold_state_stratified,4,AGC_062,3.81,B07_C1_ExtraTrees,4.205391666666674
fold_state_stratified,4,AGC_064,4.51,B07_C1_ExtraTrees,4.352995833333331
fold_state_stratified,4,AGC_066,3.0,B07_C1_ExtraTrees,3.2990166666666676
fold_state_stratified,4,AGC_067,3.0,B07_C1_ExtraTrees,3.5989183928571493
fold_state_stratified,4,AGC_068,2.5,B07_C1_ExtraTrees,2.941223928571428
fold_state_stratified,4,AGC_069,5.46,B07_C1_ExtraTrees,4.704076964285714
fold_state_stratified,4,AGC_070,3.3,B07_C1_ExtraTrees,3.278474345238104
fold_state_stratified,4,AGC_072,4.55,B07_C1_ExtraTrees,4.554568118131866
fold_state_stratified,4,AGC_073,4.3,B07_C1_ExtraTrees,4.206631249999994
fold_state_stratified,4,AGC_074,2.5,B07_C1_ExtraTrees,3.138916666666666
fold_state_stratified,4,AGC_077,4.76,B07_C1_ExtraTrees,4.541427916666666
fold_state_stratified,4,AGC_078,3.0,B07_C1_ExtraTrees,3.196674999999989
fold_state_stratified,4,AGC_079,3.3,B07_C1_ExtraTrees,3.0893083333333275
fold_state_stratified,4,AGC_083,4.61,B07_C1_ExtraTrees,4.214267916666668
fold_state_stratified,4,AGC_084,4.54,B07_C1_ExtraTrees,4.29179166666667
fold_state_stratified,4,AGC_089,3.0,B07_C1_ExtraTrees,3.4048620833333363
fold_state_stratified,4,AGC_090,4.68,B07_C1_ExtraTrees,4.385983333333334
fold_state_stratified,4,AGC_092,4.57,B07_C1_ExtraTrees,4.635758653846154
fold_state_stratified,4,AGC_096,4.59,B07_C1_ExtraTrees,4.349356369047623
fold_state_stratified,4,AGC_097,4.69,B07_C1_ExtraTrees,4.603612500000005
fold_state_stratified,4,AGC_098,3.0,B07_C1_ExtraTrees,3.1607416666666666
fold_state_stratified,4,AGC_100,4.5,B07_C1_ExtraTrees,4.5432
fold_state_stratified,4,AGC_101,4.57,B07_C1_ExtraTrees,4.4262833333333305
fold_state_stratified,4,AGC_102,4.4,B07_C1_ExtraTrees,4.494004166666661
fold_state_stratified,4,AGC_103,3.0,B07_C1_ExtraTrees,3.0530875
fold_state_stratified,4,AGC_105,4.41,B07_C1_ExtraTrees,4.406983333333338
fold_state_stratified,4,AGC_106,4.43,B07_C1_ExtraTrees,4.241870952380957
fold_state_stratified,4,AGC_108,4.51,B07_C1_ExtraTrees,4.836631250000003
fold_state_stratified,4,AGC_110,4.18,B07_C1_ExtraTrees,4.408929166666664
fold_state_stratified,4,AGC_111,4.72,B07_C1_ExtraTrees,4.445087500000005
fold_state_stratified,4,AGC_112,3.0,B07_C1_ExtraTrees,2.9273375000000006
fold_state_stratified,4,AGC_114,3.0,B07_C1_ExtraTrees,2.990115416666665
fold_state_stratified,4,AGC_117,3.5,B07_C1_ExtraTrees,3.0828133333333327
fold_state_stratified,4,AGC_119,4.4,B07_C1_ExtraTrees,4.539421666666668
fold_state_stratified,4,AGC_121,3.3,B07_C1_ExtraTrees,3.4507404166666698
fold_state_stratified,4,AGC_123,2.5,B07_C1_ExtraTrees,2.831908333333331
fold_state_stratified,4,AGC_124,5.05,B07_C1_ExtraTrees,4.669876904761907
fold_state_stratified,4,AGC_125,4.06,B07_C1_ExtraTrees,4.449847916666669
fold_state_stratified,4,AGC_127,5.57,B07_C1_ExtraTrees,4.71249583333333
fold_state_stratified,4,AGC_131,4.89,B07_C1_ExtraTrees,4.449495833333334
fold_state_stratified,4,AGC_133,3.91,B07_C1_ExtraTrees,4.261554166666672
fold_state_stratified,4,AGC_134,4.52,B07_C1_ExtraTrees,4.002829166666669
fold_state_stratified,4,AGC_135,4.49,B07_C1_ExtraTrees,4.700930320512822
fold_state_stratified,4,AGC_137,4.54,B07_C1_ExtraTrees,4.258645833333337
fold_state_stratified,4,AGC_138,2.5,B07_C1_ExtraTrees,3.1475208333333327
fold_state_stratified,4,AGC_139,4.67,B07_C1_ExtraTrees,4.233487500000004
fold_state_stratified,4,AGC_141,3.5,B07_C1_ExtraTrees,3.0291093452380964
fold_state_stratified,4,AGC_145,3.5,B07_C1_ExtraTrees,2.918145833333332
fold_state_stratified,4,AGC_146,4.58,B07_C1_ExtraTrees,4.481567738095234
fold_state_stratified,4,AGC_150,4.52,B07_C1_ExtraTrees,4.4977770833333315
fold_state_stratified,4,AGC_151,4.69,B07_C1_ExtraTrees,4.291687500000005
fold_state_stratified,4,AGC_155,4.52,B07_C1_ExtraTrees,4.717976034798534
fold_state_stratified,4,AGC_157,3.0,B07_C1_ExtraTrees,3.0047833333333336
fold_state_stratified,4,AGC_159,4.77,B07_C1_ExtraTrees,4.525220833333335
fold_state_stratified,4,AGC_160,3.62,B07_C1_ExtraTrees,4.567883333333334
fold_state_stratified,4,AGC_161,4.46,B07_C1_ExtraTrees,4.563933333333339
fold_state_stratified,4,AGC_162,5.59,B07_C1_ExtraTrees,4.499587499999998
fold_state_stratified,4,AGC_163,3.0,B07_C1_ExtraTrees,3.0490958333333333
fold_state_stratified,4,AGC_164,3.0,B07_C1_ExtraTrees,3.1434083333333325
fold_state_stratified,4,AGC_165,4.44,B07_C1_ExtraTrees,4.312887499999997
fold_state_stratified,4,AGC_166,2.5,B07_C1_ExtraTrees,3.7798120833333395
fold_state_stratified,4,AGC_167,4.54,B07_C1_ExtraTrees,4.406112500000003
fold_state_stratified,4,AGC_169,2.5,B07_C1_ExtraTrees,2.9138208333333324
fold_state_stratified,4,AGC_179,4.55,B07_C1_ExtraTrees,4.431204166666672
fold_state_stratified,4,AGC_180,4.14,B07_C1_ExtraTrees,4.026241666666671
fold_state_stratified,4,AGC_184,4.47,B07_C1_ExtraTrees,4.507279166666667
fold_state_stratified,4,AGC_185,5.01,B07_C1_ExtraTrees,4.367347916666663
fold_state_stratified,4,AGC_187,3.0,B07_C1_ExtraTrees,3.1014416666666667
fold_state_stratified,4,AGC_189,4.03,B07_C1_ExtraTrees,4.370721071428569
fold_state_stratified,4,AGC_193,4.57,B07_C1_ExtraTrees,4.34184791666666
fold_state_stratified,4,AGC_194,3.2,B07_C1_ExtraTrees,3.2866916666666555
fold_state_stratified,4,AGC_195,3.68,B07_C1_ExtraTrees,4.4180604166666635
fold_state_stratified,4,AGC_196,3.5,B07_C1_ExtraTrees,3.367670833333333
fold_state_stratified,4,AGC_197,4.52,B07_C1_ExtraTrees,4.44578958333332
fold_state_stratified,4,AGC_001,3.5,B08_C1_PLS,2.1249432904281225
fold_state_stratified,4,AGC_002,4.63,B08_C1_PLS,4.326105044022681
fold_state_stratified,4,AGC_004,3.0,B08_C1_PLS,3.3512912580548417
fold_state_stratified,4,AGC_005,5.16,B08_C1_PLS,4.783469890436002
fold_state_stratified,4,AGC_006,4.49,B08_C1_PLS,4.332126723453276
fold_state_stratified,4,AGC_008,4.55,B08_C1_PLS,4.411599766922712
fold_state_stratified,4,AGC_009,4.79,B08_C1_PLS,4.299765285256175
fold_state_stratified,4,AGC_010,4.1,B08_C1_PLS,4.4582054791925305
fold_state_stratified,4,AGC_013,4.01,B08_C1_PLS,4.588574824921317
fold_state_stratified,4,AGC_014,4.83,B08_C1_PLS,4.603121491250874
fold_state_stratified,4,AGC_015,2.64,B08_C1_PLS,4.679919013010777
fold_state_stratified,4,AGC_017,4.98,B08_C1_PLS,4.6755946812508
fold_state_stratified,4,AGC_018,4.49,B08_C1_PLS,4.668175615256726
fold_state_stratified,4,AGC_020,3.5,B08_C1_PLS,3.3737227712275297
fold_state_stratified,4,AGC_021,4.94,B08_C1_PLS,4.330502394667449
fold_state_stratified,4,AGC_023,3.0,B08_C1_PLS,3.3521549306192506
fold_state_stratified,4,AGC_024,3.03,B08_C1_PLS,4.188359245658521
fold_state_stratified,4,AGC_032,4.03,B08_C1_PLS,4.283505752755027
fold_state_stratified,4,AGC_033,4.47,B08_C1_PLS,4.970402956054659
fold_state_stratified,4,AGC_034,2.0,B08_C1_PLS,3.6894259256566486
fold_state_stratified,4,AGC_035,4.68,B08_C1_PLS,4.081650367587317
fold_state_stratified,4,AGC_037,3.5,B08_C1_PLS,3.2443497502999947
fold_state_stratified,4,AGC_038,3.3,B08_C1_PLS,3.77677512920561
fold_state_stratified,4,AGC_040,3.0,B08_C1_PLS,3.1688255867247364
fold_state_stratified,4,AGC_044,3.5,B08_C1_PLS,3.3959431052704394
fold_state_stratified,4,AGC_045,4.1,B08_C1_PLS,4.534343561852479
fold_state_stratified,4,AGC_046,3.0,B08_C1_PLS,2.745418631711753
fold_state_stratified,4,AGC_047,4.45,B08_C1_PLS,3.7475345179082913
fold_state_stratified,4,AGC_049,5.53,B08_C1_PLS,5.34064017421877
fold_state_stratified,4,AGC_051,4.45,B08_C1_PLS,4.195816873603589
fold_state_stratified,4,AGC_053,3.5,B08_C1_PLS,3.3503729992509363
fold_state_stratified,4,AGC_054,2.5,B08_C1_PLS,2.9789766544709675
fold_state_stratified,4,AGC_055,5.45,B08_C1_PLS,4.573483583882298
fold_state_stratified,4,AGC_057,4.55,B08_C1_PLS,4.760966023614548
fold_state_stratified,4,AGC_058,2.5,B08_C1_PLS,3.2524289766850183
fold_state_stratified,4,AGC_059,4.41,B08_C1_PLS,4.2591355926115995
fold_state_stratified,4,AGC_060,4.52,B08_C1_PLS,4.641870640478875
fold_state_stratified,4,AGC_062,3.81,B08_C1_PLS,4.443297964282605
fold_state_stratified,4,AGC_064,4.51,B08_C1_PLS,4.4184238556308735
fold_state_stratified,4,AGC_066,3.0,B08_C1_PLS,3.2951245106725677
fold_state_stratified,4,AGC_067,3.0,B08_C1_PLS,3.5710964789057638
fold_state_stratified,4,AGC_068,2.5,B08_C1_PLS,3.292082389894474
fold_state_stratified,4,AGC_069,5.46,B08_C1_PLS,4.683340944280486
fold_state_stratified,4,AGC_070,3.3,B08_C1_PLS,3.584529680984494
fold_state_stratified,4,AGC_072,4.55,B08_C1_PLS,4.591962525587649
fold_state_stratified,4,AGC_073,4.3,B08_C1_PLS,4.105136448256276
fold_state_stratified,4,AGC_074,2.5,B08_C1_PLS,2.609468737180313
fold_state_stratified,4,AGC_077,4.76,B08_C1_PLS,4.316505071229204
fold_state_stratified,4,AGC_078,3.0,B08_C1_PLS,3.093510615919529
fold_state_stratified,4,AGC_079,3.3,B08_C1_PLS,2.860273677429448
fold_state_stratified,4,AGC_083,4.61,B08_C1_PLS,4.059222235800735
fold_state_stratified,4,AGC_084,4.54,B08_C1_PLS,5.044692065203298
fold_state_stratified,4,AGC_089,3.0,B08_C1_PLS,3.408084230376007
fold_state_stratified,4,AGC_090,4.68,B08_C1_PLS,4.303761291747003
fold_state_stratified,4,AGC_092,4.57,B08_C1_PLS,4.359902531674261
fold_state_stratified,4,AGC_096,4.59,B08_C1_PLS,4.024949348475418
fold_state_stratified,4,AGC_097,4.69,B08_C1_PLS,4.524820501948683
fold_state_stratified,4,AGC_098,3.0,B08_C1_PLS,2.683336223031662
fold_state_stratified,4,AGC_100,4.5,B08_C1_PLS,4.495431172570933
fold_state_stratified,4,AGC_101,4.57,B08_C1_PLS,4.215002483429451
fold_state_stratified,4,AGC_102,4.4,B08_C1_PLS,4.205306196416492
fold_state_stratified,4,AGC_103,3.0,B08_C1_PLS,2.575660473735913
fold_state_stratified,4,AGC_105,4.41,B08_C1_PLS,4.632461071044741
fold_state_stratified,4,AGC_106,4.43,B08_C1_PLS,4.3849895704936515
fold_state_stratified,4,AGC_108,4.51,B08_C1_PLS,5.112665489632709
fold_state_stratified,4,AGC_110,4.18,B08_C1_PLS,4.737005454116734
fold_state_stratified,4,AGC_111,4.72,B08_C1_PLS,4.277523034756094
fold_state_stratified,4,AGC_112,3.0,B08_C1_PLS,2.9453744233164394
fold_state_stratified,4,AGC_114,3.0,B08_C1_PLS,2.903664050692526
fold_state_stratified,4,AGC_117,3.5,B08_C1_PLS,3.5101881391570453
fold_state_stratified,4,AGC_119,4.4,B08_C1_PLS,4.645117876779972
fold_state_stratified,4,AGC_121,3.3,B08_C1_PLS,3.343368614133982
fold_state_stratified,4,AGC_123,2.5,B08_C1_PLS,2.784814538066596
fold_state_stratified,4,AGC_124,5.05,B08_C1_PLS,4.716632587476653
fold_state_stratified,4,AGC_125,4.06,B08_C1_PLS,4.4712156255515225
fold_state_stratified,4,AGC_127,5.57,B08_C1_PLS,5.0900641117652805
fold_state_stratified,4,AGC_131,4.89,B08_C1_PLS,4.355239971480137
fold_state_stratified,4,AGC_133,3.91,B08_C1_PLS,4.084338923454803
fold_state_stratified,4,AGC_134,4.52,B08_C1_PLS,4.199971857881135
fold_state_stratified,4,AGC_135,4.49,B08_C1_PLS,4.309366870306203
fold_state_stratified,4,AGC_137,4.54,B08_C1_PLS,5.045860133541726
fold_state_stratified,4,AGC_138,2.5,B08_C1_PLS,3.5862735576773668
fold_state_stratified,4,AGC_139,4.67,B08_C1_PLS,4.366289170844692
fold_state_stratified,4,AGC_141,3.5,B08_C1_PLS,2.950761489955309
fold_state_stratified,4,AGC_145,3.5,B08_C1_PLS,2.8494931851105028
fold_state_stratified,4,AGC_146,4.58,B08_C1_PLS,4.584299024040727
fold_state_stratified,4,AGC_150,4.52,B08_C1_PLS,4.887840459331447
fold_state_stratified,4,AGC_151,4.69,B08_C1_PLS,5.2172988981047554
fold_state_stratified,4,AGC_155,4.52,B08_C1_PLS,4.6413901528635275
fold_state_stratified,4,AGC_157,3.0,B08_C1_PLS,2.9752506940125842
fold_state_stratified,4,AGC_159,4.77,B08_C1_PLS,4.519271647813894
fold_state_stratified,4,AGC_160,3.62,B08_C1_PLS,4.930430388062927
fold_state_stratified,4,AGC_161,4.46,B08_C1_PLS,4.717258233349019
fold_state_stratified,4,AGC_162,5.59,B08_C1_PLS,4.304380834120199
fold_state_stratified,4,AGC_163,3.0,B08_C1_PLS,2.742302431450321
fold_state_stratified,4,AGC_164,3.0,B08_C1_PLS,3.008256422559984
fold_state_stratified,4,AGC_165,4.44,B08_C1_PLS,4.473405500994192
fold_state_stratified,4,AGC_166,2.5,B08_C1_PLS,3.79449225045244
fold_state_stratified,4,AGC_167,4.54,B08_C1_PLS,4.684603512062265
fold_state_stratified,4,AGC_169,2.5,B08_C1_PLS,2.8379882066659
fold_state_stratified,4,AGC_179,4.55,B08_C1_PLS,4.584765051836714
fold_state_stratified,4,AGC_180,4.14,B08_C1_PLS,4.037440103286924
fold_state_stratified,4,AGC_184,4.47,B08_C1_PLS,4.433483260122521
fold_state_stratified,4,AGC_185,5.01,B08_C1_PLS,4.322335707791225
fold_state_stratified,4,AGC_187,3.0,B08_C1_PLS,3.25504883143841
fold_state_stratified,4,AGC_189,4.03,B08_C1_PLS,4.246802937141209
fold_state_stratified,4,AGC_193,4.57,B08_C1_PLS,4.066886874061668
fold_state_stratified,4,AGC_194,3.2,B08_C1_PLS,3.821358628300126
fold_state_stratified,4,AGC_195,3.68,B08_C1_PLS,4.326462593624589
fold_state_stratified,4,AGC_196,3.5,B08_C1_PLS,3.321788662432943
fold_state_stratified,4,AGC_197,4.52,B08_C1_PLS,4.272453256001166
fold_state_stratified,4,AGC_001,3.5,B09_C0_PCA_Ridge,2.7446594548000682
fold_state_stratified,4,AGC_002,4.63,B09_C0_PCA_Ridge,4.343216192996027
fold_state_stratified,4,AGC_004,3.0,B09_C0_PCA_Ridge,3.1986393875129893
fold_state_stratified,4,AGC_005,5.16,B09_C0_PCA_Ridge,4.563853196803851
fold_state_stratified,4,AGC_006,4.49,B09_C0_PCA_Ridge,4.221619228683004
fold_state_stratified,4,AGC_008,4.55,B09_C0_PCA_Ridge,4.248559622113391
fold_state_stratified,4,AGC_009,4.79,B09_C0_PCA_Ridge,4.158234283757335
fold_state_stratified,4,AGC_010,4.1,B09_C0_PCA_Ridge,4.281732529585503
fold_state_stratified,4,AGC_013,4.01,B09_C0_PCA_Ridge,4.861347418814944
fold_state_stratified,4,AGC_014,4.83,B09_C0_PCA_Ridge,4.346218926134482
fold_state_stratified,4,AGC_015,2.64,B09_C0_PCA_Ridge,4.7877189026873745
fold_state_stratified,4,AGC_017,4.98,B09_C0_PCA_Ridge,4.96925538603354
fold_state_stratified,4,AGC_018,4.49,B09_C0_PCA_Ridge,4.789994167555002
fold_state_stratified,4,AGC_020,3.5,B09_C0_PCA_Ridge,2.812983195936699
fold_state_stratified,4,AGC_021,4.94,B09_C0_PCA_Ridge,4.359070107977409
fold_state_stratified,4,AGC_023,3.0,B09_C0_PCA_Ridge,3.4599787347257647
fold_state_stratified,4,AGC_024,3.03,B09_C0_PCA_Ridge,4.18421359813717
fold_state_stratified,4,AGC_032,4.03,B09_C0_PCA_Ridge,4.391222414023965
fold_state_stratified,4,AGC_033,4.47,B09_C0_PCA_Ridge,4.433641943569946
fold_state_stratified,4,AGC_034,2.0,B09_C0_PCA_Ridge,3.544944722615661
fold_state_stratified,4,AGC_035,4.68,B09_C0_PCA_Ridge,4.039220164720712
fold_state_stratified,4,AGC_037,3.5,B09_C0_PCA_Ridge,3.194797989638784
fold_state_stratified,4,AGC_038,3.3,B09_C0_PCA_Ridge,3.7842724106368086
fold_state_stratified,4,AGC_040,3.0,B09_C0_PCA_Ridge,3.1685899142835656
fold_state_stratified,4,AGC_044,3.5,B09_C0_PCA_Ridge,2.7491490429474483
fold_state_stratified,4,AGC_045,4.1,B09_C0_PCA_Ridge,4.7578772550504
fold_state_stratified,4,AGC_046,3.0,B09_C0_PCA_Ridge,2.9069328755745314
fold_state_stratified,4,AGC_047,4.45,B09_C0_PCA_Ridge,3.7899862682121954
fold_state_stratified,4,AGC_049,5.53,B09_C0_PCA_Ridge,4.799385230323571
fold_state_stratified,4,AGC_051,4.45,B09_C0_PCA_Ridge,3.872920794455522
fold_state_stratified,4,AGC_053,3.5,B09_C0_PCA_Ridge,3.27554297377611
fold_state_stratified,4,AGC_054,2.5,B09_C0_PCA_Ridge,3.11449957158252
fold_state_stratified,4,AGC_055,5.45,B09_C0_PCA_Ridge,4.654232949834022
fold_state_stratified,4,AGC_057,4.55,B09_C0_PCA_Ridge,4.895270227209291
fold_state_stratified,4,AGC_058,2.5,B09_C0_PCA_Ridge,3.23082944074687
fold_state_stratified,4,AGC_059,4.41,B09_C0_PCA_Ridge,4.161590985577927
fold_state_stratified,4,AGC_060,4.52,B09_C0_PCA_Ridge,4.810738519038347
fold_state_stratified,4,AGC_062,3.81,B09_C0_PCA_Ridge,4.2526523248493735
fold_state_stratified,4,AGC_064,4.51,B09_C0_PCA_Ridge,4.484677043217934
fold_state_stratified,4,AGC_066,3.0,B09_C0_PCA_Ridge,3.2753014733369814
fold_state_stratified,4,AGC_067,3.0,B09_C0_PCA_Ridge,3.6122238871616164
fold_state_stratified,4,AGC_068,2.5,B09_C0_PCA_Ridge,3.152750521392741
fold_state_stratified,4,AGC_069,5.46,B09_C0_PCA_Ridge,5.136715851160519
fold_state_stratified,4,AGC_070,3.3,B09_C0_PCA_Ridge,3.2840800670494694
fold_state_stratified,4,AGC_072,4.55,B09_C0_PCA_Ridge,4.564030122248672
fold_state_stratified,4,AGC_073,4.3,B09_C0_PCA_Ridge,4.032461437666996
fold_state_stratified,4,AGC_074,2.5,B09_C0_PCA_Ridge,3.126650557044408
fold_state_stratified,4,AGC_077,4.76,B09_C0_PCA_Ridge,4.3388735601968165
fold_state_stratified,4,AGC_078,3.0,B09_C0_PCA_Ridge,3.0795758040905126
fold_state_stratified,4,AGC_079,3.3,B09_C0_PCA_Ridge,2.928532003314
fold_state_stratified,4,AGC_083,4.61,B09_C0_PCA_Ridge,4.353816435743141
fold_state_stratified,4,AGC_084,4.54,B09_C0_PCA_Ridge,4.570600175285109
fold_state_stratified,4,AGC_089,3.0,B09_C0_PCA_Ridge,3.367063690046241
fold_state_stratified,4,AGC_090,4.68,B09_C0_PCA_Ridge,4.578440532090215
fold_state_stratified,4,AGC_092,4.57,B09_C0_PCA_Ridge,4.320077944290535
fold_state_stratified,4,AGC_096,4.59,B09_C0_PCA_Ridge,4.211949278981976
fold_state_stratified,4,AGC_097,4.69,B09_C0_PCA_Ridge,4.437065327492545
fold_state_stratified,4,AGC_098,3.0,B09_C0_PCA_Ridge,3.332709567471796
fold_state_stratified,4,AGC_100,4.5,B09_C0_PCA_Ridge,4.189270986899842
fold_state_stratified,4,AGC_101,4.57,B09_C0_PCA_Ridge,4.2473598420816625
fold_state_stratified,4,AGC_102,4.4,B09_C0_PCA_Ridge,4.445329446043594
fold_state_stratified,4,AGC_103,3.0,B09_C0_PCA_Ridge,2.5083001835555594
fold_state_stratified,4,AGC_105,4.41,B09_C0_PCA_Ridge,4.389294637965598
fold_state_stratified,4,AGC_106,4.43,B09_C0_PCA_Ridge,4.325216682272099
fold_state_stratified,4,AGC_108,4.51,B09_C0_PCA_Ridge,4.927013916714444
fold_state_stratified,4,AGC_110,4.18,B09_C0_PCA_Ridge,4.141981142598754
fold_state_stratified,4,AGC_111,4.72,B09_C0_PCA_Ridge,4.322724857161191
fold_state_stratified,4,AGC_112,3.0,B09_C0_PCA_Ridge,3.0539013667373514
fold_state_stratified,4,AGC_114,3.0,B09_C0_PCA_Ridge,3.124639966667094
fold_state_stratified,4,AGC_117,3.5,B09_C0_PCA_Ridge,3.4138309215761415
fold_state_stratified,4,AGC_119,4.4,B09_C0_PCA_Ridge,4.761108252175878
fold_state_stratified,4,AGC_121,3.3,B09_C0_PCA_Ridge,2.9501403134562905
fold_state_stratified,4,AGC_123,2.5,B09_C0_PCA_Ridge,2.7513656443295527
fold_state_stratified,4,AGC_124,5.05,B09_C0_PCA_Ridge,4.8545007593774265
fold_state_stratified,4,AGC_125,4.06,B09_C0_PCA_Ridge,4.220613378182104
fold_state_stratified,4,AGC_127,5.57,B09_C0_PCA_Ridge,5.1682475872512965
fold_state_stratified,4,AGC_131,4.89,B09_C0_PCA_Ridge,4.6388970138123735
fold_state_stratified,4,AGC_133,3.91,B09_C0_PCA_Ridge,4.20820712384553
fold_state_stratified,4,AGC_134,4.52,B09_C0_PCA_Ridge,4.000401091658879
fold_state_stratified,4,AGC_135,4.49,B09_C0_PCA_Ridge,4.292260959856856
fold_state_stratified,4,AGC_137,4.54,B09_C0_PCA_Ridge,4.518961791533814
fold_state_stratified,4,AGC_138,2.5,B09_C0_PCA_Ridge,3.4027083148546877
fold_state_stratified,4,AGC_139,4.67,B09_C0_PCA_Ridge,4.275140551834911
fold_state_stratified,4,AGC_141,3.5,B09_C0_PCA_Ridge,3.0037316339037288
fold_state_stratified,4,AGC_145,3.5,B09_C0_PCA_Ridge,2.7795028735416714
fold_state_stratified,4,AGC_146,4.58,B09_C0_PCA_Ridge,4.720105943219915
fold_state_stratified,4,AGC_150,4.52,B09_C0_PCA_Ridge,4.390478299708663
fold_state_stratified,4,AGC_151,4.69,B09_C0_PCA_Ridge,5.342302803893306
fold_state_stratified,4,AGC_155,4.52,B09_C0_PCA_Ridge,4.696094422132948
fold_state_stratified,4,AGC_157,3.0,B09_C0_PCA_Ridge,3.076397351442375
fold_state_stratified,4,AGC_159,4.77,B09_C0_PCA_Ridge,4.297744149711764
fold_state_stratified,4,AGC_160,3.62,B09_C0_PCA_Ridge,4.908472197861127
fold_state_stratified,4,AGC_161,4.46,B09_C0_PCA_Ridge,4.4867146643456435
fold_state_stratified,4,AGC_162,5.59,B09_C0_PCA_Ridge,4.593680683855
fold_state_stratified,4,AGC_163,3.0,B09_C0_PCA_Ridge,2.901327306325283
fold_state_stratified,4,AGC_164,3.0,B09_C0_PCA_Ridge,3.2118968433802335
fold_state_stratified,4,AGC_165,4.44,B09_C0_PCA_Ridge,4.697283894213541
fold_state_stratified,4,AGC_166,2.5,B09_C0_PCA_Ridge,3.5865601943890093
fold_state_stratified,4,AGC_167,4.54,B09_C0_PCA_Ridge,4.5672577641818926
fold_state_stratified,4,AGC_169,2.5,B09_C0_PCA_Ridge,2.770542962074187
fold_state_stratified,4,AGC_179,4.55,B09_C0_PCA_Ridge,4.449052185816724
fold_state_stratified,4,AGC_180,4.14,B09_C0_PCA_Ridge,3.797741276736925
fold_state_stratified,4,AGC_184,4.47,B09_C0_PCA_Ridge,4.267564898376859
fold_state_stratified,4,AGC_185,5.01,B09_C0_PCA_Ridge,4.555313949539957
fold_state_stratified,4,AGC_187,3.0,B09_C0_PCA_Ridge,3.3688390788283775
fold_state_stratified,4,AGC_189,4.03,B09_C0_PCA_Ridge,4.320299516151997
fold_state_stratified,4,AGC_193,4.57,B09_C0_PCA_Ridge,4.253612365409184
fold_state_stratified,4,AGC_194,3.2,B09_C0_PCA_Ridge,3.686177633198757
fold_state_stratified,4,AGC_195,3.68,B09_C0_PCA_Ridge,3.957249802349025
fold_state_stratified,4,AGC_196,3.5,B09_C0_PCA_Ridge,3.6137299075596196
fold_state_stratified,4,AGC_197,4.52,B09_C0_PCA_Ridge,4.536105449832946
fold_state_stratified,4,AGC_001,3.5,B10_C1_PCA_Ridge,2.2748794599355495
fold_state_stratified,4,AGC_002,4.63,B10_C1_PCA_Ridge,4.33898726449249
fold_state_stratified,4,AGC_004,3.0,B10_C1_PCA_Ridge,3.4917609361926925
fold_state_stratified,4,AGC_005,5.16,B10_C1_PCA_Ridge,4.655978781475778
fold_state_stratified,4,AGC_006,4.49,B10_C1_PCA_Ridge,4.340597868498052
fold_state_stratified,4,AGC_008,4.55,B10_C1_PCA_Ridge,4.251939552232599
fold_state_stratified,4,AGC_009,4.79,B10_C1_PCA_Ridge,3.9836884004373
fold_state_stratified,4,AGC_010,4.1,B10_C1_PCA_Ridge,4.450024452351039
fold_state_stratified,4,AGC_013,4.01,B10_C1_PCA_Ridge,4.635003785562308
fold_state_stratified,4,AGC_014,4.83,B10_C1_PCA_Ridge,4.294421695371402
fold_state_stratified,4,AGC_015,2.64,B10_C1_PCA_Ridge,4.630841929631171
fold_state_stratified,4,AGC_017,4.98,B10_C1_PCA_Ridge,4.608310521404837
fold_state_stratified,4,AGC_018,4.49,B10_C1_PCA_Ridge,4.498817016624445
fold_state_stratified,4,AGC_020,3.5,B10_C1_PCA_Ridge,3.323458239079037
fold_state_stratified,4,AGC_021,4.94,B10_C1_PCA_Ridge,4.348541267194832
fold_state_stratified,4,AGC_023,3.0,B10_C1_PCA_Ridge,3.1511806126428743
fold_state_stratified,4,AGC_024,3.03,B10_C1_PCA_Ridge,3.952359075759697
fold_state_stratified,4,AGC_032,4.03,B10_C1_PCA_Ridge,4.148121694243586
fold_state_stratified,4,AGC_033,4.47,B10_C1_PCA_Ridge,4.819952349539537
fold_state_stratified,4,AGC_034,2.0,B10_C1_PCA_Ridge,3.716776279042241
fold_state_stratified,4,AGC_035,4.68,B10_C1_PCA_Ridge,4.17841391830206
fold_state_stratified,4,AGC_037,3.5,B10_C1_PCA_Ridge,3.157182728487844
fold_state_stratified,4,AGC_038,3.3,B10_C1_PCA_Ridge,3.7169798355422907
fold_state_stratified,4,AGC_040,3.0,B10_C1_PCA_Ridge,3.0521270258529727
fold_state_stratified,4,AGC_044,3.5,B10_C1_PCA_Ridge,3.2845303094878164
fold_state_stratified,4,AGC_045,4.1,B10_C1_PCA_Ridge,4.415078127780859
fold_state_stratified,4,AGC_046,3.0,B10_C1_PCA_Ridge,2.8306343519653927
fold_state_stratified,4,AGC_047,4.45,B10_C1_PCA_Ridge,3.5321718996441547
fold_state_stratified,4,AGC_049,5.53,B10_C1_PCA_Ridge,5.123350308641056
fold_state_stratified,4,AGC_051,4.45,B10_C1_PCA_Ridge,4.282067765457438
fold_state_stratified,4,AGC_053,3.5,B10_C1_PCA_Ridge,3.500609024927635
fold_state_stratified,4,AGC_054,2.5,B10_C1_PCA_Ridge,3.0967977489355314
fold_state_stratified,4,AGC_055,5.45,B10_C1_PCA_Ridge,4.537084308425813
fold_state_stratified,4,AGC_057,4.55,B10_C1_PCA_Ridge,4.716548983888028
fold_state_stratified,4,AGC_058,2.5,B10_C1_PCA_Ridge,3.354424298406979
fold_state_stratified,4,AGC_059,4.41,B10_C1_PCA_Ridge,4.212164563130704
fold_state_stratified,4,AGC_060,4.52,B10_C1_PCA_Ridge,4.719799849465632
fold_state_stratified,4,AGC_062,3.81,B10_C1_PCA_Ridge,4.586690087370231
fold_state_stratified,4,AGC_064,4.51,B10_C1_PCA_Ridge,4.1004657824386594
fold_state_stratified,4,AGC_066,3.0,B10_C1_PCA_Ridge,3.321694984998844
fold_state_stratified,4,AGC_067,3.0,B10_C1_PCA_Ridge,3.548381032406974
fold_state_stratified,4,AGC_068,2.5,B10_C1_PCA_Ridge,3.285476260110915
fold_state_stratified,4,AGC_069,5.46,B10_C1_PCA_Ridge,4.457445167289176
fold_state_stratified,4,AGC_070,3.3,B10_C1_PCA_Ridge,3.6184437712821333
fold_state_stratified,4,AGC_072,4.55,B10_C1_PCA_Ridge,4.734726985045127
fold_state_stratified,4,AGC_073,4.3,B10_C1_PCA_Ridge,3.8684610424413903
fold_state_stratified,4,AGC_074,2.5,B10_C1_PCA_Ridge,2.8330245989633926
fold_state_stratified,4,AGC_077,4.76,B10_C1_PCA_Ridge,4.6083216310952695
fold_state_stratified,4,AGC_078,3.0,B10_C1_PCA_Ridge,3.090980657411117
fold_state_stratified,4,AGC_079,3.3,B10_C1_PCA_Ridge,3.045916094686065
fold_state_stratified,4,AGC_083,4.61,B10_C1_PCA_Ridge,3.9978834335572877
fold_state_stratified,4,AGC_084,4.54,B10_C1_PCA_Ridge,4.912327020269986
fold_state_stratified,4,AGC_089,3.0,B10_C1_PCA_Ridge,3.4198738231289765
fold_state_stratified,4,AGC_090,4.68,B10_C1_PCA_Ridge,4.407760009245203
fold_state_stratified,4,AGC_092,4.57,B10_C1_PCA_Ridge,4.443527472216968
fold_state_stratified,4,AGC_096,4.59,B10_C1_PCA_Ridge,4.181087274091212
fold_state_stratified,4,AGC_097,4.69,B10_C1_PCA_Ridge,4.803666324720044
fold_state_stratified,4,AGC_098,3.0,B10_C1_PCA_Ridge,2.772802342274228
fold_state_stratified,4,AGC_100,4.5,B10_C1_PCA_Ridge,4.379401122656849
fold_state_stratified,4,AGC_101,4.57,B10_C1_PCA_Ridge,4.177179763234733
fold_state_stratified,4,AGC_102,4.4,B10_C1_PCA_Ridge,4.0917765185806205
fold_state_stratified,4,AGC_103,3.0,B10_C1_PCA_Ridge,2.5629485861205548
fold_state_stratified,4,AGC_105,4.41,B10_C1_PCA_Ridge,4.459463255418047
fold_state_stratified,4,AGC_106,4.43,B10_C1_PCA_Ridge,4.420272745221529
fold_state_stratified,4,AGC_108,4.51,B10_C1_PCA_Ridge,4.894703068594627
fold_state_stratified,4,AGC_110,4.18,B10_C1_PCA_Ridge,4.7507640389256025
fold_state_stratified,4,AGC_111,4.72,B10_C1_PCA_Ridge,4.46018585282928
fold_state_stratified,4,AGC_112,3.0,B10_C1_PCA_Ridge,3.0748669126686328
fold_state_stratified,4,AGC_114,3.0,B10_C1_PCA_Ridge,2.949441242735519
fold_state_stratified,4,AGC_117,3.5,B10_C1_PCA_Ridge,3.5908132407011033
fold_state_stratified,4,AGC_119,4.4,B10_C1_PCA_Ridge,4.394565591652684
fold_state_stratified,4,AGC_121,3.3,B10_C1_PCA_Ridge,3.3731721940362593
fold_state_stratified,4,AGC_123,2.5,B10_C1_PCA_Ridge,2.7167615697306937
fold_state_stratified,4,AGC_124,5.05,B10_C1_PCA_Ridge,4.627359742515823
fold_state_stratified,4,AGC_125,4.06,B10_C1_PCA_Ridge,4.542534321219266
fold_state_stratified,4,AGC_127,5.57,B10_C1_PCA_Ridge,4.83075072684128
fold_state_stratified,4,AGC_131,4.89,B10_C1_PCA_Ridge,4.212869432637383
fold_state_stratified,4,AGC_133,3.91,B10_C1_PCA_Ridge,4.269919587845326
fold_state_stratified,4,AGC_134,4.52,B10_C1_PCA_Ridge,4.146982872739863
fold_state_stratified,4,AGC_135,4.49,B10_C1_PCA_Ridge,4.567055835362828
fold_state_stratified,4,AGC_137,4.54,B10_C1_PCA_Ridge,4.772818694423592
fold_state_stratified,4,AGC_138,2.5,B10_C1_PCA_Ridge,3.54932078731432
fold_state_stratified,4,AGC_139,4.67,B10_C1_PCA_Ridge,4.502129771892639
fold_state_stratified,4,AGC_141,3.5,B10_C1_PCA_Ridge,3.0841332038222458
fold_state_stratified,4,AGC_145,3.5,B10_C1_PCA_Ridge,2.789453994326765
fold_state_stratified,4,AGC_146,4.58,B10_C1_PCA_Ridge,4.436243300344934
fold_state_stratified,4,AGC_150,4.52,B10_C1_PCA_Ridge,4.834621875222201
fold_state_stratified,4,AGC_151,4.69,B10_C1_PCA_Ridge,4.966906763842873
fold_state_stratified,4,AGC_155,4.52,B10_C1_PCA_Ridge,4.717292256453508
fold_state_stratified,4,AGC_157,3.0,B10_C1_PCA_Ridge,2.95357334950445
fold_state_stratified,4,AGC_159,4.77,B10_C1_PCA_Ridge,4.517999719003793
fold_state_stratified,4,AGC_160,3.62,B10_C1_PCA_Ridge,4.810242197918908
fold_state_stratified,4,AGC_161,4.46,B10_C1_PCA_Ridge,4.823507511631071
fold_state_stratified,4,AGC_162,5.59,B10_C1_PCA_Ridge,4.58119203871584
fold_state_stratified,4,AGC_163,3.0,B10_C1_PCA_Ridge,2.7832726080612202
fold_state_stratified,4,AGC_164,3.0,B10_C1_PCA_Ridge,3.11816314108543
fold_state_stratified,4,AGC_165,4.44,B10_C1_PCA_Ridge,4.432680929817388
fold_state_stratified,4,AGC_166,2.5,B10_C1_PCA_Ridge,3.8184994041719316
fold_state_stratified,4,AGC_167,4.54,B10_C1_PCA_Ridge,4.751442858396931
fold_state_stratified,4,AGC_169,2.5,B10_C1_PCA_Ridge,2.9208269656325108
fold_state_stratified,4,AGC_179,4.55,B10_C1_PCA_Ridge,4.7493264315689325
fold_state_stratified,4,AGC_180,4.14,B10_C1_PCA_Ridge,4.027118765766176
fold_state_stratified,4,AGC_184,4.47,B10_C1_PCA_Ridge,4.275088959478539
fold_state_stratified,4,AGC_185,5.01,B10_C1_PCA_Ridge,4.431021980727548
fold_state_stratified,4,AGC_187,3.0,B10_C1_PCA_Ridge,3.2544228941003928
fold_state_stratified,4,AGC_189,4.03,B10_C1_PCA_Ridge,4.314727847893328
fold_state_stratified,4,AGC_193,4.57,B10_C1_PCA_Ridge,4.1804318090286845
fold_state_stratified,4,AGC_194,3.2,B10_C1_PCA_Ridge,3.8014194240940964
fold_state_stratified,4,AGC_195,3.68,B10_C1_PCA_Ridge,4.245625170543179
fold_state_stratified,4,AGC_196,3.5,B10_C1_PCA_Ridge,3.3557883876908505
fold_state_stratified,4,AGC_197,4.52,B10_C1_PCA_Ridge,4.156201464714222
fold_state_stratified,5,AGC_004,3.0,B01_C0_PLS,3.2327941391377477
fold_state_stratified,5,AGC_005,5.16,B01_C0_PLS,4.8654620743823855
fold_state_stratified,5,AGC_007,3.5,B01_C0_PLS,2.9979576357881625
fold_state_stratified,5,AGC_008,4.55,B01_C0_PLS,4.288109343249393
fold_state_stratified,5,AGC_009,4.79,B01_C0_PLS,4.053778587168768
fold_state_stratified,5,AGC_010,4.1,B01_C0_PLS,4.083454783565197
fold_state_stratified,5,AGC_012,4.69,B01_C0_PLS,4.834744466105924
fold_state_stratified,5,AGC_014,4.83,B01_C0_PLS,4.334403914789962
fold_state_stratified,5,AGC_015,2.64,B01_C0_PLS,4.798797523447843
fold_state_stratified,5,AGC_017,4.98,B01_C0_PLS,4.622664046356674
fold_state_stratified,5,AGC_018,4.49,B01_C0_PLS,4.694259483941048
fold_state_stratified,5,AGC_019,3.0,B01_C0_PLS,2.833898420307823
fold_state_stratified,5,AGC_021,4.94,B01_C0_PLS,4.666213573573409
fold_state_stratified,5,AGC_022,4.55,B01_C0_PLS,4.416391772184494
fold_state_stratified,5,AGC_023,3.0,B01_C0_PLS,3.057189576872037
fold_state_stratified,5,AGC_024,3.03,B01_C0_PLS,4.147197047385739
fold_state_stratified,5,AGC_026,3.55,B01_C0_PLS,4.257442014315638
fold_state_stratified,5,AGC_032,4.03,B01_C0_PLS,4.3753370714489614
fold_state_stratified,5,AGC_033,4.47,B01_C0_PLS,4.068851381812973
fold_state_stratified,5,AGC_037,3.5,B01_C0_PLS,3.3215620284327274
fold_state_stratified,5,AGC_038,3.3,B01_C0_PLS,3.381469322810077
fold_state_stratified,5,AGC_040,3.0,B01_C0_PLS,2.9973091325612287
fold_state_stratified,5,AGC_041,2.5,B01_C0_PLS,3.5344455187194277
fold_state_stratified,5,AGC_044,3.5,B01_C0_PLS,2.854649578534058
fold_state_stratified,5,AGC_045,4.1,B01_C0_PLS,4.694494189344516
fold_state_stratified,5,AGC_047,4.45,B01_C0_PLS,3.4693970906690224
fold_state_stratified,5,AGC_048,2.5,B01_C0_PLS,3.283769435810154
fold_state_stratified,5,AGC_049,5.53,B01_C0_PLS,4.802562497017397
fold_state_stratified,5,AGC_051,4.45,B01_C0_PLS,3.7957151875237907
fold_state_stratified,5,AGC_053,3.5,B01_C0_PLS,3.236956324342196
fold_state_stratified,5,AGC_054,2.5,B01_C0_PLS,2.9276141423517634
fold_state_stratified,5,AGC_055,5.45,B01_C0_PLS,4.785268880979375
fold_state_stratified,5,AGC_056,5.07,B01_C0_PLS,4.3753410879947285
fold_state_stratified,5,AGC_058,2.5,B01_C0_PLS,3.2641703870395915
fold_state_stratified,5,AGC_059,4.41,B01_C0_PLS,3.989498306214071
fold_state_stratified,5,AGC_062,3.81,B01_C0_PLS,4.075928237322137
fold_state_stratified,5,AGC_064,4.51,B01_C0_PLS,4.435632582530422
fold_state_stratified,5,AGC_066,3.0,B01_C0_PLS,3.1457473285507724
fold_state_stratified,5,AGC_067,3.0,B01_C0_PLS,3.962238905995104
fold_state_stratified,5,AGC_068,2.5,B01_C0_PLS,3.368356007656379
fold_state_stratified,5,AGC_069,5.46,B01_C0_PLS,4.981684265002826
fold_state_stratified,5,AGC_070,3.3,B01_C0_PLS,3.3357046620992596
fold_state_stratified,5,AGC_072,4.55,B01_C0_PLS,4.124463184844144
fold_state_stratified,5,AGC_073,4.3,B01_C0_PLS,4.180243818134403
fold_state_stratified,5,AGC_074,2.5,B01_C0_PLS,2.75063381565668
fold_state_stratified,5,AGC_077,4.76,B01_C0_PLS,4.173230260251667
fold_state_stratified,5,AGC_078,3.0,B01_C0_PLS,3.136985372371632
fold_state_stratified,5,AGC_079,3.3,B01_C0_PLS,2.958164321605526
fold_state_stratified,5,AGC_080,3.5,B01_C0_PLS,2.9369147583500235
fold_state_stratified,5,AGC_081,3.7,B01_C0_PLS,3.6576778604184845
fold_state_stratified,5,AGC_083,4.61,B01_C0_PLS,4.24622603892685
fold_state_stratified,5,AGC_089,3.0,B01_C0_PLS,3.1389122154038533
fold_state_stratified,5,AGC_090,4.68,B01_C0_PLS,4.335041301029968
fold_state_stratified,5,AGC_097,4.69,B01_C0_PLS,4.684464327057117
fold_state_stratified,5,AGC_098,3.0,B01_C0_PLS,3.1758344248552666
fold_state_stratified,5,AGC_099,3.5,B01_C0_PLS,3.2935129709103927
fold_state_stratified,5,AGC_100,4.5,B01_C0_PLS,4.25881275242995
fold_state_stratified,5,AGC_102,4.4,B01_C0_PLS,4.458208968531676
fold_state_stratified,5,AGC_103,3.0,B01_C0_PLS,2.7514339500609513
fold_state_stratified,5,AGC_104,4.56,B01_C0_PLS,4.25688000976343
fold_state_stratified,5,AGC_106,4.43,B01_C0_PLS,4.120103349179537
fold_state_stratified,5,AGC_108,4.51,B01_C0_PLS,4.90829749448431
fold_state_stratified,5,AGC_109,4.54,B01_C0_PLS,4.376174808624394
fold_state_stratified,5,AGC_110,4.18,B01_C0_PLS,4.398405835248723
fold_state_stratified,5,AGC_111,4.72,B01_C0_PLS,4.411004684146041
fold_state_stratified,5,AGC_112,3.0,B01_C0_PLS,3.023410495128992
fold_state_stratified,5,AGC_115,4.6,B01_C0_PLS,3.975092249696334
fold_state_stratified,5,AGC_117,3.5,B01_C0_PLS,3.5742388768201523
fold_state_stratified,5,AGC_119,4.4,B01_C0_PLS,4.648510243706583
fold_state_stratified,5,AGC_121,3.3,B01_C0_PLS,2.9030766893663524
fold_state_stratified,5,AGC_122,3.5,B01_C0_PLS,2.628780359305195
fold_state_stratified,5,AGC_124,5.05,B01_C0_PLS,5.014889113230937
fold_state_stratified,5,AGC_125,4.06,B01_C0_PLS,4.229038513445703
fold_state_stratified,5,AGC_127,5.57,B01_C0_PLS,4.824148186417075
fold_state_stratified,5,AGC_131,4.89,B01_C0_PLS,4.652217461230934
fold_state_stratified,5,AGC_132,4.13,B01_C0_PLS,4.315035502365268
fold_state_stratified,5,AGC_133,3.91,B01_C0_PLS,4.424364800640329
fold_state_stratified,5,AGC_134,4.52,B01_C0_PLS,4.181128801140725
fold_state_stratified,5,AGC_135,4.49,B01_C0_PLS,4.285916053246491
fold_state_stratified,5,AGC_138,2.5,B01_C0_PLS,3.5815617202133314
fold_state_stratified,5,AGC_139,4.67,B01_C0_PLS,4.090473861320447
fold_state_stratified,5,AGC_140,3.2,B01_C0_PLS,2.901088467458556
fold_state_stratified,5,AGC_144,2.5,B01_C0_PLS,2.755658345359132
fold_state_stratified,5,AGC_145,3.5,B01_C0_PLS,2.8288170086295796
fold_state_stratified,5,AGC_148,3.0,B01_C0_PLS,2.9918984902160712
fold_state_stratified,5,AGC_150,4.52,B01_C0_PLS,4.475860091188255
fold_state_stratified,5,AGC_151,4.69,B01_C0_PLS,5.324901119069379
fold_state_stratified,5,AGC_152,4.87,B01_C0_PLS,4.554763007359583
fold_state_stratified,5,AGC_155,4.52,B01_C0_PLS,4.821411515136754
fold_state_stratified,5,AGC_157,3.0,B01_C0_PLS,3.2133489712196255
fold_state_stratified,5,AGC_159,4.77,B01_C0_PLS,4.729360284790824
fold_state_stratified,5,AGC_160,3.62,B01_C0_PLS,4.876834521193036
fold_state_stratified,5,AGC_161,4.46,B01_C0_PLS,4.4671283537763244
fold_state_stratified,5,AGC_163,3.0,B01_C0_PLS,3.2589800120023256
fold_state_stratified,5,AGC_164,3.0,B01_C0_PLS,2.9525721067684807
fold_state_stratified,5,AGC_165,4.44,B01_C0_PLS,4.474768787950106
fold_state_stratified,5,AGC_166,2.5,B01_C0_PLS,3.7161456841759826
fold_state_stratified,5,AGC_167,4.54,B01_C0_PLS,4.4827336836696805
fold_state_stratified,5,AGC_168,4.49,B01_C0_PLS,4.640966428374619
fold_state_stratified,5,AGC_170,3.0,B01_C0_PLS,3.3423844999530523
fold_state_stratified,5,AGC_171,2.15,B01_C0_PLS,4.332155600565094
fold_state_stratified,5,AGC_172,5.19,B01_C0_PLS,4.259921411408447
fold_state_stratified,5,AGC_176,4.38,B01_C0_PLS,4.1736785857306735
fold_state_stratified,5,AGC_178,4.39,B01_C0_PLS,4.198013178197758
fold_state_stratified,5,AGC_180,4.14,B01_C0_PLS,3.8655024816401324
fold_state_stratified,5,AGC_181,4.51,B01_C0_PLS,4.431692329940761
fold_state_stratified,5,AGC_187,3.0,B01_C0_PLS,3.0584682816256965
fold_state_stratified,5,AGC_193,4.57,B01_C0_PLS,4.214601114248848
fold_state_stratified,5,AGC_194,3.2,B01_C0_PLS,3.483363080000915
fold_state_stratified,5,AGC_196,3.5,B01_C0_PLS,3.211625190567437
fold_state_stratified,5,AGC_197,4.52,B01_C0_PLS,4.3919608673647845
fold_state_stratified,5,AGC_004,3.0,B02_C3_Ridge,3.037917201616115
fold_state_stratified,5,AGC_005,5.16,B02_C3_Ridge,4.367233808499739
fold_state_stratified,5,AGC_007,3.5,B02_C3_Ridge,3.266545974694724
fold_state_stratified,5,AGC_008,4.55,B02_C3_Ridge,4.1079414638847025
fold_state_stratified,5,AGC_009,4.79,B02_C3_Ridge,4.183525627163194
fold_state_stratified,5,AGC_010,4.1,B02_C3_Ridge,4.174694777689793
fold_state_stratified,5,AGC_012,4.69,B02_C3_Ridge,4.89382087584989
fold_state_stratified,5,AGC_014,4.83,B02_C3_Ridge,4.204119026446322
fold_state_stratified,5,AGC_015,2.64,B02_C3_Ridge,4.7146552136408
fold_state_stratified,5,AGC_017,4.98,B02_C3_Ridge,4.510848224787608
fold_state_stratified,5,AGC_018,4.49,B02_C3_Ridge,4.315084217067202
fold_state_stratified,5,AGC_019,3.0,B02_C3_Ridge,3.0567115660923623
fold_state_stratified,5,AGC_021,4.94,B02_C3_Ridge,4.526767711139929
fold_state_stratified,5,AGC_022,4.55,B02_C3_Ridge,4.0394976346373825
fold_state_stratified,5,AGC_023,3.0,B02_C3_Ridge,3.1273856007603813
fold_state_stratified,5,AGC_024,3.03,B02_C3_Ridge,4.087583279451794
fold_state_stratified,5,AGC_026,3.55,B02_C3_Ridge,4.146000630577748
fold_state_stratified,5,AGC_032,4.03,B02_C3_Ridge,4.445529209540407
fold_state_stratified,5,AGC_033,4.47,B02_C3_Ridge,4.329486838862751
fold_state_stratified,5,AGC_037,3.5,B02_C3_Ridge,3.3524568651961895
fold_state_stratified,5,AGC_038,3.3,B02_C3_Ridge,3.460562588833821
fold_state_stratified,5,AGC_040,3.0,B02_C3_Ridge,3.0932011241885915
fold_state_stratified,5,AGC_041,2.5,B02_C3_Ridge,3.514976728917811
fold_state_stratified,5,AGC_044,3.5,B02_C3_Ridge,3.277914698726033
fold_state_stratified,5,AGC_045,4.1,B02_C3_Ridge,4.509783188890264
fold_state_stratified,5,AGC_047,4.45,B02_C3_Ridge,3.44700207218268
fold_state_stratified,5,AGC_048,2.5,B02_C3_Ridge,3.2876384276429835
fold_state_stratified,5,AGC_049,5.53,B02_C3_Ridge,4.897494473761988
fold_state_stratified,5,AGC_051,4.45,B02_C3_Ridge,3.911628732534696
fold_state_stratified,5,AGC_053,3.5,B02_C3_Ridge,3.251161535268344
fold_state_stratified,5,AGC_054,2.5,B02_C3_Ridge,2.8717693613635156
fold_state_stratified,5,AGC_055,5.45,B02_C3_Ridge,4.5411588017877085
fold_state_stratified,5,AGC_056,5.07,B02_C3_Ridge,4.282917920609729
fold_state_stratified,5,AGC_058,2.5,B02_C3_Ridge,3.28179146216253
fold_state_stratified,5,AGC_059,4.41,B02_C3_Ridge,4.172753344574075
fold_state_stratified,5,AGC_062,3.81,B02_C3_Ridge,4.193255961922292
fold_state_stratified,5,AGC_064,4.51,B02_C3_Ridge,4.423432958032329
fold_state_stratified,5,AGC_066,3.0,B02_C3_Ridge,3.209108625773289
fold_state_stratified,5,AGC_067,3.0,B02_C3_Ridge,3.8144925446964186
fold_state_stratified,5,AGC_068,2.5,B02_C3_Ridge,3.247043766439054
fold_state_stratified,5,AGC_069,5.46,B02_C3_Ridge,4.78289748295399
fold_state_stratified,5,AGC_070,3.3,B02_C3_Ridge,3.26604014044087
fold_state_stratified,5,AGC_072,4.55,B02_C3_Ridge,4.1976820509599655
fold_state_stratified,5,AGC_073,4.3,B02_C3_Ridge,4.261187538492728
fold_state_stratified,5,AGC_074,2.5,B02_C3_Ridge,3.180886360975142
fold_state_stratified,5,AGC_077,4.76,B02_C3_Ridge,4.213752454013377
fold_state_stratified,5,AGC_078,3.0,B02_C3_Ridge,3.2931723536557236
fold_state_stratified,5,AGC_079,3.3,B02_C3_Ridge,3.057861502055245
fold_state_stratified,5,AGC_080,3.5,B02_C3_Ridge,3.0488113903325385
fold_state_stratified,5,AGC_081,3.7,B02_C3_Ridge,3.2815146675519915
fold_state_stratified,5,AGC_083,4.61,B02_C3_Ridge,4.1889951644717165
fold_state_stratified,5,AGC_089,3.0,B02_C3_Ridge,3.2770913483791353
fold_state_stratified,5,AGC_090,4.68,B02_C3_Ridge,4.2006332528315315
fold_state_stratified,5,AGC_097,4.69,B02_C3_Ridge,4.559841688788886
fold_state_stratified,5,AGC_098,3.0,B02_C3_Ridge,2.805054468053701
fold_state_stratified,5,AGC_099,3.5,B02_C3_Ridge,3.5064038600440073
fold_state_stratified,5,AGC_100,4.5,B02_C3_Ridge,4.1742715144865095
fold_state_stratified,5,AGC_102,4.4,B02_C3_Ridge,4.3978222579462685
fold_state_stratified,5,AGC_103,3.0,B02_C3_Ridge,3.0662698041976917
fold_state_stratified,5,AGC_104,4.56,B02_C3_Ridge,4.2212156726917005
fold_state_stratified,5,AGC_106,4.43,B02_C3_Ridge,4.132031910514287
fold_state_stratified,5,AGC_108,4.51,B02_C3_Ridge,4.798673281934105
fold_state_stratified,5,AGC_109,4.54,B02_C3_Ridge,4.674202566655728
fold_state_stratified,5,AGC_110,4.18,B02_C3_Ridge,4.304470974160554
fold_state_stratified,5,AGC_111,4.72,B02_C3_Ridge,4.491476175430295
fold_state_stratified,5,AGC_112,3.0,B02_C3_Ridge,2.915007392401677
fold_state_stratified,5,AGC_115,4.6,B02_C3_Ridge,4.1370581391664585
fold_state_stratified,5,AGC_117,3.5,B02_C3_Ridge,3.416394672824164
fold_state_stratified,5,AGC_119,4.4,B02_C3_Ridge,4.62625322969823
fold_state_stratified,5,AGC_121,3.3,B02_C3_Ridge,3.1013839458988817
fold_state_stratified,5,AGC_122,3.5,B02_C3_Ridge,2.7938616101442637
fold_state_stratified,5,AGC_124,5.05,B02_C3_Ridge,4.999690640122424
fold_state_stratified,5,AGC_125,4.06,B02_C3_Ridge,4.338154480407106
fold_state_stratified,5,AGC_127,5.57,B02_C3_Ridge,4.800810668111488
fold_state_stratified,5,AGC_131,4.89,B02_C3_Ridge,4.654388114028169
fold_state_stratified,5,AGC_132,4.13,B02_C3_Ridge,4.383321960296474
fold_state_stratified,5,AGC_133,3.91,B02_C3_Ridge,4.398327170330133
fold_state_stratified,5,AGC_134,4.52,B02_C3_Ridge,4.383550444760113
fold_state_stratified,5,AGC_135,4.49,B02_C3_Ridge,4.336946152993898
fold_state_stratified,5,AGC_138,2.5,B02_C3_Ridge,3.5730863625405362
fold_state_stratified,5,AGC_139,4.67,B02_C3_Ridge,4.142961175861343
fold_state_stratified,5,AGC_140,3.2,B02_C3_Ridge,2.9324684363930373
fold_state_stratified,5,AGC_144,2.5,B02_C3_Ridge,2.996242723846792
fold_state_stratified,5,AGC_145,3.5,B02_C3_Ridge,2.9693627022316518
fold_state_stratified,5,AGC_148,3.0,B02_C3_Ridge,3.1970465882328987
fold_state_stratified,5,AGC_150,4.52,B02_C3_Ridge,4.4124437249113075
fold_state_stratified,5,AGC_151,4.69,B02_C3_Ridge,4.910809786016339
fold_state_stratified,5,AGC_152,4.87,B02_C3_Ridge,4.529886183357705
fold_state_stratified,5,AGC_155,4.52,B02_C3_Ridge,4.76041048893117
fold_state_stratified,5,AGC_157,3.0,B02_C3_Ridge,3.064380646537276
fold_state_stratified,5,AGC_159,4.77,B02_C3_Ridge,4.596559460083258
fold_state_stratified,5,AGC_160,3.62,B02_C3_Ridge,4.773401150125512
fold_state_stratified,5,AGC_161,4.46,B02_C3_Ridge,4.541123248549275
fold_state_stratified,5,AGC_163,3.0,B02_C3_Ridge,3.066782689448086
fold_state_stratified,5,AGC_164,3.0,B02_C3_Ridge,3.1659549361447166
fold_state_stratified,5,AGC_165,4.44,B02_C3_Ridge,4.632811994730957
fold_state_stratified,5,AGC_166,2.5,B02_C3_Ridge,3.6539118142086235
fold_state_stratified,5,AGC_167,4.54,B02_C3_Ridge,4.430910240364847
fold_state_stratified,5,AGC_168,4.49,B02_C3_Ridge,4.646859612027519
fold_state_stratified,5,AGC_170,3.0,B02_C3_Ridge,3.1025946140713048
fold_state_stratified,5,AGC_171,2.15,B02_C3_Ridge,4.383588490337145
fold_state_stratified,5,AGC_172,5.19,B02_C3_Ridge,4.4696511043208265
fold_state_stratified,5,AGC_176,4.38,B02_C3_Ridge,4.11166002057293
fold_state_stratified,5,AGC_178,4.39,B02_C3_Ridge,3.9638301228990174
fold_state_stratified,5,AGC_180,4.14,B02_C3_Ridge,4.189441293171531
fold_state_stratified,5,AGC_181,4.51,B02_C3_Ridge,4.351359112491356
fold_state_stratified,5,AGC_187,3.0,B02_C3_Ridge,3.18534499600299
fold_state_stratified,5,AGC_193,4.57,B02_C3_Ridge,3.9353349158066337
fold_state_stratified,5,AGC_194,3.2,B02_C3_Ridge,3.4077348207217146
fold_state_stratified,5,AGC_196,3.5,B02_C3_Ridge,3.4283889596010306
fold_state_stratified,5,AGC_197,4.52,B02_C3_Ridge,4.133668335394378
fold_state_stratified,5,AGC_004,3.0,B03_C1_CatBoost,3.014092647426864
fold_state_stratified,5,AGC_005,5.16,B03_C1_CatBoost,4.4584972481987215
fold_state_stratified,5,AGC_007,3.5,B03_C1_CatBoost,3.3409908265745116
fold_state_stratified,5,AGC_008,4.55,B03_C1_CatBoost,3.9725513351498876
fold_state_stratified,5,AGC_009,4.79,B03_C1_CatBoost,4.459012233706858
fold_state_stratified,5,AGC_010,4.1,B03_C1_CatBoost,4.374384000770988
fold_state_stratified,5,AGC_012,4.69,B03_C1_CatBoost,4.712466458134713
fold_state_stratified,5,AGC_014,4.83,B03_C1_CatBoost,4.044232017404738
fold_state_stratified,5,AGC_015,2.64,B03_C1_CatBoost,4.881903412315296
fold_state_stratified,5,AGC_017,4.98,B03_C1_CatBoost,4.434084089991984
fold_state_stratified,5,AGC_018,4.49,B03_C1_CatBoost,4.362849709737134
fold_state_stratified,5,AGC_019,3.0,B03_C1_CatBoost,3.0845412510861934
fold_state_stratified,5,AGC_021,4.94,B03_C1_CatBoost,4.722667605902643
fold_state_stratified,5,AGC_022,4.55,B03_C1_CatBoost,4.337118870507879
fold_state_stratified,5,AGC_023,3.0,B03_C1_CatBoost,3.160438278772858
fold_state_stratified,5,AGC_024,3.03,B03_C1_CatBoost,4.338870050654389
fold_state_stratified,5,AGC_026,3.55,B03_C1_CatBoost,3.9077772158416337
fold_state_stratified,5,AGC_032,4.03,B03_C1_CatBoost,4.54239426922004
fold_state_stratified,5,AGC_033,4.47,B03_C1_CatBoost,4.619522672884614
fold_state_stratified,5,AGC_037,3.5,B03_C1_CatBoost,3.255367891170181
fold_state_stratified,5,AGC_038,3.3,B03_C1_CatBoost,3.292146572789914
fold_state_stratified,5,AGC_040,3.0,B03_C1_CatBoost,2.970297375563973
fold_state_stratified,5,AGC_041,2.5,B03_C1_CatBoost,3.222840821376394
fold_state_stratified,5,AGC_044,3.5,B03_C1_CatBoost,3.3566318264965957
fold_state_stratified,5,AGC_045,4.1,B03_C1_CatBoost,4.591754689276058
fold_state_stratified,5,AGC_047,4.45,B03_C1_CatBoost,3.4903381788968026
fold_state_stratified,5,AGC_048,2.5,B03_C1_CatBoost,3.5030887729867572
fold_state_stratified,5,AGC_049,5.53,B03_C1_CatBoost,4.962122247103707
fold_state_stratified,5,AGC_051,4.45,B03_C1_CatBoost,4.293448409517168
fold_state_stratified,5,AGC_053,3.5,B03_C1_CatBoost,3.2651254593488375
fold_state_stratified,5,AGC_054,2.5,B03_C1_CatBoost,3.1061118154691876
fold_state_stratified,5,AGC_055,5.45,B03_C1_CatBoost,4.424071907641633
fold_state_stratified,5,AGC_056,5.07,B03_C1_CatBoost,4.308161868177194
fold_state_stratified,5,AGC_058,2.5,B03_C1_CatBoost,3.3438714530595917
fold_state_stratified,5,AGC_059,4.41,B03_C1_CatBoost,4.376704235021862
fold_state_stratified,5,AGC_062,3.81,B03_C1_CatBoost,4.30287767932786
fold_state_stratified,5,AGC_064,4.51,B03_C1_CatBoost,4.389781629823119
fold_state_stratified,5,AGC_066,3.0,B03_C1_CatBoost,3.210248451850955
fold_state_stratified,5,AGC_067,3.0,B03_C1_CatBoost,3.3973564619441277
fold_state_stratified,5,AGC_068,2.5,B03_C1_CatBoost,3.0417414112046117
fold_state_stratified,5,AGC_069,5.46,B03_C1_CatBoost,4.238313936351005
fold_state_stratified,5,AGC_070,3.3,B03_C1_CatBoost,3.191170931942338
fold_state_stratified,5,AGC_072,4.55,B03_C1_CatBoost,4.38168143165467
fold_state_stratified,5,AGC_073,4.3,B03_C1_CatBoost,4.153859940325674
fold_state_stratified,5,AGC_074,2.5,B03_C1_CatBoost,3.4483357049562073
fold_state_stratified,5,AGC_077,4.76,B03_C1_CatBoost,4.1801357174763325
fold_state_stratified,5,AGC_078,3.0,B03_C1_CatBoost,3.336996338259496
fold_state_stratified,5,AGC_079,3.3,B03_C1_CatBoost,3.2645662968917577
fold_state_stratified,5,AGC_080,3.5,B03_C1_CatBoost,3.142878155137435
fold_state_stratified,5,AGC_081,3.7,B03_C1_CatBoost,3.327875378186036
fold_state_stratified,5,AGC_083,4.61,B03_C1_CatBoost,4.26692309488298
fold_state_stratified,5,AGC_089,3.0,B03_C1_CatBoost,3.0041523184642074
fold_state_stratified,5,AGC_090,4.68,B03_C1_CatBoost,4.28776702156506
fold_state_stratified,5,AGC_097,4.69,B03_C1_CatBoost,4.725061380107036
fold_state_stratified,5,AGC_098,3.0,B03_C1_CatBoost,3.172081201625854
fold_state_stratified,5,AGC_099,3.5,B03_C1_CatBoost,2.9648857995508706
fold_state_stratified,5,AGC_100,4.5,B03_C1_CatBoost,4.429560887164598
fold_state_stratified,5,AGC_102,4.4,B03_C1_CatBoost,4.345347668775769
fold_state_stratified,5,AGC_103,3.0,B03_C1_CatBoost,3.198800759540518
fold_state_stratified,5,AGC_104,4.56,B03_C1_CatBoost,4.265786280046427
fold_state_stratified,5,AGC_106,4.43,B03_C1_CatBoost,4.105541550339506
fold_state_stratified,5,AGC_108,4.51,B03_C1_CatBoost,4.837684079626797
fold_state_stratified,5,AGC_109,4.54,B03_C1_CatBoost,4.421750224942571
fold_state_stratified,5,AGC_110,4.18,B03_C1_CatBoost,4.305288370615472
fold_state_stratified,5,AGC_111,4.72,B03_C1_CatBoost,4.5072018254541035
fold_state_stratified,5,AGC_112,3.0,B03_C1_CatBoost,2.8356323290557093
fold_state_stratified,5,AGC_115,4.6,B03_C1_CatBoost,4.330579337367592
fold_state_stratified,5,AGC_117,3.5,B03_C1_CatBoost,3.350761118275198
fold_state_stratified,5,AGC_119,4.4,B03_C1_CatBoost,4.816413467486086
fold_state_stratified,5,AGC_121,3.3,B03_C1_CatBoost,3.033781525799366
fold_state_stratified,5,AGC_122,3.5,B03_C1_CatBoost,2.9246608985669127
fold_state_stratified,5,AGC_124,5.05,B03_C1_CatBoost,5.124700639536513
fold_state_stratified,5,AGC_125,4.06,B03_C1_CatBoost,4.514262470185713
fold_state_stratified,5,AGC_127,5.57,B03_C1_CatBoost,4.715551866703549
fold_state_stratified,5,AGC_131,4.89,B03_C1_CatBoost,4.53211388286968
fold_state_stratified,5,AGC_132,4.13,B03_C1_CatBoost,4.581029124991801
fold_state_stratified,5,AGC_133,3.91,B03_C1_CatBoost,4.31691800463625
fold_state_stratified,5,AGC_134,4.52,B03_C1_CatBoost,4.147011289704551
fold_state_stratified,5,AGC_135,4.49,B03_C1_CatBoost,4.460033020245191
fold_state_stratified,5,AGC_138,2.5,B03_C1_CatBoost,3.263546839700439
fold_state_stratified,5,AGC_139,4.67,B03_C1_CatBoost,4.402364939586999
fold_state_stratified,5,AGC_140,3.2,B03_C1_CatBoost,3.0654262565514045
fold_state_stratified,5,AGC_144,2.5,B03_C1_CatBoost,2.9536866427747555
fold_state_stratified,5,AGC_145,3.5,B03_C1_CatBoost,2.9741437657726237
fold_state_stratified,5,AGC_148,3.0,B03_C1_CatBoost,3.202488276639315
fold_state_stratified,5,AGC_150,4.52,B03_C1_CatBoost,4.387982176765757
fold_state_stratified,5,AGC_151,4.69,B03_C1_CatBoost,4.644238299633912
fold_state_stratified,5,AGC_152,4.87,B03_C1_CatBoost,4.230795845140278
fold_state_stratified,5,AGC_155,4.52,B03_C1_CatBoost,4.606498571468023
fold_state_stratified,5,AGC_157,3.0,B03_C1_CatBoost,3.1126815840656086
fold_state_stratified,5,AGC_159,4.77,B03_C1_CatBoost,4.6783062253626895
fold_state_stratified,5,AGC_160,3.62,B03_C1_CatBoost,4.816265009439576
fold_state_stratified,5,AGC_161,4.46,B03_C1_CatBoost,4.692887599554183
fold_state_stratified,5,AGC_163,3.0,B03_C1_CatBoost,3.022467639361139
fold_state_stratified,5,AGC_164,3.0,B03_C1_CatBoost,3.1737674661439996
fold_state_stratified,5,AGC_165,4.44,B03_C1_CatBoost,4.123836436973761
fold_state_stratified,5,AGC_166,2.5,B03_C1_CatBoost,3.3947440362826455
fold_state_stratified,5,AGC_167,4.54,B03_C1_CatBoost,4.388220857234085
fold_state_stratified,5,AGC_168,4.49,B03_C1_CatBoost,4.265678126962371
fold_state_stratified,5,AGC_170,3.0,B03_C1_CatBoost,3.161884900070959
fold_state_stratified,5,AGC_171,2.15,B03_C1_CatBoost,4.490027164459473
fold_state_stratified,5,AGC_172,5.19,B03_C1_CatBoost,4.557262766704753
fold_state_stratified,5,AGC_176,4.38,B03_C1_CatBoost,4.269419970202193
fold_state_stratified,5,AGC_178,4.39,B03_C1_CatBoost,4.247169273751339
fold_state_stratified,5,AGC_180,4.14,B03_C1_CatBoost,4.55779503774022
fold_state_stratified,5,AGC_181,4.51,B03_C1_CatBoost,4.074262025758003
fold_state_stratified,5,AGC_187,3.0,B03_C1_CatBoost,3.108419346569576
fold_state_stratified,5,AGC_193,4.57,B03_C1_CatBoost,4.143206806618082
fold_state_stratified,5,AGC_194,3.2,B03_C1_CatBoost,3.141944451613085
fold_state_stratified,5,AGC_196,3.5,B03_C1_CatBoost,3.548926417657981
fold_state_stratified,5,AGC_197,4.52,B03_C1_CatBoost,4.18054316688972
fold_state_stratified,5,AGC_004,3.0,B04_C0_Ridge,3.155304617582201
fold_state_stratified,5,AGC_005,5.16,B04_C0_Ridge,4.355160252684877
fold_state_stratified,5,AGC_007,3.5,B04_C0_Ridge,3.2429312770766323
fold_state_stratified,5,AGC_008,4.55,B04_C0_Ridge,4.1108531482808335
fold_state_stratified,5,AGC_009,4.79,B04_C0_Ridge,4.162447029720545
fold_state_stratified,5,AGC_010,4.1,B04_C0_Ridge,4.11453492388827
fold_state_stratified,5,AGC_012,4.69,B04_C0_Ridge,4.827418511533585
fold_state_stratified,5,AGC_014,4.83,B04_C0_Ridge,4.15929434442881
fold_state_stratified,5,AGC_015,2.64,B04_C0_Ridge,4.6597791308624394
fold_state_stratified,5,AGC_017,4.98,B04_C0_Ridge,4.511399287158523
fold_state_stratified,5,AGC_018,4.49,B04_C0_Ridge,4.324124642892338
fold_state_stratified,5,AGC_019,3.0,B04_C0_Ridge,3.0591335676891305
fold_state_stratified,5,AGC_021,4.94,B04_C0_Ridge,4.546212918927385
fold_state_stratified,5,AGC_022,4.55,B04_C0_Ridge,4.101824776215262
fold_state_stratified,5,AGC_023,3.0,B04_C0_Ridge,3.123588696808288
fold_state_stratified,5,AGC_024,3.03,B04_C0_Ridge,4.058369671847942
fold_state_stratified,5,AGC_026,3.55,B04_C0_Ridge,4.143513561550048
fold_state_stratified,5,AGC_032,4.03,B04_C0_Ridge,4.421046918026236
fold_state_stratified,5,AGC_033,4.47,B04_C0_Ridge,4.252279674497734
fold_state_stratified,5,AGC_037,3.5,B04_C0_Ridge,3.345705562383153
fold_state_stratified,5,AGC_038,3.3,B04_C0_Ridge,3.484907783558352
fold_state_stratified,5,AGC_040,3.0,B04_C0_Ridge,3.045543163757472
fold_state_stratified,5,AGC_041,2.5,B04_C0_Ridge,3.5238510318937815
fold_state_stratified,5,AGC_044,3.5,B04_C0_Ridge,3.1777975527289524
fold_state_stratified,5,AGC_045,4.1,B04_C0_Ridge,4.544029573539526
fold_state_stratified,5,AGC_047,4.45,B04_C0_Ridge,3.4452409988881736
fold_state_stratified,5,AGC_048,2.5,B04_C0_Ridge,3.3334520013289373
fold_state_stratified,5,AGC_049,5.53,B04_C0_Ridge,4.823287054321341
fold_state_stratified,5,AGC_051,4.45,B04_C0_Ridge,3.858917140146859
fold_state_stratified,5,AGC_053,3.5,B04_C0_Ridge,3.274655750581039
fold_state_stratified,5,AGC_054,2.5,B04_C0_Ridge,2.9493506024296297
fold_state_stratified,5,AGC_055,5.45,B04_C0_Ridge,4.60700062958202
fold_state_stratified,5,AGC_056,5.07,B04_C0_Ridge,4.297744443810745
fold_state_stratified,5,AGC_058,2.5,B04_C0_Ridge,3.2748921929849613
fold_state_stratified,5,AGC_059,4.41,B04_C0_Ridge,4.161385212038528
fold_state_stratified,5,AGC_062,3.81,B04_C0_Ridge,4.163061016372735
fold_state_stratified,5,AGC_064,4.51,B04_C0_Ridge,4.455635994763246
fold_state_stratified,5,AGC_066,3.0,B04_C0_Ridge,3.219708578612681
fold_state_stratified,5,AGC_067,3.0,B04_C0_Ridge,3.8576803057780245
fold_state_stratified,5,AGC_068,2.5,B04_C0_Ridge,3.2954034116798376
fold_state_stratified,5,AGC_069,5.46,B04_C0_Ridge,4.868797641724787
fold_state_stratified,5,AGC_070,3.3,B04_C0_Ridge,3.344100574004954
fold_state_stratified,5,AGC_072,4.55,B04_C0_Ridge,4.147909398363647
fold_state_stratified,5,AGC_073,4.3,B04_C0_Ridge,4.278064225437709
fold_state_stratified,5,AGC_074,2.5,B04_C0_Ridge,3.1736409663833034
fold_state_stratified,5,AGC_077,4.76,B04_C0_Ridge,4.20354288454733
fold_state_stratified,5,AGC_078,3.0,B04_C0_Ridge,3.3127326657755196
fold_state_stratified,5,AGC_079,3.3,B04_C0_Ridge,3.103111850000319
fold_state_stratified,5,AGC_080,3.5,B04_C0_Ridge,3.0865537950792166
fold_state_stratified,5,AGC_081,3.7,B04_C0_Ridge,3.442466706169805
fold_state_stratified,5,AGC_083,4.61,B04_C0_Ridge,4.167215894235834
fold_state_stratified,5,AGC_089,3.0,B04_C0_Ridge,3.294912567912289
fold_state_stratified,5,AGC_090,4.68,B04_C0_Ridge,4.211126568428236
fold_state_stratified,5,AGC_097,4.69,B04_C0_Ridge,4.561729374227345
fold_state_stratified,5,AGC_098,3.0,B04_C0_Ridge,3.0696058355279017
fold_state_stratified,5,AGC_099,3.5,B04_C0_Ridge,3.4648038923160924
fold_state_stratified,5,AGC_100,4.5,B04_C0_Ridge,4.164460747429059
fold_state_stratified,5,AGC_102,4.4,B04_C0_Ridge,4.367367282426372
fold_state_stratified,5,AGC_103,3.0,B04_C0_Ridge,3.0565968830439694
fold_state_stratified,5,AGC_104,4.56,B04_C0_Ridge,4.174928713109739
fold_state_stratified,5,AGC_106,4.43,B04_C0_Ridge,4.127283473126257
fold_state_stratified,5,AGC_108,4.51,B04_C0_Ridge,4.76247840826354
fold_state_stratified,5,AGC_109,4.54,B04_C0_Ridge,4.59381771207525
fold_state_stratified,5,AGC_110,4.18,B04_C0_Ridge,4.320657531055514
fold_state_stratified,5,AGC_111,4.72,B04_C0_Ridge,4.452208380767007
fold_state_stratified,5,AGC_112,3.0,B04_C0_Ridge,2.9505746131574893
fold_state_stratified,5,AGC_115,4.6,B04_C0_Ridge,4.111302673169705
fold_state_stratified,5,AGC_117,3.5,B04_C0_Ridge,3.4571868033844533
fold_state_stratified,5,AGC_119,4.4,B04_C0_Ridge,4.614511984217222
fold_state_stratified,5,AGC_121,3.3,B04_C0_Ridge,3.160511937085034
fold_state_stratified,5,AGC_122,3.5,B04_C0_Ridge,2.907795099220195
fold_state_stratified,5,AGC_124,5.05,B04_C0_Ridge,4.9750178271794905
fold_state_stratified,5,AGC_125,4.06,B04_C0_Ridge,4.2923546317075525
fold_state_stratified,5,AGC_127,5.57,B04_C0_Ridge,4.735622406718814
fold_state_stratified,5,AGC_131,4.89,B04_C0_Ridge,4.64502507455749
fold_state_stratified,5,AGC_132,4.13,B04_C0_Ridge,4.394697640093754
fold_state_stratified,5,AGC_133,3.91,B04_C0_Ridge,4.389674316002898
fold_state_stratified,5,AGC_134,4.52,B04_C0_Ridge,4.347816146813036
fold_state_stratified,5,AGC_135,4.49,B04_C0_Ridge,4.2926413266473915
fold_state_stratified,5,AGC_138,2.5,B04_C0_Ridge,3.56745576178017
fold_state_stratified,5,AGC_139,4.67,B04_C0_Ridge,4.12335884093888
fold_state_stratified,5,AGC_140,3.2,B04_C0_Ridge,2.9828065181138093
fold_state_stratified,5,AGC_144,2.5,B04_C0_Ridge,3.030957736815747
fold_state_stratified,5,AGC_145,3.5,B04_C0_Ridge,3.044808613487792
fold_state_stratified,5,AGC_148,3.0,B04_C0_Ridge,3.1987146542250926
fold_state_stratified,5,AGC_150,4.52,B04_C0_Ridge,4.326434863573049
fold_state_stratified,5,AGC_151,4.69,B04_C0_Ridge,4.842419185017386
fold_state_stratified,5,AGC_152,4.87,B04_C0_Ridge,4.520383298500094
fold_state_stratified,5,AGC_155,4.52,B04_C0_Ridge,4.693142695299932
fold_state_stratified,5,AGC_157,3.0,B04_C0_Ridge,3.1547279556127776
fold_state_stratified,5,AGC_159,4.77,B04_C0_Ridge,4.570988994232216
fold_state_stratified,5,AGC_160,3.62,B04_C0_Ridge,4.788589660199316
fold_state_stratified,5,AGC_161,4.46,B04_C0_Ridge,4.460833855465548
fold_state_stratified,5,AGC_163,3.0,B04_C0_Ridge,3.145544430129111
fold_state_stratified,5,AGC_164,3.0,B04_C0_Ridge,3.044023279394686
fold_state_stratified,5,AGC_165,4.44,B04_C0_Ridge,4.62479785378732
fold_state_stratified,5,AGC_166,2.5,B04_C0_Ridge,3.7129983468772547
fold_state_stratified,5,AGC_167,4.54,B04_C0_Ridge,4.378636558689268
fold_state_stratified,5,AGC_168,4.49,B04_C0_Ridge,4.628672867626829
fold_state_stratified,5,AGC_170,3.0,B04_C0_Ridge,3.130052342808767
fold_state_stratified,5,AGC_171,2.15,B04_C0_Ridge,4.348308913343605
fold_state_stratified,5,AGC_172,5.19,B04_C0_Ridge,4.383106573571546
fold_state_stratified,5,AGC_176,4.38,B04_C0_Ridge,4.118825955418393
fold_state_stratified,5,AGC_178,4.39,B04_C0_Ridge,4.039063882976698
fold_state_stratified,5,AGC_180,4.14,B04_C0_Ridge,4.0904734575783195
fold_state_stratified,5,AGC_181,4.51,B04_C0_Ridge,4.402172367103446
fold_state_stratified,5,AGC_187,3.0,B04_C0_Ridge,3.1659980957558256
fold_state_stratified,5,AGC_193,4.57,B04_C0_Ridge,3.977429139692644
fold_state_stratified,5,AGC_194,3.2,B04_C0_Ridge,3.432916370582694
fold_state_stratified,5,AGC_196,3.5,B04_C0_Ridge,3.319737757649356
fold_state_stratified,5,AGC_197,4.52,B04_C0_Ridge,4.222240271529383
fold_state_stratified,5,AGC_004,3.0,B05_C3_PLS,3.16666314455643
fold_state_stratified,5,AGC_005,5.16,B05_C3_PLS,4.922105841471689
fold_state_stratified,5,AGC_007,3.5,B05_C3_PLS,3.1180973473920237
fold_state_stratified,5,AGC_008,4.55,B05_C3_PLS,4.273475518437179
fold_state_stratified,5,AGC_009,4.79,B05_C3_PLS,4.047343605996955
fold_state_stratified,5,AGC_010,4.1,B05_C3_PLS,4.190868393474362
fold_state_stratified,5,AGC_012,4.69,B05_C3_PLS,4.901347352665328
fold_state_stratified,5,AGC_014,4.83,B05_C3_PLS,4.455689003514076
fold_state_stratified,5,AGC_015,2.64,B05_C3_PLS,4.799976839633461
fold_state_stratified,5,AGC_017,4.98,B05_C3_PLS,4.614014523050629
fold_state_stratified,5,AGC_018,4.49,B05_C3_PLS,4.691478394184195
fold_state_stratified,5,AGC_019,3.0,B05_C3_PLS,2.8436518371630335
fold_state_stratified,5,AGC_021,4.94,B05_C3_PLS,4.647764533308443
fold_state_stratified,5,AGC_022,4.55,B05_C3_PLS,4.321187023757366
fold_state_stratified,5,AGC_023,3.0,B05_C3_PLS,3.1087528680383545
fold_state_stratified,5,AGC_024,3.03,B05_C3_PLS,4.1902907033441466
fold_state_stratified,5,AGC_026,3.55,B05_C3_PLS,4.273868077185256
fold_state_stratified,5,AGC_032,4.03,B05_C3_PLS,4.366408866731557
fold_state_stratified,5,AGC_033,4.47,B05_C3_PLS,4.1555148117207
fold_state_stratified,5,AGC_037,3.5,B05_C3_PLS,3.3412038404787747
fold_state_stratified,5,AGC_038,3.3,B05_C3_PLS,3.3801752520611172
fold_state_stratified,5,AGC_040,3.0,B05_C3_PLS,3.0632885549167566
fold_state_stratified,5,AGC_041,2.5,B05_C3_PLS,3.550775690349796
fold_state_stratified,5,AGC_044,3.5,B05_C3_PLS,2.9744471144028557
fold_state_stratified,5,AGC_045,4.1,B05_C3_PLS,4.668716521272357
fold_state_stratified,5,AGC_047,4.45,B05_C3_PLS,3.5601812740301884
fold_state_stratified,5,AGC_048,2.5,B05_C3_PLS,3.2766496710308037
fold_state_stratified,5,AGC_049,5.53,B05_C3_PLS,4.795211212087101
fold_state_stratified,5,AGC_051,4.45,B05_C3_PLS,3.8872834974281427
fold_state_stratified,5,AGC_053,3.5,B05_C3_PLS,3.1687032190017628
fold_state_stratified,5,AGC_054,2.5,B05_C3_PLS,2.8401450795282006
fold_state_stratified,5,AGC_055,5.45,B05_C3_PLS,4.717156123890726
fold_state_stratified,5,AGC_056,5.07,B05_C3_PLS,4.316300714290813
fold_state_stratified,5,AGC_058,2.5,B05_C3_PLS,3.2677868511350865
fold_state_stratified,5,AGC_059,4.41,B05_C3_PLS,4.037578663538116
fold_state_stratified,5,AGC_062,3.81,B05_C3_PLS,4.113948993341699
fold_state_stratified,5,AGC_064,4.51,B05_C3_PLS,4.3997185568086365
fold_state_stratified,5,AGC_066,3.0,B05_C3_PLS,3.089890995547216
fold_state_stratified,5,AGC_067,3.0,B05_C3_PLS,3.8427595210201138
fold_state_stratified,5,AGC_068,2.5,B05_C3_PLS,3.3475961198548987
fold_state_stratified,5,AGC_069,5.46,B05_C3_PLS,4.8610377390319615
fold_state_stratified,5,AGC_070,3.3,B05_C3_PLS,3.3649180626253123
fold_state_stratified,5,AGC_072,4.55,B05_C3_PLS,4.2305046315150205
fold_state_stratified,5,AGC_073,4.3,B05_C3_PLS,4.163573055022175
fold_state_stratified,5,AGC_074,2.5,B05_C3_PLS,2.7128180681775595
fold_state_stratified,5,AGC_077,4.76,B05_C3_PLS,4.184352409774662
fold_state_stratified,5,AGC_078,3.0,B05_C3_PLS,3.1445638570365793
fold_state_stratified,5,AGC_079,3.3,B05_C3_PLS,3.021461647101897
fold_state_stratified,5,AGC_080,3.5,B05_C3_PLS,2.9795021457254984
fold_state_stratified,5,AGC_081,3.7,B05_C3_PLS,3.5276829934263043
fold_state_stratified,5,AGC_083,4.61,B05_C3_PLS,4.190168727318117
fold_state_stratified,5,AGC_089,3.0,B05_C3_PLS,3.09423257604319
fold_state_stratified,5,AGC_090,4.68,B05_C3_PLS,4.356436792613051
fold_state_stratified,5,AGC_097,4.69,B05_C3_PLS,4.652076451298113
fold_state_stratified,5,AGC_098,3.0,B05_C3_PLS,2.9649153984789853
fold_state_stratified,5,AGC_099,3.5,B05_C3_PLS,3.253492374230066
fold_state_stratified,5,AGC_100,4.5,B05_C3_PLS,4.309506327694838
fold_state_stratified,5,AGC_102,4.4,B05_C3_PLS,4.374322742857677
fold_state_stratified,5,AGC_103,3.0,B05_C3_PLS,2.7795965355008
fold_state_stratified,5,AGC_104,4.56,B05_C3_PLS,4.32249691780153
fold_state_stratified,5,AGC_106,4.43,B05_C3_PLS,4.160891671208918
fold_state_stratified,5,AGC_108,4.51,B05_C3_PLS,4.851968939232987
fold_state_stratified,5,AGC_109,4.54,B05_C3_PLS,4.383772976588425
fold_state_stratified,5,AGC_110,4.18,B05_C3_PLS,4.347274499668987
fold_state_stratified,5,AGC_111,4.72,B05_C3_PLS,4.438093169990937
fold_state_stratified,5,AGC_112,3.0,B05_C3_PLS,3.029011029910473
fold_state_stratified,5,AGC_115,4.6,B05_C3_PLS,4.025309388019299
fold_state_stratified,5,AGC_117,3.5,B05_C3_PLS,3.481787086851625
fold_state_stratified,5,AGC_119,4.4,B05_C3_PLS,4.604604939687466
fold_state_stratified,5,AGC_121,3.3,B05_C3_PLS,2.8929194104752263
fold_state_stratified,5,AGC_122,3.5,B05_C3_PLS,2.560152311478088
fold_state_stratified,5,AGC_124,5.05,B05_C3_PLS,4.986144342368008
fold_state_stratified,5,AGC_125,4.06,B05_C3_PLS,4.322756191980012
fold_state_stratified,5,AGC_127,5.57,B05_C3_PLS,4.903817630073066
fold_state_stratified,5,AGC_131,4.89,B05_C3_PLS,4.578241035783057
fold_state_stratified,5,AGC_132,4.13,B05_C3_PLS,4.35733606636787
fold_state_stratified,5,AGC_133,3.91,B05_C3_PLS,4.53322054926158
fold_state_stratified,5,AGC_134,4.52,B05_C3_PLS,4.222660457034217
fold_state_stratified,5,AGC_135,4.49,B05_C3_PLS,4.323536309023701
fold_state_stratified,5,AGC_138,2.5,B05_C3_PLS,3.5648624221955303
fold_state_stratified,5,AGC_139,4.67,B05_C3_PLS,4.140792627718144
fold_state_stratified,5,AGC_140,3.2,B05_C3_PLS,2.936591067262057
fold_state_stratified,5,AGC_144,2.5,B05_C3_PLS,2.7429161953053534
fold_state_stratified,5,AGC_145,3.5,B05_C3_PLS,2.7623328215178535
fold_state_stratified,5,AGC_148,3.0,B05_C3_PLS,3.0098201235680753
fold_state_stratified,5,AGC_150,4.52,B05_C3_PLS,4.522888297649104
fold_state_stratified,5,AGC_151,4.69,B05_C3_PLS,5.299216307603943
fold_state_stratified,5,AGC_152,4.87,B05_C3_PLS,4.600277355239607
fold_state_stratified,5,AGC_155,4.52,B05_C3_PLS,4.81376183885654
fold_state_stratified,5,AGC_157,3.0,B05_C3_PLS,3.1021087982601645
fold_state_stratified,5,AGC_159,4.77,B05_C3_PLS,4.739108861518898
fold_state_stratified,5,AGC_160,3.62,B05_C3_PLS,4.841899070588236
fold_state_stratified,5,AGC_161,4.46,B05_C3_PLS,4.5737843228305195
fold_state_stratified,5,AGC_163,3.0,B05_C3_PLS,3.20685464925473
fold_state_stratified,5,AGC_164,3.0,B05_C3_PLS,3.0687408418577204
fold_state_stratified,5,AGC_165,4.44,B05_C3_PLS,4.471568053074369
fold_state_stratified,5,AGC_166,2.5,B05_C3_PLS,3.6752268164657638
fold_state_stratified,5,AGC_167,4.54,B05_C3_PLS,4.56676015983417
fold_state_stratified,5,AGC_168,4.49,B05_C3_PLS,4.629876900460209
fold_state_stratified,5,AGC_170,3.0,B05_C3_PLS,3.223386450372692
fold_state_stratified,5,AGC_171,2.15,B05_C3_PLS,4.304740593661668
fold_state_stratified,5,AGC_172,5.19,B05_C3_PLS,4.330490580043679
fold_state_stratified,5,AGC_176,4.38,B05_C3_PLS,4.1725434682749105
fold_state_stratified,5,AGC_178,4.39,B05_C3_PLS,4.068741283785319
fold_state_stratified,5,AGC_180,4.14,B05_C3_PLS,4.020993665105956
fold_state_stratified,5,AGC_181,4.51,B05_C3_PLS,4.355830727328487
fold_state_stratified,5,AGC_187,3.0,B05_C3_PLS,3.072599595694795
fold_state_stratified,5,AGC_193,4.57,B05_C3_PLS,4.199979401057956
fold_state_stratified,5,AGC_194,3.2,B05_C3_PLS,3.4890079654808583
fold_state_stratified,5,AGC_196,3.5,B05_C3_PLS,3.301106379585177
fold_state_stratified,5,AGC_197,4.52,B05_C3_PLS,4.252583557841779
fold_state_stratified,5,AGC_004,3.0,B06_C2_PLS,3.1198186263799674
fold_state_stratified,5,AGC_005,5.16,B06_C2_PLS,4.8512617625970895
fold_state_stratified,5,AGC_007,3.5,B06_C2_PLS,3.1491396244396657
fold_state_stratified,5,AGC_008,4.55,B06_C2_PLS,4.267340983965152
fold_state_stratified,5,AGC_009,4.79,B06_C2_PLS,4.03780802100241
fold_state_stratified,5,AGC_010,4.1,B06_C2_PLS,4.2664791967254665
fold_state_stratified,5,AGC_012,4.69,B06_C2_PLS,4.8532933306447905
fold_state_stratified,5,AGC_014,4.83,B06_C2_PLS,4.508557527426525
fold_state_stratified,5,AGC_015,2.64,B06_C2_PLS,4.800419002353372
fold_state_stratified,5,AGC_017,4.98,B06_C2_PLS,4.632906981963836
fold_state_stratified,5,AGC_018,4.49,B06_C2_PLS,4.684447214902509
fold_state_stratified,5,AGC_019,3.0,B06_C2_PLS,2.804383274361294
fold_state_stratified,5,AGC_021,4.94,B06_C2_PLS,4.517276512099611
fold_state_stratified,5,AGC_022,4.55,B06_C2_PLS,4.288753976611201
fold_state_stratified,5,AGC_023,3.0,B06_C2_PLS,3.0664971536790344
fold_state_stratified,5,AGC_024,3.03,B06_C2_PLS,4.230630833160331
fold_state_stratified,5,AGC_026,3.55,B06_C2_PLS,4.331071589109565
fold_state_stratified,5,AGC_032,4.03,B06_C2_PLS,4.349194580521542
fold_state_stratified,5,AGC_033,4.47,B06_C2_PLS,4.149900260668519
fold_state_stratified,5,AGC_037,3.5,B06_C2_PLS,3.4540530389645863
fold_state_stratified,5,AGC_038,3.3,B06_C2_PLS,3.4332015694637525
fold_state_stratified,5,AGC_040,3.0,B06_C2_PLS,3.0198096847383997
fold_state_stratified,5,AGC_041,2.5,B06_C2_PLS,3.5578984905374877
fold_state_stratified,5,AGC_044,3.5,B06_C2_PLS,2.939699956799803
fold_state_stratified,5,AGC_045,4.1,B06_C2_PLS,4.698702137141592
fold_state_stratified,5,AGC_047,4.45,B06_C2_PLS,3.558902227801273
fold_state_stratified,5,AGC_048,2.5,B06_C2_PLS,3.325230221597831
fold_state_stratified,5,AGC_049,5.53,B06_C2_PLS,4.76996403634335
fold_state_stratified,5,AGC_051,4.45,B06_C2_PLS,3.936181911889053
fold_state_stratified,5,AGC_053,3.5,B06_C2_PLS,3.14193729683815
fold_state_stratified,5,AGC_054,2.5,B06_C2_PLS,2.9034172880680895
fold_state_stratified,5,AGC_055,5.45,B06_C2_PLS,4.760169172420353
fold_state_stratified,5,AGC_056,5.07,B06_C2_PLS,4.246734580602857
fold_state_stratified,5,AGC_058,2.5,B06_C2_PLS,3.3131951335665337
fold_state_stratified,5,AGC_059,4.41,B06_C2_PLS,4.09868771744644
fold_state_stratified,5,AGC_062,3.81,B06_C2_PLS,4.142613427663594
fold_state_stratified,5,AGC_064,4.51,B06_C2_PLS,4.388883738748883
fold_state_stratified,5,AGC_066,3.0,B06_C2_PLS,3.090878459678306
fold_state_stratified,5,AGC_067,3.0,B06_C2_PLS,3.959807395529525
fold_state_stratified,5,AGC_068,2.5,B06_C2_PLS,3.3540929959788173
fold_state_stratified,5,AGC_069,5.46,B06_C2_PLS,4.830710038016492
fold_state_stratified,5,AGC_070,3.3,B06_C2_PLS,3.393779007064346
fold_state_stratified,5,AGC_072,4.55,B06_C2_PLS,4.2251042775905425
fold_state_stratified,5,AGC_073,4.3,B06_C2_PLS,4.181545457879307
fold_state_stratified,5,AGC_074,2.5,B06_C2_PLS,2.7020044251518915
fold_state_stratified,5,AGC_077,4.76,B06_C2_PLS,4.165392358750339
fold_state_stratified,5,AGC_078,3.0,B06_C2_PLS,3.13678588082899
fold_state_stratified,5,AGC_079,3.3,B06_C2_PLS,3.0860545511557227
fold_state_stratified,5,AGC_080,3.5,B06_C2_PLS,2.964383808999804
fold_state_stratified,5,AGC_081,3.7,B06_C2_PLS,3.4385308530062857
fold_state_stratified,5,AGC_083,4.61,B06_C2_PLS,4.2069615311518795
fold_state_stratified,5,AGC_089,3.0,B06_C2_PLS,3.109700623931947
fold_state_stratified,5,AGC_090,4.68,B06_C2_PLS,4.394793729188764
fold_state_stratified,5,AGC_097,4.69,B06_C2_PLS,4.521404384113435
fold_state_stratified,5,AGC_098,3.0,B06_C2_PLS,2.9589781621560896
fold_state_stratified,5,AGC_099,3.5,B06_C2_PLS,3.13722413459121
fold_state_stratified,5,AGC_100,4.5,B06_C2_PLS,4.312965133969301
fold_state_stratified,5,AGC_102,4.4,B06_C2_PLS,4.395081545159884
fold_state_stratified,5,AGC_103,3.0,B06_C2_PLS,2.744436583003327
fold_state_stratified,5,AGC_104,4.56,B06_C2_PLS,4.3367749420431485
fold_state_stratified,5,AGC_106,4.43,B06_C2_PLS,4.202422849392281
fold_state_stratified,5,AGC_108,4.51,B06_C2_PLS,4.818722192099189
fold_state_stratified,5,AGC_109,4.54,B06_C2_PLS,4.358691387097707
fold_state_stratified,5,AGC_110,4.18,B06_C2_PLS,4.326204824654486
fold_state_stratified,5,AGC_111,4.72,B06_C2_PLS,4.383522132705449
fold_state_stratified,5,AGC_112,3.0,B06_C2_PLS,3.0878093072493593
fold_state_stratified,5,AGC_115,4.6,B06_C2_PLS,4.047349957445386
fold_state_stratified,5,AGC_117,3.5,B06_C2_PLS,3.48077411210484
fold_state_stratified,5,AGC_119,4.4,B06_C2_PLS,4.564968453898508
fold_state_stratified,5,AGC_121,3.3,B06_C2_PLS,2.8799285603868965
fold_state_stratified,5,AGC_122,3.5,B06_C2_PLS,2.6287798509335993
fold_state_stratified,5,AGC_124,5.05,B06_C2_PLS,4.950551633622162
fold_state_stratified,5,AGC_125,4.06,B06_C2_PLS,4.3816088854474575
fold_state_stratified,5,AGC_127,5.57,B06_C2_PLS,5.0105991479273815
fold_state_stratified,5,AGC_131,4.89,B06_C2_PLS,4.6037505260999705
fold_state_stratified,5,AGC_132,4.13,B06_C2_PLS,4.3636879892034335
fold_state_stratified,5,AGC_133,3.91,B06_C2_PLS,4.590688006620493
fold_state_stratified,5,AGC_134,4.52,B06_C2_PLS,4.268052862712241
fold_state_stratified,5,AGC_135,4.49,B06_C2_PLS,4.229587650432799
fold_state_stratified,5,AGC_138,2.5,B06_C2_PLS,3.7174254384778767
fold_state_stratified,5,AGC_139,4.67,B06_C2_PLS,4.172444114278895
fold_state_stratified,5,AGC_140,3.2,B06_C2_PLS,2.9302587229867596
fold_state_stratified,5,AGC_144,2.5,B06_C2_PLS,2.753569648900438
fold_state_stratified,5,AGC_145,3.5,B06_C2_PLS,2.786116692713602
fold_state_stratified,5,AGC_148,3.0,B06_C2_PLS,3.0035469136428974
fold_state_stratified,5,AGC_150,4.52,B06_C2_PLS,4.519842965672867
fold_state_stratified,5,AGC_151,4.69,B06_C2_PLS,5.311768919479435
fold_state_stratified,5,AGC_152,4.87,B06_C2_PLS,4.616487848997412
fold_state_stratified,5,AGC_155,4.52,B06_C2_PLS,4.787087088542054
fold_state_stratified,5,AGC_157,3.0,B06_C2_PLS,3.0810748224024738
fold_state_stratified,5,AGC_159,4.77,B06_C2_PLS,4.636004032241404
fold_state_stratified,5,AGC_160,3.62,B06_C2_PLS,4.7616335195582895
fold_state_stratified,5,AGC_161,4.46,B06_C2_PLS,4.569127541613513
fold_state_stratified,5,AGC_163,3.0,B06_C2_PLS,3.215748437294808
fold_state_stratified,5,AGC_164,3.0,B06_C2_PLS,3.0690628456087024
fold_state_stratified,5,AGC_165,4.44,B06_C2_PLS,4.462879998738651
fold_state_stratified,5,AGC_166,2.5,B06_C2_PLS,3.6384100326357984
fold_state_stratified,5,AGC_167,4.54,B06_C2_PLS,4.572161593141774
fold_state_stratified,5,AGC_168,4.49,B06_C2_PLS,4.4969275317341735
fold_state_stratified,5,AGC_170,3.0,B06_C2_PLS,3.1492793586516843
fold_state_stratified,5,AGC_171,2.15,B06_C2_PLS,4.349991521088675
fold_state_stratified,5,AGC_172,5.19,B06_C2_PLS,4.3464891171208055
fold_state_stratified,5,AGC_176,4.38,B06_C2_PLS,4.186645804766663
fold_state_stratified,5,AGC_178,4.39,B06_C2_PLS,4.022530219739361
fold_state_stratified,5,AGC_180,4.14,B06_C2_PLS,4.069513893431555
fold_state_stratified,5,AGC_181,4.51,B06_C2_PLS,4.362947103099334
fold_state_stratified,5,AGC_187,3.0,B06_C2_PLS,3.007215757296558
fold_state_stratified,5,AGC_193,4.57,B06_C2_PLS,4.184589041935559
fold_state_stratified,5,AGC_194,3.2,B06_C2_PLS,3.5668937291792413
fold_state_stratified,5,AGC_196,3.5,B06_C2_PLS,3.1861866998954813
fold_state_stratified,5,AGC_197,4.52,B06_C2_PLS,4.190913442995896
fold_state_stratified,5,AGC_004,3.0,B07_C1_ExtraTrees,2.9532079166666687
fold_state_stratified,5,AGC_005,5.16,B07_C1_ExtraTrees,4.4988916666666645
fold_state_stratified,5,AGC_007,3.5,B07_C1_ExtraTrees,3.2927708333333343
fold_state_stratified,5,AGC_008,4.55,B07_C1_ExtraTrees,4.218601666666666
fold_state_stratified,5,AGC_009,4.79,B07_C1_ExtraTrees,4.270156249999999
fold_state_stratified,5,AGC_010,4.1,B07_C1_ExtraTrees,4.424156250000001
fold_state_stratified,5,AGC_012,4.69,B07_C1_ExtraTrees,4.682290000000002
fold_state_stratified,5,AGC_014,4.83,B07_C1_ExtraTrees,4.100516666666662
fold_state_stratified,5,AGC_015,2.64,B07_C1_ExtraTrees,4.922872083333326
fold_state_stratified,5,AGC_017,4.98,B07_C1_ExtraTrees,4.343875000000006
fold_state_stratified,5,AGC_018,4.49,B07_C1_ExtraTrees,4.2569170833333345
fold_state_stratified,5,AGC_019,3.0,B07_C1_ExtraTrees,3.271899583333335
fold_state_stratified,5,AGC_021,4.94,B07_C1_ExtraTrees,4.771159166666666
fold_state_stratified,5,AGC_022,4.55,B07_C1_ExtraTrees,4.223495654761906
fold_state_stratified,5,AGC_023,3.0,B07_C1_ExtraTrees,3.1807654166666675
fold_state_stratified,5,AGC_024,3.03,B07_C1_ExtraTrees,4.539312499999997
fold_state_stratified,5,AGC_026,3.55,B07_C1_ExtraTrees,4.246519821428571
fold_state_stratified,5,AGC_032,4.03,B07_C1_ExtraTrees,4.507826666666666
fold_state_stratified,5,AGC_033,4.47,B07_C1_ExtraTrees,4.64834583333333
fold_state_stratified,5,AGC_037,3.5,B07_C1_ExtraTrees,3.1936291666666663
fold_state_stratified,5,AGC_038,3.3,B07_C1_ExtraTrees,3.276045833333323
fold_state_stratified,5,AGC_040,3.0,B07_C1_ExtraTrees,2.918088333333335
fold_state_stratified,5,AGC_041,2.5,B07_C1_ExtraTrees,3.2872254166666655
fold_state_stratified,5,AGC_044,3.5,B07_C1_ExtraTrees,3.24677375
fold_state_stratified,5,AGC_045,4.1,B07_C1_ExtraTrees,4.515382499999998
fold_state_stratified,5,AGC_047,4.45,B07_C1_ExtraTrees,3.4857541666666676
fold_state_stratified,5,AGC_048,2.5,B07_C1_ExtraTrees,3.27809875
fold_state_stratified,5,AGC_049,5.53,B07_C1_ExtraTrees,4.867533333333339
fold_state_stratified,5,AGC_051,4.45,B07_C1_ExtraTrees,4.157711666666664
fold_state_stratified,5,AGC_053,3.5,B07_C1_ExtraTrees,3.058709583333335
fold_state_stratified,5,AGC_054,2.5,B07_C1_ExtraTrees,3.037070833333334
fold_state_stratified,5,AGC_055,5.45,B07_C1_ExtraTrees,4.58532625
fold_state_stratified,5,AGC_056,5.07,B07_C1_ExtraTrees,4.512929166666664
fold_state_stratified,5,AGC_058,2.5,B07_C1_ExtraTrees,3.201014583333331
fold_state_stratified,5,AGC_059,4.41,B07_C1_ExtraTrees,4.17411208333333
fold_state_stratified,5,AGC_062,3.81,B07_C1_ExtraTrees,4.2799625000000034
fold_state_stratified,5,AGC_064,4.51,B07_C1_ExtraTrees,4.629208333333341
fold_state_stratified,5,AGC_066,3.0,B07_C1_ExtraTrees,3.330366666666665
fold_state_stratified,5,AGC_067,3.0,B07_C1_ExtraTrees,3.347074166666668
fold_state_stratified,5,AGC_068,2.5,B07_C1_ExtraTrees,3.0669370833333334
fold_state_stratified,5,AGC_069,5.46,B07_C1_ExtraTrees,4.3997816666666685
fold_state_stratified,5,AGC_070,3.3,B07_C1_ExtraTrees,3.4826566666666685
fold_state_stratified,5,AGC_072,4.55,B07_C1_ExtraTrees,4.489337500000002
fold_state_stratified,5,AGC_073,4.3,B07_C1_ExtraTrees,4.341678749999998
fold_state_stratified,5,AGC_074,2.5,B07_C1_ExtraTrees,3.4182349999999992
fold_state_stratified,5,AGC_077,4.76,B07_C1_ExtraTrees,4.494425000000005
fold_state_stratified,5,AGC_078,3.0,B07_C1_ExtraTrees,3.2843954166666665
fold_state_stratified,5,AGC_079,3.3,B07_C1_ExtraTrees,3.314730833333336
fold_state_stratified,5,AGC_080,3.5,B07_C1_ExtraTrees,3.261408333333335
fold_state_stratified,5,AGC_081,3.7,B07_C1_ExtraTrees,3.1993958333333268
fold_state_stratified,5,AGC_083,4.61,B07_C1_ExtraTrees,4.417216666666666
fold_state_stratified,5,AGC_089,3.0,B07_C1_ExtraTrees,3.120644583333336
fold_state_stratified,5,AGC_090,4.68,B07_C1_ExtraTrees,4.190908333333335
fold_state_stratified,5,AGC_097,4.69,B07_C1_ExtraTrees,4.792964166666661
fold_state_stratified,5,AGC_098,3.0,B07_C1_ExtraTrees,3.1350625000000014
fold_state_stratified,5,AGC_099,3.5,B07_C1_ExtraTrees,2.9651445833333367
fold_state_stratified,5,AGC_100,4.5,B07_C1_ExtraTrees,4.318695416666667
fold_state_stratified,5,AGC_102,4.4,B07_C1_ExtraTrees,4.455866666666666
fold_state_stratified,5,AGC_103,3.0,B07_C1_ExtraTrees,3.3155350000000023
fold_state_stratified,5,AGC_104,4.56,B07_C1_ExtraTrees,4.351131488095242
fold_state_stratified,5,AGC_106,4.43,B07_C1_ExtraTrees,4.2379291666666665
fold_state_stratified,5,AGC_108,4.51,B07_C1_ExtraTrees,4.961818333333327
fold_state_stratified,5,AGC_109,4.54,B07_C1_ExtraTrees,4.506487500000003
fold_state_stratified,5,AGC_110,4.18,B07_C1_ExtraTrees,4.242959821428572
fold_state_stratified,5,AGC_111,4.72,B07_C1_ExtraTrees,4.5847270833333305
fold_state_stratified,5,AGC_112,3.0,B07_C1_ExtraTrees,2.7965333333333326
fold_state_stratified,5,AGC_115,4.6,B07_C1_ExtraTrees,4.290208333333336
fold_state_stratified,5,AGC_117,3.5,B07_C1_ExtraTrees,3.307674999999999
fold_state_stratified,5,AGC_119,4.4,B07_C1_ExtraTrees,4.722138749999998
fold_state_stratified,5,AGC_121,3.3,B07_C1_ExtraTrees,3.003795833333333
fold_state_stratified,5,AGC_122,3.5,B07_C1_ExtraTrees,3.070277916666671
fold_state_stratified,5,AGC_124,5.05,B07_C1_ExtraTrees,5.0423395833333275
fold_state_stratified,5,AGC_125,4.06,B07_C1_ExtraTrees,4.387214166666671
fold_state_stratified,5,AGC_127,5.57,B07_C1_ExtraTrees,4.445494166666664
fold_state_stratified,5,AGC_131,4.89,B07_C1_ExtraTrees,4.516213749999997
fold_state_stratified,5,AGC_132,4.13,B07_C1_ExtraTrees,4.626995833333336
fold_state_stratified,5,AGC_133,3.91,B07_C1_ExtraTrees,4.400969166666669
fold_state_stratified,5,AGC_134,4.52,B07_C1_ExtraTrees,4.298032916666659
fold_state_stratified,5,AGC_135,4.49,B07_C1_ExtraTrees,4.5864395833333305
fold_state_stratified,5,AGC_138,2.5,B07_C1_ExtraTrees,3.1721374999999994
fold_state_stratified,5,AGC_139,4.67,B07_C1_ExtraTrees,4.338737500000002
fold_state_stratified,5,AGC_140,3.2,B07_C1_ExtraTrees,3.2887291666666676
fold_state_stratified,5,AGC_144,2.5,B07_C1_ExtraTrees,3.10458
fold_state_stratified,5,AGC_145,3.5,B07_C1_ExtraTrees,3.1504500000000006
fold_state_stratified,5,AGC_148,3.0,B07_C1_ExtraTrees,3.222648333333334
fold_state_stratified,5,AGC_150,4.52,B07_C1_ExtraTrees,4.361237499999996
fold_state_stratified,5,AGC_151,4.69,B07_C1_ExtraTrees,4.469547499999996
fold_state_stratified,5,AGC_152,4.87,B07_C1_ExtraTrees,4.305737499999998
fold_state_stratified,5,AGC_155,4.52,B07_C1_ExtraTrees,4.556106666666666
fold_state_stratified,5,AGC_157,3.0,B07_C1_ExtraTrees,2.9770833333333337
fold_state_stratified,5,AGC_159,4.77,B07_C1_ExtraTrees,4.553312916666669
fold_state_stratified,5,AGC_160,3.62,B07_C1_ExtraTrees,4.782256666666661
fold_state_stratified,5,AGC_161,4.46,B07_C1_ExtraTrees,4.638852083333334
fold_state_stratified,5,AGC_163,3.0,B07_C1_ExtraTrees,2.9769145833333344
fold_state_stratified,5,AGC_164,3.0,B07_C1_ExtraTrees,3.0215458333333327
fold_state_stratified,5,AGC_165,4.44,B07_C1_ExtraTrees,4.397248750000004
fold_state_stratified,5,AGC_166,2.5,B07_C1_ExtraTrees,3.504248750000001
fold_state_stratified,5,AGC_167,4.54,B07_C1_ExtraTrees,4.429137500000001
fold_state_stratified,5,AGC_168,4.49,B07_C1_ExtraTrees,4.289534583333338
fold_state_stratified,5,AGC_170,3.0,B07_C1_ExtraTrees,3.1847791666666665
fold_state_stratified,5,AGC_171,2.15,B07_C1_ExtraTrees,4.502954166666662
fold_state_stratified,5,AGC_172,5.19,B07_C1_ExtraTrees,4.5352524999999995
fold_state_stratified,5,AGC_176,4.38,B07_C1_ExtraTrees,4.303832916666666
fold_state_stratified,5,AGC_178,4.39,B07_C1_ExtraTrees,4.185714583333335
fold_state_stratified,5,AGC_180,4.14,B07_C1_ExtraTrees,4.246001666666663
fold_state_stratified,5,AGC_181,4.51,B07_C1_ExtraTrees,4.205570000000002
fold_state_stratified,5,AGC_187,3.0,B07_C1_ExtraTrees,3.1239287499999984
fold_state_stratified,5,AGC_193,4.57,B07_C1_ExtraTrees,3.86663291666667
fold_state_stratified,5,AGC_194,3.2,B07_C1_ExtraTrees,3.3618400000000013
fold_state_stratified,5,AGC_196,3.5,B07_C1_ExtraTrees,3.352835416666665
fold_state_stratified,5,AGC_197,4.52,B07_C1_ExtraTrees,3.9950437500000042
fold_state_stratified,5,AGC_004,3.0,B08_C1_PLS,3.1779070762646975
fold_state_stratified,5,AGC_005,5.16,B08_C1_PLS,4.903729012230615
fold_state_stratified,5,AGC_007,3.5,B08_C1_PLS,3.342750663227716
fold_state_stratified,5,AGC_008,4.55,B08_C1_PLS,4.240369986884543
fold_state_stratified,5,AGC_009,4.79,B08_C1_PLS,4.1639056793219265
fold_state_stratified,5,AGC_010,4.1,B08_C1_PLS,4.428171367619091
fold_state_stratified,5,AGC_012,4.69,B08_C1_PLS,4.974331738706498
fold_state_stratified,5,AGC_014,4.83,B08_C1_PLS,4.643184941578653
fold_state_stratified,5,AGC_015,2.64,B08_C1_PLS,4.79478317094601
fold_state_stratified,5,AGC_017,4.98,B08_C1_PLS,4.6001442900615395
fold_state_stratified,5,AGC_018,4.49,B08_C1_PLS,4.551950422615632
fold_state_stratified,5,AGC_019,3.0,B08_C1_PLS,2.8012331167434987
fold_state_stratified,5,AGC_021,4.94,B08_C1_PLS,4.625079650079197
fold_state_stratified,5,AGC_022,4.55,B08_C1_PLS,4.138364189902921
fold_state_stratified,5,AGC_023,3.0,B08_C1_PLS,3.1797682315608413
fold_state_stratified,5,AGC_024,3.03,B08_C1_PLS,4.1363308282178535
fold_state_stratified,5,AGC_026,3.55,B08_C1_PLS,4.329960061005125
fold_state_stratified,5,AGC_032,4.03,B08_C1_PLS,4.24845143279277
fold_state_stratified,5,AGC_033,4.47,B08_C1_PLS,4.360653026634473
fold_state_stratified,5,AGC_037,3.5,B08_C1_PLS,3.3299042791775157
fold_state_stratified,5,AGC_038,3.3,B08_C1_PLS,3.5781651187200856
fold_state_stratified,5,AGC_040,3.0,B08_C1_PLS,3.1835770946366
fold_state_stratified,5,AGC_041,2.5,B08_C1_PLS,3.6897020025885654
fold_state_stratified,5,AGC_044,3.5,B08_C1_PLS,3.2776531150912724
fold_state_stratified,5,AGC_045,4.1,B08_C1_PLS,4.448113330185214
fold_state_stratified,5,AGC_047,4.45,B08_C1_PLS,3.6683527809564898
fold_state_stratified,5,AGC_048,2.5,B08_C1_PLS,3.2881695781703435
fold_state_stratified,5,AGC_049,5.53,B08_C1_PLS,4.806498077682585
fold_state_stratified,5,AGC_051,4.45,B08_C1_PLS,4.085449625213321
fold_state_stratified,5,AGC_053,3.5,B08_C1_PLS,3.1773316985845304
fold_state_stratified,5,AGC_054,2.5,B08_C1_PLS,2.7717411896004904
fold_state_stratified,5,AGC_055,5.45,B08_C1_PLS,4.544055852408033
fold_state_stratified,5,AGC_056,5.07,B08_C1_PLS,4.16104934026939
fold_state_stratified,5,AGC_058,2.5,B08_C1_PLS,3.2778494049802385
fold_state_stratified,5,AGC_059,4.41,B08_C1_PLS,4.136396959258505
fold_state_stratified,5,AGC_062,3.81,B08_C1_PLS,4.220127528160805
fold_state_stratified,5,AGC_064,4.51,B08_C1_PLS,4.3606100267964845
fold_state_stratified,5,AGC_066,3.0,B08_C1_PLS,3.061182622831467
fold_state_stratified,5,AGC_067,3.0,B08_C1_PLS,3.444156513483153
fold_state_stratified,5,AGC_068,2.5,B08_C1_PLS,3.3515717597245818
fold_state_stratified,5,AGC_069,5.46,B08_C1_PLS,4.504510656654743
fold_state_stratified,5,AGC_070,3.3,B08_C1_PLS,3.63535523470158
fold_state_stratified,5,AGC_072,4.55,B08_C1_PLS,4.389326560660152
fold_state_stratified,5,AGC_073,4.3,B08_C1_PLS,4.212597774977131
fold_state_stratified,5,AGC_074,2.5,B08_C1_PLS,2.586862882266262
fold_state_stratified,5,AGC_077,4.76,B08_C1_PLS,4.074550736627017
fold_state_stratified,5,AGC_078,3.0,B08_C1_PLS,3.250418537358785
fold_state_stratified,5,AGC_079,3.3,B08_C1_PLS,3.302077534764031
fold_state_stratified,5,AGC_080,3.5,B08_C1_PLS,3.156217108983193
fold_state_stratified,5,AGC_081,3.7,B08_C1_PLS,3.293265877039386
fold_state_stratified,5,AGC_083,4.61,B08_C1_PLS,3.9234588101081744
fold_state_stratified,5,AGC_089,3.0,B08_C1_PLS,3.121502851647746
fold_state_stratified,5,AGC_090,4.68,B08_C1_PLS,4.291354227244433
fold_state_stratified,5,AGC_097,4.69,B08_C1_PLS,4.669954148536277
fold_state_stratified,5,AGC_098,3.0,B08_C1_PLS,2.511693292987867
fold_state_stratified,5,AGC_099,3.5,B08_C1_PLS,3.236101564703999
fold_state_stratified,5,AGC_100,4.5,B08_C1_PLS,4.350607358489771
fold_state_stratified,5,AGC_102,4.4,B08_C1_PLS,4.00849501155362
fold_state_stratified,5,AGC_103,3.0,B08_C1_PLS,2.7828114250676874
fold_state_stratified,5,AGC_104,4.56,B08_C1_PLS,4.48864123564542
fold_state_stratified,5,AGC_106,4.43,B08_C1_PLS,4.276684655845138
fold_state_stratified,5,AGC_108,4.51,B08_C1_PLS,4.689119790789709
fold_state_stratified,5,AGC_109,4.54,B08_C1_PLS,4.473675267399024
fold_state_stratified,5,AGC_110,4.18,B08_C1_PLS,4.331375669138444
fold_state_stratified,5,AGC_111,4.72,B08_C1_PLS,4.438246669594207
fold_state_stratified,5,AGC_112,3.0,B08_C1_PLS,3.1216127829740348
fold_state_stratified,5,AGC_115,4.6,B08_C1_PLS,4.125385115894095
fold_state_stratified,5,AGC_117,3.5,B08_C1_PLS,3.357883658048585
fold_state_stratified,5,AGC_119,4.4,B08_C1_PLS,4.6190496676500254
fold_state_stratified,5,AGC_121,3.3,B08_C1_PLS,2.9309262208124416
fold_state_stratified,5,AGC_122,3.5,B08_C1_PLS,2.6362383952743977
fold_state_stratified,5,AGC_124,5.05,B08_C1_PLS,4.937059436739278
fold_state_stratified,5,AGC_125,4.06,B08_C1_PLS,4.46933378683469
fold_state_stratified,5,AGC_127,5.57,B08_C1_PLS,5.210832154808723
fold_state_stratified,5,AGC_131,4.89,B08_C1_PLS,4.2431387781789995
fold_state_stratified,5,AGC_132,4.13,B08_C1_PLS,4.441408686618403
fold_state_stratified,5,AGC_133,3.91,B08_C1_PLS,4.520030044105323
fold_state_stratified,5,AGC_134,4.52,B08_C1_PLS,4.29883050345617
fold_state_stratified,5,AGC_135,4.49,B08_C1_PLS,4.365367787179407
fold_state_stratified,5,AGC_138,2.5,B08_C1_PLS,3.517344892613879
fold_state_stratified,5,AGC_139,4.67,B08_C1_PLS,4.249913438886069
fold_state_stratified,5,AGC_140,3.2,B08_C1_PLS,3.0326456280085425
fold_state_stratified,5,AGC_144,2.5,B08_C1_PLS,2.8376960775236344
fold_state_stratified,5,AGC_145,3.5,B08_C1_PLS,2.582988059196384
fold_state_stratified,5,AGC_148,3.0,B08_C1_PLS,3.148897387234998
fold_state_stratified,5,AGC_150,4.52,B08_C1_PLS,4.538024783407515
fold_state_stratified,5,AGC_151,4.69,B08_C1_PLS,4.9438092022235605
fold_state_stratified,5,AGC_152,4.87,B08_C1_PLS,4.872390664789778
fold_state_stratified,5,AGC_155,4.52,B08_C1_PLS,4.728532170311076
fold_state_stratified,5,AGC_157,3.0,B08_C1_PLS,2.8550635544329115
fold_state_stratified,5,AGC_159,4.77,B08_C1_PLS,4.689498451265571
fold_state_stratified,5,AGC_160,3.62,B08_C1_PLS,4.826909150568109
fold_state_stratified,5,AGC_161,4.46,B08_C1_PLS,4.813282996565437
fold_state_stratified,5,AGC_163,3.0,B08_C1_PLS,3.140282549790672
fold_state_stratified,5,AGC_164,3.0,B08_C1_PLS,3.057424502995474
fold_state_stratified,5,AGC_165,4.44,B08_C1_PLS,4.2689490284831795
fold_state_stratified,5,AGC_166,2.5,B08_C1_PLS,3.6712153279337345
fold_state_stratified,5,AGC_167,4.54,B08_C1_PLS,4.741786350087134
fold_state_stratified,5,AGC_168,4.49,B08_C1_PLS,4.55500462236564
fold_state_stratified,5,AGC_170,3.0,B08_C1_PLS,2.9338962917128404
fold_state_stratified,5,AGC_171,2.15,B08_C1_PLS,4.1515063049477305
fold_state_stratified,5,AGC_172,5.19,B08_C1_PLS,4.387529602666002
fold_state_stratified,5,AGC_176,4.38,B08_C1_PLS,4.196431774520874
fold_state_stratified,5,AGC_178,4.39,B08_C1_PLS,3.808459768380365
fold_state_stratified,5,AGC_180,4.14,B08_C1_PLS,4.172272036576109
fold_state_stratified,5,AGC_181,4.51,B08_C1_PLS,4.117146827757226
fold_state_stratified,5,AGC_187,3.0,B08_C1_PLS,3.101560614785968
fold_state_stratified,5,AGC_193,4.57,B08_C1_PLS,4.083750045532851
fold_state_stratified,5,AGC_194,3.2,B08_C1_PLS,3.752209389154294
fold_state_stratified,5,AGC_196,3.5,B08_C1_PLS,3.383252628508995
fold_state_stratified,5,AGC_197,4.52,B08_C1_PLS,3.965937709108153
fold_state_stratified,5,AGC_004,3.0,B09_C0_PCA_Ridge,3.3176752217731855
fold_state_stratified,5,AGC_005,5.16,B09_C0_PCA_Ridge,4.355376627188971
fold_state_stratified,5,AGC_007,3.5,B09_C0_PCA_Ridge,3.2485792960910636
fold_state_stratified,5,AGC_008,4.55,B09_C0_PCA_Ridge,4.109925660527577
fold_state_stratified,5,AGC_009,4.79,B09_C0_PCA_Ridge,4.0673063563742655
fold_state_stratified,5,AGC_010,4.1,B09_C0_PCA_Ridge,4.188417700377985
fold_state_stratified,5,AGC_012,4.69,B09_C0_PCA_Ridge,4.961918401679288
fold_state_stratified,5,AGC_014,4.83,B09_C0_PCA_Ridge,4.16590631392464
fold_state_stratified,5,AGC_015,2.64,B09_C0_PCA_Ridge,4.732287999544129
fold_state_stratified,5,AGC_017,4.98,B09_C0_PCA_Ridge,4.508387513830199
fold_state_stratified,5,AGC_018,4.49,B09_C0_PCA_Ridge,4.449460397958609
fold_state_stratified,5,AGC_019,3.0,B09_C0_PCA_Ridge,3.039245756933447
fold_state_stratified,5,AGC_021,4.94,B09_C0_PCA_Ridge,4.5291307588932
fold_state_stratified,5,AGC_022,4.55,B09_C0_PCA_Ridge,4.243171038684349
fold_state_stratified,5,AGC_023,3.0,B09_C0_PCA_Ridge,3.1561741196122695
fold_state_stratified,5,AGC_024,3.03,B09_C0_PCA_Ridge,4.056080773839386
fold_state_stratified,5,AGC_026,3.55,B09_C0_PCA_Ridge,4.3168199262313
fold_state_stratified,5,AGC_032,4.03,B09_C0_PCA_Ridge,4.436808855147348
fold_state_stratified,5,AGC_033,4.47,B09_C0_PCA_Ridge,4.33210312273883
fold_state_stratified,5,AGC_037,3.5,B09_C0_PCA_Ridge,3.298249227734578
fold_state_stratified,5,AGC_038,3.3,B09_C0_PCA_Ridge,3.4894841851080387
fold_state_stratified,5,AGC_040,3.0,B09_C0_PCA_Ridge,3.055190205865294
fold_state_stratified,5,AGC_041,2.5,B09_C0_PCA_Ridge,3.601459238310259
fold_state_stratified,5,AGC_044,3.5,B09_C0_PCA_Ridge,2.964680781419255
fold_state_stratified,5,AGC_045,4.1,B09_C0_PCA_Ridge,4.717276604341825
fold_state_stratified,5,AGC_047,4.45,B09_C0_PCA_Ridge,3.310834689731752
fold_state_stratified,5,AGC_048,2.5,B09_C0_PCA_Ridge,3.4053262377458817
fold_state_stratified,5,AGC_049,5.53,B09_C0_PCA_Ridge,4.750839278342961
fold_state_stratified,5,AGC_051,4.45,B09_C0_PCA_Ridge,3.7300298996267425
fold_state_stratified,5,AGC_053,3.5,B09_C0_PCA_Ridge,3.2310586490283746
fold_state_stratified,5,AGC_054,2.5,B09_C0_PCA_Ridge,3.1024957990386586
fold_state_stratified,5,AGC_055,5.45,B09_C0_PCA_Ridge,4.663806629875651
fold_state_stratified,5,AGC_056,5.07,B09_C0_PCA_Ridge,4.309048361856619
fold_state_stratified,5,AGC_058,2.5,B09_C0_PCA_Ridge,3.1771886004970415
fold_state_stratified,5,AGC_059,4.41,B09_C0_PCA_Ridge,4.185632283225174
fold_state_stratified,5,AGC_062,3.81,B09_C0_PCA_Ridge,4.233555719313101
fold_state_stratified,5,AGC_064,4.51,B09_C0_PCA_Ridge,4.433633135007778
fold_state_stratified,5,AGC_066,3.0,B09_C0_PCA_Ridge,3.2234781236351546
fold_state_stratified,5,AGC_067,3.0,B09_C0_PCA_Ridge,3.7278299760506814
fold_state_stratified,5,AGC_068,2.5,B09_C0_PCA_Ridge,3.330802136121347
fold_state_stratified,5,AGC_069,5.46,B09_C0_PCA_Ridge,4.713719465599996
fold_state_stratified,5,AGC_070,3.3,B09_C0_PCA_Ridge,3.5884586374076766
fold_state_stratified,5,AGC_072,4.55,B09_C0_PCA_Ridge,4.216756349912901
fold_state_stratified,5,AGC_073,4.3,B09_C0_PCA_Ridge,4.2742796330227755
fold_state_stratified,5,AGC_074,2.5,B09_C0_PCA_Ridge,2.9942279887076264
fold_state_stratified,5,AGC_077,4.76,B09_C0_PCA_Ridge,4.20352340961706
fold_state_stratified,5,AGC_078,3.0,B09_C0_PCA_Ridge,3.1134015246802065
fold_state_stratified,5,AGC_079,3.3,B09_C0_PCA_Ridge,3.2979604090994052
fold_state_stratified,5,AGC_080,3.5,B09_C0_PCA_Ridge,3.0536167867731936
fold_state_stratified,5,AGC_081,3.7,B09_C0_PCA_Ridge,3.5191639135528794
fold_state_stratified,5,AGC_083,4.61,B09_C0_PCA_Ridge,4.089999136121349
fold_state_stratified,5,AGC_089,3.0,B09_C0_PCA_Ridge,3.271984967038203
fold_state_stratified,5,AGC_090,4.68,B09_C0_PCA_Ridge,4.363928223317256
fold_state_stratified,5,AGC_097,4.69,B09_C0_PCA_Ridge,4.599496990595367
fold_state_stratified,5,AGC_098,3.0,B09_C0_PCA_Ridge,3.2462001301465686
fold_state_stratified,5,AGC_099,3.5,B09_C0_PCA_Ridge,3.133757308344855
fold_state_stratified,5,AGC_100,4.5,B09_C0_PCA_Ridge,4.13521343024893
fold_state_stratified,5,AGC_102,4.4,B09_C0_PCA_Ridge,4.355094143265217
fold_state_stratified,5,AGC_103,3.0,B09_C0_PCA_Ridge,2.931518658559614
fold_state_stratified,5,AGC_104,4.56,B09_C0_PCA_Ridge,4.271384578997129
fold_state_stratified,5,AGC_106,4.43,B09_C0_PCA_Ridge,4.103918008760105
fold_state_stratified,5,AGC_108,4.51,B09_C0_PCA_Ridge,4.657041925035869
fold_state_stratified,5,AGC_109,4.54,B09_C0_PCA_Ridge,4.542270841463077
fold_state_stratified,5,AGC_110,4.18,B09_C0_PCA_Ridge,4.2919582540498205
fold_state_stratified,5,AGC_111,4.72,B09_C0_PCA_Ridge,4.369219149134884
fold_state_stratified,5,AGC_112,3.0,B09_C0_PCA_Ridge,2.924709359544481
fold_state_stratified,5,AGC_115,4.6,B09_C0_PCA_Ridge,4.152363316601176
fold_state_stratified,5,AGC_117,3.5,B09_C0_PCA_Ridge,3.3296073415831478
fold_state_stratified,5,AGC_119,4.4,B09_C0_PCA_Ridge,4.808670147540788
fold_state_stratified,5,AGC_121,3.3,B09_C0_PCA_Ridge,3.080998418962408
fold_state_stratified,5,AGC_122,3.5,B09_C0_PCA_Ridge,2.8244061627488337
fold_state_stratified,5,AGC_124,5.05,B09_C0_PCA_Ridge,5.0051597021544625
fold_state_stratified,5,AGC_125,4.06,B09_C0_PCA_Ridge,4.281017912465697
fold_state_stratified,5,AGC_127,5.57,B09_C0_PCA_Ridge,4.818620089423577
fold_state_stratified,5,AGC_131,4.89,B09_C0_PCA_Ridge,4.52935858490792
fold_state_stratified,5,AGC_132,4.13,B09_C0_PCA_Ridge,4.397934549188779
fold_state_stratified,5,AGC_133,3.91,B09_C0_PCA_Ridge,4.484607727446143
fold_state_stratified,5,AGC_134,4.52,B09_C0_PCA_Ridge,4.246286169969984
fold_state_stratified,5,AGC_135,4.49,B09_C0_PCA_Ridge,4.231506954688302
fold_state_stratified,5,AGC_138,2.5,B09_C0_PCA_Ridge,3.505892879768461
fold_state_stratified,5,AGC_139,4.67,B09_C0_PCA_Ridge,4.1183516743270925
fold_state_stratified,5,AGC_140,3.2,B09_C0_PCA_Ridge,3.021821065622396
fold_state_stratified,5,AGC_144,2.5,B09_C0_PCA_Ridge,2.9279471197411473
fold_state_stratified,5,AGC_145,3.5,B09_C0_PCA_Ridge,3.0415119330029587
fold_state_stratified,5,AGC_148,3.0,B09_C0_PCA_Ridge,3.076057545205518
fold_state_stratified,5,AGC_150,4.52,B09_C0_PCA_Ridge,4.341785615041973
fold_state_stratified,5,AGC_151,4.69,B09_C0_PCA_Ridge,4.905588896958063
fold_state_stratified,5,AGC_152,4.87,B09_C0_PCA_Ridge,4.522846212063336
fold_state_stratified,5,AGC_155,4.52,B09_C0_PCA_Ridge,4.6918511799715645
fold_state_stratified,5,AGC_157,3.0,B09_C0_PCA_Ridge,3.170361821528897
fold_state_stratified,5,AGC_159,4.77,B09_C0_PCA_Ridge,4.6074064258360465
fold_state_stratified,5,AGC_160,3.62,B09_C0_PCA_Ridge,4.85051747923384
fold_state_stratified,5,AGC_161,4.46,B09_C0_PCA_Ridge,4.483946281739961
fold_state_stratified,5,AGC_163,3.0,B09_C0_PCA_Ridge,3.140826815948525
fold_state_stratified,5,AGC_164,3.0,B09_C0_PCA_Ridge,2.932610600356978
fold_state_stratified,5,AGC_165,4.44,B09_C0_PCA_Ridge,4.6053327778731115
fold_state_stratified,5,AGC_166,2.5,B09_C0_PCA_Ridge,3.6953778354016835
fold_state_stratified,5,AGC_167,4.54,B09_C0_PCA_Ridge,4.48509491383314
fold_state_stratified,5,AGC_168,4.49,B09_C0_PCA_Ridge,4.495001474296633
fold_state_stratified,5,AGC_170,3.0,B09_C0_PCA_Ridge,3.101933223156157
fold_state_stratified,5,AGC_171,2.15,B09_C0_PCA_Ridge,4.317311379029527
fold_state_stratified,5,AGC_172,5.19,B09_C0_PCA_Ridge,4.389885615994564
fold_state_stratified,5,AGC_176,4.38,B09_C0_PCA_Ridge,4.243928927130819
fold_state_stratified,5,AGC_178,4.39,B09_C0_PCA_Ridge,4.154261120176925
fold_state_stratified,5,AGC_180,4.14,B09_C0_PCA_Ridge,3.960527178776876
fold_state_stratified,5,AGC_181,4.51,B09_C0_PCA_Ridge,4.443768136153901
fold_state_stratified,5,AGC_187,3.0,B09_C0_PCA_Ridge,3.065112911943649
fold_state_stratified,5,AGC_193,4.57,B09_C0_PCA_Ridge,4.108578463263911
fold_state_stratified,5,AGC_194,3.2,B09_C0_PCA_Ridge,3.6702016491720104
fold_state_stratified,5,AGC_196,3.5,B09_C0_PCA_Ridge,3.125327154427756
fold_state_stratified,5,AGC_197,4.52,B09_C0_PCA_Ridge,4.163366853474089
fold_state_stratified,5,AGC_004,3.0,B10_C1_PCA_Ridge,3.2119119124372433
fold_state_stratified,5,AGC_005,5.16,B10_C1_PCA_Ridge,4.411043489946797
fold_state_stratified,5,AGC_007,3.5,B10_C1_PCA_Ridge,3.424414030893707
fold_state_stratified,5,AGC_008,4.55,B10_C1_PCA_Ridge,4.145705770357566
fold_state_stratified,5,AGC_009,4.79,B10_C1_PCA_Ridge,4.037662987472866
fold_state_stratified,5,AGC_010,4.1,B10_C1_PCA_Ridge,4.233244788968158
fold_state_stratified,5,AGC_012,4.69,B10_C1_PCA_Ridge,5.026613651347338
fold_state_stratified,5,AGC_014,4.83,B10_C1_PCA_Ridge,4.247211118013764
fold_state_stratified,5,AGC_015,2.64,B10_C1_PCA_Ridge,4.840927016814887
fold_state_stratified,5,AGC_017,4.98,B10_C1_PCA_Ridge,4.630720544472514
fold_state_stratified,5,AGC_018,4.49,B10_C1_PCA_Ridge,4.53342480755013
fold_state_stratified,5,AGC_019,3.0,B10_C1_PCA_Ridge,3.1395911791548126
fold_state_stratified,5,AGC_021,4.94,B10_C1_PCA_Ridge,4.484649990625605
fold_state_stratified,5,AGC_022,4.55,B10_C1_PCA_Ridge,4.089031200630549
fold_state_stratified,5,AGC_023,3.0,B10_C1_PCA_Ridge,3.1674679567936455
fold_state_stratified,5,AGC_024,3.03,B10_C1_PCA_Ridge,3.9716352080408766
fold_state_stratified,5,AGC_026,3.55,B10_C1_PCA_Ridge,4.118708670877601
fold_state_stratified,5,AGC_032,4.03,B10_C1_PCA_Ridge,4.460398030985063
fold_state_stratified,5,AGC_033,4.47,B10_C1_PCA_Ridge,4.629003380252328
fold_state_stratified,5,AGC_037,3.5,B10_C1_PCA_Ridge,3.2987173334092543
fold_state_stratified,5,AGC_038,3.3,B10_C1_PCA_Ridge,3.712101904064935
fold_state_stratified,5,AGC_040,3.0,B10_C1_PCA_Ridge,3.2134753319185148
fold_state_stratified,5,AGC_041,2.5,B10_C1_PCA_Ridge,3.6199595377019964
fold_state_stratified,5,AGC_044,3.5,B10_C1_PCA_Ridge,3.23997184535623
fold_state_stratified,5,AGC_045,4.1,B10_C1_PCA_Ridge,4.4165522867402185
fold_state_stratified,5,AGC_047,4.45,B10_C1_PCA_Ridge,3.515164906713284
fold_state_stratified,5,AGC_048,2.5,B10_C1_PCA_Ridge,3.327492942803529
fold_state_stratified,5,AGC_049,5.53,B10_C1_PCA_Ridge,4.937675769777592
fold_state_stratified,5,AGC_051,4.45,B10_C1_PCA_Ridge,4.130260032663688
fold_state_stratified,5,AGC_053,3.5,B10_C1_PCA_Ridge,3.1356481318204565
fold_state_stratified,5,AGC_054,2.5,B10_C1_PCA_Ridge,2.8324949065462137
fold_state_stratified,5,AGC_055,5.45,B10_C1_PCA_Ridge,4.596426271815313
fold_state_stratified,5,AGC_056,5.07,B10_C1_PCA_Ridge,4.488087835470718
fold_state_stratified,5,AGC_058,2.5,B10_C1_PCA_Ridge,3.286528964189071
fold_state_stratified,5,AGC_059,4.41,B10_C1_PCA_Ridge,4.306913136240324
fold_state_stratified,5,AGC_062,3.81,B10_C1_PCA_Ridge,4.3340904993059155
fold_state_stratified,5,AGC_064,4.51,B10_C1_PCA_Ridge,4.462863864013817
fold_state_stratified,5,AGC_066,3.0,B10_C1_PCA_Ridge,3.3144943991546434
fold_state_stratified,5,AGC_067,3.0,B10_C1_PCA_Ridge,3.747503814100116
fold_state_stratified,5,AGC_068,2.5,B10_C1_PCA_Ridge,3.1332134693034592
fold_state_stratified,5,AGC_069,5.46,B10_C1_PCA_Ridge,4.451290242594843
fold_state_stratified,5,AGC_070,3.3,B10_C1_PCA_Ridge,3.7352859199251824
fold_state_stratified,5,AGC_072,4.55,B10_C1_PCA_Ridge,4.271441276557105
fold_state_stratified,5,AGC_073,4.3,B10_C1_PCA_Ridge,4.149756723782051
fold_state_stratified,5,AGC_074,2.5,B10_C1_PCA_Ridge,3.2320757855003657
fold_state_stratified,5,AGC_077,4.76,B10_C1_PCA_Ridge,4.1715415857108775
fold_state_stratified,5,AGC_078,3.0,B10_C1_PCA_Ridge,3.3898820912543437
fold_state_stratified,5,AGC_079,3.3,B10_C1_PCA_Ridge,3.3291533479211033
fold_state_stratified,5,AGC_080,3.5,B10_C1_PCA_Ridge,2.944186831253912
fold_state_stratified,5,AGC_081,3.7,B10_C1_PCA_Ridge,3.08733098692394
fold_state_stratified,5,AGC_083,4.61,B10_C1_PCA_Ridge,4.056080497728209
fold_state_stratified,5,AGC_089,3.0,B10_C1_PCA_Ridge,3.1811850981113556
fold_state_stratified,5,AGC_090,4.68,B10_C1_PCA_Ridge,4.123935656874186
fold_state_stratified,5,AGC_097,4.69,B10_C1_PCA_Ridge,4.643666399779389
fold_state_stratified,5,AGC_098,3.0,B10_C1_PCA_Ridge,2.561756847472842
fold_state_stratified,5,AGC_099,3.5,B10_C1_PCA_Ridge,3.279281005810859
fold_state_stratified,5,AGC_100,4.5,B10_C1_PCA_Ridge,4.170426123533479
fold_state_stratified,5,AGC_102,4.4,B10_C1_PCA_Ridge,4.167522397212599
fold_state_stratified,5,AGC_103,3.0,B10_C1_PCA_Ridge,3.284718805179815
fold_state_stratified,5,AGC_104,4.56,B10_C1_PCA_Ridge,4.402559854945576
fold_state_stratified,5,AGC_106,4.43,B10_C1_PCA_Ridge,4.239165463006956
fold_state_stratified,5,AGC_108,4.51,B10_C1_PCA_Ridge,4.799559664666556
fold_state_stratified,5,AGC_109,4.54,B10_C1_PCA_Ridge,4.716672160712218
fold_state_stratified,5,AGC_110,4.18,B10_C1_PCA_Ridge,4.174454163655098
fold_state_stratified,5,AGC_111,4.72,B10_C1_PCA_Ridge,4.421080876113219
fold_state_stratified,5,AGC_112,3.0,B10_C1_PCA_Ridge,3.009742238124134
fold_state_stratified,5,AGC_115,4.6,B10_C1_PCA_Ridge,4.183437660765114
fold_state_stratified,5,AGC_117,3.5,B10_C1_PCA_Ridge,3.236509764182443
fold_state_stratified,5,AGC_119,4.4,B10_C1_PCA_Ridge,4.571653112953443
fold_state_stratified,5,AGC_121,3.3,B10_C1_PCA_Ridge,2.858424639868173
fold_state_stratified,5,AGC_122,3.5,B10_C1_PCA_Ridge,2.593372623515761
fold_state_stratified,5,AGC_124,5.05,B10_C1_PCA_Ridge,5.029294816133753
fold_state_stratified,5,AGC_125,4.06,B10_C1_PCA_Ridge,4.294116085862679
fold_state_stratified,5,AGC_127,5.57,B10_C1_PCA_Ridge,5.259772307584944
fold_state_stratified,5,AGC_131,4.89,B10_C1_PCA_Ridge,4.431575082801667
fold_state_stratified,5,AGC_132,4.13,B10_C1_PCA_Ridge,4.41414300812132
fold_state_stratified,5,AGC_133,3.91,B10_C1_PCA_Ridge,4.533575751957441
fold_state_stratified,5,AGC_134,4.52,B10_C1_PCA_Ridge,4.380595677703191
fold_state_stratified,5,AGC_135,4.49,B10_C1_PCA_Ridge,4.357368200013691
fold_state_stratified,5,AGC_138,2.5,B10_C1_PCA_Ridge,3.5635336359221177
fold_state_stratified,5,AGC_139,4.67,B10_C1_PCA_Ridge,4.310978337926355
fold_state_stratified,5,AGC_140,3.2,B10_C1_PCA_Ridge,2.664832528338903
fold_state_stratified,5,AGC_144,2.5,B10_C1_PCA_Ridge,2.8256408319142667
fold_state_stratified,5,AGC_145,3.5,B10_C1_PCA_Ridge,2.7439562748389377
fold_state_stratified,5,AGC_148,3.0,B10_C1_PCA_Ridge,3.3863936604021596
fold_state_stratified,5,AGC_150,4.52,B10_C1_PCA_Ridge,4.550666131219541
fold_state_stratified,5,AGC_151,4.69,B10_C1_PCA_Ridge,4.849202808343675
fold_state_stratified,5,AGC_152,4.87,B10_C1_PCA_Ridge,4.76567427778753
fold_state_stratified,5,AGC_155,4.52,B10_C1_PCA_Ridge,4.71320452167417
fold_state_stratified,5,AGC_157,3.0,B10_C1_PCA_Ridge,2.7424040439324995
fold_state_stratified,5,AGC_159,4.77,B10_C1_PCA_Ridge,4.738363268778768
fold_state_stratified,5,AGC_160,3.62,B10_C1_PCA_Ridge,4.765943166269631
fold_state_stratified,5,AGC_161,4.46,B10_C1_PCA_Ridge,4.863019891497701
fold_state_stratified,5,AGC_163,3.0,B10_C1_PCA_Ridge,2.9332189700381277
fold_state_stratified,5,AGC_164,3.0,B10_C1_PCA_Ridge,2.9635210870153426
fold_state_stratified,5,AGC_165,4.44,B10_C1_PCA_Ridge,4.213299765590799
fold_state_stratified,5,AGC_166,2.5,B10_C1_PCA_Ridge,3.528958380947272
fold_state_stratified,5,AGC_167,4.54,B10_C1_PCA_Ridge,4.651375234173858
fold_state_stratified,5,AGC_168,4.49,B10_C1_PCA_Ridge,4.483257666695172
fold_state_stratified,5,AGC_170,3.0,B10_C1_PCA_Ridge,3.0819324333143263
fold_state_stratified,5,AGC_171,2.15,B10_C1_PCA_Ridge,4.227701686120537
fold_state_stratified,5,AGC_172,5.19,B10_C1_PCA_Ridge,4.355402761035875
fold_state_stratified,5,AGC_176,4.38,B10_C1_PCA_Ridge,4.245437610208503
fold_state_stratified,5,AGC_178,4.39,B10_C1_PCA_Ridge,3.8388913483949554
fold_state_stratified,5,AGC_180,4.14,B10_C1_PCA_Ridge,4.236926399149995
fold_state_stratified,5,AGC_181,4.51,B10_C1_PCA_Ridge,4.111082267753435
fold_state_stratified,5,AGC_187,3.0,B10_C1_PCA_Ridge,3.1938074519015363
fold_state_stratified,5,AGC_193,4.57,B10_C1_PCA_Ridge,3.9499775835839763
fold_state_stratified,5,AGC_194,3.2,B10_C1_PCA_Ridge,3.8114242560568483
fold_state_stratified,5,AGC_196,3.5,B10_C1_PCA_Ridge,3.435992164813316
fold_state_stratified,5,AGC_197,4.52,B10_C1_PCA_Ridge,3.9107658822843794
fold_municipality_grouped,1,AGC_002,4.63,B01_C0_PLS,4.196109075077793
fold_municipality_grouped,1,AGC_005,5.16,B01_C0_PLS,4.46770894830838
fold_municipality_grouped,1,AGC_006,4.49,B01_C0_PLS,3.6336941914005045
fold_municipality_grouped,1,AGC_007,3.5,B01_C0_PLS,3.7778956290703647
fold_municipality_grouped,1,AGC_008,4.55,B01_C0_PLS,3.8585578577507564
fold_municipality_grouped,1,AGC_009,4.79,B01_C0_PLS,4.268492576714904
fold_municipality_grouped,1,AGC_010,4.1,B01_C0_PLS,3.8522419739623763
fold_municipality_grouped,1,AGC_012,4.69,B01_C0_PLS,4.641530666599391
fold_municipality_grouped,1,AGC_013,4.01,B01_C0_PLS,4.101591835674744
fold_municipality_grouped,1,AGC_014,4.83,B01_C0_PLS,4.220021900318982
fold_municipality_grouped,1,AGC_015,2.64,B01_C0_PLS,4.333188779526373
fold_municipality_grouped,1,AGC_017,4.98,B01_C0_PLS,4.587660523154065
fold_municipality_grouped,1,AGC_018,4.49,B01_C0_PLS,4.32602639595507
fold_municipality_grouped,1,AGC_021,4.94,B01_C0_PLS,4.0144685907582724
fold_municipality_grouped,1,AGC_022,4.55,B01_C0_PLS,3.875607535488264
fold_municipality_grouped,1,AGC_024,3.03,B01_C0_PLS,4.060183386668527
fold_municipality_grouped,1,AGC_026,3.55,B01_C0_PLS,4.135714913509868
fold_municipality_grouped,1,AGC_032,4.03,B01_C0_PLS,4.044027661694928
fold_municipality_grouped,1,AGC_033,4.47,B01_C0_PLS,3.8489696335656025
fold_municipality_grouped,1,AGC_034,2.0,B01_C0_PLS,3.943026652229537
fold_municipality_grouped,1,AGC_035,4.68,B01_C0_PLS,3.94951131096587
fold_municipality_grouped,1,AGC_038,3.3,B01_C0_PLS,4.119255353997393
fold_municipality_grouped,1,AGC_041,2.5,B01_C0_PLS,3.993032322919512
fold_municipality_grouped,1,AGC_045,4.1,B01_C0_PLS,4.400604181184836
fold_municipality_grouped,1,AGC_047,4.45,B01_C0_PLS,3.6925328238397532
fold_municipality_grouped,1,AGC_048,2.5,B01_C0_PLS,4.022116960293772
fold_municipality_grouped,1,AGC_049,5.53,B01_C0_PLS,4.771596128491962
fold_municipality_grouped,1,AGC_051,4.45,B01_C0_PLS,3.8933397105472136
fold_municipality_grouped,1,AGC_055,5.45,B01_C0_PLS,4.384522202931058
fold_municipality_grouped,1,AGC_056,5.07,B01_C0_PLS,4.157211377271911
fold_municipality_grouped,1,AGC_057,4.55,B01_C0_PLS,4.661927219797605
fold_municipality_grouped,1,AGC_059,4.41,B01_C0_PLS,3.907936457097077
fold_municipality_grouped,1,AGC_060,4.52,B01_C0_PLS,4.596413562749554
fold_municipality_grouped,1,AGC_062,3.81,B01_C0_PLS,3.5194897760041752
fold_municipality_grouped,1,AGC_064,4.51,B01_C0_PLS,4.406308724813799
fold_municipality_grouped,1,AGC_067,3.0,B01_C0_PLS,4.5572894124837395
fold_municipality_grouped,1,AGC_069,5.46,B01_C0_PLS,4.943037023153602
fold_municipality_grouped,1,AGC_070,3.3,B01_C0_PLS,3.9225539213000893
fold_municipality_grouped,1,AGC_072,4.55,B01_C0_PLS,3.8749687128603916
fold_municipality_grouped,1,AGC_073,4.3,B01_C0_PLS,3.339081269766891
fold_municipality_grouped,1,AGC_077,4.76,B01_C0_PLS,3.6077533460130633
fold_municipality_grouped,1,AGC_078,3.0,B01_C0_PLS,3.8060969911341087
fold_municipality_grouped,1,AGC_079,3.3,B01_C0_PLS,3.5749161394647513
fold_municipality_grouped,1,AGC_080,3.5,B01_C0_PLS,3.701127676582932
fold_municipality_grouped,1,AGC_081,3.7,B01_C0_PLS,4.3541217933893686
fold_municipality_grouped,1,AGC_083,4.61,B01_C0_PLS,4.028949637628068
fold_municipality_grouped,1,AGC_084,4.54,B01_C0_PLS,4.751691886272108
fold_municipality_grouped,1,AGC_089,3.0,B01_C0_PLS,3.947194915340657
fold_municipality_grouped,1,AGC_090,4.68,B01_C0_PLS,4.036255928778721
fold_municipality_grouped,1,AGC_092,4.57,B01_C0_PLS,4.067544700176697
fold_municipality_grouped,1,AGC_096,4.59,B01_C0_PLS,3.795482990458659
fold_municipality_grouped,1,AGC_097,4.69,B01_C0_PLS,4.233548480614046
fold_municipality_grouped,1,AGC_100,4.5,B01_C0_PLS,3.803603720260741
fold_municipality_grouped,1,AGC_101,4.57,B01_C0_PLS,4.073866491783027
fold_municipality_grouped,1,AGC_102,4.4,B01_C0_PLS,4.105045247632992
fold_municipality_grouped,1,AGC_104,4.56,B01_C0_PLS,3.987544192746436
fold_municipality_grouped,1,AGC_105,4.41,B01_C0_PLS,4.159660516226139
fold_municipality_grouped,1,AGC_106,4.43,B01_C0_PLS,3.8076747237214357
fold_municipality_grouped,1,AGC_108,4.51,B01_C0_PLS,4.436954072721783
fold_municipality_grouped,1,AGC_109,4.54,B01_C0_PLS,3.9752606409579743
fold_municipality_grouped,1,AGC_110,4.18,B01_C0_PLS,3.8600248156400436
fold_municipality_grouped,1,AGC_111,4.72,B01_C0_PLS,3.974732995774141
fold_municipality_grouped,1,AGC_115,4.6,B01_C0_PLS,3.444479990249144
fold_municipality_grouped,1,AGC_119,4.4,B01_C0_PLS,4.442262521664141
fold_municipality_grouped,1,AGC_121,3.3,B01_C0_PLS,3.8067617600199313
fold_municipality_grouped,1,AGC_124,5.05,B01_C0_PLS,4.657934265890428
fold_municipality_grouped,1,AGC_125,4.06,B01_C0_PLS,4.1007607182102195
fold_municipality_grouped,1,AGC_127,5.57,B01_C0_PLS,5.325477463893279
fold_municipality_grouped,1,AGC_131,4.89,B01_C0_PLS,4.35950739079555
fold_municipality_grouped,1,AGC_132,4.13,B01_C0_PLS,4.128974209556001
fold_municipality_grouped,1,AGC_133,3.91,B01_C0_PLS,3.693351005397323
fold_municipality_grouped,1,AGC_134,4.52,B01_C0_PLS,4.238098054733733
fold_municipality_grouped,1,AGC_135,4.49,B01_C0_PLS,3.8350542041814686
fold_municipality_grouped,1,AGC_137,4.54,B01_C0_PLS,4.289802090579121
fold_municipality_grouped,1,AGC_139,4.67,B01_C0_PLS,3.60853230956838
fold_municipality_grouped,1,AGC_140,3.2,B01_C0_PLS,3.784298792305388
fold_municipality_grouped,1,AGC_146,4.58,B01_C0_PLS,4.260765160343601
fold_municipality_grouped,1,AGC_148,3.0,B01_C0_PLS,3.760954638787414
fold_municipality_grouped,1,AGC_150,4.52,B01_C0_PLS,4.146754871469861
fold_municipality_grouped,1,AGC_151,4.69,B01_C0_PLS,4.480867084975529
fold_municipality_grouped,1,AGC_152,4.87,B01_C0_PLS,4.677058070381864
fold_municipality_grouped,1,AGC_155,4.52,B01_C0_PLS,4.439774818356103
fold_municipality_grouped,1,AGC_159,4.77,B01_C0_PLS,4.075154562984483
fold_municipality_grouped,1,AGC_160,3.62,B01_C0_PLS,4.502877165718141
fold_municipality_grouped,1,AGC_161,4.46,B01_C0_PLS,4.435248004376998
fold_municipality_grouped,1,AGC_162,5.59,B01_C0_PLS,4.150368980217618
fold_municipality_grouped,1,AGC_164,3.0,B01_C0_PLS,3.6979626884548686
fold_municipality_grouped,1,AGC_165,4.44,B01_C0_PLS,3.929898791490591
fold_municipality_grouped,1,AGC_166,2.5,B01_C0_PLS,4.133207725546245
fold_municipality_grouped,1,AGC_167,4.54,B01_C0_PLS,4.2523355901349
fold_municipality_grouped,1,AGC_168,4.49,B01_C0_PLS,3.981821810543524
fold_municipality_grouped,1,AGC_171,2.15,B01_C0_PLS,4.084783479740211
fold_municipality_grouped,1,AGC_172,5.19,B01_C0_PLS,4.114560376619105
fold_municipality_grouped,1,AGC_176,4.38,B01_C0_PLS,4.142753063595749
fold_municipality_grouped,1,AGC_178,4.39,B01_C0_PLS,3.8796312204157295
fold_municipality_grouped,1,AGC_179,4.55,B01_C0_PLS,4.186138554613477
fold_municipality_grouped,1,AGC_180,4.14,B01_C0_PLS,4.03126676676093
fold_municipality_grouped,1,AGC_181,4.51,B01_C0_PLS,4.112148610374385
fold_municipality_grouped,1,AGC_184,4.47,B01_C0_PLS,4.083503940793666
fold_municipality_grouped,1,AGC_185,5.01,B01_C0_PLS,4.174695770413319
fold_municipality_grouped,1,AGC_189,4.03,B01_C0_PLS,4.163387315321688
fold_municipality_grouped,1,AGC_193,4.57,B01_C0_PLS,4.040982369307076
fold_municipality_grouped,1,AGC_194,3.2,B01_C0_PLS,4.167749262388114
fold_municipality_grouped,1,AGC_195,3.68,B01_C0_PLS,3.7147944757991755
fold_municipality_grouped,1,AGC_197,4.52,B01_C0_PLS,4.065376431547062
fold_municipality_grouped,1,AGC_002,4.63,B02_C3_Ridge,3.9226204578450625
fold_municipality_grouped,1,AGC_005,5.16,B02_C3_Ridge,4.175697635998672
fold_municipality_grouped,1,AGC_006,4.49,B02_C3_Ridge,3.7261691989495973
fold_municipality_grouped,1,AGC_007,3.5,B02_C3_Ridge,4.218346970678674
fold_municipality_grouped,1,AGC_008,4.55,B02_C3_Ridge,3.7946713893691117
fold_municipality_grouped,1,AGC_009,4.79,B02_C3_Ridge,4.177439655005573
fold_municipality_grouped,1,AGC_010,4.1,B02_C3_Ridge,3.798373209382919
fold_municipality_grouped,1,AGC_012,4.69,B02_C3_Ridge,4.043456970008197
fold_municipality_grouped,1,AGC_013,4.01,B02_C3_Ridge,3.8968841529719067
fold_municipality_grouped,1,AGC_014,4.83,B02_C3_Ridge,3.983914468508025
fold_municipality_grouped,1,AGC_015,2.64,B02_C3_Ridge,3.928710446483139
fold_municipality_grouped,1,AGC_017,4.98,B02_C3_Ridge,4.024280213291071
fold_municipality_grouped,1,AGC_018,4.49,B02_C3_Ridge,4.0137078485119995
fold_municipality_grouped,1,AGC_021,4.94,B02_C3_Ridge,3.8463344681104608
fold_municipality_grouped,1,AGC_022,4.55,B02_C3_Ridge,3.795291598675918
fold_municipality_grouped,1,AGC_024,3.03,B02_C3_Ridge,3.8432151922404354
fold_municipality_grouped,1,AGC_026,3.55,B02_C3_Ridge,3.8336618320139397
fold_municipality_grouped,1,AGC_032,4.03,B02_C3_Ridge,3.843827351555931
fold_municipality_grouped,1,AGC_033,4.47,B02_C3_Ridge,3.808919316250732
fold_municipality_grouped,1,AGC_034,2.0,B02_C3_Ridge,4.267605861444433
fold_municipality_grouped,1,AGC_035,4.68,B02_C3_Ridge,4.110736622890715
fold_municipality_grouped,1,AGC_038,3.3,B02_C3_Ridge,4.319681672664766
fold_municipality_grouped,1,AGC_041,2.5,B02_C3_Ridge,4.287930712599755
fold_municipality_grouped,1,AGC_045,4.1,B02_C3_Ridge,4.00416369828586
fold_municipality_grouped,1,AGC_047,4.45,B02_C3_Ridge,4.082343368126759
fold_municipality_grouped,1,AGC_048,2.5,B02_C3_Ridge,3.879844354145208
fold_municipality_grouped,1,AGC_049,5.53,B02_C3_Ridge,3.997910897653608
fold_municipality_grouped,1,AGC_051,4.45,B02_C3_Ridge,3.9781177952328046
fold_municipality_grouped,1,AGC_055,5.45,B02_C3_Ridge,3.9912111344153316
fold_municipality_grouped,1,AGC_056,5.07,B02_C3_Ridge,3.8410433623190943
fold_municipality_grouped,1,AGC_057,4.55,B02_C3_Ridge,3.917593227222169
fold_municipality_grouped,1,AGC_059,4.41,B02_C3_Ridge,3.897697990660168
fold_municipality_grouped,1,AGC_060,4.52,B02_C3_Ridge,3.900551243095797
fold_municipality_grouped,1,AGC_062,3.81,B02_C3_Ridge,3.6363583644646305
fold_municipality_grouped,1,AGC_064,4.51,B02_C3_Ridge,4.2526002199433695
fold_municipality_grouped,1,AGC_067,3.0,B02_C3_Ridge,4.35239730710239
fold_municipality_grouped,1,AGC_069,5.46,B02_C3_Ridge,4.1116301871783945
fold_municipality_grouped,1,AGC_070,3.3,B02_C3_Ridge,4.289719870425773
fold_municipality_grouped,1,AGC_072,4.55,B02_C3_Ridge,3.7970888301607446
fold_municipality_grouped,1,AGC_073,4.3,B02_C3_Ridge,3.5699276184722883
fold_municipality_grouped,1,AGC_077,4.76,B02_C3_Ridge,3.6653917861425187
fold_municipality_grouped,1,AGC_078,3.0,B02_C3_Ridge,4.239267031646118
fold_municipality_grouped,1,AGC_079,3.3,B02_C3_Ridge,4.163670086079106
fold_municipality_grouped,1,AGC_080,3.5,B02_C3_Ridge,4.1303021583260024
fold_municipality_grouped,1,AGC_081,3.7,B02_C3_Ridge,4.389194055172074
fold_municipality_grouped,1,AGC_083,4.61,B02_C3_Ridge,4.18380264338665
fold_municipality_grouped,1,AGC_084,4.54,B02_C3_Ridge,4.40170446079739
fold_municipality_grouped,1,AGC_089,3.0,B02_C3_Ridge,4.225572410375314
fold_municipality_grouped,1,AGC_090,4.68,B02_C3_Ridge,3.8557376592785193
fold_municipality_grouped,1,AGC_092,4.57,B02_C3_Ridge,3.7279060463745397
fold_municipality_grouped,1,AGC_096,4.59,B02_C3_Ridge,3.6887983475558808
fold_municipality_grouped,1,AGC_097,4.69,B02_C3_Ridge,3.8587659463444126
fold_municipality_grouped,1,AGC_100,4.5,B02_C3_Ridge,3.8206743057329056
fold_municipality_grouped,1,AGC_101,4.57,B02_C3_Ridge,3.758792726719752
fold_municipality_grouped,1,AGC_102,4.4,B02_C3_Ridge,3.783407942297457
fold_municipality_grouped,1,AGC_104,4.56,B02_C3_Ridge,3.8074914046887463
fold_municipality_grouped,1,AGC_105,4.41,B02_C3_Ridge,3.9187724190923374
fold_municipality_grouped,1,AGC_106,4.43,B02_C3_Ridge,3.7385345377133845
fold_municipality_grouped,1,AGC_108,4.51,B02_C3_Ridge,3.8922532770059335
fold_municipality_grouped,1,AGC_109,4.54,B02_C3_Ridge,3.80745979133956
fold_municipality_grouped,1,AGC_110,4.18,B02_C3_Ridge,3.786660435890562
fold_municipality_grouped,1,AGC_111,4.72,B02_C3_Ridge,3.773847274516363
fold_municipality_grouped,1,AGC_115,4.6,B02_C3_Ridge,3.6245371372856527
fold_municipality_grouped,1,AGC_119,4.4,B02_C3_Ridge,4.208057143277043
fold_municipality_grouped,1,AGC_121,3.3,B02_C3_Ridge,4.216975588095925
fold_municipality_grouped,1,AGC_124,5.05,B02_C3_Ridge,3.9961928206508177
fold_municipality_grouped,1,AGC_125,4.06,B02_C3_Ridge,3.9288925209738976
fold_municipality_grouped,1,AGC_127,5.57,B02_C3_Ridge,4.203416605936941
fold_municipality_grouped,1,AGC_131,4.89,B02_C3_Ridge,3.964095418925287
fold_municipality_grouped,1,AGC_132,4.13,B02_C3_Ridge,3.894096068681014
fold_municipality_grouped,1,AGC_133,3.91,B02_C3_Ridge,3.862800581320926
fold_municipality_grouped,1,AGC_134,4.52,B02_C3_Ridge,4.062159173736523
fold_municipality_grouped,1,AGC_135,4.49,B02_C3_Ridge,3.712933977039585
fold_municipality_grouped,1,AGC_137,4.54,B02_C3_Ridge,4.132421361440946
fold_municipality_grouped,1,AGC_139,4.67,B02_C3_Ridge,3.689455776132052
fold_municipality_grouped,1,AGC_140,3.2,B02_C3_Ridge,4.156675365878859
fold_municipality_grouped,1,AGC_146,4.58,B02_C3_Ridge,4.268057917759936
fold_municipality_grouped,1,AGC_148,3.0,B02_C3_Ridge,4.1732935209511
fold_municipality_grouped,1,AGC_150,4.52,B02_C3_Ridge,3.893815472934608
fold_municipality_grouped,1,AGC_151,4.69,B02_C3_Ridge,4.248679710040832
fold_municipality_grouped,1,AGC_152,4.87,B02_C3_Ridge,4.273186175594346
fold_municipality_grouped,1,AGC_155,4.52,B02_C3_Ridge,3.998374570130844
fold_municipality_grouped,1,AGC_159,4.77,B02_C3_Ridge,3.9367840000973384
fold_municipality_grouped,1,AGC_160,3.62,B02_C3_Ridge,4.026691252148648
fold_municipality_grouped,1,AGC_161,4.46,B02_C3_Ridge,4.020913923360126
fold_municipality_grouped,1,AGC_162,5.59,B02_C3_Ridge,3.7199720629388087
fold_municipality_grouped,1,AGC_164,3.0,B02_C3_Ridge,3.843375205559303
fold_municipality_grouped,1,AGC_165,4.44,B02_C3_Ridge,3.7946944010056645
fold_municipality_grouped,1,AGC_166,2.5,B02_C3_Ridge,4.349529704560511
fold_municipality_grouped,1,AGC_167,4.54,B02_C3_Ridge,3.947561753658621
fold_municipality_grouped,1,AGC_168,4.49,B02_C3_Ridge,3.8564432959709447
fold_municipality_grouped,1,AGC_171,2.15,B02_C3_Ridge,3.7945806679866276
fold_municipality_grouped,1,AGC_172,5.19,B02_C3_Ridge,3.796495129923489
fold_municipality_grouped,1,AGC_176,4.38,B02_C3_Ridge,3.810646864543161
fold_municipality_grouped,1,AGC_178,4.39,B02_C3_Ridge,3.6810185961235367
fold_municipality_grouped,1,AGC_179,4.55,B02_C3_Ridge,3.901861747352318
fold_municipality_grouped,1,AGC_180,4.14,B02_C3_Ridge,3.988962429715812
fold_municipality_grouped,1,AGC_181,4.51,B02_C3_Ridge,3.797707033798235
fold_municipality_grouped,1,AGC_184,4.47,B02_C3_Ridge,4.177422190538041
fold_municipality_grouped,1,AGC_185,5.01,B02_C3_Ridge,3.8657522947418426
fold_municipality_grouped,1,AGC_189,4.03,B02_C3_Ridge,3.8371977804295465
fold_municipality_grouped,1,AGC_193,4.57,B02_C3_Ridge,3.785454108135777
fold_municipality_grouped,1,AGC_194,3.2,B02_C3_Ridge,4.357451387075255
fold_municipality_grouped,1,AGC_195,3.68,B02_C3_Ridge,3.6970205767223328
fold_municipality_grouped,1,AGC_197,4.52,B02_C3_Ridge,3.7281058888357994
fold_municipality_grouped,1,AGC_002,4.63,B03_C1_CatBoost,4.226054877973194
fold_municipality_grouped,1,AGC_005,5.16,B03_C1_CatBoost,4.3363067147268985
fold_municipality_grouped,1,AGC_006,4.49,B03_C1_CatBoost,3.7037401222375337
fold_municipality_grouped,1,AGC_007,3.5,B03_C1_CatBoost,4.193492951925748
fold_municipality_grouped,1,AGC_008,4.55,B03_C1_CatBoost,4.0350211167463215
fold_municipality_grouped,1,AGC_009,4.79,B03_C1_CatBoost,4.523309912628974
fold_municipality_grouped,1,AGC_010,4.1,B03_C1_CatBoost,4.296278732164804
fold_municipality_grouped,1,AGC_012,4.69,B03_C1_CatBoost,4.170727573512286
fold_municipality_grouped,1,AGC_013,4.01,B03_C1_CatBoost,3.7621420508037176
fold_municipality_grouped,1,AGC_014,4.83,B03_C1_CatBoost,4.316353019358441
fold_municipality_grouped,1,AGC_015,2.64,B03_C1_CatBoost,4.351785695210264
fold_municipality_grouped,1,AGC_017,4.98,B03_C1_CatBoost,4.476070605765843
fold_municipality_grouped,1,AGC_018,4.49,B03_C1_CatBoost,4.2846710611366365
fold_municipality_grouped,1,AGC_021,4.94,B03_C1_CatBoost,4.10925503444366
fold_municipality_grouped,1,AGC_022,4.55,B03_C1_CatBoost,3.9347459454451865
fold_municipality_grouped,1,AGC_024,3.03,B03_C1_CatBoost,4.27658447511207
fold_municipality_grouped,1,AGC_026,3.55,B03_C1_CatBoost,4.455872537526613
fold_municipality_grouped,1,AGC_032,4.03,B03_C1_CatBoost,4.16823225498432
fold_municipality_grouped,1,AGC_033,4.47,B03_C1_CatBoost,4.079933210946839
fold_municipality_grouped,1,AGC_034,2.0,B03_C1_CatBoost,4.294268116949183
fold_municipality_grouped,1,AGC_035,4.68,B03_C1_CatBoost,4.089255983044495
fold_municipality_grouped,1,AGC_038,3.3,B03_C1_CatBoost,4.465685582449225
fold_municipality_grouped,1,AGC_041,2.5,B03_C1_CatBoost,4.46687153231079
fold_municipality_grouped,1,AGC_045,4.1,B03_C1_CatBoost,4.3139385448529755
fold_municipality_grouped,1,AGC_047,4.45,B03_C1_CatBoost,3.7775389754171442
fold_municipality_grouped,1,AGC_048,2.5,B03_C1_CatBoost,4.195128694955429
fold_municipality_grouped,1,AGC_049,5.53,B03_C1_CatBoost,4.251984385177698
fold_municipality_grouped,1,AGC_051,4.45,B03_C1_CatBoost,3.9858099390132793
fold_municipality_grouped,1,AGC_055,5.45,B03_C1_CatBoost,4.292886298580244
fold_municipality_grouped,1,AGC_056,5.07,B03_C1_CatBoost,4.11774378403204
fold_municipality_grouped,1,AGC_057,4.55,B03_C1_CatBoost,4.2368483768115475
fold_municipality_grouped,1,AGC_059,4.41,B03_C1_CatBoost,3.9016600315173946
fold_municipality_grouped,1,AGC_060,4.52,B03_C1_CatBoost,4.238642266338601
fold_municipality_grouped,1,AGC_062,3.81,B03_C1_CatBoost,3.8273599943648833
fold_municipality_grouped,1,AGC_064,4.51,B03_C1_CatBoost,4.298955005282551
fold_municipality_grouped,1,AGC_067,3.0,B03_C1_CatBoost,4.214544901413859
fold_municipality_grouped,1,AGC_069,5.46,B03_C1_CatBoost,4.33002904424222
fold_municipality_grouped,1,AGC_070,3.3,B03_C1_CatBoost,4.503594583128347
fold_municipality_grouped,1,AGC_072,4.55,B03_C1_CatBoost,4.005422230376084
fold_municipality_grouped,1,AGC_073,4.3,B03_C1_CatBoost,3.7851305204076198
fold_municipality_grouped,1,AGC_077,4.76,B03_C1_CatBoost,3.7828974802975353
fold_municipality_grouped,1,AGC_078,3.0,B03_C1_CatBoost,4.554572404363512
fold_municipality_grouped,1,AGC_079,3.3,B03_C1_CatBoost,4.405437680098714
fold_municipality_grouped,1,AGC_080,3.5,B03_C1_CatBoost,4.0176805576778065
fold_municipality_grouped,1,AGC_081,3.7,B03_C1_CatBoost,4.465682263968176
fold_municipality_grouped,1,AGC_083,4.61,B03_C1_CatBoost,4.233257642325725
fold_municipality_grouped,1,AGC_084,4.54,B03_C1_CatBoost,4.381070252090694
fold_municipality_grouped,1,AGC_089,3.0,B03_C1_CatBoost,4.163554507675769
fold_municipality_grouped,1,AGC_090,4.68,B03_C1_CatBoost,4.457489779460987
fold_municipality_grouped,1,AGC_092,4.57,B03_C1_CatBoost,4.021767439612546
fold_municipality_grouped,1,AGC_096,4.59,B03_C1_CatBoost,3.2333214271865387
fold_municipality_grouped,1,AGC_097,4.69,B03_C1_CatBoost,4.156321761028778
fold_municipality_grouped,1,AGC_100,4.5,B03_C1_CatBoost,4.300800932620842
fold_municipality_grouped,1,AGC_101,4.57,B03_C1_CatBoost,3.3875464947157354
fold_municipality_grouped,1,AGC_102,4.4,B03_C1_CatBoost,3.3164895771985385
fold_municipality_grouped,1,AGC_104,4.56,B03_C1_CatBoost,4.18154371072953
fold_municipality_grouped,1,AGC_105,4.41,B03_C1_CatBoost,4.380910535752204
fold_municipality_grouped,1,AGC_106,4.43,B03_C1_CatBoost,4.0946908581742285
fold_municipality_grouped,1,AGC_108,4.51,B03_C1_CatBoost,4.112374788538318
fold_municipality_grouped,1,AGC_109,4.54,B03_C1_CatBoost,4.134994326327966
fold_municipality_grouped,1,AGC_110,4.18,B03_C1_CatBoost,4.001002150080595
fold_municipality_grouped,1,AGC_111,4.72,B03_C1_CatBoost,4.023861928483186
fold_municipality_grouped,1,AGC_115,4.6,B03_C1_CatBoost,3.852443806488168
fold_municipality_grouped,1,AGC_119,4.4,B03_C1_CatBoost,4.303524108523561
fold_municipality_grouped,1,AGC_121,3.3,B03_C1_CatBoost,4.541339985788909
fold_municipality_grouped,1,AGC_124,5.05,B03_C1_CatBoost,4.247806620569985
fold_municipality_grouped,1,AGC_125,4.06,B03_C1_CatBoost,4.477871252941352
fold_municipality_grouped,1,AGC_127,5.57,B03_C1_CatBoost,4.2461345954363985
fold_municipality_grouped,1,AGC_131,4.89,B03_C1_CatBoost,4.140376714126875
fold_municipality_grouped,1,AGC_132,4.13,B03_C1_CatBoost,4.078468553395837
fold_municipality_grouped,1,AGC_133,3.91,B03_C1_CatBoost,4.102551959373107
fold_municipality_grouped,1,AGC_134,4.52,B03_C1_CatBoost,4.0957099106192345
fold_municipality_grouped,1,AGC_135,4.49,B03_C1_CatBoost,3.95078806841245
fold_municipality_grouped,1,AGC_137,4.54,B03_C1_CatBoost,4.263263115355812
fold_municipality_grouped,1,AGC_139,4.67,B03_C1_CatBoost,3.7740836752364233
fold_municipality_grouped,1,AGC_140,3.2,B03_C1_CatBoost,4.456929563062829
fold_municipality_grouped,1,AGC_146,4.58,B03_C1_CatBoost,4.227195501963024
fold_municipality_grouped,1,AGC_148,3.0,B03_C1_CatBoost,4.310089707926807
fold_municipality_grouped,1,AGC_150,4.52,B03_C1_CatBoost,4.433238721474213
fold_municipality_grouped,1,AGC_151,4.69,B03_C1_CatBoost,4.471713940710515
fold_municipality_grouped,1,AGC_152,4.87,B03_C1_CatBoost,4.355608024101457
fold_municipality_grouped,1,AGC_155,4.52,B03_C1_CatBoost,3.9343024749057784
fold_municipality_grouped,1,AGC_159,4.77,B03_C1_CatBoost,4.426731773815876
fold_municipality_grouped,1,AGC_160,3.62,B03_C1_CatBoost,4.338225577363982
fold_municipality_grouped,1,AGC_161,4.46,B03_C1_CatBoost,4.269180583191908
fold_municipality_grouped,1,AGC_162,5.59,B03_C1_CatBoost,3.7485409204594475
fold_municipality_grouped,1,AGC_164,3.0,B03_C1_CatBoost,3.688090226303302
fold_municipality_grouped,1,AGC_165,4.44,B03_C1_CatBoost,3.766413931493247
fold_municipality_grouped,1,AGC_166,2.5,B03_C1_CatBoost,4.53081007740235
fold_municipality_grouped,1,AGC_167,4.54,B03_C1_CatBoost,4.430130136289764
fold_municipality_grouped,1,AGC_168,4.49,B03_C1_CatBoost,4.310779558693442
fold_municipality_grouped,1,AGC_171,2.15,B03_C1_CatBoost,4.3125068236105015
fold_municipality_grouped,1,AGC_172,5.19,B03_C1_CatBoost,4.085303357946785
fold_municipality_grouped,1,AGC_176,4.38,B03_C1_CatBoost,4.299821274497287
fold_municipality_grouped,1,AGC_178,4.39,B03_C1_CatBoost,3.8108057539238587
fold_municipality_grouped,1,AGC_179,4.55,B03_C1_CatBoost,4.2106829070630845
fold_municipality_grouped,1,AGC_180,4.14,B03_C1_CatBoost,4.010352474878573
fold_municipality_grouped,1,AGC_181,4.51,B03_C1_CatBoost,4.186444185651739
fold_municipality_grouped,1,AGC_184,4.47,B03_C1_CatBoost,4.096633603666987
fold_municipality_grouped,1,AGC_185,5.01,B03_C1_CatBoost,3.9579100615442373
fold_municipality_grouped,1,AGC_189,4.03,B03_C1_CatBoost,3.977845128161519
fold_municipality_grouped,1,AGC_193,4.57,B03_C1_CatBoost,4.171992819729763
fold_municipality_grouped,1,AGC_194,3.2,B03_C1_CatBoost,4.385947946508736
fold_municipality_grouped,1,AGC_195,3.68,B03_C1_CatBoost,3.8419747895341345
fold_municipality_grouped,1,AGC_197,4.52,B03_C1_CatBoost,3.3008224209980455
fold_municipality_grouped,1,AGC_002,4.63,B04_C0_Ridge,3.860560414429688
fold_municipality_grouped,1,AGC_005,5.16,B04_C0_Ridge,4.09787400950811
fold_municipality_grouped,1,AGC_006,4.49,B04_C0_Ridge,3.6363627723302576
fold_municipality_grouped,1,AGC_007,3.5,B04_C0_Ridge,3.8916128318895353
fold_municipality_grouped,1,AGC_008,4.55,B04_C0_Ridge,3.814077687257782
fold_municipality_grouped,1,AGC_009,4.79,B04_C0_Ridge,4.1899635233784345
fold_municipality_grouped,1,AGC_010,4.1,B04_C0_Ridge,3.755052816106184
fold_municipality_grouped,1,AGC_012,4.69,B04_C0_Ridge,3.9436349316139863
fold_municipality_grouped,1,AGC_013,4.01,B04_C0_Ridge,3.7867232896286667
fold_municipality_grouped,1,AGC_014,4.83,B04_C0_Ridge,3.8797894943962157
fold_municipality_grouped,1,AGC_015,2.64,B04_C0_Ridge,3.8945745543627845
fold_municipality_grouped,1,AGC_017,4.98,B04_C0_Ridge,3.966790075109789
fold_municipality_grouped,1,AGC_018,4.49,B04_C0_Ridge,3.959463330990494
fold_municipality_grouped,1,AGC_021,4.94,B04_C0_Ridge,3.8134088581009493
fold_municipality_grouped,1,AGC_022,4.55,B04_C0_Ridge,3.8420367090713974
fold_municipality_grouped,1,AGC_024,3.03,B04_C0_Ridge,3.8277974411231472
fold_municipality_grouped,1,AGC_026,3.55,B04_C0_Ridge,3.810471421976007
fold_municipality_grouped,1,AGC_032,4.03,B04_C0_Ridge,3.8471367731747077
fold_municipality_grouped,1,AGC_033,4.47,B04_C0_Ridge,3.7782544074494675
fold_municipality_grouped,1,AGC_034,2.0,B04_C0_Ridge,4.036427455625105
fold_municipality_grouped,1,AGC_035,4.68,B04_C0_Ridge,4.143278376419427
fold_municipality_grouped,1,AGC_038,3.3,B04_C0_Ridge,4.241433500123347
fold_municipality_grouped,1,AGC_041,2.5,B04_C0_Ridge,4.19469335091217
fold_municipality_grouped,1,AGC_045,4.1,B04_C0_Ridge,3.9691449058144186
fold_municipality_grouped,1,AGC_047,4.45,B04_C0_Ridge,4.018520568382583
fold_municipality_grouped,1,AGC_048,2.5,B04_C0_Ridge,3.9963180518374024
fold_municipality_grouped,1,AGC_049,5.53,B04_C0_Ridge,3.923725801475498
fold_municipality_grouped,1,AGC_051,4.45,B04_C0_Ridge,4.021042626145886
fold_municipality_grouped,1,AGC_055,5.45,B04_C0_Ridge,3.9409629522230603
fold_municipality_grouped,1,AGC_056,5.07,B04_C0_Ridge,3.80136266476044
fold_municipality_grouped,1,AGC_057,4.55,B04_C0_Ridge,3.902110691032181
fold_municipality_grouped,1,AGC_059,4.41,B04_C0_Ridge,3.944389419445633
fold_municipality_grouped,1,AGC_060,4.52,B04_C0_Ridge,3.9022460016664793
fold_municipality_grouped,1,AGC_062,3.81,B04_C0_Ridge,3.716379772805261
fold_municipality_grouped,1,AGC_064,4.51,B04_C0_Ridge,4.27784475370288
fold_municipality_grouped,1,AGC_067,3.0,B04_C0_Ridge,4.402878345909179
fold_municipality_grouped,1,AGC_069,5.46,B04_C0_Ridge,4.076459913651715
fold_municipality_grouped,1,AGC_070,3.3,B04_C0_Ridge,4.035457024310282
fold_municipality_grouped,1,AGC_072,4.55,B04_C0_Ridge,3.7027146998357225
fold_municipality_grouped,1,AGC_073,4.3,B04_C0_Ridge,3.673895948042714
fold_municipality_grouped,1,AGC_077,4.76,B04_C0_Ridge,3.706725398044524
fold_municipality_grouped,1,AGC_078,3.0,B04_C0_Ridge,4.004006725663913
fold_municipality_grouped,1,AGC_079,3.3,B04_C0_Ridge,3.8123702894993037
fold_municipality_grouped,1,AGC_080,3.5,B04_C0_Ridge,3.8437099450057874
fold_municipality_grouped,1,AGC_081,3.7,B04_C0_Ridge,4.295573996231194
fold_municipality_grouped,1,AGC_083,4.61,B04_C0_Ridge,4.220825810267874
fold_municipality_grouped,1,AGC_084,4.54,B04_C0_Ridge,4.423977141169541
fold_municipality_grouped,1,AGC_089,3.0,B04_C0_Ridge,4.011886272951525
fold_municipality_grouped,1,AGC_090,4.68,B04_C0_Ridge,3.838690386524337
fold_municipality_grouped,1,AGC_092,4.57,B04_C0_Ridge,3.729521331948027
fold_municipality_grouped,1,AGC_096,4.59,B04_C0_Ridge,3.7732358152700627
fold_municipality_grouped,1,AGC_097,4.69,B04_C0_Ridge,3.8390123329019574
fold_municipality_grouped,1,AGC_100,4.5,B04_C0_Ridge,3.824493570137464
fold_municipality_grouped,1,AGC_101,4.57,B04_C0_Ridge,3.819315678623676
fold_municipality_grouped,1,AGC_102,4.4,B04_C0_Ridge,3.833938164581542
fold_municipality_grouped,1,AGC_104,4.56,B04_C0_Ridge,3.8133230549444543
fold_municipality_grouped,1,AGC_105,4.41,B04_C0_Ridge,3.865145148392306
fold_municipality_grouped,1,AGC_106,4.43,B04_C0_Ridge,3.731729298704209
fold_municipality_grouped,1,AGC_108,4.51,B04_C0_Ridge,3.885580840731581
fold_municipality_grouped,1,AGC_109,4.54,B04_C0_Ridge,3.7920986437633366
fold_municipality_grouped,1,AGC_110,4.18,B04_C0_Ridge,3.791572219689537
fold_municipality_grouped,1,AGC_111,4.72,B04_C0_Ridge,3.7362100004400802
fold_municipality_grouped,1,AGC_115,4.6,B04_C0_Ridge,3.68841310021409
fold_municipality_grouped,1,AGC_119,4.4,B04_C0_Ridge,4.210047134637639
fold_municipality_grouped,1,AGC_121,3.3,B04_C0_Ridge,4.017556388863997
fold_municipality_grouped,1,AGC_124,5.05,B04_C0_Ridge,3.9452819912953414
fold_municipality_grouped,1,AGC_125,4.06,B04_C0_Ridge,3.8590244254549444
fold_municipality_grouped,1,AGC_127,5.57,B04_C0_Ridge,4.145681365725804
fold_municipality_grouped,1,AGC_131,4.89,B04_C0_Ridge,3.9718721779080215
fold_municipality_grouped,1,AGC_132,4.13,B04_C0_Ridge,3.8001383347689166
fold_municipality_grouped,1,AGC_133,3.91,B04_C0_Ridge,3.7847222844952406
fold_municipality_grouped,1,AGC_134,4.52,B04_C0_Ridge,4.10447094261089
fold_municipality_grouped,1,AGC_135,4.49,B04_C0_Ridge,3.68635923241466
fold_municipality_grouped,1,AGC_137,4.54,B04_C0_Ridge,4.132993167194194
fold_municipality_grouped,1,AGC_139,4.67,B04_C0_Ridge,3.724576054376027
fold_municipality_grouped,1,AGC_140,3.2,B04_C0_Ridge,3.950846185094019
fold_municipality_grouped,1,AGC_146,4.58,B04_C0_Ridge,4.329564269064842
fold_municipality_grouped,1,AGC_148,3.0,B04_C0_Ridge,3.9896768576930293
fold_municipality_grouped,1,AGC_150,4.52,B04_C0_Ridge,3.875651308880092
fold_municipality_grouped,1,AGC_151,4.69,B04_C0_Ridge,4.2555902887087145
fold_municipality_grouped,1,AGC_152,4.87,B04_C0_Ridge,4.285825398304505
fold_municipality_grouped,1,AGC_155,4.52,B04_C0_Ridge,3.9704549139735725
fold_municipality_grouped,1,AGC_159,4.77,B04_C0_Ridge,3.8807533725704775
fold_municipality_grouped,1,AGC_160,3.62,B04_C0_Ridge,3.9713910114976447
fold_municipality_grouped,1,AGC_161,4.46,B04_C0_Ridge,3.927272917310844
fold_municipality_grouped,1,AGC_162,5.59,B04_C0_Ridge,3.76433194702541
fold_municipality_grouped,1,AGC_164,3.0,B04_C0_Ridge,3.9950891934666934
fold_municipality_grouped,1,AGC_165,4.44,B04_C0_Ridge,3.7456954625614727
fold_municipality_grouped,1,AGC_166,2.5,B04_C0_Ridge,4.345803006705206
fold_municipality_grouped,1,AGC_167,4.54,B04_C0_Ridge,3.881910863156748
fold_municipality_grouped,1,AGC_168,4.49,B04_C0_Ridge,3.8134323467063798
fold_municipality_grouped,1,AGC_171,2.15,B04_C0_Ridge,3.824044521554867
fold_municipality_grouped,1,AGC_172,5.19,B04_C0_Ridge,3.7364245928863085
fold_municipality_grouped,1,AGC_176,4.38,B04_C0_Ridge,3.8045128906653454
fold_municipality_grouped,1,AGC_178,4.39,B04_C0_Ridge,3.7679572957998477
fold_municipality_grouped,1,AGC_179,4.55,B04_C0_Ridge,3.8552901586977946
fold_municipality_grouped,1,AGC_180,4.14,B04_C0_Ridge,4.042067785678923
fold_municipality_grouped,1,AGC_181,4.51,B04_C0_Ridge,3.7802946729418743
fold_municipality_grouped,1,AGC_184,4.47,B04_C0_Ridge,4.236173687454247
fold_municipality_grouped,1,AGC_185,5.01,B04_C0_Ridge,3.876143303987224
fold_municipality_grouped,1,AGC_189,4.03,B04_C0_Ridge,3.838953566632253
fold_municipality_grouped,1,AGC_193,4.57,B04_C0_Ridge,3.825803229925529
fold_municipality_grouped,1,AGC_194,3.2,B04_C0_Ridge,4.246263699428413
fold_municipality_grouped,1,AGC_195,3.68,B04_C0_Ridge,3.7281230688064833
fold_municipality_grouped,1,AGC_197,4.52,B04_C0_Ridge,3.8134444961264897
fold_municipality_grouped,1,AGC_002,4.63,B05_C3_PLS,4.297080609063777
fold_municipality_grouped,1,AGC_005,5.16,B05_C3_PLS,4.57759371712393
fold_municipality_grouped,1,AGC_006,4.49,B05_C3_PLS,3.936108031390415
fold_municipality_grouped,1,AGC_007,3.5,B05_C3_PLS,3.8259092976626734
fold_municipality_grouped,1,AGC_008,4.55,B05_C3_PLS,3.814546745538695
fold_municipality_grouped,1,AGC_009,4.79,B05_C3_PLS,4.168520834606661
fold_municipality_grouped,1,AGC_010,4.1,B05_C3_PLS,3.9529561058635134
fold_municipality_grouped,1,AGC_012,4.69,B05_C3_PLS,4.763277047879419
fold_municipality_grouped,1,AGC_013,4.01,B05_C3_PLS,4.355315255476304
fold_municipality_grouped,1,AGC_014,4.83,B05_C3_PLS,4.432408611092605
fold_municipality_grouped,1,AGC_015,2.64,B05_C3_PLS,4.358803098786889
fold_municipality_grouped,1,AGC_017,4.98,B05_C3_PLS,4.631355433941674
fold_municipality_grouped,1,AGC_018,4.49,B05_C3_PLS,4.382318341213898
fold_municipality_grouped,1,AGC_021,4.94,B05_C3_PLS,4.092299150221363
fold_municipality_grouped,1,AGC_022,4.55,B05_C3_PLS,3.7585844685199303
fold_municipality_grouped,1,AGC_024,3.03,B05_C3_PLS,4.076836723137381
fold_municipality_grouped,1,AGC_026,3.55,B05_C3_PLS,4.15717076330994
fold_municipality_grouped,1,AGC_032,4.03,B05_C3_PLS,4.009924811764244
fold_municipality_grouped,1,AGC_033,4.47,B05_C3_PLS,3.9674772455063376
fold_municipality_grouped,1,AGC_034,2.0,B05_C3_PLS,3.974870708863818
fold_municipality_grouped,1,AGC_035,4.68,B05_C3_PLS,4.010755820223985
fold_municipality_grouped,1,AGC_038,3.3,B05_C3_PLS,4.111980468292301
fold_municipality_grouped,1,AGC_041,2.5,B05_C3_PLS,4.006041629224507
fold_municipality_grouped,1,AGC_045,4.1,B05_C3_PLS,4.384220014630713
fold_municipality_grouped,1,AGC_047,4.45,B05_C3_PLS,3.6305039168776556
fold_municipality_grouped,1,AGC_048,2.5,B05_C3_PLS,3.9215224115147747
fold_municipality_grouped,1,AGC_049,5.53,B05_C3_PLS,4.820165227859659
fold_municipality_grouped,1,AGC_051,4.45,B05_C3_PLS,3.9978845345310154
fold_municipality_grouped,1,AGC_055,5.45,B05_C3_PLS,4.444997610181115
fold_municipality_grouped,1,AGC_056,5.07,B05_C3_PLS,4.234139952221077
fold_municipality_grouped,1,AGC_057,4.55,B05_C3_PLS,4.581539585861802
fold_municipality_grouped,1,AGC_059,4.41,B05_C3_PLS,3.981940444539518
fold_municipality_grouped,1,AGC_060,4.52,B05_C3_PLS,4.48037183207223
fold_municipality_grouped,1,AGC_062,3.81,B05_C3_PLS,3.359851227809676
fold_municipality_grouped,1,AGC_064,4.51,B05_C3_PLS,4.300764623491244
fold_municipality_grouped,1,AGC_067,3.0,B05_C3_PLS,4.48346356431606
fold_municipality_grouped,1,AGC_069,5.46,B05_C3_PLS,4.868645671152115
fold_municipality_grouped,1,AGC_070,3.3,B05_C3_PLS,3.9567434380436497
fold_municipality_grouped,1,AGC_072,4.55,B05_C3_PLS,4.108829615712117
fold_municipality_grouped,1,AGC_073,4.3,B05_C3_PLS,3.135327817670796
fold_municipality_grouped,1,AGC_077,4.76,B05_C3_PLS,3.5781426466805124
fold_municipality_grouped,1,AGC_078,3.0,B05_C3_PLS,3.803609793211481
fold_municipality_grouped,1,AGC_079,3.3,B05_C3_PLS,3.6399089823464186
fold_municipality_grouped,1,AGC_080,3.5,B05_C3_PLS,3.6851328321277186
fold_municipality_grouped,1,AGC_081,3.7,B05_C3_PLS,4.292764205408338
fold_municipality_grouped,1,AGC_083,4.61,B05_C3_PLS,4.079145848594927
fold_municipality_grouped,1,AGC_084,4.54,B05_C3_PLS,4.653907622459777
fold_municipality_grouped,1,AGC_089,3.0,B05_C3_PLS,3.9184963370205557
fold_municipality_grouped,1,AGC_090,4.68,B05_C3_PLS,4.041109559002267
fold_municipality_grouped,1,AGC_092,4.57,B05_C3_PLS,3.9949069698631763
fold_municipality_grouped,1,AGC_096,4.59,B05_C3_PLS,3.5995397386886596
fold_municipality_grouped,1,AGC_097,4.69,B05_C3_PLS,4.207805850625618
fold_municipality_grouped,1,AGC_100,4.5,B05_C3_PLS,3.7962486211078876
fold_municipality_grouped,1,AGC_101,4.57,B05_C3_PLS,3.8897037007576145
fold_municipality_grouped,1,AGC_102,4.4,B05_C3_PLS,3.932836322760976
fold_municipality_grouped,1,AGC_104,4.56,B05_C3_PLS,3.9275393491321138
fold_municipality_grouped,1,AGC_105,4.41,B05_C3_PLS,4.2521049111196145
fold_municipality_grouped,1,AGC_106,4.43,B05_C3_PLS,3.825058525570999
fold_municipality_grouped,1,AGC_108,4.51,B05_C3_PLS,4.409960320748343
fold_municipality_grouped,1,AGC_109,4.54,B05_C3_PLS,3.9832696214731427
fold_municipality_grouped,1,AGC_110,4.18,B05_C3_PLS,3.864582977572477
fold_municipality_grouped,1,AGC_111,4.72,B05_C3_PLS,4.04222750156004
fold_municipality_grouped,1,AGC_115,4.6,B05_C3_PLS,3.328551326564295
fold_municipality_grouped,1,AGC_119,4.4,B05_C3_PLS,4.38073615456018
fold_municipality_grouped,1,AGC_121,3.3,B05_C3_PLS,3.7809713087131565
fold_municipality_grouped,1,AGC_124,5.05,B05_C3_PLS,4.669265598399257
fold_municipality_grouped,1,AGC_125,4.06,B05_C3_PLS,4.214619845431878
fold_municipality_grouped,1,AGC_127,5.57,B05_C3_PLS,5.247382341339853
fold_municipality_grouped,1,AGC_131,4.89,B05_C3_PLS,4.247217387799018
fold_municipality_grouped,1,AGC_132,4.13,B05_C3_PLS,4.337432398703716
fold_municipality_grouped,1,AGC_133,3.91,B05_C3_PLS,3.951421418853378
fold_municipality_grouped,1,AGC_134,4.52,B05_C3_PLS,4.333314963129787
fold_municipality_grouped,1,AGC_135,4.49,B05_C3_PLS,3.8918300430507253
fold_municipality_grouped,1,AGC_137,4.54,B05_C3_PLS,4.459129187444816
fold_municipality_grouped,1,AGC_139,4.67,B05_C3_PLS,3.5421741019418365
fold_municipality_grouped,1,AGC_140,3.2,B05_C3_PLS,3.719571534403349
fold_municipality_grouped,1,AGC_146,4.58,B05_C3_PLS,4.386338584761253
fold_municipality_grouped,1,AGC_148,3.0,B05_C3_PLS,3.744684257702737
fold_municipality_grouped,1,AGC_150,4.52,B05_C3_PLS,4.13960839498511
fold_municipality_grouped,1,AGC_151,4.69,B05_C3_PLS,4.758147986438182
fold_municipality_grouped,1,AGC_152,4.87,B05_C3_PLS,4.708784779164562
fold_municipality_grouped,1,AGC_155,4.52,B05_C3_PLS,4.403117446787959
fold_municipality_grouped,1,AGC_159,4.77,B05_C3_PLS,4.196099422844764
fold_municipality_grouped,1,AGC_160,3.62,B05_C3_PLS,4.554620792221636
fold_municipality_grouped,1,AGC_161,4.46,B05_C3_PLS,4.567378220036469
fold_municipality_grouped,1,AGC_162,5.59,B05_C3_PLS,3.9951593448730573
fold_municipality_grouped,1,AGC_164,3.0,B05_C3_PLS,3.5774433225371256
fold_municipality_grouped,1,AGC_165,4.44,B05_C3_PLS,4.059164625198553
fold_municipality_grouped,1,AGC_166,2.5,B05_C3_PLS,4.120743529658479
fold_municipality_grouped,1,AGC_167,4.54,B05_C3_PLS,4.347909818450266
fold_municipality_grouped,1,AGC_168,4.49,B05_C3_PLS,4.054074583884171
fold_municipality_grouped,1,AGC_171,2.15,B05_C3_PLS,3.9780583177503055
fold_municipality_grouped,1,AGC_172,5.19,B05_C3_PLS,4.272824444034153
fold_municipality_grouped,1,AGC_176,4.38,B05_C3_PLS,4.116652693828137
fold_municipality_grouped,1,AGC_178,4.39,B05_C3_PLS,3.656003385382199
fold_municipality_grouped,1,AGC_179,4.55,B05_C3_PLS,4.265762141984977
fold_municipality_grouped,1,AGC_180,4.14,B05_C3_PLS,4.1294585454579975
fold_municipality_grouped,1,AGC_181,4.51,B05_C3_PLS,4.138930415097664
fold_municipality_grouped,1,AGC_184,4.47,B05_C3_PLS,4.155694252814565
fold_municipality_grouped,1,AGC_185,5.01,B05_C3_PLS,4.055747824111753
fold_municipality_grouped,1,AGC_189,4.03,B05_C3_PLS,4.0822967146919815
fold_municipality_grouped,1,AGC_193,4.57,B05_C3_PLS,3.915561042752728
fold_municipality_grouped,1,AGC_194,3.2,B05_C3_PLS,4.165600413144236
fold_municipality_grouped,1,AGC_195,3.68,B05_C3_PLS,3.6320174265268514
fold_municipality_grouped,1,AGC_197,4.52,B05_C3_PLS,3.826556708123181
fold_municipality_grouped,1,AGC_002,4.63,B06_C2_PLS,4.247623337279103
fold_municipality_grouped,1,AGC_005,5.16,B06_C2_PLS,4.567312112638635
fold_municipality_grouped,1,AGC_006,4.49,B06_C2_PLS,3.9413330563985856
fold_municipality_grouped,1,AGC_007,3.5,B06_C2_PLS,3.842834026968167
fold_municipality_grouped,1,AGC_008,4.55,B06_C2_PLS,3.7884969568127156
fold_municipality_grouped,1,AGC_009,4.79,B06_C2_PLS,4.09778396084312
fold_municipality_grouped,1,AGC_010,4.1,B06_C2_PLS,3.9157340320714433
fold_municipality_grouped,1,AGC_012,4.69,B06_C2_PLS,4.752941812943079
fold_municipality_grouped,1,AGC_013,4.01,B06_C2_PLS,4.362023211353982
fold_municipality_grouped,1,AGC_014,4.83,B06_C2_PLS,4.445815206363314
fold_municipality_grouped,1,AGC_015,2.64,B06_C2_PLS,4.362397489235416
fold_municipality_grouped,1,AGC_017,4.98,B06_C2_PLS,4.628165913529298
fold_municipality_grouped,1,AGC_018,4.49,B06_C2_PLS,4.340185020084976
fold_municipality_grouped,1,AGC_021,4.94,B06_C2_PLS,3.952786449418564
fold_municipality_grouped,1,AGC_022,4.55,B06_C2_PLS,3.6943741630899254
fold_municipality_grouped,1,AGC_024,3.03,B06_C2_PLS,4.110964537890454
fold_municipality_grouped,1,AGC_026,3.55,B06_C2_PLS,4.2074986393503515
fold_municipality_grouped,1,AGC_032,4.03,B06_C2_PLS,3.942138996550164
fold_municipality_grouped,1,AGC_033,4.47,B06_C2_PLS,3.943874212504652
fold_municipality_grouped,1,AGC_034,2.0,B06_C2_PLS,4.00850509120711
fold_municipality_grouped,1,AGC_035,4.68,B06_C2_PLS,3.9872878500679945
fold_municipality_grouped,1,AGC_038,3.3,B06_C2_PLS,4.12923315612447
fold_municipality_grouped,1,AGC_041,2.5,B06_C2_PLS,4.040030676082852
fold_municipality_grouped,1,AGC_045,4.1,B06_C2_PLS,4.361296694897142
fold_municipality_grouped,1,AGC_047,4.45,B06_C2_PLS,3.608755231699104
fold_municipality_grouped,1,AGC_048,2.5,B06_C2_PLS,3.904533158434244
fold_municipality_grouped,1,AGC_049,5.53,B06_C2_PLS,4.790669258304141
fold_municipality_grouped,1,AGC_051,4.45,B06_C2_PLS,3.990174451408855
fold_municipality_grouped,1,AGC_055,5.45,B06_C2_PLS,4.4276952160905365
fold_municipality_grouped,1,AGC_056,5.07,B06_C2_PLS,4.226865653911046
fold_municipality_grouped,1,AGC_057,4.55,B06_C2_PLS,4.575537890301618
fold_municipality_grouped,1,AGC_059,4.41,B06_C2_PLS,3.920642780632295
fold_municipality_grouped,1,AGC_060,4.52,B06_C2_PLS,4.455750876152723
fold_municipality_grouped,1,AGC_062,3.81,B06_C2_PLS,3.322775416442497
fold_municipality_grouped,1,AGC_064,4.51,B06_C2_PLS,4.234923089070825
fold_municipality_grouped,1,AGC_067,3.0,B06_C2_PLS,4.523889071225216
fold_municipality_grouped,1,AGC_069,5.46,B06_C2_PLS,4.7904244285716056
fold_municipality_grouped,1,AGC_070,3.3,B06_C2_PLS,3.961662892256112
fold_municipality_grouped,1,AGC_072,4.55,B06_C2_PLS,4.099020181823439
fold_municipality_grouped,1,AGC_073,4.3,B06_C2_PLS,3.1023136652240777
fold_municipality_grouped,1,AGC_077,4.76,B06_C2_PLS,3.529586298112048
fold_municipality_grouped,1,AGC_078,3.0,B06_C2_PLS,3.8568099042868846
fold_municipality_grouped,1,AGC_079,3.3,B06_C2_PLS,3.655600734801698
fold_municipality_grouped,1,AGC_080,3.5,B06_C2_PLS,3.6475325178846316
fold_municipality_grouped,1,AGC_081,3.7,B06_C2_PLS,4.330261486904934
fold_municipality_grouped,1,AGC_083,4.61,B06_C2_PLS,4.160463875075392
fold_municipality_grouped,1,AGC_084,4.54,B06_C2_PLS,4.559481242770829
fold_municipality_grouped,1,AGC_089,3.0,B06_C2_PLS,3.9429042366844205
fold_municipality_grouped,1,AGC_090,4.68,B06_C2_PLS,4.069205720609313
fold_municipality_grouped,1,AGC_092,4.57,B06_C2_PLS,3.9826126014193703
fold_municipality_grouped,1,AGC_096,4.59,B06_C2_PLS,3.517634139124833
fold_municipality_grouped,1,AGC_097,4.69,B06_C2_PLS,4.033121496829249
fold_municipality_grouped,1,AGC_100,4.5,B06_C2_PLS,3.7953051039997074
fold_municipality_grouped,1,AGC_101,4.57,B06_C2_PLS,3.8930396971275245
fold_municipality_grouped,1,AGC_102,4.4,B06_C2_PLS,3.9301715631607395
fold_municipality_grouped,1,AGC_104,4.56,B06_C2_PLS,3.87998158131756
fold_municipality_grouped,1,AGC_105,4.41,B06_C2_PLS,4.185230545446301
fold_municipality_grouped,1,AGC_106,4.43,B06_C2_PLS,3.7960189939175724
fold_municipality_grouped,1,AGC_108,4.51,B06_C2_PLS,4.40647564241592
fold_municipality_grouped,1,AGC_109,4.54,B06_C2_PLS,3.849804236906173
fold_municipality_grouped,1,AGC_110,4.18,B06_C2_PLS,3.836411058730916
fold_municipality_grouped,1,AGC_111,4.72,B06_C2_PLS,3.9556758727584933
fold_municipality_grouped,1,AGC_115,4.6,B06_C2_PLS,3.2967977077353705
fold_municipality_grouped,1,AGC_119,4.4,B06_C2_PLS,4.301797040340236
fold_municipality_grouped,1,AGC_121,3.3,B06_C2_PLS,3.8225606251183097
fold_municipality_grouped,1,AGC_124,5.05,B06_C2_PLS,4.702094833120478
fold_municipality_grouped,1,AGC_125,4.06,B06_C2_PLS,4.223099947724814
fold_municipality_grouped,1,AGC_127,5.57,B06_C2_PLS,5.250305149499359
fold_municipality_grouped,1,AGC_131,4.89,B06_C2_PLS,4.179279199131668
fold_municipality_grouped,1,AGC_132,4.13,B06_C2_PLS,4.370464817492428
fold_municipality_grouped,1,AGC_133,3.91,B06_C2_PLS,3.966940221185143
fold_municipality_grouped,1,AGC_134,4.52,B06_C2_PLS,4.215752253026451
fold_municipality_grouped,1,AGC_135,4.49,B06_C2_PLS,3.796021110265334
fold_municipality_grouped,1,AGC_137,4.54,B06_C2_PLS,4.424904948203427
fold_municipality_grouped,1,AGC_139,4.67,B06_C2_PLS,3.5117982429023824
fold_municipality_grouped,1,AGC_140,3.2,B06_C2_PLS,3.7260790716624808
fold_municipality_grouped,1,AGC_146,4.58,B06_C2_PLS,4.466487247760926
fold_municipality_grouped,1,AGC_148,3.0,B06_C2_PLS,3.775264023532935
fold_municipality_grouped,1,AGC_150,4.52,B06_C2_PLS,4.080650152019944
fold_municipality_grouped,1,AGC_151,4.69,B06_C2_PLS,4.739486300713463
fold_municipality_grouped,1,AGC_152,4.87,B06_C2_PLS,4.597635022693849
fold_municipality_grouped,1,AGC_155,4.52,B06_C2_PLS,4.370476172925021
fold_municipality_grouped,1,AGC_159,4.77,B06_C2_PLS,4.123490350147817
fold_municipality_grouped,1,AGC_160,3.62,B06_C2_PLS,4.486136494209253
fold_municipality_grouped,1,AGC_161,4.46,B06_C2_PLS,4.505609860963652
fold_municipality_grouped,1,AGC_162,5.59,B06_C2_PLS,3.9520295333031425
fold_municipality_grouped,1,AGC_164,3.0,B06_C2_PLS,3.638566618419337
fold_municipality_grouped,1,AGC_165,4.44,B06_C2_PLS,4.039386324489801
fold_municipality_grouped,1,AGC_166,2.5,B06_C2_PLS,4.106193854210074
fold_municipality_grouped,1,AGC_167,4.54,B06_C2_PLS,4.331496472533708
fold_municipality_grouped,1,AGC_168,4.49,B06_C2_PLS,3.8872068557526873
fold_municipality_grouped,1,AGC_171,2.15,B06_C2_PLS,3.958925831620976
fold_municipality_grouped,1,AGC_172,5.19,B06_C2_PLS,4.289430421582183
fold_municipality_grouped,1,AGC_176,4.38,B06_C2_PLS,4.113287250392836
fold_municipality_grouped,1,AGC_178,4.39,B06_C2_PLS,3.5884112258611722
fold_municipality_grouped,1,AGC_179,4.55,B06_C2_PLS,4.22404383044692
fold_municipality_grouped,1,AGC_180,4.14,B06_C2_PLS,4.100339313126729
fold_municipality_grouped,1,AGC_181,4.51,B06_C2_PLS,4.153927347032934
fold_municipality_grouped,1,AGC_184,4.47,B06_C2_PLS,4.26355267027219
fold_municipality_grouped,1,AGC_185,5.01,B06_C2_PLS,3.9692970602354904
fold_municipality_grouped,1,AGC_189,4.03,B06_C2_PLS,4.110694438377282
fold_municipality_grouped,1,AGC_193,4.57,B06_C2_PLS,3.9034574517705742
fold_municipality_grouped,1,AGC_194,3.2,B06_C2_PLS,4.187189538720322
fold_municipality_grouped,1,AGC_195,3.68,B06_C2_PLS,3.5574497781586274
fold_municipality_grouped,1,AGC_197,4.52,B06_C2_PLS,3.7895405337203827
fold_municipality_grouped,1,AGC_002,4.63,B07_C1_ExtraTrees,4.207740654761903
fold_municipality_grouped,1,AGC_005,5.16,B07_C1_ExtraTrees,4.371201488095239
fold_municipality_grouped,1,AGC_006,4.49,B07_C1_ExtraTrees,3.908820119047618
fold_municipality_grouped,1,AGC_007,3.5,B07_C1_ExtraTrees,4.354941666666668
fold_municipality_grouped,1,AGC_008,4.55,B07_C1_ExtraTrees,4.065320416666667
fold_municipality_grouped,1,AGC_009,4.79,B07_C1_ExtraTrees,4.243150000000001
fold_municipality_grouped,1,AGC_010,4.1,B07_C1_ExtraTrees,4.165624166666665
fold_municipality_grouped,1,AGC_012,4.69,B07_C1_ExtraTrees,4.327980654761903
fold_municipality_grouped,1,AGC_013,4.01,B07_C1_ExtraTrees,4.015533035714284
fold_municipality_grouped,1,AGC_014,4.83,B07_C1_ExtraTrees,4.349192738095234
fold_municipality_grouped,1,AGC_015,2.64,B07_C1_ExtraTrees,4.206373333333335
fold_municipality_grouped,1,AGC_017,4.98,B07_C1_ExtraTrees,4.256299166666665
fold_municipality_grouped,1,AGC_018,4.49,B07_C1_ExtraTrees,4.303104404761902
fold_municipality_grouped,1,AGC_021,4.94,B07_C1_ExtraTrees,3.963796904761904
fold_municipality_grouped,1,AGC_022,4.55,B07_C1_ExtraTrees,3.9787083333333357
fold_municipality_grouped,1,AGC_024,3.03,B07_C1_ExtraTrees,4.076715297619048
fold_municipality_grouped,1,AGC_026,3.55,B07_C1_ExtraTrees,4.1367312499999995
fold_municipality_grouped,1,AGC_032,4.03,B07_C1_ExtraTrees,4.009705416666665
fold_municipality_grouped,1,AGC_033,4.47,B07_C1_ExtraTrees,3.983516666666666
fold_municipality_grouped,1,AGC_034,2.0,B07_C1_ExtraTrees,4.376056666666666
fold_municipality_grouped,1,AGC_035,4.68,B07_C1_ExtraTrees,3.9867416666666613
fold_municipality_grouped,1,AGC_038,3.3,B07_C1_ExtraTrees,4.400958750000002
fold_municipality_grouped,1,AGC_041,2.5,B07_C1_ExtraTrees,4.383821369047623
fold_municipality_grouped,1,AGC_045,4.1,B07_C1_ExtraTrees,4.307738571428571
fold_municipality_grouped,1,AGC_047,4.45,B07_C1_ExtraTrees,4.011898750000003
fold_municipality_grouped,1,AGC_048,2.5,B07_C1_ExtraTrees,3.9890354166666664
fold_municipality_grouped,1,AGC_049,5.53,B07_C1_ExtraTrees,4.274205654761904
fold_municipality_grouped,1,AGC_051,4.45,B07_C1_ExtraTrees,4.001439583333328
fold_municipality_grouped,1,AGC_055,5.45,B07_C1_ExtraTrees,4.292499999999999
fold_municipality_grouped,1,AGC_056,5.07,B07_C1_ExtraTrees,3.9662379166666653
fold_municipality_grouped,1,AGC_057,4.55,B07_C1_ExtraTrees,4.212340833333334
fold_municipality_grouped,1,AGC_059,4.41,B07_C1_ExtraTrees,3.9928916666666665
fold_municipality_grouped,1,AGC_060,4.52,B07_C1_ExtraTrees,4.112680833333334
fold_municipality_grouped,1,AGC_062,3.81,B07_C1_ExtraTrees,3.932965416666668
fold_municipality_grouped,1,AGC_064,4.51,B07_C1_ExtraTrees,4.215745833333336
fold_municipality_grouped,1,AGC_067,3.0,B07_C1_ExtraTrees,4.322070833333329
fold_municipality_grouped,1,AGC_069,5.46,B07_C1_ExtraTrees,4.190761666666666
fold_municipality_grouped,1,AGC_070,3.3,B07_C1_ExtraTrees,4.52899958333333
fold_municipality_grouped,1,AGC_072,4.55,B07_C1_ExtraTrees,3.9895013690476184
fold_municipality_grouped,1,AGC_073,4.3,B07_C1_ExtraTrees,3.8753433333333356
fold_municipality_grouped,1,AGC_077,4.76,B07_C1_ExtraTrees,3.7711179166666704
fold_municipality_grouped,1,AGC_078,3.0,B07_C1_ExtraTrees,4.512440416666667
fold_municipality_grouped,1,AGC_079,3.3,B07_C1_ExtraTrees,4.378395000000001
fold_municipality_grouped,1,AGC_080,3.5,B07_C1_ExtraTrees,4.264403333333333
fold_municipality_grouped,1,AGC_081,3.7,B07_C1_ExtraTrees,4.480620833333336
fold_municipality_grouped,1,AGC_083,4.61,B07_C1_ExtraTrees,4.064149999999999
fold_municipality_grouped,1,AGC_084,4.54,B07_C1_ExtraTrees,4.155595833333336
fold_municipality_grouped,1,AGC_089,3.0,B07_C1_ExtraTrees,4.260192499999999
fold_municipality_grouped,1,AGC_090,4.68,B07_C1_ExtraTrees,4.225245
fold_municipality_grouped,1,AGC_092,4.57,B07_C1_ExtraTrees,4.000634166666668
fold_municipality_grouped,1,AGC_096,4.59,B07_C1_ExtraTrees,3.872392083333336
fold_municipality_grouped,1,AGC_097,4.69,B07_C1_ExtraTrees,3.9435475000000006
fold_municipality_grouped,1,AGC_100,4.5,B07_C1_ExtraTrees,4.170997083333335
fold_municipality_grouped,1,AGC_101,4.57,B07_C1_ExtraTrees,3.8695204166666652
fold_municipality_grouped,1,AGC_102,4.4,B07_C1_ExtraTrees,3.8881450000000006
fold_municipality_grouped,1,AGC_104,4.56,B07_C1_ExtraTrees,4.135490000000001
fold_municipality_grouped,1,AGC_105,4.41,B07_C1_ExtraTrees,4.251332916666667
fold_municipality_grouped,1,AGC_106,4.43,B07_C1_ExtraTrees,4.0817941666666675
fold_municipality_grouped,1,AGC_108,4.51,B07_C1_ExtraTrees,4.01161625
fold_municipality_grouped,1,AGC_109,4.54,B07_C1_ExtraTrees,3.942172916666666
fold_municipality_grouped,1,AGC_110,4.18,B07_C1_ExtraTrees,4.064897083333334
fold_municipality_grouped,1,AGC_111,4.72,B07_C1_ExtraTrees,3.897831964285717
fold_municipality_grouped,1,AGC_115,4.6,B07_C1_ExtraTrees,3.9111062500000036
fold_municipality_grouped,1,AGC_119,4.4,B07_C1_ExtraTrees,4.247129166666665
fold_municipality_grouped,1,AGC_121,3.3,B07_C1_ExtraTrees,4.466527916666668
fold_municipality_grouped,1,AGC_124,5.05,B07_C1_ExtraTrees,4.188216904761907
fold_municipality_grouped,1,AGC_125,4.06,B07_C1_ExtraTrees,4.371712916666661
fold_municipality_grouped,1,AGC_127,5.57,B07_C1_ExtraTrees,4.251212083333334
fold_municipality_grouped,1,AGC_131,4.89,B07_C1_ExtraTrees,4.183202916666664
fold_municipality_grouped,1,AGC_132,4.13,B07_C1_ExtraTrees,4.0473655357142855
fold_municipality_grouped,1,AGC_133,3.91,B07_C1_ExtraTrees,4.0627239880952395
fold_municipality_grouped,1,AGC_134,4.52,B07_C1_ExtraTrees,4.007327083333333
fold_municipality_grouped,1,AGC_135,4.49,B07_C1_ExtraTrees,3.8373137500000034
fold_municipality_grouped,1,AGC_137,4.54,B07_C1_ExtraTrees,4.116000000000002
fold_municipality_grouped,1,AGC_139,4.67,B07_C1_ExtraTrees,3.9932279166666684
fold_municipality_grouped,1,AGC_140,3.2,B07_C1_ExtraTrees,4.385316666666666
fold_municipality_grouped,1,AGC_146,4.58,B07_C1_ExtraTrees,4.223733333333336
fold_municipality_grouped,1,AGC_148,3.0,B07_C1_ExtraTrees,4.3126224999999945
fold_municipality_grouped,1,AGC_150,4.52,B07_C1_ExtraTrees,4.250303333333331
fold_municipality_grouped,1,AGC_151,4.69,B07_C1_ExtraTrees,4.106883333333332
fold_municipality_grouped,1,AGC_152,4.87,B07_C1_ExtraTrees,4.0898875
fold_municipality_grouped,1,AGC_155,4.52,B07_C1_ExtraTrees,4.226276250000003
fold_municipality_grouped,1,AGC_159,4.77,B07_C1_ExtraTrees,4.274964583333332
fold_municipality_grouped,1,AGC_160,3.62,B07_C1_ExtraTrees,4.1790725
fold_municipality_grouped,1,AGC_161,4.46,B07_C1_ExtraTrees,4.291579821428569
fold_municipality_grouped,1,AGC_162,5.59,B07_C1_ExtraTrees,3.875512083333334
fold_municipality_grouped,1,AGC_164,3.0,B07_C1_ExtraTrees,3.9177833333333307
fold_municipality_grouped,1,AGC_165,4.44,B07_C1_ExtraTrees,3.9353569047619037
fold_municipality_grouped,1,AGC_166,2.5,B07_C1_ExtraTrees,4.450347619047618
fold_municipality_grouped,1,AGC_167,4.54,B07_C1_ExtraTrees,4.270733749999998
fold_municipality_grouped,1,AGC_168,4.49,B07_C1_ExtraTrees,4.190168154761902
fold_municipality_grouped,1,AGC_171,2.15,B07_C1_ExtraTrees,3.9834587500000005
fold_municipality_grouped,1,AGC_172,5.19,B07_C1_ExtraTrees,3.964778035714287
fold_municipality_grouped,1,AGC_176,4.38,B07_C1_ExtraTrees,3.9977333333333354
fold_municipality_grouped,1,AGC_178,4.39,B07_C1_ExtraTrees,3.7570579166666693
fold_municipality_grouped,1,AGC_179,4.55,B07_C1_ExtraTrees,4.02385273809524
fold_municipality_grouped,1,AGC_180,4.14,B07_C1_ExtraTrees,3.994533333333331
fold_municipality_grouped,1,AGC_181,4.51,B07_C1_ExtraTrees,4.033495833333334
fold_municipality_grouped,1,AGC_184,4.47,B07_C1_ExtraTrees,4.155329166666669
fold_municipality_grouped,1,AGC_185,5.01,B07_C1_ExtraTrees,4.08392125
fold_municipality_grouped,1,AGC_189,4.03,B07_C1_ExtraTrees,4.085405416666665
fold_municipality_grouped,1,AGC_193,4.57,B07_C1_ExtraTrees,3.908230833333337
fold_municipality_grouped,1,AGC_194,3.2,B07_C1_ExtraTrees,4.47538
fold_municipality_grouped,1,AGC_195,3.68,B07_C1_ExtraTrees,3.983877500000001
fold_municipality_grouped,1,AGC_197,4.52,B07_C1_ExtraTrees,3.788682500000001
fold_municipality_grouped,1,AGC_002,4.63,B08_C1_PLS,4.249310605678828
fold_municipality_grouped,1,AGC_005,5.16,B08_C1_PLS,5.4317728653988455
fold_municipality_grouped,1,AGC_006,4.49,B08_C1_PLS,4.36813987674036
fold_municipality_grouped,1,AGC_007,3.5,B08_C1_PLS,3.9952259241559567
fold_municipality_grouped,1,AGC_008,4.55,B08_C1_PLS,4.274224054462185
fold_municipality_grouped,1,AGC_009,4.79,B08_C1_PLS,4.123583977077756
fold_municipality_grouped,1,AGC_010,4.1,B08_C1_PLS,4.156252122413306
fold_municipality_grouped,1,AGC_012,4.69,B08_C1_PLS,5.1669641681795095
fold_municipality_grouped,1,AGC_013,4.01,B08_C1_PLS,4.643495397696539
fold_municipality_grouped,1,AGC_014,4.83,B08_C1_PLS,4.808789155277801
fold_municipality_grouped,1,AGC_015,2.64,B08_C1_PLS,4.73936072983976
fold_municipality_grouped,1,AGC_017,4.98,B08_C1_PLS,4.781421911481854
fold_municipality_grouped,1,AGC_018,4.49,B08_C1_PLS,4.222791285693851
fold_municipality_grouped,1,AGC_021,4.94,B08_C1_PLS,3.942707759650767
fold_municipality_grouped,1,AGC_022,4.55,B08_C1_PLS,4.146711523101061
fold_municipality_grouped,1,AGC_024,3.03,B08_C1_PLS,4.474721515053898
fold_municipality_grouped,1,AGC_026,3.55,B08_C1_PLS,4.598685350761128
fold_municipality_grouped,1,AGC_032,4.03,B08_C1_PLS,4.4106658210159395
fold_municipality_grouped,1,AGC_033,4.47,B08_C1_PLS,4.27766404166387
fold_municipality_grouped,1,AGC_034,2.0,B08_C1_PLS,4.256478609917672
fold_municipality_grouped,1,AGC_035,4.68,B08_C1_PLS,4.067891997713139
fold_municipality_grouped,1,AGC_038,3.3,B08_C1_PLS,4.297404857907209
fold_municipality_grouped,1,AGC_041,2.5,B08_C1_PLS,4.218364870145732
fold_municipality_grouped,1,AGC_045,4.1,B08_C1_PLS,4.380835056627966
fold_municipality_grouped,1,AGC_047,4.45,B08_C1_PLS,3.5612882643842747
fold_municipality_grouped,1,AGC_048,2.5,B08_C1_PLS,3.546763296215016
fold_municipality_grouped,1,AGC_049,5.53,B08_C1_PLS,4.649112264422457
fold_municipality_grouped,1,AGC_051,4.45,B08_C1_PLS,3.9820984674430644
fold_municipality_grouped,1,AGC_055,5.45,B08_C1_PLS,4.334354955175955
fold_municipality_grouped,1,AGC_056,5.07,B08_C1_PLS,4.337094346326694
fold_municipality_grouped,1,AGC_057,4.55,B08_C1_PLS,4.703164328482772
fold_municipality_grouped,1,AGC_059,4.41,B08_C1_PLS,3.9600640781121452
fold_municipality_grouped,1,AGC_060,4.52,B08_C1_PLS,4.115280365167117
fold_municipality_grouped,1,AGC_062,3.81,B08_C1_PLS,3.5256969982639816
fold_municipality_grouped,1,AGC_064,4.51,B08_C1_PLS,4.238577956001922
fold_municipality_grouped,1,AGC_067,3.0,B08_C1_PLS,4.075609282402987
fold_municipality_grouped,1,AGC_069,5.46,B08_C1_PLS,4.6514866997534785
fold_municipality_grouped,1,AGC_070,3.3,B08_C1_PLS,4.344755149327646
fold_municipality_grouped,1,AGC_072,4.55,B08_C1_PLS,4.734394667283703
fold_municipality_grouped,1,AGC_073,4.3,B08_C1_PLS,3.5015697411293645
fold_municipality_grouped,1,AGC_077,4.76,B08_C1_PLS,3.919351857594067
fold_municipality_grouped,1,AGC_078,3.0,B08_C1_PLS,3.987482368393728
fold_municipality_grouped,1,AGC_079,3.3,B08_C1_PLS,4.050822217180423
fold_municipality_grouped,1,AGC_080,3.5,B08_C1_PLS,3.8339325077835658
fold_municipality_grouped,1,AGC_081,3.7,B08_C1_PLS,4.146990130772892
fold_municipality_grouped,1,AGC_083,4.61,B08_C1_PLS,4.0435977424703085
fold_municipality_grouped,1,AGC_084,4.54,B08_C1_PLS,4.573084028923429
fold_municipality_grouped,1,AGC_089,3.0,B08_C1_PLS,3.898645070041787
fold_municipality_grouped,1,AGC_090,4.68,B08_C1_PLS,4.250663992767984
fold_municipality_grouped,1,AGC_092,4.57,B08_C1_PLS,4.462670675750271
fold_municipality_grouped,1,AGC_096,4.59,B08_C1_PLS,3.9037301978347276
fold_municipality_grouped,1,AGC_097,4.69,B08_C1_PLS,3.8947975777602273
fold_municipality_grouped,1,AGC_100,4.5,B08_C1_PLS,4.380678147083932
fold_municipality_grouped,1,AGC_101,4.57,B08_C1_PLS,3.9159292343957115
fold_municipality_grouped,1,AGC_102,4.4,B08_C1_PLS,4.104538197656986
fold_municipality_grouped,1,AGC_104,4.56,B08_C1_PLS,4.325475350543203
fold_municipality_grouped,1,AGC_105,4.41,B08_C1_PLS,4.467639792661435
fold_municipality_grouped,1,AGC_106,4.43,B08_C1_PLS,4.262733640604822
fold_municipality_grouped,1,AGC_108,4.51,B08_C1_PLS,3.9309255688356304
fold_municipality_grouped,1,AGC_109,4.54,B08_C1_PLS,3.922212760916098
fold_municipality_grouped,1,AGC_110,4.18,B08_C1_PLS,4.471947824952534
fold_municipality_grouped,1,AGC_111,4.72,B08_C1_PLS,4.307148594902537
fold_municipality_grouped,1,AGC_115,4.6,B08_C1_PLS,3.547137045406405
fold_municipality_grouped,1,AGC_119,4.4,B08_C1_PLS,4.369719380853998
fold_municipality_grouped,1,AGC_121,3.3,B08_C1_PLS,3.8383630520236203
fold_municipality_grouped,1,AGC_124,5.05,B08_C1_PLS,4.558597815986214
fold_municipality_grouped,1,AGC_125,4.06,B08_C1_PLS,4.89120451414632
fold_municipality_grouped,1,AGC_127,5.57,B08_C1_PLS,4.9607455009656025
fold_municipality_grouped,1,AGC_131,4.89,B08_C1_PLS,4.543292201727938
fold_municipality_grouped,1,AGC_132,4.13,B08_C1_PLS,4.715759364716036
fold_municipality_grouped,1,AGC_133,3.91,B08_C1_PLS,4.354608191813439
fold_municipality_grouped,1,AGC_134,4.52,B08_C1_PLS,4.024973769319656
fold_municipality_grouped,1,AGC_135,4.49,B08_C1_PLS,4.2090019722098235
fold_municipality_grouped,1,AGC_137,4.54,B08_C1_PLS,4.468288003929389
fold_municipality_grouped,1,AGC_139,4.67,B08_C1_PLS,3.9156006784548927
fold_municipality_grouped,1,AGC_140,3.2,B08_C1_PLS,3.7132467069292736
fold_municipality_grouped,1,AGC_146,4.58,B08_C1_PLS,4.324784365436061
fold_municipality_grouped,1,AGC_148,3.0,B08_C1_PLS,3.8560757319634438
fold_municipality_grouped,1,AGC_150,4.52,B08_C1_PLS,4.65703730644553
fold_municipality_grouped,1,AGC_151,4.69,B08_C1_PLS,4.600155281510731
fold_municipality_grouped,1,AGC_152,4.87,B08_C1_PLS,4.53350013840244
fold_municipality_grouped,1,AGC_155,4.52,B08_C1_PLS,5.080720199363437
fold_municipality_grouped,1,AGC_159,4.77,B08_C1_PLS,4.672389643506252
fold_municipality_grouped,1,AGC_160,3.62,B08_C1_PLS,4.607083879138687
fold_municipality_grouped,1,AGC_161,4.46,B08_C1_PLS,4.693108317154457
fold_municipality_grouped,1,AGC_162,5.59,B08_C1_PLS,4.0336009013646965
fold_municipality_grouped,1,AGC_164,3.0,B08_C1_PLS,3.0942304171215405
fold_municipality_grouped,1,AGC_165,4.44,B08_C1_PLS,4.204875888784319
fold_municipality_grouped,1,AGC_166,2.5,B08_C1_PLS,4.2420792347474565
fold_municipality_grouped,1,AGC_167,4.54,B08_C1_PLS,4.769049709791299
fold_municipality_grouped,1,AGC_168,4.49,B08_C1_PLS,3.9248716369619987
fold_municipality_grouped,1,AGC_171,2.15,B08_C1_PLS,4.002550237938109
fold_municipality_grouped,1,AGC_172,5.19,B08_C1_PLS,4.567813964193566
fold_municipality_grouped,1,AGC_176,4.38,B08_C1_PLS,4.3686534938691
fold_municipality_grouped,1,AGC_178,4.39,B08_C1_PLS,3.6019337435505188
fold_municipality_grouped,1,AGC_179,4.55,B08_C1_PLS,4.293772451216359
fold_municipality_grouped,1,AGC_180,4.14,B08_C1_PLS,3.931459177280907
fold_municipality_grouped,1,AGC_181,4.51,B08_C1_PLS,4.3960451495310195
fold_municipality_grouped,1,AGC_184,4.47,B08_C1_PLS,4.194803060424978
fold_municipality_grouped,1,AGC_185,5.01,B08_C1_PLS,3.997831210496761
fold_municipality_grouped,1,AGC_189,4.03,B08_C1_PLS,4.171772671993985
fold_municipality_grouped,1,AGC_193,4.57,B08_C1_PLS,3.9399131076474867
fold_municipality_grouped,1,AGC_194,3.2,B08_C1_PLS,4.353472057029671
fold_municipality_grouped,1,AGC_195,3.68,B08_C1_PLS,4.18897550250655
fold_municipality_grouped,1,AGC_197,4.52,B08_C1_PLS,3.835864789423194
fold_municipality_grouped,1,AGC_002,4.63,B09_C0_PCA_Ridge,4.081038339236777
fold_municipality_grouped,1,AGC_005,5.16,B09_C0_PCA_Ridge,4.37772856085795
fold_municipality_grouped,1,AGC_006,4.49,B09_C0_PCA_Ridge,3.5087547646334114
fold_municipality_grouped,1,AGC_007,3.5,B09_C0_PCA_Ridge,3.8075807320107673
fold_municipality_grouped,1,AGC_008,4.55,B09_C0_PCA_Ridge,3.7821936719166116
fold_municipality_grouped,1,AGC_009,4.79,B09_C0_PCA_Ridge,4.158033965308883
fold_municipality_grouped,1,AGC_010,4.1,B09_C0_PCA_Ridge,3.7856267816502447
fold_municipality_grouped,1,AGC_012,4.69,B09_C0_PCA_Ridge,4.286884963325341
fold_municipality_grouped,1,AGC_013,4.01,B09_C0_PCA_Ridge,3.794814809125789
fold_municipality_grouped,1,AGC_014,4.83,B09_C0_PCA_Ridge,4.171327069581343
fold_municipality_grouped,1,AGC_015,2.64,B09_C0_PCA_Ridge,3.997064308615625
fold_municipality_grouped,1,AGC_017,4.98,B09_C0_PCA_Ridge,4.27493920872602
fold_municipality_grouped,1,AGC_018,4.49,B09_C0_PCA_Ridge,4.181218664197461
fold_municipality_grouped,1,AGC_021,4.94,B09_C0_PCA_Ridge,3.7061139394567073
fold_municipality_grouped,1,AGC_022,4.55,B09_C0_PCA_Ridge,3.8755576735388364
fold_municipality_grouped,1,AGC_024,3.03,B09_C0_PCA_Ridge,3.9373818060007446
fold_municipality_grouped,1,AGC_026,3.55,B09_C0_PCA_Ridge,3.9902991364381837
fold_municipality_grouped,1,AGC_032,4.03,B09_C0_PCA_Ridge,4.0560776033640265
fold_municipality_grouped,1,AGC_033,4.47,B09_C0_PCA_Ridge,3.6124164795264946
fold_municipality_grouped,1,AGC_034,2.0,B09_C0_PCA_Ridge,4.057090157839022
fold_municipality_grouped,1,AGC_035,4.68,B09_C0_PCA_Ridge,4.162518387530509
fold_municipality_grouped,1,AGC_038,3.3,B09_C0_PCA_Ridge,4.1682407056868716
fold_municipality_grouped,1,AGC_041,2.5,B09_C0_PCA_Ridge,4.136783816536857
fold_municipality_grouped,1,AGC_045,4.1,B09_C0_PCA_Ridge,4.280396419563615
fold_municipality_grouped,1,AGC_047,4.45,B09_C0_PCA_Ridge,4.00304007492593
fold_municipality_grouped,1,AGC_048,2.5,B09_C0_PCA_Ridge,4.0833006074003295
fold_municipality_grouped,1,AGC_049,5.53,B09_C0_PCA_Ridge,4.118019418654199
fold_municipality_grouped,1,AGC_051,4.45,B09_C0_PCA_Ridge,4.0963822301142425
fold_municipality_grouped,1,AGC_055,5.45,B09_C0_PCA_Ridge,4.055933065236044
fold_municipality_grouped,1,AGC_056,5.07,B09_C0_PCA_Ridge,3.7868049319077794
fold_municipality_grouped,1,AGC_057,4.55,B09_C0_PCA_Ridge,4.1533499078005685
fold_municipality_grouped,1,AGC_059,4.41,B09_C0_PCA_Ridge,4.008723897397658
fold_municipality_grouped,1,AGC_060,4.52,B09_C0_PCA_Ridge,4.1098491972414735
fold_municipality_grouped,1,AGC_062,3.81,B09_C0_PCA_Ridge,3.5749938010521545
fold_municipality_grouped,1,AGC_064,4.51,B09_C0_PCA_Ridge,4.376622364170002
fold_municipality_grouped,1,AGC_067,3.0,B09_C0_PCA_Ridge,4.382789118321972
fold_municipality_grouped,1,AGC_069,5.46,B09_C0_PCA_Ridge,4.557736608895604
fold_municipality_grouped,1,AGC_070,3.3,B09_C0_PCA_Ridge,3.9883097802609044
fold_municipality_grouped,1,AGC_072,4.55,B09_C0_PCA_Ridge,3.5611065001739166
fold_municipality_grouped,1,AGC_073,4.3,B09_C0_PCA_Ridge,3.5109425507586374
fold_municipality_grouped,1,AGC_077,4.76,B09_C0_PCA_Ridge,3.4759392240620786
fold_municipality_grouped,1,AGC_078,3.0,B09_C0_PCA_Ridge,3.8557198218408923
fold_municipality_grouped,1,AGC_079,3.3,B09_C0_PCA_Ridge,3.7141503391233277
fold_municipality_grouped,1,AGC_080,3.5,B09_C0_PCA_Ridge,3.8094746810876647
fold_municipality_grouped,1,AGC_081,3.7,B09_C0_PCA_Ridge,4.284482468306016
fold_municipality_grouped,1,AGC_083,4.61,B09_C0_PCA_Ridge,4.252986092430697
fold_municipality_grouped,1,AGC_084,4.54,B09_C0_PCA_Ridge,4.654402519258665
fold_municipality_grouped,1,AGC_089,3.0,B09_C0_PCA_Ridge,4.015260951438134
fold_municipality_grouped,1,AGC_090,4.68,B09_C0_PCA_Ridge,3.8233749216921513
fold_municipality_grouped,1,AGC_092,4.57,B09_C0_PCA_Ridge,3.6599880200625177
fold_municipality_grouped,1,AGC_096,4.59,B09_C0_PCA_Ridge,3.739735533872306
fold_municipality_grouped,1,AGC_097,4.69,B09_C0_PCA_Ridge,3.807733998555669
fold_municipality_grouped,1,AGC_100,4.5,B09_C0_PCA_Ridge,3.783545289032977
fold_municipality_grouped,1,AGC_101,4.57,B09_C0_PCA_Ridge,3.8727791933414832
fold_municipality_grouped,1,AGC_102,4.4,B09_C0_PCA_Ridge,3.835014727948794
fold_municipality_grouped,1,AGC_104,4.56,B09_C0_PCA_Ridge,3.9670720305029326
fold_municipality_grouped,1,AGC_105,4.41,B09_C0_PCA_Ridge,3.9237794764707647
fold_municipality_grouped,1,AGC_106,4.43,B09_C0_PCA_Ridge,3.7585575601366323
fold_municipality_grouped,1,AGC_108,4.51,B09_C0_PCA_Ridge,3.9106331267187917
fold_municipality_grouped,1,AGC_109,4.54,B09_C0_PCA_Ridge,3.6591424112231294
fold_municipality_grouped,1,AGC_110,4.18,B09_C0_PCA_Ridge,3.800943561472299
fold_municipality_grouped,1,AGC_111,4.72,B09_C0_PCA_Ridge,3.700753400539673
fold_municipality_grouped,1,AGC_115,4.6,B09_C0_PCA_Ridge,3.5330933079581963
fold_municipality_grouped,1,AGC_119,4.4,B09_C0_PCA_Ridge,4.298348360534655
fold_municipality_grouped,1,AGC_121,3.3,B09_C0_PCA_Ridge,3.8507051903495633
fold_municipality_grouped,1,AGC_124,5.05,B09_C0_PCA_Ridge,4.1787608083584935
fold_municipality_grouped,1,AGC_125,4.06,B09_C0_PCA_Ridge,4.112895680246629
fold_municipality_grouped,1,AGC_127,5.57,B09_C0_PCA_Ridge,4.725145729456563
fold_municipality_grouped,1,AGC_131,4.89,B09_C0_PCA_Ridge,4.139093967211947
fold_municipality_grouped,1,AGC_132,4.13,B09_C0_PCA_Ridge,3.856142838655055
fold_municipality_grouped,1,AGC_133,3.91,B09_C0_PCA_Ridge,3.7452192006222815
fold_municipality_grouped,1,AGC_134,4.52,B09_C0_PCA_Ridge,4.233488998278585
fold_municipality_grouped,1,AGC_135,4.49,B09_C0_PCA_Ridge,3.5621255993042116
fold_municipality_grouped,1,AGC_137,4.54,B09_C0_PCA_Ridge,4.284144300349023
fold_municipality_grouped,1,AGC_139,4.67,B09_C0_PCA_Ridge,3.5684092144270623
fold_municipality_grouped,1,AGC_140,3.2,B09_C0_PCA_Ridge,3.7685861312597697
fold_municipality_grouped,1,AGC_146,4.58,B09_C0_PCA_Ridge,4.462070071992034
fold_municipality_grouped,1,AGC_148,3.0,B09_C0_PCA_Ridge,3.8602312881065144
fold_municipality_grouped,1,AGC_150,4.52,B09_C0_PCA_Ridge,4.090481329848633
fold_municipality_grouped,1,AGC_151,4.69,B09_C0_PCA_Ridge,4.6529749457024385
fold_municipality_grouped,1,AGC_152,4.87,B09_C0_PCA_Ridge,4.537839352920016
fold_municipality_grouped,1,AGC_155,4.52,B09_C0_PCA_Ridge,4.1698007599905145
fold_municipality_grouped,1,AGC_159,4.77,B09_C0_PCA_Ridge,3.9173553666332337
fold_municipality_grouped,1,AGC_160,3.62,B09_C0_PCA_Ridge,4.176568637359187
fold_municipality_grouped,1,AGC_161,4.46,B09_C0_PCA_Ridge,4.04309846643574
fold_municipality_grouped,1,AGC_162,5.59,B09_C0_PCA_Ridge,3.713148085300013
fold_municipality_grouped,1,AGC_164,3.0,B09_C0_PCA_Ridge,4.143844388491976
fold_municipality_grouped,1,AGC_165,4.44,B09_C0_PCA_Ridge,3.7670231754706966
fold_municipality_grouped,1,AGC_166,2.5,B09_C0_PCA_Ridge,4.30843243071718
fold_municipality_grouped,1,AGC_167,4.54,B09_C0_PCA_Ridge,4.042631055871356
fold_municipality_grouped,1,AGC_168,4.49,B09_C0_PCA_Ridge,3.7222512464779434
fold_municipality_grouped,1,AGC_171,2.15,B09_C0_PCA_Ridge,3.896821959022073
fold_municipality_grouped,1,AGC_172,5.19,B09_C0_PCA_Ridge,3.7414518068319493
fold_municipality_grouped,1,AGC_176,4.38,B09_C0_PCA_Ridge,3.8883682213665614
fold_municipality_grouped,1,AGC_178,4.39,B09_C0_PCA_Ridge,3.6941486690438143
fold_municipality_grouped,1,AGC_179,4.55,B09_C0_PCA_Ridge,3.876323350065734
fold_municipality_grouped,1,AGC_180,4.14,B09_C0_PCA_Ridge,4.0672964767332775
fold_municipality_grouped,1,AGC_181,4.51,B09_C0_PCA_Ridge,3.8055176453500654
fold_municipality_grouped,1,AGC_184,4.47,B09_C0_PCA_Ridge,4.270667396239804
fold_municipality_grouped,1,AGC_185,5.01,B09_C0_PCA_Ridge,3.880810169187725
fold_municipality_grouped,1,AGC_189,4.03,B09_C0_PCA_Ridge,3.942614859005291
fold_municipality_grouped,1,AGC_193,4.57,B09_C0_PCA_Ridge,3.8323819827138683
fold_municipality_grouped,1,AGC_194,3.2,B09_C0_PCA_Ridge,4.225862122184145
fold_municipality_grouped,1,AGC_195,3.68,B09_C0_PCA_Ridge,3.6761968444689246
fold_municipality_grouped,1,AGC_197,4.52,B09_C0_PCA_Ridge,3.872440605643591
fold_municipality_grouped,1,AGC_002,4.63,B10_C1_PCA_Ridge,4.486551114060479
fold_municipality_grouped,1,AGC_005,5.16,B10_C1_PCA_Ridge,5.356492430040972
fold_municipality_grouped,1,AGC_006,4.49,B10_C1_PCA_Ridge,4.752434247085653
fold_municipality_grouped,1,AGC_007,3.5,B10_C1_PCA_Ridge,4.111758539010579
fold_municipality_grouped,1,AGC_008,4.55,B10_C1_PCA_Ridge,4.110714305817381
fold_municipality_grouped,1,AGC_009,4.79,B10_C1_PCA_Ridge,4.448713843801979
fold_municipality_grouped,1,AGC_010,4.1,B10_C1_PCA_Ridge,4.287116703645576
fold_municipality_grouped,1,AGC_012,4.69,B10_C1_PCA_Ridge,5.164726877910692
fold_municipality_grouped,1,AGC_013,4.01,B10_C1_PCA_Ridge,4.907779148654418
fold_municipality_grouped,1,AGC_014,4.83,B10_C1_PCA_Ridge,4.70523533447548
fold_municipality_grouped,1,AGC_015,2.64,B10_C1_PCA_Ridge,4.958023680170212
fold_municipality_grouped,1,AGC_017,4.98,B10_C1_PCA_Ridge,4.898268849683072
fold_municipality_grouped,1,AGC_018,4.49,B10_C1_PCA_Ridge,4.175635766389129
fold_municipality_grouped,1,AGC_021,4.94,B10_C1_PCA_Ridge,4.275623074889299
fold_municipality_grouped,1,AGC_022,4.55,B10_C1_PCA_Ridge,4.032605486314651
fold_municipality_grouped,1,AGC_024,3.03,B10_C1_PCA_Ridge,4.425810962734845
fold_municipality_grouped,1,AGC_026,3.55,B10_C1_PCA_Ridge,4.4267998830941
fold_municipality_grouped,1,AGC_032,4.03,B10_C1_PCA_Ridge,4.433304507260724
fold_municipality_grouped,1,AGC_033,4.47,B10_C1_PCA_Ridge,4.493625413958882
fold_municipality_grouped,1,AGC_034,2.0,B10_C1_PCA_Ridge,4.240051638381482
fold_municipality_grouped,1,AGC_035,4.68,B10_C1_PCA_Ridge,4.098447658306069
fold_municipality_grouped,1,AGC_038,3.3,B10_C1_PCA_Ridge,4.247822873016624
fold_municipality_grouped,1,AGC_041,2.5,B10_C1_PCA_Ridge,4.254402993684288
fold_municipality_grouped,1,AGC_045,4.1,B10_C1_PCA_Ridge,4.21837277712341
fold_municipality_grouped,1,AGC_047,4.45,B10_C1_PCA_Ridge,3.904400764827721
fold_municipality_grouped,1,AGC_048,2.5,B10_C1_PCA_Ridge,4.019443482387936
fold_municipality_grouped,1,AGC_049,5.53,B10_C1_PCA_Ridge,4.664343497200681
fold_municipality_grouped,1,AGC_051,4.45,B10_C1_PCA_Ridge,4.145942980391767
fold_municipality_grouped,1,AGC_055,5.45,B10_C1_PCA_Ridge,4.32416934996275
fold_municipality_grouped,1,AGC_056,5.07,B10_C1_PCA_Ridge,4.604200867427729
fold_municipality_grouped,1,AGC_057,4.55,B10_C1_PCA_Ridge,4.701057405260996
fold_municipality_grouped,1,AGC_059,4.41,B10_C1_PCA_Ridge,3.9722766249336976
fold_municipality_grouped,1,AGC_060,4.52,B10_C1_PCA_Ridge,3.9907291665162776
fold_municipality_grouped,1,AGC_062,3.81,B10_C1_PCA_Ridge,3.5406759348989487
fold_municipality_grouped,1,AGC_064,4.51,B10_C1_PCA_Ridge,4.556940493148635
fold_municipality_grouped,1,AGC_067,3.0,B10_C1_PCA_Ridge,4.166347394888452
fold_municipality_grouped,1,AGC_069,5.46,B10_C1_PCA_Ridge,4.730902064358845
fold_municipality_grouped,1,AGC_070,3.3,B10_C1_PCA_Ridge,4.2709685248259035
fold_municipality_grouped,1,AGC_072,4.55,B10_C1_PCA_Ridge,4.906040647131122
fold_municipality_grouped,1,AGC_073,4.3,B10_C1_PCA_Ridge,3.534963901076423
fold_municipality_grouped,1,AGC_077,4.76,B10_C1_PCA_Ridge,4.023674517183266
fold_municipality_grouped,1,AGC_078,3.0,B10_C1_PCA_Ridge,4.099244260233133
fold_municipality_grouped,1,AGC_079,3.3,B10_C1_PCA_Ridge,4.12412727300984
fold_municipality_grouped,1,AGC_080,3.5,B10_C1_PCA_Ridge,3.964205759680735
fold_municipality_grouped,1,AGC_081,3.7,B10_C1_PCA_Ridge,4.219883578443021
fold_municipality_grouped,1,AGC_083,4.61,B10_C1_PCA_Ridge,4.18522838221255
fold_municipality_grouped,1,AGC_084,4.54,B10_C1_PCA_Ridge,4.499152960797036
fold_municipality_grouped,1,AGC_089,3.0,B10_C1_PCA_Ridge,4.053387659351987
fold_municipality_grouped,1,AGC_090,4.68,B10_C1_PCA_Ridge,4.199698708750469
fold_municipality_grouped,1,AGC_092,4.57,B10_C1_PCA_Ridge,4.647770368369514
fold_municipality_grouped,1,AGC_096,4.59,B10_C1_PCA_Ridge,3.927747718881753
fold_municipality_grouped,1,AGC_097,4.69,B10_C1_PCA_Ridge,4.245267523039964
fold_municipality_grouped,1,AGC_100,4.5,B10_C1_PCA_Ridge,4.206201159560297
fold_municipality_grouped,1,AGC_101,4.57,B10_C1_PCA_Ridge,3.946012441833062
fold_municipality_grouped,1,AGC_102,4.4,B10_C1_PCA_Ridge,4.015965157510455
fold_municipality_grouped,1,AGC_104,4.56,B10_C1_PCA_Ridge,4.180432357858398
fold_municipality_grouped,1,AGC_105,4.41,B10_C1_PCA_Ridge,4.499121570307391
fold_municipality_grouped,1,AGC_106,4.43,B10_C1_PCA_Ridge,4.12503286547415
fold_municipality_grouped,1,AGC_108,4.51,B10_C1_PCA_Ridge,4.073258770479687
fold_municipality_grouped,1,AGC_109,4.54,B10_C1_PCA_Ridge,4.257862910579261
fold_municipality_grouped,1,AGC_110,4.18,B10_C1_PCA_Ridge,4.340225022415883
fold_municipality_grouped,1,AGC_111,4.72,B10_C1_PCA_Ridge,4.4771977759668395
fold_municipality_grouped,1,AGC_115,4.6,B10_C1_PCA_Ridge,3.7432157038050584
fold_municipality_grouped,1,AGC_119,4.4,B10_C1_PCA_Ridge,4.469951536472055
fold_municipality_grouped,1,AGC_121,3.3,B10_C1_PCA_Ridge,4.017705287348858
fold_municipality_grouped,1,AGC_124,5.05,B10_C1_PCA_Ridge,4.767440240167204
fold_municipality_grouped,1,AGC_125,4.06,B10_C1_PCA_Ridge,4.7296107889130425
fold_municipality_grouped,1,AGC_127,5.57,B10_C1_PCA_Ridge,4.541737807791998
fold_municipality_grouped,1,AGC_131,4.89,B10_C1_PCA_Ridge,4.303154306315492
fold_municipality_grouped,1,AGC_132,4.13,B10_C1_PCA_Ridge,4.8900961224344
fold_municipality_grouped,1,AGC_133,3.91,B10_C1_PCA_Ridge,4.516599220561781
fold_municipality_grouped,1,AGC_134,4.52,B10_C1_PCA_Ridge,4.27918603319014
fold_municipality_grouped,1,AGC_135,4.49,B10_C1_PCA_Ridge,4.3879639871282725
fold_municipality_grouped,1,AGC_137,4.54,B10_C1_PCA_Ridge,4.369933032162794
fold_municipality_grouped,1,AGC_139,4.67,B10_C1_PCA_Ridge,3.9131690002941735
fold_municipality_grouped,1,AGC_140,3.2,B10_C1_PCA_Ridge,3.9377295958727268
fold_municipality_grouped,1,AGC_146,4.58,B10_C1_PCA_Ridge,4.3175288250645085
fold_municipality_grouped,1,AGC_148,3.0,B10_C1_PCA_Ridge,4.011178872550582
fold_municipality_grouped,1,AGC_150,4.52,B10_C1_PCA_Ridge,4.465593934303573
fold_municipality_grouped,1,AGC_151,4.69,B10_C1_PCA_Ridge,4.495250149649338
fold_municipality_grouped,1,AGC_152,4.87,B10_C1_PCA_Ridge,4.56544962221029
fold_municipality_grouped,1,AGC_155,4.52,B10_C1_PCA_Ridge,4.901500850141397
fold_municipality_grouped,1,AGC_159,4.77,B10_C1_PCA_Ridge,4.807497132915822
fold_municipality_grouped,1,AGC_160,3.62,B10_C1_PCA_Ridge,4.8810198547219485
fold_municipality_grouped,1,AGC_161,4.46,B10_C1_PCA_Ridge,4.892342904445102
fold_municipality_grouped,1,AGC_162,5.59,B10_C1_PCA_Ridge,4.123351603441117
fold_municipality_grouped,1,AGC_164,3.0,B10_C1_PCA_Ridge,3.503282591651283
fold_municipality_grouped,1,AGC_165,4.44,B10_C1_PCA_Ridge,4.519250020494888
fold_municipality_grouped,1,AGC_166,2.5,B10_C1_PCA_Ridge,4.295687042420791
fold_municipality_grouped,1,AGC_167,4.54,B10_C1_PCA_Ridge,4.914240453231644
fold_municipality_grouped,1,AGC_168,4.49,B10_C1_PCA_Ridge,3.967354531523175
fold_municipality_grouped,1,AGC_171,2.15,B10_C1_PCA_Ridge,3.9403193982459346
fold_municipality_grouped,1,AGC_172,5.19,B10_C1_PCA_Ridge,4.875352780557278
fold_municipality_grouped,1,AGC_176,4.38,B10_C1_PCA_Ridge,4.497294164732433
fold_municipality_grouped,1,AGC_178,4.39,B10_C1_PCA_Ridge,3.5739758718507355
fold_municipality_grouped,1,AGC_179,4.55,B10_C1_PCA_Ridge,4.6595283822216675
fold_municipality_grouped,1,AGC_180,4.14,B10_C1_PCA_Ridge,4.086099354160126
fold_municipality_grouped,1,AGC_181,4.51,B10_C1_PCA_Ridge,4.421232532921452
fold_municipality_grouped,1,AGC_184,4.47,B10_C1_PCA_Ridge,4.0883092021557195
fold_municipality_grouped,1,AGC_185,5.01,B10_C1_PCA_Ridge,3.8653273303896065
fold_municipality_grouped,1,AGC_189,4.03,B10_C1_PCA_Ridge,4.027810254240152
fold_municipality_grouped,1,AGC_193,4.57,B10_C1_PCA_Ridge,3.9087656906038677
fold_municipality_grouped,1,AGC_194,3.2,B10_C1_PCA_Ridge,4.303663139190517
fold_municipality_grouped,1,AGC_195,3.68,B10_C1_PCA_Ridge,4.112686338161862
fold_municipality_grouped,1,AGC_197,4.52,B10_C1_PCA_Ridge,3.8076594221236877
fold_municipality_grouped,2,AGC_001,3.5,B01_C0_PLS,3.255571970314967
fold_municipality_grouped,2,AGC_002,4.63,B01_C0_PLS,4.29476352980213
fold_municipality_grouped,2,AGC_004,3.0,B01_C0_PLS,3.4814112036074487
fold_municipality_grouped,2,AGC_005,5.16,B01_C0_PLS,4.3841049568160315
fold_municipality_grouped,2,AGC_006,4.49,B01_C0_PLS,3.8212011855178067
fold_municipality_grouped,2,AGC_008,4.55,B01_C0_PLS,4.111452430785364
fold_municipality_grouped,2,AGC_009,4.79,B01_C0_PLS,4.601367410523421
fold_municipality_grouped,2,AGC_010,4.1,B01_C0_PLS,4.069253147756403
fold_municipality_grouped,2,AGC_012,4.69,B01_C0_PLS,4.272267841412314
fold_municipality_grouped,2,AGC_013,4.01,B01_C0_PLS,4.003799805929377
fold_municipality_grouped,2,AGC_014,4.83,B01_C0_PLS,4.422730436782907
fold_municipality_grouped,2,AGC_015,2.64,B01_C0_PLS,4.166258697680677
fold_municipality_grouped,2,AGC_017,4.98,B01_C0_PLS,4.267555686529351
fold_municipality_grouped,2,AGC_018,4.49,B01_C0_PLS,4.3867950356970535
fold_municipality_grouped,2,AGC_019,3.0,B01_C0_PLS,3.245728071334475
fold_municipality_grouped,2,AGC_020,3.5,B01_C0_PLS,2.7525336708193238
fold_municipality_grouped,2,AGC_021,4.94,B01_C0_PLS,3.9070320491939925
fold_municipality_grouped,2,AGC_022,4.55,B01_C0_PLS,4.140155383732176
fold_municipality_grouped,2,AGC_023,3.0,B01_C0_PLS,3.6501933167226825
fold_municipality_grouped,2,AGC_024,3.03,B01_C0_PLS,4.096579470524572
fold_municipality_grouped,2,AGC_026,3.55,B01_C0_PLS,4.1167780257041215
fold_municipality_grouped,2,AGC_032,4.03,B01_C0_PLS,4.082588004433138
fold_municipality_grouped,2,AGC_033,4.47,B01_C0_PLS,3.920591266526126
fold_municipality_grouped,2,AGC_035,4.68,B01_C0_PLS,3.846113313292439
fold_municipality_grouped,2,AGC_037,3.5,B01_C0_PLS,3.6782743855988334
fold_municipality_grouped,2,AGC_040,3.0,B01_C0_PLS,3.5491511270228475
fold_municipality_grouped,2,AGC_044,3.5,B01_C0_PLS,2.8842642864587775
fold_municipality_grouped,2,AGC_045,4.1,B01_C0_PLS,4.300501334062776
fold_municipality_grouped,2,AGC_046,3.0,B01_C0_PLS,3.1538164610177715
fold_municipality_grouped,2,AGC_047,4.45,B01_C0_PLS,3.5947414645964857
fold_municipality_grouped,2,AGC_048,2.5,B01_C0_PLS,3.169238856454964
fold_municipality_grouped,2,AGC_049,5.53,B01_C0_PLS,4.405289862176459
fold_municipality_grouped,2,AGC_051,4.45,B01_C0_PLS,3.8528284945360696
fold_municipality_grouped,2,AGC_053,3.5,B01_C0_PLS,3.7156805302209075
fold_municipality_grouped,2,AGC_054,2.5,B01_C0_PLS,3.332182060398696
fold_municipality_grouped,2,AGC_055,5.45,B01_C0_PLS,4.32112221886386
fold_municipality_grouped,2,AGC_056,5.07,B01_C0_PLS,4.07048570991518
fold_municipality_grouped,2,AGC_057,4.55,B01_C0_PLS,4.220621963856517
fold_municipality_grouped,2,AGC_058,2.5,B01_C0_PLS,3.519447177965693
fold_municipality_grouped,2,AGC_059,4.41,B01_C0_PLS,3.9681631861523696
fold_municipality_grouped,2,AGC_060,4.52,B01_C0_PLS,4.544410592641023
fold_municipality_grouped,2,AGC_062,3.81,B01_C0_PLS,3.9265280118791073
fold_municipality_grouped,2,AGC_064,4.51,B01_C0_PLS,4.651068615912643
fold_municipality_grouped,2,AGC_066,3.0,B01_C0_PLS,3.4728417301112
fold_municipality_grouped,2,AGC_068,2.5,B01_C0_PLS,3.619186718951602
fold_municipality_grouped,2,AGC_069,5.46,B01_C0_PLS,4.425250275208929
fold_municipality_grouped,2,AGC_072,4.55,B01_C0_PLS,3.790065623175617
fold_municipality_grouped,2,AGC_073,4.3,B01_C0_PLS,3.8171833539704094
fold_municipality_grouped,2,AGC_074,2.5,B01_C0_PLS,3.331077207733389
fold_municipality_grouped,2,AGC_077,4.76,B01_C0_PLS,3.9870176666795096
fold_municipality_grouped,2,AGC_083,4.61,B01_C0_PLS,4.2739261035017355
fold_municipality_grouped,2,AGC_084,4.54,B01_C0_PLS,4.493358136736854
fold_municipality_grouped,2,AGC_090,4.68,B01_C0_PLS,4.302803059950371
fold_municipality_grouped,2,AGC_092,4.57,B01_C0_PLS,3.8443360042002106
fold_municipality_grouped,2,AGC_096,4.59,B01_C0_PLS,4.126598294712473
fold_municipality_grouped,2,AGC_097,4.69,B01_C0_PLS,4.054825641677854
fold_municipality_grouped,2,AGC_098,3.0,B01_C0_PLS,3.677250180954883
fold_municipality_grouped,2,AGC_099,3.5,B01_C0_PLS,3.9267863607374327
fold_municipality_grouped,2,AGC_100,4.5,B01_C0_PLS,3.949555557596016
fold_municipality_grouped,2,AGC_101,4.57,B01_C0_PLS,4.193854530029615
fold_municipality_grouped,2,AGC_102,4.4,B01_C0_PLS,4.356618119782661
fold_municipality_grouped,2,AGC_103,3.0,B01_C0_PLS,3.094435915877616
fold_municipality_grouped,2,AGC_104,4.56,B01_C0_PLS,4.050509790057354
fold_municipality_grouped,2,AGC_105,4.41,B01_C0_PLS,4.2199821944641105
fold_municipality_grouped,2,AGC_106,4.43,B01_C0_PLS,4.1016440146628055
fold_municipality_grouped,2,AGC_108,4.51,B01_C0_PLS,4.491311642186549
fold_municipality_grouped,2,AGC_109,4.54,B01_C0_PLS,3.8357359194167406
fold_municipality_grouped,2,AGC_110,4.18,B01_C0_PLS,4.059909847747639
fold_municipality_grouped,2,AGC_111,4.72,B01_C0_PLS,4.035486806336538
fold_municipality_grouped,2,AGC_112,3.0,B01_C0_PLS,3.5250233724695788
fold_municipality_grouped,2,AGC_114,3.0,B01_C0_PLS,3.263163931411561
fold_municipality_grouped,2,AGC_115,4.6,B01_C0_PLS,3.890925242870305
fold_municipality_grouped,2,AGC_117,3.5,B01_C0_PLS,3.931716321024516
fold_municipality_grouped,2,AGC_119,4.4,B01_C0_PLS,4.722787690573982
fold_municipality_grouped,2,AGC_122,3.5,B01_C0_PLS,3.198526608283942
fold_municipality_grouped,2,AGC_123,2.5,B01_C0_PLS,3.2076504977347318
fold_municipality_grouped,2,AGC_124,5.05,B01_C0_PLS,4.333977087281006
fold_municipality_grouped,2,AGC_125,4.06,B01_C0_PLS,4.282837832461633
fold_municipality_grouped,2,AGC_127,5.57,B01_C0_PLS,4.945791446339044
fold_municipality_grouped,2,AGC_131,4.89,B01_C0_PLS,4.494203660984059
fold_municipality_grouped,2,AGC_132,4.13,B01_C0_PLS,4.083174664837364
fold_municipality_grouped,2,AGC_133,3.91,B01_C0_PLS,4.0678077563708985
fold_municipality_grouped,2,AGC_134,4.52,B01_C0_PLS,4.12793590633789
fold_municipality_grouped,2,AGC_135,4.49,B01_C0_PLS,3.878990898767179
fold_municipality_grouped,2,AGC_137,4.54,B01_C0_PLS,4.303068414129034
fold_municipality_grouped,2,AGC_138,2.5,B01_C0_PLS,3.8337858022411866
fold_municipality_grouped,2,AGC_139,4.67,B01_C0_PLS,4.07418576594355
fold_municipality_grouped,2,AGC_141,3.5,B01_C0_PLS,3.5424110360958925
fold_municipality_grouped,2,AGC_144,2.5,B01_C0_PLS,3.261961164531663
fold_municipality_grouped,2,AGC_145,3.5,B01_C0_PLS,3.2116091755493876
fold_municipality_grouped,2,AGC_146,4.58,B01_C0_PLS,4.494643439325246
fold_municipality_grouped,2,AGC_150,4.52,B01_C0_PLS,4.313481764791329
fold_municipality_grouped,2,AGC_151,4.69,B01_C0_PLS,4.892574859178869
fold_municipality_grouped,2,AGC_152,4.87,B01_C0_PLS,4.632397206270415
fold_municipality_grouped,2,AGC_155,4.52,B01_C0_PLS,4.4068579759613575
fold_municipality_grouped,2,AGC_157,3.0,B01_C0_PLS,3.734492324592332
fold_municipality_grouped,2,AGC_159,4.77,B01_C0_PLS,4.2080309195880945
fold_municipality_grouped,2,AGC_160,3.62,B01_C0_PLS,4.4245172522925635
fold_municipality_grouped,2,AGC_161,4.46,B01_C0_PLS,4.139275901687564
fold_municipality_grouped,2,AGC_162,5.59,B01_C0_PLS,4.081120326118205
fold_municipality_grouped,2,AGC_163,3.0,B01_C0_PLS,3.5585798849902974
fold_municipality_grouped,2,AGC_164,3.0,B01_C0_PLS,3.0559782578717054
fold_municipality_grouped,2,AGC_165,4.44,B01_C0_PLS,4.06198612367898
fold_municipality_grouped,2,AGC_167,4.54,B01_C0_PLS,4.174619964152151
fold_municipality_grouped,2,AGC_168,4.49,B01_C0_PLS,4.255076703974267
fold_municipality_grouped,2,AGC_169,2.5,B01_C0_PLS,3.487344504602744
fold_municipality_grouped,2,AGC_170,3.0,B01_C0_PLS,3.8345845831629974
fold_municipality_grouped,2,AGC_171,2.15,B01_C0_PLS,4.200009336661259
fold_municipality_grouped,2,AGC_172,5.19,B01_C0_PLS,4.271602549342148
fold_municipality_grouped,2,AGC_176,4.38,B01_C0_PLS,4.043914085766178
fold_municipality_grouped,2,AGC_178,4.39,B01_C0_PLS,4.040327113498076
fold_municipality_grouped,2,AGC_179,4.55,B01_C0_PLS,4.0502111711293125
fold_municipality_grouped,2,AGC_180,4.14,B01_C0_PLS,3.8966277330638532
fold_municipality_grouped,2,AGC_181,4.51,B01_C0_PLS,4.193544528386108
fold_municipality_grouped,2,AGC_184,4.47,B01_C0_PLS,4.2018684792827985
fold_municipality_grouped,2,AGC_185,5.01,B01_C0_PLS,4.408671700299199
fold_municipality_grouped,2,AGC_187,3.0,B01_C0_PLS,3.550526939661167
fold_municipality_grouped,2,AGC_189,4.03,B01_C0_PLS,4.267211320366973
fold_municipality_grouped,2,AGC_193,4.57,B01_C0_PLS,4.072883332251075
fold_municipality_grouped,2,AGC_195,3.68,B01_C0_PLS,3.9141653356283648
fold_municipality_grouped,2,AGC_196,3.5,B01_C0_PLS,3.215428419190417
fold_municipality_grouped,2,AGC_197,4.52,B01_C0_PLS,4.319541876603509
fold_municipality_grouped,2,AGC_001,3.5,B02_C3_Ridge,2.9246354638294023
fold_municipality_grouped,2,AGC_002,4.63,B02_C3_Ridge,4.410355973136932
fold_municipality_grouped,2,AGC_004,3.0,B02_C3_Ridge,3.31884298669456
fold_municipality_grouped,2,AGC_005,5.16,B02_C3_Ridge,4.39351304414018
fold_municipality_grouped,2,AGC_006,4.49,B02_C3_Ridge,3.9650792506052155
fold_municipality_grouped,2,AGC_008,4.55,B02_C3_Ridge,4.214647509204289
fold_municipality_grouped,2,AGC_009,4.79,B02_C3_Ridge,4.661562686562578
fold_municipality_grouped,2,AGC_010,4.1,B02_C3_Ridge,4.255856110752873
fold_municipality_grouped,2,AGC_012,4.69,B02_C3_Ridge,4.149609984310675
fold_municipality_grouped,2,AGC_013,4.01,B02_C3_Ridge,4.063834210546885
fold_municipality_grouped,2,AGC_014,4.83,B02_C3_Ridge,4.48743336584656
fold_municipality_grouped,2,AGC_015,2.64,B02_C3_Ridge,4.118815603138673
fold_municipality_grouped,2,AGC_017,4.98,B02_C3_Ridge,4.1249401518890325
fold_municipality_grouped,2,AGC_018,4.49,B02_C3_Ridge,4.2911068884403
fold_municipality_grouped,2,AGC_019,3.0,B02_C3_Ridge,3.2265726827684613
fold_municipality_grouped,2,AGC_020,3.5,B02_C3_Ridge,2.7012502726674645
fold_municipality_grouped,2,AGC_021,4.94,B02_C3_Ridge,3.9201209720567953
fold_municipality_grouped,2,AGC_022,4.55,B02_C3_Ridge,4.066780325522183
fold_municipality_grouped,2,AGC_023,3.0,B02_C3_Ridge,3.5981076840062975
fold_municipality_grouped,2,AGC_024,3.03,B02_C3_Ridge,4.0681251698445715
fold_municipality_grouped,2,AGC_026,3.55,B02_C3_Ridge,4.135503879622306
fold_municipality_grouped,2,AGC_032,4.03,B02_C3_Ridge,4.050166617438539
fold_municipality_grouped,2,AGC_033,4.47,B02_C3_Ridge,3.974634825350037
fold_municipality_grouped,2,AGC_035,4.68,B02_C3_Ridge,3.311000818067324
fold_municipality_grouped,2,AGC_037,3.5,B02_C3_Ridge,3.5201610868820103
fold_municipality_grouped,2,AGC_040,3.0,B02_C3_Ridge,3.319669677073243
fold_municipality_grouped,2,AGC_044,3.5,B02_C3_Ridge,2.900714546387797
fold_municipality_grouped,2,AGC_045,4.1,B02_C3_Ridge,4.191969485496792
fold_municipality_grouped,2,AGC_046,3.0,B02_C3_Ridge,3.0052089786254648
fold_municipality_grouped,2,AGC_047,4.45,B02_C3_Ridge,3.11873890020688
fold_municipality_grouped,2,AGC_048,2.5,B02_C3_Ridge,3.0513317367871515
fold_municipality_grouped,2,AGC_049,5.53,B02_C3_Ridge,4.299853262883685
fold_municipality_grouped,2,AGC_051,4.45,B02_C3_Ridge,3.6323680914972174
fold_municipality_grouped,2,AGC_053,3.5,B02_C3_Ridge,3.5359326256658696
fold_municipality_grouped,2,AGC_054,2.5,B02_C3_Ridge,3.0686446784384174
fold_municipality_grouped,2,AGC_055,5.45,B02_C3_Ridge,4.163861070846946
fold_municipality_grouped,2,AGC_056,5.07,B02_C3_Ridge,3.947613985028111
fold_municipality_grouped,2,AGC_057,4.55,B02_C3_Ridge,4.02621999378666
fold_municipality_grouped,2,AGC_058,2.5,B02_C3_Ridge,3.4004770122306525
fold_municipality_grouped,2,AGC_059,4.41,B02_C3_Ridge,3.637963734918945
fold_municipality_grouped,2,AGC_060,4.52,B02_C3_Ridge,4.326101710642332
fold_municipality_grouped,2,AGC_062,3.81,B02_C3_Ridge,4.095723898537626
fold_municipality_grouped,2,AGC_064,4.51,B02_C3_Ridge,4.4712863573469255
fold_municipality_grouped,2,AGC_066,3.0,B02_C3_Ridge,3.457391751708418
fold_municipality_grouped,2,AGC_068,2.5,B02_C3_Ridge,3.330563321978492
fold_municipality_grouped,2,AGC_069,5.46,B02_C3_Ridge,4.303457908983923
fold_municipality_grouped,2,AGC_072,4.55,B02_C3_Ridge,3.9086698009298284
fold_municipality_grouped,2,AGC_073,4.3,B02_C3_Ridge,3.972609923718584
fold_municipality_grouped,2,AGC_074,2.5,B02_C3_Ridge,3.1330125510671687
fold_municipality_grouped,2,AGC_077,4.76,B02_C3_Ridge,4.01469187274265
fold_municipality_grouped,2,AGC_083,4.61,B02_C3_Ridge,4.167075822585333
fold_municipality_grouped,2,AGC_084,4.54,B02_C3_Ridge,4.260843964552909
fold_municipality_grouped,2,AGC_090,4.68,B02_C3_Ridge,4.248154255156765
fold_municipality_grouped,2,AGC_092,4.57,B02_C3_Ridge,3.9841007446450436
fold_municipality_grouped,2,AGC_096,4.59,B02_C3_Ridge,4.064551998536086
fold_municipality_grouped,2,AGC_097,4.69,B02_C3_Ridge,4.014723829540351
fold_municipality_grouped,2,AGC_098,3.0,B02_C3_Ridge,3.134343228109798
fold_municipality_grouped,2,AGC_099,3.5,B02_C3_Ridge,3.7913952401622293
fold_municipality_grouped,2,AGC_100,4.5,B02_C3_Ridge,4.097094536948388
fold_municipality_grouped,2,AGC_101,4.57,B02_C3_Ridge,4.048246632506239
fold_municipality_grouped,2,AGC_102,4.4,B02_C3_Ridge,4.138078687431874
fold_municipality_grouped,2,AGC_103,3.0,B02_C3_Ridge,3.0018976620063507
fold_municipality_grouped,2,AGC_104,4.56,B02_C3_Ridge,4.172416532025796
fold_municipality_grouped,2,AGC_105,4.41,B02_C3_Ridge,4.311898473638005
fold_municipality_grouped,2,AGC_106,4.43,B02_C3_Ridge,4.2291597366948315
fold_municipality_grouped,2,AGC_108,4.51,B02_C3_Ridge,4.1986025433058485
fold_municipality_grouped,2,AGC_109,4.54,B02_C3_Ridge,3.937902012870905
fold_municipality_grouped,2,AGC_110,4.18,B02_C3_Ridge,4.244244785170927
fold_municipality_grouped,2,AGC_111,4.72,B02_C3_Ridge,4.010211515221634
fold_municipality_grouped,2,AGC_112,3.0,B02_C3_Ridge,3.3780444011026187
fold_municipality_grouped,2,AGC_114,3.0,B02_C3_Ridge,3.018810135951586
fold_municipality_grouped,2,AGC_115,4.6,B02_C3_Ridge,4.053166259881241
fold_municipality_grouped,2,AGC_117,3.5,B02_C3_Ridge,3.6804887936599213
fold_municipality_grouped,2,AGC_119,4.4,B02_C3_Ridge,4.474515678226492
fold_municipality_grouped,2,AGC_122,3.5,B02_C3_Ridge,2.950011641369943
fold_municipality_grouped,2,AGC_123,2.5,B02_C3_Ridge,3.0640196488721045
fold_municipality_grouped,2,AGC_124,5.05,B02_C3_Ridge,4.300425307677967
fold_municipality_grouped,2,AGC_125,4.06,B02_C3_Ridge,4.482863396507121
fold_municipality_grouped,2,AGC_127,5.57,B02_C3_Ridge,4.682820960334761
fold_municipality_grouped,2,AGC_131,4.89,B02_C3_Ridge,4.350122362096677
fold_municipality_grouped,2,AGC_132,4.13,B02_C3_Ridge,4.035167908084289
fold_municipality_grouped,2,AGC_133,3.91,B02_C3_Ridge,4.160595703590124
fold_municipality_grouped,2,AGC_134,4.52,B02_C3_Ridge,4.100477167068134
fold_municipality_grouped,2,AGC_135,4.49,B02_C3_Ridge,3.9211949106026562
fold_municipality_grouped,2,AGC_137,4.54,B02_C3_Ridge,4.153772997508551
fold_municipality_grouped,2,AGC_138,2.5,B02_C3_Ridge,3.6909193503343363
fold_municipality_grouped,2,AGC_139,4.67,B02_C3_Ridge,4.181173507261758
fold_municipality_grouped,2,AGC_141,3.5,B02_C3_Ridge,3.3127838468637467
fold_municipality_grouped,2,AGC_144,2.5,B02_C3_Ridge,3.140648835465193
fold_municipality_grouped,2,AGC_145,3.5,B02_C3_Ridge,3.1402109164902847
fold_municipality_grouped,2,AGC_146,4.58,B02_C3_Ridge,4.169886234870175
fold_municipality_grouped,2,AGC_150,4.52,B02_C3_Ridge,4.321854876111628
fold_municipality_grouped,2,AGC_151,4.69,B02_C3_Ridge,4.285564844414079
fold_municipality_grouped,2,AGC_152,4.87,B02_C3_Ridge,4.4631462996740385
fold_municipality_grouped,2,AGC_155,4.52,B02_C3_Ridge,4.247970608184698
fold_municipality_grouped,2,AGC_157,3.0,B02_C3_Ridge,3.3988151245937397
fold_municipality_grouped,2,AGC_159,4.77,B02_C3_Ridge,4.3328701994190855
fold_municipality_grouped,2,AGC_160,3.62,B02_C3_Ridge,4.3368686951738775
fold_municipality_grouped,2,AGC_161,4.46,B02_C3_Ridge,4.13717497164302
fold_municipality_grouped,2,AGC_162,5.59,B02_C3_Ridge,3.8877301047381234
fold_municipality_grouped,2,AGC_163,3.0,B02_C3_Ridge,3.2783301088202634
fold_municipality_grouped,2,AGC_164,3.0,B02_C3_Ridge,2.9385786940030445
fold_municipality_grouped,2,AGC_165,4.44,B02_C3_Ridge,4.056809184707311
fold_municipality_grouped,2,AGC_167,4.54,B02_C3_Ridge,4.236398957338279
fold_municipality_grouped,2,AGC_168,4.49,B02_C3_Ridge,4.394270536552222
fold_municipality_grouped,2,AGC_169,2.5,B02_C3_Ridge,3.2891013866661822
fold_municipality_grouped,2,AGC_170,3.0,B02_C3_Ridge,3.791606298152707
fold_municipality_grouped,2,AGC_171,2.15,B02_C3_Ridge,4.098387826165586
fold_municipality_grouped,2,AGC_172,5.19,B02_C3_Ridge,4.130881889597327
fold_municipality_grouped,2,AGC_176,4.38,B02_C3_Ridge,3.902013740527054
fold_municipality_grouped,2,AGC_178,4.39,B02_C3_Ridge,3.907967129255781
fold_municipality_grouped,2,AGC_179,4.55,B02_C3_Ridge,4.1114971380438154
fold_municipality_grouped,2,AGC_180,4.14,B02_C3_Ridge,3.8499560864600055
fold_municipality_grouped,2,AGC_181,4.51,B02_C3_Ridge,4.105898260756007
fold_municipality_grouped,2,AGC_184,4.47,B02_C3_Ridge,3.9406938439945245
fold_municipality_grouped,2,AGC_185,5.01,B02_C3_Ridge,4.372106979984171
fold_municipality_grouped,2,AGC_187,3.0,B02_C3_Ridge,3.6523788241172954
fold_municipality_grouped,2,AGC_189,4.03,B02_C3_Ridge,4.19129610925092
fold_municipality_grouped,2,AGC_193,4.57,B02_C3_Ridge,3.950600728831648
fold_municipality_grouped,2,AGC_195,3.68,B02_C3_Ridge,4.097633843167722
fold_municipality_grouped,2,AGC_196,3.5,B02_C3_Ridge,3.1286571862592067
fold_municipality_grouped,2,AGC_197,4.52,B02_C3_Ridge,4.137864231349865
fold_municipality_grouped,2,AGC_001,3.5,B03_C1_CatBoost,3.9544155438905193
fold_municipality_grouped,2,AGC_002,4.63,B03_C1_CatBoost,4.460723542472415
fold_municipality_grouped,2,AGC_004,3.0,B03_C1_CatBoost,3.6869294256941885
fold_municipality_grouped,2,AGC_005,5.16,B03_C1_CatBoost,4.385253884727348
fold_municipality_grouped,2,AGC_006,4.49,B03_C1_CatBoost,4.203463523990482
fold_municipality_grouped,2,AGC_008,4.55,B03_C1_CatBoost,4.287039874238289
fold_municipality_grouped,2,AGC_009,4.79,B03_C1_CatBoost,4.529514115518737
fold_municipality_grouped,2,AGC_010,4.1,B03_C1_CatBoost,4.388114083838964
fold_municipality_grouped,2,AGC_012,4.69,B03_C1_CatBoost,4.339405526102567
fold_municipality_grouped,2,AGC_013,4.01,B03_C1_CatBoost,4.1158130102123245
fold_municipality_grouped,2,AGC_014,4.83,B03_C1_CatBoost,4.4300776478587025
fold_municipality_grouped,2,AGC_015,2.64,B03_C1_CatBoost,4.258102273376672
fold_municipality_grouped,2,AGC_017,4.98,B03_C1_CatBoost,4.440172609924687
fold_municipality_grouped,2,AGC_018,4.49,B03_C1_CatBoost,4.4389915349795075
fold_municipality_grouped,2,AGC_019,3.0,B03_C1_CatBoost,3.84418324718132
fold_municipality_grouped,2,AGC_020,3.5,B03_C1_CatBoost,3.0766539847429613
fold_municipality_grouped,2,AGC_021,4.94,B03_C1_CatBoost,4.136673029030831
fold_municipality_grouped,2,AGC_022,4.55,B03_C1_CatBoost,4.167474789255962
fold_municipality_grouped,2,AGC_023,3.0,B03_C1_CatBoost,3.460276644423118
fold_municipality_grouped,2,AGC_024,3.03,B03_C1_CatBoost,4.114868335735878
fold_municipality_grouped,2,AGC_026,3.55,B03_C1_CatBoost,4.27551597062984
fold_municipality_grouped,2,AGC_032,4.03,B03_C1_CatBoost,4.2842201365377335
fold_municipality_grouped,2,AGC_033,4.47,B03_C1_CatBoost,4.30218527105632
fold_municipality_grouped,2,AGC_035,4.68,B03_C1_CatBoost,3.600628488632424
fold_municipality_grouped,2,AGC_037,3.5,B03_C1_CatBoost,3.5220450057964285
fold_municipality_grouped,2,AGC_040,3.0,B03_C1_CatBoost,3.4635155687993233
fold_municipality_grouped,2,AGC_044,3.5,B03_C1_CatBoost,3.132302925882186
fold_municipality_grouped,2,AGC_045,4.1,B03_C1_CatBoost,4.469955653856523
fold_municipality_grouped,2,AGC_046,3.0,B03_C1_CatBoost,3.668046294631381
fold_municipality_grouped,2,AGC_047,4.45,B03_C1_CatBoost,3.1638068739755454
fold_municipality_grouped,2,AGC_048,2.5,B03_C1_CatBoost,3.293378262980923
fold_municipality_grouped,2,AGC_049,5.53,B03_C1_CatBoost,4.329266442484894
fold_municipality_grouped,2,AGC_051,4.45,B03_C1_CatBoost,3.764368358541674
fold_municipality_grouped,2,AGC_053,3.5,B03_C1_CatBoost,3.862833469876616
fold_municipality_grouped,2,AGC_054,2.5,B03_C1_CatBoost,3.7994500171400887
fold_municipality_grouped,2,AGC_055,5.45,B03_C1_CatBoost,4.422594187437607
fold_municipality_grouped,2,AGC_056,5.07,B03_C1_CatBoost,4.32635010612962
fold_municipality_grouped,2,AGC_057,4.55,B03_C1_CatBoost,4.393197703079274
fold_municipality_grouped,2,AGC_058,2.5,B03_C1_CatBoost,3.567424502784604
fold_municipality_grouped,2,AGC_059,4.41,B03_C1_CatBoost,3.849717951299599
fold_municipality_grouped,2,AGC_060,4.52,B03_C1_CatBoost,4.523783926405926
fold_municipality_grouped,2,AGC_062,3.81,B03_C1_CatBoost,4.084673549977097
fold_municipality_grouped,2,AGC_064,4.51,B03_C1_CatBoost,4.468962261408137
fold_municipality_grouped,2,AGC_066,3.0,B03_C1_CatBoost,3.6041906788726124
fold_municipality_grouped,2,AGC_068,2.5,B03_C1_CatBoost,3.574291275224425
fold_municipality_grouped,2,AGC_069,5.46,B03_C1_CatBoost,4.389249370777243
fold_municipality_grouped,2,AGC_072,4.55,B03_C1_CatBoost,4.224845974439923
fold_municipality_grouped,2,AGC_073,4.3,B03_C1_CatBoost,4.053796089027756
fold_municipality_grouped,2,AGC_074,2.5,B03_C1_CatBoost,4.25574693325558
fold_municipality_grouped,2,AGC_077,4.76,B03_C1_CatBoost,4.214753983760673
fold_municipality_grouped,2,AGC_083,4.61,B03_C1_CatBoost,3.9034172885704983
fold_municipality_grouped,2,AGC_084,4.54,B03_C1_CatBoost,4.146856475458382
fold_municipality_grouped,2,AGC_090,4.68,B03_C1_CatBoost,4.30693396707791
fold_municipality_grouped,2,AGC_092,4.57,B03_C1_CatBoost,4.161459966733176
fold_municipality_grouped,2,AGC_096,4.59,B03_C1_CatBoost,3.9909258161694794
fold_municipality_grouped,2,AGC_097,4.69,B03_C1_CatBoost,4.1590763727946936
fold_municipality_grouped,2,AGC_098,3.0,B03_C1_CatBoost,3.929783873061009
fold_municipality_grouped,2,AGC_099,3.5,B03_C1_CatBoost,3.5911748147281024
fold_municipality_grouped,2,AGC_100,4.5,B03_C1_CatBoost,4.203365570583983
fold_municipality_grouped,2,AGC_101,4.57,B03_C1_CatBoost,3.950166708552885
fold_municipality_grouped,2,AGC_102,4.4,B03_C1_CatBoost,4.037871003545362
fold_municipality_grouped,2,AGC_103,3.0,B03_C1_CatBoost,3.8233525755306914
fold_municipality_grouped,2,AGC_104,4.56,B03_C1_CatBoost,4.4364255452809545
fold_municipality_grouped,2,AGC_105,4.41,B03_C1_CatBoost,4.298392893689712
fold_municipality_grouped,2,AGC_106,4.43,B03_C1_CatBoost,4.092409455669852
fold_municipality_grouped,2,AGC_108,4.51,B03_C1_CatBoost,4.281911430058116
fold_municipality_grouped,2,AGC_109,4.54,B03_C1_CatBoost,4.213898531518009
fold_municipality_grouped,2,AGC_110,4.18,B03_C1_CatBoost,4.030714730252342
fold_municipality_grouped,2,AGC_111,4.72,B03_C1_CatBoost,4.334731681884996
fold_municipality_grouped,2,AGC_112,3.0,B03_C1_CatBoost,3.5270034581440086
fold_municipality_grouped,2,AGC_114,3.0,B03_C1_CatBoost,3.755881569411539
fold_municipality_grouped,2,AGC_115,4.6,B03_C1_CatBoost,4.088514459979777
fold_municipality_grouped,2,AGC_117,3.5,B03_C1_CatBoost,3.7310700515545214
fold_municipality_grouped,2,AGC_119,4.4,B03_C1_CatBoost,4.581965391754807
fold_municipality_grouped,2,AGC_122,3.5,B03_C1_CatBoost,3.884437779729126
fold_municipality_grouped,2,AGC_123,2.5,B03_C1_CatBoost,3.7497257488016658
fold_municipality_grouped,2,AGC_124,5.05,B03_C1_CatBoost,4.2992341802833565
fold_municipality_grouped,2,AGC_125,4.06,B03_C1_CatBoost,4.231772316081326
fold_municipality_grouped,2,AGC_127,5.57,B03_C1_CatBoost,4.565665331309532
fold_municipality_grouped,2,AGC_131,4.89,B03_C1_CatBoost,4.361015442987949
fold_municipality_grouped,2,AGC_132,4.13,B03_C1_CatBoost,4.298754070356441
fold_municipality_grouped,2,AGC_133,3.91,B03_C1_CatBoost,4.290204639580743
fold_municipality_grouped,2,AGC_134,4.52,B03_C1_CatBoost,3.951257445884412
fold_municipality_grouped,2,AGC_135,4.49,B03_C1_CatBoost,4.27489796276047
fold_municipality_grouped,2,AGC_137,4.54,B03_C1_CatBoost,3.9716927525363417
fold_municipality_grouped,2,AGC_138,2.5,B03_C1_CatBoost,3.7801506061318833
fold_municipality_grouped,2,AGC_139,4.67,B03_C1_CatBoost,4.1515466147662465
fold_municipality_grouped,2,AGC_141,3.5,B03_C1_CatBoost,3.6644940373797077
fold_municipality_grouped,2,AGC_144,2.5,B03_C1_CatBoost,3.8530440254282894
fold_municipality_grouped,2,AGC_145,3.5,B03_C1_CatBoost,3.70235406127966
fold_municipality_grouped,2,AGC_146,4.58,B03_C1_CatBoost,4.1392643265652715
fold_municipality_grouped,2,AGC_150,4.52,B03_C1_CatBoost,4.5314000684083595
fold_municipality_grouped,2,AGC_151,4.69,B03_C1_CatBoost,4.035058145498283
fold_municipality_grouped,2,AGC_152,4.87,B03_C1_CatBoost,4.056474979684399
fold_municipality_grouped,2,AGC_155,4.52,B03_C1_CatBoost,4.237783818855476
fold_municipality_grouped,2,AGC_157,3.0,B03_C1_CatBoost,3.8603615902870843
fold_municipality_grouped,2,AGC_159,4.77,B03_C1_CatBoost,4.250560542431746
fold_municipality_grouped,2,AGC_160,3.62,B03_C1_CatBoost,4.295467132548723
fold_municipality_grouped,2,AGC_161,4.46,B03_C1_CatBoost,4.270117964472387
fold_municipality_grouped,2,AGC_162,5.59,B03_C1_CatBoost,4.084414608945494
fold_municipality_grouped,2,AGC_163,3.0,B03_C1_CatBoost,3.8281956613150214
fold_municipality_grouped,2,AGC_164,3.0,B03_C1_CatBoost,2.8624611781873455
fold_municipality_grouped,2,AGC_165,4.44,B03_C1_CatBoost,4.095550891940267
fold_municipality_grouped,2,AGC_167,4.54,B03_C1_CatBoost,4.452899732983557
fold_municipality_grouped,2,AGC_168,4.49,B03_C1_CatBoost,4.383183202287974
fold_municipality_grouped,2,AGC_169,2.5,B03_C1_CatBoost,3.6907230426061233
fold_municipality_grouped,2,AGC_170,3.0,B03_C1_CatBoost,3.4956315603201915
fold_municipality_grouped,2,AGC_171,2.15,B03_C1_CatBoost,4.224958111465597
fold_municipality_grouped,2,AGC_172,5.19,B03_C1_CatBoost,4.315325710877978
fold_municipality_grouped,2,AGC_176,4.38,B03_C1_CatBoost,4.301103006434346
fold_municipality_grouped,2,AGC_178,4.39,B03_C1_CatBoost,4.028370133369279
fold_municipality_grouped,2,AGC_179,4.55,B03_C1_CatBoost,4.197235706542976
fold_municipality_grouped,2,AGC_180,4.14,B03_C1_CatBoost,3.7977690297839537
fold_municipality_grouped,2,AGC_181,4.51,B03_C1_CatBoost,4.449395620118999
fold_municipality_grouped,2,AGC_184,4.47,B03_C1_CatBoost,3.9937534694624084
fold_municipality_grouped,2,AGC_185,5.01,B03_C1_CatBoost,4.039482843724173
fold_municipality_grouped,2,AGC_187,3.0,B03_C1_CatBoost,3.502764788528168
fold_municipality_grouped,2,AGC_189,4.03,B03_C1_CatBoost,4.294555808819364
fold_municipality_grouped,2,AGC_193,4.57,B03_C1_CatBoost,4.206339924372131
fold_municipality_grouped,2,AGC_195,3.68,B03_C1_CatBoost,3.975863566542003
fold_municipality_grouped,2,AGC_196,3.5,B03_C1_CatBoost,3.133565625405595
fold_municipality_grouped,2,AGC_197,4.52,B03_C1_CatBoost,3.925097889452317
fold_municipality_grouped,2,AGC_001,3.5,B04_C0_Ridge,3.1147805052718467
fold_municipality_grouped,2,AGC_002,4.63,B04_C0_Ridge,4.296955636367452
fold_municipality_grouped,2,AGC_004,3.0,B04_C0_Ridge,3.4116293603167698
fold_municipality_grouped,2,AGC_005,5.16,B04_C0_Ridge,4.302579509937288
fold_municipality_grouped,2,AGC_006,4.49,B04_C0_Ridge,3.924750633634307
fold_municipality_grouped,2,AGC_008,4.55,B04_C0_Ridge,4.166368520161175
fold_municipality_grouped,2,AGC_009,4.79,B04_C0_Ridge,4.705692219819423
fold_municipality_grouped,2,AGC_010,4.1,B04_C0_Ridge,4.174442683348202
fold_municipality_grouped,2,AGC_012,4.69,B04_C0_Ridge,4.16754990260293
fold_municipality_grouped,2,AGC_013,4.01,B04_C0_Ridge,4.037308744932559
fold_municipality_grouped,2,AGC_014,4.83,B04_C0_Ridge,4.403581719503006
fold_municipality_grouped,2,AGC_015,2.64,B04_C0_Ridge,4.063271187608381
fold_municipality_grouped,2,AGC_017,4.98,B04_C0_Ridge,4.115352090313749
fold_municipality_grouped,2,AGC_018,4.49,B04_C0_Ridge,4.2436135104568455
fold_municipality_grouped,2,AGC_019,3.0,B04_C0_Ridge,3.273136750638893
fold_municipality_grouped,2,AGC_020,3.5,B04_C0_Ridge,2.780376896955091
fold_municipality_grouped,2,AGC_021,4.94,B04_C0_Ridge,3.8927345986247195
fold_municipality_grouped,2,AGC_022,4.55,B04_C0_Ridge,4.0537829156893395
fold_municipality_grouped,2,AGC_023,3.0,B04_C0_Ridge,3.6420601021908405
fold_municipality_grouped,2,AGC_024,3.03,B04_C0_Ridge,4.058043947401915
fold_municipality_grouped,2,AGC_026,3.55,B04_C0_Ridge,4.0820769296503805
fold_municipality_grouped,2,AGC_032,4.03,B04_C0_Ridge,4.035277739689432
fold_municipality_grouped,2,AGC_033,4.47,B04_C0_Ridge,3.9721016698029175
fold_municipality_grouped,2,AGC_035,4.68,B04_C0_Ridge,3.442836590365354
fold_municipality_grouped,2,AGC_037,3.5,B04_C0_Ridge,3.5731090565233314
fold_municipality_grouped,2,AGC_040,3.0,B04_C0_Ridge,3.3879351999009133
fold_municipality_grouped,2,AGC_044,3.5,B04_C0_Ridge,2.9800542045911884
fold_municipality_grouped,2,AGC_045,4.1,B04_C0_Ridge,4.163073007917935
fold_municipality_grouped,2,AGC_046,3.0,B04_C0_Ridge,3.075424533030781
fold_municipality_grouped,2,AGC_047,4.45,B04_C0_Ridge,3.2913739358518193
fold_municipality_grouped,2,AGC_048,2.5,B04_C0_Ridge,3.120093660688022
fold_municipality_grouped,2,AGC_049,5.53,B04_C0_Ridge,4.292852816004656
fold_municipality_grouped,2,AGC_051,4.45,B04_C0_Ridge,3.733093775585692
fold_municipality_grouped,2,AGC_053,3.5,B04_C0_Ridge,3.5976873095807775
fold_municipality_grouped,2,AGC_054,2.5,B04_C0_Ridge,3.164630081086658
fold_municipality_grouped,2,AGC_055,5.45,B04_C0_Ridge,4.169547206070791
fold_municipality_grouped,2,AGC_056,5.07,B04_C0_Ridge,3.9684395526099525
fold_municipality_grouped,2,AGC_057,4.55,B04_C0_Ridge,4.058883176551301
fold_municipality_grouped,2,AGC_058,2.5,B04_C0_Ridge,3.439288821855464
fold_municipality_grouped,2,AGC_059,4.41,B04_C0_Ridge,3.766708496140936
fold_municipality_grouped,2,AGC_060,4.52,B04_C0_Ridge,4.367327186031399
fold_municipality_grouped,2,AGC_062,3.81,B04_C0_Ridge,4.053278225191918
fold_municipality_grouped,2,AGC_064,4.51,B04_C0_Ridge,4.578749507928416
fold_municipality_grouped,2,AGC_066,3.0,B04_C0_Ridge,3.4771423895723808
fold_municipality_grouped,2,AGC_068,2.5,B04_C0_Ridge,3.4377138350711847
fold_municipality_grouped,2,AGC_069,5.46,B04_C0_Ridge,4.241075366991712
fold_municipality_grouped,2,AGC_072,4.55,B04_C0_Ridge,3.8210435322964376
fold_municipality_grouped,2,AGC_073,4.3,B04_C0_Ridge,3.9723894447756587
fold_municipality_grouped,2,AGC_074,2.5,B04_C0_Ridge,3.246316575985156
fold_municipality_grouped,2,AGC_077,4.76,B04_C0_Ridge,4.034670590239881
fold_municipality_grouped,2,AGC_083,4.61,B04_C0_Ridge,4.235404053332638
fold_municipality_grouped,2,AGC_084,4.54,B04_C0_Ridge,4.367079158616308
fold_municipality_grouped,2,AGC_090,4.68,B04_C0_Ridge,4.235133975726463
fold_municipality_grouped,2,AGC_092,4.57,B04_C0_Ridge,3.914855698655912
fold_municipality_grouped,2,AGC_096,4.59,B04_C0_Ridge,4.100105048726475
fold_municipality_grouped,2,AGC_097,4.69,B04_C0_Ridge,4.005969808834119
fold_municipality_grouped,2,AGC_098,3.0,B04_C0_Ridge,3.3596056473241793
fold_municipality_grouped,2,AGC_099,3.5,B04_C0_Ridge,3.8304298213430177
fold_municipality_grouped,2,AGC_100,4.5,B04_C0_Ridge,4.030026155693608
fold_municipality_grouped,2,AGC_101,4.57,B04_C0_Ridge,4.079888045374693
fold_municipality_grouped,2,AGC_102,4.4,B04_C0_Ridge,4.206446731830538
fold_municipality_grouped,2,AGC_103,3.0,B04_C0_Ridge,3.0993935800521797
fold_municipality_grouped,2,AGC_104,4.56,B04_C0_Ridge,4.111634048376298
fold_municipality_grouped,2,AGC_105,4.41,B04_C0_Ridge,4.21050618663738
fold_municipality_grouped,2,AGC_106,4.43,B04_C0_Ridge,4.156388830070358
fold_municipality_grouped,2,AGC_108,4.51,B04_C0_Ridge,4.240630371646708
fold_municipality_grouped,2,AGC_109,4.54,B04_C0_Ridge,3.8856820404486747
fold_municipality_grouped,2,AGC_110,4.18,B04_C0_Ridge,4.187793695819481
fold_municipality_grouped,2,AGC_111,4.72,B04_C0_Ridge,4.0301750359649215
fold_municipality_grouped,2,AGC_112,3.0,B04_C0_Ridge,3.4355340315290106
fold_municipality_grouped,2,AGC_114,3.0,B04_C0_Ridge,3.1425476237447683
fold_municipality_grouped,2,AGC_115,4.6,B04_C0_Ridge,4.003372027988082
fold_municipality_grouped,2,AGC_117,3.5,B04_C0_Ridge,3.751754468785953
fold_municipality_grouped,2,AGC_119,4.4,B04_C0_Ridge,4.561945694067983
fold_municipality_grouped,2,AGC_122,3.5,B04_C0_Ridge,3.0947426628489763
fold_municipality_grouped,2,AGC_123,2.5,B04_C0_Ridge,3.1770915735522522
fold_municipality_grouped,2,AGC_124,5.05,B04_C0_Ridge,4.244328784800673
fold_municipality_grouped,2,AGC_125,4.06,B04_C0_Ridge,4.391080041822403
fold_municipality_grouped,2,AGC_127,5.57,B04_C0_Ridge,4.756035091571654
fold_municipality_grouped,2,AGC_131,4.89,B04_C0_Ridge,4.347939462823434
fold_municipality_grouped,2,AGC_132,4.13,B04_C0_Ridge,4.0438643938421
fold_municipality_grouped,2,AGC_133,3.91,B04_C0_Ridge,4.134925208916215
fold_municipality_grouped,2,AGC_134,4.52,B04_C0_Ridge,4.206147977045044
fold_municipality_grouped,2,AGC_135,4.49,B04_C0_Ridge,3.925898679283881
fold_municipality_grouped,2,AGC_137,4.54,B04_C0_Ridge,4.233827858730039
fold_municipality_grouped,2,AGC_138,2.5,B04_C0_Ridge,3.7198532328208844
fold_municipality_grouped,2,AGC_139,4.67,B04_C0_Ridge,4.141957539205531
fold_municipality_grouped,2,AGC_141,3.5,B04_C0_Ridge,3.4266303428791702
fold_municipality_grouped,2,AGC_144,2.5,B04_C0_Ridge,3.2404280637024265
fold_municipality_grouped,2,AGC_145,3.5,B04_C0_Ridge,3.2345271738258665
fold_municipality_grouped,2,AGC_146,4.58,B04_C0_Ridge,4.267186228273178
fold_municipality_grouped,2,AGC_150,4.52,B04_C0_Ridge,4.284435398544441
fold_municipality_grouped,2,AGC_151,4.69,B04_C0_Ridge,4.38243761027492
fold_municipality_grouped,2,AGC_152,4.87,B04_C0_Ridge,4.558612127733523
fold_municipality_grouped,2,AGC_155,4.52,B04_C0_Ridge,4.247379122463597
fold_municipality_grouped,2,AGC_157,3.0,B04_C0_Ridge,3.5323964453191117
fold_municipality_grouped,2,AGC_159,4.77,B04_C0_Ridge,4.266610351062395
fold_municipality_grouped,2,AGC_160,3.62,B04_C0_Ridge,4.336783620431947
fold_municipality_grouped,2,AGC_161,4.46,B04_C0_Ridge,4.085308055467019
fold_municipality_grouped,2,AGC_162,5.59,B04_C0_Ridge,3.960236906531401
fold_municipality_grouped,2,AGC_163,3.0,B04_C0_Ridge,3.4052573337138776
fold_municipality_grouped,2,AGC_164,3.0,B04_C0_Ridge,3.0382732634233793
fold_municipality_grouped,2,AGC_165,4.44,B04_C0_Ridge,4.0868173901946285
fold_municipality_grouped,2,AGC_167,4.54,B04_C0_Ridge,4.161555155756835
fold_municipality_grouped,2,AGC_168,4.49,B04_C0_Ridge,4.312251130390651
fold_municipality_grouped,2,AGC_169,2.5,B04_C0_Ridge,3.35023248101288
fold_municipality_grouped,2,AGC_170,3.0,B04_C0_Ridge,3.8118088477002354
fold_municipality_grouped,2,AGC_171,2.15,B04_C0_Ridge,4.112748638871497
fold_municipality_grouped,2,AGC_172,5.19,B04_C0_Ridge,4.159839090647306
fold_municipality_grouped,2,AGC_176,4.38,B04_C0_Ridge,3.936573701583893
fold_municipality_grouped,2,AGC_178,4.39,B04_C0_Ridge,3.964332519318507
fold_municipality_grouped,2,AGC_179,4.55,B04_C0_Ridge,4.06361242274378
fold_municipality_grouped,2,AGC_180,4.14,B04_C0_Ridge,3.929014803739821
fold_municipality_grouped,2,AGC_181,4.51,B04_C0_Ridge,4.094601221758435
fold_municipality_grouped,2,AGC_184,4.47,B04_C0_Ridge,4.037866953909802
fold_municipality_grouped,2,AGC_185,5.01,B04_C0_Ridge,4.370922852893551
fold_municipality_grouped,2,AGC_187,3.0,B04_C0_Ridge,3.6541628727801254
fold_municipality_grouped,2,AGC_189,4.03,B04_C0_Ridge,4.218148005461059
fold_municipality_grouped,2,AGC_193,4.57,B04_C0_Ridge,3.950471562649583
fold_municipality_grouped,2,AGC_195,3.68,B04_C0_Ridge,4.0328228538408935
fold_municipality_grouped,2,AGC_196,3.5,B04_C0_Ridge,3.195273638013275
fold_municipality_grouped,2,AGC_197,4.52,B04_C0_Ridge,4.182709990631216
fold_municipality_grouped,2,AGC_001,3.5,B05_C3_PLS,3.2260118780501656
fold_municipality_grouped,2,AGC_002,4.63,B05_C3_PLS,4.386623030470536
fold_municipality_grouped,2,AGC_004,3.0,B05_C3_PLS,3.435181554622736
fold_municipality_grouped,2,AGC_005,5.16,B05_C3_PLS,4.412421806491306
fold_municipality_grouped,2,AGC_006,4.49,B05_C3_PLS,3.9848992070442826
fold_municipality_grouped,2,AGC_008,4.55,B05_C3_PLS,4.104985255299945
fold_municipality_grouped,2,AGC_009,4.79,B05_C3_PLS,4.547194252512415
fold_municipality_grouped,2,AGC_010,4.1,B05_C3_PLS,4.155987203031931
fold_municipality_grouped,2,AGC_012,4.69,B05_C3_PLS,4.341437028973898
fold_municipality_grouped,2,AGC_013,4.01,B05_C3_PLS,4.143424710483052
fold_municipality_grouped,2,AGC_014,4.83,B05_C3_PLS,4.515137896152385
fold_municipality_grouped,2,AGC_015,2.64,B05_C3_PLS,4.187645481236641
fold_municipality_grouped,2,AGC_017,4.98,B05_C3_PLS,4.298709554933689
fold_municipality_grouped,2,AGC_018,4.49,B05_C3_PLS,4.420824632496309
fold_municipality_grouped,2,AGC_019,3.0,B05_C3_PLS,3.21317180464656
fold_municipality_grouped,2,AGC_020,3.5,B05_C3_PLS,2.7781987450972014
fold_municipality_grouped,2,AGC_021,4.94,B05_C3_PLS,3.985267502879183
fold_municipality_grouped,2,AGC_022,4.55,B05_C3_PLS,4.094517052312524
fold_municipality_grouped,2,AGC_023,3.0,B05_C3_PLS,3.5851610828289293
fold_municipality_grouped,2,AGC_024,3.03,B05_C3_PLS,4.107905062122938
fold_municipality_grouped,2,AGC_026,3.55,B05_C3_PLS,4.122139807542123
fold_municipality_grouped,2,AGC_032,4.03,B05_C3_PLS,4.09192276446958
fold_municipality_grouped,2,AGC_033,4.47,B05_C3_PLS,4.018986619254505
fold_municipality_grouped,2,AGC_035,4.68,B05_C3_PLS,3.8446936225034785
fold_municipality_grouped,2,AGC_037,3.5,B05_C3_PLS,3.634915256861076
fold_municipality_grouped,2,AGC_040,3.0,B05_C3_PLS,3.509188130402008
fold_municipality_grouped,2,AGC_044,3.5,B05_C3_PLS,2.871292397375764
fold_municipality_grouped,2,AGC_045,4.1,B05_C3_PLS,4.311338784808194
fold_municipality_grouped,2,AGC_046,3.0,B05_C3_PLS,3.1355404344800335
fold_municipality_grouped,2,AGC_047,4.45,B05_C3_PLS,3.5142912499240526
fold_municipality_grouped,2,AGC_048,2.5,B05_C3_PLS,3.1512916187410367
fold_municipality_grouped,2,AGC_049,5.53,B05_C3_PLS,4.437893666292834
fold_municipality_grouped,2,AGC_051,4.45,B05_C3_PLS,3.774945018026683
fold_municipality_grouped,2,AGC_053,3.5,B05_C3_PLS,3.6621718327528123
fold_municipality_grouped,2,AGC_054,2.5,B05_C3_PLS,3.3025514684359365
fold_municipality_grouped,2,AGC_055,5.45,B05_C3_PLS,4.343801574576905
fold_municipality_grouped,2,AGC_056,5.07,B05_C3_PLS,4.05983203051934
fold_municipality_grouped,2,AGC_057,4.55,B05_C3_PLS,4.228483204906036
fold_municipality_grouped,2,AGC_058,2.5,B05_C3_PLS,3.490870357710152
fold_municipality_grouped,2,AGC_059,4.41,B05_C3_PLS,3.8961100890892877
fold_municipality_grouped,2,AGC_060,4.52,B05_C3_PLS,4.489831311685728
fold_municipality_grouped,2,AGC_062,3.81,B05_C3_PLS,3.906296900759135
fold_municipality_grouped,2,AGC_064,4.51,B05_C3_PLS,4.5820566379375185
fold_municipality_grouped,2,AGC_066,3.0,B05_C3_PLS,3.4238026881101047
fold_municipality_grouped,2,AGC_068,2.5,B05_C3_PLS,3.5556765560804697
fold_municipality_grouped,2,AGC_069,5.46,B05_C3_PLS,4.42946667705757
fold_municipality_grouped,2,AGC_072,4.55,B05_C3_PLS,3.952692223455319
fold_municipality_grouped,2,AGC_073,4.3,B05_C3_PLS,3.773891415741942
fold_municipality_grouped,2,AGC_074,2.5,B05_C3_PLS,3.3505255313832984
fold_municipality_grouped,2,AGC_077,4.76,B05_C3_PLS,3.977541237651769
fold_municipality_grouped,2,AGC_083,4.61,B05_C3_PLS,4.177833796687313
fold_municipality_grouped,2,AGC_084,4.54,B05_C3_PLS,4.3892219947518125
fold_municipality_grouped,2,AGC_090,4.68,B05_C3_PLS,4.2712307839258274
fold_municipality_grouped,2,AGC_092,4.57,B05_C3_PLS,3.8168805043064866
fold_municipality_grouped,2,AGC_096,4.59,B05_C3_PLS,4.021673006508485
fold_municipality_grouped,2,AGC_097,4.69,B05_C3_PLS,4.046872354946266
fold_municipality_grouped,2,AGC_098,3.0,B05_C3_PLS,3.6013706252155355
fold_municipality_grouped,2,AGC_099,3.5,B05_C3_PLS,3.8595667750437586
fold_municipality_grouped,2,AGC_100,4.5,B05_C3_PLS,3.9844994296462786
fold_municipality_grouped,2,AGC_101,4.57,B05_C3_PLS,4.078811746091822
fold_municipality_grouped,2,AGC_102,4.4,B05_C3_PLS,4.183321080659964
fold_municipality_grouped,2,AGC_103,3.0,B05_C3_PLS,3.074797968454801
fold_municipality_grouped,2,AGC_104,4.56,B05_C3_PLS,4.058933918786654
fold_municipality_grouped,2,AGC_105,4.41,B05_C3_PLS,4.265570231330819
fold_municipality_grouped,2,AGC_106,4.43,B05_C3_PLS,4.122459271904461
fold_municipality_grouped,2,AGC_108,4.51,B05_C3_PLS,4.433738804882861
fold_municipality_grouped,2,AGC_109,4.54,B05_C3_PLS,3.889702983138956
fold_municipality_grouped,2,AGC_110,4.18,B05_C3_PLS,4.055222116457746
fold_municipality_grouped,2,AGC_111,4.72,B05_C3_PLS,4.031360319276201
fold_municipality_grouped,2,AGC_112,3.0,B05_C3_PLS,3.48603275315852
fold_municipality_grouped,2,AGC_114,3.0,B05_C3_PLS,3.2240643993150253
fold_municipality_grouped,2,AGC_115,4.6,B05_C3_PLS,3.8865244614024834
fold_municipality_grouped,2,AGC_117,3.5,B05_C3_PLS,3.867164170471315
fold_municipality_grouped,2,AGC_119,4.4,B05_C3_PLS,4.651275143952035
fold_municipality_grouped,2,AGC_122,3.5,B05_C3_PLS,3.1904062138566323
fold_municipality_grouped,2,AGC_123,2.5,B05_C3_PLS,3.18026299129735
fold_municipality_grouped,2,AGC_124,5.05,B05_C3_PLS,4.350207939752389
fold_municipality_grouped,2,AGC_125,4.06,B05_C3_PLS,4.328917714519196
fold_municipality_grouped,2,AGC_127,5.57,B05_C3_PLS,4.892561585498046
fold_municipality_grouped,2,AGC_131,4.89,B05_C3_PLS,4.357060213476026
fold_municipality_grouped,2,AGC_132,4.13,B05_C3_PLS,4.172861487970524
fold_municipality_grouped,2,AGC_133,3.91,B05_C3_PLS,4.219537224865273
fold_municipality_grouped,2,AGC_134,4.52,B05_C3_PLS,4.029649641139475
fold_municipality_grouped,2,AGC_135,4.49,B05_C3_PLS,3.896113702526084
fold_municipality_grouped,2,AGC_137,4.54,B05_C3_PLS,4.201173042248232
fold_municipality_grouped,2,AGC_138,2.5,B05_C3_PLS,3.7730698443188087
fold_municipality_grouped,2,AGC_139,4.67,B05_C3_PLS,4.022378952389884
fold_municipality_grouped,2,AGC_141,3.5,B05_C3_PLS,3.4757548243802443
fold_municipality_grouped,2,AGC_144,2.5,B05_C3_PLS,3.2165879661461356
fold_municipality_grouped,2,AGC_145,3.5,B05_C3_PLS,3.200266178736202
fold_municipality_grouped,2,AGC_146,4.58,B05_C3_PLS,4.351575598086181
fold_municipality_grouped,2,AGC_150,4.52,B05_C3_PLS,4.2832986770259485
fold_municipality_grouped,2,AGC_151,4.69,B05_C3_PLS,4.673342170189278
fold_municipality_grouped,2,AGC_152,4.87,B05_C3_PLS,4.496352281350625
fold_municipality_grouped,2,AGC_155,4.52,B05_C3_PLS,4.306375879313107
fold_municipality_grouped,2,AGC_157,3.0,B05_C3_PLS,3.638079350236136
fold_municipality_grouped,2,AGC_159,4.77,B05_C3_PLS,4.240208718616035
fold_municipality_grouped,2,AGC_160,3.62,B05_C3_PLS,4.394751453492303
fold_municipality_grouped,2,AGC_161,4.46,B05_C3_PLS,4.212811506248057
fold_municipality_grouped,2,AGC_162,5.59,B05_C3_PLS,3.9907307634187
fold_municipality_grouped,2,AGC_163,3.0,B05_C3_PLS,3.4868773742456285
fold_municipality_grouped,2,AGC_164,3.0,B05_C3_PLS,3.037134133738956
fold_municipality_grouped,2,AGC_165,4.44,B05_C3_PLS,4.095713634131358
fold_municipality_grouped,2,AGC_167,4.54,B05_C3_PLS,4.227393964661178
fold_municipality_grouped,2,AGC_168,4.49,B05_C3_PLS,4.2640158152302785
fold_municipality_grouped,2,AGC_169,2.5,B05_C3_PLS,3.456107469856805
fold_municipality_grouped,2,AGC_170,3.0,B05_C3_PLS,3.7351803204330096
fold_municipality_grouped,2,AGC_171,2.15,B05_C3_PLS,4.146828285400025
fold_municipality_grouped,2,AGC_172,5.19,B05_C3_PLS,4.298419840808525
fold_municipality_grouped,2,AGC_176,4.38,B05_C3_PLS,4.036342993993226
fold_municipality_grouped,2,AGC_178,4.39,B05_C3_PLS,3.9379802758694726
fold_municipality_grouped,2,AGC_179,4.55,B05_C3_PLS,4.116874184771888
fold_municipality_grouped,2,AGC_180,4.14,B05_C3_PLS,3.8433443822424596
fold_municipality_grouped,2,AGC_181,4.51,B05_C3_PLS,4.174866646523831
fold_municipality_grouped,2,AGC_184,4.47,B05_C3_PLS,4.122360317740863
fold_municipality_grouped,2,AGC_185,5.01,B05_C3_PLS,4.283115059095223
fold_municipality_grouped,2,AGC_187,3.0,B05_C3_PLS,3.5020814325729193
fold_municipality_grouped,2,AGC_189,4.03,B05_C3_PLS,4.160817046980746
fold_municipality_grouped,2,AGC_193,4.57,B05_C3_PLS,4.044537636130518
fold_municipality_grouped,2,AGC_195,3.68,B05_C3_PLS,3.9058866543947777
fold_municipality_grouped,2,AGC_196,3.5,B05_C3_PLS,3.1519203585396243
fold_municipality_grouped,2,AGC_197,4.52,B05_C3_PLS,4.152232339687111
fold_municipality_grouped,2,AGC_001,3.5,B06_C2_PLS,3.228206665005013
fold_municipality_grouped,2,AGC_002,4.63,B06_C2_PLS,4.5013823868427245
fold_municipality_grouped,2,AGC_004,3.0,B06_C2_PLS,3.460793379159092
fold_municipality_grouped,2,AGC_005,5.16,B06_C2_PLS,4.628977841797175
fold_municipality_grouped,2,AGC_006,4.49,B06_C2_PLS,4.069588668222966
fold_municipality_grouped,2,AGC_008,4.55,B06_C2_PLS,4.4626956131612365
fold_municipality_grouped,2,AGC_009,4.79,B06_C2_PLS,4.684968331105236
fold_municipality_grouped,2,AGC_010,4.1,B06_C2_PLS,4.493746012561564
fold_municipality_grouped,2,AGC_012,4.69,B06_C2_PLS,4.118636809501815
fold_municipality_grouped,2,AGC_013,4.01,B06_C2_PLS,4.2181123600987025
fold_municipality_grouped,2,AGC_014,4.83,B06_C2_PLS,4.619855140200071
fold_municipality_grouped,2,AGC_015,2.64,B06_C2_PLS,4.254816357105909
fold_municipality_grouped,2,AGC_017,4.98,B06_C2_PLS,4.209012395713138
fold_municipality_grouped,2,AGC_018,4.49,B06_C2_PLS,4.24452866041287
fold_municipality_grouped,2,AGC_019,3.0,B06_C2_PLS,3.186760123509411
fold_municipality_grouped,2,AGC_020,3.5,B06_C2_PLS,2.555019277759178
fold_municipality_grouped,2,AGC_021,4.94,B06_C2_PLS,4.0354742315524605
fold_municipality_grouped,2,AGC_022,4.55,B06_C2_PLS,4.0984082470428245
fold_municipality_grouped,2,AGC_023,3.0,B06_C2_PLS,3.6116327117281855
fold_municipality_grouped,2,AGC_024,3.03,B06_C2_PLS,4.347423095061204
fold_municipality_grouped,2,AGC_026,3.55,B06_C2_PLS,4.42378647171955
fold_municipality_grouped,2,AGC_032,4.03,B06_C2_PLS,4.122995080446777
fold_municipality_grouped,2,AGC_033,4.47,B06_C2_PLS,4.01073765492319
fold_municipality_grouped,2,AGC_035,4.68,B06_C2_PLS,2.739137538798537
fold_municipality_grouped,2,AGC_037,3.5,B06_C2_PLS,3.6801815704301095
fold_municipality_grouped,2,AGC_040,3.0,B06_C2_PLS,3.5176669542260304
fold_municipality_grouped,2,AGC_044,3.5,B06_C2_PLS,3.0479811261733425
fold_municipality_grouped,2,AGC_045,4.1,B06_C2_PLS,4.183263591747715
fold_municipality_grouped,2,AGC_046,3.0,B06_C2_PLS,3.191610719021348
fold_municipality_grouped,2,AGC_047,4.45,B06_C2_PLS,2.4934494008411083
fold_municipality_grouped,2,AGC_048,2.5,B06_C2_PLS,2.7604649541594766
fold_municipality_grouped,2,AGC_049,5.53,B06_C2_PLS,4.447964898300494
fold_municipality_grouped,2,AGC_051,4.45,B06_C2_PLS,3.57988206044006
fold_municipality_grouped,2,AGC_053,3.5,B06_C2_PLS,3.6947922421608257
fold_municipality_grouped,2,AGC_054,2.5,B06_C2_PLS,3.3634260217236562
fold_municipality_grouped,2,AGC_055,5.45,B06_C2_PLS,4.087632693472843
fold_municipality_grouped,2,AGC_056,5.07,B06_C2_PLS,4.1256358863426605
fold_municipality_grouped,2,AGC_057,4.55,B06_C2_PLS,4.0532255340172565
fold_municipality_grouped,2,AGC_058,2.5,B06_C2_PLS,3.510984447605705
fold_municipality_grouped,2,AGC_059,4.41,B06_C2_PLS,3.167814618948547
fold_municipality_grouped,2,AGC_060,4.52,B06_C2_PLS,4.442269118184587
fold_municipality_grouped,2,AGC_062,3.81,B06_C2_PLS,4.335015232148092
fold_municipality_grouped,2,AGC_064,4.51,B06_C2_PLS,4.417568892265102
fold_municipality_grouped,2,AGC_066,3.0,B06_C2_PLS,3.4294692789413963
fold_municipality_grouped,2,AGC_068,2.5,B06_C2_PLS,3.563170066038663
fold_municipality_grouped,2,AGC_069,5.46,B06_C2_PLS,4.397255061427219
fold_municipality_grouped,2,AGC_072,4.55,B06_C2_PLS,4.005275472191056
fold_municipality_grouped,2,AGC_073,4.3,B06_C2_PLS,4.310714622713542
fold_municipality_grouped,2,AGC_074,2.5,B06_C2_PLS,3.3257248035292495
fold_municipality_grouped,2,AGC_077,4.76,B06_C2_PLS,4.165521369663413
fold_municipality_grouped,2,AGC_083,4.61,B06_C2_PLS,4.313660740583475
fold_municipality_grouped,2,AGC_084,4.54,B06_C2_PLS,4.05812522729327
fold_municipality_grouped,2,AGC_090,4.68,B06_C2_PLS,4.347988971909753
fold_municipality_grouped,2,AGC_092,4.57,B06_C2_PLS,4.396097346165169
fold_municipality_grouped,2,AGC_096,4.59,B06_C2_PLS,4.2704869647049195
fold_municipality_grouped,2,AGC_097,4.69,B06_C2_PLS,4.185906606455625
fold_municipality_grouped,2,AGC_098,3.0,B06_C2_PLS,3.6184656969627937
fold_municipality_grouped,2,AGC_099,3.5,B06_C2_PLS,3.8631804998129384
fold_municipality_grouped,2,AGC_100,4.5,B06_C2_PLS,4.300449688721725
fold_municipality_grouped,2,AGC_101,4.57,B06_C2_PLS,4.246952025211943
fold_municipality_grouped,2,AGC_102,4.4,B06_C2_PLS,4.346494285340619
fold_municipality_grouped,2,AGC_103,3.0,B06_C2_PLS,3.0413874703241293
fold_municipality_grouped,2,AGC_104,4.56,B06_C2_PLS,4.267594817512703
fold_municipality_grouped,2,AGC_105,4.41,B06_C2_PLS,4.582480766657417
fold_municipality_grouped,2,AGC_106,4.43,B06_C2_PLS,4.48801855701524
fold_municipality_grouped,2,AGC_108,4.51,B06_C2_PLS,4.256374863069449
fold_municipality_grouped,2,AGC_109,4.54,B06_C2_PLS,3.9866111911437017
fold_municipality_grouped,2,AGC_110,4.18,B06_C2_PLS,4.549379844889255
fold_municipality_grouped,2,AGC_111,4.72,B06_C2_PLS,4.138172955480169
fold_municipality_grouped,2,AGC_112,3.0,B06_C2_PLS,3.4862065824776254
fold_municipality_grouped,2,AGC_114,3.0,B06_C2_PLS,3.2785156595244866
fold_municipality_grouped,2,AGC_115,4.6,B06_C2_PLS,4.280793822204376
fold_municipality_grouped,2,AGC_117,3.5,B06_C2_PLS,3.9103599639603743
fold_municipality_grouped,2,AGC_119,4.4,B06_C2_PLS,4.325896142571799
fold_municipality_grouped,2,AGC_122,3.5,B06_C2_PLS,3.1995741426908015
fold_municipality_grouped,2,AGC_123,2.5,B06_C2_PLS,3.1917621870819572
fold_municipality_grouped,2,AGC_124,5.05,B06_C2_PLS,4.707991104799753
fold_municipality_grouped,2,AGC_125,4.06,B06_C2_PLS,4.668153627207534
fold_municipality_grouped,2,AGC_127,5.57,B06_C2_PLS,4.771411941083223
fold_municipality_grouped,2,AGC_131,4.89,B06_C2_PLS,4.4785745965538535
fold_municipality_grouped,2,AGC_132,4.13,B06_C2_PLS,4.1028009237478695
fold_municipality_grouped,2,AGC_133,3.91,B06_C2_PLS,4.25151631636891
fold_municipality_grouped,2,AGC_134,4.52,B06_C2_PLS,3.927035409251584
fold_municipality_grouped,2,AGC_135,4.49,B06_C2_PLS,4.076155011204196
fold_municipality_grouped,2,AGC_137,4.54,B06_C2_PLS,3.6924012335323138
fold_municipality_grouped,2,AGC_138,2.5,B06_C2_PLS,3.8451849239417815
fold_municipality_grouped,2,AGC_139,4.67,B06_C2_PLS,4.410394190746704
fold_municipality_grouped,2,AGC_141,3.5,B06_C2_PLS,3.4956959092242648
fold_municipality_grouped,2,AGC_144,2.5,B06_C2_PLS,3.1978398178359146
fold_municipality_grouped,2,AGC_145,3.5,B06_C2_PLS,3.184286992401921
fold_municipality_grouped,2,AGC_146,4.58,B06_C2_PLS,4.068641845536869
fold_municipality_grouped,2,AGC_150,4.52,B06_C2_PLS,4.391074194663716
fold_municipality_grouped,2,AGC_151,4.69,B06_C2_PLS,3.938956665103139
fold_municipality_grouped,2,AGC_152,4.87,B06_C2_PLS,4.086185979799652
fold_municipality_grouped,2,AGC_155,4.52,B06_C2_PLS,4.404183669347716
fold_municipality_grouped,2,AGC_157,3.0,B06_C2_PLS,3.672946156077538
fold_municipality_grouped,2,AGC_159,4.77,B06_C2_PLS,4.5708010893227415
fold_municipality_grouped,2,AGC_160,3.62,B06_C2_PLS,4.659200462533377
fold_municipality_grouped,2,AGC_161,4.46,B06_C2_PLS,4.255772878661114
fold_municipality_grouped,2,AGC_162,5.59,B06_C2_PLS,3.971266825921404
fold_municipality_grouped,2,AGC_163,3.0,B06_C2_PLS,3.511480204257911
fold_municipality_grouped,2,AGC_164,3.0,B06_C2_PLS,2.7049958144971136
fold_municipality_grouped,2,AGC_165,4.44,B06_C2_PLS,4.153998599302277
fold_municipality_grouped,2,AGC_167,4.54,B06_C2_PLS,4.407438553452383
fold_municipality_grouped,2,AGC_168,4.49,B06_C2_PLS,4.658656594532658
fold_municipality_grouped,2,AGC_169,2.5,B06_C2_PLS,3.4509659207570964
fold_municipality_grouped,2,AGC_170,3.0,B06_C2_PLS,3.7813419530852608
fold_municipality_grouped,2,AGC_171,2.15,B06_C2_PLS,4.275791715675354
fold_municipality_grouped,2,AGC_172,5.19,B06_C2_PLS,4.234843103500166
fold_municipality_grouped,2,AGC_176,4.38,B06_C2_PLS,3.980049116626536
fold_municipality_grouped,2,AGC_178,4.39,B06_C2_PLS,4.031388166027822
fold_municipality_grouped,2,AGC_179,4.55,B06_C2_PLS,4.535870639757864
fold_municipality_grouped,2,AGC_180,4.14,B06_C2_PLS,3.6743172588586828
fold_municipality_grouped,2,AGC_181,4.51,B06_C2_PLS,4.114536415321832
fold_municipality_grouped,2,AGC_184,4.47,B06_C2_PLS,3.7179085373804046
fold_municipality_grouped,2,AGC_185,5.01,B06_C2_PLS,4.630225233833899
fold_municipality_grouped,2,AGC_187,3.0,B06_C2_PLS,3.518687816880059
fold_municipality_grouped,2,AGC_189,4.03,B06_C2_PLS,4.369723290553687
fold_municipality_grouped,2,AGC_193,4.57,B06_C2_PLS,4.162863574719597
fold_municipality_grouped,2,AGC_195,3.68,B06_C2_PLS,4.328470256660507
fold_municipality_grouped,2,AGC_196,3.5,B06_C2_PLS,3.0741049409809675
fold_municipality_grouped,2,AGC_197,4.52,B06_C2_PLS,4.377103085062332
fold_municipality_grouped,2,AGC_001,3.5,B07_C1_ExtraTrees,3.7065220833333434
fold_municipality_grouped,2,AGC_002,4.63,B07_C1_ExtraTrees,4.449487499999999
fold_municipality_grouped,2,AGC_004,3.0,B07_C1_ExtraTrees,3.5862175000000076
fold_municipality_grouped,2,AGC_005,5.16,B07_C1_ExtraTrees,4.539041666666662
fold_municipality_grouped,2,AGC_006,4.49,B07_C1_ExtraTrees,4.406620833333329
fold_municipality_grouped,2,AGC_008,4.55,B07_C1_ExtraTrees,4.614904166666661
fold_municipality_grouped,2,AGC_009,4.79,B07_C1_ExtraTrees,4.5958671879509385
fold_municipality_grouped,2,AGC_010,4.1,B07_C1_ExtraTrees,4.5392333333333275
fold_municipality_grouped,2,AGC_012,4.69,B07_C1_ExtraTrees,4.47782499999999
fold_municipality_grouped,2,AGC_013,4.01,B07_C1_ExtraTrees,4.416812499999996
fold_municipality_grouped,2,AGC_014,4.83,B07_C1_ExtraTrees,4.446083333333328
fold_municipality_grouped,2,AGC_015,2.64,B07_C1_ExtraTrees,4.628479166666657
fold_municipality_grouped,2,AGC_017,4.98,B07_C1_ExtraTrees,4.576649999999995
fold_municipality_grouped,2,AGC_018,4.49,B07_C1_ExtraTrees,4.4333249999999955
fold_municipality_grouped,2,AGC_019,3.0,B07_C1_ExtraTrees,3.494933750000008
fold_municipality_grouped,2,AGC_020,3.5,B07_C1_ExtraTrees,3.1299543181818192
fold_municipality_grouped,2,AGC_021,4.94,B07_C1_ExtraTrees,4.547204166666667
fold_municipality_grouped,2,AGC_022,4.55,B07_C1_ExtraTrees,4.596249999999998
fold_municipality_grouped,2,AGC_023,3.0,B07_C1_ExtraTrees,3.477853750000008
fold_municipality_grouped,2,AGC_024,3.03,B07_C1_ExtraTrees,4.523204166666668
fold_municipality_grouped,2,AGC_026,3.55,B07_C1_ExtraTrees,4.630554166666661
fold_municipality_grouped,2,AGC_032,4.03,B07_C1_ExtraTrees,4.516995833333326
fold_municipality_grouped,2,AGC_033,4.47,B07_C1_ExtraTrees,4.590879166666664
fold_municipality_grouped,2,AGC_035,4.68,B07_C1_ExtraTrees,3.8716397150072184
fold_municipality_grouped,2,AGC_037,3.5,B07_C1_ExtraTrees,3.5902316666666754
fold_municipality_grouped,2,AGC_040,3.0,B07_C1_ExtraTrees,3.512671250000009
fold_municipality_grouped,2,AGC_044,3.5,B07_C1_ExtraTrees,3.1182264312770553
fold_municipality_grouped,2,AGC_045,4.1,B07_C1_ExtraTrees,4.4888333333333295
fold_municipality_grouped,2,AGC_046,3.0,B07_C1_ExtraTrees,3.550999166666673
fold_municipality_grouped,2,AGC_047,4.45,B07_C1_ExtraTrees,3.7240479509379507
fold_municipality_grouped,2,AGC_048,2.5,B07_C1_ExtraTrees,3.0796098854617653
fold_municipality_grouped,2,AGC_049,5.53,B07_C1_ExtraTrees,4.539037499999995
fold_municipality_grouped,2,AGC_051,4.45,B07_C1_ExtraTrees,3.6236661795149314
fold_municipality_grouped,2,AGC_053,3.5,B07_C1_ExtraTrees,3.6055200000000074
fold_municipality_grouped,2,AGC_054,2.5,B07_C1_ExtraTrees,3.569651666666674
fold_municipality_grouped,2,AGC_055,5.45,B07_C1_ExtraTrees,4.5920083333333315
fold_municipality_grouped,2,AGC_056,5.07,B07_C1_ExtraTrees,4.629824999999995
fold_municipality_grouped,2,AGC_057,4.55,B07_C1_ExtraTrees,4.658558333333324
fold_municipality_grouped,2,AGC_058,2.5,B07_C1_ExtraTrees,3.604718750000007
fold_municipality_grouped,2,AGC_059,4.41,B07_C1_ExtraTrees,4.019165634018759
fold_municipality_grouped,2,AGC_060,4.52,B07_C1_ExtraTrees,4.676270833333323
fold_municipality_grouped,2,AGC_062,3.81,B07_C1_ExtraTrees,4.62009166666666
fold_municipality_grouped,2,AGC_064,4.51,B07_C1_ExtraTrees,4.522156728896104
fold_municipality_grouped,2,AGC_066,3.0,B07_C1_ExtraTrees,3.4882950000000092
fold_municipality_grouped,2,AGC_068,2.5,B07_C1_ExtraTrees,3.5426629166666768
fold_municipality_grouped,2,AGC_069,5.46,B07_C1_ExtraTrees,4.530933333333337
fold_municipality_grouped,2,AGC_072,4.55,B07_C1_ExtraTrees,4.466704166666658
fold_municipality_grouped,2,AGC_073,4.3,B07_C1_ExtraTrees,4.5887291666666625
fold_municipality_grouped,2,AGC_074,2.5,B07_C1_ExtraTrees,3.7113187500000078
fold_municipality_grouped,2,AGC_077,4.76,B07_C1_ExtraTrees,4.621079166666657
fold_municipality_grouped,2,AGC_083,4.61,B07_C1_ExtraTrees,4.154571048534798
fold_municipality_grouped,2,AGC_084,4.54,B07_C1_ExtraTrees,4.120063222818847
fold_municipality_grouped,2,AGC_090,4.68,B07_C1_ExtraTrees,4.5472166666666665
fold_municipality_grouped,2,AGC_092,4.57,B07_C1_ExtraTrees,4.608187499999995
fold_municipality_grouped,2,AGC_096,4.59,B07_C1_ExtraTrees,4.609341666666663
fold_municipality_grouped,2,AGC_097,4.69,B07_C1_ExtraTrees,4.581941666666663
fold_municipality_grouped,2,AGC_098,3.0,B07_C1_ExtraTrees,3.7248825000000085
fold_municipality_grouped,2,AGC_099,3.5,B07_C1_ExtraTrees,3.5958508333333423
fold_municipality_grouped,2,AGC_100,4.5,B07_C1_ExtraTrees,4.578595833333327
fold_municipality_grouped,2,AGC_101,4.57,B07_C1_ExtraTrees,4.614837499999997
fold_municipality_grouped,2,AGC_102,4.4,B07_C1_ExtraTrees,4.607249999999995
fold_municipality_grouped,2,AGC_103,3.0,B07_C1_ExtraTrees,3.5203566666666757
fold_municipality_grouped,2,AGC_104,4.56,B07_C1_ExtraTrees,4.583258333333328
fold_municipality_grouped,2,AGC_105,4.41,B07_C1_ExtraTrees,4.52
fold_municipality_grouped,2,AGC_106,4.43,B07_C1_ExtraTrees,4.597999999999994
fold_municipality_grouped,2,AGC_108,4.51,B07_C1_ExtraTrees,4.6593541666666605
fold_municipality_grouped,2,AGC_109,4.54,B07_C1_ExtraTrees,4.6126374999999955
fold_municipality_grouped,2,AGC_110,4.18,B07_C1_ExtraTrees,4.616516666666662
fold_municipality_grouped,2,AGC_111,4.72,B07_C1_ExtraTrees,4.595187499999989
fold_municipality_grouped,2,AGC_112,3.0,B07_C1_ExtraTrees,3.528288333333342
fold_municipality_grouped,2,AGC_114,3.0,B07_C1_ExtraTrees,3.586848750000008
fold_municipality_grouped,2,AGC_115,4.6,B07_C1_ExtraTrees,4.581908333333328
fold_municipality_grouped,2,AGC_117,3.5,B07_C1_ExtraTrees,3.602034166666675
fold_municipality_grouped,2,AGC_119,4.4,B07_C1_ExtraTrees,4.5520731655844155
fold_municipality_grouped,2,AGC_122,3.5,B07_C1_ExtraTrees,3.62933833333334
fold_municipality_grouped,2,AGC_123,2.5,B07_C1_ExtraTrees,3.571380416666675
fold_municipality_grouped,2,AGC_124,5.05,B07_C1_ExtraTrees,4.552925000000001
fold_municipality_grouped,2,AGC_125,4.06,B07_C1_ExtraTrees,4.56206666666666
fold_municipality_grouped,2,AGC_127,5.57,B07_C1_ExtraTrees,4.708362499999982
fold_municipality_grouped,2,AGC_131,4.89,B07_C1_ExtraTrees,4.5738541666666634
fold_municipality_grouped,2,AGC_132,4.13,B07_C1_ExtraTrees,4.482558333333326
fold_municipality_grouped,2,AGC_133,3.91,B07_C1_ExtraTrees,4.387854166666668
fold_municipality_grouped,2,AGC_134,4.52,B07_C1_ExtraTrees,3.562168015734267
fold_municipality_grouped,2,AGC_135,4.49,B07_C1_ExtraTrees,4.58867499999999
fold_municipality_grouped,2,AGC_137,4.54,B07_C1_ExtraTrees,3.8853348097041898
fold_municipality_grouped,2,AGC_138,2.5,B07_C1_ExtraTrees,3.6038304166666753
fold_municipality_grouped,2,AGC_139,4.67,B07_C1_ExtraTrees,4.5857291666666615
fold_municipality_grouped,2,AGC_141,3.5,B07_C1_ExtraTrees,3.5651562500000065
fold_municipality_grouped,2,AGC_144,2.5,B07_C1_ExtraTrees,3.5613258333333406
fold_municipality_grouped,2,AGC_145,3.5,B07_C1_ExtraTrees,3.566684166666674
fold_municipality_grouped,2,AGC_146,4.58,B07_C1_ExtraTrees,4.340244697871568
fold_municipality_grouped,2,AGC_150,4.52,B07_C1_ExtraTrees,4.601241666666661
fold_municipality_grouped,2,AGC_151,4.69,B07_C1_ExtraTrees,3.8939220229076517
fold_municipality_grouped,2,AGC_152,4.87,B07_C1_ExtraTrees,3.9238776080863578
fold_municipality_grouped,2,AGC_155,4.52,B07_C1_ExtraTrees,4.639987499999993
fold_municipality_grouped,2,AGC_157,3.0,B07_C1_ExtraTrees,3.62652208333334
fold_municipality_grouped,2,AGC_159,4.77,B07_C1_ExtraTrees,4.543258333333332
fold_municipality_grouped,2,AGC_160,3.62,B07_C1_ExtraTrees,4.584279166666659
fold_municipality_grouped,2,AGC_161,4.46,B07_C1_ExtraTrees,4.493341666666665
fold_municipality_grouped,2,AGC_162,5.59,B07_C1_ExtraTrees,4.637462499999989
fold_municipality_grouped,2,AGC_163,3.0,B07_C1_ExtraTrees,3.6052337500000062
fold_municipality_grouped,2,AGC_164,3.0,B07_C1_ExtraTrees,2.9995847925685424
fold_municipality_grouped,2,AGC_165,4.44,B07_C1_ExtraTrees,4.458062499999993
fold_municipality_grouped,2,AGC_167,4.54,B07_C1_ExtraTrees,4.5204249999999995
fold_municipality_grouped,2,AGC_168,4.49,B07_C1_ExtraTrees,4.5023124999999995
fold_municipality_grouped,2,AGC_169,2.5,B07_C1_ExtraTrees,3.5561129166666756
fold_municipality_grouped,2,AGC_170,3.0,B07_C1_ExtraTrees,3.499882916666676
fold_municipality_grouped,2,AGC_171,2.15,B07_C1_ExtraTrees,4.596154166666662
fold_municipality_grouped,2,AGC_172,5.19,B07_C1_ExtraTrees,4.486820833333329
fold_municipality_grouped,2,AGC_176,4.38,B07_C1_ExtraTrees,4.608383333333327
fold_municipality_grouped,2,AGC_178,4.39,B07_C1_ExtraTrees,4.6035583333333285
fold_municipality_grouped,2,AGC_179,4.55,B07_C1_ExtraTrees,4.514337499999999
fold_municipality_grouped,2,AGC_180,4.14,B07_C1_ExtraTrees,3.5698898014485523
fold_municipality_grouped,2,AGC_181,4.51,B07_C1_ExtraTrees,4.551949999999998
fold_municipality_grouped,2,AGC_184,4.47,B07_C1_ExtraTrees,4.280343627344874
fold_municipality_grouped,2,AGC_185,5.01,B07_C1_ExtraTrees,4.601224999999996
fold_municipality_grouped,2,AGC_187,3.0,B07_C1_ExtraTrees,3.431187500000009
fold_municipality_grouped,2,AGC_189,4.03,B07_C1_ExtraTrees,4.619233333333328
fold_municipality_grouped,2,AGC_193,4.57,B07_C1_ExtraTrees,4.591212499999995
fold_municipality_grouped,2,AGC_195,3.68,B07_C1_ExtraTrees,4.586287499999996
fold_municipality_grouped,2,AGC_196,3.5,B07_C1_ExtraTrees,3.244824671717173
fold_municipality_grouped,2,AGC_197,4.52,B07_C1_ExtraTrees,4.614462499999997
fold_municipality_grouped,2,AGC_001,3.5,B08_C1_PLS,3.3458738282645637
fold_municipality_grouped,2,AGC_002,4.63,B08_C1_PLS,4.997734716437214
fold_municipality_grouped,2,AGC_004,3.0,B08_C1_PLS,3.5952058248095167
fold_municipality_grouped,2,AGC_005,5.16,B08_C1_PLS,5.00751257445529
fold_municipality_grouped,2,AGC_006,4.49,B08_C1_PLS,3.4905306590350706
fold_municipality_grouped,2,AGC_008,4.55,B08_C1_PLS,4.747482414156203
fold_municipality_grouped,2,AGC_009,4.79,B08_C1_PLS,4.661974274706265
fold_municipality_grouped,2,AGC_010,4.1,B08_C1_PLS,4.704544738997674
fold_municipality_grouped,2,AGC_012,4.69,B08_C1_PLS,3.9399245444436226
fold_municipality_grouped,2,AGC_013,4.01,B08_C1_PLS,3.6278487383001763
fold_municipality_grouped,2,AGC_014,4.83,B08_C1_PLS,4.5785494520300425
fold_municipality_grouped,2,AGC_015,2.64,B08_C1_PLS,4.7644714667897965
fold_municipality_grouped,2,AGC_017,4.98,B08_C1_PLS,4.375077451055796
fold_municipality_grouped,2,AGC_018,4.49,B08_C1_PLS,4.318275234550114
fold_municipality_grouped,2,AGC_019,3.0,B08_C1_PLS,3.3288098874129175
fold_municipality_grouped,2,AGC_020,3.5,B08_C1_PLS,3.064122616059976
fold_municipality_grouped,2,AGC_021,4.94,B08_C1_PLS,4.138102238609502
fold_municipality_grouped,2,AGC_022,4.55,B08_C1_PLS,4.772292188400204
fold_municipality_grouped,2,AGC_023,3.0,B08_C1_PLS,3.550777095377692
fold_municipality_grouped,2,AGC_024,3.03,B08_C1_PLS,4.1673911651401
fold_municipality_grouped,2,AGC_026,3.55,B08_C1_PLS,4.733205074136173
fold_municipality_grouped,2,AGC_032,4.03,B08_C1_PLS,4.291156657252747
fold_municipality_grouped,2,AGC_033,4.47,B08_C1_PLS,4.054420381106823
fold_municipality_grouped,2,AGC_035,4.68,B08_C1_PLS,3.2040941100372695
fold_municipality_grouped,2,AGC_037,3.5,B08_C1_PLS,3.6149624623887573
fold_municipality_grouped,2,AGC_040,3.0,B08_C1_PLS,3.5048465278017362
fold_municipality_grouped,2,AGC_044,3.5,B08_C1_PLS,3.154114393950731
fold_municipality_grouped,2,AGC_045,4.1,B08_C1_PLS,4.247750994788683
fold_municipality_grouped,2,AGC_046,3.0,B08_C1_PLS,3.2832071953061206
fold_municipality_grouped,2,AGC_047,4.45,B08_C1_PLS,3.1045305459260786
fold_municipality_grouped,2,AGC_048,2.5,B08_C1_PLS,3.105846183606885
fold_municipality_grouped,2,AGC_049,5.53,B08_C1_PLS,4.063500181589005
fold_municipality_grouped,2,AGC_051,4.45,B08_C1_PLS,3.927051717171348
fold_municipality_grouped,2,AGC_053,3.5,B08_C1_PLS,3.6417501523294504
fold_municipality_grouped,2,AGC_054,2.5,B08_C1_PLS,3.4413444889121134
fold_municipality_grouped,2,AGC_055,5.45,B08_C1_PLS,4.307650861799818
fold_municipality_grouped,2,AGC_056,5.07,B08_C1_PLS,4.034928083164574
fold_municipality_grouped,2,AGC_057,4.55,B08_C1_PLS,4.2357421094517935
fold_municipality_grouped,2,AGC_058,2.5,B08_C1_PLS,3.557665353922502
fold_municipality_grouped,2,AGC_059,4.41,B08_C1_PLS,4.032064752956707
fold_municipality_grouped,2,AGC_060,4.52,B08_C1_PLS,4.318842713889426
fold_municipality_grouped,2,AGC_062,3.81,B08_C1_PLS,4.830580634486735
fold_municipality_grouped,2,AGC_064,4.51,B08_C1_PLS,4.52245633529674
fold_municipality_grouped,2,AGC_066,3.0,B08_C1_PLS,3.5101541667547296
fold_municipality_grouped,2,AGC_068,2.5,B08_C1_PLS,3.5535862717222417
fold_municipality_grouped,2,AGC_069,5.46,B08_C1_PLS,4.679569936059761
fold_municipality_grouped,2,AGC_072,4.55,B08_C1_PLS,3.8395159699765014
fold_municipality_grouped,2,AGC_073,4.3,B08_C1_PLS,4.602259887610322
fold_municipality_grouped,2,AGC_074,2.5,B08_C1_PLS,3.4440109959846104
fold_municipality_grouped,2,AGC_077,4.76,B08_C1_PLS,4.005617293887888
fold_municipality_grouped,2,AGC_083,4.61,B08_C1_PLS,4.195699381773156
fold_municipality_grouped,2,AGC_084,4.54,B08_C1_PLS,4.7159552314838225
fold_municipality_grouped,2,AGC_090,4.68,B08_C1_PLS,4.4583866642325
fold_municipality_grouped,2,AGC_092,4.57,B08_C1_PLS,4.75351579300535
fold_municipality_grouped,2,AGC_096,4.59,B08_C1_PLS,4.705875562062685
fold_municipality_grouped,2,AGC_097,4.69,B08_C1_PLS,4.389245332094811
fold_municipality_grouped,2,AGC_098,3.0,B08_C1_PLS,3.585261785984095
fold_municipality_grouped,2,AGC_099,3.5,B08_C1_PLS,3.691191809388279
fold_municipality_grouped,2,AGC_100,4.5,B08_C1_PLS,4.550738936891577
fold_municipality_grouped,2,AGC_101,4.57,B08_C1_PLS,4.569792529613147
fold_municipality_grouped,2,AGC_102,4.4,B08_C1_PLS,4.474161029621457
fold_municipality_grouped,2,AGC_103,3.0,B08_C1_PLS,3.2643187892997143
fold_municipality_grouped,2,AGC_104,4.56,B08_C1_PLS,4.781866586629467
fold_municipality_grouped,2,AGC_105,4.41,B08_C1_PLS,4.6468856682988005
fold_municipality_grouped,2,AGC_106,4.43,B08_C1_PLS,4.930269339050098
fold_municipality_grouped,2,AGC_108,4.51,B08_C1_PLS,4.185388821666644
fold_municipality_grouped,2,AGC_109,4.54,B08_C1_PLS,4.576082297834262
fold_municipality_grouped,2,AGC_110,4.18,B08_C1_PLS,4.879516976881921
fold_municipality_grouped,2,AGC_111,4.72,B08_C1_PLS,3.8470978063393355
fold_municipality_grouped,2,AGC_112,3.0,B08_C1_PLS,3.5141215138334
fold_municipality_grouped,2,AGC_114,3.0,B08_C1_PLS,3.356452752286452
fold_municipality_grouped,2,AGC_115,4.6,B08_C1_PLS,4.780113190453669
fold_municipality_grouped,2,AGC_117,3.5,B08_C1_PLS,3.7711160612941086
fold_municipality_grouped,2,AGC_119,4.4,B08_C1_PLS,4.499334856133021
fold_municipality_grouped,2,AGC_122,3.5,B08_C1_PLS,3.3918736083947336
fold_municipality_grouped,2,AGC_123,2.5,B08_C1_PLS,3.2856501412166175
fold_municipality_grouped,2,AGC_124,5.05,B08_C1_PLS,4.8644757944174755
fold_municipality_grouped,2,AGC_125,4.06,B08_C1_PLS,5.050024114250267
fold_municipality_grouped,2,AGC_127,5.57,B08_C1_PLS,4.607586400262095
fold_municipality_grouped,2,AGC_131,4.89,B08_C1_PLS,4.6426010698798565
fold_municipality_grouped,2,AGC_132,4.13,B08_C1_PLS,3.811286152497119
fold_municipality_grouped,2,AGC_133,3.91,B08_C1_PLS,3.9099859548636346
fold_municipality_grouped,2,AGC_134,4.52,B08_C1_PLS,3.996556607261343
fold_municipality_grouped,2,AGC_135,4.49,B08_C1_PLS,3.833447709833583
fold_municipality_grouped,2,AGC_137,4.54,B08_C1_PLS,4.480539903949104
fold_municipality_grouped,2,AGC_138,2.5,B08_C1_PLS,3.7082919086644566
fold_municipality_grouped,2,AGC_139,4.67,B08_C1_PLS,4.938955244671744
fold_municipality_grouped,2,AGC_141,3.5,B08_C1_PLS,3.4204315488293235
fold_municipality_grouped,2,AGC_144,2.5,B08_C1_PLS,3.3086577346259927
fold_municipality_grouped,2,AGC_145,3.5,B08_C1_PLS,3.298743563737481
fold_municipality_grouped,2,AGC_146,4.58,B08_C1_PLS,4.49527846744946
fold_municipality_grouped,2,AGC_150,4.52,B08_C1_PLS,4.781283072705538
fold_municipality_grouped,2,AGC_151,4.69,B08_C1_PLS,4.838412360046307
fold_municipality_grouped,2,AGC_152,4.87,B08_C1_PLS,4.603786339588649
fold_municipality_grouped,2,AGC_155,4.52,B08_C1_PLS,4.689206117486492
fold_municipality_grouped,2,AGC_157,3.0,B08_C1_PLS,3.476075852676151
fold_municipality_grouped,2,AGC_159,4.77,B08_C1_PLS,4.773229907747585
fold_municipality_grouped,2,AGC_160,3.62,B08_C1_PLS,4.752173189407998
fold_municipality_grouped,2,AGC_161,4.46,B08_C1_PLS,4.544683887722298
fold_municipality_grouped,2,AGC_162,5.59,B08_C1_PLS,4.075059501188768
fold_municipality_grouped,2,AGC_163,3.0,B08_C1_PLS,3.4513399781404708
fold_municipality_grouped,2,AGC_164,3.0,B08_C1_PLS,2.8261057791008053
fold_municipality_grouped,2,AGC_165,4.44,B08_C1_PLS,3.6689698855527726
fold_municipality_grouped,2,AGC_167,4.54,B08_C1_PLS,4.743261422022595
fold_municipality_grouped,2,AGC_168,4.49,B08_C1_PLS,4.862508768711717
fold_municipality_grouped,2,AGC_169,2.5,B08_C1_PLS,3.5029222035014214
fold_municipality_grouped,2,AGC_170,3.0,B08_C1_PLS,3.598313137067894
fold_municipality_grouped,2,AGC_171,2.15,B08_C1_PLS,4.473891750717364
fold_municipality_grouped,2,AGC_172,5.19,B08_C1_PLS,3.8104087286598904
fold_municipality_grouped,2,AGC_176,4.38,B08_C1_PLS,4.080455073476539
fold_municipality_grouped,2,AGC_178,4.39,B08_C1_PLS,4.208003351022122
fold_municipality_grouped,2,AGC_179,4.55,B08_C1_PLS,4.583620381663178
fold_municipality_grouped,2,AGC_180,4.14,B08_C1_PLS,3.825236879521462
fold_municipality_grouped,2,AGC_181,4.51,B08_C1_PLS,4.229904871294006
fold_municipality_grouped,2,AGC_184,4.47,B08_C1_PLS,4.14074859347022
fold_municipality_grouped,2,AGC_185,5.01,B08_C1_PLS,4.98722012920882
fold_municipality_grouped,2,AGC_187,3.0,B08_C1_PLS,3.505425585826868
fold_municipality_grouped,2,AGC_189,4.03,B08_C1_PLS,4.555790029855063
fold_municipality_grouped,2,AGC_193,4.57,B08_C1_PLS,4.273734568750376
fold_municipality_grouped,2,AGC_195,3.68,B08_C1_PLS,4.908315002023331
fold_municipality_grouped,2,AGC_196,3.5,B08_C1_PLS,3.3891061812584953
fold_municipality_grouped,2,AGC_197,4.52,B08_C1_PLS,4.726403041282617
fold_municipality_grouped,2,AGC_001,3.5,B09_C0_PCA_Ridge,3.152665544418992
fold_municipality_grouped,2,AGC_002,4.63,B09_C0_PCA_Ridge,4.268816789562853
fold_municipality_grouped,2,AGC_004,3.0,B09_C0_PCA_Ridge,3.4595044148587917
fold_municipality_grouped,2,AGC_005,5.16,B09_C0_PCA_Ridge,4.191690123605786
fold_municipality_grouped,2,AGC_006,4.49,B09_C0_PCA_Ridge,3.803763008842382
fold_municipality_grouped,2,AGC_008,4.55,B09_C0_PCA_Ridge,4.129478093252104
fold_municipality_grouped,2,AGC_009,4.79,B09_C0_PCA_Ridge,4.686172401760475
fold_municipality_grouped,2,AGC_010,4.1,B09_C0_PCA_Ridge,4.096511532558055
fold_municipality_grouped,2,AGC_012,4.69,B09_C0_PCA_Ridge,4.327036869541903
fold_municipality_grouped,2,AGC_013,4.01,B09_C0_PCA_Ridge,3.960774507612853
fold_municipality_grouped,2,AGC_014,4.83,B09_C0_PCA_Ridge,4.472163364198857
fold_municipality_grouped,2,AGC_015,2.64,B09_C0_PCA_Ridge,3.9400389518932677
fold_municipality_grouped,2,AGC_017,4.98,B09_C0_PCA_Ridge,4.17352909062136
fold_municipality_grouped,2,AGC_018,4.49,B09_C0_PCA_Ridge,4.298144782964079
fold_municipality_grouped,2,AGC_019,3.0,B09_C0_PCA_Ridge,3.2831983308555666
fold_municipality_grouped,2,AGC_020,3.5,B09_C0_PCA_Ridge,2.7506480339621384
fold_municipality_grouped,2,AGC_021,4.94,B09_C0_PCA_Ridge,3.7088584983170456
fold_municipality_grouped,2,AGC_022,4.55,B09_C0_PCA_Ridge,4.006021489851577
fold_municipality_grouped,2,AGC_023,3.0,B09_C0_PCA_Ridge,3.6983054180989097
fold_municipality_grouped,2,AGC_024,3.03,B09_C0_PCA_Ridge,4.085934134433711
fold_municipality_grouped,2,AGC_026,3.55,B09_C0_PCA_Ridge,4.019167733249945
fold_municipality_grouped,2,AGC_032,4.03,B09_C0_PCA_Ridge,4.1424519376009155
fold_municipality_grouped,2,AGC_033,4.47,B09_C0_PCA_Ridge,3.799652181799891
fold_municipality_grouped,2,AGC_035,4.68,B09_C0_PCA_Ridge,3.5849004247346805
fold_municipality_grouped,2,AGC_037,3.5,B09_C0_PCA_Ridge,3.668681219693996
fold_municipality_grouped,2,AGC_040,3.0,B09_C0_PCA_Ridge,3.399798988887186
fold_municipality_grouped,2,AGC_044,3.5,B09_C0_PCA_Ridge,3.048104304014996
fold_municipality_grouped,2,AGC_045,4.1,B09_C0_PCA_Ridge,4.252074172254773
fold_municipality_grouped,2,AGC_046,3.0,B09_C0_PCA_Ridge,3.200880944382895
fold_municipality_grouped,2,AGC_047,4.45,B09_C0_PCA_Ridge,3.2152609182420235
fold_municipality_grouped,2,AGC_048,2.5,B09_C0_PCA_Ridge,3.193987894979453
fold_municipality_grouped,2,AGC_049,5.53,B09_C0_PCA_Ridge,4.3193046469975815
fold_municipality_grouped,2,AGC_051,4.45,B09_C0_PCA_Ridge,3.817339596957693
fold_municipality_grouped,2,AGC_053,3.5,B09_C0_PCA_Ridge,3.618435601368804
fold_municipality_grouped,2,AGC_054,2.5,B09_C0_PCA_Ridge,3.2611628533258674
fold_municipality_grouped,2,AGC_055,5.45,B09_C0_PCA_Ridge,4.077783116650389
fold_municipality_grouped,2,AGC_056,5.07,B09_C0_PCA_Ridge,3.837238857605658
fold_municipality_grouped,2,AGC_057,4.55,B09_C0_PCA_Ridge,4.049136091957539
fold_municipality_grouped,2,AGC_058,2.5,B09_C0_PCA_Ridge,3.4780193860184556
fold_municipality_grouped,2,AGC_059,4.41,B09_C0_PCA_Ridge,3.7377377207401516
fold_municipality_grouped,2,AGC_060,4.52,B09_C0_PCA_Ridge,4.394945656725557
fold_municipality_grouped,2,AGC_062,3.81,B09_C0_PCA_Ridge,3.9804631806450206
fold_municipality_grouped,2,AGC_064,4.51,B09_C0_PCA_Ridge,4.707971988010116
fold_municipality_grouped,2,AGC_066,3.0,B09_C0_PCA_Ridge,3.448962519843646
fold_municipality_grouped,2,AGC_068,2.5,B09_C0_PCA_Ridge,3.4452206668285843
fold_municipality_grouped,2,AGC_069,5.46,B09_C0_PCA_Ridge,4.2626451588019885
fold_municipality_grouped,2,AGC_072,4.55,B09_C0_PCA_Ridge,3.730455679687158
fold_municipality_grouped,2,AGC_073,4.3,B09_C0_PCA_Ridge,3.9893063662682278
fold_municipality_grouped,2,AGC_074,2.5,B09_C0_PCA_Ridge,3.235657697157998
fold_municipality_grouped,2,AGC_077,4.76,B09_C0_PCA_Ridge,3.8569035367976627
fold_municipality_grouped,2,AGC_083,4.61,B09_C0_PCA_Ridge,4.212415130865282
fold_municipality_grouped,2,AGC_084,4.54,B09_C0_PCA_Ridge,4.406066850893767
fold_municipality_grouped,2,AGC_090,4.68,B09_C0_PCA_Ridge,4.0507320708198336
fold_municipality_grouped,2,AGC_092,4.57,B09_C0_PCA_Ridge,3.707986008021065
fold_municipality_grouped,2,AGC_096,4.59,B09_C0_PCA_Ridge,4.070865343403821
fold_municipality_grouped,2,AGC_097,4.69,B09_C0_PCA_Ridge,3.8430726546036205
fold_municipality_grouped,2,AGC_098,3.0,B09_C0_PCA_Ridge,3.450448170409759
fold_municipality_grouped,2,AGC_099,3.5,B09_C0_PCA_Ridge,3.90923472724059
fold_municipality_grouped,2,AGC_100,4.5,B09_C0_PCA_Ridge,3.918110424147894
fold_municipality_grouped,2,AGC_101,4.57,B09_C0_PCA_Ridge,4.043903477344468
fold_municipality_grouped,2,AGC_102,4.4,B09_C0_PCA_Ridge,4.126380863946498
fold_municipality_grouped,2,AGC_103,3.0,B09_C0_PCA_Ridge,3.179784758476561
fold_municipality_grouped,2,AGC_104,4.56,B09_C0_PCA_Ridge,4.12444619779152
fold_municipality_grouped,2,AGC_105,4.41,B09_C0_PCA_Ridge,4.141361498647674
fold_municipality_grouped,2,AGC_106,4.43,B09_C0_PCA_Ridge,4.062565799482422
fold_municipality_grouped,2,AGC_108,4.51,B09_C0_PCA_Ridge,4.2798239512405045
fold_municipality_grouped,2,AGC_109,4.54,B09_C0_PCA_Ridge,3.666567760344896
fold_municipality_grouped,2,AGC_110,4.18,B09_C0_PCA_Ridge,3.9835373850990914
fold_municipality_grouped,2,AGC_111,4.72,B09_C0_PCA_Ridge,3.9803030267392976
fold_municipality_grouped,2,AGC_112,3.0,B09_C0_PCA_Ridge,3.5111124338459083
fold_municipality_grouped,2,AGC_114,3.0,B09_C0_PCA_Ridge,3.218635780104406
fold_municipality_grouped,2,AGC_115,4.6,B09_C0_PCA_Ridge,3.9253840193412204
fold_municipality_grouped,2,AGC_117,3.5,B09_C0_PCA_Ridge,3.82391556390299
fold_municipality_grouped,2,AGC_119,4.4,B09_C0_PCA_Ridge,4.772762621227998
fold_municipality_grouped,2,AGC_122,3.5,B09_C0_PCA_Ridge,3.1807317170188885
fold_municipality_grouped,2,AGC_123,2.5,B09_C0_PCA_Ridge,3.3010599953847928
fold_municipality_grouped,2,AGC_124,5.05,B09_C0_PCA_Ridge,4.164958120410621
fold_municipality_grouped,2,AGC_125,4.06,B09_C0_PCA_Ridge,4.40181199462109
fold_municipality_grouped,2,AGC_127,5.57,B09_C0_PCA_Ridge,4.935550074045828
fold_municipality_grouped,2,AGC_131,4.89,B09_C0_PCA_Ridge,4.221716922796139
fold_municipality_grouped,2,AGC_132,4.13,B09_C0_PCA_Ridge,3.976502035290692
fold_municipality_grouped,2,AGC_133,3.91,B09_C0_PCA_Ridge,3.9841890257884325
fold_municipality_grouped,2,AGC_134,4.52,B09_C0_PCA_Ridge,4.080275917545664
fold_municipality_grouped,2,AGC_135,4.49,B09_C0_PCA_Ridge,3.8217754073715255
fold_municipality_grouped,2,AGC_137,4.54,B09_C0_PCA_Ridge,3.958040302627496
fold_municipality_grouped,2,AGC_138,2.5,B09_C0_PCA_Ridge,3.8158399305984303
fold_municipality_grouped,2,AGC_139,4.67,B09_C0_PCA_Ridge,3.90154038253318
fold_municipality_grouped,2,AGC_141,3.5,B09_C0_PCA_Ridge,3.4484189598504247
fold_municipality_grouped,2,AGC_144,2.5,B09_C0_PCA_Ridge,3.2925976336553195
fold_municipality_grouped,2,AGC_145,3.5,B09_C0_PCA_Ridge,3.306236009694338
fold_municipality_grouped,2,AGC_146,4.58,B09_C0_PCA_Ridge,4.323258572241645
fold_municipality_grouped,2,AGC_150,4.52,B09_C0_PCA_Ridge,4.218611345966538
fold_municipality_grouped,2,AGC_151,4.69,B09_C0_PCA_Ridge,4.488673620001762
fold_municipality_grouped,2,AGC_152,4.87,B09_C0_PCA_Ridge,4.513262586838631
fold_municipality_grouped,2,AGC_155,4.52,B09_C0_PCA_Ridge,4.087062496993158
fold_municipality_grouped,2,AGC_157,3.0,B09_C0_PCA_Ridge,3.5854456593053143
fold_municipality_grouped,2,AGC_159,4.77,B09_C0_PCA_Ridge,4.0167104611139415
fold_municipality_grouped,2,AGC_160,3.62,B09_C0_PCA_Ridge,4.216073050796779
fold_municipality_grouped,2,AGC_161,4.46,B09_C0_PCA_Ridge,3.959769205015096
fold_municipality_grouped,2,AGC_162,5.59,B09_C0_PCA_Ridge,3.921480175046851
fold_municipality_grouped,2,AGC_163,3.0,B09_C0_PCA_Ridge,3.470291361453161
fold_municipality_grouped,2,AGC_164,3.0,B09_C0_PCA_Ridge,3.0823248315791845
fold_municipality_grouped,2,AGC_165,4.44,B09_C0_PCA_Ridge,3.9423004421899224
fold_municipality_grouped,2,AGC_167,4.54,B09_C0_PCA_Ridge,4.061585139043225
fold_municipality_grouped,2,AGC_168,4.49,B09_C0_PCA_Ridge,3.9962180062119
fold_municipality_grouped,2,AGC_169,2.5,B09_C0_PCA_Ridge,3.3593725521000475
fold_municipality_grouped,2,AGC_170,3.0,B09_C0_PCA_Ridge,3.796646321495856
fold_municipality_grouped,2,AGC_171,2.15,B09_C0_PCA_Ridge,4.150198745578479
fold_municipality_grouped,2,AGC_172,5.19,B09_C0_PCA_Ridge,4.120008468369954
fold_municipality_grouped,2,AGC_176,4.38,B09_C0_PCA_Ridge,3.900111794885223
fold_municipality_grouped,2,AGC_178,4.39,B09_C0_PCA_Ridge,3.8914022398560726
fold_municipality_grouped,2,AGC_179,4.55,B09_C0_PCA_Ridge,3.9237093009941972
fold_municipality_grouped,2,AGC_180,4.14,B09_C0_PCA_Ridge,3.818929580200174
fold_municipality_grouped,2,AGC_181,4.51,B09_C0_PCA_Ridge,3.847810208099968
fold_municipality_grouped,2,AGC_184,4.47,B09_C0_PCA_Ridge,4.027604976411193
fold_municipality_grouped,2,AGC_185,5.01,B09_C0_PCA_Ridge,4.2810677921335145
fold_municipality_grouped,2,AGC_187,3.0,B09_C0_PCA_Ridge,3.607300980102262
fold_municipality_grouped,2,AGC_189,4.03,B09_C0_PCA_Ridge,4.176430899201522
fold_municipality_grouped,2,AGC_193,4.57,B09_C0_PCA_Ridge,4.0786229723516545
fold_municipality_grouped,2,AGC_195,3.68,B09_C0_PCA_Ridge,3.939340339356739
fold_municipality_grouped,2,AGC_196,3.5,B09_C0_PCA_Ridge,3.1450132654697116
fold_municipality_grouped,2,AGC_197,4.52,B09_C0_PCA_Ridge,4.136766149050389
fold_municipality_grouped,2,AGC_001,3.5,B10_C1_PCA_Ridge,3.623504370262245
fold_municipality_grouped,2,AGC_002,4.63,B10_C1_PCA_Ridge,4.98476694412657
fold_municipality_grouped,2,AGC_004,3.0,B10_C1_PCA_Ridge,3.821442563478833
fold_municipality_grouped,2,AGC_005,5.16,B10_C1_PCA_Ridge,5.166136420949585
fold_municipality_grouped,2,AGC_006,4.49,B10_C1_PCA_Ridge,3.8681280575354946
fold_municipality_grouped,2,AGC_008,4.55,B10_C1_PCA_Ridge,4.596693488046132
fold_municipality_grouped,2,AGC_009,4.79,B10_C1_PCA_Ridge,4.761505914904848
fold_municipality_grouped,2,AGC_010,4.1,B10_C1_PCA_Ridge,4.77409306357687
fold_municipality_grouped,2,AGC_012,4.69,B10_C1_PCA_Ridge,4.00107756305632
fold_municipality_grouped,2,AGC_013,4.01,B10_C1_PCA_Ridge,4.026606763317293
fold_municipality_grouped,2,AGC_014,4.83,B10_C1_PCA_Ridge,4.753383700184648
fold_municipality_grouped,2,AGC_015,2.64,B10_C1_PCA_Ridge,4.759633387106167
fold_municipality_grouped,2,AGC_017,4.98,B10_C1_PCA_Ridge,4.433962468213972
fold_municipality_grouped,2,AGC_018,4.49,B10_C1_PCA_Ridge,4.309618122655644
fold_municipality_grouped,2,AGC_019,3.0,B10_C1_PCA_Ridge,3.635547604497401
fold_municipality_grouped,2,AGC_020,3.5,B10_C1_PCA_Ridge,3.058096521402772
fold_municipality_grouped,2,AGC_021,4.94,B10_C1_PCA_Ridge,4.229578463644312
fold_municipality_grouped,2,AGC_022,4.55,B10_C1_PCA_Ridge,4.562698303178082
fold_municipality_grouped,2,AGC_023,3.0,B10_C1_PCA_Ridge,3.729824745941002
fold_municipality_grouped,2,AGC_024,3.03,B10_C1_PCA_Ridge,4.188369629987074
fold_municipality_grouped,2,AGC_026,3.55,B10_C1_PCA_Ridge,4.685605233532147
fold_municipality_grouped,2,AGC_032,4.03,B10_C1_PCA_Ridge,4.3004177085621205
fold_municipality_grouped,2,AGC_033,4.47,B10_C1_PCA_Ridge,4.086710145056506
fold_municipality_grouped,2,AGC_035,4.68,B10_C1_PCA_Ridge,3.3842626235794446
fold_municipality_grouped,2,AGC_037,3.5,B10_C1_PCA_Ridge,3.8057531379441203
fold_municipality_grouped,2,AGC_040,3.0,B10_C1_PCA_Ridge,3.645005755604659
fold_municipality_grouped,2,AGC_044,3.5,B10_C1_PCA_Ridge,3.044395406945603
fold_municipality_grouped,2,AGC_045,4.1,B10_C1_PCA_Ridge,4.2187409933231415
fold_municipality_grouped,2,AGC_046,3.0,B10_C1_PCA_Ridge,3.615310516833185
fold_municipality_grouped,2,AGC_047,4.45,B10_C1_PCA_Ridge,3.336199301742834
fold_municipality_grouped,2,AGC_048,2.5,B10_C1_PCA_Ridge,3.188168826700741
fold_municipality_grouped,2,AGC_049,5.53,B10_C1_PCA_Ridge,4.0496098937005875
fold_municipality_grouped,2,AGC_051,4.45,B10_C1_PCA_Ridge,3.875070559578383
fold_municipality_grouped,2,AGC_053,3.5,B10_C1_PCA_Ridge,3.8623992803383724
fold_municipality_grouped,2,AGC_054,2.5,B10_C1_PCA_Ridge,3.737415753144858
fold_municipality_grouped,2,AGC_055,5.45,B10_C1_PCA_Ridge,4.320260461837111
fold_municipality_grouped,2,AGC_056,5.07,B10_C1_PCA_Ridge,4.08263206354427
fold_municipality_grouped,2,AGC_057,4.55,B10_C1_PCA_Ridge,4.281098791746306
fold_municipality_grouped,2,AGC_058,2.5,B10_C1_PCA_Ridge,3.800345389493025
fold_municipality_grouped,2,AGC_059,4.41,B10_C1_PCA_Ridge,4.085118955092073
fold_municipality_grouped,2,AGC_060,4.52,B10_C1_PCA_Ridge,4.161018122344014
fold_municipality_grouped,2,AGC_062,3.81,B10_C1_PCA_Ridge,4.5116135762033585
fold_municipality_grouped,2,AGC_064,4.51,B10_C1_PCA_Ridge,4.752618312578545
fold_municipality_grouped,2,AGC_066,3.0,B10_C1_PCA_Ridge,3.7528741429650827
fold_municipality_grouped,2,AGC_068,2.5,B10_C1_PCA_Ridge,3.7111083946511183
fold_municipality_grouped,2,AGC_069,5.46,B10_C1_PCA_Ridge,4.675604104816524
fold_municipality_grouped,2,AGC_072,4.55,B10_C1_PCA_Ridge,4.100524085648264
fold_municipality_grouped,2,AGC_073,4.3,B10_C1_PCA_Ridge,4.348491980015552
fold_municipality_grouped,2,AGC_074,2.5,B10_C1_PCA_Ridge,3.7251672739551402
fold_municipality_grouped,2,AGC_077,4.76,B10_C1_PCA_Ridge,4.050538561136464
fold_municipality_grouped,2,AGC_083,4.61,B10_C1_PCA_Ridge,4.174582011683278
fold_municipality_grouped,2,AGC_084,4.54,B10_C1_PCA_Ridge,4.670059890162964
fold_municipality_grouped,2,AGC_090,4.68,B10_C1_PCA_Ridge,4.359279416910721
fold_municipality_grouped,2,AGC_092,4.57,B10_C1_PCA_Ridge,4.685125228012893
fold_municipality_grouped,2,AGC_096,4.59,B10_C1_PCA_Ridge,4.470326408736717
fold_municipality_grouped,2,AGC_097,4.69,B10_C1_PCA_Ridge,4.410349788946018
fold_municipality_grouped,2,AGC_098,3.0,B10_C1_PCA_Ridge,3.769362856500884
fold_municipality_grouped,2,AGC_099,3.5,B10_C1_PCA_Ridge,3.863981941371927
fold_municipality_grouped,2,AGC_100,4.5,B10_C1_PCA_Ridge,4.4744276723565415
fold_municipality_grouped,2,AGC_101,4.57,B10_C1_PCA_Ridge,4.351145354792489
fold_municipality_grouped,2,AGC_102,4.4,B10_C1_PCA_Ridge,4.276062709679052
fold_municipality_grouped,2,AGC_103,3.0,B10_C1_PCA_Ridge,3.588869848713059
fold_municipality_grouped,2,AGC_104,4.56,B10_C1_PCA_Ridge,4.633780123028385
fold_municipality_grouped,2,AGC_105,4.41,B10_C1_PCA_Ridge,4.623720427489703
fold_municipality_grouped,2,AGC_106,4.43,B10_C1_PCA_Ridge,4.8269092951320385
fold_municipality_grouped,2,AGC_108,4.51,B10_C1_PCA_Ridge,4.171663579247959
fold_municipality_grouped,2,AGC_109,4.54,B10_C1_PCA_Ridge,4.486173459419829
fold_municipality_grouped,2,AGC_110,4.18,B10_C1_PCA_Ridge,4.717896774222484
fold_municipality_grouped,2,AGC_111,4.72,B10_C1_PCA_Ridge,3.9787232898833516
fold_municipality_grouped,2,AGC_112,3.0,B10_C1_PCA_Ridge,3.7092278115521187
fold_municipality_grouped,2,AGC_114,3.0,B10_C1_PCA_Ridge,3.6619813766157785
fold_municipality_grouped,2,AGC_115,4.6,B10_C1_PCA_Ridge,4.550508947206473
fold_municipality_grouped,2,AGC_117,3.5,B10_C1_PCA_Ridge,3.896851933449142
fold_municipality_grouped,2,AGC_119,4.4,B10_C1_PCA_Ridge,4.697643354699614
fold_municipality_grouped,2,AGC_122,3.5,B10_C1_PCA_Ridge,3.6273974352656473
fold_municipality_grouped,2,AGC_123,2.5,B10_C1_PCA_Ridge,3.6173444429778554
fold_municipality_grouped,2,AGC_124,5.05,B10_C1_PCA_Ridge,4.784829436957209
fold_municipality_grouped,2,AGC_125,4.06,B10_C1_PCA_Ridge,5.09082830713737
fold_municipality_grouped,2,AGC_127,5.57,B10_C1_PCA_Ridge,4.3530989346554
fold_municipality_grouped,2,AGC_131,4.89,B10_C1_PCA_Ridge,4.4604729427070895
fold_municipality_grouped,2,AGC_132,4.13,B10_C1_PCA_Ridge,4.037586224944863
fold_municipality_grouped,2,AGC_133,3.91,B10_C1_PCA_Ridge,4.102508509308343
fold_municipality_grouped,2,AGC_134,4.52,B10_C1_PCA_Ridge,4.009312689971122
fold_municipality_grouped,2,AGC_135,4.49,B10_C1_PCA_Ridge,3.9209582114083146
fold_municipality_grouped,2,AGC_137,4.54,B10_C1_PCA_Ridge,4.501796664769724
fold_municipality_grouped,2,AGC_138,2.5,B10_C1_PCA_Ridge,3.8959041070072984
fold_municipality_grouped,2,AGC_139,4.67,B10_C1_PCA_Ridge,4.708047937823439
fold_municipality_grouped,2,AGC_141,3.5,B10_C1_PCA_Ridge,3.709720111457127
fold_municipality_grouped,2,AGC_144,2.5,B10_C1_PCA_Ridge,3.634234002508485
fold_municipality_grouped,2,AGC_145,3.5,B10_C1_PCA_Ridge,3.618957850483641
fold_municipality_grouped,2,AGC_146,4.58,B10_C1_PCA_Ridge,4.379604410347958
fold_municipality_grouped,2,AGC_150,4.52,B10_C1_PCA_Ridge,4.713298871886975
fold_municipality_grouped,2,AGC_151,4.69,B10_C1_PCA_Ridge,4.681378329163394
fold_municipality_grouped,2,AGC_152,4.87,B10_C1_PCA_Ridge,4.606930178433144
fold_municipality_grouped,2,AGC_155,4.52,B10_C1_PCA_Ridge,4.566921809268193
fold_municipality_grouped,2,AGC_157,3.0,B10_C1_PCA_Ridge,3.7161234261057285
fold_municipality_grouped,2,AGC_159,4.77,B10_C1_PCA_Ridge,4.903208225686828
fold_municipality_grouped,2,AGC_160,3.62,B10_C1_PCA_Ridge,4.720710945625901
fold_municipality_grouped,2,AGC_161,4.46,B10_C1_PCA_Ridge,4.536378236433845
fold_municipality_grouped,2,AGC_162,5.59,B10_C1_PCA_Ridge,3.976841723862123
fold_municipality_grouped,2,AGC_163,3.0,B10_C1_PCA_Ridge,3.7066538704467327
fold_municipality_grouped,2,AGC_164,3.0,B10_C1_PCA_Ridge,3.0654939180746683
fold_municipality_grouped,2,AGC_165,4.44,B10_C1_PCA_Ridge,3.9077008779699747
fold_municipality_grouped,2,AGC_167,4.54,B10_C1_PCA_Ridge,4.742497179201865
fold_municipality_grouped,2,AGC_168,4.49,B10_C1_PCA_Ridge,4.835757426345947
fold_municipality_grouped,2,AGC_169,2.5,B10_C1_PCA_Ridge,3.7067508410644545
fold_municipality_grouped,2,AGC_170,3.0,B10_C1_PCA_Ridge,3.8353927074892162
fold_municipality_grouped,2,AGC_171,2.15,B10_C1_PCA_Ridge,4.34122313601034
fold_municipality_grouped,2,AGC_172,5.19,B10_C1_PCA_Ridge,3.9762282064063186
fold_municipality_grouped,2,AGC_176,4.38,B10_C1_PCA_Ridge,4.095804409535234
fold_municipality_grouped,2,AGC_178,4.39,B10_C1_PCA_Ridge,4.148885941162687
fold_municipality_grouped,2,AGC_179,4.55,B10_C1_PCA_Ridge,4.5723149960450655
fold_municipality_grouped,2,AGC_180,4.14,B10_C1_PCA_Ridge,3.8398916643198753
fold_municipality_grouped,2,AGC_181,4.51,B10_C1_PCA_Ridge,4.189447079626553
fold_municipality_grouped,2,AGC_184,4.47,B10_C1_PCA_Ridge,4.2419229969998025
fold_municipality_grouped,2,AGC_185,5.01,B10_C1_PCA_Ridge,4.7936048619313185
fold_municipality_grouped,2,AGC_187,3.0,B10_C1_PCA_Ridge,3.762757962228571
fold_municipality_grouped,2,AGC_189,4.03,B10_C1_PCA_Ridge,4.420640149929443
fold_municipality_grouped,2,AGC_193,4.57,B10_C1_PCA_Ridge,4.180105362060166
fold_municipality_grouped,2,AGC_195,3.68,B10_C1_PCA_Ridge,4.6770649239019075
fold_municipality_grouped,2,AGC_196,3.5,B10_C1_PCA_Ridge,3.3004940160227108
fold_municipality_grouped,2,AGC_197,4.52,B10_C1_PCA_Ridge,4.442384145947209
fold_municipality_grouped,3,AGC_001,3.5,B01_C0_PLS,2.4205986699190714
fold_municipality_grouped,3,AGC_002,4.63,B01_C0_PLS,3.9090949260533274
fold_municipality_grouped,3,AGC_004,3.0,B01_C0_PLS,3.2537652499103036
fold_municipality_grouped,3,AGC_005,5.16,B01_C0_PLS,4.189455294760612
fold_municipality_grouped,3,AGC_006,4.49,B01_C0_PLS,3.294386218092012
fold_municipality_grouped,3,AGC_007,3.5,B01_C0_PLS,3.480911949624169
fold_municipality_grouped,3,AGC_008,4.55,B01_C0_PLS,3.618948350887733
fold_municipality_grouped,3,AGC_009,4.79,B01_C0_PLS,4.601367410523421
fold_municipality_grouped,3,AGC_010,4.1,B01_C0_PLS,3.704365118760747
fold_municipality_grouped,3,AGC_012,4.69,B01_C0_PLS,3.627333745393318
fold_municipality_grouped,3,AGC_013,4.01,B01_C0_PLS,3.309967642649015
fold_municipality_grouped,3,AGC_014,4.83,B01_C0_PLS,4.136446573306483
fold_municipality_grouped,3,AGC_015,2.64,B01_C0_PLS,3.73972327122255
fold_municipality_grouped,3,AGC_017,4.98,B01_C0_PLS,3.8683339825223193
fold_municipality_grouped,3,AGC_018,4.49,B01_C0_PLS,3.994883032551527
fold_municipality_grouped,3,AGC_019,3.0,B01_C0_PLS,2.710537058217355
fold_municipality_grouped,3,AGC_020,3.5,B01_C0_PLS,2.752533670819324
fold_municipality_grouped,3,AGC_021,4.94,B01_C0_PLS,3.2266571872949767
fold_municipality_grouped,3,AGC_022,4.55,B01_C0_PLS,3.79912174192406
fold_municipality_grouped,3,AGC_023,3.0,B01_C0_PLS,3.610484204534425
fold_municipality_grouped,3,AGC_024,3.03,B01_C0_PLS,3.855342599838547
fold_municipality_grouped,3,AGC_026,3.55,B01_C0_PLS,3.774436492144515
fold_municipality_grouped,3,AGC_032,4.03,B01_C0_PLS,3.6058430990818775
fold_municipality_grouped,3,AGC_033,4.47,B01_C0_PLS,3.192974228014127
fold_municipality_grouped,3,AGC_034,2.0,B01_C0_PLS,3.828554103235817
fold_municipality_grouped,3,AGC_035,4.68,B01_C0_PLS,3.846113313292439
fold_municipality_grouped,3,AGC_037,3.5,B01_C0_PLS,3.1797796908537683
fold_municipality_grouped,3,AGC_038,3.3,B01_C0_PLS,3.82481994703429
fold_municipality_grouped,3,AGC_040,3.0,B01_C0_PLS,3.0492737290858356
fold_municipality_grouped,3,AGC_041,2.5,B01_C0_PLS,3.8529215621038855
fold_municipality_grouped,3,AGC_044,3.5,B01_C0_PLS,2.8842642864587775
fold_municipality_grouped,3,AGC_045,4.1,B01_C0_PLS,4.023348517466239
fold_municipality_grouped,3,AGC_046,3.0,B01_C0_PLS,2.6350745718180537
fold_municipality_grouped,3,AGC_047,4.45,B01_C0_PLS,3.5947414645964857
fold_municipality_grouped,3,AGC_048,2.5,B01_C0_PLS,3.169238856454964
fold_municipality_grouped,3,AGC_049,5.53,B01_C0_PLS,3.7258815613070895
fold_municipality_grouped,3,AGC_053,3.5,B01_C0_PLS,3.4287914631110974
fold_municipality_grouped,3,AGC_054,2.5,B01_C0_PLS,2.5442541583808125
fold_municipality_grouped,3,AGC_055,5.45,B01_C0_PLS,3.7024602421097623
fold_municipality_grouped,3,AGC_056,5.07,B01_C0_PLS,3.392751189544597
fold_municipality_grouped,3,AGC_057,4.55,B01_C0_PLS,3.760621033643204
fold_municipality_grouped,3,AGC_058,2.5,B01_C0_PLS,3.302569202781728
fold_municipality_grouped,3,AGC_060,4.52,B01_C0_PLS,3.925352440053763
fold_municipality_grouped,3,AGC_062,3.81,B01_C0_PLS,3.3709211531873358
fold_municipality_grouped,3,AGC_064,4.51,B01_C0_PLS,4.651068615912642
fold_municipality_grouped,3,AGC_066,3.0,B01_C0_PLS,3.2394196503371924
fold_municipality_grouped,3,AGC_067,3.0,B01_C0_PLS,3.975633113776923
fold_municipality_grouped,3,AGC_068,2.5,B01_C0_PLS,3.03858380361258
fold_municipality_grouped,3,AGC_069,5.46,B01_C0_PLS,4.178648251491687
fold_municipality_grouped,3,AGC_070,3.3,B01_C0_PLS,3.8923869150472363
fold_municipality_grouped,3,AGC_072,4.55,B01_C0_PLS,3.098763402881342
fold_municipality_grouped,3,AGC_073,4.3,B01_C0_PLS,3.2471076856766374
fold_municipality_grouped,3,AGC_074,2.5,B01_C0_PLS,2.594195471461253
fold_municipality_grouped,3,AGC_077,4.76,B01_C0_PLS,3.401449537251123
fold_municipality_grouped,3,AGC_078,3.0,B01_C0_PLS,3.503647406454489
fold_municipality_grouped,3,AGC_079,3.3,B01_C0_PLS,3.5241071144763776
fold_municipality_grouped,3,AGC_080,3.5,B01_C0_PLS,3.568327631768603
fold_municipality_grouped,3,AGC_081,3.7,B01_C0_PLS,4.154974821178053
fold_municipality_grouped,3,AGC_083,4.61,B01_C0_PLS,4.2739261035017355
fold_municipality_grouped,3,AGC_089,3.0,B01_C0_PLS,3.526043989674359
fold_municipality_grouped,3,AGC_090,4.68,B01_C0_PLS,4.228080388569549
fold_municipality_grouped,3,AGC_092,4.57,B01_C0_PLS,3.479211180936025
fold_municipality_grouped,3,AGC_096,4.59,B01_C0_PLS,3.4847538070607373
fold_municipality_grouped,3,AGC_097,4.69,B01_C0_PLS,3.3454805072833107
fold_municipality_grouped,3,AGC_098,3.0,B01_C0_PLS,2.588080347756341
fold_municipality_grouped,3,AGC_099,3.5,B01_C0_PLS,3.6065464625514467
fold_municipality_grouped,3,AGC_100,4.5,B01_C0_PLS,3.7328362818194436
fold_municipality_grouped,3,AGC_101,4.57,B01_C0_PLS,3.8347392787071186
fold_municipality_grouped,3,AGC_102,4.4,B01_C0_PLS,4.251035252506288
fold_municipality_grouped,3,AGC_103,3.0,B01_C0_PLS,2.5201864208656266
fold_municipality_grouped,3,AGC_104,4.56,B01_C0_PLS,3.754843783184471
fold_municipality_grouped,3,AGC_105,4.41,B01_C0_PLS,3.940986620650721
fold_municipality_grouped,3,AGC_106,4.43,B01_C0_PLS,3.797464494436555
fold_municipality_grouped,3,AGC_108,4.51,B01_C0_PLS,3.5266961248430055
fold_municipality_grouped,3,AGC_109,4.54,B01_C0_PLS,3.2410506364563614
fold_municipality_grouped,3,AGC_110,4.18,B01_C0_PLS,3.8424016518579043
fold_municipality_grouped,3,AGC_111,4.72,B01_C0_PLS,3.3917984301408
fold_municipality_grouped,3,AGC_112,3.0,B01_C0_PLS,3.10349286124131
fold_municipality_grouped,3,AGC_114,3.0,B01_C0_PLS,2.82060287455377
fold_municipality_grouped,3,AGC_115,4.6,B01_C0_PLS,3.2891224981401685
fold_municipality_grouped,3,AGC_117,3.5,B01_C0_PLS,3.509190603602179
fold_municipality_grouped,3,AGC_119,4.4,B01_C0_PLS,4.722787690573983
fold_municipality_grouped,3,AGC_121,3.3,B01_C0_PLS,3.480842873431779
fold_municipality_grouped,3,AGC_122,3.5,B01_C0_PLS,2.068743483155348
fold_municipality_grouped,3,AGC_123,2.5,B01_C0_PLS,2.527970359487931
fold_municipality_grouped,3,AGC_124,5.05,B01_C0_PLS,3.842627475082795
fold_municipality_grouped,3,AGC_125,4.06,B01_C0_PLS,4.018844592491219
fold_municipality_grouped,3,AGC_127,5.57,B01_C0_PLS,4.594872066991901
fold_municipality_grouped,3,AGC_131,4.89,B01_C0_PLS,4.707113653286782
fold_municipality_grouped,3,AGC_132,4.13,B01_C0_PLS,3.409116524344421
fold_municipality_grouped,3,AGC_133,3.91,B01_C0_PLS,3.3241090404881675
fold_municipality_grouped,3,AGC_135,4.49,B01_C0_PLS,3.1748102458668797
fold_municipality_grouped,3,AGC_138,2.5,B01_C0_PLS,3.5520326457589215
fold_municipality_grouped,3,AGC_139,4.67,B01_C0_PLS,3.6018757344183387
fold_municipality_grouped,3,AGC_140,3.2,B01_C0_PLS,3.5430143473178655
fold_municipality_grouped,3,AGC_141,3.5,B01_C0_PLS,3.1688659174687057
fold_municipality_grouped,3,AGC_144,2.5,B01_C0_PLS,2.8031626490808828
fold_municipality_grouped,3,AGC_145,3.5,B01_C0_PLS,2.9192891636461935
fold_municipality_grouped,3,AGC_148,3.0,B01_C0_PLS,3.277160131106841
fold_municipality_grouped,3,AGC_150,4.52,B01_C0_PLS,4.092366651420259
fold_municipality_grouped,3,AGC_155,4.52,B01_C0_PLS,3.947915756501774
fold_municipality_grouped,3,AGC_157,3.0,B01_C0_PLS,3.0423271744755027
fold_municipality_grouped,3,AGC_159,4.77,B01_C0_PLS,3.7343693131629254
fold_municipality_grouped,3,AGC_160,3.62,B01_C0_PLS,3.752737688580618
fold_municipality_grouped,3,AGC_161,4.46,B01_C0_PLS,3.575953766769669
fold_municipality_grouped,3,AGC_162,5.59,B01_C0_PLS,3.264251768637248
fold_municipality_grouped,3,AGC_163,3.0,B01_C0_PLS,2.9018415849146115
fold_municipality_grouped,3,AGC_164,3.0,B01_C0_PLS,3.0559782578717054
fold_municipality_grouped,3,AGC_165,4.44,B01_C0_PLS,3.297993456335936
fold_municipality_grouped,3,AGC_166,2.5,B01_C0_PLS,3.9089592765199743
fold_municipality_grouped,3,AGC_167,4.54,B01_C0_PLS,3.6770821799931284
fold_municipality_grouped,3,AGC_168,4.49,B01_C0_PLS,4.222258455960029
fold_municipality_grouped,3,AGC_169,2.5,B01_C0_PLS,2.827515137993173
fold_municipality_grouped,3,AGC_170,3.0,B01_C0_PLS,3.657112157685214
fold_municipality_grouped,3,AGC_171,2.15,B01_C0_PLS,3.9040414472383027
fold_municipality_grouped,3,AGC_172,5.19,B01_C0_PLS,3.6249534333002136
fold_municipality_grouped,3,AGC_176,4.38,B01_C0_PLS,3.377877024961893
fold_municipality_grouped,3,AGC_178,4.39,B01_C0_PLS,3.6620889710398172
fold_municipality_grouped,3,AGC_179,4.55,B01_C0_PLS,3.4632198312128177
fold_municipality_grouped,3,AGC_181,4.51,B01_C0_PLS,4.148127238947873
fold_municipality_grouped,3,AGC_185,5.01,B01_C0_PLS,4.305601942397502
fold_municipality_grouped,3,AGC_187,3.0,B01_C0_PLS,3.38107838085391
fold_municipality_grouped,3,AGC_189,4.03,B01_C0_PLS,3.7385067844467588
fold_municipality_grouped,3,AGC_193,4.57,B01_C0_PLS,3.7207332225357472
fold_municipality_grouped,3,AGC_194,3.2,B01_C0_PLS,4.066126009654059
fold_municipality_grouped,3,AGC_195,3.68,B01_C0_PLS,3.4671782953706636
fold_municipality_grouped,3,AGC_196,3.5,B01_C0_PLS,3.215428419190417
fold_municipality_grouped,3,AGC_197,4.52,B01_C0_PLS,3.9422366188638605
fold_municipality_grouped,3,AGC_001,3.5,B02_C3_Ridge,2.4299001869272505
fold_municipality_grouped,3,AGC_002,4.63,B02_C3_Ridge,3.4881331075175406
fold_municipality_grouped,3,AGC_004,3.0,B02_C3_Ridge,3.361212636576937
fold_municipality_grouped,3,AGC_005,5.16,B02_C3_Ridge,3.5491805511781003
fold_municipality_grouped,3,AGC_006,4.49,B02_C3_Ridge,3.3331827221166646
fold_municipality_grouped,3,AGC_007,3.5,B02_C3_Ridge,3.5648819619364662
fold_municipality_grouped,3,AGC_008,4.55,B02_C3_Ridge,3.371637367746648
fold_municipality_grouped,3,AGC_009,4.79,B02_C3_Ridge,4.661562686562578
fold_municipality_grouped,3,AGC_010,4.1,B02_C3_Ridge,3.4257173307173026
fold_municipality_grouped,3,AGC_012,4.69,B02_C3_Ridge,3.456522073462379
fold_municipality_grouped,3,AGC_013,4.01,B02_C3_Ridge,3.34753104708738
fold_municipality_grouped,3,AGC_014,4.83,B02_C3_Ridge,3.564081867155493
fold_municipality_grouped,3,AGC_015,2.64,B02_C3_Ridge,3.4242833452263315
fold_municipality_grouped,3,AGC_017,4.98,B02_C3_Ridge,3.4715262391004877
fold_municipality_grouped,3,AGC_018,4.49,B02_C3_Ridge,3.4629988407904477
fold_municipality_grouped,3,AGC_019,3.0,B02_C3_Ridge,2.8507179557809468
fold_municipality_grouped,3,AGC_020,3.5,B02_C3_Ridge,2.7012502726674645
fold_municipality_grouped,3,AGC_021,4.94,B02_C3_Ridge,3.2651706011544133
fold_municipality_grouped,3,AGC_022,4.55,B02_C3_Ridge,3.3935687679036124
fold_municipality_grouped,3,AGC_023,3.0,B02_C3_Ridge,3.5541988943887493
fold_municipality_grouped,3,AGC_024,3.03,B02_C3_Ridge,3.454932543974299
fold_municipality_grouped,3,AGC_026,3.55,B02_C3_Ridge,3.4360900521438564
fold_municipality_grouped,3,AGC_032,4.03,B02_C3_Ridge,3.3749810569909386
fold_municipality_grouped,3,AGC_033,4.47,B02_C3_Ridge,3.3075012326851247
fold_municipality_grouped,3,AGC_034,2.0,B02_C3_Ridge,3.8919956379102527
fold_municipality_grouped,3,AGC_035,4.68,B02_C3_Ridge,3.311000818067324
fold_municipality_grouped,3,AGC_037,3.5,B02_C3_Ridge,3.3379441661435365
fold_municipality_grouped,3,AGC_038,3.3,B02_C3_Ridge,4.062551211405874
fold_municipality_grouped,3,AGC_040,3.0,B02_C3_Ridge,3.355102133559666
fold_municipality_grouped,3,AGC_041,2.5,B02_C3_Ridge,3.837142893763665
fold_municipality_grouped,3,AGC_044,3.5,B02_C3_Ridge,2.900714546387797
fold_municipality_grouped,3,AGC_045,4.1,B02_C3_Ridge,3.477248824004894
fold_municipality_grouped,3,AGC_046,3.0,B02_C3_Ridge,2.6968666498522156
fold_municipality_grouped,3,AGC_047,4.45,B02_C3_Ridge,3.11873890020688
fold_municipality_grouped,3,AGC_048,2.5,B02_C3_Ridge,3.0513317367871515
fold_municipality_grouped,3,AGC_049,5.53,B02_C3_Ridge,3.4464866081962025
fold_municipality_grouped,3,AGC_053,3.5,B02_C3_Ridge,3.5267286516993606
fold_municipality_grouped,3,AGC_054,2.5,B02_C3_Ridge,2.6517692741461576
fold_municipality_grouped,3,AGC_055,5.45,B02_C3_Ridge,3.407068781647779
fold_municipality_grouped,3,AGC_056,5.07,B02_C3_Ridge,3.312330194168223
fold_municipality_grouped,3,AGC_057,4.55,B02_C3_Ridge,3.48050622769939
fold_municipality_grouped,3,AGC_058,2.5,B02_C3_Ridge,3.35403347598075
fold_municipality_grouped,3,AGC_060,4.52,B02_C3_Ridge,3.4977741591477955
fold_municipality_grouped,3,AGC_062,3.81,B02_C3_Ridge,3.278162697884787
fold_municipality_grouped,3,AGC_064,4.51,B02_C3_Ridge,4.4712863573469255
fold_municipality_grouped,3,AGC_066,3.0,B02_C3_Ridge,3.4156152730024845
fold_municipality_grouped,3,AGC_067,3.0,B02_C3_Ridge,3.8375504618376888
fold_municipality_grouped,3,AGC_068,2.5,B02_C3_Ridge,3.260960776064352
fold_municipality_grouped,3,AGC_069,5.46,B02_C3_Ridge,3.5275679881487036
fold_municipality_grouped,3,AGC_070,3.3,B02_C3_Ridge,3.884110853160369
fold_municipality_grouped,3,AGC_072,4.55,B02_C3_Ridge,3.266737476353068
fold_municipality_grouped,3,AGC_073,4.3,B02_C3_Ridge,3.241550701362828
fold_municipality_grouped,3,AGC_074,2.5,B02_C3_Ridge,2.616026692026211
fold_municipality_grouped,3,AGC_077,4.76,B02_C3_Ridge,3.307205206711966
fold_municipality_grouped,3,AGC_078,3.0,B02_C3_Ridge,3.741920002922596
fold_municipality_grouped,3,AGC_079,3.3,B02_C3_Ridge,3.589796690135124
fold_municipality_grouped,3,AGC_080,3.5,B02_C3_Ridge,3.503976228668762
fold_municipality_grouped,3,AGC_081,3.7,B02_C3_Ridge,4.075452278251402
fold_municipality_grouped,3,AGC_083,4.61,B02_C3_Ridge,4.167075822585333
fold_municipality_grouped,3,AGC_089,3.0,B02_C3_Ridge,3.59882473575501
fold_municipality_grouped,3,AGC_090,4.68,B02_C3_Ridge,3.546745679827059
fold_municipality_grouped,3,AGC_092,4.57,B02_C3_Ridge,3.3313488428272424
fold_municipality_grouped,3,AGC_096,4.59,B02_C3_Ridge,3.306316012028609
fold_municipality_grouped,3,AGC_097,4.69,B02_C3_Ridge,3.2879527695164974
fold_municipality_grouped,3,AGC_098,3.0,B02_C3_Ridge,2.6582130199631764
fold_municipality_grouped,3,AGC_099,3.5,B02_C3_Ridge,3.782651891754004
fold_municipality_grouped,3,AGC_100,4.5,B02_C3_Ridge,3.393070578511339
fold_municipality_grouped,3,AGC_101,4.57,B02_C3_Ridge,3.3965685432319543
fold_municipality_grouped,3,AGC_102,4.4,B02_C3_Ridge,3.507127191910851
fold_municipality_grouped,3,AGC_103,3.0,B02_C3_Ridge,2.6302222856851607
fold_municipality_grouped,3,AGC_104,4.56,B02_C3_Ridge,3.405792309025032
fold_municipality_grouped,3,AGC_105,4.41,B02_C3_Ridge,3.471774017996004
fold_municipality_grouped,3,AGC_106,4.43,B02_C3_Ridge,3.4292184506184546
fold_municipality_grouped,3,AGC_108,4.51,B02_C3_Ridge,3.3443282162371983
fold_municipality_grouped,3,AGC_109,4.54,B02_C3_Ridge,3.2576283727728708
fold_municipality_grouped,3,AGC_110,4.18,B02_C3_Ridge,3.438619478505253
fold_municipality_grouped,3,AGC_111,4.72,B02_C3_Ridge,3.3238383973406314
fold_municipality_grouped,3,AGC_112,3.0,B02_C3_Ridge,3.323695186262359
fold_municipality_grouped,3,AGC_114,3.0,B02_C3_Ridge,2.824742150164213
fold_municipality_grouped,3,AGC_115,4.6,B02_C3_Ridge,3.2682621853093847
fold_municipality_grouped,3,AGC_117,3.5,B02_C3_Ridge,3.61855658835579
fold_municipality_grouped,3,AGC_119,4.4,B02_C3_Ridge,4.474515678226492
fold_municipality_grouped,3,AGC_121,3.3,B02_C3_Ridge,3.6208664449705434
fold_municipality_grouped,3,AGC_122,3.5,B02_C3_Ridge,2.235942465322226
fold_municipality_grouped,3,AGC_123,2.5,B02_C3_Ridge,2.5833389659423576
fold_municipality_grouped,3,AGC_124,5.05,B02_C3_Ridge,3.4904112856745697
fold_municipality_grouped,3,AGC_125,4.06,B02_C3_Ridge,3.518927689914322
fold_municipality_grouped,3,AGC_127,5.57,B02_C3_Ridge,3.761082737254285
fold_municipality_grouped,3,AGC_131,4.89,B02_C3_Ridge,3.629327255524042
fold_municipality_grouped,3,AGC_132,4.13,B02_C3_Ridge,3.384687795763554
fold_municipality_grouped,3,AGC_133,3.91,B02_C3_Ridge,3.347635953268627
fold_municipality_grouped,3,AGC_135,4.49,B02_C3_Ridge,3.255811808664455
fold_municipality_grouped,3,AGC_138,2.5,B02_C3_Ridge,3.634000695937952
fold_municipality_grouped,3,AGC_139,4.67,B02_C3_Ridge,3.366059549110152
fold_municipality_grouped,3,AGC_140,3.2,B02_C3_Ridge,3.5835783911521104
fold_municipality_grouped,3,AGC_141,3.5,B02_C3_Ridge,3.2606551601305958
fold_municipality_grouped,3,AGC_144,2.5,B02_C3_Ridge,2.804274273833905
fold_municipality_grouped,3,AGC_145,3.5,B02_C3_Ridge,2.7717037521426757
fold_municipality_grouped,3,AGC_148,3.0,B02_C3_Ridge,3.603212339106741
fold_municipality_grouped,3,AGC_150,4.52,B02_C3_Ridge,3.4973527752121716
fold_municipality_grouped,3,AGC_155,4.52,B02_C3_Ridge,3.471308936773245
fold_municipality_grouped,3,AGC_157,3.0,B02_C3_Ridge,3.2752677487205846
fold_municipality_grouped,3,AGC_159,4.77,B02_C3_Ridge,3.4367530962180513
fold_municipality_grouped,3,AGC_160,3.62,B02_C3_Ridge,3.461415372380088
fold_municipality_grouped,3,AGC_161,4.46,B02_C3_Ridge,3.417355553009004
fold_municipality_grouped,3,AGC_162,5.59,B02_C3_Ridge,3.2690863727013584
fold_municipality_grouped,3,AGC_163,3.0,B02_C3_Ridge,3.1065012671770793
fold_municipality_grouped,3,AGC_164,3.0,B02_C3_Ridge,2.9385786940030445
fold_municipality_grouped,3,AGC_165,4.44,B02_C3_Ridge,3.303766876855296
fold_municipality_grouped,3,AGC_166,2.5,B02_C3_Ridge,3.9737704891043006
fold_municipality_grouped,3,AGC_167,4.54,B02_C3_Ridge,3.434080668715947
fold_municipality_grouped,3,AGC_168,4.49,B02_C3_Ridge,3.5458319793009037
fold_municipality_grouped,3,AGC_169,2.5,B02_C3_Ridge,3.2120889408956974
fold_municipality_grouped,3,AGC_170,3.0,B02_C3_Ridge,3.7893731800290222
fold_municipality_grouped,3,AGC_171,2.15,B02_C3_Ridge,3.4405872858551914
fold_municipality_grouped,3,AGC_172,5.19,B02_C3_Ridge,3.441389610832091
fold_municipality_grouped,3,AGC_176,4.38,B02_C3_Ridge,3.336856664827102
fold_municipality_grouped,3,AGC_178,4.39,B02_C3_Ridge,3.3404303714602146
fold_municipality_grouped,3,AGC_179,4.55,B02_C3_Ridge,3.372220846130901
fold_municipality_grouped,3,AGC_181,4.51,B02_C3_Ridge,3.540690673125318
fold_municipality_grouped,3,AGC_185,5.01,B02_C3_Ridge,3.537693636480971
fold_municipality_grouped,3,AGC_187,3.0,B02_C3_Ridge,3.4856379510330413
fold_municipality_grouped,3,AGC_189,4.03,B02_C3_Ridge,3.396717319696188
fold_municipality_grouped,3,AGC_193,4.57,B02_C3_Ridge,3.375081583193781
fold_municipality_grouped,3,AGC_194,3.2,B02_C3_Ridge,4.162928130292545
fold_municipality_grouped,3,AGC_195,3.68,B02_C3_Ridge,3.3148128434884065
fold_municipality_grouped,3,AGC_196,3.5,B02_C3_Ridge,3.1286571862592067
fold_municipality_grouped,3,AGC_197,4.52,B02_C3_Ridge,3.418165512877954
fold_municipality_grouped,3,AGC_001,3.5,B03_C1_CatBoost,3.2181879108320572
fold_municipality_grouped,3,AGC_002,4.63,B03_C1_CatBoost,3.764169634089342
fold_municipality_grouped,3,AGC_004,3.0,B03_C1_CatBoost,3.474256804063316
fold_municipality_grouped,3,AGC_005,5.16,B03_C1_CatBoost,3.704504233989894
fold_municipality_grouped,3,AGC_006,4.49,B03_C1_CatBoost,3.5515609063974125
fold_municipality_grouped,3,AGC_007,3.5,B03_C1_CatBoost,3.8285800498457867
fold_municipality_grouped,3,AGC_008,4.55,B03_C1_CatBoost,3.8317237119146057
fold_municipality_grouped,3,AGC_009,4.79,B03_C1_CatBoost,4.529514115518737
fold_municipality_grouped,3,AGC_010,4.1,B03_C1_CatBoost,3.7451687808245993
fold_municipality_grouped,3,AGC_012,4.69,B03_C1_CatBoost,3.5368988346295964
fold_municipality_grouped,3,AGC_013,4.01,B03_C1_CatBoost,3.484614324620111
fold_municipality_grouped,3,AGC_014,4.83,B03_C1_CatBoost,3.9021204401062164
fold_municipality_grouped,3,AGC_015,2.64,B03_C1_CatBoost,3.7774245475871453
fold_municipality_grouped,3,AGC_017,4.98,B03_C1_CatBoost,3.881649324423563
fold_municipality_grouped,3,AGC_018,4.49,B03_C1_CatBoost,3.7961442050621486
fold_municipality_grouped,3,AGC_019,3.0,B03_C1_CatBoost,3.2552657741880466
fold_municipality_grouped,3,AGC_020,3.5,B03_C1_CatBoost,3.0766539847429613
fold_municipality_grouped,3,AGC_021,4.94,B03_C1_CatBoost,3.5204778820676665
fold_municipality_grouped,3,AGC_022,4.55,B03_C1_CatBoost,3.7343500780220893
fold_municipality_grouped,3,AGC_023,3.0,B03_C1_CatBoost,3.5018042001156573
fold_municipality_grouped,3,AGC_024,3.03,B03_C1_CatBoost,3.8920208839750217
fold_municipality_grouped,3,AGC_026,3.55,B03_C1_CatBoost,3.649919057929935
fold_municipality_grouped,3,AGC_032,4.03,B03_C1_CatBoost,3.914559220011654
fold_municipality_grouped,3,AGC_033,4.47,B03_C1_CatBoost,3.5959634897523074
fold_municipality_grouped,3,AGC_034,2.0,B03_C1_CatBoost,3.9296919299994535
fold_municipality_grouped,3,AGC_035,4.68,B03_C1_CatBoost,3.600628488632424
fold_municipality_grouped,3,AGC_037,3.5,B03_C1_CatBoost,3.4279330525978366
fold_municipality_grouped,3,AGC_038,3.3,B03_C1_CatBoost,3.9552471547098413
fold_municipality_grouped,3,AGC_040,3.0,B03_C1_CatBoost,3.498637527018218
fold_municipality_grouped,3,AGC_041,2.5,B03_C1_CatBoost,3.9997290660253704
fold_municipality_grouped,3,AGC_044,3.5,B03_C1_CatBoost,3.132302925882186
fold_municipality_grouped,3,AGC_045,4.1,B03_C1_CatBoost,3.7924867268796447
fold_municipality_grouped,3,AGC_046,3.0,B03_C1_CatBoost,3.2812777967899365
fold_municipality_grouped,3,AGC_047,4.45,B03_C1_CatBoost,3.1638068739755454
fold_municipality_grouped,3,AGC_048,2.5,B03_C1_CatBoost,3.293378262980923
fold_municipality_grouped,3,AGC_049,5.53,B03_C1_CatBoost,3.602285900664924
fold_municipality_grouped,3,AGC_053,3.5,B03_C1_CatBoost,3.508892680740246
fold_municipality_grouped,3,AGC_054,2.5,B03_C1_CatBoost,3.0327015884099637
fold_municipality_grouped,3,AGC_055,5.45,B03_C1_CatBoost,3.787285671478969
fold_municipality_grouped,3,AGC_056,5.07,B03_C1_CatBoost,3.607789462423284
fold_municipality_grouped,3,AGC_057,4.55,B03_C1_CatBoost,3.62374294235849
fold_municipality_grouped,3,AGC_058,2.5,B03_C1_CatBoost,3.452065927280273
fold_municipality_grouped,3,AGC_060,4.52,B03_C1_CatBoost,3.8376291431471827
fold_municipality_grouped,3,AGC_062,3.81,B03_C1_CatBoost,3.526262250745731
fold_municipality_grouped,3,AGC_064,4.51,B03_C1_CatBoost,4.468962261408137
fold_municipality_grouped,3,AGC_066,3.0,B03_C1_CatBoost,3.3833040020090266
fold_municipality_grouped,3,AGC_067,3.0,B03_C1_CatBoost,3.672901819049116
fold_municipality_grouped,3,AGC_068,2.5,B03_C1_CatBoost,3.4370309150417597
fold_municipality_grouped,3,AGC_069,5.46,B03_C1_CatBoost,3.7871090932333686
fold_municipality_grouped,3,AGC_070,3.3,B03_C1_CatBoost,4.1233411759245975
fold_municipality_grouped,3,AGC_072,4.55,B03_C1_CatBoost,3.475556542102481
fold_municipality_grouped,3,AGC_073,4.3,B03_C1_CatBoost,3.5106542390435607
fold_municipality_grouped,3,AGC_074,2.5,B03_C1_CatBoost,3.360167675460616
fold_municipality_grouped,3,AGC_077,4.76,B03_C1_CatBoost,3.5766036630180906
fold_municipality_grouped,3,AGC_078,3.0,B03_C1_CatBoost,3.835431988605169
fold_municipality_grouped,3,AGC_079,3.3,B03_C1_CatBoost,4.091382480536627
fold_municipality_grouped,3,AGC_080,3.5,B03_C1_CatBoost,3.6490833459669147
fold_municipality_grouped,3,AGC_081,3.7,B03_C1_CatBoost,4.091236116311848
fold_municipality_grouped,3,AGC_083,4.61,B03_C1_CatBoost,3.9034172885704983
fold_municipality_grouped,3,AGC_089,3.0,B03_C1_CatBoost,3.6185867412312156
fold_municipality_grouped,3,AGC_090,4.68,B03_C1_CatBoost,3.8867715029560372
fold_municipality_grouped,3,AGC_092,4.57,B03_C1_CatBoost,3.559458138763432
fold_municipality_grouped,3,AGC_096,4.59,B03_C1_CatBoost,3.6191608681151592
fold_municipality_grouped,3,AGC_097,4.69,B03_C1_CatBoost,3.504185023836385
fold_municipality_grouped,3,AGC_098,3.0,B03_C1_CatBoost,3.0369277697170673
fold_municipality_grouped,3,AGC_099,3.5,B03_C1_CatBoost,3.407546805427046
fold_municipality_grouped,3,AGC_100,4.5,B03_C1_CatBoost,3.641054839689332
fold_municipality_grouped,3,AGC_101,4.57,B03_C1_CatBoost,3.698231651558615
fold_municipality_grouped,3,AGC_102,4.4,B03_C1_CatBoost,3.670947892209824
fold_municipality_grouped,3,AGC_103,3.0,B03_C1_CatBoost,3.2873171268829537
fold_municipality_grouped,3,AGC_104,4.56,B03_C1_CatBoost,3.859527679318205
fold_municipality_grouped,3,AGC_105,4.41,B03_C1_CatBoost,3.871671536109318
fold_municipality_grouped,3,AGC_106,4.43,B03_C1_CatBoost,3.75423805429881
fold_municipality_grouped,3,AGC_108,4.51,B03_C1_CatBoost,3.5492839803342804
fold_municipality_grouped,3,AGC_109,4.54,B03_C1_CatBoost,3.4983750422915136
fold_municipality_grouped,3,AGC_110,4.18,B03_C1_CatBoost,3.6844515126497868
fold_municipality_grouped,3,AGC_111,4.72,B03_C1_CatBoost,3.4879422299592306
fold_municipality_grouped,3,AGC_112,3.0,B03_C1_CatBoost,3.4270795313907456
fold_municipality_grouped,3,AGC_114,3.0,B03_C1_CatBoost,3.2705805102013983
fold_municipality_grouped,3,AGC_115,4.6,B03_C1_CatBoost,3.557474003227412
fold_municipality_grouped,3,AGC_117,3.5,B03_C1_CatBoost,3.5775945015557227
fold_municipality_grouped,3,AGC_119,4.4,B03_C1_CatBoost,4.581965391754807
fold_municipality_grouped,3,AGC_121,3.3,B03_C1_CatBoost,3.786088663456244
fold_municipality_grouped,3,AGC_122,3.5,B03_C1_CatBoost,3.182143459789586
fold_municipality_grouped,3,AGC_123,2.5,B03_C1_CatBoost,2.9799709740073013
fold_municipality_grouped,3,AGC_124,5.05,B03_C1_CatBoost,3.741027198633276
fold_municipality_grouped,3,AGC_125,4.06,B03_C1_CatBoost,3.744195983895395
fold_municipality_grouped,3,AGC_127,5.57,B03_C1_CatBoost,3.7760420919970556
fold_municipality_grouped,3,AGC_131,4.89,B03_C1_CatBoost,3.7061214922228487
fold_municipality_grouped,3,AGC_132,4.13,B03_C1_CatBoost,3.5621993176965816
fold_municipality_grouped,3,AGC_133,3.91,B03_C1_CatBoost,3.5124136019218213
fold_municipality_grouped,3,AGC_135,4.49,B03_C1_CatBoost,3.4707376866236928
fold_municipality_grouped,3,AGC_138,2.5,B03_C1_CatBoost,3.500585813228554
fold_municipality_grouped,3,AGC_139,4.67,B03_C1_CatBoost,3.624546291213278
fold_municipality_grouped,3,AGC_140,3.2,B03_C1_CatBoost,3.778837950897387
fold_municipality_grouped,3,AGC_141,3.5,B03_C1_CatBoost,3.3617236587897423
fold_municipality_grouped,3,AGC_144,2.5,B03_C1_CatBoost,3.1544745444805358
fold_municipality_grouped,3,AGC_145,3.5,B03_C1_CatBoost,3.113796381635211
fold_municipality_grouped,3,AGC_148,3.0,B03_C1_CatBoost,3.6176347893460026
fold_municipality_grouped,3,AGC_150,4.52,B03_C1_CatBoost,3.8415853728664047
fold_municipality_grouped,3,AGC_155,4.52,B03_C1_CatBoost,3.4789783234149354
fold_municipality_grouped,3,AGC_157,3.0,B03_C1_CatBoost,3.385195960726378
fold_municipality_grouped,3,AGC_159,4.77,B03_C1_CatBoost,3.7992739745382664
fold_municipality_grouped,3,AGC_160,3.62,B03_C1_CatBoost,3.6054731023945124
fold_municipality_grouped,3,AGC_161,4.46,B03_C1_CatBoost,3.640177611532522
fold_municipality_grouped,3,AGC_162,5.59,B03_C1_CatBoost,3.456391356962854
fold_municipality_grouped,3,AGC_163,3.0,B03_C1_CatBoost,3.4097910592345215
fold_municipality_grouped,3,AGC_164,3.0,B03_C1_CatBoost,2.8624611781873455
fold_municipality_grouped,3,AGC_165,4.44,B03_C1_CatBoost,3.6066812049517694
fold_municipality_grouped,3,AGC_166,2.5,B03_C1_CatBoost,4.118242246883174
fold_municipality_grouped,3,AGC_167,4.54,B03_C1_CatBoost,3.8204062590571652
fold_municipality_grouped,3,AGC_168,4.49,B03_C1_CatBoost,3.7827650422273678
fold_municipality_grouped,3,AGC_169,2.5,B03_C1_CatBoost,3.619184060943553
fold_municipality_grouped,3,AGC_170,3.0,B03_C1_CatBoost,3.3597410948782453
fold_municipality_grouped,3,AGC_171,2.15,B03_C1_CatBoost,3.9347625135256408
fold_municipality_grouped,3,AGC_172,5.19,B03_C1_CatBoost,3.588506266779973
fold_municipality_grouped,3,AGC_176,4.38,B03_C1_CatBoost,3.736287844042238
fold_municipality_grouped,3,AGC_178,4.39,B03_C1_CatBoost,3.6529003114761167
fold_municipality_grouped,3,AGC_179,4.55,B03_C1_CatBoost,3.588805118854964
fold_municipality_grouped,3,AGC_181,4.51,B03_C1_CatBoost,4.042467113904934
fold_municipality_grouped,3,AGC_185,5.01,B03_C1_CatBoost,3.592782822354195
fold_municipality_grouped,3,AGC_187,3.0,B03_C1_CatBoost,3.499779653116775
fold_municipality_grouped,3,AGC_189,4.03,B03_C1_CatBoost,3.725931632622917
fold_municipality_grouped,3,AGC_193,4.57,B03_C1_CatBoost,3.808910992902895
fold_municipality_grouped,3,AGC_194,3.2,B03_C1_CatBoost,4.120089449588054
fold_municipality_grouped,3,AGC_195,3.68,B03_C1_CatBoost,3.5294148819743896
fold_municipality_grouped,3,AGC_196,3.5,B03_C1_CatBoost,3.133565625405595
fold_municipality_grouped,3,AGC_197,4.52,B03_C1_CatBoost,3.578934210682519
fold_municipality_grouped,3,AGC_001,3.5,B04_C0_Ridge,2.8140590527817717
fold_municipality_grouped,3,AGC_002,4.63,B04_C0_Ridge,3.391659281307263
fold_municipality_grouped,3,AGC_004,3.0,B04_C0_Ridge,3.52395658603888
fold_municipality_grouped,3,AGC_005,5.16,B04_C0_Ridge,3.4461654603924843
fold_municipality_grouped,3,AGC_006,4.49,B04_C0_Ridge,3.257540190311388
fold_municipality_grouped,3,AGC_007,3.5,B04_C0_Ridge,3.554384354641834
fold_municipality_grouped,3,AGC_008,4.55,B04_C0_Ridge,3.3107369357960876
fold_municipality_grouped,3,AGC_009,4.79,B04_C0_Ridge,4.705692219819424
fold_municipality_grouped,3,AGC_010,4.1,B04_C0_Ridge,3.351360962852103
fold_municipality_grouped,3,AGC_012,4.69,B04_C0_Ridge,3.3788522742010443
fold_municipality_grouped,3,AGC_013,4.01,B04_C0_Ridge,3.2651170677200745
fold_municipality_grouped,3,AGC_014,4.83,B04_C0_Ridge,3.4482431631533763
fold_municipality_grouped,3,AGC_015,2.64,B04_C0_Ridge,3.360094738421878
fold_municipality_grouped,3,AGC_017,4.98,B04_C0_Ridge,3.4035505863266575
fold_municipality_grouped,3,AGC_018,4.49,B04_C0_Ridge,3.376611927146997
fold_municipality_grouped,3,AGC_019,3.0,B04_C0_Ridge,2.9867360050378333
fold_municipality_grouped,3,AGC_020,3.5,B04_C0_Ridge,2.78037689695509
fold_municipality_grouped,3,AGC_021,4.94,B04_C0_Ridge,3.2191039753803943
fold_municipality_grouped,3,AGC_022,4.55,B04_C0_Ridge,3.359871060050016
fold_municipality_grouped,3,AGC_023,3.0,B04_C0_Ridge,3.663140974037541
fold_municipality_grouped,3,AGC_024,3.03,B04_C0_Ridge,3.3759793228612294
fold_municipality_grouped,3,AGC_026,3.55,B04_C0_Ridge,3.3601283195713236
fold_municipality_grouped,3,AGC_032,4.03,B04_C0_Ridge,3.3097007712547644
fold_municipality_grouped,3,AGC_033,4.47,B04_C0_Ridge,3.265943542252105
fold_municipality_grouped,3,AGC_034,2.0,B04_C0_Ridge,3.9047573564366242
fold_municipality_grouped,3,AGC_035,4.68,B04_C0_Ridge,3.442836590365354
fold_municipality_grouped,3,AGC_037,3.5,B04_C0_Ridge,3.469549678109211
fold_municipality_grouped,3,AGC_038,3.3,B04_C0_Ridge,4.090964814859998
fold_municipality_grouped,3,AGC_040,3.0,B04_C0_Ridge,3.441393343099885
fold_municipality_grouped,3,AGC_041,2.5,B04_C0_Ridge,3.8738268544786556
fold_municipality_grouped,3,AGC_044,3.5,B04_C0_Ridge,2.9800542045911893
fold_municipality_grouped,3,AGC_045,4.1,B04_C0_Ridge,3.4007360101231923
fold_municipality_grouped,3,AGC_046,3.0,B04_C0_Ridge,2.8629715020533624
fold_municipality_grouped,3,AGC_047,4.45,B04_C0_Ridge,3.2913739358518193
fold_municipality_grouped,3,AGC_048,2.5,B04_C0_Ridge,3.120093660688022
fold_municipality_grouped,3,AGC_049,5.53,B04_C0_Ridge,3.381882889962444
fold_municipality_grouped,3,AGC_053,3.5,B04_C0_Ridge,3.6970618044614647
fold_municipality_grouped,3,AGC_054,2.5,B04_C0_Ridge,2.927912723682713
fold_municipality_grouped,3,AGC_055,5.45,B04_C0_Ridge,3.3522778612316104
fold_municipality_grouped,3,AGC_056,5.07,B04_C0_Ridge,3.2700222146311644
fold_municipality_grouped,3,AGC_057,4.55,B04_C0_Ridge,3.4292899486845334
fold_municipality_grouped,3,AGC_058,2.5,B04_C0_Ridge,3.4941228916705294
fold_municipality_grouped,3,AGC_060,4.52,B04_C0_Ridge,3.4570821466334367
fold_municipality_grouped,3,AGC_062,3.81,B04_C0_Ridge,3.263300304219824
fold_municipality_grouped,3,AGC_064,4.51,B04_C0_Ridge,4.578749507928416
fold_municipality_grouped,3,AGC_066,3.0,B04_C0_Ridge,3.481990291896426
fold_municipality_grouped,3,AGC_067,3.0,B04_C0_Ridge,3.8585189428679643
fold_municipality_grouped,3,AGC_068,2.5,B04_C0_Ridge,3.392121848610834
fold_municipality_grouped,3,AGC_069,5.46,B04_C0_Ridge,3.4460614628278363
fold_municipality_grouped,3,AGC_070,3.3,B04_C0_Ridge,3.920991385472747
fold_municipality_grouped,3,AGC_072,4.55,B04_C0_Ridge,3.1867986365029166
fold_municipality_grouped,3,AGC_073,4.3,B04_C0_Ridge,3.2428539516663295
fold_municipality_grouped,3,AGC_074,2.5,B04_C0_Ridge,2.923317021126011
fold_municipality_grouped,3,AGC_077,4.76,B04_C0_Ridge,3.276784189336195
fold_municipality_grouped,3,AGC_078,3.0,B04_C0_Ridge,3.7355130611018246
fold_municipality_grouped,3,AGC_079,3.3,B04_C0_Ridge,3.618351810695923
fold_municipality_grouped,3,AGC_080,3.5,B04_C0_Ridge,3.5642084077546485
fold_municipality_grouped,3,AGC_081,3.7,B04_C0_Ridge,4.109691520894729
fold_municipality_grouped,3,AGC_083,4.61,B04_C0_Ridge,4.235404053332638
fold_municipality_grouped,3,AGC_089,3.0,B04_C0_Ridge,3.602226077241383
fold_municipality_grouped,3,AGC_090,4.68,B04_C0_Ridge,3.492267274475408
fold_municipality_grouped,3,AGC_092,4.57,B04_C0_Ridge,3.281782681651172
fold_municipality_grouped,3,AGC_096,4.59,B04_C0_Ridge,3.2901918256848663
fold_municipality_grouped,3,AGC_097,4.69,B04_C0_Ridge,3.2566102617363373
fold_municipality_grouped,3,AGC_098,3.0,B04_C0_Ridge,3.1207892546446523
fold_municipality_grouped,3,AGC_099,3.5,B04_C0_Ridge,3.927485444804724
fold_municipality_grouped,3,AGC_100,4.5,B04_C0_Ridge,3.326913383638906
fold_municipality_grouped,3,AGC_101,4.57,B04_C0_Ridge,3.3711428727335946
fold_municipality_grouped,3,AGC_102,4.4,B04_C0_Ridge,3.485219252698816
fold_municipality_grouped,3,AGC_103,3.0,B04_C0_Ridge,2.794286055873975
fold_municipality_grouped,3,AGC_104,4.56,B04_C0_Ridge,3.343596566585878
fold_municipality_grouped,3,AGC_105,4.41,B04_C0_Ridge,3.3702591530957307
fold_municipality_grouped,3,AGC_106,4.43,B04_C0_Ridge,3.3689496006740742
fold_municipality_grouped,3,AGC_108,4.51,B04_C0_Ridge,3.3110179239890916
fold_municipality_grouped,3,AGC_109,4.54,B04_C0_Ridge,3.2276545758422883
fold_municipality_grouped,3,AGC_110,4.18,B04_C0_Ridge,3.376562822950505
fold_municipality_grouped,3,AGC_111,4.72,B04_C0_Ridge,3.283865149713325
fold_municipality_grouped,3,AGC_112,3.0,B04_C0_Ridge,3.4199671551395268
fold_municipality_grouped,3,AGC_114,3.0,B04_C0_Ridge,3.058714807854804
fold_municipality_grouped,3,AGC_115,4.6,B04_C0_Ridge,3.246857338166572
fold_municipality_grouped,3,AGC_117,3.5,B04_C0_Ridge,3.8091528343828136
fold_municipality_grouped,3,AGC_119,4.4,B04_C0_Ridge,4.561945694067983
fold_municipality_grouped,3,AGC_121,3.3,B04_C0_Ridge,3.662224575136078
fold_municipality_grouped,3,AGC_122,3.5,B04_C0_Ridge,2.5902176669711916
fold_municipality_grouped,3,AGC_123,2.5,B04_C0_Ridge,2.84503501582778
fold_municipality_grouped,3,AGC_124,5.05,B04_C0_Ridge,3.424567372940093
fold_municipality_grouped,3,AGC_125,4.06,B04_C0_Ridge,3.4217303669467536
fold_municipality_grouped,3,AGC_127,5.57,B04_C0_Ridge,3.689040489975205
fold_municipality_grouped,3,AGC_131,4.89,B04_C0_Ridge,3.57836200568578
fold_municipality_grouped,3,AGC_132,4.13,B04_C0_Ridge,3.325060181236932
fold_municipality_grouped,3,AGC_133,3.91,B04_C0_Ridge,3.2821210089257056
fold_municipality_grouped,3,AGC_135,4.49,B04_C0_Ridge,3.2213224592504397
fold_municipality_grouped,3,AGC_138,2.5,B04_C0_Ridge,3.7586301631449945
fold_municipality_grouped,3,AGC_139,4.67,B04_C0_Ridge,3.3350541237223172
fold_municipality_grouped,3,AGC_140,3.2,B04_C0_Ridge,3.631680033037363
fold_municipality_grouped,3,AGC_141,3.5,B04_C0_Ridge,3.5011326847776427
fold_municipality_grouped,3,AGC_144,2.5,B04_C0_Ridge,3.0299484596768558
fold_municipality_grouped,3,AGC_145,3.5,B04_C0_Ridge,3.0675900731461674
fold_municipality_grouped,3,AGC_148,3.0,B04_C0_Ridge,3.587311184317733
fold_municipality_grouped,3,AGC_150,4.52,B04_C0_Ridge,3.4330038751837124
fold_municipality_grouped,3,AGC_155,4.52,B04_C0_Ridge,3.4254077656592914
fold_municipality_grouped,3,AGC_157,3.0,B04_C0_Ridge,3.5309558794545377
fold_municipality_grouped,3,AGC_159,4.77,B04_C0_Ridge,3.3602470285183124
fold_municipality_grouped,3,AGC_160,3.62,B04_C0_Ridge,3.415447780871142
fold_municipality_grouped,3,AGC_161,4.46,B04_C0_Ridge,3.3399344772490003
fold_municipality_grouped,3,AGC_162,5.59,B04_C0_Ridge,3.2662147291461223
fold_municipality_grouped,3,AGC_163,3.0,B04_C0_Ridge,3.3366254848833923
fold_municipality_grouped,3,AGC_164,3.0,B04_C0_Ridge,3.038273263423379
fold_municipality_grouped,3,AGC_165,4.44,B04_C0_Ridge,3.2601732003190955
fold_municipality_grouped,3,AGC_166,2.5,B04_C0_Ridge,4.018185525793449
fold_municipality_grouped,3,AGC_167,4.54,B04_C0_Ridge,3.35767657032672
fold_municipality_grouped,3,AGC_168,4.49,B04_C0_Ridge,3.484618072871496
fold_municipality_grouped,3,AGC_169,2.5,B04_C0_Ridge,3.3008069046678057
fold_municipality_grouped,3,AGC_170,3.0,B04_C0_Ridge,3.8632513558990222
fold_municipality_grouped,3,AGC_171,2.15,B04_C0_Ridge,3.392989527901427
fold_municipality_grouped,3,AGC_172,5.19,B04_C0_Ridge,3.383684795841199
fold_municipality_grouped,3,AGC_176,4.38,B04_C0_Ridge,3.295663710635579
fold_municipality_grouped,3,AGC_178,4.39,B04_C0_Ridge,3.322497189121306
fold_municipality_grouped,3,AGC_179,4.55,B04_C0_Ridge,3.3240727899575235
fold_municipality_grouped,3,AGC_181,4.51,B04_C0_Ridge,3.4834696775362204
fold_municipality_grouped,3,AGC_185,5.01,B04_C0_Ridge,3.509821294906206
fold_municipality_grouped,3,AGC_187,3.0,B04_C0_Ridge,3.5526740558730996
fold_municipality_grouped,3,AGC_189,4.03,B04_C0_Ridge,3.359273270845459
fold_municipality_grouped,3,AGC_193,4.57,B04_C0_Ridge,3.3275011165170576
fold_municipality_grouped,3,AGC_194,3.2,B04_C0_Ridge,4.219996971878323
fold_municipality_grouped,3,AGC_195,3.68,B04_C0_Ridge,3.265738358889968
fold_municipality_grouped,3,AGC_196,3.5,B04_C0_Ridge,3.195273638013275
fold_municipality_grouped,3,AGC_197,4.52,B04_C0_Ridge,3.4087404443714804
fold_municipality_grouped,3,AGC_001,3.5,B05_C3_PLS,2.0651663402347227
fold_municipality_grouped,3,AGC_002,4.63,B05_C3_PLS,4.025892584399708
fold_municipality_grouped,3,AGC_004,3.0,B05_C3_PLS,3.084943409331713
fold_municipality_grouped,3,AGC_005,5.16,B05_C3_PLS,4.304065204541703
fold_municipality_grouped,3,AGC_006,4.49,B05_C3_PLS,3.44217094807042
fold_municipality_grouped,3,AGC_007,3.5,B05_C3_PLS,3.5259091903412743
fold_municipality_grouped,3,AGC_008,4.55,B05_C3_PLS,3.7184368922604287
fold_municipality_grouped,3,AGC_009,4.79,B05_C3_PLS,4.547194252512415
fold_municipality_grouped,3,AGC_010,4.1,B05_C3_PLS,3.8004383427825212
fold_municipality_grouped,3,AGC_012,4.69,B05_C3_PLS,3.7357860479904397
fold_municipality_grouped,3,AGC_013,4.01,B05_C3_PLS,3.482267063594861
fold_municipality_grouped,3,AGC_014,4.83,B05_C3_PLS,4.261339711563485
fold_municipality_grouped,3,AGC_015,2.64,B05_C3_PLS,3.820360642092908
fold_municipality_grouped,3,AGC_017,4.98,B05_C3_PLS,3.9306620000445074
fold_municipality_grouped,3,AGC_018,4.49,B05_C3_PLS,4.088715073220364
fold_municipality_grouped,3,AGC_019,3.0,B05_C3_PLS,2.7171865761414713
fold_municipality_grouped,3,AGC_020,3.5,B05_C3_PLS,2.7781987450972014
fold_municipality_grouped,3,AGC_021,4.94,B05_C3_PLS,3.3562764081019383
fold_municipality_grouped,3,AGC_022,4.55,B05_C3_PLS,3.8005210890946493
fold_municipality_grouped,3,AGC_023,3.0,B05_C3_PLS,3.5100257161931543
fold_municipality_grouped,3,AGC_024,3.03,B05_C3_PLS,3.940150164907745
fold_municipality_grouped,3,AGC_026,3.55,B05_C3_PLS,3.8733108300631236
fold_municipality_grouped,3,AGC_032,4.03,B05_C3_PLS,3.700748334580736
fold_municipality_grouped,3,AGC_033,4.47,B05_C3_PLS,3.3047088693004496
fold_municipality_grouped,3,AGC_034,2.0,B05_C3_PLS,3.7962019124031077
fold_municipality_grouped,3,AGC_035,4.68,B05_C3_PLS,3.8446936225034785
fold_municipality_grouped,3,AGC_037,3.5,B05_C3_PLS,3.138622550515691
fold_municipality_grouped,3,AGC_038,3.3,B05_C3_PLS,3.816826670413125
fold_municipality_grouped,3,AGC_040,3.0,B05_C3_PLS,2.990502084871332
fold_municipality_grouped,3,AGC_041,2.5,B05_C3_PLS,3.838083663203606
fold_municipality_grouped,3,AGC_044,3.5,B05_C3_PLS,2.871292397375764
fold_municipality_grouped,3,AGC_045,4.1,B05_C3_PLS,4.079410188706486
fold_municipality_grouped,3,AGC_046,3.0,B05_C3_PLS,2.57359605500864
fold_municipality_grouped,3,AGC_047,4.45,B05_C3_PLS,3.5142912499240526
fold_municipality_grouped,3,AGC_048,2.5,B05_C3_PLS,3.1512916187410367
fold_municipality_grouped,3,AGC_049,5.53,B05_C3_PLS,3.7767119655032237
fold_municipality_grouped,3,AGC_053,3.5,B05_C3_PLS,3.276476338436213
fold_municipality_grouped,3,AGC_054,2.5,B05_C3_PLS,2.459986769835915
fold_municipality_grouped,3,AGC_055,5.45,B05_C3_PLS,3.7665201729415148
fold_municipality_grouped,3,AGC_056,5.07,B05_C3_PLS,3.4754073159858727
fold_municipality_grouped,3,AGC_057,4.55,B05_C3_PLS,3.782735688193196
fold_municipality_grouped,3,AGC_058,2.5,B05_C3_PLS,3.2288763445059105
fold_municipality_grouped,3,AGC_060,4.52,B05_C3_PLS,3.872641687884241
fold_municipality_grouped,3,AGC_062,3.81,B05_C3_PLS,3.397126482110379
fold_municipality_grouped,3,AGC_064,4.51,B05_C3_PLS,4.5820566379375185
fold_municipality_grouped,3,AGC_066,3.0,B05_C3_PLS,3.23840052891378
fold_municipality_grouped,3,AGC_067,3.0,B05_C3_PLS,3.836141990627182
fold_municipality_grouped,3,AGC_068,2.5,B05_C3_PLS,2.993991920559136
fold_municipality_grouped,3,AGC_069,5.46,B05_C3_PLS,4.216331225683376
fold_municipality_grouped,3,AGC_070,3.3,B05_C3_PLS,3.8728062375228096
fold_municipality_grouped,3,AGC_072,4.55,B05_C3_PLS,3.3061322630029193
fold_municipality_grouped,3,AGC_073,4.3,B05_C3_PLS,3.251297818941151
fold_municipality_grouped,3,AGC_074,2.5,B05_C3_PLS,2.3802624461069697
fold_municipality_grouped,3,AGC_077,4.76,B05_C3_PLS,3.428856757696868
fold_municipality_grouped,3,AGC_078,3.0,B05_C3_PLS,3.504556611370835
fold_municipality_grouped,3,AGC_079,3.3,B05_C3_PLS,3.5594339007957188
fold_municipality_grouped,3,AGC_080,3.5,B05_C3_PLS,3.52288569304346
fold_municipality_grouped,3,AGC_081,3.7,B05_C3_PLS,4.079125019059115
fold_municipality_grouped,3,AGC_083,4.61,B05_C3_PLS,4.177833796687313
fold_municipality_grouped,3,AGC_089,3.0,B05_C3_PLS,3.4867745907981655
fold_municipality_grouped,3,AGC_090,4.68,B05_C3_PLS,4.178191598757842
fold_municipality_grouped,3,AGC_092,4.57,B05_C3_PLS,3.5542957185964936
fold_municipality_grouped,3,AGC_096,4.59,B05_C3_PLS,3.497203556085686
fold_municipality_grouped,3,AGC_097,4.69,B05_C3_PLS,3.409355984605498
fold_municipality_grouped,3,AGC_098,3.0,B05_C3_PLS,2.2329667282457955
fold_municipality_grouped,3,AGC_099,3.5,B05_C3_PLS,3.480550686733032
fold_municipality_grouped,3,AGC_100,4.5,B05_C3_PLS,3.8272555277658347
fold_municipality_grouped,3,AGC_101,4.57,B05_C3_PLS,3.7962873878502945
fold_municipality_grouped,3,AGC_102,4.4,B05_C3_PLS,4.110569932563467
fold_municipality_grouped,3,AGC_103,3.0,B05_C3_PLS,2.5318873402207593
fold_municipality_grouped,3,AGC_104,4.56,B05_C3_PLS,3.8235367975202874
fold_municipality_grouped,3,AGC_105,4.41,B05_C3_PLS,4.082730809107271
fold_municipality_grouped,3,AGC_106,4.43,B05_C3_PLS,3.84694954939789
fold_municipality_grouped,3,AGC_108,4.51,B05_C3_PLS,3.5472902963426227
fold_municipality_grouped,3,AGC_109,4.54,B05_C3_PLS,3.3271661680931435
fold_municipality_grouped,3,AGC_110,4.18,B05_C3_PLS,3.9016880992491907
fold_municipality_grouped,3,AGC_111,4.72,B05_C3_PLS,3.441912899984384
fold_municipality_grouped,3,AGC_112,3.0,B05_C3_PLS,3.0208536619764237
fold_municipality_grouped,3,AGC_114,3.0,B05_C3_PLS,2.699018067123542
fold_municipality_grouped,3,AGC_115,4.6,B05_C3_PLS,3.3380762203402257
fold_municipality_grouped,3,AGC_117,3.5,B05_C3_PLS,3.3599489781383154
fold_municipality_grouped,3,AGC_119,4.4,B05_C3_PLS,4.651275143952035
fold_municipality_grouped,3,AGC_121,3.3,B05_C3_PLS,3.4674672260550894
fold_municipality_grouped,3,AGC_122,3.5,B05_C3_PLS,1.9108251435807349
fold_municipality_grouped,3,AGC_123,2.5,B05_C3_PLS,2.3358077789011316
fold_municipality_grouped,3,AGC_124,5.05,B05_C3_PLS,3.892283085426774
fold_municipality_grouped,3,AGC_125,4.06,B05_C3_PLS,4.128140713734107
fold_municipality_grouped,3,AGC_127,5.57,B05_C3_PLS,4.502136168252937
fold_municipality_grouped,3,AGC_131,4.89,B05_C3_PLS,4.553492327394487
fold_municipality_grouped,3,AGC_132,4.13,B05_C3_PLS,3.5083776885927263
fold_municipality_grouped,3,AGC_133,3.91,B05_C3_PLS,3.4588776707288305
fold_municipality_grouped,3,AGC_135,4.49,B05_C3_PLS,3.2534975232471695
fold_municipality_grouped,3,AGC_138,2.5,B05_C3_PLS,3.477955619747413
fold_municipality_grouped,3,AGC_139,4.67,B05_C3_PLS,3.6104017218984614
fold_municipality_grouped,3,AGC_140,3.2,B05_C3_PLS,3.5155396578797746
fold_municipality_grouped,3,AGC_141,3.5,B05_C3_PLS,2.9270395360167476
fold_municipality_grouped,3,AGC_144,2.5,B05_C3_PLS,2.6873103721312663
fold_municipality_grouped,3,AGC_145,3.5,B05_C3_PLS,2.6501734173074634
fold_municipality_grouped,3,AGC_148,3.0,B05_C3_PLS,3.2938235129899756
fold_municipality_grouped,3,AGC_150,4.52,B05_C3_PLS,4.104652111030038
fold_municipality_grouped,3,AGC_155,4.52,B05_C3_PLS,3.9301328246938536
fold_municipality_grouped,3,AGC_157,3.0,B05_C3_PLS,2.810909063332251
fold_municipality_grouped,3,AGC_159,4.77,B05_C3_PLS,3.854363660778568
fold_municipality_grouped,3,AGC_160,3.62,B05_C3_PLS,3.7744612089482716
fold_municipality_grouped,3,AGC_161,4.46,B05_C3_PLS,3.713741438592182
fold_municipality_grouped,3,AGC_162,5.59,B05_C3_PLS,3.2537535061634144
fold_municipality_grouped,3,AGC_163,3.0,B05_C3_PLS,2.7295924960672187
fold_municipality_grouped,3,AGC_164,3.0,B05_C3_PLS,3.037134133738956
fold_municipality_grouped,3,AGC_165,4.44,B05_C3_PLS,3.3758745352166497
fold_municipality_grouped,3,AGC_166,2.5,B05_C3_PLS,3.8696741012376292
fold_municipality_grouped,3,AGC_167,4.54,B05_C3_PLS,3.7916419149131215
fold_municipality_grouped,3,AGC_168,4.49,B05_C3_PLS,4.180312011799411
fold_municipality_grouped,3,AGC_169,2.5,B05_C3_PLS,2.8173026453149426
fold_municipality_grouped,3,AGC_170,3.0,B05_C3_PLS,3.590847730101412
fold_municipality_grouped,3,AGC_171,2.15,B05_C3_PLS,3.9063957891824588
fold_municipality_grouped,3,AGC_172,5.19,B05_C3_PLS,3.6624332391007366
fold_municipality_grouped,3,AGC_176,4.38,B05_C3_PLS,3.449692572561583
fold_municipality_grouped,3,AGC_178,4.39,B05_C3_PLS,3.6326296438551875
fold_municipality_grouped,3,AGC_179,4.55,B05_C3_PLS,3.541796940209658
fold_municipality_grouped,3,AGC_181,4.51,B05_C3_PLS,4.092488994311825
fold_municipality_grouped,3,AGC_185,5.01,B05_C3_PLS,4.172057084516118
fold_municipality_grouped,3,AGC_187,3.0,B05_C3_PLS,3.3556293299873894
fold_municipality_grouped,3,AGC_189,4.03,B05_C3_PLS,3.7443595393231144
fold_municipality_grouped,3,AGC_193,4.57,B05_C3_PLS,3.7606270422358765
fold_municipality_grouped,3,AGC_194,3.2,B05_C3_PLS,4.015795383629415
fold_municipality_grouped,3,AGC_195,3.68,B05_C3_PLS,3.5559059857897712
fold_municipality_grouped,3,AGC_196,3.5,B05_C3_PLS,3.1519203585396243
fold_municipality_grouped,3,AGC_197,4.52,B05_C3_PLS,3.835102368571814
fold_municipality_grouped,3,AGC_001,3.5,B06_C2_PLS,2.8767043243290193
fold_municipality_grouped,3,AGC_002,4.63,B06_C2_PLS,3.9309944814203237
fold_municipality_grouped,3,AGC_004,3.0,B06_C2_PLS,3.576636699321081
fold_municipality_grouped,3,AGC_005,5.16,B06_C2_PLS,4.334430678286791
fold_municipality_grouped,3,AGC_006,4.49,B06_C2_PLS,3.407486147176598
fold_municipality_grouped,3,AGC_007,3.5,B06_C2_PLS,3.3478137557025436
fold_municipality_grouped,3,AGC_008,4.55,B06_C2_PLS,3.688246322490293
fold_municipality_grouped,3,AGC_009,4.79,B06_C2_PLS,4.684968331105236
fold_municipality_grouped,3,AGC_010,4.1,B06_C2_PLS,3.7017510184290576
fold_municipality_grouped,3,AGC_012,4.69,B06_C2_PLS,3.727948092303315
fold_municipality_grouped,3,AGC_013,4.01,B06_C2_PLS,3.471935212504253
fold_municipality_grouped,3,AGC_014,4.83,B06_C2_PLS,4.236097414183656
fold_municipality_grouped,3,AGC_015,2.64,B06_C2_PLS,3.79220380649313
fold_municipality_grouped,3,AGC_017,4.98,B06_C2_PLS,3.8622240407884316
fold_municipality_grouped,3,AGC_018,4.49,B06_C2_PLS,4.029765588347308
fold_municipality_grouped,3,AGC_019,3.0,B06_C2_PLS,3.051641371900292
fold_municipality_grouped,3,AGC_020,3.5,B06_C2_PLS,2.555019277759178
fold_municipality_grouped,3,AGC_021,4.94,B06_C2_PLS,3.322587138096012
fold_municipality_grouped,3,AGC_022,4.55,B06_C2_PLS,3.736283526483515
fold_municipality_grouped,3,AGC_023,3.0,B06_C2_PLS,3.844056102668107
fold_municipality_grouped,3,AGC_024,3.03,B06_C2_PLS,3.9731321173472045
fold_municipality_grouped,3,AGC_026,3.55,B06_C2_PLS,3.8666721934898227
fold_municipality_grouped,3,AGC_032,4.03,B06_C2_PLS,3.6741437507569583
fold_municipality_grouped,3,AGC_033,4.47,B06_C2_PLS,3.252237789353897
fold_municipality_grouped,3,AGC_034,2.0,B06_C2_PLS,3.9874507050208385
fold_municipality_grouped,3,AGC_035,4.68,B06_C2_PLS,2.739137538798537
fold_municipality_grouped,3,AGC_037,3.5,B06_C2_PLS,3.7202181941877948
fold_municipality_grouped,3,AGC_038,3.3,B06_C2_PLS,4.095682391736861
fold_municipality_grouped,3,AGC_040,3.0,B06_C2_PLS,3.692134422434017
fold_municipality_grouped,3,AGC_041,2.5,B06_C2_PLS,3.644967272023672
fold_municipality_grouped,3,AGC_044,3.5,B06_C2_PLS,3.0479811261733425
fold_municipality_grouped,3,AGC_045,4.1,B06_C2_PLS,4.027699382693918
fold_municipality_grouped,3,AGC_046,3.0,B06_C2_PLS,3.075608782786928
fold_municipality_grouped,3,AGC_047,4.45,B06_C2_PLS,2.4934494008411083
fold_municipality_grouped,3,AGC_048,2.5,B06_C2_PLS,2.7604649541594766
fold_municipality_grouped,3,AGC_049,5.53,B06_C2_PLS,3.773676941037971
fold_municipality_grouped,3,AGC_053,3.5,B06_C2_PLS,3.868942831736624
fold_municipality_grouped,3,AGC_054,2.5,B06_C2_PLS,3.2536440631657046
fold_municipality_grouped,3,AGC_055,5.45,B06_C2_PLS,3.672873683308592
fold_municipality_grouped,3,AGC_056,5.07,B06_C2_PLS,3.476496765113672
fold_municipality_grouped,3,AGC_057,4.55,B06_C2_PLS,3.7694289622063293
fold_municipality_grouped,3,AGC_058,2.5,B06_C2_PLS,3.682868638542005
fold_municipality_grouped,3,AGC_060,4.52,B06_C2_PLS,3.7868257300074726
fold_municipality_grouped,3,AGC_062,3.81,B06_C2_PLS,3.293894324018762
fold_municipality_grouped,3,AGC_064,4.51,B06_C2_PLS,4.417568892265102
fold_municipality_grouped,3,AGC_066,3.0,B06_C2_PLS,3.685935321925137
fold_municipality_grouped,3,AGC_067,3.0,B06_C2_PLS,4.112876658017935
fold_municipality_grouped,3,AGC_068,2.5,B06_C2_PLS,3.6851923523846635
fold_municipality_grouped,3,AGC_069,5.46,B06_C2_PLS,4.171308165944598
fold_municipality_grouped,3,AGC_070,3.3,B06_C2_PLS,3.8613466014186333
fold_municipality_grouped,3,AGC_072,4.55,B06_C2_PLS,3.281059747113091
fold_municipality_grouped,3,AGC_073,4.3,B06_C2_PLS,3.1962450996690133
fold_municipality_grouped,3,AGC_074,2.5,B06_C2_PLS,2.8306387232880588
fold_municipality_grouped,3,AGC_077,4.76,B06_C2_PLS,3.336920825828304
fold_municipality_grouped,3,AGC_078,3.0,B06_C2_PLS,3.7484815835797516
fold_municipality_grouped,3,AGC_079,3.3,B06_C2_PLS,3.491347986683145
fold_municipality_grouped,3,AGC_080,3.5,B06_C2_PLS,3.1177865653809658
fold_municipality_grouped,3,AGC_081,3.7,B06_C2_PLS,4.208824432642323
fold_municipality_grouped,3,AGC_083,4.61,B06_C2_PLS,4.313660740583475
fold_municipality_grouped,3,AGC_089,3.0,B06_C2_PLS,3.562928876978262
fold_municipality_grouped,3,AGC_090,4.68,B06_C2_PLS,4.138532339014491
fold_municipality_grouped,3,AGC_092,4.57,B06_C2_PLS,3.610796412138225
fold_municipality_grouped,3,AGC_096,4.59,B06_C2_PLS,3.426364579919037
fold_municipality_grouped,3,AGC_097,4.69,B06_C2_PLS,3.347033824468048
fold_municipality_grouped,3,AGC_098,3.0,B06_C2_PLS,3.1958423409092918
fold_municipality_grouped,3,AGC_099,3.5,B06_C2_PLS,4.099229971539166
fold_municipality_grouped,3,AGC_100,4.5,B06_C2_PLS,3.839496138969594
fold_municipality_grouped,3,AGC_101,4.57,B06_C2_PLS,3.7752337102715137
fold_municipality_grouped,3,AGC_102,4.4,B06_C2_PLS,4.090377154132838
fold_municipality_grouped,3,AGC_103,3.0,B06_C2_PLS,2.9130177147981673
fold_municipality_grouped,3,AGC_104,4.56,B06_C2_PLS,3.7421410202635106
fold_municipality_grouped,3,AGC_105,4.41,B06_C2_PLS,4.0290013117122765
fold_municipality_grouped,3,AGC_106,4.43,B06_C2_PLS,3.7843082408821207
fold_municipality_grouped,3,AGC_108,4.51,B06_C2_PLS,3.4997265995813147
fold_municipality_grouped,3,AGC_109,4.54,B06_C2_PLS,3.206788894400647
fold_municipality_grouped,3,AGC_110,4.18,B06_C2_PLS,3.855829369806544
fold_municipality_grouped,3,AGC_111,4.72,B06_C2_PLS,3.3926840989258706
fold_municipality_grouped,3,AGC_112,3.0,B06_C2_PLS,3.6570916785972214
fold_municipality_grouped,3,AGC_114,3.0,B06_C2_PLS,3.211583063274837
fold_municipality_grouped,3,AGC_115,4.6,B06_C2_PLS,3.2451207316505655
fold_municipality_grouped,3,AGC_117,3.5,B06_C2_PLS,4.014669109595718
fold_municipality_grouped,3,AGC_119,4.4,B06_C2_PLS,4.325896142571799
fold_municipality_grouped,3,AGC_121,3.3,B06_C2_PLS,3.6234665948592677
fold_municipality_grouped,3,AGC_122,3.5,B06_C2_PLS,2.6299121369729157
fold_municipality_grouped,3,AGC_123,2.5,B06_C2_PLS,2.9058079996297765
fold_municipality_grouped,3,AGC_124,5.05,B06_C2_PLS,3.988677367234658
fold_municipality_grouped,3,AGC_125,4.06,B06_C2_PLS,4.1013083905818934
fold_municipality_grouped,3,AGC_127,5.57,B06_C2_PLS,4.38071142048089
fold_municipality_grouped,3,AGC_131,4.89,B06_C2_PLS,4.491432571927741
fold_municipality_grouped,3,AGC_132,4.13,B06_C2_PLS,3.509936370112399
fold_municipality_grouped,3,AGC_133,3.91,B06_C2_PLS,3.4345759500657067
fold_municipality_grouped,3,AGC_135,4.49,B06_C2_PLS,3.2283037098127356
fold_municipality_grouped,3,AGC_138,2.5,B06_C2_PLS,3.9827196690545144
fold_municipality_grouped,3,AGC_139,4.67,B06_C2_PLS,3.500442210953551
fold_municipality_grouped,3,AGC_140,3.2,B06_C2_PLS,3.2344088022794173
fold_municipality_grouped,3,AGC_141,3.5,B06_C2_PLS,3.675590465470189
fold_municipality_grouped,3,AGC_144,2.5,B06_C2_PLS,3.127715164721991
fold_municipality_grouped,3,AGC_145,3.5,B06_C2_PLS,2.989070882988848
fold_municipality_grouped,3,AGC_148,3.0,B06_C2_PLS,3.6108945978394624
fold_municipality_grouped,3,AGC_150,4.52,B06_C2_PLS,4.046929865873175
fold_municipality_grouped,3,AGC_155,4.52,B06_C2_PLS,3.9268460496408997
fold_municipality_grouped,3,AGC_157,3.0,B06_C2_PLS,3.822065603433321
fold_municipality_grouped,3,AGC_159,4.77,B06_C2_PLS,3.837697964043144
fold_municipality_grouped,3,AGC_160,3.62,B06_C2_PLS,3.7949440776354137
fold_municipality_grouped,3,AGC_161,4.46,B06_C2_PLS,3.66595113816094
fold_municipality_grouped,3,AGC_162,5.59,B06_C2_PLS,3.2197065215253895
fold_municipality_grouped,3,AGC_163,3.0,B06_C2_PLS,3.622533705085567
fold_municipality_grouped,3,AGC_164,3.0,B06_C2_PLS,2.7049958144971136
fold_municipality_grouped,3,AGC_165,4.44,B06_C2_PLS,3.341907288229506
fold_municipality_grouped,3,AGC_166,2.5,B06_C2_PLS,3.762801496543098
fold_municipality_grouped,3,AGC_167,4.54,B06_C2_PLS,3.736060982047445
fold_municipality_grouped,3,AGC_168,4.49,B06_C2_PLS,4.133060345805212
fold_municipality_grouped,3,AGC_169,2.5,B06_C2_PLS,3.5729813107741206
fold_municipality_grouped,3,AGC_170,3.0,B06_C2_PLS,3.9896555970298517
fold_municipality_grouped,3,AGC_171,2.15,B06_C2_PLS,3.8950363579247806
fold_municipality_grouped,3,AGC_172,5.19,B06_C2_PLS,3.642397177704744
fold_municipality_grouped,3,AGC_176,4.38,B06_C2_PLS,3.4121371756538794
fold_municipality_grouped,3,AGC_178,4.39,B06_C2_PLS,3.5705140064217606
fold_municipality_grouped,3,AGC_179,4.55,B06_C2_PLS,3.5976291860246574
fold_municipality_grouped,3,AGC_181,4.51,B06_C2_PLS,4.0609834295522855
fold_municipality_grouped,3,AGC_185,5.01,B06_C2_PLS,4.075784963687866
fold_municipality_grouped,3,AGC_187,3.0,B06_C2_PLS,3.605879454676334
fold_municipality_grouped,3,AGC_189,4.03,B06_C2_PLS,3.702248968669818
fold_municipality_grouped,3,AGC_193,4.57,B06_C2_PLS,3.732561315483066
fold_municipality_grouped,3,AGC_194,3.2,B06_C2_PLS,4.205639402894069
fold_municipality_grouped,3,AGC_195,3.68,B06_C2_PLS,3.4565217723641686
fold_municipality_grouped,3,AGC_196,3.5,B06_C2_PLS,3.0741049409809675
fold_municipality_grouped,3,AGC_197,4.52,B06_C2_PLS,3.825845578324281
fold_municipality_grouped,3,AGC_001,3.5,B07_C1_ExtraTrees,2.986574999999998
fold_municipality_grouped,3,AGC_002,4.63,B07_C1_ExtraTrees,4.028554166666665
fold_municipality_grouped,3,AGC_004,3.0,B07_C1_ExtraTrees,3.3058166666666677
fold_municipality_grouped,3,AGC_005,5.16,B07_C1_ExtraTrees,4.169870833333331
fold_municipality_grouped,3,AGC_006,4.49,B07_C1_ExtraTrees,4.004008333333329
fold_municipality_grouped,3,AGC_007,3.5,B07_C1_ExtraTrees,4.019298640873014
fold_municipality_grouped,3,AGC_008,4.55,B07_C1_ExtraTrees,4.038312500000004
fold_municipality_grouped,3,AGC_009,4.79,B07_C1_ExtraTrees,4.5958671879509385
fold_municipality_grouped,3,AGC_010,4.1,B07_C1_ExtraTrees,3.985949999999999
fold_municipality_grouped,3,AGC_012,4.69,B07_C1_ExtraTrees,4.154091666666662
fold_municipality_grouped,3,AGC_013,4.01,B07_C1_ExtraTrees,3.9616083333333307
fold_municipality_grouped,3,AGC_014,4.83,B07_C1_ExtraTrees,4.017229166666666
fold_municipality_grouped,3,AGC_015,2.64,B07_C1_ExtraTrees,4.079308333333337
fold_municipality_grouped,3,AGC_017,4.98,B07_C1_ExtraTrees,4.061237500000001
fold_municipality_grouped,3,AGC_018,4.49,B07_C1_ExtraTrees,4.049320833333331
fold_municipality_grouped,3,AGC_019,3.0,B07_C1_ExtraTrees,3.175974999999998
fold_municipality_grouped,3,AGC_020,3.5,B07_C1_ExtraTrees,3.129954318181819
fold_municipality_grouped,3,AGC_021,4.94,B07_C1_ExtraTrees,4.131745833333337
fold_municipality_grouped,3,AGC_022,4.55,B07_C1_ExtraTrees,3.944370833333339
fold_municipality_grouped,3,AGC_023,3.0,B07_C1_ExtraTrees,3.1958458333333333
fold_municipality_grouped,3,AGC_024,3.03,B07_C1_ExtraTrees,4.1783375000000005
fold_municipality_grouped,3,AGC_026,3.55,B07_C1_ExtraTrees,4.095095833333337
fold_municipality_grouped,3,AGC_032,4.03,B07_C1_ExtraTrees,4.114920833333335
fold_municipality_grouped,3,AGC_033,4.47,B07_C1_ExtraTrees,4.072008333333338
fold_municipality_grouped,3,AGC_034,2.0,B07_C1_ExtraTrees,4.252414518398271
fold_municipality_grouped,3,AGC_035,4.68,B07_C1_ExtraTrees,3.871639715007218
fold_municipality_grouped,3,AGC_037,3.5,B07_C1_ExtraTrees,3.3061208333333365
fold_municipality_grouped,3,AGC_038,3.3,B07_C1_ExtraTrees,4.285088506493508
fold_municipality_grouped,3,AGC_040,3.0,B07_C1_ExtraTrees,3.2494249999999996
fold_municipality_grouped,3,AGC_041,2.5,B07_C1_ExtraTrees,4.224853176406924
fold_municipality_grouped,3,AGC_044,3.5,B07_C1_ExtraTrees,3.1182264312770553
fold_municipality_grouped,3,AGC_045,4.1,B07_C1_ExtraTrees,4.132424999999997
fold_municipality_grouped,3,AGC_046,3.0,B07_C1_ExtraTrees,3.130474999999999
fold_municipality_grouped,3,AGC_047,4.45,B07_C1_ExtraTrees,3.7240479509379507
fold_municipality_grouped,3,AGC_048,2.5,B07_C1_ExtraTrees,3.0796098854617653
fold_municipality_grouped,3,AGC_049,5.53,B07_C1_ExtraTrees,4.211533333333332
fold_municipality_grouped,3,AGC_053,3.5,B07_C1_ExtraTrees,3.3042583333333355
fold_municipality_grouped,3,AGC_054,2.5,B07_C1_ExtraTrees,2.844533333333333
fold_municipality_grouped,3,AGC_055,5.45,B07_C1_ExtraTrees,4.150716666666668
fold_municipality_grouped,3,AGC_056,5.07,B07_C1_ExtraTrees,3.94572083333334
fold_municipality_grouped,3,AGC_057,4.55,B07_C1_ExtraTrees,4.16066666666667
fold_municipality_grouped,3,AGC_058,2.5,B07_C1_ExtraTrees,3.388079166666669
fold_municipality_grouped,3,AGC_060,4.52,B07_C1_ExtraTrees,4.149645833333341
fold_municipality_grouped,3,AGC_062,3.81,B07_C1_ExtraTrees,3.9180791666666726
fold_municipality_grouped,3,AGC_064,4.51,B07_C1_ExtraTrees,4.522156728896105
fold_municipality_grouped,3,AGC_066,3.0,B07_C1_ExtraTrees,3.187329166666666
fold_municipality_grouped,3,AGC_067,3.0,B07_C1_ExtraTrees,3.8293948006854244
fold_municipality_grouped,3,AGC_068,2.5,B07_C1_ExtraTrees,3.1981874999999977
fold_municipality_grouped,3,AGC_069,5.46,B07_C1_ExtraTrees,4.14558333333333
fold_municipality_grouped,3,AGC_070,3.3,B07_C1_ExtraTrees,4.3763918713924985
fold_municipality_grouped,3,AGC_072,4.55,B07_C1_ExtraTrees,3.9777666666666636
fold_municipality_grouped,3,AGC_073,4.3,B07_C1_ExtraTrees,3.9035791666666735
fold_municipality_grouped,3,AGC_074,2.5,B07_C1_ExtraTrees,3.22208333333333
fold_municipality_grouped,3,AGC_077,4.76,B07_C1_ExtraTrees,3.846850000000008
fold_municipality_grouped,3,AGC_078,3.0,B07_C1_ExtraTrees,4.107408680555553
fold_municipality_grouped,3,AGC_079,3.3,B07_C1_ExtraTrees,4.259408660714286
fold_municipality_grouped,3,AGC_080,3.5,B07_C1_ExtraTrees,3.954741139971138
fold_municipality_grouped,3,AGC_081,3.7,B07_C1_ExtraTrees,4.302224201354202
fold_municipality_grouped,3,AGC_083,4.61,B07_C1_ExtraTrees,4.1545710485348
fold_municipality_grouped,3,AGC_089,3.0,B07_C1_ExtraTrees,3.9498244733044725
fold_municipality_grouped,3,AGC_090,4.68,B07_C1_ExtraTrees,4.085566666666663
fold_municipality_grouped,3,AGC_092,4.57,B07_C1_ExtraTrees,4.054025000000005
fold_municipality_grouped,3,AGC_096,4.59,B07_C1_ExtraTrees,3.9485958333333406
fold_municipality_grouped,3,AGC_097,4.69,B07_C1_ExtraTrees,4.023037500000006
fold_municipality_grouped,3,AGC_098,3.0,B07_C1_ExtraTrees,3.027833333333331
fold_municipality_grouped,3,AGC_099,3.5,B07_C1_ExtraTrees,3.2564166666666665
fold_municipality_grouped,3,AGC_100,4.5,B07_C1_ExtraTrees,4.0729625
fold_municipality_grouped,3,AGC_101,4.57,B07_C1_ExtraTrees,3.962383333333339
fold_municipality_grouped,3,AGC_102,4.4,B07_C1_ExtraTrees,3.980208333333339
fold_municipality_grouped,3,AGC_103,3.0,B07_C1_ExtraTrees,3.208995833333333
fold_municipality_grouped,3,AGC_104,4.56,B07_C1_ExtraTrees,4.006487500000002
fold_municipality_grouped,3,AGC_105,4.41,B07_C1_ExtraTrees,4.108049999999998
fold_municipality_grouped,3,AGC_106,4.43,B07_C1_ExtraTrees,3.9988875000000053
fold_municipality_grouped,3,AGC_108,4.51,B07_C1_ExtraTrees,4.175541666666671
fold_municipality_grouped,3,AGC_109,4.54,B07_C1_ExtraTrees,3.9585125000000043
fold_municipality_grouped,3,AGC_110,4.18,B07_C1_ExtraTrees,4.156925000000006
fold_municipality_grouped,3,AGC_111,4.72,B07_C1_ExtraTrees,3.9233750000000036
fold_municipality_grouped,3,AGC_112,3.0,B07_C1_ExtraTrees,3.241254166666666
fold_municipality_grouped,3,AGC_114,3.0,B07_C1_ExtraTrees,3.0269749999999993
fold_municipality_grouped,3,AGC_115,4.6,B07_C1_ExtraTrees,3.88418333333334
fold_municipality_grouped,3,AGC_117,3.5,B07_C1_ExtraTrees,3.359012500000002
fold_municipality_grouped,3,AGC_119,4.4,B07_C1_ExtraTrees,4.5520731655844155
fold_municipality_grouped,3,AGC_121,3.3,B07_C1_ExtraTrees,3.979919503968255
fold_municipality_grouped,3,AGC_122,3.5,B07_C1_ExtraTrees,3.1689249999999998
fold_municipality_grouped,3,AGC_123,2.5,B07_C1_ExtraTrees,2.8007000000000017
fold_municipality_grouped,3,AGC_124,5.05,B07_C1_ExtraTrees,4.190345833333335
fold_municipality_grouped,3,AGC_125,4.06,B07_C1_ExtraTrees,3.8952749999999994
fold_municipality_grouped,3,AGC_127,5.57,B07_C1_ExtraTrees,4.172462499999996
fold_municipality_grouped,3,AGC_131,4.89,B07_C1_ExtraTrees,4.142533333333333
fold_municipality_grouped,3,AGC_132,4.13,B07_C1_ExtraTrees,3.9840249999999986
fold_municipality_grouped,3,AGC_133,3.91,B07_C1_ExtraTrees,3.952970833333329
fold_municipality_grouped,3,AGC_135,4.49,B07_C1_ExtraTrees,3.9211958333333365
fold_municipality_grouped,3,AGC_138,2.5,B07_C1_ExtraTrees,3.287991666666669
fold_municipality_grouped,3,AGC_139,4.67,B07_C1_ExtraTrees,3.935566666666672
fold_municipality_grouped,3,AGC_140,3.2,B07_C1_ExtraTrees,4.06045779852092
fold_municipality_grouped,3,AGC_141,3.5,B07_C1_ExtraTrees,3.051975000000001
fold_municipality_grouped,3,AGC_144,2.5,B07_C1_ExtraTrees,3.0333083333333337
fold_municipality_grouped,3,AGC_145,3.5,B07_C1_ExtraTrees,3.0188875000000013
fold_municipality_grouped,3,AGC_148,3.0,B07_C1_ExtraTrees,4.0341790683621905
fold_municipality_grouped,3,AGC_150,4.52,B07_C1_ExtraTrees,4.088929166666668
fold_municipality_grouped,3,AGC_155,4.52,B07_C1_ExtraTrees,4.121333333333336
fold_municipality_grouped,3,AGC_157,3.0,B07_C1_ExtraTrees,3.1200583333333363
fold_municipality_grouped,3,AGC_159,4.77,B07_C1_ExtraTrees,4.145495833333335
fold_municipality_grouped,3,AGC_160,3.62,B07_C1_ExtraTrees,4.174437499999999
fold_municipality_grouped,3,AGC_161,4.46,B07_C1_ExtraTrees,4.115816666666663
fold_municipality_grouped,3,AGC_162,5.59,B07_C1_ExtraTrees,4.043029166666672
fold_municipality_grouped,3,AGC_163,3.0,B07_C1_ExtraTrees,3.093687500000001
fold_municipality_grouped,3,AGC_164,3.0,B07_C1_ExtraTrees,2.999584792568543
fold_municipality_grouped,3,AGC_165,4.44,B07_C1_ExtraTrees,3.9651374999999995
fold_municipality_grouped,3,AGC_166,2.5,B07_C1_ExtraTrees,4.2506377200577194
fold_municipality_grouped,3,AGC_167,4.54,B07_C1_ExtraTrees,4.121054166666665
fold_municipality_grouped,3,AGC_168,4.49,B07_C1_ExtraTrees,4.052591666666665
fold_municipality_grouped,3,AGC_169,2.5,B07_C1_ExtraTrees,3.2004749999999986
fold_municipality_grouped,3,AGC_170,3.0,B07_C1_ExtraTrees,3.0649
fold_municipality_grouped,3,AGC_171,2.15,B07_C1_ExtraTrees,4.023479166666673
fold_municipality_grouped,3,AGC_172,5.19,B07_C1_ExtraTrees,4.158262499999999
fold_municipality_grouped,3,AGC_176,4.38,B07_C1_ExtraTrees,3.8809541666666694
fold_municipality_grouped,3,AGC_178,4.39,B07_C1_ExtraTrees,3.8227000000000078
fold_municipality_grouped,3,AGC_179,4.55,B07_C1_ExtraTrees,4.075179166666668
fold_municipality_grouped,3,AGC_181,4.51,B07_C1_ExtraTrees,4.07455416666667
fold_municipality_grouped,3,AGC_185,5.01,B07_C1_ExtraTrees,4.021337500000004
fold_municipality_grouped,3,AGC_187,3.0,B07_C1_ExtraTrees,3.2322416666666665
fold_municipality_grouped,3,AGC_189,4.03,B07_C1_ExtraTrees,3.450395833333333
fold_municipality_grouped,3,AGC_193,4.57,B07_C1_ExtraTrees,4.07010416666667
fold_municipality_grouped,3,AGC_194,3.2,B07_C1_ExtraTrees,4.322596461940838
fold_municipality_grouped,3,AGC_195,3.68,B07_C1_ExtraTrees,4.017216666666672
fold_municipality_grouped,3,AGC_196,3.5,B07_C1_ExtraTrees,3.2448246717171725
fold_municipality_grouped,3,AGC_197,4.52,B07_C1_ExtraTrees,4.013604166666672
fold_municipality_grouped,3,AGC_001,3.5,B08_C1_PLS,2.200259398291549
fold_municipality_grouped,3,AGC_002,4.63,B08_C1_PLS,4.20565740340384
fold_municipality_grouped,3,AGC_004,3.0,B08_C1_PLS,3.5762535842995344
fold_municipality_grouped,3,AGC_005,5.16,B08_C1_PLS,4.892306338468705
fold_municipality_grouped,3,AGC_006,4.49,B08_C1_PLS,3.380259159262067
fold_municipality_grouped,3,AGC_007,3.5,B08_C1_PLS,3.7157193217588316
fold_municipality_grouped,3,AGC_008,4.55,B08_C1_PLS,4.098218872452356
fold_municipality_grouped,3,AGC_009,4.79,B08_C1_PLS,4.661974274706265
fold_municipality_grouped,3,AGC_010,4.1,B08_C1_PLS,3.943654576205215
fold_municipality_grouped,3,AGC_012,4.69,B08_C1_PLS,3.7423579122250326
fold_municipality_grouped,3,AGC_013,4.01,B08_C1_PLS,3.43790963798947
fold_municipality_grouped,3,AGC_014,4.83,B08_C1_PLS,4.472959003215341
fold_municipality_grouped,3,AGC_015,2.64,B08_C1_PLS,4.246070294516818
fold_municipality_grouped,3,AGC_017,4.98,B08_C1_PLS,4.125786133846501
fold_municipality_grouped,3,AGC_018,4.49,B08_C1_PLS,3.6348557454184927
fold_municipality_grouped,3,AGC_019,3.0,B08_C1_PLS,2.7393143671105955
fold_municipality_grouped,3,AGC_020,3.5,B08_C1_PLS,3.064122616059976
fold_municipality_grouped,3,AGC_021,4.94,B08_C1_PLS,3.3775186031695257
fold_municipality_grouped,3,AGC_022,4.55,B08_C1_PLS,3.9306413691181543
fold_municipality_grouped,3,AGC_023,3.0,B08_C1_PLS,3.567445911705021
fold_municipality_grouped,3,AGC_024,3.03,B08_C1_PLS,4.216735022169968
fold_municipality_grouped,3,AGC_026,3.55,B08_C1_PLS,4.4880131642415835
fold_municipality_grouped,3,AGC_032,4.03,B08_C1_PLS,3.8340899208435495
fold_municipality_grouped,3,AGC_033,4.47,B08_C1_PLS,3.5928158975887032
fold_municipality_grouped,3,AGC_034,2.0,B08_C1_PLS,4.433444540313948
fold_municipality_grouped,3,AGC_035,4.68,B08_C1_PLS,3.2040941100372695
fold_municipality_grouped,3,AGC_037,3.5,B08_C1_PLS,3.391097612308796
fold_municipality_grouped,3,AGC_038,3.3,B08_C1_PLS,4.311428573064678
fold_municipality_grouped,3,AGC_040,3.0,B08_C1_PLS,3.5237984075827273
fold_municipality_grouped,3,AGC_041,2.5,B08_C1_PLS,4.1321859408665516
fold_municipality_grouped,3,AGC_044,3.5,B08_C1_PLS,3.154114393950731
fold_municipality_grouped,3,AGC_045,4.1,B08_C1_PLS,3.7265607787528405
fold_municipality_grouped,3,AGC_046,3.0,B08_C1_PLS,2.705325920333078
fold_municipality_grouped,3,AGC_047,4.45,B08_C1_PLS,3.1045305459260786
fold_municipality_grouped,3,AGC_048,2.5,B08_C1_PLS,3.105846183606885
fold_municipality_grouped,3,AGC_049,5.53,B08_C1_PLS,3.509352118550236
fold_municipality_grouped,3,AGC_053,3.5,B08_C1_PLS,3.5451416126654056
fold_municipality_grouped,3,AGC_054,2.5,B08_C1_PLS,2.773568795817342
fold_municipality_grouped,3,AGC_055,5.45,B08_C1_PLS,3.70982459079961
fold_municipality_grouped,3,AGC_056,5.07,B08_C1_PLS,3.7077144899772954
fold_municipality_grouped,3,AGC_057,4.55,B08_C1_PLS,3.9010711611178315
fold_municipality_grouped,3,AGC_058,2.5,B08_C1_PLS,3.3878600660583147
fold_municipality_grouped,3,AGC_060,4.52,B08_C1_PLS,3.390954661335527
fold_municipality_grouped,3,AGC_062,3.81,B08_C1_PLS,3.4345820820586592
fold_municipality_grouped,3,AGC_064,4.51,B08_C1_PLS,4.52245633529674
fold_municipality_grouped,3,AGC_066,3.0,B08_C1_PLS,3.5832971357506525
fold_municipality_grouped,3,AGC_067,3.0,B08_C1_PLS,4.249457944068197
fold_municipality_grouped,3,AGC_068,2.5,B08_C1_PLS,3.5304058401037617
fold_municipality_grouped,3,AGC_069,5.46,B08_C1_PLS,4.347106584127333
fold_municipality_grouped,3,AGC_070,3.3,B08_C1_PLS,4.401701057579593
fold_municipality_grouped,3,AGC_072,4.55,B08_C1_PLS,3.436655357836548
fold_municipality_grouped,3,AGC_073,4.3,B08_C1_PLS,3.264662050937588
fold_municipality_grouped,3,AGC_074,2.5,B08_C1_PLS,2.108292542194348
fold_municipality_grouped,3,AGC_077,4.76,B08_C1_PLS,3.19472912993778
fold_municipality_grouped,3,AGC_078,3.0,B08_C1_PLS,3.956566368765564
fold_municipality_grouped,3,AGC_079,3.3,B08_C1_PLS,4.016787347100057
fold_municipality_grouped,3,AGC_080,3.5,B08_C1_PLS,3.6736898676365457
fold_municipality_grouped,3,AGC_081,3.7,B08_C1_PLS,4.200529182213676
fold_municipality_grouped,3,AGC_083,4.61,B08_C1_PLS,4.195699381773156
fold_municipality_grouped,3,AGC_089,3.0,B08_C1_PLS,3.788375592842786
fold_municipality_grouped,3,AGC_090,4.68,B08_C1_PLS,3.934371407417772
fold_municipality_grouped,3,AGC_092,4.57,B08_C1_PLS,4.1247061717881985
fold_municipality_grouped,3,AGC_096,4.59,B08_C1_PLS,3.7785048223588147
fold_municipality_grouped,3,AGC_097,4.69,B08_C1_PLS,3.4375775960480706
fold_municipality_grouped,3,AGC_098,3.0,B08_C1_PLS,2.374904005832893
fold_municipality_grouped,3,AGC_099,3.5,B08_C1_PLS,3.6577661146839566
fold_municipality_grouped,3,AGC_100,4.5,B08_C1_PLS,4.01040297869175
fold_municipality_grouped,3,AGC_101,4.57,B08_C1_PLS,3.8588198775899314
fold_municipality_grouped,3,AGC_102,4.4,B08_C1_PLS,3.840507656420469
fold_municipality_grouped,3,AGC_103,3.0,B08_C1_PLS,2.6822529952146783
fold_municipality_grouped,3,AGC_104,4.56,B08_C1_PLS,4.108448385531419
fold_municipality_grouped,3,AGC_105,4.41,B08_C1_PLS,4.442344204245271
fold_municipality_grouped,3,AGC_106,4.43,B08_C1_PLS,4.235761232606284
fold_municipality_grouped,3,AGC_108,4.51,B08_C1_PLS,3.476697390035558
fold_municipality_grouped,3,AGC_109,4.54,B08_C1_PLS,3.4949791261625873
fold_municipality_grouped,3,AGC_110,4.18,B08_C1_PLS,4.5133639558055485
fold_municipality_grouped,3,AGC_111,4.72,B08_C1_PLS,3.2693619254973414
fold_municipality_grouped,3,AGC_112,3.0,B08_C1_PLS,3.48758660286153
fold_municipality_grouped,3,AGC_114,3.0,B08_C1_PLS,2.7850806290282537
fold_municipality_grouped,3,AGC_115,4.6,B08_C1_PLS,3.4304160646087523
fold_municipality_grouped,3,AGC_117,3.5,B08_C1_PLS,3.6567807810289104
fold_municipality_grouped,3,AGC_119,4.4,B08_C1_PLS,4.499334856133021
fold_municipality_grouped,3,AGC_121,3.3,B08_C1_PLS,3.683605311056567
fold_municipality_grouped,3,AGC_122,3.5,B08_C1_PLS,2.043599044474744
fold_municipality_grouped,3,AGC_123,2.5,B08_C1_PLS,2.430102075190187
fold_municipality_grouped,3,AGC_124,5.05,B08_C1_PLS,4.254467975394444
fold_municipality_grouped,3,AGC_125,4.06,B08_C1_PLS,4.7494547009293715
fold_municipality_grouped,3,AGC_127,5.57,B08_C1_PLS,4.280980071928391
fold_municipality_grouped,3,AGC_131,4.89,B08_C1_PLS,4.197631383279986
fold_municipality_grouped,3,AGC_132,4.13,B08_C1_PLS,3.4976910116796547
fold_municipality_grouped,3,AGC_133,3.91,B08_C1_PLS,3.2521426595107346
fold_municipality_grouped,3,AGC_135,4.49,B08_C1_PLS,3.159961665772373
fold_municipality_grouped,3,AGC_138,2.5,B08_C1_PLS,3.562184896847847
fold_municipality_grouped,3,AGC_139,4.67,B08_C1_PLS,3.8417123062427296
fold_municipality_grouped,3,AGC_140,3.2,B08_C1_PLS,3.5592638220335275
fold_municipality_grouped,3,AGC_141,3.5,B08_C1_PLS,3.200876436137169
fold_municipality_grouped,3,AGC_144,2.5,B08_C1_PLS,2.7635313257051184
fold_municipality_grouped,3,AGC_145,3.5,B08_C1_PLS,2.4098496988216174
fold_municipality_grouped,3,AGC_148,3.0,B08_C1_PLS,3.78472673918471
fold_municipality_grouped,3,AGC_150,4.52,B08_C1_PLS,4.306751987214761
fold_municipality_grouped,3,AGC_155,4.52,B08_C1_PLS,4.2613434537182755
fold_municipality_grouped,3,AGC_157,3.0,B08_C1_PLS,3.2544260513184335
fold_municipality_grouped,3,AGC_159,4.77,B08_C1_PLS,4.312808430977126
fold_municipality_grouped,3,AGC_160,3.62,B08_C1_PLS,4.033362641167538
fold_municipality_grouped,3,AGC_161,4.46,B08_C1_PLS,4.098166922662118
fold_municipality_grouped,3,AGC_162,5.59,B08_C1_PLS,3.2413361956307845
fold_municipality_grouped,3,AGC_163,3.0,B08_C1_PLS,3.22393345024093
fold_municipality_grouped,3,AGC_164,3.0,B08_C1_PLS,2.8261057791008053
fold_municipality_grouped,3,AGC_165,4.44,B08_C1_PLS,3.088353465274886
fold_municipality_grouped,3,AGC_166,2.5,B08_C1_PLS,4.186193268327725
fold_municipality_grouped,3,AGC_167,4.54,B08_C1_PLS,4.190530389854391
fold_municipality_grouped,3,AGC_168,4.49,B08_C1_PLS,3.9015718112761846
fold_municipality_grouped,3,AGC_169,2.5,B08_C1_PLS,3.4703344559114044
fold_municipality_grouped,3,AGC_170,3.0,B08_C1_PLS,3.612935712071913
fold_municipality_grouped,3,AGC_171,2.15,B08_C1_PLS,3.9394283413166162
fold_municipality_grouped,3,AGC_172,5.19,B08_C1_PLS,3.5424340050898087
fold_municipality_grouped,3,AGC_176,4.38,B08_C1_PLS,3.68200517135916
fold_municipality_grouped,3,AGC_178,4.39,B08_C1_PLS,3.374721880233252
fold_municipality_grouped,3,AGC_179,4.55,B08_C1_PLS,3.6856205253309895
fold_municipality_grouped,3,AGC_181,4.51,B08_C1_PLS,3.9744337793990088
fold_municipality_grouped,3,AGC_185,5.01,B08_C1_PLS,3.8652805451164123
fold_municipality_grouped,3,AGC_187,3.0,B08_C1_PLS,3.422844781271837
fold_municipality_grouped,3,AGC_189,4.03,B08_C1_PLS,4.0709394885474035
fold_municipality_grouped,3,AGC_193,4.57,B08_C1_PLS,3.7231287415707524
fold_municipality_grouped,3,AGC_194,3.2,B08_C1_PLS,4.472606405584136
fold_municipality_grouped,3,AGC_195,3.68,B08_C1_PLS,4.034232851645813
fold_municipality_grouped,3,AGC_196,3.5,B08_C1_PLS,3.3891061812584953
fold_municipality_grouped,3,AGC_197,4.52,B08_C1_PLS,3.85146439700147
fold_municipality_grouped,3,AGC_001,3.5,B09_C0_PCA_Ridge,2.3272263767450716
fold_municipality_grouped,3,AGC_002,4.63,B09_C0_PCA_Ridge,3.6129881322915907
fold_municipality_grouped,3,AGC_004,3.0,B09_C0_PCA_Ridge,3.2722941005422554
fold_municipality_grouped,3,AGC_005,5.16,B09_C0_PCA_Ridge,3.803699891133432
fold_municipality_grouped,3,AGC_006,4.49,B09_C0_PCA_Ridge,3.3782449024654286
fold_municipality_grouped,3,AGC_007,3.5,B09_C0_PCA_Ridge,3.582173388012678
fold_municipality_grouped,3,AGC_008,4.55,B09_C0_PCA_Ridge,3.450715800181558
fold_municipality_grouped,3,AGC_009,4.79,B09_C0_PCA_Ridge,4.686172401760475
fold_municipality_grouped,3,AGC_010,4.1,B09_C0_PCA_Ridge,3.5563018355475857
fold_municipality_grouped,3,AGC_012,4.69,B09_C0_PCA_Ridge,3.521079497316671
fold_municipality_grouped,3,AGC_013,4.01,B09_C0_PCA_Ridge,3.4076725076574244
fold_municipality_grouped,3,AGC_014,4.83,B09_C0_PCA_Ridge,3.960421782115789
fold_municipality_grouped,3,AGC_015,2.64,B09_C0_PCA_Ridge,3.456763384071675
fold_municipality_grouped,3,AGC_017,4.98,B09_C0_PCA_Ridge,3.607084589932584
fold_municipality_grouped,3,AGC_018,4.49,B09_C0_PCA_Ridge,3.6035850444525974
fold_municipality_grouped,3,AGC_019,3.0,B09_C0_PCA_Ridge,2.692885478454285
fold_municipality_grouped,3,AGC_020,3.5,B09_C0_PCA_Ridge,2.7506480339621384
fold_municipality_grouped,3,AGC_021,4.94,B09_C0_PCA_Ridge,3.022656228872914
fold_municipality_grouped,3,AGC_022,4.55,B09_C0_PCA_Ridge,3.5529796568063565
fold_municipality_grouped,3,AGC_023,3.0,B09_C0_PCA_Ridge,3.530729470318362
fold_municipality_grouped,3,AGC_024,3.03,B09_C0_PCA_Ridge,3.678499944499415
fold_municipality_grouped,3,AGC_026,3.55,B09_C0_PCA_Ridge,3.727166461974553
fold_municipality_grouped,3,AGC_032,4.03,B09_C0_PCA_Ridge,3.4545185120859725
fold_municipality_grouped,3,AGC_033,4.47,B09_C0_PCA_Ridge,3.114243053192127
fold_municipality_grouped,3,AGC_034,2.0,B09_C0_PCA_Ridge,3.8109176404951675
fold_municipality_grouped,3,AGC_035,4.68,B09_C0_PCA_Ridge,3.5849004247346805
fold_municipality_grouped,3,AGC_037,3.5,B09_C0_PCA_Ridge,3.2934620436840674
fold_municipality_grouped,3,AGC_038,3.3,B09_C0_PCA_Ridge,3.8776241904885094
fold_municipality_grouped,3,AGC_040,3.0,B09_C0_PCA_Ridge,3.2519286646982444
fold_municipality_grouped,3,AGC_041,2.5,B09_C0_PCA_Ridge,3.7518747595058177
fold_municipality_grouped,3,AGC_044,3.5,B09_C0_PCA_Ridge,3.0481043040149958
fold_municipality_grouped,3,AGC_045,4.1,B09_C0_PCA_Ridge,3.7213178993142098
fold_municipality_grouped,3,AGC_046,3.0,B09_C0_PCA_Ridge,2.445865468020101
fold_municipality_grouped,3,AGC_047,4.45,B09_C0_PCA_Ridge,3.215260918242024
fold_municipality_grouped,3,AGC_048,2.5,B09_C0_PCA_Ridge,3.193987894979453
fold_municipality_grouped,3,AGC_049,5.53,B09_C0_PCA_Ridge,3.4285389753198583
fold_municipality_grouped,3,AGC_053,3.5,B09_C0_PCA_Ridge,3.2460827427313244
fold_municipality_grouped,3,AGC_054,2.5,B09_C0_PCA_Ridge,2.325369544191631
fold_municipality_grouped,3,AGC_055,5.45,B09_C0_PCA_Ridge,3.391097599765499
fold_municipality_grouped,3,AGC_056,5.07,B09_C0_PCA_Ridge,3.202229418744074
fold_municipality_grouped,3,AGC_057,4.55,B09_C0_PCA_Ridge,3.5886892497006575
fold_municipality_grouped,3,AGC_058,2.5,B09_C0_PCA_Ridge,3.2604213426504187
fold_municipality_grouped,3,AGC_060,4.52,B09_C0_PCA_Ridge,3.609000704505955
fold_municipality_grouped,3,AGC_062,3.81,B09_C0_PCA_Ridge,3.358706463189088
fold_municipality_grouped,3,AGC_064,4.51,B09_C0_PCA_Ridge,4.707971988010117
fold_municipality_grouped,3,AGC_066,3.0,B09_C0_PCA_Ridge,3.242137572925778
fold_municipality_grouped,3,AGC_067,3.0,B09_C0_PCA_Ridge,3.902951800138428
fold_municipality_grouped,3,AGC_068,2.5,B09_C0_PCA_Ridge,2.944232335458416
fold_municipality_grouped,3,AGC_069,5.46,B09_C0_PCA_Ridge,3.824622745688651
fold_municipality_grouped,3,AGC_070,3.3,B09_C0_PCA_Ridge,3.911798894455691
fold_municipality_grouped,3,AGC_072,4.55,B09_C0_PCA_Ridge,3.138218191031487
fold_municipality_grouped,3,AGC_073,4.3,B09_C0_PCA_Ridge,3.307736028596569
fold_municipality_grouped,3,AGC_074,2.5,B09_C0_PCA_Ridge,2.735007946214473
fold_municipality_grouped,3,AGC_077,4.76,B09_C0_PCA_Ridge,3.237590916626658
fold_municipality_grouped,3,AGC_078,3.0,B09_C0_PCA_Ridge,3.5208240008435463
fold_municipality_grouped,3,AGC_079,3.3,B09_C0_PCA_Ridge,3.552540092862517
fold_municipality_grouped,3,AGC_080,3.5,B09_C0_PCA_Ridge,3.4412257285515633
fold_municipality_grouped,3,AGC_081,3.7,B09_C0_PCA_Ridge,4.205945131637281
fold_municipality_grouped,3,AGC_083,4.61,B09_C0_PCA_Ridge,4.212415130865282
fold_municipality_grouped,3,AGC_089,3.0,B09_C0_PCA_Ridge,3.6480499091964838
fold_municipality_grouped,3,AGC_090,4.68,B09_C0_PCA_Ridge,3.970025731936367
fold_municipality_grouped,3,AGC_092,4.57,B09_C0_PCA_Ridge,3.316035322344814
fold_municipality_grouped,3,AGC_096,4.59,B09_C0_PCA_Ridge,3.2990094408413304
fold_municipality_grouped,3,AGC_097,4.69,B09_C0_PCA_Ridge,3.119291986374614
fold_municipality_grouped,3,AGC_098,3.0,B09_C0_PCA_Ridge,2.685868420627573
fold_municipality_grouped,3,AGC_099,3.5,B09_C0_PCA_Ridge,3.7516982538789967
fold_municipality_grouped,3,AGC_100,4.5,B09_C0_PCA_Ridge,3.501603725720828
fold_municipality_grouped,3,AGC_101,4.57,B09_C0_PCA_Ridge,3.5551447286722064
fold_municipality_grouped,3,AGC_102,4.4,B09_C0_PCA_Ridge,3.9996325990492
fold_municipality_grouped,3,AGC_103,3.0,B09_C0_PCA_Ridge,2.5416912361129747
fold_municipality_grouped,3,AGC_104,4.56,B09_C0_PCA_Ridge,3.6636842774760385
fold_municipality_grouped,3,AGC_105,4.41,B09_C0_PCA_Ridge,3.6827517069635647
fold_municipality_grouped,3,AGC_106,4.43,B09_C0_PCA_Ridge,3.7097247630999552
fold_municipality_grouped,3,AGC_108,4.51,B09_C0_PCA_Ridge,3.204623794519452
fold_municipality_grouped,3,AGC_109,4.54,B09_C0_PCA_Ridge,3.0859642978686184
fold_municipality_grouped,3,AGC_110,4.18,B09_C0_PCA_Ridge,3.642028154751378
fold_municipality_grouped,3,AGC_111,4.72,B09_C0_PCA_Ridge,3.335088918205644
fold_municipality_grouped,3,AGC_112,3.0,B09_C0_PCA_Ridge,3.1509858614075172
fold_municipality_grouped,3,AGC_114,3.0,B09_C0_PCA_Ridge,2.7449697341435724
fold_municipality_grouped,3,AGC_115,4.6,B09_C0_PCA_Ridge,3.3289914085919636
fold_municipality_grouped,3,AGC_117,3.5,B09_C0_PCA_Ridge,3.580957420004949
fold_municipality_grouped,3,AGC_119,4.4,B09_C0_PCA_Ridge,4.772762621227998
fold_municipality_grouped,3,AGC_121,3.3,B09_C0_PCA_Ridge,3.4418907336155744
fold_municipality_grouped,3,AGC_122,3.5,B09_C0_PCA_Ridge,2.4550713060713845
fold_municipality_grouped,3,AGC_123,2.5,B09_C0_PCA_Ridge,2.5320211491919293
fold_municipality_grouped,3,AGC_124,5.05,B09_C0_PCA_Ridge,3.554582600644673
fold_municipality_grouped,3,AGC_125,4.06,B09_C0_PCA_Ridge,3.8728906191519457
fold_municipality_grouped,3,AGC_127,5.57,B09_C0_PCA_Ridge,4.164205206860477
fold_municipality_grouped,3,AGC_131,4.89,B09_C0_PCA_Ridge,4.296523134955994
fold_municipality_grouped,3,AGC_132,4.13,B09_C0_PCA_Ridge,3.4058028125185573
fold_municipality_grouped,3,AGC_133,3.91,B09_C0_PCA_Ridge,3.2929394167064943
fold_municipality_grouped,3,AGC_135,4.49,B09_C0_PCA_Ridge,3.1499862653925406
fold_municipality_grouped,3,AGC_138,2.5,B09_C0_PCA_Ridge,3.4809236713761456
fold_municipality_grouped,3,AGC_139,4.67,B09_C0_PCA_Ridge,3.609388528407452
fold_municipality_grouped,3,AGC_140,3.2,B09_C0_PCA_Ridge,3.512745819514045
fold_municipality_grouped,3,AGC_141,3.5,B09_C0_PCA_Ridge,3.128399831545465
fold_municipality_grouped,3,AGC_144,2.5,B09_C0_PCA_Ridge,2.726744638970988
fold_municipality_grouped,3,AGC_145,3.5,B09_C0_PCA_Ridge,2.924983628183962
fold_municipality_grouped,3,AGC_148,3.0,B09_C0_PCA_Ridge,3.3901320337928924
fold_municipality_grouped,3,AGC_150,4.52,B09_C0_PCA_Ridge,3.902266308404233
fold_municipality_grouped,3,AGC_155,4.52,B09_C0_PCA_Ridge,3.7396601775230507
fold_municipality_grouped,3,AGC_157,3.0,B09_C0_PCA_Ridge,3.2127659117278586
fold_municipality_grouped,3,AGC_159,4.77,B09_C0_PCA_Ridge,3.4418807679314267
fold_municipality_grouped,3,AGC_160,3.62,B09_C0_PCA_Ridge,3.553388687289041
fold_municipality_grouped,3,AGC_161,4.46,B09_C0_PCA_Ridge,3.3845208955543016
fold_municipality_grouped,3,AGC_162,5.59,B09_C0_PCA_Ridge,3.145776042152785
fold_municipality_grouped,3,AGC_163,3.0,B09_C0_PCA_Ridge,3.0838079212395577
fold_municipality_grouped,3,AGC_164,3.0,B09_C0_PCA_Ridge,3.0823248315791845
fold_municipality_grouped,3,AGC_165,4.44,B09_C0_PCA_Ridge,3.316643656468147
fold_municipality_grouped,3,AGC_166,2.5,B09_C0_PCA_Ridge,3.859036996005438
fold_municipality_grouped,3,AGC_167,4.54,B09_C0_PCA_Ridge,3.5380622006780795
fold_municipality_grouped,3,AGC_168,4.49,B09_C0_PCA_Ridge,3.8773628648781537
fold_municipality_grouped,3,AGC_169,2.5,B09_C0_PCA_Ridge,2.785856138508371
fold_municipality_grouped,3,AGC_170,3.0,B09_C0_PCA_Ridge,3.5458901915469148
fold_municipality_grouped,3,AGC_171,2.15,B09_C0_PCA_Ridge,3.6454971676670325
fold_municipality_grouped,3,AGC_172,5.19,B09_C0_PCA_Ridge,3.5563356252664438
fold_municipality_grouped,3,AGC_176,4.38,B09_C0_PCA_Ridge,3.2718810423172124
fold_municipality_grouped,3,AGC_178,4.39,B09_C0_PCA_Ridge,3.3890939709625285
fold_municipality_grouped,3,AGC_179,4.55,B09_C0_PCA_Ridge,3.286557430497296
fold_municipality_grouped,3,AGC_181,4.51,B09_C0_PCA_Ridge,3.895818159817323
fold_municipality_grouped,3,AGC_185,5.01,B09_C0_PCA_Ridge,4.04093181772574
fold_municipality_grouped,3,AGC_187,3.0,B09_C0_PCA_Ridge,3.398008955351817
fold_municipality_grouped,3,AGC_189,4.03,B09_C0_PCA_Ridge,3.555713410257612
fold_municipality_grouped,3,AGC_193,4.57,B09_C0_PCA_Ridge,3.4591707189591716
fold_municipality_grouped,3,AGC_194,3.2,B09_C0_PCA_Ridge,4.139640830594843
fold_municipality_grouped,3,AGC_195,3.68,B09_C0_PCA_Ridge,3.416434905611971
fold_municipality_grouped,3,AGC_196,3.5,B09_C0_PCA_Ridge,3.1450132654697116
fold_municipality_grouped,3,AGC_197,4.52,B09_C0_PCA_Ridge,3.627533106307025
fold_municipality_grouped,3,AGC_001,3.5,B10_C1_PCA_Ridge,2.5295452067644772
fold_municipality_grouped,3,AGC_002,4.63,B10_C1_PCA_Ridge,3.79826008771464
fold_municipality_grouped,3,AGC_004,3.0,B10_C1_PCA_Ridge,3.9029691888640072
fold_municipality_grouped,3,AGC_005,5.16,B10_C1_PCA_Ridge,3.9167759935269313
fold_municipality_grouped,3,AGC_006,4.49,B10_C1_PCA_Ridge,3.533081801185937
fold_municipality_grouped,3,AGC_007,3.5,B10_C1_PCA_Ridge,3.8140433257773183
fold_municipality_grouped,3,AGC_008,4.55,B10_C1_PCA_Ridge,3.577431035266503
fold_municipality_grouped,3,AGC_009,4.79,B10_C1_PCA_Ridge,4.761505914904848
fold_municipality_grouped,3,AGC_010,4.1,B10_C1_PCA_Ridge,3.6801253759342383
fold_municipality_grouped,3,AGC_012,4.69,B10_C1_PCA_Ridge,3.647082842971299
fold_municipality_grouped,3,AGC_013,4.01,B10_C1_PCA_Ridge,3.564917427209408
fold_municipality_grouped,3,AGC_014,4.83,B10_C1_PCA_Ridge,3.9483189459667156
fold_municipality_grouped,3,AGC_015,2.64,B10_C1_PCA_Ridge,3.6752418131049396
fold_municipality_grouped,3,AGC_017,4.98,B10_C1_PCA_Ridge,3.715793377921246
fold_municipality_grouped,3,AGC_018,4.49,B10_C1_PCA_Ridge,3.628631499686972
fold_municipality_grouped,3,AGC_019,3.0,B10_C1_PCA_Ridge,2.855739753849975
fold_municipality_grouped,3,AGC_020,3.5,B10_C1_PCA_Ridge,3.058096521402772
fold_municipality_grouped,3,AGC_021,4.94,B10_C1_PCA_Ridge,3.4279658810613842
fold_municipality_grouped,3,AGC_022,4.55,B10_C1_PCA_Ridge,3.4974165444882943
fold_municipality_grouped,3,AGC_023,3.0,B10_C1_PCA_Ridge,3.651547261623925
fold_municipality_grouped,3,AGC_024,3.03,B10_C1_PCA_Ridge,3.658966978108522
fold_municipality_grouped,3,AGC_026,3.55,B10_C1_PCA_Ridge,3.737216433323332
fold_municipality_grouped,3,AGC_032,4.03,B10_C1_PCA_Ridge,3.5382798986555737
fold_municipality_grouped,3,AGC_033,4.47,B10_C1_PCA_Ridge,3.4802244988485764
fold_municipality_grouped,3,AGC_034,2.0,B10_C1_PCA_Ridge,4.253524992552779
fold_municipality_grouped,3,AGC_035,4.68,B10_C1_PCA_Ridge,3.3842626235794446
fold_municipality_grouped,3,AGC_037,3.5,B10_C1_PCA_Ridge,3.60264196978241
fold_municipality_grouped,3,AGC_038,3.3,B10_C1_PCA_Ridge,4.217096074429491
fold_municipality_grouped,3,AGC_040,3.0,B10_C1_PCA_Ridge,3.7339434057253116
fold_municipality_grouped,3,AGC_041,2.5,B10_C1_PCA_Ridge,4.1711465409982145
fold_municipality_grouped,3,AGC_044,3.5,B10_C1_PCA_Ridge,3.044395406945603
fold_municipality_grouped,3,AGC_045,4.1,B10_C1_PCA_Ridge,3.6085422172317996
fold_municipality_grouped,3,AGC_046,3.0,B10_C1_PCA_Ridge,2.8562018072266624
fold_municipality_grouped,3,AGC_047,4.45,B10_C1_PCA_Ridge,3.336199301742834
fold_municipality_grouped,3,AGC_048,2.5,B10_C1_PCA_Ridge,3.188168826700741
fold_municipality_grouped,3,AGC_049,5.53,B10_C1_PCA_Ridge,3.5608754828904794
fold_municipality_grouped,3,AGC_053,3.5,B10_C1_PCA_Ridge,3.8242095327171146
fold_municipality_grouped,3,AGC_054,2.5,B10_C1_PCA_Ridge,3.0138380641370706
fold_municipality_grouped,3,AGC_055,5.45,B10_C1_PCA_Ridge,3.5937077348877944
fold_municipality_grouped,3,AGC_056,5.07,B10_C1_PCA_Ridge,3.495742672951352
fold_municipality_grouped,3,AGC_057,4.55,B10_C1_PCA_Ridge,3.6500131117855483
fold_municipality_grouped,3,AGC_058,2.5,B10_C1_PCA_Ridge,3.6334037325771114
fold_municipality_grouped,3,AGC_060,4.52,B10_C1_PCA_Ridge,3.5077387998682648
fold_municipality_grouped,3,AGC_062,3.81,B10_C1_PCA_Ridge,3.333482389083818
fold_municipality_grouped,3,AGC_064,4.51,B10_C1_PCA_Ridge,4.752618312578545
fold_municipality_grouped,3,AGC_066,3.0,B10_C1_PCA_Ridge,3.848272095321604
fold_municipality_grouped,3,AGC_067,3.0,B10_C1_PCA_Ridge,4.0485682827017495
fold_municipality_grouped,3,AGC_068,2.5,B10_C1_PCA_Ridge,3.7614122404746304
fold_municipality_grouped,3,AGC_069,5.46,B10_C1_PCA_Ridge,3.7325107964652724
fold_municipality_grouped,3,AGC_070,3.3,B10_C1_PCA_Ridge,4.378383210884671
fold_municipality_grouped,3,AGC_072,4.55,B10_C1_PCA_Ridge,3.4839094660393877
fold_municipality_grouped,3,AGC_073,4.3,B10_C1_PCA_Ridge,3.2466556575299466
fold_municipality_grouped,3,AGC_074,2.5,B10_C1_PCA_Ridge,2.2586116966627388
fold_municipality_grouped,3,AGC_077,4.76,B10_C1_PCA_Ridge,3.304208098201216
fold_municipality_grouped,3,AGC_078,3.0,B10_C1_PCA_Ridge,3.882101939086203
fold_municipality_grouped,3,AGC_079,3.3,B10_C1_PCA_Ridge,4.0901127543371
fold_municipality_grouped,3,AGC_080,3.5,B10_C1_PCA_Ridge,3.663582070861767
fold_municipality_grouped,3,AGC_081,3.7,B10_C1_PCA_Ridge,4.406727220350836
fold_municipality_grouped,3,AGC_083,4.61,B10_C1_PCA_Ridge,4.174582011683278
fold_municipality_grouped,3,AGC_089,3.0,B10_C1_PCA_Ridge,3.7913284255315087
fold_municipality_grouped,3,AGC_090,4.68,B10_C1_PCA_Ridge,3.6064420436428906
fold_municipality_grouped,3,AGC_092,4.57,B10_C1_PCA_Ridge,3.491770322240499
fold_municipality_grouped,3,AGC_096,4.59,B10_C1_PCA_Ridge,3.3983239590477483
fold_municipality_grouped,3,AGC_097,4.69,B10_C1_PCA_Ridge,3.3963435944365967
fold_municipality_grouped,3,AGC_098,3.0,B10_C1_PCA_Ridge,2.636994790001749
fold_municipality_grouped,3,AGC_099,3.5,B10_C1_PCA_Ridge,3.8889623902183708
fold_municipality_grouped,3,AGC_100,4.5,B10_C1_PCA_Ridge,3.5696114873260374
fold_municipality_grouped,3,AGC_101,4.57,B10_C1_PCA_Ridge,3.4240646963658676
fold_municipality_grouped,3,AGC_102,4.4,B10_C1_PCA_Ridge,3.4331005310943317
fold_municipality_grouped,3,AGC_103,3.0,B10_C1_PCA_Ridge,2.8108534141690136
fold_municipality_grouped,3,AGC_104,4.56,B10_C1_PCA_Ridge,3.6133445452142894
fold_municipality_grouped,3,AGC_105,4.41,B10_C1_PCA_Ridge,3.807951394652429
fold_municipality_grouped,3,AGC_106,4.43,B10_C1_PCA_Ridge,3.6603014768518203
fold_municipality_grouped,3,AGC_108,4.51,B10_C1_PCA_Ridge,3.438831476940301
fold_municipality_grouped,3,AGC_109,4.54,B10_C1_PCA_Ridge,3.3736756362141733
fold_municipality_grouped,3,AGC_110,4.18,B10_C1_PCA_Ridge,3.6750405478855033
fold_municipality_grouped,3,AGC_111,4.72,B10_C1_PCA_Ridge,3.398138731336237
fold_municipality_grouped,3,AGC_112,3.0,B10_C1_PCA_Ridge,3.723737788323641
fold_municipality_grouped,3,AGC_114,3.0,B10_C1_PCA_Ridge,3.008512366981729
fold_municipality_grouped,3,AGC_115,4.6,B10_C1_PCA_Ridge,3.3422849133596944
fold_municipality_grouped,3,AGC_117,3.5,B10_C1_PCA_Ridge,3.947159967161892
fold_municipality_grouped,3,AGC_119,4.4,B10_C1_PCA_Ridge,4.697643354699614
fold_municipality_grouped,3,AGC_121,3.3,B10_C1_PCA_Ridge,3.7907827301591794
fold_municipality_grouped,3,AGC_122,3.5,B10_C1_PCA_Ridge,2.279352582213598
fold_municipality_grouped,3,AGC_123,2.5,B10_C1_PCA_Ridge,2.6410594437195436
fold_municipality_grouped,3,AGC_124,5.05,B10_C1_PCA_Ridge,3.7027535445231763
fold_municipality_grouped,3,AGC_125,4.06,B10_C1_PCA_Ridge,3.898503883186217
fold_municipality_grouped,3,AGC_127,5.57,B10_C1_PCA_Ridge,3.9098646472993837
fold_municipality_grouped,3,AGC_131,4.89,B10_C1_PCA_Ridge,3.600087184942875
fold_municipality_grouped,3,AGC_132,4.13,B10_C1_PCA_Ridge,3.5457248924503486
fold_municipality_grouped,3,AGC_133,3.91,B10_C1_PCA_Ridge,3.4765099714986656
fold_municipality_grouped,3,AGC_135,4.49,B10_C1_PCA_Ridge,3.326361499554074
fold_municipality_grouped,3,AGC_138,2.5,B10_C1_PCA_Ridge,3.812108223467352
fold_municipality_grouped,3,AGC_139,4.67,B10_C1_PCA_Ridge,3.4778399205091084
fold_municipality_grouped,3,AGC_140,3.2,B10_C1_PCA_Ridge,3.721042959692815
fold_municipality_grouped,3,AGC_141,3.5,B10_C1_PCA_Ridge,3.402668702387283
fold_municipality_grouped,3,AGC_144,2.5,B10_C1_PCA_Ridge,2.9490077164566966
fold_municipality_grouped,3,AGC_145,3.5,B10_C1_PCA_Ridge,2.5303113650890596
fold_municipality_grouped,3,AGC_148,3.0,B10_C1_PCA_Ridge,3.717862535505329
fold_municipality_grouped,3,AGC_150,4.52,B10_C1_PCA_Ridge,3.701491051951356
fold_municipality_grouped,3,AGC_155,4.52,B10_C1_PCA_Ridge,3.5926405161217088
fold_municipality_grouped,3,AGC_157,3.0,B10_C1_PCA_Ridge,3.4532632547418793
fold_municipality_grouped,3,AGC_159,4.77,B10_C1_PCA_Ridge,3.7202834389947403
fold_municipality_grouped,3,AGC_160,3.62,B10_C1_PCA_Ridge,3.6105329876229133
fold_municipality_grouped,3,AGC_161,4.46,B10_C1_PCA_Ridge,3.681431934331899
fold_municipality_grouped,3,AGC_162,5.59,B10_C1_PCA_Ridge,3.2495465295131685
fold_municipality_grouped,3,AGC_163,3.0,B10_C1_PCA_Ridge,3.4963288902974807
fold_municipality_grouped,3,AGC_164,3.0,B10_C1_PCA_Ridge,3.0654939180746683
fold_municipality_grouped,3,AGC_165,4.44,B10_C1_PCA_Ridge,3.3713405436763177
fold_municipality_grouped,3,AGC_166,2.5,B10_C1_PCA_Ridge,4.149927891161474
fold_municipality_grouped,3,AGC_167,4.54,B10_C1_PCA_Ridge,3.7033534298888444
fold_municipality_grouped,3,AGC_168,4.49,B10_C1_PCA_Ridge,3.59984002489836
fold_municipality_grouped,3,AGC_169,2.5,B10_C1_PCA_Ridge,3.6357725521725968
fold_municipality_grouped,3,AGC_170,3.0,B10_C1_PCA_Ridge,3.9449640696843904
fold_municipality_grouped,3,AGC_171,2.15,B10_C1_PCA_Ridge,3.5472974516598343
fold_municipality_grouped,3,AGC_172,5.19,B10_C1_PCA_Ridge,3.574026622685374
fold_municipality_grouped,3,AGC_176,4.38,B10_C1_PCA_Ridge,3.5091301814119125
fold_municipality_grouped,3,AGC_178,4.39,B10_C1_PCA_Ridge,3.339735955429373
fold_municipality_grouped,3,AGC_179,4.55,B10_C1_PCA_Ridge,3.495981360267276
fold_municipality_grouped,3,AGC_181,4.51,B10_C1_PCA_Ridge,3.5697678969012014
fold_municipality_grouped,3,AGC_185,5.01,B10_C1_PCA_Ridge,3.500472156241513
fold_municipality_grouped,3,AGC_187,3.0,B10_C1_PCA_Ridge,3.648537839548557
fold_municipality_grouped,3,AGC_189,4.03,B10_C1_PCA_Ridge,3.545776199449411
fold_municipality_grouped,3,AGC_193,4.57,B10_C1_PCA_Ridge,3.4656456505434456
fold_municipality_grouped,3,AGC_194,3.2,B10_C1_PCA_Ridge,4.445905261816997
fold_municipality_grouped,3,AGC_195,3.68,B10_C1_PCA_Ridge,3.5071146873293872
fold_municipality_grouped,3,AGC_196,3.5,B10_C1_PCA_Ridge,3.3004940160227108
fold_municipality_grouped,3,AGC_197,4.52,B10_C1_PCA_Ridge,3.3898525426292934
fold_municipality_grouped,4,AGC_001,3.5,B01_C0_PLS,2.9647189274581414
fold_municipality_grouped,4,AGC_004,3.0,B01_C0_PLS,3.36260787534271
fold_municipality_grouped,4,AGC_007,3.5,B01_C0_PLS,3.7097538453384904
fold_municipality_grouped,4,AGC_009,4.79,B01_C0_PLS,3.3092814706748888
fold_municipality_grouped,4,AGC_019,3.0,B01_C0_PLS,2.9630328251111995
fold_municipality_grouped,4,AGC_020,3.5,B01_C0_PLS,2.88048902469819
fold_municipality_grouped,4,AGC_023,3.0,B01_C0_PLS,3.9477669309049612
fold_municipality_grouped,4,AGC_034,2.0,B01_C0_PLS,3.944781701038449
fold_municipality_grouped,4,AGC_035,4.68,B01_C0_PLS,3.0015159660049435
fold_municipality_grouped,4,AGC_037,3.5,B01_C0_PLS,3.581838873555379
fold_municipality_grouped,4,AGC_038,3.3,B01_C0_PLS,3.9093881413435323
fold_municipality_grouped,4,AGC_040,3.0,B01_C0_PLS,3.4544746055022633
fold_municipality_grouped,4,AGC_041,2.5,B01_C0_PLS,4.151573458058987
fold_municipality_grouped,4,AGC_044,3.5,B01_C0_PLS,2.691404215962077
fold_municipality_grouped,4,AGC_046,3.0,B01_C0_PLS,3.096504322527557
fold_municipality_grouped,4,AGC_048,2.5,B01_C0_PLS,3.300002077053342
fold_municipality_grouped,4,AGC_051,4.45,B01_C0_PLS,2.920232351667843
fold_municipality_grouped,4,AGC_053,3.5,B01_C0_PLS,3.7048358664276475
fold_municipality_grouped,4,AGC_054,2.5,B01_C0_PLS,3.268826075746148
fold_municipality_grouped,4,AGC_058,2.5,B01_C0_PLS,3.4853044375081432
fold_municipality_grouped,4,AGC_059,4.41,B01_C0_PLS,2.6998645098649217
fold_municipality_grouped,4,AGC_064,4.51,B01_C0_PLS,3.185032098397637
fold_municipality_grouped,4,AGC_066,3.0,B01_C0_PLS,3.448365628104127
fold_municipality_grouped,4,AGC_067,3.0,B01_C0_PLS,4.133858921736003
fold_municipality_grouped,4,AGC_068,2.5,B01_C0_PLS,3.543270486156292
fold_municipality_grouped,4,AGC_070,3.3,B01_C0_PLS,3.986213341763974
fold_municipality_grouped,4,AGC_074,2.5,B01_C0_PLS,2.85300257483531
fold_municipality_grouped,4,AGC_078,3.0,B01_C0_PLS,3.825805893813353
fold_municipality_grouped,4,AGC_079,3.3,B01_C0_PLS,3.7846243063425176
fold_municipality_grouped,4,AGC_080,3.5,B01_C0_PLS,3.754772906955532
fold_municipality_grouped,4,AGC_081,3.7,B01_C0_PLS,4.272065582377165
fold_municipality_grouped,4,AGC_083,4.61,B01_C0_PLS,3.1577715175105783
fold_municipality_grouped,4,AGC_084,4.54,B01_C0_PLS,2.9124826078229855
fold_municipality_grouped,4,AGC_089,3.0,B01_C0_PLS,3.8137773825658905
fold_municipality_grouped,4,AGC_098,3.0,B01_C0_PLS,3.6101058850134846
fold_municipality_grouped,4,AGC_099,3.5,B01_C0_PLS,3.6849763302377836
fold_municipality_grouped,4,AGC_103,3.0,B01_C0_PLS,2.7961884418362333
fold_municipality_grouped,4,AGC_112,3.0,B01_C0_PLS,3.400595315885236
fold_municipality_grouped,4,AGC_114,3.0,B01_C0_PLS,3.0993293594963034
fold_municipality_grouped,4,AGC_117,3.5,B01_C0_PLS,3.822891042289851
fold_municipality_grouped,4,AGC_119,4.4,B01_C0_PLS,3.3962809844020487
fold_municipality_grouped,4,AGC_121,3.3,B01_C0_PLS,3.7424615390852503
fold_municipality_grouped,4,AGC_122,3.5,B01_C0_PLS,2.9814665569151435
fold_municipality_grouped,4,AGC_123,2.5,B01_C0_PLS,3.039222238445853
fold_municipality_grouped,4,AGC_134,4.52,B01_C0_PLS,3.1647959511932484
fold_municipality_grouped,4,AGC_137,4.54,B01_C0_PLS,2.877124548401382
fold_municipality_grouped,4,AGC_138,2.5,B01_C0_PLS,3.84216652709773
fold_municipality_grouped,4,AGC_140,3.2,B01_C0_PLS,3.780228067055714
fold_municipality_grouped,4,AGC_141,3.5,B01_C0_PLS,3.381357495163789
fold_municipality_grouped,4,AGC_144,2.5,B01_C0_PLS,3.1798682988666025
fold_municipality_grouped,4,AGC_145,3.5,B01_C0_PLS,3.1464031234070102
fold_municipality_grouped,4,AGC_146,4.58,B01_C0_PLS,3.0504365107801577
fold_municipality_grouped,4,AGC_148,3.0,B01_C0_PLS,3.4551875826665155
fold_municipality_grouped,4,AGC_151,4.69,B01_C0_PLS,3.6275264692674294
fold_municipality_grouped,4,AGC_152,4.87,B01_C0_PLS,2.918002092436687
fold_municipality_grouped,4,AGC_157,3.0,B01_C0_PLS,3.565994688491269
fold_municipality_grouped,4,AGC_163,3.0,B01_C0_PLS,3.3082044644752355
fold_municipality_grouped,4,AGC_166,2.5,B01_C0_PLS,4.061629927538858
fold_municipality_grouped,4,AGC_169,2.5,B01_C0_PLS,3.16936035306619
fold_municipality_grouped,4,AGC_170,3.0,B01_C0_PLS,3.790728501211127
fold_municipality_grouped,4,AGC_180,4.14,B01_C0_PLS,3.005747846163538
fold_municipality_grouped,4,AGC_184,4.47,B01_C0_PLS,2.888649799546501
fold_municipality_grouped,4,AGC_187,3.0,B01_C0_PLS,3.4183248993224185
fold_municipality_grouped,4,AGC_194,3.2,B01_C0_PLS,4.107762303954944
fold_municipality_grouped,4,AGC_196,3.5,B01_C0_PLS,2.9566345051236653
fold_municipality_grouped,4,AGC_001,3.5,B02_C3_Ridge,3.382454366206101
fold_municipality_grouped,4,AGC_004,3.0,B02_C3_Ridge,3.6824351647120603
fold_municipality_grouped,4,AGC_007,3.5,B02_C3_Ridge,3.8221708358976456
fold_municipality_grouped,4,AGC_009,4.79,B02_C3_Ridge,3.084851967900927
fold_municipality_grouped,4,AGC_019,3.0,B02_C3_Ridge,3.432145296766905
fold_municipality_grouped,4,AGC_020,3.5,B02_C3_Ridge,2.965487537611074
fold_municipality_grouped,4,AGC_023,3.0,B02_C3_Ridge,3.76323068586534
fold_municipality_grouped,4,AGC_034,2.0,B02_C3_Ridge,3.762990022926003
fold_municipality_grouped,4,AGC_035,4.68,B02_C3_Ridge,3.002983836230999
fold_municipality_grouped,4,AGC_037,3.5,B02_C3_Ridge,3.6654212812687206
fold_municipality_grouped,4,AGC_038,3.3,B02_C3_Ridge,3.8053832437023396
fold_municipality_grouped,4,AGC_040,3.0,B02_C3_Ridge,3.6572161827837473
fold_municipality_grouped,4,AGC_041,2.5,B02_C3_Ridge,3.925846994118161
fold_municipality_grouped,4,AGC_044,3.5,B02_C3_Ridge,2.9259878295171036
fold_municipality_grouped,4,AGC_046,3.0,B02_C3_Ridge,3.456281848330445
fold_municipality_grouped,4,AGC_048,2.5,B02_C3_Ridge,3.503809226482682
fold_municipality_grouped,4,AGC_051,4.45,B02_C3_Ridge,3.0112448926395863
fold_municipality_grouped,4,AGC_053,3.5,B02_C3_Ridge,3.6565344437449996
fold_municipality_grouped,4,AGC_054,2.5,B02_C3_Ridge,3.463835335096922
fold_municipality_grouped,4,AGC_058,2.5,B02_C3_Ridge,3.6170015164037186
fold_municipality_grouped,4,AGC_059,4.41,B02_C3_Ridge,2.9931088625372215
fold_municipality_grouped,4,AGC_064,4.51,B02_C3_Ridge,3.0658875984638763
fold_municipality_grouped,4,AGC_066,3.0,B02_C3_Ridge,3.5473609400658033
fold_municipality_grouped,4,AGC_067,3.0,B02_C3_Ridge,3.7962283306197095
fold_municipality_grouped,4,AGC_068,2.5,B02_C3_Ridge,3.6834381336373507
fold_municipality_grouped,4,AGC_070,3.3,B02_C3_Ridge,3.941220210781
fold_municipality_grouped,4,AGC_074,2.5,B02_C3_Ridge,3.4070554070471486
fold_municipality_grouped,4,AGC_078,3.0,B02_C3_Ridge,3.7589416577723087
fold_municipality_grouped,4,AGC_079,3.3,B02_C3_Ridge,3.810286351427754
fold_municipality_grouped,4,AGC_080,3.5,B02_C3_Ridge,3.879195916826024
fold_municipality_grouped,4,AGC_081,3.7,B02_C3_Ridge,3.9645500309664037
fold_municipality_grouped,4,AGC_083,4.61,B02_C3_Ridge,3.006479401202726
fold_municipality_grouped,4,AGC_084,4.54,B02_C3_Ridge,3.04259006710135
fold_municipality_grouped,4,AGC_089,3.0,B02_C3_Ridge,3.6311321789294406
fold_municipality_grouped,4,AGC_098,3.0,B02_C3_Ridge,3.622030044336922
fold_municipality_grouped,4,AGC_099,3.5,B02_C3_Ridge,3.6723498355178665
fold_municipality_grouped,4,AGC_103,3.0,B02_C3_Ridge,3.4065794026016785
fold_municipality_grouped,4,AGC_112,3.0,B02_C3_Ridge,3.6591625227892175
fold_municipality_grouped,4,AGC_114,3.0,B02_C3_Ridge,3.4613972943421403
fold_municipality_grouped,4,AGC_117,3.5,B02_C3_Ridge,3.7593089556281942
fold_municipality_grouped,4,AGC_119,4.4,B02_C3_Ridge,3.096181880781667
fold_municipality_grouped,4,AGC_121,3.3,B02_C3_Ridge,3.713880845804941
fold_municipality_grouped,4,AGC_122,3.5,B02_C3_Ridge,3.415957044686307
fold_municipality_grouped,4,AGC_123,2.5,B02_C3_Ridge,3.39542032181514
fold_municipality_grouped,4,AGC_134,4.52,B02_C3_Ridge,3.047638631427807
fold_municipality_grouped,4,AGC_137,4.54,B02_C3_Ridge,3.0314539349867156
fold_municipality_grouped,4,AGC_138,2.5,B02_C3_Ridge,3.7559625803198826
fold_municipality_grouped,4,AGC_140,3.2,B02_C3_Ridge,3.824372111120052
fold_municipality_grouped,4,AGC_141,3.5,B02_C3_Ridge,3.544198852161968
fold_municipality_grouped,4,AGC_144,2.5,B02_C3_Ridge,3.455221161886123
fold_municipality_grouped,4,AGC_145,3.5,B02_C3_Ridge,3.473150643966197
fold_municipality_grouped,4,AGC_146,4.58,B02_C3_Ridge,2.999858214493169
fold_municipality_grouped,4,AGC_148,3.0,B02_C3_Ridge,3.496194058136031
fold_municipality_grouped,4,AGC_151,4.69,B02_C3_Ridge,3.1141659015777
fold_municipality_grouped,4,AGC_152,4.87,B02_C3_Ridge,3.0465603999902484
fold_municipality_grouped,4,AGC_157,3.0,B02_C3_Ridge,3.579682641585223
fold_municipality_grouped,4,AGC_163,3.0,B02_C3_Ridge,3.5552218747239124
fold_municipality_grouped,4,AGC_166,2.5,B02_C3_Ridge,3.87220067129769
fold_municipality_grouped,4,AGC_169,2.5,B02_C3_Ridge,3.562090684903273
fold_municipality_grouped,4,AGC_170,3.0,B02_C3_Ridge,3.647708687672936
fold_municipality_grouped,4,AGC_180,4.14,B02_C3_Ridge,3.0248349386797586
fold_municipality_grouped,4,AGC_184,4.47,B02_C3_Ridge,2.9833922492230753
fold_municipality_grouped,4,AGC_187,3.0,B02_C3_Ridge,3.601333681592094
fold_municipality_grouped,4,AGC_194,3.2,B02_C3_Ridge,3.871525910856806
fold_municipality_grouped,4,AGC_196,3.5,B02_C3_Ridge,2.9816368498836114
fold_municipality_grouped,4,AGC_001,3.5,B03_C1_CatBoost,3.1285858522992953
fold_municipality_grouped,4,AGC_004,3.0,B03_C1_CatBoost,3.853620531212073
fold_municipality_grouped,4,AGC_007,3.5,B03_C1_CatBoost,4.103979896596229
fold_municipality_grouped,4,AGC_009,4.79,B03_C1_CatBoost,2.8486206765204827
fold_municipality_grouped,4,AGC_019,3.0,B03_C1_CatBoost,3.4162965129709164
fold_municipality_grouped,4,AGC_020,3.5,B03_C1_CatBoost,2.914160138940389
fold_municipality_grouped,4,AGC_023,3.0,B03_C1_CatBoost,3.6622704852989045
fold_municipality_grouped,4,AGC_034,2.0,B03_C1_CatBoost,3.972668015122082
fold_municipality_grouped,4,AGC_035,4.68,B03_C1_CatBoost,3.0718316584413685
fold_municipality_grouped,4,AGC_037,3.5,B03_C1_CatBoost,3.8389768174802157
fold_municipality_grouped,4,AGC_038,3.3,B03_C1_CatBoost,4.25565406115426
fold_municipality_grouped,4,AGC_040,3.0,B03_C1_CatBoost,3.4931177807710014
fold_municipality_grouped,4,AGC_041,2.5,B03_C1_CatBoost,4.354848914190313
fold_municipality_grouped,4,AGC_044,3.5,B03_C1_CatBoost,2.918210193658325
fold_municipality_grouped,4,AGC_046,3.0,B03_C1_CatBoost,3.3365388458456096
fold_municipality_grouped,4,AGC_048,2.5,B03_C1_CatBoost,3.0298301834366868
fold_municipality_grouped,4,AGC_051,4.45,B03_C1_CatBoost,2.9584782234402702
fold_municipality_grouped,4,AGC_053,3.5,B03_C1_CatBoost,3.7760380294803326
fold_municipality_grouped,4,AGC_054,2.5,B03_C1_CatBoost,3.281675185004133
fold_municipality_grouped,4,AGC_058,2.5,B03_C1_CatBoost,3.8105247899948154
fold_municipality_grouped,4,AGC_059,4.41,B03_C1_CatBoost,3.108663747808155
fold_municipality_grouped,4,AGC_064,4.51,B03_C1_CatBoost,3.019121480516546
fold_municipality_grouped,4,AGC_066,3.0,B03_C1_CatBoost,3.57631296950035
fold_municipality_grouped,4,AGC_067,3.0,B03_C1_CatBoost,4.273881102067051
fold_municipality_grouped,4,AGC_068,2.5,B03_C1_CatBoost,3.5132405886550373
fold_municipality_grouped,4,AGC_070,3.3,B03_C1_CatBoost,4.179334416707832
fold_municipality_grouped,4,AGC_074,2.5,B03_C1_CatBoost,3.4879263495997748
fold_municipality_grouped,4,AGC_078,3.0,B03_C1_CatBoost,4.2053651301596915
fold_municipality_grouped,4,AGC_079,3.3,B03_C1_CatBoost,4.197379831819433
fold_municipality_grouped,4,AGC_080,3.5,B03_C1_CatBoost,4.234555976069146
fold_municipality_grouped,4,AGC_081,3.7,B03_C1_CatBoost,4.170123150349056
fold_municipality_grouped,4,AGC_083,4.61,B03_C1_CatBoost,2.8350408954783184
fold_municipality_grouped,4,AGC_084,4.54,B03_C1_CatBoost,3.0577471101461917
fold_municipality_grouped,4,AGC_089,3.0,B03_C1_CatBoost,4.094899274196848
fold_municipality_grouped,4,AGC_098,3.0,B03_C1_CatBoost,3.595291947163787
fold_municipality_grouped,4,AGC_099,3.5,B03_C1_CatBoost,3.755961048942254
fold_municipality_grouped,4,AGC_103,3.0,B03_C1_CatBoost,3.432304415711883
fold_municipality_grouped,4,AGC_112,3.0,B03_C1_CatBoost,3.4731257107853253
fold_municipality_grouped,4,AGC_114,3.0,B03_C1_CatBoost,3.094188589592761
fold_municipality_grouped,4,AGC_117,3.5,B03_C1_CatBoost,3.9339765020758932
fold_municipality_grouped,4,AGC_119,4.4,B03_C1_CatBoost,3.0491349094073996
fold_municipality_grouped,4,AGC_121,3.3,B03_C1_CatBoost,4.06158906443784
fold_municipality_grouped,4,AGC_122,3.5,B03_C1_CatBoost,3.239759568226532
fold_municipality_grouped,4,AGC_123,2.5,B03_C1_CatBoost,3.219064058731874
fold_municipality_grouped,4,AGC_134,4.52,B03_C1_CatBoost,3.124326863953584
fold_municipality_grouped,4,AGC_137,4.54,B03_C1_CatBoost,3.0345367996966104
fold_municipality_grouped,4,AGC_138,2.5,B03_C1_CatBoost,3.919753731088349
fold_municipality_grouped,4,AGC_140,3.2,B03_C1_CatBoost,4.106497027862133
fold_municipality_grouped,4,AGC_141,3.5,B03_C1_CatBoost,3.27647206773554
fold_municipality_grouped,4,AGC_144,2.5,B03_C1_CatBoost,3.150131029467218
fold_municipality_grouped,4,AGC_145,3.5,B03_C1_CatBoost,3.241393393236649
fold_municipality_grouped,4,AGC_146,4.58,B03_C1_CatBoost,2.9441560844163916
fold_municipality_grouped,4,AGC_148,3.0,B03_C1_CatBoost,4.054914087874067
fold_municipality_grouped,4,AGC_151,4.69,B03_C1_CatBoost,3.0390756419638194
fold_municipality_grouped,4,AGC_152,4.87,B03_C1_CatBoost,3.073270447132945
fold_municipality_grouped,4,AGC_157,3.0,B03_C1_CatBoost,3.549692056213189
fold_municipality_grouped,4,AGC_163,3.0,B03_C1_CatBoost,3.5413027341901966
fold_municipality_grouped,4,AGC_166,2.5,B03_C1_CatBoost,4.200103874874344
fold_municipality_grouped,4,AGC_169,2.5,B03_C1_CatBoost,3.518697224309335
fold_municipality_grouped,4,AGC_170,3.0,B03_C1_CatBoost,3.62028916660023
fold_municipality_grouped,4,AGC_180,4.14,B03_C1_CatBoost,3.1195414483992785
fold_municipality_grouped,4,AGC_184,4.47,B03_C1_CatBoost,2.8638480471306593
fold_municipality_grouped,4,AGC_187,3.0,B03_C1_CatBoost,3.4913468807235404
fold_municipality_grouped,4,AGC_194,3.2,B03_C1_CatBoost,4.21316440143903
fold_municipality_grouped,4,AGC_196,3.5,B03_C1_CatBoost,3.065664561640176
fold_municipality_grouped,4,AGC_001,3.5,B04_C0_Ridge,3.4866383649294312
fold_municipality_grouped,4,AGC_004,3.0,B04_C0_Ridge,3.724144622245762
fold_municipality_grouped,4,AGC_007,3.5,B04_C0_Ridge,3.7111779100503317
fold_municipality_grouped,4,AGC_009,4.79,B04_C0_Ridge,3.073771411696346
fold_municipality_grouped,4,AGC_019,3.0,B04_C0_Ridge,3.4924287959813163
fold_municipality_grouped,4,AGC_020,3.5,B04_C0_Ridge,2.9943509249383795
fold_municipality_grouped,4,AGC_023,3.0,B04_C0_Ridge,3.7529063521308825
fold_municipality_grouped,4,AGC_034,2.0,B04_C0_Ridge,3.741677005345269
fold_municipality_grouped,4,AGC_035,4.68,B04_C0_Ridge,3.004545447230648
fold_municipality_grouped,4,AGC_037,3.5,B04_C0_Ridge,3.6784709028366076
fold_municipality_grouped,4,AGC_038,3.3,B04_C0_Ridge,3.743709361396685
fold_municipality_grouped,4,AGC_040,3.0,B04_C0_Ridge,3.679490416567307
fold_municipality_grouped,4,AGC_041,2.5,B04_C0_Ridge,3.8404765001396015
fold_municipality_grouped,4,AGC_044,3.5,B04_C0_Ridge,2.95695287971453
fold_municipality_grouped,4,AGC_046,3.0,B04_C0_Ridge,3.5185764565211493
fold_municipality_grouped,4,AGC_048,2.5,B04_C0_Ridge,3.544228361171574
fold_municipality_grouped,4,AGC_051,4.45,B04_C0_Ridge,3.013010903963088
fold_municipality_grouped,4,AGC_053,3.5,B04_C0_Ridge,3.709157513555655
fold_municipality_grouped,4,AGC_054,2.5,B04_C0_Ridge,3.5182390445873444
fold_municipality_grouped,4,AGC_058,2.5,B04_C0_Ridge,3.6653612272270357
fold_municipality_grouped,4,AGC_059,4.41,B04_C0_Ridge,2.9984846248686203
fold_municipality_grouped,4,AGC_064,4.51,B04_C0_Ridge,3.056531355110316
fold_municipality_grouped,4,AGC_066,3.0,B04_C0_Ridge,3.6310188543316904
fold_municipality_grouped,4,AGC_067,3.0,B04_C0_Ridge,3.7760096529810396
fold_municipality_grouped,4,AGC_068,2.5,B04_C0_Ridge,3.707451751378954
fold_municipality_grouped,4,AGC_070,3.3,B04_C0_Ridge,3.921638730047797
fold_municipality_grouped,4,AGC_074,2.5,B04_C0_Ridge,3.505975183343228
fold_municipality_grouped,4,AGC_078,3.0,B04_C0_Ridge,3.713121447629618
fold_municipality_grouped,4,AGC_079,3.3,B04_C0_Ridge,3.7759682761515663
fold_municipality_grouped,4,AGC_080,3.5,B04_C0_Ridge,3.8631263649103693
fold_municipality_grouped,4,AGC_081,3.7,B04_C0_Ridge,3.900515840607166
fold_municipality_grouped,4,AGC_083,4.61,B04_C0_Ridge,3.0236811279612708
fold_municipality_grouped,4,AGC_084,4.54,B04_C0_Ridge,3.018514144189335
fold_municipality_grouped,4,AGC_089,3.0,B04_C0_Ridge,3.5691311341074625
fold_municipality_grouped,4,AGC_098,3.0,B04_C0_Ridge,3.720739999029316
fold_municipality_grouped,4,AGC_099,3.5,B04_C0_Ridge,3.6961588858563
fold_municipality_grouped,4,AGC_103,3.0,B04_C0_Ridge,3.4697592089753693
fold_municipality_grouped,4,AGC_112,3.0,B04_C0_Ridge,3.6805718882387795
fold_municipality_grouped,4,AGC_114,3.0,B04_C0_Ridge,3.5186607270679935
fold_municipality_grouped,4,AGC_117,3.5,B04_C0_Ridge,3.784373035412755
fold_municipality_grouped,4,AGC_119,4.4,B04_C0_Ridge,3.091169276055454
fold_municipality_grouped,4,AGC_121,3.3,B04_C0_Ridge,3.6966017651673413
fold_municipality_grouped,4,AGC_122,3.5,B04_C0_Ridge,3.515523317858801
fold_municipality_grouped,4,AGC_123,2.5,B04_C0_Ridge,3.486885931541242
fold_municipality_grouped,4,AGC_134,4.52,B04_C0_Ridge,3.049434932297737
fold_municipality_grouped,4,AGC_137,4.54,B04_C0_Ridge,3.015254248432482
fold_municipality_grouped,4,AGC_138,2.5,B04_C0_Ridge,3.7564393342218327
fold_municipality_grouped,4,AGC_140,3.2,B04_C0_Ridge,3.7033932064861617
fold_municipality_grouped,4,AGC_141,3.5,B04_C0_Ridge,3.614297141800477
fold_municipality_grouped,4,AGC_144,2.5,B04_C0_Ridge,3.520308340552973
fold_municipality_grouped,4,AGC_145,3.5,B04_C0_Ridge,3.581239820850049
fold_municipality_grouped,4,AGC_146,4.58,B04_C0_Ridge,3.0024945419915996
fold_municipality_grouped,4,AGC_148,3.0,B04_C0_Ridge,3.4455742838948566
fold_municipality_grouped,4,AGC_151,4.69,B04_C0_Ridge,3.1023473634019183
fold_municipality_grouped,4,AGC_152,4.87,B04_C0_Ridge,3.0270428174598063
fold_municipality_grouped,4,AGC_157,3.0,B04_C0_Ridge,3.615540422728429
fold_municipality_grouped,4,AGC_163,3.0,B04_C0_Ridge,3.6058652744772512
fold_municipality_grouped,4,AGC_166,2.5,B04_C0_Ridge,3.782922239602463
fold_municipality_grouped,4,AGC_169,2.5,B04_C0_Ridge,3.583547580566862
fold_municipality_grouped,4,AGC_170,3.0,B04_C0_Ridge,3.706921769925676
fold_municipality_grouped,4,AGC_180,4.14,B04_C0_Ridge,3.027295309739695
fold_municipality_grouped,4,AGC_184,4.47,B04_C0_Ridge,2.9889299880231417
fold_municipality_grouped,4,AGC_187,3.0,B04_C0_Ridge,3.6419673185621115
fold_municipality_grouped,4,AGC_194,3.2,B04_C0_Ridge,3.8207166964357406
fold_municipality_grouped,4,AGC_196,3.5,B04_C0_Ridge,3.001997332637897
fold_municipality_grouped,4,AGC_001,3.5,B05_C3_PLS,2.764311874218655
fold_municipality_grouped,4,AGC_004,3.0,B05_C3_PLS,3.328569339662231
fold_municipality_grouped,4,AGC_007,3.5,B05_C3_PLS,3.8551887021626197
fold_municipality_grouped,4,AGC_009,4.79,B05_C3_PLS,3.2870531089727706
fold_municipality_grouped,4,AGC_019,3.0,B05_C3_PLS,2.8564975929202063
fold_municipality_grouped,4,AGC_020,3.5,B05_C3_PLS,2.7226554879521734
fold_municipality_grouped,4,AGC_023,3.0,B05_C3_PLS,3.8762872050770665
fold_municipality_grouped,4,AGC_034,2.0,B05_C3_PLS,3.9392919613683417
fold_municipality_grouped,4,AGC_035,4.68,B05_C3_PLS,3.0079699371594772
fold_municipality_grouped,4,AGC_037,3.5,B05_C3_PLS,3.5152471046599296
fold_municipality_grouped,4,AGC_038,3.3,B05_C3_PLS,3.953248301330519
fold_municipality_grouped,4,AGC_040,3.0,B05_C3_PLS,3.366079797805791
fold_municipality_grouped,4,AGC_041,2.5,B05_C3_PLS,4.219805836409878
fold_municipality_grouped,4,AGC_044,3.5,B05_C3_PLS,2.57234577714999
fold_municipality_grouped,4,AGC_046,3.0,B05_C3_PLS,2.9818326957638956
fold_municipality_grouped,4,AGC_048,2.5,B05_C3_PLS,3.314471104532568
fold_municipality_grouped,4,AGC_051,4.45,B05_C3_PLS,2.9259394646210315
fold_municipality_grouped,4,AGC_053,3.5,B05_C3_PLS,3.530441857018185
fold_municipality_grouped,4,AGC_054,2.5,B05_C3_PLS,3.139999574359247
fold_municipality_grouped,4,AGC_058,2.5,B05_C3_PLS,3.3520722040685635
fold_municipality_grouped,4,AGC_059,4.41,B05_C3_PLS,2.7356703173927017
fold_municipality_grouped,4,AGC_064,4.51,B05_C3_PLS,3.176958093406922
fold_municipality_grouped,4,AGC_066,3.0,B05_C3_PLS,3.210438426504399
fold_municipality_grouped,4,AGC_067,3.0,B05_C3_PLS,4.0275410687234245
fold_municipality_grouped,4,AGC_068,2.5,B05_C3_PLS,3.474667941690666
fold_municipality_grouped,4,AGC_070,3.3,B05_C3_PLS,4.028990569474673
fold_municipality_grouped,4,AGC_074,2.5,B05_C3_PLS,2.6253863933711026
fold_municipality_grouped,4,AGC_078,3.0,B05_C3_PLS,3.857544015831886
fold_municipality_grouped,4,AGC_079,3.3,B05_C3_PLS,3.860501117693478
fold_municipality_grouped,4,AGC_080,3.5,B05_C3_PLS,3.8218126614160832
fold_municipality_grouped,4,AGC_081,3.7,B05_C3_PLS,4.283032507226352
fold_municipality_grouped,4,AGC_083,4.61,B05_C3_PLS,3.0112711018212774
fold_municipality_grouped,4,AGC_084,4.54,B05_C3_PLS,3.1114029755832124
fold_municipality_grouped,4,AGC_089,3.0,B05_C3_PLS,3.8020467348724463
fold_municipality_grouped,4,AGC_098,3.0,B05_C3_PLS,3.3226035049373546
fold_municipality_grouped,4,AGC_099,3.5,B05_C3_PLS,3.555732142452199
fold_municipality_grouped,4,AGC_103,3.0,B05_C3_PLS,2.7113769925340203
fold_municipality_grouped,4,AGC_112,3.0,B05_C3_PLS,3.356927134586298
fold_municipality_grouped,4,AGC_114,3.0,B05_C3_PLS,3.025897387382714
fold_municipality_grouped,4,AGC_117,3.5,B05_C3_PLS,3.7003674979539927
fold_municipality_grouped,4,AGC_119,4.4,B05_C3_PLS,3.328270171559219
fold_municipality_grouped,4,AGC_121,3.3,B05_C3_PLS,3.745799859108772
fold_municipality_grouped,4,AGC_122,3.5,B05_C3_PLS,2.73730950238127
fold_municipality_grouped,4,AGC_123,2.5,B05_C3_PLS,2.8409092562608835
fold_municipality_grouped,4,AGC_134,4.52,B05_C3_PLS,3.1089671827105128
fold_municipality_grouped,4,AGC_137,4.54,B05_C3_PLS,3.023867274461065
fold_municipality_grouped,4,AGC_138,2.5,B05_C3_PLS,3.7909755611373495
fold_municipality_grouped,4,AGC_140,3.2,B05_C3_PLS,3.929217373017043
fold_municipality_grouped,4,AGC_141,3.5,B05_C3_PLS,3.1848612452498273
fold_municipality_grouped,4,AGC_144,2.5,B05_C3_PLS,3.0080172116011523
fold_municipality_grouped,4,AGC_145,3.5,B05_C3_PLS,2.8704310633537022
fold_municipality_grouped,4,AGC_146,4.58,B05_C3_PLS,3.0264680553675616
fold_municipality_grouped,4,AGC_148,3.0,B05_C3_PLS,3.495923473236741
fold_municipality_grouped,4,AGC_151,4.69,B05_C3_PLS,3.5760428557237645
fold_municipality_grouped,4,AGC_152,4.87,B05_C3_PLS,3.0742063179243995
fold_municipality_grouped,4,AGC_157,3.0,B05_C3_PLS,3.4256297570627536
fold_municipality_grouped,4,AGC_163,3.0,B05_C3_PLS,3.208433602579878
fold_municipality_grouped,4,AGC_166,2.5,B05_C3_PLS,4.149673390624607
fold_municipality_grouped,4,AGC_169,2.5,B05_C3_PLS,3.1608310779986373
fold_municipality_grouped,4,AGC_170,3.0,B05_C3_PLS,3.6128056536495023
fold_municipality_grouped,4,AGC_180,4.14,B05_C3_PLS,2.9711932547997937
fold_municipality_grouped,4,AGC_184,4.47,B05_C3_PLS,2.8805653685262573
fold_municipality_grouped,4,AGC_187,3.0,B05_C3_PLS,3.298446790214213
fold_municipality_grouped,4,AGC_194,3.2,B05_C3_PLS,4.126585168124473
fold_municipality_grouped,4,AGC_196,3.5,B05_C3_PLS,2.840616638024042
fold_municipality_grouped,4,AGC_001,3.5,B06_C2_PLS,2.8319805584529636
fold_municipality_grouped,4,AGC_004,3.0,B06_C2_PLS,3.29128859895099
fold_municipality_grouped,4,AGC_007,3.5,B06_C2_PLS,3.7903479734879735
fold_municipality_grouped,4,AGC_009,4.79,B06_C2_PLS,3.222721296873125
fold_municipality_grouped,4,AGC_019,3.0,B06_C2_PLS,2.918800181953096
fold_municipality_grouped,4,AGC_020,3.5,B06_C2_PLS,2.743078811055003
fold_municipality_grouped,4,AGC_023,3.0,B06_C2_PLS,3.965123055361863
fold_municipality_grouped,4,AGC_034,2.0,B06_C2_PLS,3.9461362344641184
fold_municipality_grouped,4,AGC_035,4.68,B06_C2_PLS,3.0563578273887946
fold_municipality_grouped,4,AGC_037,3.5,B06_C2_PLS,3.610632186623977
fold_municipality_grouped,4,AGC_038,3.3,B06_C2_PLS,3.9266958617382426
fold_municipality_grouped,4,AGC_040,3.0,B06_C2_PLS,3.394000860504329
fold_municipality_grouped,4,AGC_041,2.5,B06_C2_PLS,4.2056071124083365
fold_municipality_grouped,4,AGC_044,3.5,B06_C2_PLS,2.5628432978597266
fold_municipality_grouped,4,AGC_046,3.0,B06_C2_PLS,3.120803885013792
fold_municipality_grouped,4,AGC_048,2.5,B06_C2_PLS,3.3027320872815826
fold_municipality_grouped,4,AGC_051,4.45,B06_C2_PLS,2.8593543360082037
fold_municipality_grouped,4,AGC_053,3.5,B06_C2_PLS,3.5921644674274003
fold_municipality_grouped,4,AGC_054,2.5,B06_C2_PLS,3.2200532058261007
fold_municipality_grouped,4,AGC_058,2.5,B06_C2_PLS,3.412587278845231
fold_municipality_grouped,4,AGC_059,4.41,B06_C2_PLS,2.6954049973401695
fold_municipality_grouped,4,AGC_064,4.51,B06_C2_PLS,3.11687883470386
fold_municipality_grouped,4,AGC_066,3.0,B06_C2_PLS,3.2258332123020828
fold_municipality_grouped,4,AGC_067,3.0,B06_C2_PLS,4.046019753068613
fold_municipality_grouped,4,AGC_068,2.5,B06_C2_PLS,3.475593274793792
fold_municipality_grouped,4,AGC_070,3.3,B06_C2_PLS,3.960620674143781
fold_municipality_grouped,4,AGC_074,2.5,B06_C2_PLS,2.722999482290012
fold_municipality_grouped,4,AGC_078,3.0,B06_C2_PLS,3.8154467104912024
fold_municipality_grouped,4,AGC_079,3.3,B06_C2_PLS,3.8167673734983
fold_municipality_grouped,4,AGC_080,3.5,B06_C2_PLS,3.7637174139539513
fold_municipality_grouped,4,AGC_081,3.7,B06_C2_PLS,4.196586016189362
fold_municipality_grouped,4,AGC_083,4.61,B06_C2_PLS,2.9894842227046654
fold_municipality_grouped,4,AGC_084,4.54,B06_C2_PLS,3.0964323145757406
fold_municipality_grouped,4,AGC_089,3.0,B06_C2_PLS,3.812838739013635
fold_municipality_grouped,4,AGC_098,3.0,B06_C2_PLS,3.3236872470248873
fold_municipality_grouped,4,AGC_099,3.5,B06_C2_PLS,3.53334489972969
fold_municipality_grouped,4,AGC_103,3.0,B06_C2_PLS,2.747978553627129
fold_municipality_grouped,4,AGC_112,3.0,B06_C2_PLS,3.402206370941362
fold_municipality_grouped,4,AGC_114,3.0,B06_C2_PLS,3.1304900390037336
fold_municipality_grouped,4,AGC_117,3.5,B06_C2_PLS,3.727804879061378
fold_municipality_grouped,4,AGC_119,4.4,B06_C2_PLS,3.261645621749738
fold_municipality_grouped,4,AGC_121,3.3,B06_C2_PLS,3.669973324673225
fold_municipality_grouped,4,AGC_122,3.5,B06_C2_PLS,2.7348078034248418
fold_municipality_grouped,4,AGC_123,2.5,B06_C2_PLS,2.8824092634818945
fold_municipality_grouped,4,AGC_134,4.52,B06_C2_PLS,2.9621210063180317
fold_municipality_grouped,4,AGC_137,4.54,B06_C2_PLS,2.8922808376697793
fold_municipality_grouped,4,AGC_138,2.5,B06_C2_PLS,3.896299450647703
fold_municipality_grouped,4,AGC_140,3.2,B06_C2_PLS,3.957308217258011
fold_municipality_grouped,4,AGC_141,3.5,B06_C2_PLS,3.222037488175123
fold_municipality_grouped,4,AGC_144,2.5,B06_C2_PLS,3.0787637952715463
fold_municipality_grouped,4,AGC_145,3.5,B06_C2_PLS,2.9197832631742693
fold_municipality_grouped,4,AGC_146,4.58,B06_C2_PLS,2.909466233607496
fold_municipality_grouped,4,AGC_148,3.0,B06_C2_PLS,3.4635699652648033
fold_municipality_grouped,4,AGC_151,4.69,B06_C2_PLS,3.353263332594205
fold_municipality_grouped,4,AGC_152,4.87,B06_C2_PLS,2.9326449210629093
fold_municipality_grouped,4,AGC_157,3.0,B06_C2_PLS,3.4769867248426807
fold_municipality_grouped,4,AGC_163,3.0,B06_C2_PLS,3.2388029251678114
fold_municipality_grouped,4,AGC_166,2.5,B06_C2_PLS,4.131714503623922
fold_municipality_grouped,4,AGC_169,2.5,B06_C2_PLS,3.1878871094624097
fold_municipality_grouped,4,AGC_170,3.0,B06_C2_PLS,3.6089789194339117
fold_municipality_grouped,4,AGC_180,4.14,B06_C2_PLS,2.8888103784907013
fold_municipality_grouped,4,AGC_184,4.47,B06_C2_PLS,2.7749894040699132
fold_municipality_grouped,4,AGC_187,3.0,B06_C2_PLS,3.307910307860182
fold_municipality_grouped,4,AGC_194,3.2,B06_C2_PLS,4.123146821216252
fold_municipality_grouped,4,AGC_196,3.5,B06_C2_PLS,2.8985574964260072
fold_municipality_grouped,4,AGC_001,3.5,B07_C1_ExtraTrees,3.26516047077922
fold_municipality_grouped,4,AGC_004,3.0,B07_C1_ExtraTrees,3.825176046176046
fold_municipality_grouped,4,AGC_007,3.5,B07_C1_ExtraTrees,4.419904166666663
fold_municipality_grouped,4,AGC_009,4.79,B07_C1_ExtraTrees,2.960456840728715
fold_municipality_grouped,4,AGC_019,3.0,B07_C1_ExtraTrees,3.5386124819624825
fold_municipality_grouped,4,AGC_020,3.5,B07_C1_ExtraTrees,2.990421987734486
fold_municipality_grouped,4,AGC_023,3.0,B07_C1_ExtraTrees,3.7256850324675326
fold_municipality_grouped,4,AGC_034,2.0,B07_C1_ExtraTrees,4.549291666666667
fold_municipality_grouped,4,AGC_035,4.68,B07_C1_ExtraTrees,2.985095535714286
fold_municipality_grouped,4,AGC_037,3.5,B07_C1_ExtraTrees,3.8187693407287147
fold_municipality_grouped,4,AGC_038,3.3,B07_C1_ExtraTrees,4.541854166666664
fold_municipality_grouped,4,AGC_040,3.0,B07_C1_ExtraTrees,3.741652554112556
fold_municipality_grouped,4,AGC_041,2.5,B07_C1_ExtraTrees,4.4755208333333325
fold_municipality_grouped,4,AGC_044,3.5,B07_C1_ExtraTrees,2.9415783369408373
fold_municipality_grouped,4,AGC_046,3.0,B07_C1_ExtraTrees,3.528759305555556
fold_municipality_grouped,4,AGC_048,2.5,B07_C1_ExtraTrees,3.0344250000000006
fold_municipality_grouped,4,AGC_051,4.45,B07_C1_ExtraTrees,2.9653835768398267
fold_municipality_grouped,4,AGC_053,3.5,B07_C1_ExtraTrees,3.832267205988456
fold_municipality_grouped,4,AGC_054,2.5,B07_C1_ExtraTrees,3.5075081069624825
fold_municipality_grouped,4,AGC_058,2.5,B07_C1_ExtraTrees,3.775602286255412
fold_municipality_grouped,4,AGC_059,4.41,B07_C1_ExtraTrees,3.039079608585857
fold_municipality_grouped,4,AGC_064,4.51,B07_C1_ExtraTrees,2.973381903860028
fold_municipality_grouped,4,AGC_066,3.0,B07_C1_ExtraTrees,3.740109439033191
fold_municipality_grouped,4,AGC_067,3.0,B07_C1_ExtraTrees,4.5673249999999905
fold_municipality_grouped,4,AGC_068,2.5,B07_C1_ExtraTrees,3.7343875640331903
fold_municipality_grouped,4,AGC_070,3.3,B07_C1_ExtraTrees,4.573491666666659
fold_municipality_grouped,4,AGC_074,2.5,B07_C1_ExtraTrees,3.4353198797730022
fold_municipality_grouped,4,AGC_078,3.0,B07_C1_ExtraTrees,4.621012499999991
fold_municipality_grouped,4,AGC_079,3.3,B07_C1_ExtraTrees,4.575754166666665
fold_municipality_grouped,4,AGC_080,3.5,B07_C1_ExtraTrees,4.519479166666665
fold_municipality_grouped,4,AGC_081,3.7,B07_C1_ExtraTrees,4.5916583333333305
fold_municipality_grouped,4,AGC_083,4.61,B07_C1_ExtraTrees,2.8975632756132756
fold_municipality_grouped,4,AGC_084,4.54,B07_C1_ExtraTrees,3.084078418109668
fold_municipality_grouped,4,AGC_089,3.0,B07_C1_ExtraTrees,4.558512499999995
fold_municipality_grouped,4,AGC_098,3.0,B07_C1_ExtraTrees,3.392842654220776
fold_municipality_grouped,4,AGC_099,3.5,B07_C1_ExtraTrees,3.761491006493508
fold_municipality_grouped,4,AGC_103,3.0,B07_C1_ExtraTrees,3.537364426406926
fold_municipality_grouped,4,AGC_112,3.0,B07_C1_ExtraTrees,3.7192065322871564
fold_municipality_grouped,4,AGC_114,3.0,B07_C1_ExtraTrees,3.4825637003968253
fold_municipality_grouped,4,AGC_117,3.5,B07_C1_ExtraTrees,3.895188961940836
fold_municipality_grouped,4,AGC_119,4.4,B07_C1_ExtraTrees,3.016811602633477
fold_municipality_grouped,4,AGC_121,3.3,B07_C1_ExtraTrees,4.5922833333333255
fold_municipality_grouped,4,AGC_122,3.5,B07_C1_ExtraTrees,3.400039392760016
fold_municipality_grouped,4,AGC_123,2.5,B07_C1_ExtraTrees,3.3486194164862932
fold_municipality_grouped,4,AGC_134,4.52,B07_C1_ExtraTrees,2.999703368506493
fold_municipality_grouped,4,AGC_137,4.54,B07_C1_ExtraTrees,2.9968846861471867
fold_municipality_grouped,4,AGC_138,2.5,B07_C1_ExtraTrees,3.8599798764430004
fold_municipality_grouped,4,AGC_140,3.2,B07_C1_ExtraTrees,4.441616666666666
fold_municipality_grouped,4,AGC_141,3.5,B07_C1_ExtraTrees,3.589353387445888
fold_municipality_grouped,4,AGC_144,2.5,B07_C1_ExtraTrees,3.4711218966450224
fold_municipality_grouped,4,AGC_145,3.5,B07_C1_ExtraTrees,3.3796320256132746
fold_municipality_grouped,4,AGC_146,4.58,B07_C1_ExtraTrees,2.961081033549782
fold_municipality_grouped,4,AGC_148,3.0,B07_C1_ExtraTrees,4.5658999999999965
fold_municipality_grouped,4,AGC_151,4.69,B07_C1_ExtraTrees,2.9830734758297264
fold_municipality_grouped,4,AGC_152,4.87,B07_C1_ExtraTrees,2.9921617649711396
fold_municipality_grouped,4,AGC_157,3.0,B07_C1_ExtraTrees,3.6240041513347747
fold_municipality_grouped,4,AGC_163,3.0,B07_C1_ExtraTrees,3.6197545977633463
fold_municipality_grouped,4,AGC_166,2.5,B07_C1_ExtraTrees,4.554737499999998
fold_municipality_grouped,4,AGC_169,2.5,B07_C1_ExtraTrees,3.699829558080809
fold_municipality_grouped,4,AGC_170,3.0,B07_C1_ExtraTrees,3.7110266892135657
fold_municipality_grouped,4,AGC_180,4.14,B07_C1_ExtraTrees,3.016778612012987
fold_municipality_grouped,4,AGC_184,4.47,B07_C1_ExtraTrees,2.921722312409811
fold_municipality_grouped,4,AGC_187,3.0,B07_C1_ExtraTrees,3.6804569291125517
fold_municipality_grouped,4,AGC_194,3.2,B07_C1_ExtraTrees,4.608237499999992
fold_municipality_grouped,4,AGC_196,3.5,B07_C1_ExtraTrees,2.9854817640692644
fold_municipality_grouped,4,AGC_001,3.5,B08_C1_PLS,0.4893547894015988
fold_municipality_grouped,4,AGC_004,3.0,B08_C1_PLS,3.1042587177632215
fold_municipality_grouped,4,AGC_007,3.5,B08_C1_PLS,3.7100331601569962
fold_municipality_grouped,4,AGC_009,4.79,B08_C1_PLS,3.211949706882193
fold_municipality_grouped,4,AGC_019,3.0,B08_C1_PLS,1.9863820930768896
fold_municipality_grouped,4,AGC_020,3.5,B08_C1_PLS,2.5794770772506914
fold_municipality_grouped,4,AGC_023,3.0,B08_C1_PLS,3.6841855439280615
fold_municipality_grouped,4,AGC_034,2.0,B08_C1_PLS,4.6098297590139055
fold_municipality_grouped,4,AGC_035,4.68,B08_C1_PLS,2.7652849980849448
fold_municipality_grouped,4,AGC_037,3.5,B08_C1_PLS,3.237419670744
fold_municipality_grouped,4,AGC_038,3.3,B08_C1_PLS,4.487384047493797
fold_municipality_grouped,4,AGC_040,3.0,B08_C1_PLS,3.3254536557813474
fold_municipality_grouped,4,AGC_041,2.5,B08_C1_PLS,4.42506971670079
fold_municipality_grouped,4,AGC_044,3.5,B08_C1_PLS,2.295292845549376
fold_municipality_grouped,4,AGC_046,3.0,B08_C1_PLS,1.736513442968123
fold_municipality_grouped,4,AGC_048,2.5,B08_C1_PLS,3.101349500440878
fold_municipality_grouped,4,AGC_051,4.45,B08_C1_PLS,2.9918845964267655
fold_municipality_grouped,4,AGC_053,3.5,B08_C1_PLS,2.923339404865783
fold_municipality_grouped,4,AGC_054,2.5,B08_C1_PLS,1.7044473351283354
fold_municipality_grouped,4,AGC_058,2.5,B08_C1_PLS,2.8741147325115275
fold_municipality_grouped,4,AGC_059,4.41,B08_C1_PLS,3.0191248817375573
fold_municipality_grouped,4,AGC_064,4.51,B08_C1_PLS,3.1006398692771673
fold_municipality_grouped,4,AGC_066,3.0,B08_C1_PLS,3.00034532068609
fold_municipality_grouped,4,AGC_067,3.0,B08_C1_PLS,3.6612306688890297
fold_municipality_grouped,4,AGC_068,2.5,B08_C1_PLS,3.154096841854253
fold_municipality_grouped,4,AGC_070,3.3,B08_C1_PLS,4.535554063772691
fold_municipality_grouped,4,AGC_074,2.5,B08_C1_PLS,1.138218591438668
fold_municipality_grouped,4,AGC_078,3.0,B08_C1_PLS,3.7961497526170844
fold_municipality_grouped,4,AGC_079,3.3,B08_C1_PLS,4.298294872283188
fold_municipality_grouped,4,AGC_080,3.5,B08_C1_PLS,3.8834979482679812
fold_municipality_grouped,4,AGC_081,3.7,B08_C1_PLS,4.0489644990053675
fold_municipality_grouped,4,AGC_083,4.61,B08_C1_PLS,2.4614625174849483
fold_municipality_grouped,4,AGC_084,4.54,B08_C1_PLS,3.7491800197865572
fold_municipality_grouped,4,AGC_089,3.0,B08_C1_PLS,3.866754929742634
fold_municipality_grouped,4,AGC_098,3.0,B08_C1_PLS,0.7530169444042025
fold_municipality_grouped,4,AGC_099,3.5,B08_C1_PLS,3.133610447192354
fold_municipality_grouped,4,AGC_103,3.0,B08_C1_PLS,2.3610354334932326
fold_municipality_grouped,4,AGC_112,3.0,B08_C1_PLS,3.2133017908066535
fold_municipality_grouped,4,AGC_114,3.0,B08_C1_PLS,1.7413051452987163
fold_municipality_grouped,4,AGC_117,3.5,B08_C1_PLS,2.884526761891328
fold_municipality_grouped,4,AGC_119,4.4,B08_C1_PLS,2.993944307185062
fold_municipality_grouped,4,AGC_121,3.3,B08_C1_PLS,3.3163956795596263
fold_municipality_grouped,4,AGC_122,3.5,B08_C1_PLS,0.6395860120337411
fold_municipality_grouped,4,AGC_123,2.5,B08_C1_PLS,0.8749970359957624
fold_municipality_grouped,4,AGC_134,4.52,B08_C1_PLS,3.3652869419370015
fold_municipality_grouped,4,AGC_137,4.54,B08_C1_PLS,3.414197764560065
fold_municipality_grouped,4,AGC_138,2.5,B08_C1_PLS,3.2901347927191136
fold_municipality_grouped,4,AGC_140,3.2,B08_C1_PLS,3.466794582166447
fold_municipality_grouped,4,AGC_141,3.5,B08_C1_PLS,2.05003661157792
fold_municipality_grouped,4,AGC_144,2.5,B08_C1_PLS,1.6531381401243994
fold_municipality_grouped,4,AGC_145,3.5,B08_C1_PLS,1.2042012545177219
fold_municipality_grouped,4,AGC_146,4.58,B08_C1_PLS,2.842522804322342
fold_municipality_grouped,4,AGC_148,3.0,B08_C1_PLS,3.6057193098733946
fold_municipality_grouped,4,AGC_151,4.69,B08_C1_PLS,3.592166511103735
fold_municipality_grouped,4,AGC_152,4.87,B08_C1_PLS,3.491958953056288
fold_municipality_grouped,4,AGC_157,3.0,B08_C1_PLS,2.021888374590163
fold_municipality_grouped,4,AGC_163,3.0,B08_C1_PLS,2.1271663029561423
fold_municipality_grouped,4,AGC_166,2.5,B08_C1_PLS,4.318475032487729
fold_municipality_grouped,4,AGC_169,2.5,B08_C1_PLS,2.953750130129566
fold_municipality_grouped,4,AGC_170,3.0,B08_C1_PLS,3.621280511570695
fold_municipality_grouped,4,AGC_180,4.14,B08_C1_PLS,3.143115166690442
fold_municipality_grouped,4,AGC_184,4.47,B08_C1_PLS,2.649363569723986
fold_municipality_grouped,4,AGC_187,3.0,B08_C1_PLS,3.017717074682274
fold_municipality_grouped,4,AGC_194,3.2,B08_C1_PLS,4.706523744135714
fold_municipality_grouped,4,AGC_196,3.5,B08_C1_PLS,3.049791122513287
fold_municipality_grouped,4,AGC_001,3.5,B09_C0_PCA_Ridge,3.1415233367652755
fold_municipality_grouped,4,AGC_004,3.0,B09_C0_PCA_Ridge,3.2813840977348545
fold_municipality_grouped,4,AGC_007,3.5,B09_C0_PCA_Ridge,3.8932596969017594
fold_municipality_grouped,4,AGC_009,4.79,B09_C0_PCA_Ridge,3.10149032645653
fold_municipality_grouped,4,AGC_019,3.0,B09_C0_PCA_Ridge,3.0572909974083915
fold_municipality_grouped,4,AGC_020,3.5,B09_C0_PCA_Ridge,2.9582155910711316
fold_municipality_grouped,4,AGC_023,3.0,B09_C0_PCA_Ridge,3.7890714385348123
fold_municipality_grouped,4,AGC_034,2.0,B09_C0_PCA_Ridge,3.9642372506525434
fold_municipality_grouped,4,AGC_035,4.68,B09_C0_PCA_Ridge,2.9300598669694478
fold_municipality_grouped,4,AGC_037,3.5,B09_C0_PCA_Ridge,3.4346722005291057
fold_municipality_grouped,4,AGC_038,3.3,B09_C0_PCA_Ridge,3.949858972481298
fold_municipality_grouped,4,AGC_040,3.0,B09_C0_PCA_Ridge,3.485378874568489
fold_municipality_grouped,4,AGC_041,2.5,B09_C0_PCA_Ridge,4.144316299482935
fold_municipality_grouped,4,AGC_044,3.5,B09_C0_PCA_Ridge,2.8699454312859447
fold_municipality_grouped,4,AGC_046,3.0,B09_C0_PCA_Ridge,3.165287923656182
fold_municipality_grouped,4,AGC_048,2.5,B09_C0_PCA_Ridge,3.4184955811643265
fold_municipality_grouped,4,AGC_051,4.45,B09_C0_PCA_Ridge,2.961634195791648
fold_municipality_grouped,4,AGC_053,3.5,B09_C0_PCA_Ridge,3.470752735169438
fold_municipality_grouped,4,AGC_054,2.5,B09_C0_PCA_Ridge,3.069535966926701
fold_municipality_grouped,4,AGC_058,2.5,B09_C0_PCA_Ridge,3.3934607352705295
fold_municipality_grouped,4,AGC_059,4.41,B09_C0_PCA_Ridge,2.948626366009822
fold_municipality_grouped,4,AGC_064,4.51,B09_C0_PCA_Ridge,3.1082246168570697
fold_municipality_grouped,4,AGC_066,3.0,B09_C0_PCA_Ridge,3.294072935919469
fold_municipality_grouped,4,AGC_067,3.0,B09_C0_PCA_Ridge,3.997707383647368
fold_municipality_grouped,4,AGC_068,2.5,B09_C0_PCA_Ridge,3.4920795923266614
fold_municipality_grouped,4,AGC_070,3.3,B09_C0_PCA_Ridge,4.077503935053102
fold_municipality_grouped,4,AGC_074,2.5,B09_C0_PCA_Ridge,3.174809910230566
fold_municipality_grouped,4,AGC_078,3.0,B09_C0_PCA_Ridge,3.8724068301940946
fold_municipality_grouped,4,AGC_079,3.3,B09_C0_PCA_Ridge,3.8899495637411334
fold_municipality_grouped,4,AGC_080,3.5,B09_C0_PCA_Ridge,4.177459455515708
fold_municipality_grouped,4,AGC_081,3.7,B09_C0_PCA_Ridge,4.1266918148417
fold_municipality_grouped,4,AGC_083,4.61,B09_C0_PCA_Ridge,3.0536620113060042
fold_municipality_grouped,4,AGC_084,4.54,B09_C0_PCA_Ridge,2.974414987296585
fold_municipality_grouped,4,AGC_089,3.0,B09_C0_PCA_Ridge,3.810124202406036
fold_municipality_grouped,4,AGC_098,3.0,B09_C0_PCA_Ridge,3.531164733793746
fold_municipality_grouped,4,AGC_099,3.5,B09_C0_PCA_Ridge,3.459548618446652
fold_municipality_grouped,4,AGC_103,3.0,B09_C0_PCA_Ridge,2.94846219270528
fold_municipality_grouped,4,AGC_112,3.0,B09_C0_PCA_Ridge,3.3430043637190376
fold_municipality_grouped,4,AGC_114,3.0,B09_C0_PCA_Ridge,3.0851431693376887
fold_municipality_grouped,4,AGC_117,3.5,B09_C0_PCA_Ridge,3.5637684638873885
fold_municipality_grouped,4,AGC_119,4.4,B09_C0_PCA_Ridge,3.1748936784928836
fold_municipality_grouped,4,AGC_121,3.3,B09_C0_PCA_Ridge,3.8652383270611606
fold_municipality_grouped,4,AGC_122,3.5,B09_C0_PCA_Ridge,2.9987776456562085
fold_municipality_grouped,4,AGC_123,2.5,B09_C0_PCA_Ridge,3.071553013463538
fold_municipality_grouped,4,AGC_134,4.52,B09_C0_PCA_Ridge,2.956308908876272
fold_municipality_grouped,4,AGC_137,4.54,B09_C0_PCA_Ridge,2.854444537090052
fold_municipality_grouped,4,AGC_138,2.5,B09_C0_PCA_Ridge,3.5613560391401227
fold_municipality_grouped,4,AGC_140,3.2,B09_C0_PCA_Ridge,3.8638259760343865
fold_municipality_grouped,4,AGC_141,3.5,B09_C0_PCA_Ridge,3.3229602481975107
fold_municipality_grouped,4,AGC_144,2.5,B09_C0_PCA_Ridge,3.176054757836398
fold_municipality_grouped,4,AGC_145,3.5,B09_C0_PCA_Ridge,3.275644387825932
fold_municipality_grouped,4,AGC_146,4.58,B09_C0_PCA_Ridge,2.94423209693451
fold_municipality_grouped,4,AGC_148,3.0,B09_C0_PCA_Ridge,3.5368234858286276
fold_municipality_grouped,4,AGC_151,4.69,B09_C0_PCA_Ridge,3.219076756880815
fold_municipality_grouped,4,AGC_152,4.87,B09_C0_PCA_Ridge,2.8782597419349747
fold_municipality_grouped,4,AGC_157,3.0,B09_C0_PCA_Ridge,3.3669067026672845
fold_municipality_grouped,4,AGC_163,3.0,B09_C0_PCA_Ridge,3.1608434083579353
fold_municipality_grouped,4,AGC_166,2.5,B09_C0_PCA_Ridge,4.019840733804911
fold_municipality_grouped,4,AGC_169,2.5,B09_C0_PCA_Ridge,3.1990127005022964
fold_municipality_grouped,4,AGC_170,3.0,B09_C0_PCA_Ridge,3.4910190953788955
fold_municipality_grouped,4,AGC_180,4.14,B09_C0_PCA_Ridge,2.9585822604098246
fold_municipality_grouped,4,AGC_184,4.47,B09_C0_PCA_Ridge,2.9040728575760157
fold_municipality_grouped,4,AGC_187,3.0,B09_C0_PCA_Ridge,3.3076030469591324
fold_municipality_grouped,4,AGC_194,3.2,B09_C0_PCA_Ridge,3.965875821502166
fold_municipality_grouped,4,AGC_196,3.5,B09_C0_PCA_Ridge,2.9406700518832696
fold_municipality_grouped,4,AGC_001,3.5,B10_C1_PCA_Ridge,3.1355931103733767
fold_municipality_grouped,4,AGC_004,3.0,B10_C1_PCA_Ridge,3.6214432562235204
fold_municipality_grouped,4,AGC_007,3.5,B10_C1_PCA_Ridge,3.9328642629038963
fold_municipality_grouped,4,AGC_009,4.79,B10_C1_PCA_Ridge,3.096498116447102
fold_municipality_grouped,4,AGC_019,3.0,B10_C1_PCA_Ridge,3.2931862734342108
fold_municipality_grouped,4,AGC_020,3.5,B10_C1_PCA_Ridge,2.8259595657074086
fold_municipality_grouped,4,AGC_023,3.0,B10_C1_PCA_Ridge,3.687450045089195
fold_municipality_grouped,4,AGC_034,2.0,B10_C1_PCA_Ridge,4.419777502030499
fold_municipality_grouped,4,AGC_035,4.68,B10_C1_PCA_Ridge,3.0308034156103165
fold_municipality_grouped,4,AGC_037,3.5,B10_C1_PCA_Ridge,3.5882865496735348
fold_municipality_grouped,4,AGC_038,3.3,B10_C1_PCA_Ridge,4.338275011042007
fold_municipality_grouped,4,AGC_040,3.0,B10_C1_PCA_Ridge,3.5500064203954005
fold_municipality_grouped,4,AGC_041,2.5,B10_C1_PCA_Ridge,4.404428197851763
fold_municipality_grouped,4,AGC_044,3.5,B10_C1_PCA_Ridge,2.8012829188560486
fold_municipality_grouped,4,AGC_046,3.0,B10_C1_PCA_Ridge,3.25366195630831
fold_municipality_grouped,4,AGC_048,2.5,B10_C1_PCA_Ridge,3.024600364503161
fold_municipality_grouped,4,AGC_051,4.45,B10_C1_PCA_Ridge,2.9845150569346908
fold_municipality_grouped,4,AGC_053,3.5,B10_C1_PCA_Ridge,3.539156298830706
fold_municipality_grouped,4,AGC_054,2.5,B10_C1_PCA_Ridge,3.3258461118191613
fold_municipality_grouped,4,AGC_058,2.5,B10_C1_PCA_Ridge,3.485251433892378
fold_municipality_grouped,4,AGC_059,4.41,B10_C1_PCA_Ridge,3.0164483137613503
fold_municipality_grouped,4,AGC_064,4.51,B10_C1_PCA_Ridge,3.094508832838877
fold_municipality_grouped,4,AGC_066,3.0,B10_C1_PCA_Ridge,3.3552297984805226
fold_municipality_grouped,4,AGC_067,3.0,B10_C1_PCA_Ridge,3.9070544344442237
fold_municipality_grouped,4,AGC_068,2.5,B10_C1_PCA_Ridge,3.599660588697048
fold_municipality_grouped,4,AGC_070,3.3,B10_C1_PCA_Ridge,4.253509780557351
fold_municipality_grouped,4,AGC_074,2.5,B10_C1_PCA_Ridge,3.1551627097802943
fold_municipality_grouped,4,AGC_078,3.0,B10_C1_PCA_Ridge,3.6557529227080314
fold_municipality_grouped,4,AGC_079,3.3,B10_C1_PCA_Ridge,4.05382903212158
fold_municipality_grouped,4,AGC_080,3.5,B10_C1_PCA_Ridge,3.825973049144573
fold_municipality_grouped,4,AGC_081,3.7,B10_C1_PCA_Ridge,3.955937865752698
fold_municipality_grouped,4,AGC_083,4.61,B10_C1_PCA_Ridge,2.9259053387665688
fold_municipality_grouped,4,AGC_084,4.54,B10_C1_PCA_Ridge,3.194103149266993
fold_municipality_grouped,4,AGC_089,3.0,B10_C1_PCA_Ridge,3.857321239672367
fold_municipality_grouped,4,AGC_098,3.0,B10_C1_PCA_Ridge,3.225065862330683
fold_municipality_grouped,4,AGC_099,3.5,B10_C1_PCA_Ridge,3.5620255771336007
fold_municipality_grouped,4,AGC_103,3.0,B10_C1_PCA_Ridge,3.264919208650182
fold_municipality_grouped,4,AGC_112,3.0,B10_C1_PCA_Ridge,3.5666572402650614
fold_municipality_grouped,4,AGC_114,3.0,B10_C1_PCA_Ridge,3.2643572530789964
fold_municipality_grouped,4,AGC_117,3.5,B10_C1_PCA_Ridge,3.659049679718432
fold_municipality_grouped,4,AGC_119,4.4,B10_C1_PCA_Ridge,3.100026475702722
fold_municipality_grouped,4,AGC_121,3.3,B10_C1_PCA_Ridge,3.3552000240297826
fold_municipality_grouped,4,AGC_122,3.5,B10_C1_PCA_Ridge,3.181908378100097
fold_municipality_grouped,4,AGC_123,2.5,B10_C1_PCA_Ridge,3.107489848003871
fold_municipality_grouped,4,AGC_134,4.52,B10_C1_PCA_Ridge,3.034476862046037
fold_municipality_grouped,4,AGC_137,4.54,B10_C1_PCA_Ridge,3.1266104932629655
fold_municipality_grouped,4,AGC_138,2.5,B10_C1_PCA_Ridge,3.7138475388593353
fold_municipality_grouped,4,AGC_140,3.2,B10_C1_PCA_Ridge,3.732171713381146
fold_municipality_grouped,4,AGC_141,3.5,B10_C1_PCA_Ridge,3.324854169592726
fold_municipality_grouped,4,AGC_144,2.5,B10_C1_PCA_Ridge,3.2519139899550327
fold_municipality_grouped,4,AGC_145,3.5,B10_C1_PCA_Ridge,3.044277991371473
fold_municipality_grouped,4,AGC_146,4.58,B10_C1_PCA_Ridge,3.0134298511639166
fold_municipality_grouped,4,AGC_148,3.0,B10_C1_PCA_Ridge,3.592238695740483
fold_municipality_grouped,4,AGC_151,4.69,B10_C1_PCA_Ridge,3.104003289774966
fold_municipality_grouped,4,AGC_152,4.87,B10_C1_PCA_Ridge,3.1630103098476647
fold_municipality_grouped,4,AGC_157,3.0,B10_C1_PCA_Ridge,3.453696329599469
fold_municipality_grouped,4,AGC_163,3.0,B10_C1_PCA_Ridge,3.415768202835477
fold_municipality_grouped,4,AGC_166,2.5,B10_C1_PCA_Ridge,4.2837802814253605
fold_municipality_grouped,4,AGC_169,2.5,B10_C1_PCA_Ridge,3.519933827153472
fold_municipality_grouped,4,AGC_170,3.0,B10_C1_PCA_Ridge,3.4480276252035007
fold_municipality_grouped,4,AGC_180,4.14,B10_C1_PCA_Ridge,3.0032437124988682
fold_municipality_grouped,4,AGC_184,4.47,B10_C1_PCA_Ridge,3.0021724235705
fold_municipality_grouped,4,AGC_187,3.0,B10_C1_PCA_Ridge,3.4611125539866183
fold_municipality_grouped,4,AGC_194,3.2,B10_C1_PCA_Ridge,4.468130969352937
fold_municipality_grouped,4,AGC_196,3.5,B10_C1_PCA_Ridge,2.8796757949167247
fold_municipality_grouped,5,AGC_001,3.5,B01_C0_PLS,3.588442567231424
fold_municipality_grouped,5,AGC_002,4.63,B01_C0_PLS,3.717560054389768
fold_municipality_grouped,5,AGC_004,3.0,B01_C0_PLS,3.969914257070514
fold_municipality_grouped,5,AGC_005,5.16,B01_C0_PLS,4.439105593936043
fold_municipality_grouped,5,AGC_006,4.49,B01_C0_PLS,3.0635965469416266
fold_municipality_grouped,5,AGC_007,3.5,B01_C0_PLS,3.4890534617206965
fold_municipality_grouped,5,AGC_008,4.55,B01_C0_PLS,3.477246523504074
fold_municipality_grouped,5,AGC_010,4.1,B01_C0_PLS,3.388898526014698
fold_municipality_grouped,5,AGC_012,4.69,B01_C0_PLS,3.7062554476699163
fold_municipality_grouped,5,AGC_013,4.01,B01_C0_PLS,3.4375474341956695
fold_municipality_grouped,5,AGC_014,4.83,B01_C0_PLS,3.7701150077319774
fold_municipality_grouped,5,AGC_015,2.64,B01_C0_PLS,3.5055521089989816
fold_municipality_grouped,5,AGC_017,4.98,B01_C0_PLS,3.5999676844496986
fold_municipality_grouped,5,AGC_018,4.49,B01_C0_PLS,3.932435409781686
fold_municipality_grouped,5,AGC_019,3.0,B01_C0_PLS,3.554670970943303
fold_municipality_grouped,5,AGC_020,3.5,B01_C0_PLS,2.715216856017527
fold_municipality_grouped,5,AGC_021,4.94,B01_C0_PLS,3.338688758477869
fold_municipality_grouped,5,AGC_022,4.55,B01_C0_PLS,3.5564712121696735
fold_municipality_grouped,5,AGC_023,3.0,B01_C0_PLS,4.214109780263843
fold_municipality_grouped,5,AGC_024,3.03,B01_C0_PLS,3.45193483828951
fold_municipality_grouped,5,AGC_026,3.55,B01_C0_PLS,3.33021090359601
fold_municipality_grouped,5,AGC_032,4.03,B01_C0_PLS,3.6365162740744363
fold_municipality_grouped,5,AGC_033,4.47,B01_C0_PLS,3.347920732351263
fold_municipality_grouped,5,AGC_034,2.0,B01_C0_PLS,3.83489461111087
fold_municipality_grouped,5,AGC_037,3.5,B01_C0_PLS,4.048099614070812
fold_municipality_grouped,5,AGC_038,3.3,B01_C0_PLS,3.839432728660583
fold_municipality_grouped,5,AGC_040,3.0,B01_C0_PLS,4.0198756764284855
fold_municipality_grouped,5,AGC_041,2.5,B01_C0_PLS,3.851096259032256
fold_municipality_grouped,5,AGC_044,3.5,B01_C0_PLS,2.8652778072406506
fold_municipality_grouped,5,AGC_045,4.1,B01_C0_PLS,3.9033012424746723
fold_municipality_grouped,5,AGC_046,3.0,B01_C0_PLS,3.6319893110447996
fold_municipality_grouped,5,AGC_047,4.45,B01_C0_PLS,3.554509009392311
fold_municipality_grouped,5,AGC_049,5.53,B01_C0_PLS,3.4231740886136373
fold_municipality_grouped,5,AGC_051,4.45,B01_C0_PLS,3.839036200917038
fold_municipality_grouped,5,AGC_053,3.5,B01_C0_PLS,4.287880360036252
fold_municipality_grouped,5,AGC_054,2.5,B01_C0_PLS,3.7233881521521575
fold_municipality_grouped,5,AGC_055,5.45,B01_C0_PLS,3.730686461311404
fold_municipality_grouped,5,AGC_056,5.07,B01_C0_PLS,3.1933727786781665
fold_municipality_grouped,5,AGC_057,4.55,B01_C0_PLS,3.332896932224954
fold_municipality_grouped,5,AGC_058,2.5,B01_C0_PLS,4.18458786322459
fold_municipality_grouped,5,AGC_059,4.41,B01_C0_PLS,3.9540788689942836
fold_municipality_grouped,5,AGC_060,4.52,B01_C0_PLS,3.488710655147092
fold_municipality_grouped,5,AGC_062,3.81,B01_C0_PLS,3.2956417520182817
fold_municipality_grouped,5,AGC_066,3.0,B01_C0_PLS,4.016292924700571
fold_municipality_grouped,5,AGC_067,3.0,B01_C0_PLS,3.984480157760596
fold_municipality_grouped,5,AGC_068,2.5,B01_C0_PLS,3.930331739044239
fold_municipality_grouped,5,AGC_069,5.46,B01_C0_PLS,3.8435221190514985
fold_municipality_grouped,5,AGC_070,3.3,B01_C0_PLS,3.8943657660222404
fold_municipality_grouped,5,AGC_072,4.55,B01_C0_PLS,3.1647331779567254
fold_municipality_grouped,5,AGC_073,4.3,B01_C0_PLS,3.275721590543677
fold_municipality_grouped,5,AGC_074,2.5,B01_C0_PLS,3.7317726554626027
fold_municipality_grouped,5,AGC_077,4.76,B01_C0_PLS,3.264307912962937
fold_municipality_grouped,5,AGC_078,3.0,B01_C0_PLS,3.5145994614399183
fold_municipality_grouped,5,AGC_079,3.3,B01_C0_PLS,3.5137789079234927
fold_municipality_grouped,5,AGC_080,3.5,B01_C0_PLS,3.56409623705803
fold_municipality_grouped,5,AGC_081,3.7,B01_C0_PLS,4.159523855654846
fold_municipality_grouped,5,AGC_084,4.54,B01_C0_PLS,4.473040529994535
fold_municipality_grouped,5,AGC_089,3.0,B01_C0_PLS,3.544395416407226
fold_municipality_grouped,5,AGC_090,4.68,B01_C0_PLS,3.5433054914663793
fold_municipality_grouped,5,AGC_092,4.57,B01_C0_PLS,3.024998397636307
fold_municipality_grouped,5,AGC_096,4.59,B01_C0_PLS,3.2619688776532834
fold_municipality_grouped,5,AGC_097,4.69,B01_C0_PLS,3.3365979628723745
fold_municipality_grouped,5,AGC_098,3.0,B01_C0_PLS,3.8662861140237776
fold_municipality_grouped,5,AGC_099,3.5,B01_C0_PLS,4.487605304048172
fold_municipality_grouped,5,AGC_100,4.5,B01_C0_PLS,3.5980601773451166
fold_municipality_grouped,5,AGC_101,4.57,B01_C0_PLS,3.2546422067404346
fold_municipality_grouped,5,AGC_102,4.4,B01_C0_PLS,3.377883658166479
fold_municipality_grouped,5,AGC_103,3.0,B01_C0_PLS,3.4545323376164108
fold_municipality_grouped,5,AGC_104,4.56,B01_C0_PLS,3.4913064564669645
fold_municipality_grouped,5,AGC_105,4.41,B01_C0_PLS,3.587794305285575
fold_municipality_grouped,5,AGC_106,4.43,B01_C0_PLS,3.249668590175406
fold_municipality_grouped,5,AGC_108,4.51,B01_C0_PLS,3.339798301831294
fold_municipality_grouped,5,AGC_109,4.54,B01_C0_PLS,3.2482025529728222
fold_municipality_grouped,5,AGC_110,4.18,B01_C0_PLS,3.3476454230021284
fold_municipality_grouped,5,AGC_111,4.72,B01_C0_PLS,3.2810140394409033
fold_municipality_grouped,5,AGC_112,3.0,B01_C0_PLS,3.9943171367676316
fold_municipality_grouped,5,AGC_114,3.0,B01_C0_PLS,3.8206142267720677
fold_municipality_grouped,5,AGC_115,4.6,B01_C0_PLS,3.316168143376679
fold_municipality_grouped,5,AGC_117,3.5,B01_C0_PLS,4.412733430378681
fold_municipality_grouped,5,AGC_121,3.3,B01_C0_PLS,3.4848823394114814
fold_municipality_grouped,5,AGC_122,3.5,B01_C0_PLS,3.356477617625068
fold_municipality_grouped,5,AGC_123,2.5,B01_C0_PLS,3.54663902425788
fold_municipality_grouped,5,AGC_124,5.05,B01_C0_PLS,3.603153316955188
fold_municipality_grouped,5,AGC_125,4.06,B01_C0_PLS,3.6957627247452502
fold_municipality_grouped,5,AGC_127,5.57,B01_C0_PLS,4.109131961283417
fold_municipality_grouped,5,AGC_131,4.89,B01_C0_PLS,3.877362556139944
fold_municipality_grouped,5,AGC_132,4.13,B01_C0_PLS,3.451336468119424
fold_municipality_grouped,5,AGC_133,3.91,B01_C0_PLS,3.736627496936704
fold_municipality_grouped,5,AGC_134,4.52,B01_C0_PLS,4.121917208398815
fold_municipality_grouped,5,AGC_135,4.49,B01_C0_PLS,3.123403613507083
fold_municipality_grouped,5,AGC_137,4.54,B01_C0_PLS,4.282514815994014
fold_municipality_grouped,5,AGC_138,2.5,B01_C0_PLS,4.3136327817817355
fold_municipality_grouped,5,AGC_139,4.67,B01_C0_PLS,3.4342894113957203
fold_municipality_grouped,5,AGC_140,3.2,B01_C0_PLS,3.5375889573176216
fold_municipality_grouped,5,AGC_141,3.5,B01_C0_PLS,4.050755441981944
fold_municipality_grouped,5,AGC_144,2.5,B01_C0_PLS,3.6805697265730446
fold_municipality_grouped,5,AGC_145,3.5,B01_C0_PLS,3.8893301393555966
fold_municipality_grouped,5,AGC_146,4.58,B01_C0_PLS,4.4912465859823545
fold_municipality_grouped,5,AGC_148,3.0,B01_C0_PLS,3.2949146355130834
fold_municipality_grouped,5,AGC_150,4.52,B01_C0_PLS,3.6366594326692803
fold_municipality_grouped,5,AGC_151,4.69,B01_C0_PLS,4.867776798630567
fold_municipality_grouped,5,AGC_152,4.87,B01_C0_PLS,4.61776142046953
fold_municipality_grouped,5,AGC_155,4.52,B01_C0_PLS,3.9292146470177687
fold_municipality_grouped,5,AGC_157,3.0,B01_C0_PLS,4.031907253468334
fold_municipality_grouped,5,AGC_159,4.77,B01_C0_PLS,3.745462608724984
fold_municipality_grouped,5,AGC_160,3.62,B01_C0_PLS,3.8673467682022427
fold_municipality_grouped,5,AGC_161,4.46,B01_C0_PLS,3.7311203418904575
fold_municipality_grouped,5,AGC_162,5.59,B01_C0_PLS,3.0586049354893166
fold_municipality_grouped,5,AGC_163,3.0,B01_C0_PLS,3.8889892288408583
fold_municipality_grouped,5,AGC_164,3.0,B01_C0_PLS,4.195715575580101
fold_municipality_grouped,5,AGC_165,4.44,B01_C0_PLS,3.299220937166423
fold_municipality_grouped,5,AGC_166,2.5,B01_C0_PLS,3.916944677334241
fold_municipality_grouped,5,AGC_167,4.54,B01_C0_PLS,3.690259180666738
fold_municipality_grouped,5,AGC_168,4.49,B01_C0_PLS,3.532181999150669
fold_municipality_grouped,5,AGC_169,2.5,B01_C0_PLS,3.786142602049799
fold_municipality_grouped,5,AGC_170,3.0,B01_C0_PLS,4.3112830211380855
fold_municipality_grouped,5,AGC_171,2.15,B01_C0_PLS,3.336566814743546
fold_municipality_grouped,5,AGC_172,5.19,B01_C0_PLS,3.1721096256081207
fold_municipality_grouped,5,AGC_176,4.38,B01_C0_PLS,3.3313309030503686
fold_municipality_grouped,5,AGC_178,4.39,B01_C0_PLS,3.2110317431869384
fold_municipality_grouped,5,AGC_179,4.55,B01_C0_PLS,3.5006556441361556
fold_municipality_grouped,5,AGC_180,4.14,B01_C0_PLS,3.887769904741047
fold_municipality_grouped,5,AGC_181,4.51,B01_C0_PLS,3.279712371067157
fold_municipality_grouped,5,AGC_184,4.47,B01_C0_PLS,4.201640636388763
fold_municipality_grouped,5,AGC_185,5.01,B01_C0_PLS,3.5864410688812924
fold_municipality_grouped,5,AGC_187,3.0,B01_C0_PLS,3.951933685027642
fold_municipality_grouped,5,AGC_189,4.03,B01_C0_PLS,3.4833580934893904
fold_municipality_grouped,5,AGC_193,4.57,B01_C0_PLS,3.3534031287617236
fold_municipality_grouped,5,AGC_194,3.2,B01_C0_PLS,4.066117022872165
fold_municipality_grouped,5,AGC_195,3.68,B01_C0_PLS,3.2946942884623223
fold_municipality_grouped,5,AGC_196,3.5,B01_C0_PLS,3.183468066631326
fold_municipality_grouped,5,AGC_197,4.52,B01_C0_PLS,3.2105978426703876
fold_municipality_grouped,5,AGC_001,3.5,B02_C3_Ridge,3.6291973978228667
fold_municipality_grouped,5,AGC_002,4.63,B02_C3_Ridge,3.5520174655556316
fold_municipality_grouped,5,AGC_004,3.0,B02_C3_Ridge,4.162373099618518
fold_municipality_grouped,5,AGC_005,5.16,B02_C3_Ridge,3.9058180337819772
fold_municipality_grouped,5,AGC_006,4.49,B02_C3_Ridge,3.2551574747882017
fold_municipality_grouped,5,AGC_007,3.5,B02_C3_Ridge,3.5727716804089775
fold_municipality_grouped,5,AGC_008,4.55,B02_C3_Ridge,3.3592699190307593
fold_municipality_grouped,5,AGC_010,4.1,B02_C3_Ridge,3.3920934715776667
fold_municipality_grouped,5,AGC_012,4.69,B02_C3_Ridge,3.639977014142504
fold_municipality_grouped,5,AGC_013,4.01,B02_C3_Ridge,3.468418001814918
fold_municipality_grouped,5,AGC_014,4.83,B02_C3_Ridge,3.6056420696891025
fold_municipality_grouped,5,AGC_015,2.64,B02_C3_Ridge,3.408908788520563
fold_municipality_grouped,5,AGC_017,4.98,B02_C3_Ridge,3.487190511566931
fold_municipality_grouped,5,AGC_018,4.49,B02_C3_Ridge,3.6018281096751643
fold_municipality_grouped,5,AGC_019,3.0,B02_C3_Ridge,3.611118715264981
fold_municipality_grouped,5,AGC_020,3.5,B02_C3_Ridge,2.716610535632135
fold_municipality_grouped,5,AGC_021,4.94,B02_C3_Ridge,3.312181380742237
fold_municipality_grouped,5,AGC_022,4.55,B02_C3_Ridge,3.3727610646742163
fold_municipality_grouped,5,AGC_023,3.0,B02_C3_Ridge,4.0490079678839175
fold_municipality_grouped,5,AGC_024,3.03,B02_C3_Ridge,3.357082459405632
fold_municipality_grouped,5,AGC_026,3.55,B02_C3_Ridge,3.2925278371940765
fold_municipality_grouped,5,AGC_032,4.03,B02_C3_Ridge,3.4421879255365924
fold_municipality_grouped,5,AGC_033,4.47,B02_C3_Ridge,3.4044915898783414
fold_municipality_grouped,5,AGC_034,2.0,B02_C3_Ridge,3.8974922207067593
fold_municipality_grouped,5,AGC_037,3.5,B02_C3_Ridge,4.009595598576765
fold_municipality_grouped,5,AGC_038,3.3,B02_C3_Ridge,4.067830053429377
fold_municipality_grouped,5,AGC_040,3.0,B02_C3_Ridge,4.0113469464695815
fold_municipality_grouped,5,AGC_041,2.5,B02_C3_Ridge,3.843355145773092
fold_municipality_grouped,5,AGC_044,3.5,B02_C3_Ridge,2.911006559191696
fold_municipality_grouped,5,AGC_045,4.1,B02_C3_Ridge,3.5970589719143047
fold_municipality_grouped,5,AGC_046,3.0,B02_C3_Ridge,3.651187458221082
fold_municipality_grouped,5,AGC_047,4.45,B02_C3_Ridge,3.146921627693426
fold_municipality_grouped,5,AGC_049,5.53,B02_C3_Ridge,3.4253573155573886
fold_municipality_grouped,5,AGC_051,4.45,B02_C3_Ridge,3.654050813692562
fold_municipality_grouped,5,AGC_053,3.5,B02_C3_Ridge,4.175565916790354
fold_municipality_grouped,5,AGC_054,2.5,B02_C3_Ridge,3.796418188599258
fold_municipality_grouped,5,AGC_055,5.45,B02_C3_Ridge,3.5343208315610175
fold_municipality_grouped,5,AGC_056,5.07,B02_C3_Ridge,3.230300042704009
fold_municipality_grouped,5,AGC_057,4.55,B02_C3_Ridge,3.377146706415646
fold_municipality_grouped,5,AGC_058,2.5,B02_C3_Ridge,4.05269193032707
fold_municipality_grouped,5,AGC_059,4.41,B02_C3_Ridge,3.660388345022576
fold_municipality_grouped,5,AGC_060,4.52,B02_C3_Ridge,3.425071104472917
fold_municipality_grouped,5,AGC_062,3.81,B02_C3_Ridge,3.255945571218222
fold_municipality_grouped,5,AGC_066,3.0,B02_C3_Ridge,4.0641063796297265
fold_municipality_grouped,5,AGC_067,3.0,B02_C3_Ridge,3.8358219536706804
fold_municipality_grouped,5,AGC_068,2.5,B02_C3_Ridge,4.064173093319348
fold_municipality_grouped,5,AGC_069,5.46,B02_C3_Ridge,3.5163652679191078
fold_municipality_grouped,5,AGC_070,3.3,B02_C3_Ridge,3.890571611961415
fold_municipality_grouped,5,AGC_072,4.55,B02_C3_Ridge,3.295555169319564
fold_municipality_grouped,5,AGC_073,4.3,B02_C3_Ridge,3.2426126541749856
fold_municipality_grouped,5,AGC_074,2.5,B02_C3_Ridge,3.555264266484395
fold_municipality_grouped,5,AGC_077,4.76,B02_C3_Ridge,3.246369015471779
fold_municipality_grouped,5,AGC_078,3.0,B02_C3_Ridge,3.7413098109809133
fold_municipality_grouped,5,AGC_079,3.3,B02_C3_Ridge,3.5971251775591884
fold_municipality_grouped,5,AGC_080,3.5,B02_C3_Ridge,3.506779369731071
fold_municipality_grouped,5,AGC_081,3.7,B02_C3_Ridge,4.0744389264881
fold_municipality_grouped,5,AGC_084,4.54,B02_C3_Ridge,4.282919877521676
fold_municipality_grouped,5,AGC_089,3.0,B02_C3_Ridge,3.5981774796736103
fold_municipality_grouped,5,AGC_090,4.68,B02_C3_Ridge,3.4480379441750437
fold_municipality_grouped,5,AGC_092,4.57,B02_C3_Ridge,3.108050746293929
fold_municipality_grouped,5,AGC_096,4.59,B02_C3_Ridge,3.196764078838303
fold_municipality_grouped,5,AGC_097,4.69,B02_C3_Ridge,3.29985601153584
fold_municipality_grouped,5,AGC_098,3.0,B02_C3_Ridge,3.8781927359885646
fold_municipality_grouped,5,AGC_099,3.5,B02_C3_Ridge,4.2261053686288825
fold_municipality_grouped,5,AGC_100,4.5,B02_C3_Ridge,3.4153440017899506
fold_municipality_grouped,5,AGC_101,4.57,B02_C3_Ridge,3.173347327584605
fold_municipality_grouped,5,AGC_102,4.4,B02_C3_Ridge,3.238135526171611
fold_municipality_grouped,5,AGC_103,3.0,B02_C3_Ridge,3.5811545333931765
fold_municipality_grouped,5,AGC_104,4.56,B02_C3_Ridge,3.3749026039093684
fold_municipality_grouped,5,AGC_105,4.41,B02_C3_Ridge,3.4345042277633646
fold_municipality_grouped,5,AGC_106,4.43,B02_C3_Ridge,3.272486402440874
fold_municipality_grouped,5,AGC_108,4.51,B02_C3_Ridge,3.2746117235675807
fold_municipality_grouped,5,AGC_109,4.54,B02_C3_Ridge,3.2679652371668833
fold_municipality_grouped,5,AGC_110,4.18,B02_C3_Ridge,3.295993504949629
fold_municipality_grouped,5,AGC_111,4.72,B02_C3_Ridge,3.303635391568322
fold_municipality_grouped,5,AGC_112,3.0,B02_C3_Ridge,4.060758734189599
fold_municipality_grouped,5,AGC_114,3.0,B02_C3_Ridge,3.787018165381376
fold_municipality_grouped,5,AGC_115,4.6,B02_C3_Ridge,3.2889047025316738
fold_municipality_grouped,5,AGC_117,3.5,B02_C3_Ridge,4.2691998656650325
fold_municipality_grouped,5,AGC_121,3.3,B02_C3_Ridge,3.6258081325248455
fold_municipality_grouped,5,AGC_122,3.5,B02_C3_Ridge,3.5041122407768723
fold_municipality_grouped,5,AGC_123,2.5,B02_C3_Ridge,3.6175941471736635
fold_municipality_grouped,5,AGC_124,5.05,B02_C3_Ridge,3.4938790461796905
fold_municipality_grouped,5,AGC_125,4.06,B02_C3_Ridge,3.5518483351281884
fold_municipality_grouped,5,AGC_127,5.57,B02_C3_Ridge,3.8654514787542515
fold_municipality_grouped,5,AGC_131,4.89,B02_C3_Ridge,3.5262999948779066
fold_municipality_grouped,5,AGC_132,4.13,B02_C3_Ridge,3.497784242456019
fold_municipality_grouped,5,AGC_133,3.91,B02_C3_Ridge,3.6544831774494524
fold_municipality_grouped,5,AGC_134,4.52,B02_C3_Ridge,4.1197454091921095
fold_municipality_grouped,5,AGC_135,4.49,B02_C3_Ridge,3.2177717741098304
fold_municipality_grouped,5,AGC_137,4.54,B02_C3_Ridge,4.176832953957601
fold_municipality_grouped,5,AGC_138,2.5,B02_C3_Ridge,4.171935980210988
fold_municipality_grouped,5,AGC_139,4.67,B02_C3_Ridge,3.362068348261598
fold_municipality_grouped,5,AGC_140,3.2,B02_C3_Ridge,3.5859331022202117
fold_municipality_grouped,5,AGC_141,3.5,B02_C3_Ridge,4.005786256084454
fold_municipality_grouped,5,AGC_144,2.5,B02_C3_Ridge,3.674136502281213
fold_municipality_grouped,5,AGC_145,3.5,B02_C3_Ridge,3.6629747921423506
fold_municipality_grouped,5,AGC_146,4.58,B02_C3_Ridge,4.185445527581696
fold_municipality_grouped,5,AGC_148,3.0,B02_C3_Ridge,3.60035529921186
fold_municipality_grouped,5,AGC_150,4.52,B02_C3_Ridge,3.457393610460303
fold_municipality_grouped,5,AGC_151,4.69,B02_C3_Ridge,4.314566125745203
fold_municipality_grouped,5,AGC_152,4.87,B02_C3_Ridge,4.4851161387132565
fold_municipality_grouped,5,AGC_155,4.52,B02_C3_Ridge,3.6185092829395895
fold_municipality_grouped,5,AGC_157,3.0,B02_C3_Ridge,4.031306360796173
fold_municipality_grouped,5,AGC_159,4.77,B02_C3_Ridge,3.5653188535066875
fold_municipality_grouped,5,AGC_160,3.62,B02_C3_Ridge,3.6516258507034225
fold_municipality_grouped,5,AGC_161,4.46,B02_C3_Ridge,3.614475375685368
fold_municipality_grouped,5,AGC_162,5.59,B02_C3_Ridge,3.1342756811845947
fold_municipality_grouped,5,AGC_163,3.0,B02_C3_Ridge,4.010677351184613
fold_municipality_grouped,5,AGC_164,3.0,B02_C3_Ridge,4.0181788454131215
fold_municipality_grouped,5,AGC_165,4.44,B02_C3_Ridge,3.338079618006235
fold_municipality_grouped,5,AGC_166,2.5,B02_C3_Ridge,3.977427371096987
fold_municipality_grouped,5,AGC_167,4.54,B02_C3_Ridge,3.569086302657792
fold_municipality_grouped,5,AGC_168,4.49,B02_C3_Ridge,3.4414974230567896
fold_municipality_grouped,5,AGC_169,2.5,B02_C3_Ridge,3.974940088609039
fold_municipality_grouped,5,AGC_170,3.0,B02_C3_Ridge,4.22099151162403
fold_municipality_grouped,5,AGC_171,2.15,B02_C3_Ridge,3.2576906121581994
fold_municipality_grouped,5,AGC_172,5.19,B02_C3_Ridge,3.320693106223837
fold_municipality_grouped,5,AGC_176,4.38,B02_C3_Ridge,3.3418304198014264
fold_municipality_grouped,5,AGC_178,4.39,B02_C3_Ridge,3.1286254510323723
fold_municipality_grouped,5,AGC_179,4.55,B02_C3_Ridge,3.4603793312645954
fold_municipality_grouped,5,AGC_180,4.14,B02_C3_Ridge,3.869735956643606
fold_municipality_grouped,5,AGC_181,4.51,B02_C3_Ridge,3.29684766553886
fold_municipality_grouped,5,AGC_184,4.47,B02_C3_Ridge,3.961495557908619
fold_municipality_grouped,5,AGC_185,5.01,B02_C3_Ridge,3.408800966430154
fold_municipality_grouped,5,AGC_187,3.0,B02_C3_Ridge,3.9521212924561286
fold_municipality_grouped,5,AGC_189,4.03,B02_C3_Ridge,3.3574935087443136
fold_municipality_grouped,5,AGC_193,4.57,B02_C3_Ridge,3.2438651939682743
fold_municipality_grouped,5,AGC_194,3.2,B02_C3_Ridge,4.170105039778437
fold_municipality_grouped,5,AGC_195,3.68,B02_C3_Ridge,3.2567166544961434
fold_municipality_grouped,5,AGC_196,3.5,B02_C3_Ridge,3.141671818966861
fold_municipality_grouped,5,AGC_197,4.52,B02_C3_Ridge,3.127125278728104
fold_municipality_grouped,5,AGC_001,3.5,B03_C1_CatBoost,3.3444087828130193
fold_municipality_grouped,5,AGC_002,4.63,B03_C1_CatBoost,3.7836847940590133
fold_municipality_grouped,5,AGC_004,3.0,B03_C1_CatBoost,4.281013780472193
fold_municipality_grouped,5,AGC_005,5.16,B03_C1_CatBoost,4.251848161460401
fold_municipality_grouped,5,AGC_006,4.49,B03_C1_CatBoost,3.5207589485038397
fold_municipality_grouped,5,AGC_007,3.5,B03_C1_CatBoost,3.8082130212221728
fold_municipality_grouped,5,AGC_008,4.55,B03_C1_CatBoost,3.4608744069328736
fold_municipality_grouped,5,AGC_010,4.1,B03_C1_CatBoost,3.5844126501973506
fold_municipality_grouped,5,AGC_012,4.69,B03_C1_CatBoost,4.004690510805972
fold_municipality_grouped,5,AGC_013,4.01,B03_C1_CatBoost,3.578508125855251
fold_municipality_grouped,5,AGC_014,4.83,B03_C1_CatBoost,4.020553700407731
fold_municipality_grouped,5,AGC_015,2.64,B03_C1_CatBoost,3.8033696086803275
fold_municipality_grouped,5,AGC_017,4.98,B03_C1_CatBoost,3.7973106441455116
fold_municipality_grouped,5,AGC_018,4.49,B03_C1_CatBoost,3.7969702885034167
fold_municipality_grouped,5,AGC_019,3.0,B03_C1_CatBoost,3.5028346761701243
fold_municipality_grouped,5,AGC_020,3.5,B03_C1_CatBoost,3.092322906613248
fold_municipality_grouped,5,AGC_021,4.94,B03_C1_CatBoost,3.672443197702478
fold_municipality_grouped,5,AGC_022,4.55,B03_C1_CatBoost,3.1618329863849794
fold_municipality_grouped,5,AGC_023,3.0,B03_C1_CatBoost,3.6748578350904424
fold_municipality_grouped,5,AGC_024,3.03,B03_C1_CatBoost,3.447873528755963
fold_municipality_grouped,5,AGC_026,3.55,B03_C1_CatBoost,3.375845392940448
fold_municipality_grouped,5,AGC_032,4.03,B03_C1_CatBoost,3.3593502573830847
fold_municipality_grouped,5,AGC_033,4.47,B03_C1_CatBoost,3.560837072049196
fold_municipality_grouped,5,AGC_034,2.0,B03_C1_CatBoost,3.90892930377845
fold_municipality_grouped,5,AGC_037,3.5,B03_C1_CatBoost,3.9867180399895688
fold_municipality_grouped,5,AGC_038,3.3,B03_C1_CatBoost,4.055309363935379
fold_municipality_grouped,5,AGC_040,3.0,B03_C1_CatBoost,4.311222046422586
fold_municipality_grouped,5,AGC_041,2.5,B03_C1_CatBoost,4.091381400225686
fold_municipality_grouped,5,AGC_044,3.5,B03_C1_CatBoost,3.1002601678285373
fold_municipality_grouped,5,AGC_045,4.1,B03_C1_CatBoost,3.8391802567498416
fold_municipality_grouped,5,AGC_046,3.0,B03_C1_CatBoost,3.587742947298125
fold_municipality_grouped,5,AGC_047,4.45,B03_C1_CatBoost,3.1765799193520934
fold_municipality_grouped,5,AGC_049,5.53,B03_C1_CatBoost,3.8435125604885343
fold_municipality_grouped,5,AGC_051,4.45,B03_C1_CatBoost,3.8705524695781435
fold_municipality_grouped,5,AGC_053,3.5,B03_C1_CatBoost,4.001715666964628
fold_municipality_grouped,5,AGC_054,2.5,B03_C1_CatBoost,3.3617843362179656
fold_municipality_grouped,5,AGC_055,5.45,B03_C1_CatBoost,3.8720287523292143
fold_municipality_grouped,5,AGC_056,5.07,B03_C1_CatBoost,3.5270414424936973
fold_municipality_grouped,5,AGC_057,4.55,B03_C1_CatBoost,3.588224557857586
fold_municipality_grouped,5,AGC_058,2.5,B03_C1_CatBoost,4.051044850656581
fold_municipality_grouped,5,AGC_059,4.41,B03_C1_CatBoost,3.80306888899932
fold_municipality_grouped,5,AGC_060,4.52,B03_C1_CatBoost,3.5180793762927465
fold_municipality_grouped,5,AGC_062,3.81,B03_C1_CatBoost,3.165053361818991
fold_municipality_grouped,5,AGC_066,3.0,B03_C1_CatBoost,3.787742690062487
fold_municipality_grouped,5,AGC_067,3.0,B03_C1_CatBoost,3.6509984370174493
fold_municipality_grouped,5,AGC_068,2.5,B03_C1_CatBoost,4.1214424342778955
fold_municipality_grouped,5,AGC_069,5.46,B03_C1_CatBoost,3.844845310036817
fold_municipality_grouped,5,AGC_070,3.3,B03_C1_CatBoost,4.356355201078486
fold_municipality_grouped,5,AGC_072,4.55,B03_C1_CatBoost,3.668117997794866
fold_municipality_grouped,5,AGC_073,4.3,B03_C1_CatBoost,3.1457106706446893
fold_municipality_grouped,5,AGC_074,2.5,B03_C1_CatBoost,3.5310181281911923
fold_municipality_grouped,5,AGC_077,4.76,B03_C1_CatBoost,3.097922323416185
fold_municipality_grouped,5,AGC_078,3.0,B03_C1_CatBoost,3.9180938088259154
fold_municipality_grouped,5,AGC_079,3.3,B03_C1_CatBoost,4.148467332780001
fold_municipality_grouped,5,AGC_080,3.5,B03_C1_CatBoost,3.7118062984731637
fold_municipality_grouped,5,AGC_081,3.7,B03_C1_CatBoost,4.227017625802318
fold_municipality_grouped,5,AGC_084,4.54,B03_C1_CatBoost,4.16517040726481
fold_municipality_grouped,5,AGC_089,3.0,B03_C1_CatBoost,3.717401842646723
fold_municipality_grouped,5,AGC_090,4.68,B03_C1_CatBoost,3.689407033301336
fold_municipality_grouped,5,AGC_092,4.57,B03_C1_CatBoost,3.5097216783093472
fold_municipality_grouped,5,AGC_096,4.59,B03_C1_CatBoost,3.1350684624258633
fold_municipality_grouped,5,AGC_097,4.69,B03_C1_CatBoost,3.581021988784869
fold_municipality_grouped,5,AGC_098,3.0,B03_C1_CatBoost,3.431902353716964
fold_municipality_grouped,5,AGC_099,3.5,B03_C1_CatBoost,4.130942405764472
fold_municipality_grouped,5,AGC_100,4.5,B03_C1_CatBoost,3.5048742634276664
fold_municipality_grouped,5,AGC_101,4.57,B03_C1_CatBoost,3.149311989735594
fold_municipality_grouped,5,AGC_102,4.4,B03_C1_CatBoost,3.205868322492506
fold_municipality_grouped,5,AGC_103,3.0,B03_C1_CatBoost,3.559929847867153
fold_municipality_grouped,5,AGC_104,4.56,B03_C1_CatBoost,3.506612136237493
fold_municipality_grouped,5,AGC_105,4.41,B03_C1_CatBoost,3.7209208601915407
fold_municipality_grouped,5,AGC_106,4.43,B03_C1_CatBoost,3.325501782886249
fold_municipality_grouped,5,AGC_108,4.51,B03_C1_CatBoost,3.456884545921355
fold_municipality_grouped,5,AGC_109,4.54,B03_C1_CatBoost,3.4776970469951607
fold_municipality_grouped,5,AGC_110,4.18,B03_C1_CatBoost,3.535051593203548
fold_municipality_grouped,5,AGC_111,4.72,B03_C1_CatBoost,3.4464275886858786
fold_municipality_grouped,5,AGC_112,3.0,B03_C1_CatBoost,4.118787111705842
fold_municipality_grouped,5,AGC_114,3.0,B03_C1_CatBoost,3.7195670045676934
fold_municipality_grouped,5,AGC_115,4.6,B03_C1_CatBoost,3.1597285530497174
fold_municipality_grouped,5,AGC_117,3.5,B03_C1_CatBoost,4.046035716780779
fold_municipality_grouped,5,AGC_121,3.3,B03_C1_CatBoost,3.8343733834283285
fold_municipality_grouped,5,AGC_122,3.5,B03_C1_CatBoost,3.4602382417736237
fold_municipality_grouped,5,AGC_123,2.5,B03_C1_CatBoost,3.366225061723185
fold_municipality_grouped,5,AGC_124,5.05,B03_C1_CatBoost,3.6741678630563683
fold_municipality_grouped,5,AGC_125,4.06,B03_C1_CatBoost,3.830898417909907
fold_municipality_grouped,5,AGC_127,5.57,B03_C1_CatBoost,4.013007405378914
fold_municipality_grouped,5,AGC_131,4.89,B03_C1_CatBoost,3.5631632255692978
fold_municipality_grouped,5,AGC_132,4.13,B03_C1_CatBoost,3.6374363822188798
fold_municipality_grouped,5,AGC_133,3.91,B03_C1_CatBoost,3.6339308137648914
fold_municipality_grouped,5,AGC_134,4.52,B03_C1_CatBoost,3.9219930304530237
fold_municipality_grouped,5,AGC_135,4.49,B03_C1_CatBoost,3.341174307915594
fold_municipality_grouped,5,AGC_137,4.54,B03_C1_CatBoost,4.008867906064921
fold_municipality_grouped,5,AGC_138,2.5,B03_C1_CatBoost,4.1898424924957
fold_municipality_grouped,5,AGC_139,4.67,B03_C1_CatBoost,3.3479882975052533
fold_municipality_grouped,5,AGC_140,3.2,B03_C1_CatBoost,3.9257736047886738
fold_municipality_grouped,5,AGC_141,3.5,B03_C1_CatBoost,3.9743571054384574
fold_municipality_grouped,5,AGC_144,2.5,B03_C1_CatBoost,3.4300076895997336
fold_municipality_grouped,5,AGC_145,3.5,B03_C1_CatBoost,3.417985927001382
fold_municipality_grouped,5,AGC_146,4.58,B03_C1_CatBoost,3.9908637259995032
fold_municipality_grouped,5,AGC_148,3.0,B03_C1_CatBoost,3.7332573430607567
fold_municipality_grouped,5,AGC_150,4.52,B03_C1_CatBoost,3.7136094896507643
fold_municipality_grouped,5,AGC_151,4.69,B03_C1_CatBoost,4.10150972881425
fold_municipality_grouped,5,AGC_152,4.87,B03_C1_CatBoost,4.1399254675548605
fold_municipality_grouped,5,AGC_155,4.52,B03_C1_CatBoost,3.7502482549438696
fold_municipality_grouped,5,AGC_157,3.0,B03_C1_CatBoost,4.002290502703772
fold_municipality_grouped,5,AGC_159,4.77,B03_C1_CatBoost,3.9736394797945422
fold_municipality_grouped,5,AGC_160,3.62,B03_C1_CatBoost,3.74448832502776
fold_municipality_grouped,5,AGC_161,4.46,B03_C1_CatBoost,4.0906390395322205
fold_municipality_grouped,5,AGC_162,5.59,B03_C1_CatBoost,3.265102647159324
fold_municipality_grouped,5,AGC_163,3.0,B03_C1_CatBoost,3.9739942016389875
fold_municipality_grouped,5,AGC_164,3.0,B03_C1_CatBoost,3.701257214803718
fold_municipality_grouped,5,AGC_165,4.44,B03_C1_CatBoost,3.253881906447873
fold_municipality_grouped,5,AGC_166,2.5,B03_C1_CatBoost,4.178460114175095
fold_municipality_grouped,5,AGC_167,4.54,B03_C1_CatBoost,4.180373114007239
fold_municipality_grouped,5,AGC_168,4.49,B03_C1_CatBoost,3.677533931842504
fold_municipality_grouped,5,AGC_169,2.5,B03_C1_CatBoost,4.191557919955812
fold_municipality_grouped,5,AGC_170,3.0,B03_C1_CatBoost,3.849569300046369
fold_municipality_grouped,5,AGC_171,2.15,B03_C1_CatBoost,3.256309210926446
fold_municipality_grouped,5,AGC_172,5.19,B03_C1_CatBoost,3.6680981273365205
fold_municipality_grouped,5,AGC_176,4.38,B03_C1_CatBoost,3.624257019575964
fold_municipality_grouped,5,AGC_178,4.39,B03_C1_CatBoost,3.091249764953659
fold_municipality_grouped,5,AGC_179,4.55,B03_C1_CatBoost,3.6306470632972605
fold_municipality_grouped,5,AGC_180,4.14,B03_C1_CatBoost,3.81752569262747
fold_municipality_grouped,5,AGC_181,4.51,B03_C1_CatBoost,3.4659756965211272
fold_municipality_grouped,5,AGC_184,4.47,B03_C1_CatBoost,3.8748258759731016
fold_municipality_grouped,5,AGC_185,5.01,B03_C1_CatBoost,3.4269511128038346
fold_municipality_grouped,5,AGC_187,3.0,B03_C1_CatBoost,3.5942562134962017
fold_municipality_grouped,5,AGC_189,4.03,B03_C1_CatBoost,3.167282293411489
fold_municipality_grouped,5,AGC_193,4.57,B03_C1_CatBoost,3.350714777570829
fold_municipality_grouped,5,AGC_194,3.2,B03_C1_CatBoost,4.170689998318892
fold_municipality_grouped,5,AGC_195,3.68,B03_C1_CatBoost,3.446119508178981
fold_municipality_grouped,5,AGC_196,3.5,B03_C1_CatBoost,3.1492535359405736
fold_municipality_grouped,5,AGC_197,4.52,B03_C1_CatBoost,3.1132579063974504
fold_municipality_grouped,5,AGC_001,3.5,B04_C0_Ridge,3.8115630314706377
fold_municipality_grouped,5,AGC_002,4.63,B04_C0_Ridge,3.478346748416563
fold_municipality_grouped,5,AGC_004,3.0,B04_C0_Ridge,4.247391534067547
fold_municipality_grouped,5,AGC_005,5.16,B04_C0_Ridge,3.8374354422095194
fold_municipality_grouped,5,AGC_006,4.49,B04_C0_Ridge,3.219586012650485
fold_municipality_grouped,5,AGC_007,3.5,B04_C0_Ridge,3.558137693515267
fold_municipality_grouped,5,AGC_008,4.55,B04_C0_Ridge,3.3880503703638807
fold_municipality_grouped,5,AGC_010,4.1,B04_C0_Ridge,3.3512257001194894
fold_municipality_grouped,5,AGC_012,4.69,B04_C0_Ridge,3.568156386477353
fold_municipality_grouped,5,AGC_013,4.01,B04_C0_Ridge,3.4072439814001836
fold_municipality_grouped,5,AGC_014,4.83,B04_C0_Ridge,3.496863784359477
fold_municipality_grouped,5,AGC_015,2.64,B04_C0_Ridge,3.4032033792952228
fold_municipality_grouped,5,AGC_017,4.98,B04_C0_Ridge,3.457521916594164
fold_municipality_grouped,5,AGC_018,4.49,B04_C0_Ridge,3.5382647117089348
fold_municipality_grouped,5,AGC_019,3.0,B04_C0_Ridge,3.742433943961707
fold_municipality_grouped,5,AGC_020,3.5,B04_C0_Ridge,2.7677492482030797
fold_municipality_grouped,5,AGC_021,4.94,B04_C0_Ridge,3.330825561077084
fold_municipality_grouped,5,AGC_022,4.55,B04_C0_Ridge,3.4293264315423744
fold_municipality_grouped,5,AGC_023,3.0,B04_C0_Ridge,4.113379630185632
fold_municipality_grouped,5,AGC_024,3.03,B04_C0_Ridge,3.3566985871073873
fold_municipality_grouped,5,AGC_026,3.55,B04_C0_Ridge,3.2924583480910217
fold_municipality_grouped,5,AGC_032,4.03,B04_C0_Ridge,3.460269196523962
fold_municipality_grouped,5,AGC_033,4.47,B04_C0_Ridge,3.4398559742672634
fold_municipality_grouped,5,AGC_034,2.0,B04_C0_Ridge,3.9054888694334626
fold_municipality_grouped,5,AGC_037,3.5,B04_C0_Ridge,4.0719259816798665
fold_municipality_grouped,5,AGC_038,3.3,B04_C0_Ridge,4.0940260317650115
fold_municipality_grouped,5,AGC_040,3.0,B04_C0_Ridge,4.050902889900971
fold_municipality_grouped,5,AGC_041,2.5,B04_C0_Ridge,3.872852791105354
fold_municipality_grouped,5,AGC_044,3.5,B04_C0_Ridge,2.9678312683006465
fold_municipality_grouped,5,AGC_045,4.1,B04_C0_Ridge,3.5467250259080556
fold_municipality_grouped,5,AGC_046,3.0,B04_C0_Ridge,3.777612141699484
fold_municipality_grouped,5,AGC_047,4.45,B04_C0_Ridge,3.28484102315892
fold_municipality_grouped,5,AGC_049,5.53,B04_C0_Ridge,3.362863534320804
fold_municipality_grouped,5,AGC_051,4.45,B04_C0_Ridge,3.7366128156341603
fold_municipality_grouped,5,AGC_053,3.5,B04_C0_Ridge,4.229894445540894
fold_municipality_grouped,5,AGC_054,2.5,B04_C0_Ridge,3.9267554421985036
fold_municipality_grouped,5,AGC_055,5.45,B04_C0_Ridge,3.5261757227537642
fold_municipality_grouped,5,AGC_056,5.07,B04_C0_Ridge,3.2526103574043974
fold_municipality_grouped,5,AGC_057,4.55,B04_C0_Ridge,3.3914988088951463
fold_municipality_grouped,5,AGC_058,2.5,B04_C0_Ridge,4.11953975670279
fold_municipality_grouped,5,AGC_059,4.41,B04_C0_Ridge,3.771423687827458
fold_municipality_grouped,5,AGC_060,4.52,B04_C0_Ridge,3.440645311065198
fold_municipality_grouped,5,AGC_062,3.81,B04_C0_Ridge,3.337349361536157
fold_municipality_grouped,5,AGC_066,3.0,B04_C0_Ridge,4.102526943990354
fold_municipality_grouped,5,AGC_067,3.0,B04_C0_Ridge,3.857622989541913
fold_municipality_grouped,5,AGC_068,2.5,B04_C0_Ridge,4.128993181771727
fold_municipality_grouped,5,AGC_069,5.46,B04_C0_Ridge,3.496460153870442
fold_municipality_grouped,5,AGC_070,3.3,B04_C0_Ridge,3.921585602711452
fold_municipality_grouped,5,AGC_072,4.55,B04_C0_Ridge,3.238912016346561
fold_municipality_grouped,5,AGC_073,4.3,B04_C0_Ridge,3.3566173383012408
fold_municipality_grouped,5,AGC_074,2.5,B04_C0_Ridge,3.7317242514290276
fold_municipality_grouped,5,AGC_077,4.76,B04_C0_Ridge,3.31629135485995
fold_municipality_grouped,5,AGC_078,3.0,B04_C0_Ridge,3.734527367961649
fold_municipality_grouped,5,AGC_079,3.3,B04_C0_Ridge,3.61574554692368
fold_municipality_grouped,5,AGC_080,3.5,B04_C0_Ridge,3.5613552372173434
fold_municipality_grouped,5,AGC_081,3.7,B04_C0_Ridge,4.1140540922208135
fold_municipality_grouped,5,AGC_084,4.54,B04_C0_Ridge,4.367777954012856
fold_municipality_grouped,5,AGC_089,3.0,B04_C0_Ridge,3.6017882909851244
fold_municipality_grouped,5,AGC_090,4.68,B04_C0_Ridge,3.4301490101464602
fold_municipality_grouped,5,AGC_092,4.57,B04_C0_Ridge,3.1312490659440146
fold_municipality_grouped,5,AGC_096,4.59,B04_C0_Ridge,3.306835674026869
fold_municipality_grouped,5,AGC_097,4.69,B04_C0_Ridge,3.3229291942748076
fold_municipality_grouped,5,AGC_098,3.0,B04_C0_Ridge,4.087057317333122
fold_municipality_grouped,5,AGC_099,3.5,B04_C0_Ridge,4.266594206628696
fold_municipality_grouped,5,AGC_100,4.5,B04_C0_Ridge,3.4240118591822624
fold_municipality_grouped,5,AGC_101,4.57,B04_C0_Ridge,3.254113982582299
fold_municipality_grouped,5,AGC_102,4.4,B04_C0_Ridge,3.3176401953394525
fold_municipality_grouped,5,AGC_103,3.0,B04_C0_Ridge,3.7159646156200923
fold_municipality_grouped,5,AGC_104,4.56,B04_C0_Ridge,3.3679462951856207
fold_municipality_grouped,5,AGC_105,4.41,B04_C0_Ridge,3.3659404278977494
fold_municipality_grouped,5,AGC_106,4.43,B04_C0_Ridge,3.2677455644009457
fold_municipality_grouped,5,AGC_108,4.51,B04_C0_Ridge,3.3234125508932038
fold_municipality_grouped,5,AGC_109,4.54,B04_C0_Ridge,3.2888610129618248
fold_municipality_grouped,5,AGC_110,4.18,B04_C0_Ridge,3.3132968070908535
fold_municipality_grouped,5,AGC_111,4.72,B04_C0_Ridge,3.313464656260886
fold_municipality_grouped,5,AGC_112,3.0,B04_C0_Ridge,4.130960011782964
fold_municipality_grouped,5,AGC_114,3.0,B04_C0_Ridge,3.9156243873110768
fold_municipality_grouped,5,AGC_115,4.6,B04_C0_Ridge,3.356714574181037
fold_municipality_grouped,5,AGC_117,3.5,B04_C0_Ridge,4.32773410654588
fold_municipality_grouped,5,AGC_121,3.3,B04_C0_Ridge,3.6622870455943812
fold_municipality_grouped,5,AGC_122,3.5,B04_C0_Ridge,3.7052213244745413
fold_municipality_grouped,5,AGC_123,2.5,B04_C0_Ridge,3.771450833980161
fold_municipality_grouped,5,AGC_124,5.05,B04_C0_Ridge,3.486080723269391
fold_municipality_grouped,5,AGC_125,4.06,B04_C0_Ridge,3.4769294891346916
fold_municipality_grouped,5,AGC_127,5.57,B04_C0_Ridge,3.815115999855791
fold_municipality_grouped,5,AGC_131,4.89,B04_C0_Ridge,3.5221643614218543
fold_municipality_grouped,5,AGC_132,4.13,B04_C0_Ridge,3.4672680775239604
fold_municipality_grouped,5,AGC_133,3.91,B04_C0_Ridge,3.6110143442464997
fold_municipality_grouped,5,AGC_134,4.52,B04_C0_Ridge,4.207859655291226
fold_municipality_grouped,5,AGC_135,4.49,B04_C0_Ridge,3.231690374224052
fold_municipality_grouped,5,AGC_137,4.54,B04_C0_Ridge,4.237867505066773
fold_municipality_grouped,5,AGC_138,2.5,B04_C0_Ridge,4.236512583216399
fold_municipality_grouped,5,AGC_139,4.67,B04_C0_Ridge,3.411074232173978
fold_municipality_grouped,5,AGC_140,3.2,B04_C0_Ridge,3.631439570109001
fold_municipality_grouped,5,AGC_141,3.5,B04_C0_Ridge,4.1035806881607675
fold_municipality_grouped,5,AGC_144,2.5,B04_C0_Ridge,3.801864163445936
fold_municipality_grouped,5,AGC_145,3.5,B04_C0_Ridge,3.830886362586799
fold_municipality_grouped,5,AGC_146,4.58,B04_C0_Ridge,4.266747228333688
fold_municipality_grouped,5,AGC_148,3.0,B04_C0_Ridge,3.5855567008559532
fold_municipality_grouped,5,AGC_150,4.52,B04_C0_Ridge,3.4398078501555873
fold_municipality_grouped,5,AGC_151,4.69,B04_C0_Ridge,4.391217566322129
fold_municipality_grouped,5,AGC_152,4.87,B04_C0_Ridge,4.560204500957991
fold_municipality_grouped,5,AGC_155,4.52,B04_C0_Ridge,3.6325236871164273
fold_municipality_grouped,5,AGC_157,3.0,B04_C0_Ridge,4.131282096334091
fold_municipality_grouped,5,AGC_159,4.77,B04_C0_Ridge,3.5377377255728915
fold_municipality_grouped,5,AGC_160,3.62,B04_C0_Ridge,3.669548056783219
fold_municipality_grouped,5,AGC_161,4.46,B04_C0_Ridge,3.553054485983707
fold_municipality_grouped,5,AGC_162,5.59,B04_C0_Ridge,3.2230888809025866
fold_municipality_grouped,5,AGC_163,3.0,B04_C0_Ridge,4.118690777522137
fold_municipality_grouped,5,AGC_164,3.0,B04_C0_Ridge,4.056780393685555
fold_municipality_grouped,5,AGC_165,4.44,B04_C0_Ridge,3.3426268330899482
fold_municipality_grouped,5,AGC_166,2.5,B04_C0_Ridge,4.017889473704668
fold_municipality_grouped,5,AGC_167,4.54,B04_C0_Ridge,3.5221638238559203
fold_municipality_grouped,5,AGC_168,4.49,B04_C0_Ridge,3.402908497728619
fold_municipality_grouped,5,AGC_169,2.5,B04_C0_Ridge,4.026546008545548
fold_municipality_grouped,5,AGC_170,3.0,B04_C0_Ridge,4.276631143193609
fold_municipality_grouped,5,AGC_171,2.15,B04_C0_Ridge,3.299719279941697
fold_municipality_grouped,5,AGC_172,5.19,B04_C0_Ridge,3.312140231492672
fold_municipality_grouped,5,AGC_176,4.38,B04_C0_Ridge,3.370423324909479
fold_municipality_grouped,5,AGC_178,4.39,B04_C0_Ridge,3.2394437184604814
fold_municipality_grouped,5,AGC_179,4.55,B04_C0_Ridge,3.469185582494427
fold_municipality_grouped,5,AGC_180,4.14,B04_C0_Ridge,3.9313921776932075
fold_municipality_grouped,5,AGC_181,4.51,B04_C0_Ridge,3.3003166842929406
fold_municipality_grouped,5,AGC_184,4.47,B04_C0_Ridge,4.042881315308985
fold_municipality_grouped,5,AGC_185,5.01,B04_C0_Ridge,3.433906017415844
fold_municipality_grouped,5,AGC_187,3.0,B04_C0_Ridge,4.024177095855123
fold_municipality_grouped,5,AGC_189,4.03,B04_C0_Ridge,3.386888888464407
fold_municipality_grouped,5,AGC_193,4.57,B04_C0_Ridge,3.287222532281876
fold_municipality_grouped,5,AGC_194,3.2,B04_C0_Ridge,4.2205876731483505
fold_municipality_grouped,5,AGC_195,3.68,B04_C0_Ridge,3.2820234795223255
fold_municipality_grouped,5,AGC_196,3.5,B04_C0_Ridge,3.1839953310284037
fold_municipality_grouped,5,AGC_197,4.52,B04_C0_Ridge,3.246066986778428
fold_municipality_grouped,5,AGC_001,3.5,B05_C3_PLS,3.2869296674078603
fold_municipality_grouped,5,AGC_002,4.63,B05_C3_PLS,3.733418655187573
fold_municipality_grouped,5,AGC_004,3.0,B05_C3_PLS,4.119326586725797
fold_municipality_grouped,5,AGC_005,5.16,B05_C3_PLS,4.41339849857148
fold_municipality_grouped,5,AGC_006,4.49,B05_C3_PLS,3.1192546093009
fold_municipality_grouped,5,AGC_007,3.5,B05_C3_PLS,3.5336828473290227
fold_municipality_grouped,5,AGC_008,4.55,B05_C3_PLS,3.4249741756247882
fold_municipality_grouped,5,AGC_010,4.1,B05_C3_PLS,3.42732851519824
fold_municipality_grouped,5,AGC_012,4.69,B05_C3_PLS,3.767482659168428
fold_municipality_grouped,5,AGC_013,4.01,B05_C3_PLS,3.488847687904223
fold_municipality_grouped,5,AGC_014,4.83,B05_C3_PLS,3.841769516347347
fold_municipality_grouped,5,AGC_015,2.64,B05_C3_PLS,3.494217035724151
fold_municipality_grouped,5,AGC_017,4.98,B05_C3_PLS,3.615140901672232
fold_municipality_grouped,5,AGC_018,4.49,B05_C3_PLS,3.9145912467135946
fold_municipality_grouped,5,AGC_019,3.0,B05_C3_PLS,3.3826147288528867
fold_municipality_grouped,5,AGC_020,3.5,B05_C3_PLS,2.7506460601404346
fold_municipality_grouped,5,AGC_021,4.94,B05_C3_PLS,3.321014112471835
fold_municipality_grouped,5,AGC_022,4.55,B05_C3_PLS,3.464749328440787
fold_municipality_grouped,5,AGC_023,3.0,B05_C3_PLS,4.0403722072898
fold_municipality_grouped,5,AGC_024,3.03,B05_C3_PLS,3.4158299312664844
fold_municipality_grouped,5,AGC_026,3.55,B05_C3_PLS,3.304322382696495
fold_municipality_grouped,5,AGC_032,4.03,B05_C3_PLS,3.5410660856433287
fold_municipality_grouped,5,AGC_033,4.47,B05_C3_PLS,3.35049468322144
fold_municipality_grouped,5,AGC_034,2.0,B05_C3_PLS,3.8064467247475964
fold_municipality_grouped,5,AGC_037,3.5,B05_C3_PLS,3.976588274419933
fold_municipality_grouped,5,AGC_038,3.3,B05_C3_PLS,3.8322773258310483
fold_municipality_grouped,5,AGC_040,3.0,B05_C3_PLS,4.008090841852273
fold_municipality_grouped,5,AGC_041,2.5,B05_C3_PLS,3.8392693808929255
fold_municipality_grouped,5,AGC_044,3.5,B05_C3_PLS,2.8581359540768485
fold_municipality_grouped,5,AGC_045,4.1,B05_C3_PLS,3.87318528711378
fold_municipality_grouped,5,AGC_046,3.0,B05_C3_PLS,3.3827114039591772
fold_municipality_grouped,5,AGC_047,4.45,B05_C3_PLS,3.4904362780002756
fold_municipality_grouped,5,AGC_049,5.53,B05_C3_PLS,3.474859029539263
fold_municipality_grouped,5,AGC_051,4.45,B05_C3_PLS,3.7659027245418097
fold_municipality_grouped,5,AGC_053,3.5,B05_C3_PLS,4.135450814208053
fold_municipality_grouped,5,AGC_054,2.5,B05_C3_PLS,3.5330088987907704
fold_municipality_grouped,5,AGC_055,5.45,B05_C3_PLS,3.7020090968594097
fold_municipality_grouped,5,AGC_056,5.07,B05_C3_PLS,3.1740477952838857
fold_municipality_grouped,5,AGC_057,4.55,B05_C3_PLS,3.321958663162327
fold_municipality_grouped,5,AGC_058,2.5,B05_C3_PLS,3.9951040891221834
fold_municipality_grouped,5,AGC_059,4.41,B05_C3_PLS,3.888593665810209
fold_municipality_grouped,5,AGC_060,4.52,B05_C3_PLS,3.4328331093265803
fold_municipality_grouped,5,AGC_062,3.81,B05_C3_PLS,3.2056619980890964
fold_municipality_grouped,5,AGC_066,3.0,B05_C3_PLS,3.950087143200191
fold_municipality_grouped,5,AGC_067,3.0,B05_C3_PLS,3.841159450419095
fold_municipality_grouped,5,AGC_068,2.5,B05_C3_PLS,4.048022642320657
fold_municipality_grouped,5,AGC_069,5.46,B05_C3_PLS,3.759284735254127
fold_municipality_grouped,5,AGC_070,3.3,B05_C3_PLS,3.88069603415772
fold_municipality_grouped,5,AGC_072,4.55,B05_C3_PLS,3.2371417831893035
fold_municipality_grouped,5,AGC_073,4.3,B05_C3_PLS,3.1485892346317987
fold_municipality_grouped,5,AGC_074,2.5,B05_C3_PLS,3.3384265696974267
fold_municipality_grouped,5,AGC_077,4.76,B05_C3_PLS,3.167750779684316
fold_municipality_grouped,5,AGC_078,3.0,B05_C3_PLS,3.5142121485776836
fold_municipality_grouped,5,AGC_079,3.3,B05_C3_PLS,3.5563948063017032
fold_municipality_grouped,5,AGC_080,3.5,B05_C3_PLS,3.5231886827793035
fold_municipality_grouped,5,AGC_081,3.7,B05_C3_PLS,4.072601117159751
fold_municipality_grouped,5,AGC_084,4.54,B05_C3_PLS,4.381511438112227
fold_municipality_grouped,5,AGC_089,3.0,B05_C3_PLS,3.502383491597476
fold_municipality_grouped,5,AGC_090,4.68,B05_C3_PLS,3.5470038784875446
fold_municipality_grouped,5,AGC_092,4.57,B05_C3_PLS,2.985710665899206
fold_municipality_grouped,5,AGC_096,4.59,B05_C3_PLS,3.1315867461223483
fold_municipality_grouped,5,AGC_097,4.69,B05_C3_PLS,3.296190146568861
fold_municipality_grouped,5,AGC_098,3.0,B05_C3_PLS,3.72987742987225
fold_municipality_grouped,5,AGC_099,3.5,B05_C3_PLS,4.287330181621563
fold_municipality_grouped,5,AGC_100,4.5,B05_C3_PLS,3.5519273679951975
fold_municipality_grouped,5,AGC_101,4.57,B05_C3_PLS,3.135144969624923
fold_municipality_grouped,5,AGC_102,4.4,B05_C3_PLS,3.2318664546764655
fold_municipality_grouped,5,AGC_103,3.0,B05_C3_PLS,3.333192442764507
fold_municipality_grouped,5,AGC_104,4.56,B05_C3_PLS,3.4558173294838253
fold_municipality_grouped,5,AGC_105,4.41,B05_C3_PLS,3.6195442686483217
fold_municipality_grouped,5,AGC_106,4.43,B05_C3_PLS,3.250987610403399
fold_municipality_grouped,5,AGC_108,4.51,B05_C3_PLS,3.258944146085318
fold_municipality_grouped,5,AGC_109,4.54,B05_C3_PLS,3.238160694055124
fold_municipality_grouped,5,AGC_110,4.18,B05_C3_PLS,3.3253214311614263
fold_municipality_grouped,5,AGC_111,4.72,B05_C3_PLS,3.2397606548541935
fold_municipality_grouped,5,AGC_112,3.0,B05_C3_PLS,4.028322501214647
fold_municipality_grouped,5,AGC_114,3.0,B05_C3_PLS,3.5329009758713106
fold_municipality_grouped,5,AGC_115,4.6,B05_C3_PLS,3.233375060621867
fold_municipality_grouped,5,AGC_117,3.5,B05_C3_PLS,4.339136546885796
fold_municipality_grouped,5,AGC_121,3.3,B05_C3_PLS,3.472196239228536
fold_municipality_grouped,5,AGC_122,3.5,B05_C3_PLS,3.180712906263315
fold_municipality_grouped,5,AGC_123,2.5,B05_C3_PLS,3.2726462858020318
fold_municipality_grouped,5,AGC_124,5.05,B05_C3_PLS,3.5758410524936752
fold_municipality_grouped,5,AGC_125,4.06,B05_C3_PLS,3.7448020273990186
fold_municipality_grouped,5,AGC_127,5.57,B05_C3_PLS,4.113114425458507
fold_municipality_grouped,5,AGC_131,4.89,B05_C3_PLS,3.775198826574057
fold_municipality_grouped,5,AGC_132,4.13,B05_C3_PLS,3.4955018272552274
fold_municipality_grouped,5,AGC_133,3.91,B05_C3_PLS,3.780085365593406
fold_municipality_grouped,5,AGC_134,4.52,B05_C3_PLS,4.026444251846822
fold_municipality_grouped,5,AGC_135,4.49,B05_C3_PLS,3.0987910144694144
fold_municipality_grouped,5,AGC_137,4.54,B05_C3_PLS,4.189433694171766
fold_municipality_grouped,5,AGC_138,2.5,B05_C3_PLS,4.199063168113735
fold_municipality_grouped,5,AGC_139,4.67,B05_C3_PLS,3.3519517679070185
fold_municipality_grouped,5,AGC_140,3.2,B05_C3_PLS,3.5090368648437487
fold_municipality_grouped,5,AGC_141,3.5,B05_C3_PLS,3.9042070340463253
fold_municipality_grouped,5,AGC_144,2.5,B05_C3_PLS,3.40940072987365
fold_municipality_grouped,5,AGC_145,3.5,B05_C3_PLS,3.450610999472314
fold_municipality_grouped,5,AGC_146,4.58,B05_C3_PLS,4.353520019010376
fold_municipality_grouped,5,AGC_148,3.0,B05_C3_PLS,3.310255772373087
fold_municipality_grouped,5,AGC_150,4.52,B05_C3_PLS,3.6071350487771
fold_municipality_grouped,5,AGC_151,4.69,B05_C3_PLS,4.658164303500139
fold_municipality_grouped,5,AGC_152,4.87,B05_C3_PLS,4.490512419507829
fold_municipality_grouped,5,AGC_155,4.52,B05_C3_PLS,3.8286923126323895
fold_municipality_grouped,5,AGC_157,3.0,B05_C3_PLS,3.941407247154512
fold_municipality_grouped,5,AGC_159,4.77,B05_C3_PLS,3.7540504698396155
fold_municipality_grouped,5,AGC_160,3.62,B05_C3_PLS,3.805231275763604
fold_municipality_grouped,5,AGC_161,4.46,B05_C3_PLS,3.7807845311470913
fold_municipality_grouped,5,AGC_162,5.59,B05_C3_PLS,2.9568323515027206
fold_municipality_grouped,5,AGC_163,3.0,B05_C3_PLS,3.896403658110925
fold_municipality_grouped,5,AGC_164,3.0,B05_C3_PLS,3.965395317224149
fold_municipality_grouped,5,AGC_165,4.44,B05_C3_PLS,3.2771720234480273
fold_municipality_grouped,5,AGC_166,2.5,B05_C3_PLS,3.877326000638617
fold_municipality_grouped,5,AGC_167,4.54,B05_C3_PLS,3.7125718290051855
fold_municipality_grouped,5,AGC_168,4.49,B05_C3_PLS,3.546871599274795
fold_municipality_grouped,5,AGC_169,2.5,B05_C3_PLS,3.9005956361792933
fold_municipality_grouped,5,AGC_170,3.0,B05_C3_PLS,4.1743513689168905
fold_municipality_grouped,5,AGC_171,2.15,B05_C3_PLS,3.2607242602597744
fold_municipality_grouped,5,AGC_172,5.19,B05_C3_PLS,3.1932266549193686
fold_municipality_grouped,5,AGC_176,4.38,B05_C3_PLS,3.291781400560849
fold_municipality_grouped,5,AGC_178,4.39,B05_C3_PLS,3.0466065203173804
fold_municipality_grouped,5,AGC_179,4.55,B05_C3_PLS,3.4912960289674553
fold_municipality_grouped,5,AGC_180,4.14,B05_C3_PLS,3.836914284646784
fold_municipality_grouped,5,AGC_181,4.51,B05_C3_PLS,3.2506836697536134
fold_municipality_grouped,5,AGC_184,4.47,B05_C3_PLS,4.127010113957169
fold_municipality_grouped,5,AGC_185,5.01,B05_C3_PLS,3.502051169256778
fold_municipality_grouped,5,AGC_187,3.0,B05_C3_PLS,3.877489342924768
fold_municipality_grouped,5,AGC_189,4.03,B05_C3_PLS,3.4075376374805257
fold_municipality_grouped,5,AGC_193,4.57,B05_C3_PLS,3.268020045071872
fold_municipality_grouped,5,AGC_194,3.2,B05_C3_PLS,4.021262624526085
fold_municipality_grouped,5,AGC_195,3.68,B05_C3_PLS,3.2411620817209896
fold_municipality_grouped,5,AGC_196,3.5,B05_C3_PLS,3.1263970637351237
fold_municipality_grouped,5,AGC_197,4.52,B05_C3_PLS,3.042505778149012
fold_municipality_grouped,5,AGC_001,3.5,B06_C2_PLS,3.3518117091064306
fold_municipality_grouped,5,AGC_002,4.63,B06_C2_PLS,3.758972141077578
fold_municipality_grouped,5,AGC_004,3.0,B06_C2_PLS,4.15304134061547
fold_municipality_grouped,5,AGC_005,5.16,B06_C2_PLS,4.403999584611037
fold_municipality_grouped,5,AGC_006,4.49,B06_C2_PLS,3.1235149902748787
fold_municipality_grouped,5,AGC_007,3.5,B06_C2_PLS,3.3600626461179877
fold_municipality_grouped,5,AGC_008,4.55,B06_C2_PLS,3.440230210304292
fold_municipality_grouped,5,AGC_010,4.1,B06_C2_PLS,3.4715310267636212
fold_municipality_grouped,5,AGC_012,4.69,B06_C2_PLS,3.7663799222322694
fold_municipality_grouped,5,AGC_013,4.01,B06_C2_PLS,3.4993433211565304
fold_municipality_grouped,5,AGC_014,4.83,B06_C2_PLS,3.864335694018701
fold_municipality_grouped,5,AGC_015,2.64,B06_C2_PLS,3.5188444028314785
fold_municipality_grouped,5,AGC_017,4.98,B06_C2_PLS,3.6608741931926074
fold_municipality_grouped,5,AGC_018,4.49,B06_C2_PLS,3.9133970899421895
fold_municipality_grouped,5,AGC_019,3.0,B06_C2_PLS,3.3141980991243942
fold_municipality_grouped,5,AGC_020,3.5,B06_C2_PLS,2.584325139537739
fold_municipality_grouped,5,AGC_021,4.94,B06_C2_PLS,3.2584097451348923
fold_municipality_grouped,5,AGC_022,4.55,B06_C2_PLS,3.4667966047833296
fold_municipality_grouped,5,AGC_023,3.0,B06_C2_PLS,4.053058207454569
fold_municipality_grouped,5,AGC_024,3.03,B06_C2_PLS,3.441766866622944
fold_municipality_grouped,5,AGC_026,3.55,B06_C2_PLS,3.3745274177135443
fold_municipality_grouped,5,AGC_032,4.03,B06_C2_PLS,3.524206675959053
fold_municipality_grouped,5,AGC_033,4.47,B06_C2_PLS,3.34801589798995
fold_municipality_grouped,5,AGC_034,2.0,B06_C2_PLS,3.9935193862235736
fold_municipality_grouped,5,AGC_037,3.5,B06_C2_PLS,4.037872562223588
fold_municipality_grouped,5,AGC_038,3.3,B06_C2_PLS,4.098517650080352
fold_municipality_grouped,5,AGC_040,3.0,B06_C2_PLS,4.0539249694457045
fold_municipality_grouped,5,AGC_041,2.5,B06_C2_PLS,3.6717604337705234
fold_municipality_grouped,5,AGC_044,3.5,B06_C2_PLS,3.0480219711567615
fold_municipality_grouped,5,AGC_045,4.1,B06_C2_PLS,3.884293728498189
fold_municipality_grouped,5,AGC_046,3.0,B06_C2_PLS,3.432740368844552
fold_municipality_grouped,5,AGC_047,4.45,B06_C2_PLS,2.536263515589506
fold_municipality_grouped,5,AGC_049,5.53,B06_C2_PLS,3.469916559193258
fold_municipality_grouped,5,AGC_051,4.45,B06_C2_PLS,3.6156438815954273
fold_municipality_grouped,5,AGC_053,3.5,B06_C2_PLS,4.177233075105251
fold_municipality_grouped,5,AGC_054,2.5,B06_C2_PLS,3.602800966693763
fold_municipality_grouped,5,AGC_055,5.45,B06_C2_PLS,3.7333094362620405
fold_municipality_grouped,5,AGC_056,5.07,B06_C2_PLS,3.2155219442556824
fold_municipality_grouped,5,AGC_057,4.55,B06_C2_PLS,3.3219870627603254
fold_municipality_grouped,5,AGC_058,2.5,B06_C2_PLS,4.040973138897405
fold_municipality_grouped,5,AGC_059,4.41,B06_C2_PLS,3.2023073719749235
fold_municipality_grouped,5,AGC_060,4.52,B06_C2_PLS,3.4952326011430754
fold_municipality_grouped,5,AGC_062,3.81,B06_C2_PLS,3.219839493959995
fold_municipality_grouped,5,AGC_066,3.0,B06_C2_PLS,4.006947243963775
fold_municipality_grouped,5,AGC_067,3.0,B06_C2_PLS,4.120686184234953
fold_municipality_grouped,5,AGC_068,2.5,B06_C2_PLS,4.1017725577030815
fold_municipality_grouped,5,AGC_069,5.46,B06_C2_PLS,3.7392359069481893
fold_municipality_grouped,5,AGC_070,3.3,B06_C2_PLS,3.8740102918045967
fold_municipality_grouped,5,AGC_072,4.55,B06_C2_PLS,3.2286648784630856
fold_municipality_grouped,5,AGC_073,4.3,B06_C2_PLS,3.169651999547621
fold_municipality_grouped,5,AGC_074,2.5,B06_C2_PLS,3.3378484520617944
fold_municipality_grouped,5,AGC_077,4.76,B06_C2_PLS,3.149455938270962
fold_municipality_grouped,5,AGC_078,3.0,B06_C2_PLS,3.750393188267232
fold_municipality_grouped,5,AGC_079,3.3,B06_C2_PLS,3.518287214743523
fold_municipality_grouped,5,AGC_080,3.5,B06_C2_PLS,3.1316207131057316
fold_municipality_grouped,5,AGC_081,3.7,B06_C2_PLS,4.230187973486817
fold_municipality_grouped,5,AGC_084,4.54,B06_C2_PLS,4.092416859915169
fold_municipality_grouped,5,AGC_089,3.0,B06_C2_PLS,3.5537701445859557
fold_municipality_grouped,5,AGC_090,4.68,B06_C2_PLS,3.581621257060335
fold_municipality_grouped,5,AGC_092,4.57,B06_C2_PLS,2.9848581832224026
fold_municipality_grouped,5,AGC_096,4.59,B06_C2_PLS,3.1289990819800177
fold_municipality_grouped,5,AGC_097,4.69,B06_C2_PLS,3.2417125415994548
fold_municipality_grouped,5,AGC_098,3.0,B06_C2_PLS,3.774737931567968
fold_municipality_grouped,5,AGC_099,3.5,B06_C2_PLS,4.298023418980158
fold_municipality_grouped,5,AGC_100,4.5,B06_C2_PLS,3.567747363153161
fold_municipality_grouped,5,AGC_101,4.57,B06_C2_PLS,3.1651100968246997
fold_municipality_grouped,5,AGC_102,4.4,B06_C2_PLS,3.2358768600313437
fold_municipality_grouped,5,AGC_103,3.0,B06_C2_PLS,3.2870755610930344
fold_municipality_grouped,5,AGC_104,4.56,B06_C2_PLS,3.4705365150886758
fold_municipality_grouped,5,AGC_105,4.41,B06_C2_PLS,3.6521412465000074
fold_municipality_grouped,5,AGC_106,4.43,B06_C2_PLS,3.286023753636192
fold_municipality_grouped,5,AGC_108,4.51,B06_C2_PLS,3.282477425187526
fold_municipality_grouped,5,AGC_109,4.54,B06_C2_PLS,3.2041810644902906
fold_municipality_grouped,5,AGC_110,4.18,B06_C2_PLS,3.342738329773212
fold_municipality_grouped,5,AGC_111,4.72,B06_C2_PLS,3.198008141622466
fold_municipality_grouped,5,AGC_112,3.0,B06_C2_PLS,4.10652459900327
fold_municipality_grouped,5,AGC_114,3.0,B06_C2_PLS,3.620009389624716
fold_municipality_grouped,5,AGC_115,4.6,B06_C2_PLS,3.275303493300645
fold_municipality_grouped,5,AGC_117,3.5,B06_C2_PLS,4.383196742403961
fold_municipality_grouped,5,AGC_121,3.3,B06_C2_PLS,3.6343322307078627
fold_municipality_grouped,5,AGC_122,3.5,B06_C2_PLS,3.192265857938649
fold_municipality_grouped,5,AGC_123,2.5,B06_C2_PLS,3.3084220260144446
fold_municipality_grouped,5,AGC_124,5.05,B06_C2_PLS,3.6055980457049635
fold_municipality_grouped,5,AGC_125,4.06,B06_C2_PLS,3.7751302665329853
fold_municipality_grouped,5,AGC_127,5.57,B06_C2_PLS,4.168976571645835
fold_municipality_grouped,5,AGC_131,4.89,B06_C2_PLS,3.765724379895504
fold_municipality_grouped,5,AGC_132,4.13,B06_C2_PLS,3.5133823859994164
fold_municipality_grouped,5,AGC_133,3.91,B06_C2_PLS,3.8144374335157827
fold_municipality_grouped,5,AGC_134,4.52,B06_C2_PLS,3.947648302849757
fold_municipality_grouped,5,AGC_135,4.49,B06_C2_PLS,3.0728630975065823
fold_municipality_grouped,5,AGC_137,4.54,B06_C2_PLS,3.7367587199561028
fold_municipality_grouped,5,AGC_138,2.5,B06_C2_PLS,4.304755889729503
fold_municipality_grouped,5,AGC_139,4.67,B06_C2_PLS,3.3966836117085895
fold_municipality_grouped,5,AGC_140,3.2,B06_C2_PLS,3.258903104396978
fold_municipality_grouped,5,AGC_141,3.5,B06_C2_PLS,3.9550411094985507
fold_municipality_grouped,5,AGC_144,2.5,B06_C2_PLS,3.414628690219063
fold_municipality_grouped,5,AGC_145,3.5,B06_C2_PLS,3.441598486878724
fold_municipality_grouped,5,AGC_146,4.58,B06_C2_PLS,4.080958987379939
fold_municipality_grouped,5,AGC_148,3.0,B06_C2_PLS,3.602670445814527
fold_municipality_grouped,5,AGC_150,4.52,B06_C2_PLS,3.6112947213225963
fold_municipality_grouped,5,AGC_151,4.69,B06_C2_PLS,3.992461730242516
fold_municipality_grouped,5,AGC_152,4.87,B06_C2_PLS,4.107458832407813
fold_municipality_grouped,5,AGC_155,4.52,B06_C2_PLS,3.8169417511723447
fold_municipality_grouped,5,AGC_157,3.0,B06_C2_PLS,4.0072497213784946
fold_municipality_grouped,5,AGC_159,4.77,B06_C2_PLS,3.7244702096462587
fold_municipality_grouped,5,AGC_160,3.62,B06_C2_PLS,3.7801048043976953
fold_municipality_grouped,5,AGC_161,4.46,B06_C2_PLS,3.7783608412536442
fold_municipality_grouped,5,AGC_162,5.59,B06_C2_PLS,2.9411101619997955
fold_municipality_grouped,5,AGC_163,3.0,B06_C2_PLS,3.9733855187398714
fold_municipality_grouped,5,AGC_164,3.0,B06_C2_PLS,3.989522539496474
fold_municipality_grouped,5,AGC_165,4.44,B06_C2_PLS,3.2914408867895477
fold_municipality_grouped,5,AGC_166,2.5,B06_C2_PLS,3.7915199623999922
fold_municipality_grouped,5,AGC_167,4.54,B06_C2_PLS,3.7367432268361567
fold_municipality_grouped,5,AGC_168,4.49,B06_C2_PLS,3.484978858778819
fold_municipality_grouped,5,AGC_169,2.5,B06_C2_PLS,3.939559522978484
fold_municipality_grouped,5,AGC_170,3.0,B06_C2_PLS,4.20426241973349
fold_municipality_grouped,5,AGC_171,2.15,B06_C2_PLS,3.2717509163885556
fold_municipality_grouped,5,AGC_172,5.19,B06_C2_PLS,3.193102281528608
fold_municipality_grouped,5,AGC_176,4.38,B06_C2_PLS,3.320857704576717
fold_municipality_grouped,5,AGC_178,4.39,B06_C2_PLS,3.0225002601676736
fold_municipality_grouped,5,AGC_179,4.55,B06_C2_PLS,3.4868957088167245
fold_municipality_grouped,5,AGC_180,4.14,B06_C2_PLS,3.7091791771311438
fold_municipality_grouped,5,AGC_181,4.51,B06_C2_PLS,3.248061831815315
fold_municipality_grouped,5,AGC_184,4.47,B06_C2_PLS,3.7332294876814363
fold_municipality_grouped,5,AGC_185,5.01,B06_C2_PLS,3.520011350550311
fold_municipality_grouped,5,AGC_187,3.0,B06_C2_PLS,3.852529720725233
fold_municipality_grouped,5,AGC_189,4.03,B06_C2_PLS,3.46385723492816
fold_municipality_grouped,5,AGC_193,4.57,B06_C2_PLS,3.286440266734434
fold_municipality_grouped,5,AGC_194,3.2,B06_C2_PLS,4.221290360836144
fold_municipality_grouped,5,AGC_195,3.68,B06_C2_PLS,3.271886565800636
fold_municipality_grouped,5,AGC_196,3.5,B06_C2_PLS,3.1101994443653798
fold_municipality_grouped,5,AGC_197,4.52,B06_C2_PLS,3.0432718273021204
fold_municipality_grouped,5,AGC_001,3.5,B07_C1_ExtraTrees,3.0936958333333315
fold_municipality_grouped,5,AGC_002,4.63,B07_C1_ExtraTrees,3.9213916666666626
fold_municipality_grouped,5,AGC_004,3.0,B07_C1_ExtraTrees,4.1085625
fold_municipality_grouped,5,AGC_005,5.16,B07_C1_ExtraTrees,4.258620833333327
fold_municipality_grouped,5,AGC_006,4.49,B07_C1_ExtraTrees,3.517674999999997
fold_municipality_grouped,5,AGC_007,3.5,B07_C1_ExtraTrees,4.045812432220558
fold_municipality_grouped,5,AGC_008,4.55,B07_C1_ExtraTrees,3.2930916666666668
fold_municipality_grouped,5,AGC_010,4.1,B07_C1_ExtraTrees,3.7118125
fold_municipality_grouped,5,AGC_012,4.69,B07_C1_ExtraTrees,4.138170833333326
fold_municipality_grouped,5,AGC_013,4.01,B07_C1_ExtraTrees,3.7655125
fold_municipality_grouped,5,AGC_014,4.83,B07_C1_ExtraTrees,4.317491666666669
fold_municipality_grouped,5,AGC_015,2.64,B07_C1_ExtraTrees,3.500241666666662
fold_municipality_grouped,5,AGC_017,4.98,B07_C1_ExtraTrees,3.702316666666663
fold_municipality_grouped,5,AGC_018,4.49,B07_C1_ExtraTrees,4.089629166666661
fold_municipality_grouped,5,AGC_019,3.0,B07_C1_ExtraTrees,3.5016208333333334
fold_municipality_grouped,5,AGC_020,3.5,B07_C1_ExtraTrees,3.091271870490621
fold_municipality_grouped,5,AGC_021,4.94,B07_C1_ExtraTrees,3.395287499999999
fold_municipality_grouped,5,AGC_022,4.55,B07_C1_ExtraTrees,3.1831208333333323
fold_municipality_grouped,5,AGC_023,3.0,B07_C1_ExtraTrees,3.9357250000000032
fold_municipality_grouped,5,AGC_024,3.03,B07_C1_ExtraTrees,3.5148291666666642
fold_municipality_grouped,5,AGC_026,3.55,B07_C1_ExtraTrees,3.3390500000000003
fold_municipality_grouped,5,AGC_032,4.03,B07_C1_ExtraTrees,3.552529166666665
fold_municipality_grouped,5,AGC_033,4.47,B07_C1_ExtraTrees,3.3786083333333345
fold_municipality_grouped,5,AGC_034,2.0,B07_C1_ExtraTrees,4.271262781385282
fold_municipality_grouped,5,AGC_037,3.5,B07_C1_ExtraTrees,4.044512499999997
fold_municipality_grouped,5,AGC_038,3.3,B07_C1_ExtraTrees,4.2982830429292935
fold_municipality_grouped,5,AGC_040,3.0,B07_C1_ExtraTrees,4.0285416666666665
fold_municipality_grouped,5,AGC_041,2.5,B07_C1_ExtraTrees,4.253579078282828
fold_municipality_grouped,5,AGC_044,3.5,B07_C1_ExtraTrees,3.080138368506494
fold_municipality_grouped,5,AGC_045,4.1,B07_C1_ExtraTrees,4.109483333333328
fold_municipality_grouped,5,AGC_046,3.0,B07_C1_ExtraTrees,3.5812416666666653
fold_municipality_grouped,5,AGC_047,4.45,B07_C1_ExtraTrees,3.711844447774448
fold_municipality_grouped,5,AGC_049,5.53,B07_C1_ExtraTrees,3.83090833333333
fold_municipality_grouped,5,AGC_051,4.45,B07_C1_ExtraTrees,3.60453540570541
fold_municipality_grouped,5,AGC_053,3.5,B07_C1_ExtraTrees,4.027662499999996
fold_municipality_grouped,5,AGC_054,2.5,B07_C1_ExtraTrees,3.2682124999999975
fold_municipality_grouped,5,AGC_055,5.45,B07_C1_ExtraTrees,3.775620833333329
fold_municipality_grouped,5,AGC_056,5.07,B07_C1_ExtraTrees,3.277149999999998
fold_municipality_grouped,5,AGC_057,4.55,B07_C1_ExtraTrees,3.5758166666666655
fold_municipality_grouped,5,AGC_058,2.5,B07_C1_ExtraTrees,4.066274999999997
fold_municipality_grouped,5,AGC_059,4.41,B07_C1_ExtraTrees,4.039256557539684
fold_municipality_grouped,5,AGC_060,4.52,B07_C1_ExtraTrees,3.495116666666665
fold_municipality_grouped,5,AGC_062,3.81,B07_C1_ExtraTrees,3.1947874999999986
fold_municipality_grouped,5,AGC_066,3.0,B07_C1_ExtraTrees,3.9940416666666665
fold_municipality_grouped,5,AGC_067,3.0,B07_C1_ExtraTrees,3.823565401820401
fold_municipality_grouped,5,AGC_068,2.5,B07_C1_ExtraTrees,4.059879166666665
fold_municipality_grouped,5,AGC_069,5.46,B07_C1_ExtraTrees,3.677104166666662
fold_municipality_grouped,5,AGC_070,3.3,B07_C1_ExtraTrees,4.417758740981239
fold_municipality_grouped,5,AGC_072,4.55,B07_C1_ExtraTrees,3.6817583333333324
fold_municipality_grouped,5,AGC_073,4.3,B07_C1_ExtraTrees,3.144383333333332
fold_municipality_grouped,5,AGC_074,2.5,B07_C1_ExtraTrees,3.266870833333329
fold_municipality_grouped,5,AGC_077,4.76,B07_C1_ExtraTrees,3.2174583333333326
fold_municipality_grouped,5,AGC_078,3.0,B07_C1_ExtraTrees,4.1134703398684636
fold_municipality_grouped,5,AGC_079,3.3,B07_C1_ExtraTrees,4.291046815476191
fold_municipality_grouped,5,AGC_080,3.5,B07_C1_ExtraTrees,3.967922415084916
fold_municipality_grouped,5,AGC_081,3.7,B07_C1_ExtraTrees,4.309578477147856
fold_municipality_grouped,5,AGC_084,4.54,B07_C1_ExtraTrees,4.14381075681263
fold_municipality_grouped,5,AGC_089,3.0,B07_C1_ExtraTrees,3.9543087210012215
fold_municipality_grouped,5,AGC_090,4.68,B07_C1_ExtraTrees,3.792924999999998
fold_municipality_grouped,5,AGC_092,4.57,B07_C1_ExtraTrees,3.3099458333333307
fold_municipality_grouped,5,AGC_096,4.59,B07_C1_ExtraTrees,3.0509500000000007
fold_municipality_grouped,5,AGC_097,4.69,B07_C1_ExtraTrees,3.356629166666666
fold_municipality_grouped,5,AGC_098,3.0,B07_C1_ExtraTrees,3.1096249999999976
fold_municipality_grouped,5,AGC_099,3.5,B07_C1_ExtraTrees,4.131645833333331
fold_municipality_grouped,5,AGC_100,4.5,B07_C1_ExtraTrees,3.563179166666665
fold_municipality_grouped,5,AGC_101,4.57,B07_C1_ExtraTrees,3.0481875
fold_municipality_grouped,5,AGC_102,4.4,B07_C1_ExtraTrees,3.100366666666665
fold_municipality_grouped,5,AGC_103,3.0,B07_C1_ExtraTrees,3.5068541666666664
fold_municipality_grouped,5,AGC_104,4.56,B07_C1_ExtraTrees,3.436991666666667
fold_municipality_grouped,5,AGC_105,4.41,B07_C1_ExtraTrees,3.9027125000000025
fold_municipality_grouped,5,AGC_106,4.43,B07_C1_ExtraTrees,3.2509333333333337
fold_municipality_grouped,5,AGC_108,4.51,B07_C1_ExtraTrees,3.401691666666667
fold_municipality_grouped,5,AGC_109,4.54,B07_C1_ExtraTrees,3.2951583333333327
fold_municipality_grouped,5,AGC_110,4.18,B07_C1_ExtraTrees,3.3384125
fold_municipality_grouped,5,AGC_111,4.72,B07_C1_ExtraTrees,3.3283458333333313
fold_municipality_grouped,5,AGC_112,3.0,B07_C1_ExtraTrees,4.119416666666665
fold_municipality_grouped,5,AGC_114,3.0,B07_C1_ExtraTrees,3.6365208333333334
fold_municipality_grouped,5,AGC_115,4.6,B07_C1_ExtraTrees,3.102804166666665
fold_municipality_grouped,5,AGC_117,3.5,B07_C1_ExtraTrees,4.11318333333333
fold_municipality_grouped,5,AGC_121,3.3,B07_C1_ExtraTrees,3.9865643270618274
fold_municipality_grouped,5,AGC_122,3.5,B07_C1_ExtraTrees,3.1864041666666623
fold_municipality_grouped,5,AGC_123,2.5,B07_C1_ExtraTrees,2.9674333333333363
fold_municipality_grouped,5,AGC_124,5.05,B07_C1_ExtraTrees,3.6279333333333317
fold_municipality_grouped,5,AGC_125,4.06,B07_C1_ExtraTrees,4.1962625
fold_municipality_grouped,5,AGC_127,5.57,B07_C1_ExtraTrees,4.000604166666661
fold_municipality_grouped,5,AGC_131,4.89,B07_C1_ExtraTrees,3.7086083333333333
fold_municipality_grouped,5,AGC_132,4.13,B07_C1_ExtraTrees,3.652391666666664
fold_municipality_grouped,5,AGC_133,3.91,B07_C1_ExtraTrees,3.848187499999997
fold_municipality_grouped,5,AGC_134,4.52,B07_C1_ExtraTrees,3.551310058483187
fold_municipality_grouped,5,AGC_135,4.49,B07_C1_ExtraTrees,3.2990624999999976
fold_municipality_grouped,5,AGC_137,4.54,B07_C1_ExtraTrees,3.889828146645028
fold_municipality_grouped,5,AGC_138,2.5,B07_C1_ExtraTrees,4.104295833333333
fold_municipality_grouped,5,AGC_139,4.67,B07_C1_ExtraTrees,3.26423333333333
fold_municipality_grouped,5,AGC_140,3.2,B07_C1_ExtraTrees,4.085537661297035
fold_municipality_grouped,5,AGC_141,3.5,B07_C1_ExtraTrees,3.9244874999999944
fold_municipality_grouped,5,AGC_144,2.5,B07_C1_ExtraTrees,3.361366666666669
fold_municipality_grouped,5,AGC_145,3.5,B07_C1_ExtraTrees,3.0048291666666676
fold_municipality_grouped,5,AGC_146,4.58,B07_C1_ExtraTrees,4.3441618777056235
fold_municipality_grouped,5,AGC_148,3.0,B07_C1_ExtraTrees,4.029072017357641
fold_municipality_grouped,5,AGC_150,4.52,B07_C1_ExtraTrees,3.649416666666665
fold_municipality_grouped,5,AGC_151,4.69,B07_C1_ExtraTrees,3.896030736832617
fold_municipality_grouped,5,AGC_152,4.87,B07_C1_ExtraTrees,3.941117302974803
fold_municipality_grouped,5,AGC_155,4.52,B07_C1_ExtraTrees,3.7333958333333293
fold_municipality_grouped,5,AGC_157,3.0,B07_C1_ExtraTrees,3.9256541666666647
fold_municipality_grouped,5,AGC_159,4.77,B07_C1_ExtraTrees,3.8958249999999954
fold_municipality_grouped,5,AGC_160,3.62,B07_C1_ExtraTrees,3.6456541666666653
fold_municipality_grouped,5,AGC_161,4.46,B07_C1_ExtraTrees,4.095670833333328
fold_municipality_grouped,5,AGC_162,5.59,B07_C1_ExtraTrees,3.336595833333335
fold_municipality_grouped,5,AGC_163,3.0,B07_C1_ExtraTrees,3.8836208333333304
fold_municipality_grouped,5,AGC_164,3.0,B07_C1_ExtraTrees,3.9854333333333343
fold_municipality_grouped,5,AGC_165,4.44,B07_C1_ExtraTrees,3.3969541666666636
fold_municipality_grouped,5,AGC_166,2.5,B07_C1_ExtraTrees,4.259617113997116
fold_municipality_grouped,5,AGC_167,4.54,B07_C1_ExtraTrees,4.010429166666662
fold_municipality_grouped,5,AGC_168,4.49,B07_C1_ExtraTrees,3.816604166666668
fold_municipality_grouped,5,AGC_169,2.5,B07_C1_ExtraTrees,4.1502291666666675
fold_municipality_grouped,5,AGC_170,3.0,B07_C1_ExtraTrees,4.1085458333333325
fold_municipality_grouped,5,AGC_171,2.15,B07_C1_ExtraTrees,3.134070833333333
fold_municipality_grouped,5,AGC_172,5.19,B07_C1_ExtraTrees,3.414875000000001
fold_municipality_grouped,5,AGC_176,4.38,B07_C1_ExtraTrees,3.384775000000002
fold_municipality_grouped,5,AGC_178,4.39,B07_C1_ExtraTrees,2.958304166666666
fold_municipality_grouped,5,AGC_179,4.55,B07_C1_ExtraTrees,3.466733333333334
fold_municipality_grouped,5,AGC_180,4.14,B07_C1_ExtraTrees,3.5574581447025238
fold_municipality_grouped,5,AGC_181,4.51,B07_C1_ExtraTrees,3.2963416666666667
fold_municipality_grouped,5,AGC_184,4.47,B07_C1_ExtraTrees,4.285500220959594
fold_municipality_grouped,5,AGC_185,5.01,B07_C1_ExtraTrees,3.3673166666666674
fold_municipality_grouped,5,AGC_187,3.0,B07_C1_ExtraTrees,3.735858333333334
fold_municipality_grouped,5,AGC_189,4.03,B07_C1_ExtraTrees,3.4186166666666677
fold_municipality_grouped,5,AGC_193,4.57,B07_C1_ExtraTrees,3.152799999999999
fold_municipality_grouped,5,AGC_194,3.2,B07_C1_ExtraTrees,4.344616322913195
fold_municipality_grouped,5,AGC_195,3.68,B07_C1_ExtraTrees,3.2417000000000002
fold_municipality_grouped,5,AGC_196,3.5,B07_C1_ExtraTrees,3.20195645743146
fold_municipality_grouped,5,AGC_197,4.52,B07_C1_ExtraTrees,3.014508333333333
fold_municipality_grouped,5,AGC_001,3.5,B08_C1_PLS,3.0794466519930426
fold_municipality_grouped,5,AGC_002,4.63,B08_C1_PLS,4.523900961954142
fold_municipality_grouped,5,AGC_004,3.0,B08_C1_PLS,4.10553057033429
fold_municipality_grouped,5,AGC_005,5.16,B08_C1_PLS,5.0086468588876984
fold_municipality_grouped,5,AGC_006,4.49,B08_C1_PLS,3.179997532803797
fold_municipality_grouped,5,AGC_007,3.5,B08_C1_PLS,3.740929305160252
fold_municipality_grouped,5,AGC_008,4.55,B08_C1_PLS,3.7158412375611323
fold_municipality_grouped,5,AGC_010,4.1,B08_C1_PLS,3.9299950907089554
fold_municipality_grouped,5,AGC_012,4.69,B08_C1_PLS,3.8975181567472745
fold_municipality_grouped,5,AGC_013,4.01,B08_C1_PLS,3.5018852004342897
fold_municipality_grouped,5,AGC_014,4.83,B08_C1_PLS,4.393714815183652
fold_municipality_grouped,5,AGC_015,2.64,B08_C1_PLS,4.099376534621637
fold_municipality_grouped,5,AGC_017,4.98,B08_C1_PLS,3.9491688746989
fold_municipality_grouped,5,AGC_018,4.49,B08_C1_PLS,3.5206918258628117
fold_municipality_grouped,5,AGC_019,3.0,B08_C1_PLS,3.186890788215517
fold_municipality_grouped,5,AGC_020,3.5,B08_C1_PLS,3.0848701638059777
fold_municipality_grouped,5,AGC_021,4.94,B08_C1_PLS,3.2803602712616757
fold_municipality_grouped,5,AGC_022,4.55,B08_C1_PLS,3.531828046426378
fold_municipality_grouped,5,AGC_023,3.0,B08_C1_PLS,3.8668458511976596
fold_municipality_grouped,5,AGC_024,3.03,B08_C1_PLS,3.7309208725791265
fold_municipality_grouped,5,AGC_026,3.55,B08_C1_PLS,4.010339942087681
fold_municipality_grouped,5,AGC_032,4.03,B08_C1_PLS,3.4157748728255792
fold_municipality_grouped,5,AGC_033,4.47,B08_C1_PLS,3.438128963366786
fold_municipality_grouped,5,AGC_034,2.0,B08_C1_PLS,4.439735933417595
fold_municipality_grouped,5,AGC_037,3.5,B08_C1_PLS,3.8743391451246962
fold_municipality_grouped,5,AGC_038,3.3,B08_C1_PLS,4.3201405597848535
fold_municipality_grouped,5,AGC_040,3.0,B08_C1_PLS,4.054732582076464
fold_municipality_grouped,5,AGC_041,2.5,B08_C1_PLS,4.164202501808241
fold_municipality_grouped,5,AGC_044,3.5,B08_C1_PLS,3.1705832515169634
fold_municipality_grouped,5,AGC_045,4.1,B08_C1_PLS,3.6388425770104216
fold_municipality_grouped,5,AGC_046,3.0,B08_C1_PLS,3.233297149157191
fold_municipality_grouped,5,AGC_047,4.45,B08_C1_PLS,3.107141108092093
fold_municipality_grouped,5,AGC_049,5.53,B08_C1_PLS,3.560152031543776
fold_municipality_grouped,5,AGC_051,4.45,B08_C1_PLS,3.953485581447203
fold_municipality_grouped,5,AGC_053,3.5,B08_C1_PLS,4.126573786902703
fold_municipality_grouped,5,AGC_054,2.5,B08_C1_PLS,3.4246913212974612
fold_municipality_grouped,5,AGC_055,5.45,B08_C1_PLS,3.516554957286203
fold_municipality_grouped,5,AGC_056,5.07,B08_C1_PLS,3.443482011488898
fold_municipality_grouped,5,AGC_057,4.55,B08_C1_PLS,3.534380469790287
fold_municipality_grouped,5,AGC_058,2.5,B08_C1_PLS,3.907403918674524
fold_municipality_grouped,5,AGC_059,4.41,B08_C1_PLS,4.048170901223112
fold_municipality_grouped,5,AGC_060,4.52,B08_C1_PLS,3.071062726460239
fold_municipality_grouped,5,AGC_062,3.81,B08_C1_PLS,3.353575350606028
fold_municipality_grouped,5,AGC_066,3.0,B08_C1_PLS,4.084489962606266
fold_municipality_grouped,5,AGC_067,3.0,B08_C1_PLS,4.260035161500009
fold_municipality_grouped,5,AGC_068,2.5,B08_C1_PLS,4.0400687796465755
fold_municipality_grouped,5,AGC_069,5.46,B08_C1_PLS,3.8368638240659347
fold_municipality_grouped,5,AGC_070,3.3,B08_C1_PLS,4.390336028126534
fold_municipality_grouped,5,AGC_072,4.55,B08_C1_PLS,3.359701712070893
fold_municipality_grouped,5,AGC_073,4.3,B08_C1_PLS,3.129284523875766
fold_municipality_grouped,5,AGC_074,2.5,B08_C1_PLS,2.9360420387540263
fold_municipality_grouped,5,AGC_077,4.76,B08_C1_PLS,2.940897461819529
fold_municipality_grouped,5,AGC_078,3.0,B08_C1_PLS,3.9604465077781996
fold_municipality_grouped,5,AGC_079,3.3,B08_C1_PLS,4.023278480351134
fold_municipality_grouped,5,AGC_080,3.5,B08_C1_PLS,3.6641631864246937
fold_municipality_grouped,5,AGC_081,3.7,B08_C1_PLS,4.2183632208621225
fold_municipality_grouped,5,AGC_084,4.54,B08_C1_PLS,4.7120101878919325
fold_municipality_grouped,5,AGC_089,3.0,B08_C1_PLS,3.807610833872756
fold_municipality_grouped,5,AGC_090,4.68,B08_C1_PLS,3.8024765032752468
fold_municipality_grouped,5,AGC_092,4.57,B08_C1_PLS,3.964658645632076
fold_municipality_grouped,5,AGC_096,4.59,B08_C1_PLS,3.2248393947130847
fold_municipality_grouped,5,AGC_097,4.69,B08_C1_PLS,3.4885733102044125
fold_municipality_grouped,5,AGC_098,3.0,B08_C1_PLS,3.25376071060814
fold_municipality_grouped,5,AGC_099,3.5,B08_C1_PLS,4.213801538166616
fold_municipality_grouped,5,AGC_100,4.5,B08_C1_PLS,3.7371592383564147
fold_municipality_grouped,5,AGC_101,4.57,B08_C1_PLS,3.1837992132576347
fold_municipality_grouped,5,AGC_102,4.4,B08_C1_PLS,3.1129303030209057
fold_municipality_grouped,5,AGC_103,3.0,B08_C1_PLS,3.1683533645202235
fold_municipality_grouped,5,AGC_104,4.56,B08_C1_PLS,3.9405975994919427
fold_municipality_grouped,5,AGC_105,4.41,B08_C1_PLS,4.42967273750126
fold_municipality_grouped,5,AGC_106,4.43,B08_C1_PLS,3.9785070883087847
fold_municipality_grouped,5,AGC_108,4.51,B08_C1_PLS,3.009896458002335
fold_municipality_grouped,5,AGC_109,4.54,B08_C1_PLS,3.550937273389929
fold_municipality_grouped,5,AGC_110,4.18,B08_C1_PLS,4.1139426975053635
fold_municipality_grouped,5,AGC_111,4.72,B08_C1_PLS,3.149746727761033
fold_municipality_grouped,5,AGC_112,3.0,B08_C1_PLS,3.9730779495032107
fold_municipality_grouped,5,AGC_114,3.0,B08_C1_PLS,3.367499856705293
fold_municipality_grouped,5,AGC_115,4.6,B08_C1_PLS,3.370929882977022
fold_municipality_grouped,5,AGC_117,3.5,B08_C1_PLS,4.229810380227865
fold_municipality_grouped,5,AGC_121,3.3,B08_C1_PLS,3.6889426903861327
fold_municipality_grouped,5,AGC_122,3.5,B08_C1_PLS,2.915280516128764
fold_municipality_grouped,5,AGC_123,2.5,B08_C1_PLS,3.1110823856933942
fold_municipality_grouped,5,AGC_124,5.05,B08_C1_PLS,4.179064450127231
fold_municipality_grouped,5,AGC_125,4.06,B08_C1_PLS,4.603480274532819
fold_municipality_grouped,5,AGC_127,5.57,B08_C1_PLS,4.154593309910866
fold_municipality_grouped,5,AGC_131,4.89,B08_C1_PLS,3.9510004307653928
fold_municipality_grouped,5,AGC_132,4.13,B08_C1_PLS,3.51909585287
fold_municipality_grouped,5,AGC_133,3.91,B08_C1_PLS,3.533011072538512
fold_municipality_grouped,5,AGC_134,4.52,B08_C1_PLS,4.036959950450406
fold_municipality_grouped,5,AGC_135,4.49,B08_C1_PLS,3.0403364656537692
fold_municipality_grouped,5,AGC_137,4.54,B08_C1_PLS,4.476084632977522
fold_municipality_grouped,5,AGC_138,2.5,B08_C1_PLS,4.0415772043704825
fold_municipality_grouped,5,AGC_139,4.67,B08_C1_PLS,3.856808912886338
fold_municipality_grouped,5,AGC_140,3.2,B08_C1_PLS,3.5819832659058948
fold_municipality_grouped,5,AGC_141,3.5,B08_C1_PLS,3.806630401147701
fold_municipality_grouped,5,AGC_144,2.5,B08_C1_PLS,3.294560158665358
fold_municipality_grouped,5,AGC_145,3.5,B08_C1_PLS,3.075334483668255
fold_municipality_grouped,5,AGC_146,4.58,B08_C1_PLS,4.506769415521171
fold_municipality_grouped,5,AGC_148,3.0,B08_C1_PLS,3.78754148701454
fold_municipality_grouped,5,AGC_150,4.52,B08_C1_PLS,4.07051581590123
fold_municipality_grouped,5,AGC_151,4.69,B08_C1_PLS,4.839778826418973
fold_municipality_grouped,5,AGC_152,4.87,B08_C1_PLS,4.613495220372489
fold_municipality_grouped,5,AGC_155,4.52,B08_C1_PLS,4.021594537214092
fold_municipality_grouped,5,AGC_157,3.0,B08_C1_PLS,3.8324419791197464
fold_municipality_grouped,5,AGC_159,4.77,B08_C1_PLS,4.390255224487409
fold_municipality_grouped,5,AGC_160,3.62,B08_C1_PLS,4.171478997306195
fold_municipality_grouped,5,AGC_161,4.46,B08_C1_PLS,4.352151725067937
fold_municipality_grouped,5,AGC_162,5.59,B08_C1_PLS,3.008256037722383
fold_municipality_grouped,5,AGC_163,3.0,B08_C1_PLS,3.792476027066214
fold_municipality_grouped,5,AGC_164,3.0,B08_C1_PLS,3.8030218734945067
fold_municipality_grouped,5,AGC_165,4.44,B08_C1_PLS,3.031715525368352
fold_municipality_grouped,5,AGC_166,2.5,B08_C1_PLS,4.224853879593924
fold_municipality_grouped,5,AGC_167,4.54,B08_C1_PLS,4.4838061873202575
fold_municipality_grouped,5,AGC_168,4.49,B08_C1_PLS,4.010328168833678
fold_municipality_grouped,5,AGC_169,2.5,B08_C1_PLS,3.970273368117567
fold_municipality_grouped,5,AGC_170,3.0,B08_C1_PLS,4.033025050524831
fold_municipality_grouped,5,AGC_171,2.15,B08_C1_PLS,3.413189573614503
fold_municipality_grouped,5,AGC_172,5.19,B08_C1_PLS,3.365751598282865
fold_municipality_grouped,5,AGC_176,4.38,B08_C1_PLS,3.391694647912053
fold_municipality_grouped,5,AGC_178,4.39,B08_C1_PLS,2.6577262877025074
fold_municipality_grouped,5,AGC_179,4.55,B08_C1_PLS,3.845013948799889
fold_municipality_grouped,5,AGC_180,4.14,B08_C1_PLS,3.869413704859492
fold_municipality_grouped,5,AGC_181,4.51,B08_C1_PLS,3.6141064971437364
fold_municipality_grouped,5,AGC_184,4.47,B08_C1_PLS,4.1487593265827725
fold_municipality_grouped,5,AGC_185,5.01,B08_C1_PLS,3.683495039566009
fold_municipality_grouped,5,AGC_187,3.0,B08_C1_PLS,3.7686155692753722
fold_municipality_grouped,5,AGC_189,4.03,B08_C1_PLS,3.8147634955793
fold_municipality_grouped,5,AGC_193,4.57,B08_C1_PLS,3.2377072663139557
fold_municipality_grouped,5,AGC_194,3.2,B08_C1_PLS,4.478524736852274
fold_municipality_grouped,5,AGC_195,3.68,B08_C1_PLS,3.825276665239234
fold_municipality_grouped,5,AGC_196,3.5,B08_C1_PLS,3.4168614555493946
fold_municipality_grouped,5,AGC_197,4.52,B08_C1_PLS,3.03777426679743
fold_municipality_grouped,5,AGC_001,3.5,B09_C0_PCA_Ridge,3.56576441149979
fold_municipality_grouped,5,AGC_002,4.63,B09_C0_PCA_Ridge,3.715689954885157
fold_municipality_grouped,5,AGC_004,3.0,B09_C0_PCA_Ridge,4.171017185849212
fold_municipality_grouped,5,AGC_005,5.16,B09_C0_PCA_Ridge,4.093825694125719
fold_municipality_grouped,5,AGC_006,4.49,B09_C0_PCA_Ridge,3.200243069460806
fold_municipality_grouped,5,AGC_007,3.5,B09_C0_PCA_Ridge,3.5815061174581087
fold_municipality_grouped,5,AGC_008,4.55,B09_C0_PCA_Ridge,3.318525382029904
fold_municipality_grouped,5,AGC_010,4.1,B09_C0_PCA_Ridge,3.4300500544830856
fold_municipality_grouped,5,AGC_012,4.69,B09_C0_PCA_Ridge,3.834644542844851
fold_municipality_grouped,5,AGC_013,4.01,B09_C0_PCA_Ridge,3.5620420522040472
fold_municipality_grouped,5,AGC_014,4.83,B09_C0_PCA_Ridge,3.8234369922734603
fold_municipality_grouped,5,AGC_015,2.64,B09_C0_PCA_Ridge,3.461022465695742
fold_municipality_grouped,5,AGC_017,4.98,B09_C0_PCA_Ridge,3.568017178505221
fold_municipality_grouped,5,AGC_018,4.49,B09_C0_PCA_Ridge,3.683391747353594
fold_municipality_grouped,5,AGC_019,3.0,B09_C0_PCA_Ridge,3.4909964332982764
fold_municipality_grouped,5,AGC_020,3.5,B09_C0_PCA_Ridge,2.721262554065426
fold_municipality_grouped,5,AGC_021,4.94,B09_C0_PCA_Ridge,3.277463190805709
fold_municipality_grouped,5,AGC_022,4.55,B09_C0_PCA_Ridge,3.4431643447876885
fold_municipality_grouped,5,AGC_023,3.0,B09_C0_PCA_Ridge,4.072322861499184
fold_municipality_grouped,5,AGC_024,3.03,B09_C0_PCA_Ridge,3.4448916225462582
fold_municipality_grouped,5,AGC_026,3.55,B09_C0_PCA_Ridge,3.475628758556751
fold_municipality_grouped,5,AGC_032,4.03,B09_C0_PCA_Ridge,3.591823124076379
fold_municipality_grouped,5,AGC_033,4.47,B09_C0_PCA_Ridge,3.3380731998912405
fold_municipality_grouped,5,AGC_034,2.0,B09_C0_PCA_Ridge,3.813995646969115
fold_municipality_grouped,5,AGC_037,3.5,B09_C0_PCA_Ridge,4.002561308692222
fold_municipality_grouped,5,AGC_038,3.3,B09_C0_PCA_Ridge,3.8886126863859234
fold_municipality_grouped,5,AGC_040,3.0,B09_C0_PCA_Ridge,3.882653517673348
fold_municipality_grouped,5,AGC_041,2.5,B09_C0_PCA_Ridge,3.7563675117728086
fold_municipality_grouped,5,AGC_044,3.5,B09_C0_PCA_Ridge,3.02770547022275
fold_municipality_grouped,5,AGC_045,4.1,B09_C0_PCA_Ridge,3.7159522067126662
fold_municipality_grouped,5,AGC_046,3.0,B09_C0_PCA_Ridge,3.58007954726373
fold_municipality_grouped,5,AGC_047,4.45,B09_C0_PCA_Ridge,3.1917561150358384
fold_municipality_grouped,5,AGC_049,5.53,B09_C0_PCA_Ridge,3.5134213930648333
fold_municipality_grouped,5,AGC_051,4.45,B09_C0_PCA_Ridge,3.8172626954438202
fold_municipality_grouped,5,AGC_053,3.5,B09_C0_PCA_Ridge,4.170219162006187
fold_municipality_grouped,5,AGC_054,2.5,B09_C0_PCA_Ridge,3.728326357687937
fold_municipality_grouped,5,AGC_055,5.45,B09_C0_PCA_Ridge,3.6073846924515878
fold_municipality_grouped,5,AGC_056,5.07,B09_C0_PCA_Ridge,3.2128955295175547
fold_municipality_grouped,5,AGC_057,4.55,B09_C0_PCA_Ridge,3.5868332560783283
fold_municipality_grouped,5,AGC_058,2.5,B09_C0_PCA_Ridge,4.1049874178526675
fold_municipality_grouped,5,AGC_059,4.41,B09_C0_PCA_Ridge,3.72990746090807
fold_municipality_grouped,5,AGC_060,4.52,B09_C0_PCA_Ridge,3.5720807081460415
fold_municipality_grouped,5,AGC_062,3.81,B09_C0_PCA_Ridge,3.211909834234441
fold_municipality_grouped,5,AGC_066,3.0,B09_C0_PCA_Ridge,3.923089705550201
fold_municipality_grouped,5,AGC_067,3.0,B09_C0_PCA_Ridge,3.90199125457592
fold_municipality_grouped,5,AGC_068,2.5,B09_C0_PCA_Ridge,3.989548850312382
fold_municipality_grouped,5,AGC_069,5.46,B09_C0_PCA_Ridge,3.788417444315504
fold_municipality_grouped,5,AGC_070,3.3,B09_C0_PCA_Ridge,3.9241847312656675
fold_municipality_grouped,5,AGC_072,4.55,B09_C0_PCA_Ridge,3.2212706154745723
fold_municipality_grouped,5,AGC_073,4.3,B09_C0_PCA_Ridge,3.226203678452519
fold_municipality_grouped,5,AGC_074,2.5,B09_C0_PCA_Ridge,3.6478653616210694
fold_municipality_grouped,5,AGC_077,4.76,B09_C0_PCA_Ridge,3.1593485739005662
fold_municipality_grouped,5,AGC_078,3.0,B09_C0_PCA_Ridge,3.516484010611961
fold_municipality_grouped,5,AGC_079,3.3,B09_C0_PCA_Ridge,3.5535038921444406
fold_municipality_grouped,5,AGC_080,3.5,B09_C0_PCA_Ridge,3.4404517980731115
fold_municipality_grouped,5,AGC_081,3.7,B09_C0_PCA_Ridge,4.215306965521572
fold_municipality_grouped,5,AGC_084,4.54,B09_C0_PCA_Ridge,4.403453840507964
fold_municipality_grouped,5,AGC_089,3.0,B09_C0_PCA_Ridge,3.644317779702808
fold_municipality_grouped,5,AGC_090,4.68,B09_C0_PCA_Ridge,3.4971568847000976
fold_municipality_grouped,5,AGC_092,4.57,B09_C0_PCA_Ridge,3.100007862233858
fold_municipality_grouped,5,AGC_096,4.59,B09_C0_PCA_Ridge,3.161368631871912
fold_municipality_grouped,5,AGC_097,4.69,B09_C0_PCA_Ridge,3.3179439121835297
fold_municipality_grouped,5,AGC_098,3.0,B09_C0_PCA_Ridge,3.9274547712535886
fold_municipality_grouped,5,AGC_099,3.5,B09_C0_PCA_Ridge,4.286705000045683
fold_municipality_grouped,5,AGC_100,4.5,B09_C0_PCA_Ridge,3.399955922534265
fold_municipality_grouped,5,AGC_101,4.57,B09_C0_PCA_Ridge,3.2074631274298007
fold_municipality_grouped,5,AGC_102,4.4,B09_C0_PCA_Ridge,3.390291992421028
fold_municipality_grouped,5,AGC_103,3.0,B09_C0_PCA_Ridge,3.459086905228883
fold_municipality_grouped,5,AGC_104,4.56,B09_C0_PCA_Ridge,3.521631960587878
fold_municipality_grouped,5,AGC_105,4.41,B09_C0_PCA_Ridge,3.492336883929204
fold_municipality_grouped,5,AGC_106,4.43,B09_C0_PCA_Ridge,3.3213284664166594
fold_municipality_grouped,5,AGC_108,4.51,B09_C0_PCA_Ridge,3.2662731421872224
fold_municipality_grouped,5,AGC_109,4.54,B09_C0_PCA_Ridge,3.2484525447458505
fold_municipality_grouped,5,AGC_110,4.18,B09_C0_PCA_Ridge,3.3417819002265845
fold_municipality_grouped,5,AGC_111,4.72,B09_C0_PCA_Ridge,3.394545752518942
fold_municipality_grouped,5,AGC_112,3.0,B09_C0_PCA_Ridge,4.006663537692701
fold_municipality_grouped,5,AGC_114,3.0,B09_C0_PCA_Ridge,3.7550080185113677
fold_municipality_grouped,5,AGC_115,4.6,B09_C0_PCA_Ridge,3.272970970555622
fold_municipality_grouped,5,AGC_117,3.5,B09_C0_PCA_Ridge,4.373470365898329
fold_municipality_grouped,5,AGC_121,3.3,B09_C0_PCA_Ridge,3.4359665814459825
fold_municipality_grouped,5,AGC_122,3.5,B09_C0_PCA_Ridge,3.429937638299563
fold_municipality_grouped,5,AGC_123,2.5,B09_C0_PCA_Ridge,3.5224340372400462
fold_municipality_grouped,5,AGC_124,5.05,B09_C0_PCA_Ridge,3.6806865809858085
fold_municipality_grouped,5,AGC_125,4.06,B09_C0_PCA_Ridge,3.690769489301794
fold_municipality_grouped,5,AGC_127,5.57,B09_C0_PCA_Ridge,4.255633818607142
fold_municipality_grouped,5,AGC_131,4.89,B09_C0_PCA_Ridge,3.5971826669589246
fold_municipality_grouped,5,AGC_132,4.13,B09_C0_PCA_Ridge,3.576777157591512
fold_municipality_grouped,5,AGC_133,3.91,B09_C0_PCA_Ridge,3.6969941373207167
fold_municipality_grouped,5,AGC_134,4.52,B09_C0_PCA_Ridge,4.0761218494891445
fold_municipality_grouped,5,AGC_135,4.49,B09_C0_PCA_Ridge,3.2464400120352916
fold_municipality_grouped,5,AGC_137,4.54,B09_C0_PCA_Ridge,3.9583157051262408
fold_municipality_grouped,5,AGC_138,2.5,B09_C0_PCA_Ridge,4.280623850905339
fold_municipality_grouped,5,AGC_139,4.67,B09_C0_PCA_Ridge,3.402843183963131
fold_municipality_grouped,5,AGC_140,3.2,B09_C0_PCA_Ridge,3.504187978736171
fold_municipality_grouped,5,AGC_141,3.5,B09_C0_PCA_Ridge,4.032928263112225
fold_municipality_grouped,5,AGC_144,2.5,B09_C0_PCA_Ridge,3.540217450588031
fold_municipality_grouped,5,AGC_145,3.5,B09_C0_PCA_Ridge,3.7164609013162626
fold_municipality_grouped,5,AGC_146,4.58,B09_C0_PCA_Ridge,4.311863046539858
fold_municipality_grouped,5,AGC_148,3.0,B09_C0_PCA_Ridge,3.392586111048088
fold_municipality_grouped,5,AGC_150,4.52,B09_C0_PCA_Ridge,3.5817654863127544
fold_municipality_grouped,5,AGC_151,4.69,B09_C0_PCA_Ridge,4.485102114436319
fold_municipality_grouped,5,AGC_152,4.87,B09_C0_PCA_Ridge,4.503770482536066
fold_municipality_grouped,5,AGC_155,4.52,B09_C0_PCA_Ridge,3.8665229969159727
fold_municipality_grouped,5,AGC_157,3.0,B09_C0_PCA_Ridge,3.980920001718615
fold_municipality_grouped,5,AGC_159,4.77,B09_C0_PCA_Ridge,3.6450924549261847
fold_municipality_grouped,5,AGC_160,3.62,B09_C0_PCA_Ridge,3.922075210039345
fold_municipality_grouped,5,AGC_161,4.46,B09_C0_PCA_Ridge,3.775459163321965
fold_municipality_grouped,5,AGC_162,5.59,B09_C0_PCA_Ridge,3.158073889472889
fold_municipality_grouped,5,AGC_163,3.0,B09_C0_PCA_Ridge,3.964802038036367
fold_municipality_grouped,5,AGC_164,3.0,B09_C0_PCA_Ridge,4.010217593003193
fold_municipality_grouped,5,AGC_165,4.44,B09_C0_PCA_Ridge,3.317809681801674
fold_municipality_grouped,5,AGC_166,2.5,B09_C0_PCA_Ridge,3.8677808987509015
fold_municipality_grouped,5,AGC_167,4.54,B09_C0_PCA_Ridge,3.7418128050949946
fold_municipality_grouped,5,AGC_168,4.49,B09_C0_PCA_Ridge,3.457934860229389
fold_municipality_grouped,5,AGC_169,2.5,B09_C0_PCA_Ridge,3.7872189853968554
fold_municipality_grouped,5,AGC_170,3.0,B09_C0_PCA_Ridge,4.1934954137501865
fold_municipality_grouped,5,AGC_171,2.15,B09_C0_PCA_Ridge,3.3294178044253555
fold_municipality_grouped,5,AGC_172,5.19,B09_C0_PCA_Ridge,3.363424992616451
fold_municipality_grouped,5,AGC_176,4.38,B09_C0_PCA_Ridge,3.4049654341868294
fold_municipality_grouped,5,AGC_178,4.39,B09_C0_PCA_Ridge,3.0986708404307493
fold_municipality_grouped,5,AGC_179,4.55,B09_C0_PCA_Ridge,3.5268745141333784
fold_municipality_grouped,5,AGC_180,4.14,B09_C0_PCA_Ridge,3.8184344570991833
fold_municipality_grouped,5,AGC_181,4.51,B09_C0_PCA_Ridge,3.325520752328513
fold_municipality_grouped,5,AGC_184,4.47,B09_C0_PCA_Ridge,4.016669433531981
fold_municipality_grouped,5,AGC_185,5.01,B09_C0_PCA_Ridge,3.530811120882637
fold_municipality_grouped,5,AGC_187,3.0,B09_C0_PCA_Ridge,3.850088431442573
fold_municipality_grouped,5,AGC_189,4.03,B09_C0_PCA_Ridge,3.5001049043252794
fold_municipality_grouped,5,AGC_193,4.57,B09_C0_PCA_Ridge,3.254651248013898
fold_municipality_grouped,5,AGC_194,3.2,B09_C0_PCA_Ridge,4.152059592158859
fold_municipality_grouped,5,AGC_195,3.68,B09_C0_PCA_Ridge,3.252850839596619
fold_municipality_grouped,5,AGC_196,3.5,B09_C0_PCA_Ridge,3.1235423946605554
fold_municipality_grouped,5,AGC_197,4.52,B09_C0_PCA_Ridge,3.1530478528026893
fold_municipality_grouped,5,AGC_001,3.5,B10_C1_PCA_Ridge,2.4769785998182385
fold_municipality_grouped,5,AGC_002,4.63,B10_C1_PCA_Ridge,4.40951889817123
fold_municipality_grouped,5,AGC_004,3.0,B10_C1_PCA_Ridge,3.8353842762893917
fold_municipality_grouped,5,AGC_005,5.16,B10_C1_PCA_Ridge,4.951052946477262
fold_municipality_grouped,5,AGC_006,4.49,B10_C1_PCA_Ridge,3.036771839597577
fold_municipality_grouped,5,AGC_007,3.5,B10_C1_PCA_Ridge,3.8303008722433436
fold_municipality_grouped,5,AGC_008,4.55,B10_C1_PCA_Ridge,3.461058206765673
fold_municipality_grouped,5,AGC_010,4.1,B10_C1_PCA_Ridge,3.836560822508594
fold_municipality_grouped,5,AGC_012,4.69,B10_C1_PCA_Ridge,3.682057736681775
fold_municipality_grouped,5,AGC_013,4.01,B10_C1_PCA_Ridge,3.446000418259387
fold_municipality_grouped,5,AGC_014,4.83,B10_C1_PCA_Ridge,4.134092803375255
fold_municipality_grouped,5,AGC_015,2.64,B10_C1_PCA_Ridge,3.925754271898961
fold_municipality_grouped,5,AGC_017,4.98,B10_C1_PCA_Ridge,3.706867117720974
fold_municipality_grouped,5,AGC_018,4.49,B10_C1_PCA_Ridge,3.3970637563057924
fold_municipality_grouped,5,AGC_019,3.0,B10_C1_PCA_Ridge,3.1857741377781874
fold_municipality_grouped,5,AGC_020,3.5,B10_C1_PCA_Ridge,3.060519704407395
fold_municipality_grouped,5,AGC_021,4.94,B10_C1_PCA_Ridge,3.2190935120395707
fold_municipality_grouped,5,AGC_022,4.55,B10_C1_PCA_Ridge,3.404896121503124
fold_municipality_grouped,5,AGC_023,3.0,B10_C1_PCA_Ridge,3.66603722378095
fold_municipality_grouped,5,AGC_024,3.03,B10_C1_PCA_Ridge,3.5074704487544026
fold_municipality_grouped,5,AGC_026,3.55,B10_C1_PCA_Ridge,3.6255801939841907
fold_municipality_grouped,5,AGC_032,4.03,B10_C1_PCA_Ridge,3.196732867937245
fold_municipality_grouped,5,AGC_033,4.47,B10_C1_PCA_Ridge,3.168910102406046
fold_municipality_grouped,5,AGC_034,2.0,B10_C1_PCA_Ridge,4.2640382473472975
fold_municipality_grouped,5,AGC_037,3.5,B10_C1_PCA_Ridge,3.689038797473411
fold_municipality_grouped,5,AGC_038,3.3,B10_C1_PCA_Ridge,4.220187093029447
fold_municipality_grouped,5,AGC_040,3.0,B10_C1_PCA_Ridge,3.433004621776502
fold_municipality_grouped,5,AGC_041,2.5,B10_C1_PCA_Ridge,4.1870296570146674
fold_municipality_grouped,5,AGC_044,3.5,B10_C1_PCA_Ridge,3.0382645310769316
fold_municipality_grouped,5,AGC_045,4.1,B10_C1_PCA_Ridge,3.538048507187073
fold_municipality_grouped,5,AGC_046,3.0,B10_C1_PCA_Ridge,3.205673696422193
fold_municipality_grouped,5,AGC_047,4.45,B10_C1_PCA_Ridge,3.324480502785766
fold_municipality_grouped,5,AGC_049,5.53,B10_C1_PCA_Ridge,3.4189582487019465
fold_municipality_grouped,5,AGC_051,4.45,B10_C1_PCA_Ridge,3.883238385881088
fold_municipality_grouped,5,AGC_053,3.5,B10_C1_PCA_Ridge,3.830221585159675
fold_municipality_grouped,5,AGC_054,2.5,B10_C1_PCA_Ridge,3.2211160296432455
fold_municipality_grouped,5,AGC_055,5.45,B10_C1_PCA_Ridge,3.3202305227191484
fold_municipality_grouped,5,AGC_056,5.07,B10_C1_PCA_Ridge,3.293487456169806
fold_municipality_grouped,5,AGC_057,4.55,B10_C1_PCA_Ridge,3.213902754768482
fold_municipality_grouped,5,AGC_058,2.5,B10_C1_PCA_Ridge,3.753205188858763
fold_municipality_grouped,5,AGC_059,4.41,B10_C1_PCA_Ridge,4.09814450967843
fold_municipality_grouped,5,AGC_060,4.52,B10_C1_PCA_Ridge,2.986492215318296
fold_municipality_grouped,5,AGC_062,3.81,B10_C1_PCA_Ridge,3.353965064399508
fold_municipality_grouped,5,AGC_066,3.0,B10_C1_PCA_Ridge,3.7569001572716094
fold_municipality_grouped,5,AGC_067,3.0,B10_C1_PCA_Ridge,4.037848622751791
fold_municipality_grouped,5,AGC_068,2.5,B10_C1_PCA_Ridge,3.5137879728428683
fold_municipality_grouped,5,AGC_069,5.46,B10_C1_PCA_Ridge,3.5891282542363845
fold_municipality_grouped,5,AGC_070,3.3,B10_C1_PCA_Ridge,4.393158804431026
fold_municipality_grouped,5,AGC_072,4.55,B10_C1_PCA_Ridge,3.2498151653653755
fold_municipality_grouped,5,AGC_073,4.3,B10_C1_PCA_Ridge,3.141704525585198
fold_municipality_grouped,5,AGC_074,2.5,B10_C1_PCA_Ridge,2.8303493432793307
fold_municipality_grouped,5,AGC_077,4.76,B10_C1_PCA_Ridge,2.935257292757543
fold_municipality_grouped,5,AGC_078,3.0,B10_C1_PCA_Ridge,3.8751862120107274
fold_municipality_grouped,5,AGC_079,3.3,B10_C1_PCA_Ridge,4.099210522765748
fold_municipality_grouped,5,AGC_080,3.5,B10_C1_PCA_Ridge,3.6584018034883123
fold_municipality_grouped,5,AGC_081,3.7,B10_C1_PCA_Ridge,4.345031769580782
fold_municipality_grouped,5,AGC_084,4.54,B10_C1_PCA_Ridge,4.66859743396676
fold_municipality_grouped,5,AGC_089,3.0,B10_C1_PCA_Ridge,3.8023171179173834
fold_municipality_grouped,5,AGC_090,4.68,B10_C1_PCA_Ridge,3.6171309733323893
fold_municipality_grouped,5,AGC_092,4.57,B10_C1_PCA_Ridge,3.800659399514309
fold_municipality_grouped,5,AGC_096,4.59,B10_C1_PCA_Ridge,3.1665504012399657
fold_municipality_grouped,5,AGC_097,4.69,B10_C1_PCA_Ridge,3.449248209930322
fold_municipality_grouped,5,AGC_098,3.0,B10_C1_PCA_Ridge,2.6498850378136107
fold_municipality_grouped,5,AGC_099,3.5,B10_C1_PCA_Ridge,3.8868382424638406
fold_municipality_grouped,5,AGC_100,4.5,B10_C1_PCA_Ridge,3.5499409995591504
fold_municipality_grouped,5,AGC_101,4.57,B10_C1_PCA_Ridge,3.0271239333371907
fold_municipality_grouped,5,AGC_102,4.4,B10_C1_PCA_Ridge,2.9954806148299675
fold_municipality_grouped,5,AGC_103,3.0,B10_C1_PCA_Ridge,3.1997746420049156
fold_municipality_grouped,5,AGC_104,4.56,B10_C1_PCA_Ridge,3.7604904746912737
fold_municipality_grouped,5,AGC_105,4.41,B10_C1_PCA_Ridge,4.07770075291023
fold_municipality_grouped,5,AGC_106,4.43,B10_C1_PCA_Ridge,3.812241298444715
fold_municipality_grouped,5,AGC_108,4.51,B10_C1_PCA_Ridge,2.848197543180526
fold_municipality_grouped,5,AGC_109,4.54,B10_C1_PCA_Ridge,3.384297686625486
fold_municipality_grouped,5,AGC_110,4.18,B10_C1_PCA_Ridge,3.9090277733014256
fold_municipality_grouped,5,AGC_111,4.72,B10_C1_PCA_Ridge,3.2080039703549144
fold_municipality_grouped,5,AGC_112,3.0,B10_C1_PCA_Ridge,3.634484952112214
fold_municipality_grouped,5,AGC_114,3.0,B10_C1_PCA_Ridge,3.092788127822373
fold_municipality_grouped,5,AGC_115,4.6,B10_C1_PCA_Ridge,3.3627757522819173
fold_municipality_grouped,5,AGC_117,3.5,B10_C1_PCA_Ridge,3.856810997815132
fold_municipality_grouped,5,AGC_121,3.3,B10_C1_PCA_Ridge,3.7705414790964884
fold_municipality_grouped,5,AGC_122,3.5,B10_C1_PCA_Ridge,2.4783268763095787
fold_municipality_grouped,5,AGC_123,2.5,B10_C1_PCA_Ridge,2.7704409942355857
fold_municipality_grouped,5,AGC_124,5.05,B10_C1_PCA_Ridge,3.9359765949127508
fold_municipality_grouped,5,AGC_125,4.06,B10_C1_PCA_Ridge,4.355081112370054
fold_municipality_grouped,5,AGC_127,5.57,B10_C1_PCA_Ridge,3.7691447816309656
fold_municipality_grouped,5,AGC_131,4.89,B10_C1_PCA_Ridge,3.827329072970053
fold_municipality_grouped,5,AGC_132,4.13,B10_C1_PCA_Ridge,3.3867425539572036
fold_municipality_grouped,5,AGC_133,3.91,B10_C1_PCA_Ridge,3.617785098301137
fold_municipality_grouped,5,AGC_134,4.52,B10_C1_PCA_Ridge,4.0276917542762805
fold_municipality_grouped,5,AGC_135,4.49,B10_C1_PCA_Ridge,3.136898064854638
fold_municipality_grouped,5,AGC_137,4.54,B10_C1_PCA_Ridge,4.507259143766223
fold_municipality_grouped,5,AGC_138,2.5,B10_C1_PCA_Ridge,3.9965673878193058
fold_municipality_grouped,5,AGC_139,4.67,B10_C1_PCA_Ridge,3.6964824743954425
fold_municipality_grouped,5,AGC_140,3.2,B10_C1_PCA_Ridge,3.711066597126059
fold_municipality_grouped,5,AGC_141,3.5,B10_C1_PCA_Ridge,3.4055147511748887
fold_municipality_grouped,5,AGC_144,2.5,B10_C1_PCA_Ridge,3.166635976036593
fold_municipality_grouped,5,AGC_145,3.5,B10_C1_PCA_Ridge,2.849940504568118
fold_municipality_grouped,5,AGC_146,4.58,B10_C1_PCA_Ridge,4.375621526592476
fold_municipality_grouped,5,AGC_148,3.0,B10_C1_PCA_Ridge,3.703628012119613
fold_municipality_grouped,5,AGC_150,4.52,B10_C1_PCA_Ridge,3.8475248074835235
fold_municipality_grouped,5,AGC_151,4.69,B10_C1_PCA_Ridge,4.696867826697917
fold_municipality_grouped,5,AGC_152,4.87,B10_C1_PCA_Ridge,4.61075281546754
fold_municipality_grouped,5,AGC_155,4.52,B10_C1_PCA_Ridge,3.859960137510753
fold_municipality_grouped,5,AGC_157,3.0,B10_C1_PCA_Ridge,3.270792698007363
fold_municipality_grouped,5,AGC_159,4.77,B10_C1_PCA_Ridge,4.209072501255602
fold_municipality_grouped,5,AGC_160,3.62,B10_C1_PCA_Ridge,4.117802979306413
fold_municipality_grouped,5,AGC_161,4.46,B10_C1_PCA_Ridge,4.105345279286293
fold_municipality_grouped,5,AGC_162,5.59,B10_C1_PCA_Ridge,2.833597447364518
fold_municipality_grouped,5,AGC_163,3.0,B10_C1_PCA_Ridge,3.2658825856186176
fold_municipality_grouped,5,AGC_164,3.0,B10_C1_PCA_Ridge,3.6822781095279127
fold_municipality_grouped,5,AGC_165,4.44,B10_C1_PCA_Ridge,2.9533285596954992
fold_municipality_grouped,5,AGC_166,2.5,B10_C1_PCA_Ridge,4.170791072306156
fold_municipality_grouped,5,AGC_167,4.54,B10_C1_PCA_Ridge,4.284655808539315
fold_municipality_grouped,5,AGC_168,4.49,B10_C1_PCA_Ridge,3.94649719691659
fold_municipality_grouped,5,AGC_169,2.5,B10_C1_PCA_Ridge,3.608919089412454
fold_municipality_grouped,5,AGC_170,3.0,B10_C1_PCA_Ridge,3.7795922795937873
fold_municipality_grouped,5,AGC_171,2.15,B10_C1_PCA_Ridge,3.1473188369735845
fold_municipality_grouped,5,AGC_172,5.19,B10_C1_PCA_Ridge,3.3838940494053555
fold_municipality_grouped,5,AGC_176,4.38,B10_C1_PCA_Ridge,3.247312798612642
fold_municipality_grouped,5,AGC_178,4.39,B10_C1_PCA_Ridge,2.5929465039761
fold_municipality_grouped,5,AGC_179,4.55,B10_C1_PCA_Ridge,3.778405926727298
fold_municipality_grouped,5,AGC_180,4.14,B10_C1_PCA_Ridge,3.855525100928691
fold_municipality_grouped,5,AGC_181,4.51,B10_C1_PCA_Ridge,3.3047700213027236
fold_municipality_grouped,5,AGC_184,4.47,B10_C1_PCA_Ridge,4.242965197992949
fold_municipality_grouped,5,AGC_185,5.01,B10_C1_PCA_Ridge,3.5631475342384906
fold_municipality_grouped,5,AGC_187,3.0,B10_C1_PCA_Ridge,3.699656391579425
fold_municipality_grouped,5,AGC_189,4.03,B10_C1_PCA_Ridge,3.576869264331564
fold_municipality_grouped,5,AGC_193,4.57,B10_C1_PCA_Ridge,3.1262103123410103
fold_municipality_grouped,5,AGC_194,3.2,B10_C1_PCA_Ridge,4.4640286442911465
fold_municipality_grouped,5,AGC_195,3.68,B10_C1_PCA_Ridge,3.7220491783596645
fold_municipality_grouped,5,AGC_196,3.5,B10_C1_PCA_Ridge,3.286471115434606
fold_municipality_grouped,5,AGC_197,4.52,B10_C1_PCA_Ridge,2.8436184342727073
