neighbor_scope,metric,representation,query_id,query_split,neighbor_id,neighbor_split,rank,distance,same_state,same_municipality,neighbor_y
target_to_train,haversine_km,geographic,AGC_003,PREDICCION,AGC_081,ENTRENAMIENTO,1,0.3823483795218625,True,True,3.7
target_to_train,haversine_km,geographic,AGC_003,PREDICCION,AGC_079,ENTRENAMIENTO,2,2.70257582535171,True,True,3.3
target_to_train,haversine_km,geographic,AGC_003,PREDICCION,AGC_034,ENTRENAMIENTO,3,3.175381899075649,True,True,2.0
target_to_train,haversine_km,geographic,AGC_003,PREDICCION,AGC_038,ENTRENAMIENTO,4,3.492910376221627,True,True,3.3
target_to_train,haversine_km,geographic,AGC_003,PREDICCION,AGC_070,ENTRENAMIENTO,5,3.6552384781931218,True,True,3.3
target_to_train,haversine_km,geographic,AGC_011,PREDICCION,AGC_056,ENTRENAMIENTO,1,0.8392960644160318,True,True,5.07
target_to_train,haversine_km,geographic,AGC_011,PREDICCION,AGC_097,ENTRENAMIENTO,2,0.8936486192768647,True,True,4.69
target_to_train,haversine_km,geographic,AGC_011,PREDICCION,AGC_021,ENTRENAMIENTO,3,0.9520968145297425,True,True,4.94
target_to_train,haversine_km,geographic,AGC_011,PREDICCION,AGC_161,ENTRENAMIENTO,4,1.1824299214719827,True,True,4.46
target_to_train,haversine_km,geographic,AGC_011,PREDICCION,AGC_109,ENTRENAMIENTO,5,1.1954937341346341,True,True,4.54
target_to_train,haversine_km,geographic,AGC_016,PREDICCION,AGC_002,ENTRENAMIENTO,1,0.17132191259755342,True,True,4.63
target_to_train,haversine_km,geographic,AGC_016,PREDICCION,AGC_104,ENTRENAMIENTO,2,0.4975733461616382,True,True,4.56
target_to_train,haversine_km,geographic,AGC_016,PREDICCION,AGC_150,ENTRENAMIENTO,3,0.599070443089846,True,True,4.52
target_to_train,haversine_km,geographic,AGC_016,PREDICCION,AGC_106,ENTRENAMIENTO,4,0.9295641250237736,True,True,4.43
target_to_train,haversine_km,geographic,AGC_016,PREDICCION,AGC_069,ENTRENAMIENTO,5,0.9383892773173477,True,True,5.46
target_to_train,haversine_km,geographic,AGC_025,PREDICCION,AGC_040,ENTRENAMIENTO,1,0.3998654164572067,True,True,3.0
target_to_train,haversine_km,geographic,AGC_025,PREDICCION,AGC_169,ENTRENAMIENTO,2,0.8453072049184691,True,True,2.5
target_to_train,haversine_km,geographic,AGC_025,PREDICCION,AGC_112,ENTRENAMIENTO,3,1.1287778731275862,True,True,3.0
target_to_train,haversine_km,geographic,AGC_025,PREDICCION,AGC_068,ENTRENAMIENTO,4,1.4430761005065667,True,True,2.5
target_to_train,haversine_km,geographic,AGC_025,PREDICCION,AGC_004,ENTRENAMIENTO,5,1.511800827748306,True,True,3.0
target_to_train,haversine_km,geographic,AGC_027,PREDICCION,AGC_058,ENTRENAMIENTO,1,0.52602193811938,True,True,2.5
target_to_train,haversine_km,geographic,AGC_027,PREDICCION,AGC_037,ENTRENAMIENTO,2,0.7309810527242635,True,True,3.5
target_to_train,haversine_km,geographic,AGC_027,PREDICCION,AGC_157,ENTRENAMIENTO,3,1.2460836410426912,True,True,3.0
target_to_train,haversine_km,geographic,AGC_027,PREDICCION,AGC_163,ENTRENAMIENTO,4,1.2711897924284867,True,True,3.0
target_to_train,haversine_km,geographic,AGC_027,PREDICCION,AGC_099,ENTRENAMIENTO,5,1.2798633625732267,True,True,3.5
target_to_train,haversine_km,geographic,AGC_028,PREDICCION,AGC_181,ENTRENAMIENTO,1,0.2044311594367429,True,True,4.51
target_to_train,haversine_km,geographic,AGC_028,PREDICCION,AGC_131,ENTRENAMIENTO,2,0.45531497066429455,True,True,4.89
target_to_train,haversine_km,geographic,AGC_028,PREDICCION,AGC_032,ENTRENAMIENTO,3,0.5589965740085002,True,True,4.03
target_to_train,haversine_km,geographic,AGC_028,PREDICCION,AGC_060,ENTRENAMIENTO,4,0.5632364297480719,True,True,4.52
target_to_train,haversine_km,geographic,AGC_028,PREDICCION,AGC_127,ENTRENAMIENTO,5,0.565919369280964,True,True,5.57
target_to_train,haversine_km,geographic,AGC_029,PREDICCION,AGC_001,ENTRENAMIENTO,1,0.7833187103735001,True,True,3.5
target_to_train,haversine_km,geographic,AGC_029,PREDICCION,AGC_046,ENTRENAMIENTO,2,0.8663369503198819,True,True,3.0
target_to_train,haversine_km,geographic,AGC_029,PREDICCION,AGC_141,ENTRENAMIENTO,3,1.8693248603425807,True,True,3.5
target_to_train,haversine_km,geographic,AGC_029,PREDICCION,AGC_157,ENTRENAMIENTO,4,2.0187969465745956,True,True,3.0
target_to_train,haversine_km,geographic,AGC_029,PREDICCION,AGC_054,ENTRENAMIENTO,5,2.080638338447609,True,True,2.5
target_to_train,haversine_km,geographic,AGC_030,PREDICCION,AGC_078,ENTRENAMIENTO,1,0.5066567898404124,True,True,3.0
target_to_train,haversine_km,geographic,AGC_030,PREDICCION,AGC_148,ENTRENAMIENTO,2,0.6079187786339718,True,True,3.0
target_to_train,haversine_km,geographic,AGC_030,PREDICCION,AGC_007,ENTRENAMIENTO,3,0.6140657585612307,True,True,3.5
target_to_train,haversine_km,geographic,AGC_030,PREDICCION,AGC_089,ENTRENAMIENTO,4,0.7452678569915927,True,True,3.0
target_to_train,haversine_km,geographic,AGC_030,PREDICCION,AGC_121,ENTRENAMIENTO,5,0.8710409072049802,True,True,3.3
target_to_train,haversine_km,geographic,AGC_031,PREDICCION,AGC_195,ENTRENAMIENTO,1,0.18190728020614702,True,True,3.68
target_to_train,haversine_km,geographic,AGC_031,PREDICCION,AGC_008,ENTRENAMIENTO,2,0.6106687292473353,True,True,4.55
target_to_train,haversine_km,geographic,AGC_031,PREDICCION,AGC_073,ENTRENAMIENTO,3,0.6926954867540778,True,True,4.3
target_to_train,haversine_km,geographic,AGC_031,PREDICCION,AGC_010,ENTRENAMIENTO,4,0.6954456840847074,True,True,4.1
target_to_train,haversine_km,geographic,AGC_031,PREDICCION,AGC_115,ENTRENAMIENTO,5,0.7304309019010541,True,True,4.6
target_to_train,haversine_km,geographic,AGC_036,PREDICCION,AGC_104,ENTRENAMIENTO,1,0.296692196981053,True,True,4.56
target_to_train,haversine_km,geographic,AGC_036,PREDICCION,AGC_150,ENTRENAMIENTO,2,0.31829166307605533,True,True,4.52
target_to_train,haversine_km,geographic,AGC_036,PREDICCION,AGC_026,ENTRENAMIENTO,3,0.4541401980216482,True,True,3.55
target_to_train,haversine_km,geographic,AGC_036,PREDICCION,AGC_002,ENTRENAMIENTO,4,0.5679867948013988,True,True,4.63
target_to_train,haversine_km,geographic,AGC_036,PREDICCION,AGC_110,ENTRENAMIENTO,5,0.777848703629224,True,True,4.18
target_to_train,haversine_km,geographic,AGC_039,PREDICCION,AGC_144,ENTRENAMIENTO,1,0.48496113780042865,True,True,2.5
target_to_train,haversine_km,geographic,AGC_039,PREDICCION,AGC_019,ENTRENAMIENTO,2,1.478358915550082,True,True,3.0
target_to_train,haversine_km,geographic,AGC_039,PREDICCION,AGC_103,ENTRENAMIENTO,3,1.581015586004331,True,True,3.0
target_to_train,haversine_km,geographic,AGC_039,PREDICCION,AGC_123,ENTRENAMIENTO,4,2.70911581606789,True,True,2.5
target_to_train,haversine_km,geographic,AGC_039,PREDICCION,AGC_145,ENTRENAMIENTO,5,2.804534042151948,True,True,3.5
target_to_train,haversine_km,geographic,AGC_042,PREDICCION,AGC_038,ENTRENAMIENTO,1,0.3165904821166707,True,True,3.3
target_to_train,haversine_km,geographic,AGC_042,PREDICCION,AGC_194,ENTRENAMIENTO,2,0.4018004272242248,True,True,3.2
target_to_train,haversine_km,geographic,AGC_042,PREDICCION,AGC_034,ENTRENAMIENTO,3,0.5502094520539734,True,True,2.0
target_to_train,haversine_km,geographic,AGC_042,PREDICCION,AGC_041,ENTRENAMIENTO,4,0.6944385235300128,True,True,2.5
target_to_train,haversine_km,geographic,AGC_042,PREDICCION,AGC_070,ENTRENAMIENTO,5,0.7364999487283839,True,True,3.3
target_to_train,haversine_km,geographic,AGC_043,PREDICCION,AGC_105,ENTRENAMIENTO,1,0.3500530419525511,True,True,4.41
target_to_train,haversine_km,geographic,AGC_043,PREDICCION,AGC_014,ENTRENAMIENTO,2,0.37220870495090297,True,True,4.83
target_to_train,haversine_km,geographic,AGC_043,PREDICCION,AGC_110,ENTRENAMIENTO,3,0.4154656091154525,True,True,4.18
target_to_train,haversine_km,geographic,AGC_043,PREDICCION,AGC_125,ENTRENAMIENTO,4,0.4410167543565662,True,True,4.06
target_to_train,haversine_km,geographic,AGC_043,PREDICCION,AGC_106,ENTRENAMIENTO,5,0.586250678244975,True,True,4.43
target_to_train,haversine_km,geographic,AGC_050,PREDICCION,AGC_019,ENTRENAMIENTO,1,0.600010102736456,True,True,3.0
target_to_train,haversine_km,geographic,AGC_050,PREDICCION,AGC_103,ENTRENAMIENTO,2,0.7263953910268167,True,True,3.0
target_to_train,haversine_km,geographic,AGC_050,PREDICCION,AGC_144,ENTRENAMIENTO,3,0.7274024258075932,True,True,2.5
target_to_train,haversine_km,geographic,AGC_050,PREDICCION,AGC_187,ENTRENAMIENTO,4,3.325034484390394,True,True,3.0
target_to_train,haversine_km,geographic,AGC_050,PREDICCION,AGC_114,ENTRENAMIENTO,5,3.414920566870812,True,True,3.0
target_to_train,haversine_km,geographic,AGC_052,PREDICCION,AGC_009,ENTRENAMIENTO,1,0.24532895440160474,True,True,4.79
target_to_train,haversine_km,geographic,AGC_052,PREDICCION,AGC_119,ENTRENAMIENTO,2,0.30934026148347427,True,True,4.4
target_to_train,haversine_km,geographic,AGC_052,PREDICCION,AGC_064,ENTRENAMIENTO,3,0.32152440305204966,True,True,4.51
target_to_train,haversine_km,geographic,AGC_052,PREDICCION,AGC_083,ENTRENAMIENTO,4,4.739836599768856,True,True,4.61
target_to_train,haversine_km,geographic,AGC_052,PREDICCION,AGC_111,ENTRENAMIENTO,5,5.069451137343852,False,False,4.72
target_to_train,haversine_km,geographic,AGC_061,PREDICCION,AGC_074,ENTRENAMIENTO,1,0.9877949440907986,True,True,2.5
target_to_train,haversine_km,geographic,AGC_061,PREDICCION,AGC_122,ENTRENAMIENTO,2,1.3870841961488196,True,True,3.5
target_to_train,haversine_km,geographic,AGC_061,PREDICCION,AGC_123,ENTRENAMIENTO,3,2.2861007252835406,True,True,2.5
target_to_train,haversine_km,geographic,AGC_061,PREDICCION,AGC_145,ENTRENAMIENTO,4,2.4952176191977284,True,True,3.5
target_to_train,haversine_km,geographic,AGC_061,PREDICCION,AGC_098,ENTRENAMIENTO,5,3.6392254075312054,True,True,3.0
target_to_train,haversine_km,geographic,AGC_063,PREDICCION,AGC_062,ENTRENAMIENTO,1,0.6196669465882302,True,True,3.81
target_to_train,haversine_km,geographic,AGC_063,PREDICCION,AGC_185,ENTRENAMIENTO,2,0.6369634515329564,True,True,5.01
target_to_train,haversine_km,geographic,AGC_063,PREDICCION,AGC_139,ENTRENAMIENTO,3,0.6772493445410466,True,True,4.67
target_to_train,haversine_km,geographic,AGC_063,PREDICCION,AGC_115,ENTRENAMIENTO,4,0.7262600692688334,True,True,4.6
target_to_train,haversine_km,geographic,AGC_063,PREDICCION,AGC_073,ENTRENAMIENTO,5,0.7515712936443152,True,True,4.3
target_to_train,haversine_km,geographic,AGC_065,PREDICCION,AGC_051,ENTRENAMIENTO,1,1.9227485745419386,True,True,4.45
target_to_train,haversine_km,geographic,AGC_065,PREDICCION,AGC_180,ENTRENAMIENTO,2,2.238910387853878,True,True,4.14
target_to_train,haversine_km,geographic,AGC_065,PREDICCION,AGC_134,ENTRENAMIENTO,3,2.2888936344062585,True,True,4.52
target_to_train,haversine_km,geographic,AGC_065,PREDICCION,AGC_137,ENTRENAMIENTO,4,6.085966002385646,True,True,4.54
target_to_train,haversine_km,geographic,AGC_065,PREDICCION,AGC_151,ENTRENAMIENTO,5,6.198042905562197,True,True,4.69
target_to_train,haversine_km,geographic,AGC_071,PREDICCION,AGC_037,ENTRENAMIENTO,1,0.1974120482182879,True,True,3.5
target_to_train,haversine_km,geographic,AGC_071,PREDICCION,AGC_058,ENTRENAMIENTO,2,0.3185611679586931,True,True,2.5
target_to_train,haversine_km,geographic,AGC_071,PREDICCION,AGC_138,ENTRENAMIENTO,3,1.1028993511532759,True,True,2.5
target_to_train,haversine_km,geographic,AGC_071,PREDICCION,AGC_053,ENTRENAMIENTO,4,1.187700954933651,True,True,3.5
target_to_train,haversine_km,geographic,AGC_071,PREDICCION,AGC_117,ENTRENAMIENTO,5,1.2908922811779389,True,True,3.5
target_to_train,haversine_km,geographic,AGC_075,PREDICCION,AGC_157,ENTRENAMIENTO,1,0.3856888380151068,True,True,3.0
target_to_train,haversine_km,geographic,AGC_075,PREDICCION,AGC_163,ENTRENAMIENTO,2,0.3967677844156728,True,True,3.0
target_to_train,haversine_km,geographic,AGC_075,PREDICCION,AGC_141,ENTRENAMIENTO,3,0.49255670238883803,True,True,3.5
target_to_train,haversine_km,geographic,AGC_075,PREDICCION,AGC_058,ENTRENAMIENTO,4,1.2445848484577602,True,True,2.5
target_to_train,haversine_km,geographic,AGC_075,PREDICCION,AGC_037,ENTRENAMIENTO,5,1.5733890966011828,True,True,3.5
target_to_train,haversine_km,geographic,AGC_076,PREDICCION,AGC_168,ENTRENAMIENTO,1,0.3101079000135918,True,True,4.49
target_to_train,haversine_km,geographic,AGC_076,PREDICCION,AGC_022,ENTRENAMIENTO,2,0.5847276683900898,True,True,4.55
target_to_train,haversine_km,geographic,AGC_076,PREDICCION,AGC_096,ENTRENAMIENTO,3,0.5848759975451061,True,True,4.59
target_to_train,haversine_km,geographic,AGC_076,PREDICCION,AGC_131,ENTRENAMIENTO,4,0.7655740261177448,True,True,4.89
target_to_train,haversine_km,geographic,AGC_076,PREDICCION,AGC_197,ENTRENAMIENTO,5,0.9350995616353255,True,True,4.52
target_to_train,haversine_km,geographic,AGC_082,PREDICCION,AGC_059,ENTRENAMIENTO,1,0.49482984610785635,True,True,4.41
target_to_train,haversine_km,geographic,AGC_082,PREDICCION,AGC_146,ENTRENAMIENTO,2,0.5986947673936234,True,True,4.58
target_to_train,haversine_km,geographic,AGC_082,PREDICCION,AGC_184,ENTRENAMIENTO,3,0.6584209948412391,True,True,4.47
target_to_train,haversine_km,geographic,AGC_082,PREDICCION,AGC_084,ENTRENAMIENTO,4,1.9161341841830555,True,True,4.54
target_to_train,haversine_km,geographic,AGC_082,PREDICCION,AGC_152,ENTRENAMIENTO,5,2.881331246864634,True,True,4.87
target_to_train,haversine_km,geographic,AGC_085,PREDICCION,AGC_026,ENTRENAMIENTO,1,0.2263552015395293,True,True,3.55
target_to_train,haversine_km,geographic,AGC_085,PREDICCION,AGC_105,ENTRENAMIENTO,2,0.5823371488762145,True,True,4.41
target_to_train,haversine_km,geographic,AGC_085,PREDICCION,AGC_150,ENTRENAMIENTO,3,0.6741740312739009,True,True,4.52
target_to_train,haversine_km,geographic,AGC_085,PREDICCION,AGC_104,ENTRENAMIENTO,4,0.6779554320761062,True,True,4.56
target_to_train,haversine_km,geographic,AGC_085,PREDICCION,AGC_110,ENTRENAMIENTO,5,0.7715381275416001,True,True,4.18
target_to_train,haversine_km,geographic,AGC_086,PREDICCION,AGC_112,ENTRENAMIENTO,1,0.5754764040559476,True,True,3.0
target_to_train,haversine_km,geographic,AGC_086,PREDICCION,AGC_169,ENTRENAMIENTO,2,0.7645164461511814,True,True,2.5
target_to_train,haversine_km,geographic,AGC_086,PREDICCION,AGC_004,ENTRENAMIENTO,3,0.897062352154601,True,True,3.0
target_to_train,haversine_km,geographic,AGC_086,PREDICCION,AGC_068,ENTRENAMIENTO,4,1.227818572728915,True,True,2.5
target_to_train,haversine_km,geographic,AGC_086,PREDICCION,AGC_040,ENTRENAMIENTO,5,1.3430790399480046,True,True,3.0
target_to_train,haversine_km,geographic,AGC_087,PREDICCION,AGC_054,ENTRENAMIENTO,1,0.22497606331463058,True,True,2.5
target_to_train,haversine_km,geographic,AGC_087,PREDICCION,AGC_058,ENTRENAMIENTO,2,1.0403427643755432,True,True,2.5
target_to_train,haversine_km,geographic,AGC_087,PREDICCION,AGC_037,ENTRENAMIENTO,3,1.2673366689353065,True,True,3.5
target_to_train,haversine_km,geographic,AGC_087,PREDICCION,AGC_141,ENTRENAMIENTO,4,1.949828796187407,True,True,3.5
target_to_train,haversine_km,geographic,AGC_087,PREDICCION,AGC_157,ENTRENAMIENTO,5,2.007026315271116,True,True,3.0
target_to_train,haversine_km,geographic,AGC_088,PREDICCION,AGC_165,ENTRENAMIENTO,1,0.13596272325976277,True,True,4.44
target_to_train,haversine_km,geographic,AGC_088,PREDICCION,AGC_013,ENTRENAMIENTO,2,0.26644299692493245,True,True,4.01
target_to_train,haversine_km,geographic,AGC_088,PREDICCION,AGC_132,ENTRENAMIENTO,3,0.4975823802223251,True,True,4.13
target_to_train,haversine_km,geographic,AGC_088,PREDICCION,AGC_006,ENTRENAMIENTO,4,0.5037091123198855,True,True,4.49
target_to_train,haversine_km,geographic,AGC_088,PREDICCION,AGC_072,ENTRENAMIENTO,5,0.5204757795824956,True,True,4.55
target_to_train,haversine_km,geographic,AGC_091,PREDICCION,AGC_167,ENTRENAMIENTO,1,0.09355992564595003,True,True,4.54
target_to_train,haversine_km,geographic,AGC_091,PREDICCION,AGC_092,ENTRENAMIENTO,2,0.349260409753351,True,True,4.57
target_to_train,haversine_km,geographic,AGC_091,PREDICCION,AGC_159,ENTRENAMIENTO,3,0.4472397624431221,True,True,4.77
target_to_train,haversine_km,geographic,AGC_091,PREDICCION,AGC_005,ENTRENAMIENTO,4,0.5254297289201795,True,True,5.16
target_to_train,haversine_km,geographic,AGC_091,PREDICCION,AGC_015,ENTRENAMIENTO,5,0.7287697781137936,True,True,2.64
target_to_train,haversine_km,geographic,AGC_093,PREDICCION,AGC_157,ENTRENAMIENTO,1,0.3697043035998934,True,True,3.0
target_to_train,haversine_km,geographic,AGC_093,PREDICCION,AGC_141,ENTRENAMIENTO,2,0.41353546968200117,True,True,3.5
target_to_train,haversine_km,geographic,AGC_093,PREDICCION,AGC_163,ENTRENAMIENTO,3,0.43648093888543266,True,True,3.0
target_to_train,haversine_km,geographic,AGC_093,PREDICCION,AGC_058,ENTRENAMIENTO,4,1.1926032061145417,True,True,2.5
target_to_train,haversine_km,geographic,AGC_093,PREDICCION,AGC_046,ENTRENAMIENTO,5,1.5453864940175623,True,True,3.0
target_to_train,haversine_km,geographic,AGC_094,PREDICCION,AGC_056,ENTRENAMIENTO,1,0.18718872794103897,True,True,5.07
target_to_train,haversine_km,geographic,AGC_094,PREDICCION,AGC_055,ENTRENAMIENTO,2,1.4075462435562067,True,True,5.45
target_to_train,haversine_km,geographic,AGC_094,PREDICCION,AGC_097,ENTRENAMIENTO,3,1.5999386981941046,True,True,4.69
target_to_train,haversine_km,geographic,AGC_094,PREDICCION,AGC_021,ENTRENAMIENTO,4,1.6444011164451462,True,True,4.94
target_to_train,haversine_km,geographic,AGC_094,PREDICCION,AGC_161,ENTRENAMIENTO,5,1.6756478354434858,True,True,4.46
target_to_train,haversine_km,geographic,AGC_095,PREDICCION,AGC_181,ENTRENAMIENTO,1,0.21420832878536242,True,True,4.51
target_to_train,haversine_km,geographic,AGC_095,PREDICCION,AGC_131,ENTRENAMIENTO,2,0.3005334385461737,True,True,4.89
target_to_train,haversine_km,geographic,AGC_095,PREDICCION,AGC_168,ENTRENAMIENTO,3,0.49594212055286024,True,True,4.49
target_to_train,haversine_km,geographic,AGC_095,PREDICCION,AGC_022,ENTRENAMIENTO,4,0.5949289873609931,True,True,4.55
target_to_train,haversine_km,geographic,AGC_095,PREDICCION,AGC_032,ENTRENAMIENTO,5,0.6124545009612381,True,True,4.03
target_to_train,haversine_km,geographic,AGC_107,PREDICCION,AGC_184,ENTRENAMIENTO,1,0.2010752555976734,True,True,4.47
target_to_train,haversine_km,geographic,AGC_107,PREDICCION,AGC_146,ENTRENAMIENTO,2,0.35124812518245885,True,True,4.58
target_to_train,haversine_km,geographic,AGC_107,PREDICCION,AGC_059,ENTRENAMIENTO,3,0.5993746851681363,True,True,4.41
target_to_train,haversine_km,geographic,AGC_107,PREDICCION,AGC_084,ENTRENAMIENTO,4,2.359855497534918,True,True,4.54
target_to_train,haversine_km,geographic,AGC_107,PREDICCION,AGC_152,ENTRENAMIENTO,5,3.320129677723521,True,True,4.87
target_to_train,haversine_km,geographic,AGC_113,PREDICCION,AGC_038,ENTRENAMIENTO,1,0.22597359137517833,True,True,3.3
target_to_train,haversine_km,geographic,AGC_113,PREDICCION,AGC_034,ENTRENAMIENTO,2,0.49220459070909,True,True,2.0
target_to_train,haversine_km,geographic,AGC_113,PREDICCION,AGC_070,ENTRENAMIENTO,3,0.5466635955222653,True,True,3.3
target_to_train,haversine_km,geographic,AGC_113,PREDICCION,AGC_079,ENTRENAMIENTO,4,0.5930535961520902,True,True,3.3
target_to_train,haversine_km,geographic,AGC_113,PREDICCION,AGC_194,ENTRENAMIENTO,5,0.608172179839493,True,True,3.2
target_to_train,haversine_km,geographic,AGC_116,PREDICCION,AGC_014,ENTRENAMIENTO,1,0.2014486096044487,True,True,4.83
target_to_train,haversine_km,geographic,AGC_116,PREDICCION,AGC_125,ENTRENAMIENTO,2,0.28505679649272025,True,True,4.06
target_to_train,haversine_km,geographic,AGC_116,PREDICCION,AGC_105,ENTRENAMIENTO,3,0.598708355991337,True,True,4.41
target_to_train,haversine_km,geographic,AGC_116,PREDICCION,AGC_110,ENTRENAMIENTO,4,0.8408642441391777,True,True,4.18
target_to_train,haversine_km,geographic,AGC_116,PREDICCION,AGC_010,ENTRENAMIENTO,5,0.8897353320090444,True,True,4.1
target_to_train,haversine_km,geographic,AGC_118,PREDICCION,AGC_121,ENTRENAMIENTO,1,1.0732361948178293,True,True,3.3
target_to_train,haversine_km,geographic,AGC_118,PREDICCION,AGC_007,ENTRENAMIENTO,2,1.2201280424714045,True,True,3.5
target_to_train,haversine_km,geographic,AGC_118,PREDICCION,AGC_078,ENTRENAMIENTO,3,1.3682597160206973,True,True,3.0
target_to_train,haversine_km,geographic,AGC_118,PREDICCION,AGC_089,ENTRENAMIENTO,4,1.4612546021157131,True,True,3.0
target_to_train,haversine_km,geographic,AGC_118,PREDICCION,AGC_067,ENTRENAMIENTO,5,1.5268966233240864,True,True,3.0
target_to_train,haversine_km,geographic,AGC_120,PREDICCION,AGC_054,ENTRENAMIENTO,1,1.2647701335085926,True,False,2.5
target_to_train,haversine_km,geographic,AGC_120,PREDICCION,AGC_058,ENTRENAMIENTO,2,2.32756000664683,True,False,2.5
target_to_train,haversine_km,geographic,AGC_120,PREDICCION,AGC_037,ENTRENAMIENTO,3,2.429247322172705,True,False,3.5
target_to_train,haversine_km,geographic,AGC_120,PREDICCION,AGC_048,ENTRENAMIENTO,4,2.600369030398515,True,True,2.5
target_to_train,haversine_km,geographic,AGC_120,PREDICCION,AGC_001,ENTRENAMIENTO,5,2.7263287606881748,True,False,3.5
target_to_train,haversine_km,geographic,AGC_126,PREDICCION,AGC_111,ENTRENAMIENTO,1,0.3015206909466524,True,True,4.72
target_to_train,haversine_km,geographic,AGC_126,PREDICCION,AGC_135,ENTRENAMIENTO,2,0.31095107487405454,True,True,4.49
target_to_train,haversine_km,geographic,AGC_126,PREDICCION,AGC_165,ENTRENAMIENTO,3,0.7476899921917377,True,True,4.44
target_to_train,haversine_km,geographic,AGC_126,PREDICCION,AGC_133,ENTRENAMIENTO,4,0.7947893942510017,True,True,3.91
target_to_train,haversine_km,geographic,AGC_126,PREDICCION,AGC_006,ENTRENAMIENTO,5,0.8151979296534562,True,True,4.49
target_to_train,haversine_km,geographic,AGC_128,PREDICCION,AGC_146,ENTRENAMIENTO,1,0.24925897539558345,True,True,4.58
target_to_train,haversine_km,geographic,AGC_128,PREDICCION,AGC_184,ENTRENAMIENTO,2,0.41136045342092414,True,True,4.47
target_to_train,haversine_km,geographic,AGC_128,PREDICCION,AGC_059,ENTRENAMIENTO,3,0.7532173228620387,True,True,4.41
target_to_train,haversine_km,geographic,AGC_128,PREDICCION,AGC_084,ENTRENAMIENTO,4,2.01802066654731,True,True,4.54
target_to_train,haversine_km,geographic,AGC_128,PREDICCION,AGC_152,ENTRENAMIENTO,5,3.2373478338889594,True,True,4.87
target_to_train,haversine_km,geographic,AGC_129,PREDICCION,AGC_081,ENTRENAMIENTO,1,0.5173776197752261,True,True,3.7
target_to_train,haversine_km,geographic,AGC_129,PREDICCION,AGC_079,ENTRENAMIENTO,2,2.2863562391514742,True,True,3.3
target_to_train,haversine_km,geographic,AGC_129,PREDICCION,AGC_034,ENTRENAMIENTO,3,2.723186807654238,True,True,2.0
target_to_train,haversine_km,geographic,AGC_129,PREDICCION,AGC_038,ENTRENAMIENTO,4,3.0842770322328104,True,True,3.3
target_to_train,haversine_km,geographic,AGC_129,PREDICCION,AGC_070,ENTRENAMIENTO,5,3.297084681940644,True,True,3.3
target_to_train,haversine_km,geographic,AGC_130,PREDICCION,AGC_064,ENTRENAMIENTO,1,0.44763268792624156,True,True,4.51
target_to_train,haversine_km,geographic,AGC_130,PREDICCION,AGC_009,ENTRENAMIENTO,2,0.6892531343230044,True,True,4.79
target_to_train,haversine_km,geographic,AGC_130,PREDICCION,AGC_119,ENTRENAMIENTO,3,0.7576586171153005,True,True,4.4
target_to_train,haversine_km,geographic,AGC_130,PREDICCION,AGC_111,ENTRENAMIENTO,4,5.076981752534782,False,False,4.72
target_to_train,haversine_km,geographic,AGC_130,PREDICCION,AGC_135,ENTRENAMIENTO,5,5.162140751671236,False,False,4.49
target_to_train,haversine_km,geographic,AGC_136,PREDICCION,AGC_002,ENTRENAMIENTO,1,0.18411439960993856,True,True,4.63
target_to_train,haversine_km,geographic,AGC_136,PREDICCION,AGC_104,ENTRENAMIENTO,2,0.3563625046106479,True,True,4.56
target_to_train,haversine_km,geographic,AGC_136,PREDICCION,AGC_150,ENTRENAMIENTO,3,0.4858817846171783,True,True,4.52
target_to_train,haversine_km,geographic,AGC_136,PREDICCION,AGC_106,ENTRENAMIENTO,4,0.6785015228265909,True,True,4.43
target_to_train,haversine_km,geographic,AGC_136,PREDICCION,AGC_110,ENTRENAMIENTO,5,0.7375609899187611,True,True,4.18
target_to_train,haversine_km,geographic,AGC_142,PREDICCION,AGC_057,ENTRENAMIENTO,1,0.06667702066466358,True,True,4.55
target_to_train,haversine_km,geographic,AGC_142,PREDICCION,AGC_060,ENTRENAMIENTO,2,0.7082596247782665,True,True,4.52
target_to_train,haversine_km,geographic,AGC_142,PREDICCION,AGC_127,ENTRENAMIENTO,3,0.7818415688873561,True,True,5.57
target_to_train,haversine_km,geographic,AGC_142,PREDICCION,AGC_032,ENTRENAMIENTO,4,1.1120811888953377,True,True,4.03
target_to_train,haversine_km,geographic,AGC_142,PREDICCION,AGC_077,ENTRENAMIENTO,5,1.1605990328828881,True,True,4.76
target_to_train,haversine_km,geographic,AGC_143,PREDICCION,AGC_090,ENTRENAMIENTO,1,0.31932299759602994,True,True,4.68
target_to_train,haversine_km,geographic,AGC_143,PREDICCION,AGC_100,ENTRENAMIENTO,2,0.9624246761256913,True,True,4.5
target_to_train,haversine_km,geographic,AGC_143,PREDICCION,AGC_178,ENTRENAMIENTO,3,1.131697138628334,True,True,4.39
target_to_train,haversine_km,geographic,AGC_143,PREDICCION,AGC_185,ENTRENAMIENTO,4,1.3499142989395387,True,True,5.01
target_to_train,haversine_km,geographic,AGC_143,PREDICCION,AGC_062,ENTRENAMIENTO,5,1.4682679229911766,True,True,3.81
target_to_train,haversine_km,geographic,AGC_147,PREDICCION,AGC_144,ENTRENAMIENTO,1,1.1730170703791165,True,True,2.5
target_to_train,haversine_km,geographic,AGC_147,PREDICCION,AGC_123,ENTRENAMIENTO,2,2.2382406629735225,True,True,2.5
target_to_train,haversine_km,geographic,AGC_147,PREDICCION,AGC_019,ENTRENAMIENTO,3,2.3655580213148295,True,True,3.0
target_to_train,haversine_km,geographic,AGC_147,PREDICCION,AGC_145,ENTRENAMIENTO,4,2.469768573992535,True,True,3.5
target_to_train,haversine_km,geographic,AGC_147,PREDICCION,AGC_103,ENTRENAMIENTO,5,2.4753523450779538,True,True,3.0
target_to_train,haversine_km,geographic,AGC_149,PREDICCION,AGC_064,ENTRENAMIENTO,1,0.2537701996330149,True,True,4.51
target_to_train,haversine_km,geographic,AGC_149,PREDICCION,AGC_009,ENTRENAMIENTO,2,0.4561453728497194,True,True,4.79
target_to_train,haversine_km,geographic,AGC_149,PREDICCION,AGC_119,ENTRENAMIENTO,3,0.5380557753513118,True,True,4.4
target_to_train,haversine_km,geographic,AGC_149,PREDICCION,AGC_083,ENTRENAMIENTO,4,5.10519479197608,True,True,4.61
target_to_train,haversine_km,geographic,AGC_149,PREDICCION,AGC_111,ENTRENAMIENTO,5,5.142178250877114,False,False,4.72
target_to_train,haversine_km,geographic,AGC_153,PREDICCION,AGC_195,ENTRENAMIENTO,1,0.5161324619876495,True,True,3.68
target_to_train,haversine_km,geographic,AGC_153,PREDICCION,AGC_106,ENTRENAMIENTO,2,0.7011470046935507,True,True,4.43
target_to_train,haversine_km,geographic,AGC_153,PREDICCION,AGC_010,ENTRENAMIENTO,3,0.8495386887493659,True,True,4.1
target_to_train,haversine_km,geographic,AGC_153,PREDICCION,AGC_002,ENTRENAMIENTO,4,0.8670654395384836,True,True,4.63
target_to_train,haversine_km,geographic,AGC_153,PREDICCION,AGC_110,ENTRENAMIENTO,5,0.9111651865827691,True,True,4.18
target_to_train,haversine_km,geographic,AGC_154,PREDICCION,AGC_168,ENTRENAMIENTO,1,0.2819466805047728,True,True,4.49
target_to_train,haversine_km,geographic,AGC_154,PREDICCION,AGC_131,ENTRENAMIENTO,2,0.3003716066098254,True,True,4.89
target_to_train,haversine_km,geographic,AGC_154,PREDICCION,AGC_181,ENTRENAMIENTO,3,0.4292329410493958,True,True,4.51
target_to_train,haversine_km,geographic,AGC_154,PREDICCION,AGC_022,ENTRENAMIENTO,4,0.4434399773387961,True,True,4.55
target_to_train,haversine_km,geographic,AGC_154,PREDICCION,AGC_096,ENTRENAMIENTO,5,0.7338136715108973,True,True,4.59
target_to_train,haversine_km,geographic,AGC_156,PREDICCION,AGC_140,ENTRENAMIENTO,1,0.7674317813596049,True,True,3.2
target_to_train,haversine_km,geographic,AGC_156,PREDICCION,AGC_080,ENTRENAMIENTO,2,0.7935421932951943,True,True,3.5
target_to_train,haversine_km,geographic,AGC_156,PREDICCION,AGC_007,ENTRENAMIENTO,3,2.4716830635387543,True,True,3.5
target_to_train,haversine_km,geographic,AGC_156,PREDICCION,AGC_078,ENTRENAMIENTO,4,2.8932888196621174,True,True,3.0
target_to_train,haversine_km,geographic,AGC_156,PREDICCION,AGC_121,ENTRENAMIENTO,5,2.9909432959455664,True,True,3.3
target_to_train,haversine_km,geographic,AGC_158,PREDICCION,AGC_102,ENTRENAMIENTO,1,0.34268080812418705,True,True,4.4
target_to_train,haversine_km,geographic,AGC_158,PREDICCION,AGC_101,ENTRENAMIENTO,2,0.4521345144296954,True,True,4.57
target_to_train,haversine_km,geographic,AGC_158,PREDICCION,AGC_024,ENTRENAMIENTO,3,0.5493531273970085,True,True,3.03
target_to_train,haversine_km,geographic,AGC_158,PREDICCION,AGC_193,ENTRENAMIENTO,4,0.6383941856792673,True,True,4.57
target_to_train,haversine_km,geographic,AGC_158,PREDICCION,AGC_171,ENTRENAMIENTO,5,0.7953463801533222,True,True,2.15
target_to_train,haversine_km,geographic,AGC_173,PREDICCION,AGC_187,ENTRENAMIENTO,1,1.7017340247294221,True,True,3.0
target_to_train,haversine_km,geographic,AGC_173,PREDICCION,AGC_040,ENTRENAMIENTO,2,2.4787028775638125,True,True,3.0
target_to_train,haversine_km,geographic,AGC_173,PREDICCION,AGC_103,ENTRENAMIENTO,3,2.6725723684740745,True,True,3.0
target_to_train,haversine_km,geographic,AGC_173,PREDICCION,AGC_019,ENTRENAMIENTO,4,2.8128801945980686,True,True,3.0
target_to_train,haversine_km,geographic,AGC_173,PREDICCION,AGC_004,ENTRENAMIENTO,5,3.2692570518108783,True,True,3.0
target_to_train,haversine_km,geographic,AGC_174,PREDICCION,AGC_083,ENTRENAMIENTO,1,1.6451841750757326,True,True,4.61
target_to_train,haversine_km,geographic,AGC_174,PREDICCION,AGC_045,ENTRENAMIENTO,2,3.7889423369758917,False,False,4.1
target_to_train,haversine_km,geographic,AGC_174,PREDICCION,AGC_102,ENTRENAMIENTO,3,3.797887887891849,False,False,4.4
target_to_train,haversine_km,geographic,AGC_174,PREDICCION,AGC_197,ENTRENAMIENTO,4,3.826704538551581,False,False,4.52
target_to_train,haversine_km,geographic,AGC_174,PREDICCION,AGC_018,ENTRENAMIENTO,5,3.86654753758064,False,False,4.49
target_to_train,haversine_km,geographic,AGC_175,PREDICCION,AGC_017,ENTRENAMIENTO,1,0.2649527687505509,True,True,4.98
target_to_train,haversine_km,geographic,AGC_175,PREDICCION,AGC_005,ENTRENAMIENTO,2,0.7121775533796795,True,True,5.16
target_to_train,haversine_km,geographic,AGC_175,PREDICCION,AGC_167,ENTRENAMIENTO,3,0.8117538212550973,True,True,4.54
target_to_train,haversine_km,geographic,AGC_175,PREDICCION,AGC_176,ENTRENAMIENTO,4,0.8322381047581762,True,True,4.38
target_to_train,haversine_km,geographic,AGC_175,PREDICCION,AGC_026,ENTRENAMIENTO,5,0.8676641647762198,True,True,3.55
target_to_train,haversine_km,geographic,AGC_177,PREDICCION,AGC_026,ENTRENAMIENTO,1,0.3646211631005995,True,True,3.55
target_to_train,haversine_km,geographic,AGC_177,PREDICCION,AGC_105,ENTRENAMIENTO,2,0.4800564353607294,True,True,4.41
target_to_train,haversine_km,geographic,AGC_177,PREDICCION,AGC_110,ENTRENAMIENTO,3,0.6324648788051364,True,True,4.18
target_to_train,haversine_km,geographic,AGC_177,PREDICCION,AGC_104,ENTRENAMIENTO,4,0.6735950504177637,True,True,4.56
target_to_train,haversine_km,geographic,AGC_177,PREDICCION,AGC_150,ENTRENAMIENTO,5,0.6962255686743118,True,True,4.52
target_to_train,haversine_km,geographic,AGC_182,PREDICCION,AGC_017,ENTRENAMIENTO,1,0.40077647339288053,True,True,4.98
target_to_train,haversine_km,geographic,AGC_182,PREDICCION,AGC_026,ENTRENAMIENTO,2,0.7664394030515747,True,True,3.55
target_to_train,haversine_km,geographic,AGC_182,PREDICCION,AGC_176,ENTRENAMIENTO,3,0.9447918230773176,True,True,4.38
target_to_train,haversine_km,geographic,AGC_182,PREDICCION,AGC_005,ENTRENAMIENTO,4,1.202186305839402,True,True,5.16
target_to_train,haversine_km,geographic,AGC_182,PREDICCION,AGC_150,ENTRENAMIENTO,5,1.2765320067316033,True,True,4.52
target_to_train,haversine_km,geographic,AGC_183,PREDICCION,AGC_163,ENTRENAMIENTO,1,1.0913105685769802,True,True,3.0
target_to_train,haversine_km,geographic,AGC_183,PREDICCION,AGC_157,ENTRENAMIENTO,2,1.206766299966077,True,True,3.0
target_to_train,haversine_km,geographic,AGC_183,PREDICCION,AGC_141,ENTRENAMIENTO,3,1.334873926781071,True,True,3.5
target_to_train,haversine_km,geographic,AGC_183,PREDICCION,AGC_004,ENTRENAMIENTO,4,1.4254059458403592,True,True,3.0
target_to_train,haversine_km,geographic,AGC_183,PREDICCION,AGC_099,ENTRENAMIENTO,5,2.256313000071143,True,True,3.5
target_to_train,haversine_km,geographic,AGC_186,PREDICCION,AGC_062,ENTRENAMIENTO,1,0.5508064343079505,True,True,3.81
target_to_train,haversine_km,geographic,AGC_186,PREDICCION,AGC_139,ENTRENAMIENTO,2,0.6338880490780715,True,True,4.67
target_to_train,haversine_km,geographic,AGC_186,PREDICCION,AGC_115,ENTRENAMIENTO,3,0.7055235491034628,True,True,4.6
target_to_train,haversine_km,geographic,AGC_186,PREDICCION,AGC_073,ENTRENAMIENTO,4,0.7422095433368623,True,True,4.3
target_to_train,haversine_km,geographic,AGC_186,PREDICCION,AGC_185,ENTRENAMIENTO,5,0.9954175992400663,True,True,5.01
target_to_train,haversine_km,geographic,AGC_188,PREDICCION,AGC_017,ENTRENAMIENTO,1,0.3362434126980346,True,True,4.98
target_to_train,haversine_km,geographic,AGC_188,PREDICCION,AGC_176,ENTRENAMIENTO,2,0.6904380666686928,True,True,4.38
target_to_train,haversine_km,geographic,AGC_188,PREDICCION,AGC_167,ENTRENAMIENTO,3,0.7669433761764601,True,True,4.54
target_to_train,haversine_km,geographic,AGC_188,PREDICCION,AGC_005,ENTRENAMIENTO,4,0.7897156392925686,True,True,5.16
target_to_train,haversine_km,geographic,AGC_188,PREDICCION,AGC_159,ENTRENAMIENTO,5,0.9121299712917265,True,True,4.77
target_to_train,haversine_km,geographic,AGC_190,PREDICCION,AGC_006,ENTRENAMIENTO,1,0.2895685811477332,True,True,4.49
target_to_train,haversine_km,geographic,AGC_190,PREDICCION,AGC_132,ENTRENAMIENTO,2,0.3344492213511842,True,True,4.13
target_to_train,haversine_km,geographic,AGC_190,PREDICCION,AGC_172,ENTRENAMIENTO,3,0.44876140691523675,True,True,5.19
target_to_train,haversine_km,geographic,AGC_190,PREDICCION,AGC_165,ENTRENAMIENTO,4,0.4639993487489157,True,True,4.44
target_to_train,haversine_km,geographic,AGC_190,PREDICCION,AGC_013,ENTRENAMIENTO,5,0.5338313170327765,True,True,4.01
target_to_train,haversine_km,geographic,AGC_191,PREDICCION,AGC_057,ENTRENAMIENTO,1,0.21152008788524757,True,True,4.55
target_to_train,haversine_km,geographic,AGC_191,PREDICCION,AGC_060,ENTRENAMIENTO,2,0.46957557630209246,True,True,4.52
target_to_train,haversine_km,geographic,AGC_191,PREDICCION,AGC_127,ENTRENAMIENTO,3,0.5666492415915629,True,True,5.57
target_to_train,haversine_km,geographic,AGC_191,PREDICCION,AGC_032,ENTRENAMIENTO,4,0.8554323938519595,True,True,4.03
target_to_train,haversine_km,geographic,AGC_191,PREDICCION,AGC_181,ENTRENAMIENTO,5,1.0087504543529344,True,True,4.51
target_to_train,haversine_km,geographic,AGC_192,PREDICCION,AGC_161,ENTRENAMIENTO,1,0.7621753773773083,True,True,4.46
target_to_train,haversine_km,geographic,AGC_192,PREDICCION,AGC_109,ENTRENAMIENTO,2,0.8111108777367366,True,True,4.54
target_to_train,haversine_km,geographic,AGC_192,PREDICCION,AGC_179,ENTRENAMIENTO,3,0.852970159590101,True,True,4.55
target_to_train,haversine_km,geographic,AGC_192,PREDICCION,AGC_015,ENTRENAMIENTO,4,1.038268380224152,True,True,2.64
target_to_train,haversine_km,geographic,AGC_192,PREDICCION,AGC_021,ENTRENAMIENTO,5,1.0763565737994318,True,True,4.94
train_leave_one_out,haversine_km,geographic,AGC_001,ENTRENAMIENTO,AGC_046,ENTRENAMIENTO,1,1.4291097515522149,True,True,3.0
train_leave_one_out,haversine_km,geographic,AGC_001,ENTRENAMIENTO,AGC_098,ENTRENAMIENTO,2,1.801209571116568,True,True,3.0
train_leave_one_out,haversine_km,geographic,AGC_001,ENTRENAMIENTO,AGC_114,ENTRENAMIENTO,3,1.9675311941293838,True,True,3.0
train_leave_one_out,haversine_km,geographic,AGC_001,ENTRENAMIENTO,AGC_141,ENTRENAMIENTO,4,2.5972944628566004,True,True,3.5
train_leave_one_out,haversine_km,geographic,AGC_001,ENTRENAMIENTO,AGC_054,ENTRENAMIENTO,5,2.730820489222078,True,True,2.5
train_leave_one_out,haversine_km,geographic,AGC_002,ENTRENAMIENTO,AGC_104,ENTRENAMIENTO,1,0.337627371650241,True,True,4.56
train_leave_one_out,haversine_km,geographic,AGC_002,ENTRENAMIENTO,AGC_150,ENTRENAMIENTO,2,0.4506933875895777,True,True,4.52
train_leave_one_out,haversine_km,geographic,AGC_002,ENTRENAMIENTO,AGC_106,ENTRENAMIENTO,3,0.8550219521289831,True,True,4.43
train_leave_one_out,haversine_km,geographic,AGC_002,ENTRENAMIENTO,AGC_110,ENTRENAMIENTO,4,0.9215918234840919,True,True,4.18
train_leave_one_out,haversine_km,geographic,AGC_002,ENTRENAMIENTO,AGC_005,ENTRENAMIENTO,5,0.9494827735687534,True,True,5.16
train_leave_one_out,haversine_km,geographic,AGC_004,ENTRENAMIENTO,AGC_099,ENTRENAMIENTO,1,1.202910031315669,True,True,3.5
train_leave_one_out,haversine_km,geographic,AGC_004,ENTRENAMIENTO,AGC_112,ENTRENAMIENTO,2,1.4503324714907397,True,True,3.0
train_leave_one_out,haversine_km,geographic,AGC_004,ENTRENAMIENTO,AGC_169,ENTRENAMIENTO,3,1.6502800132851987,True,True,2.5
train_leave_one_out,haversine_km,geographic,AGC_004,ENTRENAMIENTO,AGC_138,ENTRENAMIENTO,4,1.7757491009342583,True,True,2.5
train_leave_one_out,haversine_km,geographic,AGC_004,ENTRENAMIENTO,AGC_040,ENTRENAMIENTO,5,1.9001434655418699,True,True,3.0
train_leave_one_out,haversine_km,geographic,AGC_005,ENTRENAMIENTO,AGC_159,ENTRENAMIENTO,1,0.20883644755238098,True,True,4.77
train_leave_one_out,haversine_km,geographic,AGC_005,ENTRENAMIENTO,AGC_092,ENTRENAMIENTO,2,0.409934504944049,True,True,4.57
train_leave_one_out,haversine_km,geographic,AGC_005,ENTRENAMIENTO,AGC_167,ENTRENAMIENTO,3,0.45535862954154227,True,True,4.54
train_leave_one_out,haversine_km,geographic,AGC_005,ENTRENAMIENTO,AGC_150,ENTRENAMIENTO,4,0.5908329010002181,True,True,4.52
train_leave_one_out,haversine_km,geographic,AGC_005,ENTRENAMIENTO,AGC_104,ENTRENAMIENTO,5,0.7113040631707547,True,True,4.56
train_leave_one_out,haversine_km,geographic,AGC_006,ENTRENAMIENTO,AGC_172,ENTRENAMIENTO,1,0.44966155453922696,True,True,5.19
train_leave_one_out,haversine_km,geographic,AGC_006,ENTRENAMIENTO,AGC_165,ENTRENAMIENTO,2,0.5990089781282492,True,True,4.44
train_leave_one_out,haversine_km,geographic,AGC_006,ENTRENAMIENTO,AGC_132,ENTRENAMIENTO,3,0.6190117333550684,True,True,4.13
train_leave_one_out,haversine_km,geographic,AGC_006,ENTRENAMIENTO,AGC_013,ENTRENAMIENTO,4,0.708712181014419,True,True,4.01
train_leave_one_out,haversine_km,geographic,AGC_006,ENTRENAMIENTO,AGC_072,ENTRENAMIENTO,5,0.9562235387319225,True,True,4.55
train_leave_one_out,haversine_km,geographic,AGC_007,ENTRENAMIENTO,AGC_078,ENTRENAMIENTO,1,0.42859401908328576,True,True,3.0
train_leave_one_out,haversine_km,geographic,AGC_007,ENTRENAMIENTO,AGC_121,ENTRENAMIENTO,2,0.5751386785364373,True,True,3.3
train_leave_one_out,haversine_km,geographic,AGC_007,ENTRENAMIENTO,AGC_148,ENTRENAMIENTO,3,0.7525470031340459,True,True,3.0
train_leave_one_out,haversine_km,geographic,AGC_007,ENTRENAMIENTO,AGC_089,ENTRENAMIENTO,4,0.7692602952023049,True,True,3.0
train_leave_one_out,haversine_km,geographic,AGC_007,ENTRENAMIENTO,AGC_067,ENTRENAMIENTO,5,1.1538030256271479,True,True,3.0
train_leave_one_out,haversine_km,geographic,AGC_008,ENTRENAMIENTO,AGC_193,ENTRENAMIENTO,1,0.4018683488392188,True,True,4.57
train_leave_one_out,haversine_km,geographic,AGC_008,ENTRENAMIENTO,AGC_171,ENTRENAMIENTO,2,0.5029626571310231,True,True,2.15
train_leave_one_out,haversine_km,geographic,AGC_008,ENTRENAMIENTO,AGC_073,ENTRENAMIENTO,3,0.6307564313771826,True,True,4.3
train_leave_one_out,haversine_km,geographic,AGC_008,ENTRENAMIENTO,AGC_115,ENTRENAMIENTO,4,0.6480994762774014,True,True,4.6
train_leave_one_out,haversine_km,geographic,AGC_008,ENTRENAMIENTO,AGC_139,ENTRENAMIENTO,5,0.6826239422898667,True,True,4.67
train_leave_one_out,haversine_km,geographic,AGC_009,ENTRENAMIENTO,AGC_119,ENTRENAMIENTO,1,0.08372328724915162,True,True,4.4
train_leave_one_out,haversine_km,geographic,AGC_009,ENTRENAMIENTO,AGC_064,ENTRENAMIENTO,2,0.2416417827007071,True,True,4.51
train_leave_one_out,haversine_km,geographic,AGC_009,ENTRENAMIENTO,AGC_083,ENTRENAMIENTO,3,4.660531189597543,True,True,4.61
train_leave_one_out,haversine_km,geographic,AGC_009,ENTRENAMIENTO,AGC_111,ENTRENAMIENTO,4,4.828140268781559,False,False,4.72
train_leave_one_out,haversine_km,geographic,AGC_009,ENTRENAMIENTO,AGC_077,ENTRENAMIENTO,5,4.906871621975311,False,False,4.76
train_leave_one_out,haversine_km,geographic,AGC_010,ENTRENAMIENTO,AGC_106,ENTRENAMIENTO,1,0.45171850596175944,True,True,4.43
train_leave_one_out,haversine_km,geographic,AGC_010,ENTRENAMIENTO,AGC_195,ENTRENAMIENTO,2,0.520614306818862,True,True,3.68
train_leave_one_out,haversine_km,geographic,AGC_010,ENTRENAMIENTO,AGC_110,ENTRENAMIENTO,3,0.5297417275030135,True,True,4.18
train_leave_one_out,haversine_km,geographic,AGC_010,ENTRENAMIENTO,AGC_014,ENTRENAMIENTO,4,0.7123524140767747,True,True,4.83
train_leave_one_out,haversine_km,geographic,AGC_010,ENTRENAMIENTO,AGC_073,ENTRENAMIENTO,5,0.7349783954031769,True,True,4.3
train_leave_one_out,haversine_km,geographic,AGC_012,ENTRENAMIENTO,AGC_072,ENTRENAMIENTO,1,0.31052491295757256,True,True,4.55
train_leave_one_out,haversine_km,geographic,AGC_012,ENTRENAMIENTO,AGC_049,ENTRENAMIENTO,2,0.31971875201504063,True,True,5.53
train_leave_one_out,haversine_km,geographic,AGC_012,ENTRENAMIENTO,AGC_013,ENTRENAMIENTO,3,0.4802972370366919,True,True,4.01
train_leave_one_out,haversine_km,geographic,AGC_012,ENTRENAMIENTO,AGC_165,ENTRENAMIENTO,4,0.577421155262076,True,True,4.44
train_leave_one_out,haversine_km,geographic,AGC_012,ENTRENAMIENTO,AGC_162,ENTRENAMIENTO,5,0.7434901553021516,True,True,5.59
train_leave_one_out,haversine_km,geographic,AGC_013,ENTRENAMIENTO,AGC_165,ENTRENAMIENTO,1,0.13068403488768432,True,True,4.44
train_leave_one_out,haversine_km,geographic,AGC_013,ENTRENAMIENTO,AGC_072,ENTRENAMIENTO,2,0.2576254978246779,True,True,4.55
train_leave_one_out,haversine_km,geographic,AGC_013,ENTRENAMIENTO,AGC_132,ENTRENAMIENTO,3,0.4082461330509754,True,True,4.13
train_leave_one_out,haversine_km,geographic,AGC_013,ENTRENAMIENTO,AGC_012,ENTRENAMIENTO,4,0.4802972370366919,True,True,4.69
train_leave_one_out,haversine_km,geographic,AGC_013,ENTRENAMIENTO,AGC_049,ENTRENAMIENTO,5,0.6711742225723534,True,True,5.53
train_leave_one_out,haversine_km,geographic,AGC_014,ENTRENAMIENTO,AGC_125,ENTRENAMIENTO,1,0.4503025433811207,True,True,4.06
train_leave_one_out,haversine_km,geographic,AGC_014,ENTRENAMIENTO,AGC_105,ENTRENAMIENTO,2,0.6516670035646391,True,True,4.41
train_leave_one_out,haversine_km,geographic,AGC_014,ENTRENAMIENTO,AGC_010,ENTRENAMIENTO,3,0.7123524140767747,True,True,4.1
train_leave_one_out,haversine_km,geographic,AGC_014,ENTRENAMIENTO,AGC_110,ENTRENAMIENTO,4,0.7622860734473814,True,True,4.18
train_leave_one_out,haversine_km,geographic,AGC_014,ENTRENAMIENTO,AGC_106,ENTRENAMIENTO,5,0.8919482990767363,True,True,4.43
train_leave_one_out,haversine_km,geographic,AGC_015,ENTRENAMIENTO,AGC_092,ENTRENAMIENTO,1,0.6452553383011052,True,True,4.57
train_leave_one_out,haversine_km,geographic,AGC_015,ENTRENAMIENTO,AGC_167,ENTRENAMIENTO,2,0.7111083662804107,True,True,4.54
train_leave_one_out,haversine_km,geographic,AGC_015,ENTRENAMIENTO,AGC_159,ENTRENAMIENTO,3,0.8579659227385733,True,True,4.77
train_leave_one_out,haversine_km,geographic,AGC_015,ENTRENAMIENTO,AGC_005,ENTRENAMIENTO,4,1.0546637305167537,True,True,5.16
train_leave_one_out,haversine_km,geographic,AGC_015,ENTRENAMIENTO,AGC_069,ENTRENAMIENTO,5,1.1676514338763506,True,True,5.46
train_leave_one_out,haversine_km,geographic,AGC_017,ENTRENAMIENTO,AGC_176,ENTRENAMIENTO,1,0.6844535761985552,True,True,4.38
train_leave_one_out,haversine_km,geographic,AGC_017,ENTRENAMIENTO,AGC_026,ENTRENAMIENTO,2,0.9185680161102828,True,True,3.55
train_leave_one_out,haversine_km,geographic,AGC_017,ENTRENAMIENTO,AGC_005,ENTRENAMIENTO,3,0.9713944622167244,True,True,5.16
train_leave_one_out,haversine_km,geographic,AGC_017,ENTRENAMIENTO,AGC_167,ENTRENAMIENTO,4,1.0645915272116568,True,True,4.54
train_leave_one_out,haversine_km,geographic,AGC_017,ENTRENAMIENTO,AGC_159,ENTRENAMIENTO,5,1.1363631770374598,True,True,4.77
train_leave_one_out,haversine_km,geographic,AGC_018,ENTRENAMIENTO,AGC_045,ENTRENAMIENTO,1,0.1950419152601096,True,True,4.1
train_leave_one_out,haversine_km,geographic,AGC_018,ENTRENAMIENTO,AGC_178,ENTRENAMIENTO,2,0.7091513681053437,True,True,4.39
train_leave_one_out,haversine_km,geographic,AGC_018,ENTRENAMIENTO,AGC_100,ENTRENAMIENTO,3,0.7591194906468206,True,True,4.5
train_leave_one_out,haversine_km,geographic,AGC_018,ENTRENAMIENTO,AGC_090,ENTRENAMIENTO,4,1.4022391994268,True,True,4.68
train_leave_one_out,haversine_km,geographic,AGC_018,ENTRENAMIENTO,AGC_185,ENTRENAMIENTO,5,1.4639991893403863,True,True,5.01
train_leave_one_out,haversine_km,geographic,AGC_019,ENTRENAMIENTO,AGC_103,ENTRENAMIENTO,1,0.22295348838168377,True,True,3.0
train_leave_one_out,haversine_km,geographic,AGC_019,ENTRENAMIENTO,AGC_144,ENTRENAMIENTO,2,1.2848256814751633,True,True,2.5
train_leave_one_out,haversine_km,geographic,AGC_019,ENTRENAMIENTO,AGC_187,ENTRENAMIENTO,3,2.7576799840814084,True,True,3.0
train_leave_one_out,haversine_km,geographic,AGC_019,ENTRENAMIENTO,AGC_114,ENTRENAMIENTO,4,3.6330473692761576,True,True,3.0
train_leave_one_out,haversine_km,geographic,AGC_019,ENTRENAMIENTO,AGC_145,ENTRENAMIENTO,5,3.9238394200896325,True,True,3.5
train_leave_one_out,haversine_km,geographic,AGC_020,ENTRENAMIENTO,AGC_044,ENTRENAMIENTO,1,0.1801643631568476,True,True,3.5
train_leave_one_out,haversine_km,geographic,AGC_020,ENTRENAMIENTO,AGC_187,ENTRENAMIENTO,2,2.7501250472838965,False,False,3.0
train_leave_one_out,haversine_km,geographic,AGC_020,ENTRENAMIENTO,AGC_196,ENTRENAMIENTO,3,3.235799822222245,True,True,3.5
train_leave_one_out,haversine_km,geographic,AGC_020,ENTRENAMIENTO,AGC_019,ENTRENAMIENTO,4,4.820592995160542,False,False,3.0
train_leave_one_out,haversine_km,geographic,AGC_020,ENTRENAMIENTO,AGC_103,ENTRENAMIENTO,5,4.914292665222498,False,False,3.0
train_leave_one_out,haversine_km,geographic,AGC_021,ENTRENAMIENTO,AGC_097,ENTRENAMIENTO,1,0.0630433711172779,True,True,4.69
train_leave_one_out,haversine_km,geographic,AGC_021,ENTRENAMIENTO,AGC_109,ENTRENAMIENTO,2,0.26748005062430036,True,True,4.54
train_leave_one_out,haversine_km,geographic,AGC_021,ENTRENAMIENTO,AGC_161,ENTRENAMIENTO,3,0.45574496309666634,True,True,4.46
train_leave_one_out,haversine_km,geographic,AGC_021,ENTRENAMIENTO,AGC_179,ENTRENAMIENTO,4,0.9255944270686042,True,True,4.55
train_leave_one_out,haversine_km,geographic,AGC_021,ENTRENAMIENTO,AGC_124,ENTRENAMIENTO,5,1.1460864532172719,True,True,5.05
train_leave_one_out,haversine_km,geographic,AGC_022,ENTRENAMIENTO,AGC_168,ENTRENAMIENTO,1,0.32459595847887973,True,True,4.49
train_leave_one_out,haversine_km,geographic,AGC_022,ENTRENAMIENTO,AGC_096,ENTRENAMIENTO,2,0.35214784588928766,True,True,4.59
train_leave_one_out,haversine_km,geographic,AGC_022,ENTRENAMIENTO,AGC_131,ENTRENAMIENTO,3,0.37417855235597014,True,True,4.89
train_leave_one_out,haversine_km,geographic,AGC_022,ENTRENAMIENTO,AGC_181,ENTRENAMIENTO,4,0.775525344909643,True,True,4.51
train_leave_one_out,haversine_km,geographic,AGC_022,ENTRENAMIENTO,AGC_197,ENTRENAMIENTO,5,0.835906447457683,True,True,4.52
train_leave_one_out,haversine_km,geographic,AGC_023,ENTRENAMIENTO,AGC_170,ENTRENAMIENTO,1,0.38909470165117277,True,True,3.0
train_leave_one_out,haversine_km,geographic,AGC_023,ENTRENAMIENTO,AGC_164,ENTRENAMIENTO,2,0.41366641991472886,False,False,3.0
train_leave_one_out,haversine_km,geographic,AGC_023,ENTRENAMIENTO,AGC_066,ENTRENAMIENTO,3,0.8248231448584714,True,True,3.0
train_leave_one_out,haversine_km,geographic,AGC_023,ENTRENAMIENTO,AGC_068,ENTRENAMIENTO,4,1.598682669813911,True,True,2.5
train_leave_one_out,haversine_km,geographic,AGC_023,ENTRENAMIENTO,AGC_169,ENTRENAMIENTO,5,1.8352480867700274,True,True,2.5
train_leave_one_out,haversine_km,geographic,AGC_024,ENTRENAMIENTO,AGC_171,ENTRENAMIENTO,1,0.3002571988240169,True,True,2.15
train_leave_one_out,haversine_km,geographic,AGC_024,ENTRENAMIENTO,AGC_193,ENTRENAMIENTO,2,0.46231635299034823,True,True,4.57
train_leave_one_out,haversine_km,geographic,AGC_024,ENTRENAMIENTO,AGC_101,ENTRENAMIENTO,3,0.6062103076435322,True,True,4.57
train_leave_one_out,haversine_km,geographic,AGC_024,ENTRENAMIENTO,AGC_008,ENTRENAMIENTO,4,0.739068834220631,True,True,4.55
train_leave_one_out,haversine_km,geographic,AGC_024,ENTRENAMIENTO,AGC_102,ENTRENAMIENTO,5,0.8226231751895825,True,True,4.4
train_leave_one_out,haversine_km,geographic,AGC_026,ENTRENAMIENTO,AGC_150,ENTRENAMIENTO,1,0.6660775153946703,True,True,4.52
train_leave_one_out,haversine_km,geographic,AGC_026,ENTRENAMIENTO,AGC_104,ENTRENAMIENTO,2,0.7119987477405493,True,True,4.56
train_leave_one_out,haversine_km,geographic,AGC_026,ENTRENAMIENTO,AGC_105,ENTRENAMIENTO,3,0.7874066314445161,True,True,4.41
train_leave_one_out,haversine_km,geographic,AGC_026,ENTRENAMIENTO,AGC_017,ENTRENAMIENTO,4,0.9185680161102828,True,True,4.98
train_leave_one_out,haversine_km,geographic,AGC_026,ENTRENAMIENTO,AGC_005,ENTRENAMIENTO,5,0.9527536404359362,True,True,5.16
train_leave_one_out,haversine_km,geographic,AGC_032,ENTRENAMIENTO,AGC_181,ENTRENAMIENTO,1,0.39846367200558835,True,True,4.51
train_leave_one_out,haversine_km,geographic,AGC_032,ENTRENAMIENTO,AGC_060,ENTRENAMIENTO,2,0.694054064431327,True,True,4.52
train_leave_one_out,haversine_km,geographic,AGC_032,ENTRENAMIENTO,AGC_131,ENTRENAMIENTO,3,0.7792827166196504,True,True,4.89
train_leave_one_out,haversine_km,geographic,AGC_032,ENTRENAMIENTO,AGC_127,ENTRENAMIENTO,4,0.7950840862047531,True,True,5.57
train_leave_one_out,haversine_km,geographic,AGC_032,ENTRENAMIENTO,AGC_069,ENTRENAMIENTO,5,0.9709574251680428,True,True,5.46
train_leave_one_out,haversine_km,geographic,AGC_033,ENTRENAMIENTO,AGC_056,ENTRENAMIENTO,1,1.8471261694339836,True,True,5.07
train_leave_one_out,haversine_km,geographic,AGC_033,ENTRENAMIENTO,AGC_097,ENTRENAMIENTO,2,1.9188930406327198,True,True,4.69
train_leave_one_out,haversine_km,geographic,AGC_033,ENTRENAMIENTO,AGC_021,ENTRENAMIENTO,3,1.9805476981931327,True,True,4.94
train_leave_one_out,haversine_km,geographic,AGC_033,ENTRENAMIENTO,AGC_109,ENTRENAMIENTO,4,2.2469440313086526,True,True,4.54
train_leave_one_out,haversine_km,geographic,AGC_033,ENTRENAMIENTO,AGC_161,ENTRENAMIENTO,5,2.357445282166001,True,True,4.46
train_leave_one_out,haversine_km,geographic,AGC_034,ENTRENAMIENTO,AGC_038,ENTRENAMIENTO,1,0.5440705339862788,True,True,3.3
train_leave_one_out,haversine_km,geographic,AGC_034,ENTRENAMIENTO,AGC_079,ENTRENAMIENTO,2,0.5510834526496105,True,True,3.3
train_leave_one_out,haversine_km,geographic,AGC_034,ENTRENAMIENTO,AGC_194,ENTRENAMIENTO,3,0.8905446882368921,True,True,3.2
train_leave_one_out,haversine_km,geographic,AGC_034,ENTRENAMIENTO,AGC_070,ENTRENAMIENTO,4,1.0143342667004447,True,True,3.3
train_leave_one_out,haversine_km,geographic,AGC_034,ENTRENAMIENTO,AGC_041,ENTRENAMIENTO,5,1.2412615814905312,True,True,2.5
train_leave_one_out,haversine_km,geographic,AGC_035,ENTRENAMIENTO,AGC_047,ENTRENAMIENTO,1,4.785812855893593,True,False,4.45
train_leave_one_out,haversine_km,geographic,AGC_035,ENTRENAMIENTO,AGC_018,ENTRENAMIENTO,2,7.041826895320393,False,False,4.49
train_leave_one_out,haversine_km,geographic,AGC_035,ENTRENAMIENTO,AGC_045,ENTRENAMIENTO,3,7.184566195776802,False,False,4.1
train_leave_one_out,haversine_km,geographic,AGC_035,ENTRENAMIENTO,AGC_178,ENTRENAMIENTO,4,7.2658409875793515,False,False,4.39
train_leave_one_out,haversine_km,geographic,AGC_035,ENTRENAMIENTO,AGC_100,ENTRENAMIENTO,5,7.571859196355985,False,False,4.5
train_leave_one_out,haversine_km,geographic,AGC_037,ENTRENAMIENTO,AGC_058,ENTRENAMIENTO,1,0.4116985791559664,True,True,2.5
train_leave_one_out,haversine_km,geographic,AGC_037,ENTRENAMIENTO,AGC_053,ENTRENAMIENTO,2,1.0706618700968513,True,True,3.5
train_leave_one_out,haversine_km,geographic,AGC_037,ENTRENAMIENTO,AGC_138,ENTRENAMIENTO,3,1.0957111994237057,True,True,2.5
train_leave_one_out,haversine_km,geographic,AGC_037,ENTRENAMIENTO,AGC_117,ENTRENAMIENTO,4,1.1504512402365903,True,True,3.5
train_leave_one_out,haversine_km,geographic,AGC_037,ENTRENAMIENTO,AGC_054,ENTRENAMIENTO,5,1.220638431857351,True,True,2.5
train_leave_one_out,haversine_km,geographic,AGC_038,ENTRENAMIENTO,AGC_194,ENTRENAMIENTO,1,0.3974230947263241,True,True,3.2
train_leave_one_out,haversine_km,geographic,AGC_038,ENTRENAMIENTO,AGC_070,ENTRENAMIENTO,2,0.49279195353243305,True,True,3.3
train_leave_one_out,haversine_km,geographic,AGC_038,ENTRENAMIENTO,AGC_034,ENTRENAMIENTO,3,0.5440705339862788,True,True,2.0
train_leave_one_out,haversine_km,geographic,AGC_038,ENTRENAMIENTO,AGC_079,ENTRENAMIENTO,4,0.7980693159989214,True,True,3.3
train_leave_one_out,haversine_km,geographic,AGC_038,ENTRENAMIENTO,AGC_041,ENTRENAMIENTO,5,0.8087182227272176,True,True,2.5
train_leave_one_out,haversine_km,geographic,AGC_040,ENTRENAMIENTO,AGC_169,ENTRENAMIENTO,1,1.060401686806878,True,True,2.5
train_leave_one_out,haversine_km,geographic,AGC_040,ENTRENAMIENTO,AGC_112,ENTRENAMIENTO,2,1.4224144391076012,True,True,3.0
train_leave_one_out,haversine_km,geographic,AGC_040,ENTRENAMIENTO,AGC_068,ENTRENAMIENTO,3,1.5883459367286656,True,True,2.5
train_leave_one_out,haversine_km,geographic,AGC_040,ENTRENAMIENTO,AGC_066,ENTRENAMIENTO,4,1.7338859984763726,True,True,3.0
train_leave_one_out,haversine_km,geographic,AGC_040,ENTRENAMIENTO,AGC_004,ENTRENAMIENTO,5,1.9001434655418699,True,True,3.0
train_leave_one_out,haversine_km,geographic,AGC_041,ENTRENAMIENTO,AGC_166,ENTRENAMIENTO,1,0.36881458295967146,True,True,2.5
train_leave_one_out,haversine_km,geographic,AGC_041,ENTRENAMIENTO,AGC_194,ENTRENAMIENTO,2,0.4218324130238217,True,True,3.2
train_leave_one_out,haversine_km,geographic,AGC_041,ENTRENAMIENTO,AGC_070,ENTRENAMIENTO,3,0.8049158456217381,True,True,3.3
train_leave_one_out,haversine_km,geographic,AGC_041,ENTRENAMIENTO,AGC_038,ENTRENAMIENTO,4,0.8087182227272176,True,True,3.3
train_leave_one_out,haversine_km,geographic,AGC_041,ENTRENAMIENTO,AGC_034,ENTRENAMIENTO,5,1.2412615814905312,True,True,2.0
train_leave_one_out,haversine_km,geographic,AGC_044,ENTRENAMIENTO,AGC_020,ENTRENAMIENTO,1,0.1801643631568476,True,True,3.5
train_leave_one_out,haversine_km,geographic,AGC_044,ENTRENAMIENTO,AGC_187,ENTRENAMIENTO,2,2.9146324863341304,False,False,3.0
train_leave_one_out,haversine_km,geographic,AGC_044,ENTRENAMIENTO,AGC_196,ENTRENAMIENTO,3,3.0647184989660525,True,True,3.5
train_leave_one_out,haversine_km,geographic,AGC_044,ENTRENAMIENTO,AGC_019,ENTRENAMIENTO,4,5.000301087475832,False,False,3.0
train_leave_one_out,haversine_km,geographic,AGC_044,ENTRENAMIENTO,AGC_103,ENTRENAMIENTO,5,5.094373889313466,False,False,3.0
train_leave_one_out,haversine_km,geographic,AGC_045,ENTRENAMIENTO,AGC_018,ENTRENAMIENTO,1,0.1950419152601096,True,True,4.49
train_leave_one_out,haversine_km,geographic,AGC_045,ENTRENAMIENTO,AGC_100,ENTRENAMIENTO,2,0.7883252017186023,True,True,4.5
train_leave_one_out,haversine_km,geographic,AGC_045,ENTRENAMIENTO,AGC_178,ENTRENAMIENTO,3,0.8185052104060864,True,True,4.39
train_leave_one_out,haversine_km,geographic,AGC_045,ENTRENAMIENTO,AGC_185,ENTRENAMIENTO,4,1.3255055895109917,True,True,5.01
train_leave_one_out,haversine_km,geographic,AGC_045,ENTRENAMIENTO,AGC_090,ENTRENAMIENTO,5,1.419817603527365,True,True,4.68
train_leave_one_out,haversine_km,geographic,AGC_046,ENTRENAMIENTO,AGC_141,ENTRENAMIENTO,1,1.252432335996874,True,True,3.5
train_leave_one_out,haversine_km,geographic,AGC_046,ENTRENAMIENTO,AGC_157,ENTRENAMIENTO,2,1.4018821781820558,True,True,3.0
train_leave_one_out,haversine_km,geographic,AGC_046,ENTRENAMIENTO,AGC_001,ENTRENAMIENTO,3,1.4291097515522149,True,True,3.5
train_leave_one_out,haversine_km,geographic,AGC_046,ENTRENAMIENTO,AGC_163,ENTRENAMIENTO,4,1.4866360729635508,True,True,3.0
train_leave_one_out,haversine_km,geographic,AGC_046,ENTRENAMIENTO,AGC_114,ENTRENAMIENTO,5,1.9331641547611107,True,True,3.0
train_leave_one_out,haversine_km,geographic,AGC_047,ENTRENAMIENTO,AGC_035,ENTRENAMIENTO,1,4.785812855893593,True,False,4.68
train_leave_one_out,haversine_km,geographic,AGC_047,ENTRENAMIENTO,AGC_134,ENTRENAMIENTO,2,10.580540423193765,True,False,4.52
train_leave_one_out,haversine_km,geographic,AGC_047,ENTRENAMIENTO,AGC_178,ENTRENAMIENTO,3,10.640411521750455,False,False,4.39
train_leave_one_out,haversine_km,geographic,AGC_047,ENTRENAMIENTO,AGC_018,ENTRENAMIENTO,4,10.678379208592904,False,False,4.49
train_leave_one_out,haversine_km,geographic,AGC_047,ENTRENAMIENTO,AGC_051,ENTRENAMIENTO,5,10.84018562389535,True,False,4.45
train_leave_one_out,haversine_km,geographic,AGC_048,ENTRENAMIENTO,AGC_117,ENTRENAMIENTO,1,0.9680374800618825,True,False,3.5
train_leave_one_out,haversine_km,geographic,AGC_048,ENTRENAMIENTO,AGC_053,ENTRENAMIENTO,2,1.1707003649611234,True,False,3.5
train_leave_one_out,haversine_km,geographic,AGC_048,ENTRENAMIENTO,AGC_037,ENTRENAMIENTO,3,1.7118239591376532,True,False,3.5
train_leave_one_out,haversine_km,geographic,AGC_048,ENTRENAMIENTO,AGC_138,ENTRENAMIENTO,4,1.825328933454529,True,False,2.5
train_leave_one_out,haversine_km,geographic,AGC_048,ENTRENAMIENTO,AGC_054,ENTRENAMIENTO,5,2.0677539076828597,True,False,2.5
train_leave_one_out,haversine_km,geographic,AGC_049,ENTRENAMIENTO,AGC_012,ENTRENAMIENTO,1,0.31971875201504063,True,True,4.69
train_leave_one_out,haversine_km,geographic,AGC_049,ENTRENAMIENTO,AGC_072,ENTRENAMIENTO,2,0.4195149546332268,True,True,4.55
train_leave_one_out,haversine_km,geographic,AGC_049,ENTRENAMIENTO,AGC_162,ENTRENAMIENTO,3,0.42511189246185804,True,True,5.59
train_leave_one_out,haversine_km,geographic,AGC_049,ENTRENAMIENTO,AGC_013,ENTRENAMIENTO,4,0.6711742225723534,True,True,4.01
train_leave_one_out,haversine_km,geographic,AGC_049,ENTRENAMIENTO,AGC_165,ENTRENAMIENTO,5,0.7946503237987824,True,True,4.44
train_leave_one_out,haversine_km,geographic,AGC_051,ENTRENAMIENTO,AGC_180,ENTRENAMIENTO,1,0.3859722305683759,True,True,4.14
train_leave_one_out,haversine_km,geographic,AGC_051,ENTRENAMIENTO,AGC_134,ENTRENAMIENTO,2,0.6953987224591923,True,True,4.52
train_leave_one_out,haversine_km,geographic,AGC_051,ENTRENAMIENTO,AGC_137,ENTRENAMIENTO,3,6.899448348542869,True,True,4.54
train_leave_one_out,haversine_km,geographic,AGC_051,ENTRENAMIENTO,AGC_151,ENTRENAMIENTO,4,7.265972054566436,True,True,4.69
train_leave_one_out,haversine_km,geographic,AGC_051,ENTRENAMIENTO,AGC_152,ENTRENAMIENTO,5,7.9504943902663054,True,True,4.87
train_leave_one_out,haversine_km,geographic,AGC_053,ENTRENAMIENTO,AGC_117,ENTRENAMIENTO,1,0.20532777908820407,True,True,3.5
train_leave_one_out,haversine_km,geographic,AGC_053,ENTRENAMIENTO,AGC_138,ENTRENAMIENTO,2,0.6569860827064364,True,True,2.5
train_leave_one_out,haversine_km,geographic,AGC_053,ENTRENAMIENTO,AGC_037,ENTRENAMIENTO,3,1.0706618700968513,True,True,3.5
train_leave_one_out,haversine_km,geographic,AGC_053,ENTRENAMIENTO,AGC_048,ENTRENAMIENTO,4,1.1707003649611234,True,False,2.5
train_leave_one_out,haversine_km,geographic,AGC_053,ENTRENAMIENTO,AGC_099,ENTRENAMIENTO,5,1.2325206987852588,True,True,3.5
train_leave_one_out,haversine_km,geographic,AGC_054,ENTRENAMIENTO,AGC_058,ENTRENAMIENTO,1,1.0651389963493185,True,True,2.5
train_leave_one_out,haversine_km,geographic,AGC_054,ENTRENAMIENTO,AGC_037,ENTRENAMIENTO,2,1.220638431857351,True,True,3.5
train_leave_one_out,haversine_km,geographic,AGC_054,ENTRENAMIENTO,AGC_117,ENTRENAMIENTO,3,2.060450488020297,True,True,3.5
train_leave_one_out,haversine_km,geographic,AGC_054,ENTRENAMIENTO,AGC_048,ENTRENAMIENTO,4,2.0677539076828597,True,False,2.5
train_leave_one_out,haversine_km,geographic,AGC_054,ENTRENAMIENTO,AGC_053,ENTRENAMIENTO,5,2.081217107959006,True,True,3.5
train_leave_one_out,haversine_km,geographic,AGC_055,ENTRENAMIENTO,AGC_161,ENTRENAMIENTO,1,1.033778263198082,True,True,4.46
train_leave_one_out,haversine_km,geographic,AGC_055,ENTRENAMIENTO,AGC_155,ENTRENAMIENTO,2,1.2134329454094612,True,True,4.52
train_leave_one_out,haversine_km,geographic,AGC_055,ENTRENAMIENTO,AGC_056,ENTRENAMIENTO,3,1.2203649968021866,True,True,5.07
train_leave_one_out,haversine_km,geographic,AGC_055,ENTRENAMIENTO,AGC_109,ENTRENAMIENTO,4,1.3490488045077127,True,True,4.54
train_leave_one_out,haversine_km,geographic,AGC_055,ENTRENAMIENTO,AGC_021,ENTRENAMIENTO,5,1.3940892607542774,True,True,4.94
train_leave_one_out,haversine_km,geographic,AGC_056,ENTRENAMIENTO,AGC_055,ENTRENAMIENTO,1,1.2203649968021866,True,True,5.45
train_leave_one_out,haversine_km,geographic,AGC_056,ENTRENAMIENTO,AGC_097,ENTRENAMIENTO,2,1.4998079706135705,True,True,4.69
train_leave_one_out,haversine_km,geographic,AGC_056,ENTRENAMIENTO,AGC_161,ENTRENAMIENTO,3,1.5313011890440822,True,True,4.46
train_leave_one_out,haversine_km,geographic,AGC_056,ENTRENAMIENTO,AGC_021,ENTRENAMIENTO,4,1.5395952147760608,True,True,4.94
train_leave_one_out,haversine_km,geographic,AGC_056,ENTRENAMIENTO,AGC_109,ENTRENAMIENTO,5,1.7025673818601037,True,True,4.54
train_leave_one_out,haversine_km,geographic,AGC_057,ENTRENAMIENTO,AGC_060,ENTRENAMIENTO,1,0.6418425472097714,True,True,4.52
train_leave_one_out,haversine_km,geographic,AGC_057,ENTRENAMIENTO,AGC_127,ENTRENAMIENTO,2,0.7153193319633626,True,True,5.57
train_leave_one_out,haversine_km,geographic,AGC_057,ENTRENAMIENTO,AGC_032,ENTRENAMIENTO,3,1.0633884245361211,True,True,4.03
train_leave_one_out,haversine_km,geographic,AGC_057,ENTRENAMIENTO,AGC_077,ENTRENAMIENTO,4,1.1416345900793443,True,True,4.76
train_leave_one_out,haversine_km,geographic,AGC_057,ENTRENAMIENTO,AGC_069,ENTRENAMIENTO,5,1.1884467548473348,True,True,5.46
train_leave_one_out,haversine_km,geographic,AGC_058,ENTRENAMIENTO,AGC_037,ENTRENAMIENTO,1,0.4116985791559664,True,True,3.5
train_leave_one_out,haversine_km,geographic,AGC_058,ENTRENAMIENTO,AGC_054,ENTRENAMIENTO,2,1.0651389963493185,True,True,2.5
train_leave_one_out,haversine_km,geographic,AGC_058,ENTRENAMIENTO,AGC_138,ENTRENAMIENTO,3,1.4200491584508674,True,True,2.5
train_leave_one_out,haversine_km,geographic,AGC_058,ENTRENAMIENTO,AGC_053,ENTRENAMIENTO,4,1.4787376886423902,True,True,3.5
train_leave_one_out,haversine_km,geographic,AGC_058,ENTRENAMIENTO,AGC_117,ENTRENAMIENTO,5,1.5621178882490123,True,True,3.5
train_leave_one_out,haversine_km,geographic,AGC_059,ENTRENAMIENTO,AGC_184,ENTRENAMIENTO,1,0.7997685773264637,True,True,4.47
train_leave_one_out,haversine_km,geographic,AGC_059,ENTRENAMIENTO,AGC_146,ENTRENAMIENTO,2,0.8953227319412815,True,True,4.58
train_leave_one_out,haversine_km,geographic,AGC_059,ENTRENAMIENTO,AGC_084,ENTRENAMIENTO,3,2.3084121902450963,True,True,4.54
train_leave_one_out,haversine_km,geographic,AGC_059,ENTRENAMIENTO,AGC_152,ENTRENAMIENTO,4,2.7887158476435907,True,True,4.87
train_leave_one_out,haversine_km,geographic,AGC_059,ENTRENAMIENTO,AGC_151,ENTRENAMIENTO,5,3.4515891462672714,True,True,4.69
train_leave_one_out,haversine_km,geographic,AGC_060,ENTRENAMIENTO,AGC_127,ENTRENAMIENTO,1,0.13314570191787192,True,True,5.57
train_leave_one_out,haversine_km,geographic,AGC_060,ENTRENAMIENTO,AGC_057,ENTRENAMIENTO,2,0.6418425472097714,True,True,4.55
train_leave_one_out,haversine_km,geographic,AGC_060,ENTRENAMIENTO,AGC_181,ENTRENAMIENTO,3,0.6547383817292022,True,True,4.51
train_leave_one_out,haversine_km,geographic,AGC_060,ENTRENAMIENTO,AGC_032,ENTRENAMIENTO,4,0.694054064431327,True,True,4.03
train_leave_one_out,haversine_km,geographic,AGC_060,ENTRENAMIENTO,AGC_131,ENTRENAMIENTO,5,1.0180273800158661,True,True,4.89
train_leave_one_out,haversine_km,geographic,AGC_062,ENTRENAMIENTO,AGC_139,ENTRENAMIENTO,1,0.08414035495225113,True,True,4.67
train_leave_one_out,haversine_km,geographic,AGC_062,ENTRENAMIENTO,AGC_115,ENTRENAMIENTO,2,0.1577992029383543,True,True,4.6
train_leave_one_out,haversine_km,geographic,AGC_062,ENTRENAMIENTO,AGC_073,ENTRENAMIENTO,3,0.19584335997989047,True,True,4.3
train_leave_one_out,haversine_km,geographic,AGC_062,ENTRENAMIENTO,AGC_008,ENTRENAMIENTO,4,0.7209733925909156,True,True,4.55
train_leave_one_out,haversine_km,geographic,AGC_062,ENTRENAMIENTO,AGC_195,ENTRENAMIENTO,5,0.8736728706382084,True,True,3.68
train_leave_one_out,haversine_km,geographic,AGC_064,ENTRENAMIENTO,AGC_009,ENTRENAMIENTO,1,0.2416417827007071,True,True,4.79
train_leave_one_out,haversine_km,geographic,AGC_064,ENTRENAMIENTO,AGC_119,ENTRENAMIENTO,2,0.3128938638672825,True,True,4.4
train_leave_one_out,haversine_km,geographic,AGC_064,ENTRENAMIENTO,AGC_083,ENTRENAMIENTO,3,4.898629945607244,True,True,4.61
train_leave_one_out,haversine_km,geographic,AGC_064,ENTRENAMIENTO,AGC_111,ENTRENAMIENTO,4,4.908228366493146,False,False,4.72
train_leave_one_out,haversine_km,geographic,AGC_064,ENTRENAMIENTO,AGC_135,ENTRENAMIENTO,5,4.9917633501901415,False,False,4.49
train_leave_one_out,haversine_km,geographic,AGC_066,ENTRENAMIENTO,AGC_068,ENTRENAMIENTO,1,0.7915883498215159,True,True,2.5
train_leave_one_out,haversine_km,geographic,AGC_066,ENTRENAMIENTO,AGC_023,ENTRENAMIENTO,2,0.8248231448584714,True,True,3.0
train_leave_one_out,haversine_km,geographic,AGC_066,ENTRENAMIENTO,AGC_169,ENTRENAMIENTO,3,1.1666456211827918,True,True,2.5
train_leave_one_out,haversine_km,geographic,AGC_066,ENTRENAMIENTO,AGC_170,ENTRENAMIENTO,4,1.1780883446934847,True,True,3.0
train_leave_one_out,haversine_km,geographic,AGC_066,ENTRENAMIENTO,AGC_164,ENTRENAMIENTO,5,1.2186375921537087,False,False,3.0
train_leave_one_out,haversine_km,geographic,AGC_067,ENTRENAMIENTO,AGC_089,ENTRENAMIENTO,1,0.42957789862356355,True,True,3.0
train_leave_one_out,haversine_km,geographic,AGC_067,ENTRENAMIENTO,AGC_148,ENTRENAMIENTO,2,0.5588600922075952,True,True,3.0
train_leave_one_out,haversine_km,geographic,AGC_067,ENTRENAMIENTO,AGC_121,ENTRENAMIENTO,3,0.6346668163647343,True,True,3.3
train_leave_one_out,haversine_km,geographic,AGC_067,ENTRENAMIENTO,AGC_078,ENTRENAMIENTO,4,0.7691750845218325,True,True,3.0
train_leave_one_out,haversine_km,geographic,AGC_067,ENTRENAMIENTO,AGC_007,ENTRENAMIENTO,5,1.1538030256271479,True,True,3.5
train_leave_one_out,haversine_km,geographic,AGC_068,ENTRENAMIENTO,AGC_169,ENTRENAMIENTO,1,0.6156155989023393,True,True,2.5
train_leave_one_out,haversine_km,geographic,AGC_068,ENTRENAMIENTO,AGC_112,ENTRENAMIENTO,2,0.667606146410997,True,True,3.0
train_leave_one_out,haversine_km,geographic,AGC_068,ENTRENAMIENTO,AGC_066,ENTRENAMIENTO,3,0.7915883498215159,True,True,3.0
train_leave_one_out,haversine_km,geographic,AGC_068,ENTRENAMIENTO,AGC_040,ENTRENAMIENTO,4,1.5883459367286656,True,True,3.0
train_leave_one_out,haversine_km,geographic,AGC_068,ENTRENAMIENTO,AGC_023,ENTRENAMIENTO,5,1.598682669813911,True,True,3.0
train_leave_one_out,haversine_km,geographic,AGC_069,ENTRENAMIENTO,AGC_032,ENTRENAMIENTO,1,0.9709574251680428,True,True,4.03
train_leave_one_out,haversine_km,geographic,AGC_069,ENTRENAMIENTO,AGC_002,ENTRENAMIENTO,2,1.0595203718384463,True,True,4.63
train_leave_one_out,haversine_km,geographic,AGC_069,ENTRENAMIENTO,AGC_092,ENTRENAMIENTO,3,1.0753217755255458,True,True,4.57
train_leave_one_out,haversine_km,geographic,AGC_069,ENTRENAMIENTO,AGC_159,ENTRENAMIENTO,4,1.0876120203311321,True,True,4.77
train_leave_one_out,haversine_km,geographic,AGC_069,ENTRENAMIENTO,AGC_015,ENTRENAMIENTO,5,1.1676514338763506,True,True,2.64
train_leave_one_out,haversine_km,geographic,AGC_070,ENTRENAMIENTO,AGC_194,ENTRENAMIENTO,1,0.46778197721658243,True,True,3.2
train_leave_one_out,haversine_km,geographic,AGC_070,ENTRENAMIENTO,AGC_038,ENTRENAMIENTO,2,0.49279195353243305,True,True,3.3
train_leave_one_out,haversine_km,geographic,AGC_070,ENTRENAMIENTO,AGC_041,ENTRENAMIENTO,3,0.8049158456217381,True,True,2.5
train_leave_one_out,haversine_km,geographic,AGC_070,ENTRENAMIENTO,AGC_034,ENTRENAMIENTO,4,1.0143342667004447,True,True,2.0
train_leave_one_out,haversine_km,geographic,AGC_070,ENTRENAMIENTO,AGC_166,ENTRENAMIENTO,5,1.0207102746793661,True,True,2.5
train_leave_one_out,haversine_km,geographic,AGC_072,ENTRENAMIENTO,AGC_013,ENTRENAMIENTO,1,0.2576254978246779,True,True,4.01
train_leave_one_out,haversine_km,geographic,AGC_072,ENTRENAMIENTO,AGC_012,ENTRENAMIENTO,2,0.31052491295757256,True,True,4.69
train_leave_one_out,haversine_km,geographic,AGC_072,ENTRENAMIENTO,AGC_165,ENTRENAMIENTO,3,0.3866716551398871,True,True,4.44
train_leave_one_out,haversine_km,geographic,AGC_072,ENTRENAMIENTO,AGC_049,ENTRENAMIENTO,4,0.4195149546332268,True,True,5.53
train_leave_one_out,haversine_km,geographic,AGC_072,ENTRENAMIENTO,AGC_132,ENTRENAMIENTO,5,0.5220065023369498,True,True,4.13
train_leave_one_out,haversine_km,geographic,AGC_073,ENTRENAMIENTO,AGC_115,ENTRENAMIENTO,1,0.038273372276201104,True,True,4.6
train_leave_one_out,haversine_km,geographic,AGC_073,ENTRENAMIENTO,AGC_139,ENTRENAMIENTO,2,0.11214760227487261,True,True,4.67
train_leave_one_out,haversine_km,geographic,AGC_073,ENTRENAMIENTO,AGC_062,ENTRENAMIENTO,3,0.19584335997989047,True,True,3.81
train_leave_one_out,haversine_km,geographic,AGC_073,ENTRENAMIENTO,AGC_008,ENTRENAMIENTO,4,0.6307564313771826,True,True,4.55
train_leave_one_out,haversine_km,geographic,AGC_073,ENTRENAMIENTO,AGC_195,ENTRENAMIENTO,5,0.6778316425794094,True,True,3.68
train_leave_one_out,haversine_km,geographic,AGC_074,ENTRENAMIENTO,AGC_122,ENTRENAMIENTO,1,2.0020935329516023,True,True,3.5
train_leave_one_out,haversine_km,geographic,AGC_074,ENTRENAMIENTO,AGC_123,ENTRENAMIENTO,2,3.057115666608784,True,True,2.5
train_leave_one_out,haversine_km,geographic,AGC_074,ENTRENAMIENTO,AGC_145,ENTRENAMIENTO,3,3.1573788173705077,True,True,3.5
train_leave_one_out,haversine_km,geographic,AGC_074,ENTRENAMIENTO,AGC_098,ENTRENAMIENTO,4,3.9196447366640004,True,True,3.0
train_leave_one_out,haversine_km,geographic,AGC_074,ENTRENAMIENTO,AGC_114,ENTRENAMIENTO,5,4.589833176352379,True,True,3.0
train_leave_one_out,haversine_km,geographic,AGC_077,ENTRENAMIENTO,AGC_133,ENTRENAMIENTO,1,0.34647469086111504,True,True,3.91
train_leave_one_out,haversine_km,geographic,AGC_077,ENTRENAMIENTO,AGC_135,ENTRENAMIENTO,2,0.8256127273665995,True,True,4.49
train_leave_one_out,haversine_km,geographic,AGC_077,ENTRENAMIENTO,AGC_111,ENTRENAMIENTO,3,0.8492398701111529,True,True,4.72
train_leave_one_out,haversine_km,geographic,AGC_077,ENTRENAMIENTO,AGC_127,ENTRENAMIENTO,4,1.1327058877884166,True,True,5.57
train_leave_one_out,haversine_km,geographic,AGC_077,ENTRENAMIENTO,AGC_057,ENTRENAMIENTO,5,1.1416345900793443,True,True,4.55
train_leave_one_out,haversine_km,geographic,AGC_078,ENTRENAMIENTO,AGC_148,ENTRENAMIENTO,1,0.32540096051102696,True,True,3.0
train_leave_one_out,haversine_km,geographic,AGC_078,ENTRENAMIENTO,AGC_089,ENTRENAMIENTO,2,0.3532552205787749,True,True,3.0
train_leave_one_out,haversine_km,geographic,AGC_078,ENTRENAMIENTO,AGC_121,ENTRENAMIENTO,3,0.36551549891528656,True,True,3.3
train_leave_one_out,haversine_km,geographic,AGC_078,ENTRENAMIENTO,AGC_007,ENTRENAMIENTO,4,0.42859401908328576,True,True,3.5
train_leave_one_out,haversine_km,geographic,AGC_078,ENTRENAMIENTO,AGC_067,ENTRENAMIENTO,5,0.7691750845218325,True,True,3.0
train_leave_one_out,haversine_km,geographic,AGC_079,ENTRENAMIENTO,AGC_034,ENTRENAMIENTO,1,0.5510834526496105,True,True,2.0
train_leave_one_out,haversine_km,geographic,AGC_079,ENTRENAMIENTO,AGC_038,ENTRENAMIENTO,2,0.7980693159989214,True,True,3.3
train_leave_one_out,haversine_km,geographic,AGC_079,ENTRENAMIENTO,AGC_070,ENTRENAMIENTO,3,1.0864733890254201,True,True,3.3
train_leave_one_out,haversine_km,geographic,AGC_079,ENTRENAMIENTO,AGC_194,ENTRENAMIENTO,4,1.194396185336286,True,True,3.2
train_leave_one_out,haversine_km,geographic,AGC_079,ENTRENAMIENTO,AGC_041,ENTRENAMIENTO,5,1.6056716772681,True,True,2.5
train_leave_one_out,haversine_km,geographic,AGC_080,ENTRENAMIENTO,AGC_140,ENTRENAMIENTO,1,1.1761842741508988,True,True,3.2
train_leave_one_out,haversine_km,geographic,AGC_080,ENTRENAMIENTO,AGC_007,ENTRENAMIENTO,2,2.7446967442546626,True,True,3.5
train_leave_one_out,haversine_km,geographic,AGC_080,ENTRENAMIENTO,AGC_078,ENTRENAMIENTO,3,3.130620826682508,True,True,3.0
train_leave_one_out,haversine_km,geographic,AGC_080,ENTRENAMIENTO,AGC_121,ENTRENAMIENTO,4,3.3098577138883667,True,True,3.3
train_leave_one_out,haversine_km,geographic,AGC_080,ENTRENAMIENTO,AGC_148,ENTRENAMIENTO,5,3.413144322345011,True,True,3.0
train_leave_one_out,haversine_km,geographic,AGC_081,ENTRENAMIENTO,AGC_079,ENTRENAMIENTO,1,2.8037073120427274,True,True,3.3
train_leave_one_out,haversine_km,geographic,AGC_081,ENTRENAMIENTO,AGC_034,ENTRENAMIENTO,2,3.237249877017018,True,True,2.0
train_leave_one_out,haversine_km,geographic,AGC_081,ENTRENAMIENTO,AGC_038,ENTRENAMIENTO,3,3.601590512183355,True,True,3.3
train_leave_one_out,haversine_km,geographic,AGC_081,ENTRENAMIENTO,AGC_070,ENTRENAMIENTO,4,3.8089923432534385,True,True,3.3
train_leave_one_out,haversine_km,geographic,AGC_081,ENTRENAMIENTO,AGC_194,ENTRENAMIENTO,5,3.9968508826060094,True,True,3.2
train_leave_one_out,haversine_km,geographic,AGC_083,ENTRENAMIENTO,AGC_102,ENTRENAMIENTO,1,2.169674873628583,False,False,4.4
train_leave_one_out,haversine_km,geographic,AGC_083,ENTRENAMIENTO,AGC_197,ENTRENAMIENTO,2,2.1967602844197094,False,False,4.52
train_leave_one_out,haversine_km,geographic,AGC_083,ENTRENAMIENTO,AGC_101,ENTRENAMIENTO,3,2.3191979694136253,False,False,4.57
train_leave_one_out,haversine_km,geographic,AGC_083,ENTRENAMIENTO,AGC_045,ENTRENAMIENTO,4,2.539856021842118,False,False,4.1
train_leave_one_out,haversine_km,geographic,AGC_083,ENTRENAMIENTO,AGC_096,ENTRENAMIENTO,5,2.662274984536933,False,False,4.59
train_leave_one_out,haversine_km,geographic,AGC_084,ENTRENAMIENTO,AGC_146,ENTRENAMIENTO,1,2.213780045733754,True,True,4.58
train_leave_one_out,haversine_km,geographic,AGC_084,ENTRENAMIENTO,AGC_059,ENTRENAMIENTO,2,2.3084121902450963,True,True,4.41
train_leave_one_out,haversine_km,geographic,AGC_084,ENTRENAMIENTO,AGC_184,ENTRENAMIENTO,3,2.428505807456726,True,True,4.47
train_leave_one_out,haversine_km,geographic,AGC_084,ENTRENAMIENTO,AGC_152,ENTRENAMIENTO,4,2.6644976965822083,True,True,4.87
train_leave_one_out,haversine_km,geographic,AGC_084,ENTRENAMIENTO,AGC_151,ENTRENAMIENTO,5,2.9284067969286296,True,True,4.69
train_leave_one_out,haversine_km,geographic,AGC_089,ENTRENAMIENTO,AGC_148,ENTRENAMIENTO,1,0.16559391824474434,True,True,3.0
train_leave_one_out,haversine_km,geographic,AGC_089,ENTRENAMIENTO,AGC_078,ENTRENAMIENTO,2,0.3532552205787749,True,True,3.0
train_leave_one_out,haversine_km,geographic,AGC_089,ENTRENAMIENTO,AGC_121,ENTRENAMIENTO,3,0.39603004875623665,True,True,3.3
train_leave_one_out,haversine_km,geographic,AGC_089,ENTRENAMIENTO,AGC_067,ENTRENAMIENTO,4,0.42957789862356355,True,True,3.0
train_leave_one_out,haversine_km,geographic,AGC_089,ENTRENAMIENTO,AGC_007,ENTRENAMIENTO,5,0.7692602952023049,True,True,3.5
train_leave_one_out,haversine_km,geographic,AGC_090,ENTRENAMIENTO,AGC_100,ENTRENAMIENTO,1,0.6431272140147023,True,True,4.5
train_leave_one_out,haversine_km,geographic,AGC_090,ENTRENAMIENTO,AGC_178,ENTRENAMIENTO,2,0.8310771408711721,True,True,4.39
train_leave_one_out,haversine_km,geographic,AGC_090,ENTRENAMIENTO,AGC_185,ENTRENAMIENTO,3,1.1946517343593415,True,True,5.01
train_leave_one_out,haversine_km,geographic,AGC_090,ENTRENAMIENTO,AGC_018,ENTRENAMIENTO,4,1.4022391994268,True,True,4.49
train_leave_one_out,haversine_km,geographic,AGC_090,ENTRENAMIENTO,AGC_045,ENTRENAMIENTO,5,1.419817603527365,True,True,4.1
train_leave_one_out,haversine_km,geographic,AGC_092,ENTRENAMIENTO,AGC_159,ENTRENAMIENTO,1,0.2157624514606351,True,True,4.77
train_leave_one_out,haversine_km,geographic,AGC_092,ENTRENAMIENTO,AGC_167,ENTRENAMIENTO,2,0.2590526164853346,True,True,4.54
train_leave_one_out,haversine_km,geographic,AGC_092,ENTRENAMIENTO,AGC_005,ENTRENAMIENTO,3,0.409934504944049,True,True,5.16
train_leave_one_out,haversine_km,geographic,AGC_092,ENTRENAMIENTO,AGC_015,ENTRENAMIENTO,4,0.6452553383011052,True,True,2.64
train_leave_one_out,haversine_km,geographic,AGC_092,ENTRENAMIENTO,AGC_150,ENTRENAMIENTO,5,0.9304599823878105,True,True,4.52
train_leave_one_out,haversine_km,geographic,AGC_096,ENTRENAMIENTO,AGC_022,ENTRENAMIENTO,1,0.35214784588928766,True,True,4.55
train_leave_one_out,haversine_km,geographic,AGC_096,ENTRENAMIENTO,AGC_197,ENTRENAMIENTO,2,0.48922690786528283,True,True,4.52
train_leave_one_out,haversine_km,geographic,AGC_096,ENTRENAMIENTO,AGC_168,ENTRENAMIENTO,3,0.49867059490182875,True,True,4.49
train_leave_one_out,haversine_km,geographic,AGC_096,ENTRENAMIENTO,AGC_131,ENTRENAMIENTO,4,0.7259429482601221,True,True,4.89
train_leave_one_out,haversine_km,geographic,AGC_096,ENTRENAMIENTO,AGC_101,ENTRENAMIENTO,5,0.7405427728700887,True,True,4.57
train_leave_one_out,haversine_km,geographic,AGC_097,ENTRENAMIENTO,AGC_021,ENTRENAMIENTO,1,0.0630433711172779,True,True,4.94
train_leave_one_out,haversine_km,geographic,AGC_097,ENTRENAMIENTO,AGC_109,ENTRENAMIENTO,2,0.3302092688974565,True,True,4.54
train_leave_one_out,haversine_km,geographic,AGC_097,ENTRENAMIENTO,AGC_161,ENTRENAMIENTO,3,0.4989104190292509,True,True,4.46
train_leave_one_out,haversine_km,geographic,AGC_097,ENTRENAMIENTO,AGC_179,ENTRENAMIENTO,4,0.9767107229080645,True,True,4.55
train_leave_one_out,haversine_km,geographic,AGC_097,ENTRENAMIENTO,AGC_124,ENTRENAMIENTO,5,1.1876694593337918,True,True,5.05
train_leave_one_out,haversine_km,geographic,AGC_098,ENTRENAMIENTO,AGC_114,ENTRENAMIENTO,1,0.8493693106658561,True,True,3.0
train_leave_one_out,haversine_km,geographic,AGC_098,ENTRENAMIENTO,AGC_145,ENTRENAMIENTO,2,1.734805518093628,True,True,3.5
train_leave_one_out,haversine_km,geographic,AGC_098,ENTRENAMIENTO,AGC_001,ENTRENAMIENTO,3,1.801209571116568,True,True,3.5
train_leave_one_out,haversine_km,geographic,AGC_098,ENTRENAMIENTO,AGC_123,ENTRENAMIENTO,4,2.1985751066816888,True,True,2.5
train_leave_one_out,haversine_km,geographic,AGC_098,ENTRENAMIENTO,AGC_122,ENTRENAMIENTO,5,2.324434995393152,True,True,3.5
train_leave_one_out,haversine_km,geographic,AGC_099,ENTRENAMIENTO,AGC_138,ENTRENAMIENTO,1,0.5761626196882,True,True,2.5
train_leave_one_out,haversine_km,geographic,AGC_099,ENTRENAMIENTO,AGC_004,ENTRENAMIENTO,2,1.202910031315669,True,True,3.0
train_leave_one_out,haversine_km,geographic,AGC_099,ENTRENAMIENTO,AGC_053,ENTRENAMIENTO,3,1.2325206987852588,True,True,3.5
train_leave_one_out,haversine_km,geographic,AGC_099,ENTRENAMIENTO,AGC_037,ENTRENAMIENTO,4,1.3717936671789868,True,True,3.5
train_leave_one_out,haversine_km,geographic,AGC_099,ENTRENAMIENTO,AGC_117,ENTRENAMIENTO,5,1.4378382461767385,True,True,3.5
train_leave_one_out,haversine_km,geographic,AGC_100,ENTRENAMIENTO,AGC_178,ENTRENAMIENTO,1,0.33898157565178066,True,True,4.39
train_leave_one_out,haversine_km,geographic,AGC_100,ENTRENAMIENTO,AGC_090,ENTRENAMIENTO,2,0.6431272140147023,True,True,4.68
train_leave_one_out,haversine_km,geographic,AGC_100,ENTRENAMIENTO,AGC_018,ENTRENAMIENTO,3,0.7591194906468206,True,True,4.49
train_leave_one_out,haversine_km,geographic,AGC_100,ENTRENAMIENTO,AGC_045,ENTRENAMIENTO,4,0.7883252017186023,True,True,4.1
train_leave_one_out,haversine_km,geographic,AGC_100,ENTRENAMIENTO,AGC_185,ENTRENAMIENTO,5,1.1280483408823838,True,True,5.01
train_leave_one_out,haversine_km,geographic,AGC_101,ENTRENAMIENTO,AGC_102,ENTRENAMIENTO,1,0.40490824198929615,True,True,4.4
train_leave_one_out,haversine_km,geographic,AGC_101,ENTRENAMIENTO,AGC_197,ENTRENAMIENTO,2,0.4727835365049105,True,True,4.52
train_leave_one_out,haversine_km,geographic,AGC_101,ENTRENAMIENTO,AGC_024,ENTRENAMIENTO,3,0.6062103076435322,True,True,3.03
train_leave_one_out,haversine_km,geographic,AGC_101,ENTRENAMIENTO,AGC_096,ENTRENAMIENTO,4,0.7405427728700887,True,True,4.59
train_leave_one_out,haversine_km,geographic,AGC_101,ENTRENAMIENTO,AGC_171,ENTRENAMIENTO,5,0.9062644314945644,True,True,2.15
train_leave_one_out,haversine_km,geographic,AGC_102,ENTRENAMIENTO,AGC_101,ENTRENAMIENTO,1,0.40490824198929615,True,True,4.57
train_leave_one_out,haversine_km,geographic,AGC_102,ENTRENAMIENTO,AGC_197,ENTRENAMIENTO,2,0.8049312054325749,True,True,4.52
train_leave_one_out,haversine_km,geographic,AGC_102,ENTRENAMIENTO,AGC_024,ENTRENAMIENTO,3,0.8226231751895825,True,True,3.03
train_leave_one_out,haversine_km,geographic,AGC_102,ENTRENAMIENTO,AGC_193,ENTRENAMIENTO,4,0.9809639137711827,True,True,4.57
train_leave_one_out,haversine_km,geographic,AGC_102,ENTRENAMIENTO,AGC_185,ENTRENAMIENTO,5,1.0283246594859732,True,True,5.01
train_leave_one_out,haversine_km,geographic,AGC_103,ENTRENAMIENTO,AGC_019,ENTRENAMIENTO,1,0.22295348838168377,True,True,3.0
train_leave_one_out,haversine_km,geographic,AGC_103,ENTRENAMIENTO,AGC_144,ENTRENAMIENTO,2,1.444088702389888,True,True,2.5
train_leave_one_out,haversine_km,geographic,AGC_103,ENTRENAMIENTO,AGC_187,ENTRENAMIENTO,3,2.746347512282287,True,True,3.0
train_leave_one_out,haversine_km,geographic,AGC_103,ENTRENAMIENTO,AGC_114,ENTRENAMIENTO,4,3.5000420473008025,True,True,3.0
train_leave_one_out,haversine_km,geographic,AGC_103,ENTRENAMIENTO,AGC_145,ENTRENAMIENTO,5,3.893338424405665,True,True,3.5
train_leave_one_out,haversine_km,geographic,AGC_104,ENTRENAMIENTO,AGC_150,ENTRENAMIENTO,1,0.12972305574063342,True,True,4.52
train_leave_one_out,haversine_km,geographic,AGC_104,ENTRENAMIENTO,AGC_002,ENTRENAMIENTO,2,0.337627371650241,True,True,4.63
train_leave_one_out,haversine_km,geographic,AGC_104,ENTRENAMIENTO,AGC_005,ENTRENAMIENTO,3,0.7113040631707547,True,True,5.16
train_leave_one_out,haversine_km,geographic,AGC_104,ENTRENAMIENTO,AGC_026,ENTRENAMIENTO,4,0.7119987477405493,True,True,3.55
train_leave_one_out,haversine_km,geographic,AGC_104,ENTRENAMIENTO,AGC_159,ENTRENAMIENTO,5,0.8256854987168328,True,True,4.77
train_leave_one_out,haversine_km,geographic,AGC_105,ENTRENAMIENTO,AGC_125,ENTRENAMIENTO,1,0.41633982880536247,True,True,4.06
train_leave_one_out,haversine_km,geographic,AGC_105,ENTRENAMIENTO,AGC_110,ENTRENAMIENTO,2,0.49628107223878093,True,True,4.18
train_leave_one_out,haversine_km,geographic,AGC_105,ENTRENAMIENTO,AGC_014,ENTRENAMIENTO,3,0.6516670035646391,True,True,4.83
train_leave_one_out,haversine_km,geographic,AGC_105,ENTRENAMIENTO,AGC_106,ENTRENAMIENTO,4,0.709644273295185,True,True,4.43
train_leave_one_out,haversine_km,geographic,AGC_105,ENTRENAMIENTO,AGC_026,ENTRENAMIENTO,5,0.7874066314445161,True,True,3.55
train_leave_one_out,haversine_km,geographic,AGC_106,ENTRENAMIENTO,AGC_110,ENTRENAMIENTO,1,0.2133802751873517,True,True,4.18
train_leave_one_out,haversine_km,geographic,AGC_106,ENTRENAMIENTO,AGC_010,ENTRENAMIENTO,2,0.45171850596175944,True,True,4.1
train_leave_one_out,haversine_km,geographic,AGC_106,ENTRENAMIENTO,AGC_195,ENTRENAMIENTO,3,0.6913503506755473,True,True,3.68
train_leave_one_out,haversine_km,geographic,AGC_106,ENTRENAMIENTO,AGC_105,ENTRENAMIENTO,4,0.709644273295185,True,True,4.41
train_leave_one_out,haversine_km,geographic,AGC_106,ENTRENAMIENTO,AGC_002,ENTRENAMIENTO,5,0.8550219521289831,True,True,4.63
train_leave_one_out,haversine_km,geographic,AGC_108,ENTRENAMIENTO,AGC_155,ENTRENAMIENTO,1,0.907312304733291,True,True,4.52
train_leave_one_out,haversine_km,geographic,AGC_108,ENTRENAMIENTO,AGC_055,ENTRENAMIENTO,2,1.6629774412978031,True,True,5.45
train_leave_one_out,haversine_km,geographic,AGC_108,ENTRENAMIENTO,AGC_132,ENTRENAMIENTO,3,1.7043248823571637,True,True,4.13
train_leave_one_out,haversine_km,geographic,AGC_108,ENTRENAMIENTO,AGC_162,ENTRENAMIENTO,4,1.746501726131415,True,True,5.59
train_leave_one_out,haversine_km,geographic,AGC_108,ENTRENAMIENTO,AGC_172,ENTRENAMIENTO,5,1.9061350206826222,True,True,5.19
train_leave_one_out,haversine_km,geographic,AGC_109,ENTRENAMIENTO,AGC_021,ENTRENAMIENTO,1,0.26748005062430036,True,True,4.94
train_leave_one_out,haversine_km,geographic,AGC_109,ENTRENAMIENTO,AGC_161,ENTRENAMIENTO,2,0.31886538792232005,True,True,4.46
train_leave_one_out,haversine_km,geographic,AGC_109,ENTRENAMIENTO,AGC_097,ENTRENAMIENTO,3,0.3302092688974565,True,True,4.69
train_leave_one_out,haversine_km,geographic,AGC_109,ENTRENAMIENTO,AGC_179,ENTRENAMIENTO,4,0.753643307016447,True,True,4.55
train_leave_one_out,haversine_km,geographic,AGC_109,ENTRENAMIENTO,AGC_124,ENTRENAMIENTO,5,1.0220415056605334,True,True,5.05
train_leave_one_out,haversine_km,geographic,AGC_110,ENTRENAMIENTO,AGC_106,ENTRENAMIENTO,1,0.2133802751873517,True,True,4.43
train_leave_one_out,haversine_km,geographic,AGC_110,ENTRENAMIENTO,AGC_105,ENTRENAMIENTO,2,0.49628107223878093,True,True,4.41
train_leave_one_out,haversine_km,geographic,AGC_110,ENTRENAMIENTO,AGC_010,ENTRENAMIENTO,3,0.5297417275030135,True,True,4.1
train_leave_one_out,haversine_km,geographic,AGC_110,ENTRENAMIENTO,AGC_014,ENTRENAMIENTO,4,0.7622860734473814,True,True,4.83
train_leave_one_out,haversine_km,geographic,AGC_110,ENTRENAMIENTO,AGC_125,ENTRENAMIENTO,5,0.8112988455676311,True,True,4.06
train_leave_one_out,haversine_km,geographic,AGC_111,ENTRENAMIENTO,AGC_135,ENTRENAMIENTO,1,0.08669427219331573,True,True,4.49
train_leave_one_out,haversine_km,geographic,AGC_111,ENTRENAMIENTO,AGC_133,ENTRENAMIENTO,2,0.5181863673168663,True,True,3.91
train_leave_one_out,haversine_km,geographic,AGC_111,ENTRENAMIENTO,AGC_077,ENTRENAMIENTO,3,0.8492398701111529,True,True,4.76
train_leave_one_out,haversine_km,geographic,AGC_111,ENTRENAMIENTO,AGC_165,ENTRENAMIENTO,4,0.979400430973175,True,True,4.44
train_leave_one_out,haversine_km,geographic,AGC_111,ENTRENAMIENTO,AGC_013,ENTRENAMIENTO,5,1.0675481687845514,True,True,4.01
train_leave_one_out,haversine_km,geographic,AGC_112,ENTRENAMIENTO,AGC_169,ENTRENAMIENTO,1,0.4298639505035971,True,True,2.5
train_leave_one_out,haversine_km,geographic,AGC_112,ENTRENAMIENTO,AGC_068,ENTRENAMIENTO,2,0.667606146410997,True,True,2.5
train_leave_one_out,haversine_km,geographic,AGC_112,ENTRENAMIENTO,AGC_066,ENTRENAMIENTO,3,1.4107126853871967,True,True,3.0
train_leave_one_out,haversine_km,geographic,AGC_112,ENTRENAMIENTO,AGC_040,ENTRENAMIENTO,4,1.4224144391076012,True,True,3.0
train_leave_one_out,haversine_km,geographic,AGC_112,ENTRENAMIENTO,AGC_004,ENTRENAMIENTO,5,1.4503324714907397,True,True,3.0
train_leave_one_out,haversine_km,geographic,AGC_114,ENTRENAMIENTO,AGC_098,ENTRENAMIENTO,1,0.8493693106658561,True,True,3.0
train_leave_one_out,haversine_km,geographic,AGC_114,ENTRENAMIENTO,AGC_145,ENTRENAMIENTO,2,1.8857658320105644,True,True,3.5
train_leave_one_out,haversine_km,geographic,AGC_114,ENTRENAMIENTO,AGC_046,ENTRENAMIENTO,3,1.9331641547611107,True,True,3.0
train_leave_one_out,haversine_km,geographic,AGC_114,ENTRENAMIENTO,AGC_001,ENTRENAMIENTO,4,1.9675311941293838,True,True,3.5
train_leave_one_out,haversine_km,geographic,AGC_114,ENTRENAMIENTO,AGC_123,ENTRENAMIENTO,5,2.3214396914923325,True,True,2.5
train_leave_one_out,haversine_km,geographic,AGC_115,ENTRENAMIENTO,AGC_073,ENTRENAMIENTO,1,0.038273372276201104,True,True,4.3
train_leave_one_out,haversine_km,geographic,AGC_115,ENTRENAMIENTO,AGC_139,ENTRENAMIENTO,2,0.073920569132468,True,True,4.67
train_leave_one_out,haversine_km,geographic,AGC_115,ENTRENAMIENTO,AGC_062,ENTRENAMIENTO,3,0.1577992029383543,True,True,3.81
train_leave_one_out,haversine_km,geographic,AGC_115,ENTRENAMIENTO,AGC_008,ENTRENAMIENTO,4,0.6480994762774014,True,True,4.55
train_leave_one_out,haversine_km,geographic,AGC_115,ENTRENAMIENTO,AGC_195,ENTRENAMIENTO,5,0.7159486252090019,True,True,3.68
train_leave_one_out,haversine_km,geographic,AGC_117,ENTRENAMIENTO,AGC_053,ENTRENAMIENTO,1,0.20532777908820407,True,True,3.5
train_leave_one_out,haversine_km,geographic,AGC_117,ENTRENAMIENTO,AGC_138,ENTRENAMIENTO,2,0.8621844912871984,True,True,2.5
train_leave_one_out,haversine_km,geographic,AGC_117,ENTRENAMIENTO,AGC_048,ENTRENAMIENTO,3,0.9680374800618825,True,False,2.5
train_leave_one_out,haversine_km,geographic,AGC_117,ENTRENAMIENTO,AGC_037,ENTRENAMIENTO,4,1.1504512402365903,True,True,3.5
train_leave_one_out,haversine_km,geographic,AGC_117,ENTRENAMIENTO,AGC_099,ENTRENAMIENTO,5,1.4378382461767385,True,True,3.5
train_leave_one_out,haversine_km,geographic,AGC_119,ENTRENAMIENTO,AGC_009,ENTRENAMIENTO,1,0.08372328724915162,True,True,4.79
train_leave_one_out,haversine_km,geographic,AGC_119,ENTRENAMIENTO,AGC_064,ENTRENAMIENTO,2,0.3128938638672825,True,True,4.51
train_leave_one_out,haversine_km,geographic,AGC_119,ENTRENAMIENTO,AGC_083,ENTRENAMIENTO,3,4.585744602475163,True,True,4.61
train_leave_one_out,haversine_km,geographic,AGC_119,ENTRENAMIENTO,AGC_111,ENTRENAMIENTO,4,4.760172763389455,False,False,4.72
train_leave_one_out,haversine_km,geographic,AGC_119,ENTRENAMIENTO,AGC_077,ENTRENAMIENTO,5,4.831419073897191,False,False,4.76
train_leave_one_out,haversine_km,geographic,AGC_121,ENTRENAMIENTO,AGC_078,ENTRENAMIENTO,1,0.36551549891528656,True,True,3.0
train_leave_one_out,haversine_km,geographic,AGC_121,ENTRENAMIENTO,AGC_089,ENTRENAMIENTO,2,0.39603004875623665,True,True,3.0
train_leave_one_out,haversine_km,geographic,AGC_121,ENTRENAMIENTO,AGC_148,ENTRENAMIENTO,3,0.5089106913057866,True,True,3.0
train_leave_one_out,haversine_km,geographic,AGC_121,ENTRENAMIENTO,AGC_007,ENTRENAMIENTO,4,0.5751386785364373,True,True,3.5
train_leave_one_out,haversine_km,geographic,AGC_121,ENTRENAMIENTO,AGC_067,ENTRENAMIENTO,5,0.6346668163647343,True,True,3.0
train_leave_one_out,haversine_km,geographic,AGC_122,ENTRENAMIENTO,AGC_123,ENTRENAMIENTO,1,1.0955938817227455,True,True,2.5
train_leave_one_out,haversine_km,geographic,AGC_122,ENTRENAMIENTO,AGC_145,ENTRENAMIENTO,2,1.1572346443965458,True,True,3.5
train_leave_one_out,haversine_km,geographic,AGC_122,ENTRENAMIENTO,AGC_074,ENTRENAMIENTO,3,2.0020935329516023,True,True,2.5
train_leave_one_out,haversine_km,geographic,AGC_122,ENTRENAMIENTO,AGC_098,ENTRENAMIENTO,4,2.324434995393152,True,True,3.0
train_leave_one_out,haversine_km,geographic,AGC_122,ENTRENAMIENTO,AGC_114,ENTRENAMIENTO,5,2.7950768253997933,True,True,3.0
train_leave_one_out,haversine_km,geographic,AGC_123,ENTRENAMIENTO,AGC_145,ENTRENAMIENTO,1,0.46468032683161153,True,True,3.5
train_leave_one_out,haversine_km,geographic,AGC_123,ENTRENAMIENTO,AGC_122,ENTRENAMIENTO,2,1.0955938817227455,True,True,3.5
train_leave_one_out,haversine_km,geographic,AGC_123,ENTRENAMIENTO,AGC_098,ENTRENAMIENTO,3,2.1985751066816888,True,True,3.0
train_leave_one_out,haversine_km,geographic,AGC_123,ENTRENAMIENTO,AGC_114,ENTRENAMIENTO,4,2.3214396914923325,True,True,3.0
train_leave_one_out,haversine_km,geographic,AGC_123,ENTRENAMIENTO,AGC_074,ENTRENAMIENTO,5,3.057115666608784,True,True,2.5
train_leave_one_out,haversine_km,geographic,AGC_124,ENTRENAMIENTO,AGC_179,ENTRENAMIENTO,1,0.32032456252576935,True,True,4.55
train_leave_one_out,haversine_km,geographic,AGC_124,ENTRENAMIENTO,AGC_160,ENTRENAMIENTO,2,0.5617462299429716,True,True,3.62
train_leave_one_out,haversine_km,geographic,AGC_124,ENTRENAMIENTO,AGC_109,ENTRENAMIENTO,3,1.0220415056605334,True,True,4.54
train_leave_one_out,haversine_km,geographic,AGC_124,ENTRENAMIENTO,AGC_021,ENTRENAMIENTO,4,1.1460864532172719,True,True,4.94
train_leave_one_out,haversine_km,geographic,AGC_124,ENTRENAMIENTO,AGC_097,ENTRENAMIENTO,5,1.1876694593337918,True,True,4.69
train_leave_one_out,haversine_km,geographic,AGC_125,ENTRENAMIENTO,AGC_105,ENTRENAMIENTO,1,0.41633982880536247,True,True,4.41
train_leave_one_out,haversine_km,geographic,AGC_125,ENTRENAMIENTO,AGC_014,ENTRENAMIENTO,2,0.4503025433811207,True,True,4.83
train_leave_one_out,haversine_km,geographic,AGC_125,ENTRENAMIENTO,AGC_110,ENTRENAMIENTO,3,0.8112988455676311,True,True,4.18
train_leave_one_out,haversine_km,geographic,AGC_125,ENTRENAMIENTO,AGC_189,ENTRENAMIENTO,4,0.939091524022282,True,True,4.03
train_leave_one_out,haversine_km,geographic,AGC_125,ENTRENAMIENTO,AGC_106,ENTRENAMIENTO,5,1.0079065796085112,True,True,4.43
train_leave_one_out,haversine_km,geographic,AGC_127,ENTRENAMIENTO,AGC_060,ENTRENAMIENTO,1,0.13314570191787192,True,True,4.52
train_leave_one_out,haversine_km,geographic,AGC_127,ENTRENAMIENTO,AGC_181,ENTRENAMIENTO,2,0.6940725365097782,True,True,4.51
train_leave_one_out,haversine_km,geographic,AGC_127,ENTRENAMIENTO,AGC_057,ENTRENAMIENTO,3,0.7153193319633626,True,True,4.55
train_leave_one_out,haversine_km,geographic,AGC_127,ENTRENAMIENTO,AGC_032,ENTRENAMIENTO,4,0.7950840862047531,True,True,4.03
train_leave_one_out,haversine_km,geographic,AGC_127,ENTRENAMIENTO,AGC_168,ENTRENAMIENTO,5,1.0005319134754354,True,True,4.49
train_leave_one_out,haversine_km,geographic,AGC_131,ENTRENAMIENTO,AGC_022,ENTRENAMIENTO,1,0.37417855235597014,True,True,4.55
train_leave_one_out,haversine_km,geographic,AGC_131,ENTRENAMIENTO,AGC_181,ENTRENAMIENTO,2,0.4259951831114808,True,True,4.51
train_leave_one_out,haversine_km,geographic,AGC_131,ENTRENAMIENTO,AGC_168,ENTRENAMIENTO,3,0.4573611725990972,True,True,4.49
train_leave_one_out,haversine_km,geographic,AGC_131,ENTRENAMIENTO,AGC_096,ENTRENAMIENTO,4,0.7259429482601221,True,True,4.59
train_leave_one_out,haversine_km,geographic,AGC_131,ENTRENAMIENTO,AGC_032,ENTRENAMIENTO,5,0.7792827166196504,True,True,4.03
train_leave_one_out,haversine_km,geographic,AGC_132,ENTRENAMIENTO,AGC_013,ENTRENAMIENTO,1,0.4082461330509754,True,True,4.01
train_leave_one_out,haversine_km,geographic,AGC_132,ENTRENAMIENTO,AGC_165,ENTRENAMIENTO,2,0.4293727104788682,True,True,4.44
train_leave_one_out,haversine_km,geographic,AGC_132,ENTRENAMIENTO,AGC_072,ENTRENAMIENTO,3,0.5220065023369498,True,True,4.55
train_leave_one_out,haversine_km,geographic,AGC_132,ENTRENAMIENTO,AGC_006,ENTRENAMIENTO,4,0.6190117333550684,True,True,4.49
train_leave_one_out,haversine_km,geographic,AGC_132,ENTRENAMIENTO,AGC_172,ENTRENAMIENTO,5,0.6910810329174389,True,True,5.19
train_leave_one_out,haversine_km,geographic,AGC_133,ENTRENAMIENTO,AGC_077,ENTRENAMIENTO,1,0.34647469086111504,True,True,4.76
train_leave_one_out,haversine_km,geographic,AGC_133,ENTRENAMIENTO,AGC_135,ENTRENAMIENTO,2,0.484317897159621,True,True,4.49
train_leave_one_out,haversine_km,geographic,AGC_133,ENTRENAMIENTO,AGC_111,ENTRENAMIENTO,3,0.5181863673168663,True,True,4.72
train_leave_one_out,haversine_km,geographic,AGC_133,ENTRENAMIENTO,AGC_012,ENTRENAMIENTO,4,1.2410007258646671,True,True,4.69
train_leave_one_out,haversine_km,geographic,AGC_133,ENTRENAMIENTO,AGC_057,ENTRENAMIENTO,5,1.258387344177591,True,True,4.55
train_leave_one_out,haversine_km,geographic,AGC_134,ENTRENAMIENTO,AGC_180,ENTRENAMIENTO,1,0.40102729408388815,True,True,4.14
train_leave_one_out,haversine_km,geographic,AGC_134,ENTRENAMIENTO,AGC_051,ENTRENAMIENTO,2,0.6953987224591923,True,True,4.45
train_leave_one_out,haversine_km,geographic,AGC_134,ENTRENAMIENTO,AGC_137,ENTRENAMIENTO,3,7.586725092924728,True,True,4.54
train_leave_one_out,haversine_km,geographic,AGC_134,ENTRENAMIENTO,AGC_151,ENTRENAMIENTO,4,7.933617010970659,True,True,4.69
train_leave_one_out,haversine_km,geographic,AGC_134,ENTRENAMIENTO,AGC_152,ENTRENAMIENTO,5,8.612257407586448,True,True,4.87
train_leave_one_out,haversine_km,geographic,AGC_135,ENTRENAMIENTO,AGC_111,ENTRENAMIENTO,1,0.08669427219331573,True,True,4.72
train_leave_one_out,haversine_km,geographic,AGC_135,ENTRENAMIENTO,AGC_133,ENTRENAMIENTO,2,0.484317897159621,True,True,3.91
train_leave_one_out,haversine_km,geographic,AGC_135,ENTRENAMIENTO,AGC_077,ENTRENAMIENTO,3,0.8256127273665995,True,True,4.76
train_leave_one_out,haversine_km,geographic,AGC_135,ENTRENAMIENTO,AGC_165,ENTRENAMIENTO,4,0.9315343326885038,True,True,4.44
train_leave_one_out,haversine_km,geographic,AGC_135,ENTRENAMIENTO,AGC_013,ENTRENAMIENTO,5,1.0127122851502428,True,True,4.01
train_leave_one_out,haversine_km,geographic,AGC_137,ENTRENAMIENTO,AGC_151,ENTRENAMIENTO,1,1.030165836723442,True,True,4.69
train_leave_one_out,haversine_km,geographic,AGC_137,ENTRENAMIENTO,AGC_152,ENTRENAMIENTO,2,1.6106957304434621,True,True,4.87
train_leave_one_out,haversine_km,geographic,AGC_137,ENTRENAMIENTO,AGC_084,ENTRENAMIENTO,3,3.9322542536450076,True,True,4.54
train_leave_one_out,haversine_km,geographic,AGC_137,ENTRENAMIENTO,AGC_059,ENTRENAMIENTO,4,4.3986229795386524,True,True,4.41
train_leave_one_out,haversine_km,geographic,AGC_137,ENTRENAMIENTO,AGC_146,ENTRENAMIENTO,5,5.078163564835406,True,True,4.58
train_leave_one_out,haversine_km,geographic,AGC_138,ENTRENAMIENTO,AGC_099,ENTRENAMIENTO,1,0.5761626196882,True,True,3.5
train_leave_one_out,haversine_km,geographic,AGC_138,ENTRENAMIENTO,AGC_053,ENTRENAMIENTO,2,0.6569860827064364,True,True,3.5
train_leave_one_out,haversine_km,geographic,AGC_138,ENTRENAMIENTO,AGC_117,ENTRENAMIENTO,3,0.8621844912871984,True,True,3.5
train_leave_one_out,haversine_km,geographic,AGC_138,ENTRENAMIENTO,AGC_037,ENTRENAMIENTO,4,1.0957111994237057,True,True,3.5
train_leave_one_out,haversine_km,geographic,AGC_138,ENTRENAMIENTO,AGC_058,ENTRENAMIENTO,5,1.4200491584508674,True,True,2.5
train_leave_one_out,haversine_km,geographic,AGC_139,ENTRENAMIENTO,AGC_115,ENTRENAMIENTO,1,0.073920569132468,True,True,4.6
train_leave_one_out,haversine_km,geographic,AGC_139,ENTRENAMIENTO,AGC_062,ENTRENAMIENTO,2,0.08414035495225113,True,True,3.81
train_leave_one_out,haversine_km,geographic,AGC_139,ENTRENAMIENTO,AGC_073,ENTRENAMIENTO,3,0.11214760227487261,True,True,4.3
train_leave_one_out,haversine_km,geographic,AGC_139,ENTRENAMIENTO,AGC_008,ENTRENAMIENTO,4,0.6826239422898667,True,True,4.55
train_leave_one_out,haversine_km,geographic,AGC_139,ENTRENAMIENTO,AGC_195,ENTRENAMIENTO,5,0.7898441217515921,True,True,3.68
train_leave_one_out,haversine_km,geographic,AGC_140,ENTRENAMIENTO,AGC_080,ENTRENAMIENTO,1,1.1761842741508988,True,True,3.5
train_leave_one_out,haversine_km,geographic,AGC_140,ENTRENAMIENTO,AGC_007,ENTRENAMIENTO,2,1.706840486888801,True,True,3.5
train_leave_one_out,haversine_km,geographic,AGC_140,ENTRENAMIENTO,AGC_078,ENTRENAMIENTO,3,2.126668480262117,True,True,3.0
train_leave_one_out,haversine_km,geographic,AGC_140,ENTRENAMIENTO,AGC_121,ENTRENAMIENTO,4,2.2365327439956064,True,True,3.3
train_leave_one_out,haversine_km,geographic,AGC_140,ENTRENAMIENTO,AGC_148,ENTRENAMIENTO,5,2.4388937107678004,True,True,3.0
train_leave_one_out,haversine_km,geographic,AGC_141,ENTRENAMIENTO,AGC_157,ENTRENAMIENTO,1,0.15222082310274923,True,True,3.0
train_leave_one_out,haversine_km,geographic,AGC_141,ENTRENAMIENTO,AGC_163,ENTRENAMIENTO,2,0.2562045954684748,True,True,3.0
train_leave_one_out,haversine_km,geographic,AGC_141,ENTRENAMIENTO,AGC_046,ENTRENAMIENTO,3,1.252432335996874,True,True,3.0
train_leave_one_out,haversine_km,geographic,AGC_141,ENTRENAMIENTO,AGC_058,ENTRENAMIENTO,4,1.5872108822073803,True,True,2.5
train_leave_one_out,haversine_km,geographic,AGC_141,ENTRENAMIENTO,AGC_037,ENTRENAMIENTO,5,1.9605143606612103,True,True,3.5
train_leave_one_out,haversine_km,geographic,AGC_144,ENTRENAMIENTO,AGC_019,ENTRENAMIENTO,1,1.2848256814751633,True,True,3.0
train_leave_one_out,haversine_km,geographic,AGC_144,ENTRENAMIENTO,AGC_103,ENTRENAMIENTO,2,1.444088702389888,True,True,3.0
train_leave_one_out,haversine_km,geographic,AGC_144,ENTRENAMIENTO,AGC_123,ENTRENAMIENTO,3,3.1757866481772927,True,True,2.5
train_leave_one_out,haversine_km,geographic,AGC_144,ENTRENAMIENTO,AGC_145,ENTRENAMIENTO,4,3.28580184116255,True,True,3.5
train_leave_one_out,haversine_km,geographic,AGC_144,ENTRENAMIENTO,AGC_114,ENTRENAMIENTO,5,3.642807822091648,True,True,3.0
train_leave_one_out,haversine_km,geographic,AGC_145,ENTRENAMIENTO,AGC_123,ENTRENAMIENTO,1,0.46468032683161153,True,True,2.5
train_leave_one_out,haversine_km,geographic,AGC_145,ENTRENAMIENTO,AGC_122,ENTRENAMIENTO,2,1.1572346443965458,True,True,3.5
train_leave_one_out,haversine_km,geographic,AGC_145,ENTRENAMIENTO,AGC_098,ENTRENAMIENTO,3,1.734805518093628,True,True,3.0
train_leave_one_out,haversine_km,geographic,AGC_145,ENTRENAMIENTO,AGC_114,ENTRENAMIENTO,4,1.8857658320105644,True,True,3.0
train_leave_one_out,haversine_km,geographic,AGC_145,ENTRENAMIENTO,AGC_074,ENTRENAMIENTO,5,3.1573788173705077,True,True,2.5
train_leave_one_out,haversine_km,geographic,AGC_146,ENTRENAMIENTO,AGC_184,ENTRENAMIENTO,1,0.2569860417430835,True,True,4.47
train_leave_one_out,haversine_km,geographic,AGC_146,ENTRENAMIENTO,AGC_059,ENTRENAMIENTO,2,0.8953227319412815,True,True,4.41
train_leave_one_out,haversine_km,geographic,AGC_146,ENTRENAMIENTO,AGC_084,ENTRENAMIENTO,3,2.213780045733754,True,True,4.54
train_leave_one_out,haversine_km,geographic,AGC_146,ENTRENAMIENTO,AGC_152,ENTRENAMIENTO,4,3.4788847305515715,True,True,4.87
train_leave_one_out,haversine_km,geographic,AGC_146,ENTRENAMIENTO,AGC_189,ENTRENAMIENTO,5,3.9664975202571195,False,False,4.03
train_leave_one_out,haversine_km,geographic,AGC_148,ENTRENAMIENTO,AGC_089,ENTRENAMIENTO,1,0.16559391824474434,True,True,3.0
train_leave_one_out,haversine_km,geographic,AGC_148,ENTRENAMIENTO,AGC_078,ENTRENAMIENTO,2,0.32540096051102696,True,True,3.0
train_leave_one_out,haversine_km,geographic,AGC_148,ENTRENAMIENTO,AGC_121,ENTRENAMIENTO,3,0.5089106913057866,True,True,3.3
train_leave_one_out,haversine_km,geographic,AGC_148,ENTRENAMIENTO,AGC_067,ENTRENAMIENTO,4,0.5588600922075952,True,True,3.0
train_leave_one_out,haversine_km,geographic,AGC_148,ENTRENAMIENTO,AGC_007,ENTRENAMIENTO,5,0.7525470031340459,True,True,3.5
train_leave_one_out,haversine_km,geographic,AGC_150,ENTRENAMIENTO,AGC_104,ENTRENAMIENTO,1,0.12972305574063342,True,True,4.56
train_leave_one_out,haversine_km,geographic,AGC_150,ENTRENAMIENTO,AGC_002,ENTRENAMIENTO,2,0.4506933875895777,True,True,4.63
train_leave_one_out,haversine_km,geographic,AGC_150,ENTRENAMIENTO,AGC_005,ENTRENAMIENTO,3,0.5908329010002181,True,True,5.16
train_leave_one_out,haversine_km,geographic,AGC_150,ENTRENAMIENTO,AGC_026,ENTRENAMIENTO,4,0.6660775153946703,True,True,3.55
train_leave_one_out,haversine_km,geographic,AGC_150,ENTRENAMIENTO,AGC_159,ENTRENAMIENTO,5,0.720129107706518,True,True,4.77
train_leave_one_out,haversine_km,geographic,AGC_151,ENTRENAMIENTO,AGC_152,ENTRENAMIENTO,1,0.7188948154063525,True,True,4.87
train_leave_one_out,haversine_km,geographic,AGC_151,ENTRENAMIENTO,AGC_137,ENTRENAMIENTO,2,1.030165836723442,True,True,4.54
train_leave_one_out,haversine_km,geographic,AGC_151,ENTRENAMIENTO,AGC_084,ENTRENAMIENTO,3,2.9284067969286296,True,True,4.54
train_leave_one_out,haversine_km,geographic,AGC_151,ENTRENAMIENTO,AGC_059,ENTRENAMIENTO,4,3.4515891462672714,True,True,4.41
train_leave_one_out,haversine_km,geographic,AGC_151,ENTRENAMIENTO,AGC_146,ENTRENAMIENTO,5,4.0825255131589655,True,True,4.58
train_leave_one_out,haversine_km,geographic,AGC_152,ENTRENAMIENTO,AGC_151,ENTRENAMIENTO,1,0.7188948154063525,True,True,4.69
train_leave_one_out,haversine_km,geographic,AGC_152,ENTRENAMIENTO,AGC_137,ENTRENAMIENTO,2,1.6106957304434621,True,True,4.54
train_leave_one_out,haversine_km,geographic,AGC_152,ENTRENAMIENTO,AGC_084,ENTRENAMIENTO,3,2.6644976965822083,True,True,4.54
train_leave_one_out,haversine_km,geographic,AGC_152,ENTRENAMIENTO,AGC_059,ENTRENAMIENTO,4,2.7887158476435907,True,True,4.41
train_leave_one_out,haversine_km,geographic,AGC_152,ENTRENAMIENTO,AGC_146,ENTRENAMIENTO,5,3.4788847305515715,True,True,4.58
train_leave_one_out,haversine_km,geographic,AGC_155,ENTRENAMIENTO,AGC_108,ENTRENAMIENTO,1,0.907312304733291,True,True,4.51
train_leave_one_out,haversine_km,geographic,AGC_155,ENTRENAMIENTO,AGC_162,ENTRENAMIENTO,2,0.9399464652154503,True,True,5.59
train_leave_one_out,haversine_km,geographic,AGC_155,ENTRENAMIENTO,AGC_055,ENTRENAMIENTO,3,1.2134329454094612,True,True,5.45
train_leave_one_out,haversine_km,geographic,AGC_155,ENTRENAMIENTO,AGC_049,ENTRENAMIENTO,4,1.2938297843910775,True,True,5.53
train_leave_one_out,haversine_km,geographic,AGC_155,ENTRENAMIENTO,AGC_072,ENTRENAMIENTO,5,1.4126564664721541,True,True,4.55
train_leave_one_out,haversine_km,geographic,AGC_157,ENTRENAMIENTO,AGC_163,ENTRENAMIENTO,1,0.11546234292839844,True,True,3.0
train_leave_one_out,haversine_km,geographic,AGC_157,ENTRENAMIENTO,AGC_141,ENTRENAMIENTO,2,0.15222082310274923,True,True,3.5
train_leave_one_out,haversine_km,geographic,AGC_157,ENTRENAMIENTO,AGC_046,ENTRENAMIENTO,3,1.4018821781820558,True,True,3.0
train_leave_one_out,haversine_km,geographic,AGC_157,ENTRENAMIENTO,AGC_058,ENTRENAMIENTO,4,1.562232105256041,True,True,2.5
train_leave_one_out,haversine_km,geographic,AGC_157,ENTRENAMIENTO,AGC_037,ENTRENAMIENTO,5,1.919440464626141,True,True,3.5
train_leave_one_out,haversine_km,geographic,AGC_159,ENTRENAMIENTO,AGC_005,ENTRENAMIENTO,1,0.20883644755238098,True,True,5.16
train_leave_one_out,haversine_km,geographic,AGC_159,ENTRENAMIENTO,AGC_092,ENTRENAMIENTO,2,0.2157624514606351,True,True,4.57
train_leave_one_out,haversine_km,geographic,AGC_159,ENTRENAMIENTO,AGC_167,ENTRENAMIENTO,3,0.35766458855912825,True,True,4.54
train_leave_one_out,haversine_km,geographic,AGC_159,ENTRENAMIENTO,AGC_150,ENTRENAMIENTO,4,0.720129107706518,True,True,4.52
train_leave_one_out,haversine_km,geographic,AGC_159,ENTRENAMIENTO,AGC_104,ENTRENAMIENTO,5,0.8256854987168328,True,True,4.56
train_leave_one_out,haversine_km,geographic,AGC_160,ENTRENAMIENTO,AGC_124,ENTRENAMIENTO,1,0.5617462299429716,True,True,5.05
train_leave_one_out,haversine_km,geographic,AGC_160,ENTRENAMIENTO,AGC_179,ENTRENAMIENTO,2,0.8005697193433704,True,True,4.55
train_leave_one_out,haversine_km,geographic,AGC_160,ENTRENAMIENTO,AGC_109,ENTRENAMIENTO,3,1.2522690770952687,True,True,4.54
train_leave_one_out,haversine_km,geographic,AGC_160,ENTRENAMIENTO,AGC_021,ENTRENAMIENTO,4,1.2574488857639758,True,True,4.94
train_leave_one_out,haversine_km,geographic,AGC_160,ENTRENAMIENTO,AGC_097,ENTRENAMIENTO,5,1.2737270025768366,True,True,4.69
train_leave_one_out,haversine_km,geographic,AGC_161,ENTRENAMIENTO,AGC_109,ENTRENAMIENTO,1,0.31886538792232005,True,True,4.54
train_leave_one_out,haversine_km,geographic,AGC_161,ENTRENAMIENTO,AGC_021,ENTRENAMIENTO,2,0.45574496309666634,True,True,4.94
train_leave_one_out,haversine_km,geographic,AGC_161,ENTRENAMIENTO,AGC_097,ENTRENAMIENTO,3,0.4989104190292509,True,True,4.69
train_leave_one_out,haversine_km,geographic,AGC_161,ENTRENAMIENTO,AGC_179,ENTRENAMIENTO,4,1.0069078830266636,True,True,4.55
train_leave_one_out,haversine_km,geographic,AGC_161,ENTRENAMIENTO,AGC_055,ENTRENAMIENTO,5,1.033778263198082,True,True,5.45
train_leave_one_out,haversine_km,geographic,AGC_162,ENTRENAMIENTO,AGC_049,ENTRENAMIENTO,1,0.42511189246185804,True,True,5.53
train_leave_one_out,haversine_km,geographic,AGC_162,ENTRENAMIENTO,AGC_012,ENTRENAMIENTO,2,0.7434901553021516,True,True,4.69
train_leave_one_out,haversine_km,geographic,AGC_162,ENTRENAMIENTO,AGC_072,ENTRENAMIENTO,3,0.7516190204906744,True,True,4.55
train_leave_one_out,haversine_km,geographic,AGC_162,ENTRENAMIENTO,AGC_155,ENTRENAMIENTO,4,0.9399464652154503,True,True,4.52
train_leave_one_out,haversine_km,geographic,AGC_162,ENTRENAMIENTO,AGC_013,ENTRENAMIENTO,5,1.0052799365237075,True,True,4.01
train_leave_one_out,haversine_km,geographic,AGC_163,ENTRENAMIENTO,AGC_157,ENTRENAMIENTO,1,0.11546234292839844,True,True,3.0
train_leave_one_out,haversine_km,geographic,AGC_163,ENTRENAMIENTO,AGC_141,ENTRENAMIENTO,2,0.2562045954684748,True,True,3.5
train_leave_one_out,haversine_km,geographic,AGC_163,ENTRENAMIENTO,AGC_046,ENTRENAMIENTO,3,1.4866360729635508,True,True,3.0
train_leave_one_out,haversine_km,geographic,AGC_163,ENTRENAMIENTO,AGC_058,ENTRENAMIENTO,4,1.6184621876244023,True,True,2.5
train_leave_one_out,haversine_km,geographic,AGC_163,ENTRENAMIENTO,AGC_037,ENTRENAMIENTO,5,1.962920162191191,True,True,3.5
train_leave_one_out,haversine_km,geographic,AGC_164,ENTRENAMIENTO,AGC_170,ENTRENAMIENTO,1,0.3509859727372871,False,False,3.0
train_leave_one_out,haversine_km,geographic,AGC_164,ENTRENAMIENTO,AGC_023,ENTRENAMIENTO,2,0.41366641991472886,False,False,3.0
train_leave_one_out,haversine_km,geographic,AGC_164,ENTRENAMIENTO,AGC_066,ENTRENAMIENTO,3,1.2186375921537087,False,False,3.0
train_leave_one_out,haversine_km,geographic,AGC_164,ENTRENAMIENTO,AGC_068,ENTRENAMIENTO,4,2.003281615851716,False,False,2.5
train_leave_one_out,haversine_km,geographic,AGC_164,ENTRENAMIENTO,AGC_169,ENTRENAMIENTO,5,2.247288870415079,False,False,2.5
train_leave_one_out,haversine_km,geographic,AGC_165,ENTRENAMIENTO,AGC_013,ENTRENAMIENTO,1,0.13068403488768432,True,True,4.01
train_leave_one_out,haversine_km,geographic,AGC_165,ENTRENAMIENTO,AGC_072,ENTRENAMIENTO,2,0.3866716551398871,True,True,4.55
train_leave_one_out,haversine_km,geographic,AGC_165,ENTRENAMIENTO,AGC_132,ENTRENAMIENTO,3,0.4293727104788682,True,True,4.13
train_leave_one_out,haversine_km,geographic,AGC_165,ENTRENAMIENTO,AGC_012,ENTRENAMIENTO,4,0.577421155262076,True,True,4.69
train_leave_one_out,haversine_km,geographic,AGC_165,ENTRENAMIENTO,AGC_006,ENTRENAMIENTO,5,0.5990089781282492,True,True,4.49
train_leave_one_out,haversine_km,geographic,AGC_166,ENTRENAMIENTO,AGC_041,ENTRENAMIENTO,1,0.36881458295967146,True,True,2.5
train_leave_one_out,haversine_km,geographic,AGC_166,ENTRENAMIENTO,AGC_194,ENTRENAMIENTO,2,0.7486269620095741,True,True,3.2
train_leave_one_out,haversine_km,geographic,AGC_166,ENTRENAMIENTO,AGC_070,ENTRENAMIENTO,3,1.0207102746793661,True,True,3.3
train_leave_one_out,haversine_km,geographic,AGC_166,ENTRENAMIENTO,AGC_038,ENTRENAMIENTO,4,1.1460174759242883,True,True,3.3
train_leave_one_out,haversine_km,geographic,AGC_166,ENTRENAMIENTO,AGC_067,ENTRENAMIENTO,5,1.2680369496041504,True,True,3.0
train_leave_one_out,haversine_km,geographic,AGC_167,ENTRENAMIENTO,AGC_092,ENTRENAMIENTO,1,0.2590526164853346,True,True,4.57
train_leave_one_out,haversine_km,geographic,AGC_167,ENTRENAMIENTO,AGC_159,ENTRENAMIENTO,2,0.35766458855912825,True,True,4.77
train_leave_one_out,haversine_km,geographic,AGC_167,ENTRENAMIENTO,AGC_005,ENTRENAMIENTO,3,0.45535862954154227,True,True,5.16
train_leave_one_out,haversine_km,geographic,AGC_167,ENTRENAMIENTO,AGC_015,ENTRENAMIENTO,4,0.7111083662804107,True,True,2.64
train_leave_one_out,haversine_km,geographic,AGC_167,ENTRENAMIENTO,AGC_150,ENTRENAMIENTO,5,1.0425559087101268,True,True,4.52
train_leave_one_out,haversine_km,geographic,AGC_168,ENTRENAMIENTO,AGC_022,ENTRENAMIENTO,1,0.32459595847887973,True,True,4.55
train_leave_one_out,haversine_km,geographic,AGC_168,ENTRENAMIENTO,AGC_131,ENTRENAMIENTO,2,0.4573611725990972,True,True,4.89
train_leave_one_out,haversine_km,geographic,AGC_168,ENTRENAMIENTO,AGC_096,ENTRENAMIENTO,3,0.49867059490182875,True,True,4.59
train_leave_one_out,haversine_km,geographic,AGC_168,ENTRENAMIENTO,AGC_181,ENTRENAMIENTO,4,0.7096570258155058,True,True,4.51
train_leave_one_out,haversine_km,geographic,AGC_168,ENTRENAMIENTO,AGC_197,ENTRENAMIENTO,5,0.9602279288342089,True,True,4.52
train_leave_one_out,haversine_km,geographic,AGC_169,ENTRENAMIENTO,AGC_112,ENTRENAMIENTO,1,0.4298639505035971,True,True,3.0
train_leave_one_out,haversine_km,geographic,AGC_169,ENTRENAMIENTO,AGC_068,ENTRENAMIENTO,2,0.6156155989023393,True,True,2.5
train_leave_one_out,haversine_km,geographic,AGC_169,ENTRENAMIENTO,AGC_040,ENTRENAMIENTO,3,1.060401686806878,True,True,3.0
train_leave_one_out,haversine_km,geographic,AGC_169,ENTRENAMIENTO,AGC_066,ENTRENAMIENTO,4,1.1666456211827918,True,True,3.0
train_leave_one_out,haversine_km,geographic,AGC_169,ENTRENAMIENTO,AGC_004,ENTRENAMIENTO,5,1.6502800132851987,True,True,3.0
train_leave_one_out,haversine_km,geographic,AGC_170,ENTRENAMIENTO,AGC_164,ENTRENAMIENTO,1,0.3509859727372871,False,False,3.0
train_leave_one_out,haversine_km,geographic,AGC_170,ENTRENAMIENTO,AGC_023,ENTRENAMIENTO,2,0.38909470165117277,True,True,3.0
train_leave_one_out,haversine_km,geographic,AGC_170,ENTRENAMIENTO,AGC_066,ENTRENAMIENTO,3,1.1780883446934847,True,True,3.0
train_leave_one_out,haversine_km,geographic,AGC_170,ENTRENAMIENTO,AGC_068,ENTRENAMIENTO,4,1.9193584026508517,True,True,2.5
train_leave_one_out,haversine_km,geographic,AGC_170,ENTRENAMIENTO,AGC_040,ENTRENAMIENTO,5,2.051097330005399,True,True,3.0
train_leave_one_out,haversine_km,geographic,AGC_171,ENTRENAMIENTO,AGC_024,ENTRENAMIENTO,1,0.3002571988240169,True,True,3.03
train_leave_one_out,haversine_km,geographic,AGC_171,ENTRENAMIENTO,AGC_193,ENTRENAMIENTO,2,0.40170269385563734,True,True,4.57
train_leave_one_out,haversine_km,geographic,AGC_171,ENTRENAMIENTO,AGC_008,ENTRENAMIENTO,3,0.5029626571310231,True,True,4.55
train_leave_one_out,haversine_km,geographic,AGC_171,ENTRENAMIENTO,AGC_101,ENTRENAMIENTO,4,0.9062644314945644,True,True,4.57
train_leave_one_out,haversine_km,geographic,AGC_171,ENTRENAMIENTO,AGC_022,ENTRENAMIENTO,5,0.9885062431998379,True,True,4.55
train_leave_one_out,haversine_km,geographic,AGC_172,ENTRENAMIENTO,AGC_006,ENTRENAMIENTO,1,0.44966155453922696,True,True,4.49
train_leave_one_out,haversine_km,geographic,AGC_172,ENTRENAMIENTO,AGC_132,ENTRENAMIENTO,2,0.6910810329174389,True,True,4.13
train_leave_one_out,haversine_km,geographic,AGC_172,ENTRENAMIENTO,AGC_165,ENTRENAMIENTO,3,0.9115901556586115,True,True,4.44
train_leave_one_out,haversine_km,geographic,AGC_172,ENTRENAMIENTO,AGC_013,ENTRENAMIENTO,4,0.9808058293176687,True,True,4.01
train_leave_one_out,haversine_km,geographic,AGC_172,ENTRENAMIENTO,AGC_072,ENTRENAMIENTO,5,1.1808714486571386,True,True,4.55
train_leave_one_out,haversine_km,geographic,AGC_176,ENTRENAMIENTO,AGC_017,ENTRENAMIENTO,1,0.6844535761985552,True,True,4.98
train_leave_one_out,haversine_km,geographic,AGC_176,ENTRENAMIENTO,AGC_124,ENTRENAMIENTO,2,1.204182127096913,True,True,5.05
train_leave_one_out,haversine_km,geographic,AGC_176,ENTRENAMIENTO,AGC_160,ENTRENAMIENTO,3,1.3554861604416581,True,True,3.62
train_leave_one_out,haversine_km,geographic,AGC_176,ENTRENAMIENTO,AGC_167,ENTRENAMIENTO,4,1.3619285323612107,True,True,4.54
train_leave_one_out,haversine_km,geographic,AGC_176,ENTRENAMIENTO,AGC_179,ENTRENAMIENTO,5,1.460283356535361,True,True,4.55
train_leave_one_out,haversine_km,geographic,AGC_178,ENTRENAMIENTO,AGC_100,ENTRENAMIENTO,1,0.33898157565178066,True,True,4.5
train_leave_one_out,haversine_km,geographic,AGC_178,ENTRENAMIENTO,AGC_018,ENTRENAMIENTO,2,0.7091513681053437,True,True,4.49
train_leave_one_out,haversine_km,geographic,AGC_178,ENTRENAMIENTO,AGC_045,ENTRENAMIENTO,3,0.8185052104060864,True,True,4.1
train_leave_one_out,haversine_km,geographic,AGC_178,ENTRENAMIENTO,AGC_090,ENTRENAMIENTO,4,0.8310771408711721,True,True,4.68
train_leave_one_out,haversine_km,geographic,AGC_178,ENTRENAMIENTO,AGC_185,ENTRENAMIENTO,5,1.4617370293276906,True,True,5.01
train_leave_one_out,haversine_km,geographic,AGC_179,ENTRENAMIENTO,AGC_124,ENTRENAMIENTO,1,0.32032456252576935,True,True,5.05
train_leave_one_out,haversine_km,geographic,AGC_179,ENTRENAMIENTO,AGC_109,ENTRENAMIENTO,2,0.753643307016447,True,True,4.54
train_leave_one_out,haversine_km,geographic,AGC_179,ENTRENAMIENTO,AGC_160,ENTRENAMIENTO,3,0.8005697193433704,True,True,3.62
train_leave_one_out,haversine_km,geographic,AGC_179,ENTRENAMIENTO,AGC_021,ENTRENAMIENTO,4,0.9255944270686042,True,True,4.94
train_leave_one_out,haversine_km,geographic,AGC_179,ENTRENAMIENTO,AGC_097,ENTRENAMIENTO,5,0.9767107229080645,True,True,4.69
train_leave_one_out,haversine_km,geographic,AGC_180,ENTRENAMIENTO,AGC_051,ENTRENAMIENTO,1,0.3859722305683759,True,True,4.45
train_leave_one_out,haversine_km,geographic,AGC_180,ENTRENAMIENTO,AGC_134,ENTRENAMIENTO,2,0.40102729408388815,True,True,4.52
train_leave_one_out,haversine_km,geographic,AGC_180,ENTRENAMIENTO,AGC_137,ENTRENAMIENTO,3,7.264826639807131,True,True,4.54
train_leave_one_out,haversine_km,geographic,AGC_180,ENTRENAMIENTO,AGC_151,ENTRENAMIENTO,4,7.6445653240870035,True,True,4.69
train_leave_one_out,haversine_km,geographic,AGC_180,ENTRENAMIENTO,AGC_152,ENTRENAMIENTO,5,8.331029680164729,True,True,4.87
train_leave_one_out,haversine_km,geographic,AGC_181,ENTRENAMIENTO,AGC_032,ENTRENAMIENTO,1,0.39846367200558835,True,True,4.03
train_leave_one_out,haversine_km,geographic,AGC_181,ENTRENAMIENTO,AGC_131,ENTRENAMIENTO,2,0.4259951831114808,True,True,4.89
train_leave_one_out,haversine_km,geographic,AGC_181,ENTRENAMIENTO,AGC_060,ENTRENAMIENTO,3,0.6547383817292022,True,True,4.52
train_leave_one_out,haversine_km,geographic,AGC_181,ENTRENAMIENTO,AGC_127,ENTRENAMIENTO,4,0.6940725365097782,True,True,5.57
train_leave_one_out,haversine_km,geographic,AGC_181,ENTRENAMIENTO,AGC_168,ENTRENAMIENTO,5,0.7096570258155058,True,True,4.49
train_leave_one_out,haversine_km,geographic,AGC_184,ENTRENAMIENTO,AGC_146,ENTRENAMIENTO,1,0.2569860417430835,True,True,4.58
train_leave_one_out,haversine_km,geographic,AGC_184,ENTRENAMIENTO,AGC_059,ENTRENAMIENTO,2,0.7997685773264637,True,True,4.41
train_leave_one_out,haversine_km,geographic,AGC_184,ENTRENAMIENTO,AGC_084,ENTRENAMIENTO,3,2.428505807456726,True,True,4.54
train_leave_one_out,haversine_km,geographic,AGC_184,ENTRENAMIENTO,AGC_152,ENTRENAMIENTO,4,3.510201787839149,True,True,4.87
train_leave_one_out,haversine_km,geographic,AGC_184,ENTRENAMIENTO,AGC_189,ENTRENAMIENTO,5,3.931765738633359,False,False,4.03
train_leave_one_out,haversine_km,geographic,AGC_185,ENTRENAMIENTO,AGC_193,ENTRENAMIENTO,1,0.7915616735236282,True,True,4.57
train_leave_one_out,haversine_km,geographic,AGC_185,ENTRENAMIENTO,AGC_102,ENTRENAMIENTO,2,1.0283246594859732,True,True,4.4
train_leave_one_out,haversine_km,geographic,AGC_185,ENTRENAMIENTO,AGC_008,ENTRENAMIENTO,3,1.033003783825149,True,True,4.55
train_leave_one_out,haversine_km,geographic,AGC_185,ENTRENAMIENTO,AGC_100,ENTRENAMIENTO,4,1.1280483408823838,True,True,4.5
train_leave_one_out,haversine_km,geographic,AGC_185,ENTRENAMIENTO,AGC_024,ENTRENAMIENTO,5,1.129854583735615,True,True,3.03
train_leave_one_out,haversine_km,geographic,AGC_187,ENTRENAMIENTO,AGC_103,ENTRENAMIENTO,1,2.746347512282287,True,True,3.0
train_leave_one_out,haversine_km,geographic,AGC_187,ENTRENAMIENTO,AGC_020,ENTRENAMIENTO,2,2.7501250472838965,False,False,3.5
train_leave_one_out,haversine_km,geographic,AGC_187,ENTRENAMIENTO,AGC_019,ENTRENAMIENTO,3,2.7576799840814084,True,True,3.0
train_leave_one_out,haversine_km,geographic,AGC_187,ENTRENAMIENTO,AGC_044,ENTRENAMIENTO,4,2.9146324863341304,False,False,3.5
train_leave_one_out,haversine_km,geographic,AGC_187,ENTRENAMIENTO,AGC_144,ENTRENAMIENTO,5,3.8621803716511764,True,True,2.5
train_leave_one_out,haversine_km,geographic,AGC_189,ENTRENAMIENTO,AGC_125,ENTRENAMIENTO,1,0.939091524022282,True,True,4.06
train_leave_one_out,haversine_km,geographic,AGC_189,ENTRENAMIENTO,AGC_105,ENTRENAMIENTO,2,1.1770347756661643,True,True,4.41
train_leave_one_out,haversine_km,geographic,AGC_189,ENTRENAMIENTO,AGC_014,ENTRENAMIENTO,3,1.341126096158785,True,True,4.83
train_leave_one_out,haversine_km,geographic,AGC_189,ENTRENAMIENTO,AGC_026,ENTRENAMIENTO,4,1.4083796392256374,True,True,3.55
train_leave_one_out,haversine_km,geographic,AGC_189,ENTRENAMIENTO,AGC_110,ENTRENAMIENTO,5,1.6695524397024677,True,True,4.18
train_leave_one_out,haversine_km,geographic,AGC_193,ENTRENAMIENTO,AGC_171,ENTRENAMIENTO,1,0.40170269385563734,True,True,2.15
train_leave_one_out,haversine_km,geographic,AGC_193,ENTRENAMIENTO,AGC_008,ENTRENAMIENTO,2,0.4018683488392188,True,True,4.55
train_leave_one_out,haversine_km,geographic,AGC_193,ENTRENAMIENTO,AGC_024,ENTRENAMIENTO,3,0.46231635299034823,True,True,3.03
train_leave_one_out,haversine_km,geographic,AGC_193,ENTRENAMIENTO,AGC_185,ENTRENAMIENTO,4,0.7915616735236282,True,True,5.01
train_leave_one_out,haversine_km,geographic,AGC_193,ENTRENAMIENTO,AGC_101,ENTRENAMIENTO,5,0.943566811781111,True,True,4.57
train_leave_one_out,haversine_km,geographic,AGC_194,ENTRENAMIENTO,AGC_038,ENTRENAMIENTO,1,0.3974230947263241,True,True,3.3
train_leave_one_out,haversine_km,geographic,AGC_194,ENTRENAMIENTO,AGC_041,ENTRENAMIENTO,2,0.4218324130238217,True,True,2.5
train_leave_one_out,haversine_km,geographic,AGC_194,ENTRENAMIENTO,AGC_070,ENTRENAMIENTO,3,0.46778197721658243,True,True,3.3
train_leave_one_out,haversine_km,geographic,AGC_194,ENTRENAMIENTO,AGC_166,ENTRENAMIENTO,4,0.7486269620095741,True,True,2.5
train_leave_one_out,haversine_km,geographic,AGC_194,ENTRENAMIENTO,AGC_034,ENTRENAMIENTO,5,0.8905446882368921,True,True,2.0
train_leave_one_out,haversine_km,geographic,AGC_195,ENTRENAMIENTO,AGC_010,ENTRENAMIENTO,1,0.520614306818862,True,True,4.1
train_leave_one_out,haversine_km,geographic,AGC_195,ENTRENAMIENTO,AGC_073,ENTRENAMIENTO,2,0.6778316425794094,True,True,4.3
train_leave_one_out,haversine_km,geographic,AGC_195,ENTRENAMIENTO,AGC_106,ENTRENAMIENTO,3,0.6913503506755473,True,True,4.43
train_leave_one_out,haversine_km,geographic,AGC_195,ENTRENAMIENTO,AGC_115,ENTRENAMIENTO,4,0.7159486252090019,True,True,4.6
train_leave_one_out,haversine_km,geographic,AGC_195,ENTRENAMIENTO,AGC_008,ENTRENAMIENTO,5,0.7508151147514146,True,True,4.55
train_leave_one_out,haversine_km,geographic,AGC_196,ENTRENAMIENTO,AGC_044,ENTRENAMIENTO,1,3.0647184989660525,True,True,3.5
train_leave_one_out,haversine_km,geographic,AGC_196,ENTRENAMIENTO,AGC_020,ENTRENAMIENTO,2,3.235799822222245,True,True,3.5
train_leave_one_out,haversine_km,geographic,AGC_196,ENTRENAMIENTO,AGC_187,ENTRENAMIENTO,3,5.580174284893978,False,False,3.0
train_leave_one_out,haversine_km,geographic,AGC_196,ENTRENAMIENTO,AGC_170,ENTRENAMIENTO,4,7.678274876643506,False,False,3.0
train_leave_one_out,haversine_km,geographic,AGC_196,ENTRENAMIENTO,AGC_164,ENTRENAMIENTO,5,7.864777757626589,True,False,3.0
train_leave_one_out,haversine_km,geographic,AGC_197,ENTRENAMIENTO,AGC_101,ENTRENAMIENTO,1,0.4727835365049105,True,True,4.57
train_leave_one_out,haversine_km,geographic,AGC_197,ENTRENAMIENTO,AGC_096,ENTRENAMIENTO,2,0.48922690786528283,True,True,4.59
train_leave_one_out,haversine_km,geographic,AGC_197,ENTRENAMIENTO,AGC_102,ENTRENAMIENTO,3,0.8049312054325749,True,True,4.4
train_leave_one_out,haversine_km,geographic,AGC_197,ENTRENAMIENTO,AGC_022,ENTRENAMIENTO,4,0.835906447457683,True,True,4.55
train_leave_one_out,haversine_km,geographic,AGC_197,ENTRENAMIENTO,AGC_024,ENTRENAMIENTO,5,0.9364727309354628,True,True,3.03
