neighbor_scope,pair_type,query_id,neighbor_id,rank,n_series,pearson_mean,spearman_mean,best_lag_corr_mean,best_lag_median_months,dtw_mean
target_to_train,target_train,AGC_003,AGC_125,1,11,0.708196692291692,0.6850649350649353,0.9648563005900445,-1.0,0.3622332336968015
target_to_train,target_train,AGC_003,AGC_014,2,11,0.7269333181007168,0.694805194805195,0.9639970810889055,-1.0,0.37643263953462713
target_to_train,target_train,AGC_003,AGC_102,3,11,0.9050712873848435,0.8506493506493509,0.9582480114603255,0.0,0.22402442794987995
target_to_train,target_train,AGC_003,AGC_131,4,11,0.884550630089852,0.8571428571428575,0.9581613994138237,0.0,0.2382424172620297
target_to_train,target_train,AGC_003,AGC_197,5,11,0.8987981964963514,0.8149350649350651,0.9527304465087011,0.0,0.2418401070087025
target_to_train,target_train,AGC_011,AGC_171,1,11,0.9677243999041173,0.9350649350649353,0.9867030503039568,0.0,0.13307903778715968
target_to_train,target_train,AGC_011,AGC_165,2,11,0.9859035301731098,0.9642857142857145,0.9859035301731098,0.0,0.13049472711795157
target_to_train,target_train,AGC_011,AGC_133,3,11,0.9835811275696072,0.948051948051948,0.9835811275696072,0.0,0.12426843027740557
target_to_train,target_train,AGC_011,AGC_073,4,11,0.9478407818043604,0.8723555978684744,0.9732822513875021,0.0,0.1784653762495133
target_to_train,target_train,AGC_011,AGC_115,5,11,0.9556359064360481,0.9058441558441561,0.9729130004198009,0.0,0.165661789445078
target_to_train,target_train,AGC_016,AGC_166,1,11,0.8693797606959982,0.8538961038961042,0.9713679026877764,0.0,0.18511688979921634
target_to_train,target_train,AGC_016,AGC_020,2,11,0.9662321938713291,0.956976863152673,0.9662321938713291,0.0,0.22407914025129472
target_to_train,target_train,AGC_016,AGC_041,3,11,0.960250964291122,0.9383116883116884,0.960250964291122,0.0,0.1822950566352251
target_to_train,target_train,AGC_016,AGC_018,4,11,0.9108221437303176,0.89473027482098,0.9573736646391051,0.0,0.2025620279535355
target_to_train,target_train,AGC_016,AGC_044,5,11,0.9559784887140927,0.9545454545454546,0.9559784887140927,0.0,0.18717783155279302
target_to_train,target_train,AGC_025,AGC_163,1,11,0.9467264308271094,0.9383116883116884,0.969606174489536,0.0,0.18519927348192375
target_to_train,target_train,AGC_025,AGC_015,2,11,0.8875741829559582,0.8636363636363638,0.967089360977537,0.0,0.21279336136636964
target_to_train,target_train,AGC_025,AGC_099,3,11,0.8898294996020243,0.8831168831168832,0.9658768346634402,0.0,0.27931244570614505
target_to_train,target_train,AGC_025,AGC_066,4,11,0.9391844326493474,0.8896103896103896,0.9641933270544046,0.0,0.20178240563558666
target_to_train,target_train,AGC_025,AGC_040,5,11,0.9613979294129081,0.9512987012987014,0.9613979294129081,0.0,0.18058733985441142
target_to_train,target_train,AGC_027,AGC_187,1,11,0.9824167890295409,0.942146101183054,0.9824167890295409,0.0,0.13255984926768014
target_to_train,target_train,AGC_027,AGC_103,2,11,0.9779133675475024,0.9123376623376626,0.9779133675475024,0.0,0.13145844687718525
target_to_train,target_train,AGC_027,AGC_123,3,11,0.9706761686726434,0.9383116883116887,0.9706761686726434,0.0,0.18016275850417984
target_to_train,target_train,AGC_027,AGC_122,4,11,0.9695765318833058,0.9285714285714287,0.9695765318833058,0.0,0.17519427927683157
target_to_train,target_train,AGC_027,AGC_032,5,11,0.9676709317010661,0.9480519480519484,0.9676709317010661,0.0,0.1874551052498698
target_to_train,target_train,AGC_028,AGC_069,1,11,0.9780701844781956,0.9675324675324677,0.98136397588646,0.0,0.1519381598014912
target_to_train,target_train,AGC_028,AGC_072,2,11,0.9513013418124047,0.9415584415584418,0.9785626443087897,0.0,0.17462066114122024
target_to_train,target_train,AGC_028,AGC_100,3,11,0.925097635179372,0.9274622541195877,0.9778637372646147,0.0,0.17421472697540868
target_to_train,target_train,AGC_028,AGC_013,4,11,0.942052063176126,0.9480519480519483,0.9760509586268096,0.0,0.18588718247767197
target_to_train,target_train,AGC_028,AGC_008,5,11,0.9750500504480548,0.9188311688311692,0.9750500504480548,0.0,0.1558977103058436
target_to_train,target_train,AGC_029,AGC_053,1,11,0.8627795750570576,0.853896103896104,0.9593571403191427,0.0,0.2887481803710102
target_to_train,target_train,AGC_029,AGC_004,2,11,0.95552328396356,0.9111991049045909,0.95552328396356,0.0,0.22425558421138161
target_to_train,target_train,AGC_029,AGC_001,3,11,0.9527430661052722,0.9435064935064936,0.9527430661052722,0.0,0.2138708466450958
target_to_train,target_train,AGC_029,AGC_117,4,11,0.8975574369141431,0.8831168831168832,0.9479922750800239,0.0,0.2595352247453894
target_to_train,target_train,AGC_029,AGC_170,5,11,0.947902865935549,0.9155844155844158,0.947902865935549,0.0,0.19566678498404763
target_to_train,target_train,AGC_030,AGC_181,1,11,0.8268506214405044,0.8279220779220782,0.9760876433271847,0.0,0.21716826221889954
target_to_train,target_train,AGC_030,AGC_058,2,11,0.8557211344957849,0.834004222678356,0.9754389049729567,0.0,0.19662437398637495
target_to_train,target_train,AGC_030,AGC_197,3,11,0.8218420624874139,0.8051948051948052,0.97503532853875,0.0,0.23668568768434
target_to_train,target_train,AGC_030,AGC_102,4,11,0.8263734301436249,0.8214285714285716,0.9711031160713822,0.0,0.24271704147074766
target_to_train,target_train,AGC_030,AGC_151,5,11,0.7206624823372003,0.7305194805194808,0.9699614221734549,-1.0,0.3221460148274222
target_to_train,target_train,AGC_031,AGC_073,1,11,0.9793244124312476,0.9439604671844296,0.9793244124312476,0.0,0.15358724200653173
target_to_train,target_train,AGC_031,AGC_133,2,11,0.9768602305357958,0.8993506493506495,0.9768602305357958,0.0,0.15015360993506166
target_to_train,target_train,AGC_031,AGC_115,3,11,0.9763099497464299,0.918831168831169,0.9763099497464299,0.0,0.14766680727636958
target_to_train,target_train,AGC_031,AGC_017,4,11,0.9466725157623649,0.8668831168831169,0.9755235498057914,0.0,0.16493388876193252
target_to_train,target_train,AGC_031,AGC_176,5,11,0.9531225123099422,0.892857142857143,0.9750235090408107,0.0,0.17676397258544085
target_to_train,target_train,AGC_036,AGC_102,1,11,0.7650744475108986,0.7272727272727273,0.9611809420005485,1.0,0.35673893203057505
target_to_train,target_train,AGC_036,AGC_047,2,11,0.7841398628671645,0.7435064935064936,0.960418076269698,1.0,0.35714569705769833
target_to_train,target_train,AGC_036,AGC_002,3,11,0.9579923664622586,0.9253246753246757,0.9579923664622586,0.0,0.1877072886341381
target_to_train,target_train,AGC_036,AGC_101,4,11,0.7742510553212377,0.7175324675324677,0.9555331613872887,1.0,0.36376259187211846
target_to_train,target_train,AGC_036,AGC_017,5,11,0.834355839651083,0.7987012987012988,0.9552268422627446,1.0,0.36587566939326965
target_to_train,target_train,AGC_039,AGC_103,1,11,0.9956336615862014,0.9740259740259741,0.9956336615862014,0.0,0.06183103347535068
target_to_train,target_train,AGC_039,AGC_019,2,11,0.9827667569467992,0.9512987012987014,0.9827667569467992,0.0,0.13875046840807495
target_to_train,target_train,AGC_039,AGC_020,3,11,0.9766421796843712,0.9245093306851405,0.9766421796843712,0.0,0.13273488991746965
target_to_train,target_train,AGC_039,AGC_187,4,11,0.9705085778506536,0.8961626620663575,0.9705085778506536,0.0,0.12513920888096372
target_to_train,target_train,AGC_039,AGC_044,5,11,0.9686041645489216,0.9512987012987015,0.9686041645489216,0.0,0.15194307856054423
target_to_train,target_train,AGC_042,AGC_038,1,11,0.9838209803259613,0.9518890200708384,0.9838209803259613,0.0,0.1388934134826464
target_to_train,target_train,AGC_042,AGC_034,2,11,0.9787013416530086,0.9655844155844158,0.9787013416530086,0.0,0.13815871083282458
target_to_train,target_train,AGC_042,AGC_054,3,11,0.8836627411131107,0.8487468357042836,0.9669286428498474,0.0,0.21461333054247878
target_to_train,target_train,AGC_042,AGC_037,4,11,0.86849675522412,0.8635188317114413,0.9663756877983118,0.0,0.21137759272504314
target_to_train,target_train,AGC_042,AGC_079,5,11,0.9619032648493809,0.9177513773605587,0.9619032648493809,0.0,0.1524024652277947
target_to_train,target_train,AGC_043,AGC_159,1,11,0.9465748681858663,0.9155844155844157,0.9712350573201839,0.0,0.17765597372510003
target_to_train,target_train,AGC_043,AGC_097,2,11,0.9079778287054571,0.8668831168831171,0.9605806234413712,0.0,0.21699096261865788
target_to_train,target_train,AGC_043,AGC_179,3,11,0.9189937515931206,0.8993506493506497,0.9591012847057396,0.0,0.24132151578905922
target_to_train,target_train,AGC_043,AGC_084,4,11,0.9252271244332053,0.9123376623376626,0.9574241817579515,0.0,0.2548570524317238
target_to_train,target_train,AGC_043,AGC_021,5,11,0.9091456038235478,0.87987012987013,0.9554812213101157,0.0,0.22761905553081024
target_to_train,target_train,AGC_050,AGC_103,1,11,0.9873597059461873,0.9772727272727274,0.9873597059461873,0.0,0.09647410303461988
target_to_train,target_train,AGC_050,AGC_019,2,11,0.9753933274585365,0.9675324675324677,0.9753933274585365,0.0,0.1529091979061622
target_to_train,target_train,AGC_050,AGC_020,3,11,0.9668169247391801,0.94398985016566,0.9668169247391801,0.0,0.14463828903367223
target_to_train,target_train,AGC_050,AGC_089,4,11,0.8516242862558978,0.8084415584415587,0.9621004823230958,0.0,0.20743205223865047
target_to_train,target_train,AGC_050,AGC_187,5,11,0.9618293432349982,0.8960745131226656,0.9618293432349982,0.0,0.15301071694209087
target_to_train,target_train,AGC_052,AGC_123,1,11,0.9361247391432922,0.9112578708670521,0.9869271171650358,0.0,0.12365994342000212
target_to_train,target_train,AGC_052,AGC_032,2,11,0.9513456515328218,0.9047055984110844,0.9797040472677196,0.0,0.1472497837378778
target_to_train,target_train,AGC_052,AGC_022,3,11,0.9279175100756586,0.8816257299090444,0.979521484366855,0.0,0.1841314361398256
target_to_train,target_train,AGC_052,AGC_054,4,11,0.927307059731611,0.9014588451643312,0.9774937480263042,0.0,0.142012028060265
target_to_train,target_train,AGC_052,AGC_122,5,11,0.9482660122672805,0.8966621727472778,0.9757897057046802,0.0,0.17606888420606534
target_to_train,target_train,AGC_061,AGC_074,1,11,0.9819883632758049,0.970779220779221,0.9819883632758049,0.0,0.16531344950679114
target_to_train,target_train,AGC_061,AGC_114,2,11,0.9801813340283041,0.9740259740259742,0.9801813340283041,0.0,0.15032523946757334
target_to_train,target_train,AGC_061,AGC_079,3,11,0.9750282521264882,0.9448051948051951,0.9750282521264882,0.0,0.16380078681515614
target_to_train,target_train,AGC_061,AGC_102,4,11,0.9195774975133474,0.9155844155844158,0.9680952338976389,0.0,0.20285916343071253
target_to_train,target_train,AGC_061,AGC_001,5,11,0.8541822513253691,0.9123376623376622,0.9662234734942331,1.0,0.30848992594350083
target_to_train,target_train,AGC_063,AGC_084,1,11,0.8828160973879335,0.87987012987013,0.9611088014809746,0.0,0.20267067516072979
target_to_train,target_train,AGC_063,AGC_159,2,11,0.9411764269123762,0.9285714285714288,0.9595682747717249,0.0,0.21562150410466333
target_to_train,target_train,AGC_063,AGC_168,3,11,0.9594150529138964,0.9155844155844156,0.9594150529138964,0.0,0.19442370489018881
target_to_train,target_train,AGC_063,AGC_099,4,11,0.8577712660321365,0.840909090909091,0.9579472352665089,2.0,0.3636607670890186
target_to_train,target_train,AGC_063,AGC_021,5,11,0.9214045492758491,0.9220779220779224,0.9485554403697903,0.0,0.24126872222095394
target_to_train,target_train,AGC_065,AGC_134,1,11,0.9832974420339468,0.9610389610389614,0.9832974420339468,0.0,0.11281115420213124
target_to_train,target_train,AGC_065,AGC_151,2,11,0.9803541895528202,0.9675324675324678,0.9803541895528202,0.0,0.13698120090319288
target_to_train,target_train,AGC_065,AGC_051,3,11,0.9741083506568698,0.957792207792208,0.9741083506568698,0.0,0.16000039593102436
target_to_train,target_train,AGC_065,AGC_180,4,11,0.9737330064072034,0.957792207792208,0.9737330064072034,0.0,0.12395940345438981
target_to_train,target_train,AGC_065,AGC_166,5,11,0.8767638529766717,0.853896103896104,0.967095985252697,0.0,0.2059650554590554
target_to_train,target_train,AGC_071,AGC_008,1,11,0.9308210396808984,0.8863636363636366,0.9759351922235308,0.0,0.16224900138409873
target_to_train,target_train,AGC_071,AGC_035,2,11,0.9258494249771705,0.8668831168831171,0.9733991038457126,0.0,0.18519458960021912
target_to_train,target_train,AGC_071,AGC_047,3,11,0.9350059081305475,0.9025974025974027,0.967164577784311,0.0,0.16111955359750624
target_to_train,target_train,AGC_071,AGC_114,4,11,0.919085309502788,0.8961038961038963,0.9659036824357886,0.0,0.23872432563748544
target_to_train,target_train,AGC_071,AGC_037,5,11,0.9605318364132075,0.9123376623376626,0.9605318364132075,0.0,0.18872318506554742
target_to_train,target_train,AGC_075,AGC_106,1,11,0.9746479770595694,0.8993506493506497,0.9746479770595694,0.0,0.1575212020661425
target_to_train,target_train,AGC_075,AGC_144,2,11,0.9735587206619549,0.9448051948051951,0.9735587206619549,0.0,0.18466590310076747
target_to_train,target_train,AGC_075,AGC_123,3,11,0.9707197089130115,0.9220779220779224,0.9707197089130115,0.0,0.15206820235503604
target_to_train,target_train,AGC_075,AGC_145,4,11,0.9703063669359512,0.9155844155844158,0.9703063669359512,0.0,0.15446377929950109
target_to_train,target_train,AGC_075,AGC_054,5,11,0.9667319187646117,0.9155844155844158,0.9667319187646117,0.0,0.17503988232822373
target_to_train,target_train,AGC_076,AGC_049,1,11,0.8984308657004454,0.8993506493506497,0.9638983488607665,2.0,0.27208478191465013
target_to_train,target_train,AGC_076,AGC_168,2,11,0.9618590768559837,0.9545454545454546,0.9618590768559837,0.0,0.19881350794096295
target_to_train,target_train,AGC_076,AGC_157,3,11,0.8808882576094322,0.8571428571428572,0.9591166064487731,2.0,0.33210819006907466
target_to_train,target_train,AGC_076,AGC_099,4,11,0.8962957470845218,0.8766233766233767,0.9573304961019491,2.0,0.290201211783455
target_to_train,target_train,AGC_076,AGC_141,5,11,0.873474977098298,0.8798701298701299,0.9565388431291673,2.0,0.33607195970134834
target_to_train,target_train,AGC_082,AGC_059,1,11,0.9848872510941606,0.9893562466765133,0.9848872510941606,0.0,0.10560477314826162
target_to_train,target_train,AGC_082,AGC_051,2,11,0.9710897423503194,0.9545454545454547,0.9710897423503194,0.0,0.14936574192595764
target_to_train,target_train,AGC_082,AGC_034,3,11,0.8412287943931255,0.8136363636363637,0.9657204206864107,0.0,0.26452002562654886
target_to_train,target_train,AGC_082,AGC_121,4,11,0.7277669058510136,0.7532467532467533,0.9654172854222228,1.0,0.33724527563922324
target_to_train,target_train,AGC_082,AGC_018,5,11,0.869825565118444,0.8242345799568658,0.9641486391886829,0.0,0.16894089223452527
target_to_train,target_train,AGC_085,AGC_104,1,11,0.9696677219294301,0.931002837178647,0.9696677219294301,0.0,0.1606887310650923
target_to_train,target_train,AGC_085,AGC_184,2,11,0.9168265209381198,0.8985059217298837,0.9670416436258862,0.0,0.18484021841622
target_to_train,target_train,AGC_085,AGC_189,3,11,0.9668374038889987,0.9407137139376762,0.9668374038889987,0.0,0.14476761855057996
target_to_train,target_train,AGC_085,AGC_172,4,11,0.8241112893943388,0.8285978864903819,0.9629278874679905,1.0,0.36750105195446514
target_to_train,target_train,AGC_085,AGC_195,5,11,0.9622829061504128,0.9050288112046211,0.9622829061504128,0.0,0.19104889414054932
target_to_train,target_train,AGC_086,AGC_068,1,11,0.9371963923191163,0.9533481311499217,0.9830914949366059,0.0,0.1315402614268838
target_to_train,target_train,AGC_086,AGC_163,2,11,0.9588452972588658,0.9610389610389611,0.9805858447520119,0.0,0.1507156571555163
target_to_train,target_train,AGC_086,AGC_099,3,11,0.9170275622154123,0.9090909090909093,0.9800094305097276,0.0,0.17719217372653773
target_to_train,target_train,AGC_086,AGC_049,4,11,0.9103912084004034,0.9155844155844158,0.9770456141703309,0.0,0.18359648125679168
target_to_train,target_train,AGC_086,AGC_141,5,11,0.949255185991388,0.9448051948051951,0.9758980298775639,0.0,0.15207675467237597
target_to_train,target_train,AGC_087,AGC_054,1,11,0.9903416322557276,0.9805194805194806,0.9903416322557276,0.0,0.10873497370608666
target_to_train,target_train,AGC_087,AGC_023,2,11,0.9762884498078912,0.9740259740259741,0.9762884498078912,0.0,0.1258591545832608
target_to_train,target_train,AGC_087,AGC_123,3,11,0.9735725024876776,0.9480519480519483,0.9735725024876776,0.0,0.11242210837614262
target_to_train,target_train,AGC_087,AGC_064,4,11,0.8825055592683033,0.8896103896103899,0.9707473732168633,0.0,0.18327264414475056
target_to_train,target_train,AGC_087,AGC_014,5,11,0.8515425414296159,0.8538961038961042,0.9690846530582075,0.0,0.2857348530704225
target_to_train,target_train,AGC_088,AGC_165,1,11,0.989884154917478,0.9740259740259741,0.989884154917478,0.0,0.10888939418602649
target_to_train,target_train,AGC_088,AGC_026,2,11,0.96363326946337,0.902597402597403,0.9824274147235967,0.0,0.18308132255315532
target_to_train,target_train,AGC_088,AGC_012,3,11,0.9813095839544762,0.9090909090909093,0.9813095839544762,0.0,0.1189892420714362
target_to_train,target_train,AGC_088,AGC_171,4,11,0.943075222494419,0.918831168831169,0.9799835516836737,0.0,0.16849695778689736
target_to_train,target_train,AGC_088,AGC_133,5,11,0.9796845848034746,0.9480519480519483,0.9796845848034746,0.0,0.13207591934850302
target_to_train,target_train,AGC_091,AGC_013,1,11,0.9572555799966896,0.9545454545454547,0.9806213923932048,0.0,0.17543546300660592
target_to_train,target_train,AGC_091,AGC_049,2,11,0.9803449769381788,0.9350649350649355,0.9805262106852838,0.0,0.15152909161138758
target_to_train,target_train,AGC_091,AGC_072,3,11,0.9595597254343562,0.9512987012987014,0.9793945897883396,0.0,0.16933441412016287
target_to_train,target_train,AGC_091,AGC_162,4,11,0.9765470905773903,0.9545454545454547,0.9765470905773903,0.0,0.1660615060617268
target_to_train,target_train,AGC_091,AGC_057,5,11,0.9636143446813491,0.9383116883116887,0.9763383806812018,0.0,0.17837761734491883
target_to_train,target_train,AGC_093,AGC_123,1,11,0.9780026455405019,0.9480519480519483,0.9780026455405019,0.0,0.1423970885323017
target_to_train,target_train,AGC_093,AGC_150,2,11,0.9727326593703075,0.9253246753246755,0.9727326593703075,0.0,0.15698663390900028
target_to_train,target_train,AGC_093,AGC_054,3,11,0.9725686641961301,0.9577922077922079,0.9725686641961301,0.0,0.14711167300103287
target_to_train,target_train,AGC_093,AGC_146,4,11,0.8342898325826673,0.7954545454545454,0.9699248473332129,0.0,0.21280872052069935
target_to_train,target_train,AGC_093,AGC_164,5,11,0.9686219424734633,0.9448051948051951,0.9686219424734633,0.0,0.16831320519208592
target_to_train,target_train,AGC_094,AGC_179,1,11,0.982700803552131,0.9772727272727273,0.982700803552131,0.0,0.1281760297941997
target_to_train,target_train,AGC_094,AGC_160,2,11,0.9668184048127594,0.9512987012987015,0.9680562583810286,0.0,0.18772661271813068
target_to_train,target_train,AGC_094,AGC_124,3,11,0.9629139924435776,0.9350649350649353,0.96387340255665,0.0,0.1600452368979445
target_to_train,target_train,AGC_094,AGC_097,4,11,0.9628118380110291,0.957792207792208,0.9628118380110291,0.0,0.16593297008515673
target_to_train,target_train,AGC_094,AGC_021,5,11,0.9603315929056481,0.9285714285714288,0.9603315929056481,0.0,0.17935910546038475
target_to_train,target_train,AGC_095,AGC_171,1,11,0.9836685940302913,0.957792207792208,0.9836685940302913,0.0,0.1356406906442045
target_to_train,target_train,AGC_095,AGC_101,2,11,0.9785547645668381,0.9058441558441561,0.9785547645668381,0.0,0.15624750314863406
target_to_train,target_train,AGC_095,AGC_164,3,11,0.9575382002714456,0.9577922077922079,0.9782659379359029,0.0,0.13830645571383857
target_to_train,target_train,AGC_095,AGC_008,4,11,0.9774194066680807,0.918831168831169,0.9774194066680807,0.0,0.1844240314093506
target_to_train,target_train,AGC_095,AGC_047,5,11,0.9742685978011388,0.9383116883116887,0.9742685978011388,0.0,0.15166236703602876
target_to_train,target_train,AGC_107,AGC_137,1,11,0.9440903900080926,0.9110815729796684,0.9705237454021628,0.0,0.17220062542826634
target_to_train,target_train,AGC_107,AGC_059,2,11,0.9503414391851397,0.9476977567886661,0.9700242658631207,0.0,0.21686361721436684
target_to_train,target_train,AGC_107,AGC_184,3,11,0.9680588719781718,0.9519451268857749,0.9680588719781718,0.0,0.14131867827547026
target_to_train,target_train,AGC_107,AGC_051,4,11,0.9494131221480537,0.9259417179305182,0.9647316873558328,0.0,0.203175077415076
target_to_train,target_train,AGC_107,AGC_152,5,11,0.9557284431063402,0.9097961006404437,0.9618754019488225,0.0,0.19048216436519566
target_to_train,target_train,AGC_113,AGC_038,1,11,0.9844493118855865,0.9439604671844294,0.9844493118855865,0.0,0.1317492852311709
target_to_train,target_train,AGC_113,AGC_140,2,11,0.8983862732127439,0.8850649350649352,0.9738460256670703,0.0,0.16676494241686776
target_to_train,target_train,AGC_113,AGC_083,3,11,0.9002020773689806,0.8914541385929958,0.9726634970046878,0.0,0.20564821235267114
target_to_train,target_train,AGC_113,AGC_034,4,11,0.9598355020331685,0.9753246753246756,0.9598355020331685,0.0,0.2323559871665598
target_to_train,target_train,AGC_113,AGC_079,5,11,0.954706512890157,0.9155844155844158,0.954706512890157,0.0,0.1598171665305399
target_to_train,target_train,AGC_116,AGC_112,1,11,0.9165859635125099,0.8749853085093849,0.9737345486558869,0.0,0.22624213634064783
target_to_train,target_train,AGC_116,AGC_004,2,11,0.918085705680605,0.9056080283353013,0.9712220470991116,0.0,0.24656450281960243
target_to_train,target_train,AGC_116,AGC_184,3,11,0.9416265700793901,0.8886187470834712,0.9676767231259645,0.0,0.22419548730848754
target_to_train,target_train,AGC_116,AGC_090,4,11,0.8988083840157757,0.8733472403953929,0.9629204029119108,0.0,0.2141250678880904
target_to_train,target_train,AGC_116,AGC_139,5,11,0.9291261826962599,0.8770935043230665,0.9620899903035404,0.0,0.21987213377028506
target_to_train,target_train,AGC_118,AGC_074,1,11,0.9838578487162057,0.9409090909090909,0.9838578487162057,0.0,0.14113628948815252
target_to_train,target_train,AGC_118,AGC_121,2,11,0.8656926541250531,0.7766233766233769,0.972617384409872,0.0,0.2710377634712433
target_to_train,target_train,AGC_118,AGC_148,3,11,0.8253205913927101,0.7634703696461794,0.9662851905765503,0.0,0.263365649409055
target_to_train,target_train,AGC_118,AGC_058,4,11,0.9455187660932606,0.8952176123297921,0.9620408369428987,0.0,0.2560033025587989
target_to_train,target_train,AGC_118,AGC_046,5,11,0.9125709045975512,0.8629870129870132,0.9575342269792042,0.0,0.2601997318814686
target_to_train,target_train,AGC_120,AGC_046,1,11,0.9815866849955697,0.9318181818181818,0.9815866849955697,0.0,0.12900377984240674
target_to_train,target_train,AGC_120,AGC_032,2,11,0.9694417224628034,0.9577922077922082,0.9694417224628034,0.0,0.18183442254681614
target_to_train,target_train,AGC_120,AGC_140,3,11,0.8892877922667138,0.8870129870129871,0.9667284845508068,0.0,0.19776107462263026
target_to_train,target_train,AGC_120,AGC_064,4,11,0.8934811932654061,0.9253246753246755,0.9659524028055203,0.0,0.21767126464184547
target_to_train,target_train,AGC_120,AGC_089,5,11,0.9105087315396113,0.8961038961038963,0.9622004567359107,0.0,0.15383326240493048
target_to_train,target_train,AGC_126,AGC_111,1,11,0.993094023417342,0.9829215061454682,0.993094023417342,0.0,0.08427154715823013
target_to_train,target_train,AGC_126,AGC_172,2,11,0.9909203020326544,0.9772727272727276,0.9909203020326544,0.0,0.10496914153808758
target_to_train,target_train,AGC_126,AGC_135,3,11,0.9896057827292405,0.9772727272727276,0.9896057827292405,0.0,0.09978995919536239
target_to_train,target_train,AGC_126,AGC_004,4,11,0.9423252026333078,0.9501601438656299,0.9799272938473482,0.0,0.16555005000496967
target_to_train,target_train,AGC_126,AGC_056,5,11,0.9793353101858103,0.9610389610389614,0.9793353101858103,0.0,0.14102834388182578
target_to_train,target_train,AGC_128,AGC_151,1,11,0.92260504812327,0.9090909090909093,0.9831418776390904,0.0,0.1807390795965314
target_to_train,target_train,AGC_128,AGC_059,2,11,0.9328637893413977,0.9305620924601878,0.9801390482143542,0.0,0.1895563324984041
target_to_train,target_train,AGC_128,AGC_051,3,11,0.9438238713891898,0.9155844155844157,0.9753504875252513,0.0,0.14476337762906122
target_to_train,target_train,AGC_128,AGC_106,4,11,0.867668426108751,0.8571428571428572,0.9720671274080164,0.0,0.218958859905724
target_to_train,target_train,AGC_128,AGC_104,5,11,0.8788329501767627,0.840909090909091,0.9679957522855183,0.0,0.20827260236198908
target_to_train,target_train,AGC_129,AGC_045,1,11,0.8818005868072633,0.8311688311688314,0.9847904424589026,0.0,0.19445769336996363
target_to_train,target_train,AGC_129,AGC_034,2,11,0.9744552621854576,0.9292207792207795,0.9744552621854576,0.0,0.1763087896226512
target_to_train,target_train,AGC_129,AGC_178,3,11,0.8662633230693814,0.8051948051948054,0.9698204776469502,0.0,0.2394044721336681
target_to_train,target_train,AGC_129,AGC_038,4,11,0.9621749042091262,0.8740818149261581,0.9621749042091262,0.0,0.1989890340014021
target_to_train,target_train,AGC_129,AGC_083,5,11,0.9143636012931278,0.8801051937199749,0.9551461267741036,0.0,0.22016291240298233
target_to_train,target_train,AGC_130,AGC_123,1,11,0.9514726969061527,0.9415584415584418,0.9803028909378614,0.0,0.13133971403363923
target_to_train,target_train,AGC_130,AGC_022,2,11,0.943635157194155,0.931818181818182,0.9772372381744102,0.0,0.19108269770794759
target_to_train,target_train,AGC_130,AGC_044,3,11,0.9733401270777555,0.9740259740259742,0.9733401270777555,0.0,0.18118735022378732
target_to_train,target_train,AGC_130,AGC_054,4,11,0.9391071947682661,0.9253246753246755,0.9729629379059737,0.0,0.1709922029839928
target_to_train,target_train,AGC_130,AGC_023,5,11,0.9193059889991716,0.8831168831168834,0.9707319501511328,0.0,0.16934024048980978
target_to_train,target_train,AGC_136,AGC_189,1,11,0.9624810000662166,0.9155844155844157,0.9624810000662166,0.0,0.19285225594643124
target_to_train,target_train,AGC_136,AGC_110,2,11,0.9595468912977018,0.892857142857143,0.9595468912977018,0.0,0.2330817205903031
target_to_train,target_train,AGC_136,AGC_008,3,11,0.9591651143323834,0.9772727272727274,0.9591651143323834,0.0,0.2214079389290631
target_to_train,target_train,AGC_136,AGC_104,4,11,0.9566457198868104,0.9090909090909093,0.9566457198868104,0.0,0.24098129336940174
target_to_train,target_train,AGC_136,AGC_077,5,11,0.8884537135893864,0.8603896103896106,0.9517755695730233,1.0,0.3395518746453728
target_to_train,target_train,AGC_142,AGC_026,1,11,0.9706042642284725,0.8376623376623379,0.9706042642284725,0.0,0.1653230951330669
target_to_train,target_train,AGC_142,AGC_049,2,11,0.8931626430589372,0.8863636363636366,0.9657059019087927,2.0,0.29093160947054775
target_to_train,target_train,AGC_142,AGC_141,3,11,0.8355071559820143,0.853896103896104,0.9643295852121643,2.0,0.42986825299295767
target_to_train,target_train,AGC_142,AGC_055,4,11,0.9520453510855852,0.8798701298701299,0.9620566848188642,0.0,0.18438730733029415
target_to_train,target_train,AGC_142,AGC_109,5,11,0.9590849913134787,0.931818181818182,0.9590849913134787,0.0,0.18699147037088293
target_to_train,target_train,AGC_143,AGC_189,1,11,0.9151059762070249,0.8993506493506495,0.977656026181829,0.0,0.2022059430080891
target_to_train,target_train,AGC_143,AGC_105,2,11,0.9450579092840864,0.9176926113980973,0.9675395794714788,0.0,0.16397034550154155
target_to_train,target_train,AGC_143,AGC_167,3,11,0.9303473381040438,0.9155844155844157,0.9592401346096362,1.0,0.2515312577878579
target_to_train,target_train,AGC_143,AGC_090,4,11,0.9589816957449236,0.9512987012987014,0.9589816957449236,0.0,0.19916416774010137
target_to_train,target_train,AGC_143,AGC_184,5,11,0.8771635086680941,0.8149350649350652,0.9548672407547357,0.0,0.27129636755780767
target_to_train,target_train,AGC_147,AGC_144,1,11,0.9957528255080543,0.9797041358799455,0.9957528255080543,0.0,0.06340918501454673
target_to_train,target_train,AGC_147,AGC_145,2,11,0.9895415017767174,0.9665995909680103,0.9895415017767174,0.0,0.08197983958524795
target_to_train,target_train,AGC_147,AGC_123,3,11,0.9749108805372106,0.9306796243851104,0.9749108805372106,0.0,0.1565911657903408
target_to_train,target_train,AGC_147,AGC_122,4,11,0.9748435062423163,0.9341614414817084,0.9748435062423163,0.0,0.1681515316287722
target_to_train,target_train,AGC_147,AGC_125,5,11,0.9089986301643943,0.8849900150807202,0.966813794662075,0.0,0.1936413604346769
target_to_train,target_train,AGC_149,AGC_064,1,11,0.9848013230590048,0.9740259740259742,0.9848013230590048,0.0,0.11340574504700157
target_to_train,target_train,AGC_149,AGC_054,2,11,0.9232596860659302,0.9220779220779222,0.9792818635344623,0.0,0.1297566473397155
target_to_train,target_train,AGC_149,AGC_022,3,11,0.9249740423123924,0.9253246753246755,0.9783948861239306,0.0,0.18282807000117074
target_to_train,target_train,AGC_149,AGC_123,4,11,0.9253660807442231,0.9350649350649352,0.976175022676842,0.0,0.16491706297690886
target_to_train,target_train,AGC_149,AGC_164,5,11,0.9485219234128224,0.9480519480519483,0.9759783128850703,0.0,0.16711860874562703
target_to_train,target_train,AGC_153,AGC_132,1,11,0.9597256048639612,0.9114635517356665,0.9792018974543715,0.0,0.17007880353213575
target_to_train,target_train,AGC_153,AGC_013,2,11,0.9576197849029171,0.9195363603807035,0.9735198336244767,0.0,0.1920441369444198
target_to_train,target_train,AGC_153,AGC_072,3,11,0.9628961378442629,0.9179570582291728,0.971975698535042,0.0,0.19060145422916988
target_to_train,target_train,AGC_153,AGC_110,4,11,0.969433076488712,0.9048525133172373,0.969433076488712,0.0,0.1426976208418849
target_to_train,target_train,AGC_153,AGC_077,5,11,0.9525858975251722,0.8919536492739163,0.9692700320264575,0.0,0.19529304826013663
target_to_train,target_train,AGC_154,AGC_140,1,11,0.9040534605507827,0.8837662337662338,0.9787515487086614,0.0,0.1804780486629681
target_to_train,target_train,AGC_154,AGC_046,2,11,0.9297404076274244,0.9188311688311689,0.9734347994687576,0.0,0.18100369149714576
target_to_train,target_train,AGC_154,AGC_083,3,11,0.8871179699581596,0.9075997558830703,0.972349812091924,0.0,0.19179826396832347
target_to_train,target_train,AGC_154,AGC_032,4,11,0.96858067256227,0.9545454545454549,0.96858067256227,0.0,0.13634078702019636
target_to_train,target_train,AGC_154,AGC_096,5,11,0.9670642256090293,0.9350649350649353,0.9670642256090293,0.0,0.18978695588931432
target_to_train,target_train,AGC_156,AGC_137,1,11,0.7170729104582878,0.7175324675324676,0.9808803803149027,-1.0,0.3712293277695233
target_to_train,target_train,AGC_156,AGC_059,2,11,0.6889158223572727,0.7209261356853739,0.9781150645386802,-1.0,0.3655915649607659
target_to_train,target_train,AGC_156,AGC_152,3,11,0.7033061023815909,0.7175324675324676,0.970049171070508,-1.0,0.39446623694443494
target_to_train,target_train,AGC_156,AGC_051,4,11,0.655505941582685,0.6948051948051949,0.9693562110750169,-1.0,0.39580667505209777
target_to_train,target_train,AGC_156,AGC_058,5,11,0.8800814780841665,0.8667362019769641,0.9685739385309187,0.0,0.23328313771536005
target_to_train,target_train,AGC_158,AGC_102,1,11,0.993537562004746,0.9772727272727276,0.993537562004746,0.0,0.0824835095637377
target_to_train,target_train,AGC_158,AGC_101,2,11,0.9873657672815745,0.931818181818182,0.9873657672815745,0.0,0.10825101425978292
target_to_train,target_train,AGC_158,AGC_197,3,11,0.9862721322430794,0.9805194805194808,0.9862721322430794,0.0,0.1217252618449469
target_to_train,target_train,AGC_158,AGC_024,4,11,0.9780746419090789,0.902597402597403,0.9780746419090789,0.0,0.14746255515154263
target_to_train,target_train,AGC_158,AGC_069,5,11,0.9665732716474387,0.9285714285714287,0.9775194947727901,0.0,0.16493543583514692
target_to_train,target_train,AGC_173,AGC_189,1,11,0.916274697517375,0.87987012987013,0.9740715655929723,0.0,0.18745330426125237
target_to_train,target_train,AGC_173,AGC_112,2,11,0.9375971473962899,0.9090909090909094,0.9737909397027985,0.0,0.18389596224619445
target_to_train,target_train,AGC_173,AGC_008,3,11,0.9408955317070617,0.902597402597403,0.9673272997448898,0.0,0.16627506680537374
target_to_train,target_train,AGC_173,AGC_139,4,11,0.9204056163046068,0.8701298701298703,0.9667645216571639,0.0,0.19129389461559115
target_to_train,target_train,AGC_173,AGC_133,5,11,0.908893779583886,0.8506493506493509,0.965683320213611,0.0,0.18507802143910784
target_to_train,target_train,AGC_174,AGC_180,1,11,0.9002894696521012,0.9123376623376626,0.96064287062783,0.0,0.19509823797893613
target_to_train,target_train,AGC_174,AGC_041,2,11,0.9343900865053025,0.9480519480519483,0.9602320984493624,0.0,0.21969458007868503
target_to_train,target_train,AGC_174,AGC_051,3,11,0.8868559087450962,0.8766233766233769,0.9418108647090123,0.0,0.2257017633094474
target_to_train,target_train,AGC_174,AGC_018,4,11,0.9112694806362568,0.8378974015121826,0.9373838323888332,0.0,0.2774130282084543
target_to_train,target_train,AGC_174,AGC_150,5,11,0.9367928899795674,0.8344155844155846,0.9367928899795674,0.0,0.22036236420986438
target_to_train,target_train,AGC_175,AGC_159,1,11,0.9730607944810213,0.9448051948051951,0.9730607944810213,0.0,0.16850571108544243
target_to_train,target_train,AGC_175,AGC_097,2,11,0.9507924972214016,0.9285714285714288,0.9507924972214016,0.0,0.258350092374681
target_to_train,target_train,AGC_175,AGC_021,3,11,0.9411759955518164,0.9253246753246755,0.9411759955518164,0.0,0.2781356944914528
target_to_train,target_train,AGC_175,AGC_179,4,11,0.9351799824182031,0.9383116883116884,0.9351799824182031,0.0,0.3019343870014739
target_to_train,target_train,AGC_175,AGC_170,5,11,0.7110935199985191,0.7759740259740261,0.9337006206714438,2.0,0.4549516569402996
target_to_train,target_train,AGC_177,AGC_104,1,11,0.974363524573031,0.9253246753246755,0.974363524573031,0.0,0.15772466928711723
target_to_train,target_train,AGC_177,AGC_106,2,11,0.9649176895723932,0.892857142857143,0.9649176895723932,0.0,0.1816184279339247
target_to_train,target_train,AGC_177,AGC_083,3,11,0.9215900169795287,0.9027737004847864,0.9638291727681828,0.0,0.22789830543034545
target_to_train,target_train,AGC_177,AGC_150,4,11,0.9635126243307955,0.918831168831169,0.9635126243307955,0.0,0.19883206593034258
target_to_train,target_train,AGC_177,AGC_172,5,11,0.824333465180421,0.8084415584415587,0.9634132214221733,1.0,0.3597206558045276
target_to_train,target_train,AGC_182,AGC_176,1,11,0.9855775134988556,0.9772727272727274,0.9855775134988556,0.0,0.12719391365904448
target_to_train,target_train,AGC_182,AGC_012,2,11,0.9834298631860908,0.9448051948051951,0.9834298631860908,0.0,0.13813828267920314
target_to_train,target_train,AGC_182,AGC_060,3,11,0.9495780563257932,0.9415584415584418,0.9769802816836713,0.0,0.15623896906256943
target_to_train,target_train,AGC_182,AGC_017,4,11,0.9738804774212373,0.9253246753246755,0.9738804774212373,0.0,0.11624618131207455
target_to_train,target_train,AGC_182,AGC_195,5,11,0.9729834555812176,0.892857142857143,0.9729834555812176,0.0,0.16222291027656632
target_to_train,target_train,AGC_183,AGC_146,1,11,0.8527097681432122,0.7922077922077922,0.970742595001731,0.0,0.20550591604333218
target_to_train,target_train,AGC_183,AGC_054,2,11,0.9589435458841884,0.9383116883116887,0.9589435458841884,0.0,0.17897955229790405
target_to_train,target_train,AGC_183,AGC_038,3,11,0.9161582467317949,0.8946715088585186,0.9546856309121231,0.0,0.20021803977119362
target_to_train,target_train,AGC_183,AGC_064,4,11,0.8698227718694906,0.8603896103896105,0.9527133054359226,0.0,0.20058448997252712
target_to_train,target_train,AGC_183,AGC_045,5,11,0.9456513679657015,0.9025974025974027,0.9512537317460282,0.0,0.20264419939312495
target_to_train,target_train,AGC_186,AGC_110,1,11,0.9671898432167655,0.9285714285714288,0.9671898432167655,0.0,0.14031883832125563
target_to_train,target_train,AGC_186,AGC_026,2,11,0.962917190761425,0.8831168831168834,0.962917190761425,0.0,0.19216176189828477
target_to_train,target_train,AGC_186,AGC_033,3,11,0.9465059761357442,0.9058441558441561,0.9594701903348429,0.0,0.23082998878601046
target_to_train,target_train,AGC_186,AGC_053,4,11,0.9223716123588115,0.9415584415584418,0.956355308671031,2.0,0.3064908724792768
target_to_train,target_train,AGC_186,AGC_015,5,11,0.9305963773343254,0.918831168831169,0.9545122646425604,2.0,0.23941639758486685
target_to_train,target_train,AGC_188,AGC_161,1,11,0.9821909994800412,0.9545454545454549,0.9821909994800412,0.0,0.1414500781201178
target_to_train,target_train,AGC_188,AGC_021,2,11,0.9753076749104466,0.983766233766234,0.9753076749104466,0.0,0.19016713519803344
target_to_train,target_train,AGC_188,AGC_049,3,11,0.953097317562607,0.9318181818181821,0.9746828129231005,2.0,0.21372285460377893
target_to_train,target_train,AGC_188,AGC_053,4,11,0.9203464043534427,0.9155844155844158,0.9710179842071728,0.0,0.27446818900511544
target_to_train,target_train,AGC_188,AGC_159,5,11,0.9697435796536616,0.9512987012987015,0.9697435796536616,0.0,0.19446935935000795
target_to_train,target_train,AGC_190,AGC_006,1,11,0.9926860851171557,0.983766233766234,0.9926860851171557,0.0,0.08357461290787482
target_to_train,target_train,AGC_190,AGC_045,2,11,0.8684843320264072,0.8766233766233767,0.9821433875361039,0.0,0.18296052622557116
target_to_train,target_train,AGC_190,AGC_114,3,11,0.9381010328692423,0.9448051948051949,0.9800326400239008,0.0,0.158328234802916
target_to_train,target_train,AGC_190,AGC_165,4,11,0.975969891826887,0.9545454545454549,0.975969891826887,0.0,0.13426990732814775
target_to_train,target_train,AGC_190,AGC_176,5,11,0.9346581721121702,0.87987012987013,0.9729205115272258,0.0,0.19023787571912962
target_to_train,target_train,AGC_191,AGC_069,1,11,0.9910295670819701,0.9740259740259741,0.9910295670819701,0.0,0.10600104746383866
target_to_train,target_train,AGC_191,AGC_013,2,11,0.9648873427670747,0.9545454545454547,0.9855034479271823,0.0,0.14068444005126446
target_to_train,target_train,AGC_191,AGC_072,3,11,0.9664285765565178,0.9610389610389611,0.9831051106129917,0.0,0.1502849502164358
target_to_train,target_train,AGC_191,AGC_057,4,11,0.9812166207636348,0.9610389610389611,0.9814480431678171,0.0,0.15628759797480368
target_to_train,target_train,AGC_191,AGC_015,5,11,0.9579263183437486,0.9350649350649352,0.9799655816911419,0.0,0.1539697052054274
target_to_train,target_train,AGC_192,AGC_049,1,11,0.976085237978704,0.9740259740259742,0.976085237978704,0.0,0.17913705669547442
target_to_train,target_train,AGC_192,AGC_117,2,11,0.953849473368344,0.9512987012987014,0.9754625429409711,0.0,0.21520126948935533
target_to_train,target_train,AGC_192,AGC_072,3,11,0.9543924876384896,0.9480519480519483,0.9728361700270513,0.0,0.22262411099825716
target_to_train,target_train,AGC_192,AGC_056,4,11,0.9720397087831025,0.9545454545454549,0.9720397087831025,0.0,0.19376438718969705
target_to_train,target_train,AGC_192,AGC_013,5,11,0.9562631996827744,0.9772727272727274,0.9719649222940757,0.0,0.20147349757599542
train_leave_one_out,train_train,AGC_001,AGC_140,1,11,0.6627139510601882,0.7103896103896105,0.9724487579184186,-1.0,0.40675500619255284
train_leave_one_out,train_train,AGC_001,AGC_079,2,11,0.8137826375821601,0.8487012987012986,0.9706318146130072,-1.0,0.34523009406753674
train_leave_one_out,train_train,AGC_001,AGC_157,3,11,0.9640357332752167,0.9740259740259741,0.9653249087374687,0.0,0.17713224565060173
train_leave_one_out,train_train,AGC_001,AGC_002,4,11,0.45838238511550267,0.6000000000000001,0.963206432041181,-2.0,0.5901828006809288
train_leave_one_out,train_train,AGC_001,AGC_163,5,11,0.961948027256316,0.9792207792207793,0.9628126843814789,0.0,0.20752849038007443
train_leave_one_out,train_train,AGC_002,AGC_001,1,11,0.45838238511550267,0.6000000000000001,0.963206432041181,-2.0,0.5901828006809288
train_leave_one_out,train_train,AGC_002,AGC_024,2,11,0.7186865444344618,0.6655844155844157,0.9597709517031299,1.0,0.41304851343553994
train_leave_one_out,train_train,AGC_002,AGC_106,3,11,0.9543128159017719,0.9350649350649353,0.9568848290466604,0.0,0.2345406109225304
train_leave_one_out,train_train,AGC_002,AGC_049,4,11,0.5877726180161397,0.6298701298701299,0.9561875874189348,2.0,0.5565863588803915
train_leave_one_out,train_train,AGC_002,AGC_197,5,11,0.7554144069307661,0.7207792207792209,0.9527601859729896,1.0,0.3551965811971993
train_leave_one_out,train_train,AGC_004,AGC_048,1,11,0.9828790420093327,0.9535538120185362,0.9828790420093327,0.0,0.12358876744615092
train_leave_one_out,train_train,AGC_004,AGC_193,2,11,0.9171058972461646,0.919036849699783,0.9773875057264341,0.0,0.17630590739255017
train_leave_one_out,train_train,AGC_004,AGC_172,3,11,0.9387434015039656,0.9306796243851103,0.9762083005173097,0.0,0.16880141821203268
train_leave_one_out,train_train,AGC_004,AGC_100,4,11,0.9177967334746225,0.9219008264462812,0.9740036122827028,0.0,0.17587540325889875
train_leave_one_out,train_train,AGC_004,AGC_111,5,11,0.9500566181522051,0.9393152302243213,0.9702207949826739,0.0,0.17000894587293194
train_leave_one_out,train_train,AGC_005,AGC_015,1,11,0.9764951661594069,0.9828333572017764,0.9764951661594069,0.0,0.14468443035216014
train_leave_one_out,train_train,AGC_005,AGC_161,2,11,0.9726406110505839,0.9227831136274567,0.9731230854725084,0.0,0.1639986355307433
train_leave_one_out,train_train,AGC_005,AGC_053,3,11,0.9250435454331114,0.9484926927704073,0.9726530738118018,0.0,0.17458358037620855
train_leave_one_out,train_train,AGC_005,AGC_160,4,11,0.8982737782934221,0.8377504866060296,0.9689842765134309,0.0,0.26247643662634107
train_leave_one_out,train_train,AGC_005,AGC_049,5,11,0.9683628854489231,0.9633234547400265,0.9683628854489231,0.0,0.15278782280964637
train_leave_one_out,train_train,AGC_006,AGC_045,1,11,0.8758912623404244,0.87987012987013,0.9866113815695979,0.0,0.1794370417316532
train_leave_one_out,train_train,AGC_006,AGC_114,2,11,0.9542047791411462,0.9512987012987015,0.9821669742775095,0.0,0.12583175458669413
train_leave_one_out,train_train,AGC_006,AGC_037,3,11,0.9519859725716713,0.9253246753246757,0.979949361173957,0.0,0.13860133230749383
train_leave_one_out,train_train,AGC_006,AGC_083,4,11,0.9379629693087362,0.9046762154298538,0.9759817823085054,0.0,0.19465264032569093
train_leave_one_out,train_train,AGC_006,AGC_165,5,11,0.975577780072011,0.9610389610389611,0.975577780072011,0.0,0.11981511212722355
train_leave_one_out,train_train,AGC_007,AGC_059,1,11,0.8156839054010341,0.7861787405905993,0.9641349543723379,0.0,0.3130277410756372
train_leave_one_out,train_train,AGC_007,AGC_089,2,11,0.9615622433253118,0.9006493506493509,0.9615622433253118,0.0,0.13559278441556497
train_leave_one_out,train_train,AGC_007,AGC_140,3,11,0.8516398369782611,0.8155844155844156,0.9599181049915066,0.0,0.21226320330409898
train_leave_one_out,train_train,AGC_007,AGC_067,4,11,0.9501528324493084,0.870779220779221,0.9501528324493084,0.0,0.2245722909624315
train_leave_one_out,train_train,AGC_007,AGC_001,5,11,0.5324022554534314,0.6746753246753248,0.9451659346869185,-1.0,0.4798624254084691
train_leave_one_out,train_train,AGC_008,AGC_101,1,11,0.9838595899620732,0.9545454545454547,0.9838595899620732,0.0,0.13846795897504405
train_leave_one_out,train_train,AGC_008,AGC_102,2,11,0.9806051162977757,0.9480519480519483,0.9806051162977757,0.0,0.16302874403024686
train_leave_one_out,train_train,AGC_008,AGC_171,3,11,0.9731194316482425,0.9415584415584418,0.9731194316482425,0.0,0.1614028602646544
train_leave_one_out,train_train,AGC_008,AGC_047,4,11,0.9728433808346909,0.9675324675324678,0.9728433808346909,0.0,0.17550337230171334
train_leave_one_out,train_train,AGC_008,AGC_197,5,11,0.9719170192647814,0.970779220779221,0.9719170192647814,0.0,0.1987825479606968
train_leave_one_out,train_train,AGC_009,AGC_119,1,11,0.9764380212630712,0.934043909556786,0.9764380212630712,0.0,0.13762911874988693
train_leave_one_out,train_train,AGC_009,AGC_032,2,11,0.9677746350310269,0.9503658247342442,0.9677746350310269,0.0,0.17413218515164297
train_leave_one_out,train_train,AGC_009,AGC_140,3,11,0.8549863883775841,0.8558441558441559,0.9667303645684524,0.0,0.23256889369505906
train_leave_one_out,train_train,AGC_009,AGC_064,4,11,0.9512127850162709,0.9045293005237007,0.9628273995713829,0.0,0.17363004770747198
train_leave_one_out,train_train,AGC_009,AGC_103,5,11,0.9601372191609028,0.9275797860445102,0.9601372191609028,0.0,0.2291963373896995
train_leave_one_out,train_train,AGC_010,AGC_141,1,11,0.6547576200354718,0.6772757332772419,0.9706721908641637,2.0,0.5430983022265005
train_leave_one_out,train_train,AGC_010,AGC_185,2,11,0.9647125536504721,0.9187740524796447,0.9691361902154465,0.0,0.17366833080975427
train_leave_one_out,train_train,AGC_010,AGC_106,3,11,0.9688000733959776,0.9233886473946817,0.9688000733959776,0.0,0.15205121748407097
train_leave_one_out,train_train,AGC_010,AGC_049,4,11,0.7469111046037,0.7284642957425086,0.9649198224592381,2.0,0.4621319433170472
train_leave_one_out,train_train,AGC_010,AGC_104,5,11,0.960682238633133,0.9072144595844045,0.960682238633133,0.0,0.1846589401398371
train_leave_one_out,train_train,AGC_012,AGC_176,1,11,0.9825184807912581,0.9415584415584418,0.9825184807912581,0.0,0.13087201345390384
train_leave_one_out,train_train,AGC_012,AGC_060,2,11,0.9477074944204606,0.9155844155844157,0.980577818272506,0.0,0.16512709399360245
train_leave_one_out,train_train,AGC_012,AGC_133,3,11,0.9758366473349944,0.918831168831169,0.9758366473349944,0.0,0.16312874901336566
train_leave_one_out,train_train,AGC_012,AGC_077,4,11,0.9752580653548332,0.9350649350649353,0.9752580653548332,0.0,0.16154723128306722
train_leave_one_out,train_train,AGC_012,AGC_072,5,11,0.9743121688509354,0.9155844155844158,0.9743121688509354,0.0,0.147153191062003
train_leave_one_out,train_train,AGC_013,AGC_069,1,11,0.971146927495604,0.9545454545454547,0.9916408109271952,0.0,0.0914711378310317
train_leave_one_out,train_train,AGC_013,AGC_072,2,11,0.9905666054967778,0.9642857142857145,0.9905666054967778,0.0,0.09481215135304279
train_leave_one_out,train_train,AGC_013,AGC_132,3,11,0.9904706255890208,0.9870129870129872,0.9904706255890208,0.0,0.0909209324933867
train_leave_one_out,train_train,AGC_013,AGC_077,4,11,0.9677871984604884,0.9383116883116887,0.981497457774518,0.0,0.13367538231106046
train_leave_one_out,train_train,AGC_013,AGC_135,5,11,0.9744342784525494,0.9772727272727274,0.9811181689757436,0.0,0.1661654785044651
train_leave_one_out,train_train,AGC_014,AGC_125,1,11,0.9868003011097769,0.957792207792208,0.9868003011097769,0.0,0.11593788231362273
train_leave_one_out,train_train,AGC_014,AGC_048,2,11,0.6996231782136402,0.6948051948051949,0.9715347132879902,1.0,0.37862436327174254
train_leave_one_out,train_train,AGC_014,AGC_172,3,11,0.7003242161156121,0.6818181818181818,0.9701876290542376,1.0,0.39830593004577575
train_leave_one_out,train_train,AGC_014,AGC_022,4,11,0.8791134370600765,0.8603896103896106,0.9684979954216097,0.0,0.21087802398482533
train_leave_one_out,train_train,AGC_014,AGC_058,5,11,0.7037665501170169,0.7144032462106368,0.9680908038623529,1.0,0.34134634460964186
train_leave_one_out,train_train,AGC_015,AGC_049,1,11,0.9837816952326569,0.9675324675324678,0.9837816952326569,0.0,0.12476317627506725
train_leave_one_out,train_train,AGC_015,AGC_069,2,11,0.9633826852711093,0.9448051948051949,0.9790289560283957,0.0,0.15366642245469528
train_leave_one_out,train_train,AGC_015,AGC_005,3,11,0.9764951661594069,0.9828333572017764,0.9764951661594069,0.0,0.14468443035216014
train_leave_one_out,train_train,AGC_015,AGC_053,4,11,0.9383612400567408,0.9512987012987014,0.9760244599017828,0.0,0.19172630266865595
train_leave_one_out,train_train,AGC_015,AGC_013,5,11,0.9758390671315257,0.9772727272727274,0.9758390671315257,0.0,0.14629258002470247
train_leave_one_out,train_train,AGC_017,AGC_176,1,11,0.9765588856037136,0.9285714285714287,0.9765588856037136,0.0,0.14509776479211334
train_leave_one_out,train_train,AGC_017,AGC_127,2,11,0.8988330972789029,0.8589572231442328,0.9739215059489265,0.0,0.18612560233935052
train_leave_one_out,train_train,AGC_017,AGC_060,3,11,0.9211475547280404,0.9090909090909093,0.9732790647407131,0.0,0.17758054001091098
train_leave_one_out,train_train,AGC_017,AGC_189,4,11,0.9296468400462925,0.8993506493506495,0.9719595157578166,0.0,0.19249152745917633
train_leave_one_out,train_train,AGC_017,AGC_171,5,11,0.9437034760315846,0.9220779220779222,0.9712605338175284,0.0,0.16661924904441172
train_leave_one_out,train_train,AGC_018,AGC_022,1,11,0.9322774281876748,0.9404198841253701,0.978629391486366,0.0,0.13812206310468875
train_leave_one_out,train_train,AGC_018,AGC_146,2,11,0.8422715763784819,0.8372509759251094,0.973302531178454,0.0,0.18550243787874637
train_leave_one_out,train_train,AGC_018,AGC_045,3,11,0.9685378547877556,0.9618029185509568,0.9685378547877556,0.0,0.1918820323691172
train_leave_one_out,train_train,AGC_018,AGC_014,4,11,0.858259561106964,0.8390947249077155,0.9676807905030401,0.0,0.22386167914456404
train_leave_one_out,train_train,AGC_018,AGC_125,5,11,0.8397456224154294,0.7868822261285882,0.966737648977173,0.0,0.23971303592161416
train_leave_one_out,train_train,AGC_019,AGC_103,1,11,0.9860589729798828,0.9772727272727273,0.9860589729798828,0.0,0.13371617589936793
train_leave_one_out,train_train,AGC_019,AGC_020,2,11,0.9797775191715812,0.9667171228929327,0.9797775191715812,0.0,0.12996038707375288
train_leave_one_out,train_train,AGC_019,AGC_187,3,11,0.9740368583844391,0.9189780837373219,0.9740368583844391,0.0,0.15713169496918655
train_leave_one_out,train_train,AGC_019,AGC_044,4,11,0.9612007928238502,0.9545454545454547,0.9612007928238502,0.0,0.1903209595037583
train_leave_one_out,train_train,AGC_019,AGC_160,5,11,0.24833630252433062,0.5389610389610392,0.9524030331644077,2.0,0.8092446913248185
train_leave_one_out,train_train,AGC_020,AGC_019,1,11,0.9797775191715812,0.9667171228929327,0.9797775191715812,0.0,0.12996038707375288
train_leave_one_out,train_train,AGC_020,AGC_103,2,11,0.971036718328309,0.94398985016566,0.971036718328309,0.0,0.1414449840605368
train_leave_one_out,train_train,AGC_020,AGC_044,3,11,0.9677972815913619,0.94398985016566,0.9677972815913619,0.0,0.15320457698792878
train_leave_one_out,train_train,AGC_020,AGC_187,4,11,0.9623595196457418,0.9394576245796821,0.9623595196457418,0.0,0.1375543893038175
train_leave_one_out,train_train,AGC_020,AGC_160,5,11,0.26803261147504304,0.4972233744529365,0.9615688015726931,2.0,0.7856591892163266
train_leave_one_out,train_train,AGC_021,AGC_097,1,11,0.9955062018451233,0.9740259740259741,0.9955062018451233,0.0,0.05988090248110449
train_leave_one_out,train_train,AGC_021,AGC_179,2,11,0.9849278442798702,0.9480519480519483,0.9849278442798702,0.0,0.1004297792932337
train_leave_one_out,train_train,AGC_021,AGC_124,3,11,0.9847985502398822,0.9448051948051951,0.9847985502398822,0.0,0.12058755190035152
train_leave_one_out,train_train,AGC_021,AGC_161,4,11,0.9758480020388155,0.9545454545454549,0.9758480020388155,0.0,0.16615389344701834
train_leave_one_out,train_train,AGC_021,AGC_053,5,11,0.9064388067439243,0.8993506493506497,0.9747622490873717,0.0,0.2683064507570086
train_leave_one_out,train_train,AGC_022,AGC_018,1,11,0.9322774281876748,0.9404198841253701,0.978629391486366,0.0,0.13812206310468875
train_leave_one_out,train_train,AGC_022,AGC_171,2,11,0.9761312806445983,0.957792207792208,0.9761312806445983,0.0,0.16618066861946665
train_leave_one_out,train_train,AGC_022,AGC_032,3,11,0.9698675280248975,0.9545454545454547,0.9698675280248975,0.0,0.18788925518299282
train_leave_one_out,train_train,AGC_022,AGC_014,4,11,0.8791134370600765,0.8603896103896106,0.9684979954216097,0.0,0.21087802398482533
train_leave_one_out,train_train,AGC_022,AGC_104,5,11,0.9534392111264579,0.9155844155844157,0.9670534811183501,0.0,0.1855409788627089
train_leave_one_out,train_train,AGC_023,AGC_172,1,11,0.7198866890597609,0.7532467532467535,0.9763271936230615,1.0,0.33035349829939026
train_leave_one_out,train_train,AGC_023,AGC_054,2,11,0.967731574221801,0.9545454545454547,0.967731574221801,0.0,0.16482553459369662
train_leave_one_out,train_train,AGC_023,AGC_014,3,11,0.8197634713664269,0.8051948051948054,0.9674185932684515,0.0,0.3126970156031056
train_leave_one_out,train_train,AGC_023,AGC_187,4,11,0.9656877721561479,0.9355056797833943,0.9656877721561479,0.0,0.1808900479183077
train_leave_one_out,train_train,AGC_023,AGC_044,5,11,0.9233997151218364,0.892857142857143,0.9624299045291497,0.0,0.2085934227614825
train_leave_one_out,train_train,AGC_024,AGC_077,1,11,0.9829334902190965,0.9285714285714288,0.9829334902190965,0.0,0.1411032235517165
train_leave_one_out,train_train,AGC_024,AGC_132,2,11,0.9496376592928105,0.9285714285714287,0.9751748640250468,0.0,0.16491239051176795
train_leave_one_out,train_train,AGC_024,AGC_100,3,11,0.9224808296742392,0.8981827089363473,0.9737760870767477,0.0,0.23011693752808995
train_leave_one_out,train_train,AGC_024,AGC_013,4,11,0.9506560349630656,0.9318181818181821,0.972014720494212,0.0,0.16174530372449794
train_leave_one_out,train_train,AGC_024,AGC_069,5,11,0.9709690778211371,0.9220779220779224,0.9715558637466849,0.0,0.15775885625657915
train_leave_one_out,train_train,AGC_026,AGC_189,1,11,0.9707305027795692,0.8961038961038965,0.9707305027795692,0.0,0.15763633197823929
train_leave_one_out,train_train,AGC_026,AGC_012,2,11,0.95776024556916,0.8571428571428573,0.9693948097362195,0.0,0.22925629508317533
train_leave_one_out,train_train,AGC_026,AGC_017,3,11,0.950322185924184,0.8766233766233769,0.9670211677093647,0.0,0.17785260926407043
train_leave_one_out,train_train,AGC_026,AGC_133,4,11,0.9597096778600753,0.853896103896104,0.9642764495798289,0.0,0.19273321731564416
train_leave_one_out,train_train,AGC_026,AGC_013,5,11,0.9332679557007552,0.87987012987013,0.9642056555841307,-1.0,0.27938038348805844
train_leave_one_out,train_train,AGC_032,AGC_083,1,11,0.9445911049095098,0.9534362800936137,0.9861982288199763,0.0,0.1390906248408683
train_leave_one_out,train_train,AGC_032,AGC_140,2,11,0.8617822838952559,0.8558441558441561,0.9734134620729261,0.0,0.18657752823182985
train_leave_one_out,train_train,AGC_032,AGC_164,3,11,0.970881681595471,0.9448051948051951,0.970881681595471,0.0,0.17364094283676643
train_leave_one_out,train_train,AGC_032,AGC_171,4,11,0.9706953010588975,0.931818181818182,0.9706953010588975,0.0,0.19175482788453155
train_leave_one_out,train_train,AGC_032,AGC_022,5,11,0.9698675280248975,0.9545454545454547,0.9698675280248975,0.0,0.18788925518299282
train_leave_one_out,train_train,AGC_033,AGC_072,1,11,0.9770550139229305,0.957792207792208,0.9820433600375625,0.0,0.12484040998085176
train_leave_one_out,train_train,AGC_033,AGC_162,2,11,0.9745550407858985,0.9610389610389611,0.9784266286834129,0.0,0.17751838495321653
train_leave_one_out,train_train,AGC_033,AGC_132,3,11,0.9665798312915441,0.9415584415584419,0.9781752840401627,0.0,0.16557393615737265
train_leave_one_out,train_train,AGC_033,AGC_013,4,11,0.9694179874635832,0.9480519480519483,0.9759660128068066,0.0,0.15901127951717156
train_leave_one_out,train_train,AGC_033,AGC_066,5,11,0.9722070621562637,0.9577922077922082,0.9722070621562637,0.0,0.178885807798553
train_leave_one_out,train_train,AGC_034,AGC_038,1,11,0.9754804578557718,0.9383116883116887,0.9754804578557718,0.0,0.17125294058711069
train_leave_one_out,train_train,AGC_034,AGC_045,2,11,0.9182508259455905,0.8636363636363638,0.9750605605435219,0.0,0.20685387342965827
train_leave_one_out,train_train,AGC_034,AGC_083,3,11,0.8873732375271447,0.8656602561682692,0.9734102492772103,0.0,0.20285493496928944
train_leave_one_out,train_train,AGC_034,AGC_178,4,11,0.8790852526745997,0.7525974025974027,0.9599071991689871,0.0,0.259223118422656
train_leave_one_out,train_train,AGC_034,AGC_146,5,11,0.8614246935202943,0.8240259740259742,0.9580508077361387,0.0,0.20182472362327503
train_leave_one_out,train_train,AGC_035,AGC_197,1,11,0.949441590895874,0.9090909090909093,0.9804835255496317,0.0,0.13928086343541726
train_leave_one_out,train_train,AGC_035,AGC_101,2,11,0.9431970365560033,0.8896103896103896,0.978174408306034,0.0,0.16662622356466164
train_leave_one_out,train_train,AGC_035,AGC_102,3,11,0.9495434051519962,0.9253246753246755,0.9769363103195733,0.0,0.15246317731810644
train_leave_one_out,train_train,AGC_035,AGC_058,4,11,0.9215934873344537,0.8899336024039265,0.9753296065482681,0.0,0.17522264289024297
train_leave_one_out,train_train,AGC_035,AGC_047,5,11,0.9700563187965358,0.9253246753246755,0.9700563187965358,0.0,0.14581355558865775
train_leave_one_out,train_train,AGC_037,AGC_064,1,11,0.928611325529297,0.9155844155844157,0.9816569473042456,0.0,0.18140939168777578
train_leave_one_out,train_train,AGC_037,AGC_006,2,11,0.9519859725716713,0.9253246753246757,0.979949361173957,0.0,0.13860133230749383
train_leave_one_out,train_train,AGC_037,AGC_164,3,11,0.9253921512785276,0.9090909090909091,0.9735734415714797,0.0,0.14558302474826698
train_leave_one_out,train_train,AGC_037,AGC_054,4,11,0.903607539970707,0.9025974025974027,0.9717333712181332,0.0,0.1941607758803931
train_leave_one_out,train_train,AGC_037,AGC_046,5,11,0.8896359163859586,0.8961038961038962,0.9714443268782115,0.0,0.19079409102514058
train_leave_one_out,train_train,AGC_038,AGC_140,1,11,0.8675711289786616,0.8433548123387868,0.9810643377122074,0.0,0.18855025912115767
train_leave_one_out,train_train,AGC_038,AGC_034,2,11,0.9754804578557718,0.9383116883116887,0.9754804578557718,0.0,0.17125294058711069
train_leave_one_out,train_train,AGC_038,AGC_083,3,11,0.917246463422483,0.8703659976387251,0.9662416636772466,0.0,0.18850406078181392
train_leave_one_out,train_train,AGC_038,AGC_054,4,11,0.9091331622950647,0.8473438314401364,0.9620892372391054,0.0,0.23256715788998905
train_leave_one_out,train_train,AGC_038,AGC_045,5,11,0.8655267226065576,0.8620276785036025,0.9569200996369207,0.0,0.2638709423306806
train_leave_one_out,train_train,AGC_040,AGC_068,1,11,0.9817983646257775,0.974701782594278,0.9817983646257775,0.0,0.1033584070663356
train_leave_one_out,train_train,AGC_040,AGC_057,2,11,0.9412298159698295,0.9220779220779224,0.9815817323951174,0.0,0.17534831002661885
train_leave_one_out,train_train,AGC_040,AGC_163,3,11,0.9799639682834342,0.983766233766234,0.9799639682834342,0.0,0.1430251623370499
train_leave_one_out,train_train,AGC_040,AGC_157,4,11,0.9784286748955481,0.9805194805194806,0.9784286748955481,0.0,0.16621062651069815
train_leave_one_out,train_train,AGC_040,AGC_169,5,11,0.9778487956799758,0.9675324675324678,0.9778487956799758,0.0,0.16187785284129544
train_leave_one_out,train_train,AGC_041,AGC_018,1,11,0.8640613611543302,0.8295013800736086,0.9593320643399362,0.0,0.24470619674839342
train_leave_one_out,train_train,AGC_041,AGC_166,2,11,0.8879697385017745,0.892857142857143,0.958925072386496,0.0,0.18365909645205913
train_leave_one_out,train_train,AGC_041,AGC_180,3,11,0.9505091917483598,0.9448051948051951,0.9505091917483598,0.0,0.17956918603270142
train_leave_one_out,train_train,AGC_041,AGC_144,4,11,0.9459111998176565,0.9480519480519483,0.9459111998176565,0.0,0.1807760259234424
train_leave_one_out,train_train,AGC_041,AGC_160,5,11,0.45033223945065576,0.5584415584415585,0.9454664104698537,2.0,0.6694366278450917
train_leave_one_out,train_train,AGC_044,AGC_103,1,11,0.9714841102382441,0.9772727272727274,0.9714841102382441,0.0,0.13828861602482115
train_leave_one_out,train_train,AGC_044,AGC_020,2,11,0.9677972815913619,0.94398985016566,0.9677972815913619,0.0,0.15320457698792878
train_leave_one_out,train_train,AGC_044,AGC_121,3,11,0.6455997027698277,0.7240259740259741,0.9657295672575785,1.0,0.3054384229657313
train_leave_one_out,train_train,AGC_044,AGC_023,4,11,0.9233997151218364,0.892857142857143,0.9624299045291497,0.0,0.2085934227614825
train_leave_one_out,train_train,AGC_044,AGC_160,5,11,0.3716323145910938,0.5876623376623378,0.9616672007193622,2.0,0.7127257622277599
train_leave_one_out,train_train,AGC_045,AGC_006,1,11,0.8758912623404244,0.87987012987013,0.9866113815695979,0.0,0.1794370417316532
train_leave_one_out,train_train,AGC_045,AGC_034,2,11,0.9182508259455905,0.8636363636363638,0.9750605605435219,0.0,0.20685387342965827
train_leave_one_out,train_train,AGC_045,AGC_064,3,11,0.8488672187652817,0.8668831168831169,0.9743513555699205,0.0,0.18917330311605526
train_leave_one_out,train_train,AGC_045,AGC_146,4,11,0.8278544467809014,0.7824675324675326,0.9740358747656818,0.0,0.18194433170484475
train_leave_one_out,train_train,AGC_045,AGC_090,5,11,0.972253409654729,0.9090909090909093,0.972253409654729,0.0,0.17643350072931918
train_leave_one_out,train_train,AGC_046,AGC_064,1,11,0.9145759888901341,0.9512987012987014,0.9800427903779162,0.0,0.1681373906573088
train_leave_one_out,train_train,AGC_046,AGC_140,2,11,0.8924370503631889,0.8668831168831169,0.9743939865269637,0.0,0.15738437105575717
train_leave_one_out,train_train,AGC_046,AGC_037,3,11,0.8896359163859586,0.8961038961038962,0.9714443268782115,0.0,0.19079409102514058
train_leave_one_out,train_train,AGC_046,AGC_054,4,11,0.9679423637168312,0.9448051948051951,0.9679423637168312,0.0,0.1981981486038669
train_leave_one_out,train_train,AGC_046,AGC_092,5,11,0.5146388550649541,0.707792207792208,0.9662814485366797,2.0,0.5808898288912064
train_leave_one_out,train_train,AGC_047,AGC_101,1,11,0.9835584359712294,0.9480519480519483,0.9835584359712294,0.0,0.13279104177946122
train_leave_one_out,train_train,AGC_047,AGC_102,2,11,0.9816578414860054,0.9610389610389614,0.9816578414860054,0.0,0.13319716232370424
train_leave_one_out,train_train,AGC_047,AGC_197,3,11,0.978910005485685,0.957792207792208,0.978910005485685,0.0,0.14255038979676193
train_leave_one_out,train_train,AGC_047,AGC_008,4,11,0.9728433808346909,0.9675324675324678,0.9728433808346909,0.0,0.17550337230171334
train_leave_one_out,train_train,AGC_047,AGC_138,5,11,0.9720095411988635,0.9675324675324677,0.9720095411988635,0.0,0.15347885319313936
train_leave_one_out,train_train,AGC_048,AGC_172,1,11,0.9616118434355044,0.9610389610389615,0.983200541681234,0.0,0.1462650177389987
train_leave_one_out,train_train,AGC_048,AGC_004,2,11,0.9828790420093327,0.9535538120185362,0.9828790420093327,0.0,0.12358876744615092
train_leave_one_out,train_train,AGC_048,AGC_058,3,11,0.9610450289438095,0.9535831949997668,0.9753677019843601,0.0,0.13803033340593773
train_leave_one_out,train_train,AGC_048,AGC_193,4,11,0.9195682778646369,0.9415584415584416,0.9739561754248206,0.0,0.17668055566228316
train_leave_one_out,train_train,AGC_048,AGC_112,5,11,0.9540534728721827,0.9253246753246755,0.9728047293985203,0.0,0.17002082223058748
train_leave_one_out,train_train,AGC_049,AGC_015,1,11,0.9837816952326569,0.9675324675324678,0.9837816952326569,0.0,0.12476317627506725
train_leave_one_out,train_train,AGC_049,AGC_013,2,11,0.9713393255993453,0.970779220779221,0.9797280995153408,0.0,0.16827745137998337
train_leave_one_out,train_train,AGC_049,AGC_077,3,11,0.9624177045184424,0.9448051948051951,0.9791053709710348,0.0,0.16797599076396577
train_leave_one_out,train_train,AGC_049,AGC_053,4,11,0.9457966180118164,0.957792207792208,0.978862213361755,0.0,0.1816230828384101
train_leave_one_out,train_train,AGC_049,AGC_057,5,11,0.9753965745924787,0.9805194805194806,0.9787692578736041,0.0,0.13066257953623966
train_leave_one_out,train_train,AGC_051,AGC_151,1,11,0.9696844043122556,0.9740259740259741,0.9765531794797476,0.0,0.14720649274114947
train_leave_one_out,train_train,AGC_051,AGC_152,2,11,0.975805403739336,0.9642857142857143,0.975805403739336,0.0,0.1673932874661485
train_leave_one_out,train_train,AGC_051,AGC_059,3,11,0.9753336863676332,0.9698757271959941,0.9753336863676332,0.0,0.14738605912602928
train_leave_one_out,train_train,AGC_051,AGC_134,4,11,0.9671391538330592,0.9383116883116884,0.9671391538330592,0.0,0.16295042996661627
train_leave_one_out,train_train,AGC_051,AGC_166,5,11,0.8299719400252372,0.8246753246753248,0.9608261631840339,0.0,0.23970066480137292
train_leave_one_out,train_train,AGC_053,AGC_099,1,11,0.9486870477822223,0.9350649350649353,0.9906187383529536,0.0,0.17844059377051238
train_leave_one_out,train_train,AGC_053,AGC_141,2,11,0.9285307745942426,0.9285714285714287,0.9804013300844135,0.0,0.17822018624411862
train_leave_one_out,train_train,AGC_053,AGC_049,3,11,0.9457966180118164,0.957792207792208,0.978862213361755,0.0,0.1816230828384101
train_leave_one_out,train_train,AGC_053,AGC_124,4,11,0.9168532732122379,0.9058441558441561,0.977168640758035,0.0,0.2687244981397898
train_leave_one_out,train_train,AGC_053,AGC_015,5,11,0.9383612400567408,0.9512987012987014,0.9760244599017828,0.0,0.19172630266865595
train_leave_one_out,train_train,AGC_054,AGC_064,1,11,0.9062132525306684,0.9155844155844158,0.9850887944053806,0.0,0.13310770570311423
train_leave_one_out,train_train,AGC_054,AGC_123,2,11,0.9806627919527755,0.9707792207792209,0.9806627919527755,0.0,0.13132786227354212
train_leave_one_out,train_train,AGC_054,AGC_037,3,11,0.903607539970707,0.9025974025974027,0.9717333712181332,0.0,0.1941607758803931
train_leave_one_out,train_train,AGC_054,AGC_146,4,11,0.8605990899435993,0.7987012987012989,0.9687801539276162,0.0,0.19615814474179472
train_leave_one_out,train_train,AGC_054,AGC_046,5,11,0.9679423637168312,0.9448051948051951,0.9679423637168312,0.0,0.1981981486038669
train_leave_one_out,train_train,AGC_055,AGC_062,1,11,0.9727782790384881,0.8701298701298704,0.9727782790384881,0.0,0.17612949190561145
train_leave_one_out,train_train,AGC_055,AGC_073,2,11,0.9712248583012072,0.8788784873432114,0.9712248583012072,0.0,0.17717977691388231
train_leave_one_out,train_train,AGC_055,AGC_115,3,11,0.9658904376596383,0.8474025974025975,0.9658904376596383,0.0,0.18864108480556654
train_leave_one_out,train_train,AGC_055,AGC_195,4,11,0.9628611207710093,0.8831168831168834,0.9628611207710093,0.0,0.17112051609559906
train_leave_one_out,train_train,AGC_055,AGC_060,5,11,0.9626310145837128,0.8668831168831171,0.9626310145837128,0.0,0.1958814162244953
train_leave_one_out,train_train,AGC_056,AGC_111,1,11,0.985007945318738,0.9602236163994263,0.985007945318738,0.0,0.13584629429719258
train_leave_one_out,train_train,AGC_056,AGC_135,2,11,0.9831840665763867,0.9512987012987014,0.9831840665763867,0.0,0.14843627599493658
train_leave_one_out,train_train,AGC_056,AGC_100,3,11,0.9443188377780314,0.9746430166318167,0.9758603030264476,0.0,0.18730566580770638
train_leave_one_out,train_train,AGC_056,AGC_139,4,11,0.8785835135786549,0.8668831168831171,0.9751743286218004,-1.0,0.25126288029978755
train_leave_one_out,train_train,AGC_056,AGC_092,5,11,0.8221438275258369,0.87987012987013,0.9745280092435501,2.0,0.3504101919013274
train_leave_one_out,train_train,AGC_057,AGC_135,1,11,0.9858246117722355,0.970779220779221,0.9858246117722355,0.0,0.1100223846364055
train_leave_one_out,train_train,AGC_057,AGC_040,2,11,0.9412298159698295,0.9220779220779224,0.9815817323951174,0.0,0.17534831002661885
train_leave_one_out,train_train,AGC_057,AGC_111,3,11,0.9809009398938664,0.9699344931584555,0.9809009398938664,0.0,0.12595728487392385
train_leave_one_out,train_train,AGC_057,AGC_169,4,11,0.9572693956743269,0.9318181818181821,0.9802000735947604,0.0,0.15960873939401485
train_leave_one_out,train_train,AGC_057,AGC_069,5,11,0.9801890947589821,0.9675324675324677,0.9801890947589821,0.0,0.1392622738044255
train_leave_one_out,train_train,AGC_058,AGC_048,1,11,0.9610450289438095,0.9535831949997668,0.9753677019843601,0.0,0.13803033340593773
train_leave_one_out,train_train,AGC_058,AGC_035,2,11,0.9215934873344537,0.8899336024039265,0.9753296065482681,0.0,0.17522264289024297
train_leave_one_out,train_train,AGC_058,AGC_125,3,11,0.683143471233124,0.7030543013376157,0.9721694589133644,-1.0,0.34103025314949287
train_leave_one_out,train_train,AGC_058,AGC_172,4,11,0.9590389312779265,0.9357407436332391,0.9696021299914658,0.0,0.18002176352608726
train_leave_one_out,train_train,AGC_058,AGC_148,5,11,0.8697269607045844,0.8675001594889596,0.9694478840178594,0.0,0.24903782271197958
train_leave_one_out,train_train,AGC_059,AGC_051,1,11,0.9753336863676332,0.9698757271959941,0.9753336863676332,0.0,0.14738605912602928
train_leave_one_out,train_train,AGC_059,AGC_121,2,11,0.7211911791378954,0.7665275960460725,0.9688506896251687,1.0,0.33212837210440666
train_leave_one_out,train_train,AGC_059,AGC_058,3,11,0.7236880176026793,0.7619244391971666,0.9673177873420792,-1.0,0.3066401233764446
train_leave_one_out,train_train,AGC_059,AGC_152,4,11,0.9658383471505053,0.9503952077154747,0.9658383471505053,0.0,0.22073172289692644
train_leave_one_out,train_train,AGC_059,AGC_007,5,11,0.8156839054010341,0.7861787405905993,0.9641349543723379,0.0,0.3130277410756372
train_leave_one_out,train_train,AGC_060,AGC_127,1,11,0.9880298141494298,0.9503952077154747,0.9880298141494298,0.0,0.1031114318214862
train_leave_one_out,train_train,AGC_060,AGC_176,2,11,0.9309927546695803,0.931818181818182,0.9838402576948343,0.0,0.16968069578978037
train_leave_one_out,train_train,AGC_060,AGC_012,3,11,0.9477074944204606,0.9155844155844157,0.980577818272506,0.0,0.16512709399360245
train_leave_one_out,train_train,AGC_060,AGC_017,4,11,0.9211475547280404,0.9090909090909093,0.9732790647407131,0.0,0.17758054001091098
train_leave_one_out,train_train,AGC_060,AGC_024,5,11,0.9680687083013716,0.9025974025974027,0.9680687083013716,0.0,0.20383874647230057
train_leave_one_out,train_train,AGC_062,AGC_115,1,11,0.9860211340177334,0.9740259740259742,0.9860211340177334,0.0,0.12666142941988381
train_leave_one_out,train_train,AGC_062,AGC_139,2,11,0.982925032180963,0.9805194805194808,0.982925032180963,0.0,0.12915542554238602
train_leave_one_out,train_train,AGC_062,AGC_073,3,11,0.9780418479127593,0.9438723182407376,0.9780418479127593,0.0,0.1545801680926726
train_leave_one_out,train_train,AGC_062,AGC_055,4,11,0.9727782790384881,0.8701298701298704,0.9727782790384881,0.0,0.17612949190561145
train_leave_one_out,train_train,AGC_062,AGC_008,5,11,0.9695812647990384,0.8993506493506497,0.9695812647990384,0.0,0.18310351069197048
train_leave_one_out,train_train,AGC_064,AGC_054,1,11,0.9062132525306684,0.9155844155844158,0.9850887944053806,0.0,0.13310770570311423
train_leave_one_out,train_train,AGC_064,AGC_037,2,11,0.928611325529297,0.9155844155844157,0.9816569473042456,0.0,0.18140939168777578
train_leave_one_out,train_train,AGC_064,AGC_046,3,11,0.9145759888901341,0.9512987012987014,0.9800427903779162,0.0,0.1681373906573088
train_leave_one_out,train_train,AGC_064,AGC_119,4,11,0.9752623523942769,0.9545454545454547,0.9752623523942769,0.0,0.14014462276914533
train_leave_one_out,train_train,AGC_064,AGC_045,5,11,0.8488672187652817,0.8668831168831169,0.9743513555699205,0.0,0.18917330311605526
train_leave_one_out,train_train,AGC_066,AGC_040,1,11,0.9725016053752028,0.9642857142857143,0.9725016053752028,0.0,0.18980746269824691
train_leave_one_out,train_train,AGC_066,AGC_033,2,11,0.9722070621562637,0.9577922077922082,0.9722070621562637,0.0,0.178885807798553
train_leave_one_out,train_train,AGC_066,AGC_068,3,11,0.969663875771428,0.9585267823229731,0.969663875771428,0.0,0.18937415815210198
train_leave_one_out,train_train,AGC_066,AGC_117,4,11,0.9529156866770214,0.9350649350649352,0.9646986993391621,0.0,0.1973843413837131
train_leave_one_out,train_train,AGC_066,AGC_056,5,11,0.9641443936319543,0.9253246753246755,0.9641443936319543,0.0,0.21332381389245694
train_leave_one_out,train_train,AGC_067,AGC_080,1,11,0.962468497475247,0.9331168831168832,0.9788952059864616,0.0,0.19188503737803583
train_leave_one_out,train_train,AGC_067,AGC_140,2,11,0.8850098544839415,0.8655844155844158,0.9766566342717403,0.0,0.2231214843600619
train_leave_one_out,train_train,AGC_067,AGC_007,3,11,0.9501528324493084,0.870779220779221,0.9501528324493084,0.0,0.2245722909624315
train_leave_one_out,train_train,AGC_067,AGC_078,4,11,0.9346243339140599,0.9075931949593813,0.9466688804403227,0.0,0.25888456597470183
train_leave_one_out,train_train,AGC_067,AGC_148,5,11,0.8740471188682186,0.8942704510184893,0.9458698610518176,0.0,0.2927656744536866
train_leave_one_out,train_train,AGC_068,AGC_117,1,11,0.9561752122321234,0.9812246720690151,0.984430520401916,0.0,0.14297890340029779
train_leave_one_out,train_train,AGC_068,AGC_169,2,11,0.982139624321198,0.9486396076765604,0.982139624321198,0.0,0.14769417412699218
train_leave_one_out,train_train,AGC_068,AGC_163,3,11,0.9819974351237832,0.9763104677270394,0.9819974351237832,0.0,0.1254978951832662
train_leave_one_out,train_train,AGC_068,AGC_040,4,11,0.9817983646257775,0.974701782594278,0.9817983646257775,0.0,0.1033584070663356
train_leave_one_out,train_train,AGC_068,AGC_141,5,11,0.9792642601319718,0.9566830333403669,0.9792642601319718,0.0,0.1585197621557866
train_leave_one_out,train_train,AGC_069,AGC_013,1,11,0.971146927495604,0.9545454545454547,0.9916408109271952,0.0,0.0914711378310317
train_leave_one_out,train_train,AGC_069,AGC_057,2,11,0.9801890947589821,0.9675324675324677,0.9801890947589821,0.0,0.1392622738044255
train_leave_one_out,train_train,AGC_069,AGC_077,3,11,0.9778088898610803,0.9350649350649353,0.980129474029313,0.0,0.12752639395316262
train_leave_one_out,train_train,AGC_069,AGC_072,4,11,0.9661330019532168,0.9577922077922079,0.9794460262031119,0.0,0.13954382628975429
train_leave_one_out,train_train,AGC_069,AGC_015,5,11,0.9633826852711093,0.9448051948051949,0.9790289560283957,0.0,0.15366642245469528
train_leave_one_out,train_train,AGC_070,AGC_170,1,11,0.9782430069561395,0.9220779220779224,0.9782430069561395,0.0,0.16140264718067807
train_leave_one_out,train_train,AGC_070,AGC_135,2,11,0.9641044616240546,0.931818181818182,0.9641044616240546,0.0,0.16950127076986587
train_leave_one_out,train_train,AGC_070,AGC_111,3,11,0.9621827865293849,0.9341026755192471,0.9621827865293849,0.0,0.16113668240362228
train_leave_one_out,train_train,AGC_070,AGC_022,4,11,0.7896961231049505,0.788961038961039,0.9612203967562766,1.0,0.33188210472500335
train_leave_one_out,train_train,AGC_070,AGC_169,5,11,0.9606997351911196,0.9090909090909093,0.9606997351911196,0.0,0.21009842790217326
train_leave_one_out,train_train,AGC_072,AGC_013,1,11,0.9905666054967778,0.9642857142857145,0.9905666054967778,0.0,0.09481215135304279
train_leave_one_out,train_train,AGC_072,AGC_132,2,11,0.9857719559709086,0.9675324675324678,0.9857719559709086,0.0,0.1056153039810146
train_leave_one_out,train_train,AGC_072,AGC_033,3,11,0.9770550139229305,0.957792207792208,0.9820433600375625,0.0,0.12484040998085176
train_leave_one_out,train_train,AGC_072,AGC_162,4,11,0.9689936516961274,0.9545454545454549,0.9808047876131639,0.0,0.1609031721527515
train_leave_one_out,train_train,AGC_072,AGC_069,5,11,0.9661330019532168,0.9577922077922079,0.9794460262031119,0.0,0.13954382628975429
train_leave_one_out,train_train,AGC_073,AGC_115,1,11,0.9878268785428784,0.9439310842031989,0.9878268785428784,0.0,0.11708522503404627
train_leave_one_out,train_train,AGC_073,AGC_062,2,11,0.9780418479127593,0.9438723182407376,0.9780418479127593,0.0,0.1545801680926726
train_leave_one_out,train_train,AGC_073,AGC_165,3,11,0.9293541869186509,0.8804284065135114,0.9746200054282826,0.0,0.2066153274181885
train_leave_one_out,train_train,AGC_073,AGC_139,4,11,0.9745423889028054,0.9601060844745039,0.9745423889028054,0.0,0.15375657802349446
train_leave_one_out,train_train,AGC_073,AGC_055,5,11,0.9712248583012072,0.8788784873432114,0.9712248583012072,0.0,0.17717977691388231
train_leave_one_out,train_train,AGC_074,AGC_079,1,11,0.9606768623567938,0.9545454545454549,0.9606768623567938,0.0,0.21364810631649903
train_leave_one_out,train_train,AGC_074,AGC_121,2,11,0.8717359688019194,0.8246753246753248,0.958773986106549,0.0,0.21736120154724164
train_leave_one_out,train_train,AGC_074,AGC_114,3,11,0.9534991883717129,0.9415584415584419,0.9534991883717129,0.0,0.25205140605186355
train_leave_one_out,train_train,AGC_074,AGC_058,4,11,0.9024889681002036,0.8980357940301942,0.9484294042878996,0.0,0.2477077941134924
train_leave_one_out,train_train,AGC_074,AGC_125,5,11,0.7264370964610252,0.7175324675324677,0.9450728039604489,-1.0,0.35044379799878117
train_leave_one_out,train_train,AGC_077,AGC_024,1,11,0.9829334902190965,0.9285714285714288,0.9829334902190965,0.0,0.1411032235517165
train_leave_one_out,train_train,AGC_077,AGC_013,2,11,0.9677871984604884,0.9383116883116887,0.981497457774518,0.0,0.13367538231106046
train_leave_one_out,train_train,AGC_077,AGC_132,3,11,0.9620725159422755,0.9350649350649352,0.9807207173235301,0.0,0.14248557997588585
train_leave_one_out,train_train,AGC_077,AGC_069,4,11,0.9778088898610803,0.9350649350649353,0.980129474029313,0.0,0.12752639395316262
train_leave_one_out,train_train,AGC_077,AGC_049,5,11,0.9624177045184424,0.9448051948051951,0.9791053709710348,0.0,0.16797599076396577
train_leave_one_out,train_train,AGC_078,AGC_080,1,11,0.9778053290628954,0.9230228057320297,0.9778053290628954,0.0,0.1717284434709776
train_leave_one_out,train_train,AGC_078,AGC_166,2,11,0.7083003420627143,0.797203584569771,0.9642894915205787,-1.0,0.33587923459285945
train_leave_one_out,train_train,AGC_078,AGC_148,3,11,0.964075830725071,0.9368422873362063,0.964075830725071,0.0,0.109755086289629
train_leave_one_out,train_train,AGC_078,AGC_121,4,11,0.9204682079315462,0.8745994840914715,0.953524815425721,0.0,0.1774592638728347
train_leave_one_out,train_train,AGC_078,AGC_051,5,11,0.6684864103179625,0.7043558530858212,0.9511884958527935,1.0,0.3553075844009415
train_leave_one_out,train_train,AGC_079,AGC_140,1,11,0.8619654080584112,0.822727272727273,0.9823418685729867,0.0,0.20090715697723735
train_leave_one_out,train_train,AGC_079,AGC_114,2,11,0.9788454518087218,0.9350649350649353,0.9788454518087218,0.0,0.14198610909745998
train_leave_one_out,train_train,AGC_079,AGC_101,3,11,0.9073814000948643,0.8701298701298703,0.9715200341771674,0.0,0.21063226160316287
train_leave_one_out,train_train,AGC_079,AGC_001,4,11,0.8137826375821601,0.8487012987012986,0.9706318146130072,-1.0,0.34523009406753674
train_leave_one_out,train_train,AGC_079,AGC_102,5,11,0.9174707317078551,0.8896103896103899,0.9692479207665419,0.0,0.1937561936566761
train_leave_one_out,train_train,AGC_080,AGC_067,1,11,0.962468497475247,0.9331168831168832,0.9788952059864616,0.0,0.19188503737803583
train_leave_one_out,train_train,AGC_080,AGC_078,2,11,0.9778053290628954,0.9230228057320297,0.9778053290628954,0.0,0.1717284434709776
train_leave_one_out,train_train,AGC_080,AGC_148,3,11,0.9687485597459093,0.9336002397760496,0.9687485597459093,0.0,0.16772018859682347
train_leave_one_out,train_train,AGC_080,AGC_037,4,11,0.7911777815064718,0.7551948051948053,0.960912461884892,0.0,0.28828627514142147
train_leave_one_out,train_train,AGC_080,AGC_140,5,11,0.8912997679448588,0.8467532467532469,0.9552519153977937,0.0,0.2177433569374527
train_leave_one_out,train_train,AGC_081,AGC_001,1,11,0.7661374212948481,0.8597402597402598,0.9568759249985146,-1.0,0.34508229485076136
train_leave_one_out,train_train,AGC_081,AGC_083,2,11,0.9546484259503671,0.9309734541974165,0.9546484259503671,0.0,0.22088437681943185
train_leave_one_out,train_train,AGC_081,AGC_131,3,11,0.8417777654899242,0.8214285714285715,0.9520345809564975,0.0,0.26379950827532417
train_leave_one_out,train_train,AGC_081,AGC_002,4,11,0.685297071040742,0.7240259740259742,0.9410488373520554,1.0,0.4032380508509414
train_leave_one_out,train_train,AGC_081,AGC_140,5,11,0.822667011622285,0.7889610389610392,0.9403845191496081,0.0,0.3066003186467438
train_leave_one_out,train_train,AGC_083,AGC_032,1,11,0.9445911049095098,0.9534362800936137,0.9861982288199763,0.0,0.1390906248408683
train_leave_one_out,train_train,AGC_083,AGC_006,2,11,0.9379629693087362,0.9046762154298538,0.9759817823085054,0.0,0.19465264032569093
train_leave_one_out,train_train,AGC_083,AGC_034,3,11,0.8873732375271447,0.8656602561682692,0.9734102492772103,0.0,0.20285493496928944
train_leave_one_out,train_train,AGC_083,AGC_171,4,11,0.9089188949973266,0.8882367683274733,0.9725982884437829,0.0,0.16981256496957797
train_leave_one_out,train_train,AGC_083,AGC_037,5,11,0.8792901163955239,0.8733472403953929,0.9707613515373889,0.0,0.18273877816646922
train_leave_one_out,train_train,AGC_084,AGC_157,1,11,0.822826023984954,0.8084415584415587,0.9469141474549527,2.0,0.29063200891157487
train_leave_one_out,train_train,AGC_084,AGC_108,2,11,0.838760799639894,0.8311688311688313,0.9463455363676956,0.0,0.26479291887654166
train_leave_one_out,train_train,AGC_084,AGC_160,3,11,0.9072992504515892,0.8798701298701299,0.9462604231075186,0.0,0.28800797509228143
train_leave_one_out,train_train,AGC_084,AGC_098,4,11,0.8603576047664002,0.8441558441558442,0.9428037345474686,0.0,0.2683684897529743
train_leave_one_out,train_train,AGC_084,AGC_179,5,11,0.9391240713184646,0.9383116883116884,0.9391240713184646,0.0,0.23804696767754352
train_leave_one_out,train_train,AGC_089,AGC_140,1,11,0.8923796427633989,0.8538961038961042,0.9639866991720362,0.0,0.23914304929775854
train_leave_one_out,train_train,AGC_089,AGC_007,2,11,0.9615622433253118,0.9006493506493509,0.9615622433253118,0.0,0.13559278441556497
train_leave_one_out,train_train,AGC_089,AGC_196,3,11,0.8572163866878264,0.840909090909091,0.9546898973904931,0.0,0.23249113240243185
train_leave_one_out,train_train,AGC_089,AGC_020,4,11,0.9031245871260275,0.9000852238814147,0.9499140457480003,0.0,0.21430293520464827
train_leave_one_out,train_train,AGC_089,AGC_046,5,11,0.8663862297231422,0.8344155844155846,0.9429972177225348,0.0,0.2232817989755197
train_leave_one_out,train_train,AGC_090,AGC_100,1,11,0.852749622359077,0.8503849038182754,0.9774604793985713,0.0,0.24000936928533945
train_leave_one_out,train_train,AGC_090,AGC_045,2,11,0.972253409654729,0.9090909090909093,0.972253409654729,0.0,0.17643350072931918
train_leave_one_out,train_train,AGC_090,AGC_112,3,11,0.9707416471370925,0.9545454545454549,0.9707416471370925,0.0,0.15460190397311468
train_leave_one_out,train_train,AGC_090,AGC_006,4,11,0.8408532700414377,0.8344155844155846,0.9648145379715035,0.0,0.25121255503566053
train_leave_one_out,train_train,AGC_090,AGC_189,5,11,0.8928908340789966,0.8733766233766236,0.9621319551140054,0.0,0.23244198098905233
train_leave_one_out,train_train,AGC_092,AGC_140,1,11,0.44915290911292105,0.6181818181818183,0.980541756708688,-2.0,0.6171822503982745
train_leave_one_out,train_train,AGC_092,AGC_056,2,11,0.8221438275258369,0.87987012987013,0.9745280092435501,2.0,0.3504101919013274
train_leave_one_out,train_train,AGC_092,AGC_049,3,11,0.9183517314138789,0.9350649350649353,0.9737059405443542,0.0,0.2735096278351317
train_leave_one_out,train_train,AGC_092,AGC_064,4,11,0.5427764653846331,0.6785714285714287,0.9721162018840279,2.0,0.6071133249376166
train_leave_one_out,train_train,AGC_092,AGC_162,5,11,0.9080814928078665,0.931818181818182,0.9705810808378708,-2.0,0.2705331834681372
train_leave_one_out,train_train,AGC_096,AGC_131,1,11,0.9824808626405047,0.9707792207792209,0.9824808626405047,0.0,0.13708270748956844
train_leave_one_out,train_train,AGC_096,AGC_197,2,11,0.9809971137679194,0.970779220779221,0.9809971137679194,0.0,0.13440625371746462
train_leave_one_out,train_train,AGC_096,AGC_102,3,11,0.9719323691577557,0.9480519480519483,0.9719323691577557,0.0,0.1581435200206678
train_leave_one_out,train_train,AGC_096,AGC_181,4,11,0.966004602881993,0.9448051948051949,0.966004602881993,0.0,0.2043453325068395
train_leave_one_out,train_train,AGC_096,AGC_083,5,11,0.8676523594898974,0.8409384738903217,0.9654655284941611,0.0,0.2293357863175779
train_leave_one_out,train_train,AGC_097,AGC_021,1,11,0.9955062018451233,0.9740259740259741,0.9955062018451233,0.0,0.05988090248110449
train_leave_one_out,train_train,AGC_097,AGC_179,2,11,0.9854043480380666,0.9675324675324677,0.9854043480380666,0.0,0.11721858346272968
train_leave_one_out,train_train,AGC_097,AGC_124,3,11,0.9799416342137995,0.9350649350649355,0.9799416342137995,0.0,0.1330659506608571
train_leave_one_out,train_train,AGC_097,AGC_159,4,11,0.969736230920391,0.931818181818182,0.969736230920391,0.0,0.18176326447224425
train_leave_one_out,train_train,AGC_097,AGC_161,5,11,0.9655964077189405,0.9350649350649355,0.9655964077189405,0.0,0.2015979937547484
train_leave_one_out,train_train,AGC_098,AGC_163,1,11,0.9811521585957597,0.970779220779221,0.9811521585957597,0.0,0.12758420578429394
train_leave_one_out,train_train,AGC_098,AGC_040,2,11,0.9747887701380723,0.9740259740259741,0.9757035933568697,0.0,0.15619176585463254
train_leave_one_out,train_train,AGC_098,AGC_157,3,11,0.9753929872004412,0.9740259740259741,0.9755722653653706,0.0,0.16573952487120036
train_leave_one_out,train_train,AGC_098,AGC_099,4,11,0.9739166927194833,0.9805194805194806,0.9739166927194833,0.0,0.15407467977139164
train_leave_one_out,train_train,AGC_098,AGC_117,5,11,0.9440265351001226,0.9350649350649353,0.9735908861591182,0.0,0.1576391823576133
train_leave_one_out,train_train,AGC_099,AGC_053,1,11,0.9486870477822223,0.9350649350649353,0.9906187383529536,0.0,0.17844059377051238
train_leave_one_out,train_train,AGC_099,AGC_157,2,11,0.9656437029594994,0.9577922077922079,0.9832055073404078,0.0,0.15108562995288147
train_leave_one_out,train_train,AGC_099,AGC_098,3,11,0.9739166927194833,0.9805194805194806,0.9739166927194833,0.0,0.15407467977139164
train_leave_one_out,train_train,AGC_099,AGC_108,4,11,0.9380666819423841,0.9188311688311689,0.9728398223153192,0.0,0.22189676167965186
train_leave_one_out,train_train,AGC_099,AGC_163,5,11,0.9578534628950219,0.9610389610389611,0.9706893026457302,0.0,0.17988981791832076
train_leave_one_out,train_train,AGC_100,AGC_112,1,11,0.8821080005636223,0.8651275168442027,0.982882292583476,0.0,0.2102507486792545
train_leave_one_out,train_train,AGC_100,AGC_155,2,11,0.8846863835216033,0.8445084399306115,0.9785206109171019,1.0,0.29631815392413535
train_leave_one_out,train_train,AGC_100,AGC_132,3,11,0.9700138582846716,0.9325527563489472,0.9774852081728252,0.0,0.1801159980104708
train_leave_one_out,train_train,AGC_100,AGC_090,4,11,0.852749622359077,0.8503849038182754,0.9774604793985713,0.0,0.24000936928533945
train_leave_one_out,train_train,AGC_100,AGC_013,5,11,0.9656826736396219,0.9292472371397328,0.9758841292335393,0.0,0.1837091661421234
train_leave_one_out,train_train,AGC_101,AGC_102,1,11,0.992164095766369,0.9415584415584418,0.992164095766369,0.0,0.08298097246972605
train_leave_one_out,train_train,AGC_101,AGC_197,2,11,0.9844158413546179,0.9448051948051951,0.9844158413546179,0.0,0.11997659133525347
train_leave_one_out,train_train,AGC_101,AGC_008,3,11,0.9838595899620732,0.9545454545454547,0.9838595899620732,0.0,0.13846795897504405
train_leave_one_out,train_train,AGC_101,AGC_047,4,11,0.9835584359712294,0.9480519480519483,0.9835584359712294,0.0,0.13279104177946122
train_leave_one_out,train_train,AGC_101,AGC_035,5,11,0.9431970365560033,0.8896103896103896,0.978174408306034,0.0,0.16662622356466164
train_leave_one_out,train_train,AGC_102,AGC_197,1,11,0.9926573545925355,0.970779220779221,0.9926573545925355,0.0,0.08967886433886041
train_leave_one_out,train_train,AGC_102,AGC_101,2,11,0.992164095766369,0.9415584415584418,0.992164095766369,0.0,0.08298097246972605
train_leave_one_out,train_train,AGC_102,AGC_047,3,11,0.9816578414860054,0.9610389610389614,0.9816578414860054,0.0,0.13319716232370424
train_leave_one_out,train_train,AGC_102,AGC_008,4,11,0.9806051162977757,0.9480519480519483,0.9806051162977757,0.0,0.16302874403024686
train_leave_one_out,train_train,AGC_102,AGC_181,5,11,0.9774444294820935,0.9577922077922079,0.9774444294820935,0.0,0.1500022680790639
train_leave_one_out,train_train,AGC_103,AGC_019,1,11,0.9860589729798828,0.9772727272727273,0.9860589729798828,0.0,0.13371617589936793
train_leave_one_out,train_train,AGC_103,AGC_187,2,11,0.9776873949074606,0.9336913137820186,0.9776873949074606,0.0,0.0922912767222511
train_leave_one_out,train_train,AGC_103,AGC_122,3,11,0.9735111937202222,0.9383116883116887,0.9735111937202222,0.0,0.18120252900289963
train_leave_one_out,train_train,AGC_103,AGC_044,4,11,0.9714841102382441,0.9772727272727274,0.9714841102382441,0.0,0.13828861602482115
train_leave_one_out,train_train,AGC_103,AGC_020,5,11,0.971036718328309,0.94398985016566,0.971036718328309,0.0,0.1414449840605368
train_leave_one_out,train_train,AGC_104,AGC_150,1,11,0.9816505604067445,0.9935064935064936,0.9816505604067445,0.0,0.12613668834297512
train_leave_one_out,train_train,AGC_104,AGC_164,2,11,0.9790183484616896,0.9675324675324675,0.9790183484616896,0.0,0.16508902442616932
train_leave_one_out,train_train,AGC_104,AGC_106,3,11,0.9717555050314889,0.9090909090909094,0.9717555050314889,0.0,0.16349570276380587
train_leave_one_out,train_train,AGC_104,AGC_185,4,11,0.9684695367115599,0.8983296238425003,0.9697094287392395,0.0,0.18522186783886777
train_leave_one_out,train_train,AGC_104,AGC_022,5,11,0.9534392111264579,0.9155844155844157,0.9670534811183501,0.0,0.1855409788627089
train_leave_one_out,train_train,AGC_105,AGC_167,1,11,0.925285029217341,0.8932685045943715,0.9591037870175559,0.0,0.25616545885862535
train_leave_one_out,train_train,AGC_105,AGC_004,2,11,0.9148714580171347,0.9283943329397876,0.9519439432882265,0.0,0.26630990238583063
train_leave_one_out,train_train,AGC_105,AGC_108,3,11,0.8532494380759498,0.858957223144233,0.9505416215197587,1.0,0.3370256237559788
train_leave_one_out,train_train,AGC_105,AGC_193,4,11,0.9075693149562831,0.9093553559219846,0.9461948019067242,0.0,0.28016975504664593
train_leave_one_out,train_train,AGC_105,AGC_033,5,11,0.8676478463741287,0.8507668825742732,0.9404684043908261,-1.0,0.3290508106763765
train_leave_one_out,train_train,AGC_106,AGC_185,1,11,0.9636459206496449,0.9177807603417892,0.9744322550087016,0.0,0.16479579089150043
train_leave_one_out,train_train,AGC_106,AGC_104,2,11,0.9717555050314889,0.9090909090909094,0.9717555050314889,0.0,0.16349570276380587
train_leave_one_out,train_train,AGC_106,AGC_150,3,11,0.9694075438005975,0.9123376623376626,0.9694075438005975,0.0,0.1825167728153535
train_leave_one_out,train_train,AGC_106,AGC_010,4,11,0.9688000733959776,0.9233886473946817,0.9688000733959776,0.0,0.15205121748407097
train_leave_one_out,train_train,AGC_106,AGC_005,5,11,0.7050595962356385,0.705191880132528,0.9625852396346588,-2.0,0.5094738226824286
train_leave_one_out,train_train,AGC_108,AGC_057,1,11,0.9722566817517865,0.9545454545454549,0.9795416045467733,0.0,0.14564270895804837
train_leave_one_out,train_train,AGC_108,AGC_163,2,11,0.9787459599391539,0.9090909090909093,0.9787459599391539,0.0,0.1230439179574518
train_leave_one_out,train_train,AGC_108,AGC_013,3,11,0.9631940067460237,0.9448051948051951,0.9747677160943358,0.0,0.1508707502861237
train_leave_one_out,train_train,AGC_108,AGC_049,4,11,0.9682059648572523,0.9383116883116887,0.9747462701854885,0.0,0.13799252499927264
train_leave_one_out,train_train,AGC_108,AGC_015,5,11,0.9408323587124421,0.9090909090909093,0.9735156311856467,0.0,0.1564282309218761
train_leave_one_out,train_train,AGC_109,AGC_194,1,11,0.9643614847506243,0.8700711041674091,0.9643614847506243,0.0,0.16778948681972017
train_leave_one_out,train_train,AGC_109,AGC_053,2,11,0.8523004003182083,0.892857142857143,0.9640012122514381,-2.0,0.3675494166180682
train_leave_one_out,train_train,AGC_109,AGC_110,3,11,0.933183946811749,0.9220779220779224,0.9590030720562129,0.0,0.19162182684597173
train_leave_one_out,train_train,AGC_109,AGC_049,4,11,0.8943137488416034,0.9090909090909094,0.9567678833725716,-2.0,0.29001594626120863
train_leave_one_out,train_train,AGC_109,AGC_005,5,11,0.9035305113881478,0.9163189901151809,0.9556628011305667,-2.0,0.31593813017012534
train_leave_one_out,train_train,AGC_110,AGC_194,1,11,0.8807743432678347,0.8194379075398125,0.9604783270714297,0.0,0.1862358841668107
train_leave_one_out,train_train,AGC_110,AGC_109,2,11,0.933183946811749,0.9220779220779224,0.9590030720562129,0.0,0.19162182684597173
train_leave_one_out,train_train,AGC_110,AGC_033,3,11,0.936381915045274,0.9155844155844158,0.957278050123642,0.0,0.1965911442033864
train_leave_one_out,train_train,AGC_110,AGC_008,4,11,0.9568976253198135,0.8896103896103896,0.9568976253198135,0.0,0.2214163390965364
train_leave_one_out,train_train,AGC_110,AGC_062,5,11,0.9540618197056144,0.8051948051948054,0.9557635199646594,0.0,0.21793730686363588
train_leave_one_out,train_train,AGC_111,AGC_135,1,11,0.9977631872629292,0.9894443956202054,0.9977631872629292,0.0,0.051292682443141585
train_leave_one_out,train_train,AGC_111,AGC_172,2,11,0.98524432928354,0.9667171228929328,0.98524432928354,0.0,0.1329977771812957
train_leave_one_out,train_train,AGC_111,AGC_056,3,11,0.985007945318738,0.9602236163994263,0.985007945318738,0.0,0.13584629429719258
train_leave_one_out,train_train,AGC_111,AGC_057,4,11,0.9809009398938664,0.9699344931584555,0.9809009398938664,0.0,0.12595728487392385
train_leave_one_out,train_train,AGC_111,AGC_013,5,11,0.9715225036472994,0.9699051101772248,0.9795438772256717,0.0,0.1658161657853259
train_leave_one_out,train_train,AGC_112,AGC_100,1,11,0.8821080005636223,0.8651275168442027,0.982882292583476,0.0,0.2102507486792545
train_leave_one_out,train_train,AGC_112,AGC_138,2,11,0.9172993268269033,0.8863636363636366,0.9761698674713467,0.0,0.17367481038088592
train_leave_one_out,train_train,AGC_112,AGC_181,3,11,0.9341421140317773,0.918831168831169,0.9743035766453813,0.0,0.1751016998255694
train_leave_one_out,train_train,AGC_112,AGC_101,4,11,0.9740293915172337,0.9383116883116884,0.9740293915172337,0.0,0.15147524614178096
train_leave_one_out,train_train,AGC_112,AGC_048,5,11,0.9540534728721827,0.9253246753246755,0.9728047293985203,0.0,0.17002082223058748
train_leave_one_out,train_train,AGC_114,AGC_006,1,11,0.9542047791411462,0.9512987012987015,0.9821669742775095,0.0,0.12583175458669413
train_leave_one_out,train_train,AGC_114,AGC_079,2,11,0.9788454518087218,0.9350649350649353,0.9788454518087218,0.0,0.14198610909745998
train_leave_one_out,train_train,AGC_114,AGC_101,3,11,0.9352603923258077,0.9123376623376626,0.9750441076306449,0.0,0.17185636169343235
train_leave_one_out,train_train,AGC_114,AGC_102,4,11,0.937011009229762,0.9253246753246755,0.9720535271157835,0.0,0.15949072589421825
train_leave_one_out,train_train,AGC_114,AGC_035,5,11,0.9699860540174778,0.8993506493506497,0.9699860540174778,0.0,0.15925467183869674
train_leave_one_out,train_train,AGC_115,AGC_073,1,11,0.9878268785428784,0.9439310842031989,0.9878268785428784,0.0,0.11708522503404627
train_leave_one_out,train_train,AGC_115,AGC_062,2,11,0.9860211340177334,0.9740259740259742,0.9860211340177334,0.0,0.12666142941988381
train_leave_one_out,train_train,AGC_115,AGC_139,3,11,0.9818568215321988,0.9675324675324678,0.9818568215321988,0.0,0.13674759071724066
train_leave_one_out,train_train,AGC_115,AGC_171,4,11,0.9762102827088655,0.9285714285714288,0.9762102827088655,0.0,0.162924995645411
train_leave_one_out,train_train,AGC_115,AGC_185,5,11,0.9736673676250569,0.9082461814701436,0.9736673676250569,0.0,0.15590031579545158
train_leave_one_out,train_train,AGC_117,AGC_068,1,11,0.9561752122321234,0.9812246720690151,0.984430520401916,0.0,0.14297890340029779
train_leave_one_out,train_train,AGC_117,AGC_049,2,11,0.9560841889872655,0.9350649350649355,0.9783075506618668,0.0,0.18046047925070038
train_leave_one_out,train_train,AGC_117,AGC_040,3,11,0.9762249035328462,0.9642857142857145,0.9762249035328462,0.0,0.11170248320471617
train_leave_one_out,train_train,AGC_117,AGC_135,4,11,0.9460408481643946,0.957792207792208,0.9740210036322305,0.0,0.20690369176418696
train_leave_one_out,train_train,AGC_117,AGC_098,5,11,0.9440265351001226,0.9350649350649353,0.9735908861591182,0.0,0.1576391823576133
train_leave_one_out,train_train,AGC_119,AGC_009,1,11,0.9764380212630712,0.934043909556786,0.9764380212630712,0.0,0.13762911874988693
train_leave_one_out,train_train,AGC_119,AGC_064,2,11,0.9752623523942769,0.9545454545454547,0.9752623523942769,0.0,0.14014462276914533
train_leave_one_out,train_train,AGC_119,AGC_140,3,11,0.8652479269435607,0.8415584415584416,0.9728327259835731,0.0,0.20283804799050326
train_leave_one_out,train_train,AGC_119,AGC_092,4,11,0.5462106484486381,0.6915584415584417,0.9693372408376622,-2.0,0.5997040186571224
train_leave_one_out,train_train,AGC_119,AGC_171,5,11,0.9381825323089594,0.8896103896103899,0.9638616108566901,0.0,0.23174760994047972
train_leave_one_out,train_train,AGC_121,AGC_125,1,11,0.5891213787962689,0.6558441558441559,0.9749284782531487,-1.0,0.3900900119818015
train_leave_one_out,train_train,AGC_121,AGC_059,2,11,0.7211911791378954,0.7665275960460725,0.9688506896251687,1.0,0.33212837210440666
train_leave_one_out,train_train,AGC_121,AGC_048,3,11,0.9464454670561271,0.931818181818182,0.9680066993272308,0.0,0.21374172072344244
train_leave_one_out,train_train,AGC_121,AGC_014,4,11,0.6148883311022123,0.6558441558441559,0.9661185791904153,1.0,0.4063679747076398
train_leave_one_out,train_train,AGC_121,AGC_044,5,11,0.6455997027698277,0.7240259740259741,0.9657295672575785,1.0,0.3054384229657313
train_leave_one_out,train_train,AGC_122,AGC_123,1,11,0.9829365938292054,0.9480519480519483,0.9829365938292054,0.0,0.13033932447137592
train_leave_one_out,train_train,AGC_122,AGC_103,2,11,0.9735111937202222,0.9383116883116887,0.9735111937202222,0.0,0.18120252900289963
train_leave_one_out,train_train,AGC_122,AGC_164,3,11,0.9718651759864724,0.9383116883116884,0.9718651759864724,0.0,0.20019320055228826
train_leave_one_out,train_train,AGC_122,AGC_150,4,11,0.9705776727346392,0.918831168831169,0.9705776727346392,0.0,0.19530655472914907
train_leave_one_out,train_train,AGC_122,AGC_144,5,11,0.9705070927993485,0.9123376623376628,0.9705070927993485,0.0,0.17794386794103273
train_leave_one_out,train_train,AGC_123,AGC_122,1,11,0.9829365938292054,0.9480519480519483,0.9829365938292054,0.0,0.13033932447137592
train_leave_one_out,train_train,AGC_123,AGC_054,2,11,0.9806627919527755,0.9707792207792209,0.9806627919527755,0.0,0.13132786227354212
train_leave_one_out,train_train,AGC_123,AGC_164,3,11,0.9780620478072168,0.9675324675324678,0.9780620478072168,0.0,0.15235603827512456
train_leave_one_out,train_train,AGC_123,AGC_145,4,11,0.9774321754627476,0.8993506493506497,0.9774321754627476,0.0,0.15152178122954532
train_leave_one_out,train_train,AGC_123,AGC_144,5,11,0.9756047566949931,0.9155844155844158,0.9756047566949931,0.0,0.15495898154083246
train_leave_one_out,train_train,AGC_124,AGC_179,1,11,0.9918567578632558,0.9642857142857145,0.9918567578632558,0.0,0.0830676360246294
train_leave_one_out,train_train,AGC_124,AGC_021,2,11,0.9847985502398822,0.9448051948051951,0.9847985502398822,0.0,0.12058755190035152
train_leave_one_out,train_train,AGC_124,AGC_097,3,11,0.9799416342137995,0.9350649350649355,0.9799416342137995,0.0,0.1330659506608571
train_leave_one_out,train_train,AGC_124,AGC_053,4,11,0.9168532732122379,0.9058441558441561,0.977168640758035,0.0,0.2687244981397898
train_leave_one_out,train_train,AGC_124,AGC_161,5,11,0.9732364687701451,0.9805194805194806,0.9732364687701451,0.0,0.16768850843560856
train_leave_one_out,train_train,AGC_125,AGC_014,1,11,0.9868003011097769,0.957792207792208,0.9868003011097769,0.0,0.11593788231362273
train_leave_one_out,train_train,AGC_125,AGC_121,2,11,0.5891213787962689,0.6558441558441559,0.9749284782531487,-1.0,0.3900900119818015
train_leave_one_out,train_train,AGC_125,AGC_058,3,11,0.683143471233124,0.7030543013376157,0.9721694589133644,-1.0,0.34103025314949287
train_leave_one_out,train_train,AGC_125,AGC_018,4,11,0.8397456224154294,0.7868822261285882,0.966737648977173,0.0,0.23971303592161416
train_leave_one_out,train_train,AGC_125,AGC_122,5,11,0.9047248689204331,0.853896103896104,0.9644042640186057,0.0,0.24226042468382153
train_leave_one_out,train_train,AGC_127,AGC_060,1,11,0.9880298141494298,0.9503952077154747,0.9880298141494298,0.0,0.1031114318214862
train_leave_one_out,train_train,AGC_127,AGC_176,2,11,0.925168150469129,0.9356525946895474,0.9825485917177754,0.0,0.15492268707326617
train_leave_one_out,train_train,AGC_127,AGC_017,3,11,0.8988330972789029,0.8589572231442328,0.9739215059489265,0.0,0.18612560233935052
train_leave_one_out,train_train,AGC_127,AGC_193,4,11,0.9635353441746483,0.893532951425447,0.9725143678328664,0.0,0.2053131609084007
train_leave_one_out,train_train,AGC_127,AGC_012,5,11,0.9372087520653434,0.9080698835827601,0.9721524630053544,0.0,0.18065041222422276
train_leave_one_out,train_train,AGC_131,AGC_096,1,11,0.9824808626405047,0.9707792207792209,0.9824808626405047,0.0,0.13708270748956844
train_leave_one_out,train_train,AGC_131,AGC_197,2,11,0.9732090336808219,0.9545454545454549,0.9732090336808219,0.0,0.14822971480242433
train_leave_one_out,train_train,AGC_131,AGC_102,3,11,0.9684340851353799,0.9448051948051951,0.9684340851353799,0.0,0.16814011114606797
train_leave_one_out,train_train,AGC_131,AGC_114,4,11,0.9002655469438416,0.902597402597403,0.9655363670360072,0.0,0.16353903723635882
train_leave_one_out,train_train,AGC_131,AGC_006,5,11,0.8820700162841342,0.8961038961038962,0.9642345008521116,0.0,0.23758591721054828
train_leave_one_out,train_train,AGC_132,AGC_013,1,11,0.9904706255890208,0.9870129870129872,0.9904706255890208,0.0,0.0909209324933867
train_leave_one_out,train_train,AGC_132,AGC_072,2,11,0.9857719559709086,0.9675324675324678,0.9857719559709086,0.0,0.1056153039810146
train_leave_one_out,train_train,AGC_132,AGC_077,3,11,0.9620725159422755,0.9350649350649352,0.9807207173235301,0.0,0.14248557997588585
train_leave_one_out,train_train,AGC_132,AGC_069,4,11,0.9580409285360753,0.9610389610389611,0.9782129066049378,0.0,0.1275329879654241
train_leave_one_out,train_train,AGC_132,AGC_033,5,11,0.9665798312915441,0.9415584415584419,0.9781752840401627,0.0,0.16557393615737265
train_leave_one_out,train_train,AGC_133,AGC_165,1,11,0.9807625890398355,0.9512987012987015,0.9807625890398355,0.0,0.14301037669082398
train_leave_one_out,train_train,AGC_133,AGC_012,2,11,0.9758366473349944,0.918831168831169,0.9758366473349944,0.0,0.16312874901336566
train_leave_one_out,train_train,AGC_133,AGC_176,3,11,0.9665864062093422,0.9220779220779224,0.9688350814460548,0.0,0.16152472668832013
train_leave_one_out,train_train,AGC_133,AGC_073,4,11,0.9637653908929787,0.8918067343677634,0.9648234504709862,0.0,0.1726527641745913
train_leave_one_out,train_train,AGC_133,AGC_171,5,11,0.9608531036133869,0.9123376623376626,0.9644645843339994,0.0,0.18689073261975314
train_leave_one_out,train_train,AGC_134,AGC_180,1,11,0.9817985207164605,0.9772727272727274,0.9817985207164605,0.0,0.10557414951918452
train_leave_one_out,train_train,AGC_134,AGC_151,2,11,0.9589170326764545,0.9512987012987015,0.9730849227521606,0.0,0.17937814512348593
train_leave_one_out,train_train,AGC_134,AGC_051,3,11,0.9671391538330592,0.9383116883116884,0.9671391538330592,0.0,0.16295042996661627
train_leave_one_out,train_train,AGC_134,AGC_166,4,11,0.8677387429405449,0.8766233766233769,0.9668920052599895,0.0,0.19305950034985012
train_leave_one_out,train_train,AGC_134,AGC_125,5,11,0.8927712246286166,0.9058441558441559,0.9619383785077686,0.0,0.19446223223532522
train_leave_one_out,train_train,AGC_135,AGC_111,1,11,0.9977631872629292,0.9894443956202054,0.9977631872629292,0.0,0.051292682443141585
train_leave_one_out,train_train,AGC_135,AGC_057,2,11,0.9858246117722355,0.970779220779221,0.9858246117722355,0.0,0.1100223846364055
train_leave_one_out,train_train,AGC_135,AGC_056,3,11,0.9831840665763867,0.9512987012987014,0.9831840665763867,0.0,0.14843627599493658
train_leave_one_out,train_train,AGC_135,AGC_172,4,11,0.9825197388248398,0.9610389610389611,0.9825197388248398,0.0,0.14191813566830364
train_leave_one_out,train_train,AGC_135,AGC_013,5,11,0.9744342784525494,0.9772727272727274,0.9811181689757436,0.0,0.1661654785044651
train_leave_one_out,train_train,AGC_137,AGC_184,1,11,0.949919231064873,0.9350649350649353,0.9791537888875331,0.0,0.1670635496383505
train_leave_one_out,train_train,AGC_137,AGC_146,2,11,0.8899391298097633,0.8668831168831171,0.9583904847125141,0.0,0.15147905741633094
train_leave_one_out,train_train,AGC_137,AGC_189,3,11,0.9191724190515611,0.8474025974025975,0.953232685413775,0.0,0.19924326909022225
train_leave_one_out,train_train,AGC_137,AGC_070,4,11,0.7594206041794856,0.6883116883116883,0.9453252886704798,-1.0,0.371135959488686
train_leave_one_out,train_train,AGC_137,AGC_034,5,11,0.9157823023453603,0.8811688311688314,0.9442943047608804,0.0,0.2459219613571241
train_leave_one_out,train_train,AGC_138,AGC_112,1,11,0.9172993268269033,0.8863636363636366,0.9761698674713467,0.0,0.17367481038088592
train_leave_one_out,train_train,AGC_138,AGC_047,2,11,0.9720095411988635,0.9675324675324677,0.9720095411988635,0.0,0.15347885319313936
train_leave_one_out,train_train,AGC_138,AGC_181,3,11,0.9690803510352054,0.9480519480519484,0.9690803510352054,0.0,0.18099963476269088
train_leave_one_out,train_train,AGC_138,AGC_035,4,11,0.9678574379361105,0.9383116883116884,0.9678574379361105,0.0,0.17769139981374257
train_leave_one_out,train_train,AGC_138,AGC_083,5,11,0.9012829615658137,0.9031262962595537,0.9676982494588878,0.0,0.1915489452681036
train_leave_one_out,train_train,AGC_139,AGC_062,1,11,0.982925032180963,0.9805194805194808,0.982925032180963,0.0,0.12915542554238602
train_leave_one_out,train_train,AGC_139,AGC_115,2,11,0.9818568215321988,0.9675324675324678,0.9818568215321988,0.0,0.13674759071724066
train_leave_one_out,train_train,AGC_139,AGC_056,3,11,0.8785835135786549,0.8668831168831171,0.9751743286218004,-1.0,0.25126288029978755
train_leave_one_out,train_train,AGC_139,AGC_189,4,11,0.9672651243816428,0.9090909090909091,0.9746118809268037,0.0,0.17059663443447193
train_leave_one_out,train_train,AGC_139,AGC_073,5,11,0.9745423889028054,0.9601060844745039,0.9745423889028054,0.0,0.15375657802349446
train_leave_one_out,train_train,AGC_140,AGC_079,1,11,0.8619654080584112,0.822727272727273,0.9823418685729867,0.0,0.20090715697723735
train_leave_one_out,train_train,AGC_140,AGC_038,2,11,0.8675711289786616,0.8433548123387868,0.9810643377122074,0.0,0.18855025912115767
train_leave_one_out,train_train,AGC_140,AGC_092,3,11,0.44915290911292105,0.6181818181818183,0.980541756708688,-2.0,0.6171822503982745
train_leave_one_out,train_train,AGC_140,AGC_067,4,11,0.8850098544839415,0.8655844155844158,0.9766566342717403,0.0,0.2231214843600619
train_leave_one_out,train_train,AGC_140,AGC_046,5,11,0.8924370503631889,0.8668831168831169,0.9743939865269637,0.0,0.15738437105575717
train_leave_one_out,train_train,AGC_141,AGC_157,1,11,0.9873619949027895,0.9772727272727273,0.9873619949027895,0.0,0.10750666314111063
train_leave_one_out,train_train,AGC_141,AGC_053,2,11,0.9285307745942426,0.9285714285714287,0.9804013300844135,0.0,0.17822018624411862
train_leave_one_out,train_train,AGC_141,AGC_068,3,11,0.9792642601319718,0.9566830333403669,0.9792642601319718,0.0,0.1585197621557866
train_leave_one_out,train_train,AGC_141,AGC_057,4,11,0.9441930451468852,0.9350649350649353,0.9786572534828835,0.0,0.17702136899442128
train_leave_one_out,train_train,AGC_141,AGC_169,5,11,0.9764496561776166,0.9642857142857145,0.9764496561776166,0.0,0.16313249227231139
train_leave_one_out,train_train,AGC_144,AGC_145,1,11,0.9914530688654534,0.9610389610389611,0.9914530688654534,0.0,0.07348975735886633
train_leave_one_out,train_train,AGC_144,AGC_123,2,11,0.9756047566949931,0.9155844155844158,0.9756047566949931,0.0,0.15495898154083246
train_leave_one_out,train_train,AGC_144,AGC_122,3,11,0.9705070927993485,0.9123376623376628,0.9705070927993485,0.0,0.17794386794103273
train_leave_one_out,train_train,AGC_144,AGC_187,4,11,0.9704777453324192,0.9093847389032154,0.9704777453324192,0.0,0.17275972569705894
train_leave_one_out,train_train,AGC_144,AGC_103,5,11,0.9655948959726849,0.9253246753246757,0.9655948959726849,0.0,0.18551300892533132
train_leave_one_out,train_train,AGC_145,AGC_144,1,11,0.9914530688654534,0.9610389610389611,0.9914530688654534,0.0,0.07348975735886633
train_leave_one_out,train_train,AGC_145,AGC_123,2,11,0.9774321754627476,0.8993506493506497,0.9774321754627476,0.0,0.15152178122954532
train_leave_one_out,train_train,AGC_145,AGC_187,3,11,0.9763397890244181,0.8979770280677332,0.9763397890244181,0.0,0.15956303457546997
train_leave_one_out,train_train,AGC_145,AGC_122,4,11,0.9612238756157896,0.8961038961038963,0.9612238756157896,0.0,0.19338510461343103
train_leave_one_out,train_train,AGC_145,AGC_125,5,11,0.8691642765202182,0.8538961038961042,0.9601317530399123,0.0,0.22529326402119293
train_leave_one_out,train_train,AGC_146,AGC_045,1,11,0.8278544467809014,0.7824675324675326,0.9740358747656818,0.0,0.18194433170484475
train_leave_one_out,train_train,AGC_146,AGC_018,2,11,0.8422715763784819,0.8372509759251094,0.973302531178454,0.0,0.18550243787874637
train_leave_one_out,train_train,AGC_146,AGC_054,3,11,0.8605990899435993,0.7987012987012989,0.9687801539276162,0.0,0.19615814474179472
train_leave_one_out,train_train,AGC_146,AGC_115,4,11,0.8377035920289173,0.7889610389610392,0.9610953485369692,0.0,0.20749134923417148
train_leave_one_out,train_train,AGC_146,AGC_073,5,11,0.8206452314162188,0.7251057654965846,0.9608724043294327,0.0,0.25378365508972284
train_leave_one_out,train_train,AGC_148,AGC_058,1,11,0.8697269607045844,0.8675001594889596,0.9694478840178594,0.0,0.24903782271197958
train_leave_one_out,train_train,AGC_148,AGC_080,2,11,0.9687485597459093,0.9336002397760496,0.9687485597459093,0.0,0.16772018859682347
train_leave_one_out,train_train,AGC_148,AGC_078,3,11,0.964075830725071,0.9368422873362063,0.964075830725071,0.0,0.109755086289629
train_leave_one_out,train_train,AGC_148,AGC_196,4,11,0.6831150837045251,0.8107260521426237,0.9562764951936433,-1.0,0.27784558529866143
train_leave_one_out,train_train,AGC_148,AGC_166,5,11,0.5730418766401225,0.7067711822840587,0.9522332481620275,-1.0,0.32623377774810974
train_leave_one_out,train_train,AGC_150,AGC_104,1,11,0.9816505604067445,0.9935064935064936,0.9816505604067445,0.0,0.12613668834297512
train_leave_one_out,train_train,AGC_150,AGC_164,2,11,0.9727101449262431,0.961038961038961,0.9727101449262431,0.0,0.1751983724963155
train_leave_one_out,train_train,AGC_150,AGC_122,3,11,0.9705776727346392,0.918831168831169,0.9705776727346392,0.0,0.19530655472914907
train_leave_one_out,train_train,AGC_150,AGC_106,4,11,0.9694075438005975,0.9123376623376626,0.9694075438005975,0.0,0.1825167728153535
train_leave_one_out,train_train,AGC_150,AGC_123,5,11,0.9574312052760541,0.9448051948051951,0.9574312052760541,0.0,0.22175980145482993
train_leave_one_out,train_train,AGC_151,AGC_051,1,11,0.9696844043122556,0.9740259740259741,0.9765531794797476,0.0,0.14720649274114947
train_leave_one_out,train_train,AGC_151,AGC_152,2,11,0.9515243976189627,0.9512987012987014,0.9747601517886909,0.0,0.19030910949562624
train_leave_one_out,train_train,AGC_151,AGC_134,3,11,0.9589170326764545,0.9512987012987015,0.9730849227521606,0.0,0.17937814512348593
train_leave_one_out,train_train,AGC_151,AGC_059,4,11,0.92830548547308,0.9371143649161556,0.9606632875307088,0.0,0.2483744396854612
train_leave_one_out,train_train,AGC_151,AGC_078,5,11,0.7256109530646433,0.7524030954511727,0.9511586611518368,-1.0,0.3337939750874185
train_leave_one_out,train_train,AGC_152,AGC_051,1,11,0.975805403739336,0.9642857142857143,0.975805403739336,0.0,0.1673932874661485
train_leave_one_out,train_train,AGC_152,AGC_151,2,11,0.9515243976189627,0.9512987012987014,0.9747601517886909,0.0,0.19030910949562624
train_leave_one_out,train_train,AGC_152,AGC_059,3,11,0.9658383471505053,0.9503952077154747,0.9658383471505053,0.0,0.22073172289692644
train_leave_one_out,train_train,AGC_152,AGC_193,4,11,0.7509376310220379,0.6883116883116884,0.9591243238354458,1.0,0.354153799830427
train_leave_one_out,train_train,AGC_152,AGC_121,5,11,0.6925874429171338,0.737012987012987,0.9583541813741376,-1.0,0.3808321443342162
train_leave_one_out,train_train,AGC_155,AGC_057,1,11,0.9639117810860913,0.9123376623376624,0.9785299992376832,0.0,0.16306311855001246
train_leave_one_out,train_train,AGC_155,AGC_100,2,11,0.8846863835216033,0.8445084399306115,0.9785206109171019,1.0,0.29631815392413535
train_leave_one_out,train_train,AGC_155,AGC_013,3,11,0.9390196762572866,0.9285714285714288,0.9757883950654187,0.0,0.21042767963714268
train_leave_one_out,train_train,AGC_155,AGC_162,4,11,0.9668707837638322,0.9285714285714288,0.974632055260889,0.0,0.1713915073648253
train_leave_one_out,train_train,AGC_155,AGC_049,5,11,0.9703781330712323,0.918831168831169,0.974261657749631,0.0,0.17420430891991898
train_leave_one_out,train_train,AGC_157,AGC_141,1,11,0.9873619949027895,0.9772727272727273,0.9873619949027895,0.0,0.10750666314111063
train_leave_one_out,train_train,AGC_157,AGC_163,2,11,0.9840710741514087,0.9967532467532468,0.9840710741514087,0.0,0.1490747022821263
train_leave_one_out,train_train,AGC_157,AGC_099,3,11,0.9656437029594994,0.9577922077922079,0.9832055073404078,0.0,0.15108562995288147
train_leave_one_out,train_train,AGC_157,AGC_040,4,11,0.9784286748955481,0.9805194805194806,0.9784286748955481,0.0,0.16621062651069815
train_leave_one_out,train_train,AGC_157,AGC_068,5,11,0.9777663917725838,0.9681201271570798,0.9777663917725838,0.0,0.14479959881162005
train_leave_one_out,train_train,AGC_159,AGC_097,1,11,0.969736230920391,0.931818181818182,0.969736230920391,0.0,0.18176326447224425
train_leave_one_out,train_train,AGC_159,AGC_021,2,11,0.9678953248641896,0.9512987012987015,0.9678953248641896,0.0,0.18158262233865724
train_leave_one_out,train_train,AGC_159,AGC_161,3,11,0.9663373824177537,0.961038961038961,0.9663373824177537,0.0,0.18823072971356358
train_leave_one_out,train_train,AGC_159,AGC_092,4,11,0.9659753555615669,0.9805194805194808,0.9659753555615669,0.0,0.201136561841187
train_leave_one_out,train_train,AGC_159,AGC_124,5,11,0.9627913416608517,0.9577922077922079,0.9627913416608517,0.0,0.2208807391539336
train_leave_one_out,train_train,AGC_160,AGC_179,1,11,0.9746316335644652,0.9415584415584418,0.9746316335644652,0.0,0.13153203943277259
train_leave_one_out,train_train,AGC_160,AGC_124,2,11,0.9693050847774529,0.9188311688311689,0.9693050847774529,0.0,0.1328267706750081
train_leave_one_out,train_train,AGC_160,AGC_005,3,11,0.8982737782934221,0.8377504866060296,0.9689842765134309,0.0,0.26247643662634107
train_leave_one_out,train_train,AGC_160,AGC_044,4,11,0.3716323145910938,0.5876623376623378,0.9616672007193622,2.0,0.7127257622277599
train_leave_one_out,train_train,AGC_160,AGC_020,5,11,0.26803261147504304,0.4972233744529365,0.9615688015726931,2.0,0.7856591892163266
train_leave_one_out,train_train,AGC_161,AGC_021,1,11,0.9758480020388155,0.9545454545454549,0.9758480020388155,0.0,0.16615389344701834
train_leave_one_out,train_train,AGC_161,AGC_049,2,11,0.9700637738704809,0.9512987012987014,0.975492429312661,0.0,0.1954343964608058
train_leave_one_out,train_train,AGC_161,AGC_124,3,11,0.9732364687701451,0.9805194805194806,0.9732364687701451,0.0,0.16768850843560856
train_leave_one_out,train_train,AGC_161,AGC_005,4,11,0.9726406110505839,0.9227831136274567,0.9731230854725084,0.0,0.1639986355307433
train_leave_one_out,train_train,AGC_161,AGC_117,5,11,0.9361457579177777,0.9090909090909094,0.9723291679970594,0.0,0.20016017901867417
train_leave_one_out,train_train,AGC_162,AGC_072,1,11,0.9689936516961274,0.9545454545454549,0.9808047876131639,0.0,0.1609031721527515
train_leave_one_out,train_train,AGC_162,AGC_013,2,11,0.9658120553464162,0.9545454545454547,0.9790638371054883,0.0,0.16086759965463696
train_leave_one_out,train_train,AGC_162,AGC_077,3,11,0.9790118369333942,0.9480519480519484,0.9790118369333942,0.0,0.15118422911130106
train_leave_one_out,train_train,AGC_162,AGC_033,4,11,0.9745550407858985,0.9610389610389611,0.9784266286834129,0.0,0.17751838495321653
train_leave_one_out,train_train,AGC_162,AGC_049,5,11,0.9696565728774552,0.9610389610389611,0.9762339733512241,0.0,0.17954206671410977
train_leave_one_out,train_train,AGC_163,AGC_157,1,11,0.9840710741514087,0.9967532467532468,0.9840710741514087,0.0,0.1490747022821263
train_leave_one_out,train_train,AGC_163,AGC_068,2,11,0.9819974351237832,0.9763104677270394,0.9819974351237832,0.0,0.1254978951832662
train_leave_one_out,train_train,AGC_163,AGC_098,3,11,0.9811521585957597,0.970779220779221,0.9811521585957597,0.0,0.12758420578429394
train_leave_one_out,train_train,AGC_163,AGC_040,4,11,0.9799639682834342,0.983766233766234,0.9799639682834342,0.0,0.1430251623370499
train_leave_one_out,train_train,AGC_163,AGC_108,5,11,0.9787459599391539,0.9090909090909093,0.9787459599391539,0.0,0.1230439179574518
train_leave_one_out,train_train,AGC_164,AGC_104,1,11,0.9790183484616896,0.9675324675324675,0.9790183484616896,0.0,0.16508902442616932
train_leave_one_out,train_train,AGC_164,AGC_123,2,11,0.9780620478072168,0.9675324675324678,0.9780620478072168,0.0,0.15235603827512456
train_leave_one_out,train_train,AGC_164,AGC_037,3,11,0.9253921512785276,0.9090909090909091,0.9735734415714797,0.0,0.14558302474826698
train_leave_one_out,train_train,AGC_164,AGC_150,4,11,0.9727101449262431,0.961038961038961,0.9727101449262431,0.0,0.1751983724963155
train_leave_one_out,train_train,AGC_164,AGC_122,5,11,0.9718651759864724,0.9383116883116884,0.9718651759864724,0.0,0.20019320055228826
train_leave_one_out,train_train,AGC_165,AGC_171,1,11,0.9533501273534088,0.9480519480519483,0.984319343529841,0.0,0.1531294320373919
train_leave_one_out,train_train,AGC_165,AGC_133,2,11,0.9807625890398355,0.9512987012987015,0.9807625890398355,0.0,0.14301037669082398
train_leave_one_out,train_train,AGC_165,AGC_006,3,11,0.975577780072011,0.9610389610389611,0.975577780072011,0.0,0.11981511212722355
train_leave_one_out,train_train,AGC_165,AGC_073,4,11,0.9293541869186509,0.8804284065135114,0.9746200054282826,0.0,0.2066153274181885
train_leave_one_out,train_train,AGC_165,AGC_176,5,11,0.9717985029251988,0.9220779220779222,0.9717985029251988,0.0,0.14965774831240558
train_leave_one_out,train_train,AGC_166,AGC_180,1,11,0.8719651047393261,0.8766233766233767,0.971668550215647,0.0,0.19531036189613787
train_leave_one_out,train_train,AGC_166,AGC_134,2,11,0.8677387429405449,0.8766233766233769,0.9668920052599895,0.0,0.19305950034985012
train_leave_one_out,train_train,AGC_166,AGC_078,3,11,0.7083003420627143,0.797203584569771,0.9642894915205787,-1.0,0.33587923459285945
train_leave_one_out,train_train,AGC_166,AGC_051,4,11,0.8299719400252372,0.8246753246753248,0.9608261631840339,0.0,0.23970066480137292
train_leave_one_out,train_train,AGC_166,AGC_041,5,11,0.8879697385017745,0.892857142857143,0.958925072386496,0.0,0.18365909645205913
train_leave_one_out,train_train,AGC_167,AGC_015,1,11,0.9738581396512402,0.9642857142857145,0.9738581396512402,0.0,0.17939732106334058
train_leave_one_out,train_train,AGC_167,AGC_004,2,11,0.9637034146474569,0.9504539736779359,0.9637111662567492,0.0,0.2155923361479142
train_leave_one_out,train_train,AGC_167,AGC_049,3,11,0.9619051752046031,0.9350649350649353,0.9619051752046031,0.0,0.1860167345190507
train_leave_one_out,train_train,AGC_167,AGC_159,4,11,0.8956034762542423,0.8863636363636367,0.9608697128525155,0.0,0.3145546991781907
train_leave_one_out,train_train,AGC_167,AGC_092,5,11,0.8883525526546735,0.9090909090909093,0.9599647972526489,0.0,0.3371979342606692
train_leave_one_out,train_train,AGC_168,AGC_109,1,11,0.9088229400934886,0.8831168831168834,0.9478860074693038,0.0,0.25725114154777046
train_leave_one_out,train_train,AGC_168,AGC_099,2,11,0.8057466603998854,0.8051948051948052,0.9410109389117269,-2.0,0.3828874599350128
train_leave_one_out,train_train,AGC_168,AGC_040,3,11,0.8312346922060758,0.7922077922077922,0.9310567355353321,-2.0,0.41143197806416665
train_leave_one_out,train_train,AGC_168,AGC_169,4,11,0.7504356569565321,0.7532467532467533,0.9261181052117256,2.0,0.4130931899511958
train_leave_one_out,train_train,AGC_168,AGC_170,5,11,0.7430878532715849,0.7759740259740261,0.9248261618360616,2.0,0.4075975537937619
train_leave_one_out,train_train,AGC_169,AGC_170,1,11,0.9854620527147001,0.970779220779221,0.9854620527147001,0.0,0.11113282733234361
train_leave_one_out,train_train,AGC_169,AGC_068,2,11,0.982139624321198,0.9486396076765604,0.982139624321198,0.0,0.14769417412699218
train_leave_one_out,train_train,AGC_169,AGC_057,3,11,0.9572693956743269,0.9318181818181821,0.9802000735947604,0.0,0.15960873939401485
train_leave_one_out,train_train,AGC_169,AGC_040,4,11,0.9778487956799758,0.9675324675324678,0.9778487956799758,0.0,0.16187785284129544
train_leave_one_out,train_train,AGC_169,AGC_141,5,11,0.9764496561776166,0.9642857142857145,0.9764496561776166,0.0,0.16313249227231139
train_leave_one_out,train_train,AGC_170,AGC_169,1,11,0.9854620527147001,0.970779220779221,0.9854620527147001,0.0,0.11113282733234361
train_leave_one_out,train_train,AGC_170,AGC_070,2,11,0.9782430069561395,0.9220779220779224,0.9782430069561395,0.0,0.16140264718067807
train_leave_one_out,train_train,AGC_170,AGC_068,3,11,0.9774192520368827,0.9469721565813379,0.9774192520368827,0.0,0.15697916484503016
train_leave_one_out,train_train,AGC_170,AGC_056,4,11,0.9726425002952562,0.957792207792208,0.9726425002952562,0.0,0.16944412704660122
train_leave_one_out,train_train,AGC_170,AGC_040,5,11,0.967077091630842,0.957792207792208,0.967077091630842,0.0,0.19456703923066596
train_leave_one_out,train_train,AGC_171,AGC_165,1,11,0.9533501273534088,0.9480519480519483,0.984319343529841,0.0,0.1531294320373919
train_leave_one_out,train_train,AGC_171,AGC_115,2,11,0.9762102827088655,0.9285714285714288,0.9762102827088655,0.0,0.162924995645411
train_leave_one_out,train_train,AGC_171,AGC_022,3,11,0.9761312806445983,0.957792207792208,0.9761312806445983,0.0,0.16618066861946665
train_leave_one_out,train_train,AGC_171,AGC_101,4,11,0.973198077258063,0.9415584415584416,0.973198077258063,0.0,0.1567234053415191
train_leave_one_out,train_train,AGC_171,AGC_008,5,11,0.9731194316482425,0.9415584415584418,0.9731194316482425,0.0,0.1614028602646544
train_leave_one_out,train_train,AGC_172,AGC_111,1,11,0.98524432928354,0.9667171228929328,0.98524432928354,0.0,0.1329977771812957
train_leave_one_out,train_train,AGC_172,AGC_048,2,11,0.9616118434355044,0.9610389610389615,0.983200541681234,0.0,0.1462650177389987
train_leave_one_out,train_train,AGC_172,AGC_135,3,11,0.9825197388248398,0.9610389610389611,0.9825197388248398,0.0,0.14191813566830364
train_leave_one_out,train_train,AGC_172,AGC_023,4,11,0.7198866890597609,0.7532467532467535,0.9763271936230615,1.0,0.33035349829939026
train_leave_one_out,train_train,AGC_172,AGC_004,5,11,0.9387434015039656,0.9306796243851103,0.9762083005173097,0.0,0.16880141821203268
train_leave_one_out,train_train,AGC_176,AGC_060,1,11,0.9309927546695803,0.931818181818182,0.9838402576948343,0.0,0.16968069578978037
train_leave_one_out,train_train,AGC_176,AGC_127,2,11,0.925168150469129,0.9356525946895474,0.9825485917177754,0.0,0.15492268707326617
train_leave_one_out,train_train,AGC_176,AGC_012,3,11,0.9825184807912581,0.9415584415584418,0.9825184807912581,0.0,0.13087201345390384
train_leave_one_out,train_train,AGC_176,AGC_017,4,11,0.9765588856037136,0.9285714285714287,0.9765588856037136,0.0,0.14509776479211334
train_leave_one_out,train_train,AGC_176,AGC_165,5,11,0.9717985029251988,0.9220779220779222,0.9717985029251988,0.0,0.14965774831240558
train_leave_one_out,train_train,AGC_178,AGC_112,1,11,0.9713054698100773,0.9090909090909093,0.9713054698100773,0.0,0.1567442881364452
train_leave_one_out,train_train,AGC_178,AGC_006,2,11,0.8899442077151588,0.8506493506493507,0.9675678770500472,0.0,0.1787364958314652
train_leave_one_out,train_train,AGC_178,AGC_045,3,11,0.9671059203502105,0.8993506493506495,0.9671059203502105,0.0,0.18442991442546736
train_leave_one_out,train_train,AGC_178,AGC_165,4,11,0.9108053212049522,0.8603896103896105,0.9640332489269494,0.0,0.18795391692981636
train_leave_one_out,train_train,AGC_178,AGC_024,5,11,0.9509441273941713,0.8993506493506495,0.9625651188964217,0.0,0.18230562719679025
train_leave_one_out,train_train,AGC_179,AGC_124,1,11,0.9918567578632558,0.9642857142857145,0.9918567578632558,0.0,0.0830676360246294
train_leave_one_out,train_train,AGC_179,AGC_097,2,11,0.9854043480380666,0.9675324675324677,0.9854043480380666,0.0,0.11721858346272968
train_leave_one_out,train_train,AGC_179,AGC_021,3,11,0.9849278442798702,0.9480519480519483,0.9849278442798702,0.0,0.1004297792932337
train_leave_one_out,train_train,AGC_179,AGC_160,4,11,0.9746316335644652,0.9415584415584418,0.9746316335644652,0.0,0.13153203943277259
train_leave_one_out,train_train,AGC_179,AGC_053,5,11,0.9000800959634632,0.863636363636364,0.9731323303493579,-2.0,0.28094577731536197
train_leave_one_out,train_train,AGC_180,AGC_134,1,11,0.9817985207164605,0.9772727272727274,0.9817985207164605,0.0,0.10557414951918452
train_leave_one_out,train_train,AGC_180,AGC_166,2,11,0.8719651047393261,0.8766233766233767,0.971668550215647,0.0,0.19531036189613787
train_leave_one_out,train_train,AGC_180,AGC_051,3,11,0.9583066751674084,0.931818181818182,0.9583066751674084,0.0,0.14288427341092952
train_leave_one_out,train_train,AGC_180,AGC_041,4,11,0.9505091917483598,0.9448051948051951,0.9505091917483598,0.0,0.17956918603270142
train_leave_one_out,train_train,AGC_180,AGC_151,5,11,0.949615255824154,0.931818181818182,0.949615255824154,0.0,0.16797379761095474
train_leave_one_out,train_train,AGC_181,AGC_197,1,11,0.9778608009734694,0.9545454545454547,0.9778608009734694,0.0,0.1574260880337171
train_leave_one_out,train_train,AGC_181,AGC_102,2,11,0.9774444294820935,0.9577922077922079,0.9774444294820935,0.0,0.1500022680790639
train_leave_one_out,train_train,AGC_181,AGC_112,3,11,0.9341421140317773,0.918831168831169,0.9743035766453813,0.0,0.1751016998255694
train_leave_one_out,train_train,AGC_181,AGC_138,4,11,0.9690803510352054,0.9480519480519484,0.9690803510352054,0.0,0.18099963476269088
train_leave_one_out,train_train,AGC_181,AGC_096,5,11,0.966004602881993,0.9448051948051949,0.966004602881993,0.0,0.2043453325068395
train_leave_one_out,train_train,AGC_184,AGC_137,1,11,0.949919231064873,0.9350649350649353,0.9791537888875331,0.0,0.1670635496383505
train_leave_one_out,train_train,AGC_184,AGC_189,2,11,0.9566816238979385,0.918831168831169,0.9721099270164714,0.0,0.1746590486332216
train_leave_one_out,train_train,AGC_184,AGC_062,3,11,0.9109991183874424,0.8441558441558444,0.9683382556477284,0.0,0.19781028187333308
train_leave_one_out,train_train,AGC_184,AGC_139,4,11,0.9263896105743448,0.8571428571428572,0.9656672939180708,0.0,0.2075812738481921
train_leave_one_out,train_train,AGC_184,AGC_195,5,11,0.9151259132246193,0.8311688311688314,0.9643580162851598,0.0,0.19360315126641495
train_leave_one_out,train_train,AGC_185,AGC_106,1,11,0.9636459206496449,0.9177807603417892,0.9744322550087016,0.0,0.16479579089150043
train_leave_one_out,train_train,AGC_185,AGC_115,2,11,0.9736673676250569,0.9082461814701436,0.9736673676250569,0.0,0.15590031579545158
train_leave_one_out,train_train,AGC_185,AGC_171,3,11,0.9712067152429434,0.892041798217608,0.9712067152429434,0.0,0.18312743011386923
train_leave_one_out,train_train,AGC_185,AGC_104,4,11,0.9684695367115599,0.8983296238425003,0.9697094287392395,0.0,0.18522186783886777
train_leave_one_out,train_train,AGC_185,AGC_010,5,11,0.9647125536504721,0.9187740524796447,0.9691361902154465,0.0,0.17366833080975427
train_leave_one_out,train_train,AGC_187,AGC_103,1,11,0.9776873949074606,0.9336913137820186,0.9776873949074606,0.0,0.0922912767222511
train_leave_one_out,train_train,AGC_187,AGC_145,2,11,0.9763397890244181,0.8979770280677332,0.9763397890244181,0.0,0.15956303457546997
train_leave_one_out,train_train,AGC_187,AGC_019,3,11,0.9740368583844391,0.9189780837373219,0.9740368583844391,0.0,0.15713169496918655
train_leave_one_out,train_train,AGC_187,AGC_144,4,11,0.9704777453324192,0.9093847389032154,0.9704777453324192,0.0,0.17275972569705894
train_leave_one_out,train_train,AGC_187,AGC_123,5,11,0.967488498049655,0.9209099816636198,0.967488498049655,0.0,0.19725577057243954
train_leave_one_out,train_train,AGC_189,AGC_139,1,11,0.9672651243816428,0.9090909090909091,0.9746118809268037,0.0,0.17059663443447193
train_leave_one_out,train_train,AGC_189,AGC_184,2,11,0.9566816238979385,0.918831168831169,0.9721099270164714,0.0,0.1746590486332216
train_leave_one_out,train_train,AGC_189,AGC_017,3,11,0.9296468400462925,0.8993506493506495,0.9719595157578166,0.0,0.19249152745917633
train_leave_one_out,train_train,AGC_189,AGC_026,4,11,0.9707305027795692,0.8961038961038965,0.9707305027795692,0.0,0.15763633197823929
train_leave_one_out,train_train,AGC_189,AGC_155,5,11,0.8178691938117338,0.7629870129870131,0.967192451975381,-1.0,0.4021101890022148
train_leave_one_out,train_train,AGC_193,AGC_004,1,11,0.9171058972461646,0.919036849699783,0.9773875057264341,0.0,0.17630590739255017
train_leave_one_out,train_train,AGC_193,AGC_172,2,11,0.9459974216076983,0.957792207792208,0.9753324722721307,0.0,0.18262379935337789
train_leave_one_out,train_train,AGC_193,AGC_048,3,11,0.9195682778646369,0.9415584415584416,0.9739561754248206,0.0,0.17668055566228316
train_leave_one_out,train_train,AGC_193,AGC_127,4,11,0.9635353441746483,0.893532951425447,0.9725143678328664,0.0,0.2053131609084007
train_leave_one_out,train_train,AGC_193,AGC_132,5,11,0.9199716850363617,0.9545454545454547,0.9692462453425216,0.0,0.17766368447160474
train_leave_one_out,train_train,AGC_194,AGC_109,1,11,0.9643614847506243,0.8700711041674091,0.9643614847506243,0.0,0.16778948681972017
train_leave_one_out,train_train,AGC_194,AGC_110,2,11,0.8807743432678347,0.8194379075398125,0.9604783270714297,0.0,0.1862358841668107
train_leave_one_out,train_train,AGC_194,AGC_053,3,11,0.8244142619376347,0.8440970781933832,0.949986210632202,-2.0,0.41351280279284164
train_leave_one_out,train_train,AGC_194,AGC_184,4,11,0.7891533198248258,0.556039532815571,0.9406987112343527,0.0,0.21936066181528285
train_leave_one_out,train_train,AGC_194,AGC_141,5,11,0.8464702242060332,0.888266151308704,0.9335192930438473,-2.0,0.4212002947507197
train_leave_one_out,train_train,AGC_195,AGC_184,1,11,0.9151259132246193,0.8311688311688314,0.9643580162851598,0.0,0.19360315126641495
train_leave_one_out,train_train,AGC_195,AGC_133,2,11,0.9628492082316803,0.9123376623376624,0.9639805930716104,0.0,0.15176768481668618
train_leave_one_out,train_train,AGC_195,AGC_055,3,11,0.9628611207710093,0.8831168831168834,0.9628611207710093,0.0,0.17112051609559906
train_leave_one_out,train_train,AGC_195,AGC_189,4,11,0.9449135604801743,0.8441558441558444,0.9625820797114281,0.0,0.21048181584212466
train_leave_one_out,train_train,AGC_195,AGC_139,5,11,0.9573673270825146,0.892857142857143,0.9573673270825146,0.0,0.22222834589555684
train_leave_one_out,train_train,AGC_196,AGC_020,1,11,0.9596727394640662,0.94398985016566,0.9596727394640662,0.0,0.12970008985773884
train_leave_one_out,train_train,AGC_196,AGC_148,2,11,0.6831150837045251,0.8107260521426237,0.9562764951936433,-1.0,0.27784558529866143
train_leave_one_out,train_train,AGC_196,AGC_089,3,11,0.8572163866878264,0.840909090909091,0.9546898973904931,0.0,0.23249113240243185
train_leave_one_out,train_train,AGC_196,AGC_166,4,11,0.8481962908541363,0.8441558441558444,0.9498676418406506,0.0,0.24201222592908553
train_leave_one_out,train_train,AGC_196,AGC_160,5,11,0.23638561368846603,0.5227272727272728,0.9430275426022292,-2.0,0.8176831023292658
train_leave_one_out,train_train,AGC_197,AGC_102,1,11,0.9926573545925355,0.970779220779221,0.9926573545925355,0.0,0.08967886433886041
train_leave_one_out,train_train,AGC_197,AGC_101,2,11,0.9844158413546179,0.9448051948051951,0.9844158413546179,0.0,0.11997659133525347
train_leave_one_out,train_train,AGC_197,AGC_096,3,11,0.9809971137679194,0.970779220779221,0.9809971137679194,0.0,0.13440625371746462
train_leave_one_out,train_train,AGC_197,AGC_035,4,11,0.949441590895874,0.9090909090909093,0.9804835255496317,0.0,0.13928086343541726
train_leave_one_out,train_train,AGC_197,AGC_047,5,11,0.978910005485685,0.957792207792208,0.978910005485685,0.0,0.14255038979676193
