{
"type": "FeatureCollection",
"name": "municipalities",
"crs": { "type": "name", "properties": { "name": "urn:ogc:def:crs:OGC:1.3:CRS84" } },
"features": [
{ "type": "Feature", "properties": { "cvegeo": "13021", "cve_ent": "13", "cve_mun": "021", "nomgeo": "Emiliano Zapata", "state_code": "13", "state_name": "Hidalgo" }, "geometry": { "type": "MultiPolygon", "coordinates": [ [ [ [ -98.61518025, 19.72941511 ], [ -98.61397682, 19.72914569 ], [ -98.61290308, 19.72872495 ], [ -98.61199202, 19.72837792 ], [ -98.61116237, 19.72787771 ], [ -98.61063442, 19.72759963 ], [ -98.60987555, 19.72706218 ], [ -98.60931215, 19.72651342 ], [ -98.60865737, 19.72585689 ], [ -98.60813589, 19.72518788 ], [ -98.60810171, 19.72507503 ], [ -98.60796874, 19.72494812 ], [ -98.60651822, 19.72278714 ], [ -98.60506825, 19.72039214 ], [ -98.60434515, 19.7194034 ], [ -98.60287526, 19.71688534 ], [ -98.60214934, 19.715733 ], [ -98.60159674, 19.71584955 ], [ -98.60085558, 19.71597155 ], [ -98.599504, 19.71621586 ], [ -98.59850135, 19.71633728 ], [ -98.59686806, 19.71662926 ], [ -98.5958846, 19.71711455 ], [ -98.59474997, 19.71773026 ], [ -98.59330954, 19.71863382 ], [ -98.59154728, 19.71967845 ], [ -98.5905954, 19.72013886 ], [ -98.59011409, 19.72036577 ], [ -98.58850914, 19.72101631 ], [ -98.58678195, 19.72216817 ], [ -98.5842294, 19.72210682 ], [ -98.58422422, 19.72333329 ], [ -98.58412922, 19.72353289 ], [ -98.58469365, 19.72435857 ], [ -98.58590968, 19.72601012 ], [ -98.58621337, 19.72654666 ], [ -98.58664751, 19.72720717 ], [ -98.58729906, 19.72813906 ], [ -98.587143798, 19.72808396 ], [ -98.587009969, 19.728036467 ], [ -98.586586829, 19.7278863 ], [ -98.58582995, 19.72761769 ], [ -98.58423846, 19.72697045 ], [ -98.58275434, 19.72641991 ], [ -98.58085954, 19.72566117 ], [ -98.57958577, 19.72514529 ], [ -98.578987, 19.72488454 ], [ -98.5781266, 19.72457795 ], [ -98.57757902, 19.72435091 ], [ -98.57717854, 19.72418262 ], [ -98.576746, 19.72400245 ], [ -98.57627042, 19.72380895 ], [ -98.5755672, 19.72354789 ], [ -98.5746652, 19.72320109 ], [ -98.57349362, 19.72277458 ], [ -98.57290442, 19.72257711 ], [ -98.57178183, 19.7220696 ], [ -98.5706672, 19.72165965 ], [ -98.56971203, 19.72123494 ], [ -98.56926728, 19.72103357 ], [ -98.56958792, 19.71881123 ], [ -98.56985157, 19.71693174 ], [ -98.5689852, 19.71656332 ], [ -98.56749506, 19.71595503 ], [ -98.56746102, 19.71591495 ], [ -98.56722495, 19.71506442 ], [ -98.56735349, 19.71414117 ], [ -98.56762905, 19.71228366 ], [ -98.56792794, 19.71018874 ], [ -98.56803968, 19.70937111 ], [ -98.56805046, 19.70920697 ], [ -98.56817678, 19.7083766 ], [ -98.56841178, 19.70651231 ], [ -98.56849922, 19.70573731 ], [ -98.56761138, 19.70695749 ], [ -98.56465166, 19.70603505 ], [ -98.56452771, 19.70551498 ], [ -98.56451878, 19.70546663 ], [ -98.56516363, 19.70342522 ], [ -98.56515745, 19.7033748 ], [ -98.56489389, 19.70328862 ], [ -98.56459377, 19.70319102 ], [ -98.56411094, 19.70304003 ], [ -98.56409091, 19.70303865 ], [ -98.56425674, 19.70168532 ], [ -98.56424643, 19.70166815 ], [ -98.56328997, 19.70136377 ], [ -98.56288589, 19.70117991 ], [ -98.56239611, 19.70107966 ], [ -98.56237434, 19.70107666 ], [ -98.56252502, 19.69987663 ], [ -98.56267278, 19.69889815 ], [ -98.56286131, 19.69749874 ], [ -98.56284808, 19.69748728 ], [ -98.56223177, 19.69750134 ], [ -98.56154622, 19.69500991 ], [ -98.56127755, 19.69478222 ], [ -98.56108282, 19.69413518 ], [ -98.56091032, 19.69347526 ], [ -98.56060802, 19.69248528 ], [ -98.56058209, 19.6923848 ], [ -98.56019598, 19.69101483 ], [ -98.55999111, 19.69018 ], [ -98.55974268, 19.68997658 ], [ -98.55947958, 19.68974991 ], [ -98.55865491, 19.68926746 ], [ -98.55854202, 19.68920458 ], [ -98.55847342, 19.68914478 ], [ -98.55682222, 19.68785535 ], [ -98.55388728, 19.68549538 ], [ -98.55221563, 19.68423369 ], [ -98.55092055, 19.683153 ], [ -98.54814618, 19.68083406 ], [ -98.54469315, 19.67816017 ], [ -98.54199865, 19.67602158 ], [ -98.54199095, 19.67576429 ], [ -98.542172, 19.67574183 ], [ -98.53967582, 19.67289708 ], [ -98.53846546, 19.67152851 ], [ -98.53752469, 19.67050451 ], [ -98.53630466, 19.66914162 ], [ -98.53278471, 19.66514769 ], [ -98.52814725, 19.66101732 ], [ -98.52809083, 19.66093692 ], [ -98.52791312, 19.66021578 ], [ -98.52761615, 19.65914932 ], [ -98.52733875, 19.65806463 ], [ -98.52721534, 19.65755126 ], [ -98.527067, 19.65700485 ], [ -98.52688326, 19.65630242 ], [ -98.52670928, 19.65557328 ], [ -98.52668831, 19.65547897 ], [ -98.52649466, 19.65464978 ], [ -98.52627609, 19.65375728 ], [ -98.52608102, 19.65295105 ], [ -98.52586985, 19.65204712 ], [ -98.52583554, 19.65195502 ], [ -98.52565417, 19.65124071 ], [ -98.52533775, 19.64991352 ], [ -98.52497175, 19.64857903 ], [ -98.52465463, 19.64719902 ], [ -98.52459338, 19.64700452 ], [ -98.52458746, 19.64695817 ], [ -98.52490855, 19.64662149 ], [ -98.52733206, 19.6439048 ], [ -98.52963969, 19.64145011 ], [ -98.5309234, 19.64016188 ], [ -98.5309276, 19.64003443 ], [ -98.53089326, 19.63995309 ], [ -98.53098531, 19.63983749 ], [ -98.53099491, 19.63966575 ], [ -98.53153086, 19.63897155 ], [ -98.53207565, 19.63823677 ], [ -98.53248915, 19.63767078 ], [ -98.53277251, 19.63723065 ], [ -98.53317618, 19.63677232 ], [ -98.53364034, 19.63635352 ], [ -98.53382645, 19.6361688 ], [ -98.53462482, 19.63544845 ], [ -98.53557578, 19.63441888 ], [ -98.53681945, 19.63297371 ], [ -98.5412402, 19.62792926 ], [ -98.54688008, 19.62151295 ], [ -98.55039968, 19.61857817 ], [ -98.55031648, 19.62050975 ], [ -98.55029386, 19.62167305 ], [ -98.55016645, 19.62442142 ], [ -98.55016622, 19.62454878 ], [ -98.55052255, 19.62460085 ], [ -98.55134317, 19.62472405 ], [ -98.55177709, 19.62479032 ], [ -98.55201545, 19.6248264 ], [ -98.55265722, 19.62492405 ], [ -98.5536618, 19.62507823 ], [ -98.55428765, 19.62517274 ], [ -98.55517502, 19.62530789 ], [ -98.55561157, 19.62537357 ], [ -98.55574043, 19.62539206 ], [ -98.55573348, 19.62551517 ], [ -98.55571714, 19.62606075 ], [ -98.55570855, 19.62630526 ], [ -98.55569977, 19.62659555 ], [ -98.55568972, 19.62695865 ], [ -98.55568128, 19.62718151 ], [ -98.55567169, 19.62734012 ], [ -98.55565034, 19.62765518 ], [ -98.5556322, 19.62783569 ], [ -98.55561774, 19.62800257 ], [ -98.55561046, 19.62810237 ], [ -98.5556932, 19.62809005 ], [ -98.55643258, 19.6279838 ], [ -98.55679889, 19.62792998 ], [ -98.55702618, 19.6278962 ], [ -98.55724157, 19.62786432 ], [ -98.55738912, 19.62784371 ], [ -98.55767771, 19.62780289 ], [ -98.55811503, 19.62774215 ], [ -98.55961392, 19.6275358 ], [ -98.55965138, 19.62751889 ], [ -98.56042885, 19.62743235 ], [ -98.5608132, 19.62740923 ], [ -98.56087008, 19.62742549 ], [ -98.56130371, 19.62736663 ], [ -98.56360449, 19.62715371 ], [ -98.56362682, 19.62715165 ], [ -98.56371951, 19.62714882 ], [ -98.56357595, 19.62915049 ], [ -98.56177991, 19.63598208 ], [ -98.56171611, 19.63622788 ], [ -98.56171214, 19.63625563 ], [ -98.56137569, 19.63756375 ], [ -98.56136995, 19.6375954 ], [ -98.56167294, 19.63778223 ], [ -98.5618646, 19.63788828 ], [ -98.56231985, 19.63797954 ], [ -98.56547658, 19.63975554 ], [ -98.56564529, 19.63959834 ], [ -98.56567852, 19.63957468 ], [ -98.56638428, 19.64025102 ], [ -98.5663578, 19.64111966 ], [ -98.56681649, 19.64045785 ], [ -98.56716782, 19.64049283 ], [ -98.56749545, 19.64052278 ], [ -98.5676324, 19.64037726 ], [ -98.56790958, 19.63991509 ], [ -98.568127, 19.63940815 ], [ -98.56836035, 19.63917042 ], [ -98.56869165, 19.63895965 ], [ -98.56893948, 19.63881914 ], [ -98.56904891, 19.63875711 ], [ -98.56954958, 19.63883706 ], [ -98.57022832, 19.63893834 ], [ -98.57072092, 19.63886608 ], [ -98.571167, 19.63867052 ], [ -98.5714624, 19.63845274 ], [ -98.57163017, 19.63846278 ], [ -98.5721328, 19.63870518 ], [ -98.57293652, 19.63890863 ], [ -98.57347218, 19.63894012 ], [ -98.57492786, 19.63868971 ], [ -98.57528037, 19.63853706 ], [ -98.57579443, 19.63841848 ], [ -98.57653688, 19.63836172 ], [ -98.57702232, 19.63822503 ], [ -98.57731792, 19.638018 ], [ -98.57758283, 19.63793008 ], [ -98.57791378, 19.63801965 ], [ -98.57833828, 19.6380206 ], [ -98.57922906, 19.63777642 ], [ -98.57936883, 19.63772388 ], [ -98.57953738, 19.63766054 ], [ -98.57993998, 19.63741634 ], [ -98.58021606, 19.63705846 ], [ -98.5804286, 19.63679425 ], [ -98.58091642, 19.63651543 ], [ -98.58098309, 19.63578391 ], [ -98.58103965, 19.63552034 ], [ -98.58163986, 19.63485446 ], [ -98.58172726, 19.63455372 ], [ -98.58188191, 19.63423689 ], [ -98.58251375, 19.63373662 ], [ -98.58259526, 19.63349645 ], [ -98.58299429, 19.63328314 ], [ -98.58329598, 19.63293242 ], [ -98.58335811, 19.63247718 ], [ -98.58340598, 19.63083835 ], [ -98.58349217, 19.63055929 ], [ -98.58364208, 19.63030511 ], [ -98.58371642, 19.63018592 ], [ -98.58377058, 19.63006189 ], [ -98.58402238, 19.62948542 ], [ -98.58434212, 19.62894252 ], [ -98.58457802, 19.62863123 ], [ -98.58496772, 19.62782168 ], [ -98.5853898, 19.627343 ], [ -98.58589046, 19.62670063 ], [ -98.58645448, 19.62595865 ], [ -98.58646303, 19.62594968 ], [ -98.58656717, 19.62584063 ], [ -98.58765408, 19.62477483 ], [ -98.58836563, 19.62432968 ], [ -98.58883834, 19.62387254 ], [ -98.58895963, 19.62337428 ], [ -98.58911669, 19.62323871 ], [ -98.58923809, 19.62317558 ], [ -98.58933394, 19.62312574 ], [ -98.58961571, 19.62294071 ], [ -98.58975729, 19.622671 ], [ -98.58980022, 19.62238403 ], [ -98.58977395, 19.62189278 ], [ -98.58981462, 19.62123003 ], [ -98.59002294, 19.62032715 ], [ -98.59030483, 19.61969035 ], [ -98.59034871, 19.61936365 ], [ -98.59067346, 19.61924243 ], [ -98.59117242, 19.61910129 ], [ -98.59119743, 19.61908005 ], [ -98.59145925, 19.61885769 ], [ -98.59162149, 19.61843029 ], [ -98.59183069, 19.61792235 ], [ -98.59249243, 19.61735391 ], [ -98.59334745, 19.61679374 ], [ -98.5950626, 19.61555003 ], [ -98.59524052, 19.61520646 ], [ -98.59542057, 19.61493915 ], [ -98.59573605, 19.61470071 ], [ -98.59609137, 19.61450625 ], [ -98.59657395, 19.61431895 ], [ -98.59683745, 19.61385732 ], [ -98.59694635, 19.61370985 ], [ -98.59708472, 19.61352248 ], [ -98.59757795, 19.61300832 ], [ -98.597800479, 19.61276535 ], [ -98.59834074, 19.61266934 ], [ -98.59870309, 19.61255837 ], [ -98.59892269, 19.61223472 ], [ -98.59939508, 19.61193942 ], [ -98.59986992, 19.61166314 ], [ -98.60031778, 19.6114092 ], [ -98.60045197, 19.6110386 ], [ -98.60055789, 19.61051454 ], [ -98.60056197, 19.61049674 ], [ -98.6006646, 19.61025769 ], [ -98.60097808, 19.60926526 ], [ -98.60084689, 19.60881811 ], [ -98.60076545, 19.60845485 ], [ -98.60083946, 19.60828495 ], [ -98.60125486, 19.60790295 ], [ -98.60203698, 19.60720975 ], [ -98.60271595, 19.60661272 ], [ -98.60325171, 19.60619746 ], [ -98.60381871, 19.60556129 ], [ -98.60406125, 19.60535974 ], [ -98.60441678, 19.60525169 ], [ -98.60512635, 19.60511197 ], [ -98.60573857, 19.60499754 ], [ -98.60646605, 19.60452865 ], [ -98.60772578, 19.60351029 ], [ -98.60830266, 19.60302477 ], [ -98.60862629, 19.6026222 ], [ -98.60902072, 19.60235877 ], [ -98.60983608, 19.60201431 ], [ -98.61086012, 19.60182945 ], [ -98.61244223, 19.60140477 ], [ -98.61336775, 19.60106514 ], [ -98.6140612, 19.60104969 ], [ -98.61509577, 19.60112328 ], [ -98.61583572, 19.60122905 ], [ -98.61605558, 19.60122071 ], [ -98.61644257, 19.60132223 ], [ -98.61829668, 19.60139914 ], [ -98.61974075, 19.60125531 ], [ -98.62032195, 19.60099192 ], [ -98.62103045, 19.6006726 ], [ -98.62182105, 19.60038925 ], [ -98.62228755, 19.60039365 ], [ -98.62270778, 19.60053857 ], [ -98.62274162, 19.60054718 ], [ -98.62333991, 19.60069942 ], [ -98.62418195, 19.60060869 ], [ -98.62472114, 19.60046891 ], [ -98.62526334, 19.60039212 ], [ -98.62591689, 19.60033222 ], [ -98.62676311, 19.60042388 ], [ -98.62716358, 19.60056854 ], [ -98.62747457, 19.60078218 ], [ -98.62788769, 19.60097371 ], [ -98.62829666, 19.60101357 ], [ -98.62847894, 19.60118842 ], [ -98.62863831, 19.60128034 ], [ -98.6289396, 19.60145528 ], [ -98.62921575, 19.60157988 ], [ -98.62950314, 19.60166134 ], [ -98.62977143, 19.60167542 ], [ -98.62992863, 19.60165083 ], [ -98.63024443, 19.60165786 ], [ -98.63047317, 19.60176231 ], [ -98.63078991, 19.60197638 ], [ -98.6310138, 19.60199317 ], [ -98.63141502, 19.60173712 ], [ -98.63181652, 19.60151158 ], [ -98.63207671, 19.60142345 ], [ -98.63217714, 19.6013502 ], [ -98.63252589, 19.60087105 ], [ -98.63282222, 19.60029334 ], [ -98.63301235, 19.59966602 ], [ -98.63335438, 19.59893851 ], [ -98.63348446, 19.59826145 ], [ -98.63363569, 19.59789138 ], [ -98.63405103, 19.59792426 ], [ -98.63468663, 19.59775811 ], [ -98.63512046, 19.59787755 ], [ -98.63556218, 19.5981946 ], [ -98.63603749, 19.59843269 ], [ -98.63639585, 19.59870214 ], [ -98.6369056, 19.59886106 ], [ -98.63801482, 19.5987884 ], [ -98.63830192, 19.59894118 ], [ -98.63862191, 19.59936195 ], [ -98.63929097, 19.59985494 ], [ -98.63962946, 19.60043663 ], [ -98.64024097, 19.60122518 ], [ -98.64029382, 19.60148322 ], [ -98.64047597, 19.60179534 ], [ -98.64068198, 19.60205249 ], [ -98.64075985, 19.60227132 ], [ -98.64078166, 19.6025534 ], [ -98.64089149, 19.60276931 ], [ -98.64103405, 19.60297349 ], [ -98.64113903, 19.60326574 ], [ -98.64113311, 19.60350535 ], [ -98.64110357, 19.60388908 ], [ -98.64127249, 19.60424738 ], [ -98.64160514, 19.60443711 ], [ -98.64178526, 19.60485509 ], [ -98.64187282, 19.60511086 ], [ -98.64198714, 19.60536725 ], [ -98.64233658, 19.60562074 ], [ -98.64297585, 19.60578591 ], [ -98.64350411, 19.60568025 ], [ -98.64378248, 19.60574471 ], [ -98.64415666, 19.60604129 ], [ -98.64438148, 19.60655872 ], [ -98.64470088, 19.60696523 ], [ -98.64545966, 19.60736605 ], [ -98.64590929, 19.60753017 ], [ -98.64653029, 19.60760394 ], [ -98.64692717, 19.60774466 ], [ -98.646970106, 19.607753343 ], [ -98.646970143, 19.60775335 ], [ -98.647331819, 19.60782645 ], [ -98.64765943, 19.60780355 ], [ -98.64788837, 19.607626431 ], [ -98.648218819, 19.60760772 ], [ -98.64865478, 19.607302091 ], [ -98.648965349, 19.607196171 ], [ -98.64925954, 19.606926221 ], [ -98.649619349, 19.60674694 ], [ -98.64964569, 19.60644095 ], [ -98.650119849, 19.606531691 ], [ -98.650559119, 19.606816491 ], [ -98.65074862, 19.606920281 ], [ -98.65097637, 19.60701485 ], [ -98.65106792, 19.60701242 ], [ -98.65110005, 19.60706829 ], [ -98.65112212, 19.60718709 ], [ -98.65135711, 19.60736131 ], [ -98.65177394, 19.60753885 ], [ -98.65218722, 19.60780483 ], [ -98.65229842, 19.60774358 ], [ -98.65241808, 19.60763346 ], [ -98.65259377, 19.60742958 ], [ -98.65275566, 19.60737885 ], [ -98.65293037, 19.60743655 ], [ -98.65317757, 19.60770766 ], [ -98.65330848, 19.60783408 ], [ -98.65365654, 19.60780428 ], [ -98.65377454, 19.60765066 ], [ -98.653933, 19.6075432 ], [ -98.65435185, 19.60755932 ], [ -98.65487518, 19.60764523 ], [ -98.65520705, 19.60755634 ], [ -98.65534, 19.60729235 ], [ -98.65548075, 19.60693654 ], [ -98.65560057, 19.606967 ], [ -98.65572968, 19.60698925 ], [ -98.65651854, 19.60681928 ], [ -98.65704929, 19.60669005 ], [ -98.65684992, 19.6064974 ], [ -98.65701785, 19.6064856 ], [ -98.65717631, 19.60634485 ], [ -98.65772398, 19.60555558 ], [ -98.6601342, 19.60531138 ], [ -98.66046723, 19.60536409 ], [ -98.66098549, 19.60542345 ], [ -98.66148531, 19.60557086 ], [ -98.66225195, 19.60570202 ], [ -98.66246549, 19.60576495 ], [ -98.66278905, 19.60562892 ], [ -98.66289269, 19.60553335 ], [ -98.66312935, 19.60491391 ], [ -98.66314562, 19.60475422 ], [ -98.66368785, 19.60508391 ], [ -98.66427326, 19.60547966 ], [ -98.66557709, 19.60615374 ], [ -98.66550042, 19.60619791 ], [ -98.66487285, 19.60690883 ], [ -98.66476303, 19.60701615 ], [ -98.66471018, 19.60697249 ], [ -98.66426977, 19.60742922 ], [ -98.66284934, 19.60894477 ], [ -98.662691, 19.60909811 ], [ -98.6617466, 19.610113 ], [ -98.66193165, 19.61169255 ], [ -98.66313177, 19.6129916 ], [ -98.66381542, 19.61355091 ], [ -98.66343938, 19.61378291 ], [ -98.66413778, 19.61473083 ], [ -98.66382605, 19.61505332 ], [ -98.66440965, 19.61557855 ], [ -98.66467429, 19.61585466 ], [ -98.6649836, 19.61643135 ], [ -98.66574514, 19.6171128 ], [ -98.66637942, 19.61739638 ], [ -98.66662589, 19.61750754 ], [ -98.66684442, 19.61763672 ], [ -98.66717991, 19.61796268 ], [ -98.66792212, 19.61816286 ], [ -98.66867649, 19.61917529 ], [ -98.66898172, 19.62000157 ], [ -98.66901685, 19.62064326 ], [ -98.66912454, 19.62133703 ], [ -98.66913195, 19.62148842 ], [ -98.66962323, 19.62198185 ], [ -98.6699124, 19.62238663 ], [ -98.67013217, 19.62328365 ], [ -98.67009478, 19.62341506 ], [ -98.67054911, 19.62482792 ], [ -98.67081692, 19.62500914 ], [ -98.67139117, 19.62491982 ], [ -98.67160888, 19.62516423 ], [ -98.67239572, 19.62514757 ], [ -98.67198754, 19.62566194 ], [ -98.67181551, 19.62572054 ], [ -98.67221314, 19.62631572 ], [ -98.67197383, 19.62665282 ], [ -98.67203888, 19.62802068 ], [ -98.67210777, 19.62837694 ], [ -98.67215542, 19.62858425 ], [ -98.67271637, 19.6300648 ], [ -98.67265929, 19.63022717 ], [ -98.67261592, 19.63143949 ], [ -98.67148162, 19.63312734 ], [ -98.67152885, 19.63372494 ], [ -98.67163692, 19.63456703 ], [ -98.67171615, 19.63514382 ], [ -98.67169709, 19.63564922 ], [ -98.67181726, 19.63616934 ], [ -98.67203665, 19.63672948 ], [ -98.6704516, 19.6387514 ], [ -98.66927277, 19.64048822 ], [ -98.66902977, 19.6411256 ], [ -98.66941026, 19.64218805 ], [ -98.6694582, 19.64230625 ], [ -98.6693804, 19.64266197 ], [ -98.66887415, 19.64314994 ], [ -98.66855085, 19.64335883 ], [ -98.66834097, 19.64342738 ], [ -98.66814223, 19.64368086 ], [ -98.6676314, 19.64435562 ], [ -98.66772706, 19.64463585 ], [ -98.6694498, 19.64705677 ], [ -98.66982352, 19.64854628 ], [ -98.67001452, 19.64988635 ], [ -98.66987522, 19.65009395 ], [ -98.67041423, 19.65122229 ], [ -98.6707558, 19.65328334 ], [ -98.67073085, 19.65385518 ], [ -98.67069542, 19.65455174 ], [ -98.67033526, 19.65559003 ], [ -98.67024514, 19.65733751 ], [ -98.67005482, 19.65867614 ], [ -98.66822857, 19.65850431 ], [ -98.66847183, 19.65877362 ], [ -98.66866434, 19.65910155 ], [ -98.66863606, 19.6592122 ], [ -98.6676418, 19.65999431 ], [ -98.66714145, 19.66037294 ], [ -98.66694425, 19.6605714 ], [ -98.66739855, 19.66086594 ], [ -98.66777774, 19.66133594 ], [ -98.66709345, 19.66191688 ], [ -98.66643598, 19.66226788 ], [ -98.66579145, 19.66187185 ], [ -98.66670803, 19.66090306 ], [ -98.66620898, 19.66064909 ], [ -98.6660056, 19.66037309 ], [ -98.66549589, 19.65978928 ], [ -98.6651716, 19.66035348 ], [ -98.66553026, 19.66074046 ], [ -98.66536249, 19.66160829 ], [ -98.66511897, 19.66145866 ], [ -98.66474334, 19.66072962 ], [ -98.664681, 19.66040532 ], [ -98.66461662, 19.66007043 ], [ -98.66468851, 19.65931638 ], [ -98.66481022, 19.65858572 ], [ -98.66475734, 19.65771429 ], [ -98.66435702, 19.65703245 ], [ -98.66355951, 19.65654032 ], [ -98.66288685, 19.65618914 ], [ -98.66248763, 19.65581352 ], [ -98.66203817, 19.65529672 ], [ -98.66121574, 19.65478112 ], [ -98.65994888, 19.65441462 ], [ -98.65996182, 19.65431891 ], [ -98.65975969, 19.65433008 ], [ -98.65945291, 19.65413617 ], [ -98.65812102, 19.65396742 ], [ -98.6580758, 19.65374934 ], [ -98.65797949, 19.65374529 ], [ -98.65554583, 19.65047226 ], [ -98.65481234, 19.65118352 ], [ -98.65310666, 19.654315 ], [ -98.65293322, 19.65421866 ], [ -98.65225968, 19.65360831 ], [ -98.65195988, 19.6532088 ], [ -98.65194188, 19.65316323 ], [ -98.65133511, 19.65330655 ], [ -98.65096609, 19.65343883 ], [ -98.65070294, 19.65333858 ], [ -98.65058072, 19.65302248 ], [ -98.65063418, 19.65265683 ], [ -98.650565, 19.65217458 ], [ -98.65030189, 19.65205769 ], [ -98.64992515, 19.65187772 ], [ -98.64970106, 19.65167811 ], [ -98.64944558, 19.65142472 ], [ -98.64926245, 19.65127025 ], [ -98.64891838, 19.65098051 ], [ -98.64854838, 19.65100692 ], [ -98.64817957, 19.65105608 ], [ -98.64791605, 19.65112206 ], [ -98.6476538, 19.65100969 ], [ -98.64756522, 19.65097175 ], [ -98.64733752, 19.65072194 ], [ -98.64716031, 19.65054703 ], [ -98.64678794, 19.65032554 ], [ -98.6464444, 19.65014917 ], [ -98.64564906, 19.64973235 ], [ -98.64487443, 19.64928595 ], [ -98.64456808, 19.64926752 ], [ -98.64418658, 19.64883089 ], [ -98.64381414, 19.6488378 ], [ -98.64355415, 19.64918591 ], [ -98.64290449, 19.64920125 ], [ -98.64194088, 19.64949015 ], [ -98.64160846, 19.64949043 ], [ -98.64143437, 19.6498016 ], [ -98.64149003, 19.64999697 ], [ -98.64125178, 19.65022868 ], [ -98.64104068, 19.65041112 ], [ -98.64095242, 19.65062708 ], [ -98.64082898, 19.65085957 ], [ -98.64067048, 19.65107537 ], [ -98.64042382, 19.65145725 ], [ -98.64007218, 19.65167266 ], [ -98.63972069, 19.65182158 ], [ -98.63962209, 19.65197362 ], [ -98.63973577, 19.6519752 ], [ -98.63932032, 19.65282451 ], [ -98.63929682, 19.65293458 ], [ -98.63923342, 19.65300215 ], [ -98.6389776, 19.65352511 ], [ -98.63876891, 19.6533984 ], [ -98.63870832, 19.65341434 ], [ -98.63849378, 19.65353982 ], [ -98.63829346, 19.65370446 ], [ -98.63810889, 19.65407837 ], [ -98.63782155, 19.65427483 ], [ -98.63737602, 19.65417274 ], [ -98.63697971, 19.65424372 ], [ -98.63699118, 19.65422494 ], [ -98.63650705, 19.65426502 ], [ -98.63630454, 19.65452285 ], [ -98.63619525, 19.65467042 ], [ -98.6358094, 19.65505942 ], [ -98.63564525, 19.65522809 ], [ -98.63518237, 19.65543005 ], [ -98.63494914, 19.65553786 ], [ -98.63454052, 19.65552583 ], [ -98.63403138, 19.65551451 ], [ -98.63319983, 19.65550558 ], [ -98.63297785, 19.65553003 ], [ -98.63269095, 19.65572417 ], [ -98.63205363, 19.65593642 ], [ -98.63162823, 19.65597565 ], [ -98.6311386, 19.6561192 ], [ -98.63070955, 19.65624794 ], [ -98.63034023, 19.65640808 ], [ -98.62949489, 19.65673603 ], [ -98.62937502, 19.65667694 ], [ -98.62919705, 19.65646243 ], [ -98.62888492, 19.65607938 ], [ -98.62876955, 19.65605891 ], [ -98.62842189, 19.6562504 ], [ -98.62818448, 19.65657391 ], [ -98.62773077, 19.65643609 ], [ -98.62750185, 19.65612478 ], [ -98.62743626, 19.65604548 ], [ -98.62674863, 19.65580654 ], [ -98.62636689, 19.65567715 ], [ -98.62548729, 19.65559777 ], [ -98.62511351, 19.65556003 ], [ -98.62484388, 19.65572469 ], [ -98.62477348, 19.65576474 ], [ -98.62444871, 19.65583783 ], [ -98.62430646, 19.65613292 ], [ -98.62313749, 19.65678146 ], [ -98.62222085, 19.65765972 ], [ -98.62219129, 19.65799117 ], [ -98.62234502, 19.65837195 ], [ -98.62205675, 19.65908088 ], [ -98.62132372, 19.66035582 ], [ -98.62118517, 19.66059688 ], [ -98.62087012, 19.66086249 ], [ -98.62054568, 19.66102462 ], [ -98.61990051, 19.66107166 ], [ -98.61967057, 19.66116392 ], [ -98.61969234, 19.66117251 ], [ -98.62026937, 19.66140026 ], [ -98.62042275, 19.66145875 ], [ -98.62066346, 19.66150766 ], [ -98.62120106, 19.66176425 ], [ -98.6219504, 19.66256662 ], [ -98.62208702, 19.66269808 ], [ -98.62281752, 19.66314266 ], [ -98.62332063, 19.66345108 ], [ -98.62371605, 19.66353192 ], [ -98.62442555, 19.66367582 ], [ -98.62460011, 19.66371011 ], [ -98.62506603, 19.66310986 ], [ -98.62593618, 19.66308785 ], [ -98.62751145, 19.66346755 ], [ -98.62791537, 19.66353508 ], [ -98.62791185, 19.66356025 ], [ -98.62776212, 19.66514086 ], [ -98.62866452, 19.66529457 ], [ -98.63014505, 19.66669771 ], [ -98.63002717, 19.66731031 ], [ -98.63093738, 19.66723183 ], [ -98.6310598, 19.66736431 ], [ -98.63143008, 19.66756162 ], [ -98.63178597, 19.66756235 ], [ -98.63191937, 19.66759069 ], [ -98.63209671, 19.66785782 ], [ -98.63212665, 19.6678678 ], [ -98.63239306, 19.66795669 ], [ -98.63292642, 19.66816837 ], [ -98.63304431, 19.66849151 ], [ -98.63322203, 19.66859015 ], [ -98.63407925, 19.66807271 ], [ -98.63428055, 19.66820629 ], [ -98.63451974, 19.66858728 ], [ -98.63477028, 19.66927572 ], [ -98.63494666, 19.669964 ], [ -98.63519777, 19.67039974 ], [ -98.63525655, 19.67063852 ], [ -98.63549352, 19.67076535 ], [ -98.63567195, 19.67055512 ], [ -98.63580602, 19.67028866 ], [ -98.63619209, 19.6700648 ], [ -98.63714566, 19.66946212 ], [ -98.63758835, 19.66902872 ], [ -98.63792955, 19.66897325 ], [ -98.6383734, 19.66922245 ], [ -98.63871666, 19.66981892 ], [ -98.63887112, 19.67035768 ], [ -98.63920117, 19.67061842 ], [ -98.63961594, 19.6708158 ], [ -98.63989709, 19.67108311 ], [ -98.63970372, 19.67134946 ], [ -98.63946592, 19.67158765 ], [ -98.63949412, 19.67223352 ], [ -98.63931495, 19.67278069 ], [ -98.6390176, 19.67311705 ], [ -98.63846671, 19.67369045 ], [ -98.63814078, 19.67395763 ], [ -98.63779923, 19.67416754 ], [ -98.63721998, 19.67455948 ], [ -98.63701168, 19.67486791 ], [ -98.63615118, 19.67503465 ], [ -98.63543429, 19.67502674 ], [ -98.63497432, 19.67513812 ], [ -98.6345892, 19.67494078 ], [ -98.63415988, 19.67461702 ], [ -98.63352268, 19.67440512 ], [ -98.63284114, 19.67413698 ], [ -98.63254446, 19.67417849 ], [ -98.63223711, 19.67452635 ], [ -98.63204725, 19.67515203 ], [ -98.63221423, 19.67591869 ], [ -98.632228, 19.67638202 ], [ -98.63200497, 19.67663428 ], [ -98.63135215, 19.67700668 ], [ -98.63108528, 19.67744325 ], [ -98.63101862, 19.67771574 ], [ -98.63074058, 19.67799629 ], [ -98.63034909, 19.67834295 ], [ -98.63010694, 19.67902574 ], [ -98.63004992, 19.67967385 ], [ -98.62989414, 19.68068478 ], [ -98.62992998, 19.68119294 ], [ -98.62989205, 19.68159582 ], [ -98.62983418, 19.68261185 ], [ -98.62955762, 19.6840184 ], [ -98.62924303, 19.68498808 ], [ -98.62927223, 19.68553651 ], [ -98.62940017, 19.68623757 ], [ -98.62946366, 19.68681525 ], [ -98.62937254, 19.6872758 ], [ -98.62905672, 19.68795789 ], [ -98.62861569, 19.6887952 ], [ -98.62772463, 19.68933025 ], [ -98.62655686, 19.69009869 ], [ -98.62603446, 19.69048334 ], [ -98.62553545, 19.69090068 ], [ -98.62511028, 19.69137463 ], [ -98.62520146, 19.69195298 ], [ -98.62531109, 19.6925664 ], [ -98.62523966, 19.69277174 ], [ -98.62520745, 19.69306577 ], [ -98.62521822, 19.69412082 ], [ -98.62517695, 19.69452835 ], [ -98.6250664, 19.69507312 ], [ -98.62484429, 19.69568205 ], [ -98.62406929, 19.69613312 ], [ -98.6239154, 19.69640805 ], [ -98.62402012, 19.6968934 ], [ -98.62438831, 19.69715768 ], [ -98.624455, 19.69736306 ], [ -98.62513777, 19.69800431 ], [ -98.62731363, 19.70003237 ], [ -98.62682142, 19.70086174 ], [ -98.62901538, 19.70268975 ], [ -98.62994262, 19.70346223 ], [ -98.62971377, 19.70356798 ], [ -98.62991837, 19.70411402 ], [ -98.63079325, 19.70470442 ], [ -98.63073518, 19.70537314 ], [ -98.63088966, 19.70602994 ], [ -98.6309006, 19.70708675 ], [ -98.63084745, 19.70718469 ], [ -98.63010174, 19.70774555 ], [ -98.62996495, 19.70784466 ], [ -98.62994931, 19.70791691 ], [ -98.62947202, 19.70961475 ], [ -98.62943357, 19.70972085 ], [ -98.629733, 19.70972603 ], [ -98.62999586, 19.70999774 ], [ -98.62999565, 19.7100836 ], [ -98.63018089, 19.71018795 ], [ -98.63021709, 19.71024902 ], [ -98.63045965, 19.71032863 ], [ -98.63062723, 19.71054817 ], [ -98.63083975, 19.71072712 ], [ -98.63084965, 19.71081977 ], [ -98.63096511, 19.71089911 ], [ -98.63099417, 19.71098955 ], [ -98.63120085, 19.71110297 ], [ -98.63118342, 19.71135595 ], [ -98.63117975, 19.71140791 ], [ -98.63127857, 19.71146235 ], [ -98.63142971, 19.71138815 ], [ -98.63149777, 19.71157355 ], [ -98.63142735, 19.71160954 ], [ -98.63154828, 19.7116708 ], [ -98.63164429, 19.71166877 ], [ -98.6318818, 19.71185683 ], [ -98.63189068, 19.71211891 ], [ -98.63211968, 19.71235212 ], [ -98.63225792, 19.71239988 ], [ -98.63224723, 19.71263255 ], [ -98.63242649, 19.71295151 ], [ -98.63237242, 19.71313891 ], [ -98.63247574, 19.71329275 ], [ -98.63233374, 19.71379172 ], [ -98.6301312, 19.71571645 ], [ -98.63002635, 19.71610445 ], [ -98.63028689, 19.71685285 ], [ -98.63346158, 19.71496452 ], [ -98.63345968, 19.71599022 ], [ -98.63085374, 19.7177194 ], [ -98.63145912, 19.71866512 ], [ -98.63169174, 19.71913105 ], [ -98.63179237, 19.71964637 ], [ -98.63180414, 19.72019765 ], [ -98.63201308, 19.72083069 ], [ -98.63225095, 19.72133277 ], [ -98.63252683, 19.72167906 ], [ -98.63264825, 19.72182165 ], [ -98.63279529, 19.72216538 ], [ -98.63292434, 19.72223586 ], [ -98.63280652, 19.72232597 ], [ -98.63256943, 19.72249208 ], [ -98.63225372, 19.72265974 ], [ -98.63198975, 19.72291225 ], [ -98.63181112, 19.72298106 ], [ -98.63165745, 19.722974 ], [ -98.63154762, 19.72274957 ], [ -98.63163222, 19.72228565 ], [ -98.63156543, 19.72218837 ], [ -98.63161598, 19.72198951 ], [ -98.63158625, 19.72166322 ], [ -98.63152475, 19.72148023 ], [ -98.63118932, 19.72136428 ], [ -98.63064368, 19.72132237 ], [ -98.62920114, 19.72264525 ], [ -98.62876531, 19.72257197 ], [ -98.62857557, 19.72235917 ], [ -98.62839437, 19.72231358 ], [ -98.62819225, 19.72227697 ], [ -98.6278928, 19.72182218 ], [ -98.62763637, 19.7218216 ], [ -98.62734906, 19.72222986 ], [ -98.62735218, 19.72238575 ], [ -98.62751583, 19.72276794 ], [ -98.62744554, 19.72297562 ], [ -98.62750709, 19.72339371 ], [ -98.62746926, 19.7237438 ], [ -98.6275152, 19.72395402 ], [ -98.62668314, 19.72444011 ], [ -98.62621426, 19.7247124 ], [ -98.62630042, 19.72483234 ], [ -98.62626752, 19.72485937 ], [ -98.62693238, 19.72564709 ], [ -98.62574243, 19.72660905 ], [ -98.62470305, 19.72742449 ], [ -98.62446149, 19.72649542 ], [ -98.62377969, 19.72557434 ], [ -98.62317971, 19.72602255 ], [ -98.62290885, 19.72629754 ], [ -98.62149452, 19.72704658 ], [ -98.62128378, 19.72712518 ], [ -98.62123622, 19.72706632 ], [ -98.62099534, 19.72677208 ], [ -98.61980805, 19.726932 ], [ -98.61907177, 19.72726689 ], [ -98.61622635, 19.72854122 ], [ -98.61598452, 19.72930878 ], [ -98.61589903, 19.72948295 ], [ -98.61518025, 19.72941511 ] ] ] ] } },
{ "type": "Feature", "properties": { "cvegeo": "13016", "cve_ent": "13", "cve_mun": "016", "nomgeo": "Cuautepec de Hinojosa", "state_code": "13", "state_name": "Hidalgo" }, "geometry": { "type": "MultiPolygon", "coordinates": [ [ [ [ -98.307544829, 20.097096091 ], [ -98.30746234, 20.09704755 ], [ -98.305984109, 20.096079351 ], [ -98.305397049, 20.096731351 ], [ -98.304705109, 20.096273081 ], [ -98.303554859, 20.09556105 ], [ -98.30336, 20.09538123 ], [ -98.302881749, 20.09512297 ], [ -98.302211489, 20.09492428 ], [ -98.30165342, 20.094650621 ], [ -98.3012554, 20.094317261 ], [ -98.300656489, 20.09369058 ], [ -98.3001298, 20.09317512 ], [ -98.29996218, 20.092997371 ], [ -98.299905569, 20.093079201 ], [ -98.29975691, 20.093155831 ], [ -98.29971849, 20.09315877 ], [ -98.29949771, 20.092992971 ], [ -98.299286319, 20.093173281 ], [ -98.299077649, 20.093163651 ], [ -98.29880826, 20.09308168 ], [ -98.298488739, 20.09285926 ], [ -98.298318029, 20.09273857 ], [ -98.29818169, 20.092592181 ], [ -98.297931859, 20.09245651 ], [ -98.29763954, 20.09246195 ], [ -98.297353369, 20.092253681 ], [ -98.29713469, 20.09203642 ], [ -98.29685426, 20.09182294 ], [ -98.29495797, 20.091507051 ], [ -98.294449949, 20.09147194 ], [ -98.29404012, 20.09165622 ], [ -98.29371629, 20.09157077 ], [ -98.29300652, 20.090987321 ], [ -98.29249131, 20.090343521 ], [ -98.29173729, 20.089213921 ], [ -98.2910374, 20.08812003 ], [ -98.291028489, 20.08810645 ], [ -98.29066378, 20.08785423 ], [ -98.2898228, 20.08836365 ], [ -98.28973983, 20.088446371 ], [ -98.289550339, 20.089368971 ], [ -98.288914769, 20.09021835 ], [ -98.288147459, 20.09025788 ], [ -98.28733675, 20.08991383 ], [ -98.28674615, 20.089123831 ], [ -98.286420179, 20.088765601 ], [ -98.286049969, 20.08788311 ], [ -98.285814179, 20.08729215 ], [ -98.28513812, 20.08780035 ], [ -98.28426277, 20.089071051 ], [ -98.284039519, 20.09126291 ], [ -98.28400838, 20.09156868 ], [ -98.283829769, 20.091797951 ], [ -98.283458419, 20.0918648 ], [ -98.28301538, 20.09177757 ], [ -98.282645279, 20.091571021 ], [ -98.282161719, 20.09081814 ], [ -98.281745779, 20.090484571 ], [ -98.28146045, 20.09042117 ], [ -98.28107322, 20.090530261 ], [ -98.28052077, 20.090658231 ], [ -98.28010746, 20.09052632 ], [ -98.27983302, 20.090199661 ], [ -98.27962754, 20.089873291 ], [ -98.27928442, 20.089481231 ], [ -98.27900908, 20.08934989 ], [ -98.278456919, 20.089412751 ], [ -98.277826679, 20.089887891 ], [ -98.276334709, 20.09107875 ], [ -98.270818169, 20.095400631 ], [ -98.270635489, 20.095916941 ], [ -98.26993831, 20.09568312 ], [ -98.269862979, 20.095660551 ], [ -98.2692682, 20.095236831 ], [ -98.26918043, 20.09525231 ], [ -98.268854599, 20.095546221 ], [ -98.26851246, 20.095406621 ], [ -98.26845692, 20.095399291 ], [ -98.26838765, 20.09546152 ], [ -98.26785775, 20.09520278 ], [ -98.267426769, 20.095088021 ], [ -98.266556169, 20.095416221 ], [ -98.264699, 20.09503195 ], [ -98.26490245, 20.09457545 ], [ -98.26400366, 20.0945984 ], [ -98.26450398, 20.094463081 ], [ -98.26474188, 20.09415837 ], [ -98.26494434, 20.09397926 ], [ -98.265499019, 20.09300852 ], [ -98.26593395, 20.09302412 ], [ -98.266319309, 20.092567381 ], [ -98.26700874, 20.092157601 ], [ -98.26760691, 20.091915911 ], [ -98.267943029, 20.09141185 ], [ -98.26798134, 20.091356601 ], [ -98.26854578, 20.08972475 ], [ -98.269229, 20.09022422 ], [ -98.269395399, 20.090416341 ], [ -98.26978958, 20.090770681 ], [ -98.269964629, 20.09063618 ], [ -98.270237029, 20.090882461 ], [ -98.27053588, 20.09087346 ], [ -98.27089414, 20.09031249 ], [ -98.271273549, 20.089761231 ], [ -98.274031829, 20.088041 ], [ -98.27424472, 20.087940181 ], [ -98.2743802, 20.08783405 ], [ -98.274710539, 20.08772509 ], [ -98.27490269, 20.087596291 ], [ -98.27537138, 20.08741494 ], [ -98.27577265, 20.08715354 ], [ -98.27630478, 20.086951491 ], [ -98.276201139, 20.086719 ], [ -98.276001629, 20.086543511 ], [ -98.27574957, 20.086277711 ], [ -98.275693059, 20.08604638 ], [ -98.275701219, 20.08574989 ], [ -98.27581532, 20.08538291 ], [ -98.275847519, 20.08502485 ], [ -98.275490029, 20.08460443 ], [ -98.27497565, 20.08378965 ], [ -98.27488211, 20.08300408 ], [ -98.27500974, 20.082813321 ], [ -98.27519605, 20.08258198 ], [ -98.27530498, 20.08242494 ], [ -98.275315449, 20.082268371 ], [ -98.27531408, 20.082094091 ], [ -98.27533497, 20.081895661 ], [ -98.275345349, 20.081742001 ], [ -98.27537929, 20.081626661 ], [ -98.275395739, 20.081476051 ], [ -98.275391339, 20.081412061 ], [ -98.275356049, 20.081353111 ], [ -98.27536426, 20.081277801 ], [ -98.275385259, 20.081183511 ], [ -98.275356709, 20.08099114 ], [ -98.275360139, 20.08086634 ], [ -98.275438089, 20.08071725 ], [ -98.27544388, 20.080618651 ], [ -98.275384219, 20.080550381 ], [ -98.275359889, 20.08042782 ], [ -98.27536514, 20.080282861 ], [ -98.275354229, 20.080181851 ], [ -98.27533231, 20.080083141 ], [ -98.275280719, 20.0799682 ], [ -98.275290939, 20.07987926 ], [ -98.27532794, 20.07972775 ], [ -98.27533518, 20.07966334 ], [ -98.27532552, 20.0796166 ], [ -98.275279739, 20.07958965 ], [ -98.27523337, 20.07958334 ], [ -98.27520349, 20.079574851 ], [ -98.275179449, 20.0795536 ], [ -98.27518009, 20.079530351 ], [ -98.27519505, 20.079484221 ], [ -98.2752516, 20.07941845 ], [ -98.275299879, 20.07935505 ], [ -98.27541177, 20.079273021 ], [ -98.275488719, 20.079219751 ], [ -98.275499519, 20.079180941 ], [ -98.2755004, 20.079148781 ], [ -98.27545032, 20.079110781 ], [ -98.275390179, 20.079084031 ], [ -98.27531518, 20.07906611 ], [ -98.275199399, 20.07902649 ], [ -98.27513945, 20.07899285 ], [ -98.27512578, 20.07895803 ], [ -98.275124549, 20.078914341 ], [ -98.275139549, 20.078867751 ], [ -98.27516546, 20.078810941 ], [ -98.27517871, 20.0787722 ], [ -98.275180029, 20.07872395 ], [ -98.27514492, 20.078672541 ], [ -98.275089579, 20.078648201 ], [ -98.275004419, 20.078646111 ], [ -98.274885049, 20.07864777 ], [ -98.274802379, 20.07864345 ], [ -98.274746719, 20.07863058 ], [ -98.274704179, 20.078583581 ], [ -98.27467465, 20.07850702 ], [ -98.27467442, 20.078426571 ], [ -98.274664519, 20.078343581 ], [ -98.274624419, 20.078296651 ], [ -98.274585489, 20.078295691 ], [ -98.27448166, 20.078294911 ], [ -98.274412799, 20.07828857 ], [ -98.274374279, 20.07825505 ], [ -98.274350659, 20.07821723 ], [ -98.274308489, 20.07813709 ], [ -98.27419229, 20.07805978 ], [ -98.274095419, 20.077996911 ], [ -98.274004229, 20.07790626 ], [ -98.273918349, 20.07780177 ], [ -98.27387266, 20.07767035 ], [ -98.27382218, 20.077534151 ], [ -98.273696429, 20.077403231 ], [ -98.27347478, 20.077216311 ], [ -98.273305399, 20.07710046 ], [ -98.27314926, 20.07704078 ], [ -98.27302852, 20.0769494 ], [ -98.27296743, 20.076715151 ], [ -98.27275434, 20.076374291 ], [ -98.269409569, 20.07507892 ], [ -98.27001965, 20.075462251 ], [ -98.2700338, 20.07556594 ], [ -98.270119859, 20.07589485 ], [ -98.270169999, 20.07612305 ], [ -98.270147349, 20.076274951 ], [ -98.27019731, 20.07654462 ], [ -98.270342049, 20.076883741 ], [ -98.27032665, 20.077049491 ], [ -98.26993815, 20.07722062 ], [ -98.269746779, 20.077475461 ], [ -98.269540819, 20.07772028 ], [ -98.26989242, 20.07876235 ], [ -98.27036311, 20.080175951 ], [ -98.269807719, 20.08073731 ], [ -98.269948739, 20.08127875 ], [ -98.26972137, 20.081676911 ], [ -98.269325849, 20.081861521 ], [ -98.26894829, 20.081926081 ], [ -98.26865972, 20.081979311 ], [ -98.26796977, 20.081541081 ], [ -98.267682719, 20.081267771 ], [ -98.267107599, 20.080938851 ], [ -98.266705479, 20.08061065 ], [ -98.26636203, 20.080064981 ], [ -98.265788179, 20.079463951 ], [ -98.26530955, 20.078929171 ], [ -98.264934369, 20.078328741 ], [ -98.264815539, 20.07782722 ], [ -98.26458666, 20.077445291 ], [ -98.264299879, 20.07711757 ], [ -98.264014109, 20.07657214 ], [ -98.263612509, 20.076135091 ], [ -98.263499719, 20.07559038 ], [ -98.263273139, 20.074718681 ], [ -98.26339151, 20.07406609 ], [ -98.263510879, 20.073195821 ], [ -98.26101997, 20.07545166 ], [ -98.260753049, 20.07561618 ], [ -98.260493079, 20.075942741 ], [ -98.251085429, 20.08442112 ], [ -98.24603097, 20.08443415 ], [ -98.242653109, 20.086388581 ], [ -98.24088062, 20.08547942 ], [ -98.24067326, 20.085369511 ], [ -98.240002149, 20.0851106 ], [ -98.23865191, 20.08451443 ], [ -98.237832214, 20.084132547 ], [ -98.2353868, 20.08299323 ], [ -98.2331566, 20.08220086 ], [ -98.232459059, 20.08195074 ], [ -98.232070619, 20.081866751 ], [ -98.231727489, 20.081755381 ], [ -98.231678097, 20.081730547 ], [ -98.231659228, 20.08172106 ], [ -98.231633088, 20.081707926 ], [ -98.23160798, 20.08169531 ], [ -98.231698359, 20.080937056 ], [ -98.231725842, 20.080706483 ], [ -98.23173008, 20.08067092 ], [ -98.23182689, 20.08004366 ], [ -98.23189091, 20.079611661 ], [ -98.231903287, 20.079452999 ], [ -98.231904981, 20.079431281 ], [ -98.23190778, 20.079395401 ], [ -98.231910762, 20.079357179 ], [ -98.231996059, 20.078263741 ], [ -98.23204425, 20.077816951 ], [ -98.23205017, 20.077646151 ], [ -98.23230928, 20.076302281 ], [ -98.232533449, 20.074512971 ], [ -98.232557109, 20.074340921 ], [ -98.232649339, 20.073307601 ], [ -98.232662321, 20.073204891 ], [ -98.23267532, 20.073102051 ], [ -98.232676648, 20.073092939 ], [ -98.232757841, 20.07253619 ], [ -98.232810756, 20.072173347 ], [ -98.23281718, 20.07212929 ], [ -98.232820318, 20.072106229 ], [ -98.23284809, 20.071902151 ], [ -98.231717058, 20.071758158 ], [ -98.230931079, 20.07165809 ], [ -98.229849489, 20.07153503 ], [ -98.22812597, 20.07135095 ], [ -98.226374509, 20.071124771 ], [ -98.224588399, 20.070968431 ], [ -98.224544169, 20.070959 ], [ -98.22430943, 20.07091825 ], [ -98.22427882, 20.07092371 ], [ -98.22328655, 20.07079215 ], [ -98.22282162, 20.07074683 ], [ -98.22241055, 20.07067697 ], [ -98.220348089, 20.070436511 ], [ -98.2184016, 20.079794231 ], [ -98.21797354, 20.07975751 ], [ -98.217349749, 20.079788371 ], [ -98.216765879, 20.07979402 ], [ -98.216721079, 20.0798004 ], [ -98.216651948, 20.079794045 ], [ -98.216604229, 20.07978966 ], [ -98.216600746, 20.079789798 ], [ -98.21470049, 20.079865378 ], [ -98.214225937, 20.07988425 ], [ -98.213907509, 20.079896911 ], [ -98.213884279, 20.07990529 ], [ -98.2119718, 20.08025623 ], [ -98.208790089, 20.08068708 ], [ -98.20818648, 20.08068835 ], [ -98.2073136, 20.080686921 ], [ -98.20704871, 20.08066092 ], [ -98.2065, 20.080618481 ], [ -98.20600726, 20.08075348 ], [ -98.205475479, 20.08101771 ], [ -98.20527809, 20.081117821 ], [ -98.2051824, 20.08115363 ], [ -98.205145919, 20.08115632 ], [ -98.20493528, 20.081266951 ], [ -98.204617739, 20.08145298 ], [ -98.20430351, 20.08163514 ], [ -98.20397505, 20.08188354 ], [ -98.20389777, 20.081918261 ], [ -98.203674332, 20.082040473 ], [ -98.20201978, 20.082945431 ], [ -98.199875939, 20.084036461 ], [ -98.19865392, 20.083751141 ], [ -98.19785878, 20.08391726 ], [ -98.19690154, 20.08410589 ], [ -98.19675498, 20.084136381 ], [ -98.197089919, 20.08310772 ], [ -98.19699529, 20.081876051 ], [ -98.19671655, 20.08145005 ], [ -98.1967364, 20.081253401 ], [ -98.196504864, 20.08092538 ], [ -98.196325709, 20.08067157 ], [ -98.19584429, 20.08029918 ], [ -98.195342489, 20.079622111 ], [ -98.19512774, 20.079247221 ], [ -98.194716749, 20.078772941 ], [ -98.1940302, 20.07856086 ], [ -98.19379245, 20.07844755 ], [ -98.193662022, 20.078538947 ], [ -98.193567629, 20.078605091 ], [ -98.19306757, 20.07887872 ], [ -98.19218655, 20.079218511 ], [ -98.19079805, 20.079153121 ], [ -98.18947831, 20.07845875 ], [ -98.188272139, 20.077874541 ], [ -98.187037519, 20.07778729 ], [ -98.185972649, 20.07794432 ], [ -98.184650119, 20.077793371 ], [ -98.183737309, 20.07732525 ], [ -98.182669229, 20.07738429 ], [ -98.181599679, 20.076451681 ], [ -98.18096717, 20.076462951 ], [ -98.180438, 20.076872681 ], [ -98.178240149, 20.07948251 ], [ -98.17779621, 20.079534281 ], [ -98.17716703, 20.079607651 ], [ -98.17681832, 20.0804544 ], [ -98.176476349, 20.080657631 ], [ -98.176349231, 20.080704938 ], [ -98.176200953, 20.08076012 ], [ -98.176076269, 20.080806521 ], [ -98.176026289, 20.080825121 ], [ -98.175983526, 20.080841022 ], [ -98.175968659, 20.080846551 ], [ -98.17569751, 20.081015351 ], [ -98.175499749, 20.08103551 ], [ -98.17529885, 20.08108442 ], [ -98.175256594, 20.081103379 ], [ -98.175203679, 20.081127121 ], [ -98.17509275, 20.08117689 ], [ -98.175074249, 20.08118519 ], [ -98.17501302, 20.08121266 ], [ -98.174928845, 20.08122361 ], [ -98.174862533, 20.081232236 ], [ -98.174784203, 20.081242425 ], [ -98.174569139, 20.081270401 ], [ -98.17431458, 20.081478541 ], [ -98.174144199, 20.081746881 ], [ -98.174034832, 20.081942379 ], [ -98.17401628, 20.081975541 ], [ -98.174004716, 20.081983888 ], [ -98.173783049, 20.08214389 ], [ -98.173549659, 20.08234217 ], [ -98.173515045, 20.082420408 ], [ -98.173487967, 20.082481612 ], [ -98.17347485, 20.082511261 ], [ -98.173468214, 20.08253477 ], [ -98.173259525, 20.083274094 ], [ -98.173251259, 20.08330338 ], [ -98.173241578, 20.083337687 ], [ -98.173202573, 20.083475911 ], [ -98.173183483, 20.083543563 ], [ -98.17315694, 20.083637621 ], [ -98.172972579, 20.083817741 ], [ -98.172695939, 20.08410757 ], [ -98.172411419, 20.08431082 ], [ -98.17154877, 20.084349551 ], [ -98.171114029, 20.084356251 ], [ -98.170855019, 20.08436375 ], [ -98.17042958, 20.084361751 ], [ -98.17005949, 20.084386221 ], [ -98.16962445, 20.084454 ], [ -98.169106089, 20.084530121 ], [ -98.168722149, 20.08463306 ], [ -98.16849029, 20.08475418 ], [ -98.167733909, 20.085047421 ], [ -98.16735466, 20.08505435 ], [ -98.16712289, 20.085158021 ], [ -98.16640958, 20.085372881 ], [ -98.16615955, 20.085432801 ], [ -98.165798429, 20.085509661 ], [ -98.165538999, 20.08559572 ], [ -98.164774719, 20.085688121 ], [ -98.16464583, 20.085574031 ], [ -98.16461888, 20.085425511 ], [ -98.164518149, 20.085233 ], [ -98.164389779, 20.085022891 ], [ -98.16428948, 20.08475182 ], [ -98.164133229, 20.08456775 ], [ -98.16398571, 20.08447977 ], [ -98.163736089, 20.084461121 ], [ -98.163528049, 20.0844776 ], [ -98.163388979, 20.08453805 ], [ -98.16322186, 20.08465946 ], [ -98.16304549, 20.08478083 ], [ -98.16278542, 20.08498911 ], [ -98.16258111, 20.08514526 ], [ -98.162460139, 20.085284351 ], [ -98.162320799, 20.08539717 ], [ -98.16209883, 20.08539612 ], [ -98.161858599, 20.085351321 ], [ -98.161701599, 20.085306941 ], [ -98.16154432, 20.08531492 ], [ -98.161396289, 20.08532295 ], [ -98.16122926, 20.08542691 ], [ -98.161062779, 20.085426111 ], [ -98.160961829, 20.08527723 ], [ -98.160813719, 20.08515402 ], [ -98.160703749, 20.08511015 ], [ -98.16048215, 20.085039281 ], [ -98.15990874, 20.08503654 ], [ -98.15968668, 20.08505294 ], [ -98.15942762, 20.08506917 ], [ -98.15920532, 20.08512922 ], [ -98.15910322, 20.085198571 ], [ -98.15892768, 20.08516282 ], [ -98.15865965, 20.085126621 ], [ -98.158539779, 20.085056221 ], [ -98.1585218, 20.084960111 ], [ -98.15863322, 20.08488208 ], [ -98.15869874, 20.084733981 ], [ -98.158598079, 20.084532741 ], [ -98.15820151, 20.084321351 ], [ -98.157880201, 20.084234469 ], [ -98.15774482, 20.084197861 ], [ -98.157844704, 20.084077137 ], [ -98.158713375, 20.083027221 ], [ -98.15883274, 20.082882952 ], [ -98.159034769, 20.08269406 ], [ -98.159218124, 20.082589643 ], [ -98.15945868, 20.082452651 ], [ -98.159523116, 20.08234978 ], [ -98.159672199, 20.082111771 ], [ -98.159890709, 20.081835141 ], [ -98.159885739, 20.081346111 ], [ -98.160018199, 20.080882571 ], [ -98.160132029, 20.080484181 ], [ -98.160264769, 20.080082281 ], [ -98.160283101, 20.080073031 ], [ -98.160483346, 20.07997199 ], [ -98.160551619, 20.079937541 ], [ -98.160859217, 20.079785791 ], [ -98.16096849, 20.079731881 ], [ -98.161010066, 20.079609345 ], [ -98.161117779, 20.07929188 ], [ -98.161118207, 20.079290783 ], [ -98.161179991, 20.079132885 ], [ -98.161185345, 20.079119198 ], [ -98.161189263, 20.079109189 ], [ -98.161337229, 20.078731031 ], [ -98.161337705, 20.078729554 ], [ -98.161346549, 20.07870208 ], [ -98.161363066, 20.078650751 ], [ -98.161373918, 20.078617034 ], [ -98.161523316, 20.078152812 ], [ -98.161552081, 20.078063434 ], [ -98.161582149, 20.077970002 ], [ -98.161582848, 20.077967828 ], [ -98.161604832, 20.077899517 ], [ -98.16161175, 20.077878024 ], [ -98.16163078, 20.077818891 ], [ -98.161740269, 20.077726569 ], [ -98.161757533, 20.077712012 ], [ -98.161763864, 20.077706675 ], [ -98.16207502, 20.077444311 ], [ -98.162259545, 20.077125366 ], [ -98.162327454, 20.077007985 ], [ -98.162381019, 20.0769154 ], [ -98.162444619, 20.076757121 ], [ -98.162493039, 20.076636621 ], [ -98.162673081, 20.076188553 ], [ -98.162677369, 20.07617788 ], [ -98.162705394, 20.076143603 ], [ -98.16299645, 20.0757876 ], [ -98.16303542, 20.075739941 ], [ -98.163118849, 20.075637891 ], [ -98.163126334, 20.075631607 ], [ -98.163866229, 20.07501046 ], [ -98.16420497, 20.074709681 ], [ -98.16452078, 20.074430121 ], [ -98.164896889, 20.074190681 ], [ -98.16537423, 20.07410315 ], [ -98.165546979, 20.07402852 ], [ -98.16546631, 20.073818452 ], [ -98.16531382, 20.073421351 ], [ -98.16476523, 20.0714866 ], [ -98.164547779, 20.07057971 ], [ -98.164547279, 20.07051682 ], [ -98.164617879, 20.07012923 ], [ -98.164640219, 20.070012111 ], [ -98.164992489, 20.06872712 ], [ -98.1650902, 20.06837071 ], [ -98.166955619, 20.061565851 ], [ -98.16805243, 20.05756448 ], [ -98.16813351, 20.05726872 ], [ -98.168146459, 20.057229711 ], [ -98.168252519, 20.05720245 ], [ -98.168514659, 20.057117451 ], [ -98.169013879, 20.0570064 ], [ -98.16987128, 20.05669632 ], [ -98.170547489, 20.05640088 ], [ -98.171028659, 20.056023421 ], [ -98.171326799, 20.05578954 ], [ -98.172052459, 20.055255942 ], [ -98.172690169, 20.05477623 ], [ -98.17322203, 20.05438962 ], [ -98.17359415, 20.05414337 ], [ -98.17403797, 20.053882151 ], [ -98.17448263, 20.0536044 ], [ -98.174565179, 20.053551861 ], [ -98.17472031, 20.053453141 ], [ -98.175046799, 20.053274831 ], [ -98.175385289, 20.053073951 ], [ -98.17557234, 20.052958382 ], [ -98.17570183, 20.052866661 ], [ -98.175733679, 20.052844111 ], [ -98.175851459, 20.052760662 ], [ -98.176136089, 20.05245672 ], [ -98.176332339, 20.052277342 ], [ -98.176431199, 20.052151661 ], [ -98.176448799, 20.05212928 ], [ -98.176580229, 20.051882031 ], [ -98.17663992, 20.051752661 ], [ -98.176830853, 20.051343887 ], [ -98.176848819, 20.051305421 ], [ -98.17711203, 20.050749752 ], [ -98.177234599, 20.050457171 ], [ -98.177234641, 20.050457068 ], [ -98.177248113, 20.050424903 ], [ -98.177248123, 20.050424878 ], [ -98.177248171, 20.050424765 ], [ -98.17732615, 20.050238581 ], [ -98.177345092, 20.05016921 ], [ -98.177374226, 20.050062524 ], [ -98.177393801, 20.049990839 ], [ -98.17742065, 20.049892521 ], [ -98.177447141, 20.049877319 ], [ -98.17760667, 20.049785775 ], [ -98.177845983, 20.049648446 ], [ -98.17811378, 20.04949477 ], [ -98.178177118, 20.049440437 ], [ -98.17892032, 20.048802881 ], [ -98.179320109, 20.048418721 ], [ -98.17955429, 20.048197142 ], [ -98.179599149, 20.048149001 ], [ -98.17967777, 20.048068151 ], [ -98.179779709, 20.04797114 ], [ -98.17991271, 20.047860342 ], [ -98.1800948, 20.04768137 ], [ -98.180200202, 20.047588469 ], [ -98.180217229, 20.047573462 ], [ -98.180544999, 20.04728515 ], [ -98.180902849, 20.04698554 ], [ -98.180811434, 20.046832145 ], [ -98.180749761, 20.046728659 ], [ -98.180749638, 20.046728454 ], [ -98.180667466, 20.04659057 ], [ -98.180595459, 20.046469741 ], [ -98.180517979, 20.046343822 ], [ -98.180499425, 20.046204135 ], [ -98.18046092, 20.04591423 ], [ -98.180471575, 20.045843201 ], [ -98.180481619, 20.045776252 ], [ -98.180496859, 20.04567466 ], [ -98.180534128, 20.045640641 ], [ -98.180688627, 20.045499614 ], [ -98.180690339, 20.045498052 ], [ -98.180755654, 20.045523114 ], [ -98.180795564, 20.045538428 ], [ -98.180834342, 20.045553307 ], [ -98.180842349, 20.04555638 ], [ -98.180845369, 20.045549404 ], [ -98.180881557, 20.045465806 ], [ -98.180927139, 20.04536051 ], [ -98.180924422, 20.045358025 ], [ -98.180891, 20.04532746 ], [ -98.180616731, 20.045188322 ], [ -98.180224617, 20.044989399 ], [ -98.17998877, 20.044869752 ], [ -98.17997653, 20.04489722 ], [ -98.179714719, 20.045484802 ], [ -98.179598449, 20.043910221 ], [ -98.179641139, 20.043865341 ], [ -98.17966211, 20.04391708 ], [ -98.179699403, 20.043891661 ], [ -98.179747865, 20.043858629 ], [ -98.17978608, 20.043832582 ], [ -98.179763102, 20.043729502 ], [ -98.179682015, 20.043365743 ], [ -98.1796818, 20.04336478 ], [ -98.179683167, 20.043312007 ], [ -98.179683169, 20.043311938 ], [ -98.179683249, 20.043308846 ], [ -98.179691949, 20.042973022 ], [ -98.17963689, 20.042872127 ], [ -98.179568, 20.042745891 ], [ -98.179326918, 20.042712899 ], [ -98.17931912, 20.042711831 ], [ -98.179117997, 20.041871193 ], [ -98.179063838, 20.041644822 ], [ -98.17903705, 20.041532851 ], [ -98.179097407, 20.041457146 ], [ -98.17911956, 20.041429364 ], [ -98.179309435, 20.041191214 ], [ -98.17947163, 20.04098778 ], [ -98.179459245, 20.040976563 ], [ -98.17942345, 20.04094414 ], [ -98.17864297, 20.040369282 ], [ -98.17839662, 20.0402226 ], [ -98.17834928, 20.04020085 ], [ -98.17829455, 20.040175711 ], [ -98.178039569, 20.040064721 ], [ -98.17779678, 20.039958511 ], [ -98.177490909, 20.039772342 ], [ -98.17730449, 20.039583971 ], [ -98.177107289, 20.039313891 ], [ -98.177008569, 20.03917177 ], [ -98.17677269, 20.03889034 ], [ -98.176062059, 20.038036292 ], [ -98.175634419, 20.037510801 ], [ -98.175519969, 20.037370891 ], [ -98.17538472, 20.037242921 ], [ -98.17516978, 20.03702394 ], [ -98.17502797, 20.03687863 ], [ -98.1748954, 20.036668831 ], [ -98.174681119, 20.036240831 ], [ -98.174453139, 20.035842151 ], [ -98.174191659, 20.035474321 ], [ -98.17377143, 20.035031351 ], [ -98.17363718, 20.034744691 ], [ -98.173545323, 20.034516411 ], [ -98.173529199, 20.03447634 ], [ -98.173540375, 20.034396164 ], [ -98.17357488, 20.034148651 ], [ -98.173685969, 20.03377211 ], [ -98.173607419, 20.03375494 ], [ -98.173941481, 20.032541048 ], [ -98.174491879, 20.030541 ], [ -98.17499657, 20.02960058 ], [ -98.174947309, 20.0295626 ], [ -98.17468842, 20.02925791 ], [ -98.163961139, 20.02245782 ], [ -98.1643496, 20.020948921 ], [ -98.16496095, 20.01925037 ], [ -98.16547849, 20.018423371 ], [ -98.16583757, 20.017901321 ], [ -98.166015229, 20.017576691 ], [ -98.166367179, 20.0169472 ], [ -98.166718709, 20.016399971 ], [ -98.16701082, 20.016099481 ], [ -98.167419279, 20.01577211 ], [ -98.167769489, 20.015471891 ], [ -98.168178689, 20.015007261 ], [ -98.168587019, 20.014707321 ], [ -98.1688512, 20.01418712 ], [ -98.168940539, 20.013775921 ], [ -98.169203569, 20.013475291 ], [ -98.16949915, 20.013335541 ], [ -98.169758619, 20.013031251 ], [ -98.169897339, 20.012561081 ], [ -98.169876319, 20.011741051 ], [ -98.17035857, 20.011430651 ], [ -98.170540819, 20.01120023 ], [ -98.17078905, 20.010723921 ], [ -98.17101089, 20.01018968 ], [ -98.171097769, 20.00969497 ], [ -98.17107349, 20.00931682 ], [ -98.171004519, 20.00881335 ], [ -98.17093723, 20.008241461 ], [ -98.170712319, 20.0076702 ], [ -98.170502769, 20.00712898 ], [ -98.170341969, 20.00657462 ], [ -98.169871879, 20.006498571 ], [ -98.169461969, 20.00570334 ], [ -98.17076535, 20.005849751 ], [ -98.17097172, 20.005099121 ], [ -98.17116728, 20.004340341 ], [ -98.171452679, 20.003498881 ], [ -98.17141635, 20.003451721 ], [ -98.171451459, 20.00245238 ], [ -98.17253503, 20.002737541 ], [ -98.17260425, 20.002434051 ], [ -98.17267826, 20.001964231 ], [ -98.17270958, 20.001748631 ], [ -98.172911539, 20.000705261 ], [ -98.17299671, 20.000339711 ], [ -98.17339792, 19.99993212 ], [ -98.173515969, 19.999644281 ], [ -98.17396003, 19.998840721 ], [ -98.174244949, 19.99806362 ], [ -98.174263889, 19.997739401 ], [ -98.174201229, 19.997449061 ], [ -98.172791199, 19.995887461 ], [ -98.17254272, 19.99590165 ], [ -98.1725044, 19.99556982 ], [ -98.172355459, 19.995404881 ], [ -98.171937339, 19.995227451 ], [ -98.17109351, 19.994263351 ], [ -98.171155259, 19.994075621 ], [ -98.16795354, 19.990529451 ], [ -98.167773579, 19.98958772 ], [ -98.167616779, 19.988339521 ], [ -98.167141629, 19.98755177 ], [ -98.166468879, 19.98709825 ], [ -98.165478819, 19.98656817 ], [ -98.16468832, 19.985851371 ], [ -98.164100919, 19.984272311 ], [ -98.16398812, 19.98233378 ], [ -98.16250525, 19.98048806 ], [ -98.162266939, 19.98029529 ], [ -98.162240019, 19.98037663 ], [ -98.160427979, 19.978129571 ], [ -98.16151103, 19.977198851 ], [ -98.16166202, 19.9770246 ], [ -98.1619364, 19.97670795 ], [ -98.161997089, 19.97645125 ], [ -98.16215194, 19.975905121 ], [ -98.162442619, 19.97555465 ], [ -98.16241762, 19.975785831 ], [ -98.163619199, 19.976272941 ], [ -98.164046679, 19.974892181 ], [ -98.16421532, 19.974557921 ], [ -98.1649626, 19.973572581 ], [ -98.166978779, 19.97180189 ], [ -98.180697649, 19.959751571 ], [ -98.19782505, 19.959793001 ], [ -98.19785205, 19.96000528 ], [ -98.197794149, 19.960349781 ], [ -98.19782075, 19.960641651 ], [ -98.197847079, 19.960986521 ], [ -98.197761249, 19.961304381 ], [ -98.19784346, 19.96170257 ], [ -98.198122749, 19.961995551 ], [ -98.198822779, 19.962370001 ], [ -98.20003649, 19.962314831 ], [ -98.200045509, 19.96234626 ], [ -98.200187659, 19.96272374 ], [ -98.20031989, 19.96304223 ], [ -98.20061437, 19.963262291 ], [ -98.200903339, 19.963532311 ], [ -98.20103429, 19.963686551 ], [ -98.20105548, 19.963837091 ], [ -98.201002709, 19.963967801 ], [ -98.200923619, 19.964123661 ], [ -98.200974829, 19.9643212 ], [ -98.201140519, 19.964469551 ], [ -98.20146437, 19.96457602 ], [ -98.201852219, 19.96463757 ], [ -98.202125819, 19.964695521 ], [ -98.20239086, 19.96482088 ], [ -98.20257322, 19.964895691 ], [ -98.202790219, 19.965011771 ], [ -98.2030196, 19.96507029 ], [ -98.203107909, 19.96499122 ], [ -98.20309592, 19.96479115 ], [ -98.203052199, 19.964475341 ], [ -98.203028999, 19.96425643 ], [ -98.20303865, 19.964067381 ], [ -98.20315306, 19.963950891 ], [ -98.20335712, 19.963966351 ], [ -98.203612169, 19.964117571 ], [ -98.20391775, 19.964159711 ], [ -98.204155259, 19.964147721 ], [ -98.204414289, 19.964155231 ], [ -98.204631199, 19.964203721 ], [ -98.20497774, 19.96419434 ], [ -98.205300939, 19.96415154 ], [ -98.20552734, 19.96412788 ], [ -98.20584103, 19.964047081 ], [ -98.205954349, 19.964006481 ], [ -98.2062304, 19.963993401 ], [ -98.20642878, 19.964037921 ], [ -98.206585089, 19.963928581 ], [ -98.206692659, 19.963784621 ], [ -98.20683446, 19.96360657 ], [ -98.207031, 19.963587051 ], [ -98.207330979, 19.963702801 ], [ -98.2074248, 19.963918171 ], [ -98.207342419, 19.964317031 ], [ -98.207459489, 19.964649091 ], [ -98.20766172, 19.964844691 ], [ -98.20783703, 19.9649128 ], [ -98.20802786, 19.96481105 ], [ -98.20808872, 19.96466535 ], [ -98.208386339, 19.964480881 ], [ -98.208608179, 19.964315231 ], [ -98.208842579, 19.964229311 ], [ -98.209439, 19.964231971 ], [ -98.209745749, 19.964382311 ], [ -98.20988448, 19.96479305 ], [ -98.21006648, 19.96484654 ], [ -98.210408479, 19.96511305 ], [ -98.21074617, 19.96563062 ], [ -98.21123848, 19.965634711 ], [ -98.211439339, 19.965626231 ], [ -98.21193714, 19.9657498 ], [ -98.21231723, 19.965457941 ], [ -98.212618219, 19.965454941 ], [ -98.212936629, 19.965318261 ], [ -98.213108109, 19.965377051 ], [ -98.213161319, 19.965499621 ], [ -98.213046719, 19.96575878 ], [ -98.213066419, 19.966116281 ], [ -98.21310578, 19.966520681 ], [ -98.213116449, 19.96693008 ], [ -98.213118169, 19.967332481 ], [ -98.213136619, 19.96774195 ], [ -98.213134619, 19.968144431 ], [ -98.213201659, 19.96837011 ], [ -98.21346088, 19.968415651 ], [ -98.21374515, 19.968572821 ], [ -98.214165369, 19.968560511 ], [ -98.21446311, 19.968416341 ], [ -98.214705169, 19.968267281 ], [ -98.21519297, 19.968242001 ], [ -98.21555222, 19.96851994 ], [ -98.21594135, 19.96852114 ], [ -98.21627752, 19.968346141 ], [ -98.216439279, 19.96807509 ], [ -98.216692379, 19.96801129 ], [ -98.21708891, 19.96812906 ], [ -98.2173642, 19.96797931 ], [ -98.21768052, 19.96772555 ], [ -98.21777175, 19.967485 ], [ -98.217893019, 19.967230381 ], [ -98.218118779, 19.967089651 ], [ -98.218523679, 19.967133941 ], [ -98.21906174, 19.967196291 ], [ -98.21924318, 19.9668596 ], [ -98.219488749, 19.966642461 ], [ -98.21976835, 19.966536691 ], [ -98.22006894, 19.96621565 ], [ -98.2201952, 19.965908121 ], [ -98.220677119, 19.965541691 ], [ -98.22081263, 19.965443061 ], [ -98.22109871, 19.96524588 ], [ -98.221204219, 19.965147111 ], [ -98.22236686, 19.96404312 ], [ -98.22251605, 19.96378423 ], [ -98.22266597, 19.963385581 ], [ -98.22294334, 19.962847691 ], [ -98.22307217, 19.96242898 ], [ -98.223158489, 19.962069971 ], [ -98.223203769, 19.96145125 ], [ -98.2233748, 19.961052661 ], [ -98.22356811, 19.9604146 ], [ -98.22370022, 19.96008802 ], [ -98.22587137, 19.958268951 ], [ -98.226746489, 19.95622217 ], [ -98.22677629, 19.956005001 ], [ -98.22683186, 19.95550349 ], [ -98.226886779, 19.955127401 ], [ -98.226835889, 19.95467558 ], [ -98.226549079, 19.953411291 ], [ -98.22629237, 19.952533571 ], [ -98.226197249, 19.95232237 ], [ -98.22593877, 19.951957631 ], [ -98.225549619, 19.951759751 ], [ -98.225499429, 19.951833861 ], [ -98.22531062, 19.951746231 ], [ -98.22497649, 19.95152912 ], [ -98.22418171, 19.95083274 ], [ -98.22312538, 19.94990137 ], [ -98.223145539, 19.949455171 ], [ -98.22199109, 19.948294851 ], [ -98.221375279, 19.94821552 ], [ -98.221024539, 19.947914541 ], [ -98.221465049, 19.94730798 ], [ -98.22167817, 19.94740405 ], [ -98.222081689, 19.94693206 ], [ -98.22230451, 19.94716943 ], [ -98.22388012, 19.947766741 ], [ -98.22471872, 19.94852328 ], [ -98.22481331, 19.948523631 ], [ -98.22506254, 19.94858378 ], [ -98.225220479, 19.948589021 ], [ -98.225435719, 19.94828814 ], [ -98.22554325, 19.948043941 ], [ -98.225748259, 19.947742001 ], [ -98.22591331, 19.947571851 ], [ -98.22609629, 19.94749032 ], [ -98.226596969, 19.947843061 ], [ -98.22681657, 19.94817908 ], [ -98.22693934, 19.94821195 ], [ -98.227073229, 19.94812829 ], [ -98.227127539, 19.94788654 ], [ -98.22717403, 19.947494491 ], [ -98.22732472, 19.94737489 ], [ -98.22771782, 19.947504171 ], [ -98.22848055, 19.94789105 ], [ -98.228904219, 19.948291341 ], [ -98.229026769, 19.94834677 ], [ -98.22913758, 19.94832414 ], [ -98.229327679, 19.948349171 ], [ -98.229591949, 19.9486292 ], [ -98.229821349, 19.94900257 ], [ -98.230172279, 19.949406351 ], [ -98.23051592, 19.949344221 ], [ -98.23065154, 19.94929835 ], [ -98.231795149, 19.94902906 ], [ -98.23389303, 19.948813851 ], [ -98.233905459, 19.94879512 ], [ -98.23431478, 19.948923421 ], [ -98.23524172, 19.94921395 ], [ -98.236829489, 19.949691881 ], [ -98.237386309, 19.949780971 ], [ -98.23867662, 19.949735541 ], [ -98.238972059, 19.94957228 ], [ -98.23918677, 19.949643951 ], [ -98.239408619, 19.949673321 ], [ -98.239556089, 19.949687541 ], [ -98.2396496, 19.949706281 ], [ -98.23980895, 19.949673551 ], [ -98.239994949, 19.94953717 ], [ -98.24017289, 19.949564891 ], [ -98.240444509, 19.949601801 ], [ -98.24091143, 19.949687231 ], [ -98.24144868, 19.94975095 ], [ -98.24223354, 19.949257711 ], [ -98.24289645, 19.949391491 ], [ -98.243222939, 19.949199461 ], [ -98.24377434, 19.949125721 ], [ -98.24459954, 19.949164971 ], [ -98.24541066, 19.949225221 ], [ -98.24595112, 19.949269771 ], [ -98.246724749, 19.949358421 ], [ -98.247120149, 19.949387511 ], [ -98.247501659, 19.949180751 ], [ -98.24776394, 19.949001921 ], [ -98.24810914, 19.94877883 ], [ -98.248325909, 19.948768741 ], [ -98.24869035, 19.94894003 ], [ -98.24891138, 19.949021431 ], [ -98.249213369, 19.94911462 ], [ -98.24956668, 19.949189001 ], [ -98.249897689, 19.949035031 ], [ -98.250084689, 19.94891997 ], [ -98.25036568, 19.948803381 ], [ -98.25076349, 19.94859702 ], [ -98.250946199, 19.948489571 ], [ -98.25116268, 19.94846603 ], [ -98.251603779, 19.948149771 ], [ -98.25186517, 19.94787917 ], [ -98.25219458, 19.947581121 ], [ -98.252520339, 19.94728306 ], [ -98.252853419, 19.946973551 ], [ -98.253238739, 19.94661586 ], [ -98.253846489, 19.946070221 ], [ -98.253092119, 19.945695981 ], [ -98.25289272, 19.945624481 ], [ -98.251512979, 19.944898381 ], [ -98.250111849, 19.94417642 ], [ -98.249518579, 19.94391425 ], [ -98.249143169, 19.943693151 ], [ -98.248815349, 19.94356312 ], [ -98.24797118, 19.943405351 ], [ -98.247583279, 19.94306466 ], [ -98.247130749, 19.943027021 ], [ -98.246698549, 19.943117541 ], [ -98.24638055, 19.943133201 ], [ -98.24591703, 19.942955081 ], [ -98.245569539, 19.94301012 ], [ -98.24510526, 19.942814451 ], [ -98.244874749, 19.942506581 ], [ -98.244651079, 19.942431181 ], [ -98.24443497, 19.942425691 ], [ -98.24423442, 19.942272681 ], [ -98.24395331, 19.942119311 ], [ -98.243702229, 19.94200411 ], [ -98.24341083, 19.941898261 ], [ -98.24308903, 19.941839831 ], [ -98.242898059, 19.941781951 ], [ -98.242717169, 19.941724121 ], [ -98.242192749, 19.94114946 ], [ -98.2422068, 19.9411038 ], [ -98.242196259, 19.941034091 ], [ -98.24238078, 19.940939721 ], [ -98.242494719, 19.94083305 ], [ -98.242664689, 19.94086055 ], [ -98.242734879, 19.941008181 ], [ -98.242904429, 19.941129481 ], [ -98.243116919, 19.941170571 ], [ -98.243331909, 19.94100242 ], [ -98.243457629, 19.940868511 ], [ -98.24358425, 19.940698601 ], [ -98.243770229, 19.940372031 ], [ -98.24381295, 19.940198231 ], [ -98.243777179, 19.940039891 ], [ -98.24378254, 19.939835141 ], [ -98.24385122, 19.93970982 ], [ -98.244028119, 19.939528091 ], [ -98.24421495, 19.939219151 ], [ -98.244392419, 19.939134721 ], [ -98.244513479, 19.939115201 ], [ -98.244681089, 19.93913268 ], [ -98.244863779, 19.93899098 ], [ -98.24501622, 19.93877703 ], [ -98.24524386, 19.938670691 ], [ -98.24547128, 19.93860728 ], [ -98.24564612, 19.9384578 ], [ -98.24579102, 19.93823665 ], [ -98.24591754, 19.938115491 ], [ -98.24602343, 19.937888691 ], [ -98.246043939, 19.937586751 ], [ -98.246029849, 19.937364941 ], [ -98.24609134, 19.937172051 ], [ -98.246435549, 19.93699558 ], [ -98.248081709, 19.936273171 ], [ -98.251041279, 19.934851291 ], [ -98.2514516, 19.934319491 ], [ -98.25156243, 19.934097661 ], [ -98.251532599, 19.933771481 ], [ -98.2513736, 19.93326057 ], [ -98.251191169, 19.932853601 ], [ -98.25089995, 19.93245857 ], [ -98.251053, 19.932213601 ], [ -98.251608349, 19.932331711 ], [ -98.25222709, 19.93245383 ], [ -98.252240619, 19.932421181 ], [ -98.251215599, 19.930549371 ], [ -98.251725539, 19.929496711 ], [ -98.252227419, 19.929556781 ], [ -98.252446679, 19.929338581 ], [ -98.25270474, 19.929140881 ], [ -98.252718019, 19.929121541 ], [ -98.25277797, 19.92928434 ], [ -98.253867819, 19.928923951 ], [ -98.25519818, 19.92938591 ], [ -98.25626445, 19.92930502 ], [ -98.25546194, 19.926783661 ], [ -98.255536769, 19.926646 ], [ -98.255612579, 19.926210351 ], [ -98.25554043, 19.92586129 ], [ -98.255173119, 19.925476091 ], [ -98.254804859, 19.925300171 ], [ -98.254141629, 19.92505323 ], [ -98.253588679, 19.924911401 ], [ -98.25290603, 19.924873661 ], [ -98.252204029, 19.92502765 ], [ -98.25166738, 19.92533929 ], [ -98.251297319, 19.925547 ], [ -98.250835249, 19.925701981 ], [ -98.25060978, 19.926036491 ], [ -98.25009869, 19.92623157 ], [ -98.24919474, 19.926140091 ], [ -98.248709019, 19.92587508 ], [ -98.248408599, 19.92565469 ], [ -98.24808582, 19.925258891 ], [ -98.24771666, 19.924862891 ], [ -98.24736986, 19.92464229 ], [ -98.246698019, 19.92450798 ], [ -98.24616477, 19.924483801 ], [ -98.24588662, 19.924460711 ], [ -98.24567854, 19.924328341 ], [ -98.24530906, 19.923998081 ], [ -98.24524023, 19.923844401 ], [ -98.245497419, 19.92340723 ], [ -98.24605568, 19.923037081 ], [ -98.24619575, 19.92284045 ], [ -98.24642991, 19.92235935 ], [ -98.24657051, 19.92205318 ], [ -98.246804259, 19.92165974 ], [ -98.24701525, 19.921178541 ], [ -98.24773755, 19.920812781 ], [ -98.248113569, 19.92057069 ], [ -98.24825192, 19.920389421 ], [ -98.248281019, 19.920051781 ], [ -98.248200249, 19.919687711 ], [ -98.248175819, 19.91903808 ], [ -98.248125, 19.91815449 ], [ -98.24807295, 19.91753072 ], [ -98.248513079, 19.917344091 ], [ -98.24912191, 19.91733075 ], [ -98.24917585, 19.917335881 ], [ -98.249448139, 19.917464711 ], [ -98.249704309, 19.917539981 ], [ -98.249991619, 19.91750466 ], [ -98.250308569, 19.91741174 ], [ -98.25055203, 19.91744212 ], [ -98.25078563, 19.917690431 ], [ -98.25102903, 19.917839091 ], [ -98.251371569, 19.91798912 ], [ -98.251629059, 19.917989691 ], [ -98.251888779, 19.917872621 ], [ -98.25206718, 19.91778677 ], [ -98.252337919, 19.91774165 ], [ -98.252545149, 19.917548351 ], [ -98.253044739, 19.917548091 ], [ -98.253328079, 19.917401911 ], [ -98.253542859, 19.917202511 ], [ -98.25366597, 19.91686306 ], [ -98.253764259, 19.91647923 ], [ -98.253852489, 19.916148541 ], [ -98.25403831, 19.91588906 ], [ -98.255063339, 19.915379021 ], [ -98.25633931, 19.91502417 ], [ -98.25698471, 19.916149341 ], [ -98.25779537, 19.916500521 ], [ -98.25951372, 19.916403861 ], [ -98.259802979, 19.915771 ], [ -98.260064939, 19.915961401 ], [ -98.26030738, 19.91544943 ], [ -98.26341725, 19.915189801 ], [ -98.262029119, 19.916262311 ], [ -98.267170569, 19.915972851 ], [ -98.26771614, 19.916087571 ], [ -98.2678202, 19.91611392 ], [ -98.268715879, 19.913156291 ], [ -98.268649619, 19.912821861 ], [ -98.268505289, 19.912231261 ], [ -98.26845571, 19.91163385 ], [ -98.26798683, 19.909760831 ], [ -98.26781108, 19.909455741 ], [ -98.267778259, 19.90881226 ], [ -98.26778857, 19.905276341 ], [ -98.267587739, 19.90440315 ], [ -98.266641169, 19.90169372 ], [ -98.26607018, 19.901628851 ], [ -98.26604063, 19.901590861 ], [ -98.266273419, 19.90149822 ], [ -98.26721288, 19.901081971 ], [ -98.267889599, 19.900766771 ], [ -98.268124889, 19.90066965 ], [ -98.26835998, 19.900584821 ], [ -98.26855328, 19.90050138 ], [ -98.26879975, 19.900243061 ], [ -98.26884826, 19.900033371 ], [ -98.26886325, 19.89972314 ], [ -98.268879049, 19.89934558 ], [ -98.26886629, 19.89905203 ], [ -98.26873497, 19.898785231 ], [ -98.268239149, 19.897824311 ], [ -98.268209919, 19.89720828 ], [ -98.26935185, 19.895709141 ], [ -98.26971178, 19.89543895 ], [ -98.270244199, 19.895123221 ], [ -98.27120838, 19.894674821 ], [ -98.271708259, 19.894399981 ], [ -98.271825939, 19.894399381 ], [ -98.274032629, 19.89317722 ], [ -98.27624574, 19.893160381 ], [ -98.27841922, 19.892582381 ], [ -98.278854759, 19.892028839 ], [ -98.278863169, 19.89201815 ], [ -98.279093909, 19.891391971 ], [ -98.279923379, 19.89096592 ], [ -98.280146839, 19.890845356 ], [ -98.28015243, 19.89084234 ], [ -98.280204659, 19.89081197 ], [ -98.280258946, 19.890780406 ], [ -98.28082749, 19.89044982 ], [ -98.28278234, 19.889393781 ], [ -98.284660168, 19.888355604 ], [ -98.285548459, 19.887864491 ], [ -98.286643689, 19.887253971 ], [ -98.28677442, 19.88738857 ], [ -98.286943169, 19.887570231 ], [ -98.28724618, 19.887836491 ], [ -98.28746646, 19.888020251 ], [ -98.287709059, 19.888249881 ], [ -98.287827, 19.88840528 ], [ -98.287971679, 19.888565971 ], [ -98.28805952, 19.888660551 ], [ -98.28816112, 19.888625821 ], [ -98.28864857, 19.888452281 ], [ -98.288889969, 19.88827122 ], [ -98.289128049, 19.888028751 ], [ -98.289324909, 19.88801152 ], [ -98.289820689, 19.888099141 ], [ -98.29064886, 19.888472821 ], [ -98.29093342, 19.888877051 ], [ -98.291013279, 19.888598921 ], [ -98.291052599, 19.888550201 ], [ -98.29085148, 19.888294031 ], [ -98.29064534, 19.888058691 ], [ -98.29039231, 19.8877536 ], [ -98.29014762, 19.88745911 ], [ -98.2898944, 19.88716398 ], [ -98.289736379, 19.88695074 ], [ -98.288978, 19.886087001 ], [ -98.2888944, 19.886015821 ], [ -98.28887034, 19.88601271 ], [ -98.287918339, 19.884995481 ], [ -98.288084319, 19.884920421 ], [ -98.28840269, 19.88322465 ], [ -98.288471509, 19.88314989 ], [ -98.288573449, 19.882922251 ], [ -98.28852577, 19.882680771 ], [ -98.28866451, 19.88236142 ], [ -98.2888088, 19.882130321 ], [ -98.288957419, 19.88190802 ], [ -98.28900117, 19.881696431 ], [ -98.28912354, 19.881543251 ], [ -98.289013629, 19.881370231 ], [ -98.289042319, 19.88116982 ], [ -98.289921019, 19.880714291 ], [ -98.290223109, 19.8805768 ], [ -98.290545169, 19.880509051 ], [ -98.290977319, 19.88026286 ], [ -98.291885399, 19.879998691 ], [ -98.29217174, 19.879687511 ], [ -98.292532459, 19.87927549 ], [ -98.292282889, 19.878648171 ], [ -98.291688349, 19.87725383 ], [ -98.2911296, 19.875908651 ], [ -98.29107488, 19.875812401 ], [ -98.293082769, 19.874751571 ], [ -98.29504891, 19.873743881 ], [ -98.29723562, 19.872620261 ], [ -98.298151459, 19.872136721 ], [ -98.29905297, 19.87183338 ], [ -98.30129862, 19.87112091 ], [ -98.30285417, 19.87065098 ], [ -98.303936813, 19.870297992 ], [ -98.30421083, 19.870208649 ], [ -98.30423515, 19.87020072 ], [ -98.3042832, 19.87017651 ], [ -98.304322893, 19.870163825 ], [ -98.30447291, 19.87011588 ], [ -98.30535815, 19.86878622 ], [ -98.30563635, 19.86837485 ], [ -98.307049555, 19.866243002 ], [ -98.307233194, 19.865965973 ], [ -98.30760994, 19.86539763 ], [ -98.30834997, 19.864304518 ], [ -98.30975906, 19.86222742 ], [ -98.310032377, 19.8618058 ], [ -98.312078988, 19.85874486 ], [ -98.31245983, 19.85817525 ], [ -98.31269597, 19.85784926 ], [ -98.31365938, 19.85633422 ], [ -98.31391132, 19.85608674 ], [ -98.31419772, 19.85590225 ], [ -98.31446614, 19.85575142 ], [ -98.31468106, 19.85558352 ], [ -98.314859194, 19.855325687 ], [ -98.314862634, 19.855320708 ], [ -98.31500434, 19.855115601 ], [ -98.314626649, 19.854785661 ], [ -98.314523376, 19.854569823 ], [ -98.31449702, 19.85451474 ], [ -98.315008489, 19.854260971 ], [ -98.316277849, 19.852370351 ], [ -98.317570739, 19.85040757 ], [ -98.31866057, 19.84883838 ], [ -98.31883829, 19.848585821 ], [ -98.32020677, 19.846563821 ], [ -98.321637619, 19.84446412 ], [ -98.32279406, 19.84273232 ], [ -98.32287857, 19.842620351 ], [ -98.323043739, 19.842380291 ], [ -98.323372619, 19.84246828 ], [ -98.323356779, 19.842830051 ], [ -98.323305549, 19.8430676 ], [ -98.323160859, 19.843499 ], [ -98.32304362, 19.84420046 ], [ -98.32269789, 19.84487408 ], [ -98.322723829, 19.84549509 ], [ -98.323265199, 19.84584811 ], [ -98.32421525, 19.84547114 ], [ -98.325226019, 19.84494697 ], [ -98.32617445, 19.84524403 ], [ -98.32636048, 19.84528734 ], [ -98.326888369, 19.845465831 ], [ -98.327053179, 19.84551649 ], [ -98.328159539, 19.845853251 ], [ -98.32840643, 19.845125061 ], [ -98.328631459, 19.844485831 ], [ -98.330100399, 19.84492769 ], [ -98.33156818, 19.845393711 ], [ -98.331615489, 19.845401751 ], [ -98.3323468, 19.845639651 ], [ -98.333227289, 19.84591432 ], [ -98.33411749, 19.84618325 ], [ -98.334502599, 19.84629695 ], [ -98.33492982, 19.846422081 ], [ -98.335330539, 19.84654074 ], [ -98.335718019, 19.84665445 ], [ -98.3361264, 19.84674755 ], [ -98.33652974, 19.846871401 ], [ -98.33694434, 19.846972291 ], [ -98.33658038, 19.848065651 ], [ -98.33620838, 19.849210981 ], [ -98.335870649, 19.85030231 ], [ -98.3355294, 19.85138237 ], [ -98.33828423, 19.85261449 ], [ -98.338362249, 19.852897481 ], [ -98.33852634, 19.853120951 ], [ -98.338534969, 19.853452581 ], [ -98.33876425, 19.853831541 ], [ -98.33884351, 19.853998751 ], [ -98.33877569, 19.854315201 ], [ -98.338928059, 19.854717 ], [ -98.339399449, 19.85565506 ], [ -98.33961346, 19.85605349 ], [ -98.339844749, 19.856501881 ], [ -98.34007569, 19.856931741 ], [ -98.34031411, 19.857376491 ], [ -98.3409044, 19.85764695 ], [ -98.342011079, 19.85818728 ], [ -98.343599279, 19.85806508 ], [ -98.34415537, 19.85805045 ], [ -98.34588866, 19.858023231 ], [ -98.34604603, 19.858048221 ], [ -98.34659737, 19.858246781 ], [ -98.3464578, 19.85860306 ], [ -98.34794094, 19.85908742 ], [ -98.349153479, 19.859491651 ], [ -98.34900951, 19.85983978 ], [ -98.35031146, 19.860300511 ], [ -98.350749429, 19.85930192 ], [ -98.351898249, 19.85981452 ], [ -98.35228965, 19.85897065 ], [ -98.35252283, 19.85846352 ], [ -98.353503309, 19.859031541 ], [ -98.354729599, 19.859740351 ], [ -98.35492445, 19.85985582 ], [ -98.35501554, 19.859686381 ], [ -98.355299849, 19.85974565 ], [ -98.35548909, 19.85980291 ], [ -98.356686739, 19.860170771 ], [ -98.35653768, 19.860614581 ], [ -98.35742249, 19.860826851 ], [ -98.35885377, 19.86116794 ], [ -98.359809179, 19.861390281 ], [ -98.36219345, 19.861963781 ], [ -98.36314885, 19.86219289 ], [ -98.36321663, 19.86220885 ], [ -98.36341005, 19.862262751 ], [ -98.363926859, 19.860685891 ], [ -98.36451374, 19.858802221 ], [ -98.36679637, 19.85946672 ], [ -98.369056879, 19.86012365 ], [ -98.36958278, 19.86027948 ], [ -98.36972105, 19.860300691 ], [ -98.369790579, 19.860296381 ], [ -98.36984168, 19.86027374 ], [ -98.37100094, 19.859871831 ], [ -98.37110815, 19.85987438 ], [ -98.37117658, 19.859893581 ], [ -98.371245479, 19.85994508 ], [ -98.371306649, 19.86002298 ], [ -98.37135088, 19.860077221 ], [ -98.37137466, 19.86010769 ], [ -98.371405029, 19.860154941 ], [ -98.371438279, 19.860225521 ], [ -98.37146371, 19.860325831 ], [ -98.371459089, 19.860498521 ], [ -98.371444059, 19.860534711 ], [ -98.371429119, 19.86056758 ], [ -98.37138988, 19.860589911 ], [ -98.371357649, 19.8606124 ], [ -98.37134992, 19.860638801 ], [ -98.371348849, 19.860678651 ], [ -98.37137246, 19.860715771 ], [ -98.371399919, 19.860739691 ], [ -98.371438109, 19.86075722 ], [ -98.371486659, 19.86078165 ], [ -98.371524139, 19.86082574 ], [ -98.37155525, 19.86086375 ], [ -98.37163231, 19.86091963 ], [ -98.371766449, 19.860976861 ], [ -98.371965179, 19.86102214 ], [ -98.37212372, 19.861059951 ], [ -98.372337629, 19.861071821 ], [ -98.372510349, 19.861021921 ], [ -98.372618849, 19.86097051 ], [ -98.372763919, 19.86088618 ], [ -98.372881709, 19.860753941 ], [ -98.372934549, 19.86064715 ], [ -98.372973119, 19.860540031 ], [ -98.373098229, 19.8604012 ], [ -98.37315125, 19.860287681 ], [ -98.37328242, 19.86018951 ], [ -98.37351511, 19.86003302 ], [ -98.373682119, 19.859928951 ], [ -98.37387498, 19.85992682 ], [ -98.37403949, 19.859917251 ], [ -98.374187549, 19.85998832 ], [ -98.374297579, 19.86014628 ], [ -98.374386219, 19.860303711 ], [ -98.374512679, 19.86038103 ], [ -98.37464665, 19.860445021 ], [ -98.37496671, 19.86049318 ], [ -98.375123339, 19.86051043 ], [ -98.375178819, 19.86057254 ], [ -98.375254429, 19.8606824 ], [ -98.37528098, 19.86075732 ], [ -98.37529202, 19.86087914 ], [ -98.37531822, 19.86096755 ], [ -98.37534605, 19.86099523 ], [ -98.37540295, 19.86100335 ], [ -98.375516229, 19.861039821 ], [ -98.375642519, 19.861123881 ], [ -98.37596223, 19.86118555 ], [ -98.37617722, 19.86115692 ], [ -98.376292309, 19.861125911 ], [ -98.37649231, 19.86112394 ], [ -98.37664842, 19.861161431 ], [ -98.37681715, 19.86126002 ], [ -98.376949689, 19.86137798 ], [ -98.37706866, 19.861468621 ], [ -98.377180509, 19.861559091 ], [ -98.37727897, 19.861615461 ], [ -98.37741403, 19.861638951 ], [ -98.377528219, 19.86164168 ], [ -98.37775622, 19.861660631 ], [ -98.37789055, 19.861711121 ], [ -98.378010779, 19.861754511 ], [ -98.378117829, 19.86175708 ], [ -98.378211319, 19.861732291 ], [ -98.37836246, 19.861688631 ], [ -98.37852677, 19.8616858 ], [ -98.378661829, 19.861709291 ], [ -98.378789569, 19.86173935 ], [ -98.378952799, 19.86177702 ], [ -98.37908143, 19.86177334 ], [ -98.379168339, 19.861728151 ], [ -98.379220279, 19.861655111 ], [ -98.37925171, 19.8615478 ], [ -98.37925531, 19.86141283 ], [ -98.37922125, 19.861351231 ], [ -98.379165419, 19.86130263 ], [ -98.379081219, 19.8612466 ], [ -98.37889015, 19.861181251 ], [ -98.37869105, 19.861149481 ], [ -98.37857723, 19.861133261 ], [ -98.37845717, 19.86108311 ], [ -98.378380649, 19.861007001 ], [ -98.37831271, 19.86087706 ], [ -98.378259399, 19.86073398 ], [ -98.378177549, 19.86059022 ], [ -98.37800365, 19.86041723 ], [ -98.37780086, 19.860267321 ], [ -98.37771666, 19.86021129 ], [ -98.37762497, 19.86016858 ], [ -98.377496879, 19.860152021 ], [ -98.37740409, 19.860149801 ], [ -98.377325779, 19.860141171 ], [ -98.37725514, 19.86011246 ], [ -98.377213749, 19.860057451 ], [ -98.377194339, 19.859982711 ], [ -98.377196679, 19.859894971 ], [ -98.37719152, 19.85982057 ], [ -98.377156919, 19.85977922 ], [ -98.377092689, 19.859777681 ], [ -98.37702738, 19.85981665 ], [ -98.376970109, 19.85982203 ], [ -98.376973719, 19.85968705 ], [ -98.37701906, 19.85959358 ], [ -98.377107219, 19.859501151 ], [ -98.37718038, 19.85943537 ], [ -98.37720432, 19.8593414 ], [ -98.37724468, 19.859166781 ], [ -98.377228319, 19.85897731 ], [ -98.377181619, 19.85885463 ], [ -98.377077089, 19.85875758 ], [ -98.37698522, 19.85872163 ], [ -98.376877629, 19.858739321 ], [ -98.37681928, 19.8587852 ], [ -98.3767326, 19.85883263 ], [ -98.37666045, 19.858860461 ], [ -98.376575599, 19.85886265 ], [ -98.376482279, 19.85884775 ], [ -98.37641626, 19.85881242 ], [ -98.376351509, 19.858730661 ], [ -98.37630526, 19.858624051 ], [ -98.37623248, 19.85850835 ], [ -98.376088109, 19.858399381 ], [ -98.375996479, 19.858321221 ], [ -98.37588254, 19.858242521 ], [ -98.37580338, 19.858198421 ], [ -98.37571118, 19.85814134 ], [ -98.375597249, 19.85806265 ], [ -98.37550126, 19.857980151 ], [ -98.37535543, 19.85792602 ], [ -98.37523992, 19.857906371 ], [ -98.375118919, 19.857924581 ], [ -98.375037059, 19.85798172 ], [ -98.37496402, 19.85804328 ], [ -98.374872889, 19.858112851 ], [ -98.37475078, 19.858173251 ], [ -98.37462968, 19.85819568 ], [ -98.37445997, 19.858200051 ], [ -98.37423295, 19.85817774 ], [ -98.374020219, 19.858122 ], [ -98.373866479, 19.85802969 ], [ -98.373771169, 19.85792189 ], [ -98.37370832, 19.857768451 ], [ -98.37368094, 19.857624281 ], [ -98.373662799, 19.857467681 ], [ -98.37366286, 19.857298861 ], [ -98.373682459, 19.85711494 ], [ -98.373946769, 19.85689465 ], [ -98.374142479, 19.85677194 ], [ -98.374246489, 19.85671983 ], [ -98.374338179, 19.85664923 ], [ -98.37444723, 19.85652445 ], [ -98.37451198, 19.856386481 ], [ -98.374648449, 19.856080371 ], [ -98.37474369, 19.855876421 ], [ -98.37491797, 19.85559548 ], [ -98.375037249, 19.85545274 ], [ -98.37517574, 19.855310461 ], [ -98.37532674, 19.85518063 ], [ -98.375513249, 19.855002821 ], [ -98.375686889, 19.854920491 ], [ -98.37591708, 19.854861141 ], [ -98.376181369, 19.854808021 ], [ -98.376406119, 19.85473772 ], [ -98.376545219, 19.854665381 ], [ -98.376696879, 19.854550111 ], [ -98.377083249, 19.853991861 ], [ -98.377143819, 19.8538636 ], [ -98.37709458, 19.853781351 ], [ -98.376583909, 19.853644851 ], [ -98.37613589, 19.85351523 ], [ -98.375398649, 19.853303031 ], [ -98.374426779, 19.85301254 ], [ -98.373374059, 19.85271037 ], [ -98.374167859, 19.852195221 ], [ -98.37452878, 19.851941201 ], [ -98.375324089, 19.851816341 ], [ -98.376419369, 19.851678341 ], [ -98.37691518, 19.851438971 ], [ -98.377411399, 19.851100321 ], [ -98.377757629, 19.850761141 ], [ -98.37780389, 19.850435091 ], [ -98.37791074, 19.849954971 ], [ -98.377942109, 19.849600511 ], [ -98.378049519, 19.84897685 ], [ -98.378170709, 19.848665251 ], [ -98.378472449, 19.84819826 ], [ -98.378788349, 19.84794408 ], [ -98.379088429, 19.84790257 ], [ -98.37931311, 19.847974261 ], [ -98.37964186, 19.84827325 ], [ -98.379926509, 19.848345151 ], [ -98.380152219, 19.848147381 ], [ -98.380393689, 19.84775109 ], [ -98.38054414, 19.847623971 ], [ -98.38091905, 19.84762528 ], [ -98.38138337, 19.84776872 ], [ -98.381599599, 19.848015661 ], [ -98.38159057, 19.848478581 ], [ -98.38158848, 19.84901751 ], [ -98.381628849, 19.849369511 ], [ -98.38163172, 19.84982962 ], [ -98.38165028, 19.850231451 ], [ -98.38167763, 19.85069062 ], [ -98.38172095, 19.851124201 ], [ -98.38199031, 19.851485311 ], [ -98.38221685, 19.85173726 ], [ -98.38240351, 19.85194068 ], [ -98.382714459, 19.85228548 ], [ -98.382831109, 19.85237045 ], [ -98.382913369, 19.85237242 ], [ -98.38352757, 19.852322181 ], [ -98.383667349, 19.852259661 ], [ -98.38406, 19.85211331 ], [ -98.38455882, 19.85193057 ], [ -98.384992139, 19.851802491 ], [ -98.38521763, 19.85170923 ], [ -98.379743769, 19.883721711 ], [ -98.379658169, 19.88483945 ], [ -98.379524509, 19.88743282 ], [ -98.37931209, 19.88966762 ], [ -98.37900603, 19.89127923 ], [ -98.37893985, 19.89215938 ], [ -98.37905991, 19.89308894 ], [ -98.37915228, 19.893399051 ], [ -98.379742879, 19.8971866 ], [ -98.379880289, 19.89839602 ], [ -98.38032635, 19.899427401 ], [ -98.380559957, 19.899924624 ], [ -98.380575017, 19.899956679 ], [ -98.380593241, 19.899995468 ], [ -98.38082409, 19.900486831 ], [ -98.381546888, 19.902134745 ], [ -98.38161915, 19.90229949 ], [ -98.381615339, 19.902297281 ], [ -98.381614658, 19.902296889 ], [ -98.381614284, 19.902296674 ], [ -98.381537139, 19.902252229 ], [ -98.38153105, 19.90224872 ], [ -98.38153088, 19.902248623 ], [ -98.381530743, 19.902248544 ], [ -98.38150046, 19.902231111 ], [ -98.381481791, 19.902246865 ], [ -98.38146305, 19.902262681 ], [ -98.379657139, 19.90378666 ], [ -98.378340434, 19.904927422 ], [ -98.378334634, 19.904932446 ], [ -98.378326377, 19.9049396 ], [ -98.378326319, 19.90493965 ], [ -98.377958519, 19.905258281 ], [ -98.377013187, 19.906036606 ], [ -98.377013166, 19.906036622 ], [ -98.377012892, 19.906036852 ], [ -98.377006234, 19.906042331 ], [ -98.377001881, 19.906045914 ], [ -98.376986515, 19.906058565 ], [ -98.375618661, 19.907184731 ], [ -98.37469386, 19.90794611 ], [ -98.373268764, 19.909094904 ], [ -98.37322277, 19.909131981 ], [ -98.373225054, 19.909139289 ], [ -98.373253167, 19.909229211 ], [ -98.373276128, 19.90930265 ], [ -98.373646513, 19.910487319 ], [ -98.373647843, 19.910491577 ], [ -98.373650917, 19.910501408 ], [ -98.373650939, 19.910501481 ], [ -98.373819924, 19.911041979 ], [ -98.373822354, 19.911049752 ], [ -98.373865687, 19.911188353 ], [ -98.373877169, 19.91122508 ], [ -98.373877179, 19.91122511 ], [ -98.3739404, 19.911427321 ], [ -98.373982832, 19.911498093 ], [ -98.373985075, 19.911501835 ], [ -98.374732029, 19.912747681 ], [ -98.375879019, 19.915014831 ], [ -98.375990631, 19.915412518 ], [ -98.375991646, 19.915416132 ], [ -98.376051949, 19.915631 ], [ -98.376052943, 19.915634544 ], [ -98.376053447, 19.915636341 ], [ -98.37620192, 19.916165325 ], [ -98.376202761, 19.916168322 ], [ -98.376204934, 19.916176063 ], [ -98.376204948, 19.916176121 ], [ -98.376316958, 19.916575195 ], [ -98.376318955, 19.916582308 ], [ -98.376391999, 19.916842551 ], [ -98.37641831, 19.916988541 ], [ -98.376443812, 19.9171233 ], [ -98.376445023, 19.917129697 ], [ -98.376460269, 19.917210256 ], [ -98.376461075, 19.917214518 ], [ -98.376522819, 19.917540781 ], [ -98.376519841, 19.917556464 ], [ -98.376519664, 19.917557398 ], [ -98.37650831, 19.9176172 ], [ -98.376508134, 19.917618126 ], [ -98.37650805, 19.917618569 ], [ -98.376452746, 19.917909647 ], [ -98.376452727, 19.917909747 ], [ -98.37645225, 19.917912253 ], [ -98.376414053, 19.918113279 ], [ -98.3764136, 19.918115661 ], [ -98.376411832, 19.918124969 ], [ -98.376411367, 19.918127413 ], [ -98.376379109, 19.91829718 ], [ -98.376378771, 19.918298961 ], [ -98.376378665, 19.918299519 ], [ -98.376361247, 19.918391246 ], [ -98.376360973, 19.91839269 ], [ -98.376358892, 19.918403648 ], [ -98.376358878, 19.91840372 ], [ -98.37631706, 19.918623749 ], [ -98.376316291, 19.918627794 ], [ -98.376316115, 19.918628722 ], [ -98.376285516, 19.918789796 ], [ -98.376285437, 19.918790213 ], [ -98.376284569, 19.918794781 ], [ -98.37625049, 19.918974151 ], [ -98.376289366, 19.918984014 ], [ -98.376289874, 19.918984143 ], [ -98.37869838, 19.919595201 ], [ -98.37871231, 19.919627681 ], [ -98.378377739, 19.921116631 ], [ -98.377996961, 19.922302514 ], [ -98.377996835, 19.922302907 ], [ -98.377990419, 19.922322891 ], [ -98.377999486, 19.922401601 ], [ -98.378002164, 19.922424839 ], [ -98.378002181, 19.922424984 ], [ -98.37800474, 19.922447201 ], [ -98.37800278, 19.922475679 ], [ -98.377965937, 19.92301093 ], [ -98.377965104, 19.92302304 ], [ -98.37792866, 19.923552491 ], [ -98.377896434, 19.923744297 ], [ -98.377895378, 19.923750577 ], [ -98.377669551, 19.925094645 ], [ -98.377668747, 19.92509943 ], [ -98.377668572, 19.925100474 ], [ -98.37735009, 19.926996021 ], [ -98.376778406, 19.92813974 ], [ -98.376741099, 19.928214376 ], [ -98.37653211, 19.92863248 ], [ -98.37641606, 19.928751599 ], [ -98.376407649, 19.928760231 ], [ -98.376401699, 19.928759309 ], [ -98.376302429, 19.928743926 ], [ -98.376276969, 19.928739981 ], [ -98.376238311, 19.928805619 ], [ -98.375929399, 19.929330121 ], [ -98.37510191, 19.930609551 ], [ -98.375081133, 19.930647473 ], [ -98.3750473, 19.930709227 ], [ -98.374396749, 19.931896651 ], [ -98.37436385, 19.931972824 ], [ -98.37417594, 19.932407905 ], [ -98.374175833, 19.932408151 ], [ -98.374174019, 19.93241235 ], [ -98.37412265, 19.932531281 ], [ -98.373938169, 19.932839621 ], [ -98.373931906, 19.932850088 ], [ -98.373931438, 19.93285087 ], [ -98.373693168, 19.933249123 ], [ -98.373435449, 19.933679881 ], [ -98.373150361, 19.93429634 ], [ -98.37277628, 19.935105221 ], [ -98.372564145, 19.9355471 ], [ -98.372208992, 19.936286881 ], [ -98.372128062, 19.936455456 ], [ -98.37212791, 19.936455772 ], [ -98.37212769, 19.93645623 ], [ -98.372096716, 19.936520755 ], [ -98.372096414, 19.936521383 ], [ -98.372011621, 19.936698027 ], [ -98.372010806, 19.936699726 ], [ -98.37200022, 19.936721781 ], [ -98.371971859, 19.93695462 ], [ -98.371971583, 19.936956888 ], [ -98.371971493, 19.936957631 ], [ -98.371914625, 19.93742457 ], [ -98.371913349, 19.937435051 ], [ -98.371912681, 19.937436085 ], [ -98.37187032, 19.937501771 ], [ -98.371787931, 19.93755124 ], [ -98.371547596, 19.937695544 ], [ -98.371547016, 19.937695893 ], [ -98.37131082, 19.937837711 ], [ -98.3703284, 19.938581571 ], [ -98.370090779, 19.938783051 ], [ -98.369934719, 19.938786481 ], [ -98.36953523, 19.938726621 ], [ -98.36904865, 19.938619681 ], [ -98.36868731, 19.938513181 ], [ -98.368867509, 19.938684801 ], [ -98.368944443, 19.938763298 ], [ -98.369255539, 19.939080721 ], [ -98.369407749, 19.939323111 ], [ -98.369642859, 19.939728891 ], [ -98.36988726, 19.940160351 ], [ -98.370118399, 19.940543171 ], [ -98.370567029, 19.940968681 ], [ -98.37094845, 19.941306351 ], [ -98.371749889, 19.942029571 ], [ -98.372167509, 19.942371261 ], [ -98.372550379, 19.942693321 ], [ -98.372113819, 19.943250851 ], [ -98.37191995, 19.943499151 ], [ -98.37175443, 19.943707951 ], [ -98.37011654, 19.945813121 ], [ -98.37010883, 19.945860261 ], [ -98.36913491, 19.946275821 ], [ -98.369137339, 19.946404651 ], [ -98.36887525, 19.946380091 ], [ -98.36844317, 19.946343911 ], [ -98.36302183, 19.946297021 ], [ -98.36300537, 19.946330721 ], [ -98.362682219, 19.946746621 ], [ -98.362496539, 19.946804831 ], [ -98.362045859, 19.946381181 ], [ -98.36078886, 19.946489581 ], [ -98.360935029, 19.947947541 ], [ -98.361008739, 19.948846891 ], [ -98.36105434, 19.949303381 ], [ -98.36113468, 19.950202771 ], [ -98.36133272, 19.952467051 ], [ -98.361777379, 19.95331712 ], [ -98.362256029, 19.953561481 ], [ -98.36319826, 19.954228941 ], [ -98.363448379, 19.954412891 ], [ -98.364115079, 19.95498003 ], [ -98.365315199, 19.956283281 ], [ -98.36584738, 19.957629291 ], [ -98.365978549, 19.958526601 ], [ -98.365945859, 19.959147721 ], [ -98.365428739, 19.960756571 ], [ -98.365336169, 19.961650821 ], [ -98.365339739, 19.962100381 ], [ -98.365789369, 19.963335421 ], [ -98.366364399, 19.964433111 ], [ -98.36642626, 19.965244321 ], [ -98.3664756, 19.966127781 ], [ -98.36655235, 19.966577601 ], [ -98.366841619, 19.967477721 ], [ -98.36684118, 19.968080891 ], [ -98.366825719, 19.96843098 ], [ -98.366539879, 19.969706321 ], [ -98.36595192, 19.970607851 ], [ -98.36573015, 19.970907511 ], [ -98.36585355, 19.971048001 ], [ -98.367756349, 19.972810511 ], [ -98.370649999, 19.97673609 ], [ -98.374103649, 19.975835951 ], [ -98.37378271, 19.976432621 ], [ -98.37359232, 19.976824511 ], [ -98.373273819, 19.977115521 ], [ -98.372538449, 19.977682181 ], [ -98.371818379, 19.978484921 ], [ -98.3707706, 19.978933541 ], [ -98.37013372, 19.979278461 ], [ -98.369681419, 19.979559911 ], [ -98.36941003, 19.980164651 ], [ -98.36911118, 19.980030261 ], [ -98.368451419, 19.980477461 ], [ -98.36647075, 19.981831881 ], [ -98.365999369, 19.982232121 ], [ -98.36565872, 19.982526881 ], [ -98.36504406, 19.982880921 ], [ -98.364463799, 19.983194551 ], [ -98.363969919, 19.983452311 ], [ -98.363343949, 19.983468401 ], [ -98.362863259, 19.983514481 ], [ -98.362534109, 19.98360888 ], [ -98.361966709, 19.983294481 ], [ -98.361229449, 19.982783921 ], [ -98.360931719, 19.982969121 ], [ -98.36048826, 19.983367201 ], [ -98.360127719, 19.983995661 ], [ -98.359925309, 19.984423571 ], [ -98.35969915, 19.984810351 ], [ -98.359432229, 19.985342091 ], [ -98.359253139, 19.985645711 ], [ -98.359017139, 19.986152151 ], [ -98.358736679, 19.986729281 ], [ -98.35847225, 19.987412221 ], [ -98.35817511, 19.987794521 ], [ -98.35971532, 19.988389981 ], [ -98.359655939, 19.98865432 ], [ -98.359806369, 19.98897938 ], [ -98.359780219, 19.98919437 ], [ -98.359905399, 19.98950549 ], [ -98.360208799, 19.989530481 ], [ -98.36056191, 19.98977072 ], [ -98.36053574, 19.989985721 ], [ -98.36028129, 19.990367151 ], [ -98.359875179, 19.990724151 ], [ -98.35949342, 19.99132023 ], [ -98.35890785, 19.99227402 ], [ -98.358753579, 19.9928948 ], [ -98.358651349, 19.99315731 ], [ -98.358574229, 19.993467691 ], [ -98.358547679, 19.99377826 ], [ -98.35862258, 19.99401751 ], [ -98.35857152, 19.99413682 ], [ -98.358318119, 19.99425538 ], [ -98.35806414, 19.994517341 ], [ -98.357859579, 19.99506625 ], [ -98.357883319, 19.99544869 ], [ -98.358084399, 19.99576009 ], [ -98.358335179, 19.99628675 ], [ -98.358459999, 19.996693461 ], [ -98.35837731, 19.99717046 ], [ -98.358490949, 19.997723171 ], [ -98.35850932, 19.99831746 ], [ -98.35855262, 19.998833021 ], [ -98.35855029, 19.99891068 ], [ -98.35854445, 19.99900665 ], [ -98.358489779, 19.999178151 ], [ -98.35848245, 19.99933078 ], [ -98.358488519, 19.999489781 ], [ -98.35859528, 19.99970397 ], [ -98.35867608, 19.99989131 ], [ -98.358884109, 20.00028812 ], [ -98.359371289, 20.000474201 ], [ -98.359719629, 20.000584261 ], [ -98.35783518, 20.00387932 ], [ -98.358863169, 20.0040624 ], [ -98.358419149, 20.00488798 ], [ -98.35780785, 20.004667631 ], [ -98.35702438, 20.005534821 ], [ -98.357023139, 20.00596677 ], [ -98.35708537, 20.006489291 ], [ -98.357070919, 20.006890081 ], [ -98.356991519, 20.007436421 ], [ -98.35679577, 20.008123351 ], [ -98.356601739, 20.008389851 ], [ -98.35622763, 20.008643581 ], [ -98.355969479, 20.008849141 ], [ -98.355839849, 20.009103771 ], [ -98.35582592, 20.00934663 ], [ -98.35594051, 20.009662911 ], [ -98.356106319, 20.010003601 ], [ -98.356040089, 20.01046495 ], [ -98.356050509, 20.01094166 ], [ -98.35593637, 20.01136397 ], [ -98.35567129, 20.01308863 ], [ -98.355582119, 20.01385977 ], [ -98.355558479, 20.01438752 ], [ -98.355684049, 20.01524065 ], [ -98.35577875, 20.0166072 ], [ -98.35570049, 20.01721051 ], [ -98.3557764, 20.017312821 ], [ -98.356097939, 20.017410691 ], [ -98.356199509, 20.01761828 ], [ -98.356125339, 20.01786666 ], [ -98.355949179, 20.01800417 ], [ -98.35587546, 20.01814205 ], [ -98.355845519, 20.018307711 ], [ -98.355888519, 20.018528911 ], [ -98.355962248, 20.018752298 ], [ -98.355975249, 20.01879169 ], [ -98.356143733, 20.019107406 ], [ -98.356294264, 20.019389482 ], [ -98.35631831, 20.019434541 ], [ -98.356517812, 20.019535311 ], [ -98.356812683, 20.019684253 ], [ -98.356948238, 20.019752722 ], [ -98.356965418, 20.0197614 ], [ -98.356984007, 20.019770788 ], [ -98.35703951, 20.01979882 ], [ -98.356965656, 20.020149952 ], [ -98.356954593, 20.02020255 ], [ -98.356945759, 20.020244548 ], [ -98.356875212, 20.020579958 ], [ -98.35686777, 20.020615341 ], [ -98.356853865, 20.020681457 ], [ -98.356851979, 20.020690421 ], [ -98.356775297, 20.020856508 ], [ -98.356541149, 20.02136365 ], [ -98.356371374, 20.021511987 ], [ -98.35620572, 20.02165672 ], [ -98.355777739, 20.021945831 ], [ -98.35530525, 20.022167511 ], [ -98.354335479, 20.02214717 ], [ -98.35323342, 20.021803601 ], [ -98.352203879, 20.021413651 ], [ -98.351623339, 20.021188681 ], [ -98.35091405, 20.020959971 ], [ -98.350551509, 20.020902141 ], [ -98.35021798, 20.02089411 ], [ -98.349910419, 20.020941711 ], [ -98.34958123, 20.02104038 ], [ -98.349179029, 20.02131894 ], [ -98.348851449, 20.02173609 ], [ -98.348497949, 20.022259751 ], [ -98.348002179, 20.022626691 ], [ -98.34736214, 20.0227382 ], [ -98.34688534, 20.02266375 ], [ -98.34626009, 20.022430881 ], [ -98.345816879, 20.02238192 ], [ -98.345339459, 20.02248246 ], [ -98.3450478, 20.02264523 ], [ -98.344787659, 20.02289989 ], [ -98.344579999, 20.02313695 ], [ -98.344374059, 20.023638751 ], [ -98.344481489, 20.023882311 ], [ -98.344771089, 20.02504012 ], [ -98.34470371, 20.02573611 ], [ -98.344299219, 20.02642592 ], [ -98.34375588, 20.026856651 ], [ -98.34277383, 20.027516351 ], [ -98.342356659, 20.028047851 ], [ -98.341336784, 20.029473643 ], [ -98.341139053, 20.029750067 ], [ -98.340814725, 20.030203472 ], [ -98.340802579, 20.03022045 ], [ -98.340801572, 20.030221732 ], [ -98.34078234, 20.030246201 ], [ -98.34078215, 20.030246442 ], [ -98.340776056, 20.030254194 ], [ -98.34049982, 20.030605601 ], [ -98.340473903, 20.030643424 ], [ -98.340473175, 20.030644487 ], [ -98.340467689, 20.030652491 ], [ -98.340460437, 20.030663077 ], [ -98.340408542, 20.030738824 ], [ -98.34039683, 20.03075592 ], [ -98.340266779, 20.030855006 ], [ -98.340057709, 20.031014297 ], [ -98.339985564, 20.031069264 ], [ -98.339928562, 20.031112694 ], [ -98.33981443, 20.03119965 ], [ -98.339418688, 20.031363211 ], [ -98.338962126, 20.031551907 ], [ -98.338941468, 20.031560444 ], [ -98.338941434, 20.03156046 ], [ -98.338714474, 20.031654261 ], [ -98.338659623, 20.03167693 ], [ -98.338655778, 20.03167852 ], [ -98.338464304, 20.031757655 ], [ -98.33802712, 20.03193834 ], [ -98.33762008, 20.03220628 ], [ -98.337620038, 20.032206308 ], [ -98.337496401, 20.032287694 ], [ -98.337495759, 20.032288116 ], [ -98.337464677, 20.032308577 ], [ -98.33719075, 20.03248889 ], [ -98.337063826, 20.032572451 ], [ -98.336917532, 20.032668765 ], [ -98.336917481, 20.032668798 ], [ -98.336914281, 20.032670905 ], [ -98.336914198, 20.032670959 ], [ -98.336914151, 20.032670992 ], [ -98.336914017, 20.032671077 ], [ -98.336855864, 20.032709355 ], [ -98.336855033, 20.032709903 ], [ -98.336843398, 20.032717561 ], [ -98.336710939, 20.032804751 ], [ -98.33658114, 20.033034139 ], [ -98.336580356, 20.033035524 ], [ -98.336571065, 20.033051942 ], [ -98.33640127, 20.033351995 ], [ -98.336303155, 20.033525378 ], [ -98.336276736, 20.033572063 ], [ -98.33623789, 20.03364071 ], [ -98.336231878, 20.033651342 ], [ -98.335851194, 20.034323388 ], [ -98.33578287, 20.034444004 ], [ -98.335782561, 20.034444549 ], [ -98.33574646, 20.03450828 ], [ -98.335741709, 20.034584593 ], [ -98.335738637, 20.034633939 ], [ -98.335738593, 20.034634658 ], [ -98.33570868, 20.03511511 ], [ -98.335744969, 20.035303781 ], [ -98.33585035, 20.035851711 ], [ -98.335863269, 20.035946585 ], [ -98.335888319, 20.036130541 ], [ -98.33602572, 20.036637491 ], [ -98.336205713, 20.037363923 ], [ -98.33637078, 20.038030111 ], [ -98.336365772, 20.038213967 ], [ -98.336348229, 20.038858091 ], [ -98.336206279, 20.039582571 ], [ -98.336039079, 20.040006941 ], [ -98.33598391, 20.04018968 ], [ -98.335228169, 20.04136217 ], [ -98.334798449, 20.04177897 ], [ -98.33456292, 20.041841221 ], [ -98.334518659, 20.04207895 ], [ -98.334503999, 20.042312421 ], [ -98.33447889, 20.04239322 ], [ -98.334451339, 20.04247288 ], [ -98.334538079, 20.04260034 ], [ -98.334639739, 20.04273726 ], [ -98.33473145, 20.042867091 ], [ -98.334836879, 20.04299543 ], [ -98.334951171, 20.043163262 ], [ -98.335055978, 20.043308449 ], [ -98.33526535, 20.04361208 ], [ -98.33543483, 20.04383514 ], [ -98.335561509, 20.044018541 ], [ -98.335683429, 20.04417994 ], [ -98.33579343, 20.044332801 ], [ -98.33590346, 20.04449115 ], [ -98.33602234, 20.04464988 ], [ -98.33619772, 20.044898981 ], [ -98.336263949, 20.044928661 ], [ -98.33627758, 20.044633063 ], [ -98.33629094, 20.044401881 ], [ -98.33635934, 20.04422509 ], [ -98.336576107, 20.044103922 ], [ -98.33679051, 20.044012111 ], [ -98.33711146, 20.04399683 ], [ -98.33736366, 20.04403755 ], [ -98.337586339, 20.04417026 ], [ -98.337749509, 20.044348911 ], [ -98.33787855, 20.044564801 ], [ -98.337985978, 20.044730047 ], [ -98.338083199, 20.04483591 ], [ -98.33824334, 20.044912341 ], [ -98.33841182, 20.044969711 ], [ -98.338537139, 20.045026221 ], [ -98.338603059, 20.04510889 ], [ -98.338728349, 20.045175291 ], [ -98.33888143, 20.045271481 ], [ -98.33898571, 20.045354281 ], [ -98.33925451, 20.045613551 ], [ -98.339445659, 20.045775821 ], [ -98.339574164, 20.04587797 ], [ -98.33963431, 20.04592578 ], [ -98.339759058, 20.046120768 ], [ -98.339856019, 20.04628926 ], [ -98.339925289, 20.046491481 ], [ -98.34003091, 20.046641371 ], [ -98.340089778, 20.046753774 ], [ -98.340119665, 20.046810845 ], [ -98.340238149, 20.04700297 ], [ -98.340338711, 20.047206292 ], [ -98.340405429, 20.04732712 ], [ -98.34051223, 20.047462831 ], [ -98.340612909, 20.047637981 ], [ -98.34069566, 20.047818691 ], [ -98.340873629, 20.04805051 ], [ -98.34105794, 20.04819778 ], [ -98.341301802, 20.048362181 ], [ -98.341549479, 20.048444151 ], [ -98.34174635, 20.04848514 ], [ -98.34184491, 20.048508821 ], [ -98.34213112, 20.04848657 ], [ -98.34241272, 20.04838503 ], [ -98.34268458, 20.048255491 ], [ -98.342926719, 20.048153821 ], [ -98.343161829, 20.048022781 ], [ -98.34342402, 20.047846581 ], [ -98.34361706, 20.047688771 ], [ -98.34372089, 20.047633201 ], [ -98.343938419, 20.04751745 ], [ -98.344136049, 20.04744358 ], [ -98.344385369, 20.0473834 ], [ -98.34452851, 20.047365281 ], [ -98.344671829, 20.04730054 ], [ -98.344919, 20.04717557 ], [ -98.34515285, 20.047049851 ], [ -98.345419539, 20.04697625 ], [ -98.34562228, 20.046962972 ], [ -98.345824149, 20.046949751 ], [ -98.34603142, 20.04693188 ], [ -98.346255766, 20.046899201 ], [ -98.346581339, 20.0469004 ], [ -98.34683774, 20.046929321 ], [ -98.347128507, 20.04699568 ], [ -98.34746092, 20.04709098 ], [ -98.347722029, 20.047175881 ], [ -98.347939019, 20.04719066 ], [ -98.34814635, 20.047154121 ], [ -98.348403319, 20.047043171 ], [ -98.34874674, 20.04684589 ], [ -98.34930429, 20.04653397 ], [ -98.349508279, 20.046476651 ], [ -98.34997409, 20.046362433 ], [ -98.35026225, 20.047321511 ], [ -98.350422434, 20.04785461 ], [ -98.350550417, 20.048280551 ], [ -98.35083858, 20.049239631 ], [ -98.351126749, 20.050198681 ], [ -98.351414919, 20.05115774 ], [ -98.351439479, 20.05123948 ], [ -98.351703109, 20.0521168 ], [ -98.351973539, 20.053057951 ], [ -98.35224395, 20.05399911 ], [ -98.35251438, 20.05494025 ], [ -98.35278483, 20.0558814 ], [ -98.35280092, 20.05593742 ], [ -98.353055259, 20.05682255 ], [ -98.353087939, 20.056936261 ], [ -98.353325709, 20.05776369 ], [ -98.353326789, 20.057767449 ], [ -98.353326799, 20.057767485 ], [ -98.353327878, 20.05777128 ], [ -98.353596149, 20.058704851 ], [ -98.35373812, 20.05869931 ], [ -98.353957622, 20.059336739 ], [ -98.35396557, 20.05935982 ], [ -98.354229249, 20.060125581 ], [ -98.354330666, 20.060412188 ], [ -98.354347891, 20.060460868 ], [ -98.354503779, 20.0609014 ], [ -98.35462667, 20.06124867 ], [ -98.35468289, 20.061407541 ], [ -98.354816814, 20.061785983 ], [ -98.354819215, 20.061792768 ], [ -98.354841601, 20.061856025 ], [ -98.35513081, 20.062673265 ], [ -98.355136549, 20.062689481 ], [ -98.355171742, 20.06278802 ], [ -98.355198661, 20.062863388 ], [ -98.355378032, 20.063365607 ], [ -98.355393234, 20.063408169 ], [ -98.35541416, 20.063466759 ], [ -98.35544779, 20.063560918 ], [ -98.355501029, 20.06370998 ], [ -98.355848742, 20.064683509 ], [ -98.355859262, 20.064712961 ], [ -98.355865519, 20.06473048 ], [ -98.3557325, 20.064708172 ], [ -98.35554406, 20.064676571 ], [ -98.35442702, 20.06465771 ], [ -98.353309979, 20.06463883 ], [ -98.35219295, 20.064619941 ], [ -98.35107591, 20.064601061 ], [ -98.349959038, 20.064582154 ], [ -98.34995888, 20.064582151 ], [ -98.349958909, 20.064586949 ], [ -98.34995959, 20.06469955 ], [ -98.349959619, 20.06470435 ], [ -98.349959462, 20.064704347 ], [ -98.349843586, 20.064701781 ], [ -98.34983955, 20.06470169 ], [ -98.349731, 20.06476137 ], [ -98.349468739, 20.06496412 ], [ -98.34921394, 20.06510565 ], [ -98.349179575, 20.065127826 ], [ -98.348824466, 20.065356975 ], [ -98.348683162, 20.065448157 ], [ -98.348593497, 20.065506016 ], [ -98.348358604, 20.065657589 ], [ -98.34808618, 20.065833381 ], [ -98.347802528, 20.065981524 ], [ -98.347547429, 20.066114756 ], [ -98.34753218, 20.066122721 ], [ -98.34708048, 20.066231221 ], [ -98.347056012, 20.066242271 ], [ -98.346688879, 20.066408083 ], [ -98.34660645, 20.06644531 ], [ -98.346450153, 20.066459127 ], [ -98.34614842, 20.0664858 ], [ -98.345980736, 20.066459411 ], [ -98.345966453, 20.066457164 ], [ -98.34576677, 20.066425741 ], [ -98.345724657, 20.066422672 ], [ -98.34537543, 20.06639723 ], [ -98.34514348, 20.066299181 ], [ -98.345123987, 20.06627132 ], [ -98.345023579, 20.0661278 ], [ -98.344977501, 20.065620967 ], [ -98.34497746, 20.06562051 ], [ -98.344977631, 20.065616171 ], [ -98.345016567, 20.064627971 ], [ -98.345016689, 20.064624861 ], [ -98.345016696, 20.064623174 ], [ -98.34501698, 20.064553661 ], [ -98.345017649, 20.064393511 ], [ -98.344948969, 20.06410414 ], [ -98.344906587, 20.064044565 ], [ -98.344697679, 20.063750891 ], [ -98.344222969, 20.06326815 ], [ -98.343642319, 20.06235603 ], [ -98.34338229, 20.06213825 ], [ -98.343108519, 20.061979921 ], [ -98.34265625, 20.061889711 ], [ -98.34259049, 20.06190671 ], [ -98.34248798, 20.06198563 ], [ -98.342403719, 20.06206808 ], [ -98.34238511, 20.06215766 ], [ -98.342395429, 20.062305971 ], [ -98.34239546, 20.062411001 ], [ -98.34238318, 20.062466401 ], [ -98.342282489, 20.062568141 ], [ -98.34225595, 20.06263783 ], [ -98.34219992, 20.062684821 ], [ -98.342228679, 20.06272017 ], [ -98.34223734, 20.062730821 ], [ -98.34257589, 20.063155111 ], [ -98.342556577, 20.063171338 ], [ -98.342133279, 20.063526971 ], [ -98.34205838, 20.06359911 ], [ -98.341991909, 20.063697461 ], [ -98.34192783, 20.06375466 ], [ -98.34189731, 20.063781911 ], [ -98.341817719, 20.063820111 ], [ -98.34176766, 20.063842451 ], [ -98.34171802, 20.063879151 ], [ -98.341678429, 20.06392223 ], [ -98.341647859, 20.06397772 ], [ -98.341572649, 20.064098651 ], [ -98.341477489, 20.064214511 ], [ -98.341234369, 20.06448277 ], [ -98.34114817, 20.064558091 ], [ -98.34106294, 20.064635251 ], [ -98.34099792, 20.06472374 ], [ -98.340945739, 20.06479046 ], [ -98.340867659, 20.06488378 ], [ -98.34077803, 20.064949541 ], [ -98.34067726, 20.065016891 ], [ -98.340583579, 20.06508663 ], [ -98.34045509, 20.065159281 ], [ -98.34035172, 20.06524714 ], [ -98.340206509, 20.065392421 ], [ -98.340131489, 20.065458601 ], [ -98.340035029, 20.065536111 ], [ -98.339927259, 20.06560925 ], [ -98.339823169, 20.065675021 ], [ -98.33971589, 20.065759321 ], [ -98.339599569, 20.06586157 ], [ -98.33951643, 20.065968751 ], [ -98.33940254, 20.06603714 ], [ -98.3392672, 20.06607314 ], [ -98.33911934, 20.06607278 ], [ -98.339091388, 20.066073621 ], [ -98.33898412, 20.066076851 ], [ -98.338892379, 20.066071941 ], [ -98.33879508, 20.06610385 ], [ -98.33870794, 20.06615828 ], [ -98.338670383, 20.066211071 ], [ -98.338630229, 20.06626751 ], [ -98.338588555, 20.066320642 ], [ -98.338582598, 20.066328235 ], [ -98.338571036, 20.066342976 ], [ -98.338542199, 20.06637974 ], [ -98.338387182, 20.066434819 ], [ -98.338364353, 20.066442929 ], [ -98.33826897, 20.06647682 ], [ -98.33824949, 20.066505021 ], [ -98.338215865, 20.066553728 ], [ -98.33811437, 20.066712111 ], [ -98.338053938, 20.066753972 ], [ -98.337896612, 20.066862952 ], [ -98.33782403, 20.066913231 ], [ -98.337739961, 20.066966933 ], [ -98.337715808, 20.066982361 ], [ -98.337687538, 20.067000419 ], [ -98.33750735, 20.06711552 ], [ -98.33717365, 20.067338891 ], [ -98.33687577, 20.06747589 ], [ -98.33672642, 20.067646231 ], [ -98.33660383, 20.06782425 ], [ -98.33649696, 20.06801199 ], [ -98.3364864, 20.06803054 ], [ -98.336459728, 20.068112004 ], [ -98.336426379, 20.06821386 ], [ -98.33632891, 20.068398941 ], [ -98.336121199, 20.06865412 ], [ -98.33583491, 20.068940861 ], [ -98.335660819, 20.06912182 ], [ -98.335622079, 20.069140341 ], [ -98.33540385, 20.069200711 ], [ -98.33526205, 20.06935494 ], [ -98.335097879, 20.06957974 ], [ -98.33486985, 20.069711751 ], [ -98.33474806, 20.06980103 ], [ -98.334721049, 20.06994549 ], [ -98.334710649, 20.070040181 ], [ -98.33462492, 20.07016306 ], [ -98.33458723, 20.07026098 ], [ -98.3345788, 20.07038054 ], [ -98.33450263, 20.070575401 ], [ -98.33431903, 20.07081414 ], [ -98.334189709, 20.070941831 ], [ -98.33408, 20.07096114 ], [ -98.33398949, 20.0709608 ], [ -98.333897149, 20.070985111 ], [ -98.333784019, 20.071068111 ], [ -98.33358194, 20.071192681 ], [ -98.333291119, 20.071381911 ], [ -98.333147599, 20.071419001 ], [ -98.33308426, 20.07143537 ], [ -98.332998949, 20.07145135 ], [ -98.332985668, 20.071465988 ], [ -98.33291592, 20.07154286 ], [ -98.332914185, 20.071545744 ], [ -98.332906391, 20.071558711 ], [ -98.332887837, 20.071589576 ], [ -98.332868879, 20.071621111 ], [ -98.332512149, 20.07192803 ], [ -98.332243169, 20.07243377 ], [ -98.33166845, 20.07328046 ], [ -98.331547119, 20.07373392 ], [ -98.331515909, 20.073756658 ], [ -98.33107889, 20.07407505 ], [ -98.33106331, 20.0740864 ], [ -98.331048082, 20.074097489 ], [ -98.331047259, 20.07409809 ], [ -98.33120709, 20.07506488 ], [ -98.33202717, 20.07534025 ], [ -98.33185866, 20.07570471 ], [ -98.33094566, 20.07710886 ], [ -98.33087577, 20.077398181 ], [ -98.330593752, 20.078008941 ], [ -98.33057632, 20.078046693 ], [ -98.33056826, 20.07806417 ], [ -98.330565699, 20.078088243 ], [ -98.330565211, 20.078092838 ], [ -98.330499529, 20.078710479 ], [ -98.330455837, 20.079121319 ], [ -98.330453117, 20.079146891 ], [ -98.33043606, 20.079307351 ], [ -98.330371119, 20.079832751 ], [ -98.330363559, 20.079859477 ], [ -98.3301878, 20.080480751 ], [ -98.33043203, 20.081621771 ], [ -98.330449399, 20.08171802 ], [ -98.33073966, 20.083045381 ], [ -98.330807459, 20.083448971 ], [ -98.33080723, 20.08351712 ], [ -98.32981474, 20.083702281 ], [ -98.329422779, 20.084523 ], [ -98.329425279, 20.0846686 ], [ -98.32789369, 20.08369718 ], [ -98.32789277, 20.08338383 ], [ -98.32744955, 20.08406215 ], [ -98.327301349, 20.084557851 ], [ -98.328434199, 20.08568803 ], [ -98.32790232, 20.085864381 ], [ -98.328547709, 20.08665625 ], [ -98.328544712, 20.086659753 ], [ -98.328038149, 20.087251911 ], [ -98.325710689, 20.087625081 ], [ -98.32540465, 20.08771452 ], [ -98.325847049, 20.09061471 ], [ -98.32622694, 20.09316295 ], [ -98.325194879, 20.094089541 ], [ -98.32359486, 20.0954346 ], [ -98.323537719, 20.09596706 ], [ -98.323609349, 20.096165481 ], [ -98.3235058, 20.096073061 ], [ -98.322408519, 20.09573646 ], [ -98.321643679, 20.095494 ], [ -98.321243599, 20.09532309 ], [ -98.32010178, 20.09474863 ], [ -98.31943706, 20.094364771 ], [ -98.319395979, 20.094196221 ], [ -98.319086949, 20.095354751 ], [ -98.31904638, 20.09534883 ], [ -98.31887617, 20.096000221 ], [ -98.31816252, 20.09593955 ], [ -98.31770426, 20.095821541 ], [ -98.31792152, 20.09533232 ], [ -98.31786589, 20.09531422 ], [ -98.31766862, 20.094315951 ], [ -98.31643497, 20.09440146 ], [ -98.315711449, 20.09441423 ], [ -98.31540874, 20.094285291 ], [ -98.315219799, 20.094228181 ], [ -98.314785369, 20.094213081 ], [ -98.31452106, 20.094001951 ], [ -98.314265249, 20.09383972 ], [ -98.314027379, 20.09373369 ], [ -98.313762659, 20.093573571 ], [ -98.31351571, 20.09354085 ], [ -98.313341179, 20.09344971 ], [ -98.31307374, 20.09338975 ], [ -98.312578049, 20.092566401 ], [ -98.312443769, 20.092035201 ], [ -98.312451379, 20.09171966 ], [ -98.31238675, 20.09149085 ], [ -98.312306199, 20.091328521 ], [ -98.31196546, 20.091099691 ], [ -98.31168135, 20.09113289 ], [ -98.311406819, 20.09133338 ], [ -98.311059489, 20.09175815 ], [ -98.310802819, 20.09223092 ], [ -98.310626679, 20.092646401 ], [ -98.310465979, 20.09288198 ], [ -98.310270859, 20.093102681 ], [ -98.31018395, 20.093436141 ], [ -98.30990583, 20.09360106 ], [ -98.30973686, 20.09356209 ], [ -98.309568569, 20.093369881 ], [ -98.30945454, 20.09314597 ], [ -98.30931963, 20.093056051 ], [ -98.30917691, 20.093202341 ], [ -98.308979819, 20.093405891 ], [ -98.30886435, 20.0935076 ], [ -98.308559459, 20.09360857 ], [ -98.30828074, 20.09381963 ], [ -98.30822717, 20.09414138 ], [ -98.30799363, 20.09433397 ], [ -98.308056979, 20.09486969 ], [ -98.30806143, 20.09531798 ], [ -98.30805063, 20.09550877 ], [ -98.307967179, 20.095681881 ], [ -98.307619019, 20.09627015 ], [ -98.30755563, 20.09711262 ], [ -98.307544829, 20.097096091 ] ] ] ] } },
{ "type": "Feature", "properties": { "cvegeo": "13007", "cve_ent": "13", "cve_mun": "007", "nomgeo": "Almoloya", "state_code": "13", "state_name": "Hidalgo" }, "geometry": { "type": "MultiPolygon", "coordinates": [ [ [ [ -98.27846092, 19.84816606 ], [ -98.27817969, 19.84821835 ], [ -98.27795517, 19.84812589 ], [ -98.27747165, 19.84816205 ], [ -98.27722015, 19.84806491 ], [ -98.2765382, 19.84772626 ], [ -98.27623652, 19.84756623 ], [ -98.2761678, 19.84725185 ], [ -98.27607809, 19.84698166 ], [ -98.27594809, 19.84683466 ], [ -98.27576515, 19.8468326 ], [ -98.27548472, 19.84693654 ], [ -98.27515906, 19.84681455 ], [ -98.27447172, 19.84655829 ], [ -98.27389009, 19.84640202 ], [ -98.27342918, 19.8462494 ], [ -98.27329129, 19.84620375 ], [ -98.27298551, 19.84613735 ], [ -98.27274138, 19.84613558 ], [ -98.27268577, 19.8461062 ], [ -98.27213682, 19.84607194 ], [ -98.27206352, 19.84607745 ], [ -98.27131315, 19.84625654 ], [ -98.27121205, 19.84628068 ], [ -98.27108009, 19.84630875 ], [ -98.27031806, 19.84571748 ], [ -98.27022472, 19.84564506 ], [ -98.26924551, 19.8449578 ], [ -98.26922977, 19.84494675 ], [ -98.26864229, 19.84449043 ], [ -98.26714911, 19.843336 ], [ -98.26697412, 19.84289412 ], [ -98.26690358, 19.84265269 ], [ -98.26655042, 19.84169392 ], [ -98.26640148, 19.84128214 ], [ -98.26625374, 19.84087374 ], [ -98.26590706, 19.83983908 ], [ -98.26558783, 19.83884705 ], [ -98.26538885, 19.83839258 ], [ -98.26550177, 19.83815586 ], [ -98.26551029, 19.83772745 ], [ -98.26545865, 19.83757174 ], [ -98.26546677, 19.83740808 ], [ -98.26553475, 19.83730049 ], [ -98.26552954, 19.83709554 ], [ -98.26565066, 19.83691163 ], [ -98.26561972, 19.836609 ], [ -98.26565697, 19.83650469 ], [ -98.26569888, 19.83610335 ], [ -98.2657092, 19.83600462 ], [ -98.26573198, 19.83578646 ], [ -98.26583558, 19.83554468 ], [ -98.26602174, 19.8351102 ], [ -98.26615051, 19.83485712 ], [ -98.26621052, 19.83473915 ], [ -98.26620803, 19.83471622 ], [ -98.2661546, 19.83422625 ], [ -98.26615309, 19.83417006 ], [ -98.26613848, 19.83362808 ], [ -98.26613229, 19.83339866 ], [ -98.2656812, 19.83270738 ], [ -98.26561025, 19.83233005 ], [ -98.26558046, 19.83217169 ], [ -98.26549468, 19.83205568 ], [ -98.26548589, 19.83204382 ], [ -98.26547772, 19.83201546 ], [ -98.26543414, 19.83186412 ], [ -98.26538818, 19.83170457 ], [ -98.26536569, 19.83138435 ], [ -98.26535048, 19.83116782 ], [ -98.26534312, 19.83107635 ], [ -98.26532371, 19.83083475 ], [ -98.26531977, 19.83078582 ], [ -98.26532029, 19.83060766 ], [ -98.26532065, 19.83049042 ], [ -98.26534372, 19.83020558 ], [ -98.26527611, 19.82991438 ], [ -98.26532143, 19.82971215 ], [ -98.26536162, 19.82938318 ], [ -98.26534952, 19.82920105 ], [ -98.26520108, 19.82898288 ], [ -98.26512486, 19.82876385 ], [ -98.26515505, 19.82854532 ], [ -98.26520248, 19.82822674 ], [ -98.265174, 19.8276718 ], [ -98.26512708, 19.82723292 ], [ -98.26512894, 19.82689795 ], [ -98.26512532, 19.82667746 ], [ -98.26509502, 19.82651612 ], [ -98.26503343, 19.82636766 ], [ -98.26495615, 19.82628477 ], [ -98.26482189, 19.82618342 ], [ -98.26470868, 19.82608728 ], [ -98.26467222, 19.82590405 ], [ -98.26465938, 19.82568548 ], [ -98.26462042, 19.82551271 ], [ -98.26464788, 19.82542645 ], [ -98.26473031, 19.8253908 ], [ -98.26491908, 19.82536709 ], [ -98.26499142, 19.82528185 ], [ -98.26502862, 19.82512177 ], [ -98.26501611, 19.82494268 ], [ -98.26501711, 19.82472309 ], [ -98.26494495, 19.82443248 ], [ -98.26471318, 19.82417909 ], [ -98.26468509, 19.82381143 ], [ -98.2647018, 19.82343732 ], [ -98.26458218, 19.82299929 ], [ -98.26433154, 19.82273606 ], [ -98.26422045, 19.82256146 ], [ -98.26322251, 19.82128298 ], [ -98.26306686, 19.82119248 ], [ -98.26288337, 19.82113905 ], [ -98.26248608, 19.82102337 ], [ -98.26187318, 19.82085175 ], [ -98.26159065, 19.82064957 ], [ -98.26130494, 19.82052434 ], [ -98.261024, 19.8202564 ], [ -98.26056611, 19.82012112 ], [ -98.26010671, 19.82008286 ], [ -98.25962425, 19.82015066 ], [ -98.25922226, 19.82020449 ], [ -98.25890848, 19.82042386 ], [ -98.25862791, 19.82050858 ], [ -98.25837702, 19.82043466 ], [ -98.25814538, 19.82027352 ], [ -98.25788218, 19.82016625 ], [ -98.25755583, 19.82013686 ], [ -98.25696425, 19.82021154 ], [ -98.2566524, 19.82026342 ], [ -98.25630888, 19.82012286 ], [ -98.25597462, 19.81995477 ], [ -98.25561291, 19.81963709 ], [ -98.25488388, 19.8191862 ], [ -98.2542214, 19.81863971 ], [ -98.25372988, 19.81818128 ], [ -98.25373814, 19.81800988 ], [ -98.25336203, 19.81721943 ], [ -98.25310786, 19.81664925 ], [ -98.25297228, 19.81634509 ], [ -98.25254291, 19.81556271 ], [ -98.2521728, 19.81526886 ], [ -98.25203651, 19.81504037 ], [ -98.25173869, 19.8145818 ], [ -98.2516086, 19.81438146 ], [ -98.25141289, 19.81370218 ], [ -98.25115375, 19.81329672 ], [ -98.25109406, 19.81320332 ], [ -98.25093962, 19.81291189 ], [ -98.25085805, 19.81275798 ], [ -98.25111885, 19.81258198 ], [ -98.25128268, 19.81247537 ], [ -98.25147669, 19.81233492 ], [ -98.2517284, 19.81222355 ], [ -98.2519578, 19.81212549 ], [ -98.25217038, 19.81208665 ], [ -98.25233758, 19.81204368 ], [ -98.25265452, 19.81198871 ], [ -98.25283918, 19.81191475 ], [ -98.25297363, 19.81185528 ], [ -98.25317575, 19.81175035 ], [ -98.25309671, 19.81160708 ], [ -98.25295302, 19.8113994 ], [ -98.25290542, 19.81131971 ], [ -98.25266014, 19.81098103 ], [ -98.25175366, 19.80964238 ], [ -98.25143477, 19.80923294 ], [ -98.25125852, 19.8087824 ], [ -98.25126395, 19.80852578 ], [ -98.25136448, 19.80826355 ], [ -98.25137082, 19.80803428 ], [ -98.25130158, 19.80783843 ], [ -98.25108417, 19.80760362 ], [ -98.25099777, 19.80735442 ], [ -98.2508726, 19.80715718 ], [ -98.25085786, 19.80701563 ], [ -98.25071697, 19.80671212 ], [ -98.25046568, 19.80635292 ], [ -98.25022865, 19.80615294 ], [ -98.24993226, 19.806075 ], [ -98.24970852, 19.80606946 ], [ -98.24968855, 19.80350745 ], [ -98.24970892, 19.80164851 ], [ -98.24971895, 19.79990225 ], [ -98.24972125, 19.79876191 ], [ -98.25012671, 19.79863863 ], [ -98.25027838, 19.79854512 ], [ -98.25047912, 19.79835069 ], [ -98.25054374, 19.79824531 ], [ -98.25057805, 19.79811971 ], [ -98.25056674, 19.79786132 ], [ -98.25056602, 19.79765234 ], [ -98.25062051, 19.79756149 ], [ -98.25061177, 19.79740763 ], [ -98.25055786, 19.7970068 ], [ -98.25047969, 19.79654391 ], [ -98.25052543, 19.7962992 ], [ -98.25065338, 19.79613643 ], [ -98.25080006, 19.79581908 ], [ -98.25075294, 19.79564303 ], [ -98.25086378, 19.79546832 ], [ -98.25097332, 19.79528974 ], [ -98.25102748, 19.79506448 ], [ -98.25098466, 19.79500331 ], [ -98.25093943, 19.79493869 ], [ -98.25078517, 19.79483552 ], [ -98.25051035, 19.79473251 ], [ -98.2501632, 19.79475369 ], [ -98.24991202, 19.79471868 ], [ -98.24968545, 19.79454795 ], [ -98.24945894, 19.79435458 ], [ -98.24919615, 19.7942516 ], [ -98.24883825, 19.7940124 ], [ -98.24844445, 19.79376175 ], [ -98.24795478, 19.79354463 ], [ -98.24766845, 19.79335102 ], [ -98.24720075, 19.79292714 ], [ -98.24682448, 19.792751 ], [ -98.24678269, 19.79286995 ], [ -98.24582735, 19.79235298 ], [ -98.24469863, 19.79192417 ], [ -98.24456217, 19.7916398 ], [ -98.24449475, 19.79126738 ], [ -98.24424162, 19.79063318 ], [ -98.24372811, 19.79024906 ], [ -98.2435292, 19.7899062 ], [ -98.24354931, 19.78946334 ], [ -98.24333838, 19.78921798 ], [ -98.24331125, 19.7891578 ], [ -98.24290875, 19.78887269 ], [ -98.24287229, 19.78889251 ], [ -98.24291174, 19.7886466 ], [ -98.24295666, 19.78849886 ], [ -98.24284272, 19.78838849 ], [ -98.24268952, 19.78804566 ], [ -98.24229431, 19.78774734 ], [ -98.24178231, 19.78746494 ], [ -98.24163514, 19.78714283 ], [ -98.24142677, 19.78679183 ], [ -98.24029765, 19.78596722 ], [ -98.2398178, 19.78444695 ], [ -98.2397878, 19.78442189 ], [ -98.23928962, 19.78391846 ], [ -98.23887869, 19.7836382 ], [ -98.23855678, 19.78321908 ], [ -98.23794149, 19.78257589 ], [ -98.23758971, 19.78224018 ], [ -98.23720811, 19.78198791 ], [ -98.2366528, 19.78112218 ], [ -98.23644971, 19.78048075 ], [ -98.23629355, 19.7798478 ], [ -98.23536989, 19.77881457 ], [ -98.23514054, 19.77861998 ], [ -98.2351166, 19.77828105 ], [ -98.23522089, 19.77787008 ], [ -98.23522262, 19.77750708 ], [ -98.23481545, 19.77704551 ], [ -98.23433092, 19.77670463 ], [ -98.23382069, 19.77638783 ], [ -98.23315565, 19.77606446 ], [ -98.23293577, 19.7757658 ], [ -98.23275069, 19.7756616 ], [ -98.23250595, 19.7755808 ], [ -98.23218785, 19.7755324 ], [ -98.23201858, 19.77542954 ], [ -98.23177883, 19.77533842 ], [ -98.2313712, 19.77520762 ], [ -98.23080923, 19.77477763 ], [ -98.23042626, 19.77460658 ], [ -98.22983835, 19.77448305 ], [ -98.22922362, 19.77462558 ], [ -98.22878795, 19.77476892 ], [ -98.2281724, 19.77508089 ], [ -98.22758122, 19.77563495 ], [ -98.2271192, 19.77594757 ], [ -98.22663271, 19.77601808 ], [ -98.22619623, 19.7763308 ], [ -98.22583672, 19.77659545 ], [ -98.22552668, 19.77722334 ], [ -98.22554755, 19.77773965 ], [ -98.22535969, 19.77831909 ], [ -98.22534795, 19.77873351 ], [ -98.22539535, 19.77900082 ], [ -98.22549098, 19.77936966 ], [ -98.22563972, 19.77978712 ], [ -98.22464548, 19.77965749 ], [ -98.22454994, 19.77963729 ], [ -98.22401969, 19.77952517 ], [ -98.2235514, 19.77920837 ], [ -98.22280995, 19.77870523 ], [ -98.22200878, 19.77840548 ], [ -98.22097257, 19.77814175 ], [ -98.21999394, 19.77810046 ], [ -98.21932848, 19.77807905 ], [ -98.21856497, 19.77809423 ], [ -98.21785998, 19.77814668 ], [ -98.21738968, 19.7782372 ], [ -98.21615555, 19.77841697 ], [ -98.22142425, 19.77357635 ], [ -98.22068023, 19.7733572 ], [ -98.21994412, 19.77309718 ], [ -98.21947894, 19.77293557 ], [ -98.21907975, 19.7731734 ], [ -98.21859054, 19.77332529 ], [ -98.21801158, 19.77332277 ], [ -98.21732342, 19.77345665 ], [ -98.21681592, 19.77364268 ], [ -98.21652597, 19.77374409 ], [ -98.21590917, 19.77408365 ], [ -98.21527438, 19.774406 ], [ -98.21505634, 19.77459328 ], [ -98.21474743, 19.77486574 ], [ -98.21420469, 19.77486335 ], [ -98.21369795, 19.77489534 ], [ -98.21317377, 19.77479035 ], [ -98.21246903, 19.77461614 ], [ -98.21196271, 19.77456255 ], [ -98.21134834, 19.77440585 ], [ -98.21071578, 19.77426615 ], [ -98.21021005, 19.77409278 ], [ -98.2097586, 19.77391968 ], [ -98.20943458, 19.77359311 ], [ -98.20912845, 19.77330083 ], [ -98.20887592, 19.77314571 ], [ -98.2086446, 19.77295042 ], [ -98.20727105, 19.77180748 ], [ -98.20411477, 19.769181 ], [ -98.20264142, 19.76795491 ], [ -98.20209431, 19.76828549 ], [ -98.20164555, 19.76839422 ], [ -98.20135877, 19.7682134 ], [ -98.20075111, 19.7680304 ], [ -98.20030278, 19.76752217 ], [ -98.19936905, 19.76708128 ], [ -98.19835814, 19.76676765 ], [ -98.19744034, 19.76634468 ], [ -98.19661283, 19.76609338 ], [ -98.19615989, 19.76586034 ], [ -98.19586102, 19.76581737 ], [ -98.19562875, 19.7657406 ], [ -98.19526903, 19.76567351 ], [ -98.19506085, 19.76564192 ], [ -98.19482654, 19.76554817 ], [ -98.1944842, 19.76558965 ], [ -98.19437594, 19.76537189 ], [ -98.19409866, 19.76438855 ], [ -98.19379583, 19.76370674 ], [ -98.19351749, 19.76295409 ], [ -98.19446329, 19.76292545 ], [ -98.19522077, 19.7629732 ], [ -98.19579783, 19.76307457 ], [ -98.19672431, 19.76220626 ], [ -98.19779386, 19.76205909 ], [ -98.19828705, 19.76127872 ], [ -98.19813414, 19.76069037 ], [ -98.19805648, 19.76019589 ], [ -98.19805094, 19.75927682 ], [ -98.19827342, 19.75901637 ], [ -98.19854482, 19.75861428 ], [ -98.19866702, 19.75823654 ], [ -98.19863814, 19.75757682 ], [ -98.19850963, 19.7573514 ], [ -98.19822865, 19.75695585 ], [ -98.19747866, 19.75601717 ], [ -98.19696165, 19.75532569 ], [ -98.19641789, 19.75478175 ], [ -98.19577449, 19.75430451 ], [ -98.19551188, 19.75336618 ], [ -98.19546925, 19.75245862 ], [ -98.1956776, 19.75167115 ], [ -98.19622842, 19.7503156 ], [ -98.19722435, 19.74959265 ], [ -98.19759306, 19.74910635 ], [ -98.19784548, 19.74878785 ], [ -98.19770198, 19.74802345 ], [ -98.19723828, 19.74708606 ], [ -98.19716465, 19.74619966 ], [ -98.19680491, 19.74528735 ], [ -98.19691625, 19.74383568 ], [ -98.19671374, 19.74270255 ], [ -98.196398628, 19.742358625 ], [ -98.19635143, 19.74230711 ], [ -98.19590831, 19.74184035 ], [ -98.1956988, 19.74161966 ], [ -98.19639032, 19.74165668 ], [ -98.19661189, 19.74172086 ], [ -98.19687183, 19.74171375 ], [ -98.19712911, 19.7417224 ], [ -98.19739329, 19.74180152 ], [ -98.19758974, 19.74173172 ], [ -98.1977806, 19.74164455 ], [ -98.19800202, 19.7415524 ], [ -98.19833137, 19.74149054 ], [ -98.19860937, 19.74154145 ], [ -98.19885606, 19.74144825 ], [ -98.19903668, 19.74127985 ], [ -98.19916546, 19.74096983 ], [ -98.1992718, 19.74082048 ], [ -98.19950994, 19.74070917 ], [ -98.19966863, 19.74064743 ], [ -98.19984063, 19.7405608 ], [ -98.19990723, 19.74043623 ], [ -98.19997374, 19.74033662 ], [ -98.20010617, 19.7402498 ], [ -98.20027805, 19.74018815 ], [ -98.20042342, 19.74015134 ], [ -98.20062192, 19.74003985 ], [ -98.20068851, 19.73992775 ], [ -98.20080757, 19.73986585 ], [ -98.20099237, 19.73986666 ], [ -98.2012034, 19.73989258 ], [ -98.20130931, 19.73983065 ], [ -98.20150782, 19.73971914 ], [ -98.2017858, 19.73955806 ], [ -98.20191828, 19.73945874 ], [ -98.20209058, 19.73930966 ], [ -98.20219655, 19.73923523 ], [ -98.20238175, 19.73914863 ], [ -98.20257994, 19.73911205 ], [ -98.20281742, 19.73912562 ], [ -98.20314705, 19.73918949 ], [ -98.20337131, 19.73921548 ], [ -98.20362222, 19.73919162 ], [ -98.20371488, 19.7391296 ], [ -98.20422774, 19.73875132 ], [ -98.20437723, 19.73859369 ], [ -98.20482374, 19.73852532 ], [ -98.20521415, 19.73852705 ], [ -98.20564146, 19.73858171 ], [ -98.20608666, 19.73877717 ], [ -98.20629, 19.73900672 ], [ -98.20656829, 19.73913105 ], [ -98.20692678, 19.73913957 ], [ -98.20728363, 19.73915585 ], [ -98.20771588, 19.73897569 ], [ -98.20798175, 19.7390142 ], [ -98.20821591, 19.73914982 ], [ -98.20860422, 19.7391522 ], [ -98.20896912, 19.73859643 ], [ -98.20913729, 19.73842131 ], [ -98.20934211, 19.73835185 ], [ -98.20958371, 19.73837049 ], [ -98.2098432, 19.73852994 ], [ -98.21019608, 19.73860185 ], [ -98.21043772, 19.73860291 ], [ -98.21082795, 19.73863982 ], [ -98.21125485, 19.73878238 ], [ -98.21168052, 19.73917122 ], [ -98.21177245, 19.73938268 ], [ -98.21177115, 19.73964649 ], [ -98.21194949, 19.73994766 ], [ -98.21225489, 19.74018398 ], [ -98.21256735, 19.74030075 ], [ -98.21295777, 19.74030248 ], [ -98.21340368, 19.7403572 ], [ -98.21373777, 19.7404642 ], [ -98.21386731, 19.74058788 ], [ -98.21403349, 19.74081726 ], [ -98.21423671, 19.74108197 ], [ -98.21460794, 19.74120674 ], [ -98.21484915, 19.74129574 ], [ -98.21510934, 19.74131445 ], [ -98.21531455, 19.74117465 ], [ -98.2155574, 19.74092948 ], [ -98.21591098, 19.74086066 ], [ -98.21626465, 19.74077426 ], [ -98.21661845, 19.74065271 ], [ -98.21704732, 19.74039075 ], [ -98.21738317, 19.74014597 ], [ -98.21771966, 19.73976051 ], [ -98.21796306, 19.7394098 ], [ -98.21815025, 19.73914682 ], [ -98.21826315, 19.73886588 ], [ -98.21843295, 19.73835655 ], [ -98.2185832, 19.73804062 ], [ -98.21871463, 19.73777738 ], [ -98.21875257, 19.73761925 ], [ -98.21880948, 19.73739085 ], [ -98.21896015, 19.73698697 ], [ -98.23043111, 19.72981911 ], [ -98.23077991, 19.72959922 ], [ -98.23136938, 19.72923488 ], [ -98.23195458, 19.72845485 ], [ -98.23249152, 19.72798823 ], [ -98.2330746, 19.72756083 ], [ -98.23335866, 19.72728774 ], [ -98.23366231, 19.72689832 ], [ -98.23406466, 19.72639989 ], [ -98.23470054, 19.72585248 ], [ -98.23514357, 19.72545272 ], [ -98.23557465, 19.7248122 ], [ -98.2359386, 19.72423632 ], [ -98.23626309, 19.72333395 ], [ -98.23682669, 19.72309885 ], [ -98.23721534, 19.72288988 ], [ -98.23771929, 19.7226906 ], [ -98.23823715, 19.72231237 ], [ -98.23876792, 19.72223326 ], [ -98.23879691, 19.72223082 ], [ -98.23919746, 19.72219705 ], [ -98.23936198, 19.72218318 ], [ -98.24034203, 19.72200475 ], [ -98.24082085, 19.72188611 ], [ -98.24131272, 19.72173278 ], [ -98.24174865, 19.72162351 ], [ -98.24217135, 19.72157395 ], [ -98.24262351, 19.72152234 ], [ -98.24308603, 19.72151768 ], [ -98.24350446, 19.72155731 ], [ -98.243907, 19.72161508 ], [ -98.24430352, 19.72154114 ], [ -98.24458875, 19.72143002 ], [ -98.2448474, 19.7213006 ], [ -98.24506323, 19.72107525 ], [ -98.24531078, 19.72083517 ], [ -98.24574411, 19.72059488 ], [ -98.24610043, 19.72035631 ], [ -98.24648297, 19.72007629 ], [ -98.24699357, 19.71984592 ], [ -98.24747445, 19.71963814 ], [ -98.24805783, 19.71933263 ], [ -98.24862112, 19.71918388 ], [ -98.24951437, 19.71926111 ], [ -98.25010822, 19.71933397 ], [ -98.25059155, 19.7193122 ], [ -98.25118149, 19.71927172 ], [ -98.25173411, 19.71920905 ], [ -98.25247197, 19.71915398 ], [ -98.25300537, 19.71910425 ], [ -98.25351725, 19.71909271 ], [ -98.25400551, 19.71911812 ], [ -98.25450874, 19.71904006 ], [ -98.25496778, 19.71890955 ], [ -98.25531892, 19.71882902 ], [ -98.25606025, 19.71860692 ], [ -98.25646486, 19.71859871 ], [ -98.25708192, 19.7185684 ], [ -98.25757565, 19.71847128 ], [ -98.25815212, 19.71816663 ], [ -98.25863717, 19.71784028 ], [ -98.259574768, 19.717209481 ], [ -98.25995198, 19.71719777 ], [ -98.261966548, 19.71720505 ], [ -98.26230762, 19.71720628 ], [ -98.262608742, 19.717241478 ], [ -98.262622776, 19.717243119 ], [ -98.262675749, 19.717249311 ], [ -98.262814959, 19.717265583 ], [ -98.26282405, 19.717266646 ], [ -98.26297722, 19.71728455 ], [ -98.263020031, 19.717284887 ], [ -98.2640314, 19.717292842 ], [ -98.2640884, 19.71729329 ], [ -98.264079799, 19.71721257 ], [ -98.26474692, 19.71712742 ], [ -98.265028091, 19.717030491 ], [ -98.265315349, 19.71700743 ], [ -98.26549468, 19.71704702 ], [ -98.265574248, 19.717048972 ], [ -98.265592278, 19.71703888 ], [ -98.265636779, 19.71701395 ], [ -98.265781648, 19.717325293 ], [ -98.265879878, 19.7174242 ], [ -98.26600224, 19.71861718 ], [ -98.26601155, 19.71870795 ], [ -98.266120917, 19.718869968 ], [ -98.266212758, 19.719006022 ], [ -98.26630114, 19.719136951 ], [ -98.266351925, 19.719216212 ], [ -98.266423908, 19.719328555 ], [ -98.26661997, 19.719634551 ], [ -98.266980478, 19.72011711 ], [ -98.26722374, 19.72021108 ], [ -98.267391999, 19.72033378 ], [ -98.26745465, 19.72028909 ], [ -98.26793611, 19.72027314 ], [ -98.26813678, 19.71999295 ], [ -98.26815651, 19.72042151 ], [ -98.26828765, 19.72056297 ], [ -98.26817271, 19.72075035 ], [ -98.26812615, 19.72082623 ], [ -98.26886423, 19.72169483 ], [ -98.26985565, 19.72286965 ], [ -98.27078163, 19.72290172 ], [ -98.27122788, 19.7240212 ], [ -98.27192468, 19.72436122 ], [ -98.27198237, 19.72457943 ], [ -98.27247969, 19.72469066 ], [ -98.27390146, 19.7245686 ], [ -98.27413675, 19.72394415 ], [ -98.27523251, 19.72380297 ], [ -98.2755092, 19.72439028 ], [ -98.27619962, 19.72398952 ], [ -98.27745082, 19.72439063 ], [ -98.27881692, 19.72477385 ], [ -98.27954718, 19.72531391 ], [ -98.27984745, 19.72582014 ], [ -98.28052155, 19.72632108 ], [ -98.28113289, 19.72633609 ], [ -98.28166092, 19.72625998 ], [ -98.28206991, 19.72588815 ], [ -98.28195829, 19.72476862 ], [ -98.28229975, 19.72403578 ], [ -98.28040934, 19.72013217 ], [ -98.279826, 19.71808623 ], [ -98.2796724, 19.71688149 ], [ -98.28004132, 19.71748929 ], [ -98.28036043, 19.7182216 ], [ -98.28053406, 19.71854217 ], [ -98.28119657, 19.71893014 ], [ -98.28206311, 19.71907974 ], [ -98.28286865, 19.71957665 ], [ -98.28380052, 19.72000037 ], [ -98.28546769, 19.72080075 ], [ -98.28663888, 19.72201029 ], [ -98.28772042, 19.72321666 ], [ -98.28830285, 19.72375857 ], [ -98.28947798, 19.72457426 ], [ -98.29054718, 19.72529571 ], [ -98.29176323, 19.72590043 ], [ -98.29332172, 19.7262296 ], [ -98.29280028, 19.72503437 ], [ -98.29269477, 19.72400834 ], [ -98.29269258, 19.72392469 ], [ -98.2932018, 19.723885 ], [ -98.29474277, 19.72381795 ], [ -98.29813674, 19.72373963 ], [ -98.30080149, 19.72363071 ], [ -98.30148783, 19.72312895 ], [ -98.30155851, 19.72307875 ], [ -98.30159388, 19.72310306 ], [ -98.30213662, 19.7234522 ], [ -98.30281132, 19.72387498 ], [ -98.30302666, 19.72400785 ], [ -98.30366758, 19.72441266 ], [ -98.30469372, 19.72510646 ], [ -98.30546858, 19.72566565 ], [ -98.30732445, 19.72702082 ], [ -98.30787295, 19.72714362 ], [ -98.30869211, 19.72724795 ], [ -98.31030723, 19.72754658 ], [ -98.31108689, 19.72772645 ], [ -98.31109488, 19.72707689 ], [ -98.31118582, 19.72706094 ], [ -98.31191994, 19.72718723 ], [ -98.31265994, 19.72729209 ], [ -98.31316369, 19.72721978 ], [ -98.31366085, 19.72672983 ], [ -98.314067, 19.72616318 ], [ -98.31429102, 19.72552015 ], [ -98.31473671, 19.72499542 ], [ -98.31505352, 19.72471118 ], [ -98.31548152, 19.72558934 ], [ -98.31646278, 19.72530369 ], [ -98.31703528, 19.72504191 ], [ -98.31798254, 19.72454762 ], [ -98.31951675, 19.72416174 ], [ -98.32048362, 19.72406057 ], [ -98.32111932, 19.72370129 ], [ -98.32261651, 19.72325715 ], [ -98.32320705, 19.72338043 ], [ -98.32377597, 19.72364611 ], [ -98.32448669, 19.72376363 ], [ -98.32508625, 19.72369015 ], [ -98.32563442, 19.7232742 ], [ -98.32672111, 19.72265317 ], [ -98.3277282, 19.72222426 ], [ -98.328421, 19.72208442 ], [ -98.3295988, 19.72258066 ], [ -98.3316672, 19.72231997 ], [ -98.33208925, 19.72171286 ], [ -98.33223778, 19.72115965 ], [ -98.33233815, 19.72046782 ], [ -98.33249974, 19.71997194 ], [ -98.33273798, 19.71973608 ], [ -98.33179871, 19.71606875 ], [ -98.33192045, 19.71164215 ], [ -98.33313551, 19.711764 ], [ -98.33325151, 19.71149669 ], [ -98.33320448, 19.71108118 ], [ -98.33306054, 19.71052689 ], [ -98.33301391, 19.71001909 ], [ -98.33311272, 19.70969643 ], [ -98.33330923, 19.70932798 ], [ -98.3333, 19.70921791 ], [ -98.33326278, 19.70877405 ], [ -98.33292311, 19.7084036 ], [ -98.33248615, 19.70798665 ], [ -98.33239211, 19.70715565 ], [ -98.33181066, 19.70632283 ], [ -98.33088725, 19.70567334 ], [ -98.330841, 19.70507325 ], [ -98.32948162, 19.70377605 ], [ -98.33002237, 19.70137623 ], [ -98.32995311, 19.69977434 ], [ -98.32957246, 19.69963348 ], [ -98.33004674, 19.69903746 ], [ -98.32900935, 19.69815757 ], [ -98.32883788, 19.69801212 ], [ -98.32829702, 19.69842505 ], [ -98.32763508, 19.69900557 ], [ -98.32643337, 19.69959788 ], [ -98.32504189, 19.69974634 ], [ -98.32418985, 19.69952122 ], [ -98.32347495, 19.69951458 ], [ -98.32302842, 19.69950375 ], [ -98.32274809, 19.69963022 ], [ -98.32250008, 19.7000872 ], [ -98.32189665, 19.70047212 ], [ -98.32094918, 19.70101089 ], [ -98.32130835, 19.69706634 ], [ -98.32135594, 19.69598083 ], [ -98.32163338, 19.69412691 ], [ -98.32176965, 19.69326366 ], [ -98.3217324, 19.69322768 ], [ -98.32227388, 19.69242143 ], [ -98.32317489, 19.69153494 ], [ -98.32327303, 19.69142028 ], [ -98.3232928, 19.6913686 ], [ -98.32339797, 19.69070983 ], [ -98.32346872, 19.69011223 ], [ -98.32359458, 19.68968865 ], [ -98.32368918, 19.68955111 ], [ -98.32376026, 19.68928585 ], [ -98.32395702, 19.68885322 ], [ -98.32390508, 19.68843451 ], [ -98.32383549, 19.68802952 ], [ -98.32364632, 19.68735298 ], [ -98.32384597, 19.68678188 ], [ -98.32386883, 19.68623303 ], [ -98.32383091, 19.68554108 ], [ -98.32380314, 19.68529765 ], [ -98.32401152, 19.6849968 ], [ -98.32405989, 19.68493092 ], [ -98.32825812, 19.67921188 ], [ -98.3305412, 19.67603823 ], [ -98.33352606, 19.6719862 ], [ -98.33381798, 19.67160949 ], [ -98.33690794, 19.66739522 ], [ -98.33704766, 19.66719468 ], [ -98.337049448, 19.667192115 ], [ -98.33705903, 19.66717837 ], [ -98.33710398, 19.667113861 ], [ -98.337347066, 19.666785043 ], [ -98.341384219, 19.66132382 ], [ -98.342499358, 19.659804297 ], [ -98.34253428, 19.65975671 ], [ -98.34256428, 19.659715831 ], [ -98.345296752, 19.655992322 ], [ -98.345456583, 19.655774518 ], [ -98.345645149, 19.65551755 ], [ -98.345667169, 19.65548952 ], [ -98.35091091, 19.64881169 ], [ -98.3534534, 19.64558958 ], [ -98.35732343, 19.64049786 ], [ -98.366917, 19.62832489 ], [ -98.36696188, 19.62826129 ], [ -98.36698115, 19.62824089 ], [ -98.3670108, 19.62820949 ], [ -98.36838982, 19.62962149 ], [ -98.36983554, 19.6309702 ], [ -98.37081005, 19.63192603 ], [ -98.37189065, 19.63292011 ], [ -98.37263383, 19.63366049 ], [ -98.37437445, 19.63534672 ], [ -98.37507095, 19.63605022 ], [ -98.37573398, 19.63670588 ], [ -98.37660152, 19.63602572 ], [ -98.37811805, 19.63492623 ], [ -98.37882668, 19.63443045 ], [ -98.38010038, 19.6334852 ], [ -98.38115246, 19.63273515 ], [ -98.38138545, 19.63257198 ], [ -98.38297932, 19.63140288 ], [ -98.38316891, 19.63148345 ], [ -98.38387995, 19.63198931 ], [ -98.38473903, 19.63258238 ], [ -98.38484057, 19.63265491 ], [ -98.385424632, 19.631921465 ], [ -98.38545015, 19.63188942 ], [ -98.386064627, 19.632380446 ], [ -98.38692463, 19.63306766 ], [ -98.38716546, 19.63326586 ], [ -98.38841535, 19.63427369 ], [ -98.38810646, 19.63476431 ], [ -98.38917305, 19.63554511 ], [ -98.38925205, 19.63560595 ], [ -98.38930665, 19.63348243 ], [ -98.38939545, 19.63354049 ], [ -98.39281123, 19.63565457 ], [ -98.39353251, 19.63615663 ], [ -98.39430494, 19.63658978 ], [ -98.39430694, 19.63665178 ], [ -98.39379738, 19.63711371 ], [ -98.3935026, 19.63752985 ], [ -98.39338938, 19.63797115 ], [ -98.39353986, 19.63829462 ], [ -98.39501651, 19.63707842 ], [ -98.39587429, 19.63762529 ], [ -98.39637262, 19.63793243 ], [ -98.39644817, 19.63797038 ], [ -98.39792463, 19.63939232 ], [ -98.39892565, 19.64030054 ], [ -98.39899477, 19.6404286 ], [ -98.39910415, 19.64128555 ], [ -98.3992646, 19.64221409 ], [ -98.39943525, 19.6424482 ], [ -98.40011726, 19.64275949 ], [ -98.40086426, 19.6430962 ], [ -98.40134606, 19.64361234 ], [ -98.40181334, 19.64411043 ], [ -98.40205492, 19.64436563 ], [ -98.4030644, 19.64423762 ], [ -98.40380308, 19.64413318 ], [ -98.40414825, 19.64367822 ], [ -98.40417966, 19.64367783 ], [ -98.40688348, 19.64413552 ], [ -98.40775394, 19.64438509 ], [ -98.40961492, 19.64483806 ], [ -98.40967415, 19.64485402 ], [ -98.41205471, 19.64540046 ], [ -98.41228922, 19.64544152 ], [ -98.41414692, 19.64590908 ], [ -98.41457251, 19.6460034 ], [ -98.41577809, 19.64627802 ], [ -98.41685738, 19.64653865 ], [ -98.41915235, 19.64708248 ], [ -98.41921491, 19.64708069 ], [ -98.41954197, 19.64716322 ], [ -98.41981788, 19.64719552 ], [ -98.41982702, 19.64715175 ], [ -98.42176423, 19.64662578 ], [ -98.42465142, 19.64592009 ], [ -98.42804612, 19.64503643 ], [ -98.42809812, 19.64502362 ], [ -98.43018318, 19.64447314 ], [ -98.43085525, 19.6436776 ], [ -98.43224954, 19.64201772 ], [ -98.43242298, 19.64178745 ], [ -98.4350782, 19.64392128 ], [ -98.4360422, 19.64470726 ], [ -98.43602672, 19.64476517 ], [ -98.43519669, 19.64569782 ], [ -98.43482506, 19.6459838 ], [ -98.43337006, 19.64711029 ], [ -98.43207355, 19.64814291 ], [ -98.43090266, 19.64903282 ], [ -98.42968602, 19.64998552 ], [ -98.42947243, 19.65021645 ], [ -98.42913534, 19.65071738 ], [ -98.42868842, 19.65094757 ], [ -98.42789408, 19.65137532 ], [ -98.42786049, 19.6514074 ], [ -98.42639314, 19.65219252 ], [ -98.42440951, 19.65320369 ], [ -98.42364578, 19.65362123 ], [ -98.42340469, 19.65382485 ], [ -98.42162243, 19.65554375 ], [ -98.41808046, 19.65867826 ], [ -98.4163978, 19.66028452 ], [ -98.41631186, 19.66036792 ], [ -98.41563277, 19.66103083 ], [ -98.4134282, 19.66322663 ], [ -98.41318086, 19.66346985 ], [ -98.41279234, 19.66386862 ], [ -98.41118729, 19.66543462 ], [ -98.40796948, 19.66576834 ], [ -98.40681005, 19.66591248 ], [ -98.40668152, 19.66590442 ], [ -98.40639802, 19.66597191 ], [ -98.40569829, 19.66670134 ], [ -98.40541638, 19.6674894 ], [ -98.40537842, 19.6680732 ], [ -98.40521108, 19.66829538 ], [ -98.40514911, 19.66838083 ], [ -98.40451048, 19.66842706 ], [ -98.40348398, 19.66871611 ], [ -98.40339782, 19.6687594 ], [ -98.40299817, 19.67016358 ], [ -98.40266431, 19.67086634 ], [ -98.4026474, 19.67104026 ], [ -98.40259855, 19.67153217 ], [ -98.40213172, 19.67221265 ], [ -98.40111049, 19.67246689 ], [ -98.40082282, 19.67284388 ], [ -98.40016405, 19.67353895 ], [ -98.39999983, 19.67371857 ], [ -98.39984886, 19.67399969 ], [ -98.39965955, 19.67462435 ], [ -98.39935929, 19.6752238 ], [ -98.39923577, 19.67555537 ], [ -98.3991298, 19.67572097 ], [ -98.39900965, 19.67597928 ], [ -98.39899705, 19.67608143 ], [ -98.39902957, 19.67628328 ], [ -98.39905305, 19.67642726 ], [ -98.39884375, 19.67664437 ], [ -98.39882483, 19.6767276 ], [ -98.3989588, 19.67713422 ], [ -98.39943763, 19.67737715 ], [ -98.39954306, 19.67748889 ], [ -98.39951857, 19.67786238 ], [ -98.3995572, 19.67802723 ], [ -98.39984705, 19.67817505 ], [ -98.39999306, 19.67884514 ], [ -98.40024371, 19.67989137 ], [ -98.40030985, 19.68003709 ], [ -98.40032697, 19.68031218 ], [ -98.40039834, 19.68049822 ], [ -98.40045452, 19.68059651 ], [ -98.40117437, 19.68112268 ], [ -98.40151, 19.68147392 ], [ -98.40257478, 19.68222277 ], [ -98.40328152, 19.68292295 ], [ -98.40343378, 19.68317098 ], [ -98.40359492, 19.68343563 ], [ -98.40371011, 19.68360571 ], [ -98.40345097, 19.68492874 ], [ -98.40360349, 19.68590918 ], [ -98.40400274, 19.68676486 ], [ -98.40401488, 19.68707938 ], [ -98.40439043, 19.68748623 ], [ -98.40563074, 19.68817378 ], [ -98.40621734, 19.68876543 ], [ -98.40689154, 19.68900475 ], [ -98.40715506, 19.68962198 ], [ -98.40744902, 19.69005063 ], [ -98.40742112, 19.69020068 ], [ -98.40727217, 19.69152954 ], [ -98.40715029, 19.69172489 ], [ -98.40715211, 19.69176697 ], [ -98.40695397, 19.69203291 ], [ -98.4067944, 19.69269726 ], [ -98.40674668, 19.6932138 ], [ -98.40670534, 19.69378091 ], [ -98.40674609, 19.6938752 ], [ -98.40672463, 19.69446157 ], [ -98.40689362, 19.69448378 ], [ -98.40942922, 19.69508371 ], [ -98.40963838, 19.69512365 ], [ -98.40973769, 19.6951276 ], [ -98.41092846, 19.69542394 ], [ -98.41162317, 19.69562765 ], [ -98.41231851, 19.69579111 ], [ -98.41316295, 19.69602715 ], [ -98.41417989, 19.69624214 ], [ -98.41421512, 19.69616412 ], [ -98.41424854, 19.69611255 ], [ -98.414318123, 19.696066693 ], [ -98.41432928, 19.69605934 ], [ -98.41478429, 19.69589362 ], [ -98.41505312, 19.69580614 ], [ -98.41534003, 19.69576366 ], [ -98.415529822, 19.695739112 ], [ -98.415680516, 19.695719622 ], [ -98.415723544, 19.695714056 ], [ -98.41576171, 19.69570912 ], [ -98.415548049, 19.696535776 ], [ -98.41553638, 19.69658092 ], [ -98.415428235, 19.697085141 ], [ -98.415374404, 19.697336122 ], [ -98.415344659, 19.697474808 ], [ -98.41519351, 19.69817952 ], [ -98.415176441, 19.698202117 ], [ -98.41515803, 19.69822649 ], [ -98.41515566, 19.698307971 ], [ -98.416282217, 19.698107128 ], [ -98.41684091, 19.69800752 ], [ -98.41772323, 19.69792458 ], [ -98.41829654, 19.69788391 ], [ -98.4184436, 19.6978722 ], [ -98.42015602, 19.69760326 ], [ -98.42022005, 19.6975964 ], [ -98.42179022, 19.69733638 ], [ -98.42373709, 19.69701555 ], [ -98.42569648, 19.69660843 ], [ -98.42573695, 19.69659115 ], [ -98.42756618, 19.69623558 ], [ -98.42765051, 19.69622437 ], [ -98.42963563, 19.69581014 ], [ -98.42970306, 19.69579894 ], [ -98.430662379, 19.695629119 ], [ -98.431527512, 19.695475964 ], [ -98.43157702, 19.6954672 ], [ -98.43158048, 19.69545597 ], [ -98.43160157, 19.6953876 ], [ -98.43172352, 19.69536143 ], [ -98.43178691, 19.69534815 ], [ -98.43202832, 19.69529994 ], [ -98.43206575, 19.69529035 ], [ -98.43223358, 19.69525832 ], [ -98.43232502, 19.69523835 ], [ -98.43246826, 19.69520931 ], [ -98.43260071, 19.69518158 ], [ -98.43288815, 19.69512937 ], [ -98.43300623, 19.69511026 ], [ -98.43317983, 19.69507694 ], [ -98.4333296, 19.69504862 ], [ -98.43340522, 19.695035 ], [ -98.43355837, 19.69499478 ], [ -98.43365398, 19.69497894 ], [ -98.43383135, 19.69494902 ], [ -98.4339018, 19.69494003 ], [ -98.43394334, 19.69493726 ], [ -98.43410852, 19.69492498 ], [ -98.43423331, 19.69492938 ], [ -98.43491545, 19.69511749 ], [ -98.43502578, 19.69514777 ], [ -98.43534591, 19.69527368 ], [ -98.43556237, 19.69536103 ], [ -98.43563585, 19.69538986 ], [ -98.43565363, 19.69539683 ], [ -98.43568586, 19.69533568 ], [ -98.43576354, 19.69536689 ], [ -98.43601872, 19.69547557 ], [ -98.43623372, 19.69554789 ], [ -98.43665226, 19.69570289 ], [ -98.43692997, 19.69580855 ], [ -98.437103686, 19.695860604 ], [ -98.43730735, 19.69592163 ], [ -98.437379988, 19.696000573 ], [ -98.43742557, 19.696050112 ], [ -98.43775748, 19.69641083 ], [ -98.43813689, 19.6968154 ], [ -98.43818612, 19.69686845 ], [ -98.43816318, 19.69690842 ], [ -98.438338565, 19.697111311 ], [ -98.4389274, 19.69779249 ], [ -98.43901006, 19.69785712 ], [ -98.44062085, 19.69949286 ], [ -98.44066669, 19.69953831 ], [ -98.44121435, 19.70018491 ], [ -98.442308319, 19.701132621 ], [ -98.442361309, 19.70117851 ], [ -98.442323997, 19.701548973 ], [ -98.442313995, 19.701648281 ], [ -98.44222675, 19.702514484 ], [ -98.442219666, 19.7025848 ], [ -98.442210273, 19.702678057 ], [ -98.44218606, 19.702918461 ], [ -98.442184169, 19.70299117 ], [ -98.4421596, 19.70322886 ], [ -98.442096211, 19.704004789 ], [ -98.442089998, 19.704080837 ], [ -98.4420202, 19.70493522 ], [ -98.441881709, 19.70498066 ], [ -98.44132369, 19.70588852 ], [ -98.441290379, 19.705883243 ], [ -98.441093139, 19.705852 ], [ -98.44006748, 19.70666652 ], [ -98.43976777, 19.70735812 ], [ -98.43903685, 19.7076074 ], [ -98.438978949, 19.70761241 ], [ -98.43880145, 19.70762777 ], [ -98.43864137, 19.70777251 ], [ -98.43837212, 19.70801075 ], [ -98.43842209, 19.70805511 ], [ -98.43835249, 19.70811969 ], [ -98.43828775, 19.70818058 ], [ -98.43811845, 19.70830905 ], [ -98.43786115, 19.70857202 ], [ -98.43762849, 19.70875369 ], [ -98.43740157, 19.70894806 ], [ -98.43721618, 19.70924354 ], [ -98.43696698, 19.70944771 ], [ -98.43678814, 19.70973222 ], [ -98.43658785, 19.70995262 ], [ -98.43617448, 19.71032768 ], [ -98.436056119, 19.71048071 ], [ -98.435957059, 19.71068318 ], [ -98.435839764, 19.710809575 ], [ -98.43580726, 19.7108446 ], [ -98.43562245, 19.71095806 ], [ -98.43547985, 19.71108806 ], [ -98.43538615, 19.71127998 ], [ -98.43534218, 19.71144995 ], [ -98.43525798, 19.7116022 ], [ -98.435091, 19.71175106 ], [ -98.43492925, 19.71189252 ], [ -98.434366279, 19.71239722 ], [ -98.434838219, 19.71272834 ], [ -98.43527925, 19.71284449 ], [ -98.435802051, 19.713093137 ], [ -98.43649798, 19.71342412 ], [ -98.43674894, 19.7135602 ], [ -98.436911518, 19.713648352 ], [ -98.437044849, 19.71372065 ], [ -98.437169261, 19.713801918 ], [ -98.43723206, 19.71384294 ], [ -98.43736026, 19.71395188 ], [ -98.437412753, 19.714027033 ], [ -98.437477829, 19.7141202 ], [ -98.43753845, 19.714249815 ], [ -98.43756692, 19.71431069 ], [ -98.43763037, 19.71449975 ], [ -98.43763842, 19.71467731 ], [ -98.437625237, 19.714728656 ], [ -98.43759317, 19.71485355 ], [ -98.43754775, 19.71497885 ], [ -98.43752389, 19.71503552 ], [ -98.437505169, 19.71508338 ], [ -98.43721655, 19.71533532 ], [ -98.43840491, 19.71628223 ], [ -98.44309874, 19.71954615 ], [ -98.43680722, 19.72356677 ], [ -98.42633663, 19.73234394 ], [ -98.42607374, 19.73259094 ], [ -98.42591162, 19.73283828 ], [ -98.42497149, 19.73360192 ], [ -98.42105842, 19.73471471 ], [ -98.41799655, 19.73542825 ], [ -98.41578466, 19.73631905 ], [ -98.41544203, 19.73661409 ], [ -98.41535586, 19.7368292 ], [ -98.41376686, 19.73764295 ], [ -98.41162646, 19.73928968 ], [ -98.41029686, 19.74027398 ], [ -98.40771994, 19.74171048 ], [ -98.40466108, 19.74306928 ], [ -98.4026794, 19.74388232 ], [ -98.40420737, 19.74887526 ], [ -98.40394006, 19.74998489 ], [ -98.40394055, 19.75005138 ], [ -98.40188374, 19.75301011 ], [ -98.40210572, 19.75305268 ], [ -98.40179578, 19.75387008 ], [ -98.40140246, 19.75460798 ], [ -98.40092572, 19.75526642 ], [ -98.40072926, 19.75558257 ], [ -98.40059785, 19.75569371 ], [ -98.39804642, 19.75625466 ], [ -98.39720114, 19.75622715 ], [ -98.39662483, 19.75638491 ], [ -98.39550738, 19.75670617 ], [ -98.39464117, 19.75689798 ], [ -98.39509854, 19.75840426 ], [ -98.39439448, 19.75963108 ], [ -98.39414528, 19.76001205 ], [ -98.39356411, 19.76096797 ], [ -98.39321157, 19.76150385 ], [ -98.39290863, 19.76213283 ], [ -98.39259135, 19.76261594 ], [ -98.392573, 19.76265231 ], [ -98.39356575, 19.76300972 ], [ -98.39398851, 19.76335391 ], [ -98.39415846, 19.76390485 ], [ -98.39413809, 19.76396285 ], [ -98.39399369, 19.76480106 ], [ -98.391198, 19.76486857 ], [ -98.39108294, 19.76516229 ], [ -98.39056689, 19.76537772 ], [ -98.38992855, 19.76564855 ], [ -98.38945657, 19.76596868 ], [ -98.38925926, 19.7662462 ], [ -98.389152, 19.76693878 ], [ -98.38899178, 19.76780442 ], [ -98.38870305, 19.76807566 ], [ -98.38823095, 19.76842052 ], [ -98.38796772, 19.76886509 ], [ -98.38780975, 19.76913678 ], [ -98.38767729, 19.7695818 ], [ -98.38757115, 19.7699774 ], [ -98.38730763, 19.77049622 ], [ -98.38693977, 19.77094043 ], [ -98.38665103, 19.77121166 ], [ -98.386259, 19.77113608 ], [ -98.38565831, 19.77091128 ], [ -98.38558078, 19.77066354 ], [ -98.38547674, 19.77051469 ], [ -98.3851628, 19.77053835 ], [ -98.38477152, 19.77026478 ], [ -98.3845368, 19.77009074 ], [ -98.3840392, 19.77026226 ], [ -98.38369806, 19.77055806 ], [ -98.38343566, 19.77077989 ], [ -98.38298971, 19.77112483 ], [ -98.38278018, 19.77119835 ], [ -98.38254862, 19.77125592 ], [ -98.38240435, 19.77168395 ], [ -98.38214303, 19.77232871 ], [ -98.38178023, 19.77303403 ], [ -98.38144409, 19.773572 ], [ -98.38102034, 19.77406588 ], [ -98.38061932, 19.77453929 ], [ -98.38029706, 19.77497258 ], [ -98.38001886, 19.77541745 ], [ -98.379843, 19.77577023 ], [ -98.37968903, 19.77613405 ], [ -98.37959585, 19.77629983 ], [ -98.37944858, 19.7764118 ], [ -98.37918018, 19.77648938 ], [ -98.37879205, 19.77648011 ], [ -98.37840642, 19.77637638 ], [ -98.37794315, 19.77627082 ], [ -98.3776016, 19.77617865 ], [ -98.37740198, 19.77617388 ], [ -98.37722651, 19.77609617 ], [ -98.37700471, 19.77609088 ], [ -98.37663397, 19.77626051 ], [ -98.37632009, 19.776379 ], [ -98.37611935, 19.77641618 ], [ -98.37587622, 19.77637888 ], [ -98.37578263, 19.77634808 ], [ -98.37553466, 19.77630532 ], [ -98.37537868, 19.77631632 ], [ -98.37521235, 19.77642282 ], [ -98.37510031, 19.776538 ], [ -98.37493182, 19.77672546 ], [ -98.37471085, 19.77683803 ], [ -98.37452257, 19.77689245 ], [ -98.37421778, 19.77693671 ], [ -98.37386563, 19.77692828 ], [ -98.37388132, 19.77624368 ], [ -98.37304658, 19.77685278 ], [ -98.37283862, 19.77686192 ], [ -98.37268066, 19.77696417 ], [ -98.37249685, 19.7770658 ], [ -98.3723654, 19.7771442 ], [ -98.37221077, 19.77728323 ], [ -98.37210332, 19.77740905 ], [ -98.37197826, 19.77742815 ], [ -98.37186718, 19.77750651 ], [ -98.37169988, 19.77764982 ], [ -98.37162574, 19.77780272 ], [ -98.37161146, 19.77804545 ], [ -98.37159738, 19.7782808 ], [ -98.37149734, 19.77852885 ], [ -98.37135552, 19.77873132 ], [ -98.37122797, 19.77892668 ], [ -98.37111811, 19.7791142 ], [ -98.37108617, 19.77932837 ], [ -98.3710802, 19.77955145 ], [ -98.37104042, 19.77973237 ], [ -98.37095763, 19.77988746 ], [ -98.37083705, 19.78014912 ], [ -98.37078831, 19.78033809 ], [ -98.37065069, 19.78051835 ], [ -98.370518, 19.78069577 ], [ -98.37031508, 19.78098952 ], [ -98.37017337, 19.78121909 ], [ -98.37021769, 19.78138608 ], [ -98.37022425, 19.78143683 ], [ -98.37028074, 19.78154472 ], [ -98.37072371, 19.78174222 ], [ -98.37110829, 19.78174357 ], [ -98.37137388, 19.78191245 ], [ -98.37172822, 19.78208163 ], [ -98.37202305, 19.78233458 ], [ -98.37211071, 19.7826148 ], [ -98.37222665, 19.78322652 ], [ -98.37220211, 19.78352 ], [ -98.37253057, 19.78496123 ], [ -98.37222594, 19.78511078 ], [ -98.37191191, 19.78479489 ], [ -98.37098458, 19.78489365 ], [ -98.37096851, 19.78517883 ], [ -98.37079986, 19.78530951 ], [ -98.37055826, 19.78584692 ], [ -98.36995032, 19.78611622 ], [ -98.36963894, 19.78604483 ], [ -98.36963466, 19.78597148 ], [ -98.36949452, 19.78587602 ], [ -98.36934638, 19.78593148 ], [ -98.36916845, 19.78604282 ], [ -98.36887162, 19.78629368 ], [ -98.36863483, 19.78632083 ], [ -98.36822098, 19.7862354 ], [ -98.36771785, 19.7862896 ], [ -98.36681855, 19.7864058 ], [ -98.3615476, 19.78346125 ], [ -98.36128006, 19.78349595 ], [ -98.36124269, 19.7835976 ], [ -98.36091214, 19.78450006 ], [ -98.36073615, 19.78493995 ], [ -98.36035129, 19.78584446 ], [ -98.36016218, 19.78628431 ], [ -98.36136334, 19.78731195 ], [ -98.36176226, 19.78797077 ], [ -98.36200402, 19.78884589 ], [ -98.36223434, 19.78929402 ], [ -98.36187952, 19.79014217 ], [ -98.36155625, 19.79040985 ], [ -98.36066038, 19.79077035 ], [ -98.36005677, 19.79131489 ], [ -98.36014349, 19.79156371 ], [ -98.36105845, 19.79165932 ], [ -98.36147494, 19.79179888 ], [ -98.36167411, 19.79212715 ], [ -98.36165629, 19.79300588 ], [ -98.36164237, 19.79335598 ], [ -98.36264095, 19.79477146 ], [ -98.36336942, 19.79604489 ], [ -98.36371069, 19.79648746 ], [ -98.36394628, 19.7967682 ], [ -98.36403403, 19.79702043 ], [ -98.36406262, 19.79727245 ], [ -98.36400325, 19.79749357 ], [ -98.36423055, 19.79788717 ], [ -98.364328, 19.79814366 ], [ -98.36299874, 19.79889822 ], [ -98.36124783, 19.79989588 ], [ -98.36072528, 19.80025332 ], [ -98.35702325, 19.80335428 ], [ -98.35675412, 19.80344838 ], [ -98.35690123, 19.80392432 ], [ -98.35708458, 19.8046938 ], [ -98.35699272, 19.80529148 ], [ -98.35654366, 19.80549975 ], [ -98.35565655, 19.80573677 ], [ -98.35340695, 19.80687214 ], [ -98.35320871, 19.80672362 ], [ -98.34021722, 19.81387692 ], [ -98.34047615, 19.81425277 ], [ -98.34269445, 19.81742349 ], [ -98.34449057, 19.82015588 ], [ -98.34403249, 19.82024866 ], [ -98.34356423, 19.82071485 ], [ -98.3438826, 19.82098788 ], [ -98.34349643, 19.82132018 ], [ -98.34327391, 19.82206154 ], [ -98.34344865, 19.82252534 ], [ -98.34315765, 19.82256775 ], [ -98.34204534, 19.82324037 ], [ -98.33903998, 19.82494872 ], [ -98.33767877, 19.8257788 ], [ -98.33680632, 19.82492197 ], [ -98.33631097, 19.82433235 ], [ -98.33532928, 19.82504048 ], [ -98.33385743, 19.82240266 ], [ -98.33217854, 19.82057148 ], [ -98.33106972, 19.81991589 ], [ -98.33061662, 19.8204162 ], [ -98.33034088, 19.81981182 ], [ -98.32972872, 19.82018012 ], [ -98.32871626, 19.81971662 ], [ -98.32796657, 19.82088592 ], [ -98.32641972, 19.81794386 ], [ -98.32587437, 19.81814268 ], [ -98.32479088, 19.81740526 ], [ -98.32391782, 19.81692308 ], [ -98.32374391, 19.81683122 ], [ -98.32274369, 19.8163298 ], [ -98.32058351, 19.81528682 ], [ -98.31732158, 19.8163668 ], [ -98.31693557, 19.81704602 ], [ -98.31532337, 19.81962126 ], [ -98.31413638, 19.81927808 ], [ -98.31287743, 19.81898949 ], [ -98.31118531, 19.81857857 ], [ -98.30991803, 19.8199492 ], [ -98.3088672, 19.81925868 ], [ -98.30831195, 19.81888506 ], [ -98.30750957, 19.81833595 ], [ -98.30712874, 19.81813605 ], [ -98.30657492, 19.81791602 ], [ -98.30878063, 19.82112488 ], [ -98.30730595, 19.82268632 ], [ -98.3057446, 19.82430045 ], [ -98.3046494, 19.82556175 ], [ -98.30127677, 19.82966674 ], [ -98.30094815, 19.8297464 ], [ -98.29847992, 19.83052997 ], [ -98.29190011, 19.83143865 ], [ -98.29158154, 19.83151209 ], [ -98.29135703, 19.83160658 ], [ -98.29118035, 19.83165698 ], [ -98.29097931, 19.83291088 ], [ -98.29048191, 19.83307146 ], [ -98.29044251, 19.83316088 ], [ -98.29025089, 19.83341446 ], [ -98.28999209, 19.83365718 ], [ -98.28980032, 19.83394258 ], [ -98.28968754, 19.83411169 ], [ -98.28936954, 19.83439186 ], [ -98.28890852, 19.83475035 ], [ -98.28848174, 19.83497122 ], [ -98.28830142, 19.83520365 ], [ -98.28797491, 19.83555208 ], [ -98.2877612, 19.8357314 ], [ -98.28768145, 19.83602783 ], [ -98.2875232, 19.83633454 ], [ -98.28806251, 19.83678883 ], [ -98.2895568, 19.83841629 ], [ -98.29037254, 19.83892825 ], [ -98.29077552, 19.83902523 ], [ -98.2908982, 19.83915289 ], [ -98.29106554, 19.83932312 ], [ -98.29128894, 19.83948298 ], [ -98.29153523, 19.83953695 ], [ -98.29177058, 19.83952729 ], [ -98.29188208, 19.83965491 ], [ -98.29206128, 19.83967682 ], [ -98.29224057, 19.83967752 ], [ -98.29239688, 19.83980532 ], [ -98.29257551, 19.8399544 ], [ -98.29289086, 19.84032078 ], [ -98.29307975, 19.84068186 ], [ -98.29326978, 19.8407886 ], [ -98.29345991, 19.84087414 ], [ -98.29356029, 19.84098051 ], [ -98.29367065, 19.8410734 ], [ -98.29370249, 19.84127034 ], [ -98.29364958, 19.84145515 ], [ -98.29345222, 19.84167165 ], [ -98.29333075, 19.84183466 ], [ -98.29312426, 19.8419956 ], [ -98.29298554, 19.84201234 ], [ -98.29288318, 19.84206012 ], [ -98.29270968, 19.84218163 ], [ -98.29248248, 19.84232194 ], [ -98.29230366, 19.84244332 ], [ -98.29217472, 19.84249046 ], [ -98.29205085, 19.84254778 ], [ -98.2918618, 19.84265382 ], [ -98.29162466, 19.84276874 ], [ -98.29146811, 19.84283426 ], [ -98.29141817, 19.84244266 ], [ -98.29095071, 19.84212294 ], [ -98.29087778, 19.84212694 ], [ -98.29042966, 19.84256409 ], [ -98.29013092, 19.84265892 ], [ -98.29008402, 19.84296894 ], [ -98.28949105, 19.84283317 ], [ -98.28830588, 19.84304914 ], [ -98.28764852, 19.8432392 ], [ -98.28639103, 19.84385962 ], [ -98.28606566, 19.84444626 ], [ -98.28529449, 19.84464718 ], [ -98.28505714, 19.84491137 ], [ -98.2848808, 19.84557291 ], [ -98.28497385, 19.84578331 ], [ -98.28438072, 19.84644391 ], [ -98.2842328, 19.84657783 ], [ -98.28410874, 19.84666823 ], [ -98.28400154, 19.84669794 ], [ -98.28387037, 19.84677018 ], [ -98.28372671, 19.84688138 ], [ -98.2836718, 19.84691058 ], [ -98.2836108, 19.84693878 ], [ -98.28355611, 19.84695974 ], [ -98.28354046, 19.84696915 ], [ -98.28349548, 19.84698762 ], [ -98.28306918, 19.84713551 ], [ -98.28069442, 19.84760951 ], [ -98.27973248, 19.84789734 ], [ -98.27967983, 19.847835 ], [ -98.27938068, 19.84785366 ], [ -98.27929135, 19.84791246 ], [ -98.27902238, 19.8481254 ], [ -98.2788522, 19.84821118 ], [ -98.27868002, 19.84824643 ], [ -98.27846092, 19.84816606 ] ] ] ] } },
{ "type": "Feature", "properties": { "cvegeo": "13057", "cve_ent": "13", "cve_mun": "057", "nomgeo": "Singuilucan", "state_code": "13", "state_name": "Hidalgo" }, "geometry": { "type": "MultiPolygon", "coordinates": [ [ [ [ -98.58643692, 20.126181231 ], [ -98.58559278, 20.126143491 ], [ -98.58504195, 20.126317851 ], [ -98.58440054, 20.126347861 ], [ -98.583979, 20.126093171 ], [ -98.58348862, 20.126148051 ], [ -98.58314625, 20.12614425 ], [ -98.58281683, 20.126124691 ], [ -98.58252342, 20.125986261 ], [ -98.58232658, 20.125721461 ], [ -98.58222443, 20.12548603 ], [ -98.58214211, 20.125076171 ], [ -98.58207965, 20.124797911 ], [ -98.58199365, 20.124645881 ], [ -98.58170746, 20.124069451 ], [ -98.58105869, 20.123585711 ], [ -98.58110855, 20.123457511 ], [ -98.58121712, 20.123332711 ], [ -98.58129634, 20.123204921 ], [ -98.581386, 20.123051921 ], [ -98.58150989, 20.122896201 ], [ -98.58160258, 20.122766221 ], [ -98.58115586, 20.122505951 ], [ -98.5807762, 20.122226981 ], [ -98.58021478, 20.122431141 ], [ -98.58039151, 20.121967461 ], [ -98.58019543, 20.12206458 ], [ -98.58014128, 20.122050661 ], [ -98.57980625, 20.122205601 ], [ -98.57926734, 20.122352941 ], [ -98.57835663, 20.122491851 ], [ -98.57754565, 20.122532351 ], [ -98.57713543, 20.122795111 ], [ -98.57678752, 20.122873401 ], [ -98.57633571, 20.122881351 ], [ -98.57595054, 20.122913461 ], [ -98.57547706, 20.122789351 ], [ -98.57510778, 20.12257249 ], [ -98.57473508, 20.122254421 ], [ -98.57429677, 20.12191812 ], [ -98.57405405, 20.121826511 ], [ -98.57381214, 20.121703181 ], [ -98.57366969, 20.121636491 ], [ -98.57358237, 20.12158534 ], [ -98.57351202, 20.12154411 ], [ -98.57304317, 20.121185651 ], [ -98.57260731, 20.120873021 ], [ -98.57216705, 20.120734231 ], [ -98.57185998, 20.120727311 ], [ -98.57144278, 20.120756541 ], [ -98.57108471, 20.120754431 ], [ -98.57081422, 20.120774541 ], [ -98.57065746, 20.120622511 ], [ -98.57047052, 20.120404821 ], [ -98.57016435, 20.120170741 ], [ -98.56962555, 20.119682621 ], [ -98.56924697, 20.119294631 ], [ -98.56903943, 20.118909881 ], [ -98.5686766, 20.118512631 ], [ -98.56849143, 20.118231351 ], [ -98.56815928, 20.118124371 ], [ -98.56722554, 20.117612321 ], [ -98.56691194, 20.117416481 ], [ -98.56679505, 20.116557751 ], [ -98.56682726, 20.115740051 ], [ -98.56692291, 20.115466941 ], [ -98.5672488, 20.114566371 ], [ -98.56723751, 20.114123571 ], [ -98.56713968, 20.113217451 ], [ -98.56650246, 20.111811461 ], [ -98.56561912, 20.111250601 ], [ -98.56467777, 20.110917021 ], [ -98.56420917, 20.110863081 ], [ -98.56327103, 20.111090861 ], [ -98.56282892, 20.110970371 ], [ -98.56214086, 20.110715651 ], [ -98.56143663, 20.110194321 ], [ -98.56093594, 20.109702861 ], [ -98.56012651, 20.108817551 ], [ -98.56003232, 20.108704371 ], [ -98.55968378, 20.10847985 ], [ -98.55891686, 20.107678231 ], [ -98.55843092, 20.106667221 ], [ -98.55781158, 20.105789151 ], [ -98.55744423, 20.10545842 ], [ -98.55673066, 20.104591401 ], [ -98.55651526, 20.104134541 ], [ -98.55578315, 20.103247141 ], [ -98.55475094, 20.102239261 ], [ -98.55440509, 20.102762491 ], [ -98.55365943, 20.103438341 ], [ -98.55276482, 20.103655201 ], [ -98.55247617, 20.104100291 ], [ -98.55151628, 20.103583321 ], [ -98.5509042, 20.103531971 ], [ -98.55026929, 20.103944801 ], [ -98.54971031, 20.103726171 ], [ -98.54917545, 20.103438251 ], [ -98.54845423, 20.103922741 ], [ -98.54816943, 20.103999121 ], [ -98.54798971, 20.104124231 ], [ -98.54704622, 20.104561821 ], [ -98.54698638, 20.104577981 ], [ -98.54650955, 20.104899571 ], [ -98.54592838, 20.104909201 ], [ -98.5452646, 20.105063771 ], [ -98.54526306, 20.105079581 ], [ -98.54499563, 20.10553974 ], [ -98.54470214, 20.106362711 ], [ -98.54447512, 20.106306481 ], [ -98.54422935, 20.106113831 ], [ -98.54330414, 20.106012051 ], [ -98.54280443, 20.106256981 ], [ -98.54233523, 20.105306971 ], [ -98.54185058, 20.10479968 ], [ -98.54173495, 20.104492151 ], [ -98.54170348, 20.103604261 ], [ -98.54176277, 20.103148091 ], [ -98.54157158, 20.102278351 ], [ -98.54098718, 20.101761281 ], [ -98.53964203, 20.100528851 ], [ -98.53886825, 20.100803001 ], [ -98.53826108, 20.100905921 ], [ -98.53779915, 20.10103685 ], [ -98.53684602, 20.101496921 ], [ -98.53675017, 20.101560461 ], [ -98.53593529, 20.101355111 ], [ -98.53494178, 20.101718351 ], [ -98.53449668, 20.101818851 ], [ -98.53354858, 20.102187401 ], [ -98.53308411, 20.102368581 ], [ -98.53214158, 20.102467831 ], [ -98.53174449, 20.102508771 ], [ -98.53065585, 20.102802951 ], [ -98.53031757, 20.10360266 ], [ -98.52964358, 20.104334771 ], [ -98.52911197, 20.104750341 ], [ -98.52845612, 20.105332371 ], [ -98.52824257, 20.105798821 ], [ -98.52799292, 20.106515371 ], [ -98.52742385, 20.107631371 ], [ -98.52594385, 20.107747941 ], [ -98.52546406, 20.107442451 ], [ -98.52452875, 20.106726541 ], [ -98.52420908, 20.106465621 ], [ -98.52267645, 20.105570571 ], [ -98.52217025, 20.105310061 ], [ -98.52123191, 20.104809801 ], [ -98.52074966, 20.104538141 ], [ -98.51996448, 20.103898951 ], [ -98.51948952, 20.102914971 ], [ -98.51984452, 20.101526621 ], [ -98.51954186, 20.101017511 ], [ -98.51918714, 20.100710171 ], [ -98.51825162, 20.099893511 ], [ -98.51777329, 20.099517251 ], [ -98.51728295, 20.09930598 ], [ -98.51685502, 20.099121621 ], [ -98.51614418, 20.099115151 ], [ -98.51507975, 20.099399141 ], [ -98.51491125, 20.099367051 ], [ -98.51449337, 20.099168231 ], [ -98.51374843, 20.098401491 ], [ -98.513528, 20.097946831 ], [ -98.51262743, 20.097449621 ], [ -98.51132202, 20.097165881 ], [ -98.51024625, 20.097058401 ], [ -98.50930463, 20.097067681 ], [ -98.50882511, 20.097086051 ], [ -98.5078814, 20.097187971 ], [ -98.50687177, 20.097340621 ], [ -98.50616226, 20.096954481 ], [ -98.50554646, 20.096613231 ], [ -98.50467348, 20.096319781 ], [ -98.50405737, 20.096075541 ], [ -98.50308158, 20.095781781 ], [ -98.50141189, 20.095765711 ], [ -98.50047449, 20.095201821 ], [ -98.49999489, 20.094868651 ], [ -98.49904288, 20.094203781 ], [ -98.4988496, 20.094073001 ], [ -98.49909817, 20.092012661 ], [ -98.49907662, 20.091108981 ], [ -98.49905877, 20.090657121 ], [ -98.49884148, 20.089854551 ], [ -98.49749074, 20.089191981 ], [ -98.49646045, 20.088714121 ], [ -98.49552263, 20.088297661 ], [ -98.49503849, 20.088271051 ], [ -98.49391011, 20.087503341 ], [ -98.49359911, 20.087297061 ], [ -98.49292551, 20.087077621 ], [ -98.49173997, 20.086736081 ], [ -98.49084909, 20.086120091 ], [ -98.49043722, 20.085673881 ], [ -98.48951883, 20.085174251 ], [ -98.48853951, 20.084660861 ], [ -98.4881662, 20.083857831 ], [ -98.48763592, 20.083471821 ], [ -98.48672926, 20.083126781 ], [ -98.486375879, 20.082244016 ], [ -98.486374981, 20.082241771 ], [ -98.486362813, 20.082235645 ], [ -98.485861909, 20.08198348 ], [ -98.484667279, 20.081361922 ], [ -98.48403049, 20.081256981 ], [ -98.483718339, 20.081208552 ], [ -98.483446739, 20.081071891 ], [ -98.483324644, 20.08101992 ], [ -98.482947751, 20.080859491 ], [ -98.482873905, 20.08079049 ], [ -98.481550369, 20.07955374 ], [ -98.481117, 20.079447861 ], [ -98.481092691, 20.079401019 ], [ -98.48108758, 20.079391171 ], [ -98.481087483, 20.079390984 ], [ -98.481084078, 20.079384417 ], [ -98.481070352, 20.079357945 ], [ -98.481024, 20.079268551 ], [ -98.48123614, 20.079333691 ], [ -98.481488691, 20.079143273 ], [ -98.481545201, 20.079100666 ], [ -98.48157075, 20.079081403 ], [ -98.481610306, 20.079051578 ], [ -98.48162537, 20.079040221 ], [ -98.481628614, 20.079026607 ], [ -98.481639711, 20.07898004 ], [ -98.48164642, 20.07895189 ], [ -98.48175362, 20.078502051 ], [ -98.48165008, 20.078270751 ], [ -98.481330055, 20.077716831 ], [ -98.481329868, 20.077716508 ], [ -98.481281355, 20.077632538 ], [ -98.48123969, 20.077560421 ], [ -98.481163, 20.077519921 ], [ -98.481108189, 20.077492654 ], [ -98.481058443, 20.077467907 ], [ -98.47979625, 20.076840001 ], [ -98.47975405, 20.076819171 ], [ -98.47976358, 20.076799341 ], [ -98.479781448, 20.076762172 ], [ -98.480028207, 20.076248871 ], [ -98.480146869, 20.076002033 ], [ -98.480153109, 20.075989051 ], [ -98.480193991, 20.07587374 ], [ -98.480205769, 20.075840521 ], [ -98.480708888, 20.074746222 ], [ -98.480998779, 20.074115691 ], [ -98.48103218, 20.074137771 ], [ -98.48274895, 20.071789911 ], [ -98.48307625, 20.071985061 ], [ -98.48402692, 20.072588021 ], [ -98.48439488, 20.07275778 ], [ -98.485401379, 20.073367661 ], [ -98.48569655, 20.073513941 ], [ -98.48668585, 20.07413846 ], [ -98.48690252, 20.074270821 ], [ -98.488117769, 20.074982451 ], [ -98.48814831, 20.074989951 ], [ -98.488174309, 20.075009341 ], [ -98.491654319, 20.076956401 ], [ -98.49149091, 20.077912891 ], [ -98.49144582, 20.077908971 ], [ -98.49176102, 20.078442201 ], [ -98.492198539, 20.079386691 ], [ -98.49263358, 20.080018061 ], [ -98.49317749, 20.080802821 ], [ -98.493987519, 20.081161941 ], [ -98.494931459, 20.081387891 ], [ -98.495803219, 20.081132881 ], [ -98.49640952, 20.08095295 ], [ -98.49667014, 20.081064121 ], [ -98.497117119, 20.081234221 ], [ -98.497895219, 20.081038061 ], [ -98.498410949, 20.080608091 ], [ -98.49912595, 20.080421371 ], [ -98.500211579, 20.08050532 ], [ -98.500905199, 20.081131421 ], [ -98.50091745, 20.081145951 ], [ -98.50192028, 20.081940771 ], [ -98.50215085, 20.080599541 ], [ -98.502163849, 20.079702721 ], [ -98.502156739, 20.078541551 ], [ -98.501354859, 20.078060381 ], [ -98.501103719, 20.077743401 ], [ -98.500376419, 20.076399481 ], [ -98.50003715, 20.075494891 ], [ -98.49994831, 20.075237111 ], [ -98.499476259, 20.073293001 ], [ -98.499278079, 20.071583921 ], [ -98.49933052, 20.069974551 ], [ -98.49869629, 20.069505581 ], [ -98.497444909, 20.068611281 ], [ -98.496117779, 20.06768126 ], [ -98.49526378, 20.067049341 ], [ -98.495338019, 20.066959081 ], [ -98.49537802, 20.066830141 ], [ -98.49575662, 20.066374571 ], [ -98.496742319, 20.064677481 ], [ -98.496741812, 20.064677471 ], [ -98.496153939, 20.064665971 ], [ -98.494486822, 20.064647907 ], [ -98.49440014, 20.064646968 ], [ -98.492466057, 20.064625987 ], [ -98.483476885, 20.064528149 ], [ -98.482159516, 20.064513766 ], [ -98.482083969, 20.064512941 ], [ -98.481988079, 20.064511891 ], [ -98.48197743, 20.06448949 ], [ -98.481959999, 20.064489351 ], [ -98.480803799, 20.064479981 ], [ -98.480901954, 20.062965143 ], [ -98.48096577, 20.061980269 ], [ -98.481039659, 20.060839891 ], [ -98.481009815, 20.060681268 ], [ -98.480982693, 20.060537121 ], [ -98.480957022, 20.060400688 ], [ -98.48076033, 20.059355306 ], [ -98.480601667, 20.05851203 ], [ -98.480563872, 20.058311148 ], [ -98.48056035, 20.058292431 ], [ -98.48069152, 20.058233717 ], [ -98.48074877, 20.058208091 ], [ -98.480827538, 20.05818252 ], [ -98.481084145, 20.058099216 ], [ -98.481084647, 20.058099054 ], [ -98.481103776, 20.058092844 ], [ -98.48110428, 20.05809268 ], [ -98.481555981, 20.057946042 ], [ -98.482055382, 20.057783916 ], [ -98.482055437, 20.057783898 ], [ -98.48205663, 20.0577835 ], [ -98.482069778, 20.057138999 ], [ -98.482069779, 20.057138971 ], [ -98.482070369, 20.057042461 ], [ -98.48158057, 20.057007481 ], [ -98.48108612, 20.056996001 ], [ -98.481085612, 20.056995989 ], [ -98.481046292, 20.056995076 ], [ -98.481045785, 20.056995064 ], [ -98.480196979, 20.056975351 ], [ -98.479090539, 20.056962201 ], [ -98.478267891, 20.056947496 ], [ -98.478267384, 20.056947486 ], [ -98.47673545, 20.05692009 ], [ -98.475271149, 20.056860881 ], [ -98.472461782, 20.056772371 ], [ -98.472174319, 20.056763311 ], [ -98.47195011, 20.056752428 ], [ -98.47094186, 20.056703481 ], [ -98.469704629, 20.056637051 ], [ -98.469000179, 20.056614381 ], [ -98.467403459, 20.056564661 ], [ -98.46590629, 20.056529751 ], [ -98.464757679, 20.056468551 ], [ -98.462736819, 20.056404951 ], [ -98.462232509, 20.056383021 ], [ -98.462257448, 20.056368881 ], [ -98.462347093, 20.056318019 ], [ -98.46283889, 20.056038981 ], [ -98.463106748, 20.055884219 ], [ -98.463106867, 20.05588415 ], [ -98.46318129, 20.05584115 ], [ -98.463181409, 20.055841081 ], [ -98.463255831, 20.05579808 ], [ -98.463479229, 20.055669001 ], [ -98.462740402, 20.054921508 ], [ -98.462740286, 20.054921391 ], [ -98.4600246, 20.052173751 ], [ -98.459918819, 20.052263251 ], [ -98.459642587, 20.052421653 ], [ -98.459273453, 20.052633327 ], [ -98.45923217, 20.052657 ], [ -98.45975674, 20.052217801 ], [ -98.46081026, 20.051335691 ], [ -98.462438787, 20.049954164 ], [ -98.46365054, 20.048926171 ], [ -98.464620748, 20.048186521 ], [ -98.46464512, 20.04816794 ], [ -98.464665579, 20.048150589 ], [ -98.464703578, 20.048118362 ], [ -98.46679265, 20.046346571 ], [ -98.46973347, 20.043812776 ], [ -98.469856552, 20.043706726 ], [ -98.469948405, 20.043627585 ], [ -98.469948719, 20.043627314 ], [ -98.46994876, 20.043627278 ], [ -98.47036475, 20.043268851 ], [ -98.47070571, 20.04283796 ], [ -98.470777538, 20.042747187 ], [ -98.47096712, 20.042507601 ], [ -98.47115355, 20.042207461 ], [ -98.4717184, 20.041517021 ], [ -98.473553219, 20.038920461 ], [ -98.47358871, 20.038870231 ], [ -98.473588264, 20.03887013 ], [ -98.472438792, 20.038609983 ], [ -98.47224358, 20.038565801 ], [ -98.47220945, 20.038558081 ], [ -98.47155629, 20.038396001 ], [ -98.47131685, 20.038327481 ], [ -98.47084151, 20.038191451 ], [ -98.47025343, 20.03806723 ], [ -98.4700164, 20.037962111 ], [ -98.46969525, 20.037887911 ], [ -98.46918008, 20.037764691 ], [ -98.46886731, 20.037685541 ], [ -98.46799865, 20.037504351 ], [ -98.46738074, 20.03740154 ], [ -98.46681866, 20.037479491 ], [ -98.466405, 20.037646281 ], [ -98.46604155, 20.037792831 ], [ -98.46603774, 20.037794371 ], [ -98.46546265, 20.038180511 ], [ -98.46521828, 20.038410771 ], [ -98.46505934, 20.038560541 ], [ -98.464830371, 20.038733346 ], [ -98.46483034, 20.038733371 ], [ -98.46455797, 20.038938951 ], [ -98.46419485, 20.039120111 ], [ -98.46408505, 20.039158171 ], [ -98.46383383, 20.039245231 ], [ -98.46335743, 20.039328381 ], [ -98.46291715, 20.039302421 ], [ -98.46203117, 20.039140371 ], [ -98.46184585, 20.039096921 ], [ -98.46136137, 20.038983371 ], [ -98.46080654, 20.03888403 ], [ -98.46021554, 20.038865401 ], [ -98.45951325, 20.038944541 ], [ -98.459199297, 20.039025964 ], [ -98.45906825, 20.039059951 ], [ -98.458623122, 20.039236489 ], [ -98.45846931, 20.039297491 ], [ -98.45779926, 20.039573061 ], [ -98.457355, 20.039779921 ], [ -98.45732186, 20.039790721 ], [ -98.45583228, 20.040433431 ], [ -98.455736534, 20.040471304 ], [ -98.454854758, 20.040820099 ], [ -98.45431991, 20.041031661 ], [ -98.45365792, 20.041291281 ], [ -98.45332348, 20.041358831 ], [ -98.45121592, 20.041607381 ], [ -98.45057485, 20.042016221 ], [ -98.45030551, 20.04220012 ], [ -98.44949011, 20.042942351 ], [ -98.4490498, 20.043355251 ], [ -98.44862614, 20.043531911 ], [ -98.44819925, 20.043618281 ], [ -98.44754023, 20.043565461 ], [ -98.44682945, 20.043455691 ], [ -98.44587945, 20.043312621 ], [ -98.44546862, 20.043270121 ], [ -98.44509809, 20.043239541 ], [ -98.44467988, 20.043257121 ], [ -98.44405448, 20.04336898 ], [ -98.44264692, 20.043771781 ], [ -98.44221042, 20.043810551 ], [ -98.44168926, 20.043783571 ], [ -98.44142695, 20.043734751 ], [ -98.44115652, 20.0436682 ], [ -98.44093906, 20.043603601 ], [ -98.44011415, 20.043234171 ], [ -98.439499295, 20.042697198 ], [ -98.43947791, 20.042678521 ], [ -98.439453963, 20.042646386 ], [ -98.43940126, 20.042575661 ], [ -98.438808457, 20.041922847 ], [ -98.43878929, 20.041901741 ], [ -98.438787231, 20.041899056 ], [ -98.43843202, 20.041435891 ], [ -98.43891949, 20.040760741 ], [ -98.43891892, 20.039896651 ], [ -98.4377876, 20.038813911 ], [ -98.4367666, 20.038004951 ], [ -98.43617106, 20.037519651 ], [ -98.43574674, 20.03687372 ], [ -98.43481051, 20.036226181 ], [ -98.43379038, 20.035175511 ], [ -98.43268438, 20.034285691 ], [ -98.43214295, 20.03362402 ], [ -98.43123474, 20.032925601 ], [ -98.42945255, 20.031017751 ], [ -98.42849728, 20.029754121 ], [ -98.42815038, 20.029305721 ], [ -98.42746242, 20.028395371 ], [ -98.427399001, 20.028328608 ], [ -98.426807094, 20.027705477 ], [ -98.426807072, 20.027705454 ], [ -98.42668478, 20.027576711 ], [ -98.426684508, 20.027576424 ], [ -98.426643742, 20.027533506 ], [ -98.426643717, 20.027533479 ], [ -98.426621522, 20.027510112 ], [ -98.42660315, 20.027490771 ], [ -98.42660297, 20.027490582 ], [ -98.426602792, 20.027490394 ], [ -98.426587711, 20.027474517 ], [ -98.42568451, 20.026523651 ], [ -98.42435368, 20.025482431 ], [ -98.42387457, 20.025116461 ], [ -98.42292337, 20.02442732 ], [ -98.4215884, 20.023456091 ], [ -98.42055086, 20.022854061 ], [ -98.4195968, 20.022304261 ], [ -98.41913629, 20.022082371 ], [ -98.41839978, 20.021589551 ], [ -98.41849871, 20.02155371 ], [ -98.41843192, 20.021322171 ], [ -98.41776931, 20.020876031 ], [ -98.41666628, 20.020166801 ], [ -98.41646498, 20.020184661 ], [ -98.41612742, 20.020745551 ], [ -98.416009063, 20.020722798 ], [ -98.415966847, 20.020714683 ], [ -98.41582155, 20.020686751 ], [ -98.41575627, 20.020670865 ], [ -98.41568508, 20.020653541 ], [ -98.41565056, 20.020641624 ], [ -98.41485942, 20.020368491 ], [ -98.41438675, 20.020209261 ], [ -98.41333306, 20.019867121 ], [ -98.413183843, 20.019897112 ], [ -98.41316305, 20.019901291 ], [ -98.413162675, 20.019901367 ], [ -98.413161554, 20.019901592 ], [ -98.413138141, 20.019906296 ], [ -98.41269294, 20.019995741 ], [ -98.41205198, 20.020221651 ], [ -98.411953906, 20.020313619 ], [ -98.411939001, 20.020327597 ], [ -98.411916913, 20.020348311 ], [ -98.41135395, 20.020876231 ], [ -98.41104265, 20.021459111 ], [ -98.41049972, 20.021968251 ], [ -98.410390859, 20.022054569 ], [ -98.41036726, 20.022073281 ], [ -98.410366916, 20.022073553 ], [ -98.410366572, 20.022073826 ], [ -98.410341146, 20.022093986 ], [ -98.410093282, 20.022290518 ], [ -98.410059264, 20.022317492 ], [ -98.410059157, 20.022317576 ], [ -98.41005905, 20.022317661 ], [ -98.409994955, 20.022368476 ], [ -98.40995137, 20.022403031 ], [ -98.409810426, 20.022629999 ], [ -98.40973097, 20.022757951 ], [ -98.409726982, 20.022764372 ], [ -98.40964738, 20.022892559 ], [ -98.409451704, 20.023207663 ], [ -98.409360154, 20.02335509 ], [ -98.40935652, 20.023360941 ], [ -98.40927383, 20.023494113 ], [ -98.40924805, 20.023535631 ], [ -98.409214505, 20.023643182 ], [ -98.40918969, 20.023722741 ], [ -98.409188882, 20.023725329 ], [ -98.409175712, 20.023767551 ], [ -98.40910092, 20.024007311 ], [ -98.409080724, 20.024038573 ], [ -98.40907077, 20.024053981 ], [ -98.40842928, 20.023693729 ], [ -98.40831963, 20.02363215 ], [ -98.408243292, 20.023600154 ], [ -98.40780579, 20.023416777 ], [ -98.40776295, 20.023398821 ], [ -98.407693281, 20.023385249 ], [ -98.407646102, 20.023376058 ], [ -98.40732868, 20.023314221 ], [ -98.407260513, 20.023308728 ], [ -98.40691012, 20.023280491 ], [ -98.40661288, 20.023290341 ], [ -98.40637911, 20.023335481 ], [ -98.40590288, 20.023399969 ], [ -98.40584689, 20.023407551 ], [ -98.405353941, 20.023477736 ], [ -98.40529646, 20.023485921 ], [ -98.405226995, 20.023487832 ], [ -98.404980972, 20.023494603 ], [ -98.40483457, 20.023498631 ], [ -98.40447709, 20.023439111 ], [ -98.404388645, 20.023411685 ], [ -98.40404058, 20.023303751 ], [ -98.403705352, 20.023238544 ], [ -98.40368462, 20.023234511 ], [ -98.40340098, 20.02324122 ], [ -98.40314997, 20.023262291 ], [ -98.40291217, 20.023324221 ], [ -98.40266311, 20.023369081 ], [ -98.4022898, 20.023414281 ], [ -98.40191765, 20.023415581 ], [ -98.40156737, 20.023366511 ], [ -98.40127675, 20.023261651 ], [ -98.40094126, 20.023094911 ], [ -98.40062534, 20.022833081 ], [ -98.40027942, 20.022520821 ], [ -98.40001088, 20.022321511 ], [ -98.39967055, 20.022113551 ], [ -98.39927937, 20.021950801 ], [ -98.39860495, 20.021881981 ], [ -98.39826291, 20.021843231 ], [ -98.39776189, 20.021825711 ], [ -98.39745697, 20.02179034 ], [ -98.39725815, 20.021785951 ], [ -98.39690466, 20.021760281 ], [ -98.39672306, 20.021728691 ], [ -98.39659017, 20.021711551 ], [ -98.39611726, 20.021613751 ], [ -98.39533082, 20.021395951 ], [ -98.394538, 20.021150651 ], [ -98.39397552, 20.021083461 ], [ -98.39349535, 20.021136621 ], [ -98.39312078, 20.021236031 ], [ -98.39239025, 20.021487741 ], [ -98.39185882, 20.021539681 ], [ -98.39149628, 20.021490081 ], [ -98.39100969, 20.021333091 ], [ -98.39068632, 20.021102571 ], [ -98.39046855, 20.020896691 ], [ -98.39027374, 20.020632541 ], [ -98.38991514, 20.020074121 ], [ -98.38968105, 20.019755031 ], [ -98.38936715, 20.019503711 ], [ -98.38905042, 20.019338171 ], [ -98.38873249, 20.019222681 ], [ -98.38833231, 20.019208631 ], [ -98.38978775, 20.017228461 ], [ -98.39063943, 20.016150621 ], [ -98.39156311, 20.015241141 ], [ -98.39204242, 20.014904491 ], [ -98.392476, 20.014024381 ], [ -98.39297251, 20.013377741 ], [ -98.39338594, 20.012952201 ], [ -98.39359849, 20.012191451 ], [ -98.39405134, 20.011873231 ], [ -98.39445071, 20.010773201 ], [ -98.39519466, 20.009941321 ], [ -98.39518314, 20.00977672 ], [ -98.39538015, 20.008840031 ], [ -98.39566238, 20.007646721 ], [ -98.39619908, 20.005841321 ], [ -98.39657186, 20.004950261 ], [ -98.39658792, 20.004227431 ], [ -98.39664332, 20.003601861 ], [ -98.39709526, 20.002907621 ], [ -98.39724698, 20.002738711 ], [ -98.39808929, 20.001849251 ], [ -98.39835252, 20.001601651 ], [ -98.39926562, 20.000768891 ], [ -98.39985591, 20.000301021 ], [ -98.40022291, 19.999601951 ], [ -98.40048058, 19.999108091 ], [ -98.40018912, 19.998607601 ], [ -98.39926198, 19.998261351 ], [ -98.39880645, 19.997997751 ], [ -98.39850162, 19.997106661 ], [ -98.39868588, 19.996413751 ], [ -98.39856623, 19.995823741 ], [ -98.39785852, 19.995439571 ], [ -98.39757272, 19.995182291 ], [ -98.39688718, 19.994311261 ], [ -98.39674874, 19.99387028 ], [ -98.39627066, 19.993044111 ], [ -98.39463177, 19.992139431 ], [ -98.39390431, 19.991773311 ], [ -98.39300372, 19.991214431 ], [ -98.39299849, 19.990776171 ], [ -98.39276769, 19.98982206 ], [ -98.39265775, 19.989482831 ], [ -98.38500923, 19.988363121 ], [ -98.38454434, 19.988390281 ], [ -98.38358678, 19.988516321 ], [ -98.38153657, 19.988791571 ], [ -98.38121386, 19.988814781 ], [ -98.38025174, 19.988888741 ], [ -98.37977966, 19.988917981 ], [ -98.37881755, 19.988985381 ], [ -98.37643317, 19.989158741 ], [ -98.37549483, 19.989256111 ], [ -98.37406029, 19.989443081 ], [ -98.3716658, 19.98974914 ], [ -98.37024218, 19.989889981 ], [ -98.36929074, 19.989979661 ], [ -98.36694314, 19.990211971 ], [ -98.36598931, 19.990388461 ], [ -98.3657908, 19.990427371 ], [ -98.36546877, 19.990491521 ], [ -98.36265305, 19.989525681 ], [ -98.35971532, 19.988389981 ], [ -98.35817511, 19.987794521 ], [ -98.35847225, 19.987412221 ], [ -98.358736679, 19.986729281 ], [ -98.359017139, 19.986152151 ], [ -98.359253139, 19.985645711 ], [ -98.359432229, 19.985342091 ], [ -98.35969915, 19.984810351 ], [ -98.359925309, 19.984423571 ], [ -98.360127719, 19.983995661 ], [ -98.36048826, 19.983367201 ], [ -98.360931719, 19.982969121 ], [ -98.361229449, 19.982783921 ], [ -98.361966709, 19.983294481 ], [ -98.362534109, 19.98360888 ], [ -98.362863259, 19.983514481 ], [ -98.363343949, 19.983468401 ], [ -98.363969919, 19.983452311 ], [ -98.364463799, 19.983194551 ], [ -98.36504406, 19.982880921 ], [ -98.36565872, 19.982526881 ], [ -98.365999369, 19.982232121 ], [ -98.36647075, 19.981831881 ], [ -98.368451419, 19.980477461 ], [ -98.36911118, 19.980030261 ], [ -98.36941003, 19.980164651 ], [ -98.369681419, 19.979559911 ], [ -98.37013372, 19.979278461 ], [ -98.3707706, 19.978933541 ], [ -98.371818379, 19.978484921 ], [ -98.372538449, 19.977682181 ], [ -98.373273819, 19.977115521 ], [ -98.37359232, 19.976824511 ], [ -98.37378271, 19.976432621 ], [ -98.374103649, 19.975835951 ], [ -98.370649999, 19.97673609 ], [ -98.367756349, 19.972810511 ], [ -98.36585355, 19.971048001 ], [ -98.36573015, 19.970907511 ], [ -98.36595192, 19.970607851 ], [ -98.366539879, 19.969706321 ], [ -98.366825719, 19.96843098 ], [ -98.36684118, 19.968080891 ], [ -98.366841619, 19.967477721 ], [ -98.36655235, 19.966577601 ], [ -98.3664756, 19.966127781 ], [ -98.36642626, 19.965244321 ], [ -98.366364399, 19.964433111 ], [ -98.365789369, 19.963335421 ], [ -98.365339739, 19.962100381 ], [ -98.365336169, 19.961650821 ], [ -98.365428739, 19.960756571 ], [ -98.365945859, 19.959147721 ], [ -98.365978549, 19.958526601 ], [ -98.36584738, 19.957629291 ], [ -98.365315199, 19.956283281 ], [ -98.364115079, 19.95498003 ], [ -98.363448379, 19.954412891 ], [ -98.36319826, 19.954228941 ], [ -98.362256029, 19.953561481 ], [ -98.361777379, 19.95331712 ], [ -98.36133272, 19.952467051 ], [ -98.36113468, 19.950202771 ], [ -98.36105434, 19.949303381 ], [ -98.361008739, 19.948846891 ], [ -98.360935029, 19.947947541 ], [ -98.36078886, 19.946489581 ], [ -98.362045859, 19.946381181 ], [ -98.362496539, 19.946804831 ], [ -98.362682219, 19.946746621 ], [ -98.36300537, 19.946330721 ], [ -98.36302183, 19.946297021 ], [ -98.36844317, 19.946343911 ], [ -98.36887525, 19.946380091 ], [ -98.369137339, 19.946404651 ], [ -98.36913491, 19.946275821 ], [ -98.37010883, 19.945860261 ], [ -98.37011654, 19.945813121 ], [ -98.37175443, 19.943707951 ], [ -98.37191995, 19.943499151 ], [ -98.372113819, 19.943250851 ], [ -98.372550379, 19.942693321 ], [ -98.372167509, 19.942371261 ], [ -98.371749889, 19.942029571 ], [ -98.37094845, 19.941306351 ], [ -98.370567029, 19.940968681 ], [ -98.370118399, 19.940543171 ], [ -98.36988726, 19.940160351 ], [ -98.369642859, 19.939728891 ], [ -98.369407749, 19.939323111 ], [ -98.369255539, 19.939080721 ], [ -98.368944443, 19.938763298 ], [ -98.368867509, 19.938684801 ], [ -98.36868731, 19.938513181 ], [ -98.36904865, 19.938619681 ], [ -98.36953523, 19.938726621 ], [ -98.369934719, 19.938786481 ], [ -98.370090779, 19.938783051 ], [ -98.3703284, 19.938581571 ], [ -98.37131082, 19.937837711 ], [ -98.371547016, 19.937695893 ], [ -98.371547596, 19.937695544 ], [ -98.371787931, 19.93755124 ], [ -98.37187032, 19.937501771 ], [ -98.371912681, 19.937436085 ], [ -98.371913349, 19.937435051 ], [ -98.371914625, 19.93742457 ], [ -98.371971493, 19.936957631 ], [ -98.371971583, 19.936956888 ], [ -98.371971859, 19.93695462 ], [ -98.37200022, 19.936721781 ], [ -98.372010806, 19.936699726 ], [ -98.372011621, 19.936698027 ], [ -98.372096414, 19.936521383 ], [ -98.372096716, 19.936520755 ], [ -98.37212769, 19.93645623 ], [ -98.37212791, 19.936455772 ], [ -98.372128062, 19.936455456 ], [ -98.372208992, 19.936286881 ], [ -98.372564145, 19.9355471 ], [ -98.37277628, 19.935105221 ], [ -98.373150361, 19.93429634 ], [ -98.373435449, 19.933679881 ], [ -98.373693168, 19.933249123 ], [ -98.373931438, 19.93285087 ], [ -98.373931906, 19.932850088 ], [ -98.373938169, 19.932839621 ], [ -98.37412265, 19.932531281 ], [ -98.374174019, 19.93241235 ], [ -98.374175833, 19.932408151 ], [ -98.37417594, 19.932407905 ], [ -98.37436385, 19.931972824 ], [ -98.374396749, 19.931896651 ], [ -98.3750473, 19.930709227 ], [ -98.375081133, 19.930647473 ], [ -98.37510191, 19.930609551 ], [ -98.375929399, 19.929330121 ], [ -98.376238311, 19.928805619 ], [ -98.376276969, 19.928739981 ], [ -98.376302429, 19.928743926 ], [ -98.376401699, 19.928759309 ], [ -98.376407649, 19.928760231 ], [ -98.37641606, 19.928751599 ], [ -98.37653211, 19.92863248 ], [ -98.376741099, 19.928214376 ], [ -98.376778406, 19.92813974 ], [ -98.37735009, 19.926996021 ], [ -98.377668572, 19.925100474 ], [ -98.377668747, 19.92509943 ], [ -98.377669551, 19.925094645 ], [ -98.377895378, 19.923750577 ], [ -98.377896434, 19.923744297 ], [ -98.37792866, 19.923552491 ], [ -98.377965104, 19.92302304 ], [ -98.377965937, 19.92301093 ], [ -98.37800278, 19.922475679 ], [ -98.37800474, 19.922447201 ], [ -98.378002181, 19.922424984 ], [ -98.378002164, 19.922424839 ], [ -98.377999486, 19.922401601 ], [ -98.377990419, 19.922322891 ], [ -98.377996835, 19.922302907 ], [ -98.377996961, 19.922302514 ], [ -98.378377739, 19.921116631 ], [ -98.37871231, 19.919627681 ], [ -98.37869838, 19.919595201 ], [ -98.376289874, 19.918984143 ], [ -98.376289366, 19.918984014 ], [ -98.37625049, 19.918974151 ], [ -98.376284569, 19.918794781 ], [ -98.376285437, 19.918790213 ], [ -98.376285516, 19.918789796 ], [ -98.376316115, 19.918628722 ], [ -98.376316291, 19.918627794 ], [ -98.37631706, 19.918623749 ], [ -98.376358878, 19.91840372 ], [ -98.376358892, 19.918403648 ], [ -98.376360973, 19.91839269 ], [ -98.376361247, 19.918391246 ], [ -98.376378665, 19.918299519 ], [ -98.376378771, 19.918298961 ], [ -98.376379109, 19.91829718 ], [ -98.376411367, 19.918127413 ], [ -98.376411832, 19.918124969 ], [ -98.3764136, 19.918115661 ], [ -98.376414053, 19.918113279 ], [ -98.37645225, 19.917912253 ], [ -98.376452727, 19.917909747 ], [ -98.376452746, 19.917909647 ], [ -98.37650805, 19.917618569 ], [ -98.376508134, 19.917618126 ], [ -98.37650831, 19.9176172 ], [ -98.376519664, 19.917557398 ], [ -98.376519841, 19.917556464 ], [ -98.376522819, 19.917540781 ], [ -98.376461075, 19.917214518 ], [ -98.376460269, 19.917210256 ], [ -98.376445023, 19.917129697 ], [ -98.376443812, 19.9171233 ], [ -98.37641831, 19.916988541 ], [ -98.376391999, 19.916842551 ], [ -98.376318955, 19.916582308 ], [ -98.376316958, 19.916575195 ], [ -98.376204948, 19.916176121 ], [ -98.376204934, 19.916176063 ], [ -98.376202761, 19.916168322 ], [ -98.37620192, 19.916165325 ], [ -98.376053447, 19.915636341 ], [ -98.376052943, 19.915634544 ], [ -98.376051949, 19.915631 ], [ -98.375991646, 19.915416132 ], [ -98.375990631, 19.915412518 ], [ -98.375879019, 19.915014831 ], [ -98.374732029, 19.912747681 ], [ -98.373985075, 19.911501835 ], [ -98.373982832, 19.911498093 ], [ -98.3739404, 19.911427321 ], [ -98.373877179, 19.91122511 ], [ -98.373877169, 19.91122508 ], [ -98.373865687, 19.911188353 ], [ -98.373822354, 19.911049752 ], [ -98.373819924, 19.911041979 ], [ -98.373650939, 19.910501481 ], [ -98.373650917, 19.910501408 ], [ -98.373647843, 19.910491577 ], [ -98.373646513, 19.910487319 ], [ -98.373276128, 19.90930265 ], [ -98.373253167, 19.909229211 ], [ -98.373225054, 19.909139289 ], [ -98.37322277, 19.909131981 ], [ -98.373268764, 19.909094904 ], [ -98.37469386, 19.90794611 ], [ -98.375618661, 19.907184731 ], [ -98.376986515, 19.906058565 ], [ -98.377001881, 19.906045914 ], [ -98.377006234, 19.906042331 ], [ -98.377012892, 19.906036852 ], [ -98.377013166, 19.906036622 ], [ -98.377013187, 19.906036606 ], [ -98.377958519, 19.905258281 ], [ -98.378326319, 19.90493965 ], [ -98.378326377, 19.9049396 ], [ -98.378334634, 19.904932446 ], [ -98.378340434, 19.904927422 ], [ -98.379657139, 19.90378666 ], [ -98.38146305, 19.902262681 ], [ -98.381481791, 19.902246865 ], [ -98.38150046, 19.902231111 ], [ -98.381530743, 19.902248544 ], [ -98.38153088, 19.902248623 ], [ -98.38153105, 19.90224872 ], [ -98.381537139, 19.902252229 ], [ -98.381614284, 19.902296674 ], [ -98.381614658, 19.902296889 ], [ -98.381615339, 19.902297281 ], [ -98.38161915, 19.90229949 ], [ -98.38165465, 19.902383021 ], [ -98.381660963, 19.902397882 ], [ -98.381664381, 19.902405929 ], [ -98.38177879, 19.902675247 ], [ -98.382889457, 19.905289693 ], [ -98.382889472, 19.905289728 ], [ -98.382909217, 19.905336207 ], [ -98.383390455, 19.906468979 ], [ -98.383393, 19.906474971 ], [ -98.383401122, 19.906492739 ], [ -98.383419583, 19.906533123 ], [ -98.383733416, 19.907219649 ], [ -98.383740819, 19.907235844 ], [ -98.384840795, 19.909642038 ], [ -98.384854924, 19.909672944 ], [ -98.384855086, 19.909673297 ], [ -98.38487897, 19.909725545 ], [ -98.384878999, 19.909725608 ], [ -98.384920027, 19.909815352 ], [ -98.384922038, 19.909819751 ], [ -98.385592129, 19.911285527 ], [ -98.385653194, 19.911419101 ], [ -98.385655948, 19.911425125 ], [ -98.385661349, 19.911436941 ], [ -98.38616403, 19.912536481 ], [ -98.386197237, 19.912539787 ], [ -98.386205054, 19.912540566 ], [ -98.390600855, 19.912978133 ], [ -98.39071869, 19.912989861 ], [ -98.39171548, 19.913068061 ], [ -98.392969274, 19.913157576 ], [ -98.39316658, 19.913171661 ], [ -98.393545726, 19.91320784 ], [ -98.3938262, 19.913234603 ], [ -98.39390457, 19.913242081 ], [ -98.393942854, 19.913247859 ], [ -98.39399852, 19.913256261 ], [ -98.396298393, 19.913439444 ], [ -98.396317884, 19.913440996 ], [ -98.396435555, 19.913450367 ], [ -98.396583694, 19.913462165 ], [ -98.39848535, 19.913613601 ], [ -98.400899882, 19.91389587 ], [ -98.400929514, 19.913899333 ], [ -98.400976392, 19.913904813 ], [ -98.40384558, 19.914240181 ], [ -98.404747562, 19.9143541 ], [ -98.40479365, 19.914359921 ], [ -98.404824103, 19.914363766 ], [ -98.40592354, 19.914502621 ], [ -98.406083594, 19.914519073 ], [ -98.406083995, 19.914519115 ], [ -98.406496295, 19.914561495 ], [ -98.406701902, 19.914582628 ], [ -98.406702323, 19.914582671 ], [ -98.406813753, 19.914594124 ], [ -98.406814275, 19.914594178 ], [ -98.406815047, 19.914594257 ], [ -98.407195801, 19.914633393 ], [ -98.40744543, 19.914659051 ], [ -98.407334618, 19.915692318 ], [ -98.407334564, 19.915692813 ], [ -98.40731157, 19.915907226 ], [ -98.407293624, 19.91607456 ], [ -98.40718246, 19.917111091 ], [ -98.40917382, 19.918521691 ], [ -98.40923845, 19.918544237 ], [ -98.409239017, 19.918544436 ], [ -98.41034222, 19.918929291 ], [ -98.41043282, 19.919351691 ], [ -98.41137145, 19.919701261 ], [ -98.41184902, 19.919845981 ], [ -98.41152648, 19.920236571 ], [ -98.41239757, 19.920315891 ], [ -98.41299466, 19.920182051 ], [ -98.41373829, 19.920108111 ], [ -98.41516177, 19.919502851 ], [ -98.41610643, 19.919192821 ], [ -98.41739725, 19.918931851 ], [ -98.41848608, 19.918384201 ], [ -98.41928952, 19.917492231 ], [ -98.41963694, 19.917201951 ], [ -98.42036812, 19.916655371 ], [ -98.42108023, 19.916541741 ], [ -98.42216089, 19.916313351 ], [ -98.422471819, 19.916002581 ], [ -98.4223922, 19.915112251 ], [ -98.42250057, 19.914658521 ], [ -98.42274829, 19.913773771 ], [ -98.42370622, 19.911522321 ], [ -98.42395831, 19.911107461 ], [ -98.42425368, 19.910621571 ], [ -98.42453505, 19.910168421 ], [ -98.4250446, 19.909284511 ], [ -98.42566568, 19.908120911 ], [ -98.42595851, 19.907571721 ], [ -98.42644526, 19.907046921 ], [ -98.42744817, 19.905952251 ], [ -98.42770357, 19.905831081 ], [ -98.42933594, 19.90504902 ], [ -98.42992057, 19.905499251 ], [ -98.43061906, 19.906158281 ], [ -98.4310258, 19.906683621 ], [ -98.43266726, 19.907212631 ], [ -98.43386617, 19.906968651 ], [ -98.43476385, 19.906178091 ], [ -98.43587997, 19.905345661 ], [ -98.4361352, 19.904827461 ], [ -98.43655625, 19.904127141 ], [ -98.43702585, 19.903083541 ], [ -98.43734849, 19.902509851 ], [ -98.43843257, 19.902329221 ], [ -98.43969186, 19.902290111 ], [ -98.439691812, 19.902290026 ], [ -98.43837175, 19.899969951 ], [ -98.43809322, 19.899063181 ], [ -98.43795546, 19.898613181 ], [ -98.43768, 19.897717721 ], [ -98.4373142, 19.896935151 ], [ -98.43724223, 19.895848231 ], [ -98.43704674, 19.895573691 ], [ -98.43513812, 19.895019281 ], [ -98.43320732, 19.89479571 ], [ -98.43204317, 19.894625231 ], [ -98.43119049, 19.893864781 ], [ -98.43075063, 19.893194711 ], [ -98.43053086, 19.89281788 ], [ -98.43044315, 19.892608631 ], [ -98.43032169, 19.892385001 ], [ -98.43036022, 19.892248541 ], [ -98.43132315, 19.892179821 ], [ -98.43135529, 19.891887511 ], [ -98.43140092, 19.891879451 ], [ -98.43187315, 19.891613601 ], [ -98.43222709, 19.891481051 ], [ -98.43243955, 19.891370321 ], [ -98.43281682, 19.891304691 ], [ -98.43319431, 19.891172221 ], [ -98.43350135, 19.89097268 ], [ -98.43387909, 19.890773351 ], [ -98.43402126, 19.890551001 ], [ -98.43416368, 19.890261821 ], [ -98.43429754, 19.890158971 ], [ -98.4339972, 19.890139651 ], [ -98.43438589, 19.889126941 ], [ -98.43445763, 19.888945421 ], [ -98.43548155, 19.888470711 ], [ -98.43546563, 19.888648461 ], [ -98.43574805, 19.88868498 ], [ -98.43586642, 19.888529401 ], [ -98.43584363, 19.888306521 ], [ -98.43584466, 19.888016891 ], [ -98.43589234, 19.887861081 ], [ -98.4360814, 19.887705721 ], [ -98.43624682, 19.887572571 ], [ -98.43643532, 19.887573171 ], [ -98.43700072, 19.887607491 ], [ -98.43742534, 19.887475151 ], [ -98.43773268, 19.887186481 ], [ -98.43796863, 19.887098111 ], [ -98.43799322, 19.886808551 ], [ -98.43801795, 19.886474431 ], [ -98.43754495, 19.885685631 ], [ -98.43731194, 19.884946511 ], [ -98.43736071, 19.884478781 ], [ -98.43759946, 19.884183291 ], [ -98.4378252, 19.88381045 ], [ -98.43809454, 19.883523061 ], [ -98.43830794, 19.883144981 ], [ -98.43830974, 19.882632551 ], [ -98.43809995, 19.881985771 ], [ -98.43788909, 19.881606061 ], [ -98.4377254, 19.881293911 ], [ -98.43758535, 19.880914711 ], [ -98.43758623, 19.880669631 ], [ -98.43761097, 19.880335511 ], [ -98.43789466, 19.880069051 ], [ -98.43803828, 19.879897971 ], [ -98.43827322, 19.879624651 ], [ -98.43839197, 19.879357661 ], [ -98.43848526, 19.878895751 ], [ -98.43847829, 19.878739341 ], [ -98.43849392, 19.878568771 ], [ -98.43847952, 19.878391001 ], [ -98.43850994, 19.878291571 ], [ -98.43869825, 19.878192631 ], [ -98.43896945, 19.878037081 ], [ -98.4391876, 19.878002231 ], [ -98.43933695, 19.877865451 ], [ -98.43944154, 19.877752651 ], [ -98.43952529, 19.877658581 ], [ -98.43957834, 19.877573381 ], [ -98.4396762, 19.877513921 ], [ -98.44091703, 19.877425801 ], [ -98.44143125, 19.877540171 ], [ -98.44160577, 19.877626981 ], [ -98.44179751, 19.877713031 ], [ -98.44198408, 19.877836031 ], [ -98.44223257, 19.877998771 ], [ -98.44240491, 19.878162821 ], [ -98.44264423, 19.878340821 ], [ -98.44316192, 19.878828031 ], [ -98.44339417, 19.879063351 ], [ -98.44349563, 19.879137221 ], [ -98.4434452, 19.87924105 ], [ -98.44340318, 19.879331091 ], [ -98.44369872, 19.879728921 ], [ -98.44388038, 19.879931321 ], [ -98.44403006, 19.880057981 ], [ -98.4442042, 19.880115621 ], [ -98.44435695, 19.880078311 ], [ -98.44445462, 19.880099941 ], [ -98.44455915, 19.880306431 ], [ -98.44467118, 19.880520051 ], [ -98.44476068, 19.880726491 ], [ -98.44481998, 19.880968381 ], [ -98.44487202, 19.881139171 ], [ -98.4449242, 19.881267291 ], [ -98.44501417, 19.881338661 ], [ -98.44520952, 19.881374821 ], [ -98.44558545, 19.881376001 ], [ -98.44569769, 19.881528051 ], [ -98.44575757, 19.881606431 ], [ -98.4458626, 19.881670741 ], [ -98.44596029, 19.881685261 ], [ -98.44605062, 19.881657111 ], [ -98.44611854, 19.881579121 ], [ -98.44620142, 19.881529621 ], [ -98.44631538, 19.881465981 ], [ -98.44645826, 19.881459321 ], [ -98.44660091, 19.881516651 ], [ -98.44672085, 19.881616541 ], [ -98.44673529, 19.881787201 ], [ -98.44674992, 19.881908111 ], [ -98.44683974, 19.882022121 ], [ -98.44692966, 19.882107721 ], [ -98.44705735, 19.882143661 ], [ -98.44710502, 19.882195511 ], [ -98.4473344, 19.882770741 ], [ -98.44830325, 19.885159371 ], [ -98.44932405, 19.887793051 ], [ -98.44941342, 19.888273891 ], [ -98.45035849, 19.888643751 ], [ -98.45061469, 19.887095091 ], [ -98.45305674, 19.887871261 ], [ -98.45349202, 19.887582771 ], [ -98.45448872, 19.886902541 ], [ -98.4572544, 19.889043581 ], [ -98.45849174, 19.888335861 ], [ -98.45775266, 19.886530891 ], [ -98.45777885, 19.886379601 ], [ -98.45792894, 19.885759861 ], [ -98.45802058, 19.884975251 ], [ -98.45808338, 19.884366371 ], [ -98.45800617, 19.884095201 ], [ -98.45769442, 19.883847941 ], [ -98.45748662, 19.883674891 ], [ -98.45704463, 19.883427251 ], [ -98.456707, 19.883130651 ], [ -98.45657777, 19.882834691 ], [ -98.45644828, 19.882612621 ], [ -98.45642291, 19.882415491 ], [ -98.45626745, 19.882168721 ], [ -98.456111749, 19.881995831 ], [ -98.45593, 19.881822861 ], [ -98.45575435, 19.881629521 ], [ -98.45561974, 19.881297941 ], [ -98.45546357, 19.881107151 ], [ -98.45520375, 19.88090931 ], [ -98.45504258, 19.880770771 ], [ -98.45495006, 19.880643321 ], [ -98.4553124, 19.880441821 ], [ -98.45452828, 19.878489661 ], [ -98.45379469, 19.876748061 ], [ -98.45331237, 19.875471121 ], [ -98.45305266, 19.875139031 ], [ -98.45368315, 19.874429321 ], [ -98.45433074, 19.873725541 ], [ -98.4550544, 19.872720151 ], [ -98.45527223, 19.872524201 ], [ -98.45541343, 19.87217728 ], [ -98.45582826, 19.870587521 ], [ -98.45603855, 19.869577261 ], [ -98.45817746, 19.868873571 ], [ -98.45895274, 19.868699431 ], [ -98.46101485, 19.869031201 ], [ -98.46091265, 19.869914221 ], [ -98.46087849, 19.870678351 ], [ -98.46082095, 19.871145201 ], [ -98.46137343, 19.872354661 ], [ -98.46211646, 19.872132451 ], [ -98.46529635, 19.871088321 ], [ -98.46572434, 19.871393651 ], [ -98.46638303, 19.871659921 ], [ -98.46717197, 19.872279711 ], [ -98.46789354, 19.872476851 ], [ -98.46837415, 19.872738251 ], [ -98.46888926, 19.872967261 ], [ -98.46900546, 19.872997571 ], [ -98.46934626, 19.873017651 ], [ -98.46964966, 19.873034491 ], [ -98.46990285, 19.872939581 ], [ -98.4701396, 19.872717111 ], [ -98.47039343, 19.872430921 ], [ -98.470647, 19.872224431 ], [ -98.47081595, 19.872113341 ], [ -98.47135552, 19.872083061 ], [ -98.47174337, 19.872052321 ], [ -98.47231638, 19.872101851 ], [ -98.47292291, 19.87221523 ], [ -98.47346195, 19.872344371 ], [ -98.47391655, 19.872521061 ], [ -98.47450632, 19.872602511 ], [ -98.47491882, 19.872778481 ], [ -98.47515478, 19.872795121 ], [ -98.47532378, 19.872668091 ], [ -98.47549289, 19.872509171 ], [ -98.47567871, 19.872398121 ], [ -98.47589791, 19.872382831 ], [ -98.47621811, 19.872415651 ], [ -98.47648785, 19.872416451 ], [ -98.47674062, 19.872449081 ], [ -98.47697632, 19.87254542 ], [ -98.47714443, 19.872689381 ], [ -98.47732946, 19.872817451 ], [ -98.47763265, 19.872898051 ], [ -98.47790238, 19.872898851 ], [ -98.47827331, 19.872883981 ], [ -98.47871185, 19.872821511 ], [ -98.47916754, 19.872663421 ], [ -98.48107418, 19.872158861 ], [ -98.48263543, 19.871871571 ], [ -98.48343749, 19.872514861 ], [ -98.48439143, 19.873269981 ], [ -98.48582057, 19.874403661 ], [ -98.48625229, 19.874743771 ], [ -98.50039235, 19.86856943 ], [ -98.50909446, 19.869755651 ], [ -98.50915088, 19.869763171 ], [ -98.5143346, 19.870484821 ], [ -98.51440069, 19.870493621 ], [ -98.51443688, 19.870466541 ], [ -98.52215548, 19.871493311 ], [ -98.52223822, 19.871209741 ], [ -98.52251218, 19.870875081 ], [ -98.52297668, 19.870721541 ], [ -98.52333177, 19.870645091 ], [ -98.52382348, 19.870517401 ], [ -98.52428806, 19.870338051 ], [ -98.52461638, 19.870080941 ], [ -98.52494548, 19.869565851 ], [ -98.52524657, 19.86928286 ], [ -98.52530285, 19.869473621 ], [ -98.52538335, 19.869938201 ], [ -98.52538082, 19.870789551 ], [ -98.52535268, 19.871073281 ], [ -98.52524211, 19.871537351 ], [ -98.52510478, 19.871820781 ], [ -98.52417594, 19.872076291 ], [ -98.52431195, 19.872231451 ], [ -98.52444783, 19.872438201 ], [ -98.52455578, 19.872851281 ], [ -98.52458092, 19.873573711 ], [ -98.52466143, 19.874038291 ], [ -98.52471478, 19.874451221 ], [ -98.5248768, 19.875045031 ], [ -98.52501145, 19.875664551 ], [ -98.52527882, 19.876189511 ], [ -98.52545714, 19.876642691 ], [ -98.52624043, 19.877619751 ], [ -98.52712312, 19.878225661 ], [ -98.52773995, 19.878715681 ], [ -98.52786795, 19.879317151 ], [ -98.52801252, 19.879738311 ], [ -98.52827478, 19.880229921 ], [ -98.52846625, 19.880686051 ], [ -98.52867631, 19.880882851 ], [ -98.52900798, 19.881237461 ], [ -98.52923897, 19.881460851 ], [ -98.52951022, 19.881646351 ], [ -98.53026668, 19.882180981 ], [ -98.53065743, 19.882859181 ], [ -98.53087897, 19.883606121 ], [ -98.53139426, 19.885047171 ], [ -98.53228625, 19.886081121 ], [ -98.53257851, 19.886252581 ], [ -98.53296731, 19.886691881 ], [ -98.53381438, 19.887359691 ], [ -98.53419229, 19.887168981 ], [ -98.53431311, 19.886643651 ], [ -98.53640355, 19.886622111 ], [ -98.53658674, 19.886733281 ], [ -98.53721826, 19.887203421 ], [ -98.53733415, 19.88761423 ], [ -98.53586115, 19.889967031 ], [ -98.53583915, 19.890025691 ], [ -98.53521571, 19.890953911 ], [ -98.53494375, 19.891385941 ], [ -98.53492438, 19.891443881 ], [ -98.53474614, 19.892765031 ], [ -98.53466112, 19.893307091 ], [ -98.53447754, 19.894762291 ], [ -98.53419569, 19.896887081 ], [ -98.53396071, 19.898618431 ], [ -98.53379326, 19.899904751 ], [ -98.53360458, 19.901300951 ], [ -98.53430391, 19.901759981 ], [ -98.53537242, 19.902492911 ], [ -98.53553428, 19.902604481 ], [ -98.53323565, 19.903318741 ], [ -98.53221058, 19.903632631 ], [ -98.53133382, 19.903912461 ], [ -98.53039115, 19.904216461 ], [ -98.5303584, 19.904251861 ], [ -98.52990175, 19.905068201 ], [ -98.52929866, 19.906881171 ], [ -98.52922885, 19.906883601 ], [ -98.52922732, 19.906900461 ], [ -98.52830085, 19.906889251 ], [ -98.52806388, 19.908484001 ], [ -98.52863625, 19.909110201 ], [ -98.52864995, 19.909118971 ], [ -98.52897057, 19.909662551 ], [ -98.52901854, 19.909911981 ], [ -98.52916194, 19.910533881 ], [ -98.52963845, 19.911124621 ], [ -98.52981626, 19.911702141 ], [ -98.52986877, 19.912160541 ], [ -98.52993843, 19.912890521 ], [ -98.52990037, 19.913620251 ], [ -98.52980146, 19.916712001 ], [ -98.53005246, 19.916831481 ], [ -98.53035726, 19.916968061 ], [ -98.53071634, 19.916969001 ], [ -98.53102174, 19.916901921 ], [ -98.5313096, 19.916699021 ], [ -98.53138437, 19.916620911 ], [ -98.53158263, 19.916758221 ], [ -98.53174346, 19.91701322 ], [ -98.53235248, 19.917490051 ], [ -98.5332114, 19.918459721 ], [ -98.53351592, 19.918698141 ], [ -98.53369506, 19.918834381 ], [ -98.53394572, 19.919072661 ], [ -98.534322, 19.919328231 ], [ -98.53441172, 19.919345431 ], [ -98.53464442, 19.919583661 ], [ -98.5347516, 19.919770631 ], [ -98.53502031, 19.919975001 ], [ -98.53521735, 19.920128281 ], [ -98.53546846, 19.920213781 ], [ -98.53579128, 19.92033345 ], [ -98.53597057, 19.920418771 ], [ -98.53656235, 19.920657921 ], [ -98.53704662, 19.920828911 ], [ -98.5373938, 19.920946381 ], [ -98.53738988, 19.921310631 ], [ -98.53812317, 19.921257741 ], [ -98.53886572, 19.921443881 ], [ -98.53890851, 19.921444151 ], [ -98.53887605, 19.92210831 ], [ -98.53889406, 19.922246911 ], [ -98.53868152, 19.922833661 ], [ -98.53831229, 19.923172691 ], [ -98.53803871, 19.923634851 ], [ -98.53835323, 19.92421743 ], [ -98.53844252, 19.924387381 ], [ -98.53874685, 19.924693681 ], [ -98.53876388, 19.925016201 ], [ -98.53885255, 19.925389821 ], [ -98.53894169, 19.925610691 ], [ -98.53926434, 19.925798221 ], [ -98.53969518, 19.925816311 ], [ -98.54000012, 19.925918941 ], [ -98.54026969, 19.925834771 ], [ -98.54057495, 19.925818581 ], [ -98.54088051, 19.925962721 ], [ -98.54123523, 19.925994381 ], [ -98.54152297, 19.926207201 ], [ -98.54178178, 19.926330971 ], [ -98.54206411, 19.926352781 ], [ -98.5422686, 19.926417801 ], [ -98.54241331, 19.926576001 ], [ -98.54257971, 19.926717171 ], [ -98.54288337, 19.926794821 ], [ -98.54309778, 19.926947031 ], [ -98.54342712, 19.927177891 ], [ -98.54361805, 19.92733455 ], [ -98.54373248, 19.92756437 ], [ -98.54384037, 19.927806231 ], [ -98.54391049, 19.927922021 ], [ -98.54405966, 19.927943091 ], [ -98.5441986, 19.927875541 ], [ -98.54436218, 19.927820341 ], [ -98.54450971, 19.927906201 ], [ -98.54475297, 19.92806038 ], [ -98.54499611, 19.928116751 ], [ -98.54507646, 19.928134521 ], [ -98.54532152, 19.928094941 ], [ -98.54550369, 19.928070401 ], [ -98.54568709, 19.928022151 ], [ -98.54583168, 19.927978311 ], [ -98.54605291, 19.927974001 ], [ -98.54619035, 19.927940831 ], [ -98.54633883, 19.927907351 ], [ -98.54662389, 19.927843801 ], [ -98.54758994, 19.927474541 ], [ -98.54716468, 19.929255771 ], [ -98.54676022, 19.931010741 ], [ -98.54666331, 19.931637311 ], [ -98.54603735, 19.932298711 ], [ -98.54546038, 19.932948541 ], [ -98.54546552, 19.93294895 ], [ -98.54979589, 19.933295651 ], [ -98.5499928, 19.933348851 ], [ -98.55110782, 19.933360371 ], [ -98.55112922, 19.933364251 ], [ -98.55499795, 19.933561141 ], [ -98.55540538, 19.933548861 ], [ -98.55571975, 19.933554691 ], [ -98.55689331, 19.933617891 ], [ -98.55749783, 19.933642351 ], [ -98.55791157, 19.933659821 ], [ -98.55899746, 19.933784621 ], [ -98.55985891, 19.933877551 ], [ -98.56081509, 19.933967401 ], [ -98.56166192, 19.93407289 ], [ -98.56221994, 19.934158881 ], [ -98.56290432, 19.934217821 ], [ -98.56370912, 19.934295341 ], [ -98.56969548, 19.934376601 ], [ -98.56928588, 19.937966581 ], [ -98.56902786, 19.941077621 ], [ -98.56902877, 19.94109623 ], [ -98.56909092, 19.941093721 ], [ -98.56902391, 19.941754911 ], [ -98.56899942, 19.941775941 ], [ -98.5683578, 19.943659291 ], [ -98.56848118, 19.943688481 ], [ -98.56939365, 19.943933231 ], [ -98.57047475, 19.944244261 ], [ -98.5709846, 19.944439661 ], [ -98.57101786, 19.944449291 ], [ -98.57144565, 19.944601661 ], [ -98.57243402, 19.944935401 ], [ -98.57246026, 19.944949021 ], [ -98.57341791, 19.945283521 ], [ -98.57356415, 19.945326311 ], [ -98.57434095, 19.945612401 ], [ -98.57461795, 19.945708141 ], [ -98.57466148, 19.945737051 ], [ -98.57516063, 19.945904631 ], [ -98.57533672, 19.945955911 ], [ -98.57481325, 19.946776921 ], [ -98.57198243, 19.951230251 ], [ -98.57216845, 19.951311681 ], [ -98.57227051, 19.951330491 ], [ -98.57412929, 19.951572451 ], [ -98.57687168, 19.951915051 ], [ -98.58132491, 19.952497911 ], [ -98.58310772, 19.952859021 ], [ -98.58382226, 19.953470051 ], [ -98.58442932, 19.953894461 ], [ -98.58705242, 19.953190351 ], [ -98.58711814, 19.957696291 ], [ -98.58746112, 19.957198581 ], [ -98.58808957, 19.956517511 ], [ -98.58871274, 19.955747251 ], [ -98.58998235, 19.954436181 ], [ -98.59049858, 19.954655631 ], [ -98.59203972, 19.955296371 ], [ -98.59302394, 19.955694751 ], [ -98.59439869, 19.956281171 ], [ -98.59390983, 19.957028941 ], [ -98.59335432, 19.957803691 ], [ -98.59284366, 19.95859291 ], [ -98.59235554, 19.959295091 ], [ -98.59229558, 19.959350601 ], [ -98.5917706, 19.960038881 ], [ -98.59125689, 19.960764291 ], [ -98.59120057, 19.960834571 ], [ -98.59061714, 19.961646321 ], [ -98.59018126, 19.962287341 ], [ -98.5899988, 19.962446971 ], [ -98.58961202, 19.963007351 ], [ -98.58886383, 19.963976151 ], [ -98.58833894, 19.964268911 ], [ -98.58781918, 19.964550971 ], [ -98.58731752, 19.964935661 ], [ -98.58740986, 19.965755451 ], [ -98.58732832, 19.972106981 ], [ -98.58698334, 19.972690221 ], [ -98.58595615, 19.972143691 ], [ -98.58558611, 19.972017461 ], [ -98.58526252, 19.975118821 ], [ -98.58777294, 19.975284571 ], [ -98.58753188, 19.975727381 ], [ -98.58731011, 19.976075091 ], [ -98.58782991, 19.976339691 ], [ -98.58739083, 19.976981661 ], [ -98.58693735, 19.977773221 ], [ -98.58651123, 19.978566261 ], [ -98.58600854, 19.979311091 ], [ -98.58555546, 19.980101081 ], [ -98.58514074, 19.980886151 ], [ -98.58471291, 19.981679151 ], [ -98.58442072, 19.982216111 ], [ -98.58437577, 19.982250681 ], [ -98.58332383, 19.982133111 ], [ -98.5827818, 19.982170051 ], [ -98.58227528, 19.982260251 ], [ -98.58210045, 19.982286601 ], [ -98.58182234, 19.982343121 ], [ -98.58178963, 19.982377711 ], [ -98.58174772, 19.982437401 ], [ -98.58140689, 19.982733051 ], [ -98.58083148, 19.983259081 ], [ -98.58167414, 19.984105421 ], [ -98.58180083, 19.98422257 ], [ -98.58283451, 19.985232631 ], [ -98.58333757, 19.985717141 ], [ -98.58476631, 19.987091851 ], [ -98.58545991, 19.987738581 ], [ -98.58589165, 19.988196341 ], [ -98.5800298, 19.987678141 ], [ -98.57978545, 19.987641821 ], [ -98.57997765, 19.987708281 ], [ -98.58019277, 19.987873601 ], [ -98.58054162, 19.988201481 ], [ -98.58078989, 19.988594321 ], [ -98.58089437, 19.988763341 ], [ -98.58144514, 19.989320141 ], [ -98.58184263, 19.989552981 ], [ -98.58496728, 19.991212691 ], [ -98.58502954, 19.991247771 ], [ -98.58694111, 19.992204941 ], [ -98.58700528, 19.99223735 ], [ -98.58264931, 19.999507201 ], [ -98.58307978, 19.999775981 ], [ -98.58400492, 20.000269971 ], [ -98.58458769, 20.000547481 ], [ -98.58495608, 20.000750031 ], [ -98.58543646, 20.000974031 ], [ -98.58693757, 20.001746121 ], [ -98.58785003, 20.002224231 ], [ -98.58903363, 20.002822831 ], [ -98.5891504, 20.003085401 ], [ -98.58934165, 20.00405712 ], [ -98.58983102, 20.004375181 ], [ -98.59046495, 20.004221221 ], [ -98.59148511, 20.005668221 ], [ -98.59320988, 20.007098851 ], [ -98.59330643, 20.007092981 ], [ -98.595864349, 20.00374636 ], [ -98.595895767, 20.003705253 ], [ -98.597027135, 20.002224978 ], [ -98.597078456, 20.002157829 ], [ -98.59754334, 20.001549566 ], [ -98.59760138, 20.001473625 ], [ -98.597771002, 20.001251688 ], [ -98.597803422, 20.001209267 ], [ -98.59875055, 19.999970001 ], [ -98.60061071, 20.001497741 ], [ -98.600594242, 20.001540223 ], [ -98.60056858, 20.001606421 ], [ -98.600562938, 20.001619817 ], [ -98.60053813, 20.001678724 ], [ -98.600165929, 20.002562494 ], [ -98.600151043, 20.002597841 ], [ -98.60012622, 20.002656781 ], [ -98.600112362, 20.002718387 ], [ -98.60010995, 20.002729111 ], [ -98.59997851, 20.003030151 ], [ -98.60001311, 20.003154021 ], [ -98.60006406, 20.003136551 ], [ -98.60007818, 20.003143125 ], [ -98.60010289, 20.003154631 ], [ -98.60044229, 20.004326891 ], [ -98.60020935, 20.005553021 ], [ -98.61282351, 20.0156746 ], [ -98.61370163, 20.016415741 ], [ -98.61449163, 20.017012921 ], [ -98.61508745, 20.017490941 ], [ -98.61518348, 20.017567511 ], [ -98.61620989, 20.017715061 ], [ -98.61760735, 20.018005461 ], [ -98.61837846, 20.018164341 ], [ -98.61897332, 20.018293021 ], [ -98.61961666, 20.018461921 ], [ -98.62022518, 20.018628771 ], [ -98.62057668, 20.018626541 ], [ -98.6202666, 20.018881541 ], [ -98.61986382, 20.019085221 ], [ -98.61942175, 20.019412221 ], [ -98.61778642, 20.021296771 ], [ -98.61602631, 20.023254831 ], [ -98.61359685, 20.026346251 ], [ -98.6098554, 20.03043048 ], [ -98.608527664, 20.031902089 ], [ -98.608231169, 20.032230708 ], [ -98.608188496, 20.032278004 ], [ -98.608008712, 20.032477264 ], [ -98.60800738, 20.032478741 ], [ -98.607985918, 20.032505071 ], [ -98.607938695, 20.032563005 ], [ -98.60733377, 20.033305144 ], [ -98.606762938, 20.034005446 ], [ -98.60517592, 20.035952371 ], [ -98.605101629, 20.035963799 ], [ -98.605093216, 20.035965093 ], [ -98.60495516, 20.035986329 ], [ -98.60485665, 20.036001481 ], [ -98.60289515, 20.036454821 ], [ -98.6012976, 20.03679877 ], [ -98.60030425, 20.037091981 ], [ -98.60082706, 20.038018741 ], [ -98.60078394, 20.038582861 ], [ -98.60064418, 20.038884341 ], [ -98.60067089, 20.039317421 ], [ -98.60067, 20.039671691 ], [ -98.60064154, 20.03993406 ], [ -98.6004326, 20.040117291 ], [ -98.60019558, 20.040405431 ], [ -98.60016729, 20.040602181 ], [ -98.60025005, 20.040851681 ], [ -98.60030514, 20.041048631 ], [ -98.60034638, 20.041232421 ], [ -98.60022086, 20.041402721 ], [ -98.60007845, 20.041510261 ], [ -98.59989732, 20.041680431 ], [ -98.59979954, 20.041877051 ], [ -98.59970182, 20.042047401 ], [ -98.59964572, 20.042244091 ], [ -98.59953395, 20.042466911 ], [ -98.59953349, 20.042650601 ], [ -98.599436, 20.042729111 ], [ -98.59908829, 20.042820181 ], [ -98.59878218, 20.042950691 ], [ -98.59843314, 20.043566621 ], [ -98.59807997, 20.044253181 ], [ -98.59792294, 20.044840121 ], [ -98.59778565, 20.045316981 ], [ -98.59778468, 20.045544321 ], [ -98.59751328, 20.046045031 ], [ -98.5924606, 20.052477431 ], [ -98.59109052, 20.054066861 ], [ -98.59160735, 20.054978451 ], [ -98.591362498, 20.055250343 ], [ -98.59135182, 20.055262201 ], [ -98.591331658, 20.055284587 ], [ -98.59081663, 20.055856431 ], [ -98.59078914, 20.055886951 ], [ -98.588304396, 20.058566254 ], [ -98.58826853, 20.058604929 ], [ -98.58462356, 20.062535051 ], [ -98.584615, 20.06254428 ], [ -98.584585783, 20.062575782 ], [ -98.584577916, 20.062584263 ], [ -98.584568045, 20.062594906 ], [ -98.584308577, 20.06287466 ], [ -98.584290213, 20.06289446 ], [ -98.584263445, 20.062923321 ], [ -98.582326387, 20.06501178 ], [ -98.582305559, 20.065034236 ], [ -98.582283577, 20.065057936 ], [ -98.57988262, 20.067646431 ], [ -98.579174061, 20.067329241 ], [ -98.579144033, 20.0673158 ], [ -98.57912315, 20.067306451 ], [ -98.579026187, 20.067404673 ], [ -98.579002764, 20.0674284 ], [ -98.57895246, 20.067479359 ], [ -98.57879986, 20.067633941 ], [ -98.57841817, 20.068020571 ], [ -98.57770925, 20.068792181 ], [ -98.57684725, 20.069711831 ], [ -98.57592892, 20.070752851 ], [ -98.575989029, 20.070815357 ], [ -98.575996713, 20.070823347 ], [ -98.57734412, 20.072224481 ], [ -98.577602334, 20.072420359 ], [ -98.57760985, 20.072426061 ], [ -98.57779678, 20.072386757 ], [ -98.57782554, 20.072380711 ], [ -98.57850308, 20.071738891 ], [ -98.578854805, 20.071319676 ], [ -98.57888623, 20.071282221 ], [ -98.579036817, 20.071102738 ], [ -98.57907025, 20.071062891 ], [ -98.579095528, 20.071032759 ], [ -98.57929415, 20.070796001 ], [ -98.57951489, 20.070662121 ], [ -98.57952346, 20.07065771 ], [ -98.579528111, 20.070655315 ], [ -98.579553709, 20.070642141 ], [ -98.57956308, 20.070637321 ], [ -98.57958382, 20.070626002 ], [ -98.580019152, 20.070388404 ], [ -98.580061444, 20.070365322 ], [ -98.58063106, 20.070054431 ], [ -98.58294598, 20.072379521 ], [ -98.58292038, 20.07244877 ], [ -98.58212332, 20.073105741 ], [ -98.58262428, 20.073647111 ], [ -98.58266849, 20.073843551 ], [ -98.58279815, 20.073985781 ], [ -98.58327194, 20.074548321 ], [ -98.58367212, 20.074254231 ], [ -98.58498642, 20.075450341 ], [ -98.58650606, 20.077073621 ], [ -98.58675975, 20.07738143 ], [ -98.58756774, 20.07633285 ], [ -98.58921522, 20.074255941 ], [ -98.59035314, 20.073413141 ], [ -98.59083226, 20.073058001 ], [ -98.59178089, 20.072364661 ], [ -98.592842, 20.071706061 ], [ -98.59360538, 20.071269201 ], [ -98.59449849, 20.070990541 ], [ -98.59574332, 20.071309181 ], [ -98.59680169, 20.071837941 ], [ -98.59757651, 20.071815151 ], [ -98.5985638, 20.070070321 ], [ -98.60074323, 20.072130891 ], [ -98.59952092, 20.07265982 ], [ -98.59901909, 20.073060051 ], [ -98.60043669, 20.073312971 ], [ -98.60053985, 20.073733061 ], [ -98.59894231, 20.075979491 ], [ -98.59848735, 20.076674251 ], [ -98.59834768, 20.076884031 ], [ -98.59745, 20.078237431 ], [ -98.59595391, 20.080490831 ], [ -98.59623662, 20.081205711 ], [ -98.59765543, 20.081803971 ], [ -98.59790243, 20.081805541 ], [ -98.59905388, 20.083830021 ], [ -98.5998338, 20.084612431 ], [ -98.60050243, 20.085099321 ], [ -98.60126078, 20.085009691 ], [ -98.60279112, 20.085820021 ], [ -98.60283703, 20.085895171 ], [ -98.60291535, 20.086011971 ], [ -98.603139, 20.086394121 ], [ -98.60325578, 20.086632401 ], [ -98.60305768, 20.086888311 ], [ -98.60279811, 20.087039201 ], [ -98.60262471, 20.087283511 ], [ -98.60256205, 20.08765623 ], [ -98.6025366, 20.087947481 ], [ -98.602412459, 20.088238511 ], [ -98.60214003, 20.08859911 ], [ -98.60188975, 20.088779371 ], [ -98.60140648, 20.088389291 ], [ -98.60060331, 20.088847911 ], [ -98.60002783, 20.089123571 ], [ -98.59931483, 20.089647461 ], [ -98.59866677, 20.090119571 ], [ -98.59817014, 20.090664151 ], [ -98.59762868, 20.091755061 ], [ -98.59721577, 20.092688251 ], [ -98.59642894, 20.093486751 ], [ -98.59477123, 20.094171821 ], [ -98.59450677, 20.094228151 ], [ -98.59447585, 20.094361381 ], [ -98.59525311, 20.094781291 ], [ -98.59523174, 20.094789571 ], [ -98.59469702, 20.094973581 ], [ -98.59472351, 20.095010461 ], [ -98.59446418, 20.095315651 ], [ -98.594448, 20.095319121 ], [ -98.59404745, 20.095439741 ], [ -98.59378231, 20.095520371 ], [ -98.59383531, 20.095653261 ], [ -98.59382514, 20.095765781 ], [ -98.59391228, 20.096256291 ], [ -98.59405137, 20.096678181 ], [ -98.5939822, 20.096736571 ], [ -98.59431992, 20.097273181 ], [ -98.594391032, 20.097395478 ], [ -98.594398971, 20.097409131 ], [ -98.59474851, 20.098010261 ], [ -98.59473863, 20.098027341 ], [ -98.59470951, 20.098093851 ], [ -98.59414177, 20.098966831 ], [ -98.59413557, 20.099061821 ], [ -98.59401298, 20.099324781 ], [ -98.593885087, 20.099456081 ], [ -98.593869773, 20.099471803 ], [ -98.59385082, 20.099491261 ], [ -98.59383374, 20.099498881 ], [ -98.593664254, 20.099554236 ], [ -98.593632, 20.099564771 ], [ -98.593551019, 20.099584486 ], [ -98.59339035, 20.0996236 ], [ -98.59310983, 20.099682181 ], [ -98.59290952, 20.099693851 ], [ -98.59247617, 20.099734861 ], [ -98.592284, 20.099813691 ], [ -98.59191562, 20.099886681 ], [ -98.59188978, 20.099907051 ], [ -98.591893413, 20.100083202 ], [ -98.59189349, 20.100086921 ], [ -98.591890397, 20.100081184 ], [ -98.5918342, 20.099976941 ], [ -98.59097492, 20.099276451 ], [ -98.590845519, 20.099047759 ], [ -98.59083052, 20.099021251 ], [ -98.590365469, 20.098948481 ], [ -98.590364, 20.098948251 ], [ -98.59015792, 20.099079981 ], [ -98.58996582, 20.099152541 ], [ -98.589622739, 20.099295381 ], [ -98.58943646, 20.099416404 ], [ -98.589785809, 20.099674539 ], [ -98.589795204, 20.099681481 ], [ -98.59047712, 20.10018535 ], [ -98.590528482, 20.100223302 ], [ -98.59054303, 20.100234051 ], [ -98.5905032, 20.100303151 ], [ -98.590834162, 20.100508833 ], [ -98.590868349, 20.100530079 ], [ -98.591054774, 20.100645935 ], [ -98.59120337, 20.100738281 ], [ -98.59159436, 20.10106118 ], [ -98.591720841, 20.101165633 ], [ -98.592637636, 20.101922754 ], [ -98.592957148, 20.102186617 ], [ -98.59300668, 20.102227521 ], [ -98.5930598, 20.102265051 ], [ -98.59307415, 20.10227518 ], [ -98.59311432, 20.102303551 ], [ -98.593141389, 20.102321584 ], [ -98.59315638, 20.102331571 ], [ -98.59313434, 20.102554581 ], [ -98.59313366, 20.102816821 ], [ -98.593131063, 20.102876862 ], [ -98.59312025, 20.103126711 ], [ -98.593153006, 20.103184414 ], [ -98.593200958, 20.103268886 ], [ -98.59327654, 20.103402031 ], [ -98.593353338, 20.103415397 ], [ -98.59352406, 20.103445111 ], [ -98.59393103, 20.103417781 ], [ -98.59391551, 20.103460383 ], [ -98.593879668, 20.10355877 ], [ -98.59386754, 20.103592061 ], [ -98.59297188, 20.10523885 ], [ -98.592946215, 20.105286039 ], [ -98.58562265, 20.118749771 ], [ -98.58385915, 20.122003741 ], [ -98.60192474, 20.11792391 ], [ -98.60175234, 20.118125281 ], [ -98.6013814, 20.118466001 ], [ -98.60096126, 20.118767821 ], [ -98.60058228, 20.119038661 ], [ -98.59996471, 20.119340031 ], [ -98.59918434, 20.119665001 ], [ -98.59874915, 20.119876231 ], [ -98.59858392, 20.120017341 ], [ -98.59826875, 20.120186401 ], [ -98.59801383, 20.120235351 ], [ -98.59763897, 20.12029109 ], [ -98.59722205, 20.120226511 ], [ -98.59678191, 20.120425851 ], [ -98.59659962, 20.120582831 ], [ -98.59623509, 20.120853881 ], [ -98.595901, 20.121082081 ], [ -98.59538535, 20.121181061 ], [ -98.59503626, 20.121337661 ], [ -98.59470231, 20.121522941 ], [ -98.59432285, 20.121708091 ], [ -98.59405143, 20.121835581 ], [ -98.59396102, 20.122089481 ], [ -98.59375522, 20.122793601 ], [ -98.59335205, 20.123479421 ], [ -98.59251131, 20.124403691 ], [ -98.59118698, 20.12529382 ], [ -98.59024066, 20.125896201 ], [ -98.58976151, 20.126200831 ], [ -98.58881603, 20.126468941 ], [ -98.58767965, 20.12657246 ], [ -98.58643692, 20.126181231 ] ] ] ] } },
{ "type": "Feature", "properties": { "cvegeo": "21053", "cve_ent": "21", "cve_mun": "053", "nomgeo": "Chignahuapan", "state_code": "21", "state_name": "Puebla" }, "geometry": { "type": "MultiPolygon", "coordinates": [ [ [ [ -98.157452969, 19.97508977 ], [ -98.15738871, 19.975011851 ], [ -98.157152139, 19.97472492 ], [ -98.15627892, 19.973968261 ], [ -98.15619594, 19.973900281 ], [ -98.15515717, 19.973067919 ], [ -98.15488711, 19.97219348 ], [ -98.154613059, 19.97129365 ], [ -98.15431974, 19.970356941 ], [ -98.154990029, 19.969670951 ], [ -98.15521428, 19.96944629 ], [ -98.15535082, 19.969311141 ], [ -98.15567174, 19.96901185 ], [ -98.155987309, 19.968712461 ], [ -98.15699769, 19.96785649 ], [ -98.15705671, 19.967828461 ], [ -98.157058399, 19.967769231 ], [ -98.157056619, 19.96770648 ], [ -98.15708034, 19.96738269 ], [ -98.15712209, 19.96704652 ], [ -98.157000139, 19.966745941 ], [ -98.156825849, 19.966576681 ], [ -98.1562504, 19.96622698 ], [ -98.155429649, 19.96589026 ], [ -98.155394229, 19.965845781 ], [ -98.155364149, 19.96521654 ], [ -98.1553448, 19.964167151 ], [ -98.155031829, 19.963743551 ], [ -98.155241419, 19.962774651 ], [ -98.155321979, 19.962284821 ], [ -98.15489614, 19.96063345 ], [ -98.15480655, 19.960429821 ], [ -98.154712979, 19.960220281 ], [ -98.15461452, 19.959809981 ], [ -98.15446683, 19.95909363 ], [ -98.154323449, 19.95880903 ], [ -98.154180339, 19.95838355 ], [ -98.15412595, 19.95792269 ], [ -98.154055879, 19.95748771 ], [ -98.1539794, 19.956979821 ], [ -98.15400643, 19.9564556 ], [ -98.15377731, 19.95579831 ], [ -98.153653889, 19.955602141 ], [ -98.15355414, 19.955334031 ], [ -98.153480019, 19.955027781 ], [ -98.15336275, 19.95458229 ], [ -98.153347059, 19.954268311 ], [ -98.15324606, 19.95386686 ], [ -98.15302032, 19.95343062 ], [ -98.15288275, 19.953074541 ], [ -98.152959449, 19.95261598 ], [ -98.152932109, 19.95201272 ], [ -98.152810419, 19.951583571 ], [ -98.15280957, 19.951079431 ], [ -98.15323035, 19.95062571 ], [ -98.15328705, 19.95048011 ], [ -98.15276866, 19.9504104 ], [ -98.15256129, 19.95043091 ], [ -98.152091509, 19.950346141 ], [ -98.15190483, 19.95045895 ], [ -98.151741619, 19.95079874 ], [ -98.15169031, 19.951091681 ], [ -98.151669199, 19.95156745 ], [ -98.15151123, 19.95198774 ], [ -98.15117848, 19.95224695 ], [ -98.15103897, 19.95242332 ], [ -98.150879509, 19.952714651 ], [ -98.150693489, 19.952705321 ], [ -98.150059919, 19.952340081 ], [ -98.149899379, 19.952166141 ], [ -98.149576089, 19.952132021 ], [ -98.149362859, 19.952044551 ], [ -98.149245029, 19.95143929 ], [ -98.148349679, 19.95174655 ], [ -98.14870218, 19.95252725 ], [ -98.14846637, 19.952443571 ], [ -98.14837872, 19.95247148 ], [ -98.14819969, 19.95252232 ], [ -98.148057479, 19.95249149 ], [ -98.147975029, 19.952379321 ], [ -98.147884539, 19.952293741 ], [ -98.147768979, 19.95225631 ], [ -98.147696919, 19.9522714 ], [ -98.14764462, 19.95230145 ], [ -98.147538829, 19.95229472 ], [ -98.14753052, 19.952143061 ], [ -98.147468909, 19.9520442 ], [ -98.14733437, 19.952097541 ], [ -98.147119969, 19.95239215 ], [ -98.14692174, 19.952661951 ], [ -98.14680818, 19.95285691 ], [ -98.146695139, 19.953009451 ], [ -98.14658272, 19.953066061 ], [ -98.14635152, 19.953155261 ], [ -98.146142709, 19.95326463 ], [ -98.145973629, 19.95332808 ], [ -98.145680399, 19.95346157 ], [ -98.14547648, 19.953508051 ], [ -98.145353889, 19.95351335 ], [ -98.145202779, 19.953503201 ], [ -98.144979949, 19.953432281 ], [ -98.14479049, 19.953362201 ], [ -98.14469632, 19.95332137 ], [ -98.1446406, 19.953314681 ], [ -98.144600799, 19.95333745 ], [ -98.14456849, 19.95339215 ], [ -98.144553259, 19.95353452 ], [ -98.144513419, 19.953657751 ], [ -98.14442298, 19.953790281 ], [ -98.14427923, 19.953969581 ], [ -98.14411965, 19.95413232 ], [ -98.143944909, 19.9542994 ], [ -98.14364722, 19.95470102 ], [ -98.14348703, 19.95480269 ], [ -98.143295489, 19.95475438 ], [ -98.143108919, 19.95463962 ], [ -98.14279169, 19.954596801 ], [ -98.142484199, 19.95460846 ], [ -98.14227289, 19.95473762 ], [ -98.14215088, 19.95483632 ], [ -98.141972579, 19.95502086 ], [ -98.141880479, 19.95519057 ], [ -98.14180648, 19.955253401 ], [ -98.141699799, 19.955217781 ], [ -98.141600149, 19.955237251 ], [ -98.14147129, 19.955414551 ], [ -98.14144492, 19.95550629 ], [ -98.14143308, 19.95562577 ], [ -98.141366939, 19.955674661 ], [ -98.14131829, 19.95570271 ], [ -98.141236859, 19.955695311 ], [ -98.141192379, 19.95567554 ], [ -98.141160969, 19.95566062 ], [ -98.14113166, 19.95551789 ], [ -98.14099755, 19.95530625 ], [ -98.14088811, 19.95519055 ], [ -98.14068857, 19.95508985 ], [ -98.14035572, 19.955157431 ], [ -98.140294859, 19.955260311 ], [ -98.140252879, 19.955489681 ], [ -98.14022375, 19.955604321 ], [ -98.14014718, 19.95573103 ], [ -98.14013789, 19.95592989 ], [ -98.140119879, 19.95610254 ], [ -98.140097749, 19.95631974 ], [ -98.14011175, 19.956527021 ], [ -98.140037579, 19.956711511 ], [ -98.14002263, 19.95686525 ], [ -98.13996274, 19.956959121 ], [ -98.1399158, 19.95702998 ], [ -98.13982889, 19.95725474 ], [ -98.13970855, 19.957396691 ], [ -98.139582849, 19.95758951 ], [ -98.139385599, 19.95749183 ], [ -98.139123019, 19.957380861 ], [ -98.138788889, 19.957362171 ], [ -98.13853243, 19.95726898 ], [ -98.13831208, 19.957239481 ], [ -98.138201119, 19.95714103 ], [ -98.13826451, 19.95691257 ], [ -98.13850548, 19.956894951 ], [ -98.13858951, 19.956812231 ], [ -98.13849623, 19.95664789 ], [ -98.138394109, 19.95650643 ], [ -98.138505459, 19.95632415 ], [ -98.13847734, 19.95587603 ], [ -98.138201249, 19.955822721 ], [ -98.137811379, 19.955751111 ], [ -98.137432509, 19.955864881 ], [ -98.137134939, 19.95597386 ], [ -98.13687186, 19.95624166 ], [ -98.13681406, 19.95643785 ], [ -98.136725619, 19.956593 ], [ -98.13666628, 19.956735551 ], [ -98.136488249, 19.957188281 ], [ -98.136437199, 19.957561341 ], [ -98.13619246, 19.958018451 ], [ -98.135978119, 19.95838732 ], [ -98.13553768, 19.958768881 ], [ -98.13554614, 19.95940471 ], [ -98.135564109, 19.95981428 ], [ -98.135313769, 19.960071291 ], [ -98.135412879, 19.960535711 ], [ -98.135547519, 19.960616751 ], [ -98.13555306, 19.96070983 ], [ -98.135498319, 19.960762651 ], [ -98.135390489, 19.960810231 ], [ -98.13531662, 19.960959371 ], [ -98.13521012, 19.961103801 ], [ -98.13512442, 19.96123714 ], [ -98.13500674, 19.961767151 ], [ -98.134865199, 19.962057181 ], [ -98.134748419, 19.962324181 ], [ -98.13472417, 19.9625856 ], [ -98.13467135, 19.9629654 ], [ -98.134610119, 19.96305118 ], [ -98.134573849, 19.96314555 ], [ -98.13451918, 19.96329502 ], [ -98.134565689, 19.9634312 ], [ -98.13456389, 19.96349468 ], [ -98.134695219, 19.963601251 ], [ -98.134733999, 19.9637134 ], [ -98.13473129, 19.96380862 ], [ -98.134670059, 19.9638944 ], [ -98.134640819, 19.96403658 ], [ -98.134704769, 19.96414938 ], [ -98.13466583, 19.96423965 ], [ -98.134312599, 19.964352221 ], [ -98.13397818, 19.96490198 ], [ -98.13376069, 19.96523572 ], [ -98.133472419, 19.96549185 ], [ -98.13308, 19.965783431 ], [ -98.13285909, 19.96601206 ], [ -98.132643199, 19.96621303 ], [ -98.13215265, 19.966676251 ], [ -98.131875539, 19.967066121 ], [ -98.131476339, 19.967528981 ], [ -98.13101122, 19.967784801 ], [ -98.130638369, 19.96802195 ], [ -98.130472169, 19.968388981 ], [ -98.130323519, 19.968615651 ], [ -98.13010449, 19.968936521 ], [ -98.12979786, 19.96900552 ], [ -98.12943417, 19.96893863 ], [ -98.12909846, 19.968840431 ], [ -98.12871566, 19.96887569 ], [ -98.128437199, 19.96897632 ], [ -98.128364539, 19.96902385 ], [ -98.128364049, 19.96920786 ], [ -98.12817795, 19.96940062 ], [ -98.127997629, 19.969557631 ], [ -98.12741045, 19.969632891 ], [ -98.126979029, 19.96957645 ], [ -98.1267288, 19.96969626 ], [ -98.126417149, 19.969920951 ], [ -98.12601005, 19.970164121 ], [ -98.125889279, 19.9702536 ], [ -98.125791429, 19.97035071 ], [ -98.12552365, 19.970418231 ], [ -98.125325659, 19.97049678 ], [ -98.12506214, 19.97060546 ], [ -98.12495532, 19.970641221 ], [ -98.12480742, 19.97069129 ], [ -98.124522349, 19.9706994 ], [ -98.124244539, 19.970738461 ], [ -98.12404102, 19.97074095 ], [ -98.123911999, 19.97069918 ], [ -98.123719029, 19.970617311 ], [ -98.123459909, 19.970572221 ], [ -98.12316825, 19.97052629 ], [ -98.12308692, 19.9705242 ], [ -98.12269502, 19.96981383 ], [ -98.122564319, 19.969489491 ], [ -98.122323079, 19.96908877 ], [ -98.122260019, 19.968685001 ], [ -98.122162089, 19.96861852 ], [ -98.122002399, 19.96859083 ], [ -98.121518859, 19.968550581 ], [ -98.121179309, 19.96843534 ], [ -98.120928739, 19.968360771 ], [ -98.120686029, 19.968108771 ], [ -98.12041498, 19.968033541 ], [ -98.120316029, 19.96784125 ], [ -98.120298259, 19.967620711 ], [ -98.120274709, 19.967249051 ], [ -98.1200922, 19.96691612 ], [ -98.11967978, 19.96630957 ], [ -98.119155549, 19.965930111 ], [ -98.119110139, 19.965890691 ], [ -98.11844497, 19.96603049 ], [ -98.11779745, 19.966193171 ], [ -98.11769329, 19.96377565 ], [ -98.11749312, 19.96372371 ], [ -98.11730866, 19.96366178 ], [ -98.11680685, 19.96341723 ], [ -98.11653303, 19.96316426 ], [ -98.116475259, 19.963012711 ], [ -98.116452169, 19.96285551 ], [ -98.116373339, 19.96271646 ], [ -98.116199689, 19.96267225 ], [ -98.116218679, 19.96470605 ], [ -98.115866579, 19.964984861 ], [ -98.11576203, 19.96495605 ], [ -98.115545179, 19.9648798 ], [ -98.11443831, 19.96426029 ], [ -98.112442169, 19.96260091 ], [ -98.11113094, 19.96372122 ], [ -98.110986149, 19.963828651 ], [ -98.10936315, 19.964535781 ], [ -98.109553059, 19.96527362 ], [ -98.10580902, 19.96429789 ], [ -98.105363119, 19.96418486 ], [ -98.104092719, 19.963605751 ], [ -98.103945649, 19.96347238 ], [ -98.10367535, 19.9631826 ], [ -98.103375949, 19.962843911 ], [ -98.10315348, 19.96260697 ], [ -98.103003319, 19.962424181 ], [ -98.10229375, 19.961536 ], [ -98.10191597, 19.96107777 ], [ -98.10146882, 19.960441581 ], [ -98.101083029, 19.95985943 ], [ -98.101047339, 19.959559111 ], [ -98.10095506, 19.958900381 ], [ -98.100766029, 19.95816632 ], [ -98.10066086, 19.95768825 ], [ -98.100542049, 19.957282551 ], [ -98.10046922, 19.956996491 ], [ -98.098628245, 19.957582825 ], [ -98.097128321, 19.958060517 ], [ -98.094383319, 19.958934691 ], [ -98.09421854, 19.958661371 ], [ -98.09385671, 19.95797851 ], [ -98.0936932, 19.957718001 ], [ -98.093201739, 19.95737926 ], [ -98.093015969, 19.95723282 ], [ -98.092947939, 19.957101231 ], [ -98.09286897, 19.956880381 ], [ -98.09273294, 19.956528341 ], [ -98.09261242, 19.956159251 ], [ -98.09246882, 19.95578968 ], [ -98.09227898, 19.955260851 ], [ -98.092206169, 19.955064031 ], [ -98.090943059, 19.9554828 ], [ -98.089299569, 19.956046891 ], [ -98.088812909, 19.954279061 ], [ -98.088261139, 19.952560581 ], [ -98.088232619, 19.95252828 ], [ -98.0875612, 19.95080512 ], [ -98.08753997, 19.95076068 ], [ -98.084065709, 19.951963951 ], [ -98.082255259, 19.952612001 ], [ -98.082235919, 19.95256948 ], [ -98.081831319, 19.951340061 ], [ -98.08163805, 19.95083918 ], [ -98.08155214, 19.9500184 ], [ -98.081266449, 19.949237881 ], [ -98.08111871, 19.94888562 ], [ -98.08096297, 19.94840595 ], [ -98.080843019, 19.9481042 ], [ -98.080761259, 19.94789745 ], [ -98.080637289, 19.94762515 ], [ -98.08030506, 19.946931461 ], [ -98.080053889, 19.9464816 ], [ -98.079830379, 19.945996571 ], [ -98.07975945, 19.94507634 ], [ -98.079750149, 19.94482149 ], [ -98.07988862, 19.94330805 ], [ -98.078465459, 19.94268406 ], [ -98.07814505, 19.942597171 ], [ -98.078154739, 19.94243406 ], [ -98.07811818, 19.94224898 ], [ -98.07796305, 19.94210623 ], [ -98.07776486, 19.941965371 ], [ -98.077489379, 19.94163078 ], [ -98.077260949, 19.94125409 ], [ -98.077333569, 19.94100852 ], [ -98.077333, 19.9406394 ], [ -98.07729785, 19.940501721 ], [ -98.07726203, 19.94026855 ], [ -98.077298419, 19.940142541 ], [ -98.077300249, 19.939966081 ], [ -98.077327139, 19.939884351 ], [ -98.07734082, 19.939734451 ], [ -98.077370049, 19.93953192 ], [ -98.077420059, 19.93939343 ], [ -98.07751245, 19.93922014 ], [ -98.07780114, 19.93895215 ], [ -98.077931049, 19.938620851 ], [ -98.07806463, 19.93816243 ], [ -98.078070319, 19.9377208 ], [ -98.077945599, 19.93747752 ], [ -98.07756452, 19.937131431 ], [ -98.077505859, 19.93670123 ], [ -98.07742774, 19.936329351 ], [ -98.077253859, 19.935887751 ], [ -98.07705188, 19.935495861 ], [ -98.07708532, 19.93526137 ], [ -98.07707782, 19.935153801 ], [ -98.07706457, 19.93504278 ], [ -98.076305769, 19.9346578 ], [ -98.074948089, 19.93389905 ], [ -98.07343534, 19.932238691 ], [ -98.07368285, 19.93104408 ], [ -98.073243119, 19.929906891 ], [ -98.072488879, 19.92818805 ], [ -98.07226271, 19.92773615 ], [ -98.07251528, 19.925334661 ], [ -98.071857709, 19.92388088 ], [ -98.071148319, 19.92386046 ], [ -98.070681249, 19.922102981 ], [ -98.069313019, 19.922396001 ], [ -98.069962679, 19.92257325 ], [ -98.06821546, 19.92311348 ], [ -98.06667588, 19.923900551 ], [ -98.065907769, 19.92186626 ], [ -98.06415862, 19.922385401 ], [ -98.064053279, 19.922411251 ], [ -98.06366308, 19.920638801 ], [ -98.06376414, 19.920598921 ], [ -98.06356792, 19.919947661 ], [ -98.065810889, 19.918886261 ], [ -98.06641702, 19.919285861 ], [ -98.066204859, 19.918697601 ], [ -98.065588279, 19.91739825 ], [ -98.06470578, 19.91624009 ], [ -98.064690509, 19.915706371 ], [ -98.064712519, 19.915279351 ], [ -98.06415235, 19.91457315 ], [ -98.06412477, 19.91370555 ], [ -98.064184799, 19.91286491 ], [ -98.064423349, 19.91272088 ], [ -98.06424566, 19.912313231 ], [ -98.06441243, 19.911981941 ], [ -98.064386339, 19.91153183 ], [ -98.064370549, 19.91086678 ], [ -98.063932581, 19.910231011 ], [ -98.063930879, 19.91022854 ], [ -98.06387223, 19.91004708 ], [ -98.063495939, 19.909564291 ], [ -98.063348509, 19.90937146 ], [ -98.06312551, 19.90945602 ], [ -98.06280752, 19.909521951 ], [ -98.0624482, 19.909442881 ], [ -98.062239369, 19.90934108 ], [ -98.06209102, 19.90922605 ], [ -98.06201712, 19.90905425 ], [ -98.061948749, 19.90889114 ], [ -98.061859109, 19.90884211 ], [ -98.06171634, 19.908762421 ], [ -98.06164114, 19.90868138 ], [ -98.061631749, 19.90849628 ], [ -98.061542779, 19.90832238 ], [ -98.061390449, 19.908174311 ], [ -98.06115898, 19.907979631 ], [ -98.06098991, 19.90782734 ], [ -98.060758719, 19.907664031 ], [ -98.060686949, 19.90760305 ], [ -98.06055115, 19.907526601 ], [ -98.060399379, 19.907442481 ], [ -98.060207629, 19.907343 ], [ -98.06002388, 19.90724357 ], [ -98.059944229, 19.90715983 ], [ -98.059872949, 19.90701554 ], [ -98.05982563, 19.90688654 ], [ -98.059746429, 19.90672706 ], [ -98.059739502, 19.906554124 ], [ -98.05973945, 19.90655282 ], [ -98.059776139, 19.90634409 ], [ -98.05979454, 19.90617089 ], [ -98.05981602, 19.90600723 ], [ -98.059828309, 19.90585049 ], [ -98.059875479, 19.90564928 ], [ -98.059886225, 19.905265718 ], [ -98.059886227, 19.905265676 ], [ -98.059886279, 19.9052638 ], [ -98.059905722, 19.905003642 ], [ -98.059905859, 19.905001821 ], [ -98.059766279, 19.90483583 ], [ -98.059634859, 19.90466777 ], [ -98.059627879, 19.904538001 ], [ -98.05956968, 19.90442469 ], [ -98.059536339, 19.90435003 ], [ -98.059487909, 19.90422352 ], [ -98.059469579, 19.90405075 ], [ -98.059273079, 19.904058711 ], [ -98.059014889, 19.903978981 ], [ -98.058812739, 19.90374254 ], [ -98.05856851, 19.903736201 ], [ -98.05842254, 19.90366852 ], [ -98.05810746, 19.90370972 ], [ -98.057923259, 19.90373105 ], [ -98.05779929, 19.903623281 ], [ -98.057763509, 19.90334508 ], [ -98.057623599, 19.90312649 ], [ -98.05753706, 19.90312378 ], [ -98.05739603, 19.903119061 ], [ -98.05727009, 19.903165351 ], [ -98.05703862, 19.90317755 ], [ -98.05687843, 19.903103831 ], [ -98.056827969, 19.902986091 ], [ -98.056827625, 19.902856701 ], [ -98.05682762, 19.90285485 ], [ -98.05692943, 19.902741181 ], [ -98.057036619, 19.902609081 ], [ -98.057151549, 19.902440121 ], [ -98.057191297, 19.902272501 ], [ -98.05719157, 19.90227135 ], [ -98.05713592, 19.9020752 ], [ -98.05701371, 19.901835051 ], [ -98.056924749, 19.901677781 ], [ -98.056925719, 19.90153052 ], [ -98.05683917, 19.90143112 ], [ -98.056755229, 19.90139903 ], [ -98.056571879, 19.901389511 ], [ -98.056558704, 19.901280112 ], [ -98.056558649, 19.90127966 ], [ -98.056569337, 19.901137434 ], [ -98.05656946, 19.90113578 ], [ -98.05651883, 19.900940171 ], [ -98.05635849, 19.900757371 ], [ -98.05625131, 19.90056969 ], [ -98.056105829, 19.90055963 ], [ -98.05590282, 19.900798511 ], [ -98.055636249, 19.90066565 ], [ -98.055319999, 19.90038194 ], [ -98.05500972, 19.90005554 ], [ -98.054634649, 19.90006794 ], [ -98.054482649, 19.89989755 ], [ -98.054483259, 19.89962532 ], [ -98.05424343, 19.899519401 ], [ -98.053959659, 19.89944438 ], [ -98.053811799, 19.89936615 ], [ -98.053809889, 19.898940061 ], [ -98.053693432, 19.89852495 ], [ -98.053693309, 19.89852451 ], [ -98.05373663, 19.89816783 ], [ -98.053834739, 19.897862801 ], [ -98.053973739, 19.897484851 ], [ -98.05411571, 19.897072291 ], [ -98.054211679, 19.896611031 ], [ -98.05427738, 19.896180636 ], [ -98.05427752, 19.896179721 ], [ -98.054256859, 19.895933261 ], [ -98.05403537, 19.895591461 ], [ -98.0536744, 19.89541914 ], [ -98.05311192, 19.89532812 ], [ -98.052692109, 19.89534132 ], [ -98.052340549, 19.895368151 ], [ -98.052172643, 19.895270243 ], [ -98.05217252, 19.89527017 ], [ -98.052183024, 19.89516188 ], [ -98.0521832, 19.895160061 ], [ -98.052056979, 19.89505703 ], [ -98.05186583, 19.894980001 ], [ -98.05163638, 19.895021981 ], [ -98.05146562, 19.895081511 ], [ -98.0513888, 19.895418981 ], [ -98.05127605, 19.8955698 ], [ -98.051064629, 19.89567466 ], [ -98.05098463, 19.895846031 ], [ -98.05088589, 19.89608788 ], [ -98.050641349, 19.896182431 ], [ -98.050469519, 19.89634345 ], [ -98.050469754, 19.896345096 ], [ -98.0504908, 19.8964928 ], [ -98.05049882, 19.89666598 ], [ -98.05050357, 19.896802031 ], [ -98.050522079, 19.89691371 ], [ -98.050553109, 19.897025621 ], [ -98.050618979, 19.897198771 ], [ -98.05071412, 19.89753855 ], [ -98.05091223, 19.89783632 ], [ -98.050997109, 19.898105001 ], [ -98.051045059, 19.898295121 ], [ -98.051044879, 19.898296549 ], [ -98.05100792, 19.898590981 ], [ -98.050846859, 19.89885663 ], [ -98.050732279, 19.89899531 ], [ -98.05057338, 19.899186801 ], [ -98.050399149, 19.8991848 ], [ -98.050120479, 19.89922738 ], [ -98.049888689, 19.899319741 ], [ -98.049608979, 19.89926818 ], [ -98.049316619, 19.89929074 ], [ -98.049083019, 19.899345511 ], [ -98.048930049, 19.899476 ], [ -98.048873309, 19.89959214 ], [ -98.048774059, 19.89989637 ], [ -98.048611689, 19.900265681 ], [ -98.04857614, 19.90057365 ], [ -98.04848249, 19.900774401 ], [ -98.048406749, 19.90093865 ], [ -98.048255419, 19.901008691 ], [ -98.04797585, 19.900807251 ], [ -98.047724849, 19.90089186 ], [ -98.04766171, 19.90105532 ], [ -98.04752795, 19.90112734 ], [ -98.04735211, 19.901125601 ], [ -98.047158629, 19.901219881 ], [ -98.04704828, 19.90129694 ], [ -98.046836679, 19.90133191 ], [ -98.046651379, 19.901419 ], [ -98.046523719, 19.901552141 ], [ -98.04640198, 19.90171806 ], [ -98.046373019, 19.901943111 ], [ -98.046372963, 19.901945028 ], [ -98.04636838, 19.902101771 ], [ -98.046228649, 19.902388631 ], [ -98.045955179, 19.90231352 ], [ -98.045664319, 19.90242486 ], [ -98.045166879, 19.902228401 ], [ -98.044722549, 19.902390771 ], [ -98.044190649, 19.902325971 ], [ -98.04368368, 19.9021808 ], [ -98.04351449, 19.902125751 ], [ -98.0433304, 19.90225926 ], [ -98.04308203, 19.90224905 ], [ -98.04289671, 19.902194881 ], [ -98.042710739, 19.901897051 ], [ -98.04236732, 19.90177669 ], [ -98.04207002, 19.901700951 ], [ -98.041655019, 19.90169483 ], [ -98.04137089, 19.90171629 ], [ -98.040951059, 19.90175483 ], [ -98.040707709, 19.901845511 ], [ -98.04036288, 19.9020324 ], [ -98.040169999, 19.90202972 ], [ -98.03981709, 19.90192982 ], [ -98.03945203, 19.9016268 ], [ -98.03916843, 19.90156609 ], [ -98.03877046, 19.90159105 ], [ -98.03837909, 19.90190668 ], [ -98.038271879, 19.90234103 ], [ -98.03805843, 19.902813091 ], [ -98.037884139, 19.903214 ], [ -98.037763979, 19.903505921 ], [ -98.0377078, 19.90398689 ], [ -98.0376166, 19.904439031 ], [ -98.03722525, 19.90493248 ], [ -98.036982849, 19.905220971 ], [ -98.036679449, 19.90537274 ], [ -98.036389749, 19.905500311 ], [ -98.03603872, 19.905503401 ], [ -98.03570015, 19.905239251 ], [ -98.035436139, 19.905115601 ], [ -98.035172419, 19.904982251 ], [ -98.035061566, 19.904911414 ], [ -98.035061279, 19.90491123 ], [ -98.03509718, 19.904729078 ], [ -98.03509752, 19.904727351 ], [ -98.03488551, 19.90458562 ], [ -98.03433346, 19.90410422 ], [ -98.03417771, 19.903798571 ], [ -98.034090575, 19.903493827 ], [ -98.03409025, 19.90349269 ], [ -98.03412846, 19.903414381 ], [ -98.03421938, 19.90337711 ], [ -98.03424448, 19.903338111 ], [ -98.034245573, 19.903300408 ], [ -98.034245629, 19.90329849 ], [ -98.0342172, 19.903246771 ], [ -98.03412843, 19.90321046 ], [ -98.0340046, 19.90314491 ], [ -98.03392446, 19.90301818 ], [ -98.03388505, 19.90293218 ], [ -98.033889294, 19.902786918 ], [ -98.03388935, 19.902785 ], [ -98.033761349, 19.902657031 ], [ -98.03356925, 19.90245712 ], [ -98.03345368, 19.90237438 ], [ -98.03340595, 19.90227746 ], [ -98.033264149, 19.90193894 ], [ -98.033249879, 19.90185088 ], [ -98.03318763, 19.901673861 ], [ -98.033048199, 19.901542681 ], [ -98.032854509, 19.9015376 ], [ -98.03261826, 19.901547371 ], [ -98.03242457, 19.901542291 ], [ -98.032282579, 19.90149872 ], [ -98.032067919, 19.901269061 ], [ -98.031905459, 19.90103455 ], [ -98.031782939, 19.900881181 ], [ -98.03161078, 19.9006164 ], [ -98.031583149, 19.90047552 ], [ -98.03146211, 19.90027214 ], [ -98.031194349, 19.90017762 ], [ -98.03103968, 19.90011434 ], [ -98.030929705, 19.899953705 ], [ -98.030929579, 19.899953521 ], [ -98.03094406, 19.899815691 ], [ -98.031021949, 19.899649921 ], [ -98.03103867, 19.899434077 ], [ -98.031038739, 19.89943318 ], [ -98.03103672, 19.899278171 ], [ -98.030986249, 19.89912049 ], [ -98.03088912, 19.898987661 ], [ -98.030781309, 19.898906661 ], [ -98.030536089, 19.89881337 ], [ -98.030289629, 19.898763491 ], [ -98.030043909, 19.89868757 ], [ -98.029800229, 19.8985422 ], [ -98.02956598, 19.8983884 ], [ -98.02932409, 19.898182281 ], [ -98.029090309, 19.89809985 ], [ -98.02876017, 19.898060631 ], [ -98.028365, 19.89803498 ], [ -98.02796735, 19.89809335 ], [ -98.027725369, 19.89807937 ], [ -98.027416089, 19.89815534 ], [ -98.027275919, 19.89825103 ], [ -98.02680054, 19.89851625 ], [ -98.026367309, 19.898647421 ], [ -98.026104279, 19.89862626 ], [ -98.02577745, 19.898468051 ], [ -98.025446229, 19.898202831 ], [ -98.02513843, 19.897909721 ], [ -98.02474052, 19.897607141 ], [ -98.02445245, 19.89740182 ], [ -98.02433775, 19.897355681 ], [ -98.024157579, 19.89728037 ], [ -98.02395738, 19.89706769 ], [ -98.02376425, 19.896684771 ], [ -98.023496479, 19.89647125 ], [ -98.02325514, 19.896349601 ], [ -98.023137829, 19.896267741 ], [ -98.02299886, 19.896147821 ], [ -98.022896, 19.89570237 ], [ -98.022860958, 19.895445279 ], [ -98.0228608, 19.89544412 ], [ -98.022931509, 19.895193851 ], [ -98.022967194, 19.894998405 ], [ -98.02296729, 19.89499788 ], [ -98.02296158, 19.89479643 ], [ -98.022919839, 19.893978684 ], [ -98.022919769, 19.89397732 ], [ -98.02305426, 19.893384651 ], [ -98.023118579, 19.893059521 ], [ -98.023564775, 19.891878429 ], [ -98.02356482, 19.891878311 ], [ -98.02356915, 19.89117011 ], [ -98.02345398, 19.890859631 ], [ -98.023455737, 19.89057379 ], [ -98.023455749, 19.89057192 ], [ -98.023585339, 19.890434201 ], [ -98.02383285, 19.89039183 ], [ -98.02410017, 19.890203651 ], [ -98.024175719, 19.890046549 ], [ -98.024175799, 19.89004638 ], [ -98.024172906, 19.889842215 ], [ -98.024172889, 19.889840951 ], [ -98.024190889, 19.889682151 ], [ -98.02427863, 19.889562911 ], [ -98.0243746, 19.88938657 ], [ -98.024610859, 19.88919705 ], [ -98.024916489, 19.88903928 ], [ -98.025076879, 19.88885705 ], [ -98.02515215, 19.88855552 ], [ -98.025158763, 19.888329859 ], [ -98.02515882, 19.888327941 ], [ -98.024959579, 19.88820348 ], [ -98.024942373, 19.888094356 ], [ -98.024942119, 19.88809274 ], [ -98.025175339, 19.887865981 ], [ -98.025229281, 19.887707682 ], [ -98.025229659, 19.88770657 ], [ -98.02512291, 19.88743962 ], [ -98.025056935, 19.887254861 ], [ -98.02505677, 19.8872544 ], [ -98.02505911, 19.887238941 ], [ -98.025255509, 19.887043821 ], [ -98.025489379, 19.886891581 ], [ -98.02582257, 19.886736081 ], [ -98.026031829, 19.886577321 ], [ -98.026326289, 19.8864736 ], [ -98.026496237, 19.886162084 ], [ -98.02649666, 19.88616131 ], [ -98.026405769, 19.88587737 ], [ -98.026321179, 19.88563228 ], [ -98.02629502, 19.885327321 ], [ -98.026296543, 19.885076516 ], [ -98.026296549, 19.88507554 ], [ -98.026311223, 19.88480051 ], [ -98.026311319, 19.88479872 ], [ -98.026170229, 19.88434048 ], [ -98.02529846, 19.88406315 ], [ -98.02452245, 19.88340451 ], [ -98.024389379, 19.88302906 ], [ -98.02442108, 19.881409581 ], [ -98.02394426, 19.880791981 ], [ -98.023568236, 19.879754407 ], [ -98.023568179, 19.879754251 ], [ -98.02382569, 19.875728491 ], [ -98.024086813, 19.875433858 ], [ -98.024086909, 19.87543375 ], [ -98.024081629, 19.87519229 ], [ -98.023915703, 19.874776548 ], [ -98.02391514, 19.87477514 ], [ -98.024131679, 19.874596771 ], [ -98.024334749, 19.87472134 ], [ -98.02466757, 19.873553661 ], [ -98.024813359, 19.872962804 ], [ -98.02481374, 19.87296126 ], [ -98.024519719, 19.872622431 ], [ -98.02435225, 19.87245446 ], [ -98.024059782, 19.872161175 ], [ -98.02405858, 19.87215997 ], [ -98.024289949, 19.872028851 ], [ -98.02506294, 19.87162478 ], [ -98.025508509, 19.871369023 ], [ -98.025509749, 19.871368311 ], [ -98.02451158, 19.8703526 ], [ -98.02443315, 19.87024583 ], [ -98.02425989, 19.870175571 ], [ -98.0241246, 19.87014768 ], [ -98.024029109, 19.87026851 ], [ -98.023925119, 19.870341111 ], [ -98.023861979, 19.870399971 ], [ -98.023728429, 19.870364351 ], [ -98.02368695, 19.870187401 ], [ -98.023660879, 19.870112051 ], [ -98.023570749, 19.87011498 ], [ -98.02350742, 19.870236981 ], [ -98.023429029, 19.87029498 ], [ -98.023295149, 19.87023714 ], [ -98.023228569, 19.870115691 ], [ -98.02306314, 19.86998846 ], [ -98.02291002, 19.869938821 ], [ -98.02284251, 19.869870631 ], [ -98.022768939, 19.869805141 ], [ -98.02270498, 19.86976888 ], [ -98.022622939, 19.86969129 ], [ -98.02258295, 19.869583031 ], [ -98.02247171, 19.86957351 ], [ -98.022348, 19.86950009 ], [ -98.022235599, 19.86939491 ], [ -98.02218494, 19.869256231 ], [ -98.02206114, 19.86911843 ], [ -98.02203408, 19.86905158 ], [ -98.02201486, 19.868935581 ], [ -98.02190382, 19.868908291 ], [ -98.02172998, 19.868850021 ], [ -98.02165017, 19.868766911 ], [ -98.021649104, 19.868640836 ], [ -98.021649089, 19.86863906 ], [ -98.02169052, 19.868556231 ], [ -98.02176754, 19.868490451 ], [ -98.021873723, 19.868427807 ], [ -98.021873819, 19.86842775 ], [ -98.021867638, 19.868148 ], [ -98.0218676, 19.86814626 ], [ -98.021977049, 19.867941059 ], [ -98.02197708, 19.867941 ], [ -98.021979739, 19.86774182 ], [ -98.021829479, 19.86765874 ], [ -98.021636619, 19.86757932 ], [ -98.021531629, 19.86752962 ], [ -98.021340999, 19.86748345 ], [ -98.02119769, 19.867502 ], [ -98.02100008, 19.86748158 ], [ -98.020850399, 19.867429201 ], [ -98.02067317, 19.86742178 ], [ -98.020555, 19.86745417 ], [ -98.020448429, 19.86755148 ], [ -98.020341019, 19.867600781 ], [ -98.020223489, 19.867620631 ], [ -98.020208089, 19.867695311 ], [ -98.02013, 19.86779965 ], [ -98.01997606, 19.86778306 ], [ -98.019868149, 19.86770097 ], [ -98.01976458, 19.8678696 ], [ -98.019721519, 19.868003201 ], [ -98.01963714, 19.868117221 ], [ -98.01955731, 19.868170621 ], [ -98.019441509, 19.86812394 ], [ -98.01927371, 19.86802488 ], [ -98.019171479, 19.867924451 ], [ -98.019136089, 19.86782145 ], [ -98.019098599, 19.867738581 ], [ -98.019061149, 19.86765157 ], [ -98.018963289, 19.8676574 ], [ -98.01882826, 19.86781875 ], [ -98.018684229, 19.86783889 ], [ -98.01853745, 19.86793472 ], [ -98.01846195, 19.867987261 ], [ -98.018181889, 19.868012721 ], [ -98.01790666, 19.868102121 ], [ -98.017834949, 19.86831766 ], [ -98.01769963, 19.868477861 ], [ -98.017513019, 19.86854812 ], [ -98.01730012, 19.86854254 ], [ -98.017019309, 19.868558421 ], [ -98.01670312, 19.86854331 ], [ -98.016552229, 19.868498951 ], [ -98.016342219, 19.86860055 ], [ -98.016107849, 19.86872266 ], [ -98.01579769, 19.868876821 ], [ -98.01554029, 19.86900017 ], [ -98.015492856, 19.868930802 ], [ -98.015396479, 19.868789861 ], [ -98.015276079, 19.86863332 ], [ -98.01512362, 19.868478971 ], [ -98.01497345, 19.868361431 ], [ -98.014800889, 19.86826783 ], [ -98.014670919, 19.86819617 ], [ -98.0144602, 19.86811694 ], [ -98.014133379, 19.868047341 ], [ -98.013856519, 19.86791269 ], [ -98.0136594, 19.86771074 ], [ -98.013527169, 19.86756068 ], [ -98.01342443, 19.86736205 ], [ -98.01332929, 19.86720462 ], [ -98.01323443, 19.867005911 ], [ -98.01315662, 19.86687335 ], [ -98.013122179, 19.86679058 ], [ -98.013024969, 19.866600821 ], [ -98.01290855, 19.86649248 ], [ -98.01278495, 19.866328181 ], [ -98.012442719, 19.86616072 ], [ -98.01228268, 19.86605975 ], [ -98.01223864, 19.86589102 ], [ -98.01223842, 19.86589018 ], [ -98.012280994, 19.86572376 ], [ -98.01228122, 19.86572288 ], [ -98.01220789, 19.865272151 ], [ -98.011773229, 19.865590261 ], [ -98.01105717, 19.86609583 ], [ -98.00955968, 19.86717668 ], [ -98.008784919, 19.86772546 ], [ -98.00708437, 19.868933911 ], [ -98.00662378, 19.86926197 ], [ -98.005647049, 19.869969621 ], [ -98.005593909, 19.869983251 ], [ -98.003316169, 19.86759362 ], [ -98.002042064, 19.86627532 ], [ -98.002041349, 19.86627458 ], [ -98.002075725, 19.866222216 ], [ -98.002654405, 19.86534071 ], [ -98.002659689, 19.865332661 ], [ -98.0026596, 19.86533259 ], [ -98.002613109, 19.865295772 ], [ -98.001750386, 19.864335346 ], [ -98.00168922, 19.86426725 ], [ -98.001274999, 19.86383995 ], [ -98.001090692, 19.863657829 ], [ -98.000832614, 19.863402808 ], [ -98.000831155, 19.863401365 ], [ -98.00048528, 19.86305958 ], [ -98.000436139, 19.863011031 ], [ -98.000420178, 19.862975465 ], [ -98.00018938, 19.86246114 ], [ -98.00009055, 19.86209105 ], [ -97.999628429, 19.86158205 ], [ -97.99922462, 19.8613334 ], [ -97.99873094, 19.86076723 ], [ -97.998506028, 19.860474153 ], [ -97.998192769, 19.860065951 ], [ -97.99727975, 19.85989595 ], [ -97.996981199, 19.85993132 ], [ -97.996032419, 19.86048692 ], [ -97.99541923, 19.859948091 ], [ -97.99487405, 19.86064754 ], [ -97.994453818, 19.860652572 ], [ -97.993544429, 19.85848455 ], [ -97.993057229, 19.8585306 ], [ -97.99272826, 19.858563651 ], [ -97.992431119, 19.858547491 ], [ -97.99206206, 19.85874295 ], [ -97.99150971, 19.859017291 ], [ -97.99060717, 19.859129911 ], [ -97.99039794, 19.85994142 ], [ -97.98996388, 19.860052821 ], [ -97.989174509, 19.860158081 ], [ -97.988782939, 19.860133971 ], [ -97.988349704, 19.860079315 ], [ -97.98727543, 19.85994378 ], [ -97.98728571, 19.85989195 ], [ -97.986576459, 19.859584661 ], [ -97.986488309, 19.85946242 ], [ -97.986517479, 19.859252941 ], [ -97.986507896, 19.859175749 ], [ -97.986503593, 19.859141087 ], [ -97.98649705, 19.85908837 ], [ -97.986492199, 19.859047268 ], [ -97.986484616, 19.858983011 ], [ -97.98648366, 19.85897491 ], [ -97.986440869, 19.858848856 ], [ -97.986419879, 19.858787021 ], [ -97.98638591, 19.858431511 ], [ -97.986322949, 19.858267691 ], [ -97.986318059, 19.858193777 ], [ -97.986317185, 19.858180559 ], [ -97.986315029, 19.85814797 ], [ -97.98612725, 19.858196451 ], [ -97.98598302, 19.858023021 ], [ -97.98573985, 19.85782812 ], [ -97.985635419, 19.857695061 ], [ -97.985542319, 19.857559151 ], [ -97.98552874, 19.85696046 ], [ -97.984745999, 19.8580198 ], [ -97.984063489, 19.858221221 ], [ -97.983536139, 19.8580792 ], [ -97.98286426, 19.85759494 ], [ -97.98264208, 19.857535551 ], [ -97.982857229, 19.857393381 ], [ -97.983033349, 19.857250181 ], [ -97.98319322, 19.85712874 ], [ -97.9833026, 19.85698032 ], [ -97.983454999, 19.85675731 ], [ -97.983504709, 19.856552121 ], [ -97.983444429, 19.856322661 ], [ -97.98329789, 19.85627017 ], [ -97.983203059, 19.85623883 ], [ -97.98312515, 19.85622442 ], [ -97.983042399, 19.85622634 ], [ -97.98291689, 19.85620143 ], [ -97.98279685, 19.856152351 ], [ -97.98270774, 19.855975711 ], [ -97.98261826, 19.855811801 ], [ -97.9824808, 19.85572322 ], [ -97.98211054, 19.85544522 ], [ -97.981689289, 19.85515311 ], [ -97.98144242, 19.854972371 ], [ -97.981129659, 19.85482574 ], [ -97.98091878, 19.854721081 ], [ -97.980598689, 19.854581311 ], [ -97.98040546, 19.854494711 ], [ -97.98026765, 19.854369771 ], [ -97.98012331, 19.85412754 ], [ -97.98010637, 19.85386595 ], [ -97.97993412, 19.853555311 ], [ -97.97977235, 19.85342411 ], [ -97.979601819, 19.85332254 ], [ -97.97948514, 19.85326718 ], [ -97.97935357, 19.853181581 ], [ -97.97922288, 19.85306614 ], [ -97.97902512, 19.85299751 ], [ -97.978927629, 19.85287917 ], [ -97.97871722, 19.852516371 ], [ -97.975965213, 19.854241018 ], [ -97.975940379, 19.85425658 ], [ -97.975496909, 19.85416565 ], [ -97.975085199, 19.853943601 ], [ -97.974514139, 19.853453421 ], [ -97.97424958, 19.852971381 ], [ -97.97389595, 19.852671711 ], [ -97.973401449, 19.85242106 ], [ -97.972504319, 19.85258195 ], [ -97.971091889, 19.852254121 ], [ -97.97015235, 19.85196525 ], [ -97.969941537, 19.851844975 ], [ -97.969521659, 19.851605421 ], [ -97.969274283, 19.851304282 ], [ -97.969235683, 19.851257293 ], [ -97.96914489, 19.85114677 ], [ -97.968661369, 19.850526951 ], [ -97.968245979, 19.84983043 ], [ -97.96775952, 19.849539281 ], [ -97.96749894, 19.849294141 ], [ -97.967721, 19.849056171 ], [ -97.9679592, 19.84913194 ], [ -97.96815854, 19.84911038 ], [ -97.9683554, 19.848981311 ], [ -97.968551079, 19.848849721 ], [ -97.96869992, 19.848712861 ], [ -97.968820909, 19.84843063 ], [ -97.968845279, 19.84818732 ], [ -97.968961859, 19.84807578 ], [ -97.969191849, 19.84803858 ], [ -97.96950695, 19.84802529 ], [ -97.96978474, 19.84781263 ], [ -97.969937919, 19.84786292 ], [ -97.97008482, 19.847851421 ], [ -97.97003405, 19.847642051 ], [ -97.96991478, 19.847192081 ], [ -97.969781689, 19.846957801 ], [ -97.969701969, 19.84678755 ], [ -97.969507969, 19.846522571 ], [ -97.96925692, 19.846168051 ], [ -97.96910446, 19.84593562 ], [ -97.968939279, 19.845385111 ], [ -97.968769719, 19.84520935 ], [ -97.96859595, 19.84511048 ], [ -97.96831426, 19.84498886 ], [ -97.96815555, 19.844918061 ], [ -97.96799228, 19.84479766 ], [ -97.96823734, 19.84457474 ], [ -97.96850255, 19.84438526 ], [ -97.96869068, 19.84416917 ], [ -97.96891469, 19.84383735 ], [ -97.96911938, 19.84361728 ], [ -97.96947689, 19.84344429 ], [ -97.96964832, 19.84329091 ], [ -97.96983191, 19.84311608 ], [ -97.97002652, 19.84295786 ], [ -97.96984048, 19.84282766 ], [ -97.96969357, 19.84273662 ], [ -97.96942906, 19.84272957 ], [ -97.96921915, 19.84282202 ], [ -97.96886426, 19.84275812 ], [ -97.96851425, 19.84291765 ], [ -97.9681452, 19.84308234 ], [ -97.96787391, 19.84317132 ], [ -97.96764882, 19.8431722 ], [ -97.96745538, 19.8430846 ], [ -97.96736617, 19.84291045 ], [ -97.96715669, 19.84263002 ], [ -97.96704111, 19.84236583 ], [ -97.96702691, 19.84211122 ], [ -97.96708728, 19.84178988 ], [ -97.96698555, 19.84146365 ], [ -97.96697446, 19.8412206 ], [ -97.96699532, 19.84101294 ], [ -97.96695591, 19.840823 ], [ -97.96675012, 19.84059817 ], [ -97.96664283, 19.84030892 ], [ -97.96659988, 19.8400214 ], [ -97.96676209, 19.83965132 ], [ -97.96685332, 19.83938671 ], [ -97.96682083, 19.83918555 ], [ -97.96670197, 19.83908529 ], [ -97.96653771, 19.83900202 ], [ -97.96639303, 19.83890712 ], [ -97.96634898, 19.83866318 ], [ -97.96616217, 19.83842712 ], [ -97.96586458, 19.83816852 ], [ -97.96566895, 19.83780215 ], [ -97.96558498, 19.83745577 ], [ -97.96542934, 19.83715489 ], [ -97.9652952, 19.83695863 ], [ -97.96498145, 19.83681178 ], [ -97.96478617, 19.83674637 ], [ -97.96462683, 19.83657028 ], [ -97.96473334, 19.83636615 ], [ -97.9648568, 19.83623629 ], [ -97.96497926, 19.83613969 ], [ -97.96507202, 19.83609555 ], [ -97.96507498, 19.83599577 ], [ -97.965103, 19.83576349 ], [ -97.96513278, 19.83547135 ], [ -97.96496092, 19.83557329 ], [ -97.96481797, 19.83564938 ], [ -97.96467482, 19.83573212 ], [ -97.96447683, 19.8357668 ], [ -97.96420251, 19.83576615 ], [ -97.96399945, 19.83573411 ], [ -97.96381126, 19.83567583 ], [ -97.96370938, 19.83555328 ], [ -97.96359385, 19.83541705 ], [ -97.96344198, 19.8353198 ], [ -97.96319014, 19.83527314 ], [ -97.96298609, 19.83527437 ], [ -97.962756, 19.83524749 ], [ -97.96254083, 19.83519971 ], [ -97.96229511, 19.83524572 ], [ -97.96192966, 19.83494486 ], [ -97.96176229, 19.83487435 ], [ -97.96154454, 19.83482137 ], [ -97.96136917, 19.8346846 ], [ -97.96112911, 19.83437628 ], [ -97.96103802, 19.83409611 ], [ -97.96110557, 19.83390548 ], [ -97.96104063, 19.83371131 ], [ -97.96090577, 19.83349017 ], [ -97.96079691, 19.83328646 ], [ -97.9608738, 19.83307934 ], [ -97.96101518, 19.83293155 ], [ -97.96108551, 19.83281731 ], [ -97.96111345, 19.83262803 ], [ -97.96111722, 19.83250146 ], [ -97.96118848, 19.83235557 ], [ -97.96140494, 19.83220298 ], [ -97.96158514, 19.83214446 ], [ -97.96181855, 19.83217178 ], [ -97.96196343, 19.83217565 ], [ -97.96208178, 19.83194657 ], [ -97.96221525, 19.83156835 ], [ -97.96238908, 19.83130942 ], [ -97.96251895, 19.83104929 ], [ -97.96263989, 19.8307612 ], [ -97.96276531, 19.83048709 ], [ -97.96286618, 19.83021695 ], [ -97.96313486, 19.82954198 ], [ -97.96326502, 19.82920917 ], [ -97.9633904, 19.8290366 ], [ -97.96347411, 19.82879566 ], [ -97.96347894, 19.82864778 ], [ -97.963499, 19.82854892 ], [ -97.96351662, 19.82843174 ], [ -97.96357311, 19.82833698 ], [ -97.96368622, 19.8282384 ], [ -97.96371826, 19.82811091 ], [ -97.96376612, 19.82802128 ], [ -97.96385625, 19.82793545 ], [ -97.96403106, 19.82785186 ], [ -97.9641386, 19.82775045 ], [ -97.96422415, 19.82750211 ], [ -97.96426614, 19.82740877 ], [ -97.96429042, 19.82731158 ], [ -97.96438632, 19.82720282 ], [ -97.96446788, 19.82709703 ], [ -97.96451768, 19.82698029 ], [ -97.96458795, 19.82679875 ], [ -97.96472085, 19.82656394 ], [ -97.96480382, 19.82634482 ], [ -97.96477631, 19.82605694 ], [ -97.96475546, 19.82580398 ], [ -97.96482695, 19.82548272 ], [ -97.96481551, 19.82526015 ], [ -97.96477598, 19.82507103 ], [ -97.96479314, 19.82479794 ], [ -97.96491006, 19.8245104 ], [ -97.96504454, 19.82424042 ], [ -97.96520329, 19.82406512 ], [ -97.96533318, 19.82394891 ], [ -97.96507512, 19.82225806 ], [ -97.96721362, 19.82240283 ], [ -97.96762809, 19.82246886 ], [ -97.96862983, 19.82231803 ], [ -97.96915851, 19.82240495 ], [ -97.96976215, 19.82255946 ], [ -97.97044814, 19.82253398 ], [ -97.97108457, 19.82184411 ], [ -97.97146522, 19.8217368 ], [ -97.97199955, 19.82166022 ], [ -97.97225109, 19.8215 ], [ -97.97212682, 19.82119308 ], [ -97.97238186, 19.82082838 ], [ -97.97253134, 19.82049391 ], [ -97.97262657, 19.82022403 ], [ -97.97273777, 19.82000411 ], [ -97.97306057, 19.81970726 ], [ -97.97336618, 19.81940169 ], [ -97.97373862, 19.81931117 ], [ -97.97357437, 19.81901777 ], [ -97.97348628, 19.81881978 ], [ -97.97339898, 19.81859514 ], [ -97.97320734, 19.81840328 ], [ -97.97284829, 19.81815363 ], [ -97.97251742, 19.81790472 ], [ -97.97231323, 19.81781925 ], [ -97.97215188, 19.81755706 ], [ -97.97216189, 19.8172194 ], [ -97.97212445, 19.81689825 ], [ -97.97180743, 19.81649852 ], [ -97.97161554, 19.81631555 ], [ -97.97129248, 19.81612022 ], [ -97.97091017, 19.81602112 ], [ -97.970471, 19.81593829 ], [ -97.96994652, 19.81545466 ], [ -97.96977477, 19.81532828 ], [ -97.96965851, 19.81530305 ], [ -97.96953451, 19.81514471 ], [ -97.96942285, 19.81496454 ], [ -97.96911078, 19.81483442 ], [ -97.96872628, 19.81477989 ], [ -97.96817578, 19.81479846 ], [ -97.96796435, 19.81482606 ], [ -97.96768602, 19.81466129 ], [ -97.96745726, 19.81461163 ], [ -97.96723848, 19.81453608 ], [ -97.96711251, 19.81443685 ], [ -97.96707145, 19.81409794 ], [ -97.96873737, 19.81240337 ], [ -97.96950057, 19.81132674 ], [ -97.96958237, 19.81134469 ], [ -97.96963886, 19.8114504 ], [ -97.969641, 19.81153295 ], [ -97.9698212, 19.81179825 ], [ -97.96992554, 19.81199206 ], [ -97.97002646, 19.81214671 ], [ -97.97008102, 19.81231749 ], [ -97.97014106, 19.81245802 ], [ -97.97018065, 19.81251551 ], [ -97.97022965, 19.81256458 ], [ -97.97031165, 19.81258412 ], [ -97.97038498, 19.81258608 ], [ -97.97047969, 19.81264069 ], [ -97.97053225, 19.81272458 ], [ -97.97058958, 19.81286488 ], [ -97.97062462, 19.8129088 ], [ -97.97074951, 19.81298518 ], [ -97.97087037, 19.81304428 ], [ -97.97100357, 19.81314669 ], [ -97.97114963, 19.81327522 ], [ -97.97124122, 19.81340231 ], [ -97.97135449, 19.81356435 ], [ -97.97142806, 19.81368666 ], [ -97.97149018, 19.8137356 ], [ -97.97156505, 19.81381495 ], [ -97.97177263, 19.81385917 ], [ -97.97193108, 19.81387628 ], [ -97.97210174, 19.81394098 ], [ -97.97227671, 19.81402258 ], [ -97.97243655, 19.81417482 ], [ -97.97252022, 19.81429285 ], [ -97.97255842, 19.81447552 ], [ -97.97255874, 19.81461178 ], [ -97.97255966, 19.81472742 ], [ -97.97259608, 19.81482335 ], [ -97.97268712, 19.81484229 ], [ -97.97284006, 19.81483397 ], [ -97.97289869, 19.81476946 ], [ -97.9729796, 19.81468903 ], [ -97.97315217, 19.81460692 ], [ -97.97331915, 19.81456594 ], [ -97.97360649, 19.81458597 ], [ -97.97376703, 19.814615 ], [ -97.97400766, 19.81464803 ], [ -97.97416043, 19.81469046 ], [ -97.97435518, 19.81477492 ], [ -97.9744718, 19.81485218 ], [ -97.97470737, 19.8151388 ], [ -97.97479055, 19.8152102 ], [ -97.97493375, 19.81531205 ], [ -97.97508203, 19.8154486 ], [ -97.9751936, 19.81558997 ], [ -97.97524128, 19.81562583 ], [ -97.97534186, 19.81572652 ], [ -97.97534642, 19.81577855 ], [ -97.97540289, 19.81591825 ], [ -97.97540763, 19.81604852 ], [ -97.97547345, 19.81614789 ], [ -97.9755834, 19.81620775 ], [ -97.97563663, 19.81615223 ], [ -97.97571946, 19.81596732 ], [ -97.9758178, 19.81583978 ], [ -97.97602682, 19.81574771 ], [ -97.97618052, 19.81549148 ], [ -97.97636666, 19.81530118 ], [ -97.97647792, 19.81502755 ], [ -97.9765664, 19.8148734 ], [ -97.97668865, 19.81467822 ], [ -97.97683322, 19.81451671 ], [ -97.97696352, 19.814443 ], [ -97.97840315, 19.81354214 ], [ -97.97884623, 19.81350469 ], [ -97.97913197, 19.81351228 ], [ -97.98004191, 19.81351182 ], [ -97.98032838, 19.81349482 ], [ -97.980669, 19.81340543 ], [ -97.98124354, 19.81343949 ], [ -97.98167646, 19.81360638 ], [ -97.98201975, 19.81371909 ], [ -97.98232915, 19.81374455 ], [ -97.98258437, 19.81375132 ], [ -97.98327225, 19.81357709 ], [ -97.98380157, 19.81352597 ], [ -97.98399208, 19.81329211 ], [ -97.98427494, 19.81303897 ], [ -97.98455011, 19.81304626 ], [ -97.98512914, 19.81286612 ], [ -97.98554189, 19.81287706 ], [ -97.98607057, 19.81284763 ], [ -97.98643745, 19.81285735 ], [ -97.98621649, 19.81256915 ], [ -97.98608534, 19.81234848 ], [ -97.98591951, 19.81211065 ], [ -97.98550743, 19.81188635 ], [ -97.98565857, 19.81167697 ], [ -97.98568142, 19.81144895 ], [ -97.985622, 19.81127971 ], [ -97.98555989, 19.81120186 ], [ -97.98552829, 19.81063708 ], [ -97.98550331, 19.81039254 ], [ -97.98518028, 19.809881 ], [ -97.98495152, 19.80944817 ], [ -97.98464232, 19.8090132 ], [ -97.98456109, 19.80849283 ], [ -97.98444262, 19.80821638 ], [ -97.98402128, 19.80804375 ], [ -97.98397083, 19.80782715 ], [ -97.98370495, 19.80768557 ], [ -97.98345366, 19.80753091 ], [ -97.98308397, 19.80753457 ], [ -97.98275889, 19.80747212 ], [ -97.98243603, 19.807322 ], [ -97.98214628, 19.80723042 ], [ -97.98200485, 19.80717591 ], [ -97.98192052, 19.80700443 ], [ -97.98192805, 19.80675078 ], [ -97.98200751, 19.80648212 ], [ -97.98212022, 19.80629895 ], [ -97.98216095, 19.8061308 ], [ -97.98217297, 19.80572495 ], [ -97.98203505, 19.80555208 ], [ -97.98164602, 19.80540637 ], [ -97.9812922, 19.80527852 ], [ -97.98120782, 19.80509235 ], [ -97.9810446, 19.80490155 ], [ -97.98099426, 19.80470043 ], [ -97.9808572, 19.80457692 ], [ -97.98067323, 19.804612 ], [ -97.98041618, 19.80473837 ], [ -97.98018885, 19.80481225 ], [ -97.97997714, 19.80483328 ], [ -97.97984323, 19.80460329 ], [ -97.97985034, 19.80436374 ], [ -97.97987583, 19.80397815 ], [ -97.97990054, 19.80361918 ], [ -97.98004606, 19.80327506 ], [ -97.98018477, 19.80300648 ], [ -97.98040211, 19.80273172 ], [ -97.98064875, 19.80235049 ], [ -97.98083995, 19.80207505 ], [ -97.98110011, 19.80182617 ], [ -97.98133291, 19.80161785 ], [ -97.98152648, 19.80155697 ], [ -97.98177972, 19.80118669 ], [ -97.98188663, 19.80089855 ], [ -97.98206726, 19.80061235 ], [ -97.98214752, 19.80039334 ], [ -97.98215648, 19.80009095 ], [ -97.98240532, 19.79999278 ], [ -97.98269482, 19.79976768 ], [ -97.98289554, 19.79963334 ], [ -97.98305434, 19.79925345 ], [ -97.98312197, 19.79904572 ], [ -97.98315515, 19.79875562 ], [ -97.98319992, 19.79848911 ], [ -97.98321749, 19.79789597 ], [ -97.98327662, 19.79755998 ], [ -97.98337262, 19.79722498 ], [ -97.98357298, 19.79710228 ], [ -97.98368152, 19.79699357 ], [ -97.98386052, 19.79681338 ], [ -97.9840154, 19.79671474 ], [ -97.98414829, 19.7966258 ], [ -97.98573703, 19.79640534 ], [ -97.9879122, 19.79622894 ], [ -97.98803183, 19.79596731 ], [ -97.98809477, 19.79573066 ], [ -97.98814531, 19.79544072 ], [ -97.98829602, 19.795074 ], [ -97.9883186, 19.79478332 ], [ -97.98830434, 19.79431955 ], [ -97.98831958, 19.7938036 ], [ -97.9883624, 19.79330162 ], [ -97.98844245, 19.79295951 ], [ -97.98860205, 19.79276514 ], [ -97.98890611, 19.79241571 ], [ -97.98912512, 19.79210375 ], [ -97.98952349, 19.79187598 ], [ -97.99001889, 19.79167726 ], [ -97.99051626, 19.79141238 ], [ -97.99083328, 19.79121285 ], [ -97.99096354, 19.79098255 ], [ -97.99114729, 19.79061345 ], [ -97.99140195, 19.79035138 ], [ -97.99174022, 19.79018503 ], [ -97.99228785, 19.79003591 ], [ -97.99265966, 19.78998731 ], [ -97.99298109, 19.78997243 ], [ -97.99325251, 19.78997962 ], [ -97.99355375, 19.78981228 ], [ -97.9937388, 19.78981718 ], [ -97.9939958, 19.78989409 ], [ -97.99429118, 19.78992528 ], [ -97.99462269, 19.78970885 ], [ -97.99482434, 19.78936795 ], [ -97.99502452, 19.78907648 ], [ -97.99551717, 19.78890815 ], [ -97.99570958, 19.78888026 ], [ -97.99599289, 19.78872288 ], [ -97.99599922, 19.78850871 ], [ -97.99612445, 19.78839662 ], [ -97.99657838, 19.78835915 ], [ -97.99664994, 19.78829509 ], [ -97.99688397, 19.78803749 ], [ -97.99707577, 19.7880662 ], [ -97.99726423, 19.78816571 ], [ -97.99752249, 19.78815678 ], [ -97.99778214, 19.78810062 ], [ -97.99790989, 19.78800158 ], [ -97.99800462, 19.7878938 ], [ -97.99761402, 19.78782485 ], [ -97.99735602, 19.78764352 ], [ -97.99708486, 19.78746185 ], [ -97.99674497, 19.78737809 ], [ -97.99640655, 19.78724449 ], [ -97.99596657, 19.78698358 ], [ -97.99563146, 19.78673789 ], [ -97.99542537, 19.78658288 ], [ -97.99507197, 19.78651122 ], [ -97.99474782, 19.7863406 ], [ -97.99444302, 19.78626754 ], [ -97.99409586, 19.78603494 ], [ -97.99389415, 19.78567214 ], [ -97.99354897, 19.78537257 ], [ -97.9932752, 19.78505254 ], [ -97.99292409, 19.78495389 ], [ -97.9922232, 19.78471192 ], [ -97.99176274, 19.78431994 ], [ -97.99125843, 19.78381506 ], [ -97.99117069, 19.78358932 ], [ -97.99118123, 19.78323214 ], [ -97.99128348, 19.78296674 ], [ -97.99140865, 19.78272429 ], [ -97.99130128, 19.78236398 ], [ -97.99107138, 19.78215683 ], [ -97.99084546, 19.78181572 ], [ -97.99078791, 19.78136737 ], [ -97.99077883, 19.7808756 ], [ -97.99054052, 19.78015437 ], [ -97.99031091, 19.77959998 ], [ -97.9897282, 19.77887458 ], [ -97.98928248, 19.77844865 ], [ -97.98916923, 19.77805122 ], [ -97.98924625, 19.77756023 ], [ -97.98902891, 19.77716006 ], [ -97.98895497, 19.77684255 ], [ -97.98897768, 19.77607405 ], [ -97.98919457, 19.77578397 ], [ -97.98935134, 19.77541342 ], [ -97.9895902, 19.77508448 ], [ -97.98985048, 19.7747364 ], [ -97.9900084, 19.77432643 ], [ -97.99012529, 19.77389566 ], [ -97.99046415, 19.77370743 ], [ -97.99075672, 19.77367572 ], [ -97.99113314, 19.77362652 ], [ -97.99158015, 19.77330311 ], [ -97.99184448, 19.77281708 ], [ -97.99206602, 19.77236935 ], [ -97.99222277, 19.7719988 ], [ -97.99229298, 19.77173631 ], [ -97.99234228, 19.77160045 ], [ -97.99234657, 19.77145483 ], [ -97.99236375, 19.77136515 ], [ -97.99237066, 19.77132708 ], [ -97.99229072, 19.77100311 ], [ -97.99226277, 19.77065165 ], [ -97.99225822, 19.77037337 ], [ -97.99223134, 19.76998566 ], [ -97.99216652, 19.76958485 ], [ -97.99218749, 19.76930725 ], [ -97.99209394, 19.76901452 ], [ -97.99210286, 19.76871242 ], [ -97.99205823, 19.76849355 ], [ -97.99197672, 19.76822532 ], [ -97.99185586, 19.76799235 ], [ -97.99172366, 19.76771069 ], [ -97.99160352, 19.76745354 ], [ -97.99145606, 19.76725614 ], [ -97.99130789, 19.76708291 ], [ -97.99109874, 19.76681131 ], [ -97.99082075, 19.76635255 ], [ -97.99061968, 19.76608338 ], [ -97.99043415, 19.76560695 ], [ -97.99032808, 19.76532086 ], [ -97.98945132, 19.76371311 ], [ -97.98917083, 19.76320849 ], [ -97.98926334, 19.76229945 ], [ -97.98863583, 19.76153748 ], [ -97.98851157, 19.76048657 ], [ -97.98855952, 19.7597292 ], [ -97.98868134, 19.75816262 ], [ -97.98788117, 19.75750482 ], [ -97.98738583, 19.75735025 ], [ -97.98579157, 19.75643148 ], [ -97.98531395, 19.75612711 ], [ -97.98506792, 19.75599052 ], [ -97.98471425, 19.75577663 ], [ -97.98439528, 19.75560628 ], [ -97.98381375, 19.75548858 ], [ -97.98348874, 19.75552258 ], [ -97.98288562, 19.7558304 ], [ -97.98184023, 19.75648438 ], [ -97.98119362, 19.75685726 ], [ -97.98024863, 19.75781011 ], [ -97.97982812, 19.75780246 ], [ -97.97934062, 19.75757037 ], [ -97.9788872, 19.75734252 ], [ -97.97853074, 19.75711931 ], [ -97.97813514, 19.75692185 ], [ -97.97781857, 19.75676983 ], [ -97.97761074, 19.75658485 ], [ -97.97724525, 19.75638882 ], [ -97.97683626, 19.75617531 ], [ -97.97648926, 19.75594874 ], [ -97.97635591, 19.75581872 ], [ -97.97619655, 19.75565914 ], [ -97.97603063, 19.7554168 ], [ -97.97613252, 19.755156 ], [ -97.97625386, 19.75477698 ], [ -97.97652138, 19.75441922 ], [ -97.97680465, 19.75414875 ], [ -97.97724575, 19.75412572 ], [ -97.97754068, 19.75408143 ], [ -97.97785392, 19.75403763 ], [ -97.97820746, 19.75387326 ], [ -97.97843572, 19.75360134 ], [ -97.97877708, 19.75322817 ], [ -97.97898443, 19.75304255 ], [ -97.97910678, 19.75262882 ], [ -97.97928262, 19.75226862 ], [ -97.97951602, 19.75182308 ], [ -97.98005988, 19.75000008 ], [ -97.98113402, 19.74864092 ], [ -97.98147508, 19.74777011 ], [ -97.98139635, 19.7476266 ], [ -97.98138535, 19.74743777 ], [ -97.98140845, 19.74721842 ], [ -97.981315, 19.74701168 ], [ -97.98121969, 19.74686774 ], [ -97.98116174, 19.74658338 ], [ -97.981086991, 19.746349397 ], [ -97.98105543, 19.7462506 ], [ -97.98086251, 19.74604123 ], [ -97.98068569, 19.74584798 ], [ -97.980585542, 19.745730939 ], [ -97.98055978, 19.74570083 ], [ -97.98048097, 19.74554051 ], [ -97.9804796, 19.745513496 ], [ -97.98047242, 19.74537194 ], [ -97.980448828, 19.74532081 ], [ -97.98039966, 19.74521425 ], [ -97.98044051, 19.74514203 ], [ -97.980429802, 19.745053347 ], [ -97.98042497, 19.74501334 ], [ -97.980389411, 19.744970552 ], [ -97.98033152, 19.74490089 ], [ -97.98029474, 19.74483578 ], [ -97.98027866, 19.7447254 ], [ -97.980282218, 19.744670846 ], [ -97.980287, 19.74459752 ], [ -97.9803562, 19.74451363 ], [ -97.98043885, 19.744472984 ], [ -97.98044325, 19.74447082 ], [ -97.98052199, 19.744437559 ], [ -97.98056389, 19.74441986 ], [ -97.98053551, 19.74425215 ], [ -97.98048063, 19.744174 ], [ -97.980478, 19.74410172 ], [ -97.98046732, 19.74397962 ], [ -97.9804368, 19.74388405 ], [ -97.98037757, 19.74379223 ], [ -97.98029426, 19.74370878 ], [ -97.980272971, 19.743688172 ], [ -97.98015528, 19.74357425 ], [ -97.98003322, 19.74351234 ], [ -97.980003424, 19.743483852 ], [ -97.979999245, 19.743479857 ], [ -97.97996305, 19.74344525 ], [ -97.979919462, 19.743369119 ], [ -97.97991905, 19.7433684 ], [ -97.97987025, 19.74331135 ], [ -97.97994677, 19.74319686 ], [ -97.98018889, 19.74302812 ], [ -97.98052495, 19.74285446 ], [ -97.98091675, 19.742721 ], [ -97.98115775, 19.74266222 ], [ -97.98173912, 19.74240306 ], [ -97.98255194, 19.74209969 ], [ -97.98290405, 19.74199338 ], [ -97.98346069, 19.74185395 ], [ -97.98391886, 19.74170089 ], [ -97.98415932, 19.74163788 ], [ -97.98455618, 19.74158522 ], [ -97.984917, 19.74153645 ], [ -97.98537469, 19.74150969 ], [ -97.98563118, 19.74151649 ], [ -97.98581202, 19.74147754 ], [ -97.98600442, 19.74139514 ], [ -97.98635702, 19.74125872 ], [ -97.9865808, 19.74120029 ], [ -97.98681588, 19.74121938 ], [ -97.98699522, 19.74128422 ], [ -97.98711622, 19.74133034 ], [ -97.98728172, 19.74140337 ], [ -97.98739492, 19.74140637 ], [ -97.98755258, 19.74137654 ], [ -97.98773163, 19.74137523 ], [ -97.98796285, 19.74133898 ], [ -97.98841215, 19.74127825 ], [ -97.98867674, 19.74119445 ], [ -97.9890744, 19.74115049 ], [ -97.98942663, 19.74112955 ], [ -97.98979198, 19.74109686 ], [ -97.99008538, 19.74107405 ], [ -97.99035697, 19.74109322 ], [ -97.99060289, 19.74112371 ], [ -97.99078683, 19.7411106 ], [ -97.99097726, 19.74109166 ], [ -97.99118666, 19.74107323 ], [ -97.99139037, 19.74146662 ], [ -97.99145918, 19.74169765 ], [ -97.99155951, 19.74188652 ], [ -97.99176565, 19.7420782 ], [ -97.99197263, 19.74224126 ], [ -97.99221154, 19.74234786 ], [ -97.99251598, 19.74228429 ], [ -97.99271082, 19.74234674 ], [ -97.99306348, 19.74269988 ], [ -97.99319911, 19.74271778 ], [ -97.99341158, 19.74269475 ], [ -97.99356612, 19.74258425 ], [ -97.99351074, 19.74241088 ], [ -97.99337765, 19.74230709 ], [ -97.99321643, 19.74213092 ], [ -97.99312911, 19.74201402 ], [ -97.99316314, 19.74188598 ], [ -97.99316778, 19.74172854 ], [ -97.99335129, 19.74166177 ], [ -97.99368894, 19.7414988 ], [ -97.99421928, 19.74146986 ], [ -97.99478112, 19.74139877 ], [ -97.99545343, 19.74135583 ], [ -97.99583918, 19.74130391 ], [ -97.99630972, 19.74123649 ], [ -97.99718554, 19.74109105 ], [ -97.99750312, 19.74112606 ], [ -97.99766545, 19.74116077 ], [ -97.99780572, 19.74117231 ], [ -97.99807965, 19.74114038 ], [ -97.99864538, 19.74103002 ], [ -97.99926854, 19.74093683 ], [ -97.99947734, 19.74093211 ], [ -97.9997376, 19.74096809 ], [ -97.9998902, 19.74100608 ], [ -98.0, 19.7410562 ], [ -98.00058138, 19.74130554 ], [ -98.00114248, 19.7415148 ], [ -98.00137522, 19.74179926 ], [ -98.001789, 19.74206018 ], [ -98.00234874, 19.74231286 ], [ -98.00257186, 19.7424376 ], [ -98.00274472, 19.74268509 ], [ -98.00289335, 19.7427144 ], [ -98.00307549, 19.74264669 ], [ -98.00336558, 19.74271091 ], [ -98.00390597, 19.74286612 ], [ -98.00422485, 19.74300737 ], [ -98.00446822, 19.74315829 ], [ -98.00464782, 19.74336674 ], [ -98.00485206, 19.74367805 ], [ -98.00503234, 19.74391614 ], [ -98.00516278, 19.74394492 ], [ -98.00521426, 19.74383475 ], [ -98.00521538, 19.74361428 ], [ -98.00519325, 19.74336529 ], [ -98.00524617, 19.74315365 ], [ -98.00553791, 19.74294325 ], [ -98.00618058, 19.74286715 ], [ -98.00687906, 19.74275406 ], [ -98.00757717, 19.74266317 ], [ -98.00805372, 19.74267214 ], [ -98.00855851, 19.7427832 ], [ -98.00901469, 19.74286349 ], [ -98.009401, 19.74301023 ], [ -98.00979555, 19.74331326 ], [ -98.01019949, 19.74372366 ], [ -98.01056375, 19.74397208 ], [ -98.01115142, 19.74417149 ], [ -98.01164717, 19.74431972 ], [ -98.01211672, 19.74433565 ], [ -98.01234863, 19.74424928 ], [ -98.01245383, 19.74399594 ], [ -98.01244223, 19.743351 ], [ -98.01245146, 19.74303698 ], [ -98.01260297, 19.7427466 ], [ -98.01290235, 19.74224217 ], [ -98.0129222, 19.74194675 ], [ -98.0128248, 19.74167952 ], [ -98.01278269, 19.74131135 ], [ -98.01267975, 19.74090152 ], [ -98.01262011, 19.74030768 ], [ -98.01264529, 19.73974986 ], [ -98.01241091, 19.73925188 ], [ -98.0122338, 19.73887817 ], [ -98.01219163, 19.73878298 ], [ -98.01216974, 19.7386274 ], [ -98.01234003, 19.73808294 ], [ -98.01238052, 19.737761 ], [ -98.01212649, 19.73736722 ], [ -98.01201215, 19.73701934 ], [ -98.0120286, 19.73665925 ], [ -98.0121474, 19.73620757 ], [ -98.01218777, 19.73583148 ], [ -98.0119732, 19.73533974 ], [ -98.0118798, 19.73498537 ], [ -98.01162623, 19.73458586 ], [ -98.01080618, 19.73369038 ], [ -98.01050829, 19.73337337 ], [ -98.01006012, 19.73292332 ], [ -98.00939138, 19.73197835 ], [ -98.00797765, 19.73003934 ], [ -98.00768675, 19.72954905 ], [ -98.00730663, 19.72918483 ], [ -98.00693418, 19.72887448 ], [ -98.00665225, 19.72872846 ], [ -98.00621695, 19.72853406 ], [ -98.00599457, 19.72840974 ], [ -98.00595311, 19.72829632 ], [ -98.00598222, 19.7282208 ], [ -98.00611678, 19.72819575 ], [ -98.00633746, 19.72825794 ], [ -98.00660268, 19.72831846 ], [ -98.00698051, 19.72843235 ], [ -98.00733575, 19.72855 ], [ -98.007671, 19.72856395 ], [ -98.00791389, 19.72848057 ], [ -98.00822726, 19.72810225 ], [ -98.00862466, 19.72765734 ], [ -98.00884718, 19.72732974 ], [ -98.00888372, 19.72717508 ], [ -98.00883598, 19.72682351 ], [ -98.00895328, 19.72681086 ], [ -98.00905545, 19.72660051 ], [ -98.00932645, 19.72656711 ], [ -98.00965194, 19.72655992 ], [ -98.00990971, 19.72642269 ], [ -98.01018398, 19.72629871 ], [ -98.01037145, 19.72635457 ], [ -98.01062472, 19.72636883 ], [ -98.01093471, 19.72636183 ], [ -98.01162138, 19.72663232 ], [ -98.01236786, 19.72699565 ], [ -98.01265963, 19.72703103 ], [ -98.01297198, 19.72683711 ], [ -98.012947, 19.72653125 ], [ -98.01289305, 19.72620052 ], [ -98.01295855, 19.72599343 ], [ -98.01329725, 19.72588363 ], [ -98.01359032, 19.72595894 ], [ -98.0138284, 19.72579849 ], [ -98.01389185, 19.72550505 ], [ -98.01413605, 19.72524671 ], [ -98.01437791, 19.72507525 ], [ -98.01482066, 19.72489672 ], [ -98.01499658, 19.72484474 ], [ -98.01538238, 19.7247426 ], [ -98.01560074, 19.72457951 ], [ -98.01584094, 19.72433786 ], [ -98.01606765, 19.72435491 ], [ -98.01632055, 19.72419757 ], [ -98.01657691, 19.72404609 ], [ -98.01684423, 19.72394643 ], [ -98.01708831, 19.72381991 ], [ -98.01749791, 19.72359146 ], [ -98.01773315, 19.7234216 ], [ -98.01772152, 19.72320783 ], [ -98.02129478, 19.71783369 ], [ -98.02142922, 19.71759115 ], [ -98.02144029, 19.71721311 ], [ -98.02127257, 19.71697225 ], [ -98.02107851, 19.71677798 ], [ -98.02104315, 19.71628048 ], [ -98.02096135, 19.71566354 ], [ -98.02085531, 19.71502231 ], [ -98.02087262, 19.7144316 ], [ -98.02121149, 19.71394394 ], [ -98.02186915, 19.71365383 ], [ -98.02303063, 19.71321142 ], [ -98.02341471, 19.71281028 ], [ -98.02346089, 19.71230586 ], [ -98.02321942, 19.71197234 ], [ -98.02348265, 19.71156285 ], [ -98.02390452, 19.71109803 ], [ -98.02395157, 19.71056389 ], [ -98.02403435, 19.70988197 ], [ -98.02400726, 19.70866178 ], [ -98.0240046, 19.7076802 ], [ -98.02698006, 19.70551134 ], [ -98.02696077, 19.70541725 ], [ -98.02695152, 19.7053044 ], [ -98.02694245, 19.70516338 ], [ -98.02696303, 19.70504131 ], [ -98.02702343, 19.70491006 ], [ -98.02714295, 19.70485432 ], [ -98.0272826, 19.70475169 ], [ -98.0274418, 19.70470557 ], [ -98.02759094, 19.70467817 ], [ -98.02763112, 19.7046032 ], [ -98.02771126, 19.70449086 ], [ -98.02782068, 19.70446325 ], [ -98.02784105, 19.70437878 ], [ -98.0278814, 19.70427562 ], [ -98.02791177, 19.70418178 ], [ -98.02795211, 19.70407863 ], [ -98.02810223, 19.70389148 ], [ -98.02814257, 19.70378831 ], [ -98.02821272, 19.70368529 ], [ -98.02826283, 19.70361038 ], [ -98.02831283, 19.70355426 ], [ -98.02841702, 19.70354488 ], [ -98.02849703, 19.70358329 ], [ -98.02857751, 19.70354575 ], [ -98.02861822, 19.70345105 ], [ -98.0286588, 19.70337531 ], [ -98.02873974, 19.70326183 ], [ -98.028788, 19.70318782 ], [ -98.02890118, 19.70308195 ], [ -98.02897972, 19.70297588 ], [ -98.0290498, 19.70283702 ], [ -98.02914589, 19.70269009 ], [ -98.02918986, 19.70257565 ], [ -98.02928608, 19.70241234 ], [ -98.02935602, 19.70229805 ], [ -98.02939112, 19.70221632 ], [ -98.02941765, 19.70212635 ], [ -98.02941823, 19.70202806 ], [ -98.02943603, 19.70194625 ], [ -98.02943663, 19.70184795 ], [ -98.02950882, 19.70167518 ], [ -98.02950969, 19.70152985 ], [ -98.02959691, 19.70139406 ], [ -98.02971269, 19.70129477 ], [ -98.02983795, 19.70121369 ], [ -98.03017508, 19.70102475 ], [ -98.03025203, 19.70099792 ], [ -98.03034845, 19.70092577 ], [ -98.03043551, 19.70081723 ], [ -98.03045557, 19.700672 ], [ -98.03049468, 19.70055412 ], [ -98.03099452, 19.70043874 ], [ -98.03111952, 19.70040308 ], [ -98.03120669, 19.70027637 ], [ -98.03119774, 19.70016732 ], [ -98.03131395, 19.69999535 ], [ -98.03141028, 19.69994137 ], [ -98.03158394, 19.69979697 ], [ -98.03177923, 19.6996944 ], [ -98.0320792, 19.69952388 ], [ -98.03218582, 19.69944272 ], [ -98.03231515, 19.69941883 ], [ -98.03247309, 19.69936731 ], [ -98.03266391, 19.69940449 ], [ -98.03276898, 19.69940506 ], [ -98.03290292, 19.69936963 ], [ -98.0331896, 19.69935309 ], [ -98.0333332, 19.69929963 ], [ -98.03344805, 19.69926409 ], [ -98.03352463, 19.69923738 ], [ -98.03369708, 19.69919188 ], [ -98.03381972, 19.69915392 ], [ -98.03393655, 19.69911043 ], [ -98.03402997, 19.69908335 ], [ -98.03411182, 19.69904517 ], [ -98.03419371, 19.69899597 ], [ -98.03436322, 19.69891965 ], [ -98.03440438, 19.6988592 ], [ -98.03449208, 19.69881554 ], [ -98.03452745, 19.69874952 ], [ -98.03451635, 19.69865569 ], [ -98.03451288, 19.69856503 ], [ -98.03453629, 19.69849982 ], [ -98.03461032, 19.69843486 ], [ -98.03471649, 19.69838752 ], [ -98.03482714, 19.69836197 ], [ -98.03494245, 19.69832774 ], [ -98.03503011, 19.69829335 ], [ -98.03511763, 19.69828511 ], [ -98.03517272, 19.6983072 ], [ -98.03525983, 19.69836866 ], [ -98.0353056, 19.69841246 ], [ -98.03538329, 19.69850872 ], [ -98.03541042, 19.69859165 ], [ -98.03540997, 19.69866571 ], [ -98.03543985, 19.69878814 ], [ -98.035533, 19.69884762 ], [ -98.03565737, 19.69889745 ], [ -98.03575051, 19.69895694 ], [ -98.03581226, 19.69905558 ], [ -98.03590546, 19.69910523 ], [ -98.03603012, 19.69910589 ], [ -98.03610254, 19.69915545 ], [ -98.03614374, 19.69921466 ], [ -98.03625771, 19.69926442 ], [ -98.03639283, 19.69925532 ], [ -98.03662103, 19.69931552 ], [ -98.03690151, 19.69931703 ], [ -98.03701585, 19.69930782 ], [ -98.03710177, 19.69927597 ], [ -98.03720325, 19.69924 ], [ -98.03734883, 19.69919523 ], [ -98.03746455, 19.69915055 ], [ -98.03758506, 19.6990748 ], [ -98.03779338, 19.69901035 ], [ -98.0379874, 19.69896775 ], [ -98.0381454, 19.69890722 ], [ -98.03837789, 19.69886574 ], [ -98.03863085, 19.69883165 ], [ -98.03876518, 19.69886134 ], [ -98.0389132, 19.69887389 ], [ -98.03913043, 19.69894586 ], [ -98.03918914, 19.69905312 ], [ -98.03934983, 19.69914935 ], [ -98.03954431, 19.69926088 ], [ -98.03975075, 19.69941526 ], [ -98.03982788, 19.69951992 ], [ -98.03989237, 19.69956934 ], [ -98.04006688, 19.69959262 ], [ -98.04050285, 19.69994038 ], [ -98.04086643, 19.70018414 ], [ -98.04141151, 19.70060158 ], [ -98.0418462, 19.7011566 ], [ -98.04224468, 19.70167688 ], [ -98.04264434, 19.70198988 ], [ -98.04308074, 19.70226855 ], [ -98.04344409, 19.70254685 ], [ -98.04358868, 19.70278942 ], [ -98.04384195, 19.70317075 ], [ -98.04409438, 19.70369025 ], [ -98.04430683, 19.70479677 ], [ -98.04463168, 19.70542026 ], [ -98.04513882, 19.70607931 ], [ -98.04564637, 19.70666922 ], [ -98.04604508, 19.70715497 ], [ -98.04644231, 19.70788249 ], [ -98.04673269, 19.70816038 ], [ -98.0470602, 19.70833483 ], [ -98.04753129, 19.70892457 ], [ -98.04781923, 19.70961695 ], [ -98.04828972, 19.71031034 ], [ -98.04886866, 19.71117697 ], [ -98.04987809, 19.71230849 ], [ -98.05098011, 19.71256832 ], [ -98.0517552, 19.71262888 ], [ -98.05238052, 19.71280151 ], [ -98.05267792, 19.7129442 ], [ -98.05291537, 19.713143 ], [ -98.05321094, 19.71359611 ], [ -98.05344708, 19.71402068 ], [ -98.05365137, 19.71478375 ], [ -98.05371002, 19.71495338 ], [ -98.05417088, 19.71586057 ], [ -98.05409603, 19.71600322 ], [ -98.05404486, 19.71645322 ], [ -98.05446875, 19.71739317 ], [ -98.05452652, 19.71785292 ], [ -98.05464392, 19.71856091 ], [ -98.05393405, 19.71952975 ], [ -98.05345905, 19.72013605 ], [ -98.05325966, 19.72029005 ], [ -98.05316126, 19.72037825 ], [ -98.0531514, 19.72048172 ], [ -98.05318203, 19.72060571 ], [ -98.05361382, 19.72082445 ], [ -98.05371417, 19.72090486 ], [ -98.05396249, 19.72117142 ], [ -98.05410418, 19.72132995 ], [ -98.05421052, 19.72152017 ], [ -98.0543608, 19.72167894 ], [ -98.05458438, 19.72168475 ], [ -98.05498545, 19.72180115 ], [ -98.05530195, 19.72186645 ], [ -98.05542115, 19.72191029 ], [ -98.05556931, 19.72214235 ], [ -98.05571771, 19.72236626 ], [ -98.05600737, 19.72279518 ], [ -98.05604272, 19.72400011 ], [ -98.05609977, 19.72543625 ], [ -98.05599465, 19.72586158 ], [ -98.05625122, 19.72602266 ], [ -98.06080845, 19.72891743 ], [ -98.06363145, 19.72886895 ], [ -98.06451758, 19.72878015 ], [ -98.06526748, 19.72841748 ], [ -98.06597157, 19.72807695 ], [ -98.06638549, 19.72725151 ], [ -98.06692926, 19.72519178 ], [ -98.06711365, 19.72153514 ], [ -98.06715912, 19.72046314 ], [ -98.06723291, 19.71920598 ], [ -98.0673806, 19.71864949 ], [ -98.06811278, 19.71601022 ], [ -98.06784089, 19.71539188 ], [ -98.06746354, 19.71485849 ], [ -98.06715209, 19.71456106 ], [ -98.06685957, 19.71411255 ], [ -98.06659254, 19.71378872 ], [ -98.06645195, 19.71361972 ], [ -98.06610905, 19.71340414 ], [ -98.06574886, 19.71323149 ], [ -98.06564028, 19.71311506 ], [ -98.06562071, 19.71296309 ], [ -98.06569545, 19.71265286 ], [ -98.06600322, 19.71221143 ], [ -98.06613368, 19.71169251 ], [ -98.06618303, 19.71131725 ], [ -98.06585072, 19.71083489 ], [ -98.06555194, 19.71052345 ], [ -98.06525175, 19.71026057 ], [ -98.06493734, 19.71004589 ], [ -98.06452605, 19.70973445 ], [ -98.06437975, 19.70931006 ], [ -98.06439638, 19.70901008 ], [ -98.06461283, 19.70865522 ], [ -98.06509625, 19.70814225 ], [ -98.06539655, 19.70775355 ], [ -98.06554843, 19.70767254 ], [ -98.06573766, 19.70767746 ], [ -98.06586686, 19.70769025 ], [ -98.06599908, 19.70759928 ], [ -98.06618465, 19.70738697 ], [ -98.06686848, 19.70717817 ], [ -98.0673404, 19.70705826 ], [ -98.06754178, 19.70698797 ], [ -98.06772654, 19.70680397 ], [ -98.06800118, 19.70598983 ], [ -98.06820272, 19.70553145 ], [ -98.06846163, 19.70476978 ], [ -98.06880908, 19.70336605 ], [ -98.07387518, 19.70265311 ], [ -98.07413891, 19.70104812 ], [ -98.07424506, 19.7007686 ], [ -98.07428795, 19.70069243 ], [ -98.07726343, 19.70094342 ], [ -98.077712081, 19.700979541 ], [ -98.07788386, 19.70099337 ], [ -98.07900374, 19.70106286 ], [ -98.07956528, 19.70111389 ], [ -98.07958592, 19.70124542 ], [ -98.0828074, 19.7007558 ], [ -98.08316968, 19.69849212 ], [ -98.0824174, 19.69823852 ], [ -98.08309129, 19.69578598 ], [ -98.08416655, 19.69457271 ], [ -98.08389368, 19.69379438 ], [ -98.08427303, 19.69339898 ], [ -98.09044842, 19.68945589 ], [ -98.092512235, 19.68381588 ], [ -98.092560721, 19.683683371 ], [ -98.092674324, 19.683372903 ], [ -98.09270175, 19.68329795 ], [ -98.092698122, 19.683220817 ], [ -98.09268412, 19.68292314 ], [ -98.09258492, 19.68288095 ], [ -98.0925224, 19.68280037 ], [ -98.09250691, 19.68269468 ], [ -98.09250068, 19.68258923 ], [ -98.09249422, 19.68249255 ], [ -98.09234965, 19.68223265 ], [ -98.092322081, 19.68216648 ], [ -98.092232108, 19.681950535 ], [ -98.09205672, 19.68152958 ], [ -98.092054709, 19.681526014 ], [ -98.09203906, 19.681498264 ], [ -98.09176062, 19.68100451 ], [ -98.0912846, 19.68033038 ], [ -98.09081097, 19.67965342 ], [ -98.09063066, 19.67930398 ], [ -98.09052638, 19.67903609 ], [ -98.09050532, 19.6786006 ], [ -98.09064032, 19.67813097 ], [ -98.09091551, 19.67761803 ], [ -98.09142494, 19.67679109 ], [ -98.09209158, 19.67570231 ], [ -98.09286049, 19.67449857 ], [ -98.09337694, 19.67390531 ], [ -98.09417289, 19.67323668 ], [ -98.094549024, 19.672954665 ], [ -98.09468023, 19.67285629 ], [ -98.09504017, 19.67258643 ], [ -98.09516392, 19.67249222 ], [ -98.09606646, 19.67180523 ], [ -98.09882486, 19.66967322 ], [ -98.10100792, 19.66804989 ], [ -98.10126743, 19.66823732 ], [ -98.10069791, 19.66859662 ], [ -98.10027451, 19.66902202 ], [ -98.1000678, 19.66945115 ], [ -98.09987352, 19.67012168 ], [ -98.09985355, 19.6706458 ], [ -98.1000186, 19.67116069 ], [ -98.10041371, 19.67166842 ], [ -98.10073352, 19.67209615 ], [ -98.10110314, 19.67271745 ], [ -98.10164608, 19.67372774 ], [ -98.10194346, 19.67429474 ], [ -98.10270611, 19.67578149 ], [ -98.10285925, 19.67602377 ], [ -98.10304758, 19.67623445 ], [ -98.10320445, 19.67634682 ], [ -98.10334803, 19.67652385 ], [ -98.10349035, 19.67674415 ], [ -98.10349588, 19.67695014 ], [ -98.10369394, 19.67721568 ], [ -98.10403111, 19.67738638 ], [ -98.10442177, 19.67767998 ], [ -98.10478432, 19.67795937 ], [ -98.10523388, 19.67818698 ], [ -98.10572655, 19.67840218 ], [ -98.10603563, 19.67855866 ], [ -98.10625771, 19.67876691 ], [ -98.10642409, 19.6789422 ], [ -98.10658826, 19.67909274 ], [ -98.10659128, 19.67923248 ], [ -98.10659125, 19.67947855 ], [ -98.10657546, 19.67978408 ], [ -98.10646128, 19.68009372 ], [ -98.10641272, 19.6803186 ], [ -98.10631409, 19.68057543 ], [ -98.10643955, 19.68085134 ], [ -98.10640294, 19.68114966 ], [ -98.1064374, 19.68141658 ], [ -98.10651302, 19.68178122 ], [ -98.10672055, 19.68193718 ], [ -98.10699155, 19.68203622 ], [ -98.10723415, 19.68220145 ], [ -98.10752902, 19.68239312 ], [ -98.107727, 19.68257395 ], [ -98.10797057, 19.68270574 ], [ -98.10807375, 19.68274434 ], [ -98.10806945, 19.68286088 ], [ -98.10954089, 19.6835842 ], [ -98.1107796, 19.68395088 ], [ -98.11040958, 19.68558062 ], [ -98.11039692, 19.68578143 ], [ -98.11228029, 19.68556105 ], [ -98.11238054, 19.68613723 ], [ -98.11250895, 19.68655545 ], [ -98.11240546, 19.68658472 ], [ -98.11262378, 19.68667938 ], [ -98.11286957, 19.68670988 ], [ -98.11315625, 19.6867978 ], [ -98.11351782, 19.68694406 ], [ -98.11360831, 19.68705114 ], [ -98.11364597, 19.68722131 ], [ -98.11392162, 19.6873976 ], [ -98.11429809, 19.68761675 ], [ -98.11452528, 19.68770315 ], [ -98.11468332, 19.68782808 ], [ -98.11491762, 19.68796302 ], [ -98.11528074, 19.68797234 ], [ -98.11661025, 19.68805471 ], [ -98.11773588, 19.68826334 ], [ -98.11862128, 19.68824231 ], [ -98.11940095, 19.68794146 ], [ -98.12018128, 19.68751369 ], [ -98.12470375, 19.68520991 ], [ -98.12689038, 19.68508943 ], [ -98.13152723, 19.68476998 ], [ -98.13902983, 19.68408006 ], [ -98.14373049, 19.68364883 ], [ -98.14521231, 19.68194082 ], [ -98.14624971, 19.68185517 ], [ -98.14639292, 19.68172097 ], [ -98.14661718, 19.68142698 ], [ -98.14690382, 19.68112485 ], [ -98.14728786, 19.68093278 ], [ -98.14777763, 19.68096038 ], [ -98.14805337, 19.68103757 ], [ -98.14835603, 19.68107272 ], [ -98.14860622, 19.68092215 ], [ -98.148696, 19.68078771 ], [ -98.1487422, 19.68047602 ], [ -98.14883798, 19.68011291 ], [ -98.14878986, 19.67991091 ], [ -98.14869352, 19.67952245 ], [ -98.14862966, 19.6791962 ], [ -98.14853331, 19.67880772 ], [ -98.14842063, 19.67840365 ], [ -98.14835718, 19.6779998 ], [ -98.14840915, 19.67747234 ], [ -98.14850935, 19.67713137 ], [ -98.14864171, 19.67691469 ], [ -98.14892082, 19.67685395 ], [ -98.14913308, 19.67702568 ], [ -98.14977189, 19.6771684 ], [ -98.14992037, 19.67699835 ], [ -98.15011806, 19.67682857 ], [ -98.15028286, 19.67667415 ], [ -98.15092418, 19.67633572 ], [ -98.1511868, 19.67629038 ], [ -98.15156374, 19.67633875 ], [ -98.15189162, 19.67635582 ], [ -98.15283552, 19.67645931 ], [ -98.15412434, 19.67393548 ], [ -98.15476848, 19.67334495 ], [ -98.15528678, 19.67283298 ], [ -98.15558186, 19.67237272 ], [ -98.15629563, 19.67178255 ], [ -98.15671591, 19.67136243 ], [ -98.15759592, 19.67090517 ], [ -98.15782629, 19.67082334 ], [ -98.15806255, 19.6707394 ], [ -98.158495749, 19.670615481 ], [ -98.158851399, 19.67047018 ], [ -98.15909651, 19.67025089 ], [ -98.159383449, 19.669905721 ], [ -98.159555969, 19.669625721 ], [ -98.159721579, 19.669391 ], [ -98.15985009, 19.66930597 ], [ -98.15997729, 19.669293783 ], [ -98.160064489, 19.66928543 ], [ -98.160288679, 19.669306711 ], [ -98.160477489, 19.669415371 ], [ -98.16067698, 19.669534691 ], [ -98.160824029, 19.669620221 ], [ -98.16112671, 19.66969271 ], [ -98.16127602, 19.6696906 ], [ -98.161549629, 19.66969165 ], [ -98.16176375, 19.66959692 ], [ -98.161972999, 19.66945494 ], [ -98.162300139, 19.669321831 ], [ -98.162416, 19.669183371 ], [ -98.16248297, 19.669014221 ], [ -98.162583679, 19.668867224 ], [ -98.16283728, 19.668822091 ], [ -98.163048549, 19.668874321 ], [ -98.163174969, 19.668952521 ], [ -98.163348349, 19.66901635 ], [ -98.163528199, 19.66905903 ], [ -98.163980769, 19.66906097 ], [ -98.16452622, 19.66897951 ], [ -98.16449475, 19.66846482 ], [ -98.16456918, 19.66809525 ], [ -98.16470418, 19.66784851 ], [ -98.16496562, 19.66765805 ], [ -98.16533751, 19.66752343 ], [ -98.16556431, 19.66747586 ], [ -98.16591903, 19.66958014 ], [ -98.16601112, 19.66967797 ], [ -98.16629825, 19.66988385 ], [ -98.16665755, 19.67005111 ], [ -98.16710954, 19.67020906 ], [ -98.16742791, 19.67033717 ], [ -98.16792118, 19.6704758 ], [ -98.16818823, 19.67057446 ], [ -98.16854708, 19.67083911 ], [ -98.16873112, 19.67107372 ], [ -98.16897718, 19.67125018 ], [ -98.16928486, 19.67145617 ], [ -98.16948969, 19.67165192 ], [ -98.16952972, 19.67186638 ], [ -98.16958923, 19.672305 ], [ -98.16960745, 19.67276289 ], [ -98.16979215, 19.67287089 ], [ -98.17016546, 19.67313106 ], [ -98.17058272, 19.67309351 ], [ -98.17088494, 19.67313438 ], [ -98.17120765, 19.67323458 ], [ -98.17154058, 19.67338415 ], [ -98.17186325, 19.6734942 ], [ -98.17298149, 19.67338323 ], [ -98.17349026, 19.67343262 ], [ -98.17434722, 19.67370106 ], [ -98.17480202, 19.67389488 ], [ -98.17524055, 19.67395157 ], [ -98.17608585, 19.67451766 ], [ -98.17667894, 19.67464086 ], [ -98.17778238, 19.67448528 ], [ -98.17969218, 19.67421288 ], [ -98.18088186, 19.67377655 ], [ -98.18130285, 19.6736988 ], [ -98.18267232, 19.67691712 ], [ -98.18736852, 19.6797324 ], [ -98.18900354, 19.67954842 ], [ -98.19024869, 19.6779476 ], [ -98.19054586, 19.67627877 ], [ -98.18981994, 19.67101249 ], [ -98.19048123, 19.67173711 ], [ -98.19091854, 19.67213597 ], [ -98.19131695, 19.67232677 ], [ -98.19167592, 19.67242288 ], [ -98.19209452, 19.67257597 ], [ -98.19235242, 19.67291732 ], [ -98.19268951, 19.67339137 ], [ -98.1928486, 19.67352437 ], [ -98.19298798, 19.6736006 ], [ -98.1932672, 19.67367746 ], [ -98.19366552, 19.67388715 ], [ -98.19390402, 19.67411503 ], [ -98.1940828, 19.67430483 ], [ -98.19438035, 19.67470308 ], [ -98.19459923, 19.67485526 ], [ -98.19503763, 19.67504623 ], [ -98.19549645, 19.67514278 ], [ -98.19575592, 19.67516285 ], [ -98.19615675, 19.6753636 ], [ -98.19696666, 19.67525232 ], [ -98.19757422, 19.67514014 ], [ -98.19806075, 19.6749508 ], [ -98.19874917, 19.67485812 ], [ -98.19984183, 19.67484383 ], [ -98.200974, 19.67502123 ], [ -98.20139948, 19.67490823 ], [ -98.20188574, 19.67477634 ], [ -98.20249291, 19.67474072 ], [ -98.20348374, 19.67486002 ], [ -98.20407088, 19.67478603 ], [ -98.20483985, 19.67477028 ], [ -98.20554829, 19.67471598 ], [ -98.20629709, 19.67468098 ], [ -98.20686363, 19.67468348 ], [ -98.20717665, 19.67497035 ], [ -98.20958143, 19.67717418 ], [ -98.20976449, 19.67714037 ], [ -98.21009429, 19.67702065 ], [ -98.21040582, 19.67690083 ], [ -98.21075388, 19.67678122 ], [ -98.21099211, 19.6766784 ], [ -98.21134063, 19.6764722 ], [ -98.21157905, 19.67633477 ], [ -98.21179928, 19.67617997 ], [ -98.21222031, 19.67609526 ], [ -98.21262258, 19.67611434 ], [ -98.21289665, 19.67616746 ], [ -98.21322612, 19.67611698 ], [ -98.21350137, 19.67592778 ], [ -98.21377645, 19.6757732 ], [ -98.21412443, 19.67567086 ], [ -98.21436271, 19.67556805 ], [ -98.21472931, 19.67539655 ], [ -98.21507745, 19.67525962 ], [ -98.21540708, 19.67517449 ], [ -98.21579126, 19.67514155 ], [ -98.21624875, 19.67509163 ], [ -98.21656022, 19.67497182 ], [ -98.21687165, 19.67486932 ], [ -98.21762662, 19.67437145 ], [ -98.21782386, 19.67430652 ], [ -98.21806731, 19.67426374 ], [ -98.2182876, 19.67422085 ], [ -98.21861215, 19.67416745 ], [ -98.21890205, 19.67410292 ], [ -98.21933103, 19.67401711 ], [ -98.21960954, 19.67390868 ], [ -98.21991122, 19.67380035 ], [ -98.22024752, 19.67371412 ], [ -98.22066472, 19.67367208 ], [ -98.22101349, 19.67366795 ], [ -98.22124368, 19.67369868 ], [ -98.22169297, 19.67388891 ], [ -98.22196511, 19.67389997 ], [ -98.22231066, 19.67389157 ], [ -98.22267638, 19.67403189 ], [ -98.2230844, 19.67409309 ], [ -98.22359708, 19.67416469 ], [ -98.22401555, 19.67422595 ], [ -98.22434988, 19.67437603 ], [ -98.22468458, 19.67443692 ], [ -98.22512431, 19.67443883 ], [ -98.22542837, 19.67435095 ], [ -98.22564825, 19.67434197 ], [ -98.22604571, 19.67442297 ], [ -98.22639117, 19.67442445 ], [ -98.22663194, 19.6744354 ], [ -98.22716306, 19.67438797 ], [ -98.22765728, 19.674406 ], [ -98.22802429, 19.67445131 ], [ -98.22834842, 19.67454186 ], [ -98.22873458, 19.67471845 ], [ -98.2290922, 19.67487586 ], [ -98.22808152, 19.68041945 ], [ -98.22845651, 19.68008374 ], [ -98.22862743, 19.67982748 ], [ -98.22878202, 19.67944265 ], [ -98.22911083, 19.67907622 ], [ -98.22977138, 19.67853962 ], [ -98.23075292, 19.67797312 ], [ -98.23106698, 19.67782965 ], [ -98.23131502, 19.67773626 ], [ -98.23157552, 19.67757349 ], [ -98.23174592, 19.67746088 ], [ -98.23198512, 19.67728257 ], [ -98.23217143, 19.67711948 ], [ -98.23244432, 19.67695674 ], [ -98.23275414, 19.67682929 ], [ -98.23320322, 19.67674035 ], [ -98.23374048, 19.67676828 ], [ -98.23438003, 19.67690551 ], [ -98.234803, 19.67697454 ], [ -98.23505083, 19.67695145 ], [ -98.23530682, 19.67691392 ], [ -98.23552558, 19.67682429 ], [ -98.23580186, 19.67661174 ], [ -98.236043, 19.67655192 ], [ -98.23626037, 19.67651345 ], [ -98.23656018, 19.67646971 ], [ -98.23690435, 19.67641243 ], [ -98.23767326, 19.67626332 ], [ -98.23815857, 19.67603403 ], [ -98.23857868, 19.67592746 ], [ -98.23903782, 19.67608514 ], [ -98.23943378, 19.67629245 ], [ -98.23993169, 19.67616585 ], [ -98.24029917, 19.67600677 ], [ -98.24078629, 19.67585665 ], [ -98.24106728, 19.67583615 ], [ -98.24105372, 19.67597729 ], [ -98.24085248, 19.67601738 ], [ -98.24083751, 19.6764412 ], [ -98.24057206, 19.67672934 ], [ -98.24067974, 19.6768438 ], [ -98.24087771, 19.67679791 ], [ -98.24110782, 19.67694483 ], [ -98.24107069, 19.67702223 ], [ -98.24089815, 19.67714226 ], [ -98.24094323, 19.67719371 ], [ -98.24101965, 19.6772046 ], [ -98.24105292, 19.677247 ], [ -98.2409758, 19.67746872 ], [ -98.24094274, 19.67791752 ], [ -98.24088157, 19.67809722 ], [ -98.24085597, 19.67815334 ], [ -98.24106508, 19.67911285 ], [ -98.24410245, 19.68457578 ], [ -98.24418455, 19.68502983 ], [ -98.24435143, 19.68538045 ], [ -98.24451231, 19.68549197 ], [ -98.24474309, 19.68546648 ], [ -98.24495502, 19.68541477 ], [ -98.24523097, 19.68522222 ], [ -98.24552198, 19.68521045 ], [ -98.24579903, 19.68534075 ], [ -98.24611062, 19.68531049 ], [ -98.24623831, 19.68491503 ], [ -98.24674931, 19.68644325 ], [ -98.24698009, 19.68686863 ], [ -98.24714278, 19.68696665 ], [ -98.24755703, 19.6872602 ], [ -98.24832557, 19.68783625 ], [ -98.24890949, 19.68851203 ], [ -98.24920192, 19.68886197 ], [ -98.24989312, 19.68969869 ], [ -98.25039072, 19.69058526 ], [ -98.25063838, 19.69185809 ], [ -98.25090294, 19.69206469 ], [ -98.25241131, 19.6931258 ], [ -98.25237768, 19.69870531 ], [ -98.25257597, 19.70273068 ], [ -98.2529938, 19.70409785 ], [ -98.25320029, 19.70530351 ], [ -98.25315154, 19.70666874 ], [ -98.25344623, 19.70715188 ], [ -98.25395375, 19.70747526 ], [ -98.25450295, 19.70795946 ], [ -98.25503449, 19.70819897 ], [ -98.25499097, 19.708886 ], [ -98.25488266, 19.70932835 ], [ -98.25489712, 19.70991363 ], [ -98.25487725, 19.71049875 ], [ -98.25497792, 19.71101937 ], [ -98.25511197, 19.71175145 ], [ -98.25517757, 19.71241822 ], [ -98.25512357, 19.71295445 ], [ -98.25486302, 19.71357108 ], [ -98.25449812, 19.71446363 ], [ -98.25429022, 19.71483666 ], [ -98.25397805, 19.71546934 ], [ -98.25389011, 19.71590788 ], [ -98.25376818, 19.716265 ], [ -98.25386915, 19.71672058 ], [ -98.25412595, 19.71691674 ], [ -98.25448598, 19.7170808 ], [ -98.25484546, 19.71733151 ], [ -98.25532174, 19.71841228 ], [ -98.25532125, 19.71873492 ], [ -98.25531892, 19.71882902 ], [ -98.25496778, 19.71890955 ], [ -98.25450874, 19.71904006 ], [ -98.25400551, 19.71911812 ], [ -98.25351725, 19.71909271 ], [ -98.25300537, 19.71910425 ], [ -98.25247197, 19.71915398 ], [ -98.25173411, 19.71920905 ], [ -98.25118149, 19.71927172 ], [ -98.25059155, 19.7193122 ], [ -98.25010822, 19.71933397 ], [ -98.24951437, 19.71926111 ], [ -98.24862112, 19.71918388 ], [ -98.24805783, 19.71933263 ], [ -98.24747445, 19.71963814 ], [ -98.24699357, 19.71984592 ], [ -98.24648297, 19.72007629 ], [ -98.24610043, 19.72035631 ], [ -98.24574411, 19.72059488 ], [ -98.24531078, 19.72083517 ], [ -98.24506323, 19.72107525 ], [ -98.2448474, 19.7213006 ], [ -98.24458875, 19.72143002 ], [ -98.24430352, 19.72154114 ], [ -98.243907, 19.72161508 ], [ -98.24350446, 19.72155731 ], [ -98.24308603, 19.72151768 ], [ -98.24262351, 19.72152234 ], [ -98.24217135, 19.72157395 ], [ -98.24174865, 19.72162351 ], [ -98.24131272, 19.72173278 ], [ -98.24082085, 19.72188611 ], [ -98.24034203, 19.72200475 ], [ -98.23936198, 19.72218318 ], [ -98.23919746, 19.72219705 ], [ -98.23879691, 19.72223082 ], [ -98.23876792, 19.72223326 ], [ -98.23823715, 19.72231237 ], [ -98.23771929, 19.7226906 ], [ -98.23721534, 19.72288988 ], [ -98.23682669, 19.72309885 ], [ -98.23626309, 19.72333395 ], [ -98.2359386, 19.72423632 ], [ -98.23557465, 19.7248122 ], [ -98.23514357, 19.72545272 ], [ -98.23470054, 19.72585248 ], [ -98.23406466, 19.72639989 ], [ -98.23366231, 19.72689832 ], [ -98.23335866, 19.72728774 ], [ -98.2330746, 19.72756083 ], [ -98.23249152, 19.72798823 ], [ -98.23195458, 19.72845485 ], [ -98.23136938, 19.72923488 ], [ -98.23077991, 19.72959922 ], [ -98.23043111, 19.72981911 ], [ -98.21896015, 19.73698697 ], [ -98.21880948, 19.73739085 ], [ -98.21875257, 19.73761925 ], [ -98.21871463, 19.73777738 ], [ -98.2185832, 19.73804062 ], [ -98.21843295, 19.73835655 ], [ -98.21826315, 19.73886588 ], [ -98.21815025, 19.73914682 ], [ -98.21796306, 19.7394098 ], [ -98.21771966, 19.73976051 ], [ -98.21738317, 19.74014597 ], [ -98.21704732, 19.74039075 ], [ -98.21661845, 19.74065271 ], [ -98.21626465, 19.74077426 ], [ -98.21591098, 19.74086066 ], [ -98.2155574, 19.74092948 ], [ -98.21531455, 19.74117465 ], [ -98.21510934, 19.74131445 ], [ -98.21484915, 19.74129574 ], [ -98.21460794, 19.74120674 ], [ -98.21423671, 19.74108197 ], [ -98.21403349, 19.74081726 ], [ -98.21386731, 19.74058788 ], [ -98.21373777, 19.7404642 ], [ -98.21340368, 19.7403572 ], [ -98.21295777, 19.74030248 ], [ -98.21256735, 19.74030075 ], [ -98.21225489, 19.74018398 ], [ -98.21194949, 19.73994766 ], [ -98.21177115, 19.73964649 ], [ -98.21177245, 19.73938268 ], [ -98.21168052, 19.73917122 ], [ -98.21125485, 19.73878238 ], [ -98.21082795, 19.73863982 ], [ -98.21043772, 19.73860291 ], [ -98.21019608, 19.73860185 ], [ -98.2098432, 19.73852994 ], [ -98.20958371, 19.73837049 ], [ -98.20934211, 19.73835185 ], [ -98.20913729, 19.73842131 ], [ -98.20896912, 19.73859643 ], [ -98.20860422, 19.7391522 ], [ -98.20821591, 19.73914982 ], [ -98.20798175, 19.7390142 ], [ -98.20771588, 19.73897569 ], [ -98.20728363, 19.73915585 ], [ -98.20692678, 19.73913957 ], [ -98.20656829, 19.73913105 ], [ -98.20629, 19.73900672 ], [ -98.20608666, 19.73877717 ], [ -98.20564146, 19.73858171 ], [ -98.20521415, 19.73852705 ], [ -98.20482374, 19.73852532 ], [ -98.20437723, 19.73859369 ], [ -98.20422774, 19.73875132 ], [ -98.20371488, 19.7391296 ], [ -98.20362222, 19.73919162 ], [ -98.20337131, 19.73921548 ], [ -98.20314705, 19.73918949 ], [ -98.20281742, 19.73912562 ], [ -98.20257994, 19.73911205 ], [ -98.20238175, 19.73914863 ], [ -98.20219655, 19.73923523 ], [ -98.20209058, 19.73930966 ], [ -98.20191828, 19.73945874 ], [ -98.2017858, 19.73955806 ], [ -98.20150782, 19.73971914 ], [ -98.20130931, 19.73983065 ], [ -98.2012034, 19.73989258 ], [ -98.20099237, 19.73986666 ], [ -98.20080757, 19.73986585 ], [ -98.20068851, 19.73992775 ], [ -98.20062192, 19.74003985 ], [ -98.20042342, 19.74015134 ], [ -98.20027805, 19.74018815 ], [ -98.20010617, 19.7402498 ], [ -98.19997374, 19.74033662 ], [ -98.19990723, 19.74043623 ], [ -98.19984063, 19.7405608 ], [ -98.19966863, 19.74064743 ], [ -98.19950994, 19.74070917 ], [ -98.1992718, 19.74082048 ], [ -98.19916546, 19.74096983 ], [ -98.19903668, 19.74127985 ], [ -98.19885606, 19.74144825 ], [ -98.19860937, 19.74154145 ], [ -98.19833137, 19.74149054 ], [ -98.19800202, 19.7415524 ], [ -98.1977806, 19.74164455 ], [ -98.19758974, 19.74173172 ], [ -98.19739329, 19.74180152 ], [ -98.19712911, 19.7417224 ], [ -98.19687183, 19.74171375 ], [ -98.19661189, 19.74172086 ], [ -98.19639032, 19.74165668 ], [ -98.1956988, 19.74161966 ], [ -98.19590831, 19.74184035 ], [ -98.19635143, 19.74230711 ], [ -98.196398628, 19.742358625 ], [ -98.19671374, 19.74270255 ], [ -98.19691625, 19.74383568 ], [ -98.19680491, 19.74528735 ], [ -98.19716465, 19.74619966 ], [ -98.19723828, 19.74708606 ], [ -98.19770198, 19.74802345 ], [ -98.19784548, 19.74878785 ], [ -98.19759306, 19.74910635 ], [ -98.19722435, 19.74959265 ], [ -98.19622842, 19.7503156 ], [ -98.1956776, 19.75167115 ], [ -98.19546925, 19.75245862 ], [ -98.19551188, 19.75336618 ], [ -98.19577449, 19.75430451 ], [ -98.19641789, 19.75478175 ], [ -98.19696165, 19.75532569 ], [ -98.19747866, 19.75601717 ], [ -98.19822865, 19.75695585 ], [ -98.19850963, 19.7573514 ], [ -98.19863814, 19.75757682 ], [ -98.19866702, 19.75823654 ], [ -98.19854482, 19.75861428 ], [ -98.19827342, 19.75901637 ], [ -98.19805094, 19.75927682 ], [ -98.19805648, 19.76019589 ], [ -98.19813414, 19.76069037 ], [ -98.19828705, 19.76127872 ], [ -98.19779386, 19.76205909 ], [ -98.19672431, 19.76220626 ], [ -98.19579783, 19.76307457 ], [ -98.19522077, 19.7629732 ], [ -98.19446329, 19.76292545 ], [ -98.19351749, 19.76295409 ], [ -98.19379583, 19.76370674 ], [ -98.19409866, 19.76438855 ], [ -98.19437594, 19.76537189 ], [ -98.1944842, 19.76558965 ], [ -98.19482654, 19.76554817 ], [ -98.19506085, 19.76564192 ], [ -98.19526903, 19.76567351 ], [ -98.19562875, 19.7657406 ], [ -98.19586102, 19.76581737 ], [ -98.19615989, 19.76586034 ], [ -98.19661283, 19.76609338 ], [ -98.19744034, 19.76634468 ], [ -98.19835814, 19.76676765 ], [ -98.19936905, 19.76708128 ], [ -98.20030278, 19.76752217 ], [ -98.20075111, 19.7680304 ], [ -98.20135877, 19.7682134 ], [ -98.20164555, 19.76839422 ], [ -98.20209431, 19.76828549 ], [ -98.20264142, 19.76795491 ], [ -98.20411477, 19.769181 ], [ -98.20727105, 19.77180748 ], [ -98.2086446, 19.77295042 ], [ -98.20887592, 19.77314571 ], [ -98.20912845, 19.77330083 ], [ -98.20943458, 19.77359311 ], [ -98.2097586, 19.77391968 ], [ -98.21021005, 19.77409278 ], [ -98.21071578, 19.77426615 ], [ -98.21134834, 19.77440585 ], [ -98.21196271, 19.77456255 ], [ -98.21246903, 19.77461614 ], [ -98.21317377, 19.77479035 ], [ -98.21369795, 19.77489534 ], [ -98.21420469, 19.77486335 ], [ -98.21474743, 19.77486574 ], [ -98.21505634, 19.77459328 ], [ -98.21527438, 19.774406 ], [ -98.21590917, 19.77408365 ], [ -98.21652597, 19.77374409 ], [ -98.21681592, 19.77364268 ], [ -98.21732342, 19.77345665 ], [ -98.21801158, 19.77332277 ], [ -98.21859054, 19.77332529 ], [ -98.21907975, 19.7731734 ], [ -98.21947894, 19.77293557 ], [ -98.21994412, 19.77309718 ], [ -98.22068023, 19.7733572 ], [ -98.22142425, 19.77357635 ], [ -98.21615555, 19.77841697 ], [ -98.21738968, 19.7782372 ], [ -98.21785998, 19.77814668 ], [ -98.21856497, 19.77809423 ], [ -98.21932848, 19.77807905 ], [ -98.21999394, 19.77810046 ], [ -98.22097257, 19.77814175 ], [ -98.22200878, 19.77840548 ], [ -98.22280995, 19.77870523 ], [ -98.2235514, 19.77920837 ], [ -98.22401969, 19.77952517 ], [ -98.22454994, 19.77963729 ], [ -98.22464548, 19.77965749 ], [ -98.22563972, 19.77978712 ], [ -98.22549098, 19.77936966 ], [ -98.22539535, 19.77900082 ], [ -98.22534795, 19.77873351 ], [ -98.22535969, 19.77831909 ], [ -98.22554755, 19.77773965 ], [ -98.22552668, 19.77722334 ], [ -98.22583672, 19.77659545 ], [ -98.22619623, 19.7763308 ], [ -98.22663271, 19.77601808 ], [ -98.2271192, 19.77594757 ], [ -98.22758122, 19.77563495 ], [ -98.2281724, 19.77508089 ], [ -98.22878795, 19.77476892 ], [ -98.22922362, 19.77462558 ], [ -98.22983835, 19.77448305 ], [ -98.23042626, 19.77460658 ], [ -98.23080923, 19.77477763 ], [ -98.2313712, 19.77520762 ], [ -98.23177883, 19.77533842 ], [ -98.23201858, 19.77542954 ], [ -98.23218785, 19.7755324 ], [ -98.23250595, 19.7755808 ], [ -98.23275069, 19.7756616 ], [ -98.23293577, 19.7757658 ], [ -98.23315565, 19.77606446 ], [ -98.23382069, 19.77638783 ], [ -98.23433092, 19.77670463 ], [ -98.23481545, 19.77704551 ], [ -98.23522262, 19.77750708 ], [ -98.23522089, 19.77787008 ], [ -98.2351166, 19.77828105 ], [ -98.23514054, 19.77861998 ], [ -98.23536989, 19.77881457 ], [ -98.23629355, 19.7798478 ], [ -98.23644971, 19.78048075 ], [ -98.2366528, 19.78112218 ], [ -98.23720811, 19.78198791 ], [ -98.23758971, 19.78224018 ], [ -98.23794149, 19.78257589 ], [ -98.23855678, 19.78321908 ], [ -98.23887869, 19.7836382 ], [ -98.23928962, 19.78391846 ], [ -98.2397878, 19.78442189 ], [ -98.2398178, 19.78444695 ], [ -98.24029765, 19.78596722 ], [ -98.24142677, 19.78679183 ], [ -98.24163514, 19.78714283 ], [ -98.24178231, 19.78746494 ], [ -98.24229431, 19.78774734 ], [ -98.24268952, 19.78804566 ], [ -98.24284272, 19.78838849 ], [ -98.24295666, 19.78849886 ], [ -98.24291174, 19.7886466 ], [ -98.24287229, 19.78889251 ], [ -98.24290875, 19.78887269 ], [ -98.24331125, 19.7891578 ], [ -98.24333838, 19.78921798 ], [ -98.24354931, 19.78946334 ], [ -98.2435292, 19.7899062 ], [ -98.24372811, 19.79024906 ], [ -98.24424162, 19.79063318 ], [ -98.24449475, 19.79126738 ], [ -98.24456217, 19.7916398 ], [ -98.24469863, 19.79192417 ], [ -98.24582735, 19.79235298 ], [ -98.24678269, 19.79286995 ], [ -98.24682448, 19.792751 ], [ -98.24720075, 19.79292714 ], [ -98.24766845, 19.79335102 ], [ -98.24795478, 19.79354463 ], [ -98.24844445, 19.79376175 ], [ -98.24883825, 19.7940124 ], [ -98.24919615, 19.7942516 ], [ -98.24945894, 19.79435458 ], [ -98.24968545, 19.79454795 ], [ -98.24991202, 19.79471868 ], [ -98.2501632, 19.79475369 ], [ -98.25051035, 19.79473251 ], [ -98.25078517, 19.79483552 ], [ -98.25093943, 19.79493869 ], [ -98.25098466, 19.79500331 ], [ -98.25102748, 19.79506448 ], [ -98.25097332, 19.79528974 ], [ -98.25086378, 19.79546832 ], [ -98.25075294, 19.79564303 ], [ -98.25080006, 19.79581908 ], [ -98.25065338, 19.79613643 ], [ -98.25052543, 19.7962992 ], [ -98.25047969, 19.79654391 ], [ -98.25055786, 19.7970068 ], [ -98.25061177, 19.79740763 ], [ -98.25062051, 19.79756149 ], [ -98.25056602, 19.79765234 ], [ -98.25056674, 19.79786132 ], [ -98.25057805, 19.79811971 ], [ -98.25054374, 19.79824531 ], [ -98.25047912, 19.79835069 ], [ -98.25027838, 19.79854512 ], [ -98.25012671, 19.79863863 ], [ -98.24972125, 19.79876191 ], [ -98.24971895, 19.79990225 ], [ -98.24970892, 19.80164851 ], [ -98.24968855, 19.80350745 ], [ -98.24970852, 19.80606946 ], [ -98.24993226, 19.806075 ], [ -98.25022865, 19.80615294 ], [ -98.25046568, 19.80635292 ], [ -98.25071697, 19.80671212 ], [ -98.25085786, 19.80701563 ], [ -98.2508726, 19.80715718 ], [ -98.25099777, 19.80735442 ], [ -98.25108417, 19.80760362 ], [ -98.25130158, 19.80783843 ], [ -98.25137082, 19.80803428 ], [ -98.25136448, 19.80826355 ], [ -98.25126395, 19.80852578 ], [ -98.25125852, 19.8087824 ], [ -98.25143477, 19.80923294 ], [ -98.25175366, 19.80964238 ], [ -98.25266014, 19.81098103 ], [ -98.25290542, 19.81131971 ], [ -98.25295302, 19.8113994 ], [ -98.25309671, 19.81160708 ], [ -98.25317575, 19.81175035 ], [ -98.25297363, 19.81185528 ], [ -98.25283918, 19.81191475 ], [ -98.25265452, 19.81198871 ], [ -98.25233758, 19.81204368 ], [ -98.25217038, 19.81208665 ], [ -98.2519578, 19.81212549 ], [ -98.2517284, 19.81222355 ], [ -98.25147669, 19.81233492 ], [ -98.25128268, 19.81247537 ], [ -98.25111885, 19.81258198 ], [ -98.25085805, 19.81275798 ], [ -98.25093962, 19.81291189 ], [ -98.25109406, 19.81320332 ], [ -98.25115375, 19.81329672 ], [ -98.25141289, 19.81370218 ], [ -98.2516086, 19.81438146 ], [ -98.25173869, 19.8145818 ], [ -98.25203651, 19.81504037 ], [ -98.2521728, 19.81526886 ], [ -98.25254291, 19.81556271 ], [ -98.25297228, 19.81634509 ], [ -98.25310786, 19.81664925 ], [ -98.25336203, 19.81721943 ], [ -98.25373814, 19.81800988 ], [ -98.25372988, 19.81818128 ], [ -98.2542214, 19.81863971 ], [ -98.25488388, 19.8191862 ], [ -98.25561291, 19.81963709 ], [ -98.25597462, 19.81995477 ], [ -98.25630888, 19.82012286 ], [ -98.2566524, 19.82026342 ], [ -98.25696425, 19.82021154 ], [ -98.25755583, 19.82013686 ], [ -98.25788218, 19.82016625 ], [ -98.25814538, 19.82027352 ], [ -98.25837702, 19.82043466 ], [ -98.25862791, 19.82050858 ], [ -98.25890848, 19.82042386 ], [ -98.25922226, 19.82020449 ], [ -98.25962425, 19.82015066 ], [ -98.26010671, 19.82008286 ], [ -98.26056611, 19.82012112 ], [ -98.261024, 19.8202564 ], [ -98.26130494, 19.82052434 ], [ -98.26159065, 19.82064957 ], [ -98.26187318, 19.82085175 ], [ -98.26248608, 19.82102337 ], [ -98.26288337, 19.82113905 ], [ -98.26306686, 19.82119248 ], [ -98.26322251, 19.82128298 ], [ -98.26422045, 19.82256146 ], [ -98.26433154, 19.82273606 ], [ -98.26458218, 19.82299929 ], [ -98.2647018, 19.82343732 ], [ -98.26468509, 19.82381143 ], [ -98.26471318, 19.82417909 ], [ -98.26494495, 19.82443248 ], [ -98.26501711, 19.82472309 ], [ -98.26501611, 19.82494268 ], [ -98.26502862, 19.82512177 ], [ -98.26499142, 19.82528185 ], [ -98.26491908, 19.82536709 ], [ -98.26473031, 19.8253908 ], [ -98.26464788, 19.82542645 ], [ -98.26462042, 19.82551271 ], [ -98.26465938, 19.82568548 ], [ -98.26467222, 19.82590405 ], [ -98.26470868, 19.82608728 ], [ -98.26482189, 19.82618342 ], [ -98.26495615, 19.82628477 ], [ -98.26503343, 19.82636766 ], [ -98.26509502, 19.82651612 ], [ -98.26512532, 19.82667746 ], [ -98.26512894, 19.82689795 ], [ -98.26512708, 19.82723292 ], [ -98.265174, 19.8276718 ], [ -98.26520248, 19.82822674 ], [ -98.26515505, 19.82854532 ], [ -98.26512486, 19.82876385 ], [ -98.26520108, 19.82898288 ], [ -98.26534952, 19.82920105 ], [ -98.26536162, 19.82938318 ], [ -98.26532143, 19.82971215 ], [ -98.26527611, 19.82991438 ], [ -98.26534372, 19.83020558 ], [ -98.26532065, 19.83049042 ], [ -98.26532029, 19.83060766 ], [ -98.26531977, 19.83078582 ], [ -98.26532371, 19.83083475 ], [ -98.26534312, 19.83107635 ], [ -98.26535048, 19.83116782 ], [ -98.26536569, 19.83138435 ], [ -98.26538818, 19.83170457 ], [ -98.26543414, 19.83186412 ], [ -98.26547772, 19.83201546 ], [ -98.26548589, 19.83204382 ], [ -98.26549468, 19.83205568 ], [ -98.26558046, 19.83217169 ], [ -98.26561025, 19.83233005 ], [ -98.2656812, 19.83270738 ], [ -98.26613229, 19.83339866 ], [ -98.26613848, 19.83362808 ], [ -98.26615309, 19.83417006 ], [ -98.2661546, 19.83422625 ], [ -98.26620803, 19.83471622 ], [ -98.26621052, 19.83473915 ], [ -98.26615051, 19.83485712 ], [ -98.26602174, 19.8351102 ], [ -98.26583558, 19.83554468 ], [ -98.26573198, 19.83578646 ], [ -98.2657092, 19.83600462 ], [ -98.26569888, 19.83610335 ], [ -98.26565697, 19.83650469 ], [ -98.26561972, 19.836609 ], [ -98.26565066, 19.83691163 ], [ -98.26552954, 19.83709554 ], [ -98.26553475, 19.83730049 ], [ -98.26546677, 19.83740808 ], [ -98.26545865, 19.83757174 ], [ -98.26551029, 19.83772745 ], [ -98.26550177, 19.83815586 ], [ -98.26538885, 19.83839258 ], [ -98.26558783, 19.83884705 ], [ -98.26590706, 19.83983908 ], [ -98.26625374, 19.84087374 ], [ -98.26640148, 19.84128214 ], [ -98.26655042, 19.84169392 ], [ -98.26690358, 19.84265269 ], [ -98.26697412, 19.84289412 ], [ -98.26714911, 19.843336 ], [ -98.26864229, 19.84449043 ], [ -98.26922977, 19.84494675 ], [ -98.26924551, 19.8449578 ], [ -98.27022472, 19.84564506 ], [ -98.27031806, 19.84571748 ], [ -98.27108009, 19.84630875 ], [ -98.27121205, 19.84628068 ], [ -98.27131315, 19.84625654 ], [ -98.27206352, 19.84607745 ], [ -98.27213682, 19.84607194 ], [ -98.27268577, 19.8461062 ], [ -98.27274138, 19.84613558 ], [ -98.27298551, 19.84613735 ], [ -98.27329129, 19.84620375 ], [ -98.27342918, 19.8462494 ], [ -98.27389009, 19.84640202 ], [ -98.27447172, 19.84655829 ], [ -98.27515906, 19.84681455 ], [ -98.27548472, 19.84693654 ], [ -98.27576515, 19.8468326 ], [ -98.27594809, 19.84683466 ], [ -98.27607809, 19.84698166 ], [ -98.2761678, 19.84725185 ], [ -98.27623652, 19.84756623 ], [ -98.2765382, 19.84772626 ], [ -98.27722015, 19.84806491 ], [ -98.27747165, 19.84816205 ], [ -98.27795517, 19.84812589 ], [ -98.27817969, 19.84821835 ], [ -98.27846092, 19.84816606 ], [ -98.27868002, 19.84824643 ], [ -98.2788522, 19.84821118 ], [ -98.27902238, 19.8481254 ], [ -98.27929135, 19.84791246 ], [ -98.27938068, 19.84785366 ], [ -98.27967983, 19.847835 ], [ -98.27973248, 19.84789734 ], [ -98.28069442, 19.84760951 ], [ -98.28306918, 19.84713551 ], [ -98.28349548, 19.84698762 ], [ -98.28354046, 19.84696915 ], [ -98.283586, 19.84702589 ], [ -98.28376931, 19.8472512 ], [ -98.28501608, 19.84873535 ], [ -98.2865836, 19.84833726 ], [ -98.28674989, 19.84909762 ], [ -98.28933337, 19.84868114 ], [ -98.29036009, 19.84851869 ], [ -98.29228557, 19.84818088 ], [ -98.29328218, 19.84802725 ], [ -98.29599991, 19.84758103 ], [ -98.29644402, 19.84639612 ], [ -98.29873194, 19.84619455 ], [ -98.29894985, 19.84596169 ], [ -98.29918915, 19.84569925 ], [ -98.29947078, 19.84540809 ], [ -98.29958722, 19.84539292 ], [ -98.30030491, 19.84529945 ], [ -98.30056392, 19.84526572 ], [ -98.30064172, 19.84531546 ], [ -98.30100026, 19.84573234 ], [ -98.30105614, 19.84577682 ], [ -98.30122178, 19.84585842 ], [ -98.30138445, 19.84591174 ], [ -98.30152789, 19.84598574 ], [ -98.30168286, 19.8460744 ], [ -98.30183515, 19.84607462 ], [ -98.30202865, 19.84606178 ], [ -98.30219874, 19.84609051 ], [ -98.30236705, 19.84614974 ], [ -98.30254363, 19.84625378 ], [ -98.30279785, 19.84622009 ], [ -98.30297729, 19.846066 ], [ -98.30322788, 19.84573368 ], [ -98.30342614, 19.84555649 ], [ -98.30367746, 19.84553828 ], [ -98.30404968, 19.84565162 ], [ -98.3043378, 19.84593051 ], [ -98.30452975, 19.84590685 ], [ -98.30502874, 19.8458826 ], [ -98.30529209, 19.84587052 ], [ -98.30533278, 19.84604042 ], [ -98.30530457, 19.84618495 ], [ -98.30506911, 19.84615785 ], [ -98.30475074, 19.846078 ], [ -98.30457042, 19.8461166 ], [ -98.3044456, 19.84614231 ], [ -98.30430703, 19.84614177 ], [ -98.30415471, 19.84611497 ], [ -98.30405758, 19.84614078 ], [ -98.30400194, 19.84619297 ], [ -98.30397388, 19.84627146 ], [ -98.30394575, 19.84636305 ], [ -98.30387602, 19.84646757 ], [ -98.30377874, 19.84653268 ], [ -98.3036676, 19.84659774 ], [ -98.30355592, 19.84678069 ], [ -98.30348635, 19.84684592 ], [ -98.30336131, 19.84692403 ], [ -98.30325646, 19.84700843 ], [ -98.30288397, 19.84728789 ], [ -98.30241318, 19.84740311 ], [ -98.30201768, 19.84728451 ], [ -98.301745, 19.84737708 ], [ -98.30196674, 19.84761205 ], [ -98.30223838, 19.84775357 ], [ -98.30246023, 19.84796514 ], [ -98.30273097, 19.84831735 ], [ -98.3028538, 19.84852852 ], [ -98.30314989, 19.84874037 ], [ -98.30342166, 19.84885848 ], [ -98.30365688, 19.84905634 ], [ -98.30401232, 19.84933728 ], [ -98.30468718, 19.84974505 ], [ -98.30521258, 19.85001278 ], [ -98.30549517, 19.85015414 ], [ -98.30571418, 19.85022743 ], [ -98.3059898, 19.85038423 ], [ -98.30620622, 19.85067094 ], [ -98.30624869, 19.85091628 ], [ -98.30637686, 19.85110346 ], [ -98.30655703, 19.85126285 ], [ -98.30685028, 19.85141046 ], [ -98.30727151, 19.85149543 ], [ -98.30759328, 19.85149668 ], [ -98.30796446, 19.85152152 ], [ -98.30823672, 19.85152258 ], [ -98.30852426, 19.85143137 ], [ -98.30886505, 19.85144408 ], [ -98.30892311, 19.85140937 ], [ -98.30904063, 19.85133943 ], [ -98.30914265, 19.8512786 ], [ -98.30938157, 19.85132712 ], [ -98.30951925, 19.85150609 ], [ -98.30953258, 19.85154812 ], [ -98.30960615, 19.85178006 ], [ -98.30958022, 19.85195842 ], [ -98.30956702, 19.85210112 ], [ -98.30961668, 19.85225597 ], [ -98.30963197, 19.85227931 ], [ -98.3096792, 19.85235137 ], [ -98.30981698, 19.85250657 ], [ -98.30995434, 19.85275692 ], [ -98.31009263, 19.85279315 ], [ -98.31042, 19.85275872 ], [ -98.31052074, 19.85274723 ], [ -98.31078635, 19.85277038 ], [ -98.31443146, 19.85437772 ], [ -98.31449702, 19.85451474 ], [ -98.314523376, 19.854569823 ], [ -98.314626649, 19.854785661 ], [ -98.31500434, 19.855115601 ], [ -98.314862634, 19.855320708 ], [ -98.314859194, 19.855325687 ], [ -98.31468106, 19.85558352 ], [ -98.31446614, 19.85575142 ], [ -98.31419772, 19.85590225 ], [ -98.31391132, 19.85608674 ], [ -98.31365938, 19.85633422 ], [ -98.31269597, 19.85784926 ], [ -98.31245983, 19.85817525 ], [ -98.312078988, 19.85874486 ], [ -98.310032377, 19.8618058 ], [ -98.30975906, 19.86222742 ], [ -98.30834997, 19.864304518 ], [ -98.30760994, 19.86539763 ], [ -98.307233194, 19.865965973 ], [ -98.307049555, 19.866243002 ], [ -98.30563635, 19.86837485 ], [ -98.30535815, 19.86878622 ], [ -98.30447291, 19.87011588 ], [ -98.304322893, 19.870163825 ], [ -98.3042832, 19.87017651 ], [ -98.30423515, 19.87020072 ], [ -98.30421083, 19.870208649 ], [ -98.303936813, 19.870297992 ], [ -98.30285417, 19.87065098 ], [ -98.30129862, 19.87112091 ], [ -98.29905297, 19.87183338 ], [ -98.298151459, 19.872136721 ], [ -98.29723562, 19.872620261 ], [ -98.29504891, 19.873743881 ], [ -98.293082769, 19.874751571 ], [ -98.29107488, 19.875812401 ], [ -98.2911296, 19.875908651 ], [ -98.291688349, 19.87725383 ], [ -98.292282889, 19.878648171 ], [ -98.292532459, 19.87927549 ], [ -98.29217174, 19.879687511 ], [ -98.291885399, 19.879998691 ], [ -98.290977319, 19.88026286 ], [ -98.290545169, 19.880509051 ], [ -98.290223109, 19.8805768 ], [ -98.289921019, 19.880714291 ], [ -98.289042319, 19.88116982 ], [ -98.289013629, 19.881370231 ], [ -98.28912354, 19.881543251 ], [ -98.28900117, 19.881696431 ], [ -98.288957419, 19.88190802 ], [ -98.2888088, 19.882130321 ], [ -98.28866451, 19.88236142 ], [ -98.28852577, 19.882680771 ], [ -98.288573449, 19.882922251 ], [ -98.288471509, 19.88314989 ], [ -98.28840269, 19.88322465 ], [ -98.288084319, 19.884920421 ], [ -98.287918339, 19.884995481 ], [ -98.28887034, 19.88601271 ], [ -98.2888944, 19.886015821 ], [ -98.288978, 19.886087001 ], [ -98.289736379, 19.88695074 ], [ -98.2898944, 19.88716398 ], [ -98.29014762, 19.88745911 ], [ -98.29039231, 19.8877536 ], [ -98.29064534, 19.888058691 ], [ -98.29085148, 19.888294031 ], [ -98.291052599, 19.888550201 ], [ -98.291013279, 19.888598921 ], [ -98.29093342, 19.888877051 ], [ -98.29064886, 19.888472821 ], [ -98.289820689, 19.888099141 ], [ -98.289324909, 19.88801152 ], [ -98.289128049, 19.888028751 ], [ -98.288889969, 19.88827122 ], [ -98.28864857, 19.888452281 ], [ -98.28816112, 19.888625821 ], [ -98.28805952, 19.888660551 ], [ -98.287971679, 19.888565971 ], [ -98.287827, 19.88840528 ], [ -98.287709059, 19.888249881 ], [ -98.28746646, 19.888020251 ], [ -98.28724618, 19.887836491 ], [ -98.286943169, 19.887570231 ], [ -98.28677442, 19.88738857 ], [ -98.286643689, 19.887253971 ], [ -98.285548459, 19.887864491 ], [ -98.284660168, 19.888355604 ], [ -98.28278234, 19.889393781 ], [ -98.28082749, 19.89044982 ], [ -98.280258946, 19.890780406 ], [ -98.280204659, 19.89081197 ], [ -98.28015243, 19.89084234 ], [ -98.280146839, 19.890845356 ], [ -98.279923379, 19.89096592 ], [ -98.279093909, 19.891391971 ], [ -98.278863169, 19.89201815 ], [ -98.278854759, 19.892028839 ], [ -98.27841922, 19.892582381 ], [ -98.27624574, 19.893160381 ], [ -98.274032629, 19.89317722 ], [ -98.271825939, 19.894399381 ], [ -98.271708259, 19.894399981 ], [ -98.27120838, 19.894674821 ], [ -98.270244199, 19.895123221 ], [ -98.26971178, 19.89543895 ], [ -98.26935185, 19.895709141 ], [ -98.268209919, 19.89720828 ], [ -98.268239149, 19.897824311 ], [ -98.26873497, 19.898785231 ], [ -98.26886629, 19.89905203 ], [ -98.268879049, 19.89934558 ], [ -98.26886325, 19.89972314 ], [ -98.26884826, 19.900033371 ], [ -98.26879975, 19.900243061 ], [ -98.26855328, 19.90050138 ], [ -98.26835998, 19.900584821 ], [ -98.268124889, 19.90066965 ], [ -98.267889599, 19.900766771 ], [ -98.26721288, 19.901081971 ], [ -98.266273419, 19.90149822 ], [ -98.26604063, 19.901590861 ], [ -98.26607018, 19.901628851 ], [ -98.266641169, 19.90169372 ], [ -98.267587739, 19.90440315 ], [ -98.26778857, 19.905276341 ], [ -98.267778259, 19.90881226 ], [ -98.26781108, 19.909455741 ], [ -98.26798683, 19.909760831 ], [ -98.26845571, 19.91163385 ], [ -98.268505289, 19.912231261 ], [ -98.268649619, 19.912821861 ], [ -98.268715879, 19.913156291 ], [ -98.2678202, 19.91611392 ], [ -98.26771614, 19.916087571 ], [ -98.267170569, 19.915972851 ], [ -98.262029119, 19.916262311 ], [ -98.26341725, 19.915189801 ], [ -98.26030738, 19.91544943 ], [ -98.260064939, 19.915961401 ], [ -98.259802979, 19.915771 ], [ -98.25951372, 19.916403861 ], [ -98.25779537, 19.916500521 ], [ -98.25698471, 19.916149341 ], [ -98.25633931, 19.91502417 ], [ -98.255063339, 19.915379021 ], [ -98.25403831, 19.91588906 ], [ -98.253852489, 19.916148541 ], [ -98.253764259, 19.91647923 ], [ -98.25366597, 19.91686306 ], [ -98.253542859, 19.917202511 ], [ -98.253328079, 19.917401911 ], [ -98.253044739, 19.917548091 ], [ -98.252545149, 19.917548351 ], [ -98.252337919, 19.91774165 ], [ -98.25206718, 19.91778677 ], [ -98.251888779, 19.917872621 ], [ -98.251629059, 19.917989691 ], [ -98.251371569, 19.91798912 ], [ -98.25102903, 19.917839091 ], [ -98.25078563, 19.917690431 ], [ -98.25055203, 19.91744212 ], [ -98.250308569, 19.91741174 ], [ -98.249991619, 19.91750466 ], [ -98.249704309, 19.917539981 ], [ -98.249448139, 19.917464711 ], [ -98.24917585, 19.917335881 ], [ -98.24912191, 19.91733075 ], [ -98.248513079, 19.917344091 ], [ -98.24807295, 19.91753072 ], [ -98.248125, 19.91815449 ], [ -98.248175819, 19.91903808 ], [ -98.248200249, 19.919687711 ], [ -98.248281019, 19.920051781 ], [ -98.24825192, 19.920389421 ], [ -98.248113569, 19.92057069 ], [ -98.24773755, 19.920812781 ], [ -98.24701525, 19.921178541 ], [ -98.246804259, 19.92165974 ], [ -98.24657051, 19.92205318 ], [ -98.24642991, 19.92235935 ], [ -98.24619575, 19.92284045 ], [ -98.24605568, 19.923037081 ], [ -98.245497419, 19.92340723 ], [ -98.24524023, 19.923844401 ], [ -98.24530906, 19.923998081 ], [ -98.24567854, 19.924328341 ], [ -98.24588662, 19.924460711 ], [ -98.24616477, 19.924483801 ], [ -98.246698019, 19.92450798 ], [ -98.24736986, 19.92464229 ], [ -98.24771666, 19.924862891 ], [ -98.24808582, 19.925258891 ], [ -98.248408599, 19.92565469 ], [ -98.248709019, 19.92587508 ], [ -98.24919474, 19.926140091 ], [ -98.25009869, 19.92623157 ], [ -98.25060978, 19.926036491 ], [ -98.250835249, 19.925701981 ], [ -98.251297319, 19.925547 ], [ -98.25166738, 19.92533929 ], [ -98.252204029, 19.92502765 ], [ -98.25290603, 19.924873661 ], [ -98.253588679, 19.924911401 ], [ -98.254141629, 19.92505323 ], [ -98.254804859, 19.925300171 ], [ -98.255173119, 19.925476091 ], [ -98.25554043, 19.92586129 ], [ -98.255612579, 19.926210351 ], [ -98.255536769, 19.926646 ], [ -98.25546194, 19.926783661 ], [ -98.25626445, 19.92930502 ], [ -98.25519818, 19.92938591 ], [ -98.253867819, 19.928923951 ], [ -98.25277797, 19.92928434 ], [ -98.252718019, 19.929121541 ], [ -98.25270474, 19.929140881 ], [ -98.252446679, 19.929338581 ], [ -98.252227419, 19.929556781 ], [ -98.251725539, 19.929496711 ], [ -98.251215599, 19.930549371 ], [ -98.252240619, 19.932421181 ], [ -98.25222709, 19.93245383 ], [ -98.251608349, 19.932331711 ], [ -98.251053, 19.932213601 ], [ -98.25089995, 19.93245857 ], [ -98.251191169, 19.932853601 ], [ -98.2513736, 19.93326057 ], [ -98.251532599, 19.933771481 ], [ -98.25156243, 19.934097661 ], [ -98.2514516, 19.934319491 ], [ -98.251041279, 19.934851291 ], [ -98.248081709, 19.936273171 ], [ -98.246435549, 19.93699558 ], [ -98.24609134, 19.937172051 ], [ -98.246029849, 19.937364941 ], [ -98.246043939, 19.937586751 ], [ -98.24602343, 19.937888691 ], [ -98.24591754, 19.938115491 ], [ -98.24579102, 19.93823665 ], [ -98.24564612, 19.9384578 ], [ -98.24547128, 19.93860728 ], [ -98.24524386, 19.938670691 ], [ -98.24501622, 19.93877703 ], [ -98.244863779, 19.93899098 ], [ -98.244681089, 19.93913268 ], [ -98.244513479, 19.939115201 ], [ -98.244392419, 19.939134721 ], [ -98.24421495, 19.939219151 ], [ -98.244028119, 19.939528091 ], [ -98.24385122, 19.93970982 ], [ -98.24378254, 19.939835141 ], [ -98.243777179, 19.940039891 ], [ -98.24381295, 19.940198231 ], [ -98.243770229, 19.940372031 ], [ -98.24358425, 19.940698601 ], [ -98.243457629, 19.940868511 ], [ -98.243331909, 19.94100242 ], [ -98.243116919, 19.941170571 ], [ -98.242904429, 19.941129481 ], [ -98.242734879, 19.941008181 ], [ -98.242664689, 19.94086055 ], [ -98.242494719, 19.94083305 ], [ -98.24238078, 19.940939721 ], [ -98.242196259, 19.941034091 ], [ -98.2422068, 19.9411038 ], [ -98.242192749, 19.94114946 ], [ -98.242717169, 19.941724121 ], [ -98.242898059, 19.941781951 ], [ -98.24308903, 19.941839831 ], [ -98.24341083, 19.941898261 ], [ -98.243702229, 19.94200411 ], [ -98.24395331, 19.942119311 ], [ -98.24423442, 19.942272681 ], [ -98.24443497, 19.942425691 ], [ -98.244651079, 19.942431181 ], [ -98.244874749, 19.942506581 ], [ -98.24510526, 19.942814451 ], [ -98.245569539, 19.94301012 ], [ -98.24591703, 19.942955081 ], [ -98.24638055, 19.943133201 ], [ -98.246698549, 19.943117541 ], [ -98.247130749, 19.943027021 ], [ -98.247583279, 19.94306466 ], [ -98.24797118, 19.943405351 ], [ -98.248815349, 19.94356312 ], [ -98.249143169, 19.943693151 ], [ -98.249518579, 19.94391425 ], [ -98.250111849, 19.94417642 ], [ -98.251512979, 19.944898381 ], [ -98.25289272, 19.945624481 ], [ -98.253092119, 19.945695981 ], [ -98.253846489, 19.946070221 ], [ -98.253238739, 19.94661586 ], [ -98.252853419, 19.946973551 ], [ -98.252520339, 19.94728306 ], [ -98.25219458, 19.947581121 ], [ -98.25186517, 19.94787917 ], [ -98.251603779, 19.948149771 ], [ -98.25116268, 19.94846603 ], [ -98.250946199, 19.948489571 ], [ -98.25076349, 19.94859702 ], [ -98.25036568, 19.948803381 ], [ -98.250084689, 19.94891997 ], [ -98.249897689, 19.949035031 ], [ -98.24956668, 19.949189001 ], [ -98.249213369, 19.94911462 ], [ -98.24891138, 19.949021431 ], [ -98.24869035, 19.94894003 ], [ -98.248325909, 19.948768741 ], [ -98.24810914, 19.94877883 ], [ -98.24776394, 19.949001921 ], [ -98.247501659, 19.949180751 ], [ -98.247120149, 19.949387511 ], [ -98.246724749, 19.949358421 ], [ -98.24595112, 19.949269771 ], [ -98.24541066, 19.949225221 ], [ -98.24459954, 19.949164971 ], [ -98.24377434, 19.949125721 ], [ -98.243222939, 19.949199461 ], [ -98.24289645, 19.949391491 ], [ -98.24223354, 19.949257711 ], [ -98.24144868, 19.94975095 ], [ -98.24091143, 19.949687231 ], [ -98.240444509, 19.949601801 ], [ -98.24017289, 19.949564891 ], [ -98.239994949, 19.94953717 ], [ -98.23980895, 19.949673551 ], [ -98.2396496, 19.949706281 ], [ -98.239556089, 19.949687541 ], [ -98.239408619, 19.949673321 ], [ -98.23918677, 19.949643951 ], [ -98.238972059, 19.94957228 ], [ -98.23867662, 19.949735541 ], [ -98.237386309, 19.949780971 ], [ -98.236829489, 19.949691881 ], [ -98.23524172, 19.94921395 ], [ -98.23431478, 19.948923421 ], [ -98.233905459, 19.94879512 ], [ -98.23389303, 19.948813851 ], [ -98.231795149, 19.94902906 ], [ -98.23065154, 19.94929835 ], [ -98.23051592, 19.949344221 ], [ -98.230172279, 19.949406351 ], [ -98.229821349, 19.94900257 ], [ -98.229591949, 19.9486292 ], [ -98.229327679, 19.948349171 ], [ -98.22913758, 19.94832414 ], [ -98.229026769, 19.94834677 ], [ -98.228904219, 19.948291341 ], [ -98.22848055, 19.94789105 ], [ -98.22771782, 19.947504171 ], [ -98.22732472, 19.94737489 ], [ -98.22717403, 19.947494491 ], [ -98.227127539, 19.94788654 ], [ -98.227073229, 19.94812829 ], [ -98.22693934, 19.94821195 ], [ -98.22681657, 19.94817908 ], [ -98.226596969, 19.947843061 ], [ -98.22609629, 19.94749032 ], [ -98.22591331, 19.947571851 ], [ -98.225748259, 19.947742001 ], [ -98.22554325, 19.948043941 ], [ -98.225435719, 19.94828814 ], [ -98.225220479, 19.948589021 ], [ -98.22506254, 19.94858378 ], [ -98.22481331, 19.948523631 ], [ -98.22471872, 19.94852328 ], [ -98.22388012, 19.947766741 ], [ -98.22230451, 19.94716943 ], [ -98.222081689, 19.94693206 ], [ -98.22167817, 19.94740405 ], [ -98.221465049, 19.94730798 ], [ -98.221024539, 19.947914541 ], [ -98.221375279, 19.94821552 ], [ -98.22199109, 19.948294851 ], [ -98.223145539, 19.949455171 ], [ -98.22312538, 19.94990137 ], [ -98.22418171, 19.95083274 ], [ -98.22497649, 19.95152912 ], [ -98.22531062, 19.951746231 ], [ -98.225499429, 19.951833861 ], [ -98.225549619, 19.951759751 ], [ -98.22593877, 19.951957631 ], [ -98.226197249, 19.95232237 ], [ -98.22629237, 19.952533571 ], [ -98.226549079, 19.953411291 ], [ -98.226835889, 19.95467558 ], [ -98.226886779, 19.955127401 ], [ -98.22683186, 19.95550349 ], [ -98.22677629, 19.956005001 ], [ -98.226746489, 19.95622217 ], [ -98.22587137, 19.958268951 ], [ -98.22370022, 19.96008802 ], [ -98.22356811, 19.9604146 ], [ -98.2233748, 19.961052661 ], [ -98.223203769, 19.96145125 ], [ -98.223158489, 19.962069971 ], [ -98.22307217, 19.96242898 ], [ -98.22294334, 19.962847691 ], [ -98.22266597, 19.963385581 ], [ -98.22251605, 19.96378423 ], [ -98.22236686, 19.96404312 ], [ -98.221204219, 19.965147111 ], [ -98.22109871, 19.96524588 ], [ -98.22081263, 19.965443061 ], [ -98.220677119, 19.965541691 ], [ -98.2201952, 19.965908121 ], [ -98.22006894, 19.96621565 ], [ -98.21976835, 19.966536691 ], [ -98.219488749, 19.966642461 ], [ -98.21924318, 19.9668596 ], [ -98.21906174, 19.967196291 ], [ -98.218523679, 19.967133941 ], [ -98.218118779, 19.967089651 ], [ -98.217893019, 19.967230381 ], [ -98.21777175, 19.967485 ], [ -98.21768052, 19.96772555 ], [ -98.2173642, 19.96797931 ], [ -98.21708891, 19.96812906 ], [ -98.216692379, 19.96801129 ], [ -98.216439279, 19.96807509 ], [ -98.21627752, 19.968346141 ], [ -98.21594135, 19.96852114 ], [ -98.21555222, 19.96851994 ], [ -98.21519297, 19.968242001 ], [ -98.214705169, 19.968267281 ], [ -98.21446311, 19.968416341 ], [ -98.214165369, 19.968560511 ], [ -98.21374515, 19.968572821 ], [ -98.21346088, 19.968415651 ], [ -98.213201659, 19.96837011 ], [ -98.213134619, 19.968144431 ], [ -98.213136619, 19.96774195 ], [ -98.213118169, 19.967332481 ], [ -98.213116449, 19.96693008 ], [ -98.21310578, 19.966520681 ], [ -98.213066419, 19.966116281 ], [ -98.213046719, 19.96575878 ], [ -98.213161319, 19.965499621 ], [ -98.213108109, 19.965377051 ], [ -98.212936629, 19.965318261 ], [ -98.212618219, 19.965454941 ], [ -98.21231723, 19.965457941 ], [ -98.21193714, 19.9657498 ], [ -98.211439339, 19.965626231 ], [ -98.21123848, 19.965634711 ], [ -98.21074617, 19.96563062 ], [ -98.210408479, 19.96511305 ], [ -98.21006648, 19.96484654 ], [ -98.20988448, 19.96479305 ], [ -98.209745749, 19.964382311 ], [ -98.209439, 19.964231971 ], [ -98.208842579, 19.964229311 ], [ -98.208608179, 19.964315231 ], [ -98.208386339, 19.964480881 ], [ -98.20808872, 19.96466535 ], [ -98.20802786, 19.96481105 ], [ -98.20783703, 19.9649128 ], [ -98.20766172, 19.964844691 ], [ -98.207459489, 19.964649091 ], [ -98.207342419, 19.964317031 ], [ -98.2074248, 19.963918171 ], [ -98.207330979, 19.963702801 ], [ -98.207031, 19.963587051 ], [ -98.20683446, 19.96360657 ], [ -98.206692659, 19.963784621 ], [ -98.206585089, 19.963928581 ], [ -98.20642878, 19.964037921 ], [ -98.2062304, 19.963993401 ], [ -98.205954349, 19.964006481 ], [ -98.20584103, 19.964047081 ], [ -98.20552734, 19.96412788 ], [ -98.205300939, 19.96415154 ], [ -98.20497774, 19.96419434 ], [ -98.204631199, 19.964203721 ], [ -98.204414289, 19.964155231 ], [ -98.204155259, 19.964147721 ], [ -98.20391775, 19.964159711 ], [ -98.203612169, 19.964117571 ], [ -98.20335712, 19.963966351 ], [ -98.20315306, 19.963950891 ], [ -98.20303865, 19.964067381 ], [ -98.203028999, 19.96425643 ], [ -98.203052199, 19.964475341 ], [ -98.20309592, 19.96479115 ], [ -98.203107909, 19.96499122 ], [ -98.2030196, 19.96507029 ], [ -98.202790219, 19.965011771 ], [ -98.20257322, 19.964895691 ], [ -98.20239086, 19.96482088 ], [ -98.202125819, 19.964695521 ], [ -98.201852219, 19.96463757 ], [ -98.20146437, 19.96457602 ], [ -98.201140519, 19.964469551 ], [ -98.200974829, 19.9643212 ], [ -98.200923619, 19.964123661 ], [ -98.201002709, 19.963967801 ], [ -98.20105548, 19.963837091 ], [ -98.20103429, 19.963686551 ], [ -98.200903339, 19.963532311 ], [ -98.20061437, 19.963262291 ], [ -98.20031989, 19.96304223 ], [ -98.200187659, 19.96272374 ], [ -98.200045509, 19.96234626 ], [ -98.20003649, 19.962314831 ], [ -98.198822779, 19.962370001 ], [ -98.198122749, 19.961995551 ], [ -98.19784346, 19.96170257 ], [ -98.197761249, 19.961304381 ], [ -98.197847079, 19.960986521 ], [ -98.19782075, 19.960641651 ], [ -98.197794149, 19.960349781 ], [ -98.19785205, 19.96000528 ], [ -98.19782505, 19.959793001 ], [ -98.180697649, 19.959751571 ], [ -98.166978779, 19.97180189 ], [ -98.16658726, 19.971118971 ], [ -98.16606866, 19.97062615 ], [ -98.165766259, 19.971067311 ], [ -98.16527334, 19.971135831 ], [ -98.165177279, 19.97157478 ], [ -98.16493811, 19.971633771 ], [ -98.16490491, 19.97156237 ], [ -98.16482448, 19.97151974 ], [ -98.164703059, 19.97140709 ], [ -98.164599109, 19.97127197 ], [ -98.164487259, 19.971178051 ], [ -98.164390949, 19.971067451 ], [ -98.16434366, 19.97103494 ], [ -98.16428366, 19.9710006 ], [ -98.164403999, 19.97069422 ], [ -98.16409332, 19.97061451 ], [ -98.163620109, 19.97005366 ], [ -98.1628846, 19.9705554 ], [ -98.162624459, 19.970305951 ], [ -98.162221519, 19.969939091 ], [ -98.161993509, 19.97005909 ], [ -98.16180332, 19.970165461 ], [ -98.161659049, 19.97025529 ], [ -98.161551619, 19.97018766 ], [ -98.16135146, 19.9702714 ], [ -98.161239259, 19.97045817 ], [ -98.16126835, 19.970467951 ], [ -98.161172229, 19.970526081 ], [ -98.160898749, 19.970670771 ], [ -98.16076505, 19.97072615 ], [ -98.16064438, 19.97079615 ], [ -98.16025311, 19.97084928 ], [ -98.16005671, 19.97081035 ], [ -98.159824579, 19.97076571 ], [ -98.15966191, 19.97071554 ], [ -98.15942722, 19.970670831 ], [ -98.159249219, 19.970620181 ], [ -98.159041549, 19.97067551 ], [ -98.158810779, 19.97073889 ], [ -98.15867426, 19.970814251 ], [ -98.15853992, 19.970900341 ], [ -98.158454459, 19.970970281 ], [ -98.15835202, 19.97104825 ], [ -98.158215579, 19.97116012 ], [ -98.15804328, 19.971243001 ], [ -98.158112199, 19.97130106 ], [ -98.15876011, 19.97166431 ], [ -98.157783229, 19.97217374 ], [ -98.15763495, 19.97219758 ], [ -98.157724059, 19.972359181 ], [ -98.157786829, 19.972618451 ], [ -98.157818049, 19.97291305 ], [ -98.15783988, 19.973041021 ], [ -98.15788206, 19.973232401 ], [ -98.15796642, 19.97348712 ], [ -98.15804714, 19.97348226 ], [ -98.1581972, 19.97348606 ], [ -98.15840558, 19.973469801 ], [ -98.158552539, 19.973503081 ], [ -98.15868446, 19.97359698 ], [ -98.158778879, 19.973698861 ], [ -98.158900888, 19.97421057 ], [ -98.15904852, 19.97482975 ], [ -98.15912489, 19.975150081 ], [ -98.15907618, 19.975176911 ], [ -98.158398139, 19.974981141 ], [ -98.157679769, 19.97530691 ], [ -98.157452969, 19.97508977 ] ] ] ] } },
{ "type": "Feature", "properties": { "cvegeo": "29021", "cve_ent": "29", "cve_mun": "021", "nomgeo": "Nanacamilpa de Mariano Arista", "state_code": "29", "state_name": "Tlaxcala" }, "geometry": { "type": "MultiPolygon", "coordinates": [ [ [ [ -98.506725709, 19.56719206 ], [ -98.506637979, 19.56713808 ], [ -98.506570479, 19.56709755 ], [ -98.506523849, 19.56704451 ], [ -98.506505629, 19.56695317 ], [ -98.506486549, 19.56668423 ], [ -98.50647405, 19.56657223 ], [ -98.506410449, 19.5664542 ], [ -98.506319339, 19.56640838 ], [ -98.506274859, 19.56634422 ], [ -98.506255599, 19.56609606 ], [ -98.506243289, 19.56577322 ], [ -98.506245539, 19.56548669 ], [ -98.506264889, 19.56533172 ], [ -98.506298119, 19.56523535 ], [ -98.506305119, 19.56516265 ], [ -98.506291489, 19.56509434 ], [ -98.506264119, 19.56496257 ], [ -98.506263369, 19.56479255 ], [ -98.506292619, 19.56465237 ], [ -98.506406449, 19.56433815 ], [ -98.506698089, 19.5638932 ], [ -98.506747109, 19.56365111 ], [ -98.506698079, 19.56333917 ], [ -98.506485649, 19.5627262 ], [ -98.506375259, 19.56230475 ], [ -98.506211859, 19.56200369 ], [ -98.505968339, 19.56176835 ], [ -98.505631799, 19.56099035 ], [ -98.505334879, 19.56029798 ], [ -98.505221879, 19.55970082 ], [ -98.505140859, 19.55924626 ], [ -98.504917999, 19.55873811 ], [ -98.504767289, 19.55822114 ], [ -98.504516459, 19.55771537 ], [ -98.504343739, 19.55725352 ], [ -98.504279229, 19.55665951 ], [ -98.504063599, 19.55604494 ], [ -98.503947539, 19.55564275 ], [ -98.503867619, 19.55490565 ], [ -98.503916719, 19.55454742 ], [ -98.503924049, 19.55411314 ], [ -98.503906369, 19.55355655 ], [ -98.503774289, 19.55308126 ], [ -98.503625379, 19.55264782 ], [ -98.503497229, 19.55229792 ], [ -98.50343788, 19.55176331 ], [ -98.503303319, 19.55139031 ], [ -98.503169539, 19.55077317 ], [ -98.503092709, 19.55033203 ], [ -98.503015519, 19.54999562 ], [ -98.502932509, 19.54951435 ], [ -98.502868569, 19.54921389 ], [ -98.502891369, 19.54888937 ], [ -98.502841849, 19.54858977 ], [ -98.502703149, 19.54811075 ], [ -98.502531429, 19.54762774 ], [ -98.502437399, 19.547245 ], [ -98.502366819, 19.54681957 ], [ -98.502217029, 19.54645 ], [ -98.502188429, 19.54625443 ], [ -98.502233149, 19.54611371 ], [ -98.502435679, 19.54608651 ], [ -98.502575629, 19.54593011 ], [ -98.502682119, 19.54565851 ], [ -98.502732149, 19.54518734 ], [ -98.502697139, 19.54466295 ], [ -98.502723059, 19.54464085 ], [ -98.502654969, 19.54460891 ], [ -98.502593829, 19.54459974 ], [ -98.502409479, 19.54460711 ], [ -98.501990919, 19.54465172 ], [ -98.501793909, 19.54467431 ], [ -98.501744829, 19.54467318 ], [ -98.501720489, 19.54466486 ], [ -98.501692659, 19.5446332 ], [ -98.501677999, 19.54456694 ], [ -98.501628289, 19.54423514 ], [ -98.501591289, 19.54408305 ], [ -98.501542219, 19.54392292 ], [ -98.501512629, 19.54384828 ], [ -98.501475949, 19.54377158 ], [ -98.501425169, 19.54370765 ], [ -98.501319649, 19.54360506 ], [ -98.501135859, 19.54345435 ], [ -98.500920259, 19.54325323 ], [ -98.500691339, 19.54303349 ], [ -98.500588419, 19.54295788 ], [ -98.500405849, 19.54286735 ], [ -98.500225489, 19.5427978 ], [ -98.499928719, 19.54269931 ], [ -98.499839089, 19.54265989 ], [ -98.499668089, 19.54256629 ], [ -98.499505549, 19.54245049 ], [ -98.499432349, 19.54238531 ], [ -98.49932026, 19.54227591 ], [ -98.497608059, 19.54101495 ], [ -98.497115679, 19.54063188 ], [ -98.496802429, 19.54041203 ], [ -98.496621399, 19.5402682 ], [ -98.496546079, 19.54020394 ], [ -98.496395119, 19.54000245 ], [ -98.496339579, 19.539931 ], [ -98.496273769, 19.53987422 ], [ -98.496359199, 19.53982491 ], [ -98.496406539, 19.53941631 ], [ -98.495998889, 19.53893389 ], [ -98.495778139, 19.53885695 ], [ -98.495695059, 19.53859545 ], [ -98.495377379, 19.53841197 ], [ -98.494855939, 19.53850189 ], [ -98.494823369, 19.53765132 ], [ -98.494809969, 19.53644377 ], [ -98.493828659, 19.53618248 ], [ -98.492793289, 19.53608288 ], [ -98.492768749, 19.53690763 ], [ -98.491645889, 19.53659132 ], [ -98.491553029, 19.53613143 ], [ -98.490668289, 19.53610926 ], [ -98.490382379, 19.53611525 ], [ -98.490439829, 19.5335068 ], [ -98.490441649, 19.53339105 ], [ -98.488592999, 19.53603192 ], [ -98.48852062, 19.53605725 ], [ -98.488409449, 19.53603146 ], [ -98.486582059, 19.53603289 ], [ -98.486262029, 19.53601022 ], [ -98.486195979, 19.53601251 ], [ -98.485939679, 19.53602078 ], [ -98.485872769, 19.53601742 ], [ -98.484374349, 19.53601043 ], [ -98.484066309, 19.53600938 ], [ -98.483934399, 19.53602271 ], [ -98.483386059, 19.53530989 ], [ -98.483310089, 19.53546212 ], [ -98.483114649, 19.53557648 ], [ -98.483161379, 19.5354368 ], [ -98.482710339, 19.53484314 ], [ -98.481852909, 19.53427395 ], [ -98.480524379, 19.53397525 ], [ -98.479828399, 19.53395865 ], [ -98.479402339, 19.53383297 ], [ -98.47933108, 19.53391197 ], [ -98.478886749, 19.53439538 ], [ -98.478364049, 19.5348844 ], [ -98.477646489, 19.53495102 ], [ -98.477520199, 19.53486315 ], [ -98.477277289, 19.53476231 ], [ -98.477208619, 19.53472105 ], [ -98.477196909, 19.53469585 ], [ -98.477170249, 19.53463075 ], [ -98.477139449, 19.53450646 ], [ -98.477081849, 19.53432243 ], [ -98.477033769, 19.53420848 ], [ -98.476928889, 19.53409857 ], [ -98.476845569, 19.53403215 ], [ -98.476739019, 19.53398669 ], [ -98.476423249, 19.53392023 ], [ -98.476010999, 19.53385689 ], [ -98.475621689, 19.53378335 ], [ -98.475389779, 19.53376183 ], [ -98.475202519, 19.5337682 ], [ -98.474918509, 19.53378845 ], [ -98.474584479, 19.53376992 ], [ -98.474346219, 19.53377511 ], [ -98.474175819, 19.53378726 ], [ -98.474056819, 19.53378448 ], [ -98.473910199, 19.5337542 ], [ -98.473730549, 19.53368554 ], [ -98.473612519, 19.53364517 ], [ -98.473521879, 19.53364306 ], [ -98.473304739, 19.53370785 ], [ -98.473081229, 19.5338008 ], [ -98.472987029, 19.53387245 ], [ -98.472307799, 19.53389758 ], [ -98.471981019, 19.53363455 ], [ -98.471539939, 19.53352483 ], [ -98.471455249, 19.53355169 ], [ -98.470910139, 19.53355914 ], [ -98.471066999, 19.53386685 ], [ -98.470783259, 19.53447148 ], [ -98.470933169, 19.53453518 ], [ -98.47089922, 19.53471582 ], [ -98.471048459, 19.53498735 ], [ -98.471412049, 19.53511494 ], [ -98.471541519, 19.53505206 ], [ -98.471629889, 19.5351798 ], [ -98.471779369, 19.53538992 ], [ -98.471867179, 19.53554423 ], [ -98.471903509, 19.53569189 ], [ -98.472003769, 19.53580843 ], [ -98.472140509, 19.5360672 ], [ -98.472248719, 19.53631986 ], [ -98.472379309, 19.5365948 ], [ -98.472476179, 19.53684343 ], [ -98.472567049, 19.53710112 ], [ -98.472522249, 19.53727954 ], [ -98.472440649, 19.53754952 ], [ -98.472326619, 19.53774263 ], [ -98.472159779, 19.53820095 ], [ -98.472112149, 19.53847877 ], [ -98.472033019, 19.53871342 ], [ -98.471734369, 19.53876677 ], [ -98.471308079, 19.53868418 ], [ -98.471684059, 19.53957994 ], [ -98.471457519, 19.53962446 ], [ -98.471193049, 19.53961465 ], [ -98.471176139, 19.53968691 ], [ -98.471202079, 19.53976829 ], [ -98.471292909, 19.54004871 ], [ -98.471649399, 19.54034797 ], [ -98.471543779, 19.54058262 ], [ -98.471761649, 19.54063748 ], [ -98.471720999, 19.54086328 ], [ -98.471998199, 19.5409906 ], [ -98.471993289, 19.54121651 ], [ -98.472229109, 19.54143409 ], [ -98.472253249, 19.54225651 ], [ -98.472444629, 19.5425824 ], [ -98.472310649, 19.54287569 ], [ -98.472177279, 19.54277882 ], [ -98.471942949, 19.54258174 ], [ -98.471714199, 19.54237471 ], [ -98.471397919, 19.54205469 ], [ -98.471033649, 19.54173862 ], [ -98.470615689, 19.54144145 ], [ -98.470386539, 19.54124954 ], [ -98.47018735, 19.54113395 ], [ -98.470107849, 19.54112202 ], [ -98.470033399, 19.54112028 ], [ -98.469963599, 19.54114386 ], [ -98.469865539, 19.54123234 ], [ -98.469739429, 19.54137562 ], [ -98.469602279, 19.54146834 ], [ -98.469446749, 19.54151512 ], [ -98.469180859, 19.54150892 ], [ -98.468872569, 19.54149668 ], [ -98.468722489, 19.54153855 ], [ -98.468504849, 19.54151835 ], [ -98.468187089, 19.54146051 ], [ -98.468006029, 19.54146635 ], [ -98.467598379, 19.54138625 ], [ -98.46741228, 19.54138191 ], [ -98.467209399, 19.54140742 ], [ -98.466669169, 19.54151582 ], [ -98.466184199, 19.54165142 ], [ -98.466038399, 19.54173372 ], [ -98.465809939, 19.54192503 ], [ -98.465503619, 19.54224563 ], [ -98.465315289, 19.54248466 ], [ -98.465157799, 19.54260703 ], [ -98.464797569, 19.54274989 ], [ -98.463877219, 19.54315194 ], [ -98.462989679, 19.54351945 ], [ -98.462661879, 19.54364288 ], [ -98.462386889, 19.54370831 ], [ -98.462066629, 19.5437462 ], [ -98.461778939, 19.54375965 ], [ -98.461401629, 19.54374072 ], [ -98.461140279, 19.54372862 ], [ -98.461438369, 19.54327485 ], [ -98.459695819, 19.54295709 ], [ -98.459438849, 19.54352751 ], [ -98.459430919, 19.54430029 ], [ -98.458726289, 19.544141 ], [ -98.458919979, 19.54334326 ], [ -98.459408079, 19.54259883 ], [ -98.459092889, 19.54254048 ], [ -98.458081369, 19.54235918 ], [ -98.457331259, 19.54232052 ], [ -98.457120509, 19.54227914 ], [ -98.456184829, 19.54218162 ], [ -98.455667519, 19.54201857 ], [ -98.455214379, 19.54188602 ], [ -98.454779079, 19.541738399 ], [ -98.454310279, 19.541616349 ], [ -98.454273549, 19.541648169 ], [ -98.454247449, 19.541647109 ], [ -98.453581819, 19.541630449 ], [ -98.453594599, 19.540771829 ], [ -98.453605829, 19.540721479 ], [ -98.453810509, 19.540085829 ], [ -98.448693459, 19.539225449 ], [ -98.448137909, 19.539219619 ], [ -98.448456619, 19.53890537 ], [ -98.448875109, 19.53832474 ], [ -98.449377459, 19.53735 ], [ -98.449593769, 19.53702189 ], [ -98.449771769, 19.53671294 ], [ -98.450493119, 19.53585212 ], [ -98.452472079, 19.53117805 ], [ -98.453413889, 19.52938446 ], [ -98.453899689, 19.52945777 ], [ -98.455621979, 19.52965428 ], [ -98.457420689, 19.52986065 ], [ -98.457761629, 19.52991245 ], [ -98.458873949, 19.530000771 ], [ -98.458879739, 19.530001231 ], [ -98.458952569, 19.5300084 ], [ -98.461182749, 19.530421721 ], [ -98.461248259, 19.530430951 ], [ -98.462694149, 19.530760571 ], [ -98.463418059, 19.530907311 ], [ -98.463997279, 19.53103555 ], [ -98.464368339, 19.530331771 ], [ -98.465544449, 19.527569981 ], [ -98.466492539, 19.527834861 ], [ -98.467351249, 19.525198621 ], [ -98.467753999, 19.52390752 ], [ -98.468184489, 19.52250809 ], [ -98.468776539, 19.52039977 ], [ -98.469530019, 19.51856012 ], [ -98.470509889, 19.518446141 ], [ -98.470477719, 19.51834038 ], [ -98.470457859, 19.51825051 ], [ -98.470455719, 19.51811895 ], [ -98.470498649, 19.517962151 ], [ -98.470585799, 19.51781165 ], [ -98.470676719, 19.517729621 ], [ -98.470816619, 19.51768554 ], [ -98.470929459, 19.51761454 ], [ -98.470980059, 19.51758942 ], [ -98.471085429, 19.517591881 ], [ -98.471273739, 19.51760678 ], [ -98.471357079, 19.51760348 ], [ -98.471430539, 19.517552581 ], [ -98.471454629, 19.51747951 ], [ -98.471455859, 19.517432201 ], [ -98.471370539, 19.51729871 ], [ -98.471306709, 19.517192031 ], [ -98.471308199, 19.5171342 ], [ -98.471378659, 19.51702918 ], [ -98.471643709, 19.51671752 ], [ -98.471688257, 19.51666514 ], [ -98.471716399, 19.51663205 ], [ -98.471826289, 19.516461031 ], [ -98.471844829, 19.51638783 ], [ -98.471842289, 19.516272051 ], [ -98.471824479, 19.51610332 ], [ -98.471826109, 19.516040251 ], [ -98.471867249, 19.515951781 ], [ -98.472218119, 19.51547605 ], [ -98.472275773, 19.515396488 ], [ -98.472379289, 19.515253631 ], [ -98.472424619, 19.51521788 ], [ -98.472530679, 19.51519405 ], [ -98.472666813, 19.515197221 ], [ -98.472669339, 19.515197281 ], [ -98.472884949, 19.51522862 ], [ -98.473110296, 19.515244306 ], [ -98.473112079, 19.515244431 ], [ -98.473351259, 19.51522371 ], [ -98.473545016, 19.515202066 ], [ -98.473546059, 19.51520195 ], [ -98.473712029, 19.5152216 ], [ -98.47383212, 19.515234768 ], [ -98.473833779, 19.515234951 ], [ -98.473961889, 19.51521691 ], [ -98.474165659, 19.51514048 ], [ -98.475728519, 19.51448042 ], [ -98.475745539, 19.514281521 ], [ -98.475772029, 19.514161851 ], [ -98.475800289, 19.514102343 ], [ -98.475838569, 19.514074431 ], [ -98.475878879, 19.51406586 ], [ -98.475959149, 19.5140614 ], [ -98.476009549, 19.51404992 ], [ -98.476179579, 19.51393358 ], [ -98.476291719, 19.5138602 ], [ -98.476436819, 19.51380343 ], [ -98.476531769, 19.51374866 ], [ -98.476632739, 19.513719351 ], [ -98.47675548, 19.513706543 ], [ -98.476756659, 19.51370642 ], [ -98.476869829, 19.51372171 ], [ -98.476942369, 19.51375823 ], [ -98.476998459, 19.51378486 ], [ -98.477056022, 19.513786201 ], [ -98.477058549, 19.51378626 ], [ -98.477112219, 19.513778021 ], [ -98.477146339, 19.513750321 ], [ -98.477173939, 19.51371614 ], [ -98.477207649, 19.51370426 ], [ -98.477251853, 19.513705281 ], [ -98.477254379, 19.513705341 ], [ -98.477323679, 19.51373862 ], [ -98.477386999, 19.51377997 ], [ -98.477484459, 19.51400065 ], [ -98.477503949, 19.514097571 ], [ -98.477532649, 19.514158201 ], [ -98.477573139, 19.51418783 ], [ -98.477619599, 19.51419934 ], [ -98.477685579, 19.51420088 ], [ -98.477782479, 19.51417706 ], [ -98.477846179, 19.51416029 ], [ -98.477879849, 19.514135 ], [ -98.477917079, 19.51407851 ], [ -98.477995599, 19.51402037 ], [ -98.478345539, 19.51383986 ], [ -98.478387309, 19.51381997 ], [ -98.478436719, 19.51382374 ], [ -98.478524429, 19.5138362 ], [ -98.478633719, 19.51386482 ], [ -98.478729739, 19.513874881 ], [ -98.478834139, 19.51387991 ], [ -98.478914139, 19.513871351 ], [ -98.478991719, 19.51384969 ], [ -98.479058849, 19.513806921 ], [ -98.479144089, 19.513702021 ], [ -98.479436449, 19.51324734 ], [ -98.479464619, 19.513221921 ], [ -98.479517799, 19.51320652 ], [ -98.479562119, 19.51319452 ], [ -98.479595849, 19.51316663 ], [ -98.479613289, 19.51313054 ], [ -98.479619879, 19.51308897 ], [ -98.479615859, 19.51303152 ], [ -98.479625379, 19.5129822 ], [ -98.479653689, 19.512951571 ], [ -98.479697879, 19.51294478 ], [ -98.479744539, 19.51294848 ], [ -98.479842429, 19.51299248 ], [ -98.479983769, 19.51305834 ], [ -98.480068719, 19.513070741 ], [ -98.480132089, 19.513067001 ], [ -98.480181979, 19.51305252 ], [ -98.480210219, 19.513024491 ], [ -98.480278489, 19.51293745 ], [ -98.480402629, 19.51271089 ], [ -98.480124049, 19.511819881 ], [ -98.481145169, 19.511412291 ], [ -98.481227459, 19.51138542 ], [ -98.481234059, 19.51136737 ], [ -98.481419709, 19.510870861 ], [ -98.481724689, 19.51086271 ], [ -98.482736649, 19.50957334 ], [ -98.483152919, 19.50978237 ], [ -98.483603479, 19.509702321 ], [ -98.483524059, 19.50920506 ], [ -98.484471179, 19.509560221 ], [ -98.484532489, 19.50957845 ], [ -98.484542649, 19.50956945 ], [ -98.484781379, 19.509226721 ], [ -98.486329089, 19.5091498 ], [ -98.486768459, 19.50884378 ], [ -98.488136889, 19.50914588 ], [ -98.489030169, 19.50882308 ], [ -98.489757219, 19.50889742 ], [ -98.489788779, 19.508897511 ], [ -98.490387319, 19.50883314 ], [ -98.490693819, 19.50878242 ], [ -98.490984149, 19.50868171 ], [ -98.491264279, 19.50863862 ], [ -98.491639199, 19.50863906 ], [ -98.492031979, 19.50862337 ], [ -98.492471309, 19.50849306 ], [ -98.493113199, 19.50828482 ], [ -98.494076659, 19.507778231 ], [ -98.494449479, 19.507522421 ], [ -98.494842689, 19.50715135 ], [ -98.495031859, 19.50691608 ], [ -98.495161519, 19.506621551 ], [ -98.495210199, 19.506424341 ], [ -98.495266319, 19.50627688 ], [ -98.495365369, 19.506155221 ], [ -98.495694599, 19.50589838 ], [ -98.496066909, 19.50560962 ], [ -98.496231889, 19.50535683 ], [ -98.496316349, 19.50512522 ], [ -98.49630448, 19.50485431 ], [ -98.496317889, 19.504625621 ], [ -98.496356569, 19.504445151 ], [ -98.496382459, 19.50428872 ], [ -98.496396119, 19.50398177 ], [ -98.496470379, 19.503822881 ], [ -98.496547079, 19.50367277 ], [ -98.496616919, 19.503600751 ], [ -98.496696569, 19.50352435 ], [ -98.496752679, 19.5034198 ], [ -98.496787949, 19.50336998 ], [ -98.496881109, 19.503335321 ], [ -98.496992949, 19.50332871 ], [ -98.497081489, 19.503284741 ], [ -98.497127059, 19.50321215 ], [ -98.497231219, 19.50312712 ], [ -98.497486119, 19.50305008 ], [ -98.497758719, 19.502932891 ], [ -98.498047679, 19.50267097 ], [ -98.498325219, 19.502597651 ], [ -98.498609089, 19.502516651 ], [ -98.499033319, 19.50236671 ], [ -98.499447279, 19.5020368 ], [ -98.499855029, 19.50165871 ], [ -98.500155549, 19.50139488 ], [ -98.500256259, 19.50119365 ], [ -98.500482879, 19.50113386 ], [ -98.500684569, 19.501286311 ], [ -98.500963479, 19.50141442 ], [ -98.501320689, 19.501426021 ], [ -98.501634829, 19.501403741 ], [ -98.501886339, 19.50132177 ], [ -98.502052829, 19.501213401 ], [ -98.502183889, 19.50103037 ], [ -98.502341979, 19.501002051 ], [ -98.502510739, 19.50092949 ], [ -98.502603709, 19.500841921 ], [ -98.502701109, 19.50072023 ], [ -98.502766849, 19.50059006 ], [ -98.502816379, 19.500317081 ], [ -98.502843829, 19.500022081 ], [ -98.502860229, 19.49978451 ], [ -98.502855769, 19.49971246 ], [ -98.502833109, 19.49961003 ], [ -98.502778689, 19.49951286 ], [ -98.502717799, 19.49942154 ], [ -98.502624979, 19.49934146 ], [ -98.502513079, 19.49926694 ], [ -98.502450949, 19.49922354 ], [ -98.502433829, 19.49915122 ], [ -98.502436459, 19.49904937 ], [ -98.502458179, 19.49894197 ], [ -98.502498889, 19.49883502 ], [ -98.50250105, 19.49875114 ], [ -98.502477619, 19.49867866 ], [ -98.502423049, 19.49858748 ], [ -98.502342419, 19.49827989 ], [ -98.502321909, 19.49809358 ], [ -98.502340659, 19.49785802 ], [ -98.502371649, 19.49763694 ], [ -98.502375819, 19.49747518 ], [ -98.502366399, 19.49734908 ], [ -98.502319079, 19.49722209 ], [ -98.502070429, 19.49680872 ], [ -98.502022949, 19.49668774 ], [ -98.502018629, 19.49660971 ], [ -98.502034199, 19.49649617 ], [ -98.502049919, 19.49637665 ], [ -98.502034509, 19.49623842 ], [ -98.501960509, 19.495919 ], [ -98.501973769, 19.49564955 ], [ -98.502016769, 19.49545272 ], [ -98.502116049, 19.49528118 ], [ -98.502238289, 19.49520008 ], [ -98.502352509, 19.49518474 ], [ -98.502453169, 19.49520506 ], [ -98.502676689, 19.49536608 ], [ -98.502856739, 19.49549612 ], [ -98.502950769, 19.49552828 ], [ -98.503045419, 19.49553646 ], [ -98.503146539, 19.4955388 ], [ -98.503294999, 19.49549202 ], [ -98.503754919, 19.4951352 ], [ -98.503874689, 19.49503543 ], [ -98.503913579, 19.49492523 ], [ -98.503952249, 19.49482358 ], [ -98.504006969, 19.49479922 ], [ -98.504097059, 19.49480129 ], [ -98.504240549, 19.49483025 ], [ -98.504375259, 19.49485046 ], [ -98.504474369, 19.49485275 ], [ -98.504537879, 19.49483712 ], [ -98.504611919, 19.49476192 ], [ -98.504810349, 19.49440762 ], [ -98.504867689, 19.49428075 ], [ -98.504948679, 19.49426865 ], [ -98.505242029, 19.49441231 ], [ -98.505335219, 19.49445618 ], [ -98.505425629, 19.49448509 ], [ -98.505482109, 19.49448937 ], [ -98.505532379, 19.49449054 ], [ -98.505627169, 19.49447186 ], [ -98.505734919, 19.4944386 ], [ -98.505782279, 19.49443075 ], [ -98.505832459, 19.49443489 ], [ -98.50594435, 19.49448515 ], [ -98.506038309, 19.49449925 ], [ -98.506123289, 19.49449525 ], [ -98.506221049, 19.49445775 ], [ -98.506377249, 19.49434631 ], [ -98.506501509, 19.49423411 ], [ -98.506561309, 19.49414466 ], [ -98.506614549, 19.49406111 ], [ -98.506691799, 19.49403868 ], [ -98.506807029, 19.49402922 ], [ -98.507004799, 19.49403985 ], [ -98.507138879, 19.49404294 ], [ -98.507279819, 19.49402803 ], [ -98.507364369, 19.49396943 ], [ -98.507475549, 19.49386905 ], [ -98.507592179, 19.49380512 ], [ -98.507708199, 19.49376542 ], [ -98.507754289, 19.49371198 ], [ -98.507781999, 19.49362783 ], [ -98.507811889, 19.49345897 ], [ -98.507859689, 19.49333895 ], [ -98.507971339, 19.49322042 ], [ -98.508400659, 19.49292149 ], [ -98.508575849, 19.49281652 ], [ -98.508691049, 19.49280931 ], [ -98.508745229, 19.49283783 ], [ -98.508826279, 19.49285332 ], [ -98.508917249, 19.49285542 ], [ -98.50899432, 19.49283903 ], [ -98.509092909, 19.49277266 ], [ -98.509224619, 19.49268034 ], [ -98.509336719, 19.49260572 ], [ -98.509424079, 19.49256234 ], [ -98.509520059, 19.49255546 ], [ -98.509672689, 19.49258169 ], [ -98.509877419, 19.49263183 ], [ -98.510134089, 19.49271042 ], [ -98.510324799, 19.49274662 ], [ -98.510468089, 19.49276354 ], [ -98.510583229, 19.49275711 ], [ -98.510723019, 19.49272402 ], [ -98.510902149, 19.49265094 ], [ -98.511353139, 19.49243883 ], [ -98.511536579, 19.49238402 ], [ -98.511600109, 19.49233554 ], [ -98.511713719, 19.49220191 ], [ -98.511792429, 19.49212198 ], [ -98.511889819, 19.49206066 ], [ -98.511981259, 19.4920446 ], [ -98.512086939, 19.49203342 ], [ -98.512177549, 19.49204912 ], [ -98.512351919, 19.49216214 ], [ -98.512465429, 19.49221926 ], [ -98.512570539, 19.49223075 ], [ -98.512685679, 19.49222434 ], [ -98.512806309, 19.49219078 ], [ -98.512883949, 19.49215171 ], [ -98.512924459, 19.492091 ], [ -98.512951709, 19.49199246 ], [ -98.51300106, 19.49188192 ], [ -98.51305746, 19.49173791 ], [ -98.51309705, 19.49168886 ], [ -98.51322902, 19.49161912 ], [ -98.51335715, 19.49152595 ], [ -98.51346929, 19.49142471 ], [ -98.51352386, 19.49135289 ], [ -98.51357568, 19.49123103 ], [ -98.51362846, 19.49107074 ], [ -98.51368412, 19.49095666 ], [ -98.51375542, 19.490866 ], [ -98.51388535, 19.49076331 ], [ -98.51400277, 19.49069474 ], [ -98.51411892, 19.49067549 ], [ -98.51427511, 19.49067362 ], [ -98.51442031, 19.49064955 ], [ -98.51454335, 19.4905866 ], [ -98.51464508, 19.49048377 ], [ -98.51473458, 19.49037618 ], [ -98.51488245, 19.49024803 ], [ -98.51522875, 19.48982294 ], [ -98.51548246, 19.48962595 ], [ -98.51584628, 19.48942054 ], [ -98.51594718, 19.48931872 ], [ -98.51598975, 19.48923746 ], [ -98.51603512, 19.48904665 ], [ -98.51606357, 19.48883898 ], [ -98.51606765, 19.48868011 ], [ -98.51604197, 19.48855343 ], [ -98.51599362, 19.48840978 ], [ -98.5159788, 19.48831077 ], [ -98.51599246, 19.48822886 ], [ -98.51614902, 19.4879348 ], [ -98.51791665, 19.48802658 ], [ -98.51796291, 19.4880036 ], [ -98.51798925, 19.48796572 ], [ -98.51801671, 19.48788457 ], [ -98.51801818, 19.48782688 ], [ -98.51800445, 19.48776883 ], [ -98.51797412, 19.48771943 ], [ -98.51792562, 19.48763602 ], [ -98.51787765, 19.48753205 ], [ -98.51788098, 19.48740183 ], [ -98.51789808, 19.48729935 ], [ -98.51799469, 19.48719872 ], [ -98.51803208, 19.48715157 ], [ -98.51802148, 19.48700046 ], [ -98.51802392, 19.48690451 ], [ -98.51797508, 19.48683482 ], [ -98.51791142, 19.48677848 ], [ -98.51787702, 19.48670911 ], [ -98.51787242, 19.48660614 ], [ -98.51788369, 19.48644868 ], [ -98.51794785, 19.48620328 ], [ -98.51802502, 19.48573188 ], [ -98.51810749, 19.48533605 ], [ -98.5181436, 19.48505571 ], [ -98.51809209, 19.48480765 ], [ -98.51804832, 19.48453918 ], [ -98.5180146, 19.48416125 ], [ -98.51799402, 19.48386742 ], [ -98.51801183, 19.48368555 ], [ -98.51804134, 19.4833844 ], [ -98.51810458, 19.482977 ], [ -98.51816505, 19.48267802 ], [ -98.51830725, 19.48228077 ], [ -98.51837395, 19.48208206 ], [ -98.51838658, 19.48193215 ], [ -98.51837091, 19.48185669 ], [ -98.51831898, 19.48182212 ], [ -98.51824132, 19.48176194 ], [ -98.51820763, 19.48170275 ], [ -98.51821317, 19.48148594 ], [ -98.5182876, 19.48132911 ], [ -98.5183704, 19.48118917 ], [ -98.51835378, 19.47976537 ], [ -98.51841538, 19.47969326 ], [ -98.51851812, 19.47964734 ], [ -98.5190794, 19.47939654 ], [ -98.51948214, 19.47857212 ], [ -98.51967658, 19.47859232 ], [ -98.51995272, 19.47835966 ], [ -98.51810731, 19.47658134 ], [ -98.51837535, 19.47644666 ], [ -98.51868665, 19.47602963 ], [ -98.51897797, 19.47609842 ], [ -98.51907469, 19.47610722 ], [ -98.51917503, 19.47610952 ], [ -98.51928965, 19.47609575 ], [ -98.51939035, 19.47605368 ], [ -98.51983366, 19.47577706 ], [ -98.51995525, 19.47569982 ], [ -98.5200686, 19.47566908 ], [ -98.52017425, 19.47566485 ], [ -98.52032123, 19.47569491 ], [ -98.52066726, 19.47580332 ], [ -98.52158771, 19.47618925 ], [ -98.52191188, 19.47634083 ], [ -98.52201526, 19.47636595 ], [ -98.5221672, 19.47636945 ], [ -98.52230431, 19.47632709 ], [ -98.52261089, 19.47622795 ], [ -98.52288375, 19.47619629 ], [ -98.52326018, 19.4761822 ], [ -98.52350808, 19.47618789 ], [ -98.52373863, 19.47624629 ], [ -98.52437372, 19.47644295 ], [ -98.52535874, 19.47672349 ], [ -98.52589065, 19.47688743 ], [ -98.52632775, 19.47700368 ], [ -98.52677969, 19.47716577 ], [ -98.52712672, 19.47736338 ], [ -98.52727594, 19.477473 ], [ -98.52748394, 19.47760654 ], [ -98.52776346, 19.47776226 ], [ -98.52792942, 19.47788331 ], [ -98.52793034, 19.4769544 ], [ -98.52794535, 19.47634208 ], [ -98.52795271, 19.47604175 ], [ -98.52801045, 19.47568892 ], [ -98.52815169, 19.47524563 ], [ -98.52826558, 19.47460154 ], [ -98.52831652, 19.47387902 ], [ -98.52832386, 19.47295531 ], [ -98.52854614, 19.47188255 ], [ -98.52902618, 19.47030811 ], [ -98.52951431, 19.4689484 ], [ -98.53008189, 19.46834552 ], [ -98.53029802, 19.46815031 ], [ -98.53048288, 19.46798638 ], [ -98.53396335, 19.46881458 ], [ -98.53647805, 19.46620631 ], [ -98.5373316, 19.46831138 ], [ -98.53881862, 19.46857257 ], [ -98.53856943, 19.46924394 ], [ -98.53914118, 19.46937894 ], [ -98.53968378, 19.46594445 ], [ -98.54193449, 19.46626502 ], [ -98.54303635, 19.46491226 ], [ -98.54245991, 19.46306806 ], [ -98.541499, 19.46082138 ], [ -98.54157649, 19.46079222 ], [ -98.54186663, 19.46074098 ], [ -98.54231962, 19.46059075 ], [ -98.5427584, 19.46061446 ], [ -98.54324062, 19.46044623 ], [ -98.54375285, 19.46039782 ], [ -98.5438522, 19.46041038 ], [ -98.55791986, 19.46264329 ], [ -98.57027614, 19.46676935 ], [ -98.57750112, 19.46027603 ], [ -98.59127565, 19.4492142 ], [ -98.60915811, 19.45061331 ], [ -98.6157338, 19.45206454 ], [ -98.62940658, 19.45701795 ], [ -98.63068037, 19.46001492 ], [ -98.63411472, 19.46784817 ], [ -98.63436549, 19.46803786 ], [ -98.63478449, 19.46845765 ], [ -98.63496058, 19.46879311 ], [ -98.63502586, 19.46923312 ], [ -98.63502483, 19.46969392 ], [ -98.63493512, 19.47028025 ], [ -98.63477929, 19.47078265 ], [ -98.6346674, 19.47138985 ], [ -98.63477657, 19.47199751 ], [ -98.63501842, 19.47256354 ], [ -98.63495134, 19.47291949 ], [ -98.63495065, 19.47323368 ], [ -98.6350906, 19.47350771 ], [ -98.63578572, 19.47349222 ], [ -98.63623118, 19.47352688 ], [ -98.63700774, 19.47463505 ], [ -98.63721874, 19.47527294 ], [ -98.63744306, 19.47622706 ], [ -98.63771689, 19.47753892 ], [ -98.63794048, 19.47882683 ], [ -98.63805498, 19.48051378 ], [ -98.63795472, 19.48172468 ], [ -98.63782194, 19.48279545 ], [ -98.63775528, 19.48360271 ], [ -98.63772058, 19.48441392 ], [ -98.63772185, 19.48479492 ], [ -98.63767831, 19.48564734 ], [ -98.63765154, 19.48617048 ], [ -98.63755522, 19.48656634 ], [ -98.63742702, 19.48695163 ], [ -98.63726711, 19.48732774 ], [ -98.63706952, 19.48752358 ], [ -98.63678074, 19.487823 ], [ -98.63670238, 19.48821937 ], [ -98.63663626, 19.48875562 ], [ -98.63654075, 19.489152 ], [ -98.6364434, 19.48954797 ], [ -98.6363798, 19.48981222 ], [ -98.63624669, 19.49019508 ], [ -98.636058, 19.49056023 ], [ -98.6357402, 19.49094831 ], [ -98.63557069, 19.49112957 ], [ -98.63488294, 19.49200865 ], [ -98.63368468, 19.49225411 ], [ -98.63148226, 19.49342917 ], [ -98.63049683, 19.49432172 ], [ -98.63025562, 19.49498089 ], [ -98.63020177, 19.49592551 ], [ -98.62930757, 19.49761443 ], [ -98.62912285, 19.49829085 ], [ -98.62902062, 19.498551 ], [ -98.62847803, 19.49908514 ], [ -98.62880672, 19.49970997 ], [ -98.62684795, 19.50045686 ], [ -98.62661008, 19.50095182 ], [ -98.62625871, 19.50137283 ], [ -98.62560798, 19.50341378 ], [ -98.62480669, 19.50434326 ], [ -98.62004548, 19.50616957 ], [ -98.61962275, 19.50630897 ], [ -98.61873703, 19.50654674 ], [ -98.61837063, 19.50661152 ], [ -98.61731018, 19.50698468 ], [ -98.61696692, 19.5070606 ], [ -98.61665768, 19.50732205 ], [ -98.61573529, 19.50771774 ], [ -98.61368526, 19.51015337 ], [ -98.61290303, 19.51170606 ], [ -98.61255466, 19.51267228 ], [ -98.6121362, 19.51354797 ], [ -98.61165178, 19.51435122 ], [ -98.61070062, 19.51555109 ], [ -98.60334251, 19.50148686 ], [ -98.59676085, 19.50563406 ], [ -98.59674475, 19.50564308 ], [ -98.59507618, 19.5066786 ], [ -98.5950422, 19.5066966 ], [ -98.59226517, 19.50841643 ], [ -98.59223835, 19.50844975 ], [ -98.59222538, 19.50846588 ], [ -98.59060422, 19.50950438 ], [ -98.58939094, 19.51022628 ], [ -98.58927822, 19.51029334 ], [ -98.58882435, 19.5105744 ], [ -98.58819391, 19.51097265 ], [ -98.58811729, 19.51102498 ], [ -98.5878366, 19.51120385 ], [ -98.58748189, 19.51141431 ], [ -98.58744875, 19.51143265 ], [ -98.58584352, 19.51237123 ], [ -98.58581202, 19.51238935 ], [ -98.58566222, 19.51247628 ], [ -98.58428405, 19.51331038 ], [ -98.58425189, 19.51333049 ], [ -98.58223008, 19.5145674 ], [ -98.58219708, 19.514586 ], [ -98.58072037, 19.5154594 ], [ -98.58033023, 19.51567714 ], [ -98.57978526, 19.51592394 ], [ -98.57973646, 19.51594557 ], [ -98.578661, 19.51637818 ], [ -98.57744575, 19.51686429 ], [ -98.577123, 19.51699403 ], [ -98.57651117, 19.51722489 ], [ -98.57605783, 19.51739323 ], [ -98.57529455, 19.51771529 ], [ -98.5750842, 19.51782068 ], [ -98.57465351, 19.51817351 ], [ -98.57414777, 19.51859249 ], [ -98.57412137, 19.51861183 ], [ -98.57394978, 19.51875365 ], [ -98.57318258, 19.51938394 ], [ -98.57254958, 19.51990734 ], [ -98.57217486, 19.52024808 ], [ -98.57214783, 19.52026803 ], [ -98.57202965, 19.52037443 ], [ -98.57077614, 19.52136005 ], [ -98.57032943, 19.52172602 ], [ -98.57030126, 19.52174474 ], [ -98.57001611, 19.52197838 ], [ -98.56827975, 19.52340352 ], [ -98.56825097, 19.52342246 ], [ -98.56808769, 19.52355632 ], [ -98.56685138, 19.5245666 ], [ -98.56682129, 19.52459317 ], [ -98.56658894, 19.52478122 ], [ -98.56648257, 19.5248578 ], [ -98.56646243, 19.52487315 ], [ -98.56620682, 19.52507528 ], [ -98.56599054, 19.52525592 ], [ -98.56540322, 19.52574008 ], [ -98.56388505, 19.52694469 ], [ -98.56310435, 19.52756263 ], [ -98.56308251, 19.52757898 ], [ -98.56229715, 19.52820292 ], [ -98.56188555, 19.52852497 ], [ -98.56159214, 19.52875371 ], [ -98.56089546, 19.52931122 ], [ -98.56078577, 19.52939858 ], [ -98.55969286, 19.53026362 ], [ -98.55959151, 19.53034283 ], [ -98.55841643, 19.53126722 ], [ -98.55841112, 19.53127137 ], [ -98.55749402, 19.53197783 ], [ -98.55727791, 19.53215563 ], [ -98.55684205, 19.53254562 ], [ -98.55652989, 19.53275954 ], [ -98.55598717, 19.53319108 ], [ -98.555205, 19.5338134 ], [ -98.554146326, 19.53465538 ], [ -98.55366285, 19.53503989 ], [ -98.55285694, 19.53568038 ], [ -98.55133809, 19.53688852 ], [ -98.550593449, 19.537485819 ], [ -98.55044038, 19.5376086 ], [ -98.550355053, 19.537675777 ], [ -98.54963569, 19.53824212 ], [ -98.54954034, 19.538318 ], [ -98.54955272, 19.53833388 ], [ -98.54947229, 19.53837206 ], [ -98.54942377, 19.53841102 ], [ -98.54872472, 19.53896657 ], [ -98.54797011, 19.53957597 ], [ -98.54725949, 19.54013769 ], [ -98.54575146, 19.53903411 ], [ -98.54444342, 19.53800134 ], [ -98.54298674, 19.53688935 ], [ -98.54145718, 19.53575431 ], [ -98.53955808, 19.53437011 ], [ -98.53954238, 19.53436095 ], [ -98.53945854, 19.53430371 ], [ -98.538704, 19.53477223 ], [ -98.53808942, 19.53531185 ], [ -98.53709551, 19.53698635 ], [ -98.53670755, 19.53722915 ], [ -98.53654635, 19.53779715 ], [ -98.53630457, 19.53816598 ], [ -98.53619495, 19.53855985 ], [ -98.53602194, 19.53883588 ], [ -98.53561883, 19.53925023 ], [ -98.53538352, 19.53962551 ], [ -98.53501938, 19.5399758 ], [ -98.53414729, 19.54032703 ], [ -98.53371105, 19.54085369 ], [ -98.53271234, 19.54170008 ], [ -98.5323626, 19.54174554 ], [ -98.53214638, 19.5417626 ], [ -98.53187309, 19.54206465 ], [ -98.53152106, 19.54233026 ], [ -98.53135346, 19.5426536 ], [ -98.53061271, 19.54314174 ], [ -98.53007377, 19.54357609 ], [ -98.52969558, 19.54382538 ], [ -98.52958451, 19.54401474 ], [ -98.5292698, 19.54432397 ], [ -98.52910862, 19.54439577 ], [ -98.52848303, 19.54458275 ], [ -98.52788791, 19.54500637 ], [ -98.5275086, 19.54538277 ], [ -98.52734046, 19.545467 ], [ -98.52677932, 19.54585994 ], [ -98.52655126, 19.54631243 ], [ -98.52616105, 19.54729129 ], [ -98.5256282, 19.54850149 ], [ -98.52551698, 19.54882612 ], [ -98.52531074, 19.5491154 ], [ -98.52423648, 19.54862726 ], [ -98.52199651, 19.54760935 ], [ -98.52028272, 19.54675526 ], [ -98.51888152, 19.54606492 ], [ -98.51794854, 19.54556217 ], [ -98.51782342, 19.54550968 ], [ -98.51781608, 19.54573502 ], [ -98.51798548, 19.54634211 ], [ -98.51799877, 19.54689306 ], [ -98.51791405, 19.54722715 ], [ -98.51786585, 19.54730634 ], [ -98.51770943, 19.54755378 ], [ -98.51765983, 19.54772406 ], [ -98.51759549, 19.54811688 ], [ -98.51757678, 19.54831788 ], [ -98.51755122, 19.54843302 ], [ -98.51743571, 19.54870465 ], [ -98.51727834, 19.54919817 ], [ -98.51721494, 19.54952925 ], [ -98.51713938, 19.55018323 ], [ -98.51712338, 19.55098431 ], [ -98.51708243, 19.55152338 ], [ -98.51700851, 19.5517136 ], [ -98.51666857, 19.55227149 ], [ -98.51661763, 19.55231746 ], [ -98.51655412, 19.55232458 ], [ -98.51645491, 19.55231372 ], [ -98.51624729, 19.55229608 ], [ -98.516143, 19.55230654 ], [ -98.51605106, 19.55236442 ], [ -98.51599935, 19.55244037 ], [ -98.51589949, 19.55263094 ], [ -98.51574097, 19.55281586 ], [ -98.51546382, 19.55304091 ], [ -98.51513155, 19.55329898 ], [ -98.51508288, 19.55339457 ], [ -98.51502657, 19.55365043 ], [ -98.51491528, 19.55428645 ], [ -98.51485212, 19.55445643 ], [ -98.51477231, 19.55457031 ], [ -98.5143174, 19.55499049 ], [ -98.51418115, 19.55518878 ], [ -98.51400775, 19.55560051 ], [ -98.51386512, 19.55587152 ], [ -98.51374363, 19.55602302 ], [ -98.51363757, 19.556102 ], [ -98.51347342, 19.55615392 ], [ -98.51323637, 19.55622562 ], [ -98.51312182, 19.55628297 ], [ -98.51306549, 19.55636311 ], [ -98.51298182, 19.55645118 ], [ -98.512898939, 19.55649522 ], [ -98.512549319, 19.55667506 ], [ -98.512376379, 19.5567226 ], [ -98.512174999, 19.55676406 ], [ -98.512056539, 19.55680743 ], [ -98.511934399, 19.55688325 ], [ -98.511794539, 19.55698035 ], [ -98.511665349, 19.55710754 ], [ -98.511556599, 19.55721892 ], [ -98.511454259, 19.55730334 ], [ -98.511326679, 19.5573682 ], [ -98.511237659, 19.55737969 ], [ -98.511157309, 19.55738869 ], [ -98.511079029, 19.55742757 ], [ -98.510904919, 19.55752117 ], [ -98.510802939, 19.55759203 ], [ -98.510539169, 19.55772154 ], [ -98.510363169, 19.55781931 ], [ -98.510288109, 19.55784469 ], [ -98.510213259, 19.55786195 ], [ -98.510138339, 19.55788192 ], [ -98.510094799, 19.55790532 ], [ -98.510056579, 19.55794511 ], [ -98.510005659, 19.55803343 ], [ -98.509962059, 19.55817072 ], [ -98.509893649, 19.55838337 ], [ -98.509756999, 19.55868935 ], [ -98.509631719, 19.55899831 ], [ -98.509596079, 19.55914329 ], [ -98.509560939, 19.55950857 ], [ -98.509496319, 19.56035314 ], [ -98.5094436, 19.5607276 ], [ -98.509353479, 19.56100483 ], [ -98.509227979, 19.56121074 ], [ -98.509127619, 19.56133045 ], [ -98.508969599, 19.56146511 ], [ -98.508889859, 19.56156089 ], [ -98.508859459, 19.56161874 ], [ -98.508852769, 19.56165654 ], [ -98.508851719, 19.5616972 ], [ -98.508859399, 19.56173263 ], [ -98.508890249, 19.56175774 ], [ -98.508968999, 19.56181109 ], [ -98.508982819, 19.56183038 ], [ -98.508984289, 19.56188466 ], [ -98.50896742, 19.5619846 ], [ -98.508884969, 19.56218608 ], [ -98.508790309, 19.56230592 ], [ -98.508509029, 19.56255977 ], [ -98.508443319, 19.56266672 ], [ -98.508340979, 19.56286231 ], [ -98.508330059, 19.56294218 ], [ -98.508347449, 19.56304563 ], [ -98.508332029, 19.56319985 ], [ -98.508268219, 19.563456 ], [ -98.508192049, 19.56374711 ], [ -98.508152979, 19.56381942 ], [ -98.50812306, 19.56387025 ], [ -98.508107619, 19.56395342 ], [ -98.508072509, 19.56413158 ], [ -98.507994319, 19.56450648 ], [ -98.507910969, 19.56481631 ], [ -98.507867029, 19.56492571 ], [ -98.507636629, 19.56535555 ], [ -98.507515829, 19.56552163 ], [ -98.507396029, 19.56564875 ], [ -98.507326519, 19.56568612 ], [ -98.507276889, 19.56574992 ], [ -98.507261179, 19.56582751 ], [ -98.507266049, 19.56590555 ], [ -98.507270219, 19.56600957 ], [ -98.507246999, 19.56611295 ], [ -98.507119179, 19.56628537 ], [ -98.507074909, 19.56640774 ], [ -98.507023279, 19.56654945 ], [ -98.50697817, 19.56670428 ], [ -98.506938579, 19.5669112 ], [ -98.506886119, 19.56708535 ], [ -98.506842339, 19.56718826 ], [ -98.506814279, 19.56721358 ], [ -98.50678002, 19.5672128 ], [ -98.506725709, 19.56719206 ] ] ] ] } },
{ "type": "Feature", "properties": { "cvegeo": "29006", "cve_ent": "29", "cve_mun": "006", "nomgeo": "Calpulalpan", "state_code": "29", "state_name": "Tlaxcala" }, "geometry": { "type": "MultiPolygon", "coordinates": [ [ [ [ -98.56638428, 19.64025102 ], [ -98.56567852, 19.63957468 ], [ -98.56564529, 19.63959834 ], [ -98.56547658, 19.63975554 ], [ -98.56231985, 19.63797954 ], [ -98.5618646, 19.63788828 ], [ -98.56167294, 19.63778223 ], [ -98.56136995, 19.6375954 ], [ -98.56137569, 19.63756375 ], [ -98.56171214, 19.63625563 ], [ -98.56171611, 19.63622788 ], [ -98.56177991, 19.63598208 ], [ -98.56357595, 19.62915049 ], [ -98.56371951, 19.62714882 ], [ -98.56362682, 19.62715165 ], [ -98.56360449, 19.62715371 ], [ -98.56130371, 19.62736663 ], [ -98.56087008, 19.62742549 ], [ -98.5608132, 19.62740923 ], [ -98.56042885, 19.62743235 ], [ -98.55965138, 19.62751889 ], [ -98.55961392, 19.6275358 ], [ -98.55811503, 19.62774215 ], [ -98.55767771, 19.62780289 ], [ -98.55738912, 19.62784371 ], [ -98.55724157, 19.62786432 ], [ -98.55702618, 19.6278962 ], [ -98.55679889, 19.62792998 ], [ -98.55643258, 19.6279838 ], [ -98.5556932, 19.62809005 ], [ -98.55561046, 19.62810237 ], [ -98.55561774, 19.62800257 ], [ -98.5556322, 19.62783569 ], [ -98.55565034, 19.62765518 ], [ -98.55567169, 19.62734012 ], [ -98.55568128, 19.62718151 ], [ -98.55568972, 19.62695865 ], [ -98.55569977, 19.62659555 ], [ -98.55570855, 19.62630526 ], [ -98.55571714, 19.62606075 ], [ -98.55573348, 19.62551517 ], [ -98.55574043, 19.62539206 ], [ -98.55561157, 19.62537357 ], [ -98.55517502, 19.62530789 ], [ -98.55428765, 19.62517274 ], [ -98.5536618, 19.62507823 ], [ -98.55265722, 19.62492405 ], [ -98.55201545, 19.6248264 ], [ -98.55177709, 19.62479032 ], [ -98.55134317, 19.62472405 ], [ -98.55052255, 19.62460085 ], [ -98.55016622, 19.62454878 ], [ -98.55016645, 19.62442142 ], [ -98.55029386, 19.62167305 ], [ -98.55031648, 19.62050975 ], [ -98.55039968, 19.61857817 ], [ -98.54688008, 19.62151295 ], [ -98.5412402, 19.62792926 ], [ -98.53681945, 19.63297371 ], [ -98.53557578, 19.63441888 ], [ -98.52888018, 19.6249246 ], [ -98.52876614, 19.62477083 ], [ -98.52808874, 19.62384709 ], [ -98.52787198, 19.62281458 ], [ -98.52767845, 19.62218995 ], [ -98.52743663, 19.62138028 ], [ -98.52712108, 19.62073222 ], [ -98.52675485, 19.62033377 ], [ -98.52646114, 19.62015329 ], [ -98.52595337, 19.61943792 ], [ -98.52578325, 19.61894878 ], [ -98.52568631, 19.6186368 ], [ -98.52575848, 19.61851065 ], [ -98.52634705, 19.61761205 ], [ -98.52739562, 19.61603442 ], [ -98.52761743, 19.61571815 ], [ -98.52803395, 19.61479782 ], [ -98.52833575, 19.61455743 ], [ -98.52832745, 19.61452977 ], [ -98.52826302, 19.61431557 ], [ -98.5269326, 19.61241323 ], [ -98.52605288, 19.61115882 ], [ -98.52343989, 19.60842111 ], [ -98.52340772, 19.60839011 ], [ -98.52243588, 19.60734708 ], [ -98.52152229, 19.60573975 ], [ -98.52150518, 19.60569472 ], [ -98.51982895, 19.60306549 ], [ -98.5192388, 19.60239929 ], [ -98.51907297, 19.60237686 ], [ -98.51859643, 19.60279846 ], [ -98.51800625, 19.60329848 ], [ -98.51792017, 19.60297509 ], [ -98.51774485, 19.60293478 ], [ -98.51768108, 19.60306329 ], [ -98.51647812, 19.60341195 ], [ -98.51538458, 19.60370625 ], [ -98.51442208, 19.60397275 ], [ -98.51436715, 19.60391708 ], [ -98.51176095, 19.60398415 ], [ -98.51050346, 19.6036988 ], [ -98.50972085, 19.60340298 ], [ -98.5095254, 19.60330062 ], [ -98.5085806, 19.60283151 ], [ -98.50824708, 19.60273046 ], [ -98.50739394, 19.60279111 ], [ -98.50731674, 19.60290763 ], [ -98.50609891, 19.60329858 ], [ -98.50554329, 19.60341408 ], [ -98.50505766, 19.60340495 ], [ -98.50414602, 19.60335383 ], [ -98.50359442, 19.60325929 ], [ -98.50231582, 19.60320215 ], [ -98.50243089, 19.6035186 ], [ -98.5015404, 19.60355025 ], [ -98.50157925, 19.60369629 ], [ -98.5005898, 19.60399697 ], [ -98.5007042, 19.60439949 ], [ -98.50040572, 19.60462466 ], [ -98.50036669, 19.60465883 ], [ -98.49926574, 19.60544194 ], [ -98.49903358, 19.60523142 ], [ -98.49865168, 19.60559602 ], [ -98.49879449, 19.60576691 ], [ -98.49570103, 19.60744302 ], [ -98.49540009, 19.60746709 ], [ -98.491613849, 19.60736783 ], [ -98.4915808, 19.60727777 ], [ -98.490994719, 19.606779091 ], [ -98.49028118, 19.606063171 ], [ -98.49024642, 19.605936551 ], [ -98.4902276, 19.60585517 ], [ -98.48999965, 19.60575512 ], [ -98.48982568, 19.60554678 ], [ -98.48969886, 19.60475118 ], [ -98.48957591, 19.604615291 ], [ -98.489555199, 19.604380281 ], [ -98.489395819, 19.60427138 ], [ -98.48930625, 19.60394578 ], [ -98.48914322, 19.60367423 ], [ -98.48888865, 19.602886851 ], [ -98.488821539, 19.602679281 ], [ -98.48868443, 19.60249814 ], [ -98.488637479, 19.602272091 ], [ -98.488418349, 19.60201843 ], [ -98.48831026, 19.60171089 ], [ -98.48815268, 19.601602001 ], [ -98.48819703, 19.601331021 ], [ -98.487986379, 19.601041251 ], [ -98.487938979, 19.600950741 ], [ -98.48796303, 19.60088755 ], [ -98.487826859, 19.600787751 ], [ -98.48774315, 19.600688111 ], [ -98.48767445, 19.600552371 ], [ -98.48767434, 19.600508061 ], [ -98.487521079, 19.60034926 ], [ -98.48746785, 19.600284061 ], [ -98.48745135, 19.60019072 ], [ -98.48743417, 19.60001974 ], [ -98.48729663, 19.59979863 ], [ -98.487273119, 19.59969608 ], [ -98.48726089, 19.599507291 ], [ -98.48725577, 19.599357081 ], [ -98.487225619, 19.59926368 ], [ -98.487069319, 19.59893594 ], [ -98.487056739, 19.598722051 ], [ -98.487025289, 19.59866806 ], [ -98.48686452, 19.59858295 ], [ -98.48676735, 19.5985442 ], [ -98.486640649, 19.59850089 ], [ -98.48657998, 19.598457091 ], [ -98.486480849, 19.598335711 ], [ -98.486426079, 19.598229491 ], [ -98.486372169, 19.59817172 ], [ -98.486301229, 19.59811357 ], [ -98.486238349, 19.597991001 ], [ -98.486183369, 19.597892851 ], [ -98.48610866, 19.597799371 ], [ -98.486072479, 19.59771577 ], [ -98.486024399, 19.5975976 ], [ -98.48590694, 19.59744349 ], [ -98.485851339, 19.59720405 ], [ -98.48582509, 19.597133851 ], [ -98.485796479, 19.597086751 ], [ -98.485628029, 19.596844681 ], [ -98.485612249, 19.596795881 ], [ -98.48561978, 19.596751651 ], [ -98.485637339, 19.59673188 ], [ -98.48564425, 19.59671185 ], [ -98.48564492, 19.59668563 ], [ -98.485634849, 19.5966632 ], [ -98.485603849, 19.596626141 ], [ -98.485309679, 19.59638518 ], [ -98.485129119, 19.59619934 ], [ -98.484918889, 19.59598752 ], [ -98.484767779, 19.595816491 ], [ -98.48458782, 19.59560846 ], [ -98.48439111, 19.59538792 ], [ -98.484327149, 19.59536325 ], [ -98.48420443, 19.59533012 ], [ -98.4841606, 19.59529478 ], [ -98.4838364, 19.59481497 ], [ -98.483753139, 19.5946366 ], [ -98.483711399, 19.5945206 ], [ -98.48366168, 19.59430146 ], [ -98.48365894, 19.594160121 ], [ -98.48365455, 19.594000571 ], [ -98.48364295, 19.59395094 ], [ -98.48362218, 19.59393028 ], [ -98.483586349, 19.593915321 ], [ -98.483572029, 19.59389278 ], [ -98.483568819, 19.59385234 ], [ -98.483578689, 19.59380009 ], [ -98.48358695, 19.59372763 ], [ -98.483581829, 19.59359632 ], [ -98.48357255, 19.59337812 ], [ -98.483551369, 19.593283921 ], [ -98.48352069, 19.59323477 ], [ -98.483483089, 19.593205631 ], [ -98.48345837, 19.593172771 ], [ -98.483455999, 19.593100061 ], [ -98.483464019, 19.592954921 ], [ -98.48345665, 19.59291035 ], [ -98.483438259, 19.59287965 ], [ -98.48338789, 19.59285022 ], [ -98.48321958, 19.592767601 ], [ -98.48312725, 19.592708121 ], [ -98.483033309, 19.59263328 ], [ -98.482996029, 19.59259205 ], [ -98.48293715, 19.59247968 ], [ -98.482686599, 19.591870371 ], [ -98.482629249, 19.591763031 ], [ -98.482567879, 19.59166472 ], [ -98.482350059, 19.591437651 ], [ -98.48214175, 19.59123626 ], [ -98.481879689, 19.59099 ], [ -98.481717279, 19.59076218 ], [ -98.48155283, 19.59061305 ], [ -98.48134268, 19.59047397 ], [ -98.481246089, 19.59041925 ], [ -98.481152419, 19.590334321 ], [ -98.48102863, 19.59017805 ], [ -98.48093051, 19.590018341 ], [ -98.48090343, 19.58997292 ], [ -98.480886859, 19.58995437 ], [ -98.48085518, 19.589943541 ], [ -98.480804139, 19.589940341 ], [ -98.480729309, 19.589950711 ], [ -98.48067182, 19.58994937 ], [ -98.48063168, 19.589936321 ], [ -98.480562459, 19.58989435 ], [ -98.480359059, 19.58976852 ], [ -98.48019083, 19.589601121 ], [ -98.48009529, 19.58942331 ], [ -98.48001202, 19.589348711 ], [ -98.479905199, 19.589277601 ], [ -98.47983591, 19.58920423 ], [ -98.479791089, 19.589124481 ], [ -98.47973951, 19.58897797 ], [ -98.47969049, 19.588896091 ], [ -98.47957797, 19.588798621 ], [ -98.479464849, 19.58870845 ], [ -98.479292859, 19.58860354 ], [ -98.479147259, 19.58854969 ], [ -98.47904252, 19.588480651 ], [ -98.47887243, 19.58830311 ], [ -98.47871211, 19.58807737 ], [ -98.478640449, 19.58795586 ], [ -98.47863515, 19.58791337 ], [ -98.478643379, 19.587760171 ], [ -98.47867774, 19.587359941 ], [ -98.47873028, 19.58714735 ], [ -98.47823335, 19.587368291 ], [ -98.475832779, 19.582452941 ], [ -98.473051169, 19.57519509 ], [ -98.469623629, 19.57446045 ], [ -98.465890949, 19.573672281 ], [ -98.462146289, 19.57286925 ], [ -98.45822475, 19.572022661 ], [ -98.454439719, 19.57121309 ], [ -98.45253651, 19.57080471 ], [ -98.450690309, 19.57040852 ], [ -98.44692843, 19.569606201 ], [ -98.443204999, 19.568812781 ], [ -98.43949792, 19.568029121 ], [ -98.439435679, 19.56801472 ], [ -98.43592183, 19.567274891 ], [ -98.436074689, 19.566097281 ], [ -98.43632245, 19.564362601 ], [ -98.43656165, 19.56276851 ], [ -98.437205489, 19.55904337 ], [ -98.437773779, 19.55550346 ], [ -98.438239679, 19.552794251 ], [ -98.438718969, 19.5497782 ], [ -98.43903028, 19.547741781 ], [ -98.43903689, 19.547591861 ], [ -98.43881554, 19.546829061 ], [ -98.438671199, 19.5463872 ], [ -98.43851528, 19.54588748 ], [ -98.438454369, 19.545704171 ], [ -98.43842631, 19.545361691 ], [ -98.43838717, 19.544389181 ], [ -98.438371999, 19.543635831 ], [ -98.438427619, 19.54307202 ], [ -98.43845583, 19.5407238 ], [ -98.43861128, 19.539045851 ], [ -98.43869603, 19.5386722 ], [ -98.43923488, 19.537783 ], [ -98.439526289, 19.53783602 ], [ -98.439726569, 19.53785125 ], [ -98.44021048, 19.53795975 ], [ -98.440651659, 19.538030351 ], [ -98.441032279, 19.538071831 ], [ -98.441353689, 19.53815315 ], [ -98.44141122, 19.538170061 ], [ -98.442862089, 19.53838166 ], [ -98.44399552, 19.538572751 ], [ -98.446024749, 19.538865911 ], [ -98.448137909, 19.539219619 ], [ -98.448693459, 19.539225449 ], [ -98.453810509, 19.540085829 ], [ -98.453605829, 19.540721479 ], [ -98.453594599, 19.540771829 ], [ -98.453581819, 19.541630449 ], [ -98.454247449, 19.541647109 ], [ -98.454273549, 19.541648169 ], [ -98.454310279, 19.541616349 ], [ -98.454779079, 19.541738399 ], [ -98.455214379, 19.54188602 ], [ -98.455667519, 19.54201857 ], [ -98.456184829, 19.54218162 ], [ -98.457120509, 19.54227914 ], [ -98.457331259, 19.54232052 ], [ -98.458081369, 19.54235918 ], [ -98.459092889, 19.54254048 ], [ -98.459408079, 19.54259883 ], [ -98.458919979, 19.54334326 ], [ -98.458726289, 19.544141 ], [ -98.459430919, 19.54430029 ], [ -98.459438849, 19.54352751 ], [ -98.459695819, 19.54295709 ], [ -98.461438369, 19.54327485 ], [ -98.461140279, 19.54372862 ], [ -98.461401629, 19.54374072 ], [ -98.461778939, 19.54375965 ], [ -98.462066629, 19.5437462 ], [ -98.462386889, 19.54370831 ], [ -98.462661879, 19.54364288 ], [ -98.462989679, 19.54351945 ], [ -98.463877219, 19.54315194 ], [ -98.464797569, 19.54274989 ], [ -98.465157799, 19.54260703 ], [ -98.465315289, 19.54248466 ], [ -98.465503619, 19.54224563 ], [ -98.465809939, 19.54192503 ], [ -98.466038399, 19.54173372 ], [ -98.466184199, 19.54165142 ], [ -98.466669169, 19.54151582 ], [ -98.467209399, 19.54140742 ], [ -98.46741228, 19.54138191 ], [ -98.467598379, 19.54138625 ], [ -98.468006029, 19.54146635 ], [ -98.468187089, 19.54146051 ], [ -98.468504849, 19.54151835 ], [ -98.468722489, 19.54153855 ], [ -98.468872569, 19.54149668 ], [ -98.469180859, 19.54150892 ], [ -98.469446749, 19.54151512 ], [ -98.469602279, 19.54146834 ], [ -98.469739429, 19.54137562 ], [ -98.469865539, 19.54123234 ], [ -98.469963599, 19.54114386 ], [ -98.470033399, 19.54112028 ], [ -98.470107849, 19.54112202 ], [ -98.47018735, 19.54113395 ], [ -98.470386539, 19.54124954 ], [ -98.470615689, 19.54144145 ], [ -98.471033649, 19.54173862 ], [ -98.471397919, 19.54205469 ], [ -98.471714199, 19.54237471 ], [ -98.471942949, 19.54258174 ], [ -98.472177279, 19.54277882 ], [ -98.472310649, 19.54287569 ], [ -98.472444629, 19.5425824 ], [ -98.472253249, 19.54225651 ], [ -98.472229109, 19.54143409 ], [ -98.471993289, 19.54121651 ], [ -98.471998199, 19.5409906 ], [ -98.471720999, 19.54086328 ], [ -98.471761649, 19.54063748 ], [ -98.471543779, 19.54058262 ], [ -98.471649399, 19.54034797 ], [ -98.471292909, 19.54004871 ], [ -98.471202079, 19.53976829 ], [ -98.471176139, 19.53968691 ], [ -98.471193049, 19.53961465 ], [ -98.471457519, 19.53962446 ], [ -98.471684059, 19.53957994 ], [ -98.471308079, 19.53868418 ], [ -98.471734369, 19.53876677 ], [ -98.472033019, 19.53871342 ], [ -98.472112149, 19.53847877 ], [ -98.472159779, 19.53820095 ], [ -98.472326619, 19.53774263 ], [ -98.472440649, 19.53754952 ], [ -98.472522249, 19.53727954 ], [ -98.472567049, 19.53710112 ], [ -98.472476179, 19.53684343 ], [ -98.472379309, 19.5365948 ], [ -98.472248719, 19.53631986 ], [ -98.472140509, 19.5360672 ], [ -98.472003769, 19.53580843 ], [ -98.471903509, 19.53569189 ], [ -98.471867179, 19.53554423 ], [ -98.471779369, 19.53538992 ], [ -98.471629889, 19.5351798 ], [ -98.471541519, 19.53505206 ], [ -98.471412049, 19.53511494 ], [ -98.471048459, 19.53498735 ], [ -98.47089922, 19.53471582 ], [ -98.470933169, 19.53453518 ], [ -98.470783259, 19.53447148 ], [ -98.471066999, 19.53386685 ], [ -98.470910139, 19.53355914 ], [ -98.471455249, 19.53355169 ], [ -98.471539939, 19.53352483 ], [ -98.471981019, 19.53363455 ], [ -98.472307799, 19.53389758 ], [ -98.472987029, 19.53387245 ], [ -98.473081229, 19.5338008 ], [ -98.473304739, 19.53370785 ], [ -98.473521879, 19.53364306 ], [ -98.473612519, 19.53364517 ], [ -98.473730549, 19.53368554 ], [ -98.473910199, 19.5337542 ], [ -98.474056819, 19.53378448 ], [ -98.474175819, 19.53378726 ], [ -98.474346219, 19.53377511 ], [ -98.474584479, 19.53376992 ], [ -98.474918509, 19.53378845 ], [ -98.475202519, 19.5337682 ], [ -98.475389779, 19.53376183 ], [ -98.475621689, 19.53378335 ], [ -98.476010999, 19.53385689 ], [ -98.476423249, 19.53392023 ], [ -98.476739019, 19.53398669 ], [ -98.476845569, 19.53403215 ], [ -98.476928889, 19.53409857 ], [ -98.477033769, 19.53420848 ], [ -98.477081849, 19.53432243 ], [ -98.477139449, 19.53450646 ], [ -98.477170249, 19.53463075 ], [ -98.477196909, 19.53469585 ], [ -98.477208619, 19.53472105 ], [ -98.477277289, 19.53476231 ], [ -98.477520199, 19.53486315 ], [ -98.477646489, 19.53495102 ], [ -98.478364049, 19.5348844 ], [ -98.478886749, 19.53439538 ], [ -98.47933108, 19.53391197 ], [ -98.479402339, 19.53383297 ], [ -98.479828399, 19.53395865 ], [ -98.480524379, 19.53397525 ], [ -98.481852909, 19.53427395 ], [ -98.482710339, 19.53484314 ], [ -98.483161379, 19.5354368 ], [ -98.483114649, 19.53557648 ], [ -98.483310089, 19.53546212 ], [ -98.483386059, 19.53530989 ], [ -98.483934399, 19.53602271 ], [ -98.484066309, 19.53600938 ], [ -98.484374349, 19.53601043 ], [ -98.485872769, 19.53601742 ], [ -98.485939679, 19.53602078 ], [ -98.486195979, 19.53601251 ], [ -98.486262029, 19.53601022 ], [ -98.486582059, 19.53603289 ], [ -98.488409449, 19.53603146 ], [ -98.48852062, 19.53605725 ], [ -98.488592999, 19.53603192 ], [ -98.490441649, 19.53339105 ], [ -98.490439829, 19.5335068 ], [ -98.490382379, 19.53611525 ], [ -98.490668289, 19.53610926 ], [ -98.491553029, 19.53613143 ], [ -98.491645889, 19.53659132 ], [ -98.492768749, 19.53690763 ], [ -98.492793289, 19.53608288 ], [ -98.493828659, 19.53618248 ], [ -98.494809969, 19.53644377 ], [ -98.494823369, 19.53765132 ], [ -98.494855939, 19.53850189 ], [ -98.495377379, 19.53841197 ], [ -98.495695059, 19.53859545 ], [ -98.495778139, 19.53885695 ], [ -98.495998889, 19.53893389 ], [ -98.496406539, 19.53941631 ], [ -98.496359199, 19.53982491 ], [ -98.496273769, 19.53987422 ], [ -98.496339579, 19.539931 ], [ -98.496395119, 19.54000245 ], [ -98.496546079, 19.54020394 ], [ -98.496621399, 19.5402682 ], [ -98.496802429, 19.54041203 ], [ -98.497115679, 19.54063188 ], [ -98.497608059, 19.54101495 ], [ -98.49932026, 19.54227591 ], [ -98.499432349, 19.54238531 ], [ -98.499505549, 19.54245049 ], [ -98.499668089, 19.54256629 ], [ -98.499839089, 19.54265989 ], [ -98.499928719, 19.54269931 ], [ -98.500225489, 19.5427978 ], [ -98.500405849, 19.54286735 ], [ -98.500588419, 19.54295788 ], [ -98.500691339, 19.54303349 ], [ -98.500920259, 19.54325323 ], [ -98.501135859, 19.54345435 ], [ -98.501319649, 19.54360506 ], [ -98.501425169, 19.54370765 ], [ -98.501475949, 19.54377158 ], [ -98.501512629, 19.54384828 ], [ -98.501542219, 19.54392292 ], [ -98.501591289, 19.54408305 ], [ -98.501628289, 19.54423514 ], [ -98.501677999, 19.54456694 ], [ -98.501692659, 19.5446332 ], [ -98.501720489, 19.54466486 ], [ -98.501744829, 19.54467318 ], [ -98.501793909, 19.54467431 ], [ -98.501990919, 19.54465172 ], [ -98.502409479, 19.54460711 ], [ -98.502593829, 19.54459974 ], [ -98.502654969, 19.54460891 ], [ -98.502723059, 19.54464085 ], [ -98.502697139, 19.54466295 ], [ -98.502732149, 19.54518734 ], [ -98.502682119, 19.54565851 ], [ -98.502575629, 19.54593011 ], [ -98.502435679, 19.54608651 ], [ -98.502233149, 19.54611371 ], [ -98.502188429, 19.54625443 ], [ -98.502217029, 19.54645 ], [ -98.502366819, 19.54681957 ], [ -98.502437399, 19.547245 ], [ -98.502531429, 19.54762774 ], [ -98.502703149, 19.54811075 ], [ -98.502841849, 19.54858977 ], [ -98.502891369, 19.54888937 ], [ -98.502868569, 19.54921389 ], [ -98.502932509, 19.54951435 ], [ -98.503015519, 19.54999562 ], [ -98.503092709, 19.55033203 ], [ -98.503169539, 19.55077317 ], [ -98.503303319, 19.55139031 ], [ -98.50343788, 19.55176331 ], [ -98.503497229, 19.55229792 ], [ -98.503625379, 19.55264782 ], [ -98.503774289, 19.55308126 ], [ -98.503906369, 19.55355655 ], [ -98.503924049, 19.55411314 ], [ -98.503916719, 19.55454742 ], [ -98.503867619, 19.55490565 ], [ -98.503947539, 19.55564275 ], [ -98.504063599, 19.55604494 ], [ -98.504279229, 19.55665951 ], [ -98.504343739, 19.55725352 ], [ -98.504516459, 19.55771537 ], [ -98.504767289, 19.55822114 ], [ -98.504917999, 19.55873811 ], [ -98.505140859, 19.55924626 ], [ -98.505221879, 19.55970082 ], [ -98.505334879, 19.56029798 ], [ -98.505631799, 19.56099035 ], [ -98.505968339, 19.56176835 ], [ -98.506211859, 19.56200369 ], [ -98.506375259, 19.56230475 ], [ -98.506485649, 19.5627262 ], [ -98.506698079, 19.56333917 ], [ -98.506747109, 19.56365111 ], [ -98.506698089, 19.5638932 ], [ -98.506406449, 19.56433815 ], [ -98.506292619, 19.56465237 ], [ -98.506263369, 19.56479255 ], [ -98.506264119, 19.56496257 ], [ -98.506291489, 19.56509434 ], [ -98.506305119, 19.56516265 ], [ -98.506298119, 19.56523535 ], [ -98.506264889, 19.56533172 ], [ -98.506245539, 19.56548669 ], [ -98.506243289, 19.56577322 ], [ -98.506255599, 19.56609606 ], [ -98.506274859, 19.56634422 ], [ -98.506319339, 19.56640838 ], [ -98.506410449, 19.5664542 ], [ -98.50647405, 19.56657223 ], [ -98.506486549, 19.56668423 ], [ -98.506505629, 19.56695317 ], [ -98.506523849, 19.56704451 ], [ -98.506570479, 19.56709755 ], [ -98.506637979, 19.56713808 ], [ -98.506725709, 19.56719206 ], [ -98.50678002, 19.5672128 ], [ -98.506814279, 19.56721358 ], [ -98.506842339, 19.56718826 ], [ -98.506886119, 19.56708535 ], [ -98.506938579, 19.5669112 ], [ -98.50697817, 19.56670428 ], [ -98.507023279, 19.56654945 ], [ -98.507074909, 19.56640774 ], [ -98.507119179, 19.56628537 ], [ -98.507246999, 19.56611295 ], [ -98.507270219, 19.56600957 ], [ -98.507266049, 19.56590555 ], [ -98.507261179, 19.56582751 ], [ -98.507276889, 19.56574992 ], [ -98.507326519, 19.56568612 ], [ -98.507396029, 19.56564875 ], [ -98.507515829, 19.56552163 ], [ -98.507636629, 19.56535555 ], [ -98.507867029, 19.56492571 ], [ -98.507910969, 19.56481631 ], [ -98.507994319, 19.56450648 ], [ -98.508072509, 19.56413158 ], [ -98.508107619, 19.56395342 ], [ -98.50812306, 19.56387025 ], [ -98.508152979, 19.56381942 ], [ -98.508192049, 19.56374711 ], [ -98.508268219, 19.563456 ], [ -98.508332029, 19.56319985 ], [ -98.508347449, 19.56304563 ], [ -98.508330059, 19.56294218 ], [ -98.508340979, 19.56286231 ], [ -98.508443319, 19.56266672 ], [ -98.508509029, 19.56255977 ], [ -98.508790309, 19.56230592 ], [ -98.508884969, 19.56218608 ], [ -98.50896742, 19.5619846 ], [ -98.508984289, 19.56188466 ], [ -98.508982819, 19.56183038 ], [ -98.508968999, 19.56181109 ], [ -98.508890249, 19.56175774 ], [ -98.508859399, 19.56173263 ], [ -98.508851719, 19.5616972 ], [ -98.508852769, 19.56165654 ], [ -98.508859459, 19.56161874 ], [ -98.508889859, 19.56156089 ], [ -98.508969599, 19.56146511 ], [ -98.509127619, 19.56133045 ], [ -98.509227979, 19.56121074 ], [ -98.509353479, 19.56100483 ], [ -98.5094436, 19.5607276 ], [ -98.509496319, 19.56035314 ], [ -98.509560939, 19.55950857 ], [ -98.509596079, 19.55914329 ], [ -98.509631719, 19.55899831 ], [ -98.509756999, 19.55868935 ], [ -98.509893649, 19.55838337 ], [ -98.509962059, 19.55817072 ], [ -98.510005659, 19.55803343 ], [ -98.510056579, 19.55794511 ], [ -98.510094799, 19.55790532 ], [ -98.510138339, 19.55788192 ], [ -98.510213259, 19.55786195 ], [ -98.510288109, 19.55784469 ], [ -98.510363169, 19.55781931 ], [ -98.510539169, 19.55772154 ], [ -98.510802939, 19.55759203 ], [ -98.510904919, 19.55752117 ], [ -98.511079029, 19.55742757 ], [ -98.511157309, 19.55738869 ], [ -98.511237659, 19.55737969 ], [ -98.511326679, 19.5573682 ], [ -98.511454259, 19.55730334 ], [ -98.511556599, 19.55721892 ], [ -98.511665349, 19.55710754 ], [ -98.511794539, 19.55698035 ], [ -98.511934399, 19.55688325 ], [ -98.512056539, 19.55680743 ], [ -98.512174999, 19.55676406 ], [ -98.512376379, 19.5567226 ], [ -98.512549319, 19.55667506 ], [ -98.512898939, 19.55649522 ], [ -98.51298182, 19.55645118 ], [ -98.51306549, 19.55636311 ], [ -98.51312182, 19.55628297 ], [ -98.51323637, 19.55622562 ], [ -98.51347342, 19.55615392 ], [ -98.51363757, 19.556102 ], [ -98.51374363, 19.55602302 ], [ -98.51386512, 19.55587152 ], [ -98.51400775, 19.55560051 ], [ -98.51418115, 19.55518878 ], [ -98.5143174, 19.55499049 ], [ -98.51477231, 19.55457031 ], [ -98.51485212, 19.55445643 ], [ -98.51491528, 19.55428645 ], [ -98.51502657, 19.55365043 ], [ -98.51508288, 19.55339457 ], [ -98.51513155, 19.55329898 ], [ -98.51546382, 19.55304091 ], [ -98.51574097, 19.55281586 ], [ -98.51589949, 19.55263094 ], [ -98.51599935, 19.55244037 ], [ -98.51605106, 19.55236442 ], [ -98.516143, 19.55230654 ], [ -98.51624729, 19.55229608 ], [ -98.51645491, 19.55231372 ], [ -98.51655412, 19.55232458 ], [ -98.51661763, 19.55231746 ], [ -98.51666857, 19.55227149 ], [ -98.51700851, 19.5517136 ], [ -98.51708243, 19.55152338 ], [ -98.51712338, 19.55098431 ], [ -98.51713938, 19.55018323 ], [ -98.51721494, 19.54952925 ], [ -98.51727834, 19.54919817 ], [ -98.51743571, 19.54870465 ], [ -98.51755122, 19.54843302 ], [ -98.51757678, 19.54831788 ], [ -98.51759549, 19.54811688 ], [ -98.51765983, 19.54772406 ], [ -98.51770943, 19.54755378 ], [ -98.51786585, 19.54730634 ], [ -98.51791405, 19.54722715 ], [ -98.51799877, 19.54689306 ], [ -98.51798548, 19.54634211 ], [ -98.51781608, 19.54573502 ], [ -98.51782342, 19.54550968 ], [ -98.51794854, 19.54556217 ], [ -98.51888152, 19.54606492 ], [ -98.52028272, 19.54675526 ], [ -98.52199651, 19.54760935 ], [ -98.52423648, 19.54862726 ], [ -98.52531074, 19.5491154 ], [ -98.52551698, 19.54882612 ], [ -98.5256282, 19.54850149 ], [ -98.52616105, 19.54729129 ], [ -98.52655126, 19.54631243 ], [ -98.52677932, 19.54585994 ], [ -98.52734046, 19.545467 ], [ -98.5275086, 19.54538277 ], [ -98.52788791, 19.54500637 ], [ -98.52848303, 19.54458275 ], [ -98.52910862, 19.54439577 ], [ -98.5292698, 19.54432397 ], [ -98.52958451, 19.54401474 ], [ -98.52969558, 19.54382538 ], [ -98.53007377, 19.54357609 ], [ -98.53061271, 19.54314174 ], [ -98.53135346, 19.5426536 ], [ -98.53152106, 19.54233026 ], [ -98.53187309, 19.54206465 ], [ -98.53214638, 19.5417626 ], [ -98.5323626, 19.54174554 ], [ -98.53271234, 19.54170008 ], [ -98.53371105, 19.54085369 ], [ -98.53414729, 19.54032703 ], [ -98.53501938, 19.5399758 ], [ -98.53538352, 19.53962551 ], [ -98.53561883, 19.53925023 ], [ -98.53602194, 19.53883588 ], [ -98.53619495, 19.53855985 ], [ -98.53630457, 19.53816598 ], [ -98.53654635, 19.53779715 ], [ -98.53670755, 19.53722915 ], [ -98.53709551, 19.53698635 ], [ -98.53808942, 19.53531185 ], [ -98.538704, 19.53477223 ], [ -98.53945854, 19.53430371 ], [ -98.53954238, 19.53436095 ], [ -98.53955808, 19.53437011 ], [ -98.54145718, 19.53575431 ], [ -98.54298674, 19.53688935 ], [ -98.54444342, 19.53800134 ], [ -98.54575146, 19.53903411 ], [ -98.54725949, 19.54013769 ], [ -98.54797011, 19.53957597 ], [ -98.54872472, 19.53896657 ], [ -98.54942377, 19.53841102 ], [ -98.54947229, 19.53837206 ], [ -98.54955272, 19.53833388 ], [ -98.54954034, 19.538318 ], [ -98.54963569, 19.53824212 ], [ -98.550355053, 19.537675777 ], [ -98.55044038, 19.5376086 ], [ -98.550593449, 19.537485819 ], [ -98.55133809, 19.53688852 ], [ -98.55285694, 19.53568038 ], [ -98.55366285, 19.53503989 ], [ -98.554146326, 19.53465538 ], [ -98.555205, 19.5338134 ], [ -98.55598717, 19.53319108 ], [ -98.55652989, 19.53275954 ], [ -98.55684205, 19.53254562 ], [ -98.55727791, 19.53215563 ], [ -98.55749402, 19.53197783 ], [ -98.55841112, 19.53127137 ], [ -98.55841643, 19.53126722 ], [ -98.55959151, 19.53034283 ], [ -98.55969286, 19.53026362 ], [ -98.56078577, 19.52939858 ], [ -98.56089546, 19.52931122 ], [ -98.56159214, 19.52875371 ], [ -98.56188555, 19.52852497 ], [ -98.56229715, 19.52820292 ], [ -98.56308251, 19.52757898 ], [ -98.56310435, 19.52756263 ], [ -98.56388505, 19.52694469 ], [ -98.56540322, 19.52574008 ], [ -98.56599054, 19.52525592 ], [ -98.56620682, 19.52507528 ], [ -98.56646243, 19.52487315 ], [ -98.56648257, 19.5248578 ], [ -98.56658894, 19.52478122 ], [ -98.56682129, 19.52459317 ], [ -98.56685138, 19.5245666 ], [ -98.56808769, 19.52355632 ], [ -98.56825097, 19.52342246 ], [ -98.56827975, 19.52340352 ], [ -98.57001611, 19.52197838 ], [ -98.57030126, 19.52174474 ], [ -98.57032943, 19.52172602 ], [ -98.57077614, 19.52136005 ], [ -98.57202965, 19.52037443 ], [ -98.57214783, 19.52026803 ], [ -98.57217486, 19.52024808 ], [ -98.57254958, 19.51990734 ], [ -98.57318258, 19.51938394 ], [ -98.57394978, 19.51875365 ], [ -98.57412137, 19.51861183 ], [ -98.57414777, 19.51859249 ], [ -98.57465351, 19.51817351 ], [ -98.5750842, 19.51782068 ], [ -98.57529455, 19.51771529 ], [ -98.57605783, 19.51739323 ], [ -98.57651117, 19.51722489 ], [ -98.577123, 19.51699403 ], [ -98.57744575, 19.51686429 ], [ -98.578661, 19.51637818 ], [ -98.57973646, 19.51594557 ], [ -98.57978526, 19.51592394 ], [ -98.58033023, 19.51567714 ], [ -98.58072037, 19.5154594 ], [ -98.58219708, 19.514586 ], [ -98.58223008, 19.5145674 ], [ -98.58425189, 19.51333049 ], [ -98.58428405, 19.51331038 ], [ -98.58566222, 19.51247628 ], [ -98.58581202, 19.51238935 ], [ -98.58584352, 19.51237123 ], [ -98.58744875, 19.51143265 ], [ -98.58748189, 19.51141431 ], [ -98.5878366, 19.51120385 ], [ -98.58811729, 19.51102498 ], [ -98.58819391, 19.51097265 ], [ -98.58882435, 19.5105744 ], [ -98.58927822, 19.51029334 ], [ -98.58939094, 19.51022628 ], [ -98.59060422, 19.50950438 ], [ -98.59222538, 19.50846588 ], [ -98.59223835, 19.50844975 ], [ -98.59226517, 19.50841643 ], [ -98.5950422, 19.5066966 ], [ -98.59507618, 19.5066786 ], [ -98.59674475, 19.50564308 ], [ -98.59676085, 19.50563406 ], [ -98.60334251, 19.50148686 ], [ -98.61070062, 19.51555109 ], [ -98.61165178, 19.51435122 ], [ -98.6121362, 19.51354797 ], [ -98.61255466, 19.51267228 ], [ -98.61290303, 19.51170606 ], [ -98.61368526, 19.51015337 ], [ -98.61573529, 19.50771774 ], [ -98.61665768, 19.50732205 ], [ -98.61696692, 19.5070606 ], [ -98.61731018, 19.50698468 ], [ -98.61837063, 19.50661152 ], [ -98.61873703, 19.50654674 ], [ -98.61962275, 19.50630897 ], [ -98.62004548, 19.50616957 ], [ -98.62480669, 19.50434326 ], [ -98.62560798, 19.50341378 ], [ -98.62625871, 19.50137283 ], [ -98.62661008, 19.50095182 ], [ -98.62684795, 19.50045686 ], [ -98.62880672, 19.49970997 ], [ -98.62847803, 19.49908514 ], [ -98.62902062, 19.498551 ], [ -98.62912285, 19.49829085 ], [ -98.62930757, 19.49761443 ], [ -98.63020177, 19.49592551 ], [ -98.63025562, 19.49498089 ], [ -98.63049683, 19.49432172 ], [ -98.63148226, 19.49342917 ], [ -98.63368468, 19.49225411 ], [ -98.63488294, 19.49200865 ], [ -98.63557069, 19.49112957 ], [ -98.6357402, 19.49094831 ], [ -98.636058, 19.49056023 ], [ -98.63624669, 19.49019508 ], [ -98.6363798, 19.48981222 ], [ -98.6364434, 19.48954797 ], [ -98.63654075, 19.489152 ], [ -98.63663626, 19.48875562 ], [ -98.63670238, 19.48821937 ], [ -98.63678074, 19.487823 ], [ -98.63706952, 19.48752358 ], [ -98.63726711, 19.48732774 ], [ -98.63742702, 19.48695163 ], [ -98.63755522, 19.48656634 ], [ -98.63765154, 19.48617048 ], [ -98.63767831, 19.48564734 ], [ -98.63772185, 19.48479492 ], [ -98.63772058, 19.48441392 ], [ -98.63775528, 19.48360271 ], [ -98.63782194, 19.48279545 ], [ -98.63795472, 19.48172468 ], [ -98.63805498, 19.48051378 ], [ -98.63794048, 19.47882683 ], [ -98.63771689, 19.47753892 ], [ -98.63744306, 19.47622706 ], [ -98.63721874, 19.47527294 ], [ -98.63700774, 19.47463505 ], [ -98.63623118, 19.47352688 ], [ -98.63578572, 19.47349222 ], [ -98.6350906, 19.47350771 ], [ -98.63495065, 19.47323368 ], [ -98.63495134, 19.47291949 ], [ -98.63501842, 19.47256354 ], [ -98.63477657, 19.47199751 ], [ -98.6346674, 19.47138985 ], [ -98.63477929, 19.47078265 ], [ -98.63493512, 19.47028025 ], [ -98.63502483, 19.46969392 ], [ -98.63502586, 19.46923312 ], [ -98.63496058, 19.46879311 ], [ -98.63478449, 19.46845765 ], [ -98.63436549, 19.46803786 ], [ -98.63411472, 19.46784817 ], [ -98.64053589, 19.46330406 ], [ -98.65322655, 19.46598623 ], [ -98.653227346, 19.465989838 ], [ -98.654347369, 19.47106208 ], [ -98.661021859, 19.47843312 ], [ -98.661504709, 19.48049685 ], [ -98.660405369, 19.48546785 ], [ -98.660397709, 19.48550246 ], [ -98.664087429, 19.48911057 ], [ -98.665459739, 19.49045245 ], [ -98.668052019, 19.49341291 ], [ -98.668061666, 19.493417892 ], [ -98.672659319, 19.49579202 ], [ -98.672668522, 19.495801423 ], [ -98.674863449, 19.49804354 ], [ -98.675672629, 19.49946126 ], [ -98.676455709, 19.50256152 ], [ -98.677138149, 19.50687617 ], [ -98.678170889, 19.51209838 ], [ -98.681912399, 19.51801071 ], [ -98.681928087, 19.518021973 ], [ -98.684431819, 19.51981935 ], [ -98.685462659, 19.52054049 ], [ -98.690180029, 19.52374948 ], [ -98.690179851, 19.523751204 ], [ -98.690168709, 19.52385862 ], [ -98.691699387, 19.525089711 ], [ -98.691699859, 19.52509009 ], [ -98.691700007, 19.525089933 ], [ -98.691828624, 19.524953392 ], [ -98.691832309, 19.52494948 ], [ -98.691848371, 19.524964034 ], [ -98.692734549, 19.52576695 ], [ -98.693116199, 19.52633474 ], [ -98.693529819, 19.52695008 ], [ -98.693541415, 19.526955381 ], [ -98.694194859, 19.52725402 ], [ -98.695423149, 19.52781623 ], [ -98.695935169, 19.52812688 ], [ -98.698147249, 19.52967683 ], [ -98.69815578, 19.529684302 ], [ -98.698838309, 19.53028206 ], [ -98.700021109, 19.53131177 ], [ -98.701577139, 19.53708451 ], [ -98.701867419, 19.53811368 ], [ -98.702176179, 19.53922245 ], [ -98.70234217, 19.54026826 ], [ -98.702348979, 19.5428902 ], [ -98.701447539, 19.54525858 ], [ -98.701610769, 19.54581363 ], [ -98.70162616, 19.545821325 ], [ -98.703075629, 19.54654597 ], [ -98.70459489, 19.54589482 ], [ -98.704611879, 19.545908328 ], [ -98.706119449, 19.54710691 ], [ -98.706119659, 19.547106955 ], [ -98.708398579, 19.54759969 ], [ -98.708394311, 19.547608539 ], [ -98.707717029, 19.54901289 ], [ -98.705936119, 19.55174978 ], [ -98.705462889, 19.55247703 ], [ -98.705484216, 19.552483988 ], [ -98.706165829, 19.55270635 ], [ -98.706176469, 19.552717711 ], [ -98.708131739, 19.55480557 ], [ -98.706692819, 19.55644383 ], [ -98.706563369, 19.55702122 ], [ -98.706488489, 19.55735517 ], [ -98.706462599, 19.55747068 ], [ -98.706232249, 19.55849815 ], [ -98.706196119, 19.55865917 ], [ -98.706163029, 19.5588068 ], [ -98.706044289, 19.55933626 ], [ -98.706041026, 19.559335897 ], [ -98.703841739, 19.5590916 ], [ -98.703842879, 19.559095694 ], [ -98.704463539, 19.56132342 ], [ -98.704458946, 19.561325281 ], [ -98.704410569, 19.56134488 ], [ -98.703059119, 19.56187885 ], [ -98.703057852, 19.561881227 ], [ -98.702062079, 19.56374829 ], [ -98.702059915, 19.563748108 ], [ -98.701353649, 19.56368852 ], [ -98.70135103, 19.563692157 ], [ -98.700091079, 19.56544143 ], [ -98.699506859, 19.56715065 ], [ -98.699528482, 19.567150864 ], [ -98.700718307, 19.567162604 ], [ -98.700721019, 19.56716263 ], [ -98.701214279, 19.56593582 ], [ -98.701594748, 19.565155773 ], [ -98.701596739, 19.56515169 ], [ -98.702008949, 19.56526242 ], [ -98.702006435, 19.565270623 ], [ -98.701763999, 19.56606157 ], [ -98.701782822, 19.566069382 ], [ -98.702193709, 19.56623988 ], [ -98.702192349, 19.566245692 ], [ -98.701931109, 19.56736177 ], [ -98.701927944, 19.567361148 ], [ -98.701381629, 19.56725378 ], [ -98.701379027, 19.56725759 ], [ -98.701304399, 19.56736686 ], [ -98.701335829, 19.56746898 ], [ -98.700925449, 19.56904294 ], [ -98.701145619, 19.57050677 ], [ -98.701268279, 19.57094425 ], [ -98.701263771, 19.570946424 ], [ -98.700850599, 19.57114565 ], [ -98.700215619, 19.57120194 ], [ -98.699242749, 19.57109429 ], [ -98.698152659, 19.57098682 ], [ -98.697426369, 19.57092117 ], [ -98.695821969, 19.57075462 ], [ -98.694806829, 19.57064192 ], [ -98.694806247, 19.570645821 ], [ -98.694577889, 19.57217698 ], [ -98.694596283, 19.572181723 ], [ -98.695637219, 19.5724502 ], [ -98.695632021, 19.572457921 ], [ -98.695209089, 19.57308609 ], [ -98.694207739, 19.57454583 ], [ -98.693286199, 19.57604597 ], [ -98.693267109, 19.57607746 ], [ -98.693265255, 19.57607721 ], [ -98.692020739, 19.57590963 ], [ -98.689110169, 19.57685943 ], [ -98.689111459, 19.576861169 ], [ -98.690621179, 19.578894 ], [ -98.691153919, 19.57943386 ], [ -98.691015719, 19.58127569 ], [ -98.691106889, 19.58197577 ], [ -98.691241229, 19.58300734 ], [ -98.691734369, 19.58340966 ], [ -98.691735144, 19.583409815 ], [ -98.693006619, 19.58366354 ], [ -98.693004751, 19.583673226 ], [ -98.692867739, 19.5843836 ], [ -98.692671479, 19.58519805 ], [ -98.692431999, 19.58587949 ], [ -98.692429107, 19.585879467 ], [ -98.690773489, 19.58586632 ], [ -98.689113089, 19.58585311 ], [ -98.687453219, 19.58583989 ], [ -98.681512459, 19.58792022 ], [ -98.681512411, 19.587922296 ], [ -98.681405999, 19.592580651 ], [ -98.681710109, 19.59305917 ], [ -98.681889489, 19.59355771 ], [ -98.682042459, 19.59408243 ], [ -98.682080309, 19.59426035 ], [ -98.681581549, 19.59513355 ], [ -98.681785619, 19.59557591 ], [ -98.681782379, 19.595708231 ], [ -98.681694369, 19.59579285 ], [ -98.681693862, 19.595792871 ], [ -98.681533059, 19.59579949 ], [ -98.681534042, 19.595802788 ], [ -98.681632349, 19.59613263 ], [ -98.68162762, 19.596134144 ], [ -98.681572819, 19.59615169 ], [ -98.681572488, 19.59615398 ], [ -98.681356349, 19.59764874 ], [ -98.68137995, 19.59828494 ], [ -98.67852537, 19.59979062 ], [ -98.67818357, 19.59997089 ], [ -98.67537151, 19.59955089 ], [ -98.67461654, 19.59957331 ], [ -98.6739026, 19.59932589 ], [ -98.67322017, 19.59881449 ], [ -98.67315031, 19.59878662 ], [ -98.67295283, 19.598768 ], [ -98.67280423, 19.59868505 ], [ -98.67283166, 19.59851331 ], [ -98.67271189, 19.59841225 ], [ -98.67255411, 19.59836798 ], [ -98.67240551, 19.59836771 ], [ -98.67231606, 19.59853508 ], [ -98.67219612, 19.59865085 ], [ -98.67199655, 19.59864897 ], [ -98.67173746, 19.59868611 ], [ -98.67152915, 19.59877115 ], [ -98.671354, 19.59874931 ], [ -98.67111392, 19.59867318 ], [ -98.67094689, 19.59860252 ], [ -98.67030212, 19.59863425 ], [ -98.67021889, 19.59862565 ], [ -98.67025938, 19.59843762 ], [ -98.67008463, 19.59848305 ], [ -98.66979375, 19.59872512 ], [ -98.66953628, 19.59923794 ], [ -98.66943428, 19.59944106 ], [ -98.66945294, 19.59985065 ], [ -98.66855158, 19.60137195 ], [ -98.66799135, 19.60212217 ], [ -98.66662078, 19.60298832 ], [ -98.66659862, 19.60441728 ], [ -98.66643431, 19.60443689 ], [ -98.66632386, 19.60500674 ], [ -98.66622966, 19.60577795 ], [ -98.66557709, 19.60615374 ], [ -98.66427326, 19.60547966 ], [ -98.66368785, 19.60508391 ], [ -98.66314562, 19.60475422 ], [ -98.66312935, 19.60491391 ], [ -98.66289269, 19.60553335 ], [ -98.66278905, 19.60562892 ], [ -98.66246549, 19.60576495 ], [ -98.66225195, 19.60570202 ], [ -98.66148531, 19.60557086 ], [ -98.66098549, 19.60542345 ], [ -98.66046723, 19.60536409 ], [ -98.6601342, 19.60531138 ], [ -98.65772398, 19.60555558 ], [ -98.65717631, 19.60634485 ], [ -98.65701785, 19.6064856 ], [ -98.65684992, 19.6064974 ], [ -98.65704929, 19.60669005 ], [ -98.65651854, 19.60681928 ], [ -98.65572968, 19.60698925 ], [ -98.65560057, 19.606967 ], [ -98.65548075, 19.60693654 ], [ -98.65534, 19.60729235 ], [ -98.65520705, 19.60755634 ], [ -98.65487518, 19.60764523 ], [ -98.65435185, 19.60755932 ], [ -98.653933, 19.6075432 ], [ -98.65377454, 19.60765066 ], [ -98.65365654, 19.60780428 ], [ -98.65330848, 19.60783408 ], [ -98.65317757, 19.60770766 ], [ -98.65293037, 19.60743655 ], [ -98.65275566, 19.60737885 ], [ -98.65259377, 19.60742958 ], [ -98.65241808, 19.60763346 ], [ -98.65229842, 19.60774358 ], [ -98.65218722, 19.60780483 ], [ -98.65177394, 19.60753885 ], [ -98.65135711, 19.60736131 ], [ -98.65112212, 19.60718709 ], [ -98.65110005, 19.60706829 ], [ -98.65106792, 19.60701242 ], [ -98.65097637, 19.60701485 ], [ -98.65074862, 19.606920281 ], [ -98.650559119, 19.606816491 ], [ -98.650119849, 19.606531691 ], [ -98.64964569, 19.60644095 ], [ -98.649619349, 19.60674694 ], [ -98.64925954, 19.606926221 ], [ -98.648965349, 19.607196171 ], [ -98.64865478, 19.607302091 ], [ -98.648218819, 19.60760772 ], [ -98.64788837, 19.607626431 ], [ -98.64765943, 19.60780355 ], [ -98.647331819, 19.60782645 ], [ -98.646970143, 19.60775335 ], [ -98.646970106, 19.607753343 ], [ -98.64692717, 19.60774466 ], [ -98.64653029, 19.60760394 ], [ -98.64590929, 19.60753017 ], [ -98.64545966, 19.60736605 ], [ -98.64470088, 19.60696523 ], [ -98.64438148, 19.60655872 ], [ -98.64415666, 19.60604129 ], [ -98.64378248, 19.60574471 ], [ -98.64350411, 19.60568025 ], [ -98.64297585, 19.60578591 ], [ -98.64233658, 19.60562074 ], [ -98.64198714, 19.60536725 ], [ -98.64187282, 19.60511086 ], [ -98.64178526, 19.60485509 ], [ -98.64160514, 19.60443711 ], [ -98.64127249, 19.60424738 ], [ -98.64110357, 19.60388908 ], [ -98.64113311, 19.60350535 ], [ -98.64113903, 19.60326574 ], [ -98.64103405, 19.60297349 ], [ -98.64089149, 19.60276931 ], [ -98.64078166, 19.6025534 ], [ -98.64075985, 19.60227132 ], [ -98.64068198, 19.60205249 ], [ -98.64047597, 19.60179534 ], [ -98.64029382, 19.60148322 ], [ -98.64024097, 19.60122518 ], [ -98.63962946, 19.60043663 ], [ -98.63929097, 19.59985494 ], [ -98.63862191, 19.59936195 ], [ -98.63830192, 19.59894118 ], [ -98.63801482, 19.5987884 ], [ -98.6369056, 19.59886106 ], [ -98.63639585, 19.59870214 ], [ -98.63603749, 19.59843269 ], [ -98.63556218, 19.5981946 ], [ -98.63512046, 19.59787755 ], [ -98.63468663, 19.59775811 ], [ -98.63405103, 19.59792426 ], [ -98.63363569, 19.59789138 ], [ -98.63348446, 19.59826145 ], [ -98.63335438, 19.59893851 ], [ -98.63301235, 19.59966602 ], [ -98.63282222, 19.60029334 ], [ -98.63252589, 19.60087105 ], [ -98.63217714, 19.6013502 ], [ -98.63207671, 19.60142345 ], [ -98.63181652, 19.60151158 ], [ -98.63141502, 19.60173712 ], [ -98.6310138, 19.60199317 ], [ -98.63078991, 19.60197638 ], [ -98.63047317, 19.60176231 ], [ -98.63024443, 19.60165786 ], [ -98.62992863, 19.60165083 ], [ -98.62977143, 19.60167542 ], [ -98.62950314, 19.60166134 ], [ -98.62921575, 19.60157988 ], [ -98.6289396, 19.60145528 ], [ -98.62863831, 19.60128034 ], [ -98.62847894, 19.60118842 ], [ -98.62829666, 19.60101357 ], [ -98.62788769, 19.60097371 ], [ -98.62747457, 19.60078218 ], [ -98.62716358, 19.60056854 ], [ -98.62676311, 19.60042388 ], [ -98.62591689, 19.60033222 ], [ -98.62526334, 19.60039212 ], [ -98.62472114, 19.60046891 ], [ -98.62418195, 19.60060869 ], [ -98.62333991, 19.60069942 ], [ -98.62274162, 19.60054718 ], [ -98.62270778, 19.60053857 ], [ -98.62228755, 19.60039365 ], [ -98.62182105, 19.60038925 ], [ -98.62103045, 19.6006726 ], [ -98.62032195, 19.60099192 ], [ -98.61974075, 19.60125531 ], [ -98.61829668, 19.60139914 ], [ -98.61644257, 19.60132223 ], [ -98.61605558, 19.60122071 ], [ -98.61583572, 19.60122905 ], [ -98.61509577, 19.60112328 ], [ -98.6140612, 19.60104969 ], [ -98.61336775, 19.60106514 ], [ -98.61244223, 19.60140477 ], [ -98.61086012, 19.60182945 ], [ -98.60983608, 19.60201431 ], [ -98.60902072, 19.60235877 ], [ -98.60862629, 19.6026222 ], [ -98.60830266, 19.60302477 ], [ -98.60772578, 19.60351029 ], [ -98.60646605, 19.60452865 ], [ -98.60573857, 19.60499754 ], [ -98.60512635, 19.60511197 ], [ -98.60441678, 19.60525169 ], [ -98.60406125, 19.60535974 ], [ -98.60381871, 19.60556129 ], [ -98.60325171, 19.60619746 ], [ -98.60271595, 19.60661272 ], [ -98.60203698, 19.60720975 ], [ -98.60125486, 19.60790295 ], [ -98.60083946, 19.60828495 ], [ -98.60076545, 19.60845485 ], [ -98.60084689, 19.60881811 ], [ -98.60097808, 19.60926526 ], [ -98.6006646, 19.61025769 ], [ -98.60056197, 19.61049674 ], [ -98.60055789, 19.61051454 ], [ -98.60045197, 19.6110386 ], [ -98.60031778, 19.6114092 ], [ -98.59986992, 19.61166314 ], [ -98.59939508, 19.61193942 ], [ -98.59892269, 19.61223472 ], [ -98.59870309, 19.61255837 ], [ -98.59834074, 19.61266934 ], [ -98.597800479, 19.61276535 ], [ -98.59757795, 19.61300832 ], [ -98.59708472, 19.61352248 ], [ -98.59694635, 19.61370985 ], [ -98.59683745, 19.61385732 ], [ -98.59657395, 19.61431895 ], [ -98.59609137, 19.61450625 ], [ -98.59573605, 19.61470071 ], [ -98.59542057, 19.61493915 ], [ -98.59524052, 19.61520646 ], [ -98.5950626, 19.61555003 ], [ -98.59334745, 19.61679374 ], [ -98.59249243, 19.61735391 ], [ -98.59183069, 19.61792235 ], [ -98.59162149, 19.61843029 ], [ -98.59145925, 19.61885769 ], [ -98.59119743, 19.61908005 ], [ -98.59117242, 19.61910129 ], [ -98.59067346, 19.61924243 ], [ -98.59034871, 19.61936365 ], [ -98.59030483, 19.61969035 ], [ -98.59002294, 19.62032715 ], [ -98.58981462, 19.62123003 ], [ -98.58977395, 19.62189278 ], [ -98.58980022, 19.62238403 ], [ -98.58975729, 19.622671 ], [ -98.58961571, 19.62294071 ], [ -98.58933394, 19.62312574 ], [ -98.58923809, 19.62317558 ], [ -98.58911669, 19.62323871 ], [ -98.58895963, 19.62337428 ], [ -98.58883834, 19.62387254 ], [ -98.58836563, 19.62432968 ], [ -98.58765408, 19.62477483 ], [ -98.58656717, 19.62584063 ], [ -98.58646303, 19.62594968 ], [ -98.58645448, 19.62595865 ], [ -98.58589046, 19.62670063 ], [ -98.5853898, 19.627343 ], [ -98.58496772, 19.62782168 ], [ -98.58457802, 19.62863123 ], [ -98.58434212, 19.62894252 ], [ -98.58402238, 19.62948542 ], [ -98.58377058, 19.63006189 ], [ -98.58371642, 19.63018592 ], [ -98.58364208, 19.63030511 ], [ -98.58349217, 19.63055929 ], [ -98.58340598, 19.63083835 ], [ -98.58335811, 19.63247718 ], [ -98.58329598, 19.63293242 ], [ -98.58299429, 19.63328314 ], [ -98.58259526, 19.63349645 ], [ -98.58251375, 19.63373662 ], [ -98.58188191, 19.63423689 ], [ -98.58172726, 19.63455372 ], [ -98.58163986, 19.63485446 ], [ -98.58103965, 19.63552034 ], [ -98.58098309, 19.63578391 ], [ -98.58091642, 19.63651543 ], [ -98.5804286, 19.63679425 ], [ -98.58021606, 19.63705846 ], [ -98.57993998, 19.63741634 ], [ -98.57953738, 19.63766054 ], [ -98.57936883, 19.63772388 ], [ -98.57922906, 19.63777642 ], [ -98.57833828, 19.6380206 ], [ -98.57791378, 19.63801965 ], [ -98.57758283, 19.63793008 ], [ -98.57731792, 19.638018 ], [ -98.57702232, 19.63822503 ], [ -98.57653688, 19.63836172 ], [ -98.57579443, 19.63841848 ], [ -98.57528037, 19.63853706 ], [ -98.57492786, 19.63868971 ], [ -98.57347218, 19.63894012 ], [ -98.57293652, 19.63890863 ], [ -98.5721328, 19.63870518 ], [ -98.57163017, 19.63846278 ], [ -98.5714624, 19.63845274 ], [ -98.571167, 19.63867052 ], [ -98.57072092, 19.63886608 ], [ -98.57022832, 19.63893834 ], [ -98.56954958, 19.63883706 ], [ -98.56904891, 19.63875711 ], [ -98.56893948, 19.63881914 ], [ -98.56869165, 19.63895965 ], [ -98.56836035, 19.63917042 ], [ -98.568127, 19.63940815 ], [ -98.56790958, 19.63991509 ], [ -98.5676324, 19.64037726 ], [ -98.56749545, 19.64052278 ], [ -98.56716782, 19.64049283 ], [ -98.56681649, 19.64045785 ], [ -98.5663578, 19.64111966 ], [ -98.56638428, 19.64025102 ] ] ] ] } }
]
}
