family,split_id,ID_POLIGONO,method,observed,predicted,residual,squared_error,absolute_error,tail_regime,tail_low_threshold,tail_high_threshold,selected_method
target_matched,target_matched_01,AGC_001,Local04D,3.5,2.9502111217279245,0.5497888782720755,0.302267810671667,0.5497888782720755,center,3.0,4.69,Local04D
target_matched,target_matched_01,AGC_002,Local04D,4.63,4.4858916888246645,0.1441083111753354,0.020767205349807298,0.1441083111753354,center,3.0,4.69,Local04D
target_matched,target_matched_01,AGC_007,Local04D,3.5,3.1673334781290268,0.33266652187097323,0.11066701477373071,0.33266652187097323,center,3.0,4.69,Local04D
target_matched,target_matched_01,AGC_009,Local04D,4.79,4.692327687273374,0.09767231272662613,0.009539880673367853,0.09767231272662613,high,3.0,4.69,Local04D
target_matched,target_matched_01,AGC_010,Local04D,4.1,4.383664563279071,-0.2836645632790713,0.08046558446030624,0.2836645632790713,center,3.0,4.69,Local04D
target_matched,target_matched_01,AGC_014,Local04D,4.83,4.322587314765038,0.5074126852349616,0.25746763313735427,0.5074126852349616,high,3.0,4.69,Local04D
target_matched,target_matched_01,AGC_023,Local04D,3.0,2.985264411996306,0.014735588003694122,0.00021713755381461413,0.014735588003694122,low,3.0,4.69,Local04D
target_matched,target_matched_01,AGC_024,Local04D,3.03,4.533100542434887,-1.5031005424348876,2.2593112406680533,1.5031005424348876,center,3.0,4.69,Local04D
target_matched,target_matched_01,AGC_026,Local04D,3.55,4.435260939286796,-0.8852609392867965,0.7836869306269412,0.8852609392867965,center,3.0,4.69,Local04D
target_matched,target_matched_01,AGC_032,Local04D,4.03,4.657983198022509,-0.627983198022509,0.3943628969985778,0.627983198022509,center,3.0,4.69,Local04D
target_matched,target_matched_01,AGC_034,Local04D,2.0,3.1803644713897983,-1.1803644713897983,1.393260285319318,1.1803644713897983,low,3.0,4.69,Local04D
target_matched,target_matched_01,AGC_038,Local04D,3.3,3.19639706320235,0.10360293679764965,0.010733568513097787,0.10360293679764965,center,3.0,4.69,Local04D
target_matched,target_matched_01,AGC_040,Local04D,3.0,2.9326298871268643,0.06737011287313566,0.004538732108539039,0.06737011287313566,low,3.0,4.69,Local04D
target_matched,target_matched_01,AGC_057,Local04D,4.55,4.877338123381271,-0.32733812338127155,0.10715024701877256,0.32733812338127155,center,3.0,4.69,Local04D
target_matched,target_matched_01,AGC_058,Local04D,2.5,3.0385688791479035,-0.5385688791479035,0.29005643758662913,0.5385688791479035,low,3.0,4.69,Local04D
target_matched,target_matched_01,AGC_064,Local04D,4.51,4.67378627444044,-0.16378627444044014,0.026825943695079176,0.16378627444044014,center,3.0,4.69,Local04D
target_matched,target_matched_01,AGC_068,Local04D,2.5,2.8756738693896216,-0.37567386938962155,0.14113085614217044,0.37567386938962155,low,3.0,4.69,Local04D
target_matched,target_matched_01,AGC_073,Local04D,4.3,4.431153762744852,-0.13115376274485246,0.01720130948213305,0.13115376274485246,center,3.0,4.69,Local04D
target_matched,target_matched_01,AGC_079,Local04D,3.3,3.27089260595653,0.029107394043469625,0.000847240388001811,0.029107394043469625,center,3.0,4.69,Local04D
target_matched,target_matched_01,AGC_098,Local04D,3.0,3.001499380195596,-0.001499380195595812,2.2481409709449354e-06,0.001499380195595812,low,3.0,4.69,Local04D
target_matched,target_matched_01,AGC_099,Local04D,3.5,2.9635331101229694,0.5364668898770306,0.2877967239343341,0.5364668898770306,center,3.0,4.69,Local04D
target_matched,target_matched_01,AGC_101,Local04D,4.57,4.500657235744206,0.06934276425579444,0.004808418954634683,0.06934276425579444,center,3.0,4.69,Local04D
target_matched,target_matched_01,AGC_103,Local04D,3.0,2.989575322655867,0.010424677344133215,0.00010867389772928435,0.010424677344133215,low,3.0,4.69,Local04D
target_matched,target_matched_01,AGC_105,Local04D,4.41,4.412905772869154,-0.002905772869153722,8.443515967109855e-06,0.002905772869153722,center,3.0,4.69,Local04D
target_matched,target_matched_01,AGC_109,Local04D,4.54,4.771614492751721,-0.23161449275172075,0.053645273252636905,0.23161449275172075,center,3.0,4.69,Local04D
target_matched,target_matched_01,AGC_110,Local04D,4.18,4.421138031256474,-0.24113803125647415,0.058147550118248306,0.24113803125647415,center,3.0,4.69,Local04D
target_matched,target_matched_01,AGC_111,Local04D,4.72,4.531144939547858,0.18885506045214218,0.035666233858382274,0.18885506045214218,high,3.0,4.69,Local04D
target_matched,target_matched_01,AGC_112,Local04D,3.0,2.829085401252,0.17091459874799986,0.029211800065189794,0.17091459874799986,low,3.0,4.69,Local04D
target_matched,target_matched_01,AGC_117,Local04D,3.5,3.192683149346021,0.30731685065397896,0.09444364669588001,0.30731685065397896,center,3.0,4.69,Local04D
target_matched,target_matched_01,AGC_119,Local04D,4.4,4.6637945661049365,-0.2637945661049361,0.06958757310649151,0.2637945661049361,center,3.0,4.69,Local04D
target_matched,target_matched_01,AGC_131,Local04D,4.89,4.597225995167969,0.2927740048320304,0.08571661790538578,0.2927740048320304,high,3.0,4.69,Local04D
target_matched,target_matched_01,AGC_134,Local04D,4.52,4.287009701867292,0.23299029813270788,0.0542844790239681,0.23299029813270788,center,3.0,4.69,Local04D
target_matched,target_matched_01,AGC_141,Local04D,3.5,2.9885655621638554,0.5114344378361446,0.26156518420477326,0.5114344378361446,center,3.0,4.69,Local04D
target_matched,target_matched_01,AGC_151,Local04D,4.69,4.616910652786904,0.07308934721309601,0.005342052676036506,0.07308934721309601,high,3.0,4.69,Local04D
target_matched,target_matched_01,AGC_171,Local04D,2.15,4.506245105545859,-2.356245105545859,5.551890997408816,2.356245105545859,low,3.0,4.69,Local04D
target_matched,target_matched_01,AGC_179,Local04D,4.55,4.619280759919439,-0.06928075991943938,0.004799823695014999,0.06928075991943938,center,3.0,4.69,Local04D
target_matched,target_matched_01,AGC_181,Local04D,4.51,4.552636036659986,-0.042636036659986054,0.0018178316220716748,0.042636036659986054,center,3.0,4.69,Local04D
target_matched,target_matched_01,AGC_185,Local04D,5.01,4.495367486553268,0.514632513446732,0.26484662389650077,0.514632513446732,high,3.0,4.69,Local04D
target_matched,target_matched_01,AGC_193,Local04D,4.57,4.518949997748988,0.05105000225101186,0.002606102729828316,0.05105000225101186,center,3.0,4.69,Local04D
target_matched,target_matched_01,AGC_194,Local04D,3.2,2.949970848295827,0.2500291517041733,0.06251457670190849,0.2500291517041733,center,3.0,4.69,Local04D
target_matched,target_matched_01,AGC_197,Local04D,4.52,4.536316739016971,-0.016316739016971837,0.0002662359721479711,0.016316739016971837,center,3.0,4.69,Local04D
target_matched,target_matched_02,AGC_006,Local04D,4.49,4.393536461606913,0.09646353839308741,0.009305214239314649,0.09646353839308741,center,3.0,4.708,Local04D
target_matched,target_matched_02,AGC_007,Local04D,3.5,3.1909947379294588,0.30900526207054124,0.09548425198728387,0.30900526207054124,center,3.0,4.708,Local04D
target_matched,target_matched_02,AGC_008,Local04D,4.55,4.104362713926246,0.44563728607375364,0.19859259073918054,0.44563728607375364,center,3.0,4.708,Local04D
target_matched,target_matched_02,AGC_009,Local04D,4.79,4.529193248230063,0.2608067517699366,0.06802016176878534,0.2608067517699366,high,3.0,4.708,Local04D
target_matched,target_matched_02,AGC_010,Local04D,4.1,4.411113619850488,-0.311113619850488,0.09679168445647397,0.311113619850488,center,3.0,4.708,Local04D
target_matched,target_matched_02,AGC_012,Local04D,4.69,4.711707708964462,-0.021707708964461503,0.0004712246284857623,0.021707708964461503,center,3.0,4.708,Local04D
target_matched,target_matched_02,AGC_019,Local04D,3.0,2.9885591094498025,0.01144089055019748,0.000130893976581598,0.01144089055019748,low,3.0,4.708,Local04D
target_matched,target_matched_02,AGC_022,Local04D,4.55,4.255302282231858,0.294697717768142,0.08684674485775148,0.294697717768142,center,3.0,4.708,Local04D
target_matched,target_matched_02,AGC_024,Local04D,3.03,3.8185410989536113,-0.7885410989536115,0.6217970647389692,0.7885410989536115,center,3.0,4.708,Local04D
target_matched,target_matched_02,AGC_026,Local04D,3.55,4.410666068658411,-0.8606660686584116,0.7407460817399256,0.8606660686584116,center,3.0,4.708,Local04D
target_matched,target_matched_02,AGC_034,Local04D,2.0,3.185427428000577,-1.185427428000577,1.405238187056063,1.185427428000577,low,3.0,4.708,Local04D
target_matched,target_matched_02,AGC_051,Local04D,4.45,4.309111317714188,0.1408886822858122,0.01984962079623253,0.1408886822858122,center,3.0,4.708,Local04D
target_matched,target_matched_02,AGC_053,Local04D,3.5,2.973305858317389,0.526694141682611,0.2774067188827823,0.526694141682611,center,3.0,4.708,Local04D
target_matched,target_matched_02,AGC_054,Local04D,2.5,2.994427849827865,-0.4944278498278649,0.24445889868540574,0.4944278498278649,low,3.0,4.708,Local04D
target_matched,target_matched_02,AGC_059,Local04D,4.41,4.510742093241861,-0.10074209324186079,0.010148969350751772,0.10074209324186079,center,3.0,4.708,Local04D
target_matched,target_matched_02,AGC_060,Local04D,4.52,4.92601354066928,-0.40601354066928064,0.1648469952068056,0.40601354066928064,center,3.0,4.708,Local04D
target_matched,target_matched_02,AGC_062,Local04D,3.81,4.415023294552954,-0.6050232945529541,0.3660531869517107,0.6050232945529541,center,3.0,4.708,Local04D
target_matched,target_matched_02,AGC_066,Local04D,3.0,2.9118459977373337,0.08815400226266634,0.007771128114926183,0.08815400226266634,low,3.0,4.708,Local04D
target_matched,target_matched_02,AGC_070,Local04D,3.3,3.2308025510163745,0.06919744898362534,0.004788286945841432,0.06919744898362534,center,3.0,4.708,Local04D
target_matched,target_matched_02,AGC_089,Local04D,3.0,3.0728020148453763,-0.0728020148453763,0.00530013336554639,0.0728020148453763,low,3.0,4.708,Local04D
target_matched,target_matched_02,AGC_096,Local04D,4.59,4.283402934589422,0.3065970654105783,0.09400176051837843,0.3065970654105783,center,3.0,4.708,Local04D
target_matched,target_matched_02,AGC_098,Local04D,3.0,3.0281976221829443,-0.028197622182944304,0.0007951058967720727,0.028197622182944304,low,3.0,4.708,Local04D
target_matched,target_matched_02,AGC_099,Local04D,3.5,2.988622134134344,0.511377865865656,0.2615073216973129,0.511377865865656,center,3.0,4.708,Local04D
target_matched,target_matched_02,AGC_101,Local04D,4.57,4.283790912003503,0.2862090879964976,0.08191564205178689,0.2862090879964976,center,3.0,4.708,Local04D
target_matched,target_matched_02,AGC_102,Local04D,4.4,4.422254780028977,-0.02225478002897674,0.0004952752341381419,0.02225478002897674,center,3.0,4.708,Local04D
target_matched,target_matched_02,AGC_106,Local04D,4.43,4.298259574161721,0.13174042583827905,0.0173555398000511,0.13174042583827905,center,3.0,4.708,Local04D
target_matched,target_matched_02,AGC_108,Local04D,4.51,4.686847148335042,-0.17684714833504245,0.031274913874236504,0.17684714833504245,center,3.0,4.708,Local04D
target_matched,target_matched_02,AGC_110,Local04D,4.18,4.335934743506539,-0.15593474350653924,0.02431564423245018,0.15593474350653924,center,3.0,4.708,Local04D
target_matched,target_matched_02,AGC_112,Local04D,3.0,2.8106776696401314,0.18932233035986856,0.03584294477289121,0.18932233035986856,low,3.0,4.708,Local04D
target_matched,target_matched_02,AGC_114,Local04D,3.0,2.9988191689867785,0.0011808310132215283,1.394361881785781e-06,0.0011808310132215283,low,3.0,4.708,Local04D
target_matched,target_matched_02,AGC_117,Local04D,3.5,2.959428333391455,0.5405716666085452,0.2922177267399401,0.5405716666085452,center,3.0,4.708,Local04D
target_matched,target_matched_02,AGC_119,Local04D,4.4,4.507850638929362,-0.10785063892936186,0.011631760317471585,0.10785063892936186,center,3.0,4.708,Local04D
target_matched,target_matched_02,AGC_125,Local04D,4.06,4.47955037939345,-0.4195503793934501,0.1760225208491879,0.4195503793934501,center,3.0,4.708,Local04D
target_matched,target_matched_02,AGC_138,Local04D,2.5,2.9987983530709,-0.4987983530708999,0.24879979702624214,0.4987983530708999,low,3.0,4.708,Local04D
target_matched,target_matched_02,AGC_145,Local04D,3.5,2.8695018953669345,0.6304981046330655,0.3975278599458881,0.6304981046330655,center,3.0,4.708,Local04D
target_matched,target_matched_02,AGC_150,Local04D,4.52,4.531306332161833,-0.01130633216183341,0.00012783314695370855,0.01130633216183341,center,3.0,4.708,Local04D
target_matched,target_matched_02,AGC_152,Local04D,4.87,4.561165494733183,0.3088345052668169,0.09537875164339954,0.3088345052668169,high,3.0,4.708,Local04D
target_matched,target_matched_02,AGC_162,Local04D,5.59,4.733416790943351,0.856583209056649,0.7337347940377869,0.856583209056649,high,3.0,4.708,Local04D
target_matched,target_matched_02,AGC_172,Local04D,5.19,4.509709541802816,0.6802904581971845,0.4627951075141352,0.6802904581971845,high,3.0,4.708,Local04D
target_matched,target_matched_02,AGC_193,Local04D,4.57,3.9546809341818254,0.6153190658181749,0.3786175527593514,0.6153190658181749,center,3.0,4.708,Local04D
target_matched,target_matched_02,AGC_194,Local04D,3.2,2.975997986711389,0.22400201328861113,0.05017690195735112,0.22400201328861113,center,3.0,4.708,Local04D
target_matched,target_matched_03,AGC_002,Local04D,4.63,4.447209876144299,0.1827901238557006,0.03341222937918236,0.1827901238557006,center,3.0,4.708,Local04D
target_matched,target_matched_03,AGC_004,Local04D,3.0,2.963837954630663,0.036162045369337203,0.0013076935252940023,0.036162045369337203,low,3.0,4.708,Local04D
target_matched,target_matched_03,AGC_006,Local04D,4.49,4.6442315876917615,-0.15423158769176126,0.023787382641921446,0.15423158769176126,center,3.0,4.708,Local04D
target_matched,target_matched_03,AGC_007,Local04D,3.5,3.1733514951648347,0.3266485048351653,0.106699245711049,0.3266485048351653,center,3.0,4.708,Local04D
target_matched,target_matched_03,AGC_010,Local04D,4.1,4.378580264032877,-0.27858026403287717,0.07760696350862756,0.27858026403287717,center,3.0,4.708,Local04D
target_matched,target_matched_03,AGC_013,Local04D,4.01,4.542851572266404,-0.532851572266404,0.2839307980667788,0.532851572266404,center,3.0,4.708,Local04D
target_matched,target_matched_03,AGC_014,Local04D,4.83,4.3366887410222725,0.49331125897772754,0.24335599823419057,0.49331125897772754,high,3.0,4.708,Local04D
target_matched,target_matched_03,AGC_034,Local04D,2.0,3.17657513228262,-1.1765751322826201,1.384329041905865,1.1765751322826201,low,3.0,4.708,Local04D
target_matched,target_matched_03,AGC_038,Local04D,3.3,3.159459259543455,0.14054074045654463,0.019751699728073842,0.14054074045654463,center,3.0,4.708,Local04D
target_matched,target_matched_03,AGC_051,Local04D,4.45,4.320488374614145,0.12951162538585503,0.01677326111008605,0.12951162538585503,center,3.0,4.708,Local04D
target_matched,target_matched_03,AGC_058,Local04D,2.5,3.0842784703567148,-0.5842784703567148,0.34138133092238243,0.5842784703567148,low,3.0,4.708,Local04D
target_matched,target_matched_03,AGC_059,Local04D,4.41,4.483912273071149,-0.07391227307114878,0.005463024110544066,0.07391227307114878,center,3.0,4.708,Local04D
target_matched,target_matched_03,AGC_064,Local04D,4.51,4.58255680972613,-0.07255680972613021,0.005264490637633863,0.07255680972613021,center,3.0,4.708,Local04D
target_matched,target_matched_03,AGC_068,Local04D,2.5,2.9167602152854992,-0.4167602152854992,0.17368907704481565,0.4167602152854992,low,3.0,4.708,Local04D
target_matched,target_matched_03,AGC_070,Local04D,3.3,3.1581436002700194,0.14185639972998043,0.020123238144351994,0.14185639972998043,center,3.0,4.708,Local04D
target_matched,target_matched_03,AGC_079,Local04D,3.3,3.265753890336515,0.03424610966348496,0.0011727960270834377,0.03424610966348496,center,3.0,4.708,Local04D
target_matched,target_matched_03,AGC_092,Local04D,4.57,4.46533106418719,0.10466893581281056,0.010955586124186257,0.10466893581281056,center,3.0,4.708,Local04D
target_matched,target_matched_03,AGC_099,Local04D,3.5,3.0019427444862608,0.49805725551373925,0.24806102976987815,0.49805725551373925,center,3.0,4.708,Local04D
target_matched,target_matched_03,AGC_100,Local04D,4.5,4.362109723149718,0.13789027685028188,0.019013728449847382,0.13789027685028188,center,3.0,4.708,Local04D
target_matched,target_matched_03,AGC_102,Local04D,4.4,4.498312673533482,-0.09831267353348139,0.009665381777300891,0.09831267353348139,center,3.0,4.708,Local04D
target_matched,target_matched_03,AGC_103,Local04D,3.0,3.0086543924820024,-0.008654392482002393,7.489850923253955e-05,0.008654392482002393,low,3.0,4.708,Local04D
target_matched,target_matched_03,AGC_104,Local04D,4.56,4.399710797825328,0.16028920217467135,0.025692628333792666,0.16028920217467135,center,3.0,4.708,Local04D
target_matched,target_matched_03,AGC_106,Local04D,4.43,4.253916518994068,0.1760834810059313,0.031005392283166167,0.1760834810059313,center,3.0,4.708,Local04D
target_matched,target_matched_03,AGC_114,Local04D,3.0,2.9885703627960423,0.011429637203957732,0.00013063660661409473,0.011429637203957732,low,3.0,4.708,Local04D
target_matched,target_matched_03,AGC_117,Local04D,3.5,3.200153410652802,0.2998465893471982,0.08990797714314731,0.2998465893471982,center,3.0,4.708,Local04D
target_matched,target_matched_03,AGC_122,Local04D,3.5,2.836238721267462,0.663761278732538,0.44057903514465396,0.663761278732538,center,3.0,4.708,Local04D
target_matched,target_matched_03,AGC_124,Local04D,5.05,4.335471150029435,0.7145288499705647,0.5105514774402576,0.7145288499705647,high,3.0,4.708,Local04D
target_matched,target_matched_03,AGC_125,Local04D,4.06,4.296005482699354,-0.23600548269935473,0.05569858786415542,0.23600548269935473,center,3.0,4.708,Local04D
target_matched,target_matched_03,AGC_127,Local04D,5.57,4.51699024338448,1.0530097566155199,1.1088295475274763,1.0530097566155199,high,3.0,4.708,Local04D
target_matched,target_matched_03,AGC_131,Local04D,4.89,4.551002848548595,0.3389971514514043,0.11491906869216634,0.3389971514514043,high,3.0,4.708,Local04D
target_matched,target_matched_03,AGC_144,Local04D,2.5,3.00252234072329,-0.5025223407232899,0.2525287029260143,0.5025223407232899,low,3.0,4.708,Local04D
target_matched,target_matched_03,AGC_145,Local04D,3.5,2.802860763210208,0.6971392367897922,0.48600311547185393,0.6971392367897922,center,3.0,4.708,Local04D
target_matched,target_matched_03,AGC_157,Local04D,3.0,3.180076815427926,-0.1800768154279262,0.032427659454663395,0.1800768154279262,low,3.0,4.708,Local04D
target_matched,target_matched_03,AGC_165,Local04D,4.44,4.5531300070901,-0.11313000709010002,0.01279839850420608,0.11313000709010002,center,3.0,4.708,Local04D
target_matched,target_matched_03,AGC_167,Local04D,4.54,4.479462854414787,0.06053714558521328,0.003664745995605308,0.06053714558521328,center,3.0,4.708,Local04D
target_matched,target_matched_03,AGC_171,Local04D,2.15,4.246271278469744,-2.0962712784697444,4.394353272937177,2.0962712784697444,low,3.0,4.708,Local04D
target_matched,target_matched_03,AGC_179,Local04D,4.55,4.372768919281167,0.17723108071883242,0.03141085597276529,0.17723108071883242,center,3.0,4.708,Local04D
target_matched,target_matched_03,AGC_184,Local04D,4.47,4.514033518389592,-0.04403351838959235,0.001938950741766568,0.04403351838959235,center,3.0,4.708,Local04D
target_matched,target_matched_03,AGC_189,Local04D,4.03,4.29811119143832,-0.26811119143831963,0.07188361097447528,0.26811119143831963,center,3.0,4.708,Local04D
target_matched,target_matched_03,AGC_194,Local04D,3.2,2.860191650945056,0.33980834905494417,0.11546971408744677,0.33980834905494417,center,3.0,4.708,Local04D
target_matched,target_matched_03,AGC_195,Local04D,3.68,4.406331225136898,-0.7263312251368981,0.5275570486088673,0.7263312251368981,center,3.0,4.708,Local04D
target_matched,target_matched_04,AGC_001,Local04D,3.5,2.9517790787259486,0.5482209212740514,0.3005461785225697,0.5482209212740514,center,3.0,4.676,Local04D
target_matched,target_matched_04,AGC_004,Local04D,3.0,2.9733194893219124,0.026680510678087632,0.0007118496500435481,0.026680510678087632,low,3.0,4.676,Local04D
target_matched,target_matched_04,AGC_009,Local04D,4.79,4.488593657719358,0.3014063422806421,0.09084578316699558,0.3014063422806421,high,3.0,4.676,Local04D
target_matched,target_matched_04,AGC_026,Local04D,3.55,4.325817135901638,-0.7758171359016384,0.6018922283586212,0.7758171359016384,center,3.0,4.676,Local04D
target_matched,target_matched_04,AGC_038,Local04D,3.3,2.891472376941915,0.408527623058085,0.16689481880148876,0.408527623058085,center,3.0,4.676,Local04D
target_matched,target_matched_04,AGC_044,Local04D,3.5,3.3393126888259594,0.16068731117404056,0.02582041197234294,0.16068731117404056,center,3.0,4.676,Local04D
target_matched,target_matched_04,AGC_053,Local04D,3.5,3.2377130732149904,0.26228692678500964,0.06879443196232501,0.26228692678500964,center,3.0,4.676,Local04D
target_matched,target_matched_04,AGC_056,Local04D,5.07,4.61997777283205,0.45002222716794993,0.20252000494520192,0.45002222716794993,high,3.0,4.676,Local04D
target_matched,target_matched_04,AGC_064,Local04D,4.51,4.460684824660024,0.049315175339975426,0.0024319865188125204,0.049315175339975426,center,3.0,4.676,Local04D
target_matched,target_matched_04,AGC_068,Local04D,2.5,2.945230685577698,-0.4452306855776982,0.19823036337998715,0.4452306855776982,low,3.0,4.676,Local04D
target_matched,target_matched_04,AGC_070,Local04D,3.3,2.9704399047536256,0.3295600952463742,0.10860985637879923,0.3295600952463742,center,3.0,4.676,Local04D
target_matched,target_matched_04,AGC_077,Local04D,4.76,4.426800865011297,0.33319913498870246,0.11102166355721957,0.33319913498870246,high,3.0,4.676,Local04D
target_matched,target_matched_04,AGC_092,Local04D,4.57,4.415591181581261,0.1544088184187391,0.023842083205471144,0.1544088184187391,center,3.0,4.676,Local04D
target_matched,target_matched_04,AGC_098,Local04D,3.0,2.9292143442625878,0.07078565573741225,0.005010609058175443,0.07078565573741225,low,3.0,4.676,Local04D
target_matched,target_matched_04,AGC_101,Local04D,4.57,4.113068327564774,0.4569316724352266,0.2087865532744532,0.4569316724352266,center,3.0,4.676,Local04D
target_matched,target_matched_04,AGC_103,Local04D,3.0,2.998522992473025,0.0014770075269749938,2.181551234740787e-06,0.0014770075269749938,low,3.0,4.676,Local04D
target_matched,target_matched_04,AGC_104,Local04D,4.56,4.438515207538995,0.12148479246100496,0.01475855479929345,0.12148479246100496,center,3.0,4.676,Local04D
target_matched,target_matched_04,AGC_109,Local04D,4.54,4.750789096985633,-0.21078909698563297,0.04443204340801858,0.21078909698563297,center,3.0,4.676,Local04D
target_matched,target_matched_04,AGC_115,Local04D,4.6,4.33755940266861,0.26244059733138947,0.06887506712765651,0.26244059733138947,center,3.0,4.676,Local04D
target_matched,target_matched_04,AGC_119,Local04D,4.4,4.458279523249165,-0.05827952324916463,0.003396502830149921,0.05827952324916463,center,3.0,4.676,Local04D
target_matched,target_matched_04,AGC_122,Local04D,3.5,2.806199482646429,0.6938005173535711,0.4813591578800829,0.6938005173535711,center,3.0,4.676,Local04D
target_matched,target_matched_04,AGC_124,Local04D,5.05,4.408389382778068,0.6416106172219322,0.41166418413190886,0.6416106172219322,high,3.0,4.676,Local04D
target_matched,target_matched_04,AGC_131,Local04D,4.89,4.429738803458966,0.46026119654103326,0.21184036904138365,0.46026119654103326,high,3.0,4.676,Local04D
target_matched,target_matched_04,AGC_134,Local04D,4.52,4.286662719077371,0.23333728092262884,0.05444628666836581,0.23333728092262884,center,3.0,4.676,Local04D
target_matched,target_matched_04,AGC_138,Local04D,2.5,3.1182687894697354,-0.6182687894697354,0.382256296032372,0.6182687894697354,low,3.0,4.676,Local04D
target_matched,target_matched_04,AGC_144,Local04D,2.5,2.978818707371956,-0.4788187073719561,0.2292673545293509,0.4788187073719561,low,3.0,4.676,Local04D
target_matched,target_matched_04,AGC_145,Local04D,3.5,2.770995336246838,0.729004663753162,0.5314477997738608,0.729004663753162,center,3.0,4.676,Local04D
target_matched,target_matched_04,AGC_146,Local04D,4.58,4.483714176438471,0.09628582356152915,0.009270959818921922,0.09628582356152915,center,3.0,4.676,Local04D
target_matched,target_matched_04,AGC_150,Local04D,4.52,4.436827524488124,0.08317247551187545,0.006917660682773522,0.08317247551187545,center,3.0,4.676,Local04D
target_matched,target_matched_04,AGC_152,Local04D,4.87,4.519114758101176,0.3508852418988244,0.12312045298239653,0.3508852418988244,high,3.0,4.676,Local04D
target_matched,target_matched_04,AGC_155,Local04D,4.52,4.642746636966128,-0.12274663696612809,0.015066736886494443,0.12274663696612809,center,3.0,4.676,Local04D
target_matched,target_matched_04,AGC_157,Local04D,3.0,3.193330462920025,-0.19333046292002498,0.037376667892871154,0.19333046292002498,low,3.0,4.676,Local04D
target_matched,target_matched_04,AGC_159,Local04D,4.77,4.569618319743225,0.2003816802567746,0.04015281778252826,0.2003816802567746,high,3.0,4.676,Local04D
target_matched,target_matched_04,AGC_165,Local04D,4.44,4.355432982685237,0.08456701731476368,0.007151580417515541,0.08456701731476368,center,3.0,4.676,Local04D
target_matched,target_matched_04,AGC_172,Local04D,5.19,4.526004721724259,0.663995278275741,0.44088972957247874,0.663995278275741,high,3.0,4.676,Local04D
target_matched,target_matched_04,AGC_176,Local04D,4.38,4.488456541235324,-0.10845654123532444,0.011762821336729632,0.10845654123532444,center,3.0,4.676,Local04D
target_matched,target_matched_04,AGC_181,Local04D,4.51,4.355016370125276,0.15498362987472358,0.024019925529145312,0.15498362987472358,center,3.0,4.676,Local04D
target_matched,target_matched_04,AGC_185,Local04D,5.01,4.220566136090513,0.7894338639094869,0.6232058254870623,0.7894338639094869,high,3.0,4.676,Local04D
target_matched,target_matched_04,AGC_189,Local04D,4.03,4.221825547945928,-0.19182554794592743,0.036797040844755304,0.19182554794592743,center,3.0,4.676,Local04D
target_matched,target_matched_04,AGC_194,Local04D,3.2,2.6983088736030303,0.5016911263969699,0.2516939863054604,0.5016911263969699,center,3.0,4.676,Local04D
target_matched,target_matched_04,AGC_197,Local04D,4.52,4.231201187790235,0.2887988122097642,0.08340475393377066,0.2887988122097642,center,3.0,4.676,Local04D
target_matched,target_matched_05,AGC_002,Local04D,4.63,4.483216953146811,0.146783046853189,0.021545262843505476,0.146783046853189,center,3.0,4.766,Local04D
target_matched,target_matched_05,AGC_009,Local04D,4.79,4.653742791590141,0.13625720840985878,0.01856602684364769,0.13625720840985878,high,3.0,4.766,Local04D
target_matched,target_matched_05,AGC_010,Local04D,4.1,4.407878760244543,-0.3078787602445434,0.09478933100971705,0.3078787602445434,center,3.0,4.766,Local04D
target_matched,target_matched_05,AGC_013,Local04D,4.01,4.507937394076356,-0.49793739407635584,0.2479416484195521,0.49793739407635584,center,3.0,4.766,Local04D
target_matched,target_matched_05,AGC_053,Local04D,3.5,3.2887004331688026,0.21129956683119744,0.044647506943051675,0.21129956683119744,center,3.0,4.766,Local04D
target_matched,target_matched_05,AGC_058,Local04D,2.5,3.1407740185746995,-0.6407740185746995,0.41059134288036936,0.6407740185746995,low,3.0,4.766,Local04D
target_matched,target_matched_05,AGC_062,Local04D,3.81,4.4820766133927,-0.6720766133927003,0.45168697426940113,0.6720766133927003,center,3.0,4.766,Local04D
target_matched,target_matched_05,AGC_064,Local04D,4.51,4.641724037300623,-0.1317240373006232,0.017351222002775973,0.1317240373006232,center,3.0,4.766,Local04D
target_matched,target_matched_05,AGC_067,Local04D,3.0,3.168152560620241,-0.16815256062024098,0.028275283643143818,0.16815256062024098,low,3.0,4.766,Local04D
target_matched,target_matched_05,AGC_068,Local04D,2.5,2.9793970113456094,-0.4793970113456094,0.22982149448710237,0.4793970113456094,low,3.0,4.766,Local04D
target_matched,target_matched_05,AGC_070,Local04D,3.3,3.1308079419768013,0.16919205802319848,0.02862595249812536,0.16919205802319848,center,3.0,4.766,Local04D
target_matched,target_matched_05,AGC_072,Local04D,4.55,4.607728447603813,-0.05772844760381357,0.0033325736627462486,0.05772844760381357,center,3.0,4.766,Local04D
target_matched,target_matched_05,AGC_079,Local04D,3.3,2.9987898603252385,0.3012101396747613,0.0907275482428892,0.3012101396747613,center,3.0,4.766,Local04D
target_matched,target_matched_05,AGC_098,Local04D,3.0,3.091422161708784,-0.09142216170878381,0.008358011651507017,0.09142216170878381,low,3.0,4.766,Local04D
target_matched,target_matched_05,AGC_100,Local04D,4.5,4.398366775551328,0.10163322444867173,0.010329312311834085,0.10163322444867173,center,3.0,4.766,Local04D
target_matched,target_matched_05,AGC_102,Local04D,4.4,4.502228817987623,-0.10222881798762273,0.010450731227146497,0.10222881798762273,center,3.0,4.766,Local04D
target_matched,target_matched_05,AGC_106,Local04D,4.43,4.352702810594645,0.07729718940535513,0.005974855489967345,0.07729718940535513,center,3.0,4.766,Local04D
target_matched,target_matched_05,AGC_110,Local04D,4.18,4.395734619301221,-0.2157346193012213,0.04654142596504288,0.2157346193012213,center,3.0,4.766,Local04D
target_matched,target_matched_05,AGC_111,Local04D,4.72,4.534482831852208,0.18551716814779162,0.03441661967757599,0.18551716814779162,center,3.0,4.766,Local04D
target_matched,target_matched_05,AGC_114,Local04D,3.0,3.0685685136915715,-0.06856851369157146,0.004701641069871224,0.06856851369157146,low,3.0,4.766,Local04D
target_matched,target_matched_05,AGC_119,Local04D,4.4,4.625856979905136,-0.22585697990513598,0.051011375371869,0.22585697990513598,center,3.0,4.766,Local04D
target_matched,target_matched_05,AGC_122,Local04D,3.5,2.9895539716305635,0.5104460283694365,0.2605551478781316,0.5104460283694365,center,3.0,4.766,Local04D
target_matched,target_matched_05,AGC_123,Local04D,2.5,3.047938211943969,-0.5479382119439689,0.30023628410835373,0.5479382119439689,low,3.0,4.766,Local04D
target_matched,target_matched_05,AGC_125,Local04D,4.06,4.465428040243253,-0.40542804024325374,0.16437189581548536,0.40542804024325374,center,3.0,4.766,Local04D
target_matched,target_matched_05,AGC_131,Local04D,4.89,4.549611577295249,0.3403884227047511,0.11586427831142833,0.3403884227047511,high,3.0,4.766,Local04D
target_matched,target_matched_05,AGC_134,Local04D,4.52,4.461097475411714,0.05890252458828549,0.0034695074028735767,0.05890252458828549,center,3.0,4.766,Local04D
target_matched,target_matched_05,AGC_138,Local04D,2.5,3.1866615928096085,-0.6866615928096085,0.47150414303982857,0.6866615928096085,low,3.0,4.766,Local04D
target_matched,target_matched_05,AGC_140,Local04D,3.2,3.3092009782735508,-0.10920097827355058,0.011924853655900465,0.10920097827355058,center,3.0,4.766,Local04D
target_matched,target_matched_05,AGC_144,Local04D,2.5,3.064260968381173,-0.564260968381173,0.31839044043845915,0.564260968381173,low,3.0,4.766,Local04D
target_matched,target_matched_05,AGC_145,Local04D,3.5,3.0391744412891155,0.4608255587108845,0.21236019556119884,0.4608255587108845,center,3.0,4.766,Local04D
target_matched,target_matched_05,AGC_160,Local04D,3.62,4.706146017037272,-1.0861460170372723,1.1797131703259307,1.0861460170372723,center,3.0,4.766,Local04D
target_matched,target_matched_05,AGC_161,Local04D,4.46,4.724776213369538,-0.2647762133695384,0.07010644316631132,0.2647762133695384,center,3.0,4.766,Local04D
target_matched,target_matched_05,AGC_167,Local04D,4.54,4.55049380535863,-0.01049380535862987,0.00011011995090480899,0.01049380535862987,center,3.0,4.766,Local04D
target_matched,target_matched_05,AGC_168,Local04D,4.49,4.499140389943064,-0.009140389943063987,8.354672831126528e-05,0.009140389943063987,center,3.0,4.766,Local04D
target_matched,target_matched_05,AGC_170,Local04D,3.0,3.0504909698127007,-0.05049096981270074,0.0025493380326270573,0.05049096981270074,low,3.0,4.766,Local04D
target_matched,target_matched_05,AGC_171,Local04D,2.15,4.278521418635984,-2.128521418635984,4.5306034295921425,2.128521418635984,low,3.0,4.766,Local04D
target_matched,target_matched_05,AGC_178,Local04D,4.39,4.4125751881392175,-0.022575188139217772,0.0005096391195210788,0.022575188139217772,center,3.0,4.766,Local04D
target_matched,target_matched_05,AGC_180,Local04D,4.14,4.455459927773812,-0.31545992777381215,0.09951496603105878,0.31545992777381215,center,3.0,4.766,Local04D
target_matched,target_matched_05,AGC_184,Local04D,4.47,4.544568282121416,-0.0745682821214162,0.005560428698539118,0.0745682821214162,center,3.0,4.766,Local04D
target_matched,target_matched_05,AGC_189,Local04D,4.03,4.40559725609223,-0.37559725609223005,0.14107329878401223,0.37559725609223005,center,3.0,4.766,Local04D
target_matched,target_matched_05,AGC_197,Local04D,4.52,4.465214516908764,0.05478548309123532,0.003001449157540031,0.05478548309123532,center,3.0,4.766,Local04D
target_matched,target_matched_06,AGC_002,Local04D,4.63,4.429924254454533,0.20007574554546714,0.04003030395557452,0.20007574554546714,center,3.0,4.69,Local04D
target_matched,target_matched_06,AGC_004,Local04D,3.0,2.9561928777421222,0.04380712225787775,0.0019190639605166484,0.04380712225787775,low,3.0,4.69,Local04D
target_matched,target_matched_06,AGC_005,Local04D,5.16,4.575825952306861,0.5841740476931392,0.34125931799818604,0.5841740476931392,high,3.0,4.69,Local04D
target_matched,target_matched_06,AGC_010,Local04D,4.1,4.410585001690415,-0.3105850016904155,0.09646304327503538,0.3105850016904155,center,3.0,4.69,Local04D
target_matched,target_matched_06,AGC_034,Local04D,2.0,3.197707182968776,-1.197707182968776,1.434502496135001,1.197707182968776,low,3.0,4.69,Local04D
target_matched,target_matched_06,AGC_037,Local04D,3.5,3.006519410099381,0.49348058990061894,0.24352309260866284,0.49348058990061894,center,3.0,4.69,Local04D
target_matched,target_matched_06,AGC_038,Local04D,3.3,3.185389140703425,0.11461085929657466,0.013135649068699235,0.11461085929657466,center,3.0,4.69,Local04D
target_matched,target_matched_06,AGC_046,Local04D,3.0,3.089541369167274,-0.08954136916727418,0.008017656792350078,0.08954136916727418,low,3.0,4.69,Local04D
target_matched,target_matched_06,AGC_054,Local04D,2.5,3.018325656768229,-0.5183256567682291,0.268661486464216,0.5183256567682291,low,3.0,4.69,Local04D
target_matched,target_matched_06,AGC_058,Local04D,2.5,3.033645613275847,-0.5336456132758469,0.28477764056855476,0.5336456132758469,low,3.0,4.69,Local04D
target_matched,target_matched_06,AGC_064,Local04D,4.51,4.50263939898328,0.007360601016720203,5.417844732734249e-05,0.007360601016720203,center,3.0,4.69,Local04D
target_matched,target_matched_06,AGC_066,Local04D,3.0,2.954049368555787,0.04595063144421285,0.002111460530121883,0.04595063144421285,low,3.0,4.69,Local04D
target_matched,target_matched_06,AGC_070,Local04D,3.3,3.190428063411415,0.10957193658858477,0.012006009287772842,0.10957193658858477,center,3.0,4.69,Local04D
target_matched,target_matched_06,AGC_073,Local04D,4.3,4.403355854713129,-0.10335585471312925,0.010682432703481482,0.10335585471312925,center,3.0,4.69,Local04D
target_matched,target_matched_06,AGC_079,Local04D,3.3,3.292532939670501,0.0074670603294988425,5.575698996437536e-05,0.0074670603294988425,center,3.0,4.69,Local04D
target_matched,target_matched_06,AGC_089,Local04D,3.0,3.1422261314280986,-0.1422261314280986,0.020228272461002773,0.1422261314280986,low,3.0,4.69,Local04D
target_matched,target_matched_06,AGC_090,Local04D,4.68,4.368756454743823,0.31124354525617637,0.09687254446363351,0.31124354525617637,center,3.0,4.69,Local04D
target_matched,target_matched_06,AGC_096,Local04D,4.59,4.243617358318224,0.34638264168177546,0.11998093445844525,0.34638264168177546,center,3.0,4.69,Local04D
target_matched,target_matched_06,AGC_100,Local04D,4.5,4.277414587250367,0.22258541274963317,0.04954426596892456,0.22258541274963317,center,3.0,4.69,Local04D
target_matched,target_matched_06,AGC_103,Local04D,3.0,3.0243578848987847,-0.024357884898784654,0.0005933065567424415,0.024357884898784654,low,3.0,4.69,Local04D
target_matched,target_matched_06,AGC_104,Local04D,4.56,4.303432991957945,0.25656700804205457,0.0658266296156517,0.25656700804205457,center,3.0,4.69,Local04D
target_matched,target_matched_06,AGC_109,Local04D,4.54,4.783275491166918,-0.24327549116691838,0.059182964602505383,0.24327549116691838,center,3.0,4.69,Local04D
target_matched,target_matched_06,AGC_112,Local04D,3.0,2.8065674932587323,0.19343250674126766,0.03741613466421056,0.19343250674126766,low,3.0,4.69,Local04D
target_matched,target_matched_06,AGC_117,Local04D,3.5,3.203381232570085,0.2966187674299152,0.08798269319164213,0.2966187674299152,center,3.0,4.69,Local04D
target_matched,target_matched_06,AGC_122,Local04D,3.5,2.970533533892018,0.5294664661079822,0.28033473873287507,0.5294664661079822,center,3.0,4.69,Local04D
target_matched,target_matched_06,AGC_125,Local04D,4.06,4.38028621262148,-0.3202862126214807,0.10258325799541235,0.3202862126214807,center,3.0,4.69,Local04D
target_matched,target_matched_06,AGC_127,Local04D,5.57,4.500421920986888,1.0695780790131124,1.1439972671053797,1.0695780790131124,high,3.0,4.69,Local04D
target_matched,target_matched_06,AGC_131,Local04D,4.89,4.467109606269507,0.4228903937304924,0.1788362851095309,0.4228903937304924,high,3.0,4.69,Local04D
target_matched,target_matched_06,AGC_134,Local04D,4.52,4.443198814316719,0.07680118568328087,0.005898422122357787,0.07680118568328087,center,3.0,4.69,Local04D
target_matched,target_matched_06,AGC_135,Local04D,4.49,4.676674777424611,-0.18667477742461092,0.03484747252652803,0.18667477742461092,center,3.0,4.69,Local04D
target_matched,target_matched_06,AGC_144,Local04D,2.5,3.04826996838645,-0.54826996838645,0.30059995823447894,0.54826996838645,low,3.0,4.69,Local04D
target_matched,target_matched_06,AGC_150,Local04D,4.52,4.301100893667623,0.2188991063323762,0.04791681875311294,0.2188991063323762,center,3.0,4.69,Local04D
target_matched,target_matched_06,AGC_152,Local04D,4.87,4.540856382475012,0.3291436175249878,0.10833552095743544,0.3291436175249878,high,3.0,4.69,Local04D
target_matched,target_matched_06,AGC_160,Local04D,3.62,4.667675115379578,-1.0476751153795778,1.0976231473856117,1.0476751153795778,center,3.0,4.69,Local04D
target_matched,target_matched_06,AGC_161,Local04D,4.46,4.711228809330909,-0.2512288093309092,0.06311591463782633,0.2512288093309092,center,3.0,4.69,Local04D
target_matched,target_matched_06,AGC_172,Local04D,5.19,4.528226286513429,0.6617737134865713,0.4379444478618066,0.6617737134865713,high,3.0,4.69,Local04D
target_matched,target_matched_06,AGC_180,Local04D,4.14,4.431711780790747,-0.291711780790747,0.08509576305210884,0.291711780790747,center,3.0,4.69,Local04D
target_matched,target_matched_06,AGC_189,Local04D,4.03,4.297485232356737,-0.26748523235673716,0.07154834952893767,0.26748523235673716,center,3.0,4.69,Local04D
target_matched,target_matched_06,AGC_194,Local04D,3.2,2.884272476842304,0.31572752315769614,0.09968386887929355,0.31572752315769614,center,3.0,4.69,Local04D
target_matched,target_matched_06,AGC_195,Local04D,3.68,4.375334760014235,-0.695334760014235,0.48349042848405377,0.695334760014235,center,3.0,4.69,Local04D
target_matched,target_matched_06,AGC_197,Local04D,4.52,4.275826170258172,0.24417382974182722,0.05962085913079083,0.24417382974182722,center,3.0,4.69,Local04D
target_matched,target_matched_07,AGC_001,Local04D,3.5,2.968603038162779,0.531396961837221,0.28238273104982886,0.531396961837221,center,3.0,4.676,Local04D
target_matched,target_matched_07,AGC_004,Local04D,3.0,2.9720079081589166,0.027992091841083422,0.0007835572056396491,0.027992091841083422,low,3.0,4.676,Local04D
target_matched,target_matched_07,AGC_006,Local04D,4.49,4.606624156590282,-0.11662415659028191,0.013601193900394597,0.11662415659028191,center,3.0,4.676,Local04D
target_matched,target_matched_07,AGC_009,Local04D,4.79,4.455426593301356,0.3345734066986443,0.11193936446993646,0.3345734066986443,high,3.0,4.676,Local04D
target_matched,target_matched_07,AGC_010,Local04D,4.1,4.326119563881156,-0.22611956388115662,0.05113005716980447,0.22611956388115662,center,3.0,4.676,Local04D
target_matched,target_matched_07,AGC_012,Local04D,4.69,4.7450050012381615,-0.0550050012381611,0.003025550161210104,0.0550050012381611,high,3.0,4.676,Local04D
target_matched,target_matched_07,AGC_013,Local04D,4.01,4.549910663787243,-0.5399106637872428,0.2915035248711812,0.5399106637872428,center,3.0,4.676,Local04D
target_matched,target_matched_07,AGC_014,Local04D,4.83,4.340530939246725,0.489469060753275,0.23957996143469323,0.489469060753275,high,3.0,4.676,Local04D
target_matched,target_matched_07,AGC_034,Local04D,2.0,3.2686085614614484,-1.2686085614614484,1.6093676822132854,1.2686085614614484,low,3.0,4.676,Local04D
target_matched,target_matched_07,AGC_037,Local04D,3.5,2.950931447504153,0.549068552495847,0.30147627533988464,0.549068552495847,center,3.0,4.676,Local04D
target_matched,target_matched_07,AGC_038,Local04D,3.3,3.259922277152502,0.040077722847498,0.0016062238686408632,0.040077722847498,center,3.0,4.676,Local04D
target_matched,target_matched_07,AGC_053,Local04D,3.5,2.9738719271890632,0.5261280728109368,0.2768107489997504,0.5261280728109368,center,3.0,4.676,Local04D
target_matched,target_matched_07,AGC_055,Local04D,5.45,4.598477038382532,0.8515229616174684,0.7250913541617846,0.8515229616174684,high,3.0,4.676,Local04D
target_matched,target_matched_07,AGC_056,Local04D,5.07,4.564650681019156,0.5053493189808442,0.2553779341944031,0.5053493189808442,high,3.0,4.676,Local04D
target_matched,target_matched_07,AGC_058,Local04D,2.5,2.958774648340718,-0.458774648340718,0.21047417796014947,0.458774648340718,low,3.0,4.676,Local04D
target_matched,target_matched_07,AGC_064,Local04D,4.51,4.514841497911924,-0.004841497911924009,2.3440102031164536e-05,0.004841497911924009,center,3.0,4.676,Local04D
target_matched,target_matched_07,AGC_079,Local04D,3.3,3.3046528571235507,-0.004652857123550902,2.1649079412178374e-05,0.004652857123550902,center,3.0,4.676,Local04D
target_matched,target_matched_07,AGC_080,Local04D,3.5,3.3996836293791945,0.10031637062080545,0.0100633742145308,0.10031637062080545,center,3.0,4.676,Local04D
target_matched,target_matched_07,AGC_090,Local04D,4.68,4.459906794501363,0.2200932054986371,0.048441019106665296,0.2200932054986371,high,3.0,4.676,Local04D
target_matched,target_matched_07,AGC_101,Local04D,4.57,4.387504734209037,0.18249526579096287,0.033304522036114184,0.18249526579096287,center,3.0,4.676,Local04D
target_matched,target_matched_07,AGC_106,Local04D,4.43,4.309013191042963,0.12098680895703673,0.014637807941606502,0.12098680895703673,center,3.0,4.676,Local04D
target_matched,target_matched_07,AGC_110,Local04D,4.18,4.3349347910406575,-0.15493479104065777,0.02400478947481229,0.15493479104065777,center,3.0,4.676,Local04D
target_matched,target_matched_07,AGC_112,Local04D,3.0,2.906507087889732,0.09349291211026811,0.008740924614858318,0.09349291211026811,low,3.0,4.676,Local04D
target_matched,target_matched_07,AGC_117,Local04D,3.5,2.943536597110169,0.5564634028898312,0.3096515187557306,0.5564634028898312,center,3.0,4.676,Local04D
target_matched,target_matched_07,AGC_122,Local04D,3.5,2.908113461303646,0.5918865386963539,0.3503296746899504,0.5918865386963539,center,3.0,4.676,Local04D
target_matched,target_matched_07,AGC_125,Local04D,4.06,4.2953932396525545,-0.23539323965255488,0.05540997727412513,0.23539323965255488,center,3.0,4.676,Local04D
target_matched,target_matched_07,AGC_131,Local04D,4.89,4.511995118074134,0.37800488192586545,0.1428876907597875,0.37800488192586545,high,3.0,4.676,Local04D
target_matched,target_matched_07,AGC_134,Local04D,4.52,4.418990987021633,0.10100901297836629,0.010202820702863769,0.10100901297836629,center,3.0,4.676,Local04D
target_matched,target_matched_07,AGC_138,Local04D,2.5,3.038573042122386,-0.538573042122386,0.29006092170096137,0.538573042122386,low,3.0,4.676,Local04D
target_matched,target_matched_07,AGC_152,Local04D,4.87,4.537798851495923,0.332201148504077,0.11035760306742783,0.332201148504077,high,3.0,4.676,Local04D
target_matched,target_matched_07,AGC_157,Local04D,3.0,3.176392356250441,-0.17639235625044103,0.031114263343582502,0.17639235625044103,low,3.0,4.676,Local04D
target_matched,target_matched_07,AGC_162,Local04D,5.59,4.726471965485456,0.8635280345145437,0.745680666392551,0.8635280345145437,high,3.0,4.676,Local04D
target_matched,target_matched_07,AGC_165,Local04D,4.44,4.476910659576793,-0.03691065957679296,0.0013623967903938978,0.03691065957679296,center,3.0,4.676,Local04D
target_matched,target_matched_07,AGC_166,Local04D,2.5,2.9972438260785927,-0.49724382607859274,0.24725142257327778,0.49724382607859274,low,3.0,4.676,Local04D
target_matched,target_matched_07,AGC_167,Local04D,4.54,4.48482740501945,0.05517259498054994,0.0030440152368878043,0.05517259498054994,center,3.0,4.676,Local04D
target_matched,target_matched_07,AGC_168,Local04D,4.49,4.45440587033374,0.03559412966626052,0.0012669420666985673,0.03559412966626052,center,3.0,4.676,Local04D
target_matched,target_matched_07,AGC_169,Local04D,2.5,2.903463705039937,-0.403463705039937,0.1627829612845533,0.403463705039937,low,3.0,4.676,Local04D
target_matched,target_matched_07,AGC_171,Local04D,2.15,4.232052125423597,-2.0820521254235973,4.334941052980919,2.0820521254235973,low,3.0,4.676,Local04D
target_matched,target_matched_07,AGC_178,Local04D,4.39,4.425627717221454,-0.035627717221454525,0.0012693342344119274,0.035627717221454525,center,3.0,4.676,Local04D
target_matched,target_matched_07,AGC_180,Local04D,4.14,4.427655583346613,-0.2876555833466137,0.0827457346304806,0.2876555833466137,center,3.0,4.676,Local04D
target_matched,target_matched_07,AGC_189,Local04D,4.03,4.290718349901531,-0.26071834990153064,0.06797405797537696,0.26071834990153064,center,3.0,4.676,Local04D
target_matched,target_matched_08,AGC_001,Local04D,3.5,2.982050236369317,0.5179497636306829,0.2682719576450803,0.5179497636306829,center,3.0,4.708,Local04D
target_matched,target_matched_08,AGC_008,Local04D,4.55,4.168591460832247,0.38140853916775264,0.1454724737500791,0.38140853916775264,center,3.0,4.708,Local04D
target_matched,target_matched_08,AGC_009,Local04D,4.79,4.597458850577159,0.19254114942284062,0.037072094221068636,0.19254114942284062,high,3.0,4.708,Local04D
target_matched,target_matched_08,AGC_022,Local04D,4.55,4.365289255280527,0.18471074471947269,0.03411805921482221,0.18471074471947269,center,3.0,4.708,Local04D
target_matched,target_matched_08,AGC_024,Local04D,3.03,3.979653838930339,-0.9496538389303391,0.9018424137951303,0.9496538389303391,center,3.0,4.708,Local04D
target_matched,target_matched_08,AGC_026,Local04D,3.55,4.443477293438336,-0.8934772934383366,0.7983016738898955,0.8934772934383366,center,3.0,4.708,Local04D
target_matched,target_matched_08,AGC_032,Local04D,4.03,4.54131161980986,-0.5113116198098595,0.2614395725525823,0.5113116198098595,center,3.0,4.708,Local04D
target_matched,target_matched_08,AGC_045,Local04D,4.1,4.490247720872534,-0.39024772087253456,0.15229328364620764,0.39024772087253456,center,3.0,4.708,Local04D
target_matched,target_matched_08,AGC_053,Local04D,3.5,3.2610234771391244,0.23897652286087556,0.05710977847867458,0.23897652286087556,center,3.0,4.708,Local04D
target_matched,target_matched_08,AGC_058,Local04D,2.5,3.1087728525834364,-0.6087728525834364,0.3706043860425744,0.6087728525834364,low,3.0,4.708,Local04D
target_matched,target_matched_08,AGC_064,Local04D,4.51,4.569650762531102,-0.0596507625311018,0.003558213470541898,0.0596507625311018,center,3.0,4.708,Local04D
target_matched,target_matched_08,AGC_066,Local04D,3.0,2.9803564513354006,0.019643548664599386,0.0003858690041384843,0.019643548664599386,low,3.0,4.708,Local04D
target_matched,target_matched_08,AGC_068,Local04D,2.5,2.9320563604440117,-0.43205636044401174,0.1866726986001258,0.43205636044401174,low,3.0,4.708,Local04D
target_matched,target_matched_08,AGC_070,Local04D,3.3,3.158554013165121,0.14144598683487875,0.02000696719169269,0.14144598683487875,center,3.0,4.708,Local04D
target_matched,target_matched_08,AGC_080,Local04D,3.5,3.326458471179296,0.17354152882070384,0.030116662225427183,0.17354152882070384,center,3.0,4.708,Local04D
target_matched,target_matched_08,AGC_099,Local04D,3.5,3.0966148682579613,0.4033851317420387,0.16271956451054193,0.4033851317420387,center,3.0,4.708,Local04D
target_matched,target_matched_08,AGC_101,Local04D,4.57,4.326408565986148,0.24359143401385186,0.05933678672492475,0.24359143401385186,center,3.0,4.708,Local04D
target_matched,target_matched_08,AGC_103,Local04D,3.0,2.99015531181681,0.009844688183190176,9.691788542424428e-05,0.009844688183190176,low,3.0,4.708,Local04D
target_matched,target_matched_08,AGC_105,Local04D,4.41,4.476619013929517,-0.0666190139295173,0.00443809301694122,0.0666190139295173,center,3.0,4.708,Local04D
target_matched,target_matched_08,AGC_106,Local04D,4.43,4.2536501270734455,0.17634987292655424,0.031099277681211828,0.17634987292655424,center,3.0,4.708,Local04D
target_matched,target_matched_08,AGC_109,Local04D,4.54,4.81579252687337,-0.27579252687336986,0.07606151787919843,0.27579252687336986,center,3.0,4.708,Local04D
target_matched,target_matched_08,AGC_110,Local04D,4.18,4.297581247607211,-0.11758124760721156,0.013825349788868393,0.11758124760721156,center,3.0,4.708,Local04D
target_matched,target_matched_08,AGC_114,Local04D,3.0,2.9718329552407954,0.028167044759204618,0.0007933824104670364,0.028167044759204618,low,3.0,4.708,Local04D
target_matched,target_matched_08,AGC_119,Local04D,4.4,4.575852895883607,-0.1758528958836063,0.03092424099065048,0.1758528958836063,center,3.0,4.708,Local04D
target_matched,target_matched_08,AGC_125,Local04D,4.06,4.480329759194712,-0.42032975919471216,0.1766771064646847,0.42032975919471216,center,3.0,4.708,Local04D
target_matched,target_matched_08,AGC_138,Local04D,2.5,3.107971849491684,-0.6079718494916841,0.36962976977433903,0.6079718494916841,low,3.0,4.708,Local04D
target_matched,target_matched_08,AGC_145,Local04D,3.5,2.866196458269658,0.6338035417303418,0.40170692950992515,0.6338035417303418,center,3.0,4.708,Local04D
target_matched,target_matched_08,AGC_146,Local04D,4.58,4.457007484146343,0.12299251585365667,0.015127158956011987,0.12299251585365667,center,3.0,4.708,Local04D
target_matched,target_matched_08,AGC_150,Local04D,4.52,4.52794918086376,-0.007949180863760397,6.318947640477448e-05,0.007949180863760397,center,3.0,4.708,Local04D
target_matched,target_matched_08,AGC_151,Local04D,4.69,4.474308421689257,0.21569157831074381,0.04652285695417973,0.21569157831074381,center,3.0,4.708,Local04D
target_matched,target_matched_08,AGC_152,Local04D,4.87,4.443907178165559,0.4260928218344411,0.18155509281883675,0.4260928218344411,high,3.0,4.708,Local04D
target_matched,target_matched_08,AGC_159,Local04D,4.77,4.6604863913694965,0.10951360863050308,0.011993230475274999,0.10951360863050308,high,3.0,4.708,Local04D
target_matched,target_matched_08,AGC_161,Local04D,4.46,4.711487755592597,-0.2514877555925974,0.06324609121300201,0.2514877555925974,center,3.0,4.708,Local04D
target_matched,target_matched_08,AGC_163,Local04D,3.0,3.0848455927998075,-0.08484559279980752,0.00719877461755075,0.08484559279980752,low,3.0,4.708,Local04D
target_matched,target_matched_08,AGC_164,Local04D,3.0,2.9842802488804736,0.015719751119526393,0.0002471105752598513,0.015719751119526393,low,3.0,4.708,Local04D
target_matched,target_matched_08,AGC_166,Local04D,2.5,2.925719776276816,-0.4257197762768161,0.18123732791318237,0.4257197762768161,low,3.0,4.708,Local04D
target_matched,target_matched_08,AGC_167,Local04D,4.54,4.590552544041147,-0.05055254404114695,0.0025555597090321023,0.05055254404114695,center,3.0,4.708,Local04D
target_matched,target_matched_08,AGC_176,Local04D,4.38,4.601524837446854,-0.2215248374468537,0.049073253605854954,0.2215248374468537,center,3.0,4.708,Local04D
target_matched,target_matched_08,AGC_181,Local04D,4.51,4.55365584806704,-0.043655848067039926,0.0019058330704524737,0.043655848067039926,center,3.0,4.708,Local04D
target_matched,target_matched_08,AGC_185,Local04D,5.01,4.370517977276748,0.6394820227232518,0.40893725738622155,0.6394820227232518,high,3.0,4.708,Local04D
target_matched,target_matched_08,AGC_189,Local04D,4.03,4.371240502449026,-0.3412405024490255,0.11644508051166337,0.3412405024490255,center,3.0,4.708,Local04D
target_matched,target_matched_09,AGC_002,Local04D,4.63,4.487022268186597,0.1429777318134029,0.020442631794505364,0.1429777318134029,center,3.0,4.782,Local04D
target_matched,target_matched_09,AGC_004,Local04D,3.0,3.0031807226527807,-0.0031807226527806876,1.0116996593912214e-05,0.0031807226527806876,low,3.0,4.782,Local04D
target_matched,target_matched_09,AGC_010,Local04D,4.1,4.263397445552944,-0.16339744555294455,0.02669872521322748,0.16339744555294455,center,3.0,4.782,Local04D
target_matched,target_matched_09,AGC_015,Local04D,2.64,4.763538988495512,-2.1235389884955116,4.509417835660541,2.1235389884955116,low,3.0,4.782,Local04D
target_matched,target_matched_09,AGC_017,Local04D,4.98,4.455286875353414,0.5247131246465866,0.2753238631763843,0.5247131246465866,high,3.0,4.782,Local04D
target_matched,target_matched_09,AGC_022,Local04D,4.55,4.310867671278538,0.23913232872146217,0.05718427063974944,0.23913232872146217,center,3.0,4.782,Local04D
target_matched,target_matched_09,AGC_034,Local04D,2.0,3.2459485016537397,-1.2459485016537397,1.552387668773199,1.2459485016537397,low,3.0,4.782,Local04D
target_matched,target_matched_09,AGC_038,Local04D,3.3,3.2717277167052825,0.028272283294717315,0.0007993220026967518,0.028272283294717315,center,3.0,4.782,Local04D
target_matched,target_matched_09,AGC_051,Local04D,4.45,4.340703992723854,0.10929600727614641,0.011945617206507449,0.10929600727614641,center,3.0,4.782,Local04D
target_matched,target_matched_09,AGC_053,Local04D,3.5,3.2427662677849374,0.2572337322150626,0.06616919298929055,0.2572337322150626,center,3.0,4.782,Local04D
target_matched,target_matched_09,AGC_054,Local04D,2.5,3.088319375970394,-0.5883193759703942,0.346119688142194,0.5883193759703942,low,3.0,4.782,Local04D
target_matched,target_matched_09,AGC_058,Local04D,2.5,3.148270808570444,-0.6482708085704441,0.4202550412445773,0.6482708085704441,low,3.0,4.782,Local04D
target_matched,target_matched_09,AGC_064,Local04D,4.51,4.620668015091341,-0.11066801509134105,0.012247409564257291,0.11066801509134105,center,3.0,4.782,Local04D
target_matched,target_matched_09,AGC_066,Local04D,3.0,3.0065130245032297,-0.0065130245032296585,4.241948817966994e-05,0.0065130245032296585,low,3.0,4.782,Local04D
target_matched,target_matched_09,AGC_067,Local04D,3.0,3.2351280427124043,-0.23512804271240428,0.055285196469766214,0.23512804271240428,low,3.0,4.782,Local04D
target_matched,target_matched_09,AGC_068,Local04D,2.5,2.9545992242024197,-0.4545992242024197,0.20666045464544186,0.4545992242024197,low,3.0,4.782,Local04D
target_matched,target_matched_09,AGC_070,Local04D,3.3,3.2892525514781887,0.010747448521811087,0.00011550764972897932,0.010747448521811087,center,3.0,4.782,Local04D
target_matched,target_matched_09,AGC_073,Local04D,4.3,4.100485629481699,0.19951437051830112,0.039805984043313945,0.19951437051830112,center,3.0,4.782,Local04D
target_matched,target_matched_09,AGC_077,Local04D,4.76,4.513874033572966,0.24612596642703366,0.0605779913496413,0.24612596642703366,center,3.0,4.782,Local04D
target_matched,target_matched_09,AGC_078,Local04D,3.0,3.213876107449852,-0.21387610744985208,0.04574298933790067,0.21387610744985208,low,3.0,4.782,Local04D
target_matched,target_matched_09,AGC_092,Local04D,4.57,4.620641509653256,-0.05064150965325531,0.002564562499960751,0.05064150965325531,center,3.0,4.782,Local04D
target_matched,target_matched_09,AGC_097,Local04D,4.69,4.83972164298062,-0.1497216429806194,0.02241657037681606,0.1497216429806194,center,3.0,4.782,Local04D
target_matched,target_matched_09,AGC_098,Local04D,3.0,3.0315621384449165,-0.03156213844491651,0.0009961685832160767,0.03156213844491651,low,3.0,4.782,Local04D
target_matched,target_matched_09,AGC_102,Local04D,4.4,4.40100132443815,-0.0010013244381497088,1.00265063043583e-06,0.0010013244381497088,center,3.0,4.782,Local04D
target_matched,target_matched_09,AGC_104,Local04D,4.56,4.395759926418994,0.16424007358100567,0.02697480176989416,0.16424007358100567,center,3.0,4.782,Local04D
target_matched,target_matched_09,AGC_106,Local04D,4.43,4.178656388782124,0.25134361121787574,0.06317361090004267,0.25134361121787574,center,3.0,4.782,Local04D
target_matched,target_matched_09,AGC_108,Local04D,4.51,4.885434739900687,-0.37543473990068765,0.14095124392429698,0.37543473990068765,center,3.0,4.782,Local04D
target_matched,target_matched_09,AGC_115,Local04D,4.6,4.250140485932441,0.34985951406755866,0.12240167958358827,0.34985951406755866,center,3.0,4.782,Local04D
target_matched,target_matched_09,AGC_119,Local04D,4.4,4.709605781176824,-0.309605781176824,0.09585573973811144,0.309605781176824,center,3.0,4.782,Local04D
target_matched,target_matched_09,AGC_122,Local04D,3.5,2.86575674519095,0.63424325480905,0.4022645062707775,0.63424325480905,center,3.0,4.782,Local04D
target_matched,target_matched_09,AGC_125,Local04D,4.06,4.349458518884424,-0.2894585188844241,0.0837862341547645,0.2894585188844241,center,3.0,4.782,Local04D
target_matched,target_matched_09,AGC_140,Local04D,3.2,3.3878329098577966,-0.18783290985779644,0.03528120202564708,0.18783290985779644,center,3.0,4.782,Local04D
target_matched,target_matched_09,AGC_144,Local04D,2.5,3.0288514558160435,-0.5288514558160435,0.27968386231874864,0.5288514558160435,low,3.0,4.782,Local04D
target_matched,target_matched_09,AGC_145,Local04D,3.5,2.819667379232635,0.680332620767365,0.46285247488019127,0.680332620767365,center,3.0,4.782,Local04D
target_matched,target_matched_09,AGC_160,Local04D,3.62,4.739221509915192,-1.1192215099151923,1.252656788256843,1.1192215099151923,center,3.0,4.782,Local04D
target_matched,target_matched_09,AGC_165,Local04D,4.44,4.425489804393484,0.01451019560651634,0.00021054577653936612,0.01451019560651634,center,3.0,4.782,Local04D
target_matched,target_matched_09,AGC_168,Local04D,4.49,4.401930456947042,0.08806954305295811,0.007756244413556842,0.08806954305295811,center,3.0,4.782,Local04D
target_matched,target_matched_09,AGC_181,Local04D,4.51,4.595868531735764,-0.08586853173576436,0.007373404742455972,0.08586853173576436,center,3.0,4.782,Local04D
target_matched,target_matched_09,AGC_184,Local04D,4.47,4.517939733078137,-0.04793973307813726,0.002298218007603048,0.04793973307813726,center,3.0,4.782,Local04D
target_matched,target_matched_09,AGC_187,Local04D,3.0,3.109603988854977,-0.10960398885497691,0.012013034372921902,0.10960398885497691,low,3.0,4.782,Local04D
target_matched,target_matched_09,AGC_189,Local04D,4.03,4.296328308100317,-0.2663283081003165,0.0709307676955771,0.2663283081003165,center,3.0,4.782,Local04D
target_matched,target_matched_10,AGC_001,Local04D,3.5,2.9586478475189426,0.5413521524810574,0.293062152995874,0.5413521524810574,center,3.0,4.69,Local04D
target_matched,target_matched_10,AGC_002,Local04D,4.63,4.409594835578725,0.22040516442127522,0.04857843650356936,0.22040516442127522,center,3.0,4.69,Local04D
target_matched,target_matched_10,AGC_005,Local04D,5.16,4.579286784846724,0.5807132151532759,0.3372278382536549,0.5807132151532759,high,3.0,4.69,Local04D
target_matched,target_matched_10,AGC_006,Local04D,4.49,4.655806652314533,-0.16580665231453295,0.027491845951752417,0.16580665231453295,center,3.0,4.69,Local04D
target_matched,target_matched_10,AGC_009,Local04D,4.79,4.436268704155664,0.3537312958443364,0.12512582965971342,0.3537312958443364,high,3.0,4.69,Local04D
target_matched,target_matched_10,AGC_010,Local04D,4.1,4.298622283901379,-0.19862228390137915,0.03945081166220006,0.19862228390137915,center,3.0,4.69,Local04D
target_matched,target_matched_10,AGC_013,Local04D,4.01,4.5325699686556336,-0.5225699686556338,0.27307937214075007,0.5225699686556338,center,3.0,4.69,Local04D
target_matched,target_matched_10,AGC_014,Local04D,4.83,4.266458342891995,0.5635416571080052,0.3175791992960365,0.5635416571080052,high,3.0,4.69,Local04D
target_matched,target_matched_10,AGC_019,Local04D,3.0,3.055120623628784,-0.05512062362878378,0.003038283149226037,0.05512062362878378,low,3.0,4.69,Local04D
target_matched,target_matched_10,AGC_026,Local04D,3.55,4.37692788694009,-0.8269278869400898,0.6838097301992019,0.8269278869400898,center,3.0,4.69,Local04D
target_matched,target_matched_10,AGC_038,Local04D,3.3,3.0169492850611093,0.28305071493889056,0.08011770722741708,0.28305071493889056,center,3.0,4.69,Local04D
target_matched,target_matched_10,AGC_049,Local04D,5.53,4.792721517694822,0.7372784823051779,0.5435795604702265,0.7372784823051779,high,3.0,4.69,Local04D
target_matched,target_matched_10,AGC_054,Local04D,2.5,3.031234358880671,-0.5312343588806709,0.2822099440553575,0.5312343588806709,low,3.0,4.69,Local04D
target_matched,target_matched_10,AGC_059,Local04D,4.41,4.509662985412555,-0.09966298541255458,0.009932710661343068,0.09966298541255458,center,3.0,4.69,Local04D
target_matched,target_matched_10,AGC_060,Local04D,4.52,4.495371514076246,0.02462848592375355,0.0006065623188965269,0.02462848592375355,center,3.0,4.69,Local04D
target_matched,target_matched_10,AGC_064,Local04D,4.51,4.4871556881499854,0.022844311850014343,0.0005218625839007057,0.022844311850014343,center,3.0,4.69,Local04D
target_matched,target_matched_10,AGC_068,Local04D,2.5,2.959259453251474,-0.459259453251474,0.21091924540084284,0.459259453251474,low,3.0,4.69,Local04D
target_matched,target_matched_10,AGC_070,Local04D,3.3,3.117256865686168,0.18274313431383193,0.033395053138843216,0.18274313431383193,center,3.0,4.69,Local04D
target_matched,target_matched_10,AGC_072,Local04D,4.55,4.602818669480358,-0.052818669480358516,0.0027898118456753562,0.052818669480358516,center,3.0,4.69,Local04D
target_matched,target_matched_10,AGC_080,Local04D,3.5,3.348636468391802,0.15136353160819782,0.0229109187009059,0.15136353160819782,center,3.0,4.69,Local04D
target_matched,target_matched_10,AGC_089,Local04D,3.0,3.1547960935834407,-0.1547960935834407,0.023961830588693334,0.1547960935834407,low,3.0,4.69,Local04D
target_matched,target_matched_10,AGC_098,Local04D,3.0,2.9359256928023223,0.0640743071976777,0.004105516842862373,0.0640743071976777,low,3.0,4.69,Local04D
target_matched,target_matched_10,AGC_100,Local04D,4.5,4.334735944449564,0.16526405555043588,0.02731220805697756,0.16526405555043588,center,3.0,4.69,Local04D
target_matched,target_matched_10,AGC_103,Local04D,3.0,3.036312745384066,-0.03631274538406615,0.0013186154773280174,0.03631274538406615,low,3.0,4.69,Local04D
target_matched,target_matched_10,AGC_115,Local04D,4.6,4.343068591917889,0.256931408082111,0.06601374845905626,0.256931408082111,center,3.0,4.69,Local04D
target_matched,target_matched_10,AGC_122,Local04D,3.5,2.818924021871182,0.6810759781288178,0.46386448798412594,0.6810759781288178,center,3.0,4.69,Local04D
target_matched,target_matched_10,AGC_127,Local04D,5.57,4.470273124997355,1.099726875002645,1.209399199603083,1.099726875002645,high,3.0,4.69,Local04D
target_matched,target_matched_10,AGC_131,Local04D,4.89,4.493275123071839,0.39672487692816105,0.15739062797366454,0.39672487692816105,high,3.0,4.69,Local04D
target_matched,target_matched_10,AGC_132,Local04D,4.13,4.632753949911391,-0.5027539499113907,0.2527615341515051,0.5027539499113907,center,3.0,4.69,Local04D
target_matched,target_matched_10,AGC_134,Local04D,4.52,4.45613092884728,0.06386907115271967,0.004079258249911168,0.06386907115271967,center,3.0,4.69,Local04D
target_matched,target_matched_10,AGC_138,Local04D,2.5,3.1711291811895244,-0.6711291811895244,0.4504143778441214,0.6711291811895244,low,3.0,4.69,Local04D
target_matched,target_matched_10,AGC_141,Local04D,3.5,3.0014684700736463,0.49853152992635374,0.24853368633071093,0.49853152992635374,center,3.0,4.69,Local04D
target_matched,target_matched_10,AGC_144,Local04D,2.5,3.009962201406148,-0.509962201406148,0.26006144686300464,0.509962201406148,low,3.0,4.69,Local04D
target_matched,target_matched_10,AGC_145,Local04D,3.5,2.7733358537317567,0.7266641462682433,0.5280407814717548,0.7266641462682433,center,3.0,4.69,Local04D
target_matched,target_matched_10,AGC_160,Local04D,3.62,4.72232843079083,-1.1023284307908296,1.215127969329773,1.1023284307908296,center,3.0,4.69,Local04D
target_matched,target_matched_10,AGC_166,Local04D,2.5,2.935362010252746,-0.4353620102527458,0.18954007997131192,0.4353620102527458,low,3.0,4.69,Local04D
target_matched,target_matched_10,AGC_171,Local04D,2.15,4.221784436895629,-2.0717844368956295,4.29229075296294,2.0717844368956295,low,3.0,4.69,Local04D
target_matched,target_matched_10,AGC_176,Local04D,4.38,4.54934157966897,-0.1693415796689699,0.02867657060478208,0.1693415796689699,center,3.0,4.69,Local04D
target_matched,target_matched_10,AGC_179,Local04D,4.55,4.768620727565779,-0.21862072756577877,0.047795022521390465,0.21862072756577877,center,3.0,4.69,Local04D
target_matched,target_matched_10,AGC_180,Local04D,4.14,4.453910803616678,-0.313910803616678,0.09853999262726858,0.313910803616678,center,3.0,4.69,Local04D
target_matched,target_matched_10,AGC_197,Local04D,4.52,4.451589286708171,0.06841071329182835,0.004680025693096741,0.06841071329182835,center,3.0,4.69,Local04D
target_matched,target_matched_11,AGC_001,Local04D,3.5,2.9993248649463555,0.5006751350536445,0.2506755908609851,0.5006751350536445,center,3.0,4.686,Local04D
target_matched,target_matched_11,AGC_006,Local04D,4.49,4.479635987134068,0.01036401286593236,0.00010741276268521148,0.01036401286593236,center,3.0,4.686,Local04D
target_matched,target_matched_11,AGC_008,Local04D,4.55,4.307113055678705,0.24288694432129443,0.05899406772173558,0.24288694432129443,center,3.0,4.686,Local04D
target_matched,target_matched_11,AGC_009,Local04D,4.79,4.602081988394106,0.18791801160589383,0.035313179085912846,0.18791801160589383,high,3.0,4.686,Local04D
target_matched,target_matched_11,AGC_012,Local04D,4.69,4.554966501173697,0.13503349882630378,0.018234045805273384,0.13503349882630378,high,3.0,4.686,Local04D
target_matched,target_matched_11,AGC_019,Local04D,3.0,3.011002271771703,-0.011002271771702876,0.00012104998413840995,0.011002271771702876,low,3.0,4.686,Local04D
target_matched,target_matched_11,AGC_021,Local04D,4.94,4.6653741135548445,0.27462588644515584,0.07541937750578763,0.27462588644515584,high,3.0,4.686,Local04D
target_matched,target_matched_11,AGC_023,Local04D,3.0,2.965017397794881,0.03498260220511895,0.0012237824570415932,0.03498260220511895,low,3.0,4.686,Local04D
target_matched,target_matched_11,AGC_026,Local04D,3.55,4.447853289317471,-0.8978532893174709,0.8061405291382021,0.8978532893174709,center,3.0,4.686,Local04D
target_matched,target_matched_11,AGC_040,Local04D,3.0,2.929451552481547,0.07054844751845302,0.00497708344726392,0.07054844751845302,low,3.0,4.686,Local04D
target_matched,target_matched_11,AGC_041,Local04D,2.5,3.0044863291015846,-0.5044863291015846,0.25450645625039237,0.5044863291015846,low,3.0,4.686,Local04D
target_matched,target_matched_11,AGC_046,Local04D,3.0,3.029251327771127,-0.029251327771127045,0.0008556401763739083,0.029251327771127045,low,3.0,4.686,Local04D
target_matched,target_matched_11,AGC_049,Local04D,5.53,4.7659365930807285,0.7640634069192718,0.5837928897930846,0.7640634069192718,high,3.0,4.686,Local04D
target_matched,target_matched_11,AGC_051,Local04D,4.45,4.265458772455277,0.1845412275447229,0.034055464663713196,0.1845412275447229,center,3.0,4.686,Local04D
target_matched,target_matched_11,AGC_064,Local04D,4.51,4.584016085545271,-0.07401608554527161,0.005478380919444966,0.07401608554527161,center,3.0,4.686,Local04D
target_matched,target_matched_11,AGC_070,Local04D,3.3,3.1691827409773845,0.13081725902261532,0.01711315525819003,0.13081725902261532,center,3.0,4.686,Local04D
target_matched,target_matched_11,AGC_072,Local04D,4.55,4.317012588281755,0.23298741171824489,0.054283134019166956,0.23298741171824489,center,3.0,4.686,Local04D
target_matched,target_matched_11,AGC_077,Local04D,4.76,4.462327628873379,0.2976723711266205,0.08860884053214448,0.2976723711266205,high,3.0,4.686,Local04D
target_matched,target_matched_11,AGC_080,Local04D,3.5,3.335713656951494,0.1642863430485062,0.026990002512251463,0.1642863430485062,center,3.0,4.686,Local04D
target_matched,target_matched_11,AGC_099,Local04D,3.5,3.043414147591507,0.45658585240849314,0.20847064061959028,0.45658585240849314,center,3.0,4.686,Local04D
target_matched,target_matched_11,AGC_102,Local04D,4.4,4.514884104240721,-0.11488410424072093,0.013198357407192832,0.11488410424072093,center,3.0,4.686,Local04D
target_matched,target_matched_11,AGC_106,Local04D,4.43,4.343502735936624,0.0864972640633761,0.0074817766904494145,0.0864972640633761,center,3.0,4.686,Local04D
target_matched,target_matched_11,AGC_110,Local04D,4.18,4.369154219408401,-0.18915421940840105,0.03577931872000152,0.18915421940840105,center,3.0,4.686,Local04D
target_matched,target_matched_11,AGC_114,Local04D,3.0,3.0245965788458262,-0.024596578845826222,0.000604991690918946,0.024596578845826222,low,3.0,4.686,Local04D
target_matched,target_matched_11,AGC_117,Local04D,3.5,3.2255034189225693,0.2744965810774307,0.07534837302319848,0.2744965810774307,center,3.0,4.686,Local04D
target_matched,target_matched_11,AGC_119,Local04D,4.4,4.576904307943709,-0.17690430794370826,0.03129513416904236,0.17690430794370826,center,3.0,4.686,Local04D
target_matched,target_matched_11,AGC_123,Local04D,2.5,3.213481415699926,-0.7134814156999258,0.5090557305491704,0.7134814156999258,low,3.0,4.686,Local04D
target_matched,target_matched_11,AGC_134,Local04D,4.52,4.250780745185601,0.26921925481439857,0.07247900716282006,0.26921925481439857,center,3.0,4.686,Local04D
target_matched,target_matched_11,AGC_138,Local04D,2.5,3.060492164271329,-0.560492164271329,0.3141514662095584,0.560492164271329,low,3.0,4.686,Local04D
target_matched,target_matched_11,AGC_139,Local04D,4.67,4.419808273963978,0.2501917260360216,0.06259589977688368,0.2501917260360216,center,3.0,4.686,Local04D
target_matched,target_matched_11,AGC_151,Local04D,4.69,4.637262705007997,0.05273729499200375,0.0027812222830736234,0.05273729499200375,high,3.0,4.686,Local04D
target_matched,target_matched_11,AGC_159,Local04D,4.77,4.631787473588871,0.13821252641112824,0.019102702456946823,0.13821252641112824,high,3.0,4.686,Local04D
target_matched,target_matched_11,AGC_161,Local04D,4.46,4.605121800565594,-0.14512180056559387,0.021060336999400003,0.14512180056559387,center,3.0,4.686,Local04D
target_matched,target_matched_11,AGC_164,Local04D,3.0,2.945528159690878,0.05447184030912222,0.0029671813866625125,0.05447184030912222,low,3.0,4.686,Local04D
target_matched,target_matched_11,AGC_165,Local04D,4.44,4.32898754343233,0.11101245656767045,0.012323765513188917,0.11101245656767045,center,3.0,4.686,Local04D
target_matched,target_matched_11,AGC_167,Local04D,4.54,4.540391704107294,-0.0003917041072938332,1.534321076708588e-07,0.0003917041072938332,center,3.0,4.686,Local04D
target_matched,target_matched_11,AGC_170,Local04D,3.0,2.963711623720191,0.036288376279808965,0.001316846253025002,0.036288376279808965,low,3.0,4.686,Local04D
target_matched,target_matched_11,AGC_171,Local04D,2.15,4.258799894674547,-2.1087998946745468,4.44703699577938,2.1087998946745468,low,3.0,4.686,Local04D
target_matched,target_matched_11,AGC_176,Local04D,4.38,4.502234984433369,-0.12223498443336922,0.014941391419426015,0.12223498443336922,center,3.0,4.686,Local04D
target_matched,target_matched_11,AGC_181,Local04D,4.51,4.630549775933873,-0.12054977593387317,0.014532248477707028,0.12054977593387317,center,3.0,4.686,Local04D
target_matched,target_matched_11,AGC_189,Local04D,4.03,4.364291202264904,-0.33429120226490383,0.11175060791171484,0.33429120226490383,center,3.0,4.686,Local04D
target_matched,target_matched_12,AGC_005,Local04D,5.16,4.686770246718783,0.47322975328121686,0.22394639939060138,0.47322975328121686,high,3.0,4.686,Local04D
target_matched,target_matched_12,AGC_009,Local04D,4.79,4.447414672854795,0.34258532714520484,0.11736470637518702,0.34258532714520484,high,3.0,4.686,Local04D
target_matched,target_matched_12,AGC_010,Local04D,4.1,4.374588896506376,-0.2745888965063763,0.07539906208458944,0.2745888965063763,center,3.0,4.686,Local04D
target_matched,target_matched_12,AGC_015,Local04D,2.64,4.705845836619423,-2.0658458366194226,4.267719020677802,2.0658458366194226,low,3.0,4.686,Local04D
target_matched,target_matched_12,AGC_017,Local04D,4.98,4.475936518418883,0.5040634815811176,0.25407999346367766,0.5040634815811176,high,3.0,4.686,Local04D
target_matched,target_matched_12,AGC_022,Local04D,4.55,4.390432055841309,0.1595679441586908,0.025461928803031067,0.1595679441586908,center,3.0,4.686,Local04D
target_matched,target_matched_12,AGC_034,Local04D,2.0,3.1682680899348843,-1.1682680899348843,1.364850329960103,1.1682680899348843,low,3.0,4.686,Local04D
target_matched,target_matched_12,AGC_037,Local04D,3.5,3.036695743877447,0.4633042561225529,0.21465083374127208,0.4633042561225529,center,3.0,4.686,Local04D
target_matched,target_matched_12,AGC_038,Local04D,3.3,3.185998855781175,0.1140011442188249,0.012996260883201315,0.1140011442188249,center,3.0,4.686,Local04D
target_matched,target_matched_12,AGC_049,Local04D,5.53,4.816037291198094,0.7139627088019065,0.509742749559756,0.7139627088019065,high,3.0,4.686,Local04D
target_matched,target_matched_12,AGC_051,Local04D,4.45,4.46672674323157,-0.016726743231569863,0.0002797839391348682,0.016726743231569863,center,3.0,4.686,Local04D
target_matched,target_matched_12,AGC_054,Local04D,2.5,3.02712206465457,-0.52712206465457,0.2778576710456967,0.52712206465457,low,3.0,4.686,Local04D
target_matched,target_matched_12,AGC_058,Local04D,2.5,3.05875275262235,-0.5587527526223499,0.31220463856305297,0.5587527526223499,low,3.0,4.686,Local04D
target_matched,target_matched_12,AGC_059,Local04D,4.41,4.499469560070544,-0.08946956007054396,0.008004802179216675,0.08946956007054396,center,3.0,4.686,Local04D
target_matched,target_matched_12,AGC_060,Local04D,4.52,5.007188380629211,-0.48718838062921144,0.2373525182201134,0.48718838062921144,center,3.0,4.686,Local04D
target_matched,target_matched_12,AGC_064,Local04D,4.51,4.489031064113076,0.02096893588692339,0.0004396962722299036,0.02096893588692339,center,3.0,4.686,Local04D
target_matched,target_matched_12,AGC_068,Local04D,2.5,3.051166646475502,-0.5511666464755018,0.30378467218705085,0.5511666464755018,low,3.0,4.686,Local04D
target_matched,target_matched_12,AGC_070,Local04D,3.3,3.18837285468994,0.1116271453100599,0.012460619570073229,0.1116271453100599,center,3.0,4.686,Local04D
target_matched,target_matched_12,AGC_073,Local04D,4.3,4.413677663963608,-0.11367766396360857,0.012922611284223109,0.11367766396360857,center,3.0,4.686,Local04D
target_matched,target_matched_12,AGC_096,Local04D,4.59,4.370364925903803,0.21963507409619698,0.04823956577324194,0.21963507409619698,center,3.0,4.686,Local04D
target_matched,target_matched_12,AGC_101,Local04D,4.57,4.340547819220455,0.22945218077954532,0.052648303264489146,0.22945218077954532,center,3.0,4.686,Local04D
target_matched,target_matched_12,AGC_105,Local04D,4.41,4.438471512714649,-0.028471512714649094,0.0008106270362604251,0.028471512714649094,center,3.0,4.686,Local04D
target_matched,target_matched_12,AGC_110,Local04D,4.18,4.391534961405615,-0.211534961405615,0.04474703989687503,0.211534961405615,center,3.0,4.686,Local04D
target_matched,target_matched_12,AGC_112,Local04D,3.0,3.023646006560865,-0.02364600656086502,0.0005591336262764715,0.02364600656086502,low,3.0,4.686,Local04D
target_matched,target_matched_12,AGC_117,Local04D,3.5,3.2200053009392677,0.27999469906073227,0.07839703150211003,0.27999469906073227,center,3.0,4.686,Local04D
target_matched,target_matched_12,AGC_122,Local04D,3.5,2.9571773809090263,0.5428226190909737,0.2946563957967844,0.5428226190909737,center,3.0,4.686,Local04D
target_matched,target_matched_12,AGC_123,Local04D,2.5,2.9982295858240438,-0.49822958582404375,0.2482327201903982,0.49822958582404375,low,3.0,4.686,Local04D
target_matched,target_matched_12,AGC_125,Local04D,4.06,4.4174782226658325,-0.35747822266583285,0.12779067968032276,0.35747822266583285,center,3.0,4.686,Local04D
target_matched,target_matched_12,AGC_131,Local04D,4.89,4.461214479131313,0.4287855208686864,0.18385702290663067,0.4287855208686864,high,3.0,4.686,Local04D
target_matched,target_matched_12,AGC_133,Local04D,3.91,4.474768143848944,-0.5647681438489442,0.3189630563065818,0.5647681438489442,center,3.0,4.686,Local04D
target_matched,target_matched_12,AGC_134,Local04D,4.52,4.461862138625389,0.05813786137461019,0.0033800109252133913,0.05813786137461019,center,3.0,4.686,Local04D
target_matched,target_matched_12,AGC_145,Local04D,3.5,2.99121329059287,0.5087867094071301,0.2588639156693355,0.5087867094071301,center,3.0,4.686,Local04D
target_matched,target_matched_12,AGC_161,Local04D,4.46,4.669197390419661,-0.20919739041966068,0.043763548158395935,0.20919739041966068,center,3.0,4.686,Local04D
target_matched,target_matched_12,AGC_165,Local04D,4.44,4.4081358554085215,0.031864144591478905,0.0010153237105466743,0.031864144591478905,center,3.0,4.686,Local04D
target_matched,target_matched_12,AGC_169,Local04D,2.5,3.0484804502411884,-0.5484804502411884,0.3008308042967768,0.5484804502411884,low,3.0,4.686,Local04D
target_matched,target_matched_12,AGC_170,Local04D,3.0,3.049197064046292,-0.049197064046292205,0.002420351110774977,0.049197064046292205,low,3.0,4.686,Local04D
target_matched,target_matched_12,AGC_171,Local04D,2.15,4.210616350636028,-2.0606163506360278,4.246139744508541,2.0606163506360278,low,3.0,4.686,Local04D
target_matched,target_matched_12,AGC_172,Local04D,5.19,4.54747470293086,0.64252529706914,0.41283875737378656,0.64252529706914,high,3.0,4.686,Local04D
target_matched,target_matched_12,AGC_180,Local04D,4.14,4.463888931393001,-0.3238889313930011,0.1049040398789002,0.3238889313930011,center,3.0,4.686,Local04D
target_matched,target_matched_12,AGC_185,Local04D,5.01,4.43805902319983,0.5719409768001702,0.32711648094313284,0.5719409768001702,high,3.0,4.686,Local04D
target_matched,target_matched_12,AGC_194,Local04D,3.2,2.885420301908164,0.31457969809183606,0.09896038645155072,0.31457969809183606,center,3.0,4.686,Local04D
target_matched,target_matched_13,AGC_002,Local04D,4.63,4.494499847811727,0.13550015218827305,0.018360291243045158,0.13550015218827305,center,3.0,4.69,Local04D
target_matched,target_matched_13,AGC_006,Local04D,4.49,4.590807246625504,-0.10080724662550367,0.01016210097221512,0.10080724662550367,center,3.0,4.69,Local04D
target_matched,target_matched_13,AGC_008,Local04D,4.55,4.084640115220383,0.465359884779617,0.2165598223620984,0.465359884779617,center,3.0,4.69,Local04D
target_matched,target_matched_13,AGC_009,Local04D,4.79,4.504219357352416,0.28578064264758396,0.08167057571206608,0.28578064264758396,high,3.0,4.69,Local04D
target_matched,target_matched_13,AGC_010,Local04D,4.1,4.314493061916854,-0.2144930619168548,0.046007273610467705,0.2144930619168548,center,3.0,4.69,Local04D
target_matched,target_matched_13,AGC_013,Local04D,4.01,4.486244321187315,-0.4762443211873153,0.22680865346316673,0.4762443211873153,center,3.0,4.69,Local04D
target_matched,target_matched_13,AGC_023,Local04D,3.0,3.003552493521476,-0.00355249352147613,1.2620210220129874e-05,0.00355249352147613,low,3.0,4.69,Local04D
target_matched,target_matched_13,AGC_026,Local04D,3.55,4.336751217121977,-0.786751217121977,0.6189774776429122,0.786751217121977,center,3.0,4.69,Local04D
target_matched,target_matched_13,AGC_038,Local04D,3.3,3.048467909498073,0.25153209050192693,0.06326839255226956,0.25153209050192693,center,3.0,4.69,Local04D
target_matched,target_matched_13,AGC_049,Local04D,5.53,4.82148474421255,0.7085152557874501,0.5019938676835559,0.7085152557874501,high,3.0,4.69,Local04D
target_matched,target_matched_13,AGC_051,Local04D,4.45,4.232115818122285,0.2178841818777153,0.04747351671252132,0.2178841818777153,center,3.0,4.69,Local04D
target_matched,target_matched_13,AGC_053,Local04D,3.5,3.2005696682422355,0.29943033175776446,0.08965852357656488,0.29943033175776446,center,3.0,4.69,Local04D
target_matched,target_matched_13,AGC_056,Local04D,5.07,4.631309955508417,0.4386900444915831,0.19244895513602717,0.4386900444915831,high,3.0,4.69,Local04D
target_matched,target_matched_13,AGC_058,Local04D,2.5,3.0606209621793745,-0.5606209621793745,0.3142958632349277,0.5606209621793745,low,3.0,4.69,Local04D
target_matched,target_matched_13,AGC_059,Local04D,4.41,4.501078646582643,-0.09107864658264297,0.008295319863325983,0.09107864658264297,center,3.0,4.69,Local04D
target_matched,target_matched_13,AGC_060,Local04D,4.52,4.932701719083472,-0.4127017190834721,0.17032270893445312,0.4127017190834721,center,3.0,4.69,Local04D
target_matched,target_matched_13,AGC_062,Local04D,3.81,4.426328695151581,-0.6163286951515805,0.3798610604672499,0.6163286951515805,center,3.0,4.69,Local04D
target_matched,target_matched_13,AGC_064,Local04D,4.51,4.488723475043533,0.021276524956467036,0.0004526905142231646,0.021276524956467036,center,3.0,4.69,Local04D
target_matched,target_matched_13,AGC_066,Local04D,3.0,2.981574197230368,0.018425802769631794,0.0003395102077053707,0.018425802769631794,low,3.0,4.69,Local04D
target_matched,target_matched_13,AGC_067,Local04D,3.0,3.230926623609277,-0.23092662360927685,0.05332710549158062,0.23092662360927685,low,3.0,4.69,Local04D
target_matched,target_matched_13,AGC_068,Local04D,2.5,2.9149942748987785,-0.4149942748987785,0.17222024819876294,0.4149942748987785,low,3.0,4.69,Local04D
target_matched,target_matched_13,AGC_078,Local04D,3.0,3.218059476451035,-0.21805947645103485,0.047549935270099424,0.21805947645103485,low,3.0,4.69,Local04D
target_matched,target_matched_13,AGC_089,Local04D,3.0,3.141792055430711,-0.14179205543071083,0.020104986983265773,0.14179205543071083,low,3.0,4.69,Local04D
target_matched,target_matched_13,AGC_098,Local04D,3.0,3.1327945378717668,-0.13279453787176676,0.017634389288576097,0.13279453787176676,low,3.0,4.69,Local04D
target_matched,target_matched_13,AGC_099,Local04D,3.5,2.989951897373033,0.5100481026269672,0.26014906699336926,0.5100481026269672,center,3.0,4.69,Local04D
target_matched,target_matched_13,AGC_101,Local04D,4.57,4.206983442150023,0.3630165578499769,0.13178102127324562,0.3630165578499769,center,3.0,4.69,Local04D
target_matched,target_matched_13,AGC_102,Local04D,4.4,4.23887181432918,0.16112818567082066,0.025962292217570456,0.16112818567082066,center,3.0,4.69,Local04D
target_matched,target_matched_13,AGC_103,Local04D,3.0,3.0389305265958475,-0.0389305265958475,0.0015155859010299898,0.0389305265958475,low,3.0,4.69,Local04D
target_matched,target_matched_13,AGC_105,Local04D,4.41,4.3310257960177925,0.07897420398220767,0.0062369248946233455,0.07897420398220767,center,3.0,4.69,Local04D
target_matched,target_matched_13,AGC_106,Local04D,4.43,4.20609213433746,0.2239078656625395,0.05013473230555384,0.2239078656625395,center,3.0,4.69,Local04D
target_matched,target_matched_13,AGC_109,Local04D,4.54,4.756067331162836,-0.2160673311628356,0.04668509159583047,0.2160673311628356,center,3.0,4.69,Local04D
target_matched,target_matched_13,AGC_110,Local04D,4.18,4.257734572759808,-0.077734572759808,0.006042663802149883,0.077734572759808,center,3.0,4.69,Local04D
target_matched,target_matched_13,AGC_119,Local04D,4.4,4.482221890588699,-0.08222189058869844,0.006760439291979898,0.08222189058869844,center,3.0,4.69,Local04D
target_matched,target_matched_13,AGC_123,Local04D,2.5,3.2484404367112987,-0.7484404367112987,0.5601630873045995,0.7484404367112987,low,3.0,4.69,Local04D
target_matched,target_matched_13,AGC_131,Local04D,4.89,4.467899870681525,0.4221001293184745,0.17816851917067292,0.4221001293184745,high,3.0,4.69,Local04D
target_matched,target_matched_13,AGC_134,Local04D,4.52,4.226700478405347,0.293299521594653,0.08602460936765233,0.293299521594653,center,3.0,4.69,Local04D
target_matched,target_matched_13,AGC_141,Local04D,3.5,3.019517344651065,0.480482655348935,0.23086358209116342,0.480482655348935,center,3.0,4.69,Local04D
target_matched,target_matched_13,AGC_144,Local04D,2.5,3.100222958162381,-0.600222958162381,0.3602675995051994,0.600222958162381,low,3.0,4.69,Local04D
target_matched,target_matched_13,AGC_159,Local04D,4.77,4.616441872927728,0.15355812707227123,0.0235800983899438,0.15355812707227123,high,3.0,4.69,Local04D
target_matched,target_matched_13,AGC_179,Local04D,4.55,4.5921971572963,-0.04219715729630025,0.0017806000838887052,0.04219715729630025,center,3.0,4.69,Local04D
target_matched,target_matched_13,AGC_185,Local04D,5.01,4.281594924563342,0.7284050754366582,0.5305739539218838,0.7284050754366582,high,3.0,4.69,Local04D
target_matched,target_matched_14,AGC_002,Local04D,4.63,4.446421851116051,0.18357814888394852,0.03370093674765717,0.18357814888394852,center,3.0,4.646,Local04D
target_matched,target_matched_14,AGC_006,Local04D,4.49,4.490677549489189,-0.0006775494891888556,4.5907331030007914e-07,0.0006775494891888556,center,3.0,4.646,Local04D
target_matched,target_matched_14,AGC_017,Local04D,4.98,4.403872291810037,0.5761277081899632,0.33192313614421937,0.5761277081899632,high,3.0,4.646,Local04D
target_matched,target_matched_14,AGC_019,Local04D,3.0,2.9926468047847563,0.007353195215243691,5.406947987348271e-05,0.007353195215243691,low,3.0,4.646,Local04D
target_matched,target_matched_14,AGC_023,Local04D,3.0,2.974871206838442,0.025128793161557805,0.0006314562457563544,0.025128793161557805,low,3.0,4.646,Local04D
target_matched,target_matched_14,AGC_026,Local04D,3.55,4.322637963482336,-0.7726379634823362,0.5969694226141318,0.7726379634823362,center,3.0,4.646,Local04D
target_matched,target_matched_14,AGC_034,Local04D,2.0,3.232869466890117,-1.2328694668901168,1.5199671223899207,1.2328694668901168,low,3.0,4.646,Local04D
target_matched,target_matched_14,AGC_038,Local04D,3.3,3.223798259120823,0.07620174087917686,0.005806705313017213,0.07620174087917686,center,3.0,4.646,Local04D
target_matched,target_matched_14,AGC_049,Local04D,5.53,4.760082443172218,0.7699175568277825,0.5927730443116617,0.7699175568277825,high,3.0,4.646,Local04D
target_matched,target_matched_14,AGC_053,Local04D,3.5,3.2239001151165083,0.2760998848834917,0.07623114643267737,0.2760998848834917,center,3.0,4.646,Local04D
target_matched,target_matched_14,AGC_054,Local04D,2.5,3.068566646125785,-0.568566646125785,0.32326803108672364,0.568566646125785,low,3.0,4.646,Local04D
target_matched,target_matched_14,AGC_056,Local04D,5.07,4.586782271388007,0.48321772861199364,0.23349937324493433,0.48321772861199364,high,3.0,4.646,Local04D
target_matched,target_matched_14,AGC_058,Local04D,2.5,3.1190040313954905,-0.6190040313954905,0.38316599088386943,0.6190040313954905,low,3.0,4.646,Local04D
target_matched,target_matched_14,AGC_062,Local04D,3.81,4.425483617398148,-0.6154836173981484,0.3788200832855103,0.6154836173981484,center,3.0,4.646,Local04D
target_matched,target_matched_14,AGC_064,Local04D,4.51,4.566575870167109,-0.05657587016710952,0.0032008290851656333,0.05657587016710952,center,3.0,4.646,Local04D
target_matched,target_matched_14,AGC_067,Local04D,3.0,3.270605679592636,-0.27060567959263615,0.07322743382779245,0.27060567959263615,low,3.0,4.646,Local04D
target_matched,target_matched_14,AGC_070,Local04D,3.3,3.2223671673093666,0.07763283269063326,0.006026856711571856,0.07763283269063326,center,3.0,4.646,Local04D
target_matched,target_matched_14,AGC_077,Local04D,4.76,4.4317879056801655,0.32821209431983434,0.10772317885781182,0.32821209431983434,high,3.0,4.646,Local04D
target_matched,target_matched_14,AGC_089,Local04D,3.0,3.163186467950653,-0.16318646795065295,0.02662982332220948,0.16318646795065295,low,3.0,4.646,Local04D
target_matched,target_matched_14,AGC_090,Local04D,4.68,4.315103282357077,0.36489671764292275,0.1331496145465789,0.36489671764292275,high,3.0,4.646,Local04D
target_matched,target_matched_14,AGC_096,Local04D,4.59,4.290326609062355,0.2996733909376452,0.08980414123606674,0.2996733909376452,center,3.0,4.646,Local04D
target_matched,target_matched_14,AGC_098,Local04D,3.0,3.0392352888275225,-0.039235288827522474,0.0015394078893791099,0.039235288827522474,low,3.0,4.646,Local04D
target_matched,target_matched_14,AGC_102,Local04D,4.4,4.294762923063734,0.10523707693626605,0.01107484236208958,0.10523707693626605,center,3.0,4.646,Local04D
target_matched,target_matched_14,AGC_108,Local04D,4.51,4.69099273443118,-0.18099273443118058,0.03275836991687586,0.18099273443118058,center,3.0,4.646,Local04D
target_matched,target_matched_14,AGC_110,Local04D,4.18,4.314346935892663,-0.13434693589266367,0.01804909918374748,0.13434693589266367,center,3.0,4.646,Local04D
target_matched,target_matched_14,AGC_119,Local04D,4.4,4.691911414327955,-0.29191141432795487,0.08521227381494693,0.29191141432795487,center,3.0,4.646,Local04D
target_matched,target_matched_14,AGC_124,Local04D,5.05,4.361782520672578,0.688217479327422,0.47364329885179063,0.688217479327422,high,3.0,4.646,Local04D
target_matched,target_matched_14,AGC_127,Local04D,5.57,4.496575825412634,1.073424174587366,1.152239458588568,1.073424174587366,high,3.0,4.646,Local04D
target_matched,target_matched_14,AGC_140,Local04D,3.2,3.3927455943780163,-0.19274559437801608,0.037150864152134706,0.19274559437801608,center,3.0,4.646,Local04D
target_matched,target_matched_14,AGC_141,Local04D,3.5,3.0448914585834825,0.45510854141651746,0.20712378447027,0.45510854141651746,center,3.0,4.646,Local04D
target_matched,target_matched_14,AGC_145,Local04D,3.5,2.880906327149784,0.6190936728502159,0.3832769757631701,0.6190936728502159,center,3.0,4.646,Local04D
target_matched,target_matched_14,AGC_152,Local04D,4.87,4.508546969520058,0.36145303047994215,0.13064829324313398,0.36145303047994215,high,3.0,4.646,Local04D
target_matched,target_matched_14,AGC_155,Local04D,4.52,4.614927452382011,-0.09492745238201117,0.009011221215738998,0.09492745238201117,center,3.0,4.646,Local04D
target_matched,target_matched_14,AGC_157,Local04D,3.0,3.062507649486544,-0.06250764948654419,0.0039072062443326686,0.06250764948654419,low,3.0,4.646,Local04D
target_matched,target_matched_14,AGC_159,Local04D,4.77,4.583789677702482,0.18621032229751755,0.03467428413014536,0.18621032229751755,high,3.0,4.646,Local04D
target_matched,target_matched_14,AGC_163,Local04D,3.0,3.033334827381535,-0.033334827381534815,0.0011112107165567233,0.033334827381534815,low,3.0,4.646,Local04D
target_matched,target_matched_14,AGC_167,Local04D,4.54,4.430777839230947,0.10922216076905311,0.011929480403060884,0.10922216076905311,center,3.0,4.646,Local04D
target_matched,target_matched_14,AGC_170,Local04D,3.0,2.986954578338678,0.013045421661321832,0.00017018302632168487,0.013045421661321832,low,3.0,4.646,Local04D
target_matched,target_matched_14,AGC_178,Local04D,4.39,4.323250881862402,0.0667491181375981,0.004455444772147027,0.0667491181375981,center,3.0,4.646,Local04D
target_matched,target_matched_14,AGC_185,Local04D,5.01,4.266931262386206,0.7430687376137941,0.5521511488189575,0.7430687376137941,high,3.0,4.646,Local04D
target_matched,target_matched_14,AGC_194,Local04D,3.2,2.921415455514855,0.27858454448514536,0.07760934842599593,0.27858454448514536,center,3.0,4.646,Local04D
target_matched,target_matched_15,AGC_001,Local04D,3.5,2.898595505093281,0.6014044949067192,0.36168736649400607,0.6014044949067192,center,3.0,4.744,Local04D
target_matched,target_matched_15,AGC_008,Local04D,4.55,4.465068539285302,0.0849314607146976,0.007213353019132221,0.0849314607146976,center,3.0,4.744,Local04D
target_matched,target_matched_15,AGC_009,Local04D,4.79,4.629240583147843,0.1607594168521569,0.025843590106645543,0.1607594168521569,high,3.0,4.744,Local04D
target_matched,target_matched_15,AGC_010,Local04D,4.1,4.427564715929543,-0.32756471592954295,0.10729864312200217,0.32756471592954295,center,3.0,4.744,Local04D
target_matched,target_matched_15,AGC_015,Local04D,2.64,4.8053355211748725,-2.1653355211748724,4.688677919261656,2.1653355211748724,low,3.0,4.744,Local04D
target_matched,target_matched_15,AGC_019,Local04D,3.0,3.02002058604629,-0.020020586046289868,0.00040082386563689655,0.020020586046289868,low,3.0,4.744,Local04D
target_matched,target_matched_15,AGC_024,Local04D,3.03,4.568578554109002,-1.538578554109002,2.367223967164147,1.538578554109002,center,3.0,4.744,Local04D
target_matched,target_matched_15,AGC_026,Local04D,3.55,4.485809273363273,-0.9358092733632732,0.8757389961126975,0.9358092733632732,center,3.0,4.744,Local04D
target_matched,target_matched_15,AGC_033,Local04D,4.47,4.717618770644696,-0.24761877064469662,0.06131505557559087,0.24761877064469662,center,3.0,4.744,Local04D
target_matched,target_matched_15,AGC_034,Local04D,2.0,3.2143086688368165,-1.2143086688368165,1.4745455432122414,1.2143086688368165,low,3.0,4.744,Local04D
target_matched,target_matched_15,AGC_037,Local04D,3.5,2.801854952361439,0.6981450476385609,0.48740650754224846,0.6981450476385609,center,3.0,4.744,Local04D
target_matched,target_matched_15,AGC_045,Local04D,4.1,4.506315260374135,-0.4063152603741358,0.16509209081290177,0.4063152603741358,center,3.0,4.744,Local04D
target_matched,target_matched_15,AGC_049,Local04D,5.53,4.810396748490942,0.7196032515090582,0.5178288395824089,0.7196032515090582,high,3.0,4.744,Local04D
target_matched,target_matched_15,AGC_053,Local04D,3.5,3.1234841007452685,0.3765158992547315,0.1417642223915991,0.3765158992547315,center,3.0,4.744,Local04D
target_matched,target_matched_15,AGC_064,Local04D,4.51,4.620756601466189,-0.11075660146618915,0.012267024768340254,0.11075660146618915,center,3.0,4.744,Local04D
target_matched,target_matched_15,AGC_068,Local04D,2.5,2.870211383036929,-0.37021138303692913,0.13705646813011585,0.37021138303692913,low,3.0,4.744,Local04D
target_matched,target_matched_15,AGC_070,Local04D,3.3,3.231692798185672,0.06830720181432781,0.004665873819703309,0.06830720181432781,center,3.0,4.744,Local04D
target_matched,target_matched_15,AGC_073,Local04D,4.3,4.410756230837397,-0.1107562308373975,0.01226694266930688,0.1107562308373975,center,3.0,4.744,Local04D
target_matched,target_matched_15,AGC_079,Local04D,3.3,3.285027459142,0.014972540857999928,0.0002241769797444772,0.014972540857999928,center,3.0,4.744,Local04D
target_matched,target_matched_15,AGC_080,Local04D,3.5,3.4015398349643067,0.09846016503569333,0.009694404098855967,0.09846016503569333,center,3.0,4.744,Local04D
target_matched,target_matched_15,AGC_090,Local04D,4.68,4.56353387507773,0.11646612492226982,0.01356435825440976,0.11646612492226982,center,3.0,4.744,Local04D
target_matched,target_matched_15,AGC_092,Local04D,4.57,4.681668990793352,-0.11166899079335213,0.012469963504805762,0.11166899079335213,center,3.0,4.744,Local04D
target_matched,target_matched_15,AGC_099,Local04D,3.5,2.894364039608932,0.6056359603910679,0.3667949165188112,0.6056359603910679,center,3.0,4.744,Local04D
target_matched,target_matched_15,AGC_101,Local04D,4.57,4.537801589352649,0.03219841064735096,0.0010367376482154438,0.03219841064735096,center,3.0,4.744,Local04D
target_matched,target_matched_15,AGC_104,Local04D,4.56,4.534120425142846,0.025879574857153642,0.000669752394787019,0.025879574857153642,center,3.0,4.744,Local04D
target_matched,target_matched_15,AGC_110,Local04D,4.18,4.485117600583512,-0.3051176005835119,0.0930967501858395,0.3051176005835119,center,3.0,4.744,Local04D
target_matched,target_matched_15,AGC_119,Local04D,4.4,4.608281316705254,-0.20828131670525352,0.043381106888474116,0.20828131670525352,center,3.0,4.744,Local04D
target_matched,target_matched_15,AGC_122,Local04D,3.5,2.893207244202737,0.606792755797263,0.36819744848803687,0.606792755797263,center,3.0,4.744,Local04D
target_matched,target_matched_15,AGC_123,Local04D,2.5,2.9355723822376176,-0.43557238223761763,0.18972330016815328,0.43557238223761763,low,3.0,4.744,Local04D
target_matched,target_matched_15,AGC_141,Local04D,3.5,2.956325447950353,0.5436745520496471,0.29558201854638444,0.5436745520496471,center,3.0,4.744,Local04D
target_matched,target_matched_15,AGC_144,Local04D,2.5,2.99520648608707,-0.4952064860870702,0.24522946386270364,0.4952064860870702,low,3.0,4.744,Local04D
target_matched,target_matched_15,AGC_145,Local04D,3.5,2.941056257966867,0.5589437420331329,0.3124181067580014,0.5589437420331329,center,3.0,4.744,Local04D
target_matched,target_matched_15,AGC_151,Local04D,4.69,4.623757269600462,0.0662427303995381,0.004388099330785889,0.0662427303995381,center,3.0,4.744,Local04D
target_matched,target_matched_15,AGC_161,Local04D,4.46,4.700899728170933,-0.24089972817093308,0.05803267903282945,0.24089972817093308,center,3.0,4.744,Local04D
target_matched,target_matched_15,AGC_164,Local04D,3.0,2.966322701209328,0.03367729879067216,0.0011341604538362086,0.03367729879067216,low,3.0,4.744,Local04D
target_matched,target_matched_15,AGC_167,Local04D,4.54,4.738549301347344,-0.19854930134734428,0.03942182506551853,0.19854930134734428,center,3.0,4.744,Local04D
target_matched,target_matched_15,AGC_171,Local04D,2.15,4.547897988708519,-2.3978979887085194,5.749914764252363,2.3978979887085194,low,3.0,4.744,Local04D
target_matched,target_matched_15,AGC_172,Local04D,5.19,4.531896239420982,0.6581037605790181,0.43310055968824557,0.6581037605790181,high,3.0,4.744,Local04D
target_matched,target_matched_15,AGC_179,Local04D,4.55,4.663591481009656,-0.11359148100965655,0.012903024557967165,0.11359148100965655,center,3.0,4.744,Local04D
target_matched,target_matched_15,AGC_181,Local04D,4.51,4.680263424924032,-0.17026342492403224,0.028989633866861562,0.17026342492403224,center,3.0,4.744,Local04D
target_matched,target_matched_15,AGC_194,Local04D,3.2,2.9578225314507254,0.2421774685492748,0.058649926272934985,0.2421774685492748,center,3.0,4.744,Local04D
target_matched,target_matched_16,AGC_004,Local04D,3.0,2.902799055071716,0.09720094492828402,0.009448023694951303,0.09720094492828402,low,3.0,4.69,Local04D
target_matched,target_matched_16,AGC_008,Local04D,4.55,4.087642017276331,0.46235798272366857,0.2137749041883002,0.46235798272366857,center,3.0,4.69,Local04D
target_matched,target_matched_16,AGC_009,Local04D,4.79,4.448647623715923,0.34135237628407733,0.11652144479478632,0.34135237628407733,high,3.0,4.69,Local04D
target_matched,target_matched_16,AGC_014,Local04D,4.83,4.183479720347822,0.6465202796521785,0.4179884720015311,0.6465202796521785,high,3.0,4.69,Local04D
target_matched,target_matched_16,AGC_023,Local04D,3.0,2.963274713857074,0.03672528614292592,0.0013487466422797863,0.03672528614292592,low,3.0,4.69,Local04D
target_matched,target_matched_16,AGC_034,Local04D,2.0,3.269201981625864,-1.269201981625864,1.61087367016302,1.269201981625864,low,3.0,4.69,Local04D
target_matched,target_matched_16,AGC_037,Local04D,3.5,2.828250776238195,0.6717492237618048,0.4512470196245873,0.6717492237618048,center,3.0,4.69,Local04D
target_matched,target_matched_16,AGC_038,Local04D,3.3,3.276826431349574,0.023173568650425747,0.000537014283995995,0.023173568650425747,center,3.0,4.69,Local04D
target_matched,target_matched_16,AGC_040,Local04D,3.0,2.9262949819533155,0.0737050180466845,0.005432429685262088,0.0737050180466845,low,3.0,4.69,Local04D
target_matched,target_matched_16,AGC_046,Local04D,3.0,3.0684815662753167,-0.06848156627531665,0.004689724919520587,0.06848156627531665,low,3.0,4.69,Local04D
target_matched,target_matched_16,AGC_053,Local04D,3.5,2.887121774801043,0.6128782251989571,0.37561971892302354,0.6128782251989571,center,3.0,4.69,Local04D
target_matched,target_matched_16,AGC_054,Local04D,2.5,2.9205436522439654,-0.4205436522439654,0.1768569634426933,0.4205436522439654,low,3.0,4.69,Local04D
target_matched,target_matched_16,AGC_059,Local04D,4.41,4.406812608154106,0.0031873918458940054,1.0159466779271594e-05,0.0031873918458940054,center,3.0,4.69,Local04D
target_matched,target_matched_16,AGC_060,Local04D,4.52,4.96474336321475,-0.4447433632147506,0.1977966591235676,0.4447433632147506,center,3.0,4.69,Local04D
target_matched,target_matched_16,AGC_062,Local04D,3.81,4.446685588772539,-0.6366855887725387,0.40536853895063424,0.6366855887725387,center,3.0,4.69,Local04D
target_matched,target_matched_16,AGC_064,Local04D,4.51,4.474257565364134,0.035742434635865905,0.0012775216336991468,0.035742434635865905,center,3.0,4.69,Local04D
target_matched,target_matched_16,AGC_073,Local04D,4.3,4.443873919449677,-0.14387391944967742,0.02069970469781227,0.14387391944967742,center,3.0,4.69,Local04D
target_matched,target_matched_16,AGC_079,Local04D,3.3,3.3288188790927333,-0.028818879092733507,0.0008305277921615925,0.028818879092733507,center,3.0,4.69,Local04D
target_matched,target_matched_16,AGC_090,Local04D,4.68,4.414702643118983,0.26529735688101663,0.0703826875680535,0.26529735688101663,center,3.0,4.69,Local04D
target_matched,target_matched_16,AGC_092,Local04D,4.57,4.472595103741022,0.09740489625897819,0.009487713815222303,0.09740489625897819,center,3.0,4.69,Local04D
target_matched,target_matched_16,AGC_098,Local04D,3.0,3.1365714664706017,-0.1365714664706017,0.018651765453930685,0.1365714664706017,low,3.0,4.69,Local04D
target_matched,target_matched_16,AGC_101,Local04D,4.57,4.23927012898776,0.33072987101223994,0.10938224757977287,0.33072987101223994,center,3.0,4.69,Local04D
target_matched,target_matched_16,AGC_104,Local04D,4.56,4.318904719283093,0.24109528071690622,0.05812693438396382,0.24109528071690622,center,3.0,4.69,Local04D
target_matched,target_matched_16,AGC_105,Local04D,4.41,4.2655157791652725,0.14448422083472767,0.020875690070218354,0.14448422083472767,center,3.0,4.69,Local04D
target_matched,target_matched_16,AGC_109,Local04D,4.54,4.799530714888944,-0.2595307148889443,0.06735619197076649,0.2595307148889443,center,3.0,4.69,Local04D
target_matched,target_matched_16,AGC_110,Local04D,4.18,4.284068256615308,-0.10406825661530839,0.010830202034949677,0.10406825661530839,center,3.0,4.69,Local04D
target_matched,target_matched_16,AGC_114,Local04D,3.0,3.0734737494648376,-0.07347374946483765,0.00539839186042173,0.07347374946483765,low,3.0,4.69,Local04D
target_matched,target_matched_16,AGC_115,Local04D,4.6,4.509321816993095,0.09067818300690433,0.008222532873433634,0.09067818300690433,center,3.0,4.69,Local04D
target_matched,target_matched_16,AGC_117,Local04D,3.5,2.879388125945699,0.6206118740543012,0.3851590982171918,0.6206118740543012,center,3.0,4.69,Local04D
target_matched,target_matched_16,AGC_123,Local04D,2.5,3.2274589652072887,-0.7274589652072887,0.5291965460604593,0.7274589652072887,low,3.0,4.69,Local04D
target_matched,target_matched_16,AGC_124,Local04D,5.05,4.428416990199449,0.6215830098005508,0.3863654380727116,0.6215830098005508,high,3.0,4.69,Local04D
target_matched,target_matched_16,AGC_125,Local04D,4.06,4.148161892055842,-0.08816189205584202,0.00777251921086594,0.08816189205584202,center,3.0,4.69,Local04D
target_matched,target_matched_16,AGC_148,Local04D,3.0,3.1384649608421697,-0.13846496084216975,0.0191725453810236,0.13846496084216975,low,3.0,4.69,Local04D
target_matched,target_matched_16,AGC_150,Local04D,4.52,4.340854043458874,0.17914595654112553,0.03209327374503484,0.17914595654112553,center,3.0,4.69,Local04D
target_matched,target_matched_16,AGC_152,Local04D,4.87,4.516456199991975,0.3535438000080253,0.1249932185241146,0.3535438000080253,high,3.0,4.69,Local04D
target_matched,target_matched_16,AGC_161,Local04D,4.46,4.671418569212798,-0.2114185692127979,0.044697811407986614,0.2114185692127979,center,3.0,4.69,Local04D
target_matched,target_matched_16,AGC_166,Local04D,2.5,3.003099411315044,-0.503099411315044,0.25310901766554383,0.503099411315044,low,3.0,4.69,Local04D
target_matched,target_matched_16,AGC_172,Local04D,5.19,4.551997745565694,0.6380022544343067,0.40704687666325784,0.6380022544343067,high,3.0,4.69,Local04D
target_matched,target_matched_16,AGC_178,Local04D,4.39,4.348459831677267,0.041540168322732995,0.0017255855842809899,0.041540168322732995,center,3.0,4.69,Local04D
target_matched,target_matched_16,AGC_180,Local04D,4.14,4.456541715378799,-0.3165417153787997,0.10019865757495305,0.3165417153787997,center,3.0,4.69,Local04D
target_matched,target_matched_16,AGC_189,Local04D,4.03,4.189403587071119,-0.159403587071119,0.02540950357113982,0.159403587071119,center,3.0,4.69,Local04D
