feature,family,source,mode,description,dtype,numeric,missing_fraction_all,n_unique_non_null
admin_admin_join_source,admin,official_split+official_parcels+admin,clean,Static parcel geometry or administrative feature.,object,False,0.0,1
admin_cve_ent,admin,official_split+official_parcels+admin,clean,Static parcel geometry or administrative feature.,int64,True,0.0,3
admin_cve_mun,admin,official_split+official_parcels+admin,clean,Static parcel geometry or administrative feature.,int64,True,0.0,8
admin_cvegeo,admin,official_split+official_parcels+admin,clean,Static parcel geometry or administrative feature.,int64,True,0.0,9
admin_official_spatial_match,admin,official_split+official_parcels+admin,clean,Static parcel geometry or administrative feature.,bool,True,0.0,2
admin_spatial_cvegeo,admin,official_split+official_parcels+admin,clean,Static parcel geometry or administrative feature.,int64,True,0.0,9
admin_spatial_municipio,admin,official_split+official_parcels+admin,clean,Static parcel geometry or administrative feature.,object,False,0.0,9
admin_spatial_overlap_fraction,admin,official_split+official_parcels+admin,clean,Static parcel geometry or administrative feature.,float64,True,0.0,16
base_area_delta_ha,geometry,official_split+official_parcels+admin,clean,Static parcel geometry or administrative feature.,float64,True,0.0,197
base_area_ha,geometry,official_split+official_parcels+admin,clean,Static parcel geometry or administrative feature.,float64,True,0.0,175
base_area_ratio,geometry,official_split+official_parcels+admin,clean,Static parcel geometry or administrative feature.,float64,True,0.0,197
base_centroid_lat,geometry,official_split+official_parcels+admin,clean,Static parcel geometry or administrative feature.,float64,True,0.0,197
base_centroid_lon,geometry,official_split+official_parcels+admin,clean,Static parcel geometry or administrative feature.,float64,True,0.0,197
base_geom_area_ha,geometry,official_split+official_parcels+admin,clean,Static parcel geometry or administrative feature.,float64,True,0.0,197
cem15__elevation__max,cem,external_inegi_cem,clean,High-resolution state CEM elevation zonal statistic.,float64,True,0.0,142
cem15__elevation__mean,cem,external_inegi_cem,clean,High-resolution state CEM elevation zonal statistic.,float64,True,0.0,197
cem15__elevation__min,cem,external_inegi_cem,clean,High-resolution state CEM elevation zonal statistic.,float64,True,0.0,130
cem15__elevation__range,cem,external_inegi_cem,clean,High-resolution state CEM elevation zonal statistic.,float64,True,0.0,42
cem15__elevation__std,cem,external_inegi_cem,clean,High-resolution state CEM elevation zonal statistic.,float64,True,0.0,197
chirps_daily_2025__max_dry_spell_days,chirps,external_chirps_daily,competition,Full April-Oct 2025 daily CHIRPS precipitation aggregate/extreme.,float64,True,0.0,7
clim_official_2025__prec__m04,climate_official,official_climate,competition,Full target-season 2025 monthly climate value.,float64,True,0.0,40
clim_official_2025__prec__m04_anomaly,climate_official,official_climate,competition,2025 monthly anomaly versus 2022-2024 climatology.,float64,True,0.0,40
clim_official_2025__prec__m05,climate_official,official_climate,competition,Full target-season 2025 monthly climate value.,float64,True,0.0,40
clim_official_2025__prec__m05_anomaly,climate_official,official_climate,competition,2025 monthly anomaly versus 2022-2024 climatology.,float64,True,0.0,40
clim_official_2025__prec__m06,climate_official,official_climate,competition,Full target-season 2025 monthly climate value.,float64,True,0.0,40
clim_official_2025__prec__m06_anomaly,climate_official,official_climate,competition,2025 monthly anomaly versus 2022-2024 climatology.,float64,True,0.0,40
clim_official_2025__prec__m07,climate_official,official_climate,competition,Full target-season 2025 monthly climate value.,float64,True,0.0,40
clim_official_2025__prec__m07_anomaly,climate_official,official_climate,competition,2025 monthly anomaly versus 2022-2024 climatology.,float64,True,0.0,40
clim_official_2025__prec__m08,climate_official,official_climate,competition,Full target-season 2025 monthly climate value.,float64,True,0.0,40
clim_official_2025__prec__m08_anomaly,climate_official,official_climate,competition,2025 monthly anomaly versus 2022-2024 climatology.,float64,True,0.0,40
clim_official_2025__prec__m09,climate_official,official_climate,competition,Full target-season 2025 monthly climate value.,float64,True,0.0,40
clim_official_2025__prec__m09_anomaly,climate_official,official_climate,competition,2025 monthly anomaly versus 2022-2024 climatology.,float64,True,0.0,40
clim_official_2025__prec__m10,climate_official,official_climate,competition,Full target-season 2025 monthly climate value.,float64,True,0.0,40
clim_official_2025__prec__m10_anomaly,climate_official,official_climate,competition,2025 monthly anomaly versus 2022-2024 climatology.,float64,True,0.0,40
clim_official_2025__prec__season_sum,climate_official,official_climate,competition,April-Oct aggregate derived from monthly climate features.,float64,True,0.0,40
clim_official_2025__tmax__m04,climate_official,official_climate,competition,Full target-season 2025 monthly climate value.,float64,True,0.0,40
clim_official_2025__tmax__m04_anomaly,climate_official,official_climate,competition,2025 monthly anomaly versus 2022-2024 climatology.,float64,True,0.0,40
clim_official_2025__tmax__m05,climate_official,official_climate,competition,Full target-season 2025 monthly climate value.,float64,True,0.0,40
clim_official_2025__tmax__m05_anomaly,climate_official,official_climate,competition,2025 monthly anomaly versus 2022-2024 climatology.,float64,True,0.0,40
clim_official_2025__tmax__m06,climate_official,official_climate,competition,Full target-season 2025 monthly climate value.,float64,True,0.0,40
clim_official_2025__tmax__m06_anomaly,climate_official,official_climate,competition,2025 monthly anomaly versus 2022-2024 climatology.,float64,True,0.0,40
clim_official_2025__tmax__m07,climate_official,official_climate,competition,Full target-season 2025 monthly climate value.,float64,True,0.0,40
clim_official_2025__tmax__m07_anomaly,climate_official,official_climate,competition,2025 monthly anomaly versus 2022-2024 climatology.,float64,True,0.0,40
clim_official_2025__tmax__m08,climate_official,official_climate,competition,Full target-season 2025 monthly climate value.,float64,True,0.0,40
clim_official_2025__tmax__m08_anomaly,climate_official,official_climate,competition,2025 monthly anomaly versus 2022-2024 climatology.,float64,True,0.0,40
clim_official_2025__tmax__m09,climate_official,official_climate,competition,Full target-season 2025 monthly climate value.,float64,True,0.0,40
clim_official_2025__tmax__m09_anomaly,climate_official,official_climate,competition,2025 monthly anomaly versus 2022-2024 climatology.,float64,True,0.0,40
clim_official_2025__tmax__m10,climate_official,official_climate,competition,Full target-season 2025 monthly climate value.,float64,True,0.0,40
clim_official_2025__tmax__m10_anomaly,climate_official,official_climate,competition,2025 monthly anomaly versus 2022-2024 climatology.,float64,True,0.0,40
clim_official_2025__tmax__season_mean,climate_official,official_climate,competition,April-Oct aggregate derived from monthly climate features.,float64,True,0.0,40
clim_official_2025__tmin__m04,climate_official,official_climate,competition,Full target-season 2025 monthly climate value.,float64,True,0.0,40
clim_official_2025__tmin__m04_anomaly,climate_official,official_climate,competition,2025 monthly anomaly versus 2022-2024 climatology.,float64,True,0.0,40
clim_official_2025__tmin__m05,climate_official,official_climate,competition,Full target-season 2025 monthly climate value.,float64,True,0.0,40
clim_official_2025__tmin__m05_anomaly,climate_official,official_climate,competition,2025 monthly anomaly versus 2022-2024 climatology.,float64,True,0.0,40
clim_official_2025__tmin__m06,climate_official,official_climate,competition,Full target-season 2025 monthly climate value.,float64,True,0.0,40
clim_official_2025__tmin__m06_anomaly,climate_official,official_climate,competition,2025 monthly anomaly versus 2022-2024 climatology.,float64,True,0.0,40
clim_official_2025__tmin__m07,climate_official,official_climate,competition,Full target-season 2025 monthly climate value.,float64,True,0.0,40
clim_official_2025__tmin__m07_anomaly,climate_official,official_climate,competition,2025 monthly anomaly versus 2022-2024 climatology.,float64,True,0.0,40
clim_official_2025__tmin__m08,climate_official,official_climate,competition,Full target-season 2025 monthly climate value.,float64,True,0.0,40
clim_official_2025__tmin__m08_anomaly,climate_official,official_climate,competition,2025 monthly anomaly versus 2022-2024 climatology.,float64,True,0.0,40
clim_official_2025__tmin__m09,climate_official,official_climate,competition,Full target-season 2025 monthly climate value.,float64,True,0.0,40
clim_official_2025__tmin__m09_anomaly,climate_official,official_climate,competition,2025 monthly anomaly versus 2022-2024 climatology.,float64,True,0.0,40
clim_official_2025__tmin__m10,climate_official,official_climate,competition,Full target-season 2025 monthly climate value.,float64,True,0.0,40
clim_official_2025__tmin__m10_anomaly,climate_official,official_climate,competition,2025 monthly anomaly versus 2022-2024 climatology.,float64,True,0.0,40
clim_official_2025__tmin__season_mean,climate_official,official_climate,competition,April-Oct aggregate derived from monthly climate features.,float64,True,0.0,40
clim_official_hist__prec__m04_mean,climate_official,official_climate,clean,2022-2024 monthly parcel climate climatology.,float64,True,0.0,40
clim_official_hist__prec__m05_mean,climate_official,official_climate,clean,2022-2024 monthly parcel climate climatology.,float64,True,0.0,40
clim_official_hist__prec__m06_mean,climate_official,official_climate,clean,2022-2024 monthly parcel climate climatology.,float64,True,0.0,40
clim_official_hist__prec__m07_mean,climate_official,official_climate,clean,2022-2024 monthly parcel climate climatology.,float64,True,0.0,40
clim_official_hist__prec__m08_mean,climate_official,official_climate,clean,2022-2024 monthly parcel climate climatology.,float64,True,0.0,40
clim_official_hist__prec__m09_mean,climate_official,official_climate,clean,2022-2024 monthly parcel climate climatology.,float64,True,0.0,40
clim_official_hist__prec__m10_mean,climate_official,official_climate,clean,2022-2024 monthly parcel climate climatology.,float64,True,0.0,40
clim_official_hist__prec__season_sum,climate_official,official_climate,clean,April-Oct aggregate derived from monthly climate features.,float64,True,0.0,40
clim_official_hist__tmax__m04_mean,climate_official,official_climate,clean,2022-2024 monthly parcel climate climatology.,float64,True,0.0,40
clim_official_hist__tmax__m05_mean,climate_official,official_climate,clean,2022-2024 monthly parcel climate climatology.,float64,True,0.0,40
clim_official_hist__tmax__m06_mean,climate_official,official_climate,clean,2022-2024 monthly parcel climate climatology.,float64,True,0.0,40
clim_official_hist__tmax__m07_mean,climate_official,official_climate,clean,2022-2024 monthly parcel climate climatology.,float64,True,0.0,40
clim_official_hist__tmax__m08_mean,climate_official,official_climate,clean,2022-2024 monthly parcel climate climatology.,float64,True,0.0,40
clim_official_hist__tmax__m09_mean,climate_official,official_climate,clean,2022-2024 monthly parcel climate climatology.,float64,True,0.0,40
clim_official_hist__tmax__m10_mean,climate_official,official_climate,clean,2022-2024 monthly parcel climate climatology.,float64,True,0.0,40
clim_official_hist__tmax__season_mean,climate_official,official_climate,clean,April-Oct aggregate derived from monthly climate features.,float64,True,0.0,40
clim_official_hist__tmin__m04_mean,climate_official,official_climate,clean,2022-2024 monthly parcel climate climatology.,float64,True,0.0,40
clim_official_hist__tmin__m05_mean,climate_official,official_climate,clean,2022-2024 monthly parcel climate climatology.,float64,True,0.0,40
clim_official_hist__tmin__m06_mean,climate_official,official_climate,clean,2022-2024 monthly parcel climate climatology.,float64,True,0.0,40
clim_official_hist__tmin__m07_mean,climate_official,official_climate,clean,2022-2024 monthly parcel climate climatology.,float64,True,0.0,40
clim_official_hist__tmin__m08_mean,climate_official,official_climate,clean,2022-2024 monthly parcel climate climatology.,float64,True,0.0,40
clim_official_hist__tmin__m09_mean,climate_official,official_climate,clean,2022-2024 monthly parcel climate climatology.,float64,True,0.0,40
clim_official_hist__tmin__m10_mean,climate_official,official_climate,clean,2022-2024 monthly parcel climate climatology.,float64,True,0.0,40
clim_official_hist__tmin__season_mean,climate_official,official_climate,clean,April-Oct aggregate derived from monthly climate features.,float64,True,0.0,40
sat_basic_2025__landsat__vi6t_max__max,basic,sat_basic,competition,Full target-season 2025 satellite summary.,float64,True,0.0,92
sat_basic_2025__landsat__vi6t_max__mean,basic,sat_basic,competition,Full target-season 2025 satellite summary.,float64,True,0.0,194
sat_basic_2025__landsat__vi6t_max__min,basic,sat_basic,competition,Full target-season 2025 satellite summary.,float64,True,0.0,56
sat_basic_2025__landsat__vi6t_max__std,basic,sat_basic,competition,Full target-season 2025 satellite summary.,float64,True,0.0,197
sat_basic_2025__landsat__vi6t_min__max,basic,sat_basic,competition,Full target-season 2025 satellite summary.,float64,True,0.0,72
sat_basic_2025__landsat__vi6t_min__mean,basic,sat_basic,competition,Full target-season 2025 satellite summary.,float64,True,0.0,191
sat_basic_2025__landsat__vi6t_min__min,basic,sat_basic,competition,Full target-season 2025 satellite summary.,float64,True,0.0,53
sat_basic_2025__landsat__vi6t_min__std,basic,sat_basic,competition,Full target-season 2025 satellite summary.,float64,True,0.0,197
sat_basic_2025__landsat__vi6t_promedio__max,basic,sat_basic,competition,Full target-season 2025 satellite summary.,float64,True,0.0,69
sat_basic_2025__landsat__vi6t_promedio__mean,basic,sat_basic,competition,Full target-season 2025 satellite summary.,float64,True,0.0,193
sat_basic_2025__landsat__vi6t_promedio__min,basic,sat_basic,competition,Full target-season 2025 satellite summary.,float64,True,0.0,40
sat_basic_2025__landsat__vi6t_promedio__std,basic,sat_basic,competition,Full target-season 2025 satellite summary.,float64,True,0.0,197
sat_basic_2025__landsat__vi6t_std__max,basic,sat_basic,competition,Full target-season 2025 satellite summary.,float64,True,0.0,37
sat_basic_2025__landsat__vi6t_std__mean,basic,sat_basic,competition,Full target-season 2025 satellite summary.,float64,True,0.0,179
sat_basic_2025__landsat__vi6t_std__min,basic,sat_basic,competition,Full target-season 2025 satellite summary.,float64,True,0.0,11
sat_basic_2025__landsat__vi6t_std__std,basic,sat_basic,competition,Full target-season 2025 satellite summary.,float64,True,0.0,196
sat_basic_2025__sentinel_2__crc_max__max,basic,sat_basic,competition,Full target-season 2025 satellite summary.,float64,True,0.0,87
sat_basic_2025__sentinel_2__crc_max__mean,basic,sat_basic,competition,Full target-season 2025 satellite summary.,float64,True,0.0,196
sat_basic_2025__sentinel_2__crc_max__min,basic,sat_basic,competition,Full target-season 2025 satellite summary.,float64,True,0.0,155
sat_basic_2025__sentinel_2__crc_max__std,basic,sat_basic,competition,Full target-season 2025 satellite summary.,float64,True,0.0,197
sat_basic_2025__sentinel_2__crc_min__max,basic,sat_basic,competition,Full target-season 2025 satellite summary.,float64,True,0.0,114
sat_basic_2025__sentinel_2__crc_min__mean,basic,sat_basic,competition,Full target-season 2025 satellite summary.,float64,True,0.0,197
sat_basic_2025__sentinel_2__crc_min__min,basic,sat_basic,competition,Full target-season 2025 satellite summary.,float64,True,0.0,159
sat_basic_2025__sentinel_2__crc_min__std,basic,sat_basic,competition,Full target-season 2025 satellite summary.,float64,True,0.0,197
sat_basic_2025__sentinel_2__crc_promedio__max,basic,sat_basic,competition,Full target-season 2025 satellite summary.,float64,True,0.0,89
sat_basic_2025__sentinel_2__crc_promedio__mean,basic,sat_basic,competition,Full target-season 2025 satellite summary.,float64,True,0.0,197
sat_basic_2025__sentinel_2__crc_promedio__min,basic,sat_basic,competition,Full target-season 2025 satellite summary.,float64,True,0.0,167
sat_basic_2025__sentinel_2__crc_promedio__std,basic,sat_basic,competition,Full target-season 2025 satellite summary.,float64,True,0.0,197
sat_basic_2025__sentinel_2__crc_std__max,basic,sat_basic,competition,Full target-season 2025 satellite summary.,float64,True,0.0,134
sat_basic_2025__sentinel_2__crc_std__mean,basic,sat_basic,competition,Full target-season 2025 satellite summary.,float64,True,0.0,195
sat_basic_2025__sentinel_2__crc_std__min,basic,sat_basic,competition,Full target-season 2025 satellite summary.,float64,True,0.0,25
sat_basic_2025__sentinel_2__crc_std__std,basic,sat_basic,competition,Full target-season 2025 satellite summary.,float64,True,0.0,197
sat_basic_2025__sentinel_2__dswi2_max__max,basic,sat_basic,competition,Full target-season 2025 satellite summary.,float64,True,0.0,183
sat_basic_2025__sentinel_2__dswi2_max__mean,basic,sat_basic,competition,Full target-season 2025 satellite summary.,float64,True,0.0,197
sat_basic_2025__sentinel_2__dswi2_max__min,basic,sat_basic,competition,Full target-season 2025 satellite summary.,float64,True,0.0,186
sat_basic_2025__sentinel_2__dswi2_max__std,basic,sat_basic,competition,Full target-season 2025 satellite summary.,float64,True,0.0,197
sat_basic_2025__sentinel_2__dswi2_min__max,basic,sat_basic,competition,Full target-season 2025 satellite summary.,float64,True,0.0,171
sat_basic_2025__sentinel_2__dswi2_min__mean,basic,sat_basic,competition,Full target-season 2025 satellite summary.,float64,True,0.0,197
sat_basic_2025__sentinel_2__dswi2_min__min,basic,sat_basic,competition,Full target-season 2025 satellite summary.,float64,True,0.0,156
sat_basic_2025__sentinel_2__dswi2_min__std,basic,sat_basic,competition,Full target-season 2025 satellite summary.,float64,True,0.0,197
sat_basic_2025__sentinel_2__dswi2_promedio__max,basic,sat_basic,competition,Full target-season 2025 satellite summary.,float64,True,0.0,169
sat_basic_2025__sentinel_2__dswi2_promedio__mean,basic,sat_basic,competition,Full target-season 2025 satellite summary.,float64,True,0.0,197
sat_basic_2025__sentinel_2__dswi2_promedio__min,basic,sat_basic,competition,Full target-season 2025 satellite summary.,float64,True,0.0,180
sat_basic_2025__sentinel_2__dswi2_promedio__std,basic,sat_basic,competition,Full target-season 2025 satellite summary.,float64,True,0.0,197
sat_basic_2025__sentinel_2__dswi2_std__max,basic,sat_basic,competition,Full target-season 2025 satellite summary.,float64,True,0.0,155
sat_basic_2025__sentinel_2__dswi2_std__mean,basic,sat_basic,competition,Full target-season 2025 satellite summary.,float64,True,0.0,196
sat_basic_2025__sentinel_2__dswi2_std__min,basic,sat_basic,competition,Full target-season 2025 satellite summary.,float64,True,0.0,83
sat_basic_2025__sentinel_2__dswi2_std__std,basic,sat_basic,competition,Full target-season 2025 satellite summary.,float64,True,0.0,197
sat_basic_2025__sentinel_2__dswi3_max__max,basic,sat_basic,competition,Full target-season 2025 satellite summary.,float64,True,0.0,181
sat_basic_2025__sentinel_2__dswi3_max__mean,basic,sat_basic,competition,Full target-season 2025 satellite summary.,float64,True,0.0,197
sat_basic_2025__sentinel_2__dswi3_max__min,basic,sat_basic,competition,Full target-season 2025 satellite summary.,float64,True,0.0,179
sat_basic_2025__sentinel_2__dswi3_max__std,basic,sat_basic,competition,Full target-season 2025 satellite summary.,float64,True,0.0,197
sat_basic_2025__sentinel_2__dswi3_min__max,basic,sat_basic,competition,Full target-season 2025 satellite summary.,float64,True,0.0,169
sat_basic_2025__sentinel_2__dswi3_min__mean,basic,sat_basic,competition,Full target-season 2025 satellite summary.,float64,True,0.0,197
sat_basic_2025__sentinel_2__dswi3_min__min,basic,sat_basic,competition,Full target-season 2025 satellite summary.,float64,True,0.0,157
sat_basic_2025__sentinel_2__dswi3_min__std,basic,sat_basic,competition,Full target-season 2025 satellite summary.,float64,True,0.0,197
sat_basic_2025__sentinel_2__dswi3_promedio__max,basic,sat_basic,competition,Full target-season 2025 satellite summary.,float64,True,0.0,177
sat_basic_2025__sentinel_2__dswi3_promedio__mean,basic,sat_basic,competition,Full target-season 2025 satellite summary.,float64,True,0.0,197
sat_basic_2025__sentinel_2__dswi3_promedio__min,basic,sat_basic,competition,Full target-season 2025 satellite summary.,float64,True,0.0,169
sat_basic_2025__sentinel_2__dswi3_promedio__std,basic,sat_basic,competition,Full target-season 2025 satellite summary.,float64,True,0.0,197
sat_basic_2025__sentinel_2__dswi3_std__max,basic,sat_basic,competition,Full target-season 2025 satellite summary.,float64,True,0.0,166
sat_basic_2025__sentinel_2__dswi3_std__mean,basic,sat_basic,competition,Full target-season 2025 satellite summary.,float64,True,0.0,196
sat_basic_2025__sentinel_2__dswi3_std__min,basic,sat_basic,competition,Full target-season 2025 satellite summary.,float64,True,0.0,100
sat_basic_2025__sentinel_2__dswi3_std__std,basic,sat_basic,competition,Full target-season 2025 satellite summary.,float64,True,0.0,197
sat_basic_2025__sentinel_2__dswi4_max__max,basic,sat_basic,competition,Full target-season 2025 satellite summary.,float64,True,0.0,177
sat_basic_2025__sentinel_2__dswi4_max__mean,basic,sat_basic,competition,Full target-season 2025 satellite summary.,float64,True,0.0,197
sat_basic_2025__sentinel_2__dswi4_max__min,basic,sat_basic,competition,Full target-season 2025 satellite summary.,float64,True,0.0,133
sat_basic_2025__sentinel_2__dswi4_max__std,basic,sat_basic,competition,Full target-season 2025 satellite summary.,float64,True,0.0,197
sat_basic_2025__sentinel_2__dswi4_min__max,basic,sat_basic,competition,Full target-season 2025 satellite summary.,float64,True,0.0,155
sat_basic_2025__sentinel_2__dswi4_min__mean,basic,sat_basic,competition,Full target-season 2025 satellite summary.,float64,True,0.0,197
sat_basic_2025__sentinel_2__dswi4_min__min,basic,sat_basic,competition,Full target-season 2025 satellite summary.,float64,True,0.0,93
sat_basic_2025__sentinel_2__dswi4_min__std,basic,sat_basic,competition,Full target-season 2025 satellite summary.,float64,True,0.0,197
sat_basic_2025__sentinel_2__dswi4_promedio__max,basic,sat_basic,competition,Full target-season 2025 satellite summary.,float64,True,0.0,153
sat_basic_2025__sentinel_2__dswi4_promedio__mean,basic,sat_basic,competition,Full target-season 2025 satellite summary.,float64,True,0.0,197
sat_basic_2025__sentinel_2__dswi4_promedio__min,basic,sat_basic,competition,Full target-season 2025 satellite summary.,float64,True,0.0,80
sat_basic_2025__sentinel_2__dswi4_promedio__std,basic,sat_basic,competition,Full target-season 2025 satellite summary.,float64,True,0.0,197
sat_basic_2025__sentinel_2__dswi4_std__max,basic,sat_basic,competition,Full target-season 2025 satellite summary.,float64,True,0.0,128
sat_basic_2025__sentinel_2__dswi4_std__mean,basic,sat_basic,competition,Full target-season 2025 satellite summary.,float64,True,0.0,197
sat_basic_2025__sentinel_2__dswi4_std__min,basic,sat_basic,competition,Full target-season 2025 satellite summary.,float64,True,0.0,43
sat_basic_2025__sentinel_2__dswi4_std__std,basic,sat_basic,competition,Full target-season 2025 satellite summary.,float64,True,0.0,197
sat_basic_2025__sentinel_2__dswi5_max__max,basic,sat_basic,competition,Full target-season 2025 satellite summary.,float64,True,0.0,185
sat_basic_2025__sentinel_2__dswi5_max__mean,basic,sat_basic,competition,Full target-season 2025 satellite summary.,float64,True,0.0,197
sat_basic_2025__sentinel_2__dswi5_max__min,basic,sat_basic,competition,Full target-season 2025 satellite summary.,float64,True,0.0,143
sat_basic_2025__sentinel_2__dswi5_max__std,basic,sat_basic,competition,Full target-season 2025 satellite summary.,float64,True,0.0,197
sat_basic_2025__sentinel_2__dswi5_min__max,basic,sat_basic,competition,Full target-season 2025 satellite summary.,float64,True,0.0,174
sat_basic_2025__sentinel_2__dswi5_min__mean,basic,sat_basic,competition,Full target-season 2025 satellite summary.,float64,True,0.0,197
sat_basic_2025__sentinel_2__dswi5_min__min,basic,sat_basic,competition,Full target-season 2025 satellite summary.,float64,True,0.0,114
sat_basic_2025__sentinel_2__dswi5_min__std,basic,sat_basic,competition,Full target-season 2025 satellite summary.,float64,True,0.0,197
sat_basic_2025__sentinel_2__dswi5_promedio__max,basic,sat_basic,competition,Full target-season 2025 satellite summary.,float64,True,0.0,183
sat_basic_2025__sentinel_2__dswi5_promedio__mean,basic,sat_basic,competition,Full target-season 2025 satellite summary.,float64,True,0.0,197
sat_basic_2025__sentinel_2__dswi5_promedio__min,basic,sat_basic,competition,Full target-season 2025 satellite summary.,float64,True,0.0,110
sat_basic_2025__sentinel_2__dswi5_promedio__std,basic,sat_basic,competition,Full target-season 2025 satellite summary.,float64,True,0.0,197
sat_basic_2025__sentinel_2__dswi5_std__max,basic,sat_basic,competition,Full target-season 2025 satellite summary.,float64,True,0.0,158
sat_basic_2025__sentinel_2__dswi5_std__mean,basic,sat_basic,competition,Full target-season 2025 satellite summary.,float64,True,0.0,197
sat_basic_2025__sentinel_2__dswi5_std__min,basic,sat_basic,competition,Full target-season 2025 satellite summary.,float64,True,0.0,53
sat_basic_2025__sentinel_2__dswi5_std__std,basic,sat_basic,competition,Full target-season 2025 satellite summary.,float64,True,0.0,197
sat_basic_2025__sentinel_2__emsi_max__max,basic,sat_basic,competition,Full target-season 2025 satellite summary.,float64,True,0.0,178
sat_basic_2025__sentinel_2__emsi_max__mean,basic,sat_basic,competition,Full target-season 2025 satellite summary.,float64,True,0.0,197
sat_basic_2025__sentinel_2__emsi_max__min,basic,sat_basic,competition,Full target-season 2025 satellite summary.,float64,True,0.0,146
sat_basic_2025__sentinel_2__emsi_max__std,basic,sat_basic,competition,Full target-season 2025 satellite summary.,float64,True,0.0,197
sat_basic_2025__sentinel_2__emsi_min__max,basic,sat_basic,competition,Full target-season 2025 satellite summary.,float64,True,0.0,164
sat_basic_2025__sentinel_2__emsi_min__mean,basic,sat_basic,competition,Full target-season 2025 satellite summary.,float64,True,0.0,197
sat_basic_2025__sentinel_2__emsi_min__min,basic,sat_basic,competition,Full target-season 2025 satellite summary.,float64,True,0.0,104
sat_basic_2025__sentinel_2__emsi_min__std,basic,sat_basic,competition,Full target-season 2025 satellite summary.,float64,True,0.0,197
sat_basic_2025__sentinel_2__emsi_promedio__max,basic,sat_basic,competition,Full target-season 2025 satellite summary.,float64,True,0.0,152
sat_basic_2025__sentinel_2__emsi_promedio__mean,basic,sat_basic,competition,Full target-season 2025 satellite summary.,float64,True,0.0,197
sat_basic_2025__sentinel_2__emsi_promedio__min,basic,sat_basic,competition,Full target-season 2025 satellite summary.,float64,True,0.0,121
sat_basic_2025__sentinel_2__emsi_promedio__std,basic,sat_basic,competition,Full target-season 2025 satellite summary.,float64,True,0.0,197
sat_basic_2025__sentinel_2__emsi_std__max,basic,sat_basic,competition,Full target-season 2025 satellite summary.,float64,True,0.0,127
sat_basic_2025__sentinel_2__emsi_std__mean,basic,sat_basic,competition,Full target-season 2025 satellite summary.,float64,True,0.0,194
sat_basic_2025__sentinel_2__emsi_std__min,basic,sat_basic,competition,Full target-season 2025 satellite summary.,float64,True,0.0,53
sat_basic_2025__sentinel_2__emsi_std__std,basic,sat_basic,competition,Full target-season 2025 satellite summary.,float64,True,0.0,197
sat_basic_2025__sentinel_2__enddi_max__max,basic,sat_basic,competition,Full target-season 2025 satellite summary.,float64,True,0.0,95
sat_basic_2025__sentinel_2__enddi_max__mean,basic,sat_basic,competition,Full target-season 2025 satellite summary.,float64,True,0.0,194
sat_basic_2025__sentinel_2__enddi_max__min,basic,sat_basic,competition,Full target-season 2025 satellite summary.,float64,True,0.0,106
sat_basic_2025__sentinel_2__enddi_max__std,basic,sat_basic,competition,Full target-season 2025 satellite summary.,float64,True,0.0,197
sat_basic_2025__sentinel_2__enddi_min__max,basic,sat_basic,competition,Full target-season 2025 satellite summary.,float64,True,0.0,81
sat_basic_2025__sentinel_2__enddi_min__mean,basic,sat_basic,competition,Full target-season 2025 satellite summary.,float64,True,0.0,196
sat_basic_2025__sentinel_2__enddi_min__min,basic,sat_basic,competition,Full target-season 2025 satellite summary.,float64,True,0.0,107
sat_basic_2025__sentinel_2__enddi_min__std,basic,sat_basic,competition,Full target-season 2025 satellite summary.,float64,True,0.0,197
sat_basic_2025__sentinel_2__enddi_promedio__max,basic,sat_basic,competition,Full target-season 2025 satellite summary.,float64,True,0.0,82
sat_basic_2025__sentinel_2__enddi_promedio__mean,basic,sat_basic,competition,Full target-season 2025 satellite summary.,float64,True,0.0,197
sat_basic_2025__sentinel_2__enddi_promedio__min,basic,sat_basic,competition,Full target-season 2025 satellite summary.,float64,True,0.0,107
sat_basic_2025__sentinel_2__enddi_promedio__std,basic,sat_basic,competition,Full target-season 2025 satellite summary.,float64,True,0.0,197
sat_basic_2025__sentinel_2__enddi_std__max,basic,sat_basic,competition,Full target-season 2025 satellite summary.,float64,True,0.0,62
sat_basic_2025__sentinel_2__enddi_std__mean,basic,sat_basic,competition,Full target-season 2025 satellite summary.,float64,True,0.0,190
sat_basic_2025__sentinel_2__enddi_std__min,basic,sat_basic,competition,Full target-season 2025 satellite summary.,float64,True,0.0,16
sat_basic_2025__sentinel_2__enddi_std__std,basic,sat_basic,competition,Full target-season 2025 satellite summary.,float64,True,0.0,197
sat_basic_2025__sentinel_2__endwi_max__max,basic,sat_basic,competition,Full target-season 2025 satellite summary.,float64,True,0.0,127
sat_basic_2025__sentinel_2__endwi_max__mean,basic,sat_basic,competition,Full target-season 2025 satellite summary.,float64,True,0.0,197
sat_basic_2025__sentinel_2__endwi_max__min,basic,sat_basic,competition,Full target-season 2025 satellite summary.,float64,True,0.0,145
sat_basic_2025__sentinel_2__endwi_max__std,basic,sat_basic,competition,Full target-season 2025 satellite summary.,float64,True,0.0,197
sat_basic_2025__sentinel_2__endwi_min__max,basic,sat_basic,competition,Full target-season 2025 satellite summary.,float64,True,0.0,145
sat_basic_2025__sentinel_2__endwi_min__mean,basic,sat_basic,competition,Full target-season 2025 satellite summary.,float64,True,0.0,197
sat_basic_2025__sentinel_2__endwi_min__min,basic,sat_basic,competition,Full target-season 2025 satellite summary.,float64,True,0.0,141
sat_basic_2025__sentinel_2__endwi_min__std,basic,sat_basic,competition,Full target-season 2025 satellite summary.,float64,True,0.0,197
sat_basic_2025__sentinel_2__endwi_promedio__max,basic,sat_basic,competition,Full target-season 2025 satellite summary.,float64,True,0.0,135
sat_basic_2025__sentinel_2__endwi_promedio__mean,basic,sat_basic,competition,Full target-season 2025 satellite summary.,float64,True,0.0,197
sat_basic_2025__sentinel_2__endwi_promedio__min,basic,sat_basic,competition,Full target-season 2025 satellite summary.,float64,True,0.0,121
sat_basic_2025__sentinel_2__endwi_promedio__std,basic,sat_basic,competition,Full target-season 2025 satellite summary.,float64,True,0.0,197
sat_basic_2025__sentinel_2__endwi_std__max,basic,sat_basic,competition,Full target-season 2025 satellite summary.,float64,True,0.0,89
sat_basic_2025__sentinel_2__endwi_std__mean,basic,sat_basic,competition,Full target-season 2025 satellite summary.,float64,True,0.0,194
sat_basic_2025__sentinel_2__endwi_std__min,basic,sat_basic,competition,Full target-season 2025 satellite summary.,float64,True,0.0,43
sat_basic_2025__sentinel_2__endwi_std__std,basic,sat_basic,competition,Full target-season 2025 satellite summary.,float64,True,0.0,197
sat_basic_2025__sentinel_2__evi_max__max,basic,sat_basic,competition,Full target-season 2025 satellite summary.,float64,True,0.0,136
sat_basic_2025__sentinel_2__evi_max__mean,basic,sat_basic,competition,Full target-season 2025 satellite summary.,float64,True,0.0,196
sat_basic_2025__sentinel_2__evi_max__min,basic,sat_basic,competition,Full target-season 2025 satellite summary.,float64,True,0.0,138
sat_basic_2025__sentinel_2__evi_max__std,basic,sat_basic,competition,Full target-season 2025 satellite summary.,float64,True,0.0,197
sat_basic_2025__sentinel_2__evi_min__max,basic,sat_basic,competition,Full target-season 2025 satellite summary.,float64,True,0.0,148
sat_basic_2025__sentinel_2__evi_min__mean,basic,sat_basic,competition,Full target-season 2025 satellite summary.,float64,True,0.0,196
sat_basic_2025__sentinel_2__evi_min__min,basic,sat_basic,competition,Full target-season 2025 satellite summary.,float64,True,0.0,79
sat_basic_2025__sentinel_2__evi_min__std,basic,sat_basic,competition,Full target-season 2025 satellite summary.,float64,True,0.0,197
sat_basic_2025__sentinel_2__evi_promedio__max,basic,sat_basic,competition,Full target-season 2025 satellite summary.,float64,True,0.0,156
sat_basic_2025__sentinel_2__evi_promedio__mean,basic,sat_basic,competition,Full target-season 2025 satellite summary.,float64,True,0.0,195
sat_basic_2025__sentinel_2__evi_promedio__min,basic,sat_basic,competition,Full target-season 2025 satellite summary.,float64,True,0.0,101
sat_basic_2025__sentinel_2__evi_promedio__std,basic,sat_basic,competition,Full target-season 2025 satellite summary.,float64,True,0.0,197
sat_basic_2025__sentinel_2__evi_std__max,basic,sat_basic,competition,Full target-season 2025 satellite summary.,float64,True,0.0,109
sat_basic_2025__sentinel_2__evi_std__mean,basic,sat_basic,competition,Full target-season 2025 satellite summary.,float64,True,0.0,196
sat_basic_2025__sentinel_2__evi_std__min,basic,sat_basic,competition,Full target-season 2025 satellite summary.,float64,True,0.0,42
sat_basic_2025__sentinel_2__evi_std__std,basic,sat_basic,competition,Full target-season 2025 satellite summary.,float64,True,0.0,197
sat_basic_2025__sentinel_2__fapar_max__max,basic,sat_basic,competition,Full target-season 2025 satellite summary.,float64,True,0.0,145
sat_basic_2025__sentinel_2__fapar_max__mean,basic,sat_basic,competition,Full target-season 2025 satellite summary.,float64,True,0.0,197
sat_basic_2025__sentinel_2__fapar_max__min,basic,sat_basic,competition,Full target-season 2025 satellite summary.,float64,True,0.0,123
sat_basic_2025__sentinel_2__fapar_max__std,basic,sat_basic,competition,Full target-season 2025 satellite summary.,float64,True,0.0,197
sat_basic_2025__sentinel_2__fapar_min__max,basic,sat_basic,competition,Full target-season 2025 satellite summary.,float64,True,0.0,142
sat_basic_2025__sentinel_2__fapar_min__mean,basic,sat_basic,competition,Full target-season 2025 satellite summary.,float64,True,0.0,196
sat_basic_2025__sentinel_2__fapar_min__min,basic,sat_basic,competition,Full target-season 2025 satellite summary.,float64,True,0.0,32
sat_basic_2025__sentinel_2__fapar_min__std,basic,sat_basic,competition,Full target-season 2025 satellite summary.,float64,True,0.0,197
sat_basic_2025__sentinel_2__fapar_promedio__max,basic,sat_basic,competition,Full target-season 2025 satellite summary.,float64,True,0.0,146
sat_basic_2025__sentinel_2__fapar_promedio__mean,basic,sat_basic,competition,Full target-season 2025 satellite summary.,float64,True,0.0,196
sat_basic_2025__sentinel_2__fapar_promedio__min,basic,sat_basic,competition,Full target-season 2025 satellite summary.,float64,True,0.0,77
sat_basic_2025__sentinel_2__fapar_promedio__std,basic,sat_basic,competition,Full target-season 2025 satellite summary.,float64,True,0.0,197
sat_basic_2025__sentinel_2__fapar_std__max,basic,sat_basic,competition,Full target-season 2025 satellite summary.,float64,True,0.0,99
sat_basic_2025__sentinel_2__fapar_std__mean,basic,sat_basic,competition,Full target-season 2025 satellite summary.,float64,True,0.0,196
sat_basic_2025__sentinel_2__fapar_std__min,basic,sat_basic,competition,Full target-season 2025 satellite summary.,float64,True,0.0,40
sat_basic_2025__sentinel_2__fapar_std__std,basic,sat_basic,competition,Full target-season 2025 satellite summary.,float64,True,0.0,197
sat_basic_2025__sentinel_2__lai_max__max,basic,sat_basic,competition,Full target-season 2025 satellite summary.,float64,True,0.0,188
sat_basic_2025__sentinel_2__lai_max__mean,basic,sat_basic,competition,Full target-season 2025 satellite summary.,float64,True,0.0,196
sat_basic_2025__sentinel_2__lai_max__min,basic,sat_basic,competition,Full target-season 2025 satellite summary.,float64,True,0.0,137
sat_basic_2025__sentinel_2__lai_max__std,basic,sat_basic,competition,Full target-season 2025 satellite summary.,float64,True,0.0,197
sat_basic_2025__sentinel_2__lai_min__max,basic,sat_basic,competition,Full target-season 2025 satellite summary.,float64,True,0.0,160
sat_basic_2025__sentinel_2__lai_min__mean,basic,sat_basic,competition,Full target-season 2025 satellite summary.,float64,True,0.0,197
sat_basic_2025__sentinel_2__lai_min__min,basic,sat_basic,competition,Full target-season 2025 satellite summary.,float64,True,0.0,73
sat_basic_2025__sentinel_2__lai_min__std,basic,sat_basic,competition,Full target-season 2025 satellite summary.,float64,True,0.0,197
sat_basic_2025__sentinel_2__lai_promedio__max,basic,sat_basic,competition,Full target-season 2025 satellite summary.,float64,True,0.0,182
sat_basic_2025__sentinel_2__lai_promedio__mean,basic,sat_basic,competition,Full target-season 2025 satellite summary.,float64,True,0.0,197
sat_basic_2025__sentinel_2__lai_promedio__min,basic,sat_basic,competition,Full target-season 2025 satellite summary.,float64,True,0.0,125
sat_basic_2025__sentinel_2__lai_promedio__std,basic,sat_basic,competition,Full target-season 2025 satellite summary.,float64,True,0.0,197
sat_basic_2025__sentinel_2__lai_std__max,basic,sat_basic,competition,Full target-season 2025 satellite summary.,float64,True,0.0,167
sat_basic_2025__sentinel_2__lai_std__mean,basic,sat_basic,competition,Full target-season 2025 satellite summary.,float64,True,0.0,197
sat_basic_2025__sentinel_2__lai_std__min,basic,sat_basic,competition,Full target-season 2025 satellite summary.,float64,True,0.0,49
sat_basic_2025__sentinel_2__lai_std__std,basic,sat_basic,competition,Full target-season 2025 satellite summary.,float64,True,0.0,197
sat_basic_2025__sentinel_2__mcrc_max__max,basic,sat_basic,competition,Full target-season 2025 satellite summary.,float64,True,0.0,108
sat_basic_2025__sentinel_2__mcrc_max__mean,basic,sat_basic,competition,Full target-season 2025 satellite summary.,float64,True,0.0,197
sat_basic_2025__sentinel_2__mcrc_max__min,basic,sat_basic,competition,Full target-season 2025 satellite summary.,float64,True,0.0,155
sat_basic_2025__sentinel_2__mcrc_max__std,basic,sat_basic,competition,Full target-season 2025 satellite summary.,float64,True,0.0,197
sat_basic_2025__sentinel_2__mcrc_min__max,basic,sat_basic,competition,Full target-season 2025 satellite summary.,float64,True,0.0,118
sat_basic_2025__sentinel_2__mcrc_min__mean,basic,sat_basic,competition,Full target-season 2025 satellite summary.,float64,True,0.0,197
sat_basic_2025__sentinel_2__mcrc_min__min,basic,sat_basic,competition,Full target-season 2025 satellite summary.,float64,True,0.0,146
sat_basic_2025__sentinel_2__mcrc_min__std,basic,sat_basic,competition,Full target-season 2025 satellite summary.,float64,True,0.0,197
sat_basic_2025__sentinel_2__mcrc_promedio__max,basic,sat_basic,competition,Full target-season 2025 satellite summary.,float64,True,0.0,94
sat_basic_2025__sentinel_2__mcrc_promedio__mean,basic,sat_basic,competition,Full target-season 2025 satellite summary.,float64,True,0.0,196
sat_basic_2025__sentinel_2__mcrc_promedio__min,basic,sat_basic,competition,Full target-season 2025 satellite summary.,float64,True,0.0,150
sat_basic_2025__sentinel_2__mcrc_promedio__std,basic,sat_basic,competition,Full target-season 2025 satellite summary.,float64,True,0.0,197
sat_basic_2025__sentinel_2__mcrc_std__max,basic,sat_basic,competition,Full target-season 2025 satellite summary.,float64,True,0.0,116
sat_basic_2025__sentinel_2__mcrc_std__mean,basic,sat_basic,competition,Full target-season 2025 satellite summary.,float64,True,0.0,197
sat_basic_2025__sentinel_2__mcrc_std__min,basic,sat_basic,competition,Full target-season 2025 satellite summary.,float64,True,0.0,28
sat_basic_2025__sentinel_2__mcrc_std__std,basic,sat_basic,competition,Full target-season 2025 satellite summary.,float64,True,0.0,197
sat_basic_2025__sentinel_2__mra_max__max,basic,sat_basic,competition,Full target-season 2025 satellite summary.,float64,True,0.0,13
sat_basic_2025__sentinel_2__mra_max__mean,basic,sat_basic,competition,Full target-season 2025 satellite summary.,float64,True,0.0,184
sat_basic_2025__sentinel_2__mra_max__min,basic,sat_basic,competition,Full target-season 2025 satellite summary.,float64,True,0.0,8
sat_basic_2025__sentinel_2__mra_max__std,basic,sat_basic,competition,Full target-season 2025 satellite summary.,float64,True,0.0,197
sat_basic_2025__sentinel_2__mra_min__max,basic,sat_basic,competition,Full target-season 2025 satellite summary.,float64,True,0.0,12
sat_basic_2025__sentinel_2__mra_min__mean,basic,sat_basic,competition,Full target-season 2025 satellite summary.,float64,True,0.0,176
sat_basic_2025__sentinel_2__mra_min__min,basic,sat_basic,competition,Full target-season 2025 satellite summary.,float64,True,0.0,3
sat_basic_2025__sentinel_2__mra_min__std,basic,sat_basic,competition,Full target-season 2025 satellite summary.,float64,True,0.0,197
sat_basic_2025__sentinel_2__mra_promedio__max,basic,sat_basic,competition,Full target-season 2025 satellite summary.,float64,True,0.0,14
sat_basic_2025__sentinel_2__mra_promedio__mean,basic,sat_basic,competition,Full target-season 2025 satellite summary.,float64,True,0.0,176
sat_basic_2025__sentinel_2__mra_promedio__min,basic,sat_basic,competition,Full target-season 2025 satellite summary.,float64,True,0.0,3
sat_basic_2025__sentinel_2__mra_promedio__std,basic,sat_basic,competition,Full target-season 2025 satellite summary.,float64,True,0.0,197
sat_basic_2025__sentinel_2__mra_std__max,basic,sat_basic,competition,Full target-season 2025 satellite summary.,float64,True,0.0,6
sat_basic_2025__sentinel_2__mra_std__mean,basic,sat_basic,competition,Full target-season 2025 satellite summary.,float64,True,0.0,144
sat_basic_2025__sentinel_2__mra_std__min,basic,sat_basic,competition,Full target-season 2025 satellite summary.,float64,True,0.0,2
sat_basic_2025__sentinel_2__mra_std__std,basic,sat_basic,competition,Full target-season 2025 satellite summary.,float64,True,0.0,190
sat_basic_2025__sentinel_2__msi_max__max,basic,sat_basic,competition,Full target-season 2025 satellite summary.,float64,True,0.0,175
sat_basic_2025__sentinel_2__msi_max__mean,basic,sat_basic,competition,Full target-season 2025 satellite summary.,float64,True,0.0,197
sat_basic_2025__sentinel_2__msi_max__min,basic,sat_basic,competition,Full target-season 2025 satellite summary.,float64,True,0.0,148
sat_basic_2025__sentinel_2__msi_max__std,basic,sat_basic,competition,Full target-season 2025 satellite summary.,float64,True,0.0,197
sat_basic_2025__sentinel_2__msi_min__max,basic,sat_basic,competition,Full target-season 2025 satellite summary.,float64,True,0.0,166
sat_basic_2025__sentinel_2__msi_min__mean,basic,sat_basic,competition,Full target-season 2025 satellite summary.,float64,True,0.0,197
sat_basic_2025__sentinel_2__msi_min__min,basic,sat_basic,competition,Full target-season 2025 satellite summary.,float64,True,0.0,140
sat_basic_2025__sentinel_2__msi_min__std,basic,sat_basic,competition,Full target-season 2025 satellite summary.,float64,True,0.0,197
sat_basic_2025__sentinel_2__msi_promedio__max,basic,sat_basic,competition,Full target-season 2025 satellite summary.,float64,True,0.0,156
sat_basic_2025__sentinel_2__msi_promedio__mean,basic,sat_basic,competition,Full target-season 2025 satellite summary.,float64,True,0.0,197
sat_basic_2025__sentinel_2__msi_promedio__min,basic,sat_basic,competition,Full target-season 2025 satellite summary.,float64,True,0.0,144
sat_basic_2025__sentinel_2__msi_promedio__std,basic,sat_basic,competition,Full target-season 2025 satellite summary.,float64,True,0.0,197
sat_basic_2025__sentinel_2__msi_std__max,basic,sat_basic,competition,Full target-season 2025 satellite summary.,float64,True,0.0,121
sat_basic_2025__sentinel_2__msi_std__mean,basic,sat_basic,competition,Full target-season 2025 satellite summary.,float64,True,0.0,197
sat_basic_2025__sentinel_2__msi_std__min,basic,sat_basic,competition,Full target-season 2025 satellite summary.,float64,True,0.0,57
sat_basic_2025__sentinel_2__msi_std__std,basic,sat_basic,competition,Full target-season 2025 satellite summary.,float64,True,0.0,197
sat_basic_2025__sentinel_2__nddi_max__max,basic,sat_basic,competition,Full target-season 2025 satellite summary.,float64,True,0.0,110
sat_basic_2025__sentinel_2__nddi_max__mean,basic,sat_basic,competition,Full target-season 2025 satellite summary.,float64,True,0.0,194
sat_basic_2025__sentinel_2__nddi_max__min,basic,sat_basic,competition,Full target-season 2025 satellite summary.,float64,True,0.0,98
sat_basic_2025__sentinel_2__nddi_max__std,basic,sat_basic,competition,Full target-season 2025 satellite summary.,float64,True,0.0,197
sat_basic_2025__sentinel_2__nddi_min__max,basic,sat_basic,competition,Full target-season 2025 satellite summary.,float64,True,0.0,98
sat_basic_2025__sentinel_2__nddi_min__mean,basic,sat_basic,competition,Full target-season 2025 satellite summary.,float64,True,0.0,197
sat_basic_2025__sentinel_2__nddi_min__min,basic,sat_basic,competition,Full target-season 2025 satellite summary.,float64,True,0.0,104
sat_basic_2025__sentinel_2__nddi_min__std,basic,sat_basic,competition,Full target-season 2025 satellite summary.,float64,True,0.0,197
sat_basic_2025__sentinel_2__nddi_promedio__max,basic,sat_basic,competition,Full target-season 2025 satellite summary.,float64,True,0.0,86
sat_basic_2025__sentinel_2__nddi_promedio__mean,basic,sat_basic,competition,Full target-season 2025 satellite summary.,float64,True,0.0,194
sat_basic_2025__sentinel_2__nddi_promedio__min,basic,sat_basic,competition,Full target-season 2025 satellite summary.,float64,True,0.0,104
sat_basic_2025__sentinel_2__nddi_promedio__std,basic,sat_basic,competition,Full target-season 2025 satellite summary.,float64,True,0.0,197
sat_basic_2025__sentinel_2__nddi_std__max,basic,sat_basic,competition,Full target-season 2025 satellite summary.,float64,True,0.0,63
sat_basic_2025__sentinel_2__nddi_std__mean,basic,sat_basic,competition,Full target-season 2025 satellite summary.,float64,True,0.0,193
sat_basic_2025__sentinel_2__nddi_std__min,basic,sat_basic,competition,Full target-season 2025 satellite summary.,float64,True,0.0,16
sat_basic_2025__sentinel_2__nddi_std__std,basic,sat_basic,competition,Full target-season 2025 satellite summary.,float64,True,0.0,197
sat_basic_2025__sentinel_2__ndsvi_max__max,basic,sat_basic,competition,Full target-season 2025 satellite summary.,float64,True,0.0,101
sat_basic_2025__sentinel_2__ndsvi_max__mean,basic,sat_basic,competition,Full target-season 2025 satellite summary.,float64,True,0.0,197
sat_basic_2025__sentinel_2__ndsvi_max__min,basic,sat_basic,competition,Full target-season 2025 satellite summary.,float64,True,0.0,154
sat_basic_2025__sentinel_2__ndsvi_max__std,basic,sat_basic,competition,Full target-season 2025 satellite summary.,float64,True,0.0,197
sat_basic_2025__sentinel_2__ndsvi_min__max,basic,sat_basic,competition,Full target-season 2025 satellite summary.,float64,True,0.0,131
sat_basic_2025__sentinel_2__ndsvi_min__mean,basic,sat_basic,competition,Full target-season 2025 satellite summary.,float64,True,0.0,196
sat_basic_2025__sentinel_2__ndsvi_min__min,basic,sat_basic,competition,Full target-season 2025 satellite summary.,float64,True,0.0,148
sat_basic_2025__sentinel_2__ndsvi_min__std,basic,sat_basic,competition,Full target-season 2025 satellite summary.,float64,True,0.0,197
sat_basic_2025__sentinel_2__ndsvi_promedio__max,basic,sat_basic,competition,Full target-season 2025 satellite summary.,float64,True,0.0,105
sat_basic_2025__sentinel_2__ndsvi_promedio__mean,basic,sat_basic,competition,Full target-season 2025 satellite summary.,float64,True,0.0,197
sat_basic_2025__sentinel_2__ndsvi_promedio__min,basic,sat_basic,competition,Full target-season 2025 satellite summary.,float64,True,0.0,148
sat_basic_2025__sentinel_2__ndsvi_promedio__std,basic,sat_basic,competition,Full target-season 2025 satellite summary.,float64,True,0.0,197
sat_basic_2025__sentinel_2__ndsvi_std__max,basic,sat_basic,competition,Full target-season 2025 satellite summary.,float64,True,0.0,105
sat_basic_2025__sentinel_2__ndsvi_std__mean,basic,sat_basic,competition,Full target-season 2025 satellite summary.,float64,True,0.0,193
sat_basic_2025__sentinel_2__ndsvi_std__min,basic,sat_basic,competition,Full target-season 2025 satellite summary.,float64,True,0.0,40
sat_basic_2025__sentinel_2__ndsvi_std__std,basic,sat_basic,competition,Full target-season 2025 satellite summary.,float64,True,0.0,197
sat_basic_2025__sentinel_2__ndti_max__max,basic,sat_basic,competition,Full target-season 2025 satellite summary.,float64,True,0.0,103
sat_basic_2025__sentinel_2__ndti_max__mean,basic,sat_basic,competition,Full target-season 2025 satellite summary.,float64,True,0.0,197
sat_basic_2025__sentinel_2__ndti_max__min,basic,sat_basic,competition,Full target-season 2025 satellite summary.,float64,True,0.0,112
sat_basic_2025__sentinel_2__ndti_max__std,basic,sat_basic,competition,Full target-season 2025 satellite summary.,float64,True,0.0,197
sat_basic_2025__sentinel_2__ndti_min__max,basic,sat_basic,competition,Full target-season 2025 satellite summary.,float64,True,0.0,102
sat_basic_2025__sentinel_2__ndti_min__mean,basic,sat_basic,competition,Full target-season 2025 satellite summary.,float64,True,0.0,194
sat_basic_2025__sentinel_2__ndti_min__min,basic,sat_basic,competition,Full target-season 2025 satellite summary.,float64,True,0.0,96
sat_basic_2025__sentinel_2__ndti_min__std,basic,sat_basic,competition,Full target-season 2025 satellite summary.,float64,True,0.0,197
sat_basic_2025__sentinel_2__ndti_promedio__max,basic,sat_basic,competition,Full target-season 2025 satellite summary.,float64,True,0.0,90
sat_basic_2025__sentinel_2__ndti_promedio__mean,basic,sat_basic,competition,Full target-season 2025 satellite summary.,float64,True,0.0,194
sat_basic_2025__sentinel_2__ndti_promedio__min,basic,sat_basic,competition,Full target-season 2025 satellite summary.,float64,True,0.0,66
sat_basic_2025__sentinel_2__ndti_promedio__std,basic,sat_basic,competition,Full target-season 2025 satellite summary.,float64,True,0.0,197
sat_basic_2025__sentinel_2__ndti_std__max,basic,sat_basic,competition,Full target-season 2025 satellite summary.,float64,True,0.0,57
sat_basic_2025__sentinel_2__ndti_std__mean,basic,sat_basic,competition,Full target-season 2025 satellite summary.,float64,True,0.0,192
sat_basic_2025__sentinel_2__ndti_std__min,basic,sat_basic,competition,Full target-season 2025 satellite summary.,float64,True,0.0,21
sat_basic_2025__sentinel_2__ndti_std__std,basic,sat_basic,competition,Full target-season 2025 satellite summary.,float64,True,0.0,197
sat_basic_2025__sentinel_2__ndvi_max__max,basic,sat_basic,competition,Full target-season 2025 satellite summary.,float64,True,0.0,108
sat_basic_2025__sentinel_2__ndvi_max__mean,basic,sat_basic,competition,Full target-season 2025 satellite summary.,float64,True,0.0,196
sat_basic_2025__sentinel_2__ndvi_max__min,basic,sat_basic,competition,Full target-season 2025 satellite summary.,float64,True,0.0,133
sat_basic_2025__sentinel_2__ndvi_max__std,basic,sat_basic,competition,Full target-season 2025 satellite summary.,float64,True,0.0,197
sat_basic_2025__sentinel_2__ndvi_min__max,basic,sat_basic,competition,Full target-season 2025 satellite summary.,float64,True,0.0,155
sat_basic_2025__sentinel_2__ndvi_min__mean,basic,sat_basic,competition,Full target-season 2025 satellite summary.,float64,True,0.0,197
sat_basic_2025__sentinel_2__ndvi_min__min,basic,sat_basic,competition,Full target-season 2025 satellite summary.,float64,True,0.0,99
sat_basic_2025__sentinel_2__ndvi_min__std,basic,sat_basic,competition,Full target-season 2025 satellite summary.,float64,True,0.0,197
sat_basic_2025__sentinel_2__ndvi_promedio__max,basic,sat_basic,competition,Full target-season 2025 satellite summary.,float64,True,0.0,130
sat_basic_2025__sentinel_2__ndvi_promedio__mean,basic,sat_basic,competition,Full target-season 2025 satellite summary.,float64,True,0.0,197
sat_basic_2025__sentinel_2__ndvi_promedio__min,basic,sat_basic,competition,Full target-season 2025 satellite summary.,float64,True,0.0,111
sat_basic_2025__sentinel_2__ndvi_promedio__std,basic,sat_basic,competition,Full target-season 2025 satellite summary.,float64,True,0.0,197
sat_basic_2025__sentinel_2__ndvi_std__max,basic,sat_basic,competition,Full target-season 2025 satellite summary.,float64,True,0.0,92
sat_basic_2025__sentinel_2__ndvi_std__mean,basic,sat_basic,competition,Full target-season 2025 satellite summary.,float64,True,0.0,195
sat_basic_2025__sentinel_2__ndvi_std__min,basic,sat_basic,competition,Full target-season 2025 satellite summary.,float64,True,0.0,46
sat_basic_2025__sentinel_2__ndvi_std__std,basic,sat_basic,competition,Full target-season 2025 satellite summary.,float64,True,0.0,197
sat_basic_2025__sentinel_2__ndwi_max__max,basic,sat_basic,competition,Full target-season 2025 satellite summary.,float64,True,0.0,144
sat_basic_2025__sentinel_2__ndwi_max__mean,basic,sat_basic,competition,Full target-season 2025 satellite summary.,float64,True,0.0,196
sat_basic_2025__sentinel_2__ndwi_max__min,basic,sat_basic,competition,Full target-season 2025 satellite summary.,float64,True,0.0,132
sat_basic_2025__sentinel_2__ndwi_max__std,basic,sat_basic,competition,Full target-season 2025 satellite summary.,float64,True,0.0,197
sat_basic_2025__sentinel_2__ndwi_min__max,basic,sat_basic,competition,Full target-season 2025 satellite summary.,float64,True,0.0,139
sat_basic_2025__sentinel_2__ndwi_min__mean,basic,sat_basic,competition,Full target-season 2025 satellite summary.,float64,True,0.0,195
sat_basic_2025__sentinel_2__ndwi_min__min,basic,sat_basic,competition,Full target-season 2025 satellite summary.,float64,True,0.0,138
sat_basic_2025__sentinel_2__ndwi_min__std,basic,sat_basic,competition,Full target-season 2025 satellite summary.,float64,True,0.0,197
sat_basic_2025__sentinel_2__ndwi_promedio__max,basic,sat_basic,competition,Full target-season 2025 satellite summary.,float64,True,0.0,137
sat_basic_2025__sentinel_2__ndwi_promedio__mean,basic,sat_basic,competition,Full target-season 2025 satellite summary.,float64,True,0.0,196
sat_basic_2025__sentinel_2__ndwi_promedio__min,basic,sat_basic,competition,Full target-season 2025 satellite summary.,float64,True,0.0,116
sat_basic_2025__sentinel_2__ndwi_promedio__std,basic,sat_basic,competition,Full target-season 2025 satellite summary.,float64,True,0.0,197
sat_basic_2025__sentinel_2__ndwi_std__max,basic,sat_basic,competition,Full target-season 2025 satellite summary.,float64,True,0.0,86
sat_basic_2025__sentinel_2__ndwi_std__mean,basic,sat_basic,competition,Full target-season 2025 satellite summary.,float64,True,0.0,196
sat_basic_2025__sentinel_2__ndwi_std__min,basic,sat_basic,competition,Full target-season 2025 satellite summary.,float64,True,0.0,37
sat_basic_2025__sentinel_2__ndwi_std__std,basic,sat_basic,competition,Full target-season 2025 satellite summary.,float64,True,0.0,197
sat_basic_2025__sentinel_2__savi_max__max,basic,sat_basic,competition,Full target-season 2025 satellite summary.,float64,True,0.0,124
sat_basic_2025__sentinel_2__savi_max__mean,basic,sat_basic,competition,Full target-season 2025 satellite summary.,float64,True,0.0,197
sat_basic_2025__sentinel_2__savi_max__min,basic,sat_basic,competition,Full target-season 2025 satellite summary.,float64,True,0.0,106
sat_basic_2025__sentinel_2__savi_max__std,basic,sat_basic,competition,Full target-season 2025 satellite summary.,float64,True,0.0,197
sat_basic_2025__sentinel_2__savi_min__max,basic,sat_basic,competition,Full target-season 2025 satellite summary.,float64,True,0.0,128
sat_basic_2025__sentinel_2__savi_min__mean,basic,sat_basic,competition,Full target-season 2025 satellite summary.,float64,True,0.0,197
sat_basic_2025__sentinel_2__savi_min__min,basic,sat_basic,competition,Full target-season 2025 satellite summary.,float64,True,0.0,58
sat_basic_2025__sentinel_2__savi_min__std,basic,sat_basic,competition,Full target-season 2025 satellite summary.,float64,True,0.0,197
sat_basic_2025__sentinel_2__savi_promedio__max,basic,sat_basic,competition,Full target-season 2025 satellite summary.,float64,True,0.0,133
sat_basic_2025__sentinel_2__savi_promedio__mean,basic,sat_basic,competition,Full target-season 2025 satellite summary.,float64,True,0.0,197
sat_basic_2025__sentinel_2__savi_promedio__min,basic,sat_basic,competition,Full target-season 2025 satellite summary.,float64,True,0.0,91
sat_basic_2025__sentinel_2__savi_promedio__std,basic,sat_basic,competition,Full target-season 2025 satellite summary.,float64,True,0.0,197
sat_basic_2025__sentinel_2__savi_std__max,basic,sat_basic,competition,Full target-season 2025 satellite summary.,float64,True,0.0,88
sat_basic_2025__sentinel_2__savi_std__mean,basic,sat_basic,competition,Full target-season 2025 satellite summary.,float64,True,0.0,195
sat_basic_2025__sentinel_2__savi_std__min,basic,sat_basic,competition,Full target-season 2025 satellite summary.,float64,True,0.0,30
sat_basic_2025__sentinel_2__savi_std__std,basic,sat_basic,competition,Full target-season 2025 satellite summary.,float64,True,0.0,197
sat_basic_2025__sentinel_2__srndi_max__max,basic,sat_basic,competition,Full target-season 2025 satellite summary.,float64,True,0.0,125
sat_basic_2025__sentinel_2__srndi_max__mean,basic,sat_basic,competition,Full target-season 2025 satellite summary.,float64,True,0.0,196
sat_basic_2025__sentinel_2__srndi_max__min,basic,sat_basic,competition,Full target-season 2025 satellite summary.,float64,True,0.0,163
sat_basic_2025__sentinel_2__srndi_max__std,basic,sat_basic,competition,Full target-season 2025 satellite summary.,float64,True,0.0,197
sat_basic_2025__sentinel_2__srndi_min__max,basic,sat_basic,competition,Full target-season 2025 satellite summary.,float64,True,0.0,134
sat_basic_2025__sentinel_2__srndi_min__mean,basic,sat_basic,competition,Full target-season 2025 satellite summary.,float64,True,0.0,197
sat_basic_2025__sentinel_2__srndi_min__min,basic,sat_basic,competition,Full target-season 2025 satellite summary.,float64,True,0.0,151
sat_basic_2025__sentinel_2__srndi_min__std,basic,sat_basic,competition,Full target-season 2025 satellite summary.,float64,True,0.0,197
sat_basic_2025__sentinel_2__srndi_promedio__max,basic,sat_basic,competition,Full target-season 2025 satellite summary.,float64,True,0.0,113
sat_basic_2025__sentinel_2__srndi_promedio__mean,basic,sat_basic,competition,Full target-season 2025 satellite summary.,float64,True,0.0,197
sat_basic_2025__sentinel_2__srndi_promedio__min,basic,sat_basic,competition,Full target-season 2025 satellite summary.,float64,True,0.0,146
sat_basic_2025__sentinel_2__srndi_promedio__std,basic,sat_basic,competition,Full target-season 2025 satellite summary.,float64,True,0.0,197
sat_basic_2025__sentinel_2__srndi_std__max,basic,sat_basic,competition,Full target-season 2025 satellite summary.,float64,True,0.0,106
sat_basic_2025__sentinel_2__srndi_std__mean,basic,sat_basic,competition,Full target-season 2025 satellite summary.,float64,True,0.0,193
sat_basic_2025__sentinel_2__srndi_std__min,basic,sat_basic,competition,Full target-season 2025 satellite summary.,float64,True,0.0,40
sat_basic_2025__sentinel_2__srndi_std__std,basic,sat_basic,competition,Full target-season 2025 satellite summary.,float64,True,0.0,197
sat_basic_2025__sentinel_2__sti_max__max,basic,sat_basic,competition,Full target-season 2025 satellite summary.,float64,True,0.0,174
sat_basic_2025__sentinel_2__sti_max__mean,basic,sat_basic,competition,Full target-season 2025 satellite summary.,float64,True,0.0,197
sat_basic_2025__sentinel_2__sti_max__min,basic,sat_basic,competition,Full target-season 2025 satellite summary.,float64,True,0.0,158
sat_basic_2025__sentinel_2__sti_max__std,basic,sat_basic,competition,Full target-season 2025 satellite summary.,float64,True,0.0,197
sat_basic_2025__sentinel_2__sti_min__max,basic,sat_basic,competition,Full target-season 2025 satellite summary.,float64,True,0.0,161
sat_basic_2025__sentinel_2__sti_min__mean,basic,sat_basic,competition,Full target-season 2025 satellite summary.,float64,True,0.0,195
sat_basic_2025__sentinel_2__sti_min__min,basic,sat_basic,competition,Full target-season 2025 satellite summary.,float64,True,0.0,133
sat_basic_2025__sentinel_2__sti_min__std,basic,sat_basic,competition,Full target-season 2025 satellite summary.,float64,True,0.0,197
sat_basic_2025__sentinel_2__sti_promedio__max,basic,sat_basic,competition,Full target-season 2025 satellite summary.,float64,True,0.0,159
sat_basic_2025__sentinel_2__sti_promedio__mean,basic,sat_basic,competition,Full target-season 2025 satellite summary.,float64,True,0.0,196
sat_basic_2025__sentinel_2__sti_promedio__min,basic,sat_basic,competition,Full target-season 2025 satellite summary.,float64,True,0.0,109
sat_basic_2025__sentinel_2__sti_promedio__std,basic,sat_basic,competition,Full target-season 2025 satellite summary.,float64,True,0.0,197
sat_basic_2025__sentinel_2__sti_std__max,basic,sat_basic,competition,Full target-season 2025 satellite summary.,float64,True,0.0,130
sat_basic_2025__sentinel_2__sti_std__mean,basic,sat_basic,competition,Full target-season 2025 satellite summary.,float64,True,0.0,195
sat_basic_2025__sentinel_2__sti_std__min,basic,sat_basic,competition,Full target-season 2025 satellite summary.,float64,True,0.0,58
sat_basic_2025__sentinel_2__sti_std__std,basic,sat_basic,competition,Full target-season 2025 satellite summary.,float64,True,0.0,197
sat_basic_2025_coverage__landsat__cloud_mean,basic,sat_basic,competition,Full target-season 2025 satellite coverage.,float64,True,0.0,193
sat_basic_2025_coverage__landsat__cloud_median,basic,sat_basic,competition,Full target-season 2025 satellite coverage.,float64,True,0.0,58
sat_basic_2025_coverage__landsat__n_dates,basic,sat_basic,competition,Full target-season 2025 satellite coverage.,int64,True,0.0,20
sat_basic_2025_coverage__landsat__n_records,basic,sat_basic,competition,Full target-season 2025 satellite coverage.,int64,True,0.0,20
sat_basic_2025_coverage__landsat__valid_fraction_mean,basic,sat_basic,competition,Full target-season 2025 satellite coverage.,float64,True,0.0,64
sat_basic_2025_coverage__sentinel_2__cloud_mean,basic,sat_basic,competition,Full target-season 2025 satellite coverage.,float64,True,0.0,197
sat_basic_2025_coverage__sentinel_2__cloud_median,basic,sat_basic,competition,Full target-season 2025 satellite coverage.,float64,True,0.0,26
sat_basic_2025_coverage__sentinel_2__n_dates,basic,sat_basic,competition,Full target-season 2025 satellite coverage.,int64,True,0.0,2
sat_basic_2025_coverage__sentinel_2__n_records,basic,sat_basic,competition,Full target-season 2025 satellite coverage.,int64,True,0.0,2
sat_basic_2025_coverage__sentinel_2__valid_fraction_mean,basic,sat_basic,competition,Full target-season 2025 satellite coverage.,float64,True,0.0,18
sat_basic_2025_monthly__landsat__vi6t_promedio__m04,basic,sat_basic,competition,Full target-season 2025 monthly promedio satellite means.,float64,True,0.0,158
sat_basic_2025_monthly__landsat__vi6t_promedio__m05,basic,sat_basic,competition,Full target-season 2025 monthly promedio satellite means.,float64,True,0.0,149
sat_basic_2025_monthly__landsat__vi6t_promedio__m06,basic,sat_basic,competition,Full target-season 2025 monthly promedio satellite means.,float64,True,0.0,86
sat_basic_2025_monthly__landsat__vi6t_promedio__m07,basic,sat_basic,competition,Full target-season 2025 monthly promedio satellite means.,float64,True,0.015228426395939087,117
sat_basic_2025_monthly__landsat__vi6t_promedio__m08,basic,sat_basic,competition,Full target-season 2025 monthly promedio satellite means.,float64,True,0.0,135
sat_basic_2025_monthly__landsat__vi6t_promedio__m09,basic,sat_basic,competition,Full target-season 2025 monthly promedio satellite means.,float64,True,0.025380710659898477,111
sat_basic_2025_monthly__landsat__vi6t_promedio__m10,basic,sat_basic,competition,Full target-season 2025 monthly promedio satellite means.,float64,True,0.0,103
sat_basic_2025_monthly__sentinel_2__crc_promedio__m04,basic,sat_basic,competition,Full target-season 2025 monthly promedio satellite means.,float64,True,0.0,187
sat_basic_2025_monthly__sentinel_2__crc_promedio__m05,basic,sat_basic,competition,Full target-season 2025 monthly promedio satellite means.,float64,True,0.0,182
sat_basic_2025_monthly__sentinel_2__crc_promedio__m06,basic,sat_basic,competition,Full target-season 2025 monthly promedio satellite means.,float64,True,0.0,181
sat_basic_2025_monthly__sentinel_2__crc_promedio__m07,basic,sat_basic,competition,Full target-season 2025 monthly promedio satellite means.,float64,True,0.0,190
sat_basic_2025_monthly__sentinel_2__crc_promedio__m08,basic,sat_basic,competition,Full target-season 2025 monthly promedio satellite means.,float64,True,0.0,182
sat_basic_2025_monthly__sentinel_2__crc_promedio__m09,basic,sat_basic,competition,Full target-season 2025 monthly promedio satellite means.,float64,True,0.0,189
sat_basic_2025_monthly__sentinel_2__crc_promedio__m10,basic,sat_basic,competition,Full target-season 2025 monthly promedio satellite means.,float64,True,0.0,188
sat_basic_2025_monthly__sentinel_2__dswi2_promedio__m04,basic,sat_basic,competition,Full target-season 2025 monthly promedio satellite means.,float64,True,0.0,195
sat_basic_2025_monthly__sentinel_2__dswi2_promedio__m05,basic,sat_basic,competition,Full target-season 2025 monthly promedio satellite means.,float64,True,0.0,194
sat_basic_2025_monthly__sentinel_2__dswi2_promedio__m06,basic,sat_basic,competition,Full target-season 2025 monthly promedio satellite means.,float64,True,0.0,190
sat_basic_2025_monthly__sentinel_2__dswi2_promedio__m07,basic,sat_basic,competition,Full target-season 2025 monthly promedio satellite means.,float64,True,0.0,192
sat_basic_2025_monthly__sentinel_2__dswi2_promedio__m08,basic,sat_basic,competition,Full target-season 2025 monthly promedio satellite means.,float64,True,0.0,194
sat_basic_2025_monthly__sentinel_2__dswi2_promedio__m09,basic,sat_basic,competition,Full target-season 2025 monthly promedio satellite means.,float64,True,0.0,197
sat_basic_2025_monthly__sentinel_2__dswi2_promedio__m10,basic,sat_basic,competition,Full target-season 2025 monthly promedio satellite means.,float64,True,0.0,197
sat_basic_2025_monthly__sentinel_2__dswi3_promedio__m04,basic,sat_basic,competition,Full target-season 2025 monthly promedio satellite means.,float64,True,0.0,196
sat_basic_2025_monthly__sentinel_2__dswi3_promedio__m05,basic,sat_basic,competition,Full target-season 2025 monthly promedio satellite means.,float64,True,0.0,197
sat_basic_2025_monthly__sentinel_2__dswi3_promedio__m06,basic,sat_basic,competition,Full target-season 2025 monthly promedio satellite means.,float64,True,0.0,193
sat_basic_2025_monthly__sentinel_2__dswi3_promedio__m07,basic,sat_basic,competition,Full target-season 2025 monthly promedio satellite means.,float64,True,0.0,193
sat_basic_2025_monthly__sentinel_2__dswi3_promedio__m08,basic,sat_basic,competition,Full target-season 2025 monthly promedio satellite means.,float64,True,0.0,194
sat_basic_2025_monthly__sentinel_2__dswi3_promedio__m09,basic,sat_basic,competition,Full target-season 2025 monthly promedio satellite means.,float64,True,0.0,197
sat_basic_2025_monthly__sentinel_2__dswi3_promedio__m10,basic,sat_basic,competition,Full target-season 2025 monthly promedio satellite means.,float64,True,0.0,195
sat_basic_2025_monthly__sentinel_2__dswi4_promedio__m04,basic,sat_basic,competition,Full target-season 2025 monthly promedio satellite means.,float64,True,0.0,168
sat_basic_2025_monthly__sentinel_2__dswi4_promedio__m05,basic,sat_basic,competition,Full target-season 2025 monthly promedio satellite means.,float64,True,0.0,180
sat_basic_2025_monthly__sentinel_2__dswi4_promedio__m06,basic,sat_basic,competition,Full target-season 2025 monthly promedio satellite means.,float64,True,0.0,178
sat_basic_2025_monthly__sentinel_2__dswi4_promedio__m07,basic,sat_basic,competition,Full target-season 2025 monthly promedio satellite means.,float64,True,0.0,192
sat_basic_2025_monthly__sentinel_2__dswi4_promedio__m08,basic,sat_basic,competition,Full target-season 2025 monthly promedio satellite means.,float64,True,0.0,192
sat_basic_2025_monthly__sentinel_2__dswi4_promedio__m09,basic,sat_basic,competition,Full target-season 2025 monthly promedio satellite means.,float64,True,0.0,188
sat_basic_2025_monthly__sentinel_2__dswi4_promedio__m10,basic,sat_basic,competition,Full target-season 2025 monthly promedio satellite means.,float64,True,0.0,191
sat_basic_2025_monthly__sentinel_2__dswi5_promedio__m04,basic,sat_basic,competition,Full target-season 2025 monthly promedio satellite means.,float64,True,0.0,189
sat_basic_2025_monthly__sentinel_2__dswi5_promedio__m05,basic,sat_basic,competition,Full target-season 2025 monthly promedio satellite means.,float64,True,0.0,190
sat_basic_2025_monthly__sentinel_2__dswi5_promedio__m06,basic,sat_basic,competition,Full target-season 2025 monthly promedio satellite means.,float64,True,0.0,183
sat_basic_2025_monthly__sentinel_2__dswi5_promedio__m07,basic,sat_basic,competition,Full target-season 2025 monthly promedio satellite means.,float64,True,0.0,194
sat_basic_2025_monthly__sentinel_2__dswi5_promedio__m08,basic,sat_basic,competition,Full target-season 2025 monthly promedio satellite means.,float64,True,0.0,196
sat_basic_2025_monthly__sentinel_2__dswi5_promedio__m09,basic,sat_basic,competition,Full target-season 2025 monthly promedio satellite means.,float64,True,0.0,197
sat_basic_2025_monthly__sentinel_2__dswi5_promedio__m10,basic,sat_basic,competition,Full target-season 2025 monthly promedio satellite means.,float64,True,0.0,197
sat_basic_2025_monthly__sentinel_2__emsi_promedio__m04,basic,sat_basic,competition,Full target-season 2025 monthly promedio satellite means.,float64,True,0.0,189
sat_basic_2025_monthly__sentinel_2__emsi_promedio__m05,basic,sat_basic,competition,Full target-season 2025 monthly promedio satellite means.,float64,True,0.0,193
sat_basic_2025_monthly__sentinel_2__emsi_promedio__m06,basic,sat_basic,competition,Full target-season 2025 monthly promedio satellite means.,float64,True,0.0,192
sat_basic_2025_monthly__sentinel_2__emsi_promedio__m07,basic,sat_basic,competition,Full target-season 2025 monthly promedio satellite means.,float64,True,0.0,193
sat_basic_2025_monthly__sentinel_2__emsi_promedio__m08,basic,sat_basic,competition,Full target-season 2025 monthly promedio satellite means.,float64,True,0.0,192
sat_basic_2025_monthly__sentinel_2__emsi_promedio__m09,basic,sat_basic,competition,Full target-season 2025 monthly promedio satellite means.,float64,True,0.0,190
sat_basic_2025_monthly__sentinel_2__emsi_promedio__m10,basic,sat_basic,competition,Full target-season 2025 monthly promedio satellite means.,float64,True,0.0,192
sat_basic_2025_monthly__sentinel_2__enddi_promedio__m04,basic,sat_basic,competition,Full target-season 2025 monthly promedio satellite means.,float64,True,0.0,183
sat_basic_2025_monthly__sentinel_2__enddi_promedio__m05,basic,sat_basic,competition,Full target-season 2025 monthly promedio satellite means.,float64,True,0.0,178
sat_basic_2025_monthly__sentinel_2__enddi_promedio__m06,basic,sat_basic,competition,Full target-season 2025 monthly promedio satellite means.,float64,True,0.0,159
sat_basic_2025_monthly__sentinel_2__enddi_promedio__m07,basic,sat_basic,competition,Full target-season 2025 monthly promedio satellite means.,float64,True,0.0,163
sat_basic_2025_monthly__sentinel_2__enddi_promedio__m08,basic,sat_basic,competition,Full target-season 2025 monthly promedio satellite means.,float64,True,0.0,168
sat_basic_2025_monthly__sentinel_2__enddi_promedio__m09,basic,sat_basic,competition,Full target-season 2025 monthly promedio satellite means.,float64,True,0.0,175
sat_basic_2025_monthly__sentinel_2__enddi_promedio__m10,basic,sat_basic,competition,Full target-season 2025 monthly promedio satellite means.,float64,True,0.0,180
sat_basic_2025_monthly__sentinel_2__endwi_promedio__m04,basic,sat_basic,competition,Full target-season 2025 monthly promedio satellite means.,float64,True,0.0,190
sat_basic_2025_monthly__sentinel_2__endwi_promedio__m05,basic,sat_basic,competition,Full target-season 2025 monthly promedio satellite means.,float64,True,0.0,183
sat_basic_2025_monthly__sentinel_2__endwi_promedio__m06,basic,sat_basic,competition,Full target-season 2025 monthly promedio satellite means.,float64,True,0.0,181
sat_basic_2025_monthly__sentinel_2__endwi_promedio__m07,basic,sat_basic,competition,Full target-season 2025 monthly promedio satellite means.,float64,True,0.0,192
sat_basic_2025_monthly__sentinel_2__endwi_promedio__m08,basic,sat_basic,competition,Full target-season 2025 monthly promedio satellite means.,float64,True,0.0,193
sat_basic_2025_monthly__sentinel_2__endwi_promedio__m09,basic,sat_basic,competition,Full target-season 2025 monthly promedio satellite means.,float64,True,0.0,188
sat_basic_2025_monthly__sentinel_2__endwi_promedio__m10,basic,sat_basic,competition,Full target-season 2025 monthly promedio satellite means.,float64,True,0.0,194
sat_basic_2025_monthly__sentinel_2__evi_promedio__m04,basic,sat_basic,competition,Full target-season 2025 monthly promedio satellite means.,float64,True,0.0,170
sat_basic_2025_monthly__sentinel_2__evi_promedio__m05,basic,sat_basic,competition,Full target-season 2025 monthly promedio satellite means.,float64,True,0.0,171
sat_basic_2025_monthly__sentinel_2__evi_promedio__m06,basic,sat_basic,competition,Full target-season 2025 monthly promedio satellite means.,float64,True,0.0,177
sat_basic_2025_monthly__sentinel_2__evi_promedio__m07,basic,sat_basic,competition,Full target-season 2025 monthly promedio satellite means.,float64,True,0.0,187
sat_basic_2025_monthly__sentinel_2__evi_promedio__m08,basic,sat_basic,competition,Full target-season 2025 monthly promedio satellite means.,float64,True,0.0,195
sat_basic_2025_monthly__sentinel_2__evi_promedio__m09,basic,sat_basic,competition,Full target-season 2025 monthly promedio satellite means.,float64,True,0.0,190
sat_basic_2025_monthly__sentinel_2__evi_promedio__m10,basic,sat_basic,competition,Full target-season 2025 monthly promedio satellite means.,float64,True,0.0,193
sat_basic_2025_monthly__sentinel_2__fapar_promedio__m04,basic,sat_basic,competition,Full target-season 2025 monthly promedio satellite means.,float64,True,0.0,177
sat_basic_2025_monthly__sentinel_2__fapar_promedio__m05,basic,sat_basic,competition,Full target-season 2025 monthly promedio satellite means.,float64,True,0.0,170
sat_basic_2025_monthly__sentinel_2__fapar_promedio__m06,basic,sat_basic,competition,Full target-season 2025 monthly promedio satellite means.,float64,True,0.0,177
sat_basic_2025_monthly__sentinel_2__fapar_promedio__m07,basic,sat_basic,competition,Full target-season 2025 monthly promedio satellite means.,float64,True,0.0,190
sat_basic_2025_monthly__sentinel_2__fapar_promedio__m08,basic,sat_basic,competition,Full target-season 2025 monthly promedio satellite means.,float64,True,0.0,195
sat_basic_2025_monthly__sentinel_2__fapar_promedio__m09,basic,sat_basic,competition,Full target-season 2025 monthly promedio satellite means.,float64,True,0.0,194
sat_basic_2025_monthly__sentinel_2__fapar_promedio__m10,basic,sat_basic,competition,Full target-season 2025 monthly promedio satellite means.,float64,True,0.0,191
sat_basic_2025_monthly__sentinel_2__lai_promedio__m04,basic,sat_basic,competition,Full target-season 2025 monthly promedio satellite means.,float64,True,0.0,180
sat_basic_2025_monthly__sentinel_2__lai_promedio__m05,basic,sat_basic,competition,Full target-season 2025 monthly promedio satellite means.,float64,True,0.0,177
sat_basic_2025_monthly__sentinel_2__lai_promedio__m06,basic,sat_basic,competition,Full target-season 2025 monthly promedio satellite means.,float64,True,0.0,188
sat_basic_2025_monthly__sentinel_2__lai_promedio__m07,basic,sat_basic,competition,Full target-season 2025 monthly promedio satellite means.,float64,True,0.0,197
sat_basic_2025_monthly__sentinel_2__lai_promedio__m08,basic,sat_basic,competition,Full target-season 2025 monthly promedio satellite means.,float64,True,0.0,196
sat_basic_2025_monthly__sentinel_2__lai_promedio__m09,basic,sat_basic,competition,Full target-season 2025 monthly promedio satellite means.,float64,True,0.0,196
sat_basic_2025_monthly__sentinel_2__lai_promedio__m10,basic,sat_basic,competition,Full target-season 2025 monthly promedio satellite means.,float64,True,0.0,192
sat_basic_2025_monthly__sentinel_2__mcrc_promedio__m04,basic,sat_basic,competition,Full target-season 2025 monthly promedio satellite means.,float64,True,0.0,184
sat_basic_2025_monthly__sentinel_2__mcrc_promedio__m05,basic,sat_basic,competition,Full target-season 2025 monthly promedio satellite means.,float64,True,0.0,185
sat_basic_2025_monthly__sentinel_2__mcrc_promedio__m06,basic,sat_basic,competition,Full target-season 2025 monthly promedio satellite means.,float64,True,0.0,171
sat_basic_2025_monthly__sentinel_2__mcrc_promedio__m07,basic,sat_basic,competition,Full target-season 2025 monthly promedio satellite means.,float64,True,0.0,187
sat_basic_2025_monthly__sentinel_2__mcrc_promedio__m08,basic,sat_basic,competition,Full target-season 2025 monthly promedio satellite means.,float64,True,0.0,182
sat_basic_2025_monthly__sentinel_2__mcrc_promedio__m09,basic,sat_basic,competition,Full target-season 2025 monthly promedio satellite means.,float64,True,0.0,188
sat_basic_2025_monthly__sentinel_2__mcrc_promedio__m10,basic,sat_basic,competition,Full target-season 2025 monthly promedio satellite means.,float64,True,0.0,189
sat_basic_2025_monthly__sentinel_2__mra_promedio__m04,basic,sat_basic,competition,Full target-season 2025 monthly promedio satellite means.,float64,True,0.0,36
sat_basic_2025_monthly__sentinel_2__mra_promedio__m05,basic,sat_basic,competition,Full target-season 2025 monthly promedio satellite means.,float64,True,0.0,25
sat_basic_2025_monthly__sentinel_2__mra_promedio__m06,basic,sat_basic,competition,Full target-season 2025 monthly promedio satellite means.,float64,True,0.0,27
sat_basic_2025_monthly__sentinel_2__mra_promedio__m07,basic,sat_basic,competition,Full target-season 2025 monthly promedio satellite means.,float64,True,0.0,99
sat_basic_2025_monthly__sentinel_2__mra_promedio__m08,basic,sat_basic,competition,Full target-season 2025 monthly promedio satellite means.,float64,True,0.0,117
sat_basic_2025_monthly__sentinel_2__mra_promedio__m09,basic,sat_basic,competition,Full target-season 2025 monthly promedio satellite means.,float64,True,0.0,94
sat_basic_2025_monthly__sentinel_2__mra_promedio__m10,basic,sat_basic,competition,Full target-season 2025 monthly promedio satellite means.,float64,True,0.0,114
sat_basic_2025_monthly__sentinel_2__msi_promedio__m04,basic,sat_basic,competition,Full target-season 2025 monthly promedio satellite means.,float64,True,0.0,190
sat_basic_2025_monthly__sentinel_2__msi_promedio__m05,basic,sat_basic,competition,Full target-season 2025 monthly promedio satellite means.,float64,True,0.0,196
sat_basic_2025_monthly__sentinel_2__msi_promedio__m06,basic,sat_basic,competition,Full target-season 2025 monthly promedio satellite means.,float64,True,0.0,186
sat_basic_2025_monthly__sentinel_2__msi_promedio__m07,basic,sat_basic,competition,Full target-season 2025 monthly promedio satellite means.,float64,True,0.0,195
sat_basic_2025_monthly__sentinel_2__msi_promedio__m08,basic,sat_basic,competition,Full target-season 2025 monthly promedio satellite means.,float64,True,0.0,194
sat_basic_2025_monthly__sentinel_2__msi_promedio__m09,basic,sat_basic,competition,Full target-season 2025 monthly promedio satellite means.,float64,True,0.0,191
sat_basic_2025_monthly__sentinel_2__msi_promedio__m10,basic,sat_basic,competition,Full target-season 2025 monthly promedio satellite means.,float64,True,0.0,193
sat_basic_2025_monthly__sentinel_2__nddi_promedio__m04,basic,sat_basic,competition,Full target-season 2025 monthly promedio satellite means.,float64,True,0.0,181
sat_basic_2025_monthly__sentinel_2__nddi_promedio__m05,basic,sat_basic,competition,Full target-season 2025 monthly promedio satellite means.,float64,True,0.0,188
sat_basic_2025_monthly__sentinel_2__nddi_promedio__m06,basic,sat_basic,competition,Full target-season 2025 monthly promedio satellite means.,float64,True,0.0,158
sat_basic_2025_monthly__sentinel_2__nddi_promedio__m07,basic,sat_basic,competition,Full target-season 2025 monthly promedio satellite means.,float64,True,0.0,164
sat_basic_2025_monthly__sentinel_2__nddi_promedio__m08,basic,sat_basic,competition,Full target-season 2025 monthly promedio satellite means.,float64,True,0.0,167
sat_basic_2025_monthly__sentinel_2__nddi_promedio__m09,basic,sat_basic,competition,Full target-season 2025 monthly promedio satellite means.,float64,True,0.0,165
sat_basic_2025_monthly__sentinel_2__nddi_promedio__m10,basic,sat_basic,competition,Full target-season 2025 monthly promedio satellite means.,float64,True,0.0,168
sat_basic_2025_monthly__sentinel_2__ndsvi_promedio__m04,basic,sat_basic,competition,Full target-season 2025 monthly promedio satellite means.,float64,True,0.0,188
sat_basic_2025_monthly__sentinel_2__ndsvi_promedio__m05,basic,sat_basic,competition,Full target-season 2025 monthly promedio satellite means.,float64,True,0.0,187
sat_basic_2025_monthly__sentinel_2__ndsvi_promedio__m06,basic,sat_basic,competition,Full target-season 2025 monthly promedio satellite means.,float64,True,0.0,173
sat_basic_2025_monthly__sentinel_2__ndsvi_promedio__m07,basic,sat_basic,competition,Full target-season 2025 monthly promedio satellite means.,float64,True,0.0,186
sat_basic_2025_monthly__sentinel_2__ndsvi_promedio__m08,basic,sat_basic,competition,Full target-season 2025 monthly promedio satellite means.,float64,True,0.0,186
sat_basic_2025_monthly__sentinel_2__ndsvi_promedio__m09,basic,sat_basic,competition,Full target-season 2025 monthly promedio satellite means.,float64,True,0.0,191
sat_basic_2025_monthly__sentinel_2__ndsvi_promedio__m10,basic,sat_basic,competition,Full target-season 2025 monthly promedio satellite means.,float64,True,0.0,190
sat_basic_2025_monthly__sentinel_2__ndti_promedio__m04,basic,sat_basic,competition,Full target-season 2025 monthly promedio satellite means.,float64,True,0.0,183
sat_basic_2025_monthly__sentinel_2__ndti_promedio__m05,basic,sat_basic,competition,Full target-season 2025 monthly promedio satellite means.,float64,True,0.0,171
sat_basic_2025_monthly__sentinel_2__ndti_promedio__m06,basic,sat_basic,competition,Full target-season 2025 monthly promedio satellite means.,float64,True,0.0,171
sat_basic_2025_monthly__sentinel_2__ndti_promedio__m07,basic,sat_basic,competition,Full target-season 2025 monthly promedio satellite means.,float64,True,0.0,190
sat_basic_2025_monthly__sentinel_2__ndti_promedio__m08,basic,sat_basic,competition,Full target-season 2025 monthly promedio satellite means.,float64,True,0.0,189
sat_basic_2025_monthly__sentinel_2__ndti_promedio__m09,basic,sat_basic,competition,Full target-season 2025 monthly promedio satellite means.,float64,True,0.0,171
sat_basic_2025_monthly__sentinel_2__ndti_promedio__m10,basic,sat_basic,competition,Full target-season 2025 monthly promedio satellite means.,float64,True,0.0,185
sat_basic_2025_monthly__sentinel_2__ndvi_promedio__m04,basic,sat_basic,competition,Full target-season 2025 monthly promedio satellite means.,float64,True,0.0,173
sat_basic_2025_monthly__sentinel_2__ndvi_promedio__m05,basic,sat_basic,competition,Full target-season 2025 monthly promedio satellite means.,float64,True,0.0,174
sat_basic_2025_monthly__sentinel_2__ndvi_promedio__m06,basic,sat_basic,competition,Full target-season 2025 monthly promedio satellite means.,float64,True,0.0,178
sat_basic_2025_monthly__sentinel_2__ndvi_promedio__m07,basic,sat_basic,competition,Full target-season 2025 monthly promedio satellite means.,float64,True,0.0,194
sat_basic_2025_monthly__sentinel_2__ndvi_promedio__m08,basic,sat_basic,competition,Full target-season 2025 monthly promedio satellite means.,float64,True,0.0,193
sat_basic_2025_monthly__sentinel_2__ndvi_promedio__m09,basic,sat_basic,competition,Full target-season 2025 monthly promedio satellite means.,float64,True,0.0,194
sat_basic_2025_monthly__sentinel_2__ndvi_promedio__m10,basic,sat_basic,competition,Full target-season 2025 monthly promedio satellite means.,float64,True,0.0,193
sat_basic_2025_monthly__sentinel_2__ndwi_promedio__m04,basic,sat_basic,competition,Full target-season 2025 monthly promedio satellite means.,float64,True,0.0,190
sat_basic_2025_monthly__sentinel_2__ndwi_promedio__m05,basic,sat_basic,competition,Full target-season 2025 monthly promedio satellite means.,float64,True,0.0,185
sat_basic_2025_monthly__sentinel_2__ndwi_promedio__m06,basic,sat_basic,competition,Full target-season 2025 monthly promedio satellite means.,float64,True,0.0,177
sat_basic_2025_monthly__sentinel_2__ndwi_promedio__m07,basic,sat_basic,competition,Full target-season 2025 monthly promedio satellite means.,float64,True,0.0,194
sat_basic_2025_monthly__sentinel_2__ndwi_promedio__m08,basic,sat_basic,competition,Full target-season 2025 monthly promedio satellite means.,float64,True,0.0,194
sat_basic_2025_monthly__sentinel_2__ndwi_promedio__m09,basic,sat_basic,competition,Full target-season 2025 monthly promedio satellite means.,float64,True,0.0,185
sat_basic_2025_monthly__sentinel_2__ndwi_promedio__m10,basic,sat_basic,competition,Full target-season 2025 monthly promedio satellite means.,float64,True,0.0,191
sat_basic_2025_monthly__sentinel_2__savi_promedio__m04,basic,sat_basic,competition,Full target-season 2025 monthly promedio satellite means.,float64,True,0.0,162
sat_basic_2025_monthly__sentinel_2__savi_promedio__m05,basic,sat_basic,competition,Full target-season 2025 monthly promedio satellite means.,float64,True,0.0,167
sat_basic_2025_monthly__sentinel_2__savi_promedio__m06,basic,sat_basic,competition,Full target-season 2025 monthly promedio satellite means.,float64,True,0.0,175
sat_basic_2025_monthly__sentinel_2__savi_promedio__m07,basic,sat_basic,competition,Full target-season 2025 monthly promedio satellite means.,float64,True,0.0,191
sat_basic_2025_monthly__sentinel_2__savi_promedio__m08,basic,sat_basic,competition,Full target-season 2025 monthly promedio satellite means.,float64,True,0.0,192
sat_basic_2025_monthly__sentinel_2__savi_promedio__m09,basic,sat_basic,competition,Full target-season 2025 monthly promedio satellite means.,float64,True,0.0,190
sat_basic_2025_monthly__sentinel_2__savi_promedio__m10,basic,sat_basic,competition,Full target-season 2025 monthly promedio satellite means.,float64,True,0.0,189
sat_basic_2025_monthly__sentinel_2__srndi_promedio__m04,basic,sat_basic,competition,Full target-season 2025 monthly promedio satellite means.,float64,True,0.0,187
sat_basic_2025_monthly__sentinel_2__srndi_promedio__m05,basic,sat_basic,competition,Full target-season 2025 monthly promedio satellite means.,float64,True,0.0,184
sat_basic_2025_monthly__sentinel_2__srndi_promedio__m06,basic,sat_basic,competition,Full target-season 2025 monthly promedio satellite means.,float64,True,0.0,178
sat_basic_2025_monthly__sentinel_2__srndi_promedio__m07,basic,sat_basic,competition,Full target-season 2025 monthly promedio satellite means.,float64,True,0.0,190
sat_basic_2025_monthly__sentinel_2__srndi_promedio__m08,basic,sat_basic,competition,Full target-season 2025 monthly promedio satellite means.,float64,True,0.0,188
sat_basic_2025_monthly__sentinel_2__srndi_promedio__m09,basic,sat_basic,competition,Full target-season 2025 monthly promedio satellite means.,float64,True,0.0,192
sat_basic_2025_monthly__sentinel_2__srndi_promedio__m10,basic,sat_basic,competition,Full target-season 2025 monthly promedio satellite means.,float64,True,0.0,190
sat_basic_2025_monthly__sentinel_2__sti_promedio__m04,basic,sat_basic,competition,Full target-season 2025 monthly promedio satellite means.,float64,True,0.0,187
sat_basic_2025_monthly__sentinel_2__sti_promedio__m05,basic,sat_basic,competition,Full target-season 2025 monthly promedio satellite means.,float64,True,0.0,190
sat_basic_2025_monthly__sentinel_2__sti_promedio__m06,basic,sat_basic,competition,Full target-season 2025 monthly promedio satellite means.,float64,True,0.0,187
sat_basic_2025_monthly__sentinel_2__sti_promedio__m07,basic,sat_basic,competition,Full target-season 2025 monthly promedio satellite means.,float64,True,0.0,191
sat_basic_2025_monthly__sentinel_2__sti_promedio__m08,basic,sat_basic,competition,Full target-season 2025 monthly promedio satellite means.,float64,True,0.0,195
sat_basic_2025_monthly__sentinel_2__sti_promedio__m09,basic,sat_basic,competition,Full target-season 2025 monthly promedio satellite means.,float64,True,0.0,187
sat_basic_2025_monthly__sentinel_2__sti_promedio__m10,basic,sat_basic,competition,Full target-season 2025 monthly promedio satellite means.,float64,True,0.0,191
sat_basic_hist__landsat__vi6t_max__max,basic,sat_basic,clean,Historical Apr-Oct satellite summary through 2024.,float64,True,0.0,104
sat_basic_hist__landsat__vi6t_max__mean,basic,sat_basic,clean,Historical Apr-Oct satellite summary through 2024.,float64,True,0.0,196
sat_basic_hist__landsat__vi6t_max__min,basic,sat_basic,clean,Historical Apr-Oct satellite summary through 2024.,float64,True,0.0,65
sat_basic_hist__landsat__vi6t_max__std,basic,sat_basic,clean,Historical Apr-Oct satellite summary through 2024.,float64,True,0.0,197
sat_basic_hist__landsat__vi6t_min__max,basic,sat_basic,clean,Historical Apr-Oct satellite summary through 2024.,float64,True,0.0,100
sat_basic_hist__landsat__vi6t_min__mean,basic,sat_basic,clean,Historical Apr-Oct satellite summary through 2024.,float64,True,0.0,196
sat_basic_hist__landsat__vi6t_min__min,basic,sat_basic,clean,Historical Apr-Oct satellite summary through 2024.,float64,True,0.0,62
sat_basic_hist__landsat__vi6t_min__std,basic,sat_basic,clean,Historical Apr-Oct satellite summary through 2024.,float64,True,0.0,197
sat_basic_hist__landsat__vi6t_promedio__max,basic,sat_basic,clean,Historical Apr-Oct satellite summary through 2024.,float64,True,0.0,98
sat_basic_hist__landsat__vi6t_promedio__mean,basic,sat_basic,clean,Historical Apr-Oct satellite summary through 2024.,float64,True,0.0,197
sat_basic_hist__landsat__vi6t_promedio__min,basic,sat_basic,clean,Historical Apr-Oct satellite summary through 2024.,float64,True,0.0,52
sat_basic_hist__landsat__vi6t_promedio__std,basic,sat_basic,clean,Historical Apr-Oct satellite summary through 2024.,float64,True,0.0,197
sat_basic_hist__landsat__vi6t_std__max,basic,sat_basic,clean,Historical Apr-Oct satellite summary through 2024.,float64,True,0.0,44
sat_basic_hist__landsat__vi6t_std__mean,basic,sat_basic,clean,Historical Apr-Oct satellite summary through 2024.,float64,True,0.0,194
sat_basic_hist__landsat__vi6t_std__min,basic,sat_basic,clean,Historical Apr-Oct satellite summary through 2024.,float64,True,0.0,11
sat_basic_hist__landsat__vi6t_std__std,basic,sat_basic,clean,Historical Apr-Oct satellite summary through 2024.,float64,True,0.0,197
sat_basic_hist__sentinel_2__crc_max__max,basic,sat_basic,clean,Historical Apr-Oct satellite summary through 2024.,float64,True,0.0,83
sat_basic_hist__sentinel_2__crc_max__mean,basic,sat_basic,clean,Historical Apr-Oct satellite summary through 2024.,float64,True,0.0,196
sat_basic_hist__sentinel_2__crc_max__min,basic,sat_basic,clean,Historical Apr-Oct satellite summary through 2024.,float64,True,0.0,161
sat_basic_hist__sentinel_2__crc_max__std,basic,sat_basic,clean,Historical Apr-Oct satellite summary through 2024.,float64,True,0.0,197
sat_basic_hist__sentinel_2__crc_min__max,basic,sat_basic,clean,Historical Apr-Oct satellite summary through 2024.,float64,True,0.0,111
sat_basic_hist__sentinel_2__crc_min__mean,basic,sat_basic,clean,Historical Apr-Oct satellite summary through 2024.,float64,True,0.0,197
sat_basic_hist__sentinel_2__crc_min__min,basic,sat_basic,clean,Historical Apr-Oct satellite summary through 2024.,float64,True,0.0,157
sat_basic_hist__sentinel_2__crc_min__std,basic,sat_basic,clean,Historical Apr-Oct satellite summary through 2024.,float64,True,0.0,197
sat_basic_hist__sentinel_2__crc_promedio__max,basic,sat_basic,clean,Historical Apr-Oct satellite summary through 2024.,float64,True,0.0,91
sat_basic_hist__sentinel_2__crc_promedio__mean,basic,sat_basic,clean,Historical Apr-Oct satellite summary through 2024.,float64,True,0.0,197
sat_basic_hist__sentinel_2__crc_promedio__min,basic,sat_basic,clean,Historical Apr-Oct satellite summary through 2024.,float64,True,0.0,149
sat_basic_hist__sentinel_2__crc_promedio__std,basic,sat_basic,clean,Historical Apr-Oct satellite summary through 2024.,float64,True,0.0,197
sat_basic_hist__sentinel_2__crc_std__max,basic,sat_basic,clean,Historical Apr-Oct satellite summary through 2024.,float64,True,0.0,120
sat_basic_hist__sentinel_2__crc_std__mean,basic,sat_basic,clean,Historical Apr-Oct satellite summary through 2024.,float64,True,0.0,197
sat_basic_hist__sentinel_2__crc_std__min,basic,sat_basic,clean,Historical Apr-Oct satellite summary through 2024.,float64,True,0.0,26
sat_basic_hist__sentinel_2__crc_std__std,basic,sat_basic,clean,Historical Apr-Oct satellite summary through 2024.,float64,True,0.0,197
sat_basic_hist__sentinel_2__dswi2_max__max,basic,sat_basic,clean,Historical Apr-Oct satellite summary through 2024.,float64,True,0.0,174
sat_basic_hist__sentinel_2__dswi2_max__mean,basic,sat_basic,clean,Historical Apr-Oct satellite summary through 2024.,float64,True,0.0,197
sat_basic_hist__sentinel_2__dswi2_max__min,basic,sat_basic,clean,Historical Apr-Oct satellite summary through 2024.,float64,True,0.0,179
sat_basic_hist__sentinel_2__dswi2_max__std,basic,sat_basic,clean,Historical Apr-Oct satellite summary through 2024.,float64,True,0.0,197
sat_basic_hist__sentinel_2__dswi2_min__max,basic,sat_basic,clean,Historical Apr-Oct satellite summary through 2024.,float64,True,0.0,169
sat_basic_hist__sentinel_2__dswi2_min__mean,basic,sat_basic,clean,Historical Apr-Oct satellite summary through 2024.,float64,True,0.0,197
sat_basic_hist__sentinel_2__dswi2_min__min,basic,sat_basic,clean,Historical Apr-Oct satellite summary through 2024.,float64,True,0.0,170
sat_basic_hist__sentinel_2__dswi2_min__std,basic,sat_basic,clean,Historical Apr-Oct satellite summary through 2024.,float64,True,0.0,197
sat_basic_hist__sentinel_2__dswi2_promedio__max,basic,sat_basic,clean,Historical Apr-Oct satellite summary through 2024.,float64,True,0.0,179
sat_basic_hist__sentinel_2__dswi2_promedio__mean,basic,sat_basic,clean,Historical Apr-Oct satellite summary through 2024.,float64,True,0.0,197
sat_basic_hist__sentinel_2__dswi2_promedio__min,basic,sat_basic,clean,Historical Apr-Oct satellite summary through 2024.,float64,True,0.0,171
sat_basic_hist__sentinel_2__dswi2_promedio__std,basic,sat_basic,clean,Historical Apr-Oct satellite summary through 2024.,float64,True,0.0,197
sat_basic_hist__sentinel_2__dswi2_std__max,basic,sat_basic,clean,Historical Apr-Oct satellite summary through 2024.,float64,True,0.0,152
sat_basic_hist__sentinel_2__dswi2_std__mean,basic,sat_basic,clean,Historical Apr-Oct satellite summary through 2024.,float64,True,0.0,197
sat_basic_hist__sentinel_2__dswi2_std__min,basic,sat_basic,clean,Historical Apr-Oct satellite summary through 2024.,float64,True,0.0,68
sat_basic_hist__sentinel_2__dswi2_std__std,basic,sat_basic,clean,Historical Apr-Oct satellite summary through 2024.,float64,True,0.0,197
sat_basic_hist__sentinel_2__dswi3_max__max,basic,sat_basic,clean,Historical Apr-Oct satellite summary through 2024.,float64,True,0.0,186
sat_basic_hist__sentinel_2__dswi3_max__mean,basic,sat_basic,clean,Historical Apr-Oct satellite summary through 2024.,float64,True,0.0,197
sat_basic_hist__sentinel_2__dswi3_max__min,basic,sat_basic,clean,Historical Apr-Oct satellite summary through 2024.,float64,True,0.0,180
sat_basic_hist__sentinel_2__dswi3_max__std,basic,sat_basic,clean,Historical Apr-Oct satellite summary through 2024.,float64,True,0.0,197
sat_basic_hist__sentinel_2__dswi3_min__max,basic,sat_basic,clean,Historical Apr-Oct satellite summary through 2024.,float64,True,0.0,181
sat_basic_hist__sentinel_2__dswi3_min__mean,basic,sat_basic,clean,Historical Apr-Oct satellite summary through 2024.,float64,True,0.0,197
sat_basic_hist__sentinel_2__dswi3_min__min,basic,sat_basic,clean,Historical Apr-Oct satellite summary through 2024.,float64,True,0.0,165
sat_basic_hist__sentinel_2__dswi3_min__std,basic,sat_basic,clean,Historical Apr-Oct satellite summary through 2024.,float64,True,0.0,197
sat_basic_hist__sentinel_2__dswi3_promedio__max,basic,sat_basic,clean,Historical Apr-Oct satellite summary through 2024.,float64,True,0.0,182
sat_basic_hist__sentinel_2__dswi3_promedio__mean,basic,sat_basic,clean,Historical Apr-Oct satellite summary through 2024.,float64,True,0.0,197
sat_basic_hist__sentinel_2__dswi3_promedio__min,basic,sat_basic,clean,Historical Apr-Oct satellite summary through 2024.,float64,True,0.0,172
sat_basic_hist__sentinel_2__dswi3_promedio__std,basic,sat_basic,clean,Historical Apr-Oct satellite summary through 2024.,float64,True,0.0,197
sat_basic_hist__sentinel_2__dswi3_std__max,basic,sat_basic,clean,Historical Apr-Oct satellite summary through 2024.,float64,True,0.0,162
sat_basic_hist__sentinel_2__dswi3_std__mean,basic,sat_basic,clean,Historical Apr-Oct satellite summary through 2024.,float64,True,0.0,197
sat_basic_hist__sentinel_2__dswi3_std__min,basic,sat_basic,clean,Historical Apr-Oct satellite summary through 2024.,float64,True,0.0,69
sat_basic_hist__sentinel_2__dswi3_std__std,basic,sat_basic,clean,Historical Apr-Oct satellite summary through 2024.,float64,True,0.0,197
sat_basic_hist__sentinel_2__dswi4_max__max,basic,sat_basic,clean,Historical Apr-Oct satellite summary through 2024.,float64,True,0.0,170
sat_basic_hist__sentinel_2__dswi4_max__mean,basic,sat_basic,clean,Historical Apr-Oct satellite summary through 2024.,float64,True,0.0,197
sat_basic_hist__sentinel_2__dswi4_max__min,basic,sat_basic,clean,Historical Apr-Oct satellite summary through 2024.,float64,True,0.0,115
sat_basic_hist__sentinel_2__dswi4_max__std,basic,sat_basic,clean,Historical Apr-Oct satellite summary through 2024.,float64,True,0.0,197
sat_basic_hist__sentinel_2__dswi4_min__max,basic,sat_basic,clean,Historical Apr-Oct satellite summary through 2024.,float64,True,0.0,159
sat_basic_hist__sentinel_2__dswi4_min__mean,basic,sat_basic,clean,Historical Apr-Oct satellite summary through 2024.,float64,True,0.0,197
sat_basic_hist__sentinel_2__dswi4_min__min,basic,sat_basic,clean,Historical Apr-Oct satellite summary through 2024.,float64,True,0.0,101
sat_basic_hist__sentinel_2__dswi4_min__std,basic,sat_basic,clean,Historical Apr-Oct satellite summary through 2024.,float64,True,0.0,197
sat_basic_hist__sentinel_2__dswi4_promedio__max,basic,sat_basic,clean,Historical Apr-Oct satellite summary through 2024.,float64,True,0.0,172
sat_basic_hist__sentinel_2__dswi4_promedio__mean,basic,sat_basic,clean,Historical Apr-Oct satellite summary through 2024.,float64,True,0.0,197
sat_basic_hist__sentinel_2__dswi4_promedio__min,basic,sat_basic,clean,Historical Apr-Oct satellite summary through 2024.,float64,True,0.0,85
sat_basic_hist__sentinel_2__dswi4_promedio__std,basic,sat_basic,clean,Historical Apr-Oct satellite summary through 2024.,float64,True,0.0,197
sat_basic_hist__sentinel_2__dswi4_std__max,basic,sat_basic,clean,Historical Apr-Oct satellite summary through 2024.,float64,True,0.0,120
sat_basic_hist__sentinel_2__dswi4_std__mean,basic,sat_basic,clean,Historical Apr-Oct satellite summary through 2024.,float64,True,0.0,197
sat_basic_hist__sentinel_2__dswi4_std__min,basic,sat_basic,clean,Historical Apr-Oct satellite summary through 2024.,float64,True,0.0,28
sat_basic_hist__sentinel_2__dswi4_std__std,basic,sat_basic,clean,Historical Apr-Oct satellite summary through 2024.,float64,True,0.0,197
sat_basic_hist__sentinel_2__dswi5_max__max,basic,sat_basic,clean,Historical Apr-Oct satellite summary through 2024.,float64,True,0.0,186
sat_basic_hist__sentinel_2__dswi5_max__mean,basic,sat_basic,clean,Historical Apr-Oct satellite summary through 2024.,float64,True,0.0,197
sat_basic_hist__sentinel_2__dswi5_max__min,basic,sat_basic,clean,Historical Apr-Oct satellite summary through 2024.,float64,True,0.0,133
sat_basic_hist__sentinel_2__dswi5_max__std,basic,sat_basic,clean,Historical Apr-Oct satellite summary through 2024.,float64,True,0.0,197
sat_basic_hist__sentinel_2__dswi5_min__max,basic,sat_basic,clean,Historical Apr-Oct satellite summary through 2024.,float64,True,0.0,169
sat_basic_hist__sentinel_2__dswi5_min__mean,basic,sat_basic,clean,Historical Apr-Oct satellite summary through 2024.,float64,True,0.0,197
sat_basic_hist__sentinel_2__dswi5_min__min,basic,sat_basic,clean,Historical Apr-Oct satellite summary through 2024.,float64,True,0.0,118
sat_basic_hist__sentinel_2__dswi5_min__std,basic,sat_basic,clean,Historical Apr-Oct satellite summary through 2024.,float64,True,0.0,197
sat_basic_hist__sentinel_2__dswi5_promedio__max,basic,sat_basic,clean,Historical Apr-Oct satellite summary through 2024.,float64,True,0.0,183
sat_basic_hist__sentinel_2__dswi5_promedio__mean,basic,sat_basic,clean,Historical Apr-Oct satellite summary through 2024.,float64,True,0.0,196
sat_basic_hist__sentinel_2__dswi5_promedio__min,basic,sat_basic,clean,Historical Apr-Oct satellite summary through 2024.,float64,True,0.0,109
sat_basic_hist__sentinel_2__dswi5_promedio__std,basic,sat_basic,clean,Historical Apr-Oct satellite summary through 2024.,float64,True,0.0,197
sat_basic_hist__sentinel_2__dswi5_std__max,basic,sat_basic,clean,Historical Apr-Oct satellite summary through 2024.,float64,True,0.0,150
sat_basic_hist__sentinel_2__dswi5_std__mean,basic,sat_basic,clean,Historical Apr-Oct satellite summary through 2024.,float64,True,0.0,197
sat_basic_hist__sentinel_2__dswi5_std__min,basic,sat_basic,clean,Historical Apr-Oct satellite summary through 2024.,float64,True,0.0,36
sat_basic_hist__sentinel_2__dswi5_std__std,basic,sat_basic,clean,Historical Apr-Oct satellite summary through 2024.,float64,True,0.0,197
sat_basic_hist__sentinel_2__emsi_max__max,basic,sat_basic,clean,Historical Apr-Oct satellite summary through 2024.,float64,True,0.0,175
sat_basic_hist__sentinel_2__emsi_max__mean,basic,sat_basic,clean,Historical Apr-Oct satellite summary through 2024.,float64,True,0.0,197
sat_basic_hist__sentinel_2__emsi_max__min,basic,sat_basic,clean,Historical Apr-Oct satellite summary through 2024.,float64,True,0.0,147
sat_basic_hist__sentinel_2__emsi_max__std,basic,sat_basic,clean,Historical Apr-Oct satellite summary through 2024.,float64,True,0.0,197
sat_basic_hist__sentinel_2__emsi_min__max,basic,sat_basic,clean,Historical Apr-Oct satellite summary through 2024.,float64,True,0.0,167
sat_basic_hist__sentinel_2__emsi_min__mean,basic,sat_basic,clean,Historical Apr-Oct satellite summary through 2024.,float64,True,0.0,197
sat_basic_hist__sentinel_2__emsi_min__min,basic,sat_basic,clean,Historical Apr-Oct satellite summary through 2024.,float64,True,0.0,103
sat_basic_hist__sentinel_2__emsi_min__std,basic,sat_basic,clean,Historical Apr-Oct satellite summary through 2024.,float64,True,0.0,197
sat_basic_hist__sentinel_2__emsi_promedio__max,basic,sat_basic,clean,Historical Apr-Oct satellite summary through 2024.,float64,True,0.0,162
sat_basic_hist__sentinel_2__emsi_promedio__mean,basic,sat_basic,clean,Historical Apr-Oct satellite summary through 2024.,float64,True,0.0,196
sat_basic_hist__sentinel_2__emsi_promedio__min,basic,sat_basic,clean,Historical Apr-Oct satellite summary through 2024.,float64,True,0.0,132
sat_basic_hist__sentinel_2__emsi_promedio__std,basic,sat_basic,clean,Historical Apr-Oct satellite summary through 2024.,float64,True,0.0,197
sat_basic_hist__sentinel_2__emsi_std__max,basic,sat_basic,clean,Historical Apr-Oct satellite summary through 2024.,float64,True,0.0,123
sat_basic_hist__sentinel_2__emsi_std__mean,basic,sat_basic,clean,Historical Apr-Oct satellite summary through 2024.,float64,True,0.0,196
sat_basic_hist__sentinel_2__emsi_std__min,basic,sat_basic,clean,Historical Apr-Oct satellite summary through 2024.,float64,True,0.0,47
sat_basic_hist__sentinel_2__emsi_std__std,basic,sat_basic,clean,Historical Apr-Oct satellite summary through 2024.,float64,True,0.0,197
sat_basic_hist__sentinel_2__enddi_max__max,basic,sat_basic,clean,Historical Apr-Oct satellite summary through 2024.,float64,True,0.0,98
sat_basic_hist__sentinel_2__enddi_max__mean,basic,sat_basic,clean,Historical Apr-Oct satellite summary through 2024.,float64,True,0.0,195
sat_basic_hist__sentinel_2__enddi_max__min,basic,sat_basic,clean,Historical Apr-Oct satellite summary through 2024.,float64,True,0.0,125
sat_basic_hist__sentinel_2__enddi_max__std,basic,sat_basic,clean,Historical Apr-Oct satellite summary through 2024.,float64,True,0.0,197
sat_basic_hist__sentinel_2__enddi_min__max,basic,sat_basic,clean,Historical Apr-Oct satellite summary through 2024.,float64,True,0.0,87
sat_basic_hist__sentinel_2__enddi_min__mean,basic,sat_basic,clean,Historical Apr-Oct satellite summary through 2024.,float64,True,0.0,197
sat_basic_hist__sentinel_2__enddi_min__min,basic,sat_basic,clean,Historical Apr-Oct satellite summary through 2024.,float64,True,0.0,122
sat_basic_hist__sentinel_2__enddi_min__std,basic,sat_basic,clean,Historical Apr-Oct satellite summary through 2024.,float64,True,0.0,197
sat_basic_hist__sentinel_2__enddi_promedio__max,basic,sat_basic,clean,Historical Apr-Oct satellite summary through 2024.,float64,True,0.0,89
sat_basic_hist__sentinel_2__enddi_promedio__mean,basic,sat_basic,clean,Historical Apr-Oct satellite summary through 2024.,float64,True,0.0,196
sat_basic_hist__sentinel_2__enddi_promedio__min,basic,sat_basic,clean,Historical Apr-Oct satellite summary through 2024.,float64,True,0.0,122
sat_basic_hist__sentinel_2__enddi_promedio__std,basic,sat_basic,clean,Historical Apr-Oct satellite summary through 2024.,float64,True,0.0,197
sat_basic_hist__sentinel_2__enddi_std__max,basic,sat_basic,clean,Historical Apr-Oct satellite summary through 2024.,float64,True,0.0,65
sat_basic_hist__sentinel_2__enddi_std__mean,basic,sat_basic,clean,Historical Apr-Oct satellite summary through 2024.,float64,True,0.0,197
sat_basic_hist__sentinel_2__enddi_std__min,basic,sat_basic,clean,Historical Apr-Oct satellite summary through 2024.,float64,True,0.0,13
sat_basic_hist__sentinel_2__enddi_std__std,basic,sat_basic,clean,Historical Apr-Oct satellite summary through 2024.,float64,True,0.0,197
sat_basic_hist__sentinel_2__endwi_max__max,basic,sat_basic,clean,Historical Apr-Oct satellite summary through 2024.,float64,True,0.0,131
sat_basic_hist__sentinel_2__endwi_max__mean,basic,sat_basic,clean,Historical Apr-Oct satellite summary through 2024.,float64,True,0.0,197
sat_basic_hist__sentinel_2__endwi_max__min,basic,sat_basic,clean,Historical Apr-Oct satellite summary through 2024.,float64,True,0.0,145
sat_basic_hist__sentinel_2__endwi_max__std,basic,sat_basic,clean,Historical Apr-Oct satellite summary through 2024.,float64,True,0.0,197
sat_basic_hist__sentinel_2__endwi_min__max,basic,sat_basic,clean,Historical Apr-Oct satellite summary through 2024.,float64,True,0.0,151
sat_basic_hist__sentinel_2__endwi_min__mean,basic,sat_basic,clean,Historical Apr-Oct satellite summary through 2024.,float64,True,0.0,197
sat_basic_hist__sentinel_2__endwi_min__min,basic,sat_basic,clean,Historical Apr-Oct satellite summary through 2024.,float64,True,0.0,141
sat_basic_hist__sentinel_2__endwi_min__std,basic,sat_basic,clean,Historical Apr-Oct satellite summary through 2024.,float64,True,0.0,197
sat_basic_hist__sentinel_2__endwi_promedio__max,basic,sat_basic,clean,Historical Apr-Oct satellite summary through 2024.,float64,True,0.0,138
sat_basic_hist__sentinel_2__endwi_promedio__mean,basic,sat_basic,clean,Historical Apr-Oct satellite summary through 2024.,float64,True,0.0,197
sat_basic_hist__sentinel_2__endwi_promedio__min,basic,sat_basic,clean,Historical Apr-Oct satellite summary through 2024.,float64,True,0.0,121
sat_basic_hist__sentinel_2__endwi_promedio__std,basic,sat_basic,clean,Historical Apr-Oct satellite summary through 2024.,float64,True,0.0,197
sat_basic_hist__sentinel_2__endwi_std__max,basic,sat_basic,clean,Historical Apr-Oct satellite summary through 2024.,float64,True,0.0,96
sat_basic_hist__sentinel_2__endwi_std__mean,basic,sat_basic,clean,Historical Apr-Oct satellite summary through 2024.,float64,True,0.0,196
sat_basic_hist__sentinel_2__endwi_std__min,basic,sat_basic,clean,Historical Apr-Oct satellite summary through 2024.,float64,True,0.0,39
sat_basic_hist__sentinel_2__endwi_std__std,basic,sat_basic,clean,Historical Apr-Oct satellite summary through 2024.,float64,True,0.0,197
sat_basic_hist__sentinel_2__evi_max__max,basic,sat_basic,clean,Historical Apr-Oct satellite summary through 2024.,float64,True,0.0,89
sat_basic_hist__sentinel_2__evi_max__mean,basic,sat_basic,clean,Historical Apr-Oct satellite summary through 2024.,float64,True,0.0,197
sat_basic_hist__sentinel_2__evi_max__min,basic,sat_basic,clean,Historical Apr-Oct satellite summary through 2024.,float64,True,0.0,115
sat_basic_hist__sentinel_2__evi_max__std,basic,sat_basic,clean,Historical Apr-Oct satellite summary through 2024.,float64,True,0.0,197
sat_basic_hist__sentinel_2__evi_min__max,basic,sat_basic,clean,Historical Apr-Oct satellite summary through 2024.,float64,True,0.0,153
sat_basic_hist__sentinel_2__evi_min__mean,basic,sat_basic,clean,Historical Apr-Oct satellite summary through 2024.,float64,True,0.0,197
sat_basic_hist__sentinel_2__evi_min__min,basic,sat_basic,clean,Historical Apr-Oct satellite summary through 2024.,float64,True,0.0,50
sat_basic_hist__sentinel_2__evi_min__std,basic,sat_basic,clean,Historical Apr-Oct satellite summary through 2024.,float64,True,0.0,197
sat_basic_hist__sentinel_2__evi_promedio__max,basic,sat_basic,clean,Historical Apr-Oct satellite summary through 2024.,float64,True,0.0,154
sat_basic_hist__sentinel_2__evi_promedio__mean,basic,sat_basic,clean,Historical Apr-Oct satellite summary through 2024.,float64,True,0.0,197
sat_basic_hist__sentinel_2__evi_promedio__min,basic,sat_basic,clean,Historical Apr-Oct satellite summary through 2024.,float64,True,0.0,75
sat_basic_hist__sentinel_2__evi_promedio__std,basic,sat_basic,clean,Historical Apr-Oct satellite summary through 2024.,float64,True,0.0,197
sat_basic_hist__sentinel_2__evi_std__max,basic,sat_basic,clean,Historical Apr-Oct satellite summary through 2024.,float64,True,0.0,111
sat_basic_hist__sentinel_2__evi_std__mean,basic,sat_basic,clean,Historical Apr-Oct satellite summary through 2024.,float64,True,0.0,197
sat_basic_hist__sentinel_2__evi_std__min,basic,sat_basic,clean,Historical Apr-Oct satellite summary through 2024.,float64,True,0.0,21
sat_basic_hist__sentinel_2__evi_std__std,basic,sat_basic,clean,Historical Apr-Oct satellite summary through 2024.,float64,True,0.0,197
sat_basic_hist__sentinel_2__fapar_max__max,basic,sat_basic,clean,Historical Apr-Oct satellite summary through 2024.,float64,True,0.0,118
sat_basic_hist__sentinel_2__fapar_max__mean,basic,sat_basic,clean,Historical Apr-Oct satellite summary through 2024.,float64,True,0.0,197
sat_basic_hist__sentinel_2__fapar_max__min,basic,sat_basic,clean,Historical Apr-Oct satellite summary through 2024.,float64,True,0.0,100
sat_basic_hist__sentinel_2__fapar_max__std,basic,sat_basic,clean,Historical Apr-Oct satellite summary through 2024.,float64,True,0.0,197
sat_basic_hist__sentinel_2__fapar_min__max,basic,sat_basic,clean,Historical Apr-Oct satellite summary through 2024.,float64,True,0.0,154
sat_basic_hist__sentinel_2__fapar_min__mean,basic,sat_basic,clean,Historical Apr-Oct satellite summary through 2024.,float64,True,0.0,197
sat_basic_hist__sentinel_2__fapar_min__min,basic,sat_basic,clean,Historical Apr-Oct satellite summary through 2024.,float64,True,0.0,7
sat_basic_hist__sentinel_2__fapar_min__std,basic,sat_basic,clean,Historical Apr-Oct satellite summary through 2024.,float64,True,0.0,197
sat_basic_hist__sentinel_2__fapar_promedio__max,basic,sat_basic,clean,Historical Apr-Oct satellite summary through 2024.,float64,True,0.0,157
sat_basic_hist__sentinel_2__fapar_promedio__mean,basic,sat_basic,clean,Historical Apr-Oct satellite summary through 2024.,float64,True,0.0,196
sat_basic_hist__sentinel_2__fapar_promedio__min,basic,sat_basic,clean,Historical Apr-Oct satellite summary through 2024.,float64,True,0.0,67
sat_basic_hist__sentinel_2__fapar_promedio__std,basic,sat_basic,clean,Historical Apr-Oct satellite summary through 2024.,float64,True,0.0,197
sat_basic_hist__sentinel_2__fapar_std__max,basic,sat_basic,clean,Historical Apr-Oct satellite summary through 2024.,float64,True,0.0,96
sat_basic_hist__sentinel_2__fapar_std__mean,basic,sat_basic,clean,Historical Apr-Oct satellite summary through 2024.,float64,True,0.0,197
sat_basic_hist__sentinel_2__fapar_std__min,basic,sat_basic,clean,Historical Apr-Oct satellite summary through 2024.,float64,True,0.0,24
sat_basic_hist__sentinel_2__fapar_std__std,basic,sat_basic,clean,Historical Apr-Oct satellite summary through 2024.,float64,True,0.0,197
sat_basic_hist__sentinel_2__lai_max__max,basic,sat_basic,clean,Historical Apr-Oct satellite summary through 2024.,float64,True,0.0,192
sat_basic_hist__sentinel_2__lai_max__mean,basic,sat_basic,clean,Historical Apr-Oct satellite summary through 2024.,float64,True,0.0,197
sat_basic_hist__sentinel_2__lai_max__min,basic,sat_basic,clean,Historical Apr-Oct satellite summary through 2024.,float64,True,0.0,121
sat_basic_hist__sentinel_2__lai_max__std,basic,sat_basic,clean,Historical Apr-Oct satellite summary through 2024.,float64,True,0.0,197
sat_basic_hist__sentinel_2__lai_min__max,basic,sat_basic,clean,Historical Apr-Oct satellite summary through 2024.,float64,True,0.0,170
sat_basic_hist__sentinel_2__lai_min__mean,basic,sat_basic,clean,Historical Apr-Oct satellite summary through 2024.,float64,True,0.0,197
sat_basic_hist__sentinel_2__lai_min__min,basic,sat_basic,clean,Historical Apr-Oct satellite summary through 2024.,float64,True,0.0,35
sat_basic_hist__sentinel_2__lai_min__std,basic,sat_basic,clean,Historical Apr-Oct satellite summary through 2024.,float64,True,0.0,197
sat_basic_hist__sentinel_2__lai_promedio__max,basic,sat_basic,clean,Historical Apr-Oct satellite summary through 2024.,float64,True,0.0,189
sat_basic_hist__sentinel_2__lai_promedio__mean,basic,sat_basic,clean,Historical Apr-Oct satellite summary through 2024.,float64,True,0.0,197
sat_basic_hist__sentinel_2__lai_promedio__min,basic,sat_basic,clean,Historical Apr-Oct satellite summary through 2024.,float64,True,0.0,84
sat_basic_hist__sentinel_2__lai_promedio__std,basic,sat_basic,clean,Historical Apr-Oct satellite summary through 2024.,float64,True,0.0,197
sat_basic_hist__sentinel_2__lai_std__max,basic,sat_basic,clean,Historical Apr-Oct satellite summary through 2024.,float64,True,0.0,171
sat_basic_hist__sentinel_2__lai_std__mean,basic,sat_basic,clean,Historical Apr-Oct satellite summary through 2024.,float64,True,0.0,197
sat_basic_hist__sentinel_2__lai_std__min,basic,sat_basic,clean,Historical Apr-Oct satellite summary through 2024.,float64,True,0.0,29
sat_basic_hist__sentinel_2__lai_std__std,basic,sat_basic,clean,Historical Apr-Oct satellite summary through 2024.,float64,True,0.0,197
sat_basic_hist__sentinel_2__mcrc_max__max,basic,sat_basic,clean,Historical Apr-Oct satellite summary through 2024.,float64,True,0.0,100
sat_basic_hist__sentinel_2__mcrc_max__mean,basic,sat_basic,clean,Historical Apr-Oct satellite summary through 2024.,float64,True,0.0,197
sat_basic_hist__sentinel_2__mcrc_max__min,basic,sat_basic,clean,Historical Apr-Oct satellite summary through 2024.,float64,True,0.0,162
sat_basic_hist__sentinel_2__mcrc_max__std,basic,sat_basic,clean,Historical Apr-Oct satellite summary through 2024.,float64,True,0.0,197
sat_basic_hist__sentinel_2__mcrc_min__max,basic,sat_basic,clean,Historical Apr-Oct satellite summary through 2024.,float64,True,0.0,113
sat_basic_hist__sentinel_2__mcrc_min__mean,basic,sat_basic,clean,Historical Apr-Oct satellite summary through 2024.,float64,True,0.0,197
sat_basic_hist__sentinel_2__mcrc_min__min,basic,sat_basic,clean,Historical Apr-Oct satellite summary through 2024.,float64,True,0.0,159
sat_basic_hist__sentinel_2__mcrc_min__std,basic,sat_basic,clean,Historical Apr-Oct satellite summary through 2024.,float64,True,0.0,197
sat_basic_hist__sentinel_2__mcrc_promedio__max,basic,sat_basic,clean,Historical Apr-Oct satellite summary through 2024.,float64,True,0.0,104
sat_basic_hist__sentinel_2__mcrc_promedio__mean,basic,sat_basic,clean,Historical Apr-Oct satellite summary through 2024.,float64,True,0.0,197
sat_basic_hist__sentinel_2__mcrc_promedio__min,basic,sat_basic,clean,Historical Apr-Oct satellite summary through 2024.,float64,True,0.0,154
sat_basic_hist__sentinel_2__mcrc_promedio__std,basic,sat_basic,clean,Historical Apr-Oct satellite summary through 2024.,float64,True,0.0,197
sat_basic_hist__sentinel_2__mcrc_std__max,basic,sat_basic,clean,Historical Apr-Oct satellite summary through 2024.,float64,True,0.0,124
sat_basic_hist__sentinel_2__mcrc_std__mean,basic,sat_basic,clean,Historical Apr-Oct satellite summary through 2024.,float64,True,0.0,196
sat_basic_hist__sentinel_2__mcrc_std__min,basic,sat_basic,clean,Historical Apr-Oct satellite summary through 2024.,float64,True,0.0,28
sat_basic_hist__sentinel_2__mcrc_std__std,basic,sat_basic,clean,Historical Apr-Oct satellite summary through 2024.,float64,True,0.0,197
sat_basic_hist__sentinel_2__mra_max__max,basic,sat_basic,clean,Historical Apr-Oct satellite summary through 2024.,float64,True,0.0,11
sat_basic_hist__sentinel_2__mra_max__mean,basic,sat_basic,clean,Historical Apr-Oct satellite summary through 2024.,float64,True,0.0,193
sat_basic_hist__sentinel_2__mra_max__min,basic,sat_basic,clean,Historical Apr-Oct satellite summary through 2024.,float64,True,0.0,2
sat_basic_hist__sentinel_2__mra_max__std,basic,sat_basic,clean,Historical Apr-Oct satellite summary through 2024.,float64,True,0.0,197
sat_basic_hist__sentinel_2__mra_min__max,basic,sat_basic,clean,Historical Apr-Oct satellite summary through 2024.,float64,True,0.0,14
sat_basic_hist__sentinel_2__mra_min__mean,basic,sat_basic,clean,Historical Apr-Oct satellite summary through 2024.,float64,True,0.0,191
sat_basic_hist__sentinel_2__mra_min__min,basic,sat_basic,clean,Historical Apr-Oct satellite summary through 2024.,float64,True,0.0,2
sat_basic_hist__sentinel_2__mra_min__std,basic,sat_basic,clean,Historical Apr-Oct satellite summary through 2024.,float64,True,0.0,197
sat_basic_hist__sentinel_2__mra_promedio__max,basic,sat_basic,clean,Historical Apr-Oct satellite summary through 2024.,float64,True,0.0,13
sat_basic_hist__sentinel_2__mra_promedio__mean,basic,sat_basic,clean,Historical Apr-Oct satellite summary through 2024.,float64,True,0.0,192
sat_basic_hist__sentinel_2__mra_promedio__min,basic,sat_basic,clean,Historical Apr-Oct satellite summary through 2024.,float64,True,0.0,2
sat_basic_hist__sentinel_2__mra_promedio__std,basic,sat_basic,clean,Historical Apr-Oct satellite summary through 2024.,float64,True,0.0,197
sat_basic_hist__sentinel_2__mra_std__max,basic,sat_basic,clean,Historical Apr-Oct satellite summary through 2024.,float64,True,0.0,4
sat_basic_hist__sentinel_2__mra_std__mean,basic,sat_basic,clean,Historical Apr-Oct satellite summary through 2024.,float64,True,0.0,182
sat_basic_hist__sentinel_2__mra_std__min,basic,sat_basic,clean,Historical Apr-Oct satellite summary through 2024.,float64,True,0.0,1
sat_basic_hist__sentinel_2__mra_std__std,basic,sat_basic,clean,Historical Apr-Oct satellite summary through 2024.,float64,True,0.0,196
sat_basic_hist__sentinel_2__msi_max__max,basic,sat_basic,clean,Historical Apr-Oct satellite summary through 2024.,float64,True,0.0,182
sat_basic_hist__sentinel_2__msi_max__mean,basic,sat_basic,clean,Historical Apr-Oct satellite summary through 2024.,float64,True,0.0,197
sat_basic_hist__sentinel_2__msi_max__min,basic,sat_basic,clean,Historical Apr-Oct satellite summary through 2024.,float64,True,0.0,162
sat_basic_hist__sentinel_2__msi_max__std,basic,sat_basic,clean,Historical Apr-Oct satellite summary through 2024.,float64,True,0.0,197
sat_basic_hist__sentinel_2__msi_min__max,basic,sat_basic,clean,Historical Apr-Oct satellite summary through 2024.,float64,True,0.0,158
sat_basic_hist__sentinel_2__msi_min__mean,basic,sat_basic,clean,Historical Apr-Oct satellite summary through 2024.,float64,True,0.0,197
sat_basic_hist__sentinel_2__msi_min__min,basic,sat_basic,clean,Historical Apr-Oct satellite summary through 2024.,float64,True,0.0,124
sat_basic_hist__sentinel_2__msi_min__std,basic,sat_basic,clean,Historical Apr-Oct satellite summary through 2024.,float64,True,0.0,197
sat_basic_hist__sentinel_2__msi_promedio__max,basic,sat_basic,clean,Historical Apr-Oct satellite summary through 2024.,float64,True,0.0,165
sat_basic_hist__sentinel_2__msi_promedio__mean,basic,sat_basic,clean,Historical Apr-Oct satellite summary through 2024.,float64,True,0.0,197
sat_basic_hist__sentinel_2__msi_promedio__min,basic,sat_basic,clean,Historical Apr-Oct satellite summary through 2024.,float64,True,0.0,151
sat_basic_hist__sentinel_2__msi_promedio__std,basic,sat_basic,clean,Historical Apr-Oct satellite summary through 2024.,float64,True,0.0,197
sat_basic_hist__sentinel_2__msi_std__max,basic,sat_basic,clean,Historical Apr-Oct satellite summary through 2024.,float64,True,0.0,117
sat_basic_hist__sentinel_2__msi_std__mean,basic,sat_basic,clean,Historical Apr-Oct satellite summary through 2024.,float64,True,0.0,197
sat_basic_hist__sentinel_2__msi_std__min,basic,sat_basic,clean,Historical Apr-Oct satellite summary through 2024.,float64,True,0.0,54
sat_basic_hist__sentinel_2__msi_std__std,basic,sat_basic,clean,Historical Apr-Oct satellite summary through 2024.,float64,True,0.0,197
sat_basic_hist__sentinel_2__nddi_max__max,basic,sat_basic,clean,Historical Apr-Oct satellite summary through 2024.,float64,True,0.0,106
sat_basic_hist__sentinel_2__nddi_max__mean,basic,sat_basic,clean,Historical Apr-Oct satellite summary through 2024.,float64,True,0.0,196
sat_basic_hist__sentinel_2__nddi_max__min,basic,sat_basic,clean,Historical Apr-Oct satellite summary through 2024.,float64,True,0.0,127
sat_basic_hist__sentinel_2__nddi_max__std,basic,sat_basic,clean,Historical Apr-Oct satellite summary through 2024.,float64,True,0.0,197
sat_basic_hist__sentinel_2__nddi_min__max,basic,sat_basic,clean,Historical Apr-Oct satellite summary through 2024.,float64,True,0.0,104
sat_basic_hist__sentinel_2__nddi_min__mean,basic,sat_basic,clean,Historical Apr-Oct satellite summary through 2024.,float64,True,0.0,197
sat_basic_hist__sentinel_2__nddi_min__min,basic,sat_basic,clean,Historical Apr-Oct satellite summary through 2024.,float64,True,0.0,120
sat_basic_hist__sentinel_2__nddi_min__std,basic,sat_basic,clean,Historical Apr-Oct satellite summary through 2024.,float64,True,0.0,197
sat_basic_hist__sentinel_2__nddi_promedio__max,basic,sat_basic,clean,Historical Apr-Oct satellite summary through 2024.,float64,True,0.0,97
sat_basic_hist__sentinel_2__nddi_promedio__mean,basic,sat_basic,clean,Historical Apr-Oct satellite summary through 2024.,float64,True,0.0,197
sat_basic_hist__sentinel_2__nddi_promedio__min,basic,sat_basic,clean,Historical Apr-Oct satellite summary through 2024.,float64,True,0.0,114
sat_basic_hist__sentinel_2__nddi_promedio__std,basic,sat_basic,clean,Historical Apr-Oct satellite summary through 2024.,float64,True,0.0,197
sat_basic_hist__sentinel_2__nddi_std__max,basic,sat_basic,clean,Historical Apr-Oct satellite summary through 2024.,float64,True,0.0,69
sat_basic_hist__sentinel_2__nddi_std__mean,basic,sat_basic,clean,Historical Apr-Oct satellite summary through 2024.,float64,True,0.0,196
sat_basic_hist__sentinel_2__nddi_std__min,basic,sat_basic,clean,Historical Apr-Oct satellite summary through 2024.,float64,True,0.0,13
sat_basic_hist__sentinel_2__nddi_std__std,basic,sat_basic,clean,Historical Apr-Oct satellite summary through 2024.,float64,True,0.0,197
sat_basic_hist__sentinel_2__ndsvi_max__max,basic,sat_basic,clean,Historical Apr-Oct satellite summary through 2024.,float64,True,0.0,91
sat_basic_hist__sentinel_2__ndsvi_max__mean,basic,sat_basic,clean,Historical Apr-Oct satellite summary through 2024.,float64,True,0.0,197
sat_basic_hist__sentinel_2__ndsvi_max__min,basic,sat_basic,clean,Historical Apr-Oct satellite summary through 2024.,float64,True,0.0,158
sat_basic_hist__sentinel_2__ndsvi_max__std,basic,sat_basic,clean,Historical Apr-Oct satellite summary through 2024.,float64,True,0.0,197
sat_basic_hist__sentinel_2__ndsvi_min__max,basic,sat_basic,clean,Historical Apr-Oct satellite summary through 2024.,float64,True,0.0,124
sat_basic_hist__sentinel_2__ndsvi_min__mean,basic,sat_basic,clean,Historical Apr-Oct satellite summary through 2024.,float64,True,0.0,197
sat_basic_hist__sentinel_2__ndsvi_min__min,basic,sat_basic,clean,Historical Apr-Oct satellite summary through 2024.,float64,True,0.0,158
sat_basic_hist__sentinel_2__ndsvi_min__std,basic,sat_basic,clean,Historical Apr-Oct satellite summary through 2024.,float64,True,0.0,197
sat_basic_hist__sentinel_2__ndsvi_promedio__max,basic,sat_basic,clean,Historical Apr-Oct satellite summary through 2024.,float64,True,0.0,115
sat_basic_hist__sentinel_2__ndsvi_promedio__mean,basic,sat_basic,clean,Historical Apr-Oct satellite summary through 2024.,float64,True,0.0,197
sat_basic_hist__sentinel_2__ndsvi_promedio__min,basic,sat_basic,clean,Historical Apr-Oct satellite summary through 2024.,float64,True,0.0,155
sat_basic_hist__sentinel_2__ndsvi_promedio__std,basic,sat_basic,clean,Historical Apr-Oct satellite summary through 2024.,float64,True,0.0,197
sat_basic_hist__sentinel_2__ndsvi_std__max,basic,sat_basic,clean,Historical Apr-Oct satellite summary through 2024.,float64,True,0.0,102
sat_basic_hist__sentinel_2__ndsvi_std__mean,basic,sat_basic,clean,Historical Apr-Oct satellite summary through 2024.,float64,True,0.0,196
sat_basic_hist__sentinel_2__ndsvi_std__min,basic,sat_basic,clean,Historical Apr-Oct satellite summary through 2024.,float64,True,0.0,33
sat_basic_hist__sentinel_2__ndsvi_std__std,basic,sat_basic,clean,Historical Apr-Oct satellite summary through 2024.,float64,True,0.0,197
sat_basic_hist__sentinel_2__ndti_max__max,basic,sat_basic,clean,Historical Apr-Oct satellite summary through 2024.,float64,True,0.0,117
sat_basic_hist__sentinel_2__ndti_max__mean,basic,sat_basic,clean,Historical Apr-Oct satellite summary through 2024.,float64,True,0.0,197
sat_basic_hist__sentinel_2__ndti_max__min,basic,sat_basic,clean,Historical Apr-Oct satellite summary through 2024.,float64,True,0.0,100
sat_basic_hist__sentinel_2__ndti_max__std,basic,sat_basic,clean,Historical Apr-Oct satellite summary through 2024.,float64,True,0.0,197
sat_basic_hist__sentinel_2__ndti_min__max,basic,sat_basic,clean,Historical Apr-Oct satellite summary through 2024.,float64,True,0.0,110
sat_basic_hist__sentinel_2__ndti_min__mean,basic,sat_basic,clean,Historical Apr-Oct satellite summary through 2024.,float64,True,0.0,196
sat_basic_hist__sentinel_2__ndti_min__min,basic,sat_basic,clean,Historical Apr-Oct satellite summary through 2024.,float64,True,0.0,124
sat_basic_hist__sentinel_2__ndti_min__std,basic,sat_basic,clean,Historical Apr-Oct satellite summary through 2024.,float64,True,0.0,197
sat_basic_hist__sentinel_2__ndti_promedio__max,basic,sat_basic,clean,Historical Apr-Oct satellite summary through 2024.,float64,True,0.0,96
sat_basic_hist__sentinel_2__ndti_promedio__mean,basic,sat_basic,clean,Historical Apr-Oct satellite summary through 2024.,float64,True,0.0,197
sat_basic_hist__sentinel_2__ndti_promedio__min,basic,sat_basic,clean,Historical Apr-Oct satellite summary through 2024.,float64,True,0.0,63
sat_basic_hist__sentinel_2__ndti_promedio__std,basic,sat_basic,clean,Historical Apr-Oct satellite summary through 2024.,float64,True,0.0,197
sat_basic_hist__sentinel_2__ndti_std__max,basic,sat_basic,clean,Historical Apr-Oct satellite summary through 2024.,float64,True,0.0,66
sat_basic_hist__sentinel_2__ndti_std__mean,basic,sat_basic,clean,Historical Apr-Oct satellite summary through 2024.,float64,True,0.0,197
sat_basic_hist__sentinel_2__ndti_std__min,basic,sat_basic,clean,Historical Apr-Oct satellite summary through 2024.,float64,True,0.0,16
sat_basic_hist__sentinel_2__ndti_std__std,basic,sat_basic,clean,Historical Apr-Oct satellite summary through 2024.,float64,True,0.0,197
sat_basic_hist__sentinel_2__ndvi_max__max,basic,sat_basic,clean,Historical Apr-Oct satellite summary through 2024.,float64,True,0.0,83
sat_basic_hist__sentinel_2__ndvi_max__mean,basic,sat_basic,clean,Historical Apr-Oct satellite summary through 2024.,float64,True,0.0,197
sat_basic_hist__sentinel_2__ndvi_max__min,basic,sat_basic,clean,Historical Apr-Oct satellite summary through 2024.,float64,True,0.0,112
sat_basic_hist__sentinel_2__ndvi_max__std,basic,sat_basic,clean,Historical Apr-Oct satellite summary through 2024.,float64,True,0.0,197
sat_basic_hist__sentinel_2__ndvi_min__max,basic,sat_basic,clean,Historical Apr-Oct satellite summary through 2024.,float64,True,0.0,148
sat_basic_hist__sentinel_2__ndvi_min__mean,basic,sat_basic,clean,Historical Apr-Oct satellite summary through 2024.,float64,True,0.0,197
sat_basic_hist__sentinel_2__ndvi_min__min,basic,sat_basic,clean,Historical Apr-Oct satellite summary through 2024.,float64,True,0.0,66
sat_basic_hist__sentinel_2__ndvi_min__std,basic,sat_basic,clean,Historical Apr-Oct satellite summary through 2024.,float64,True,0.0,197
sat_basic_hist__sentinel_2__ndvi_promedio__max,basic,sat_basic,clean,Historical Apr-Oct satellite summary through 2024.,float64,True,0.0,129
sat_basic_hist__sentinel_2__ndvi_promedio__mean,basic,sat_basic,clean,Historical Apr-Oct satellite summary through 2024.,float64,True,0.0,197
sat_basic_hist__sentinel_2__ndvi_promedio__min,basic,sat_basic,clean,Historical Apr-Oct satellite summary through 2024.,float64,True,0.0,88
sat_basic_hist__sentinel_2__ndvi_promedio__std,basic,sat_basic,clean,Historical Apr-Oct satellite summary through 2024.,float64,True,0.0,197
sat_basic_hist__sentinel_2__ndvi_std__max,basic,sat_basic,clean,Historical Apr-Oct satellite summary through 2024.,float64,True,0.0,86
sat_basic_hist__sentinel_2__ndvi_std__mean,basic,sat_basic,clean,Historical Apr-Oct satellite summary through 2024.,float64,True,0.0,197
sat_basic_hist__sentinel_2__ndvi_std__min,basic,sat_basic,clean,Historical Apr-Oct satellite summary through 2024.,float64,True,0.0,27
sat_basic_hist__sentinel_2__ndvi_std__std,basic,sat_basic,clean,Historical Apr-Oct satellite summary through 2024.,float64,True,0.0,197
sat_basic_hist__sentinel_2__ndwi_max__max,basic,sat_basic,clean,Historical Apr-Oct satellite summary through 2024.,float64,True,0.0,133
sat_basic_hist__sentinel_2__ndwi_max__mean,basic,sat_basic,clean,Historical Apr-Oct satellite summary through 2024.,float64,True,0.0,197
sat_basic_hist__sentinel_2__ndwi_max__min,basic,sat_basic,clean,Historical Apr-Oct satellite summary through 2024.,float64,True,0.0,131
sat_basic_hist__sentinel_2__ndwi_max__std,basic,sat_basic,clean,Historical Apr-Oct satellite summary through 2024.,float64,True,0.0,197
sat_basic_hist__sentinel_2__ndwi_min__max,basic,sat_basic,clean,Historical Apr-Oct satellite summary through 2024.,float64,True,0.0,149
sat_basic_hist__sentinel_2__ndwi_min__mean,basic,sat_basic,clean,Historical Apr-Oct satellite summary through 2024.,float64,True,0.0,197
sat_basic_hist__sentinel_2__ndwi_min__min,basic,sat_basic,clean,Historical Apr-Oct satellite summary through 2024.,float64,True,0.0,128
sat_basic_hist__sentinel_2__ndwi_min__std,basic,sat_basic,clean,Historical Apr-Oct satellite summary through 2024.,float64,True,0.0,197
sat_basic_hist__sentinel_2__ndwi_promedio__max,basic,sat_basic,clean,Historical Apr-Oct satellite summary through 2024.,float64,True,0.0,145
sat_basic_hist__sentinel_2__ndwi_promedio__mean,basic,sat_basic,clean,Historical Apr-Oct satellite summary through 2024.,float64,True,0.0,197
sat_basic_hist__sentinel_2__ndwi_promedio__min,basic,sat_basic,clean,Historical Apr-Oct satellite summary through 2024.,float64,True,0.0,113
sat_basic_hist__sentinel_2__ndwi_promedio__std,basic,sat_basic,clean,Historical Apr-Oct satellite summary through 2024.,float64,True,0.0,197
sat_basic_hist__sentinel_2__ndwi_std__max,basic,sat_basic,clean,Historical Apr-Oct satellite summary through 2024.,float64,True,0.0,77
sat_basic_hist__sentinel_2__ndwi_std__mean,basic,sat_basic,clean,Historical Apr-Oct satellite summary through 2024.,float64,True,0.0,196
sat_basic_hist__sentinel_2__ndwi_std__min,basic,sat_basic,clean,Historical Apr-Oct satellite summary through 2024.,float64,True,0.0,32
sat_basic_hist__sentinel_2__ndwi_std__std,basic,sat_basic,clean,Historical Apr-Oct satellite summary through 2024.,float64,True,0.0,197
sat_basic_hist__sentinel_2__savi_max__max,basic,sat_basic,clean,Historical Apr-Oct satellite summary through 2024.,float64,True,0.0,103
sat_basic_hist__sentinel_2__savi_max__mean,basic,sat_basic,clean,Historical Apr-Oct satellite summary through 2024.,float64,True,0.0,197
sat_basic_hist__sentinel_2__savi_max__min,basic,sat_basic,clean,Historical Apr-Oct satellite summary through 2024.,float64,True,0.0,87
sat_basic_hist__sentinel_2__savi_max__std,basic,sat_basic,clean,Historical Apr-Oct satellite summary through 2024.,float64,True,0.0,197
sat_basic_hist__sentinel_2__savi_min__max,basic,sat_basic,clean,Historical Apr-Oct satellite summary through 2024.,float64,True,0.0,138
sat_basic_hist__sentinel_2__savi_min__mean,basic,sat_basic,clean,Historical Apr-Oct satellite summary through 2024.,float64,True,0.0,196
sat_basic_hist__sentinel_2__savi_min__min,basic,sat_basic,clean,Historical Apr-Oct satellite summary through 2024.,float64,True,0.0,26
sat_basic_hist__sentinel_2__savi_min__std,basic,sat_basic,clean,Historical Apr-Oct satellite summary through 2024.,float64,True,0.0,197
sat_basic_hist__sentinel_2__savi_promedio__max,basic,sat_basic,clean,Historical Apr-Oct satellite summary through 2024.,float64,True,0.0,129
sat_basic_hist__sentinel_2__savi_promedio__mean,basic,sat_basic,clean,Historical Apr-Oct satellite summary through 2024.,float64,True,0.0,197
sat_basic_hist__sentinel_2__savi_promedio__min,basic,sat_basic,clean,Historical Apr-Oct satellite summary through 2024.,float64,True,0.0,61
sat_basic_hist__sentinel_2__savi_promedio__std,basic,sat_basic,clean,Historical Apr-Oct satellite summary through 2024.,float64,True,0.0,197
sat_basic_hist__sentinel_2__savi_std__max,basic,sat_basic,clean,Historical Apr-Oct satellite summary through 2024.,float64,True,0.0,81
sat_basic_hist__sentinel_2__savi_std__mean,basic,sat_basic,clean,Historical Apr-Oct satellite summary through 2024.,float64,True,0.0,196
sat_basic_hist__sentinel_2__savi_std__min,basic,sat_basic,clean,Historical Apr-Oct satellite summary through 2024.,float64,True,0.0,18
sat_basic_hist__sentinel_2__savi_std__std,basic,sat_basic,clean,Historical Apr-Oct satellite summary through 2024.,float64,True,0.0,197
sat_basic_hist__sentinel_2__srndi_max__max,basic,sat_basic,clean,Historical Apr-Oct satellite summary through 2024.,float64,True,0.0,118
sat_basic_hist__sentinel_2__srndi_max__mean,basic,sat_basic,clean,Historical Apr-Oct satellite summary through 2024.,float64,True,0.0,197
sat_basic_hist__sentinel_2__srndi_max__min,basic,sat_basic,clean,Historical Apr-Oct satellite summary through 2024.,float64,True,0.0,155
sat_basic_hist__sentinel_2__srndi_max__std,basic,sat_basic,clean,Historical Apr-Oct satellite summary through 2024.,float64,True,0.0,197
sat_basic_hist__sentinel_2__srndi_min__max,basic,sat_basic,clean,Historical Apr-Oct satellite summary through 2024.,float64,True,0.0,132
sat_basic_hist__sentinel_2__srndi_min__mean,basic,sat_basic,clean,Historical Apr-Oct satellite summary through 2024.,float64,True,0.0,196
sat_basic_hist__sentinel_2__srndi_min__min,basic,sat_basic,clean,Historical Apr-Oct satellite summary through 2024.,float64,True,0.0,156
sat_basic_hist__sentinel_2__srndi_min__std,basic,sat_basic,clean,Historical Apr-Oct satellite summary through 2024.,float64,True,0.0,197
sat_basic_hist__sentinel_2__srndi_promedio__max,basic,sat_basic,clean,Historical Apr-Oct satellite summary through 2024.,float64,True,0.0,115
sat_basic_hist__sentinel_2__srndi_promedio__mean,basic,sat_basic,clean,Historical Apr-Oct satellite summary through 2024.,float64,True,0.0,196
sat_basic_hist__sentinel_2__srndi_promedio__min,basic,sat_basic,clean,Historical Apr-Oct satellite summary through 2024.,float64,True,0.0,156
sat_basic_hist__sentinel_2__srndi_promedio__std,basic,sat_basic,clean,Historical Apr-Oct satellite summary through 2024.,float64,True,0.0,197
sat_basic_hist__sentinel_2__srndi_std__max,basic,sat_basic,clean,Historical Apr-Oct satellite summary through 2024.,float64,True,0.0,100
sat_basic_hist__sentinel_2__srndi_std__mean,basic,sat_basic,clean,Historical Apr-Oct satellite summary through 2024.,float64,True,0.0,197
sat_basic_hist__sentinel_2__srndi_std__min,basic,sat_basic,clean,Historical Apr-Oct satellite summary through 2024.,float64,True,0.0,35
sat_basic_hist__sentinel_2__srndi_std__std,basic,sat_basic,clean,Historical Apr-Oct satellite summary through 2024.,float64,True,0.0,197
sat_basic_hist__sentinel_2__sti_max__max,basic,sat_basic,clean,Historical Apr-Oct satellite summary through 2024.,float64,True,0.0,178
sat_basic_hist__sentinel_2__sti_max__mean,basic,sat_basic,clean,Historical Apr-Oct satellite summary through 2024.,float64,True,0.0,197
sat_basic_hist__sentinel_2__sti_max__min,basic,sat_basic,clean,Historical Apr-Oct satellite summary through 2024.,float64,True,0.0,147
sat_basic_hist__sentinel_2__sti_max__std,basic,sat_basic,clean,Historical Apr-Oct satellite summary through 2024.,float64,True,0.0,197
sat_basic_hist__sentinel_2__sti_min__max,basic,sat_basic,clean,Historical Apr-Oct satellite summary through 2024.,float64,True,0.0,165
sat_basic_hist__sentinel_2__sti_min__mean,basic,sat_basic,clean,Historical Apr-Oct satellite summary through 2024.,float64,True,0.0,197
sat_basic_hist__sentinel_2__sti_min__min,basic,sat_basic,clean,Historical Apr-Oct satellite summary through 2024.,float64,True,0.0,154
sat_basic_hist__sentinel_2__sti_min__std,basic,sat_basic,clean,Historical Apr-Oct satellite summary through 2024.,float64,True,0.0,197
sat_basic_hist__sentinel_2__sti_promedio__max,basic,sat_basic,clean,Historical Apr-Oct satellite summary through 2024.,float64,True,0.0,168
sat_basic_hist__sentinel_2__sti_promedio__mean,basic,sat_basic,clean,Historical Apr-Oct satellite summary through 2024.,float64,True,0.0,197
sat_basic_hist__sentinel_2__sti_promedio__min,basic,sat_basic,clean,Historical Apr-Oct satellite summary through 2024.,float64,True,0.0,98
sat_basic_hist__sentinel_2__sti_promedio__std,basic,sat_basic,clean,Historical Apr-Oct satellite summary through 2024.,float64,True,0.0,197
sat_basic_hist__sentinel_2__sti_std__max,basic,sat_basic,clean,Historical Apr-Oct satellite summary through 2024.,float64,True,0.0,133
sat_basic_hist__sentinel_2__sti_std__mean,basic,sat_basic,clean,Historical Apr-Oct satellite summary through 2024.,float64,True,0.0,195
sat_basic_hist__sentinel_2__sti_std__min,basic,sat_basic,clean,Historical Apr-Oct satellite summary through 2024.,float64,True,0.0,41
sat_basic_hist__sentinel_2__sti_std__std,basic,sat_basic,clean,Historical Apr-Oct satellite summary through 2024.,float64,True,0.0,197
sat_basic_hist_coverage__landsat__cloud_mean,basic,sat_basic,clean,Historical satellite capture/cloud/missingness coverage.,float64,True,0.0,197
sat_basic_hist_coverage__landsat__cloud_median,basic,sat_basic,clean,Historical satellite capture/cloud/missingness coverage.,float64,True,0.0,84
sat_basic_hist_coverage__landsat__n_dates,basic,sat_basic,clean,Historical satellite capture/cloud/missingness coverage.,int64,True,0.0,50
sat_basic_hist_coverage__landsat__n_records,basic,sat_basic,clean,Historical satellite capture/cloud/missingness coverage.,int64,True,0.0,50
sat_basic_hist_coverage__landsat__valid_fraction_mean,basic,sat_basic,clean,Historical satellite capture/cloud/missingness coverage.,float64,True,0.0,149
sat_basic_hist_coverage__sentinel_2__cloud_mean,basic,sat_basic,clean,Historical satellite capture/cloud/missingness coverage.,float64,True,0.0,197
sat_basic_hist_coverage__sentinel_2__cloud_median,basic,sat_basic,clean,Historical satellite capture/cloud/missingness coverage.,float64,True,0.0,112
sat_basic_hist_coverage__sentinel_2__n_dates,basic,sat_basic,clean,Historical satellite capture/cloud/missingness coverage.,int64,True,0.0,3
sat_basic_hist_coverage__sentinel_2__n_records,basic,sat_basic,clean,Historical satellite capture/cloud/missingness coverage.,int64,True,0.0,3
sat_basic_hist_coverage__sentinel_2__valid_fraction_mean,basic,sat_basic,clean,Historical satellite capture/cloud/missingness coverage.,float64,True,0.0,45
sat_basic_hist_monthly__landsat__vi6t_promedio__m04,basic,sat_basic,clean,Historical Apr-Oct monthly climatology of promedio satellite variables.,float64,True,0.0,191
sat_basic_hist_monthly__landsat__vi6t_promedio__m05,basic,sat_basic,clean,Historical Apr-Oct monthly climatology of promedio satellite variables.,float64,True,0.0,185
sat_basic_hist_monthly__landsat__vi6t_promedio__m06,basic,sat_basic,clean,Historical Apr-Oct monthly climatology of promedio satellite variables.,float64,True,0.0,188
sat_basic_hist_monthly__landsat__vi6t_promedio__m07,basic,sat_basic,clean,Historical Apr-Oct monthly climatology of promedio satellite variables.,float64,True,0.0,181
sat_basic_hist_monthly__landsat__vi6t_promedio__m08,basic,sat_basic,clean,Historical Apr-Oct monthly climatology of promedio satellite variables.,float64,True,0.0,170
sat_basic_hist_monthly__landsat__vi6t_promedio__m09,basic,sat_basic,clean,Historical Apr-Oct monthly climatology of promedio satellite variables.,float64,True,0.0,174
sat_basic_hist_monthly__landsat__vi6t_promedio__m10,basic,sat_basic,clean,Historical Apr-Oct monthly climatology of promedio satellite variables.,float64,True,0.0,184
sat_basic_hist_monthly__sentinel_2__crc_promedio__m04,basic,sat_basic,clean,Historical Apr-Oct monthly climatology of promedio satellite variables.,float64,True,0.0,196
sat_basic_hist_monthly__sentinel_2__crc_promedio__m05,basic,sat_basic,clean,Historical Apr-Oct monthly climatology of promedio satellite variables.,float64,True,0.0,196
sat_basic_hist_monthly__sentinel_2__crc_promedio__m06,basic,sat_basic,clean,Historical Apr-Oct monthly climatology of promedio satellite variables.,float64,True,0.0,195
sat_basic_hist_monthly__sentinel_2__crc_promedio__m07,basic,sat_basic,clean,Historical Apr-Oct monthly climatology of promedio satellite variables.,float64,True,0.0,193
sat_basic_hist_monthly__sentinel_2__crc_promedio__m08,basic,sat_basic,clean,Historical Apr-Oct monthly climatology of promedio satellite variables.,float64,True,0.0,193
sat_basic_hist_monthly__sentinel_2__crc_promedio__m09,basic,sat_basic,clean,Historical Apr-Oct monthly climatology of promedio satellite variables.,float64,True,0.0,194
sat_basic_hist_monthly__sentinel_2__crc_promedio__m10,basic,sat_basic,clean,Historical Apr-Oct monthly climatology of promedio satellite variables.,float64,True,0.0,194
sat_basic_hist_monthly__sentinel_2__dswi2_promedio__m04,basic,sat_basic,clean,Historical Apr-Oct monthly climatology of promedio satellite variables.,float64,True,0.0,196
sat_basic_hist_monthly__sentinel_2__dswi2_promedio__m05,basic,sat_basic,clean,Historical Apr-Oct monthly climatology of promedio satellite variables.,float64,True,0.0,197
sat_basic_hist_monthly__sentinel_2__dswi2_promedio__m06,basic,sat_basic,clean,Historical Apr-Oct monthly climatology of promedio satellite variables.,float64,True,0.0,196
sat_basic_hist_monthly__sentinel_2__dswi2_promedio__m07,basic,sat_basic,clean,Historical Apr-Oct monthly climatology of promedio satellite variables.,float64,True,0.0,196
sat_basic_hist_monthly__sentinel_2__dswi2_promedio__m08,basic,sat_basic,clean,Historical Apr-Oct monthly climatology of promedio satellite variables.,float64,True,0.0,195
sat_basic_hist_monthly__sentinel_2__dswi2_promedio__m09,basic,sat_basic,clean,Historical Apr-Oct monthly climatology of promedio satellite variables.,float64,True,0.0,193
sat_basic_hist_monthly__sentinel_2__dswi2_promedio__m10,basic,sat_basic,clean,Historical Apr-Oct monthly climatology of promedio satellite variables.,float64,True,0.0,196
sat_basic_hist_monthly__sentinel_2__dswi3_promedio__m04,basic,sat_basic,clean,Historical Apr-Oct monthly climatology of promedio satellite variables.,float64,True,0.0,197
sat_basic_hist_monthly__sentinel_2__dswi3_promedio__m05,basic,sat_basic,clean,Historical Apr-Oct monthly climatology of promedio satellite variables.,float64,True,0.0,196
sat_basic_hist_monthly__sentinel_2__dswi3_promedio__m06,basic,sat_basic,clean,Historical Apr-Oct monthly climatology of promedio satellite variables.,float64,True,0.0,195
sat_basic_hist_monthly__sentinel_2__dswi3_promedio__m07,basic,sat_basic,clean,Historical Apr-Oct monthly climatology of promedio satellite variables.,float64,True,0.0,197
sat_basic_hist_monthly__sentinel_2__dswi3_promedio__m08,basic,sat_basic,clean,Historical Apr-Oct monthly climatology of promedio satellite variables.,float64,True,0.0,195
sat_basic_hist_monthly__sentinel_2__dswi3_promedio__m09,basic,sat_basic,clean,Historical Apr-Oct monthly climatology of promedio satellite variables.,float64,True,0.0,197
sat_basic_hist_monthly__sentinel_2__dswi3_promedio__m10,basic,sat_basic,clean,Historical Apr-Oct monthly climatology of promedio satellite variables.,float64,True,0.0,196
sat_basic_hist_monthly__sentinel_2__dswi4_promedio__m04,basic,sat_basic,clean,Historical Apr-Oct monthly climatology of promedio satellite variables.,float64,True,0.0,196
sat_basic_hist_monthly__sentinel_2__dswi4_promedio__m05,basic,sat_basic,clean,Historical Apr-Oct monthly climatology of promedio satellite variables.,float64,True,0.0,195
sat_basic_hist_monthly__sentinel_2__dswi4_promedio__m06,basic,sat_basic,clean,Historical Apr-Oct monthly climatology of promedio satellite variables.,float64,True,0.0,195
sat_basic_hist_monthly__sentinel_2__dswi4_promedio__m07,basic,sat_basic,clean,Historical Apr-Oct monthly climatology of promedio satellite variables.,float64,True,0.0,195
sat_basic_hist_monthly__sentinel_2__dswi4_promedio__m08,basic,sat_basic,clean,Historical Apr-Oct monthly climatology of promedio satellite variables.,float64,True,0.0,196
sat_basic_hist_monthly__sentinel_2__dswi4_promedio__m09,basic,sat_basic,clean,Historical Apr-Oct monthly climatology of promedio satellite variables.,float64,True,0.0,196
sat_basic_hist_monthly__sentinel_2__dswi4_promedio__m10,basic,sat_basic,clean,Historical Apr-Oct monthly climatology of promedio satellite variables.,float64,True,0.0,193
sat_basic_hist_monthly__sentinel_2__dswi5_promedio__m04,basic,sat_basic,clean,Historical Apr-Oct monthly climatology of promedio satellite variables.,float64,True,0.0,193
sat_basic_hist_monthly__sentinel_2__dswi5_promedio__m05,basic,sat_basic,clean,Historical Apr-Oct monthly climatology of promedio satellite variables.,float64,True,0.0,196
sat_basic_hist_monthly__sentinel_2__dswi5_promedio__m06,basic,sat_basic,clean,Historical Apr-Oct monthly climatology of promedio satellite variables.,float64,True,0.0,195
sat_basic_hist_monthly__sentinel_2__dswi5_promedio__m07,basic,sat_basic,clean,Historical Apr-Oct monthly climatology of promedio satellite variables.,float64,True,0.0,196
sat_basic_hist_monthly__sentinel_2__dswi5_promedio__m08,basic,sat_basic,clean,Historical Apr-Oct monthly climatology of promedio satellite variables.,float64,True,0.0,196
sat_basic_hist_monthly__sentinel_2__dswi5_promedio__m09,basic,sat_basic,clean,Historical Apr-Oct monthly climatology of promedio satellite variables.,float64,True,0.0,196
sat_basic_hist_monthly__sentinel_2__dswi5_promedio__m10,basic,sat_basic,clean,Historical Apr-Oct monthly climatology of promedio satellite variables.,float64,True,0.0,196
sat_basic_hist_monthly__sentinel_2__emsi_promedio__m04,basic,sat_basic,clean,Historical Apr-Oct monthly climatology of promedio satellite variables.,float64,True,0.0,197
sat_basic_hist_monthly__sentinel_2__emsi_promedio__m05,basic,sat_basic,clean,Historical Apr-Oct monthly climatology of promedio satellite variables.,float64,True,0.0,197
sat_basic_hist_monthly__sentinel_2__emsi_promedio__m06,basic,sat_basic,clean,Historical Apr-Oct monthly climatology of promedio satellite variables.,float64,True,0.0,195
sat_basic_hist_monthly__sentinel_2__emsi_promedio__m07,basic,sat_basic,clean,Historical Apr-Oct monthly climatology of promedio satellite variables.,float64,True,0.0,195
sat_basic_hist_monthly__sentinel_2__emsi_promedio__m08,basic,sat_basic,clean,Historical Apr-Oct monthly climatology of promedio satellite variables.,float64,True,0.0,196
sat_basic_hist_monthly__sentinel_2__emsi_promedio__m09,basic,sat_basic,clean,Historical Apr-Oct monthly climatology of promedio satellite variables.,float64,True,0.0,197
sat_basic_hist_monthly__sentinel_2__emsi_promedio__m10,basic,sat_basic,clean,Historical Apr-Oct monthly climatology of promedio satellite variables.,float64,True,0.0,194
sat_basic_hist_monthly__sentinel_2__enddi_promedio__m04,basic,sat_basic,clean,Historical Apr-Oct monthly climatology of promedio satellite variables.,float64,True,0.0,194
sat_basic_hist_monthly__sentinel_2__enddi_promedio__m05,basic,sat_basic,clean,Historical Apr-Oct monthly climatology of promedio satellite variables.,float64,True,0.0,193
sat_basic_hist_monthly__sentinel_2__enddi_promedio__m06,basic,sat_basic,clean,Historical Apr-Oct monthly climatology of promedio satellite variables.,float64,True,0.0,192
sat_basic_hist_monthly__sentinel_2__enddi_promedio__m07,basic,sat_basic,clean,Historical Apr-Oct monthly climatology of promedio satellite variables.,float64,True,0.0,186
sat_basic_hist_monthly__sentinel_2__enddi_promedio__m08,basic,sat_basic,clean,Historical Apr-Oct monthly climatology of promedio satellite variables.,float64,True,0.0,190
sat_basic_hist_monthly__sentinel_2__enddi_promedio__m09,basic,sat_basic,clean,Historical Apr-Oct monthly climatology of promedio satellite variables.,float64,True,0.0,187
sat_basic_hist_monthly__sentinel_2__enddi_promedio__m10,basic,sat_basic,clean,Historical Apr-Oct monthly climatology of promedio satellite variables.,float64,True,0.0,191
sat_basic_hist_monthly__sentinel_2__endwi_promedio__m04,basic,sat_basic,clean,Historical Apr-Oct monthly climatology of promedio satellite variables.,float64,True,0.0,196
sat_basic_hist_monthly__sentinel_2__endwi_promedio__m05,basic,sat_basic,clean,Historical Apr-Oct monthly climatology of promedio satellite variables.,float64,True,0.0,197
sat_basic_hist_monthly__sentinel_2__endwi_promedio__m06,basic,sat_basic,clean,Historical Apr-Oct monthly climatology of promedio satellite variables.,float64,True,0.0,196
sat_basic_hist_monthly__sentinel_2__endwi_promedio__m07,basic,sat_basic,clean,Historical Apr-Oct monthly climatology of promedio satellite variables.,float64,True,0.0,197
sat_basic_hist_monthly__sentinel_2__endwi_promedio__m08,basic,sat_basic,clean,Historical Apr-Oct monthly climatology of promedio satellite variables.,float64,True,0.0,195
sat_basic_hist_monthly__sentinel_2__endwi_promedio__m09,basic,sat_basic,clean,Historical Apr-Oct monthly climatology of promedio satellite variables.,float64,True,0.0,195
sat_basic_hist_monthly__sentinel_2__endwi_promedio__m10,basic,sat_basic,clean,Historical Apr-Oct monthly climatology of promedio satellite variables.,float64,True,0.0,195
sat_basic_hist_monthly__sentinel_2__evi_promedio__m04,basic,sat_basic,clean,Historical Apr-Oct monthly climatology of promedio satellite variables.,float64,True,0.0,192
sat_basic_hist_monthly__sentinel_2__evi_promedio__m05,basic,sat_basic,clean,Historical Apr-Oct monthly climatology of promedio satellite variables.,float64,True,0.0,191
sat_basic_hist_monthly__sentinel_2__evi_promedio__m06,basic,sat_basic,clean,Historical Apr-Oct monthly climatology of promedio satellite variables.,float64,True,0.0,194
sat_basic_hist_monthly__sentinel_2__evi_promedio__m07,basic,sat_basic,clean,Historical Apr-Oct monthly climatology of promedio satellite variables.,float64,True,0.0,197
sat_basic_hist_monthly__sentinel_2__evi_promedio__m08,basic,sat_basic,clean,Historical Apr-Oct monthly climatology of promedio satellite variables.,float64,True,0.0,196
sat_basic_hist_monthly__sentinel_2__evi_promedio__m09,basic,sat_basic,clean,Historical Apr-Oct monthly climatology of promedio satellite variables.,float64,True,0.0,194
sat_basic_hist_monthly__sentinel_2__evi_promedio__m10,basic,sat_basic,clean,Historical Apr-Oct monthly climatology of promedio satellite variables.,float64,True,0.0,194
sat_basic_hist_monthly__sentinel_2__fapar_promedio__m04,basic,sat_basic,clean,Historical Apr-Oct monthly climatology of promedio satellite variables.,float64,True,0.0,193
sat_basic_hist_monthly__sentinel_2__fapar_promedio__m05,basic,sat_basic,clean,Historical Apr-Oct monthly climatology of promedio satellite variables.,float64,True,0.0,191
sat_basic_hist_monthly__sentinel_2__fapar_promedio__m06,basic,sat_basic,clean,Historical Apr-Oct monthly climatology of promedio satellite variables.,float64,True,0.0,193
sat_basic_hist_monthly__sentinel_2__fapar_promedio__m07,basic,sat_basic,clean,Historical Apr-Oct monthly climatology of promedio satellite variables.,float64,True,0.0,196
sat_basic_hist_monthly__sentinel_2__fapar_promedio__m08,basic,sat_basic,clean,Historical Apr-Oct monthly climatology of promedio satellite variables.,float64,True,0.0,197
sat_basic_hist_monthly__sentinel_2__fapar_promedio__m09,basic,sat_basic,clean,Historical Apr-Oct monthly climatology of promedio satellite variables.,float64,True,0.0,196
sat_basic_hist_monthly__sentinel_2__fapar_promedio__m10,basic,sat_basic,clean,Historical Apr-Oct monthly climatology of promedio satellite variables.,float64,True,0.0,197
sat_basic_hist_monthly__sentinel_2__lai_promedio__m04,basic,sat_basic,clean,Historical Apr-Oct monthly climatology of promedio satellite variables.,float64,True,0.0,189
sat_basic_hist_monthly__sentinel_2__lai_promedio__m05,basic,sat_basic,clean,Historical Apr-Oct monthly climatology of promedio satellite variables.,float64,True,0.0,194
sat_basic_hist_monthly__sentinel_2__lai_promedio__m06,basic,sat_basic,clean,Historical Apr-Oct monthly climatology of promedio satellite variables.,float64,True,0.0,192
sat_basic_hist_monthly__sentinel_2__lai_promedio__m07,basic,sat_basic,clean,Historical Apr-Oct monthly climatology of promedio satellite variables.,float64,True,0.0,197
sat_basic_hist_monthly__sentinel_2__lai_promedio__m08,basic,sat_basic,clean,Historical Apr-Oct monthly climatology of promedio satellite variables.,float64,True,0.0,197
sat_basic_hist_monthly__sentinel_2__lai_promedio__m09,basic,sat_basic,clean,Historical Apr-Oct monthly climatology of promedio satellite variables.,float64,True,0.0,195
sat_basic_hist_monthly__sentinel_2__lai_promedio__m10,basic,sat_basic,clean,Historical Apr-Oct monthly climatology of promedio satellite variables.,float64,True,0.0,196
sat_basic_hist_monthly__sentinel_2__mcrc_promedio__m04,basic,sat_basic,clean,Historical Apr-Oct monthly climatology of promedio satellite variables.,float64,True,0.0,194
sat_basic_hist_monthly__sentinel_2__mcrc_promedio__m05,basic,sat_basic,clean,Historical Apr-Oct monthly climatology of promedio satellite variables.,float64,True,0.0,196
sat_basic_hist_monthly__sentinel_2__mcrc_promedio__m06,basic,sat_basic,clean,Historical Apr-Oct monthly climatology of promedio satellite variables.,float64,True,0.0,195
sat_basic_hist_monthly__sentinel_2__mcrc_promedio__m07,basic,sat_basic,clean,Historical Apr-Oct monthly climatology of promedio satellite variables.,float64,True,0.0,194
sat_basic_hist_monthly__sentinel_2__mcrc_promedio__m08,basic,sat_basic,clean,Historical Apr-Oct monthly climatology of promedio satellite variables.,float64,True,0.0,195
sat_basic_hist_monthly__sentinel_2__mcrc_promedio__m09,basic,sat_basic,clean,Historical Apr-Oct monthly climatology of promedio satellite variables.,float64,True,0.0,189
sat_basic_hist_monthly__sentinel_2__mcrc_promedio__m10,basic,sat_basic,clean,Historical Apr-Oct monthly climatology of promedio satellite variables.,float64,True,0.0,191
sat_basic_hist_monthly__sentinel_2__mra_promedio__m04,basic,sat_basic,clean,Historical Apr-Oct monthly climatology of promedio satellite variables.,float64,True,0.0,71
sat_basic_hist_monthly__sentinel_2__mra_promedio__m05,basic,sat_basic,clean,Historical Apr-Oct monthly climatology of promedio satellite variables.,float64,True,0.0,95
sat_basic_hist_monthly__sentinel_2__mra_promedio__m06,basic,sat_basic,clean,Historical Apr-Oct monthly climatology of promedio satellite variables.,float64,True,0.0,91
sat_basic_hist_monthly__sentinel_2__mra_promedio__m07,basic,sat_basic,clean,Historical Apr-Oct monthly climatology of promedio satellite variables.,float64,True,0.0,146
sat_basic_hist_monthly__sentinel_2__mra_promedio__m08,basic,sat_basic,clean,Historical Apr-Oct monthly climatology of promedio satellite variables.,float64,True,0.0,141
sat_basic_hist_monthly__sentinel_2__mra_promedio__m09,basic,sat_basic,clean,Historical Apr-Oct monthly climatology of promedio satellite variables.,float64,True,0.0,118
sat_basic_hist_monthly__sentinel_2__mra_promedio__m10,basic,sat_basic,clean,Historical Apr-Oct monthly climatology of promedio satellite variables.,float64,True,0.0,109
sat_basic_hist_monthly__sentinel_2__msi_promedio__m04,basic,sat_basic,clean,Historical Apr-Oct monthly climatology of promedio satellite variables.,float64,True,0.0,196
sat_basic_hist_monthly__sentinel_2__msi_promedio__m05,basic,sat_basic,clean,Historical Apr-Oct monthly climatology of promedio satellite variables.,float64,True,0.0,196
sat_basic_hist_monthly__sentinel_2__msi_promedio__m06,basic,sat_basic,clean,Historical Apr-Oct monthly climatology of promedio satellite variables.,float64,True,0.0,195
sat_basic_hist_monthly__sentinel_2__msi_promedio__m07,basic,sat_basic,clean,Historical Apr-Oct monthly climatology of promedio satellite variables.,float64,True,0.0,196
sat_basic_hist_monthly__sentinel_2__msi_promedio__m08,basic,sat_basic,clean,Historical Apr-Oct monthly climatology of promedio satellite variables.,float64,True,0.0,197
sat_basic_hist_monthly__sentinel_2__msi_promedio__m09,basic,sat_basic,clean,Historical Apr-Oct monthly climatology of promedio satellite variables.,float64,True,0.0,194
sat_basic_hist_monthly__sentinel_2__msi_promedio__m10,basic,sat_basic,clean,Historical Apr-Oct monthly climatology of promedio satellite variables.,float64,True,0.0,195
sat_basic_hist_monthly__sentinel_2__nddi_promedio__m04,basic,sat_basic,clean,Historical Apr-Oct monthly climatology of promedio satellite variables.,float64,True,0.0,196
sat_basic_hist_monthly__sentinel_2__nddi_promedio__m05,basic,sat_basic,clean,Historical Apr-Oct monthly climatology of promedio satellite variables.,float64,True,0.0,195
sat_basic_hist_monthly__sentinel_2__nddi_promedio__m06,basic,sat_basic,clean,Historical Apr-Oct monthly climatology of promedio satellite variables.,float64,True,0.0,193
sat_basic_hist_monthly__sentinel_2__nddi_promedio__m07,basic,sat_basic,clean,Historical Apr-Oct monthly climatology of promedio satellite variables.,float64,True,0.0,192
sat_basic_hist_monthly__sentinel_2__nddi_promedio__m08,basic,sat_basic,clean,Historical Apr-Oct monthly climatology of promedio satellite variables.,float64,True,0.0,183
sat_basic_hist_monthly__sentinel_2__nddi_promedio__m09,basic,sat_basic,clean,Historical Apr-Oct monthly climatology of promedio satellite variables.,float64,True,0.0,185
sat_basic_hist_monthly__sentinel_2__nddi_promedio__m10,basic,sat_basic,clean,Historical Apr-Oct monthly climatology of promedio satellite variables.,float64,True,0.0,189
sat_basic_hist_monthly__sentinel_2__ndsvi_promedio__m04,basic,sat_basic,clean,Historical Apr-Oct monthly climatology of promedio satellite variables.,float64,True,0.0,197
sat_basic_hist_monthly__sentinel_2__ndsvi_promedio__m05,basic,sat_basic,clean,Historical Apr-Oct monthly climatology of promedio satellite variables.,float64,True,0.0,195
sat_basic_hist_monthly__sentinel_2__ndsvi_promedio__m06,basic,sat_basic,clean,Historical Apr-Oct monthly climatology of promedio satellite variables.,float64,True,0.0,197
sat_basic_hist_monthly__sentinel_2__ndsvi_promedio__m07,basic,sat_basic,clean,Historical Apr-Oct monthly climatology of promedio satellite variables.,float64,True,0.0,192
sat_basic_hist_monthly__sentinel_2__ndsvi_promedio__m08,basic,sat_basic,clean,Historical Apr-Oct monthly climatology of promedio satellite variables.,float64,True,0.0,195
sat_basic_hist_monthly__sentinel_2__ndsvi_promedio__m09,basic,sat_basic,clean,Historical Apr-Oct monthly climatology of promedio satellite variables.,float64,True,0.0,193
sat_basic_hist_monthly__sentinel_2__ndsvi_promedio__m10,basic,sat_basic,clean,Historical Apr-Oct monthly climatology of promedio satellite variables.,float64,True,0.0,194
sat_basic_hist_monthly__sentinel_2__ndti_promedio__m04,basic,sat_basic,clean,Historical Apr-Oct monthly climatology of promedio satellite variables.,float64,True,0.0,191
sat_basic_hist_monthly__sentinel_2__ndti_promedio__m05,basic,sat_basic,clean,Historical Apr-Oct monthly climatology of promedio satellite variables.,float64,True,0.0,192
sat_basic_hist_monthly__sentinel_2__ndti_promedio__m06,basic,sat_basic,clean,Historical Apr-Oct monthly climatology of promedio satellite variables.,float64,True,0.0,188
sat_basic_hist_monthly__sentinel_2__ndti_promedio__m07,basic,sat_basic,clean,Historical Apr-Oct monthly climatology of promedio satellite variables.,float64,True,0.0,197
sat_basic_hist_monthly__sentinel_2__ndti_promedio__m08,basic,sat_basic,clean,Historical Apr-Oct monthly climatology of promedio satellite variables.,float64,True,0.0,190
sat_basic_hist_monthly__sentinel_2__ndti_promedio__m09,basic,sat_basic,clean,Historical Apr-Oct monthly climatology of promedio satellite variables.,float64,True,0.0,186
sat_basic_hist_monthly__sentinel_2__ndti_promedio__m10,basic,sat_basic,clean,Historical Apr-Oct monthly climatology of promedio satellite variables.,float64,True,0.0,187
sat_basic_hist_monthly__sentinel_2__ndvi_promedio__m04,basic,sat_basic,clean,Historical Apr-Oct monthly climatology of promedio satellite variables.,float64,True,0.0,188
sat_basic_hist_monthly__sentinel_2__ndvi_promedio__m05,basic,sat_basic,clean,Historical Apr-Oct monthly climatology of promedio satellite variables.,float64,True,0.0,196
sat_basic_hist_monthly__sentinel_2__ndvi_promedio__m06,basic,sat_basic,clean,Historical Apr-Oct monthly climatology of promedio satellite variables.,float64,True,0.0,194
sat_basic_hist_monthly__sentinel_2__ndvi_promedio__m07,basic,sat_basic,clean,Historical Apr-Oct monthly climatology of promedio satellite variables.,float64,True,0.0,195
sat_basic_hist_monthly__sentinel_2__ndvi_promedio__m08,basic,sat_basic,clean,Historical Apr-Oct monthly climatology of promedio satellite variables.,float64,True,0.0,196
sat_basic_hist_monthly__sentinel_2__ndvi_promedio__m09,basic,sat_basic,clean,Historical Apr-Oct monthly climatology of promedio satellite variables.,float64,True,0.0,194
sat_basic_hist_monthly__sentinel_2__ndvi_promedio__m10,basic,sat_basic,clean,Historical Apr-Oct monthly climatology of promedio satellite variables.,float64,True,0.0,190
sat_basic_hist_monthly__sentinel_2__ndwi_promedio__m04,basic,sat_basic,clean,Historical Apr-Oct monthly climatology of promedio satellite variables.,float64,True,0.0,196
sat_basic_hist_monthly__sentinel_2__ndwi_promedio__m05,basic,sat_basic,clean,Historical Apr-Oct monthly climatology of promedio satellite variables.,float64,True,0.0,192
sat_basic_hist_monthly__sentinel_2__ndwi_promedio__m06,basic,sat_basic,clean,Historical Apr-Oct monthly climatology of promedio satellite variables.,float64,True,0.0,196
sat_basic_hist_monthly__sentinel_2__ndwi_promedio__m07,basic,sat_basic,clean,Historical Apr-Oct monthly climatology of promedio satellite variables.,float64,True,0.0,196
sat_basic_hist_monthly__sentinel_2__ndwi_promedio__m08,basic,sat_basic,clean,Historical Apr-Oct monthly climatology of promedio satellite variables.,float64,True,0.0,195
sat_basic_hist_monthly__sentinel_2__ndwi_promedio__m09,basic,sat_basic,clean,Historical Apr-Oct monthly climatology of promedio satellite variables.,float64,True,0.0,190
sat_basic_hist_monthly__sentinel_2__ndwi_promedio__m10,basic,sat_basic,clean,Historical Apr-Oct monthly climatology of promedio satellite variables.,float64,True,0.0,193
sat_basic_hist_monthly__sentinel_2__savi_promedio__m04,basic,sat_basic,clean,Historical Apr-Oct monthly climatology of promedio satellite variables.,float64,True,0.0,188
sat_basic_hist_monthly__sentinel_2__savi_promedio__m05,basic,sat_basic,clean,Historical Apr-Oct monthly climatology of promedio satellite variables.,float64,True,0.0,189
sat_basic_hist_monthly__sentinel_2__savi_promedio__m06,basic,sat_basic,clean,Historical Apr-Oct monthly climatology of promedio satellite variables.,float64,True,0.0,191
sat_basic_hist_monthly__sentinel_2__savi_promedio__m07,basic,sat_basic,clean,Historical Apr-Oct monthly climatology of promedio satellite variables.,float64,True,0.0,197
sat_basic_hist_monthly__sentinel_2__savi_promedio__m08,basic,sat_basic,clean,Historical Apr-Oct monthly climatology of promedio satellite variables.,float64,True,0.0,193
sat_basic_hist_monthly__sentinel_2__savi_promedio__m09,basic,sat_basic,clean,Historical Apr-Oct monthly climatology of promedio satellite variables.,float64,True,0.0,196
sat_basic_hist_monthly__sentinel_2__savi_promedio__m10,basic,sat_basic,clean,Historical Apr-Oct monthly climatology of promedio satellite variables.,float64,True,0.0,190
sat_basic_hist_monthly__sentinel_2__srndi_promedio__m04,basic,sat_basic,clean,Historical Apr-Oct monthly climatology of promedio satellite variables.,float64,True,0.0,194
sat_basic_hist_monthly__sentinel_2__srndi_promedio__m05,basic,sat_basic,clean,Historical Apr-Oct monthly climatology of promedio satellite variables.,float64,True,0.0,194
sat_basic_hist_monthly__sentinel_2__srndi_promedio__m06,basic,sat_basic,clean,Historical Apr-Oct monthly climatology of promedio satellite variables.,float64,True,0.0,193
sat_basic_hist_monthly__sentinel_2__srndi_promedio__m07,basic,sat_basic,clean,Historical Apr-Oct monthly climatology of promedio satellite variables.,float64,True,0.0,194
sat_basic_hist_monthly__sentinel_2__srndi_promedio__m08,basic,sat_basic,clean,Historical Apr-Oct monthly climatology of promedio satellite variables.,float64,True,0.0,195
sat_basic_hist_monthly__sentinel_2__srndi_promedio__m09,basic,sat_basic,clean,Historical Apr-Oct monthly climatology of promedio satellite variables.,float64,True,0.0,196
sat_basic_hist_monthly__sentinel_2__srndi_promedio__m10,basic,sat_basic,clean,Historical Apr-Oct monthly climatology of promedio satellite variables.,float64,True,0.0,192
sat_basic_hist_monthly__sentinel_2__sti_promedio__m04,basic,sat_basic,clean,Historical Apr-Oct monthly climatology of promedio satellite variables.,float64,True,0.0,196
sat_basic_hist_monthly__sentinel_2__sti_promedio__m05,basic,sat_basic,clean,Historical Apr-Oct monthly climatology of promedio satellite variables.,float64,True,0.0,194
sat_basic_hist_monthly__sentinel_2__sti_promedio__m06,basic,sat_basic,clean,Historical Apr-Oct monthly climatology of promedio satellite variables.,float64,True,0.0,192
sat_basic_hist_monthly__sentinel_2__sti_promedio__m07,basic,sat_basic,clean,Historical Apr-Oct monthly climatology of promedio satellite variables.,float64,True,0.0,196
sat_basic_hist_monthly__sentinel_2__sti_promedio__m08,basic,sat_basic,clean,Historical Apr-Oct monthly climatology of promedio satellite variables.,float64,True,0.0,196
sat_basic_hist_monthly__sentinel_2__sti_promedio__m09,basic,sat_basic,clean,Historical Apr-Oct monthly climatology of promedio satellite variables.,float64,True,0.0,195
sat_basic_hist_monthly__sentinel_2__sti_promedio__m10,basic,sat_basic,clean,Historical Apr-Oct monthly climatology of promedio satellite variables.,float64,True,0.0,195
sat_pro_2025__planet__evi_max__max,pro,sat_pro,competition,Full target-season 2025 satellite summary.,float64,True,0.0,149
sat_pro_2025__planet__evi_max__mean,pro,sat_pro,competition,Full target-season 2025 satellite summary.,float64,True,0.0,197
sat_pro_2025__planet__evi_max__min,pro,sat_pro,competition,Full target-season 2025 satellite summary.,float64,True,0.0,109
sat_pro_2025__planet__evi_max__std,pro,sat_pro,competition,Full target-season 2025 satellite summary.,float64,True,0.0,197
sat_pro_2025__planet__evi_min__max,pro,sat_pro,competition,Full target-season 2025 satellite summary.,float64,True,0.0,143
sat_pro_2025__planet__evi_min__mean,pro,sat_pro,competition,Full target-season 2025 satellite summary.,float64,True,0.0,197
sat_pro_2025__planet__evi_min__min,pro,sat_pro,competition,Full target-season 2025 satellite summary.,float64,True,0.0,131
sat_pro_2025__planet__evi_min__std,pro,sat_pro,competition,Full target-season 2025 satellite summary.,float64,True,0.0,197
sat_pro_2025__planet__evi_promedio__max,pro,sat_pro,competition,Full target-season 2025 satellite summary.,float64,True,0.0,145
sat_pro_2025__planet__evi_promedio__mean,pro,sat_pro,competition,Full target-season 2025 satellite summary.,float64,True,0.0,197
sat_pro_2025__planet__evi_promedio__min,pro,sat_pro,competition,Full target-season 2025 satellite summary.,float64,True,0.0,80
sat_pro_2025__planet__evi_promedio__std,pro,sat_pro,competition,Full target-season 2025 satellite summary.,float64,True,0.0,197
sat_pro_2025__planet__evi_std__max,pro,sat_pro,competition,Full target-season 2025 satellite summary.,float64,True,0.0,102
sat_pro_2025__planet__evi_std__mean,pro,sat_pro,competition,Full target-season 2025 satellite summary.,float64,True,0.0,197
sat_pro_2025__planet__evi_std__min,pro,sat_pro,competition,Full target-season 2025 satellite summary.,float64,True,0.0,28
sat_pro_2025__planet__evi_std__std,pro,sat_pro,competition,Full target-season 2025 satellite summary.,float64,True,0.0,197
sat_pro_2025__planet__lai_max__max,pro,sat_pro,competition,Full target-season 2025 satellite summary.,float64,True,0.0,181
sat_pro_2025__planet__lai_max__mean,pro,sat_pro,competition,Full target-season 2025 satellite summary.,float64,True,0.0,197
sat_pro_2025__planet__lai_max__min,pro,sat_pro,competition,Full target-season 2025 satellite summary.,float64,True,0.0,175
sat_pro_2025__planet__lai_max__std,pro,sat_pro,competition,Full target-season 2025 satellite summary.,float64,True,0.0,197
sat_pro_2025__planet__lai_min__max,pro,sat_pro,competition,Full target-season 2025 satellite summary.,float64,True,0.0,181
sat_pro_2025__planet__lai_min__mean,pro,sat_pro,competition,Full target-season 2025 satellite summary.,float64,True,0.0,197
sat_pro_2025__planet__lai_min__min,pro,sat_pro,competition,Full target-season 2025 satellite summary.,float64,True,0.0,118
sat_pro_2025__planet__lai_min__std,pro,sat_pro,competition,Full target-season 2025 satellite summary.,float64,True,0.0,197
sat_pro_2025__planet__lai_promedio__max,pro,sat_pro,competition,Full target-season 2025 satellite summary.,float64,True,0.0,186
sat_pro_2025__planet__lai_promedio__mean,pro,sat_pro,competition,Full target-season 2025 satellite summary.,float64,True,0.0,197
sat_pro_2025__planet__lai_promedio__min,pro,sat_pro,competition,Full target-season 2025 satellite summary.,float64,True,0.0,142
sat_pro_2025__planet__lai_promedio__std,pro,sat_pro,competition,Full target-season 2025 satellite summary.,float64,True,0.0,197
sat_pro_2025__planet__lai_std__max,pro,sat_pro,competition,Full target-season 2025 satellite summary.,float64,True,0.0,152
sat_pro_2025__planet__lai_std__mean,pro,sat_pro,competition,Full target-season 2025 satellite summary.,float64,True,0.0,197
sat_pro_2025__planet__lai_std__min,pro,sat_pro,competition,Full target-season 2025 satellite summary.,float64,True,0.0,86
sat_pro_2025__planet__lai_std__std,pro,sat_pro,competition,Full target-season 2025 satellite summary.,float64,True,0.0,197
sat_pro_2025__planet__msavi_max__max,pro,sat_pro,competition,Full target-season 2025 satellite summary.,float64,True,0.0,139
sat_pro_2025__planet__msavi_max__mean,pro,sat_pro,competition,Full target-season 2025 satellite summary.,float64,True,0.0,197
sat_pro_2025__planet__msavi_max__min,pro,sat_pro,competition,Full target-season 2025 satellite summary.,float64,True,0.0,119
sat_pro_2025__planet__msavi_max__std,pro,sat_pro,competition,Full target-season 2025 satellite summary.,float64,True,0.0,197
sat_pro_2025__planet__msavi_min__max,pro,sat_pro,competition,Full target-season 2025 satellite summary.,float64,True,0.0,142
sat_pro_2025__planet__msavi_min__mean,pro,sat_pro,competition,Full target-season 2025 satellite summary.,float64,True,0.0,197
sat_pro_2025__planet__msavi_min__min,pro,sat_pro,competition,Full target-season 2025 satellite summary.,float64,True,0.0,126
sat_pro_2025__planet__msavi_min__std,pro,sat_pro,competition,Full target-season 2025 satellite summary.,float64,True,0.0,197
sat_pro_2025__planet__msavi_promedio__max,pro,sat_pro,competition,Full target-season 2025 satellite summary.,float64,True,0.0,148
sat_pro_2025__planet__msavi_promedio__mean,pro,sat_pro,competition,Full target-season 2025 satellite summary.,float64,True,0.0,196
sat_pro_2025__planet__msavi_promedio__min,pro,sat_pro,competition,Full target-season 2025 satellite summary.,float64,True,0.0,84
sat_pro_2025__planet__msavi_promedio__std,pro,sat_pro,competition,Full target-season 2025 satellite summary.,float64,True,0.0,197
sat_pro_2025__planet__msavi_std__max,pro,sat_pro,competition,Full target-season 2025 satellite summary.,float64,True,0.0,105
sat_pro_2025__planet__msavi_std__mean,pro,sat_pro,competition,Full target-season 2025 satellite summary.,float64,True,0.0,197
sat_pro_2025__planet__msavi_std__min,pro,sat_pro,competition,Full target-season 2025 satellite summary.,float64,True,0.0,24
sat_pro_2025__planet__msavi_std__std,pro,sat_pro,competition,Full target-season 2025 satellite summary.,float64,True,0.0,197
sat_pro_2025__planet__ndvi_max__max,pro,sat_pro,competition,Full target-season 2025 satellite summary.,float64,True,0.0,102
sat_pro_2025__planet__ndvi_max__mean,pro,sat_pro,competition,Full target-season 2025 satellite summary.,float64,True,0.0,197
sat_pro_2025__planet__ndvi_max__min,pro,sat_pro,competition,Full target-season 2025 satellite summary.,float64,True,0.0,128
sat_pro_2025__planet__ndvi_max__std,pro,sat_pro,competition,Full target-season 2025 satellite summary.,float64,True,0.0,197
sat_pro_2025__planet__ndvi_min__max,pro,sat_pro,competition,Full target-season 2025 satellite summary.,float64,True,0.0,139
sat_pro_2025__planet__ndvi_min__mean,pro,sat_pro,competition,Full target-season 2025 satellite summary.,float64,True,0.0,197
sat_pro_2025__planet__ndvi_min__min,pro,sat_pro,competition,Full target-season 2025 satellite summary.,float64,True,0.0,153
sat_pro_2025__planet__ndvi_min__std,pro,sat_pro,competition,Full target-season 2025 satellite summary.,float64,True,0.0,197
sat_pro_2025__planet__ndvi_promedio__max,pro,sat_pro,competition,Full target-season 2025 satellite summary.,float64,True,0.0,130
sat_pro_2025__planet__ndvi_promedio__mean,pro,sat_pro,competition,Full target-season 2025 satellite summary.,float64,True,0.0,197
sat_pro_2025__planet__ndvi_promedio__min,pro,sat_pro,competition,Full target-season 2025 satellite summary.,float64,True,0.0,96
sat_pro_2025__planet__ndvi_promedio__std,pro,sat_pro,competition,Full target-season 2025 satellite summary.,float64,True,0.0,197
sat_pro_2025__planet__ndvi_std__max,pro,sat_pro,competition,Full target-season 2025 satellite summary.,float64,True,0.0,94
sat_pro_2025__planet__ndvi_std__mean,pro,sat_pro,competition,Full target-season 2025 satellite summary.,float64,True,0.0,196
sat_pro_2025__planet__ndvi_std__min,pro,sat_pro,competition,Full target-season 2025 satellite summary.,float64,True,0.0,35
sat_pro_2025__planet__ndvi_std__std,pro,sat_pro,competition,Full target-season 2025 satellite summary.,float64,True,0.0,197
sat_pro_2025_coverage__planet__cloud_mean,pro,sat_pro,competition,Full target-season 2025 satellite coverage.,float64,True,0.0,197
sat_pro_2025_coverage__planet__cloud_median,pro,sat_pro,competition,Full target-season 2025 satellite coverage.,float64,True,0.0,47
sat_pro_2025_coverage__planet__n_dates,pro,sat_pro,competition,Full target-season 2025 satellite coverage.,int64,True,0.0,14
sat_pro_2025_coverage__planet__n_records,pro,sat_pro,competition,Full target-season 2025 satellite coverage.,int64,True,0.0,14
sat_pro_2025_coverage__planet__valid_fraction_mean,pro,sat_pro,competition,Full target-season 2025 satellite coverage.,float64,True,0.0,115
sat_pro_2025_monthly__planet__evi_promedio__m04,pro,sat_pro,competition,Full target-season 2025 monthly promedio satellite means.,float64,True,0.0,194
sat_pro_2025_monthly__planet__evi_promedio__m05,pro,sat_pro,competition,Full target-season 2025 monthly promedio satellite means.,float64,True,0.0,189
sat_pro_2025_monthly__planet__evi_promedio__m06,pro,sat_pro,competition,Full target-season 2025 monthly promedio satellite means.,float64,True,0.0,185
sat_pro_2025_monthly__planet__evi_promedio__m07,pro,sat_pro,competition,Full target-season 2025 monthly promedio satellite means.,float64,True,0.0,195
sat_pro_2025_monthly__planet__evi_promedio__m08,pro,sat_pro,competition,Full target-season 2025 monthly promedio satellite means.,float64,True,0.0,197
sat_pro_2025_monthly__planet__evi_promedio__m09,pro,sat_pro,competition,Full target-season 2025 monthly promedio satellite means.,float64,True,0.0,193
sat_pro_2025_monthly__planet__evi_promedio__m10,pro,sat_pro,competition,Full target-season 2025 monthly promedio satellite means.,float64,True,0.0,197
sat_pro_2025_monthly__planet__lai_promedio__m04,pro,sat_pro,competition,Full target-season 2025 monthly promedio satellite means.,float64,True,0.0,196
sat_pro_2025_monthly__planet__lai_promedio__m05,pro,sat_pro,competition,Full target-season 2025 monthly promedio satellite means.,float64,True,0.0,196
sat_pro_2025_monthly__planet__lai_promedio__m06,pro,sat_pro,competition,Full target-season 2025 monthly promedio satellite means.,float64,True,0.0,197
sat_pro_2025_monthly__planet__lai_promedio__m07,pro,sat_pro,competition,Full target-season 2025 monthly promedio satellite means.,float64,True,0.0,197
sat_pro_2025_monthly__planet__lai_promedio__m08,pro,sat_pro,competition,Full target-season 2025 monthly promedio satellite means.,float64,True,0.0,197
sat_pro_2025_monthly__planet__lai_promedio__m09,pro,sat_pro,competition,Full target-season 2025 monthly promedio satellite means.,float64,True,0.0,197
sat_pro_2025_monthly__planet__lai_promedio__m10,pro,sat_pro,competition,Full target-season 2025 monthly promedio satellite means.,float64,True,0.0,197
sat_pro_2025_monthly__planet__msavi_promedio__m04,pro,sat_pro,competition,Full target-season 2025 monthly promedio satellite means.,float64,True,0.0,189
sat_pro_2025_monthly__planet__msavi_promedio__m05,pro,sat_pro,competition,Full target-season 2025 monthly promedio satellite means.,float64,True,0.0,191
sat_pro_2025_monthly__planet__msavi_promedio__m06,pro,sat_pro,competition,Full target-season 2025 monthly promedio satellite means.,float64,True,0.0,186
sat_pro_2025_monthly__planet__msavi_promedio__m07,pro,sat_pro,competition,Full target-season 2025 monthly promedio satellite means.,float64,True,0.0,197
sat_pro_2025_monthly__planet__msavi_promedio__m08,pro,sat_pro,competition,Full target-season 2025 monthly promedio satellite means.,float64,True,0.0,197
sat_pro_2025_monthly__planet__msavi_promedio__m09,pro,sat_pro,competition,Full target-season 2025 monthly promedio satellite means.,float64,True,0.0,195
sat_pro_2025_monthly__planet__msavi_promedio__m10,pro,sat_pro,competition,Full target-season 2025 monthly promedio satellite means.,float64,True,0.0,197
sat_pro_2025_monthly__planet__ndvi_promedio__m04,pro,sat_pro,competition,Full target-season 2025 monthly promedio satellite means.,float64,True,0.0,195
sat_pro_2025_monthly__planet__ndvi_promedio__m05,pro,sat_pro,competition,Full target-season 2025 monthly promedio satellite means.,float64,True,0.0,194
sat_pro_2025_monthly__planet__ndvi_promedio__m06,pro,sat_pro,competition,Full target-season 2025 monthly promedio satellite means.,float64,True,0.0,194
sat_pro_2025_monthly__planet__ndvi_promedio__m07,pro,sat_pro,competition,Full target-season 2025 monthly promedio satellite means.,float64,True,0.0,195
sat_pro_2025_monthly__planet__ndvi_promedio__m08,pro,sat_pro,competition,Full target-season 2025 monthly promedio satellite means.,float64,True,0.0,197
sat_pro_2025_monthly__planet__ndvi_promedio__m09,pro,sat_pro,competition,Full target-season 2025 monthly promedio satellite means.,float64,True,0.0,196
sat_pro_2025_monthly__planet__ndvi_promedio__m10,pro,sat_pro,competition,Full target-season 2025 monthly promedio satellite means.,float64,True,0.0,194
siap_2025__damage_rate,siap,external_siap,competition,Contemporaneous SIAP 2025 municipal outcome proxy.,float64,True,0.0,1
siap_2025__harvested_ha,siap,external_siap,competition,Contemporaneous SIAP 2025 municipal outcome proxy.,float64,True,0.0,9
siap_2025__production_t,siap,external_siap,competition,Contemporaneous SIAP 2025 municipal outcome proxy.,float64,True,0.0,9
siap_2025__yield,siap,external_siap,competition,Contemporaneous SIAP 2025 municipal outcome proxy.,float64,True,0.0,8
siap_2025__yield_anomaly_recent,siap,external_siap,competition,Contemporaneous SIAP 2025 municipal outcome proxy.,float64,True,0.0,9
siap_hist__damage_rate_2024,siap,external_siap,clean,Historical municipal Cebada grano feature through 2024.,float64,True,0.0,1
siap_hist__harvested_ha_2024,siap,external_siap,clean,Historical municipal Cebada grano feature through 2024.,float64,True,0.0,9
siap_hist__production_t_2024,siap,external_siap,clean,Historical municipal Cebada grano feature through 2024.,float64,True,0.0,9
siap_hist__yield_2020,siap,external_siap,clean,Historical municipal Cebada grano feature through 2024.,float64,True,0.0,9
siap_hist__yield_2021,siap,external_siap,clean,Historical municipal Cebada grano feature through 2024.,float64,True,0.0,8
siap_hist__yield_2022,siap,external_siap,clean,Historical municipal Cebada grano feature through 2024.,float64,True,0.0,9
siap_hist__yield_2023,siap,external_siap,clean,Historical municipal Cebada grano feature through 2024.,float64,True,0.0,9
siap_hist__yield_2024,siap,external_siap,clean,Historical municipal Cebada grano feature through 2024.,float64,True,0.0,9
siap_hist__yield_mean_all,siap,external_siap,clean,Historical municipal Cebada grano feature through 2024.,float64,True,0.0,9
siap_hist__yield_mean_recent,siap,external_siap,clean,Historical municipal Cebada grano feature through 2024.,float64,True,0.0,9
siap_hist__yield_std_all,siap,external_siap,clean,Historical municipal Cebada grano feature through 2024.,float64,True,0.0,9
siap_hist__yield_std_recent,siap,external_siap,clean,Historical municipal Cebada grano feature through 2024.,float64,True,0.0,9
siap_hist__yield_trend_all,siap,external_siap,clean,Historical municipal Cebada grano feature through 2024.,float64,True,0.0,9
siap_hist__yield_trend_recent,siap,external_siap,clean,Historical municipal Cebada grano feature through 2024.,float64,True,0.0,9
soilgrids__bdod__0_5cm__mean,soilgrids,external_soilgrids,clean,Scaled SoilGrids parcel zonal statistic.,float64,True,0.0,110
soilgrids__bdod__0_5cm__std,soilgrids,external_soilgrids,clean,Scaled SoilGrids parcel zonal statistic.,float64,True,0.0,88
soilgrids__bdod__15_30cm__mean,soilgrids,external_soilgrids,clean,Scaled SoilGrids parcel zonal statistic.,float64,True,0.0,95
soilgrids__bdod__15_30cm__std,soilgrids,external_soilgrids,clean,Scaled SoilGrids parcel zonal statistic.,float64,True,0.0,78
soilgrids__bdod__30_60cm__mean,soilgrids,external_soilgrids,clean,Scaled SoilGrids parcel zonal statistic.,float64,True,0.0,106
soilgrids__bdod__30_60cm__std,soilgrids,external_soilgrids,clean,Scaled SoilGrids parcel zonal statistic.,float64,True,0.0,88
soilgrids__bdod__5_15cm__mean,soilgrids,external_soilgrids,clean,Scaled SoilGrids parcel zonal statistic.,float64,True,0.0,102
soilgrids__bdod__5_15cm__std,soilgrids,external_soilgrids,clean,Scaled SoilGrids parcel zonal statistic.,float64,True,0.0,77
soilgrids__bdod__depth_weighted_0_30cm,soilgrids,external_soilgrids,clean,Thickness-weighted SoilGrids property mean.,float64,True,0.0,163
soilgrids__bdod__depth_weighted_0_60cm,soilgrids,external_soilgrids,clean,Thickness-weighted SoilGrids property mean.,float64,True,0.0,185
soilgrids__cec__0_5cm__mean,soilgrids,external_soilgrids,clean,Scaled SoilGrids parcel zonal statistic.,float64,True,0.0,173
soilgrids__cec__0_5cm__std,soilgrids,external_soilgrids,clean,Scaled SoilGrids parcel zonal statistic.,float64,True,0.0,176
soilgrids__cec__15_30cm__mean,soilgrids,external_soilgrids,clean,Scaled SoilGrids parcel zonal statistic.,float64,True,0.0,166
soilgrids__cec__15_30cm__std,soilgrids,external_soilgrids,clean,Scaled SoilGrids parcel zonal statistic.,float64,True,0.0,173
soilgrids__cec__30_60cm__mean,soilgrids,external_soilgrids,clean,Scaled SoilGrids parcel zonal statistic.,float64,True,0.0,163
soilgrids__cec__30_60cm__std,soilgrids,external_soilgrids,clean,Scaled SoilGrids parcel zonal statistic.,float64,True,0.0,169
soilgrids__cec__5_15cm__mean,soilgrids,external_soilgrids,clean,Scaled SoilGrids parcel zonal statistic.,float64,True,0.0,153
soilgrids__cec__5_15cm__std,soilgrids,external_soilgrids,clean,Scaled SoilGrids parcel zonal statistic.,float64,True,0.0,167
soilgrids__cec__depth_weighted_0_30cm,soilgrids,external_soilgrids,clean,Thickness-weighted SoilGrids property mean.,float64,True,0.0,190
soilgrids__cec__depth_weighted_0_60cm,soilgrids,external_soilgrids,clean,Thickness-weighted SoilGrids property mean.,float64,True,0.0,194
soilgrids__cfvo__0_5cm__mean,soilgrids,external_soilgrids,clean,Scaled SoilGrids parcel zonal statistic.,float64,True,0.0,144
soilgrids__cfvo__0_5cm__std,soilgrids,external_soilgrids,clean,Scaled SoilGrids parcel zonal statistic.,float64,True,0.0,162
soilgrids__cfvo__15_30cm__mean,soilgrids,external_soilgrids,clean,Scaled SoilGrids parcel zonal statistic.,float64,True,0.0,160
soilgrids__cfvo__15_30cm__std,soilgrids,external_soilgrids,clean,Scaled SoilGrids parcel zonal statistic.,float64,True,0.0,158
soilgrids__cfvo__30_60cm__mean,soilgrids,external_soilgrids,clean,Scaled SoilGrids parcel zonal statistic.,float64,True,0.0,167
soilgrids__cfvo__30_60cm__std,soilgrids,external_soilgrids,clean,Scaled SoilGrids parcel zonal statistic.,float64,True,0.0,163
soilgrids__cfvo__5_15cm__mean,soilgrids,external_soilgrids,clean,Scaled SoilGrids parcel zonal statistic.,float64,True,0.0,150
soilgrids__cfvo__5_15cm__std,soilgrids,external_soilgrids,clean,Scaled SoilGrids parcel zonal statistic.,float64,True,0.0,151
soilgrids__cfvo__depth_weighted_0_30cm,soilgrids,external_soilgrids,clean,Thickness-weighted SoilGrids property mean.,float64,True,0.0,188
soilgrids__cfvo__depth_weighted_0_60cm,soilgrids,external_soilgrids,clean,Thickness-weighted SoilGrids property mean.,float64,True,0.0,193
soilgrids__clay__0_5cm__mean,soilgrids,external_soilgrids,clean,Scaled SoilGrids parcel zonal statistic.,float64,True,0.0,168
soilgrids__clay__0_5cm__std,soilgrids,external_soilgrids,clean,Scaled SoilGrids parcel zonal statistic.,float64,True,0.0,175
soilgrids__clay__15_30cm__mean,soilgrids,external_soilgrids,clean,Scaled SoilGrids parcel zonal statistic.,float64,True,0.0,177
soilgrids__clay__15_30cm__std,soilgrids,external_soilgrids,clean,Scaled SoilGrids parcel zonal statistic.,float64,True,0.0,179
soilgrids__clay__30_60cm__mean,soilgrids,external_soilgrids,clean,Scaled SoilGrids parcel zonal statistic.,float64,True,0.0,188
soilgrids__clay__30_60cm__std,soilgrids,external_soilgrids,clean,Scaled SoilGrids parcel zonal statistic.,float64,True,0.0,182
soilgrids__clay__5_15cm__mean,soilgrids,external_soilgrids,clean,Scaled SoilGrids parcel zonal statistic.,float64,True,0.0,173
soilgrids__clay__5_15cm__std,soilgrids,external_soilgrids,clean,Scaled SoilGrids parcel zonal statistic.,float64,True,0.0,180
soilgrids__clay__depth_weighted_0_30cm,soilgrids,external_soilgrids,clean,Thickness-weighted SoilGrids property mean.,float64,True,0.0,190
soilgrids__clay__depth_weighted_0_60cm,soilgrids,external_soilgrids,clean,Thickness-weighted SoilGrids property mean.,float64,True,0.0,195
soilgrids__nitrogen__0_5cm__mean,soilgrids,external_soilgrids,clean,Scaled SoilGrids parcel zonal statistic.,float64,True,0.0,170
soilgrids__nitrogen__0_5cm__std,soilgrids,external_soilgrids,clean,Scaled SoilGrids parcel zonal statistic.,float64,True,0.0,168
soilgrids__nitrogen__15_30cm__mean,soilgrids,external_soilgrids,clean,Scaled SoilGrids parcel zonal statistic.,float64,True,0.0,146
soilgrids__nitrogen__15_30cm__std,soilgrids,external_soilgrids,clean,Scaled SoilGrids parcel zonal statistic.,float64,True,0.0,147
soilgrids__nitrogen__30_60cm__mean,soilgrids,external_soilgrids,clean,Scaled SoilGrids parcel zonal statistic.,float64,True,0.0,140
soilgrids__nitrogen__30_60cm__std,soilgrids,external_soilgrids,clean,Scaled SoilGrids parcel zonal statistic.,float64,True,0.0,137
soilgrids__nitrogen__5_15cm__mean,soilgrids,external_soilgrids,clean,Scaled SoilGrids parcel zonal statistic.,float64,True,0.0,142
soilgrids__nitrogen__5_15cm__std,soilgrids,external_soilgrids,clean,Scaled SoilGrids parcel zonal statistic.,float64,True,0.0,141
soilgrids__nitrogen__depth_weighted_0_30cm,soilgrids,external_soilgrids,clean,Thickness-weighted SoilGrids property mean.,float64,True,0.0,186
soilgrids__nitrogen__depth_weighted_0_60cm,soilgrids,external_soilgrids,clean,Thickness-weighted SoilGrids property mean.,float64,True,0.0,193
soilgrids__phh2o__0_5cm__mean,soilgrids,external_soilgrids,clean,Scaled SoilGrids parcel zonal statistic.,float64,True,0.0,101
soilgrids__phh2o__0_5cm__std,soilgrids,external_soilgrids,clean,Scaled SoilGrids parcel zonal statistic.,float64,True,0.0,74
soilgrids__phh2o__15_30cm__mean,soilgrids,external_soilgrids,clean,Scaled SoilGrids parcel zonal statistic.,float64,True,0.0,91
soilgrids__phh2o__15_30cm__std,soilgrids,external_soilgrids,clean,Scaled SoilGrids parcel zonal statistic.,float64,True,0.0,73
soilgrids__phh2o__30_60cm__mean,soilgrids,external_soilgrids,clean,Scaled SoilGrids parcel zonal statistic.,float64,True,0.0,105
soilgrids__phh2o__30_60cm__std,soilgrids,external_soilgrids,clean,Scaled SoilGrids parcel zonal statistic.,float64,True,0.0,80
soilgrids__phh2o__5_15cm__mean,soilgrids,external_soilgrids,clean,Scaled SoilGrids parcel zonal statistic.,float64,True,0.0,95
soilgrids__phh2o__5_15cm__std,soilgrids,external_soilgrids,clean,Scaled SoilGrids parcel zonal statistic.,float64,True,0.0,69
soilgrids__phh2o__depth_weighted_0_30cm,soilgrids,external_soilgrids,clean,Thickness-weighted SoilGrids property mean.,float64,True,0.0,146
soilgrids__phh2o__depth_weighted_0_60cm,soilgrids,external_soilgrids,clean,Thickness-weighted SoilGrids property mean.,float64,True,0.0,172
soilgrids__sand__0_5cm__mean,soilgrids,external_soilgrids,clean,Scaled SoilGrids parcel zonal statistic.,float64,True,0.0,167
soilgrids__sand__0_5cm__std,soilgrids,external_soilgrids,clean,Scaled SoilGrids parcel zonal statistic.,float64,True,0.0,179
soilgrids__sand__15_30cm__mean,soilgrids,external_soilgrids,clean,Scaled SoilGrids parcel zonal statistic.,float64,True,0.0,174
soilgrids__sand__15_30cm__std,soilgrids,external_soilgrids,clean,Scaled SoilGrids parcel zonal statistic.,float64,True,0.0,184
soilgrids__sand__30_60cm__mean,soilgrids,external_soilgrids,clean,Scaled SoilGrids parcel zonal statistic.,float64,True,0.0,181
soilgrids__sand__30_60cm__std,soilgrids,external_soilgrids,clean,Scaled SoilGrids parcel zonal statistic.,float64,True,0.0,184
soilgrids__sand__5_15cm__mean,soilgrids,external_soilgrids,clean,Scaled SoilGrids parcel zonal statistic.,float64,True,0.0,175
soilgrids__sand__5_15cm__std,soilgrids,external_soilgrids,clean,Scaled SoilGrids parcel zonal statistic.,float64,True,0.0,178
soilgrids__sand__depth_weighted_0_30cm,soilgrids,external_soilgrids,clean,Thickness-weighted SoilGrids property mean.,float64,True,0.0,192
soilgrids__sand__depth_weighted_0_60cm,soilgrids,external_soilgrids,clean,Thickness-weighted SoilGrids property mean.,float64,True,0.0,194
soilgrids__silt__0_5cm__mean,soilgrids,external_soilgrids,clean,Scaled SoilGrids parcel zonal statistic.,float64,True,0.0,178
soilgrids__silt__0_5cm__std,soilgrids,external_soilgrids,clean,Scaled SoilGrids parcel zonal statistic.,float64,True,0.0,175
soilgrids__silt__15_30cm__mean,soilgrids,external_soilgrids,clean,Scaled SoilGrids parcel zonal statistic.,float64,True,0.0,178
soilgrids__silt__15_30cm__std,soilgrids,external_soilgrids,clean,Scaled SoilGrids parcel zonal statistic.,float64,True,0.0,177
soilgrids__silt__30_60cm__mean,soilgrids,external_soilgrids,clean,Scaled SoilGrids parcel zonal statistic.,float64,True,0.0,175
soilgrids__silt__30_60cm__std,soilgrids,external_soilgrids,clean,Scaled SoilGrids parcel zonal statistic.,float64,True,0.0,180
soilgrids__silt__5_15cm__mean,soilgrids,external_soilgrids,clean,Scaled SoilGrids parcel zonal statistic.,float64,True,0.0,170
soilgrids__silt__5_15cm__std,soilgrids,external_soilgrids,clean,Scaled SoilGrids parcel zonal statistic.,float64,True,0.0,179
soilgrids__silt__depth_weighted_0_30cm,soilgrids,external_soilgrids,clean,Thickness-weighted SoilGrids property mean.,float64,True,0.0,189
soilgrids__silt__depth_weighted_0_60cm,soilgrids,external_soilgrids,clean,Thickness-weighted SoilGrids property mean.,float64,True,0.0,196
soilgrids__soc__0_5cm__mean,soilgrids,external_soilgrids,clean,Scaled SoilGrids parcel zonal statistic.,float64,True,0.0,180
soilgrids__soc__0_5cm__std,soilgrids,external_soilgrids,clean,Scaled SoilGrids parcel zonal statistic.,float64,True,0.0,177
soilgrids__soc__15_30cm__mean,soilgrids,external_soilgrids,clean,Scaled SoilGrids parcel zonal statistic.,float64,True,0.0,157
soilgrids__soc__15_30cm__std,soilgrids,external_soilgrids,clean,Scaled SoilGrids parcel zonal statistic.,float64,True,0.0,160
soilgrids__soc__30_60cm__mean,soilgrids,external_soilgrids,clean,Scaled SoilGrids parcel zonal statistic.,float64,True,0.0,142
soilgrids__soc__30_60cm__std,soilgrids,external_soilgrids,clean,Scaled SoilGrids parcel zonal statistic.,float64,True,0.0,135
soilgrids__soc__5_15cm__mean,soilgrids,external_soilgrids,clean,Scaled SoilGrids parcel zonal statistic.,float64,True,0.0,162
soilgrids__soc__5_15cm__std,soilgrids,external_soilgrids,clean,Scaled SoilGrids parcel zonal statistic.,float64,True,0.0,160
soilgrids__soc__depth_weighted_0_30cm,soilgrids,external_soilgrids,clean,Thickness-weighted SoilGrids property mean.,float64,True,0.0,191
soilgrids__soc__depth_weighted_0_60cm,soilgrids,external_soilgrids,clean,Thickness-weighted SoilGrids property mean.,float64,True,0.0,192
topo_official__elevation__max,topography,official_topography,clean,Parcel zonal statistic from Elevacion_INEGI_CEM4_120m.tif.,float64,True,0.0,136
topo_official__elevation__mean,topography,official_topography,clean,Parcel zonal statistic from Elevacion_INEGI_CEM4_120m.tif.,float64,True,0.0,195
topo_official__elevation__min,topography,official_topography,clean,Parcel zonal statistic from Elevacion_INEGI_CEM4_120m.tif.,float64,True,0.0,124
topo_official__elevation__std,topography,official_topography,clean,Parcel zonal statistic from Elevacion_INEGI_CEM4_120m.tif.,float64,True,0.0,191
topo_official__slope__max,topography,official_topography,clean,Parcel zonal statistic from Pendiente_INEGI_CEM4_120m_grados.tif.,float64,True,0.0,169
topo_official__slope__mean,topography,official_topography,clean,Parcel zonal statistic from Pendiente_INEGI_CEM4_120m_grados.tif.,float64,True,0.0,197
topo_official__slope__min,topography,official_topography,clean,Parcel zonal statistic from Pendiente_INEGI_CEM4_120m_grados.tif.,float64,True,0.0,141
topo_official__slope__std,topography,official_topography,clean,Parcel zonal statistic from Pendiente_INEGI_CEM4_120m_grados.tif.,float64,True,0.0,197
wapor_2025__aeti__m04_total,wapor,external_wapor,competition,Duration-weighted full-season 2025 WaPOR parcel feature.,float64,True,0.0,128
wapor_2025__aeti__m05_total,wapor,external_wapor,competition,Duration-weighted full-season 2025 WaPOR parcel feature.,float64,True,0.0,176
wapor_2025__aeti__m06_total,wapor,external_wapor,competition,Duration-weighted full-season 2025 WaPOR parcel feature.,float64,True,0.0,114
wapor_2025__aeti__m07_total,wapor,external_wapor,competition,Duration-weighted full-season 2025 WaPOR parcel feature.,float64,True,0.0,191
wapor_2025__aeti__m08_total,wapor,external_wapor,competition,Duration-weighted full-season 2025 WaPOR parcel feature.,float64,True,0.0,195
wapor_2025__aeti__m09_total,wapor,external_wapor,competition,Duration-weighted full-season 2025 WaPOR parcel feature.,float64,True,0.0,154
wapor_2025__aeti__m10_total,wapor,external_wapor,competition,Duration-weighted full-season 2025 WaPOR parcel feature.,float64,True,0.0,181
wapor_2025__aeti__mean_rate,wapor,external_wapor,competition,Duration-weighted full-season 2025 WaPOR parcel feature.,float64,True,0.0,196
wapor_2025__aeti__peak_dekad,wapor,external_wapor,competition,Duration-weighted full-season 2025 WaPOR parcel feature.,float64,True,0.0,5
wapor_2025__aeti__peak_rate,wapor,external_wapor,competition,Duration-weighted full-season 2025 WaPOR parcel feature.,float64,True,0.0,122
wapor_2025__aeti__season_total,wapor,external_wapor,competition,Duration-weighted full-season 2025 WaPOR parcel feature.,float64,True,0.0,196
wapor_2025__npp__m04_total,wapor,external_wapor,competition,Duration-weighted full-season 2025 WaPOR parcel feature.,float64,True,0.0,196
wapor_2025__npp__m05_total,wapor,external_wapor,competition,Duration-weighted full-season 2025 WaPOR parcel feature.,float64,True,0.0,197
wapor_2025__npp__m06_total,wapor,external_wapor,competition,Duration-weighted full-season 2025 WaPOR parcel feature.,float64,True,0.0,197
wapor_2025__npp__m07_total,wapor,external_wapor,competition,Duration-weighted full-season 2025 WaPOR parcel feature.,float64,True,0.0,197
wapor_2025__npp__m08_total,wapor,external_wapor,competition,Duration-weighted full-season 2025 WaPOR parcel feature.,float64,True,0.0,197
wapor_2025__npp__m09_total,wapor,external_wapor,competition,Duration-weighted full-season 2025 WaPOR parcel feature.,float64,True,0.0,196
wapor_2025__npp__m10_total,wapor,external_wapor,competition,Duration-weighted full-season 2025 WaPOR parcel feature.,float64,True,0.0,197
wapor_2025__npp__mean_rate,wapor,external_wapor,competition,Duration-weighted full-season 2025 WaPOR parcel feature.,float64,True,0.0,197
wapor_2025__npp__peak_dekad,wapor,external_wapor,competition,Duration-weighted full-season 2025 WaPOR parcel feature.,float64,True,0.0,4
wapor_2025__npp__peak_rate,wapor,external_wapor,competition,Duration-weighted full-season 2025 WaPOR parcel feature.,float64,True,0.0,197
wapor_2025__npp__season_total,wapor,external_wapor,competition,Duration-weighted full-season 2025 WaPOR parcel feature.,float64,True,0.0,197
