protocol,outer_fold,stage,candidate,level1_fold,candidate_index,mean_test_rmse,std_test_rmse,rank_test_score,params_json
fold_state_stratified,1,level1_crossfit,B01_C0_PLS,1.0,0,0.6063185789519975,0.06219800965674316,1,"{""model__n_components"": 2}"
fold_state_stratified,1,level1_crossfit,B01_C0_PLS,1.0,1,0.6618733657597021,0.04536215784686626,2,"{""model__n_components"": 4}"
fold_state_stratified,1,level1_crossfit,B01_C0_PLS,1.0,2,0.7036594037197528,0.011152379936860968,3,"{""model__n_components"": 8}"
fold_state_stratified,1,level1_crossfit,B01_C0_PLS,1.0,3,0.7089332807545118,0.005601070654904006,4,"{""model__n_components"": 12}"
fold_state_stratified,1,level1_crossfit,B01_C0_PLS,1.0,4,0.709708748357007,0.004354501943835187,5,"{""model__n_components"": 20}"
fold_state_stratified,1,level1_crossfit,B01_C0_PLS,2.0,0,0.5441957304812007,0.07528145895637653,1,"{""model__n_components"": 2}"
fold_state_stratified,1,level1_crossfit,B01_C0_PLS,2.0,1,0.5708249693914624,0.06343478268697894,2,"{""model__n_components"": 4}"
fold_state_stratified,1,level1_crossfit,B01_C0_PLS,2.0,2,0.5773332224076252,0.08247006552243427,5,"{""model__n_components"": 8}"
fold_state_stratified,1,level1_crossfit,B01_C0_PLS,2.0,3,0.5736054265370185,0.08406662532278572,3,"{""model__n_components"": 12}"
fold_state_stratified,1,level1_crossfit,B01_C0_PLS,2.0,4,0.5743073542615748,0.08374042583257069,4,"{""model__n_components"": 20}"
fold_state_stratified,1,level1_crossfit,B01_C0_PLS,3.0,0,0.6001489206114363,0.08313747211802697,2,"{""model__n_components"": 2}"
fold_state_stratified,1,level1_crossfit,B01_C0_PLS,3.0,1,0.5893730993639702,0.04714282503480516,1,"{""model__n_components"": 4}"
fold_state_stratified,1,level1_crossfit,B01_C0_PLS,3.0,2,0.6934881607809638,0.037067863786401034,3,"{""model__n_components"": 8}"
fold_state_stratified,1,level1_crossfit,B01_C0_PLS,3.0,3,0.6974096597005971,0.03439620006127486,5,"{""model__n_components"": 12}"
fold_state_stratified,1,level1_crossfit,B01_C0_PLS,3.0,4,0.696926718460148,0.03252622479584638,4,"{""model__n_components"": 20}"
fold_state_stratified,1,outer_refit,B01_C0_PLS,,0,0.5268653187600776,0.0675724623307435,2,"{""model__n_components"": 2}"
fold_state_stratified,1,outer_refit,B01_C0_PLS,,1,0.515614686865052,0.05509838194473582,1,"{""model__n_components"": 4}"
fold_state_stratified,1,outer_refit,B01_C0_PLS,,2,0.5662185055424662,0.02271823035728193,3,"{""model__n_components"": 8}"
fold_state_stratified,1,outer_refit,B01_C0_PLS,,3,0.6164932508376059,0.037937400289978364,4,"{""model__n_components"": 12}"
fold_state_stratified,1,outer_refit,B01_C0_PLS,,4,0.6222342967136839,0.04081552466145452,5,"{""model__n_components"": 20}"
fold_state_stratified,1,level1_crossfit,B02_C3_Ridge,1.0,0,0.7154535769030943,0.00635698161837972,5,"{""model__alpha"": 0.1}"
fold_state_stratified,1,level1_crossfit,B02_C3_Ridge,1.0,1,0.7149595521675874,0.005874561529986666,4,"{""model__alpha"": 1.0}"
fold_state_stratified,1,level1_crossfit,B02_C3_Ridge,1.0,2,0.7103090798216103,0.0013004420576075981,3,"{""model__alpha"": 10.0}"
fold_state_stratified,1,level1_crossfit,B02_C3_Ridge,1.0,3,0.6817476571059929,0.02842917730803829,2,"{""model__alpha"": 100.0}"
fold_state_stratified,1,level1_crossfit,B02_C3_Ridge,1.0,4,0.6486782229039709,0.0759439228430493,1,"{""model__alpha"": 1000.0}"
fold_state_stratified,1,level1_crossfit,B02_C3_Ridge,1.0,5,0.7307005899035042,0.05914807963859331,6,"{""model__alpha"": 10000.0}"
fold_state_stratified,1,level1_crossfit,B02_C3_Ridge,2.0,0,0.6143743756626698,0.03908927947227758,5,"{""model__alpha"": 0.1}"
fold_state_stratified,1,level1_crossfit,B02_C3_Ridge,2.0,1,0.6141058384422933,0.03884143104408627,4,"{""model__alpha"": 1.0}"
fold_state_stratified,1,level1_crossfit,B02_C3_Ridge,2.0,2,0.611548906597019,0.03650269112786558,3,"{""model__alpha"": 10.0}"
fold_state_stratified,1,level1_crossfit,B02_C3_Ridge,2.0,3,0.5939763206698263,0.02187688310061625,2,"{""model__alpha"": 100.0}"
fold_state_stratified,1,level1_crossfit,B02_C3_Ridge,2.0,4,0.5569684521257376,0.010733936956488999,1,"{""model__alpha"": 1000.0}"
fold_state_stratified,1,level1_crossfit,B02_C3_Ridge,2.0,5,0.6492673915648943,0.07160183498561762,6,"{""model__alpha"": 10000.0}"
fold_state_stratified,1,level1_crossfit,B02_C3_Ridge,3.0,0,0.6835115471557819,0.014542896029035357,6,"{""model__alpha"": 0.1}"
fold_state_stratified,1,level1_crossfit,B02_C3_Ridge,3.0,1,0.6826944679256216,0.015165799012598069,5,"{""model__alpha"": 1.0}"
fold_state_stratified,1,level1_crossfit,B02_C3_Ridge,3.0,2,0.6751341826031336,0.02086169952516731,4,"{""model__alpha"": 10.0}"
fold_state_stratified,1,level1_crossfit,B02_C3_Ridge,3.0,3,0.6332834478609792,0.049240596297862205,2,"{""model__alpha"": 100.0}"
fold_state_stratified,1,level1_crossfit,B02_C3_Ridge,3.0,4,0.586246688574734,0.06104635021280569,1,"{""model__alpha"": 1000.0}"
fold_state_stratified,1,level1_crossfit,B02_C3_Ridge,3.0,5,0.6676128464286111,0.043281804031777116,3,"{""model__alpha"": 10000.0}"
fold_state_stratified,1,outer_refit,B02_C3_Ridge,,0,0.6542644865950075,0.05334926570646294,6,"{""model__alpha"": 0.1}"
fold_state_stratified,1,outer_refit,B02_C3_Ridge,,1,0.6529490845125588,0.052955025677416646,5,"{""model__alpha"": 1.0}"
fold_state_stratified,1,outer_refit,B02_C3_Ridge,,2,0.6411472920869068,0.04986253147463931,4,"{""model__alpha"": 10.0}"
fold_state_stratified,1,outer_refit,B02_C3_Ridge,,3,0.5846654076668599,0.05115466379883677,2,"{""model__alpha"": 100.0}"
fold_state_stratified,1,outer_refit,B02_C3_Ridge,,4,0.5302920004333754,0.08505285126698114,1,"{""model__alpha"": 1000.0}"
fold_state_stratified,1,outer_refit,B02_C3_Ridge,,5,0.5878497116698175,0.1094405969081105,3,"{""model__alpha"": 10000.0}"
fold_state_stratified,1,level1_crossfit,B03_C1_CatBoost,1.0,0,0.6497497437784989,0.014718498543791148,3,"{""model__depth"": 4, ""model__l2_leaf_reg"": 3.0, ""model__learning_rate"": 0.03}"
fold_state_stratified,1,level1_crossfit,B03_C1_CatBoost,1.0,1,0.6600206825492971,0.029745081920130645,6,"{""model__depth"": 4, ""model__l2_leaf_reg"": 6.0, ""model__learning_rate"": 0.06}"
fold_state_stratified,1,level1_crossfit,B03_C1_CatBoost,1.0,2,0.6525904960687963,0.02310274927307282,5,"{""model__depth"": 5, ""model__l2_leaf_reg"": 10.0, ""model__learning_rate"": 0.03}"
fold_state_stratified,1,level1_crossfit,B03_C1_CatBoost,1.0,3,0.6486733754760784,0.022617113308931125,2,"{""model__depth"": 5, ""model__l2_leaf_reg"": 3.0, ""model__learning_rate"": 0.06}"
fold_state_stratified,1,level1_crossfit,B03_C1_CatBoost,1.0,4,0.6464504243853042,0.002388028001088227,1,"{""model__depth"": 6, ""model__l2_leaf_reg"": 6.0, ""model__learning_rate"": 0.03}"
fold_state_stratified,1,level1_crossfit,B03_C1_CatBoost,1.0,5,0.6505815253244269,0.019761375487204136,4,"{""model__depth"": 6, ""model__l2_leaf_reg"": 10.0, ""model__learning_rate"": 0.06}"
fold_state_stratified,1,level1_crossfit,B03_C1_CatBoost,2.0,0,0.5725165140595263,0.0049098794447005045,1,"{""model__depth"": 4, ""model__l2_leaf_reg"": 3.0, ""model__learning_rate"": 0.03}"
fold_state_stratified,1,level1_crossfit,B03_C1_CatBoost,2.0,1,0.5792078945070769,0.0055874762838089564,2,"{""model__depth"": 4, ""model__l2_leaf_reg"": 6.0, ""model__learning_rate"": 0.06}"
fold_state_stratified,1,level1_crossfit,B03_C1_CatBoost,2.0,2,0.6012714297673539,0.0033834339111992184,4,"{""model__depth"": 5, ""model__l2_leaf_reg"": 10.0, ""model__learning_rate"": 0.03}"
fold_state_stratified,1,level1_crossfit,B03_C1_CatBoost,2.0,3,0.5906708760773086,0.02103385465784513,3,"{""model__depth"": 5, ""model__l2_leaf_reg"": 3.0, ""model__learning_rate"": 0.06}"
fold_state_stratified,1,level1_crossfit,B03_C1_CatBoost,2.0,4,0.6098405273869685,0.003543169119433587,6,"{""model__depth"": 6, ""model__l2_leaf_reg"": 6.0, ""model__learning_rate"": 0.03}"
fold_state_stratified,1,level1_crossfit,B03_C1_CatBoost,2.0,5,0.6087549240165284,0.004950833051169112,5,"{""model__depth"": 6, ""model__l2_leaf_reg"": 10.0, ""model__learning_rate"": 0.06}"
fold_state_stratified,1,level1_crossfit,B03_C1_CatBoost,3.0,0,0.5619883488620279,0.03417487439100769,1,"{""model__depth"": 4, ""model__l2_leaf_reg"": 3.0, ""model__learning_rate"": 0.03}"
fold_state_stratified,1,level1_crossfit,B03_C1_CatBoost,3.0,1,0.5622483522550848,0.03652437923608254,2,"{""model__depth"": 4, ""model__l2_leaf_reg"": 6.0, ""model__learning_rate"": 0.06}"
fold_state_stratified,1,level1_crossfit,B03_C1_CatBoost,3.0,2,0.5863556163137116,0.05454612466363146,4,"{""model__depth"": 5, ""model__l2_leaf_reg"": 10.0, ""model__learning_rate"": 0.03}"
fold_state_stratified,1,level1_crossfit,B03_C1_CatBoost,3.0,3,0.5718909368145585,0.048837671786915005,3,"{""model__depth"": 5, ""model__l2_leaf_reg"": 3.0, ""model__learning_rate"": 0.06}"
fold_state_stratified,1,level1_crossfit,B03_C1_CatBoost,3.0,4,0.5953313554418254,0.04025736413402131,6,"{""model__depth"": 6, ""model__l2_leaf_reg"": 6.0, ""model__learning_rate"": 0.03}"
fold_state_stratified,1,level1_crossfit,B03_C1_CatBoost,3.0,5,0.5922912001234962,0.056816619465775764,5,"{""model__depth"": 6, ""model__l2_leaf_reg"": 10.0, ""model__learning_rate"": 0.06}"
fold_state_stratified,1,outer_refit,B03_C1_CatBoost,,0,0.5034742782890448,0.04573145406487575,2,"{""model__depth"": 4, ""model__l2_leaf_reg"": 3.0, ""model__learning_rate"": 0.03}"
fold_state_stratified,1,outer_refit,B03_C1_CatBoost,,1,0.4984537623616349,0.04769607537054793,1,"{""model__depth"": 4, ""model__l2_leaf_reg"": 6.0, ""model__learning_rate"": 0.06}"
fold_state_stratified,1,outer_refit,B03_C1_CatBoost,,2,0.5207380703688153,0.0512394295808407,6,"{""model__depth"": 5, ""model__l2_leaf_reg"": 10.0, ""model__learning_rate"": 0.03}"
fold_state_stratified,1,outer_refit,B03_C1_CatBoost,,3,0.5042875522441622,0.047677866397093406,3,"{""model__depth"": 5, ""model__l2_leaf_reg"": 3.0, ""model__learning_rate"": 0.06}"
fold_state_stratified,1,outer_refit,B03_C1_CatBoost,,4,0.5126682900857088,0.0449042878764423,4,"{""model__depth"": 6, ""model__l2_leaf_reg"": 6.0, ""model__learning_rate"": 0.03}"
fold_state_stratified,1,outer_refit,B03_C1_CatBoost,,5,0.519862095578495,0.05461529643473583,5,"{""model__depth"": 6, ""model__l2_leaf_reg"": 10.0, ""model__learning_rate"": 0.06}"
fold_state_stratified,1,level1_crossfit,B04_C0_Ridge,1.0,0,0.7647590058233804,0.04453460225210437,6,"{""model__alpha"": 0.1}"
fold_state_stratified,1,level1_crossfit,B04_C0_Ridge,1.0,1,0.7637324029224181,0.04394818964304803,5,"{""model__alpha"": 1.0}"
fold_state_stratified,1,level1_crossfit,B04_C0_Ridge,1.0,2,0.7540542576528053,0.03845337604688731,4,"{""model__alpha"": 10.0}"
fold_state_stratified,1,level1_crossfit,B04_C0_Ridge,1.0,3,0.6930155051962859,0.004888147084078864,2,"{""model__alpha"": 100.0}"
fold_state_stratified,1,level1_crossfit,B04_C0_Ridge,1.0,4,0.6095653853495615,0.04706766875113649,1,"{""model__alpha"": 1000.0}"
fold_state_stratified,1,level1_crossfit,B04_C0_Ridge,1.0,5,0.7210874539645165,0.026897426723654416,3,"{""model__alpha"": 10000.0}"
fold_state_stratified,1,level1_crossfit,B04_C0_Ridge,2.0,0,0.5740548949059163,0.0043591675609716,5,"{""model__alpha"": 0.1}"
fold_state_stratified,1,level1_crossfit,B04_C0_Ridge,2.0,1,0.573711103864921,0.004449862077559097,4,"{""model__alpha"": 1.0}"
fold_state_stratified,1,level1_crossfit,B04_C0_Ridge,2.0,2,0.570408494336216,0.005359680775331721,3,"{""model__alpha"": 10.0}"
fold_state_stratified,1,level1_crossfit,B04_C0_Ridge,2.0,3,0.5468550136516038,0.013935618348176915,2,"{""model__alpha"": 100.0}"
fold_state_stratified,1,level1_crossfit,B04_C0_Ridge,2.0,4,0.5139980007453344,0.0462772730970184,1,"{""model__alpha"": 1000.0}"
fold_state_stratified,1,level1_crossfit,B04_C0_Ridge,2.0,5,0.6721960803513665,0.05937124395231602,6,"{""model__alpha"": 10000.0}"
fold_state_stratified,1,level1_crossfit,B04_C0_Ridge,3.0,0,0.6164245895549942,0.03217759675366988,5,"{""model__alpha"": 0.1}"
fold_state_stratified,1,level1_crossfit,B04_C0_Ridge,3.0,1,0.6155109783156609,0.031691854059585134,4,"{""model__alpha"": 1.0}"
fold_state_stratified,1,level1_crossfit,B04_C0_Ridge,3.0,2,0.6072353449165184,0.027500623575330174,3,"{""model__alpha"": 10.0}"
fold_state_stratified,1,level1_crossfit,B04_C0_Ridge,3.0,3,0.5667385885430758,0.014721058580217494,2,"{""model__alpha"": 100.0}"
fold_state_stratified,1,level1_crossfit,B04_C0_Ridge,3.0,4,0.5517093773407786,0.03846531876628856,1,"{""model__alpha"": 1000.0}"
fold_state_stratified,1,level1_crossfit,B04_C0_Ridge,3.0,5,0.7022046429976271,0.04722868979789985,6,"{""model__alpha"": 10000.0}"
fold_state_stratified,1,outer_refit,B04_C0_Ridge,,0,0.6978933948754209,0.06951484709282695,6,"{""model__alpha"": 0.1}"
fold_state_stratified,1,outer_refit,B04_C0_Ridge,,1,0.6964323090633271,0.06912574575730386,5,"{""model__alpha"": 1.0}"
fold_state_stratified,1,outer_refit,B04_C0_Ridge,,2,0.6831631762184692,0.06606577499866634,4,"{""model__alpha"": 10.0}"
fold_state_stratified,1,outer_refit,B04_C0_Ridge,,3,0.6151468313429225,0.07213863820567411,2,"{""model__alpha"": 100.0}"
fold_state_stratified,1,outer_refit,B04_C0_Ridge,,4,0.5499894927557946,0.12684999612319328,1,"{""model__alpha"": 1000.0}"
fold_state_stratified,1,outer_refit,B04_C0_Ridge,,5,0.6389555206142806,0.12802832617601356,3,"{""model__alpha"": 10000.0}"
fold_state_stratified,1,level1_crossfit,B05_C3_PLS,1.0,0,0.5359952668853497,0.017031152292683926,1,"{""model__n_components"": 2}"
fold_state_stratified,1,level1_crossfit,B05_C3_PLS,1.0,1,0.6001218696812685,0.03977458605190892,2,"{""model__n_components"": 4}"
fold_state_stratified,1,level1_crossfit,B05_C3_PLS,1.0,2,0.6624510369073213,0.056924757401798975,5,"{""model__n_components"": 8}"
fold_state_stratified,1,level1_crossfit,B05_C3_PLS,1.0,3,0.6527549141239511,0.05820534375300146,3,"{""model__n_components"": 12}"
fold_state_stratified,1,level1_crossfit,B05_C3_PLS,1.0,4,0.6542491046801058,0.05881787744044803,4,"{""model__n_components"": 20}"
fold_state_stratified,1,level1_crossfit,B05_C3_PLS,2.0,0,0.5856738765515432,0.04243682113224173,1,"{""model__n_components"": 2}"
fold_state_stratified,1,level1_crossfit,B05_C3_PLS,2.0,1,0.6297455335509505,0.0721175130324973,5,"{""model__n_components"": 4}"
fold_state_stratified,1,level1_crossfit,B05_C3_PLS,2.0,2,0.6115502588483879,0.058711976206030136,2,"{""model__n_components"": 8}"
fold_state_stratified,1,level1_crossfit,B05_C3_PLS,2.0,3,0.6160250431442109,0.06256667464632143,4,"{""model__n_components"": 12}"
fold_state_stratified,1,level1_crossfit,B05_C3_PLS,2.0,4,0.6160113387378872,0.062119799651061125,3,"{""model__n_components"": 20}"
fold_state_stratified,1,level1_crossfit,B05_C3_PLS,3.0,0,0.593238840335015,0.09017196946207706,1,"{""model__n_components"": 2}"
fold_state_stratified,1,level1_crossfit,B05_C3_PLS,3.0,1,0.6259554797761012,0.053026460548181276,2,"{""model__n_components"": 4}"
fold_state_stratified,1,level1_crossfit,B05_C3_PLS,3.0,2,0.6321729241528636,0.032881980354488416,3,"{""model__n_components"": 8}"
fold_state_stratified,1,level1_crossfit,B05_C3_PLS,3.0,3,0.6430029873577244,0.030768124144709086,4,"{""model__n_components"": 12}"
fold_state_stratified,1,level1_crossfit,B05_C3_PLS,3.0,4,0.6460643541872013,0.02811609611372634,5,"{""model__n_components"": 20}"
fold_state_stratified,1,outer_refit,B05_C3_PLS,,0,0.5149338700223635,0.03518285616809306,1,"{""model__n_components"": 2}"
fold_state_stratified,1,outer_refit,B05_C3_PLS,,1,0.5455897081934934,0.03157704971873102,2,"{""model__n_components"": 4}"
fold_state_stratified,1,outer_refit,B05_C3_PLS,,2,0.5617645252581114,0.026042825996731196,3,"{""model__n_components"": 8}"
fold_state_stratified,1,outer_refit,B05_C3_PLS,,3,0.6058402603094338,0.01407100989276475,4,"{""model__n_components"": 12}"
fold_state_stratified,1,outer_refit,B05_C3_PLS,,4,0.6202763793581062,0.031154356112256237,5,"{""model__n_components"": 20}"
fold_state_stratified,1,level1_crossfit,B06_C2_PLS,1.0,0,0.6012231477807906,0.012425858802076084,1,"{""model__n_components"": 2}"
fold_state_stratified,1,level1_crossfit,B06_C2_PLS,1.0,1,0.623589533968493,0.05272800461968408,2,"{""model__n_components"": 4}"
fold_state_stratified,1,level1_crossfit,B06_C2_PLS,1.0,2,0.7106499928499854,0.013858143756568353,3,"{""model__n_components"": 8}"
fold_state_stratified,1,level1_crossfit,B06_C2_PLS,1.0,3,0.7218922607070376,0.005986037881101747,4,"{""model__n_components"": 12}"
fold_state_stratified,1,level1_crossfit,B06_C2_PLS,1.0,4,0.7225075853173426,0.007004023584472829,5,"{""model__n_components"": 20}"
fold_state_stratified,1,level1_crossfit,B06_C2_PLS,2.0,0,0.5717719723876363,0.0006511673691839137,1,"{""model__n_components"": 2}"
fold_state_stratified,1,level1_crossfit,B06_C2_PLS,2.0,1,0.6624888202722525,0.03528883897993984,5,"{""model__n_components"": 4}"
fold_state_stratified,1,level1_crossfit,B06_C2_PLS,2.0,2,0.6451120024867193,0.03843890666482219,4,"{""model__n_components"": 8}"
fold_state_stratified,1,level1_crossfit,B06_C2_PLS,2.0,3,0.6405366468151972,0.04266095021746685,3,"{""model__n_components"": 12}"
fold_state_stratified,1,level1_crossfit,B06_C2_PLS,2.0,4,0.6400439571968741,0.04302632293328157,2,"{""model__n_components"": 20}"
fold_state_stratified,1,level1_crossfit,B06_C2_PLS,3.0,0,0.5801633370011756,0.0780232807608417,1,"{""model__n_components"": 2}"
fold_state_stratified,1,level1_crossfit,B06_C2_PLS,3.0,1,0.584923416973885,0.027159667197325987,2,"{""model__n_components"": 4}"
fold_state_stratified,1,level1_crossfit,B06_C2_PLS,3.0,2,0.629962343644161,0.034443133938730386,3,"{""model__n_components"": 8}"
fold_state_stratified,1,level1_crossfit,B06_C2_PLS,3.0,3,0.6335761633843416,0.03738738982654244,5,"{""model__n_components"": 12}"
fold_state_stratified,1,level1_crossfit,B06_C2_PLS,3.0,4,0.6333481277224782,0.037073488817510436,4,"{""model__n_components"": 20}"
fold_state_stratified,1,outer_refit,B06_C2_PLS,,0,0.5466457781438375,0.06814019737839438,1,"{""model__n_components"": 2}"
fold_state_stratified,1,outer_refit,B06_C2_PLS,,1,0.6045205063158269,0.027133569079234466,2,"{""model__n_components"": 4}"
fold_state_stratified,1,outer_refit,B06_C2_PLS,,2,0.6260805977177465,0.034295149858462916,3,"{""model__n_components"": 8}"
fold_state_stratified,1,outer_refit,B06_C2_PLS,,3,0.6656845759711164,0.009214448691360231,4,"{""model__n_components"": 12}"
fold_state_stratified,1,outer_refit,B06_C2_PLS,,4,0.6838470110635541,0.015551817721622655,5,"{""model__n_components"": 20}"
fold_state_stratified,1,level1_crossfit,B07_C1_ExtraTrees,1.0,0,0.5472181818954442,0.0325097509662427,4,"{""model__max_features"": ""sqrt"", ""model__min_samples_leaf"": 2}"
fold_state_stratified,1,level1_crossfit,B07_C1_ExtraTrees,1.0,1,0.5537874062003365,0.02556502051009424,5,"{""model__max_features"": ""sqrt"", ""model__min_samples_leaf"": 3}"
fold_state_stratified,1,level1_crossfit,B07_C1_ExtraTrees,1.0,2,0.5704627746503113,0.012073643122914812,6,"{""model__max_features"": ""sqrt"", ""model__min_samples_leaf"": 5}"
fold_state_stratified,1,level1_crossfit,B07_C1_ExtraTrees,1.0,3,0.5449022885984208,0.04426519676933349,3,"{""model__max_features"": 0.3, ""model__min_samples_leaf"": 2}"
fold_state_stratified,1,level1_crossfit,B07_C1_ExtraTrees,1.0,4,0.5395565676741136,0.04498317673619728,1,"{""model__max_features"": 0.3, ""model__min_samples_leaf"": 3}"
fold_state_stratified,1,level1_crossfit,B07_C1_ExtraTrees,1.0,5,0.5422176678662446,0.039852504056524074,2,"{""model__max_features"": 0.3, ""model__min_samples_leaf"": 5}"
fold_state_stratified,1,level1_crossfit,B07_C1_ExtraTrees,2.0,0,0.49427802366025186,0.032895298630002484,1,"{""model__max_features"": ""sqrt"", ""model__min_samples_leaf"": 2}"
fold_state_stratified,1,level1_crossfit,B07_C1_ExtraTrees,2.0,1,0.5020403249860361,0.029964984332384176,2,"{""model__max_features"": ""sqrt"", ""model__min_samples_leaf"": 3}"
fold_state_stratified,1,level1_crossfit,B07_C1_ExtraTrees,2.0,2,0.5280271681114009,0.026250201556228925,6,"{""model__max_features"": ""sqrt"", ""model__min_samples_leaf"": 5}"
fold_state_stratified,1,level1_crossfit,B07_C1_ExtraTrees,2.0,3,0.5079557738109566,0.026189617176241603,3,"{""model__max_features"": 0.3, ""model__min_samples_leaf"": 2}"
fold_state_stratified,1,level1_crossfit,B07_C1_ExtraTrees,2.0,4,0.5126803551407455,0.031566830674220725,4,"{""model__max_features"": 0.3, ""model__min_samples_leaf"": 3}"
fold_state_stratified,1,level1_crossfit,B07_C1_ExtraTrees,2.0,5,0.527796608379471,0.0165068722114749,5,"{""model__max_features"": 0.3, ""model__min_samples_leaf"": 5}"
fold_state_stratified,1,level1_crossfit,B07_C1_ExtraTrees,3.0,0,0.5245633965326781,0.16169286422055024,2,"{""model__max_features"": ""sqrt"", ""model__min_samples_leaf"": 2}"
fold_state_stratified,1,level1_crossfit,B07_C1_ExtraTrees,3.0,1,0.5403181121399613,0.16568455653519443,5,"{""model__max_features"": ""sqrt"", ""model__min_samples_leaf"": 3}"
fold_state_stratified,1,level1_crossfit,B07_C1_ExtraTrees,3.0,2,0.5662858341863457,0.1625222330051755,6,"{""model__max_features"": ""sqrt"", ""model__min_samples_leaf"": 5}"
fold_state_stratified,1,level1_crossfit,B07_C1_ExtraTrees,3.0,3,0.5187715636756918,0.15607936147399976,1,"{""model__max_features"": 0.3, ""model__min_samples_leaf"": 2}"
fold_state_stratified,1,level1_crossfit,B07_C1_ExtraTrees,3.0,4,0.5306915103654114,0.1528658509125277,3,"{""model__max_features"": 0.3, ""model__min_samples_leaf"": 3}"
fold_state_stratified,1,level1_crossfit,B07_C1_ExtraTrees,3.0,5,0.5314272827920792,0.16268479393507554,4,"{""model__max_features"": 0.3, ""model__min_samples_leaf"": 5}"
fold_state_stratified,1,outer_refit,B07_C1_ExtraTrees,,0,0.48845595445590045,0.06131240233342528,1,"{""model__max_features"": ""sqrt"", ""model__min_samples_leaf"": 2}"
fold_state_stratified,1,outer_refit,B07_C1_ExtraTrees,,1,0.49245272723688943,0.06132608147800878,4,"{""model__max_features"": ""sqrt"", ""model__min_samples_leaf"": 3}"
fold_state_stratified,1,outer_refit,B07_C1_ExtraTrees,,2,0.5066314468521604,0.07058396736706439,6,"{""model__max_features"": ""sqrt"", ""model__min_samples_leaf"": 5}"
fold_state_stratified,1,outer_refit,B07_C1_ExtraTrees,,3,0.48987787986228976,0.06875697206266974,2,"{""model__max_features"": 0.3, ""model__min_samples_leaf"": 2}"
fold_state_stratified,1,outer_refit,B07_C1_ExtraTrees,,4,0.49173146465518,0.06708250322770466,3,"{""model__max_features"": 0.3, ""model__min_samples_leaf"": 3}"
fold_state_stratified,1,outer_refit,B07_C1_ExtraTrees,,5,0.4932503820295045,0.06133763653383809,5,"{""model__max_features"": 0.3, ""model__min_samples_leaf"": 5}"
fold_state_stratified,1,level1_crossfit,B08_C1_PLS,1.0,0,0.5859511396197634,0.0583030906623751,1,"{""model__n_components"": 2}"
fold_state_stratified,1,level1_crossfit,B08_C1_PLS,1.0,1,0.6260856538990929,0.019941255520801338,2,"{""model__n_components"": 4}"
fold_state_stratified,1,level1_crossfit,B08_C1_PLS,1.0,2,0.7818558159645354,0.01947502317043104,3,"{""model__n_components"": 8}"
fold_state_stratified,1,level1_crossfit,B08_C1_PLS,1.0,3,0.8963323158466011,0.023387965249335285,4,"{""model__n_components"": 12}"
fold_state_stratified,1,level1_crossfit,B08_C1_PLS,1.0,4,0.9566082956854434,0.03330632173559439,5,"{""model__n_components"": 20}"
fold_state_stratified,1,level1_crossfit,B08_C1_PLS,2.0,0,0.5396637128213266,0.03884261957059165,1,"{""model__n_components"": 2}"
fold_state_stratified,1,level1_crossfit,B08_C1_PLS,2.0,1,0.5865450061795547,0.02253067617592669,2,"{""model__n_components"": 4}"
fold_state_stratified,1,level1_crossfit,B08_C1_PLS,2.0,2,0.6745117120301906,0.09648179105705401,3,"{""model__n_components"": 8}"
fold_state_stratified,1,level1_crossfit,B08_C1_PLS,2.0,3,0.6860403893011817,0.09874071731040546,4,"{""model__n_components"": 12}"
fold_state_stratified,1,level1_crossfit,B08_C1_PLS,2.0,4,0.7078807674352489,0.12635882562965928,5,"{""model__n_components"": 20}"
fold_state_stratified,1,level1_crossfit,B08_C1_PLS,3.0,0,0.5629319451522918,0.10773440418525435,1,"{""model__n_components"": 2}"
fold_state_stratified,1,level1_crossfit,B08_C1_PLS,3.0,1,0.5789569559506825,0.06552249367502672,2,"{""model__n_components"": 4}"
fold_state_stratified,1,level1_crossfit,B08_C1_PLS,3.0,2,0.6881439456692997,0.049871994095651795,3,"{""model__n_components"": 8}"
fold_state_stratified,1,level1_crossfit,B08_C1_PLS,3.0,3,0.774133250779045,0.12350437764378597,4,"{""model__n_components"": 12}"
fold_state_stratified,1,level1_crossfit,B08_C1_PLS,3.0,4,0.823109381016371,0.1836186236289345,5,"{""model__n_components"": 20}"
fold_state_stratified,1,outer_refit,B08_C1_PLS,,0,0.5517854158701723,0.09819148064359375,1,"{""model__n_components"": 2}"
fold_state_stratified,1,outer_refit,B08_C1_PLS,,1,0.5806420799649149,0.06763523658140798,2,"{""model__n_components"": 4}"
fold_state_stratified,1,outer_refit,B08_C1_PLS,,2,0.6432382085005205,0.05695199548626641,3,"{""model__n_components"": 8}"
fold_state_stratified,1,outer_refit,B08_C1_PLS,,3,0.7493882954889338,0.11063609279051231,4,"{""model__n_components"": 12}"
fold_state_stratified,1,outer_refit,B08_C1_PLS,,4,1.0638840565592573,0.1413443504025478,5,"{""model__n_components"": 20}"
fold_state_stratified,1,level1_crossfit,B09_C0_PCA_Ridge,1.0,0,0.5764623279296561,0.07034959587751649,3,"{""model__alpha"": 10.0, ""pca__n_components"": 0.8}"
fold_state_stratified,1,level1_crossfit,B09_C0_PCA_Ridge,1.0,1,0.574396699897683,0.07196343312035264,1,"{""model__alpha"": 100.0, ""pca__n_components"": 0.8}"
fold_state_stratified,1,level1_crossfit,B09_C0_PCA_Ridge,1.0,2,0.5748486965446237,0.08212271410951733,2,"{""model__alpha"": 1000.0, ""pca__n_components"": 0.8}"
fold_state_stratified,1,level1_crossfit,B09_C0_PCA_Ridge,1.0,3,0.6333301983268373,0.002040989154838746,8,"{""model__alpha"": 10.0, ""pca__n_components"": 0.9}"
fold_state_stratified,1,level1_crossfit,B09_C0_PCA_Ridge,1.0,4,0.6211880075347865,0.014643784395705906,6,"{""model__alpha"": 100.0, ""pca__n_components"": 0.9}"
fold_state_stratified,1,level1_crossfit,B09_C0_PCA_Ridge,1.0,5,0.589373638425654,0.06264569482941745,5,"{""model__alpha"": 1000.0, ""pca__n_components"": 0.9}"
fold_state_stratified,1,level1_crossfit,B09_C0_PCA_Ridge,1.0,6,0.6399243324893755,0.014064549950629945,9,"{""model__alpha"": 10.0, ""pca__n_components"": 0.95}"
fold_state_stratified,1,level1_crossfit,B09_C0_PCA_Ridge,1.0,7,0.6247074453357571,0.023292651806141484,7,"{""model__alpha"": 100.0, ""pca__n_components"": 0.95}"
fold_state_stratified,1,level1_crossfit,B09_C0_PCA_Ridge,1.0,8,0.5873253962874558,0.06351418496632794,4,"{""model__alpha"": 1000.0, ""pca__n_components"": 0.95}"
fold_state_stratified,1,level1_crossfit,B09_C0_PCA_Ridge,2.0,0,0.5465798316464512,0.06136927000991621,2,"{""model__alpha"": 10.0, ""pca__n_components"": 0.8}"
fold_state_stratified,1,level1_crossfit,B09_C0_PCA_Ridge,2.0,1,0.5458844702356556,0.06552855618111478,1,"{""model__alpha"": 100.0, ""pca__n_components"": 0.8}"
fold_state_stratified,1,level1_crossfit,B09_C0_PCA_Ridge,2.0,2,0.5544257536030033,0.08647891168192759,3,"{""model__alpha"": 1000.0, ""pca__n_components"": 0.8}"
fold_state_stratified,1,level1_crossfit,B09_C0_PCA_Ridge,2.0,3,0.5726828485509379,0.06753712946520041,9,"{""model__alpha"": 10.0, ""pca__n_components"": 0.9}"
fold_state_stratified,1,level1_crossfit,B09_C0_PCA_Ridge,2.0,4,0.5678449166395192,0.07178306224810835,8,"{""model__alpha"": 100.0, ""pca__n_components"": 0.9}"
fold_state_stratified,1,level1_crossfit,B09_C0_PCA_Ridge,2.0,5,0.5629178953407158,0.09074695243066697,6,"{""model__alpha"": 1000.0, ""pca__n_components"": 0.9}"
fold_state_stratified,1,level1_crossfit,B09_C0_PCA_Ridge,2.0,6,0.5671229071949078,0.050361725456466444,7,"{""model__alpha"": 10.0, ""pca__n_components"": 0.95}"
fold_state_stratified,1,level1_crossfit,B09_C0_PCA_Ridge,2.0,7,0.5609025805450791,0.05794084888858486,5,"{""model__alpha"": 100.0, ""pca__n_components"": 0.95}"
fold_state_stratified,1,level1_crossfit,B09_C0_PCA_Ridge,2.0,8,0.5570060338278632,0.08613442921883294,4,"{""model__alpha"": 1000.0, ""pca__n_components"": 0.95}"
fold_state_stratified,1,level1_crossfit,B09_C0_PCA_Ridge,3.0,0,0.5670616026034778,0.08408101616549235,1,"{""model__alpha"": 10.0, ""pca__n_components"": 0.8}"
fold_state_stratified,1,level1_crossfit,B09_C0_PCA_Ridge,3.0,1,0.5677360433271151,0.08676717928885228,2,"{""model__alpha"": 100.0, ""pca__n_components"": 0.8}"
fold_state_stratified,1,level1_crossfit,B09_C0_PCA_Ridge,3.0,2,0.5888524232947462,0.09816022105879618,8,"{""model__alpha"": 1000.0, ""pca__n_components"": 0.8}"
fold_state_stratified,1,level1_crossfit,B09_C0_PCA_Ridge,3.0,3,0.5753169905368191,0.10726698471243168,4,"{""model__alpha"": 10.0, ""pca__n_components"": 0.9}"
fold_state_stratified,1,level1_crossfit,B09_C0_PCA_Ridge,3.0,4,0.5721802533182778,0.10781762604846218,3,"{""model__alpha"": 100.0, ""pca__n_components"": 0.9}"
fold_state_stratified,1,level1_crossfit,B09_C0_PCA_Ridge,3.0,5,0.5856404106707471,0.10901464189623519,7,"{""model__alpha"": 1000.0, ""pca__n_components"": 0.9}"
fold_state_stratified,1,level1_crossfit,B09_C0_PCA_Ridge,3.0,6,0.5932430817845675,0.08535222954908428,9,"{""model__alpha"": 10.0, ""pca__n_components"": 0.95}"
fold_state_stratified,1,level1_crossfit,B09_C0_PCA_Ridge,3.0,7,0.5819920002469952,0.09224169744821775,5,"{""model__alpha"": 100.0, ""pca__n_components"": 0.95}"
fold_state_stratified,1,level1_crossfit,B09_C0_PCA_Ridge,3.0,8,0.5828032173916389,0.10649951908442909,6,"{""model__alpha"": 1000.0, ""pca__n_components"": 0.95}"
fold_state_stratified,1,outer_refit,B09_C0_PCA_Ridge,,0,0.53785231730157,0.06217627800842415,5,"{""model__alpha"": 10.0, ""pca__n_components"": 0.8}"
fold_state_stratified,1,outer_refit,B09_C0_PCA_Ridge,,1,0.5358552192515766,0.0631296348934484,4,"{""model__alpha"": 100.0, ""pca__n_components"": 0.8}"
fold_state_stratified,1,outer_refit,B09_C0_PCA_Ridge,,2,0.531271928086048,0.06698820462071085,3,"{""model__alpha"": 1000.0, ""pca__n_components"": 0.8}"
fold_state_stratified,1,outer_refit,B09_C0_PCA_Ridge,,3,0.5433941579853615,0.05617080774990821,7,"{""model__alpha"": 10.0, ""pca__n_components"": 0.9}"
fold_state_stratified,1,outer_refit,B09_C0_PCA_Ridge,,4,0.5379446291420882,0.056951014662133016,6,"{""model__alpha"": 100.0, ""pca__n_components"": 0.9}"
fold_state_stratified,1,outer_refit,B09_C0_PCA_Ridge,,5,0.5271265940519858,0.06075919470863628,2,"{""model__alpha"": 1000.0, ""pca__n_components"": 0.9}"
fold_state_stratified,1,outer_refit,B09_C0_PCA_Ridge,,6,0.5626010277380686,0.027222520938186848,9,"{""model__alpha"": 10.0, ""pca__n_components"": 0.95}"
fold_state_stratified,1,outer_refit,B09_C0_PCA_Ridge,,7,0.5486447470969403,0.03528378520727054,8,"{""model__alpha"": 100.0, ""pca__n_components"": 0.95}"
fold_state_stratified,1,outer_refit,B09_C0_PCA_Ridge,,8,0.525006806616238,0.056106523786322596,1,"{""model__alpha"": 1000.0, ""pca__n_components"": 0.95}"
fold_state_stratified,1,level1_crossfit,B10_C1_PCA_Ridge,1.0,0,0.5931737191621311,0.053028455021641496,5,"{""model__alpha"": 10.0, ""pca__n_components"": 0.8}"
fold_state_stratified,1,level1_crossfit,B10_C1_PCA_Ridge,1.0,1,0.5905149098731985,0.05510521588862233,4,"{""model__alpha"": 100.0, ""pca__n_components"": 0.8}"
fold_state_stratified,1,level1_crossfit,B10_C1_PCA_Ridge,1.0,2,0.6321710660488693,0.0368227760768286,9,"{""model__alpha"": 1000.0, ""pca__n_components"": 0.8}"
fold_state_stratified,1,level1_crossfit,B10_C1_PCA_Ridge,1.0,3,0.5681602670782001,0.06928150403216612,2,"{""model__alpha"": 10.0, ""pca__n_components"": 0.9}"
fold_state_stratified,1,level1_crossfit,B10_C1_PCA_Ridge,1.0,4,0.5662449688466882,0.06228251920500699,1,"{""model__alpha"": 100.0, ""pca__n_components"": 0.9}"
fold_state_stratified,1,level1_crossfit,B10_C1_PCA_Ridge,1.0,5,0.6246093191982109,0.03571554767425289,7,"{""model__alpha"": 1000.0, ""pca__n_components"": 0.9}"
fold_state_stratified,1,level1_crossfit,B10_C1_PCA_Ridge,1.0,6,0.5963238020045764,0.04210384858558547,6,"{""model__alpha"": 10.0, ""pca__n_components"": 0.95}"
fold_state_stratified,1,level1_crossfit,B10_C1_PCA_Ridge,1.0,7,0.5774378559434901,0.04636622559317072,3,"{""model__alpha"": 100.0, ""pca__n_components"": 0.95}"
fold_state_stratified,1,level1_crossfit,B10_C1_PCA_Ridge,1.0,8,0.6260153129754156,0.03320180064131101,8,"{""model__alpha"": 1000.0, ""pca__n_components"": 0.95}"
fold_state_stratified,1,level1_crossfit,B10_C1_PCA_Ridge,2.0,0,0.5264650885265905,0.038933091375382756,2,"{""model__alpha"": 10.0, ""pca__n_components"": 0.8}"
fold_state_stratified,1,level1_crossfit,B10_C1_PCA_Ridge,2.0,1,0.5303995414184817,0.0418918929016201,4,"{""model__alpha"": 100.0, ""pca__n_components"": 0.8}"
fold_state_stratified,1,level1_crossfit,B10_C1_PCA_Ridge,2.0,2,0.5939494533530908,0.05565553897985076,9,"{""model__alpha"": 1000.0, ""pca__n_components"": 0.8}"
fold_state_stratified,1,level1_crossfit,B10_C1_PCA_Ridge,2.0,3,0.5452497795101743,0.04823875726558491,6,"{""model__alpha"": 10.0, ""pca__n_components"": 0.9}"
fold_state_stratified,1,level1_crossfit,B10_C1_PCA_Ridge,2.0,4,0.5265344612872976,0.05293937913831551,3,"{""model__alpha"": 100.0, ""pca__n_components"": 0.9}"
fold_state_stratified,1,level1_crossfit,B10_C1_PCA_Ridge,2.0,5,0.586947198257083,0.06279862055725394,8,"{""model__alpha"": 1000.0, ""pca__n_components"": 0.9}"
fold_state_stratified,1,level1_crossfit,B10_C1_PCA_Ridge,2.0,6,0.532059146209423,0.03289060282972289,5,"{""model__alpha"": 10.0, ""pca__n_components"": 0.95}"
fold_state_stratified,1,level1_crossfit,B10_C1_PCA_Ridge,2.0,7,0.512750091144783,0.04658039433989172,1,"{""model__alpha"": 100.0, ""pca__n_components"": 0.95}"
fold_state_stratified,1,level1_crossfit,B10_C1_PCA_Ridge,2.0,8,0.580745478999207,0.06377987100320032,7,"{""model__alpha"": 1000.0, ""pca__n_components"": 0.95}"
fold_state_stratified,1,level1_crossfit,B10_C1_PCA_Ridge,3.0,0,0.5356342759293101,0.040739522049345944,5,"{""model__alpha"": 10.0, ""pca__n_components"": 0.8}"
fold_state_stratified,1,level1_crossfit,B10_C1_PCA_Ridge,3.0,1,0.5368803500026035,0.03482198472991627,6,"{""model__alpha"": 100.0, ""pca__n_components"": 0.8}"
fold_state_stratified,1,level1_crossfit,B10_C1_PCA_Ridge,3.0,2,0.593418986669129,0.016140157111053544,9,"{""model__alpha"": 1000.0, ""pca__n_components"": 0.8}"
fold_state_stratified,1,level1_crossfit,B10_C1_PCA_Ridge,3.0,3,0.5227147058314302,0.014031309967066918,4,"{""model__alpha"": 10.0, ""pca__n_components"": 0.9}"
fold_state_stratified,1,level1_crossfit,B10_C1_PCA_Ridge,3.0,4,0.5149204026094281,0.004925992824693359,3,"{""model__alpha"": 100.0, ""pca__n_components"": 0.9}"
fold_state_stratified,1,level1_crossfit,B10_C1_PCA_Ridge,3.0,5,0.5842647001491799,0.005631609728196485,8,"{""model__alpha"": 1000.0, ""pca__n_components"": 0.9}"
fold_state_stratified,1,level1_crossfit,B10_C1_PCA_Ridge,3.0,6,0.5095550092571515,0.01894784941464453,2,"{""model__alpha"": 10.0, ""pca__n_components"": 0.95}"
fold_state_stratified,1,level1_crossfit,B10_C1_PCA_Ridge,3.0,7,0.49963895375782785,0.016341152165745138,1,"{""model__alpha"": 100.0, ""pca__n_components"": 0.95}"
fold_state_stratified,1,level1_crossfit,B10_C1_PCA_Ridge,3.0,8,0.5788902879005325,0.012637633619973498,7,"{""model__alpha"": 1000.0, ""pca__n_components"": 0.95}"
fold_state_stratified,1,outer_refit,B10_C1_PCA_Ridge,,0,0.5569673602197643,0.026456355351321074,5,"{""model__alpha"": 10.0, ""pca__n_components"": 0.8}"
fold_state_stratified,1,outer_refit,B10_C1_PCA_Ridge,,1,0.5559036041306048,0.025052773532862182,3,"{""model__alpha"": 100.0, ""pca__n_components"": 0.8}"
fold_state_stratified,1,outer_refit,B10_C1_PCA_Ridge,,2,0.5708963226048593,0.021336483182687934,8,"{""model__alpha"": 1000.0, ""pca__n_components"": 0.8}"
fold_state_stratified,1,outer_refit,B10_C1_PCA_Ridge,,3,0.5676006579665128,0.018112208481526733,7,"{""model__alpha"": 10.0, ""pca__n_components"": 0.9}"
fold_state_stratified,1,outer_refit,B10_C1_PCA_Ridge,,4,0.5527811681231408,0.019039587880274066,1,"{""model__alpha"": 100.0, ""pca__n_components"": 0.9}"
fold_state_stratified,1,outer_refit,B10_C1_PCA_Ridge,,5,0.5595225394438862,0.01786264028511385,6,"{""model__alpha"": 1000.0, ""pca__n_components"": 0.9}"
fold_state_stratified,1,outer_refit,B10_C1_PCA_Ridge,,6,0.578850737204319,0.006045792417038697,9,"{""model__alpha"": 10.0, ""pca__n_components"": 0.95}"
fold_state_stratified,1,outer_refit,B10_C1_PCA_Ridge,,7,0.5532890107358497,0.009749126695695125,2,"{""model__alpha"": 100.0, ""pca__n_components"": 0.95}"
fold_state_stratified,1,outer_refit,B10_C1_PCA_Ridge,,8,0.5567562341434948,0.014566057508423753,4,"{""model__alpha"": 1000.0, ""pca__n_components"": 0.95}"
fold_state_stratified,2,level1_crossfit,B01_C0_PLS,1.0,0,0.6188765752177658,0.02193571378842929,1,"{""model__n_components"": 2}"
fold_state_stratified,2,level1_crossfit,B01_C0_PLS,1.0,1,0.63693309047201,0.0710477001964791,2,"{""model__n_components"": 4}"
fold_state_stratified,2,level1_crossfit,B01_C0_PLS,1.0,2,0.6957080781132858,0.09242353260475733,3,"{""model__n_components"": 8}"
fold_state_stratified,2,level1_crossfit,B01_C0_PLS,1.0,3,0.6986582840319648,0.09167601902252565,4,"{""model__n_components"": 12}"
fold_state_stratified,2,level1_crossfit,B01_C0_PLS,1.0,4,0.6992122035969466,0.09146308754535287,5,"{""model__n_components"": 20}"
fold_state_stratified,2,level1_crossfit,B01_C0_PLS,2.0,0,0.554145666862487,0.02361569674357422,1,"{""model__n_components"": 2}"
fold_state_stratified,2,level1_crossfit,B01_C0_PLS,2.0,1,0.5874441684776922,0.007262265220233877,2,"{""model__n_components"": 4}"
fold_state_stratified,2,level1_crossfit,B01_C0_PLS,2.0,2,0.6379658414508614,0.04294434412423631,3,"{""model__n_components"": 8}"
fold_state_stratified,2,level1_crossfit,B01_C0_PLS,2.0,3,0.6461177748259319,0.04632045220007103,4,"{""model__n_components"": 12}"
fold_state_stratified,2,level1_crossfit,B01_C0_PLS,2.0,4,0.6470659832962224,0.047048284829857345,5,"{""model__n_components"": 20}"
fold_state_stratified,2,level1_crossfit,B01_C0_PLS,3.0,0,0.5692542412188745,0.07998376386689654,1,"{""model__n_components"": 2}"
fold_state_stratified,2,level1_crossfit,B01_C0_PLS,3.0,1,0.6726544364467786,0.000349844268997368,2,"{""model__n_components"": 4}"
fold_state_stratified,2,level1_crossfit,B01_C0_PLS,3.0,2,0.7175873710385416,0.030682429439586878,3,"{""model__n_components"": 8}"
fold_state_stratified,2,level1_crossfit,B01_C0_PLS,3.0,3,0.7267062504755823,0.04327367285615852,5,"{""model__n_components"": 12}"
fold_state_stratified,2,level1_crossfit,B01_C0_PLS,3.0,4,0.7266510356023865,0.042474644361202685,4,"{""model__n_components"": 20}"
fold_state_stratified,2,outer_refit,B01_C0_PLS,,0,0.5385581310715034,0.08762137921002264,1,"{""model__n_components"": 2}"
fold_state_stratified,2,outer_refit,B01_C0_PLS,,1,0.6164804605700478,0.0694655859849044,2,"{""model__n_components"": 4}"
fold_state_stratified,2,outer_refit,B01_C0_PLS,,2,0.646788609799834,0.0934804858560307,3,"{""model__n_components"": 8}"
fold_state_stratified,2,outer_refit,B01_C0_PLS,,3,0.6658428513195954,0.08470778412378803,4,"{""model__n_components"": 12}"
fold_state_stratified,2,outer_refit,B01_C0_PLS,,4,0.6679093621764403,0.09977057328850655,5,"{""model__n_components"": 20}"
fold_state_stratified,2,level1_crossfit,B02_C3_Ridge,1.0,0,0.6619042442864919,0.01011026969902995,5,"{""model__alpha"": 0.1}"
fold_state_stratified,2,level1_crossfit,B02_C3_Ridge,1.0,1,0.661385366447048,0.010353756135035641,4,"{""model__alpha"": 1.0}"
fold_state_stratified,2,level1_crossfit,B02_C3_Ridge,1.0,2,0.6564716661841581,0.012603559363999373,3,"{""model__alpha"": 10.0}"
fold_state_stratified,2,level1_crossfit,B02_C3_Ridge,1.0,3,0.625058273689097,0.023953166708145124,2,"{""model__alpha"": 100.0}"
fold_state_stratified,2,level1_crossfit,B02_C3_Ridge,1.0,4,0.5863844153279635,0.00980167341003002,1,"{""model__alpha"": 1000.0}"
fold_state_stratified,2,level1_crossfit,B02_C3_Ridge,1.0,5,0.6864129252540926,0.040938919384984285,6,"{""model__alpha"": 10000.0}"
fold_state_stratified,2,level1_crossfit,B02_C3_Ridge,2.0,0,0.6891633398531885,0.04855514146495982,6,"{""model__alpha"": 0.1}"
fold_state_stratified,2,level1_crossfit,B02_C3_Ridge,2.0,1,0.6886543022962084,0.04828227846423733,5,"{""model__alpha"": 1.0}"
fold_state_stratified,2,level1_crossfit,B02_C3_Ridge,2.0,2,0.6837160095178688,0.04563043199979744,4,"{""model__alpha"": 10.0}"
fold_state_stratified,2,level1_crossfit,B02_C3_Ridge,2.0,3,0.6456110527894967,0.02479425075963454,3,"{""model__alpha"": 100.0}"
fold_state_stratified,2,level1_crossfit,B02_C3_Ridge,2.0,4,0.541196170379779,0.04446651577618366,1,"{""model__alpha"": 1000.0}"
fold_state_stratified,2,level1_crossfit,B02_C3_Ridge,2.0,5,0.5976942856756138,0.08894349401710477,2,"{""model__alpha"": 10000.0}"
fold_state_stratified,2,level1_crossfit,B02_C3_Ridge,3.0,0,0.8185831573869364,0.09836316484888313,6,"{""model__alpha"": 0.1}"
fold_state_stratified,2,level1_crossfit,B02_C3_Ridge,3.0,1,0.817705142212626,0.09831843156639514,5,"{""model__alpha"": 1.0}"
fold_state_stratified,2,level1_crossfit,B02_C3_Ridge,3.0,2,0.8093437171079522,0.09785522905231925,4,"{""model__alpha"": 10.0}"
fold_state_stratified,2,level1_crossfit,B02_C3_Ridge,3.0,3,0.7528216945251687,0.09263834032415125,3,"{""model__alpha"": 100.0}"
fold_state_stratified,2,level1_crossfit,B02_C3_Ridge,3.0,4,0.646862235846339,0.07701363423384122,1,"{""model__alpha"": 1000.0}"
fold_state_stratified,2,level1_crossfit,B02_C3_Ridge,3.0,5,0.7084071569919884,0.09311970108777479,2,"{""model__alpha"": 10000.0}"
fold_state_stratified,2,outer_refit,B02_C3_Ridge,,0,0.6926058792447077,0.021080993193165483,6,"{""model__alpha"": 0.1}"
fold_state_stratified,2,outer_refit,B02_C3_Ridge,,1,0.6916970458588209,0.020800314691332464,5,"{""model__alpha"": 1.0}"
fold_state_stratified,2,outer_refit,B02_C3_Ridge,,2,0.683293489579032,0.018005839424881466,4,"{""model__alpha"": 10.0}"
fold_state_stratified,2,outer_refit,B02_C3_Ridge,,3,0.6351677532819585,0.004340583834437026,3,"{""model__alpha"": 100.0}"
fold_state_stratified,2,outer_refit,B02_C3_Ridge,,4,0.5699857246743507,0.04006902034061321,1,"{""model__alpha"": 1000.0}"
fold_state_stratified,2,outer_refit,B02_C3_Ridge,,5,0.6186239783872208,0.041278039099575066,2,"{""model__alpha"": 10000.0}"
fold_state_stratified,2,level1_crossfit,B03_C1_CatBoost,1.0,0,0.5967057787567922,0.013105128299148117,1,"{""model__depth"": 4, ""model__l2_leaf_reg"": 3.0, ""model__learning_rate"": 0.03}"
fold_state_stratified,2,level1_crossfit,B03_C1_CatBoost,1.0,1,0.5991040534359469,0.0004078892889595731,2,"{""model__depth"": 4, ""model__l2_leaf_reg"": 6.0, ""model__learning_rate"": 0.06}"
fold_state_stratified,2,level1_crossfit,B03_C1_CatBoost,1.0,2,0.6073164395968158,0.017308842477525732,5,"{""model__depth"": 5, ""model__l2_leaf_reg"": 10.0, ""model__learning_rate"": 0.03}"
fold_state_stratified,2,level1_crossfit,B03_C1_CatBoost,1.0,3,0.6187785909904664,0.006707471979650492,6,"{""model__depth"": 5, ""model__l2_leaf_reg"": 3.0, ""model__learning_rate"": 0.06}"
fold_state_stratified,2,level1_crossfit,B03_C1_CatBoost,1.0,4,0.6043005170907254,0.014511006895300382,4,"{""model__depth"": 6, ""model__l2_leaf_reg"": 6.0, ""model__learning_rate"": 0.03}"
fold_state_stratified,2,level1_crossfit,B03_C1_CatBoost,1.0,5,0.5992688954650995,0.0219617033955129,3,"{""model__depth"": 6, ""model__l2_leaf_reg"": 10.0, ""model__learning_rate"": 0.06}"
fold_state_stratified,2,level1_crossfit,B03_C1_CatBoost,2.0,0,0.46983669654087673,0.03650282563308377,3,"{""model__depth"": 4, ""model__l2_leaf_reg"": 3.0, ""model__learning_rate"": 0.03}"
fold_state_stratified,2,level1_crossfit,B03_C1_CatBoost,2.0,1,0.4691289997421091,0.04128830675678183,2,"{""model__depth"": 4, ""model__l2_leaf_reg"": 6.0, ""model__learning_rate"": 0.06}"
fold_state_stratified,2,level1_crossfit,B03_C1_CatBoost,2.0,2,0.47706413501375267,0.033694342177699815,4,"{""model__depth"": 5, ""model__l2_leaf_reg"": 10.0, ""model__learning_rate"": 0.03}"
fold_state_stratified,2,level1_crossfit,B03_C1_CatBoost,2.0,3,0.4609115434333262,0.0366317296903588,1,"{""model__depth"": 5, ""model__l2_leaf_reg"": 3.0, ""model__learning_rate"": 0.06}"
fold_state_stratified,2,level1_crossfit,B03_C1_CatBoost,2.0,4,0.48704438914220827,0.03080501293010965,6,"{""model__depth"": 6, ""model__l2_leaf_reg"": 6.0, ""model__learning_rate"": 0.03}"
fold_state_stratified,2,level1_crossfit,B03_C1_CatBoost,2.0,5,0.48468956375369127,0.025742142350365926,5,"{""model__depth"": 6, ""model__l2_leaf_reg"": 10.0, ""model__learning_rate"": 0.06}"
fold_state_stratified,2,level1_crossfit,B03_C1_CatBoost,3.0,0,0.5651091545191429,0.0632973022178856,2,"{""model__depth"": 4, ""model__l2_leaf_reg"": 3.0, ""model__learning_rate"": 0.03}"
fold_state_stratified,2,level1_crossfit,B03_C1_CatBoost,3.0,1,0.5703305114535857,0.06806952574524766,5,"{""model__depth"": 4, ""model__l2_leaf_reg"": 6.0, ""model__learning_rate"": 0.06}"
fold_state_stratified,2,level1_crossfit,B03_C1_CatBoost,3.0,2,0.5680105872071957,0.04842181930987716,3,"{""model__depth"": 5, ""model__l2_leaf_reg"": 10.0, ""model__learning_rate"": 0.03}"
fold_state_stratified,2,level1_crossfit,B03_C1_CatBoost,3.0,3,0.5639785419515358,0.049448489434071874,1,"{""model__depth"": 5, ""model__l2_leaf_reg"": 3.0, ""model__learning_rate"": 0.06}"
fold_state_stratified,2,level1_crossfit,B03_C1_CatBoost,3.0,4,0.5779302930113723,0.05021145440762964,6,"{""model__depth"": 6, ""model__l2_leaf_reg"": 6.0, ""model__learning_rate"": 0.03}"
fold_state_stratified,2,level1_crossfit,B03_C1_CatBoost,3.0,5,0.5690800406444128,0.04416024450396816,4,"{""model__depth"": 6, ""model__l2_leaf_reg"": 10.0, ""model__learning_rate"": 0.06}"
fold_state_stratified,2,outer_refit,B03_C1_CatBoost,,0,0.5316672665973114,0.03961503191544037,1,"{""model__depth"": 4, ""model__l2_leaf_reg"": 3.0, ""model__learning_rate"": 0.03}"
fold_state_stratified,2,outer_refit,B03_C1_CatBoost,,1,0.5357247378001667,0.042949362271678664,3,"{""model__depth"": 4, ""model__l2_leaf_reg"": 6.0, ""model__learning_rate"": 0.06}"
fold_state_stratified,2,outer_refit,B03_C1_CatBoost,,2,0.5390616074759191,0.05834501722198217,5,"{""model__depth"": 5, ""model__l2_leaf_reg"": 10.0, ""model__learning_rate"": 0.03}"
fold_state_stratified,2,outer_refit,B03_C1_CatBoost,,3,0.5349507543151402,0.05756554892526926,2,"{""model__depth"": 5, ""model__l2_leaf_reg"": 3.0, ""model__learning_rate"": 0.06}"
fold_state_stratified,2,outer_refit,B03_C1_CatBoost,,4,0.5365449104309605,0.05364925331621176,4,"{""model__depth"": 6, ""model__l2_leaf_reg"": 6.0, ""model__learning_rate"": 0.03}"
fold_state_stratified,2,outer_refit,B03_C1_CatBoost,,5,0.5411223873434232,0.05567069735917626,6,"{""model__depth"": 6, ""model__l2_leaf_reg"": 10.0, ""model__learning_rate"": 0.06}"
fold_state_stratified,2,level1_crossfit,B04_C0_Ridge,1.0,0,0.7945618698043342,0.1006743943206535,6,"{""model__alpha"": 0.1}"
fold_state_stratified,2,level1_crossfit,B04_C0_Ridge,1.0,1,0.7931726991330879,0.099718890424905,5,"{""model__alpha"": 1.0}"
fold_state_stratified,2,level1_crossfit,B04_C0_Ridge,1.0,2,0.7799958067586745,0.0906161416066778,4,"{""model__alpha"": 10.0}"
fold_state_stratified,2,level1_crossfit,B04_C0_Ridge,1.0,3,0.6949002392278932,0.03071294623451204,2,"{""model__alpha"": 100.0}"
fold_state_stratified,2,level1_crossfit,B04_C0_Ridge,1.0,4,0.5921591074815096,0.04121871965833046,1,"{""model__alpha"": 1000.0}"
fold_state_stratified,2,level1_crossfit,B04_C0_Ridge,1.0,5,0.7171332048332799,0.010606965454744377,3,"{""model__alpha"": 10000.0}"
fold_state_stratified,2,level1_crossfit,B04_C0_Ridge,2.0,0,0.599832970940765,0.03139547924246433,5,"{""model__alpha"": 0.1}"
fold_state_stratified,2,level1_crossfit,B04_C0_Ridge,2.0,1,0.5993383498188782,0.03097249574991351,4,"{""model__alpha"": 1.0}"
fold_state_stratified,2,level1_crossfit,B04_C0_Ridge,2.0,2,0.594676692027339,0.02694765642212521,3,"{""model__alpha"": 10.0}"
fold_state_stratified,2,level1_crossfit,B04_C0_Ridge,2.0,3,0.5661114346979657,2.0113322055426153e-05,2,"{""model__alpha"": 100.0}"
fold_state_stratified,2,level1_crossfit,B04_C0_Ridge,2.0,4,0.5454898807672313,0.049889947431399795,1,"{""model__alpha"": 1000.0}"
fold_state_stratified,2,level1_crossfit,B04_C0_Ridge,2.0,5,0.6672910847349668,0.05602250426869415,6,"{""model__alpha"": 10000.0}"
fold_state_stratified,2,level1_crossfit,B04_C0_Ridge,3.0,0,0.7260286135862299,0.006138070446730537,5,"{""model__alpha"": 0.1}"
fold_state_stratified,2,level1_crossfit,B04_C0_Ridge,3.0,1,0.7252977447040734,0.006662052983949729,4,"{""model__alpha"": 1.0}"
fold_state_stratified,2,level1_crossfit,B04_C0_Ridge,3.0,2,0.7185346416256471,0.011469239729162639,3,"{""model__alpha"": 10.0}"
fold_state_stratified,2,level1_crossfit,B04_C0_Ridge,3.0,3,0.6806981470852989,0.036890999515675815,2,"{""model__alpha"": 100.0}"
fold_state_stratified,2,level1_crossfit,B04_C0_Ridge,3.0,4,0.6453026676451089,0.06492737929146597,1,"{""model__alpha"": 1000.0}"
fold_state_stratified,2,level1_crossfit,B04_C0_Ridge,3.0,5,0.7572933786093902,0.06903412543157239,6,"{""model__alpha"": 10000.0}"
fold_state_stratified,2,outer_refit,B04_C0_Ridge,,0,0.7277474641967391,0.06282448415205907,6,"{""model__alpha"": 0.1}"
fold_state_stratified,2,outer_refit,B04_C0_Ridge,,1,0.7262515289129364,0.06292018634396537,5,"{""model__alpha"": 1.0}"
fold_state_stratified,2,outer_refit,B04_C0_Ridge,,2,0.7127248410175567,0.06449897727721562,4,"{""model__alpha"": 10.0}"
fold_state_stratified,2,outer_refit,B04_C0_Ridge,,3,0.6431484961288207,0.0868536054052096,2,"{""model__alpha"": 100.0}"
fold_state_stratified,2,outer_refit,B04_C0_Ridge,,4,0.5705844764630909,0.11765601778656833,1,"{""model__alpha"": 1000.0}"
fold_state_stratified,2,outer_refit,B04_C0_Ridge,,5,0.6619443686157603,0.0698368405649589,3,"{""model__alpha"": 10000.0}"
fold_state_stratified,2,level1_crossfit,B05_C3_PLS,1.0,0,0.5813582350710815,0.08077649204435505,1,"{""model__n_components"": 2}"
fold_state_stratified,2,level1_crossfit,B05_C3_PLS,1.0,1,0.6299499356840186,0.10693954200600292,2,"{""model__n_components"": 4}"
fold_state_stratified,2,level1_crossfit,B05_C3_PLS,1.0,2,0.6735666527751383,0.03604514103590012,3,"{""model__n_components"": 8}"
fold_state_stratified,2,level1_crossfit,B05_C3_PLS,1.0,3,0.6844941611086721,0.019329501786347902,4,"{""model__n_components"": 12}"
fold_state_stratified,2,level1_crossfit,B05_C3_PLS,1.0,4,0.6848943817474482,0.019043234977578316,5,"{""model__n_components"": 20}"
fold_state_stratified,2,level1_crossfit,B05_C3_PLS,2.0,0,0.4973342975864018,0.0210601765518931,1,"{""model__n_components"": 2}"
fold_state_stratified,2,level1_crossfit,B05_C3_PLS,2.0,1,0.5672207872550703,0.025609219059304744,2,"{""model__n_components"": 4}"
fold_state_stratified,2,level1_crossfit,B05_C3_PLS,2.0,2,0.6189743934901984,0.03901771718226921,3,"{""model__n_components"": 8}"
fold_state_stratified,2,level1_crossfit,B05_C3_PLS,2.0,3,0.6199623550906772,0.03971966527061188,4,"{""model__n_components"": 12}"
fold_state_stratified,2,level1_crossfit,B05_C3_PLS,2.0,4,0.6207549846944735,0.038847090750556756,5,"{""model__n_components"": 20}"
fold_state_stratified,2,level1_crossfit,B05_C3_PLS,3.0,0,0.6099766628139243,0.026616729639148795,1,"{""model__n_components"": 2}"
fold_state_stratified,2,level1_crossfit,B05_C3_PLS,3.0,1,0.6981409958452269,0.01962022615219794,2,"{""model__n_components"": 4}"
fold_state_stratified,2,level1_crossfit,B05_C3_PLS,3.0,2,0.7179128227668152,0.02511787547091021,3,"{""model__n_components"": 8}"
fold_state_stratified,2,level1_crossfit,B05_C3_PLS,3.0,3,0.7298248760065864,0.01348515563833691,5,"{""model__n_components"": 12}"
fold_state_stratified,2,level1_crossfit,B05_C3_PLS,3.0,4,0.7283617365299733,0.011455080615046354,4,"{""model__n_components"": 20}"
fold_state_stratified,2,outer_refit,B05_C3_PLS,,0,0.5562485295981371,0.06399836893763426,1,"{""model__n_components"": 2}"
fold_state_stratified,2,outer_refit,B05_C3_PLS,,1,0.6023462750161492,0.05720659305255481,2,"{""model__n_components"": 4}"
fold_state_stratified,2,outer_refit,B05_C3_PLS,,2,0.6558584051839239,0.04123867067647762,3,"{""model__n_components"": 8}"
fold_state_stratified,2,outer_refit,B05_C3_PLS,,3,0.6676050696305427,0.04328651210671522,4,"{""model__n_components"": 12}"
fold_state_stratified,2,outer_refit,B05_C3_PLS,,4,0.6746119978066417,0.027661525589998237,5,"{""model__n_components"": 20}"
fold_state_stratified,2,level1_crossfit,B06_C2_PLS,1.0,0,0.6020705446398017,0.07336312175376014,1,"{""model__n_components"": 2}"
fold_state_stratified,2,level1_crossfit,B06_C2_PLS,1.0,1,0.7083188481451725,0.07714363114637895,2,"{""model__n_components"": 4}"
fold_state_stratified,2,level1_crossfit,B06_C2_PLS,1.0,2,0.7352392893853028,0.11146417211982917,3,"{""model__n_components"": 8}"
fold_state_stratified,2,level1_crossfit,B06_C2_PLS,1.0,3,0.7415769469548873,0.11367132161699933,5,"{""model__n_components"": 12}"
fold_state_stratified,2,level1_crossfit,B06_C2_PLS,1.0,4,0.7412702918878429,0.11441210515159,4,"{""model__n_components"": 20}"
fold_state_stratified,2,level1_crossfit,B06_C2_PLS,2.0,0,0.5629566812502136,0.01742869089778115,1,"{""model__n_components"": 2}"
fold_state_stratified,2,level1_crossfit,B06_C2_PLS,2.0,1,0.5923452400259132,0.04262554175964961,2,"{""model__n_components"": 4}"
fold_state_stratified,2,level1_crossfit,B06_C2_PLS,2.0,2,0.6292769053372416,0.06965236194241575,3,"{""model__n_components"": 8}"
fold_state_stratified,2,level1_crossfit,B06_C2_PLS,2.0,3,0.6305479782666275,0.07121058010178344,5,"{""model__n_components"": 12}"
fold_state_stratified,2,level1_crossfit,B06_C2_PLS,2.0,4,0.6302481828417269,0.0711581188421333,4,"{""model__n_components"": 20}"
fold_state_stratified,2,level1_crossfit,B06_C2_PLS,3.0,0,0.7125892187052276,0.0005176627090756614,1,"{""model__n_components"": 2}"
fold_state_stratified,2,level1_crossfit,B06_C2_PLS,3.0,1,0.8087996769871291,0.1081165384004002,2,"{""model__n_components"": 4}"
fold_state_stratified,2,level1_crossfit,B06_C2_PLS,3.0,2,0.8333938522370834,0.13942732535024543,3,"{""model__n_components"": 8}"
fold_state_stratified,2,level1_crossfit,B06_C2_PLS,3.0,3,0.8396478193407129,0.14348073949290746,5,"{""model__n_components"": 12}"
fold_state_stratified,2,level1_crossfit,B06_C2_PLS,3.0,4,0.8389665761245861,0.14342939586480874,4,"{""model__n_components"": 20}"
fold_state_stratified,2,outer_refit,B06_C2_PLS,,0,0.5423580300001883,0.06207982624583553,1,"{""model__n_components"": 2}"
fold_state_stratified,2,outer_refit,B06_C2_PLS,,1,0.5827476170309146,0.04008346499822324,2,"{""model__n_components"": 4}"
fold_state_stratified,2,outer_refit,B06_C2_PLS,,2,0.6529831050095556,0.008029332541321762,3,"{""model__n_components"": 8}"
fold_state_stratified,2,outer_refit,B06_C2_PLS,,3,0.6812584970547247,0.004409159558582416,4,"{""model__n_components"": 12}"
fold_state_stratified,2,outer_refit,B06_C2_PLS,,4,0.6892676693132761,0.014240028300211836,5,"{""model__n_components"": 20}"
fold_state_stratified,2,level1_crossfit,B07_C1_ExtraTrees,1.0,0,0.5686399570440817,0.07361522645852694,3,"{""model__max_features"": ""sqrt"", ""model__min_samples_leaf"": 2}"
fold_state_stratified,2,level1_crossfit,B07_C1_ExtraTrees,1.0,1,0.5725241028577142,0.07612917930799673,4,"{""model__max_features"": ""sqrt"", ""model__min_samples_leaf"": 3}"
fold_state_stratified,2,level1_crossfit,B07_C1_ExtraTrees,1.0,2,0.6020101232598303,0.06637796751082403,6,"{""model__max_features"": ""sqrt"", ""model__min_samples_leaf"": 5}"
fold_state_stratified,2,level1_crossfit,B07_C1_ExtraTrees,1.0,3,0.558004144035118,0.06271740546126936,1,"{""model__max_features"": 0.3, ""model__min_samples_leaf"": 2}"
fold_state_stratified,2,level1_crossfit,B07_C1_ExtraTrees,1.0,4,0.5623346771744797,0.05958607576859243,2,"{""model__max_features"": 0.3, ""model__min_samples_leaf"": 3}"
fold_state_stratified,2,level1_crossfit,B07_C1_ExtraTrees,1.0,5,0.5821098892349342,0.0630375493987797,5,"{""model__max_features"": 0.3, ""model__min_samples_leaf"": 5}"
fold_state_stratified,2,level1_crossfit,B07_C1_ExtraTrees,2.0,0,0.4919131972175318,0.027163957910139702,1,"{""model__max_features"": ""sqrt"", ""model__min_samples_leaf"": 2}"
fold_state_stratified,2,level1_crossfit,B07_C1_ExtraTrees,2.0,1,0.4979969779094289,0.028690392289298955,2,"{""model__max_features"": ""sqrt"", ""model__min_samples_leaf"": 3}"
fold_state_stratified,2,level1_crossfit,B07_C1_ExtraTrees,2.0,2,0.500321654251557,0.025918137755868986,3,"{""model__max_features"": ""sqrt"", ""model__min_samples_leaf"": 5}"
fold_state_stratified,2,level1_crossfit,B07_C1_ExtraTrees,2.0,3,0.5023410374735161,0.030431900414224167,4,"{""model__max_features"": 0.3, ""model__min_samples_leaf"": 2}"
fold_state_stratified,2,level1_crossfit,B07_C1_ExtraTrees,2.0,4,0.5075593597696324,0.03729915260945785,5,"{""model__max_features"": 0.3, ""model__min_samples_leaf"": 3}"
fold_state_stratified,2,level1_crossfit,B07_C1_ExtraTrees,2.0,5,0.5090812385524544,0.03692014349820319,6,"{""model__max_features"": 0.3, ""model__min_samples_leaf"": 5}"
fold_state_stratified,2,level1_crossfit,B07_C1_ExtraTrees,3.0,0,0.5730959046223141,0.1155248092002607,1,"{""model__max_features"": ""sqrt"", ""model__min_samples_leaf"": 2}"
fold_state_stratified,2,level1_crossfit,B07_C1_ExtraTrees,3.0,1,0.5753796306665147,0.12325696188985583,2,"{""model__max_features"": ""sqrt"", ""model__min_samples_leaf"": 3}"
fold_state_stratified,2,level1_crossfit,B07_C1_ExtraTrees,3.0,2,0.6108106341259054,0.10923985537998993,6,"{""model__max_features"": ""sqrt"", ""model__min_samples_leaf"": 5}"
fold_state_stratified,2,level1_crossfit,B07_C1_ExtraTrees,3.0,3,0.5844044913400545,0.08621493939912861,5,"{""model__max_features"": 0.3, ""model__min_samples_leaf"": 2}"
fold_state_stratified,2,level1_crossfit,B07_C1_ExtraTrees,3.0,4,0.5783013784679338,0.10349583657002542,4,"{""model__max_features"": 0.3, ""model__min_samples_leaf"": 3}"
fold_state_stratified,2,level1_crossfit,B07_C1_ExtraTrees,3.0,5,0.5765194043213647,0.1046864343661561,3,"{""model__max_features"": 0.3, ""model__min_samples_leaf"": 5}"
fold_state_stratified,2,outer_refit,B07_C1_ExtraTrees,,0,0.5016927778948107,0.12229543225248056,2,"{""model__max_features"": ""sqrt"", ""model__min_samples_leaf"": 2}"
fold_state_stratified,2,outer_refit,B07_C1_ExtraTrees,,1,0.5094712481920888,0.12387025025097445,5,"{""model__max_features"": ""sqrt"", ""model__min_samples_leaf"": 3}"
fold_state_stratified,2,outer_refit,B07_C1_ExtraTrees,,2,0.522782592347045,0.12440490185456171,6,"{""model__max_features"": ""sqrt"", ""model__min_samples_leaf"": 5}"
fold_state_stratified,2,outer_refit,B07_C1_ExtraTrees,,3,0.5037773189934224,0.11837800354004419,3,"{""model__max_features"": 0.3, ""model__min_samples_leaf"": 2}"
fold_state_stratified,2,outer_refit,B07_C1_ExtraTrees,,4,0.4991346160488765,0.11777692886416687,1,"{""model__max_features"": 0.3, ""model__min_samples_leaf"": 3}"
fold_state_stratified,2,outer_refit,B07_C1_ExtraTrees,,5,0.5069916600614965,0.1145383605054532,4,"{""model__max_features"": 0.3, ""model__min_samples_leaf"": 5}"
fold_state_stratified,2,level1_crossfit,B08_C1_PLS,1.0,0,0.6510539243697768,0.0887033782658146,1,"{""model__n_components"": 2}"
fold_state_stratified,2,level1_crossfit,B08_C1_PLS,1.0,1,0.7313861728079714,0.04581729077798807,2,"{""model__n_components"": 4}"
fold_state_stratified,2,level1_crossfit,B08_C1_PLS,1.0,2,0.8278247333385993,0.0508431618582636,3,"{""model__n_components"": 8}"
fold_state_stratified,2,level1_crossfit,B08_C1_PLS,1.0,3,0.9080316495879284,0.08739490691591217,4,"{""model__n_components"": 12}"
fold_state_stratified,2,level1_crossfit,B08_C1_PLS,1.0,4,0.9437531815786553,0.12791144694876572,5,"{""model__n_components"": 20}"
fold_state_stratified,2,level1_crossfit,B08_C1_PLS,2.0,0,0.49222554343762737,0.0497868923862059,1,"{""model__n_components"": 2}"
fold_state_stratified,2,level1_crossfit,B08_C1_PLS,2.0,1,0.5123518060773851,0.08133525942617781,2,"{""model__n_components"": 4}"
fold_state_stratified,2,level1_crossfit,B08_C1_PLS,2.0,2,0.6834353593675284,0.006771918061818094,3,"{""model__n_components"": 8}"
fold_state_stratified,2,level1_crossfit,B08_C1_PLS,2.0,3,0.6999389656891553,0.0007349073730785749,5,"{""model__n_components"": 12}"
fold_state_stratified,2,level1_crossfit,B08_C1_PLS,2.0,4,0.6993920403789238,0.003130435826099953,4,"{""model__n_components"": 20}"
fold_state_stratified,2,level1_crossfit,B08_C1_PLS,3.0,0,0.637875262787485,0.0036111039680918333,1,"{""model__n_components"": 2}"
fold_state_stratified,2,level1_crossfit,B08_C1_PLS,3.0,1,0.7149320150704273,0.03795247781233202,2,"{""model__n_components"": 4}"
fold_state_stratified,2,level1_crossfit,B08_C1_PLS,3.0,2,0.867563794600303,0.01924608475824502,3,"{""model__n_components"": 8}"
fold_state_stratified,2,level1_crossfit,B08_C1_PLS,3.0,3,0.9780024678041683,0.002981579289808189,4,"{""model__n_components"": 12}"
fold_state_stratified,2,level1_crossfit,B08_C1_PLS,3.0,4,0.9936110703008817,0.00901055163238651,5,"{""model__n_components"": 20}"
fold_state_stratified,2,outer_refit,B08_C1_PLS,,0,0.5989048893616468,0.04898359684873261,1,"{""model__n_components"": 2}"
fold_state_stratified,2,outer_refit,B08_C1_PLS,,1,0.6328004951975655,0.05671979489967945,2,"{""model__n_components"": 4}"
fold_state_stratified,2,outer_refit,B08_C1_PLS,,2,0.7945940693400652,0.06758040977320885,3,"{""model__n_components"": 8}"
fold_state_stratified,2,outer_refit,B08_C1_PLS,,3,0.9215853973737268,0.06875610956570574,4,"{""model__n_components"": 12}"
fold_state_stratified,2,outer_refit,B08_C1_PLS,,4,1.068002842047074,0.1349014953026066,5,"{""model__n_components"": 20}"
fold_state_stratified,2,level1_crossfit,B09_C0_PCA_Ridge,1.0,0,0.5924911580368373,0.025694395940645876,6,"{""model__alpha"": 10.0, ""pca__n_components"": 0.8}"
fold_state_stratified,2,level1_crossfit,B09_C0_PCA_Ridge,1.0,1,0.5889058517430843,0.026953239718440047,5,"{""model__alpha"": 100.0, ""pca__n_components"": 0.8}"
fold_state_stratified,2,level1_crossfit,B09_C0_PCA_Ridge,1.0,2,0.582850446350641,0.030364579139220804,2,"{""model__alpha"": 1000.0, ""pca__n_components"": 0.8}"
fold_state_stratified,2,level1_crossfit,B09_C0_PCA_Ridge,1.0,3,0.5931970144311263,0.00846725638864243,7,"{""model__alpha"": 10.0, ""pca__n_components"": 0.9}"
fold_state_stratified,2,level1_crossfit,B09_C0_PCA_Ridge,1.0,4,0.5877247254644435,0.011902747760563381,3,"{""model__alpha"": 100.0, ""pca__n_components"": 0.9}"
fold_state_stratified,2,level1_crossfit,B09_C0_PCA_Ridge,1.0,5,0.578934477344208,0.023774162659885356,1,"{""model__alpha"": 1000.0, ""pca__n_components"": 0.9}"
fold_state_stratified,2,level1_crossfit,B09_C0_PCA_Ridge,1.0,6,0.6408346955089328,0.0020768540396738366,9,"{""model__alpha"": 10.0, ""pca__n_components"": 0.95}"
fold_state_stratified,2,level1_crossfit,B09_C0_PCA_Ridge,1.0,7,0.6233814356196758,0.00802389362865874,8,"{""model__alpha"": 100.0, ""pca__n_components"": 0.95}"
fold_state_stratified,2,level1_crossfit,B09_C0_PCA_Ridge,1.0,8,0.5887873368437528,0.0235188746972414,4,"{""model__alpha"": 1000.0, ""pca__n_components"": 0.95}"
fold_state_stratified,2,level1_crossfit,B09_C0_PCA_Ridge,2.0,0,0.5240152097645732,0.01826411196730443,5,"{""model__alpha"": 10.0, ""pca__n_components"": 0.8}"
fold_state_stratified,2,level1_crossfit,B09_C0_PCA_Ridge,2.0,1,0.5233624107629593,0.015546359032553692,4,"{""model__alpha"": 100.0, ""pca__n_components"": 0.8}"
fold_state_stratified,2,level1_crossfit,B09_C0_PCA_Ridge,2.0,2,0.5314735483242394,0.003181455467611727,7,"{""model__alpha"": 1000.0, ""pca__n_components"": 0.8}"
fold_state_stratified,2,level1_crossfit,B09_C0_PCA_Ridge,2.0,3,0.5357704933224728,0.03871097988528574,9,"{""model__alpha"": 10.0, ""pca__n_components"": 0.9}"
fold_state_stratified,2,level1_crossfit,B09_C0_PCA_Ridge,2.0,4,0.5318987692131748,0.03322828805356218,8,"{""model__alpha"": 100.0, ""pca__n_components"": 0.9}"
fold_state_stratified,2,level1_crossfit,B09_C0_PCA_Ridge,2.0,5,0.5298602008040499,0.003210894350099247,6,"{""model__alpha"": 1000.0, ""pca__n_components"": 0.9}"
fold_state_stratified,2,level1_crossfit,B09_C0_PCA_Ridge,2.0,6,0.505667679631908,0.06604161430483546,1,"{""model__alpha"": 10.0, ""pca__n_components"": 0.95}"
fold_state_stratified,2,level1_crossfit,B09_C0_PCA_Ridge,2.0,7,0.5058703586217675,0.057311081786138335,2,"{""model__alpha"": 100.0, ""pca__n_components"": 0.95}"
fold_state_stratified,2,level1_crossfit,B09_C0_PCA_Ridge,2.0,8,0.5207098617300163,0.012713009093185679,3,"{""model__alpha"": 1000.0, ""pca__n_components"": 0.95}"
fold_state_stratified,2,level1_crossfit,B09_C0_PCA_Ridge,3.0,0,0.6237716047893875,0.04969426700028723,5,"{""model__alpha"": 10.0, ""pca__n_components"": 0.8}"
fold_state_stratified,2,level1_crossfit,B09_C0_PCA_Ridge,3.0,1,0.6220678898116074,0.05040226753230953,2,"{""model__alpha"": 100.0, ""pca__n_components"": 0.8}"
fold_state_stratified,2,level1_crossfit,B09_C0_PCA_Ridge,3.0,2,0.6276043326250689,0.04967959135768901,9,"{""model__alpha"": 1000.0, ""pca__n_components"": 0.8}"
fold_state_stratified,2,level1_crossfit,B09_C0_PCA_Ridge,3.0,3,0.6259856094957197,0.05737168401797449,7,"{""model__alpha"": 10.0, ""pca__n_components"": 0.9}"
fold_state_stratified,2,level1_crossfit,B09_C0_PCA_Ridge,3.0,4,0.6232173891149353,0.058601560473462044,4,"{""model__alpha"": 100.0, ""pca__n_components"": 0.9}"
fold_state_stratified,2,level1_crossfit,B09_C0_PCA_Ridge,3.0,5,0.6257167348545079,0.057019660720814824,6,"{""model__alpha"": 1000.0, ""pca__n_components"": 0.9}"
fold_state_stratified,2,level1_crossfit,B09_C0_PCA_Ridge,3.0,6,0.627117065588183,0.05054604407397889,8,"{""model__alpha"": 10.0, ""pca__n_components"": 0.95}"
fold_state_stratified,2,level1_crossfit,B09_C0_PCA_Ridge,3.0,7,0.6212417547722662,0.05283348629225493,1,"{""model__alpha"": 100.0, ""pca__n_components"": 0.95}"
fold_state_stratified,2,level1_crossfit,B09_C0_PCA_Ridge,3.0,8,0.6221329452149181,0.05552147208914715,3,"{""model__alpha"": 1000.0, ""pca__n_components"": 0.95}"
fold_state_stratified,2,outer_refit,B09_C0_PCA_Ridge,,0,0.5671790336155925,0.029892558906260816,3,"{""model__alpha"": 10.0, ""pca__n_components"": 0.8}"
fold_state_stratified,2,outer_refit,B09_C0_PCA_Ridge,,1,0.5640863612781472,0.029760249997364336,2,"{""model__alpha"": 100.0, ""pca__n_components"": 0.8}"
fold_state_stratified,2,outer_refit,B09_C0_PCA_Ridge,,2,0.5532474400729285,0.029459575280141256,1,"{""model__alpha"": 1000.0, ""pca__n_components"": 0.8}"
fold_state_stratified,2,outer_refit,B09_C0_PCA_Ridge,,3,0.6119000024219124,0.02223884173563375,7,"{""model__alpha"": 10.0, ""pca__n_components"": 0.9}"
fold_state_stratified,2,outer_refit,B09_C0_PCA_Ridge,,4,0.6030246038268432,0.023596104810247452,6,"{""model__alpha"": 100.0, ""pca__n_components"": 0.9}"
fold_state_stratified,2,outer_refit,B09_C0_PCA_Ridge,,5,0.5705497167194487,0.03234633003200774,4,"{""model__alpha"": 1000.0, ""pca__n_components"": 0.9}"
fold_state_stratified,2,outer_refit,B09_C0_PCA_Ridge,,6,0.661620021948729,0.03110634760434435,9,"{""model__alpha"": 10.0, ""pca__n_components"": 0.95}"
fold_state_stratified,2,outer_refit,B09_C0_PCA_Ridge,,7,0.638860148082844,0.028598707148854277,8,"{""model__alpha"": 100.0, ""pca__n_components"": 0.95}"
fold_state_stratified,2,outer_refit,B09_C0_PCA_Ridge,,8,0.5768360669285223,0.03254759140449463,5,"{""model__alpha"": 1000.0, ""pca__n_components"": 0.95}"
fold_state_stratified,2,level1_crossfit,B10_C1_PCA_Ridge,1.0,0,0.5813987653816038,0.058454248401390685,4,"{""model__alpha"": 10.0, ""pca__n_components"": 0.8}"
fold_state_stratified,2,level1_crossfit,B10_C1_PCA_Ridge,1.0,1,0.5832963707830068,0.06464859176591325,5,"{""model__alpha"": 100.0, ""pca__n_components"": 0.8}"
fold_state_stratified,2,level1_crossfit,B10_C1_PCA_Ridge,1.0,2,0.6236538190478338,0.08645063244149614,9,"{""model__alpha"": 1000.0, ""pca__n_components"": 0.8}"
fold_state_stratified,2,level1_crossfit,B10_C1_PCA_Ridge,1.0,3,0.5707276009231361,0.035685135118132594,2,"{""model__alpha"": 10.0, ""pca__n_components"": 0.9}"
fold_state_stratified,2,level1_crossfit,B10_C1_PCA_Ridge,1.0,4,0.5701421080954843,0.046171978457704654,1,"{""model__alpha"": 100.0, ""pca__n_components"": 0.9}"
fold_state_stratified,2,level1_crossfit,B10_C1_PCA_Ridge,1.0,5,0.6181233263153336,0.07849303199838331,8,"{""model__alpha"": 1000.0, ""pca__n_components"": 0.9}"
fold_state_stratified,2,level1_crossfit,B10_C1_PCA_Ridge,1.0,6,0.5843067345146127,0.0623321971524467,6,"{""model__alpha"": 10.0, ""pca__n_components"": 0.95}"
fold_state_stratified,2,level1_crossfit,B10_C1_PCA_Ridge,1.0,7,0.5707357256853826,0.06396084882750286,3,"{""model__alpha"": 100.0, ""pca__n_components"": 0.95}"
fold_state_stratified,2,level1_crossfit,B10_C1_PCA_Ridge,1.0,8,0.6163254612005613,0.08177006072694043,7,"{""model__alpha"": 1000.0, ""pca__n_components"": 0.95}"
fold_state_stratified,2,level1_crossfit,B10_C1_PCA_Ridge,2.0,0,0.5074695969032614,0.009965054615486163,6,"{""model__alpha"": 10.0, ""pca__n_components"": 0.8}"
fold_state_stratified,2,level1_crossfit,B10_C1_PCA_Ridge,2.0,1,0.5065755741100927,0.001929355309904457,5,"{""model__alpha"": 100.0, ""pca__n_components"": 0.8}"
fold_state_stratified,2,level1_crossfit,B10_C1_PCA_Ridge,2.0,2,0.5398143504437465,0.037089682726692164,9,"{""model__alpha"": 1000.0, ""pca__n_components"": 0.8}"
fold_state_stratified,2,level1_crossfit,B10_C1_PCA_Ridge,2.0,3,0.4770920219549485,0.021481820393899176,1,"{""model__alpha"": 10.0, ""pca__n_components"": 0.9}"
fold_state_stratified,2,level1_crossfit,B10_C1_PCA_Ridge,2.0,4,0.4800789029684207,0.012146182092189733,2,"{""model__alpha"": 100.0, ""pca__n_components"": 0.9}"
fold_state_stratified,2,level1_crossfit,B10_C1_PCA_Ridge,2.0,5,0.5305779465921074,0.03403147123676531,7,"{""model__alpha"": 1000.0, ""pca__n_components"": 0.9}"
fold_state_stratified,2,level1_crossfit,B10_C1_PCA_Ridge,2.0,6,0.5060645895318047,0.035713891527614644,4,"{""model__alpha"": 10.0, ""pca__n_components"": 0.95}"
fold_state_stratified,2,level1_crossfit,B10_C1_PCA_Ridge,2.0,7,0.49301563753217503,0.018946569017708442,3,"{""model__alpha"": 100.0, ""pca__n_components"": 0.95}"
fold_state_stratified,2,level1_crossfit,B10_C1_PCA_Ridge,2.0,8,0.531625743603072,0.033712229110193004,8,"{""model__alpha"": 1000.0, ""pca__n_components"": 0.95}"
fold_state_stratified,2,level1_crossfit,B10_C1_PCA_Ridge,3.0,0,0.6047735960395589,0.04804531097157305,4,"{""model__alpha"": 10.0, ""pca__n_components"": 0.8}"
fold_state_stratified,2,level1_crossfit,B10_C1_PCA_Ridge,3.0,1,0.605068914676314,0.04197689397089838,5,"{""model__alpha"": 100.0, ""pca__n_components"": 0.8}"
fold_state_stratified,2,level1_crossfit,B10_C1_PCA_Ridge,3.0,2,0.6452464424833453,0.024564842839624457,9,"{""model__alpha"": 1000.0, ""pca__n_components"": 0.8}"
fold_state_stratified,2,level1_crossfit,B10_C1_PCA_Ridge,3.0,3,0.5914436302303954,0.07273752917910609,2,"{""model__alpha"": 10.0, ""pca__n_components"": 0.9}"
fold_state_stratified,2,level1_crossfit,B10_C1_PCA_Ridge,3.0,4,0.5852935325057587,0.05703787348428563,1,"{""model__alpha"": 100.0, ""pca__n_components"": 0.9}"
fold_state_stratified,2,level1_crossfit,B10_C1_PCA_Ridge,3.0,5,0.6348818777191088,0.02889001513270345,7,"{""model__alpha"": 1000.0, ""pca__n_components"": 0.9}"
fold_state_stratified,2,level1_crossfit,B10_C1_PCA_Ridge,3.0,6,0.618230157134461,0.07782023971941265,6,"{""model__alpha"": 10.0, ""pca__n_components"": 0.95}"
fold_state_stratified,2,level1_crossfit,B10_C1_PCA_Ridge,3.0,7,0.5974150658534532,0.06056547662885503,3,"{""model__alpha"": 100.0, ""pca__n_components"": 0.95}"
fold_state_stratified,2,level1_crossfit,B10_C1_PCA_Ridge,3.0,8,0.636130170557925,0.030128063386457737,8,"{""model__alpha"": 1000.0, ""pca__n_components"": 0.95}"
fold_state_stratified,2,outer_refit,B10_C1_PCA_Ridge,,0,0.5781829272612155,0.04096909524885125,3,"{""model__alpha"": 10.0, ""pca__n_components"": 0.8}"
fold_state_stratified,2,outer_refit,B10_C1_PCA_Ridge,,1,0.5770929998168746,0.043356557499239085,2,"{""model__alpha"": 100.0, ""pca__n_components"": 0.8}"
fold_state_stratified,2,outer_refit,B10_C1_PCA_Ridge,,2,0.5880802689770084,0.06165471665245345,8,"{""model__alpha"": 1000.0, ""pca__n_components"": 0.8}"
fold_state_stratified,2,outer_refit,B10_C1_PCA_Ridge,,3,0.585455398577866,0.036708494334557216,7,"{""model__alpha"": 10.0, ""pca__n_components"": 0.9}"
fold_state_stratified,2,outer_refit,B10_C1_PCA_Ridge,,4,0.5751800439871758,0.02716591005378219,1,"{""model__alpha"": 100.0, ""pca__n_components"": 0.9}"
fold_state_stratified,2,outer_refit,B10_C1_PCA_Ridge,,5,0.5822987743496277,0.047436437383631035,6,"{""model__alpha"": 1000.0, ""pca__n_components"": 0.9}"
fold_state_stratified,2,outer_refit,B10_C1_PCA_Ridge,,6,0.5974469711589879,0.03523196924964991,9,"{""model__alpha"": 10.0, ""pca__n_components"": 0.95}"
fold_state_stratified,2,outer_refit,B10_C1_PCA_Ridge,,7,0.5800533582363417,0.024437182445229595,4,"{""model__alpha"": 100.0, ""pca__n_components"": 0.95}"
fold_state_stratified,2,outer_refit,B10_C1_PCA_Ridge,,8,0.5822013853891028,0.04731396167111776,5,"{""model__alpha"": 1000.0, ""pca__n_components"": 0.95}"
fold_state_stratified,3,level1_crossfit,B01_C0_PLS,1.0,0,0.6748958938226415,0.09053527817499124,1,"{""model__n_components"": 2}"
fold_state_stratified,3,level1_crossfit,B01_C0_PLS,1.0,1,0.776586052304798,0.0519576457007046,5,"{""model__n_components"": 4}"
fold_state_stratified,3,level1_crossfit,B01_C0_PLS,1.0,2,0.7508058582464199,0.05293671597210459,2,"{""model__n_components"": 8}"
fold_state_stratified,3,level1_crossfit,B01_C0_PLS,1.0,3,0.7657205650685502,0.06768062845242617,4,"{""model__n_components"": 12}"
fold_state_stratified,3,level1_crossfit,B01_C0_PLS,1.0,4,0.7652400722015973,0.06782613640539309,3,"{""model__n_components"": 20}"
fold_state_stratified,3,level1_crossfit,B01_C0_PLS,2.0,0,0.5024863934238524,0.002288807097122536,1,"{""model__n_components"": 2}"
fold_state_stratified,3,level1_crossfit,B01_C0_PLS,2.0,1,0.5397156792770459,0.06274693203950968,2,"{""model__n_components"": 4}"
fold_state_stratified,3,level1_crossfit,B01_C0_PLS,2.0,2,0.5540519596854399,0.08162784501577636,3,"{""model__n_components"": 8}"
fold_state_stratified,3,level1_crossfit,B01_C0_PLS,2.0,3,0.566518744842275,0.08479542734640413,4,"{""model__n_components"": 12}"
fold_state_stratified,3,level1_crossfit,B01_C0_PLS,2.0,4,0.5665658529158559,0.08330846526532021,5,"{""model__n_components"": 20}"
fold_state_stratified,3,level1_crossfit,B01_C0_PLS,3.0,0,0.6801659828785667,0.04775888471377915,1,"{""model__n_components"": 2}"
fold_state_stratified,3,level1_crossfit,B01_C0_PLS,3.0,1,0.7219018259599781,0.052905608857034714,2,"{""model__n_components"": 4}"
fold_state_stratified,3,level1_crossfit,B01_C0_PLS,3.0,2,0.7840683998149169,0.02651111573987669,3,"{""model__n_components"": 8}"
fold_state_stratified,3,level1_crossfit,B01_C0_PLS,3.0,3,0.8004682135676723,0.04637814763768566,5,"{""model__n_components"": 12}"
fold_state_stratified,3,level1_crossfit,B01_C0_PLS,3.0,4,0.7990493033182435,0.04556425261611352,4,"{""model__n_components"": 20}"
fold_state_stratified,3,outer_refit,B01_C0_PLS,,0,0.5478354927102457,0.015072225965170112,1,"{""model__n_components"": 2}"
fold_state_stratified,3,outer_refit,B01_C0_PLS,,1,0.5632777436710142,0.01277591815338814,2,"{""model__n_components"": 4}"
fold_state_stratified,3,outer_refit,B01_C0_PLS,,2,0.582171967310312,0.018705210057125922,3,"{""model__n_components"": 8}"
fold_state_stratified,3,outer_refit,B01_C0_PLS,,3,0.6068629182584472,0.03445316883822423,4,"{""model__n_components"": 12}"
fold_state_stratified,3,outer_refit,B01_C0_PLS,,4,0.6095322813092895,0.039532568622322,5,"{""model__n_components"": 20}"
fold_state_stratified,3,level1_crossfit,B02_C3_Ridge,1.0,0,0.7905046471988817,0.006009672340979932,6,"{""model__alpha"": 0.1}"
fold_state_stratified,3,level1_crossfit,B02_C3_Ridge,1.0,1,0.7898064693278137,0.00586881603566175,5,"{""model__alpha"": 1.0}"
fold_state_stratified,3,level1_crossfit,B02_C3_Ridge,1.0,2,0.7831711125526368,0.004605369174945917,4,"{""model__alpha"": 10.0}"
fold_state_stratified,3,level1_crossfit,B02_C3_Ridge,1.0,3,0.7394143579633432,0.0004942846317301797,2,"{""model__alpha"": 100.0}"
fold_state_stratified,3,level1_crossfit,B02_C3_Ridge,1.0,4,0.6713822987072413,0.027628493987391367,1,"{""model__alpha"": 1000.0}"
fold_state_stratified,3,level1_crossfit,B02_C3_Ridge,1.0,5,0.7589156467763258,0.05281286279778907,3,"{""model__alpha"": 10000.0}"
fold_state_stratified,3,level1_crossfit,B02_C3_Ridge,2.0,0,0.5117283844946496,0.0003067565299134656,5,"{""model__alpha"": 0.1}"
fold_state_stratified,3,level1_crossfit,B02_C3_Ridge,2.0,1,0.5113611509335259,0.00013219860965502095,4,"{""model__alpha"": 1.0}"
fold_state_stratified,3,level1_crossfit,B02_C3_Ridge,2.0,2,0.5078358287942037,0.001573002303634885,3,"{""model__alpha"": 10.0}"
fold_state_stratified,3,level1_crossfit,B02_C3_Ridge,2.0,3,0.48272103506549446,0.015119877170000684,2,"{""model__alpha"": 100.0}"
fold_state_stratified,3,level1_crossfit,B02_C3_Ridge,2.0,4,0.43869646749282465,0.05150778454734656,1,"{""model__alpha"": 1000.0}"
fold_state_stratified,3,level1_crossfit,B02_C3_Ridge,2.0,5,0.5534960519058421,0.06648009827175783,6,"{""model__alpha"": 10000.0}"
fold_state_stratified,3,level1_crossfit,B02_C3_Ridge,3.0,0,0.7738795457681747,0.06484673837624044,6,"{""model__alpha"": 0.1}"
fold_state_stratified,3,level1_crossfit,B02_C3_Ridge,3.0,1,0.7732146468614529,0.06481313092945273,5,"{""model__alpha"": 1.0}"
fold_state_stratified,3,level1_crossfit,B02_C3_Ridge,3.0,2,0.7668507182454933,0.06449324549639351,4,"{""model__alpha"": 10.0}"
fold_state_stratified,3,level1_crossfit,B02_C3_Ridge,3.0,3,0.7226101486829861,0.061985470874767024,3,"{""model__alpha"": 100.0}"
fold_state_stratified,3,level1_crossfit,B02_C3_Ridge,3.0,4,0.6400141601143673,0.04795824058583542,1,"{""model__alpha"": 1000.0}"
fold_state_stratified,3,level1_crossfit,B02_C3_Ridge,3.0,5,0.7024788390969989,0.033036685430168244,2,"{""model__alpha"": 10000.0}"
fold_state_stratified,3,outer_refit,B02_C3_Ridge,,0,0.6940188682297342,0.06781339674507113,6,"{""model__alpha"": 0.1}"
fold_state_stratified,3,outer_refit,B02_C3_Ridge,,1,0.692836814660866,0.06796655999635319,5,"{""model__alpha"": 1.0}"
fold_state_stratified,3,outer_refit,B02_C3_Ridge,,2,0.6820635244524563,0.06935683920242969,4,"{""model__alpha"": 10.0}"
fold_state_stratified,3,outer_refit,B02_C3_Ridge,,3,0.6258628317282987,0.07607975644903138,3,"{""model__alpha"": 100.0}"
fold_state_stratified,3,outer_refit,B02_C3_Ridge,,4,0.5622554098013509,0.07135691198831617,1,"{""model__alpha"": 1000.0}"
fold_state_stratified,3,outer_refit,B02_C3_Ridge,,5,0.6171677921851656,0.06500984651994221,2,"{""model__alpha"": 10000.0}"
fold_state_stratified,3,level1_crossfit,B03_C1_CatBoost,1.0,0,0.6483279836030326,0.010016265150840642,3,"{""model__depth"": 4, ""model__l2_leaf_reg"": 3.0, ""model__learning_rate"": 0.03}"
fold_state_stratified,3,level1_crossfit,B03_C1_CatBoost,1.0,1,0.6425028292873043,0.0013938335037601002,2,"{""model__depth"": 4, ""model__l2_leaf_reg"": 6.0, ""model__learning_rate"": 0.06}"
fold_state_stratified,3,level1_crossfit,B03_C1_CatBoost,1.0,2,0.6497173028495232,0.01578738120764822,4,"{""model__depth"": 5, ""model__l2_leaf_reg"": 10.0, ""model__learning_rate"": 0.03}"
fold_state_stratified,3,level1_crossfit,B03_C1_CatBoost,1.0,3,0.6397145782956083,0.006050905031507736,1,"{""model__depth"": 5, ""model__l2_leaf_reg"": 3.0, ""model__learning_rate"": 0.06}"
fold_state_stratified,3,level1_crossfit,B03_C1_CatBoost,1.0,4,0.6657244359102887,0.010886165709248163,6,"{""model__depth"": 6, ""model__l2_leaf_reg"": 6.0, ""model__learning_rate"": 0.03}"
fold_state_stratified,3,level1_crossfit,B03_C1_CatBoost,1.0,5,0.6507233117277675,0.007663646083294229,5,"{""model__depth"": 6, ""model__l2_leaf_reg"": 10.0, ""model__learning_rate"": 0.06}"
fold_state_stratified,3,level1_crossfit,B03_C1_CatBoost,2.0,0,0.4878215396577104,0.045819580800082804,2,"{""model__depth"": 4, ""model__l2_leaf_reg"": 3.0, ""model__learning_rate"": 0.03}"
fold_state_stratified,3,level1_crossfit,B03_C1_CatBoost,2.0,1,0.487071869792019,0.04135093411497562,1,"{""model__depth"": 4, ""model__l2_leaf_reg"": 6.0, ""model__learning_rate"": 0.06}"
fold_state_stratified,3,level1_crossfit,B03_C1_CatBoost,2.0,2,0.503423041787743,0.01889302035461274,4,"{""model__depth"": 5, ""model__l2_leaf_reg"": 10.0, ""model__learning_rate"": 0.03}"
fold_state_stratified,3,level1_crossfit,B03_C1_CatBoost,2.0,3,0.49180087723525356,0.03721254146834371,3,"{""model__depth"": 5, ""model__l2_leaf_reg"": 3.0, ""model__learning_rate"": 0.06}"
fold_state_stratified,3,level1_crossfit,B03_C1_CatBoost,2.0,4,0.5066562724380921,0.013914493929125,5,"{""model__depth"": 6, ""model__l2_leaf_reg"": 6.0, ""model__learning_rate"": 0.03}"
fold_state_stratified,3,level1_crossfit,B03_C1_CatBoost,2.0,5,0.5096436870699191,0.021184136643110668,6,"{""model__depth"": 6, ""model__l2_leaf_reg"": 10.0, ""model__learning_rate"": 0.06}"
fold_state_stratified,3,level1_crossfit,B03_C1_CatBoost,3.0,0,0.7389608208818148,0.02873322451692889,5,"{""model__depth"": 4, ""model__l2_leaf_reg"": 3.0, ""model__learning_rate"": 0.03}"
fold_state_stratified,3,level1_crossfit,B03_C1_CatBoost,3.0,1,0.7377319354981973,0.02505911888486051,4,"{""model__depth"": 4, ""model__l2_leaf_reg"": 6.0, ""model__learning_rate"": 0.06}"
fold_state_stratified,3,level1_crossfit,B03_C1_CatBoost,3.0,2,0.7315472910740581,0.003753957230746119,3,"{""model__depth"": 5, ""model__l2_leaf_reg"": 10.0, ""model__learning_rate"": 0.03}"
fold_state_stratified,3,level1_crossfit,B03_C1_CatBoost,3.0,3,0.7449206357877275,0.01423648179596737,6,"{""model__depth"": 5, ""model__l2_leaf_reg"": 3.0, ""model__learning_rate"": 0.06}"
fold_state_stratified,3,level1_crossfit,B03_C1_CatBoost,3.0,4,0.7188022362353257,0.00900949567695597,1,"{""model__depth"": 6, ""model__l2_leaf_reg"": 6.0, ""model__learning_rate"": 0.03}"
fold_state_stratified,3,level1_crossfit,B03_C1_CatBoost,3.0,5,0.7197305214267243,0.002310958479724068,2,"{""model__depth"": 6, ""model__l2_leaf_reg"": 10.0, ""model__learning_rate"": 0.06}"
fold_state_stratified,3,outer_refit,B03_C1_CatBoost,,0,0.5704933906144785,0.03272785290982236,1,"{""model__depth"": 4, ""model__l2_leaf_reg"": 3.0, ""model__learning_rate"": 0.03}"
fold_state_stratified,3,outer_refit,B03_C1_CatBoost,,1,0.5725413295182932,0.03711806148440792,3,"{""model__depth"": 4, ""model__l2_leaf_reg"": 6.0, ""model__learning_rate"": 0.06}"
fold_state_stratified,3,outer_refit,B03_C1_CatBoost,,2,0.5710851623281695,0.03319281176471717,2,"{""model__depth"": 5, ""model__l2_leaf_reg"": 10.0, ""model__learning_rate"": 0.03}"
fold_state_stratified,3,outer_refit,B03_C1_CatBoost,,3,0.573650692512749,0.027258127090326423,5,"{""model__depth"": 5, ""model__l2_leaf_reg"": 3.0, ""model__learning_rate"": 0.06}"
fold_state_stratified,3,outer_refit,B03_C1_CatBoost,,4,0.5733535788058112,0.027123085572194512,4,"{""model__depth"": 6, ""model__l2_leaf_reg"": 6.0, ""model__learning_rate"": 0.03}"
fold_state_stratified,3,outer_refit,B03_C1_CatBoost,,5,0.5748761354938708,0.02867227519200857,6,"{""model__depth"": 6, ""model__l2_leaf_reg"": 10.0, ""model__learning_rate"": 0.06}"
fold_state_stratified,3,level1_crossfit,B04_C0_Ridge,1.0,0,0.6847118974894594,0.013147587131772887,5,"{""model__alpha"": 0.1}"
fold_state_stratified,3,level1_crossfit,B04_C0_Ridge,1.0,1,0.6836335541713378,0.013317226449478192,4,"{""model__alpha"": 1.0}"
fold_state_stratified,3,level1_crossfit,B04_C0_Ridge,1.0,2,0.6736323055276701,0.014707124611590738,3,"{""model__alpha"": 10.0}"
fold_state_stratified,3,level1_crossfit,B04_C0_Ridge,1.0,3,0.6172882680646784,0.01621562168916202,2,"{""model__alpha"": 100.0}"
fold_state_stratified,3,level1_crossfit,B04_C0_Ridge,1.0,4,0.5815299911957781,0.0013443974491360033,1,"{""model__alpha"": 1000.0}"
fold_state_stratified,3,level1_crossfit,B04_C0_Ridge,1.0,5,0.7484131804641566,0.023104831754058974,6,"{""model__alpha"": 10000.0}"
fold_state_stratified,3,level1_crossfit,B04_C0_Ridge,2.0,0,0.48645827578583434,0.0008971041383726563,5,"{""model__alpha"": 0.1}"
fold_state_stratified,3,level1_crossfit,B04_C0_Ridge,2.0,1,0.4861885868997402,0.0010001525292615276,4,"{""model__alpha"": 1.0}"
fold_state_stratified,3,level1_crossfit,B04_C0_Ridge,2.0,2,0.48367761111430785,0.0019993818439009436,3,"{""model__alpha"": 10.0}"
fold_state_stratified,3,level1_crossfit,B04_C0_Ridge,2.0,3,0.4695639198268298,0.008905803346444807,1,"{""model__alpha"": 100.0}"
fold_state_stratified,3,level1_crossfit,B04_C0_Ridge,2.0,4,0.47406874188497805,0.013952899463788526,2,"{""model__alpha"": 1000.0}"
fold_state_stratified,3,level1_crossfit,B04_C0_Ridge,2.0,5,0.6048200193584852,0.013257004564956987,6,"{""model__alpha"": 10000.0}"
fold_state_stratified,3,level1_crossfit,B04_C0_Ridge,3.0,0,0.7241750515865231,0.044546097246130845,5,"{""model__alpha"": 0.1}"
fold_state_stratified,3,level1_crossfit,B04_C0_Ridge,3.0,1,0.723402605639083,0.044615829284662394,4,"{""model__alpha"": 1.0}"
fold_state_stratified,3,level1_crossfit,B04_C0_Ridge,3.0,2,0.7161336141771073,0.04514159374729998,3,"{""model__alpha"": 10.0}"
fold_state_stratified,3,level1_crossfit,B04_C0_Ridge,3.0,3,0.6711260153175788,0.0430612267163919,2,"{""model__alpha"": 100.0}"
fold_state_stratified,3,level1_crossfit,B04_C0_Ridge,3.0,4,0.6209563471724466,0.025623772656392374,1,"{""model__alpha"": 1000.0}"
fold_state_stratified,3,level1_crossfit,B04_C0_Ridge,3.0,5,0.7300149386052254,0.019125900965547116,6,"{""model__alpha"": 10000.0}"
fold_state_stratified,3,outer_refit,B04_C0_Ridge,,0,0.6721427330848933,0.034399379487417274,6,"{""model__alpha"": 0.1}"
fold_state_stratified,3,outer_refit,B04_C0_Ridge,,1,0.6707305178143718,0.034709380548089384,5,"{""model__alpha"": 1.0}"
fold_state_stratified,3,outer_refit,B04_C0_Ridge,,2,0.658112629036237,0.03744368342155635,4,"{""model__alpha"": 10.0}"
fold_state_stratified,3,outer_refit,B04_C0_Ridge,,3,0.5980866740733782,0.04794165908846784,2,"{""model__alpha"": 100.0}"
fold_state_stratified,3,outer_refit,B04_C0_Ridge,,4,0.5412134922882735,0.05322693823008007,1,"{""model__alpha"": 1000.0}"
fold_state_stratified,3,outer_refit,B04_C0_Ridge,,5,0.6389563871799617,0.0494498715970714,3,"{""model__alpha"": 10000.0}"
fold_state_stratified,3,level1_crossfit,B05_C3_PLS,1.0,0,0.6287681243705865,0.0008016878741788358,1,"{""model__n_components"": 2}"
fold_state_stratified,3,level1_crossfit,B05_C3_PLS,1.0,1,0.6973919680960757,0.03766503949937472,2,"{""model__n_components"": 4}"
fold_state_stratified,3,level1_crossfit,B05_C3_PLS,1.0,2,0.723988991177522,0.03359561081360107,3,"{""model__n_components"": 8}"
fold_state_stratified,3,level1_crossfit,B05_C3_PLS,1.0,3,0.7402859506435175,0.014776456162529983,4,"{""model__n_components"": 12}"
fold_state_stratified,3,level1_crossfit,B05_C3_PLS,1.0,4,0.7406749931963518,0.015112211770200723,5,"{""model__n_components"": 20}"
fold_state_stratified,3,level1_crossfit,B05_C3_PLS,2.0,0,0.5003699030577773,0.026942667443816237,1,"{""model__n_components"": 2}"
fold_state_stratified,3,level1_crossfit,B05_C3_PLS,2.0,1,0.5876350969801705,0.016365853984649514,2,"{""model__n_components"": 4}"
fold_state_stratified,3,level1_crossfit,B05_C3_PLS,2.0,2,0.6121648177613915,0.013027193934759929,5,"{""model__n_components"": 8}"
fold_state_stratified,3,level1_crossfit,B05_C3_PLS,2.0,3,0.609951355873576,0.008345845601676172,4,"{""model__n_components"": 12}"
fold_state_stratified,3,level1_crossfit,B05_C3_PLS,2.0,4,0.6085308128558057,0.008820721656601416,3,"{""model__n_components"": 20}"
fold_state_stratified,3,level1_crossfit,B05_C3_PLS,3.0,0,0.6065212541899752,0.0451095906958669,1,"{""model__n_components"": 2}"
fold_state_stratified,3,level1_crossfit,B05_C3_PLS,3.0,1,0.6229099491173488,0.030849938751841277,2,"{""model__n_components"": 4}"
fold_state_stratified,3,level1_crossfit,B05_C3_PLS,3.0,2,0.7348141806031251,0.09556418807409661,3,"{""model__n_components"": 8}"
fold_state_stratified,3,level1_crossfit,B05_C3_PLS,3.0,3,0.7407093548672602,0.09382506071921726,5,"{""model__n_components"": 12}"
fold_state_stratified,3,level1_crossfit,B05_C3_PLS,3.0,4,0.7401472697335462,0.0940362313602836,4,"{""model__n_components"": 20}"
fold_state_stratified,3,outer_refit,B05_C3_PLS,,0,0.5634148025893121,0.08036216734907742,1,"{""model__n_components"": 2}"
fold_state_stratified,3,outer_refit,B05_C3_PLS,,1,0.5990566670237861,0.05294526345892618,2,"{""model__n_components"": 4}"
fold_state_stratified,3,outer_refit,B05_C3_PLS,,2,0.6352815365482689,0.04791362398269353,3,"{""model__n_components"": 8}"
fold_state_stratified,3,outer_refit,B05_C3_PLS,,3,0.6744395513778089,0.05092219148063475,4,"{""model__n_components"": 12}"
fold_state_stratified,3,outer_refit,B05_C3_PLS,,4,0.6894608010347723,0.0499788106498102,5,"{""model__n_components"": 20}"
fold_state_stratified,3,level1_crossfit,B06_C2_PLS,1.0,0,0.6205459079857196,0.0755781366557235,1,"{""model__n_components"": 2}"
fold_state_stratified,3,level1_crossfit,B06_C2_PLS,1.0,1,0.6685380938896002,0.0733978638068874,2,"{""model__n_components"": 4}"
fold_state_stratified,3,level1_crossfit,B06_C2_PLS,1.0,2,0.681532313645023,0.031052328435636434,3,"{""model__n_components"": 8}"
fold_state_stratified,3,level1_crossfit,B06_C2_PLS,1.0,3,0.682620708205558,0.02803455304404573,4,"{""model__n_components"": 12}"
fold_state_stratified,3,level1_crossfit,B06_C2_PLS,1.0,4,0.6845776989970773,0.025710395878788816,5,"{""model__n_components"": 20}"
fold_state_stratified,3,level1_crossfit,B06_C2_PLS,2.0,0,0.48463368200236934,0.007130181680253006,1,"{""model__n_components"": 2}"
fold_state_stratified,3,level1_crossfit,B06_C2_PLS,2.0,1,0.5253519999253147,0.05314571022319997,2,"{""model__n_components"": 4}"
fold_state_stratified,3,level1_crossfit,B06_C2_PLS,2.0,2,0.529297243385228,0.025858673978058744,3,"{""model__n_components"": 8}"
fold_state_stratified,3,level1_crossfit,B06_C2_PLS,2.0,3,0.5294534688665931,0.026554707554603374,5,"{""model__n_components"": 12}"
fold_state_stratified,3,level1_crossfit,B06_C2_PLS,2.0,4,0.5293020814521223,0.026601756408028365,4,"{""model__n_components"": 20}"
fold_state_stratified,3,level1_crossfit,B06_C2_PLS,3.0,0,0.717865828616248,0.06409394146156028,1,"{""model__n_components"": 2}"
fold_state_stratified,3,level1_crossfit,B06_C2_PLS,3.0,1,0.7288563156898036,0.019718795004218637,2,"{""model__n_components"": 4}"
fold_state_stratified,3,level1_crossfit,B06_C2_PLS,3.0,2,0.7445066416848753,0.012386280905457181,3,"{""model__n_components"": 8}"
fold_state_stratified,3,level1_crossfit,B06_C2_PLS,3.0,3,0.7513485814824257,0.01608289157948445,5,"{""model__n_components"": 12}"
fold_state_stratified,3,level1_crossfit,B06_C2_PLS,3.0,4,0.7503629457444092,0.01594620206746744,4,"{""model__n_components"": 20}"
fold_state_stratified,3,outer_refit,B06_C2_PLS,,0,0.5761435527346966,0.11175955488411113,1,"{""model__n_components"": 2}"
fold_state_stratified,3,outer_refit,B06_C2_PLS,,1,0.6092421854002809,0.08517030067837815,2,"{""model__n_components"": 4}"
fold_state_stratified,3,outer_refit,B06_C2_PLS,,2,0.6383114462586118,0.06885650400570294,3,"{""model__n_components"": 8}"
fold_state_stratified,3,outer_refit,B06_C2_PLS,,3,0.6546444308415568,0.0690635081435598,4,"{""model__n_components"": 12}"
fold_state_stratified,3,outer_refit,B06_C2_PLS,,4,0.6740838992819542,0.06592223417110664,5,"{""model__n_components"": 20}"
fold_state_stratified,3,level1_crossfit,B07_C1_ExtraTrees,1.0,0,0.7253737538349079,0.03669940593188914,4,"{""model__max_features"": ""sqrt"", ""model__min_samples_leaf"": 2}"
fold_state_stratified,3,level1_crossfit,B07_C1_ExtraTrees,1.0,1,0.7349197914544335,0.02429622553605426,5,"{""model__max_features"": ""sqrt"", ""model__min_samples_leaf"": 3}"
fold_state_stratified,3,level1_crossfit,B07_C1_ExtraTrees,1.0,2,0.7421104151522842,0.03536230891212938,6,"{""model__max_features"": ""sqrt"", ""model__min_samples_leaf"": 5}"
fold_state_stratified,3,level1_crossfit,B07_C1_ExtraTrees,1.0,3,0.6924905135028514,0.02980765127812529,1,"{""model__max_features"": 0.3, ""model__min_samples_leaf"": 2}"
fold_state_stratified,3,level1_crossfit,B07_C1_ExtraTrees,1.0,4,0.6962909856710882,0.02153234725098019,2,"{""model__max_features"": 0.3, ""model__min_samples_leaf"": 3}"
fold_state_stratified,3,level1_crossfit,B07_C1_ExtraTrees,1.0,5,0.7108383665506622,0.016975883930970825,3,"{""model__max_features"": 0.3, ""model__min_samples_leaf"": 5}"
fold_state_stratified,3,level1_crossfit,B07_C1_ExtraTrees,2.0,0,0.5110566095888838,0.022688164123295884,5,"{""model__max_features"": ""sqrt"", ""model__min_samples_leaf"": 2}"
fold_state_stratified,3,level1_crossfit,B07_C1_ExtraTrees,2.0,1,0.5036434213759032,0.013319958726743075,3,"{""model__max_features"": ""sqrt"", ""model__min_samples_leaf"": 3}"
fold_state_stratified,3,level1_crossfit,B07_C1_ExtraTrees,2.0,2,0.5203747406668835,0.01337281017960118,6,"{""model__max_features"": ""sqrt"", ""model__min_samples_leaf"": 5}"
fold_state_stratified,3,level1_crossfit,B07_C1_ExtraTrees,2.0,3,0.49642602468422226,0.03444740644944444,2,"{""model__max_features"": 0.3, ""model__min_samples_leaf"": 2}"
fold_state_stratified,3,level1_crossfit,B07_C1_ExtraTrees,2.0,4,0.4886390632812886,0.03641799321412867,1,"{""model__max_features"": 0.3, ""model__min_samples_leaf"": 3}"
fold_state_stratified,3,level1_crossfit,B07_C1_ExtraTrees,2.0,5,0.5080191075312156,0.013221384714006051,4,"{""model__max_features"": 0.3, ""model__min_samples_leaf"": 5}"
fold_state_stratified,3,level1_crossfit,B07_C1_ExtraTrees,3.0,0,0.6802512150893946,0.05364668620037227,2,"{""model__max_features"": ""sqrt"", ""model__min_samples_leaf"": 2}"
fold_state_stratified,3,level1_crossfit,B07_C1_ExtraTrees,3.0,1,0.6843192980488699,0.06265702693388103,3,"{""model__max_features"": ""sqrt"", ""model__min_samples_leaf"": 3}"
fold_state_stratified,3,level1_crossfit,B07_C1_ExtraTrees,3.0,2,0.6763284228188715,0.05933830157986458,1,"{""model__max_features"": ""sqrt"", ""model__min_samples_leaf"": 5}"
fold_state_stratified,3,level1_crossfit,B07_C1_ExtraTrees,3.0,3,0.7021771111386139,0.028603009273179658,6,"{""model__max_features"": 0.3, ""model__min_samples_leaf"": 2}"
fold_state_stratified,3,level1_crossfit,B07_C1_ExtraTrees,3.0,4,0.6981093881280536,0.04839463920173215,5,"{""model__max_features"": 0.3, ""model__min_samples_leaf"": 3}"
fold_state_stratified,3,level1_crossfit,B07_C1_ExtraTrees,3.0,5,0.6868659361298,0.044328949254322465,4,"{""model__max_features"": 0.3, ""model__min_samples_leaf"": 5}"
fold_state_stratified,3,outer_refit,B07_C1_ExtraTrees,,0,0.5587386687189467,0.016879052650377806,3,"{""model__max_features"": ""sqrt"", ""model__min_samples_leaf"": 2}"
fold_state_stratified,3,outer_refit,B07_C1_ExtraTrees,,1,0.5606035997714733,0.014854604388796327,4,"{""model__max_features"": ""sqrt"", ""model__min_samples_leaf"": 3}"
fold_state_stratified,3,outer_refit,B07_C1_ExtraTrees,,2,0.5737885586473742,0.02699857021525311,6,"{""model__max_features"": ""sqrt"", ""model__min_samples_leaf"": 5}"
fold_state_stratified,3,outer_refit,B07_C1_ExtraTrees,,3,0.5611033431653939,0.014072074139488808,5,"{""model__max_features"": 0.3, ""model__min_samples_leaf"": 2}"
fold_state_stratified,3,outer_refit,B07_C1_ExtraTrees,,4,0.5557138079219214,0.01001307713476874,1,"{""model__max_features"": 0.3, ""model__min_samples_leaf"": 3}"
fold_state_stratified,3,outer_refit,B07_C1_ExtraTrees,,5,0.5573120858342063,0.010837860481763887,2,"{""model__max_features"": 0.3, ""model__min_samples_leaf"": 5}"
fold_state_stratified,3,level1_crossfit,B08_C1_PLS,1.0,0,0.6669549330416036,0.05568913033161532,1,"{""model__n_components"": 2}"
fold_state_stratified,3,level1_crossfit,B08_C1_PLS,1.0,1,0.7545999926195488,0.01613128757352461,2,"{""model__n_components"": 4}"
fold_state_stratified,3,level1_crossfit,B08_C1_PLS,1.0,2,0.8658231959161353,0.0684399174670684,3,"{""model__n_components"": 8}"
fold_state_stratified,3,level1_crossfit,B08_C1_PLS,1.0,3,0.8907604055790179,0.052427242296734844,4,"{""model__n_components"": 12}"
fold_state_stratified,3,level1_crossfit,B08_C1_PLS,1.0,4,0.8981311984137205,0.07685487299216975,5,"{""model__n_components"": 20}"
fold_state_stratified,3,level1_crossfit,B08_C1_PLS,2.0,0,0.5118855950411474,0.02265448255153696,1,"{""model__n_components"": 2}"
fold_state_stratified,3,level1_crossfit,B08_C1_PLS,2.0,1,0.5751947015788712,0.03708433841558717,2,"{""model__n_components"": 4}"
fold_state_stratified,3,level1_crossfit,B08_C1_PLS,2.0,2,0.5800121380237986,0.045413184778470894,3,"{""model__n_components"": 8}"
fold_state_stratified,3,level1_crossfit,B08_C1_PLS,2.0,3,0.5941176162618793,0.02803153577452444,4,"{""model__n_components"": 12}"
fold_state_stratified,3,level1_crossfit,B08_C1_PLS,2.0,4,0.6104127745341756,0.01607713828654528,5,"{""model__n_components"": 20}"
fold_state_stratified,3,level1_crossfit,B08_C1_PLS,3.0,0,0.6765771349957801,0.144615608118903,1,"{""model__n_components"": 2}"
fold_state_stratified,3,level1_crossfit,B08_C1_PLS,3.0,1,0.7506088929250392,0.0745904777974632,2,"{""model__n_components"": 4}"
fold_state_stratified,3,level1_crossfit,B08_C1_PLS,3.0,2,0.9909449391598892,0.1594332713307432,3,"{""model__n_components"": 8}"
fold_state_stratified,3,level1_crossfit,B08_C1_PLS,3.0,3,1.0511854186117822,0.1879453409216018,4,"{""model__n_components"": 12}"
fold_state_stratified,3,level1_crossfit,B08_C1_PLS,3.0,4,1.0670960209363545,0.2150364319122764,5,"{""model__n_components"": 20}"
fold_state_stratified,3,outer_refit,B08_C1_PLS,,0,0.5951393014468929,0.10598845706046373,1,"{""model__n_components"": 2}"
fold_state_stratified,3,outer_refit,B08_C1_PLS,,1,0.6279941781359318,0.05967203919632451,2,"{""model__n_components"": 4}"
fold_state_stratified,3,outer_refit,B08_C1_PLS,,2,0.835108426473172,0.017064954086508856,3,"{""model__n_components"": 8}"
fold_state_stratified,3,outer_refit,B08_C1_PLS,,3,0.9402987436214479,0.06272321258817008,4,"{""model__n_components"": 12}"
fold_state_stratified,3,outer_refit,B08_C1_PLS,,4,1.0700250036855055,0.15143957794382468,5,"{""model__n_components"": 20}"
fold_state_stratified,3,level1_crossfit,B09_C0_PCA_Ridge,1.0,0,0.7058415404273541,0.043709650159872104,9,"{""model__alpha"": 10.0, ""pca__n_components"": 0.8}"
fold_state_stratified,3,level1_crossfit,B09_C0_PCA_Ridge,1.0,1,0.6988514139008961,0.04940812319884297,8,"{""model__alpha"": 100.0, ""pca__n_components"": 0.8}"
fold_state_stratified,3,level1_crossfit,B09_C0_PCA_Ridge,1.0,2,0.6692701038059006,0.07892777671610501,3,"{""model__alpha"": 1000.0, ""pca__n_components"": 0.8}"
fold_state_stratified,3,level1_crossfit,B09_C0_PCA_Ridge,1.0,3,0.6925565285629599,0.06074872827137956,6,"{""model__alpha"": 10.0, ""pca__n_components"": 0.9}"
fold_state_stratified,3,level1_crossfit,B09_C0_PCA_Ridge,1.0,4,0.6841476629179797,0.06676443488025263,4,"{""model__alpha"": 100.0, ""pca__n_components"": 0.9}"
fold_state_stratified,3,level1_crossfit,B09_C0_PCA_Ridge,1.0,5,0.6561746018461444,0.0916108884192317,2,"{""model__alpha"": 1000.0, ""pca__n_components"": 0.9}"
fold_state_stratified,3,level1_crossfit,B09_C0_PCA_Ridge,1.0,6,0.6948796395843917,0.03208675615218387,7,"{""model__alpha"": 10.0, ""pca__n_components"": 0.95}"
fold_state_stratified,3,level1_crossfit,B09_C0_PCA_Ridge,1.0,7,0.6841853682347503,0.04286955312811752,5,"{""model__alpha"": 100.0, ""pca__n_components"": 0.95}"
fold_state_stratified,3,level1_crossfit,B09_C0_PCA_Ridge,1.0,8,0.6525648988540926,0.08362925955998185,1,"{""model__alpha"": 1000.0, ""pca__n_components"": 0.95}"
fold_state_stratified,3,level1_crossfit,B09_C0_PCA_Ridge,2.0,0,0.4577967939391955,0.02809576858172011,1,"{""model__alpha"": 10.0, ""pca__n_components"": 0.8}"
fold_state_stratified,3,level1_crossfit,B09_C0_PCA_Ridge,2.0,1,0.4593268886663969,0.03224744898949461,2,"{""model__alpha"": 100.0, ""pca__n_components"": 0.8}"
fold_state_stratified,3,level1_crossfit,B09_C0_PCA_Ridge,2.0,2,0.4781719421624284,0.0584470958263702,3,"{""model__alpha"": 1000.0, ""pca__n_components"": 0.8}"
fold_state_stratified,3,level1_crossfit,B09_C0_PCA_Ridge,2.0,3,0.5000291598557441,0.04412069288664114,9,"{""model__alpha"": 10.0, ""pca__n_components"": 0.9}"
fold_state_stratified,3,level1_crossfit,B09_C0_PCA_Ridge,2.0,4,0.4948992123891174,0.045988122500109335,8,"{""model__alpha"": 100.0, ""pca__n_components"": 0.9}"
fold_state_stratified,3,level1_crossfit,B09_C0_PCA_Ridge,2.0,5,0.4913772252284614,0.06444106654256918,6,"{""model__alpha"": 1000.0, ""pca__n_components"": 0.9}"
fold_state_stratified,3,level1_crossfit,B09_C0_PCA_Ridge,2.0,6,0.4939388783943683,0.04763028293941468,7,"{""model__alpha"": 10.0, ""pca__n_components"": 0.95}"
fold_state_stratified,3,level1_crossfit,B09_C0_PCA_Ridge,2.0,7,0.48626038667601207,0.050300804556424106,5,"{""model__alpha"": 100.0, ""pca__n_components"": 0.95}"
fold_state_stratified,3,level1_crossfit,B09_C0_PCA_Ridge,2.0,8,0.48431443003502384,0.06708484724011521,4,"{""model__alpha"": 1000.0, ""pca__n_components"": 0.95}"
fold_state_stratified,3,level1_crossfit,B09_C0_PCA_Ridge,3.0,0,0.6659089519420003,0.06977172220471223,7,"{""model__alpha"": 10.0, ""pca__n_components"": 0.8}"
fold_state_stratified,3,level1_crossfit,B09_C0_PCA_Ridge,3.0,1,0.6616865387161649,0.06876149974967904,5,"{""model__alpha"": 100.0, ""pca__n_components"": 0.8}"
fold_state_stratified,3,level1_crossfit,B09_C0_PCA_Ridge,3.0,2,0.6530308731087529,0.05676685465466946,3,"{""model__alpha"": 1000.0, ""pca__n_components"": 0.8}"
fold_state_stratified,3,level1_crossfit,B09_C0_PCA_Ridge,3.0,3,0.6733200955584675,0.07788467857691467,9,"{""model__alpha"": 10.0, ""pca__n_components"": 0.9}"
fold_state_stratified,3,level1_crossfit,B09_C0_PCA_Ridge,3.0,4,0.6657765155668942,0.07803804935085779,6,"{""model__alpha"": 100.0, ""pca__n_components"": 0.9}"
fold_state_stratified,3,level1_crossfit,B09_C0_PCA_Ridge,3.0,5,0.6495691465768745,0.06598807113672761,2,"{""model__alpha"": 1000.0, ""pca__n_components"": 0.9}"
fold_state_stratified,3,level1_crossfit,B09_C0_PCA_Ridge,3.0,6,0.6713595826204293,0.0777314450137408,8,"{""model__alpha"": 10.0, ""pca__n_components"": 0.95}"
fold_state_stratified,3,level1_crossfit,B09_C0_PCA_Ridge,3.0,7,0.6597926868079718,0.07991528485411609,4,"{""model__alpha"": 100.0, ""pca__n_components"": 0.95}"
fold_state_stratified,3,level1_crossfit,B09_C0_PCA_Ridge,3.0,8,0.6442906082722308,0.06869140972159421,1,"{""model__alpha"": 1000.0, ""pca__n_components"": 0.95}"
fold_state_stratified,3,outer_refit,B09_C0_PCA_Ridge,,0,0.5672074427577015,0.09373706800848754,7,"{""model__alpha"": 10.0, ""pca__n_components"": 0.8}"
fold_state_stratified,3,outer_refit,B09_C0_PCA_Ridge,,1,0.5671292359358693,0.09084833953765933,6,"{""model__alpha"": 100.0, ""pca__n_components"": 0.8}"
fold_state_stratified,3,outer_refit,B09_C0_PCA_Ridge,,2,0.5712672003466513,0.06862968426888236,8,"{""model__alpha"": 1000.0, ""pca__n_components"": 0.8}"
fold_state_stratified,3,outer_refit,B09_C0_PCA_Ridge,,3,0.5511640277318725,0.08794598756763987,2,"{""model__alpha"": 10.0, ""pca__n_components"": 0.9}"
fold_state_stratified,3,outer_refit,B09_C0_PCA_Ridge,,4,0.5477482018617216,0.08687686873207882,1,"{""model__alpha"": 100.0, ""pca__n_components"": 0.9}"
fold_state_stratified,3,outer_refit,B09_C0_PCA_Ridge,,5,0.5522512749709417,0.06906466177540957,3,"{""model__alpha"": 1000.0, ""pca__n_components"": 0.9}"
fold_state_stratified,3,outer_refit,B09_C0_PCA_Ridge,,6,0.5755553553032217,0.067383805855463,9,"{""model__alpha"": 10.0, ""pca__n_components"": 0.95}"
fold_state_stratified,3,outer_refit,B09_C0_PCA_Ridge,,7,0.5632334629411979,0.0680846232911903,5,"{""model__alpha"": 100.0, ""pca__n_components"": 0.95}"
fold_state_stratified,3,outer_refit,B09_C0_PCA_Ridge,,8,0.5536546202488086,0.06046812369478104,4,"{""model__alpha"": 1000.0, ""pca__n_components"": 0.95}"
fold_state_stratified,3,level1_crossfit,B10_C1_PCA_Ridge,1.0,0,0.6330729231831196,0.05441964477456501,3,"{""model__alpha"": 10.0, ""pca__n_components"": 0.8}"
fold_state_stratified,3,level1_crossfit,B10_C1_PCA_Ridge,1.0,1,0.6313029150306979,0.0504663752252667,2,"{""model__alpha"": 100.0, ""pca__n_components"": 0.8}"
fold_state_stratified,3,level1_crossfit,B10_C1_PCA_Ridge,1.0,2,0.664156246034482,0.03192166077292646,8,"{""model__alpha"": 1000.0, ""pca__n_components"": 0.8}"
fold_state_stratified,3,level1_crossfit,B10_C1_PCA_Ridge,1.0,3,0.6433443888727228,0.006688251343639429,5,"{""model__alpha"": 10.0, ""pca__n_components"": 0.9}"
fold_state_stratified,3,level1_crossfit,B10_C1_PCA_Ridge,1.0,4,0.6178518447649819,0.029690372991978797,1,"{""model__alpha"": 100.0, ""pca__n_components"": 0.9}"
fold_state_stratified,3,level1_crossfit,B10_C1_PCA_Ridge,1.0,5,0.650090424501211,0.034864562719173486,6,"{""model__alpha"": 1000.0, ""pca__n_components"": 0.9}"
fold_state_stratified,3,level1_crossfit,B10_C1_PCA_Ridge,1.0,6,0.6805426029502775,0.03879047873294367,9,"{""model__alpha"": 10.0, ""pca__n_components"": 0.95}"
fold_state_stratified,3,level1_crossfit,B10_C1_PCA_Ridge,1.0,7,0.6356827712365806,0.00602186089277279,4,"{""model__alpha"": 100.0, ""pca__n_components"": 0.95}"
fold_state_stratified,3,level1_crossfit,B10_C1_PCA_Ridge,1.0,8,0.6522961949776722,0.030916422033674507,7,"{""model__alpha"": 1000.0, ""pca__n_components"": 0.95}"
fold_state_stratified,3,level1_crossfit,B10_C1_PCA_Ridge,2.0,0,0.47123715953455764,0.0405509436034997,5,"{""model__alpha"": 10.0, ""pca__n_components"": 0.8}"
fold_state_stratified,3,level1_crossfit,B10_C1_PCA_Ridge,2.0,1,0.4732200059153659,0.04243656885774655,6,"{""model__alpha"": 100.0, ""pca__n_components"": 0.8}"
fold_state_stratified,3,level1_crossfit,B10_C1_PCA_Ridge,2.0,2,0.5233395245409221,0.05204142222470909,9,"{""model__alpha"": 1000.0, ""pca__n_components"": 0.8}"
fold_state_stratified,3,level1_crossfit,B10_C1_PCA_Ridge,2.0,3,0.466385709626567,0.024373890280040358,3,"{""model__alpha"": 10.0, ""pca__n_components"": 0.9}"
fold_state_stratified,3,level1_crossfit,B10_C1_PCA_Ridge,2.0,4,0.46092821639780374,0.03388592115748362,2,"{""model__alpha"": 100.0, ""pca__n_components"": 0.9}"
fold_state_stratified,3,level1_crossfit,B10_C1_PCA_Ridge,2.0,5,0.516210179800387,0.0523741112500993,8,"{""model__alpha"": 1000.0, ""pca__n_components"": 0.9}"
fold_state_stratified,3,level1_crossfit,B10_C1_PCA_Ridge,2.0,6,0.4686105707838169,0.024577431340065126,4,"{""model__alpha"": 10.0, ""pca__n_components"": 0.95}"
fold_state_stratified,3,level1_crossfit,B10_C1_PCA_Ridge,2.0,7,0.4452663561661633,0.02501847460512971,1,"{""model__alpha"": 100.0, ""pca__n_components"": 0.95}"
fold_state_stratified,3,level1_crossfit,B10_C1_PCA_Ridge,2.0,8,0.5085176733661536,0.04891947314418196,7,"{""model__alpha"": 1000.0, ""pca__n_components"": 0.95}"
fold_state_stratified,3,level1_crossfit,B10_C1_PCA_Ridge,3.0,0,0.6636491268658973,0.029277122504679343,2,"{""model__alpha"": 10.0, ""pca__n_components"": 0.8}"
fold_state_stratified,3,level1_crossfit,B10_C1_PCA_Ridge,3.0,1,0.6633903295830372,0.019745649206399873,1,"{""model__alpha"": 100.0, ""pca__n_components"": 0.8}"
fold_state_stratified,3,level1_crossfit,B10_C1_PCA_Ridge,3.0,2,0.683018165248688,0.02935258492826115,5,"{""model__alpha"": 1000.0, ""pca__n_components"": 0.8}"
fold_state_stratified,3,level1_crossfit,B10_C1_PCA_Ridge,3.0,3,0.7229376432555854,0.02386088537195774,8,"{""model__alpha"": 10.0, ""pca__n_components"": 0.9}"
fold_state_stratified,3,level1_crossfit,B10_C1_PCA_Ridge,3.0,4,0.6912406646159637,0.026769326595820264,7,"{""model__alpha"": 100.0, ""pca__n_components"": 0.9}"
fold_state_stratified,3,level1_crossfit,B10_C1_PCA_Ridge,3.0,5,0.6819610010642011,0.02529344296952729,4,"{""model__alpha"": 1000.0, ""pca__n_components"": 0.9}"
fold_state_stratified,3,level1_crossfit,B10_C1_PCA_Ridge,3.0,6,0.7416385140101861,0.032362925932361675,9,"{""model__alpha"": 10.0, ""pca__n_components"": 0.95}"
fold_state_stratified,3,level1_crossfit,B10_C1_PCA_Ridge,3.0,7,0.6888497296373991,0.03961488713890615,6,"{""model__alpha"": 100.0, ""pca__n_components"": 0.95}"
fold_state_stratified,3,level1_crossfit,B10_C1_PCA_Ridge,3.0,8,0.6771718103122659,0.020378989327808072,3,"{""model__alpha"": 1000.0, ""pca__n_components"": 0.95}"
fold_state_stratified,3,outer_refit,B10_C1_PCA_Ridge,,0,0.6063371396254621,0.03574346543840154,7,"{""model__alpha"": 10.0, ""pca__n_components"": 0.8}"
fold_state_stratified,3,outer_refit,B10_C1_PCA_Ridge,,1,0.6050012491513055,0.03566961490439946,6,"{""model__alpha"": 100.0, ""pca__n_components"": 0.8}"
fold_state_stratified,3,outer_refit,B10_C1_PCA_Ridge,,2,0.6130196052970697,0.03816883180319928,8,"{""model__alpha"": 1000.0, ""pca__n_components"": 0.8}"
fold_state_stratified,3,outer_refit,B10_C1_PCA_Ridge,,3,0.5954047419011199,0.02933207913619269,2,"{""model__alpha"": 10.0, ""pca__n_components"": 0.9}"
fold_state_stratified,3,outer_refit,B10_C1_PCA_Ridge,,4,0.5875788840461463,0.0328887822383829,1,"{""model__alpha"": 100.0, ""pca__n_components"": 0.9}"
fold_state_stratified,3,outer_refit,B10_C1_PCA_Ridge,,5,0.6009682382236372,0.03967365178099275,4,"{""model__alpha"": 1000.0, ""pca__n_components"": 0.9}"
fold_state_stratified,3,outer_refit,B10_C1_PCA_Ridge,,6,0.6172403979319517,0.03912314871402222,9,"{""model__alpha"": 10.0, ""pca__n_components"": 0.95}"
fold_state_stratified,3,outer_refit,B10_C1_PCA_Ridge,,7,0.5982232499720016,0.03950442117279239,3,"{""model__alpha"": 100.0, ""pca__n_components"": 0.95}"
fold_state_stratified,3,outer_refit,B10_C1_PCA_Ridge,,8,0.6026686768142389,0.04102695545270533,5,"{""model__alpha"": 1000.0, ""pca__n_components"": 0.95}"
fold_state_stratified,4,level1_crossfit,B01_C0_PLS,1.0,0,0.5788656703094832,0.005351998691306592,1,"{""model__n_components"": 2}"
fold_state_stratified,4,level1_crossfit,B01_C0_PLS,1.0,1,0.6298917494283129,0.012599509128666864,2,"{""model__n_components"": 4}"
fold_state_stratified,4,level1_crossfit,B01_C0_PLS,1.0,2,0.6763493266105185,0.054295698365538714,5,"{""model__n_components"": 8}"
fold_state_stratified,4,level1_crossfit,B01_C0_PLS,1.0,3,0.6747896959750861,0.05921564566932552,3,"{""model__n_components"": 12}"
fold_state_stratified,4,level1_crossfit,B01_C0_PLS,1.0,4,0.6754560004951129,0.05973231638733584,4,"{""model__n_components"": 20}"
fold_state_stratified,4,level1_crossfit,B01_C0_PLS,2.0,0,0.5389353547443384,0.13871562722176714,1,"{""model__n_components"": 2}"
fold_state_stratified,4,level1_crossfit,B01_C0_PLS,2.0,1,0.5793122762501067,0.09758143054233637,2,"{""model__n_components"": 4}"
fold_state_stratified,4,level1_crossfit,B01_C0_PLS,2.0,2,0.5840219283510912,0.06405137807582534,3,"{""model__n_components"": 8}"
fold_state_stratified,4,level1_crossfit,B01_C0_PLS,2.0,3,0.5853026360415952,0.06879394506495123,4,"{""model__n_components"": 12}"
fold_state_stratified,4,level1_crossfit,B01_C0_PLS,2.0,4,0.5856435796812693,0.06933584717618069,5,"{""model__n_components"": 20}"
fold_state_stratified,4,level1_crossfit,B01_C0_PLS,3.0,0,0.4879698481246175,0.02038464220648606,1,"{""model__n_components"": 2}"
fold_state_stratified,4,level1_crossfit,B01_C0_PLS,3.0,1,0.4945679317998142,0.05329023404770192,2,"{""model__n_components"": 4}"
fold_state_stratified,4,level1_crossfit,B01_C0_PLS,3.0,2,0.5308435358735304,0.034054261729815266,3,"{""model__n_components"": 8}"
fold_state_stratified,4,level1_crossfit,B01_C0_PLS,3.0,3,0.5315485504472912,0.02993594668438615,5,"{""model__n_components"": 12}"
fold_state_stratified,4,level1_crossfit,B01_C0_PLS,3.0,4,0.5312471008693445,0.02880746186405997,4,"{""model__n_components"": 20}"
fold_state_stratified,4,outer_refit,B01_C0_PLS,,0,0.49974012851270516,0.06916780179127414,1,"{""model__n_components"": 2}"
fold_state_stratified,4,outer_refit,B01_C0_PLS,,1,0.5273218501748347,0.0564714864042378,2,"{""model__n_components"": 4}"
fold_state_stratified,4,outer_refit,B01_C0_PLS,,2,0.5669752875127892,0.04780309125040953,3,"{""model__n_components"": 8}"
fold_state_stratified,4,outer_refit,B01_C0_PLS,,3,0.5960279069250399,0.04434827773189675,4,"{""model__n_components"": 12}"
fold_state_stratified,4,outer_refit,B01_C0_PLS,,4,0.5993983288203303,0.047347283967207845,5,"{""model__n_components"": 20}"
fold_state_stratified,4,level1_crossfit,B02_C3_Ridge,1.0,0,0.6955900432297513,0.044494147023005415,6,"{""model__alpha"": 0.1}"
fold_state_stratified,4,level1_crossfit,B02_C3_Ridge,1.0,1,0.6951533439934721,0.044086877239659206,5,"{""model__alpha"": 1.0}"
fold_state_stratified,4,level1_crossfit,B02_C3_Ridge,1.0,2,0.6909278408981709,0.04014833399659734,4,"{""model__alpha"": 10.0}"
fold_state_stratified,4,level1_crossfit,B02_C3_Ridge,1.0,3,0.6589371730994855,0.010659203628220204,3,"{""model__alpha"": 100.0}"
fold_state_stratified,4,level1_crossfit,B02_C3_Ridge,1.0,4,0.5777999573397028,0.06291373920342391,1,"{""model__alpha"": 1000.0}"
fold_state_stratified,4,level1_crossfit,B02_C3_Ridge,1.0,5,0.6382849652527838,0.07581122811786123,2,"{""model__alpha"": 10000.0}"
fold_state_stratified,4,level1_crossfit,B02_C3_Ridge,2.0,0,0.5653424537918834,0.03698209717201162,5,"{""model__alpha"": 0.1}"
fold_state_stratified,4,level1_crossfit,B02_C3_Ridge,2.0,1,0.5649997588582683,0.036734379796089345,4,"{""model__alpha"": 1.0}"
fold_state_stratified,4,level1_crossfit,B02_C3_Ridge,2.0,2,0.5617571711470962,0.034382251835557764,3,"{""model__alpha"": 10.0}"
fold_state_stratified,4,level1_crossfit,B02_C3_Ridge,2.0,3,0.5415853414391374,0.019060108232436757,2,"{""model__alpha"": 100.0}"
fold_state_stratified,4,level1_crossfit,B02_C3_Ridge,2.0,4,0.5355761743897791,0.007616016354667798,1,"{""model__alpha"": 1000.0}"
fold_state_stratified,4,level1_crossfit,B02_C3_Ridge,2.0,5,0.6927995072747342,0.025771712910924505,6,"{""model__alpha"": 10000.0}"
fold_state_stratified,4,level1_crossfit,B02_C3_Ridge,3.0,0,0.5381576916210149,0.08605803584941304,5,"{""model__alpha"": 0.1}"
fold_state_stratified,4,level1_crossfit,B02_C3_Ridge,3.0,1,0.5378878596167217,0.08610796030731152,4,"{""model__alpha"": 1.0}"
fold_state_stratified,4,level1_crossfit,B02_C3_Ridge,3.0,2,0.5353505697643914,0.0865421144464556,3,"{""model__alpha"": 10.0}"
fold_state_stratified,4,level1_crossfit,B02_C3_Ridge,3.0,3,0.5193189001465248,0.08789838253683974,2,"{""model__alpha"": 100.0}"
fold_state_stratified,4,level1_crossfit,B02_C3_Ridge,3.0,4,0.4930392298021576,0.08634774732120615,1,"{""model__alpha"": 1000.0}"
fold_state_stratified,4,level1_crossfit,B02_C3_Ridge,3.0,5,0.6196230735747132,0.06392399536682153,6,"{""model__alpha"": 10000.0}"
fold_state_stratified,4,outer_refit,B02_C3_Ridge,,0,0.6330718548127745,0.03926897908003015,6,"{""model__alpha"": 0.1}"
fold_state_stratified,4,outer_refit,B02_C3_Ridge,,1,0.6321391731636942,0.039591949616790176,5,"{""model__alpha"": 1.0}"
fold_state_stratified,4,outer_refit,B02_C3_Ridge,,2,0.6236448022009545,0.04259821443712686,4,"{""model__alpha"": 10.0}"
fold_state_stratified,4,outer_refit,B02_C3_Ridge,,3,0.5791811102537537,0.06079206298471091,2,"{""model__alpha"": 100.0}"
fold_state_stratified,4,outer_refit,B02_C3_Ridge,,4,0.5301362771328532,0.08862296853423383,1,"{""model__alpha"": 1000.0}"
fold_state_stratified,4,outer_refit,B02_C3_Ridge,,5,0.5965561133280541,0.06612510852113436,3,"{""model__alpha"": 10000.0}"
fold_state_stratified,4,level1_crossfit,B03_C1_CatBoost,1.0,0,0.5302347841991084,0.05102036219103606,1,"{""model__depth"": 4, ""model__l2_leaf_reg"": 3.0, ""model__learning_rate"": 0.03}"
fold_state_stratified,4,level1_crossfit,B03_C1_CatBoost,1.0,1,0.5366648413692311,0.04040568819033019,2,"{""model__depth"": 4, ""model__l2_leaf_reg"": 6.0, ""model__learning_rate"": 0.06}"
fold_state_stratified,4,level1_crossfit,B03_C1_CatBoost,1.0,2,0.5509841186296431,0.057506271323174735,4,"{""model__depth"": 5, ""model__l2_leaf_reg"": 10.0, ""model__learning_rate"": 0.03}"
fold_state_stratified,4,level1_crossfit,B03_C1_CatBoost,1.0,3,0.5482749928075286,0.05344276147397409,3,"{""model__depth"": 5, ""model__l2_leaf_reg"": 3.0, ""model__learning_rate"": 0.06}"
fold_state_stratified,4,level1_crossfit,B03_C1_CatBoost,1.0,4,0.5574604342404367,0.051472782616220125,5,"{""model__depth"": 6, ""model__l2_leaf_reg"": 6.0, ""model__learning_rate"": 0.03}"
fold_state_stratified,4,level1_crossfit,B03_C1_CatBoost,1.0,5,0.5594983505983033,0.038349221074532036,6,"{""model__depth"": 6, ""model__l2_leaf_reg"": 10.0, ""model__learning_rate"": 0.06}"
fold_state_stratified,4,level1_crossfit,B03_C1_CatBoost,2.0,0,0.6098666060210791,0.025644168539234513,2,"{""model__depth"": 4, ""model__l2_leaf_reg"": 3.0, ""model__learning_rate"": 0.03}"
fold_state_stratified,4,level1_crossfit,B03_C1_CatBoost,2.0,1,0.6018371427943612,0.022069537208284418,1,"{""model__depth"": 4, ""model__l2_leaf_reg"": 6.0, ""model__learning_rate"": 0.06}"
fold_state_stratified,4,level1_crossfit,B03_C1_CatBoost,2.0,2,0.6203227385918877,0.038182290318437395,4,"{""model__depth"": 5, ""model__l2_leaf_reg"": 10.0, ""model__learning_rate"": 0.03}"
fold_state_stratified,4,level1_crossfit,B03_C1_CatBoost,2.0,3,0.618559749047139,0.04236747175525157,3,"{""model__depth"": 5, ""model__l2_leaf_reg"": 3.0, ""model__learning_rate"": 0.06}"
fold_state_stratified,4,level1_crossfit,B03_C1_CatBoost,2.0,4,0.6307519489270297,0.03151708270195114,6,"{""model__depth"": 6, ""model__l2_leaf_reg"": 6.0, ""model__learning_rate"": 0.03}"
fold_state_stratified,4,level1_crossfit,B03_C1_CatBoost,2.0,5,0.6299644401295261,0.03235874546976214,5,"{""model__depth"": 6, ""model__l2_leaf_reg"": 10.0, ""model__learning_rate"": 0.06}"
fold_state_stratified,4,level1_crossfit,B03_C1_CatBoost,3.0,0,0.49782970782907904,0.08071583314787018,3,"{""model__depth"": 4, ""model__l2_leaf_reg"": 3.0, ""model__learning_rate"": 0.03}"
fold_state_stratified,4,level1_crossfit,B03_C1_CatBoost,3.0,1,0.4879603714181767,0.08109017165124033,1,"{""model__depth"": 4, ""model__l2_leaf_reg"": 6.0, ""model__learning_rate"": 0.06}"
fold_state_stratified,4,level1_crossfit,B03_C1_CatBoost,3.0,2,0.5013361894510702,0.1041270003755318,4,"{""model__depth"": 5, ""model__l2_leaf_reg"": 10.0, ""model__learning_rate"": 0.03}"
fold_state_stratified,4,level1_crossfit,B03_C1_CatBoost,3.0,3,0.4910666761992491,0.0968777888523526,2,"{""model__depth"": 5, ""model__l2_leaf_reg"": 3.0, ""model__learning_rate"": 0.06}"
fold_state_stratified,4,level1_crossfit,B03_C1_CatBoost,3.0,4,0.5345658299627275,0.0965780083746264,6,"{""model__depth"": 6, ""model__l2_leaf_reg"": 6.0, ""model__learning_rate"": 0.03}"
fold_state_stratified,4,level1_crossfit,B03_C1_CatBoost,3.0,5,0.5132633398844584,0.09650816720335753,5,"{""model__depth"": 6, ""model__l2_leaf_reg"": 10.0, ""model__learning_rate"": 0.06}"
fold_state_stratified,4,outer_refit,B03_C1_CatBoost,,0,0.5277638931701135,0.0510628040410091,5,"{""model__depth"": 4, ""model__l2_leaf_reg"": 3.0, ""model__learning_rate"": 0.03}"
fold_state_stratified,4,outer_refit,B03_C1_CatBoost,,1,0.5316749210081333,0.051447163197483894,6,"{""model__depth"": 4, ""model__l2_leaf_reg"": 6.0, ""model__learning_rate"": 0.06}"
fold_state_stratified,4,outer_refit,B03_C1_CatBoost,,2,0.5139386221211363,0.04463683944418255,1,"{""model__depth"": 5, ""model__l2_leaf_reg"": 10.0, ""model__learning_rate"": 0.03}"
fold_state_stratified,4,outer_refit,B03_C1_CatBoost,,3,0.5239791715697936,0.03669377330745804,3,"{""model__depth"": 5, ""model__l2_leaf_reg"": 3.0, ""model__learning_rate"": 0.06}"
fold_state_stratified,4,outer_refit,B03_C1_CatBoost,,4,0.525070017666166,0.03853956245175977,4,"{""model__depth"": 6, ""model__l2_leaf_reg"": 6.0, ""model__learning_rate"": 0.03}"
fold_state_stratified,4,outer_refit,B03_C1_CatBoost,,5,0.5232887366245266,0.03960834592986033,2,"{""model__depth"": 6, ""model__l2_leaf_reg"": 10.0, ""model__learning_rate"": 0.06}"
fold_state_stratified,4,level1_crossfit,B04_C0_Ridge,1.0,0,0.7167098953258555,0.0357875016527715,6,"{""model__alpha"": 0.1}"
fold_state_stratified,4,level1_crossfit,B04_C0_Ridge,1.0,1,0.7162396192604995,0.03567913089696251,5,"{""model__alpha"": 1.0}"
fold_state_stratified,4,level1_crossfit,B04_C0_Ridge,1.0,2,0.7117345072444947,0.034647933268600106,4,"{""model__alpha"": 10.0}"
fold_state_stratified,4,level1_crossfit,B04_C0_Ridge,1.0,3,0.6799053829879221,0.028169201457432735,3,"{""model__alpha"": 100.0}"
fold_state_stratified,4,level1_crossfit,B04_C0_Ridge,1.0,4,0.6136853224344709,0.0336438890319774,1,"{""model__alpha"": 1000.0}"
fold_state_stratified,4,level1_crossfit,B04_C0_Ridge,1.0,5,0.6787545534189074,0.07832193339271415,2,"{""model__alpha"": 10000.0}"
fold_state_stratified,4,level1_crossfit,B04_C0_Ridge,2.0,0,0.6324200162649783,0.03711368298763318,5,"{""model__alpha"": 0.1}"
fold_state_stratified,4,level1_crossfit,B04_C0_Ridge,2.0,1,0.6318828529418038,0.036940150578035014,4,"{""model__alpha"": 1.0}"
fold_state_stratified,4,level1_crossfit,B04_C0_Ridge,2.0,2,0.6267814642424057,0.035256444511095386,3,"{""model__alpha"": 10.0}"
fold_state_stratified,4,level1_crossfit,B04_C0_Ridge,2.0,3,0.5930394498338751,0.022214970260899303,2,"{""model__alpha"": 100.0}"
fold_state_stratified,4,level1_crossfit,B04_C0_Ridge,2.0,4,0.5522074515399187,0.013205457825842148,1,"{""model__alpha"": 1000.0}"
fold_state_stratified,4,level1_crossfit,B04_C0_Ridge,2.0,5,0.7173403443508443,0.038819513662757044,6,"{""model__alpha"": 10000.0}"
fold_state_stratified,4,level1_crossfit,B04_C0_Ridge,3.0,0,0.6160589940799668,0.014212524635408619,5,"{""model__alpha"": 0.1}"
fold_state_stratified,4,level1_crossfit,B04_C0_Ridge,3.0,1,0.6158426071454826,0.014390776578745434,4,"{""model__alpha"": 1.0}"
fold_state_stratified,4,level1_crossfit,B04_C0_Ridge,3.0,2,0.6137364718970434,0.016106855333148706,3,"{""model__alpha"": 10.0}"
fold_state_stratified,4,level1_crossfit,B04_C0_Ridge,3.0,3,0.5971214505592397,0.02879524186959176,2,"{""model__alpha"": 100.0}"
fold_state_stratified,4,level1_crossfit,B04_C0_Ridge,3.0,4,0.5640712126327532,0.06426621330761603,1,"{""model__alpha"": 1000.0}"
fold_state_stratified,4,level1_crossfit,B04_C0_Ridge,3.0,5,0.6916621498797559,0.0674449169432671,6,"{""model__alpha"": 10000.0}"
fold_state_stratified,4,outer_refit,B04_C0_Ridge,,0,0.6127424949305141,0.07897522162235297,5,"{""model__alpha"": 0.1}"
fold_state_stratified,4,outer_refit,B04_C0_Ridge,,1,0.6117851799067775,0.07885310330594116,4,"{""model__alpha"": 1.0}"
fold_state_stratified,4,outer_refit,B04_C0_Ridge,,2,0.603291960719902,0.07768308164989128,3,"{""model__alpha"": 10.0}"
fold_state_stratified,4,outer_refit,B04_C0_Ridge,,3,0.564422290700919,0.06876680028783001,2,"{""model__alpha"": 100.0}"
fold_state_stratified,4,outer_refit,B04_C0_Ridge,,4,0.5315027883843353,0.03228540229557921,1,"{""model__alpha"": 1000.0}"
fold_state_stratified,4,outer_refit,B04_C0_Ridge,,5,0.6264833477536343,0.017008170550196607,6,"{""model__alpha"": 10000.0}"
fold_state_stratified,4,level1_crossfit,B05_C3_PLS,1.0,0,0.5331923336702289,0.08769137713022157,1,"{""model__n_components"": 2}"
fold_state_stratified,4,level1_crossfit,B05_C3_PLS,1.0,1,0.5343877702833951,0.08645973946338001,2,"{""model__n_components"": 4}"
fold_state_stratified,4,level1_crossfit,B05_C3_PLS,1.0,2,0.5683341472712222,0.04090704237868814,4,"{""model__n_components"": 8}"
fold_state_stratified,4,level1_crossfit,B05_C3_PLS,1.0,3,0.5696802447977152,0.040229383652785444,5,"{""model__n_components"": 12}"
fold_state_stratified,4,level1_crossfit,B05_C3_PLS,1.0,4,0.5682785771203871,0.039234708214394176,3,"{""model__n_components"": 20}"
fold_state_stratified,4,level1_crossfit,B05_C3_PLS,2.0,0,0.5596027730790418,0.05824783350459689,1,"{""model__n_components"": 2}"
fold_state_stratified,4,level1_crossfit,B05_C3_PLS,2.0,1,0.5873891984780976,0.046389767408559934,2,"{""model__n_components"": 4}"
fold_state_stratified,4,level1_crossfit,B05_C3_PLS,2.0,2,0.6032293948096812,0.04859687307803934,5,"{""model__n_components"": 8}"
fold_state_stratified,4,level1_crossfit,B05_C3_PLS,2.0,3,0.592331107661223,0.059963182880106436,3,"{""model__n_components"": 12}"
fold_state_stratified,4,level1_crossfit,B05_C3_PLS,2.0,4,0.5923463589761002,0.05958408993267955,4,"{""model__n_components"": 20}"
fold_state_stratified,4,level1_crossfit,B05_C3_PLS,3.0,0,0.49456731855137515,0.02865150417612064,1,"{""model__n_components"": 2}"
fold_state_stratified,4,level1_crossfit,B05_C3_PLS,3.0,1,0.5336925035826207,0.04441800533480719,2,"{""model__n_components"": 4}"
fold_state_stratified,4,level1_crossfit,B05_C3_PLS,3.0,2,0.5791047871446591,0.055335674237755594,3,"{""model__n_components"": 8}"
fold_state_stratified,4,level1_crossfit,B05_C3_PLS,3.0,3,0.5799186879922795,0.056488126618143675,4,"{""model__n_components"": 12}"
fold_state_stratified,4,level1_crossfit,B05_C3_PLS,3.0,4,0.5813992010846223,0.05597840398492099,5,"{""model__n_components"": 20}"
fold_state_stratified,4,outer_refit,B05_C3_PLS,,0,0.5143026579651874,0.0468912947524433,1,"{""model__n_components"": 2}"
fold_state_stratified,4,outer_refit,B05_C3_PLS,,1,0.5366919894391954,0.032964894586715456,2,"{""model__n_components"": 4}"
fold_state_stratified,4,outer_refit,B05_C3_PLS,,2,0.5809469965662181,0.05109874115389408,3,"{""model__n_components"": 8}"
fold_state_stratified,4,outer_refit,B05_C3_PLS,,3,0.6174222247661705,0.05420394148901113,4,"{""model__n_components"": 12}"
fold_state_stratified,4,outer_refit,B05_C3_PLS,,4,0.6237920748524036,0.04738431706939009,5,"{""model__n_components"": 20}"
fold_state_stratified,4,level1_crossfit,B06_C2_PLS,1.0,0,0.6176961704430475,0.048886696427985654,1,"{""model__n_components"": 2}"
fold_state_stratified,4,level1_crossfit,B06_C2_PLS,1.0,1,0.6436304372958479,0.04469121832627254,2,"{""model__n_components"": 4}"
fold_state_stratified,4,level1_crossfit,B06_C2_PLS,1.0,2,0.6612728509705132,0.00707855091466375,4,"{""model__n_components"": 8}"
fold_state_stratified,4,level1_crossfit,B06_C2_PLS,1.0,3,0.6613377070756306,0.012588093735136308,5,"{""model__n_components"": 12}"
fold_state_stratified,4,level1_crossfit,B06_C2_PLS,1.0,4,0.659962311309199,0.013697031963160022,3,"{""model__n_components"": 20}"
fold_state_stratified,4,level1_crossfit,B06_C2_PLS,2.0,0,0.6077096365494186,0.010540517765031954,1,"{""model__n_components"": 2}"
fold_state_stratified,4,level1_crossfit,B06_C2_PLS,2.0,1,0.6297476830955602,0.019348087097308286,2,"{""model__n_components"": 4}"
fold_state_stratified,4,level1_crossfit,B06_C2_PLS,2.0,2,0.6507160418243091,0.011099552340305463,3,"{""model__n_components"": 8}"
fold_state_stratified,4,level1_crossfit,B06_C2_PLS,2.0,3,0.6541102623982796,0.014835666766213618,4,"{""model__n_components"": 12}"
fold_state_stratified,4,level1_crossfit,B06_C2_PLS,2.0,4,0.6545382888106266,0.01589006001085186,5,"{""model__n_components"": 20}"
fold_state_stratified,4,level1_crossfit,B06_C2_PLS,3.0,0,0.5911202393625823,0.0047258414845667285,2,"{""model__n_components"": 2}"
fold_state_stratified,4,level1_crossfit,B06_C2_PLS,3.0,1,0.5826153431568368,0.04414217969386375,1,"{""model__n_components"": 4}"
fold_state_stratified,4,level1_crossfit,B06_C2_PLS,3.0,2,0.614065176186811,0.027853235861201864,5,"{""model__n_components"": 8}"
fold_state_stratified,4,level1_crossfit,B06_C2_PLS,3.0,3,0.6130544624729901,0.01861407192341258,3,"{""model__n_components"": 12}"
fold_state_stratified,4,level1_crossfit,B06_C2_PLS,3.0,4,0.6131820378735815,0.017744289718560957,4,"{""model__n_components"": 20}"
fold_state_stratified,4,outer_refit,B06_C2_PLS,,0,0.5081525292104393,0.11222525027625281,1,"{""model__n_components"": 2}"
fold_state_stratified,4,outer_refit,B06_C2_PLS,,1,0.5659090493436245,0.09690853405808832,2,"{""model__n_components"": 4}"
fold_state_stratified,4,outer_refit,B06_C2_PLS,,2,0.6211763999925256,0.0649578052381159,3,"{""model__n_components"": 8}"
fold_state_stratified,4,outer_refit,B06_C2_PLS,,3,0.6248981151815358,0.05003367635308093,4,"{""model__n_components"": 12}"
fold_state_stratified,4,outer_refit,B06_C2_PLS,,4,0.6267391074923903,0.047187239595192394,5,"{""model__n_components"": 20}"
fold_state_stratified,4,level1_crossfit,B07_C1_ExtraTrees,1.0,0,0.5335558355399233,0.04252437435662049,3,"{""model__max_features"": ""sqrt"", ""model__min_samples_leaf"": 2}"
fold_state_stratified,4,level1_crossfit,B07_C1_ExtraTrees,1.0,1,0.5403759891204197,0.039611974980104714,4,"{""model__max_features"": ""sqrt"", ""model__min_samples_leaf"": 3}"
fold_state_stratified,4,level1_crossfit,B07_C1_ExtraTrees,1.0,2,0.5646986243008509,0.04306882043877969,5,"{""model__max_features"": ""sqrt"", ""model__min_samples_leaf"": 5}"
fold_state_stratified,4,level1_crossfit,B07_C1_ExtraTrees,1.0,3,0.530088322916751,0.01809283752570684,1,"{""model__max_features"": 0.3, ""model__min_samples_leaf"": 2}"
fold_state_stratified,4,level1_crossfit,B07_C1_ExtraTrees,1.0,4,0.5327037262945297,0.019612850264535076,2,"{""model__max_features"": 0.3, ""model__min_samples_leaf"": 3}"
fold_state_stratified,4,level1_crossfit,B07_C1_ExtraTrees,1.0,5,0.5719284104512301,0.04400191747215387,6,"{""model__max_features"": 0.3, ""model__min_samples_leaf"": 5}"
fold_state_stratified,4,level1_crossfit,B07_C1_ExtraTrees,2.0,0,0.5880979033410657,0.04300354962726893,1,"{""model__max_features"": ""sqrt"", ""model__min_samples_leaf"": 2}"
fold_state_stratified,4,level1_crossfit,B07_C1_ExtraTrees,2.0,1,0.5908888270945973,0.04386340216646972,2,"{""model__max_features"": ""sqrt"", ""model__min_samples_leaf"": 3}"
fold_state_stratified,4,level1_crossfit,B07_C1_ExtraTrees,2.0,2,0.6025863761098542,0.04286015069473981,5,"{""model__max_features"": ""sqrt"", ""model__min_samples_leaf"": 5}"
fold_state_stratified,4,level1_crossfit,B07_C1_ExtraTrees,2.0,3,0.6063456573931081,0.03579984251904539,6,"{""model__max_features"": 0.3, ""model__min_samples_leaf"": 2}"
fold_state_stratified,4,level1_crossfit,B07_C1_ExtraTrees,2.0,4,0.5965110536027822,0.0476309674418976,3,"{""model__max_features"": 0.3, ""model__min_samples_leaf"": 3}"
fold_state_stratified,4,level1_crossfit,B07_C1_ExtraTrees,2.0,5,0.5997185260781803,0.052243610915921834,4,"{""model__max_features"": 0.3, ""model__min_samples_leaf"": 5}"
fold_state_stratified,4,level1_crossfit,B07_C1_ExtraTrees,3.0,0,0.542494782465912,0.10778522993207773,2,"{""model__max_features"": ""sqrt"", ""model__min_samples_leaf"": 2}"
fold_state_stratified,4,level1_crossfit,B07_C1_ExtraTrees,3.0,1,0.5406582584292069,0.10934954521915666,1,"{""model__max_features"": ""sqrt"", ""model__min_samples_leaf"": 3}"
fold_state_stratified,4,level1_crossfit,B07_C1_ExtraTrees,3.0,2,0.5713733376375214,0.09592374133706794,6,"{""model__max_features"": ""sqrt"", ""model__min_samples_leaf"": 5}"
fold_state_stratified,4,level1_crossfit,B07_C1_ExtraTrees,3.0,3,0.5427751133835129,0.1154032269886687,3,"{""model__max_features"": 0.3, ""model__min_samples_leaf"": 2}"
fold_state_stratified,4,level1_crossfit,B07_C1_ExtraTrees,3.0,4,0.5490406988125767,0.12635816445845294,4,"{""model__max_features"": 0.3, ""model__min_samples_leaf"": 3}"
fold_state_stratified,4,level1_crossfit,B07_C1_ExtraTrees,3.0,5,0.561170507477788,0.11452010699854764,5,"{""model__max_features"": 0.3, ""model__min_samples_leaf"": 5}"
fold_state_stratified,4,outer_refit,B07_C1_ExtraTrees,,0,0.5188386857864088,0.0754142062881558,3,"{""model__max_features"": ""sqrt"", ""model__min_samples_leaf"": 2}"
fold_state_stratified,4,outer_refit,B07_C1_ExtraTrees,,1,0.5207277629003162,0.07602802191295223,4,"{""model__max_features"": ""sqrt"", ""model__min_samples_leaf"": 3}"
fold_state_stratified,4,outer_refit,B07_C1_ExtraTrees,,2,0.5327923167420988,0.08417693544647761,6,"{""model__max_features"": ""sqrt"", ""model__min_samples_leaf"": 5}"
fold_state_stratified,4,outer_refit,B07_C1_ExtraTrees,,3,0.5226596367789534,0.0549586528415363,5,"{""model__max_features"": 0.3, ""model__min_samples_leaf"": 2}"
fold_state_stratified,4,outer_refit,B07_C1_ExtraTrees,,4,0.5126186754945459,0.05776592038109611,1,"{""model__max_features"": 0.3, ""model__min_samples_leaf"": 3}"
fold_state_stratified,4,outer_refit,B07_C1_ExtraTrees,,5,0.514834269080951,0.05912040781462468,2,"{""model__max_features"": 0.3, ""model__min_samples_leaf"": 5}"
fold_state_stratified,4,level1_crossfit,B08_C1_PLS,1.0,0,0.5781425242784557,0.025716454953558843,1,"{""model__n_components"": 2}"
fold_state_stratified,4,level1_crossfit,B08_C1_PLS,1.0,1,0.7067734681041307,0.02985206235178134,2,"{""model__n_components"": 4}"
fold_state_stratified,4,level1_crossfit,B08_C1_PLS,1.0,2,0.8710086954061362,0.17922207891829278,3,"{""model__n_components"": 8}"
fold_state_stratified,4,level1_crossfit,B08_C1_PLS,1.0,3,0.9099260906380053,0.1946681711880946,4,"{""model__n_components"": 12}"
fold_state_stratified,4,level1_crossfit,B08_C1_PLS,1.0,4,0.9236910696416645,0.20634386495475132,5,"{""model__n_components"": 20}"
fold_state_stratified,4,level1_crossfit,B08_C1_PLS,2.0,0,0.5847354851833063,0.10582519948187477,2,"{""model__n_components"": 2}"
fold_state_stratified,4,level1_crossfit,B08_C1_PLS,2.0,1,0.5764067652634439,0.08781944357590607,1,"{""model__n_components"": 4}"
fold_state_stratified,4,level1_crossfit,B08_C1_PLS,2.0,2,0.6944596124350602,0.03421887839344839,3,"{""model__n_components"": 8}"
fold_state_stratified,4,level1_crossfit,B08_C1_PLS,2.0,3,0.7484732518810663,0.03411071059953874,4,"{""model__n_components"": 12}"
fold_state_stratified,4,level1_crossfit,B08_C1_PLS,2.0,4,0.7603948461678387,0.03605034731726281,5,"{""model__n_components"": 20}"
fold_state_stratified,4,level1_crossfit,B08_C1_PLS,3.0,0,0.5319373463563798,0.09534947610210354,1,"{""model__n_components"": 2}"
fold_state_stratified,4,level1_crossfit,B08_C1_PLS,3.0,1,0.5612183817758007,0.068150041248284,2,"{""model__n_components"": 4}"
fold_state_stratified,4,level1_crossfit,B08_C1_PLS,3.0,2,0.6720913275112808,0.05741642921385531,3,"{""model__n_components"": 8}"
fold_state_stratified,4,level1_crossfit,B08_C1_PLS,3.0,3,0.692967815437015,0.05888673083908946,4,"{""model__n_components"": 12}"
fold_state_stratified,4,level1_crossfit,B08_C1_PLS,3.0,4,0.6969459575401036,0.06345116871911022,5,"{""model__n_components"": 20}"
fold_state_stratified,4,outer_refit,B08_C1_PLS,,0,0.5249022752289424,0.05963973391255146,1,"{""model__n_components"": 2}"
fold_state_stratified,4,outer_refit,B08_C1_PLS,,1,0.5432785625902706,0.055381388008578544,2,"{""model__n_components"": 4}"
fold_state_stratified,4,outer_refit,B08_C1_PLS,,2,0.6934031311013648,0.015804054791775754,3,"{""model__n_components"": 8}"
fold_state_stratified,4,outer_refit,B08_C1_PLS,,3,0.7452330212665729,0.039042107628739144,4,"{""model__n_components"": 12}"
fold_state_stratified,4,outer_refit,B08_C1_PLS,,4,0.8380598310635068,0.03963846574600957,5,"{""model__n_components"": 20}"
fold_state_stratified,4,level1_crossfit,B09_C0_PCA_Ridge,1.0,0,0.62441147065233,0.0156709701684824,4,"{""model__alpha"": 10.0, ""pca__n_components"": 0.8}"
fold_state_stratified,4,level1_crossfit,B09_C0_PCA_Ridge,1.0,1,0.6201543810087278,0.013854555320908846,3,"{""model__alpha"": 100.0, ""pca__n_components"": 0.8}"
fold_state_stratified,4,level1_crossfit,B09_C0_PCA_Ridge,1.0,2,0.6080625550849914,0.002381130693305533,1,"{""model__alpha"": 1000.0, ""pca__n_components"": 0.8}"
fold_state_stratified,4,level1_crossfit,B09_C0_PCA_Ridge,1.0,3,0.6506606567299549,0.047995071781942344,7,"{""model__alpha"": 10.0, ""pca__n_components"": 0.9}"
fold_state_stratified,4,level1_crossfit,B09_C0_PCA_Ridge,1.0,4,0.641986927885347,0.04377852433059731,6,"{""model__alpha"": 100.0, ""pca__n_components"": 0.9}"
fold_state_stratified,4,level1_crossfit,B09_C0_PCA_Ridge,1.0,5,0.6153051510193606,0.014674407893190744,2,"{""model__alpha"": 1000.0, ""pca__n_components"": 0.9}"
fold_state_stratified,4,level1_crossfit,B09_C0_PCA_Ridge,1.0,6,0.706243980975007,0.03513449795783402,9,"{""model__alpha"": 10.0, ""pca__n_components"": 0.95}"
fold_state_stratified,4,level1_crossfit,B09_C0_PCA_Ridge,1.0,7,0.6842789001110781,0.03350634377775502,8,"{""model__alpha"": 100.0, ""pca__n_components"": 0.95}"
fold_state_stratified,4,level1_crossfit,B09_C0_PCA_Ridge,1.0,8,0.6255373883701446,0.012229792449157673,5,"{""model__alpha"": 1000.0, ""pca__n_components"": 0.95}"
fold_state_stratified,4,level1_crossfit,B09_C0_PCA_Ridge,2.0,0,0.5701605474570961,0.09310176148904539,2,"{""model__alpha"": 10.0, ""pca__n_components"": 0.8}"
fold_state_stratified,4,level1_crossfit,B09_C0_PCA_Ridge,2.0,1,0.5698611670262136,0.09330689959665187,1,"{""model__alpha"": 100.0, ""pca__n_components"": 0.8}"
fold_state_stratified,4,level1_crossfit,B09_C0_PCA_Ridge,2.0,2,0.5844787364795003,0.0870664540044285,3,"{""model__alpha"": 1000.0, ""pca__n_components"": 0.8}"
fold_state_stratified,4,level1_crossfit,B09_C0_PCA_Ridge,2.0,3,0.6006589885541833,0.06644818384104345,8,"{""model__alpha"": 10.0, ""pca__n_components"": 0.9}"
fold_state_stratified,4,level1_crossfit,B09_C0_PCA_Ridge,2.0,4,0.5952407073206305,0.07012893041842805,6,"{""model__alpha"": 100.0, ""pca__n_components"": 0.9}"
fold_state_stratified,4,level1_crossfit,B09_C0_PCA_Ridge,2.0,5,0.5932676106419199,0.07646887401843883,5,"{""model__alpha"": 1000.0, ""pca__n_components"": 0.9}"
fold_state_stratified,4,level1_crossfit,B09_C0_PCA_Ridge,2.0,6,0.6046857509901951,0.06108667680978658,9,"{""model__alpha"": 10.0, ""pca__n_components"": 0.95}"
fold_state_stratified,4,level1_crossfit,B09_C0_PCA_Ridge,2.0,7,0.5965917761927606,0.06579846655064508,7,"{""model__alpha"": 100.0, ""pca__n_components"": 0.95}"
fold_state_stratified,4,level1_crossfit,B09_C0_PCA_Ridge,2.0,8,0.5915198584472177,0.07518554823965712,4,"{""model__alpha"": 1000.0, ""pca__n_components"": 0.95}"
fold_state_stratified,4,level1_crossfit,B09_C0_PCA_Ridge,3.0,0,0.5370548657374401,0.022547861381945866,2,"{""model__alpha"": 10.0, ""pca__n_components"": 0.8}"
fold_state_stratified,4,level1_crossfit,B09_C0_PCA_Ridge,3.0,1,0.5362383361844159,0.020737276925457848,1,"{""model__alpha"": 100.0, ""pca__n_components"": 0.8}"
fold_state_stratified,4,level1_crossfit,B09_C0_PCA_Ridge,3.0,2,0.5465775667481194,0.011416582153202681,6,"{""model__alpha"": 1000.0, ""pca__n_components"": 0.8}"
fold_state_stratified,4,level1_crossfit,B09_C0_PCA_Ridge,3.0,3,0.5446297770059867,0.020528775617405903,4,"{""model__alpha"": 10.0, ""pca__n_components"": 0.9}"
fold_state_stratified,4,level1_crossfit,B09_C0_PCA_Ridge,3.0,4,0.5411638449467902,0.020226939748056505,3,"{""model__alpha"": 100.0, ""pca__n_components"": 0.9}"
fold_state_stratified,4,level1_crossfit,B09_C0_PCA_Ridge,3.0,5,0.5455883443453572,0.013586140357421783,5,"{""model__alpha"": 1000.0, ""pca__n_components"": 0.9}"
fold_state_stratified,4,level1_crossfit,B09_C0_PCA_Ridge,3.0,6,0.586686155375159,0.018900957397681883,9,"{""model__alpha"": 10.0, ""pca__n_components"": 0.95}"
fold_state_stratified,4,level1_crossfit,B09_C0_PCA_Ridge,3.0,7,0.5729803403072671,0.010857668179562019,8,"{""model__alpha"": 100.0, ""pca__n_components"": 0.95}"
fold_state_stratified,4,level1_crossfit,B09_C0_PCA_Ridge,3.0,8,0.5528662349495718,0.0056639352773966145,7,"{""model__alpha"": 1000.0, ""pca__n_components"": 0.95}"
fold_state_stratified,4,outer_refit,B09_C0_PCA_Ridge,,0,0.5110167565226679,0.06143518657041927,2,"{""model__alpha"": 10.0, ""pca__n_components"": 0.8}"
fold_state_stratified,4,outer_refit,B09_C0_PCA_Ridge,,1,0.5096520736095002,0.06333010430285459,1,"{""model__alpha"": 100.0, ""pca__n_components"": 0.8}"
fold_state_stratified,4,outer_refit,B09_C0_PCA_Ridge,,2,0.5111627131979173,0.06896702327627684,4,"{""model__alpha"": 1000.0, ""pca__n_components"": 0.8}"
fold_state_stratified,4,outer_refit,B09_C0_PCA_Ridge,,3,0.5412719288118387,0.05318756801220791,9,"{""model__alpha"": 10.0, ""pca__n_components"": 0.9}"
fold_state_stratified,4,outer_refit,B09_C0_PCA_Ridge,,4,0.5331140015573596,0.055134037589603245,7,"{""model__alpha"": 100.0, ""pca__n_components"": 0.9}"
fold_state_stratified,4,outer_refit,B09_C0_PCA_Ridge,,5,0.515702596307148,0.06545094882497177,5,"{""model__alpha"": 1000.0, ""pca__n_components"": 0.9}"
fold_state_stratified,4,outer_refit,B09_C0_PCA_Ridge,,6,0.5404741551983736,0.060355879768210795,8,"{""model__alpha"": 10.0, ""pca__n_components"": 0.95}"
fold_state_stratified,4,outer_refit,B09_C0_PCA_Ridge,,7,0.5291829129425606,0.06304272884553244,6,"{""model__alpha"": 100.0, ""pca__n_components"": 0.95}"
fold_state_stratified,4,outer_refit,B09_C0_PCA_Ridge,,8,0.5111179141591412,0.06874705865265968,3,"{""model__alpha"": 1000.0, ""pca__n_components"": 0.95}"
fold_state_stratified,4,level1_crossfit,B10_C1_PCA_Ridge,1.0,0,0.541683012549089,0.006763648820122092,1,"{""model__alpha"": 10.0, ""pca__n_components"": 0.8}"
fold_state_stratified,4,level1_crossfit,B10_C1_PCA_Ridge,1.0,1,0.5432515046014379,0.017146151657814912,2,"{""model__alpha"": 100.0, ""pca__n_components"": 0.8}"
fold_state_stratified,4,level1_crossfit,B10_C1_PCA_Ridge,1.0,2,0.5831578627386275,0.05426978536235216,9,"{""model__alpha"": 1000.0, ""pca__n_components"": 0.8}"
fold_state_stratified,4,level1_crossfit,B10_C1_PCA_Ridge,1.0,3,0.5527186184322129,0.009102989085682522,5,"{""model__alpha"": 10.0, ""pca__n_components"": 0.9}"
fold_state_stratified,4,level1_crossfit,B10_C1_PCA_Ridge,1.0,4,0.5438020675291599,0.005584795592611713,3,"{""model__alpha"": 100.0, ""pca__n_components"": 0.9}"
fold_state_stratified,4,level1_crossfit,B10_C1_PCA_Ridge,1.0,5,0.5785057151784554,0.05460958127448717,7,"{""model__alpha"": 1000.0, ""pca__n_components"": 0.9}"
fold_state_stratified,4,level1_crossfit,B10_C1_PCA_Ridge,1.0,6,0.576501257458842,0.06276512206364432,6,"{""model__alpha"": 10.0, ""pca__n_components"": 0.95}"
fold_state_stratified,4,level1_crossfit,B10_C1_PCA_Ridge,1.0,7,0.5507128449499279,0.025458527103247475,4,"{""model__alpha"": 100.0, ""pca__n_components"": 0.95}"
fold_state_stratified,4,level1_crossfit,B10_C1_PCA_Ridge,1.0,8,0.5790664666902308,0.04880236836629476,8,"{""model__alpha"": 1000.0, ""pca__n_components"": 0.95}"
fold_state_stratified,4,level1_crossfit,B10_C1_PCA_Ridge,2.0,0,0.6680188446747113,0.0030728906405214085,8,"{""model__alpha"": 10.0, ""pca__n_components"": 0.8}"
fold_state_stratified,4,level1_crossfit,B10_C1_PCA_Ridge,2.0,1,0.6626038987380483,0.0003065246998539828,5,"{""model__alpha"": 100.0, ""pca__n_components"": 0.8}"
fold_state_stratified,4,level1_crossfit,B10_C1_PCA_Ridge,2.0,2,0.6712842204555002,0.016032710513670057,9,"{""model__alpha"": 1000.0, ""pca__n_components"": 0.8}"
fold_state_stratified,4,level1_crossfit,B10_C1_PCA_Ridge,2.0,3,0.6465686498294967,0.01588598770758437,4,"{""model__alpha"": 10.0, ""pca__n_components"": 0.9}"
fold_state_stratified,4,level1_crossfit,B10_C1_PCA_Ridge,2.0,4,0.6434845361337456,0.016502579406915963,3,"{""model__alpha"": 100.0, ""pca__n_components"": 0.9}"
fold_state_stratified,4,level1_crossfit,B10_C1_PCA_Ridge,2.0,5,0.6674619662327019,0.022920366048273022,7,"{""model__alpha"": 1000.0, ""pca__n_components"": 0.9}"
fold_state_stratified,4,level1_crossfit,B10_C1_PCA_Ridge,2.0,6,0.6415533456424136,0.03840963206897796,2,"{""model__alpha"": 10.0, ""pca__n_components"": 0.95}"
fold_state_stratified,4,level1_crossfit,B10_C1_PCA_Ridge,2.0,7,0.6351301028295941,0.032822579984305766,1,"{""model__alpha"": 100.0, ""pca__n_components"": 0.95}"
fold_state_stratified,4,level1_crossfit,B10_C1_PCA_Ridge,2.0,8,0.6645031088535809,0.02661926425759298,6,"{""model__alpha"": 1000.0, ""pca__n_components"": 0.95}"
fold_state_stratified,4,level1_crossfit,B10_C1_PCA_Ridge,3.0,0,0.5016162239960975,0.029553809480270754,1,"{""model__alpha"": 10.0, ""pca__n_components"": 0.8}"
fold_state_stratified,4,level1_crossfit,B10_C1_PCA_Ridge,3.0,1,0.5042721608102524,0.02658670473587102,2,"{""model__alpha"": 100.0, ""pca__n_components"": 0.8}"
fold_state_stratified,4,level1_crossfit,B10_C1_PCA_Ridge,3.0,2,0.5615035595026645,0.017563959903285464,8,"{""model__alpha"": 1000.0, ""pca__n_components"": 0.8}"
fold_state_stratified,4,level1_crossfit,B10_C1_PCA_Ridge,3.0,3,0.5339416263892709,0.004470928908191063,6,"{""model__alpha"": 10.0, ""pca__n_components"": 0.9}"
fold_state_stratified,4,level1_crossfit,B10_C1_PCA_Ridge,3.0,4,0.5249821169213602,0.0021088084864246404,4,"{""model__alpha"": 100.0, ""pca__n_components"": 0.9}"
fold_state_stratified,4,level1_crossfit,B10_C1_PCA_Ridge,3.0,5,0.5679838262955134,0.010956730108516721,9,"{""model__alpha"": 1000.0, ""pca__n_components"": 0.9}"
fold_state_stratified,4,level1_crossfit,B10_C1_PCA_Ridge,3.0,6,0.5326622983167622,0.013216628268101827,5,"{""model__alpha"": 10.0, ""pca__n_components"": 0.95}"
fold_state_stratified,4,level1_crossfit,B10_C1_PCA_Ridge,3.0,7,0.5093622658860631,0.010194164946870948,3,"{""model__alpha"": 100.0, ""pca__n_components"": 0.95}"
fold_state_stratified,4,level1_crossfit,B10_C1_PCA_Ridge,3.0,8,0.5601475316312909,0.01110648934357178,7,"{""model__alpha"": 1000.0, ""pca__n_components"": 0.95}"
fold_state_stratified,4,outer_refit,B10_C1_PCA_Ridge,,0,0.521741317459934,0.039947785440338106,3,"{""model__alpha"": 10.0, ""pca__n_components"": 0.8}"
fold_state_stratified,4,outer_refit,B10_C1_PCA_Ridge,,1,0.5232875200414278,0.038308307081238016,4,"{""model__alpha"": 100.0, ""pca__n_components"": 0.8}"
fold_state_stratified,4,outer_refit,B10_C1_PCA_Ridge,,2,0.5497855600416734,0.02528415927364625,8,"{""model__alpha"": 1000.0, ""pca__n_components"": 0.8}"
fold_state_stratified,4,outer_refit,B10_C1_PCA_Ridge,,3,0.514799272019557,0.0443608836108084,2,"{""model__alpha"": 10.0, ""pca__n_components"": 0.9}"
fold_state_stratified,4,outer_refit,B10_C1_PCA_Ridge,,4,0.5064251888558645,0.041096682883486266,1,"{""model__alpha"": 100.0, ""pca__n_components"": 0.9}"
fold_state_stratified,4,outer_refit,B10_C1_PCA_Ridge,,5,0.5308913876429949,0.028365083060004275,6,"{""model__alpha"": 1000.0, ""pca__n_components"": 0.9}"
fold_state_stratified,4,outer_refit,B10_C1_PCA_Ridge,,6,0.5553319616314291,0.0426123678274578,9,"{""model__alpha"": 10.0, ""pca__n_components"": 0.95}"
fold_state_stratified,4,outer_refit,B10_C1_PCA_Ridge,,7,0.5290748318389665,0.039797548216089426,5,"{""model__alpha"": 100.0, ""pca__n_components"": 0.95}"
fold_state_stratified,4,outer_refit,B10_C1_PCA_Ridge,,8,0.5343484491524753,0.029293400228036708,7,"{""model__alpha"": 1000.0, ""pca__n_components"": 0.95}"
fold_state_stratified,5,level1_crossfit,B01_C0_PLS,1.0,0,0.5242192631725695,0.07359403701558495,1,"{""model__n_components"": 2}"
fold_state_stratified,5,level1_crossfit,B01_C0_PLS,1.0,1,0.5612991542402541,0.048280980272022815,2,"{""model__n_components"": 4}"
fold_state_stratified,5,level1_crossfit,B01_C0_PLS,1.0,2,0.632832332378898,0.034555612609809494,3,"{""model__n_components"": 8}"
fold_state_stratified,5,level1_crossfit,B01_C0_PLS,1.0,3,0.642249543767696,0.038939912754519634,4,"{""model__n_components"": 12}"
fold_state_stratified,5,level1_crossfit,B01_C0_PLS,1.0,4,0.6438540935773686,0.041614242739916985,5,"{""model__n_components"": 20}"
fold_state_stratified,5,level1_crossfit,B01_C0_PLS,2.0,0,0.5691092254282761,0.00220618990739635,1,"{""model__n_components"": 2}"
fold_state_stratified,5,level1_crossfit,B01_C0_PLS,2.0,1,0.6115778804374209,0.01413278320926259,5,"{""model__n_components"": 4}"
fold_state_stratified,5,level1_crossfit,B01_C0_PLS,2.0,2,0.5872383037838522,0.013283141713964441,2,"{""model__n_components"": 8}"
fold_state_stratified,5,level1_crossfit,B01_C0_PLS,2.0,3,0.59321170142939,0.011700424555336597,3,"{""model__n_components"": 12}"
fold_state_stratified,5,level1_crossfit,B01_C0_PLS,2.0,4,0.5936571198308443,0.009522363276069923,4,"{""model__n_components"": 20}"
fold_state_stratified,5,level1_crossfit,B01_C0_PLS,3.0,0,0.6267481427202504,0.10419155821162435,1,"{""model__n_components"": 2}"
fold_state_stratified,5,level1_crossfit,B01_C0_PLS,3.0,1,0.7255733075547014,0.04524335664364043,2,"{""model__n_components"": 4}"
fold_state_stratified,5,level1_crossfit,B01_C0_PLS,3.0,2,0.8153308650046858,0.023187696483720932,3,"{""model__n_components"": 8}"
fold_state_stratified,5,level1_crossfit,B01_C0_PLS,3.0,3,0.8302120217028783,0.0240565775591165,4,"{""model__n_components"": 12}"
fold_state_stratified,5,level1_crossfit,B01_C0_PLS,3.0,4,0.8304779231194419,0.024407017610886206,5,"{""model__n_components"": 20}"
fold_state_stratified,5,outer_refit,B01_C0_PLS,,0,0.5395631638048483,0.09154986136995612,1,"{""model__n_components"": 2}"
fold_state_stratified,5,outer_refit,B01_C0_PLS,,1,0.5542418259998637,0.06662717219159561,3,"{""model__n_components"": 4}"
fold_state_stratified,5,outer_refit,B01_C0_PLS,,2,0.548714230649528,0.03573747450324697,2,"{""model__n_components"": 8}"
fold_state_stratified,5,outer_refit,B01_C0_PLS,,3,0.6034333717089186,0.050826795605184015,4,"{""model__n_components"": 12}"
fold_state_stratified,5,outer_refit,B01_C0_PLS,,4,0.6243277036189396,0.03858184619391036,5,"{""model__n_components"": 20}"
fold_state_stratified,5,level1_crossfit,B02_C3_Ridge,1.0,0,0.5674196130542479,0.03637834884790819,5,"{""model__alpha"": 0.1}"
fold_state_stratified,5,level1_crossfit,B02_C3_Ridge,1.0,1,0.5670417616735799,0.03659385449331959,4,"{""model__alpha"": 1.0}"
fold_state_stratified,5,level1_crossfit,B02_C3_Ridge,1.0,2,0.5634837222353282,0.038579799004275994,3,"{""model__alpha"": 10.0}"
fold_state_stratified,5,level1_crossfit,B02_C3_Ridge,1.0,3,0.5414857357029768,0.048586817371358726,2,"{""model__alpha"": 100.0}"
fold_state_stratified,5,level1_crossfit,B02_C3_Ridge,1.0,4,0.5153504535991377,0.04785157868476553,1,"{""model__alpha"": 1000.0}"
fold_state_stratified,5,level1_crossfit,B02_C3_Ridge,1.0,5,0.6228406698849029,0.04897153156626727,6,"{""model__alpha"": 10000.0}"
fold_state_stratified,5,level1_crossfit,B02_C3_Ridge,2.0,0,0.6309607854695003,0.0005901673957474096,5,"{""model__alpha"": 0.1}"
fold_state_stratified,5,level1_crossfit,B02_C3_Ridge,2.0,1,0.6305729315322776,0.0007231556526032801,4,"{""model__alpha"": 1.0}"
fold_state_stratified,5,level1_crossfit,B02_C3_Ridge,2.0,2,0.6269453204345086,0.001976595400464909,3,"{""model__alpha"": 10.0}"
fold_state_stratified,5,level1_crossfit,B02_C3_Ridge,2.0,3,0.6055102310681002,0.008915725397461605,2,"{""model__alpha"": 100.0}"
fold_state_stratified,5,level1_crossfit,B02_C3_Ridge,2.0,4,0.5805948496855333,0.004778524928506833,1,"{""model__alpha"": 1000.0}"
fold_state_stratified,5,level1_crossfit,B02_C3_Ridge,2.0,5,0.663491676426999,0.022619782385233322,6,"{""model__alpha"": 10000.0}"
fold_state_stratified,5,level1_crossfit,B02_C3_Ridge,3.0,0,0.7135925041422733,0.01701973539314966,6,"{""model__alpha"": 0.1}"
fold_state_stratified,5,level1_crossfit,B02_C3_Ridge,3.0,1,0.7127697478208921,0.016493055223046726,5,"{""model__alpha"": 1.0}"
fold_state_stratified,5,level1_crossfit,B02_C3_Ridge,3.0,2,0.7051676831662561,0.011716995933832963,3,"{""model__alpha"": 10.0}"
fold_state_stratified,5,level1_crossfit,B02_C3_Ridge,3.0,3,0.6631423241894364,0.010894383089070647,2,"{""model__alpha"": 100.0}"
fold_state_stratified,5,level1_crossfit,B02_C3_Ridge,3.0,4,0.6201295038749466,0.016416910285248554,1,"{""model__alpha"": 1000.0}"
fold_state_stratified,5,level1_crossfit,B02_C3_Ridge,3.0,5,0.7114839828651527,0.016956496747565553,4,"{""model__alpha"": 10000.0}"
fold_state_stratified,5,outer_refit,B02_C3_Ridge,,0,0.6486094682616169,0.07067614207869469,6,"{""model__alpha"": 0.1}"
fold_state_stratified,5,outer_refit,B02_C3_Ridge,,1,0.6471140268757288,0.07104530745372364,5,"{""model__alpha"": 1.0}"
fold_state_stratified,5,outer_refit,B02_C3_Ridge,,2,0.6337995903969494,0.07434978037507743,4,"{""model__alpha"": 10.0}"
fold_state_stratified,5,outer_refit,B02_C3_Ridge,,3,0.5741939068028948,0.08754980666872968,2,"{""model__alpha"": 100.0}"
fold_state_stratified,5,outer_refit,B02_C3_Ridge,,4,0.5267262199922559,0.0822754844210698,1,"{""model__alpha"": 1000.0}"
fold_state_stratified,5,outer_refit,B02_C3_Ridge,,5,0.5941337111787605,0.07208067661137575,3,"{""model__alpha"": 10000.0}"
fold_state_stratified,5,level1_crossfit,B03_C1_CatBoost,1.0,0,0.5528761254450236,0.023738613456997404,1,"{""model__depth"": 4, ""model__l2_leaf_reg"": 3.0, ""model__learning_rate"": 0.03}"
fold_state_stratified,5,level1_crossfit,B03_C1_CatBoost,1.0,1,0.5664192950471831,0.020424438245241983,2,"{""model__depth"": 4, ""model__l2_leaf_reg"": 6.0, ""model__learning_rate"": 0.06}"
fold_state_stratified,5,level1_crossfit,B03_C1_CatBoost,1.0,2,0.5793440601248081,0.014455396904051787,4,"{""model__depth"": 5, ""model__l2_leaf_reg"": 10.0, ""model__learning_rate"": 0.03}"
fold_state_stratified,5,level1_crossfit,B03_C1_CatBoost,1.0,3,0.57205802142526,0.01603904277739837,3,"{""model__depth"": 5, ""model__l2_leaf_reg"": 3.0, ""model__learning_rate"": 0.06}"
fold_state_stratified,5,level1_crossfit,B03_C1_CatBoost,1.0,4,0.5841147404013305,0.011016116965546885,6,"{""model__depth"": 6, ""model__l2_leaf_reg"": 6.0, ""model__learning_rate"": 0.03}"
fold_state_stratified,5,level1_crossfit,B03_C1_CatBoost,1.0,5,0.5831988224596526,0.018374913771509682,5,"{""model__depth"": 6, ""model__l2_leaf_reg"": 10.0, ""model__learning_rate"": 0.06}"
fold_state_stratified,5,level1_crossfit,B03_C1_CatBoost,2.0,0,0.5596746852743408,0.0358441570093635,1,"{""model__depth"": 4, ""model__l2_leaf_reg"": 3.0, ""model__learning_rate"": 0.03}"
fold_state_stratified,5,level1_crossfit,B03_C1_CatBoost,2.0,1,0.5726197798622126,0.016737369172508954,6,"{""model__depth"": 4, ""model__l2_leaf_reg"": 6.0, ""model__learning_rate"": 0.06}"
fold_state_stratified,5,level1_crossfit,B03_C1_CatBoost,2.0,2,0.5614425840893739,0.023969383678806078,3,"{""model__depth"": 5, ""model__l2_leaf_reg"": 10.0, ""model__learning_rate"": 0.03}"
fold_state_stratified,5,level1_crossfit,B03_C1_CatBoost,2.0,3,0.5602140945953472,0.030864958249944507,2,"{""model__depth"": 5, ""model__l2_leaf_reg"": 3.0, ""model__learning_rate"": 0.06}"
fold_state_stratified,5,level1_crossfit,B03_C1_CatBoost,2.0,4,0.5705481714227656,0.031018215479822975,5,"{""model__depth"": 6, ""model__l2_leaf_reg"": 6.0, ""model__learning_rate"": 0.03}"
fold_state_stratified,5,level1_crossfit,B03_C1_CatBoost,2.0,5,0.5685063399669295,0.019879355337562687,4,"{""model__depth"": 6, ""model__l2_leaf_reg"": 10.0, ""model__learning_rate"": 0.06}"
fold_state_stratified,5,level1_crossfit,B03_C1_CatBoost,3.0,0,0.5759868205670193,0.05286344999464626,2,"{""model__depth"": 4, ""model__l2_leaf_reg"": 3.0, ""model__learning_rate"": 0.03}"
fold_state_stratified,5,level1_crossfit,B03_C1_CatBoost,3.0,1,0.575450706620259,0.05167577360033965,1,"{""model__depth"": 4, ""model__l2_leaf_reg"": 6.0, ""model__learning_rate"": 0.06}"
fold_state_stratified,5,level1_crossfit,B03_C1_CatBoost,3.0,2,0.5871785676323259,0.023152611195654815,5,"{""model__depth"": 5, ""model__l2_leaf_reg"": 10.0, ""model__learning_rate"": 0.03}"
fold_state_stratified,5,level1_crossfit,B03_C1_CatBoost,3.0,3,0.5849982982223645,0.030315004710173565,4,"{""model__depth"": 5, ""model__l2_leaf_reg"": 3.0, ""model__learning_rate"": 0.06}"
fold_state_stratified,5,level1_crossfit,B03_C1_CatBoost,3.0,4,0.5813701904855628,0.04265446361521036,3,"{""model__depth"": 6, ""model__l2_leaf_reg"": 6.0, ""model__learning_rate"": 0.03}"
fold_state_stratified,5,level1_crossfit,B03_C1_CatBoost,3.0,5,0.588817744505762,0.038830158726211206,6,"{""model__depth"": 6, ""model__l2_leaf_reg"": 10.0, ""model__learning_rate"": 0.06}"
fold_state_stratified,5,outer_refit,B03_C1_CatBoost,,0,0.5385248496157613,0.06063003478217321,4,"{""model__depth"": 4, ""model__l2_leaf_reg"": 3.0, ""model__learning_rate"": 0.03}"
fold_state_stratified,5,outer_refit,B03_C1_CatBoost,,1,0.5326600528049332,0.06545685039794849,3,"{""model__depth"": 4, ""model__l2_leaf_reg"": 6.0, ""model__learning_rate"": 0.06}"
fold_state_stratified,5,outer_refit,B03_C1_CatBoost,,2,0.5405782887227973,0.05796249531395116,5,"{""model__depth"": 5, ""model__l2_leaf_reg"": 10.0, ""model__learning_rate"": 0.03}"
fold_state_stratified,5,outer_refit,B03_C1_CatBoost,,3,0.530769808087951,0.0501878263543336,2,"{""model__depth"": 5, ""model__l2_leaf_reg"": 3.0, ""model__learning_rate"": 0.06}"
fold_state_stratified,5,outer_refit,B03_C1_CatBoost,,4,0.5307560286593919,0.06496578331729344,1,"{""model__depth"": 6, ""model__l2_leaf_reg"": 6.0, ""model__learning_rate"": 0.03}"
fold_state_stratified,5,outer_refit,B03_C1_CatBoost,,5,0.5414895130685285,0.06027733875869524,6,"{""model__depth"": 6, ""model__l2_leaf_reg"": 10.0, ""model__learning_rate"": 0.06}"
fold_state_stratified,5,level1_crossfit,B04_C0_Ridge,1.0,0,0.656733837300952,0.06973505573639494,5,"{""model__alpha"": 0.1}"
fold_state_stratified,5,level1_crossfit,B04_C0_Ridge,1.0,1,0.655976322345631,0.06910983162945944,4,"{""model__alpha"": 1.0}"
fold_state_stratified,5,level1_crossfit,B04_C0_Ridge,1.0,2,0.6488430121332951,0.06319428568569235,3,"{""model__alpha"": 10.0}"
fold_state_stratified,5,level1_crossfit,B04_C0_Ridge,1.0,3,0.6043534615635464,0.025019900971050113,2,"{""model__alpha"": 100.0}"
fold_state_stratified,5,level1_crossfit,B04_C0_Ridge,1.0,4,0.5450140579889057,0.042784109003256354,1,"{""model__alpha"": 1000.0}"
fold_state_stratified,5,level1_crossfit,B04_C0_Ridge,1.0,5,0.6769823005397382,0.04786305802883822,6,"{""model__alpha"": 10000.0}"
fold_state_stratified,5,level1_crossfit,B04_C0_Ridge,2.0,0,0.7528004373991104,0.0050503461384197035,6,"{""model__alpha"": 0.1}"
fold_state_stratified,5,level1_crossfit,B04_C0_Ridge,2.0,1,0.7522654389401213,0.004788332450596289,5,"{""model__alpha"": 1.0}"
fold_state_stratified,5,level1_crossfit,B04_C0_Ridge,2.0,2,0.7472040718818787,0.0023659313168198914,4,"{""model__alpha"": 10.0}"
fold_state_stratified,5,level1_crossfit,B04_C0_Ridge,2.0,3,0.7148933736180515,0.010081213509851583,2,"{""model__alpha"": 100.0}"
fold_state_stratified,5,level1_crossfit,B04_C0_Ridge,2.0,4,0.6725042943869833,0.0033643074011017182,1,"{""model__alpha"": 1000.0}"
fold_state_stratified,5,level1_crossfit,B04_C0_Ridge,2.0,5,0.728982826967244,0.08003940863606906,3,"{""model__alpha"": 10000.0}"
fold_state_stratified,5,level1_crossfit,B04_C0_Ridge,3.0,0,0.7539734784042784,0.009806165083760365,5,"{""model__alpha"": 0.1}"
fold_state_stratified,5,level1_crossfit,B04_C0_Ridge,3.0,1,0.7528791219079455,0.008808807505539917,4,"{""model__alpha"": 1.0}"
fold_state_stratified,5,level1_crossfit,B04_C0_Ridge,3.0,2,0.7429058726644392,0.00024872898054328907,3,"{""model__alpha"": 10.0}"
fold_state_stratified,5,level1_crossfit,B04_C0_Ridge,3.0,3,0.6933067483142428,0.04397120656495496,2,"{""model__alpha"": 100.0}"
fold_state_stratified,5,level1_crossfit,B04_C0_Ridge,3.0,4,0.666122594522743,0.06089121786855989,1,"{""model__alpha"": 1000.0}"
fold_state_stratified,5,level1_crossfit,B04_C0_Ridge,3.0,5,0.7721997034717697,0.025109524770698166,6,"{""model__alpha"": 10000.0}"
fold_state_stratified,5,outer_refit,B04_C0_Ridge,,0,0.7406815880231307,0.0627598037979766,6,"{""model__alpha"": 0.1}"
fold_state_stratified,5,outer_refit,B04_C0_Ridge,,1,0.7391194615441018,0.06251062420889669,5,"{""model__alpha"": 1.0}"
fold_state_stratified,5,outer_refit,B04_C0_Ridge,,2,0.7249847707330644,0.06094527948274711,4,"{""model__alpha"": 10.0}"
fold_state_stratified,5,outer_refit,B04_C0_Ridge,,3,0.6537712969435922,0.07208725156007806,3,"{""model__alpha"": 100.0}"
fold_state_stratified,5,outer_refit,B04_C0_Ridge,,4,0.5780856764496058,0.09433638700791769,1,"{""model__alpha"": 1000.0}"
fold_state_stratified,5,outer_refit,B04_C0_Ridge,,5,0.6494855692101106,0.0771686279485651,2,"{""model__alpha"": 10000.0}"
fold_state_stratified,5,level1_crossfit,B05_C3_PLS,1.0,0,0.5276199459004695,0.07219363852406255,1,"{""model__n_components"": 2}"
fold_state_stratified,5,level1_crossfit,B05_C3_PLS,1.0,1,0.5977108640478325,0.002545624774207611,2,"{""model__n_components"": 4}"
fold_state_stratified,5,level1_crossfit,B05_C3_PLS,1.0,2,0.6472836713158852,0.029555067514183797,3,"{""model__n_components"": 8}"
fold_state_stratified,5,level1_crossfit,B05_C3_PLS,1.0,3,0.6630302595923984,0.04561868503942412,4,"{""model__n_components"": 12}"
fold_state_stratified,5,level1_crossfit,B05_C3_PLS,1.0,4,0.6669566064727337,0.05018440705166344,5,"{""model__n_components"": 20}"
fold_state_stratified,5,level1_crossfit,B05_C3_PLS,2.0,0,0.5218199431381182,0.03832941452186314,1,"{""model__n_components"": 2}"
fold_state_stratified,5,level1_crossfit,B05_C3_PLS,2.0,1,0.5506515161250447,0.04301783409056553,2,"{""model__n_components"": 4}"
fold_state_stratified,5,level1_crossfit,B05_C3_PLS,2.0,2,0.5531330345228449,0.015493145086772242,3,"{""model__n_components"": 8}"
fold_state_stratified,5,level1_crossfit,B05_C3_PLS,2.0,3,0.5705778220406715,0.0068460802779877206,5,"{""model__n_components"": 12}"
fold_state_stratified,5,level1_crossfit,B05_C3_PLS,2.0,4,0.5689621566708778,0.007978021146986813,4,"{""model__n_components"": 20}"
fold_state_stratified,5,level1_crossfit,B05_C3_PLS,3.0,0,0.6069982586188583,0.03332933411066036,1,"{""model__n_components"": 2}"
fold_state_stratified,5,level1_crossfit,B05_C3_PLS,3.0,1,0.6745114660965515,0.01110028031483612,2,"{""model__n_components"": 4}"
fold_state_stratified,5,level1_crossfit,B05_C3_PLS,3.0,2,0.7501692125210024,0.03199661127463432,3,"{""model__n_components"": 8}"
fold_state_stratified,5,level1_crossfit,B05_C3_PLS,3.0,3,0.7722829153422339,0.05710464316037628,4,"{""model__n_components"": 12}"
fold_state_stratified,5,level1_crossfit,B05_C3_PLS,3.0,4,0.7737330743224757,0.05668859604744514,5,"{""model__n_components"": 20}"
fold_state_stratified,5,outer_refit,B05_C3_PLS,,0,0.5168715966932954,0.0730516362224146,1,"{""model__n_components"": 2}"
fold_state_stratified,5,outer_refit,B05_C3_PLS,,1,0.5443610227662204,0.055911611435817465,2,"{""model__n_components"": 4}"
fold_state_stratified,5,outer_refit,B05_C3_PLS,,2,0.5794984454773587,0.020422555096864452,3,"{""model__n_components"": 8}"
fold_state_stratified,5,outer_refit,B05_C3_PLS,,3,0.6012038206025606,0.013721011907516437,4,"{""model__n_components"": 12}"
fold_state_stratified,5,outer_refit,B05_C3_PLS,,4,0.6182304784800444,0.014285275392084658,5,"{""model__n_components"": 20}"
fold_state_stratified,5,level1_crossfit,B06_C2_PLS,1.0,0,0.5139264639347831,0.051376183479999005,1,"{""model__n_components"": 2}"
fold_state_stratified,5,level1_crossfit,B06_C2_PLS,1.0,1,0.5861798636977582,0.014821535848820011,2,"{""model__n_components"": 4}"
fold_state_stratified,5,level1_crossfit,B06_C2_PLS,1.0,2,0.6404395999852449,0.040168600512160424,3,"{""model__n_components"": 8}"
fold_state_stratified,5,level1_crossfit,B06_C2_PLS,1.0,3,0.648998125772587,0.05625689519973237,5,"{""model__n_components"": 12}"
fold_state_stratified,5,level1_crossfit,B06_C2_PLS,1.0,4,0.6483477287203924,0.055750442281211954,4,"{""model__n_components"": 20}"
fold_state_stratified,5,level1_crossfit,B06_C2_PLS,2.0,0,0.5216814743915638,0.003212685622644651,1,"{""model__n_components"": 2}"
fold_state_stratified,5,level1_crossfit,B06_C2_PLS,2.0,1,0.5349649284285579,0.043530582989326855,2,"{""model__n_components"": 4}"
fold_state_stratified,5,level1_crossfit,B06_C2_PLS,2.0,2,0.58121031620692,0.023113517879057632,3,"{""model__n_components"": 8}"
fold_state_stratified,5,level1_crossfit,B06_C2_PLS,2.0,3,0.5880730578646508,0.022979375393773926,4,"{""model__n_components"": 12}"
fold_state_stratified,5,level1_crossfit,B06_C2_PLS,2.0,4,0.5893374999037475,0.02398915087614767,5,"{""model__n_components"": 20}"
fold_state_stratified,5,level1_crossfit,B06_C2_PLS,3.0,0,0.6391459073261372,0.1545342605401591,1,"{""model__n_components"": 2}"
fold_state_stratified,5,level1_crossfit,B06_C2_PLS,3.0,1,0.6686199327968296,0.09634978121054438,2,"{""model__n_components"": 4}"
fold_state_stratified,5,level1_crossfit,B06_C2_PLS,3.0,2,0.7484900589016517,0.031241124784035235,3,"{""model__n_components"": 8}"
fold_state_stratified,5,level1_crossfit,B06_C2_PLS,3.0,3,0.7530430881268478,0.021278457944229223,5,"{""model__n_components"": 12}"
fold_state_stratified,5,level1_crossfit,B06_C2_PLS,3.0,4,0.7529754987928994,0.021482470746700677,4,"{""model__n_components"": 20}"
fold_state_stratified,5,outer_refit,B06_C2_PLS,,0,0.5508221624222674,0.05274201391961328,1,"{""model__n_components"": 2}"
fold_state_stratified,5,outer_refit,B06_C2_PLS,,1,0.5549826660099432,0.09875751068414115,2,"{""model__n_components"": 4}"
fold_state_stratified,5,outer_refit,B06_C2_PLS,,2,0.5776703084965,0.1060713901035133,3,"{""model__n_components"": 8}"
fold_state_stratified,5,outer_refit,B06_C2_PLS,,3,0.6123478838006281,0.09726497665362141,4,"{""model__n_components"": 12}"
fold_state_stratified,5,outer_refit,B06_C2_PLS,,4,0.6319885533743677,0.08773997123426477,5,"{""model__n_components"": 20}"
fold_state_stratified,5,level1_crossfit,B07_C1_ExtraTrees,1.0,0,0.5308550487357448,0.027202925419958,3,"{""model__max_features"": ""sqrt"", ""model__min_samples_leaf"": 2}"
fold_state_stratified,5,level1_crossfit,B07_C1_ExtraTrees,1.0,1,0.5289564903737832,0.0313230097048772,2,"{""model__max_features"": ""sqrt"", ""model__min_samples_leaf"": 3}"
fold_state_stratified,5,level1_crossfit,B07_C1_ExtraTrees,1.0,2,0.5333522152468457,0.04224704412191074,4,"{""model__max_features"": ""sqrt"", ""model__min_samples_leaf"": 5}"
fold_state_stratified,5,level1_crossfit,B07_C1_ExtraTrees,1.0,3,0.5357334288130173,0.018652894721930713,6,"{""model__max_features"": 0.3, ""model__min_samples_leaf"": 2}"
fold_state_stratified,5,level1_crossfit,B07_C1_ExtraTrees,1.0,4,0.528015308614469,0.013893086452718084,1,"{""model__max_features"": 0.3, ""model__min_samples_leaf"": 3}"
fold_state_stratified,5,level1_crossfit,B07_C1_ExtraTrees,1.0,5,0.534536931787895,0.027821772608422835,5,"{""model__max_features"": 0.3, ""model__min_samples_leaf"": 5}"
fold_state_stratified,5,level1_crossfit,B07_C1_ExtraTrees,2.0,0,0.5434993919382188,0.08948129581026767,2,"{""model__max_features"": ""sqrt"", ""model__min_samples_leaf"": 2}"
fold_state_stratified,5,level1_crossfit,B07_C1_ExtraTrees,2.0,1,0.5490787436658784,0.10076943183403198,5,"{""model__max_features"": ""sqrt"", ""model__min_samples_leaf"": 3}"
fold_state_stratified,5,level1_crossfit,B07_C1_ExtraTrees,2.0,2,0.5714473992946927,0.12039440070314897,6,"{""model__max_features"": ""sqrt"", ""model__min_samples_leaf"": 5}"
fold_state_stratified,5,level1_crossfit,B07_C1_ExtraTrees,2.0,3,0.5388607981787212,0.08194998565091152,1,"{""model__max_features"": 0.3, ""model__min_samples_leaf"": 2}"
fold_state_stratified,5,level1_crossfit,B07_C1_ExtraTrees,2.0,4,0.547950425812643,0.09576871747481971,4,"{""model__max_features"": 0.3, ""model__min_samples_leaf"": 3}"
fold_state_stratified,5,level1_crossfit,B07_C1_ExtraTrees,2.0,5,0.546346806918163,0.1062130090579898,3,"{""model__max_features"": 0.3, ""model__min_samples_leaf"": 5}"
fold_state_stratified,5,level1_crossfit,B07_C1_ExtraTrees,3.0,0,0.6577753434834712,0.08648006508594325,2,"{""model__max_features"": ""sqrt"", ""model__min_samples_leaf"": 2}"
fold_state_stratified,5,level1_crossfit,B07_C1_ExtraTrees,3.0,1,0.6551219801478514,0.09052015662279783,1,"{""model__max_features"": ""sqrt"", ""model__min_samples_leaf"": 3}"
fold_state_stratified,5,level1_crossfit,B07_C1_ExtraTrees,3.0,2,0.6615609437024275,0.10528753809397612,3,"{""model__max_features"": ""sqrt"", ""model__min_samples_leaf"": 5}"
fold_state_stratified,5,level1_crossfit,B07_C1_ExtraTrees,3.0,3,0.6945511366112984,0.05947873218519423,6,"{""model__max_features"": 0.3, ""model__min_samples_leaf"": 2}"
fold_state_stratified,5,level1_crossfit,B07_C1_ExtraTrees,3.0,4,0.6798590784031745,0.07977705982457417,5,"{""model__max_features"": 0.3, ""model__min_samples_leaf"": 3}"
fold_state_stratified,5,level1_crossfit,B07_C1_ExtraTrees,3.0,5,0.678670471241239,0.10123523043918153,4,"{""model__max_features"": 0.3, ""model__min_samples_leaf"": 5}"
fold_state_stratified,5,outer_refit,B07_C1_ExtraTrees,,0,0.5442723757165234,0.02821887943217463,2,"{""model__max_features"": ""sqrt"", ""model__min_samples_leaf"": 2}"
fold_state_stratified,5,outer_refit,B07_C1_ExtraTrees,,1,0.5437056163688971,0.03886751183376068,1,"{""model__max_features"": ""sqrt"", ""model__min_samples_leaf"": 3}"
fold_state_stratified,5,outer_refit,B07_C1_ExtraTrees,,2,0.5510532272549324,0.04566163857257541,6,"{""model__max_features"": ""sqrt"", ""model__min_samples_leaf"": 5}"
fold_state_stratified,5,outer_refit,B07_C1_ExtraTrees,,3,0.5446911337415435,0.014178718150450933,3,"{""model__max_features"": 0.3, ""model__min_samples_leaf"": 2}"
fold_state_stratified,5,outer_refit,B07_C1_ExtraTrees,,4,0.5450507484301524,0.02497524932340464,4,"{""model__max_features"": 0.3, ""model__min_samples_leaf"": 3}"
fold_state_stratified,5,outer_refit,B07_C1_ExtraTrees,,5,0.549894230594145,0.045470955956740104,5,"{""model__max_features"": 0.3, ""model__min_samples_leaf"": 5}"
fold_state_stratified,5,level1_crossfit,B08_C1_PLS,1.0,0,0.4965782260645055,0.06291407559091955,1,"{""model__n_components"": 2}"
fold_state_stratified,5,level1_crossfit,B08_C1_PLS,1.0,1,0.5460653421485009,0.05340939926680574,2,"{""model__n_components"": 4}"
fold_state_stratified,5,level1_crossfit,B08_C1_PLS,1.0,2,0.6245819371889649,0.05893094578428332,3,"{""model__n_components"": 8}"
fold_state_stratified,5,level1_crossfit,B08_C1_PLS,1.0,3,0.6735114467057421,4.857482917614009e-05,4,"{""model__n_components"": 12}"
fold_state_stratified,5,level1_crossfit,B08_C1_PLS,1.0,4,0.7247409068583809,0.03725694467178198,5,"{""model__n_components"": 20}"
fold_state_stratified,5,level1_crossfit,B08_C1_PLS,2.0,0,0.5567258376159341,0.006437335983809744,1,"{""model__n_components"": 2}"
fold_state_stratified,5,level1_crossfit,B08_C1_PLS,2.0,1,0.6431174590078617,0.05215764640120446,2,"{""model__n_components"": 4}"
fold_state_stratified,5,level1_crossfit,B08_C1_PLS,2.0,2,0.7452554780115548,0.09670846494338725,3,"{""model__n_components"": 8}"
fold_state_stratified,5,level1_crossfit,B08_C1_PLS,2.0,3,0.7723838272688395,0.09029967256274635,4,"{""model__n_components"": 12}"
fold_state_stratified,5,level1_crossfit,B08_C1_PLS,2.0,4,0.790212551929734,0.08415735147695669,5,"{""model__n_components"": 20}"
fold_state_stratified,5,level1_crossfit,B08_C1_PLS,3.0,0,0.606458941395599,0.034773916992786535,1,"{""model__n_components"": 2}"
fold_state_stratified,5,level1_crossfit,B08_C1_PLS,3.0,1,0.7152589185581155,0.02445432288875604,2,"{""model__n_components"": 4}"
fold_state_stratified,5,level1_crossfit,B08_C1_PLS,3.0,2,0.9823887949774507,0.06419588871989423,3,"{""model__n_components"": 8}"
fold_state_stratified,5,level1_crossfit,B08_C1_PLS,3.0,3,1.0113431952490253,0.05939496721900178,4,"{""model__n_components"": 12}"
fold_state_stratified,5,level1_crossfit,B08_C1_PLS,3.0,4,1.0207053845847198,0.07349822594348931,5,"{""model__n_components"": 20}"
fold_state_stratified,5,outer_refit,B08_C1_PLS,,0,0.5609088187052728,0.058079592984320395,1,"{""model__n_components"": 2}"
fold_state_stratified,5,outer_refit,B08_C1_PLS,,1,0.6307501584357667,0.03802848995043581,2,"{""model__n_components"": 4}"
fold_state_stratified,5,outer_refit,B08_C1_PLS,,2,0.7749924144588448,0.03669188454560549,3,"{""model__n_components"": 8}"
fold_state_stratified,5,outer_refit,B08_C1_PLS,,3,0.842899350095044,0.06442133406478986,4,"{""model__n_components"": 12}"
fold_state_stratified,5,outer_refit,B08_C1_PLS,,4,0.9372854469671591,0.11353842244309267,5,"{""model__n_components"": 20}"
fold_state_stratified,5,level1_crossfit,B09_C0_PCA_Ridge,1.0,0,0.5240599412473623,0.03835459990932116,3,"{""model__alpha"": 10.0, ""pca__n_components"": 0.8}"
fold_state_stratified,5,level1_crossfit,B09_C0_PCA_Ridge,1.0,1,0.5217835356785009,0.04124779792872191,1,"{""model__alpha"": 100.0, ""pca__n_components"": 0.8}"
fold_state_stratified,5,level1_crossfit,B09_C0_PCA_Ridge,1.0,2,0.5231029345296754,0.06260814061247372,2,"{""model__alpha"": 1000.0, ""pca__n_components"": 0.8}"
fold_state_stratified,5,level1_crossfit,B09_C0_PCA_Ridge,1.0,3,0.543748497766009,0.0435767516549474,9,"{""model__alpha"": 10.0, ""pca__n_components"": 0.9}"
fold_state_stratified,5,level1_crossfit,B09_C0_PCA_Ridge,1.0,4,0.538295262481183,0.04699210317181329,8,"{""model__alpha"": 100.0, ""pca__n_components"": 0.9}"
fold_state_stratified,5,level1_crossfit,B09_C0_PCA_Ridge,1.0,5,0.5300243838738627,0.06768222070720034,5,"{""model__alpha"": 1000.0, ""pca__n_components"": 0.9}"
fold_state_stratified,5,level1_crossfit,B09_C0_PCA_Ridge,1.0,6,0.5368543045350973,0.035892298683115886,7,"{""model__alpha"": 10.0, ""pca__n_components"": 0.95}"
fold_state_stratified,5,level1_crossfit,B09_C0_PCA_Ridge,1.0,7,0.5306774480190222,0.04063853809800683,6,"{""model__alpha"": 100.0, ""pca__n_components"": 0.95}"
fold_state_stratified,5,level1_crossfit,B09_C0_PCA_Ridge,1.0,8,0.5262950065164794,0.06660352254843901,4,"{""model__alpha"": 1000.0, ""pca__n_components"": 0.95}"
fold_state_stratified,5,level1_crossfit,B09_C0_PCA_Ridge,2.0,0,0.6082056993133073,0.043137974201756246,5,"{""model__alpha"": 10.0, ""pca__n_components"": 0.8}"
fold_state_stratified,5,level1_crossfit,B09_C0_PCA_Ridge,2.0,1,0.6052011516914286,0.04122516339347415,4,"{""model__alpha"": 100.0, ""pca__n_components"": 0.8}"
fold_state_stratified,5,level1_crossfit,B09_C0_PCA_Ridge,2.0,2,0.5975297067630754,0.028024924957847974,2,"{""model__alpha"": 1000.0, ""pca__n_components"": 0.8}"
fold_state_stratified,5,level1_crossfit,B09_C0_PCA_Ridge,2.0,3,0.6158437390859155,0.02991655490787326,7,"{""model__alpha"": 10.0, ""pca__n_components"": 0.9}"
fold_state_stratified,5,level1_crossfit,B09_C0_PCA_Ridge,2.0,4,0.6108051047426248,0.030202887010050306,6,"{""model__alpha"": 100.0, ""pca__n_components"": 0.9}"
fold_state_stratified,5,level1_crossfit,B09_C0_PCA_Ridge,2.0,5,0.596641192175903,0.024462354040453715,1,"{""model__alpha"": 1000.0, ""pca__n_components"": 0.9}"
fold_state_stratified,5,level1_crossfit,B09_C0_PCA_Ridge,2.0,6,0.6448903359997865,0.013236497475290654,9,"{""model__alpha"": 10.0, ""pca__n_components"": 0.95}"
fold_state_stratified,5,level1_crossfit,B09_C0_PCA_Ridge,2.0,7,0.6333390222532026,0.015753036821346655,8,"{""model__alpha"": 100.0, ""pca__n_components"": 0.95}"
fold_state_stratified,5,level1_crossfit,B09_C0_PCA_Ridge,2.0,8,0.6035651042959171,0.017222673759684615,3,"{""model__alpha"": 1000.0, ""pca__n_components"": 0.95}"
fold_state_stratified,5,level1_crossfit,B09_C0_PCA_Ridge,3.0,0,0.650410260553631,0.041475088484878964,4,"{""model__alpha"": 10.0, ""pca__n_components"": 0.8}"
fold_state_stratified,5,level1_crossfit,B09_C0_PCA_Ridge,3.0,1,0.6481938900897029,0.04311342631043352,2,"{""model__alpha"": 100.0, ""pca__n_components"": 0.8}"
fold_state_stratified,5,level1_crossfit,B09_C0_PCA_Ridge,3.0,2,0.6477855656403815,0.04903633148371672,1,"{""model__alpha"": 1000.0, ""pca__n_components"": 0.8}"
fold_state_stratified,5,level1_crossfit,B09_C0_PCA_Ridge,3.0,3,0.675168062279341,0.07059535746157175,7,"{""model__alpha"": 10.0, ""pca__n_components"": 0.9}"
fold_state_stratified,5,level1_crossfit,B09_C0_PCA_Ridge,3.0,4,0.666649903004922,0.06958149833609628,6,"{""model__alpha"": 100.0, ""pca__n_components"": 0.9}"
fold_state_stratified,5,level1_crossfit,B09_C0_PCA_Ridge,3.0,5,0.65010361068602,0.06328868157544953,3,"{""model__alpha"": 1000.0, ""pca__n_components"": 0.9}"
fold_state_stratified,5,level1_crossfit,B09_C0_PCA_Ridge,3.0,6,0.7115443328686464,0.09764463441026888,9,"{""model__alpha"": 10.0, ""pca__n_components"": 0.95}"
fold_state_stratified,5,level1_crossfit,B09_C0_PCA_Ridge,3.0,7,0.6941619582705304,0.0896141676358595,8,"{""model__alpha"": 100.0, ""pca__n_components"": 0.95}"
fold_state_stratified,5,level1_crossfit,B09_C0_PCA_Ridge,3.0,8,0.6574378692403611,0.06668553970104457,5,"{""model__alpha"": 1000.0, ""pca__n_components"": 0.95}"
fold_state_stratified,5,outer_refit,B09_C0_PCA_Ridge,,0,0.5774514424577705,0.08262962506190648,9,"{""model__alpha"": 10.0, ""pca__n_components"": 0.8}"
fold_state_stratified,5,outer_refit,B09_C0_PCA_Ridge,,1,0.5758436413317535,0.0814106561559438,8,"{""model__alpha"": 100.0, ""pca__n_components"": 0.8}"
fold_state_stratified,5,outer_refit,B09_C0_PCA_Ridge,,2,0.5724339695878924,0.0713352911429986,7,"{""model__alpha"": 1000.0, ""pca__n_components"": 0.8}"
fold_state_stratified,5,outer_refit,B09_C0_PCA_Ridge,,3,0.5510043471579049,0.06621991473404726,5,"{""model__alpha"": 10.0, ""pca__n_components"": 0.9}"
fold_state_stratified,5,outer_refit,B09_C0_PCA_Ridge,,4,0.5507788007151736,0.06662353735141303,4,"{""model__alpha"": 100.0, ""pca__n_components"": 0.9}"
fold_state_stratified,5,outer_refit,B09_C0_PCA_Ridge,,5,0.5579260281817487,0.06417795515794665,6,"{""model__alpha"": 1000.0, ""pca__n_components"": 0.9}"
fold_state_stratified,5,outer_refit,B09_C0_PCA_Ridge,,6,0.549858764091674,0.0816558308632933,2,"{""model__alpha"": 10.0, ""pca__n_components"": 0.95}"
fold_state_stratified,5,outer_refit,B09_C0_PCA_Ridge,,7,0.5446639020990977,0.08100792222937972,1,"{""model__alpha"": 100.0, ""pca__n_components"": 0.95}"
fold_state_stratified,5,outer_refit,B09_C0_PCA_Ridge,,8,0.550609088058593,0.07150433634339788,3,"{""model__alpha"": 1000.0, ""pca__n_components"": 0.95}"
fold_state_stratified,5,level1_crossfit,B10_C1_PCA_Ridge,1.0,0,0.5541607630241341,0.03601127149329181,4,"{""model__alpha"": 10.0, ""pca__n_components"": 0.8}"
fold_state_stratified,5,level1_crossfit,B10_C1_PCA_Ridge,1.0,1,0.5564718160563864,0.03261226022888902,5,"{""model__alpha"": 100.0, ""pca__n_components"": 0.8}"
fold_state_stratified,5,level1_crossfit,B10_C1_PCA_Ridge,1.0,2,0.6103156434261727,0.011321812421379196,9,"{""model__alpha"": 1000.0, ""pca__n_components"": 0.8}"
fold_state_stratified,5,level1_crossfit,B10_C1_PCA_Ridge,1.0,3,0.5323631325209521,0.028080001647048936,2,"{""model__alpha"": 10.0, ""pca__n_components"": 0.9}"
fold_state_stratified,5,level1_crossfit,B10_C1_PCA_Ridge,1.0,4,0.5260439099389763,0.028668021822855133,1,"{""model__alpha"": 100.0, ""pca__n_components"": 0.9}"
fold_state_stratified,5,level1_crossfit,B10_C1_PCA_Ridge,1.0,5,0.5907233023488606,0.013746883780705765,7,"{""model__alpha"": 1000.0, ""pca__n_components"": 0.9}"
fold_state_stratified,5,level1_crossfit,B10_C1_PCA_Ridge,1.0,6,0.5567689441686515,0.010269943967501138,6,"{""model__alpha"": 10.0, ""pca__n_components"": 0.95}"
fold_state_stratified,5,level1_crossfit,B10_C1_PCA_Ridge,1.0,7,0.5372413098614492,0.017744865625467787,3,"{""model__alpha"": 100.0, ""pca__n_components"": 0.95}"
fold_state_stratified,5,level1_crossfit,B10_C1_PCA_Ridge,1.0,8,0.5923127850620455,0.013732645948337507,8,"{""model__alpha"": 1000.0, ""pca__n_components"": 0.95}"
fold_state_stratified,5,level1_crossfit,B10_C1_PCA_Ridge,2.0,0,0.6050203872364492,0.05487932089157893,5,"{""model__alpha"": 10.0, ""pca__n_components"": 0.8}"
fold_state_stratified,5,level1_crossfit,B10_C1_PCA_Ridge,2.0,1,0.6016812736618218,0.056842131579061816,4,"{""model__alpha"": 100.0, ""pca__n_components"": 0.8}"
fold_state_stratified,5,level1_crossfit,B10_C1_PCA_Ridge,2.0,2,0.6218582148805695,0.05716457462404845,9,"{""model__alpha"": 1000.0, ""pca__n_components"": 0.8}"
fold_state_stratified,5,level1_crossfit,B10_C1_PCA_Ridge,2.0,3,0.58473387468915,0.08308793996159786,2,"{""model__alpha"": 10.0, ""pca__n_components"": 0.9}"
fold_state_stratified,5,level1_crossfit,B10_C1_PCA_Ridge,2.0,4,0.57979863937681,0.08084230507775636,1,"{""model__alpha"": 100.0, ""pca__n_components"": 0.9}"
fold_state_stratified,5,level1_crossfit,B10_C1_PCA_Ridge,2.0,5,0.6100567953645104,0.06491700298464353,7,"{""model__alpha"": 1000.0, ""pca__n_components"": 0.9}"
fold_state_stratified,5,level1_crossfit,B10_C1_PCA_Ridge,2.0,6,0.6149531221866253,0.08859685534638301,8,"{""model__alpha"": 10.0, ""pca__n_components"": 0.95}"
fold_state_stratified,5,level1_crossfit,B10_C1_PCA_Ridge,2.0,7,0.5866283269271015,0.09464662350010511,3,"{""model__alpha"": 100.0, ""pca__n_components"": 0.95}"
fold_state_stratified,5,level1_crossfit,B10_C1_PCA_Ridge,2.0,8,0.6072933144457195,0.07140260249308455,6,"{""model__alpha"": 1000.0, ""pca__n_components"": 0.95}"
fold_state_stratified,5,level1_crossfit,B10_C1_PCA_Ridge,3.0,0,0.5934917641182483,0.15107984581788392,1,"{""model__alpha"": 10.0, ""pca__n_components"": 0.8}"
fold_state_stratified,5,level1_crossfit,B10_C1_PCA_Ridge,3.0,1,0.5976124403117582,0.14691169065525622,2,"{""model__alpha"": 100.0, ""pca__n_components"": 0.8}"
fold_state_stratified,5,level1_crossfit,B10_C1_PCA_Ridge,3.0,2,0.6568207530661316,0.11481593833599602,6,"{""model__alpha"": 1000.0, ""pca__n_components"": 0.8}"
fold_state_stratified,5,level1_crossfit,B10_C1_PCA_Ridge,3.0,3,0.6259565468367088,0.11371147744096727,4,"{""model__alpha"": 10.0, ""pca__n_components"": 0.9}"
fold_state_stratified,5,level1_crossfit,B10_C1_PCA_Ridge,3.0,4,0.6152879625414444,0.11801322651494031,3,"{""model__alpha"": 100.0, ""pca__n_components"": 0.9}"
fold_state_stratified,5,level1_crossfit,B10_C1_PCA_Ridge,3.0,5,0.6579865124883916,0.10806968912323256,8,"{""model__alpha"": 1000.0, ""pca__n_components"": 0.9}"
fold_state_stratified,5,level1_crossfit,B10_C1_PCA_Ridge,3.0,6,0.6667727702063784,0.1019280463355476,9,"{""model__alpha"": 10.0, ""pca__n_components"": 0.95}"
fold_state_stratified,5,level1_crossfit,B10_C1_PCA_Ridge,3.0,7,0.6313954310063412,0.11547217684182604,5,"{""model__alpha"": 100.0, ""pca__n_components"": 0.95}"
fold_state_stratified,5,level1_crossfit,B10_C1_PCA_Ridge,3.0,8,0.6575735259922937,0.11005027523254157,7,"{""model__alpha"": 1000.0, ""pca__n_components"": 0.95}"
fold_state_stratified,5,outer_refit,B10_C1_PCA_Ridge,,0,0.5637506883426325,0.08119420595362513,6,"{""model__alpha"": 10.0, ""pca__n_components"": 0.8}"
fold_state_stratified,5,outer_refit,B10_C1_PCA_Ridge,,1,0.5607372455073297,0.07847184715996512,5,"{""model__alpha"": 100.0, ""pca__n_components"": 0.8}"
fold_state_stratified,5,outer_refit,B10_C1_PCA_Ridge,,2,0.5731907120650842,0.060993181481282355,9,"{""model__alpha"": 1000.0, ""pca__n_components"": 0.8}"
fold_state_stratified,5,outer_refit,B10_C1_PCA_Ridge,,3,0.5467768931516125,0.08307588797015876,2,"{""model__alpha"": 10.0, ""pca__n_components"": 0.9}"
fold_state_stratified,5,outer_refit,B10_C1_PCA_Ridge,,4,0.5431360792564393,0.08148847774393456,1,"{""model__alpha"": 100.0, ""pca__n_components"": 0.9}"
fold_state_stratified,5,outer_refit,B10_C1_PCA_Ridge,,5,0.5648152185610811,0.06278492927423115,8,"{""model__alpha"": 1000.0, ""pca__n_components"": 0.9}"
fold_state_stratified,5,outer_refit,B10_C1_PCA_Ridge,,6,0.5602372440875856,0.07830697900896645,4,"{""model__alpha"": 10.0, ""pca__n_components"": 0.95}"
fold_state_stratified,5,outer_refit,B10_C1_PCA_Ridge,,7,0.5481795699205964,0.07885297277126593,3,"{""model__alpha"": 100.0, ""pca__n_components"": 0.95}"
fold_state_stratified,5,outer_refit,B10_C1_PCA_Ridge,,8,0.563790318751899,0.0628823764518659,7,"{""model__alpha"": 1000.0, ""pca__n_components"": 0.95}"
fold_municipality_grouped,1,level1_crossfit,B01_C0_PLS,1.0,0,12.042302169043515,10.99701966277666,1,"{""model__n_components"": 2}"
fold_municipality_grouped,1,level1_crossfit,B01_C0_PLS,1.0,1,14.65669308624397,13.618642860035356,2,"{""model__n_components"": 4}"
fold_municipality_grouped,1,level1_crossfit,B01_C0_PLS,1.0,2,15.438869900668482,14.401898686708513,3,"{""model__n_components"": 8}"
fold_municipality_grouped,1,level1_crossfit,B01_C0_PLS,1.0,3,15.464036868514269,14.42599090673274,4,"{""model__n_components"": 12}"
fold_municipality_grouped,1,level1_crossfit,B01_C0_PLS,2.0,0,0.5005200286020098,0.07395287427405295,1,"{""model__n_components"": 2}"
fold_municipality_grouped,1,level1_crossfit,B01_C0_PLS,2.0,1,0.5664676427100324,0.007920356860824873,2,"{""model__n_components"": 4}"
fold_municipality_grouped,1,level1_crossfit,B01_C0_PLS,2.0,2,0.5923802388819012,0.0001550609026109706,3,"{""model__n_components"": 8}"
fold_municipality_grouped,1,level1_crossfit,B01_C0_PLS,2.0,3,0.6499188668744764,0.05761814028969692,4,"{""model__n_components"": 12}"
fold_municipality_grouped,1,level1_crossfit,B01_C0_PLS,3.0,0,23.32370176959933,22.285988504025596,1,"{""model__n_components"": 2}"
fold_municipality_grouped,1,level1_crossfit,B01_C0_PLS,3.0,1,28.801066486424364,27.892247370187196,2,"{""model__n_components"": 4}"
fold_municipality_grouped,1,level1_crossfit,B01_C0_PLS,3.0,2,30.65558682093981,29.2130801162724,3,"{""model__n_components"": 8}"
fold_municipality_grouped,1,level1_crossfit,B01_C0_PLS,3.0,3,30.804108515353093,29.164157134775422,4,"{""model__n_components"": 12}"
fold_municipality_grouped,1,outer_refit,B01_C0_PLS,,0,0.7406751989428543,0.19127754932431562,1,"{""model__n_components"": 2}"
fold_municipality_grouped,1,outer_refit,B01_C0_PLS,,1,0.8034228011533985,0.09722685735147413,2,"{""model__n_components"": 4}"
fold_municipality_grouped,1,outer_refit,B01_C0_PLS,,2,0.9410510141775174,0.28993541516780735,3,"{""model__n_components"": 8}"
fold_municipality_grouped,1,outer_refit,B01_C0_PLS,,3,0.9919380162870635,0.27171891190956715,4,"{""model__n_components"": 12}"
fold_municipality_grouped,1,outer_refit,B01_C0_PLS,,4,1.0611837591374684,0.2938041214778753,5,"{""model__n_components"": 20}"
fold_municipality_grouped,1,level1_crossfit,B02_C3_Ridge,1.0,0,11.072324601966807,10.046722610525615,6,"{""model__alpha"": 0.1}"
fold_municipality_grouped,1,level1_crossfit,B02_C3_Ridge,1.0,1,11.063683328478962,10.03799528191535,5,"{""model__alpha"": 1.0}"
fold_municipality_grouped,1,level1_crossfit,B02_C3_Ridge,1.0,2,10.978800308222036,9.952256998822058,4,"{""model__alpha"": 10.0}"
fold_municipality_grouped,1,level1_crossfit,B02_C3_Ridge,1.0,3,10.251614784761912,9.216999090596167,3,"{""model__alpha"": 100.0}"
fold_municipality_grouped,1,level1_crossfit,B02_C3_Ridge,1.0,4,6.92770650987735,5.8350216733558256,2,"{""model__alpha"": 1000.0}"
fold_municipality_grouped,1,level1_crossfit,B02_C3_Ridge,1.0,5,2.5322258636894253,1.3051638882930927,1,"{""model__alpha"": 10000.0}"
fold_municipality_grouped,1,level1_crossfit,B02_C3_Ridge,2.0,0,1.0087012079726456,0.23843178204319476,6,"{""model__alpha"": 0.1}"
fold_municipality_grouped,1,level1_crossfit,B02_C3_Ridge,2.0,1,1.0065330561489354,0.24005151288269438,5,"{""model__alpha"": 1.0}"
fold_municipality_grouped,1,level1_crossfit,B02_C3_Ridge,2.0,2,0.9869868428477089,0.2540897367427743,4,"{""model__alpha"": 10.0}"
fold_municipality_grouped,1,level1_crossfit,B02_C3_Ridge,2.0,3,0.8832194981555042,0.30235180847865073,3,"{""model__alpha"": 100.0}"
fold_municipality_grouped,1,level1_crossfit,B02_C3_Ridge,2.0,4,0.6467095413983845,0.19991609320647138,2,"{""model__alpha"": 1000.0}"
fold_municipality_grouped,1,level1_crossfit,B02_C3_Ridge,2.0,5,0.5543605246466625,0.03954240501389594,1,"{""model__alpha"": 10000.0}"
fold_municipality_grouped,1,level1_crossfit,B02_C3_Ridge,3.0,0,21.66911471676845,19.80646744781455,6,"{""model__alpha"": 0.1}"
fold_municipality_grouped,1,level1_crossfit,B02_C3_Ridge,3.0,1,21.648863433956585,19.79121070439477,5,"{""model__alpha"": 1.0}"
fold_municipality_grouped,1,level1_crossfit,B02_C3_Ridge,3.0,2,21.450965441302127,19.640229118296677,4,"{""model__alpha"": 10.0}"
fold_municipality_grouped,1,level1_crossfit,B02_C3_Ridge,3.0,3,19.808713529862217,18.28768690789614,3,"{""model__alpha"": 100.0}"
fold_municipality_grouped,1,level1_crossfit,B02_C3_Ridge,3.0,4,12.727241057933421,11.579338493017005,2,"{""model__alpha"": 1000.0}"
fold_municipality_grouped,1,level1_crossfit,B02_C3_Ridge,3.0,5,3.517213170195155,2.256645095077414,1,"{""model__alpha"": 10000.0}"
fold_municipality_grouped,1,outer_refit,B02_C3_Ridge,,0,1.1725913468008955,0.3544363370485111,6,"{""model__alpha"": 0.1}"
fold_municipality_grouped,1,outer_refit,B02_C3_Ridge,,1,1.1678934242241192,0.3520469686239679,5,"{""model__alpha"": 1.0}"
fold_municipality_grouped,1,outer_refit,B02_C3_Ridge,,2,1.1261725102590834,0.33134303083143984,4,"{""model__alpha"": 10.0}"
fold_municipality_grouped,1,outer_refit,B02_C3_Ridge,,3,0.9398452154018354,0.2508815696894925,3,"{""model__alpha"": 100.0}"
fold_municipality_grouped,1,outer_refit,B02_C3_Ridge,,4,0.8028595236075882,0.20551804649983865,1,"{""model__alpha"": 1000.0}"
fold_municipality_grouped,1,outer_refit,B02_C3_Ridge,,5,0.8720947774244577,0.27331407092312693,2,"{""model__alpha"": 10000.0}"
fold_municipality_grouped,1,level1_crossfit,B03_C1_CatBoost,1.0,0,1.28863175745113,0.0128688665108595,3,"{""model__depth"": 4, ""model__l2_leaf_reg"": 3.0, ""model__learning_rate"": 0.03}"
fold_municipality_grouped,1,level1_crossfit,B03_C1_CatBoost,1.0,1,1.27948489350176,0.0250642789235056,2,"{""model__depth"": 4, ""model__l2_leaf_reg"": 6.0, ""model__learning_rate"": 0.06}"
fold_municipality_grouped,1,level1_crossfit,B03_C1_CatBoost,1.0,2,1.3076512836582574,0.033264780853400566,6,"{""model__depth"": 5, ""model__l2_leaf_reg"": 10.0, ""model__learning_rate"": 0.03}"
fold_municipality_grouped,1,level1_crossfit,B03_C1_CatBoost,1.0,3,1.2781648710005702,0.03323920144721493,1,"{""model__depth"": 5, ""model__l2_leaf_reg"": 3.0, ""model__learning_rate"": 0.06}"
fold_municipality_grouped,1,level1_crossfit,B03_C1_CatBoost,1.0,4,1.2998318102032653,0.022303224722261206,4,"{""model__depth"": 6, ""model__l2_leaf_reg"": 6.0, ""model__learning_rate"": 0.03}"
fold_municipality_grouped,1,level1_crossfit,B03_C1_CatBoost,1.0,5,1.3027310660847755,0.028622272884365585,5,"{""model__depth"": 6, ""model__l2_leaf_reg"": 10.0, ""model__learning_rate"": 0.06}"
fold_municipality_grouped,1,level1_crossfit,B03_C1_CatBoost,2.0,0,0.5543281549694672,0.02736410162018066,5,"{""model__depth"": 4, ""model__l2_leaf_reg"": 3.0, ""model__learning_rate"": 0.03}"
fold_municipality_grouped,1,level1_crossfit,B03_C1_CatBoost,2.0,1,0.5665243611244348,0.011326124284061378,6,"{""model__depth"": 4, ""model__l2_leaf_reg"": 6.0, ""model__learning_rate"": 0.06}"
fold_municipality_grouped,1,level1_crossfit,B03_C1_CatBoost,2.0,2,0.5460957837511232,0.03401983613076809,2,"{""model__depth"": 5, ""model__l2_leaf_reg"": 10.0, ""model__learning_rate"": 0.03}"
fold_municipality_grouped,1,level1_crossfit,B03_C1_CatBoost,2.0,3,0.5291527092441772,0.04852492437389025,1,"{""model__depth"": 5, ""model__l2_leaf_reg"": 3.0, ""model__learning_rate"": 0.06}"
fold_municipality_grouped,1,level1_crossfit,B03_C1_CatBoost,2.0,4,0.5525126129363854,0.03078534185140025,3,"{""model__depth"": 6, ""model__l2_leaf_reg"": 6.0, ""model__learning_rate"": 0.03}"
fold_municipality_grouped,1,level1_crossfit,B03_C1_CatBoost,2.0,5,0.554059988786564,0.03089274308658224,4,"{""model__depth"": 6, ""model__l2_leaf_reg"": 10.0, ""model__learning_rate"": 0.06}"
fold_municipality_grouped,1,level1_crossfit,B03_C1_CatBoost,3.0,0,1.4254079423150237,0.006953515314112146,1,"{""model__depth"": 4, ""model__l2_leaf_reg"": 3.0, ""model__learning_rate"": 0.03}"
fold_municipality_grouped,1,level1_crossfit,B03_C1_CatBoost,3.0,1,1.4380209083447948,0.025547333966817742,5,"{""model__depth"": 4, ""model__l2_leaf_reg"": 6.0, ""model__learning_rate"": 0.06}"
fold_municipality_grouped,1,level1_crossfit,B03_C1_CatBoost,3.0,2,1.4460237671134357,0.002763116251257247,6,"{""model__depth"": 5, ""model__l2_leaf_reg"": 10.0, ""model__learning_rate"": 0.03}"
fold_municipality_grouped,1,level1_crossfit,B03_C1_CatBoost,3.0,3,1.4299911700734045,0.024372355745136964,3,"{""model__depth"": 5, ""model__l2_leaf_reg"": 3.0, ""model__learning_rate"": 0.06}"
fold_municipality_grouped,1,level1_crossfit,B03_C1_CatBoost,3.0,4,1.43382998597999,0.0037359119098445692,4,"{""model__depth"": 6, ""model__l2_leaf_reg"": 6.0, ""model__learning_rate"": 0.03}"
fold_municipality_grouped,1,level1_crossfit,B03_C1_CatBoost,3.0,5,1.4260883612307755,0.0003953768252670242,2,"{""model__depth"": 6, ""model__l2_leaf_reg"": 10.0, ""model__learning_rate"": 0.06}"
fold_municipality_grouped,1,outer_refit,B03_C1_CatBoost,,0,0.8888077052868327,0.34079413565337935,6,"{""model__depth"": 4, ""model__l2_leaf_reg"": 3.0, ""model__learning_rate"": 0.03}"
fold_municipality_grouped,1,outer_refit,B03_C1_CatBoost,,1,0.8459257611906104,0.31995126484500397,1,"{""model__depth"": 4, ""model__l2_leaf_reg"": 6.0, ""model__learning_rate"": 0.06}"
fold_municipality_grouped,1,outer_refit,B03_C1_CatBoost,,2,0.8644977994044355,0.33728375556171125,2,"{""model__depth"": 5, ""model__l2_leaf_reg"": 10.0, ""model__learning_rate"": 0.03}"
fold_municipality_grouped,1,outer_refit,B03_C1_CatBoost,,3,0.8781605658433259,0.3404485444367322,4,"{""model__depth"": 5, ""model__l2_leaf_reg"": 3.0, ""model__learning_rate"": 0.06}"
fold_municipality_grouped,1,outer_refit,B03_C1_CatBoost,,4,0.8835599552383804,0.35498530777297443,5,"{""model__depth"": 6, ""model__l2_leaf_reg"": 6.0, ""model__learning_rate"": 0.03}"
fold_municipality_grouped,1,outer_refit,B03_C1_CatBoost,,5,0.8765607919784993,0.32728004653606496,3,"{""model__depth"": 6, ""model__l2_leaf_reg"": 10.0, ""model__learning_rate"": 0.06}"
fold_municipality_grouped,1,level1_crossfit,B04_C0_Ridge,1.0,0,15.462091838464252,14.423979637056739,6,"{""model__alpha"": 0.1}"
fold_municipality_grouped,1,level1_crossfit,B04_C0_Ridge,1.0,1,15.445360984864033,14.40714055827556,5,"{""model__alpha"": 1.0}"
fold_municipality_grouped,1,level1_crossfit,B04_C0_Ridge,1.0,2,15.281628459273842,14.242337823997953,4,"{""model__alpha"": 10.0}"
fold_municipality_grouped,1,level1_crossfit,B04_C0_Ridge,1.0,3,13.920878537856725,12.871881264323859,3,"{""model__alpha"": 100.0}"
fold_municipality_grouped,1,level1_crossfit,B04_C0_Ridge,1.0,4,8.444592161189238,7.333633334971368,2,"{""model__alpha"": 1000.0}"
fold_municipality_grouped,1,level1_crossfit,B04_C0_Ridge,1.0,5,2.6464713445953905,1.4102378571784742,1,"{""model__alpha"": 10000.0}"
fold_municipality_grouped,1,level1_crossfit,B04_C0_Ridge,2.0,0,0.6716372305160045,0.07931459367937849,6,"{""model__alpha"": 0.1}"
fold_municipality_grouped,1,level1_crossfit,B04_C0_Ridge,2.0,1,0.6693020544446264,0.07711185371234569,5,"{""model__alpha"": 1.0}"
fold_municipality_grouped,1,level1_crossfit,B04_C0_Ridge,2.0,2,0.6488651487806486,0.05794970774937103,4,"{""model__alpha"": 10.0}"
fold_municipality_grouped,1,level1_crossfit,B04_C0_Ridge,2.0,3,0.5632394272499122,0.018487512693571684,3,"{""model__alpha"": 100.0}"
fold_municipality_grouped,1,level1_crossfit,B04_C0_Ridge,2.0,4,0.5105460047793532,0.05597604583919327,1,"{""model__alpha"": 1000.0}"
fold_municipality_grouped,1,level1_crossfit,B04_C0_Ridge,2.0,5,0.5612705329139873,0.023832903110441117,2,"{""model__alpha"": 10000.0}"
fold_municipality_grouped,1,level1_crossfit,B04_C0_Ridge,3.0,0,30.821385676116428,29.138721834776387,6,"{""model__alpha"": 0.1}"
fold_municipality_grouped,1,level1_crossfit,B04_C0_Ridge,3.0,1,30.784059162371115,29.10667076516578,5,"{""model__alpha"": 1.0}"
fold_municipality_grouped,1,level1_crossfit,B04_C0_Ridge,3.0,2,30.420279211955144,28.791424439886214,4,"{""model__alpha"": 10.0}"
fold_municipality_grouped,1,level1_crossfit,B04_C0_Ridge,3.0,3,27.464475768157477,26.098870820799952,3,"{""model__alpha"": 100.0}"
fold_municipality_grouped,1,level1_crossfit,B04_C0_Ridge,3.0,4,15.948884917121728,14.81081106791418,2,"{""model__alpha"": 1000.0}"
fold_municipality_grouped,1,level1_crossfit,B04_C0_Ridge,3.0,5,3.8017445665255645,2.50509945788964,1,"{""model__alpha"": 10000.0}"
fold_municipality_grouped,1,outer_refit,B04_C0_Ridge,,0,1.0685281757531182,0.2965117566409232,6,"{""model__alpha"": 0.1}"
fold_municipality_grouped,1,outer_refit,B04_C0_Ridge,,1,1.0645356266952468,0.2951390696994182,5,"{""model__alpha"": 1.0}"
fold_municipality_grouped,1,outer_refit,B04_C0_Ridge,,2,1.0299503062274424,0.2836244826473395,4,"{""model__alpha"": 10.0}"
fold_municipality_grouped,1,outer_refit,B04_C0_Ridge,,3,0.8932011218588416,0.23755542676705665,3,"{""model__alpha"": 100.0}"
fold_municipality_grouped,1,outer_refit,B04_C0_Ridge,,4,0.8112105326707256,0.20651263436052764,1,"{""model__alpha"": 1000.0}"
fold_municipality_grouped,1,outer_refit,B04_C0_Ridge,,5,0.8921119405195648,0.27979445509614914,2,"{""model__alpha"": 10000.0}"
fold_municipality_grouped,1,level1_crossfit,B05_C3_PLS,1.0,0,8.722572265153373,7.687670351811141,1,"{""model__n_components"": 2}"
fold_municipality_grouped,1,level1_crossfit,B05_C3_PLS,1.0,1,10.762357982944641,9.745250949584403,2,"{""model__n_components"": 4}"
fold_municipality_grouped,1,level1_crossfit,B05_C3_PLS,1.0,2,11.04145355527216,10.01492606901843,3,"{""model__n_components"": 8}"
fold_municipality_grouped,1,level1_crossfit,B05_C3_PLS,1.0,3,11.07400157442715,10.048488659886054,4,"{""model__n_components"": 12}"
fold_municipality_grouped,1,level1_crossfit,B05_C3_PLS,2.0,0,0.7069928600166733,0.2945592519328544,1,"{""model__n_components"": 2}"
fold_municipality_grouped,1,level1_crossfit,B05_C3_PLS,2.0,1,0.8471901041054426,0.3368182832779269,2,"{""model__n_components"": 4}"
fold_municipality_grouped,1,level1_crossfit,B05_C3_PLS,2.0,2,0.9156562821697773,0.3106594788881247,3,"{""model__n_components"": 8}"
fold_municipality_grouped,1,level1_crossfit,B05_C3_PLS,2.0,3,0.9926915343178994,0.25518310123682364,4,"{""model__n_components"": 12}"
fold_municipality_grouped,1,level1_crossfit,B05_C3_PLS,3.0,0,16.356881340926634,15.324105024186716,1,"{""model__n_components"": 2}"
fold_municipality_grouped,1,level1_crossfit,B05_C3_PLS,3.0,1,20.641123150124322,19.700544170912778,2,"{""model__n_components"": 4}"
fold_municipality_grouped,1,level1_crossfit,B05_C3_PLS,3.0,2,21.47036660041012,19.879467931317617,3,"{""model__n_components"": 8}"
fold_municipality_grouped,1,level1_crossfit,B05_C3_PLS,3.0,3,21.688501650008345,19.794038504909125,4,"{""model__n_components"": 12}"
fold_municipality_grouped,1,outer_refit,B05_C3_PLS,,0,0.7247369359847619,0.2070870912369551,1,"{""model__n_components"": 2}"
fold_municipality_grouped,1,outer_refit,B05_C3_PLS,,1,0.7890652688474035,0.10116589519646423,2,"{""model__n_components"": 4}"
fold_municipality_grouped,1,outer_refit,B05_C3_PLS,,2,0.9585774438871312,0.27100425227391983,3,"{""model__n_components"": 8}"
fold_municipality_grouped,1,outer_refit,B05_C3_PLS,,3,1.0493766994042617,0.28875454642112736,4,"{""model__n_components"": 12}"
fold_municipality_grouped,1,outer_refit,B05_C3_PLS,,4,1.1601509076710197,0.3512848818068263,5,"{""model__n_components"": 20}"
fold_municipality_grouped,1,level1_crossfit,B06_C2_PLS,1.0,0,7.933692363034002,6.910595091616928,1,"{""model__n_components"": 2}"
fold_municipality_grouped,1,level1_crossfit,B06_C2_PLS,1.0,1,9.523736980564417,8.498285574793757,3,"{""model__n_components"": 4}"
fold_municipality_grouped,1,level1_crossfit,B06_C2_PLS,1.0,2,9.532518236666528,8.492062492120978,4,"{""model__n_components"": 8}"
fold_municipality_grouped,1,level1_crossfit,B06_C2_PLS,1.0,3,9.521907399628956,8.482338682175437,2,"{""model__n_components"": 12}"
fold_municipality_grouped,1,level1_crossfit,B06_C2_PLS,2.0,0,0.6853909313913747,0.2377650449203128,1,"{""model__n_components"": 2}"
fold_municipality_grouped,1,level1_crossfit,B06_C2_PLS,2.0,1,0.8279297000468588,0.26989600924632956,2,"{""model__n_components"": 4}"
fold_municipality_grouped,1,level1_crossfit,B06_C2_PLS,2.0,2,0.9452396030187292,0.23874254032138909,3,"{""model__n_components"": 8}"
fold_municipality_grouped,1,level1_crossfit,B06_C2_PLS,2.0,3,0.997757010331737,0.19295910656555243,4,"{""model__n_components"": 12}"
fold_municipality_grouped,1,level1_crossfit,B06_C2_PLS,3.0,0,14.826080385413709,13.731661741066137,1,"{""model__n_components"": 2}"
fold_municipality_grouped,1,level1_crossfit,B06_C2_PLS,3.0,1,18.197083888510072,17.09077289046538,2,"{""model__n_components"": 4}"
fold_municipality_grouped,1,level1_crossfit,B06_C2_PLS,3.0,2,18.422817101902062,16.778624699142398,3,"{""model__n_components"": 8}"
fold_municipality_grouped,1,level1_crossfit,B06_C2_PLS,3.0,3,18.54174810932638,16.618274650089152,4,"{""model__n_components"": 12}"
fold_municipality_grouped,1,outer_refit,B06_C2_PLS,,0,0.7449442080889725,0.2101744461678833,1,"{""model__n_components"": 2}"
fold_municipality_grouped,1,outer_refit,B06_C2_PLS,,1,0.8396957496580448,0.1421923675878395,2,"{""model__n_components"": 4}"
fold_municipality_grouped,1,outer_refit,B06_C2_PLS,,2,0.9438198446793681,0.2794130909872028,3,"{""model__n_components"": 8}"
fold_municipality_grouped,1,outer_refit,B06_C2_PLS,,3,1.0616578083482728,0.3617488077920439,4,"{""model__n_components"": 12}"
fold_municipality_grouped,1,outer_refit,B06_C2_PLS,,4,1.1138783733528068,0.3886781801676298,5,"{""model__n_components"": 20}"
fold_municipality_grouped,1,level1_crossfit,B07_C1_ExtraTrees,1.0,0,1.3032305541299993,0.05008779414734177,3,"{""model__max_features"": ""sqrt"", ""model__min_samples_leaf"": 2}"
fold_municipality_grouped,1,level1_crossfit,B07_C1_ExtraTrees,1.0,1,1.2815543077428129,0.00719517810768433,1,"{""model__max_features"": ""sqrt"", ""model__min_samples_leaf"": 3}"
fold_municipality_grouped,1,level1_crossfit,B07_C1_ExtraTrees,1.0,2,1.3020720261669423,0.015245600160917583,2,"{""model__max_features"": ""sqrt"", ""model__min_samples_leaf"": 5}"
fold_municipality_grouped,1,level1_crossfit,B07_C1_ExtraTrees,1.0,3,1.3318254606754796,0.07372058864543596,5,"{""model__max_features"": 0.3, ""model__min_samples_leaf"": 2}"
fold_municipality_grouped,1,level1_crossfit,B07_C1_ExtraTrees,1.0,4,1.3213581797805676,0.019435806884634532,4,"{""model__max_features"": 0.3, ""model__min_samples_leaf"": 3}"
fold_municipality_grouped,1,level1_crossfit,B07_C1_ExtraTrees,1.0,5,1.3325225873556763,0.04458320047844544,6,"{""model__max_features"": 0.3, ""model__min_samples_leaf"": 5}"
fold_municipality_grouped,1,level1_crossfit,B07_C1_ExtraTrees,2.0,0,0.5963799567354378,0.018136421618272947,2,"{""model__max_features"": ""sqrt"", ""model__min_samples_leaf"": 2}"
fold_municipality_grouped,1,level1_crossfit,B07_C1_ExtraTrees,2.0,1,0.5951340636672361,0.016060928035952826,1,"{""model__max_features"": ""sqrt"", ""model__min_samples_leaf"": 3}"
fold_municipality_grouped,1,level1_crossfit,B07_C1_ExtraTrees,2.0,2,0.5985529768751264,0.018911238150212673,3,"{""model__max_features"": ""sqrt"", ""model__min_samples_leaf"": 5}"
fold_municipality_grouped,1,level1_crossfit,B07_C1_ExtraTrees,2.0,3,0.6098388866392241,0.0205178293521443,6,"{""model__max_features"": 0.3, ""model__min_samples_leaf"": 2}"
fold_municipality_grouped,1,level1_crossfit,B07_C1_ExtraTrees,2.0,4,0.6000730439551389,0.027989389523394193,4,"{""model__max_features"": 0.3, ""model__min_samples_leaf"": 3}"
fold_municipality_grouped,1,level1_crossfit,B07_C1_ExtraTrees,2.0,5,0.6046838999366646,0.02881252325182032,5,"{""model__max_features"": 0.3, ""model__min_samples_leaf"": 5}"
fold_municipality_grouped,1,level1_crossfit,B07_C1_ExtraTrees,3.0,0,1.4354392566323915,0.02470320775371959,1,"{""model__max_features"": ""sqrt"", ""model__min_samples_leaf"": 2}"
fold_municipality_grouped,1,level1_crossfit,B07_C1_ExtraTrees,3.0,1,1.454387229564444,0.035209152487949535,3,"{""model__max_features"": ""sqrt"", ""model__min_samples_leaf"": 3}"
fold_municipality_grouped,1,level1_crossfit,B07_C1_ExtraTrees,3.0,2,1.439690972967401,0.03554144043912111,2,"{""model__max_features"": ""sqrt"", ""model__min_samples_leaf"": 5}"
fold_municipality_grouped,1,level1_crossfit,B07_C1_ExtraTrees,3.0,3,1.4719951027887315,0.03906983559318078,4,"{""model__max_features"": 0.3, ""model__min_samples_leaf"": 2}"
fold_municipality_grouped,1,level1_crossfit,B07_C1_ExtraTrees,3.0,4,1.5017828914633506,0.061802330564941,6,"{""model__max_features"": 0.3, ""model__min_samples_leaf"": 3}"
fold_municipality_grouped,1,level1_crossfit,B07_C1_ExtraTrees,3.0,5,1.4873135016845387,0.028749914455910464,5,"{""model__max_features"": 0.3, ""model__min_samples_leaf"": 5}"
fold_municipality_grouped,1,outer_refit,B07_C1_ExtraTrees,,0,0.8855718681458037,0.3336404649166647,4,"{""model__max_features"": ""sqrt"", ""model__min_samples_leaf"": 2}"
fold_municipality_grouped,1,outer_refit,B07_C1_ExtraTrees,,1,0.8909202427332784,0.3230177697540526,5,"{""model__max_features"": ""sqrt"", ""model__min_samples_leaf"": 3}"
fold_municipality_grouped,1,outer_refit,B07_C1_ExtraTrees,,2,0.9093632293363262,0.31761851870966035,6,"{""model__max_features"": ""sqrt"", ""model__min_samples_leaf"": 5}"
fold_municipality_grouped,1,outer_refit,B07_C1_ExtraTrees,,3,0.8791893341579787,0.3921170518769304,3,"{""model__max_features"": 0.3, ""model__min_samples_leaf"": 2}"
fold_municipality_grouped,1,outer_refit,B07_C1_ExtraTrees,,4,0.8727057076494266,0.37776950075457977,1,"{""model__max_features"": 0.3, ""model__min_samples_leaf"": 3}"
fold_municipality_grouped,1,outer_refit,B07_C1_ExtraTrees,,5,0.8771617553773138,0.35913993645451225,2,"{""model__max_features"": 0.3, ""model__min_samples_leaf"": 5}"
fold_municipality_grouped,1,level1_crossfit,B08_C1_PLS,1.0,0,0.9509673002621407,0.08494444852151217,3,"{""model__n_components"": 2}"
fold_municipality_grouped,1,level1_crossfit,B08_C1_PLS,1.0,1,0.8676131035646353,0.0953039742514411,1,"{""model__n_components"": 4}"
fold_municipality_grouped,1,level1_crossfit,B08_C1_PLS,1.0,2,0.9597455616236665,0.1248909499764374,4,"{""model__n_components"": 8}"
fold_municipality_grouped,1,level1_crossfit,B08_C1_PLS,1.0,3,0.9465036001906175,0.10706657083454024,2,"{""model__n_components"": 12}"
fold_municipality_grouped,1,level1_crossfit,B08_C1_PLS,2.0,0,0.5111935684103703,0.07297347358905407,1,"{""model__n_components"": 2}"
fold_municipality_grouped,1,level1_crossfit,B08_C1_PLS,2.0,1,0.5682719484301701,0.048063351899187035,2,"{""model__n_components"": 4}"
fold_municipality_grouped,1,level1_crossfit,B08_C1_PLS,2.0,2,1.1834521264730857,0.43025622253130624,4,"{""model__n_components"": 8}"
fold_municipality_grouped,1,level1_crossfit,B08_C1_PLS,2.0,3,1.0676601505264134,0.3100797116067242,3,"{""model__n_components"": 12}"
fold_municipality_grouped,1,level1_crossfit,B08_C1_PLS,3.0,0,1.124568951903161,0.14989641928845848,1,"{""model__n_components"": 2}"
fold_municipality_grouped,1,level1_crossfit,B08_C1_PLS,3.0,1,1.2106765380259126,0.15670796732871128,2,"{""model__n_components"": 4}"
fold_municipality_grouped,1,level1_crossfit,B08_C1_PLS,3.0,2,2.5664541370100227,1.293946747531075,3,"{""model__n_components"": 8}"
fold_municipality_grouped,1,level1_crossfit,B08_C1_PLS,3.0,3,4.186710420937612,2.922647026993699,4,"{""model__n_components"": 12}"
fold_municipality_grouped,1,outer_refit,B08_C1_PLS,,0,0.7480446734692174,0.27190820668544413,2,"{""model__n_components"": 2}"
fold_municipality_grouped,1,outer_refit,B08_C1_PLS,,1,0.7057390645306042,0.14951745014251014,1,"{""model__n_components"": 4}"
fold_municipality_grouped,1,outer_refit,B08_C1_PLS,,2,1.0095455068220842,0.26042386639736514,3,"{""model__n_components"": 8}"
fold_municipality_grouped,1,outer_refit,B08_C1_PLS,,3,1.7173655910602699,0.8565555612917255,4,"{""model__n_components"": 12}"
fold_municipality_grouped,1,outer_refit,B08_C1_PLS,,4,2.784520497726936,1.506331100204647,5,"{""model__n_components"": 20}"
fold_municipality_grouped,1,level1_crossfit,B09_C0_PCA_Ridge,1.0,0,10.122778526962001,9.072641358482704,5,"{""model__alpha"": 10.0, ""pca__n_components"": 0.8}"
fold_municipality_grouped,1,level1_crossfit,B09_C0_PCA_Ridge,1.0,1,9.624303056269323,8.567697730407103,4,"{""model__alpha"": 100.0, ""pca__n_components"": 0.8}"
fold_municipality_grouped,1,level1_crossfit,B09_C0_PCA_Ridge,1.0,2,6.721596602808964,5.609270516379335,1,"{""model__alpha"": 1000.0, ""pca__n_components"": 0.8}"
fold_municipality_grouped,1,level1_crossfit,B09_C0_PCA_Ridge,1.0,3,12.303618463220737,11.217481058875286,7,"{""model__alpha"": 10.0, ""pca__n_components"": 0.9}"
fold_municipality_grouped,1,level1_crossfit,B09_C0_PCA_Ridge,1.0,4,11.576974467691532,10.48878129039944,6,"{""model__alpha"": 100.0, ""pca__n_components"": 0.9}"
fold_municipality_grouped,1,level1_crossfit,B09_C0_PCA_Ridge,1.0,5,7.674200516213382,6.547852552153784,2,"{""model__alpha"": 1000.0, ""pca__n_components"": 0.9}"
fold_municipality_grouped,1,level1_crossfit,B09_C0_PCA_Ridge,1.0,6,13.464037349216554,12.398475926323565,9,"{""model__alpha"": 10.0, ""pca__n_components"": 0.95}"
fold_municipality_grouped,1,level1_crossfit,B09_C0_PCA_Ridge,1.0,7,12.552168958944085,11.481841654368788,8,"{""model__alpha"": 100.0, ""pca__n_components"": 0.95}"
fold_municipality_grouped,1,level1_crossfit,B09_C0_PCA_Ridge,1.0,8,8.048800368973184,6.9301807116924845,3,"{""model__alpha"": 1000.0, ""pca__n_components"": 0.95}"
fold_municipality_grouped,1,level1_crossfit,B09_C0_PCA_Ridge,2.0,0,0.5319410265927125,0.03883337234368947,9,"{""model__alpha"": 10.0, ""pca__n_components"": 0.8}"
fold_municipality_grouped,1,level1_crossfit,B09_C0_PCA_Ridge,2.0,1,0.5300051105446151,0.03902955432890995,8,"{""model__alpha"": 100.0, ""pca__n_components"": 0.8}"
fold_municipality_grouped,1,level1_crossfit,B09_C0_PCA_Ridge,2.0,2,0.5261179415814364,0.040089393676578516,6,"{""model__alpha"": 1000.0, ""pca__n_components"": 0.8}"
fold_municipality_grouped,1,level1_crossfit,B09_C0_PCA_Ridge,2.0,3,0.5268062908028925,0.04070904656459859,7,"{""model__alpha"": 10.0, ""pca__n_components"": 0.9}"
fold_municipality_grouped,1,level1_crossfit,B09_C0_PCA_Ridge,2.0,4,0.5232763638011658,0.041421382758242226,5,"{""model__alpha"": 100.0, ""pca__n_components"": 0.9}"
fold_municipality_grouped,1,level1_crossfit,B09_C0_PCA_Ridge,2.0,5,0.5174657314442721,0.044165713319268884,4,"{""model__alpha"": 1000.0, ""pca__n_components"": 0.9}"
fold_municipality_grouped,1,level1_crossfit,B09_C0_PCA_Ridge,2.0,6,0.5100826609630007,0.06268061768557479,3,"{""model__alpha"": 10.0, ""pca__n_components"": 0.95}"
fold_municipality_grouped,1,level1_crossfit,B09_C0_PCA_Ridge,2.0,7,0.4934329000664256,0.07570476053339192,2,"{""model__alpha"": 100.0, ""pca__n_components"": 0.95}"
fold_municipality_grouped,1,level1_crossfit,B09_C0_PCA_Ridge,2.0,8,0.49271219272830913,0.0710542317464754,1,"{""model__alpha"": 1000.0, ""pca__n_components"": 0.95}"
fold_municipality_grouped,1,level1_crossfit,B09_C0_PCA_Ridge,3.0,0,19.332775590065378,18.349234527678913,5,"{""model__alpha"": 10.0, ""pca__n_components"": 0.8}"
fold_municipality_grouped,1,level1_crossfit,B09_C0_PCA_Ridge,3.0,1,18.304534160200834,17.308173120342513,4,"{""model__alpha"": 100.0, ""pca__n_components"": 0.8}"
fold_municipality_grouped,1,level1_crossfit,B09_C0_PCA_Ridge,3.0,2,12.305894306090376,11.218642849578107,1,"{""model__alpha"": 1000.0, ""pca__n_components"": 0.8}"
fold_municipality_grouped,1,level1_crossfit,B09_C0_PCA_Ridge,3.0,3,23.8535083251286,22.916545108165902,7,"{""model__alpha"": 10.0, ""pca__n_components"": 0.9}"
fold_municipality_grouped,1,level1_crossfit,B09_C0_PCA_Ridge,3.0,4,22.351744251234685,21.40230107658354,6,"{""model__alpha"": 100.0, ""pca__n_components"": 0.9}"
fold_municipality_grouped,1,level1_crossfit,B09_C0_PCA_Ridge,3.0,5,14.281865691949323,13.231490130311693,2,"{""model__alpha"": 1000.0, ""pca__n_components"": 0.9}"
fold_municipality_grouped,1,level1_crossfit,B09_C0_PCA_Ridge,3.0,6,26.323650982756703,25.411427732276422,9,"{""model__alpha"": 10.0, ""pca__n_components"": 0.95}"
fold_municipality_grouped,1,level1_crossfit,B09_C0_PCA_Ridge,3.0,7,24.4267098687799,23.50258484707803,8,"{""model__alpha"": 100.0, ""pca__n_components"": 0.95}"
fold_municipality_grouped,1,level1_crossfit,B09_C0_PCA_Ridge,3.0,8,15.080589138745145,14.044213034161222,3,"{""model__alpha"": 1000.0, ""pca__n_components"": 0.95}"
fold_municipality_grouped,1,outer_refit,B09_C0_PCA_Ridge,,0,0.7999915296491596,0.14444473512959283,5,"{""model__alpha"": 10.0, ""pca__n_components"": 0.8}"
fold_municipality_grouped,1,outer_refit,B09_C0_PCA_Ridge,,1,0.7976327002249818,0.14992318680568048,2,"{""model__alpha"": 100.0, ""pca__n_components"": 0.8}"
fold_municipality_grouped,1,outer_refit,B09_C0_PCA_Ridge,,2,0.799791597377932,0.1907759295514124,4,"{""model__alpha"": 1000.0, ""pca__n_components"": 0.8}"
fold_municipality_grouped,1,outer_refit,B09_C0_PCA_Ridge,,3,0.8144587946588492,0.14016898752872745,9,"{""model__alpha"": 10.0, ""pca__n_components"": 0.9}"
fold_municipality_grouped,1,outer_refit,B09_C0_PCA_Ridge,,4,0.8081795571224478,0.1438437518722812,7,"{""model__alpha"": 100.0, ""pca__n_components"": 0.9}"
fold_municipality_grouped,1,outer_refit,B09_C0_PCA_Ridge,,5,0.799752355075568,0.18348709524181625,3,"{""model__alpha"": 1000.0, ""pca__n_components"": 0.9}"
fold_municipality_grouped,1,outer_refit,B09_C0_PCA_Ridge,,6,0.8125436392594446,0.13584807797743415,8,"{""model__alpha"": 10.0, ""pca__n_components"": 0.95}"
fold_municipality_grouped,1,outer_refit,B09_C0_PCA_Ridge,,7,0.8056212669676569,0.14047828458745776,6,"{""model__alpha"": 100.0, ""pca__n_components"": 0.95}"
fold_municipality_grouped,1,outer_refit,B09_C0_PCA_Ridge,,8,0.796467200381354,0.18409336165911988,1,"{""model__alpha"": 1000.0, ""pca__n_components"": 0.95}"
fold_municipality_grouped,1,level1_crossfit,B10_C1_PCA_Ridge,1.0,0,1.0384730562904017,0.19099134410804458,5,"{""model__alpha"": 10.0, ""pca__n_components"": 0.8}"
fold_municipality_grouped,1,level1_crossfit,B10_C1_PCA_Ridge,1.0,1,1.0738814157280538,0.16533012768978683,6,"{""model__alpha"": 100.0, ""pca__n_components"": 0.8}"
fold_municipality_grouped,1,level1_crossfit,B10_C1_PCA_Ridge,1.0,2,1.1974505878101755,0.0690011399667968,9,"{""model__alpha"": 1000.0, ""pca__n_components"": 0.8}"
fold_municipality_grouped,1,level1_crossfit,B10_C1_PCA_Ridge,1.0,3,0.9170386774714485,0.038024409248727686,2,"{""model__alpha"": 10.0, ""pca__n_components"": 0.9}"
fold_municipality_grouped,1,level1_crossfit,B10_C1_PCA_Ridge,1.0,4,0.9814821731571619,0.04841072240569999,4,"{""model__alpha"": 100.0, ""pca__n_components"": 0.9}"
fold_municipality_grouped,1,level1_crossfit,B10_C1_PCA_Ridge,1.0,5,1.1712526703482364,0.03462871666177214,8,"{""model__alpha"": 1000.0, ""pca__n_components"": 0.9}"
fold_municipality_grouped,1,level1_crossfit,B10_C1_PCA_Ridge,1.0,6,0.9004312879301233,0.13038106010061007,1,"{""model__alpha"": 10.0, ""pca__n_components"": 0.95}"
fold_municipality_grouped,1,level1_crossfit,B10_C1_PCA_Ridge,1.0,7,0.9460842064132469,0.09678607042207532,3,"{""model__alpha"": 100.0, ""pca__n_components"": 0.95}"
fold_municipality_grouped,1,level1_crossfit,B10_C1_PCA_Ridge,1.0,8,1.1585725575802481,0.04379876591259457,7,"{""model__alpha"": 1000.0, ""pca__n_components"": 0.95}"
fold_municipality_grouped,1,level1_crossfit,B10_C1_PCA_Ridge,2.0,0,0.5526782403003618,0.17722593501934375,5,"{""model__alpha"": 10.0, ""pca__n_components"": 0.8}"
fold_municipality_grouped,1,level1_crossfit,B10_C1_PCA_Ridge,2.0,1,0.5386075426905322,0.1574734994543698,4,"{""model__alpha"": 100.0, ""pca__n_components"": 0.8}"
fold_municipality_grouped,1,level1_crossfit,B10_C1_PCA_Ridge,2.0,2,0.523578703676302,0.08622741227162539,3,"{""model__alpha"": 1000.0, ""pca__n_components"": 0.8}"
fold_municipality_grouped,1,level1_crossfit,B10_C1_PCA_Ridge,2.0,3,0.5863540967215841,0.08063635978421307,8,"{""model__alpha"": 10.0, ""pca__n_components"": 0.9}"
fold_municipality_grouped,1,level1_crossfit,B10_C1_PCA_Ridge,2.0,4,0.5575025563985876,0.09232553448041275,7,"{""model__alpha"": 100.0, ""pca__n_components"": 0.9}"
fold_municipality_grouped,1,level1_crossfit,B10_C1_PCA_Ridge,2.0,5,0.5212864265293102,0.07989593423036492,2,"{""model__alpha"": 1000.0, ""pca__n_components"": 0.9}"
fold_municipality_grouped,1,level1_crossfit,B10_C1_PCA_Ridge,2.0,6,0.6445183010122085,0.0007596328286462173,9,"{""model__alpha"": 10.0, ""pca__n_components"": 0.95}"
fold_municipality_grouped,1,level1_crossfit,B10_C1_PCA_Ridge,2.0,7,0.555336541514318,0.013088409193400596,6,"{""model__alpha"": 100.0, ""pca__n_components"": 0.95}"
fold_municipality_grouped,1,level1_crossfit,B10_C1_PCA_Ridge,2.0,8,0.5198763113126176,0.05891584595458477,1,"{""model__alpha"": 1000.0, ""pca__n_components"": 0.95}"
fold_municipality_grouped,1,level1_crossfit,B10_C1_PCA_Ridge,3.0,0,1.1702089095753512,0.05283300357342291,3,"{""model__alpha"": 10.0, ""pca__n_components"": 0.8}"
fold_municipality_grouped,1,level1_crossfit,B10_C1_PCA_Ridge,3.0,1,1.1998980457515964,0.03309946858917956,6,"{""model__alpha"": 100.0, ""pca__n_components"": 0.8}"
fold_municipality_grouped,1,level1_crossfit,B10_C1_PCA_Ridge,3.0,2,1.3137730772342213,0.034217930177348865,9,"{""model__alpha"": 1000.0, ""pca__n_components"": 0.8}"
fold_municipality_grouped,1,level1_crossfit,B10_C1_PCA_Ridge,3.0,3,1.0794418974529871,0.022788165831106544,1,"{""model__alpha"": 10.0, ""pca__n_components"": 0.9}"
fold_municipality_grouped,1,level1_crossfit,B10_C1_PCA_Ridge,3.0,4,1.121864833467921,0.003973958115393472,2,"{""model__alpha"": 100.0, ""pca__n_components"": 0.9}"
fold_municipality_grouped,1,level1_crossfit,B10_C1_PCA_Ridge,3.0,5,1.2807519101308833,0.05875730247457156,7,"{""model__alpha"": 1000.0, ""pca__n_components"": 0.9}"
fold_municipality_grouped,1,level1_crossfit,B10_C1_PCA_Ridge,3.0,6,1.1759171352528655,0.22123262050588616,5,"{""model__alpha"": 10.0, ""pca__n_components"": 0.95}"
fold_municipality_grouped,1,level1_crossfit,B10_C1_PCA_Ridge,3.0,7,1.175028196541278,0.12698659594723694,4,"{""model__alpha"": 100.0, ""pca__n_components"": 0.95}"
fold_municipality_grouped,1,level1_crossfit,B10_C1_PCA_Ridge,3.0,8,1.2920557760989715,0.027593363588577224,8,"{""model__alpha"": 1000.0, ""pca__n_components"": 0.95}"
fold_municipality_grouped,1,outer_refit,B10_C1_PCA_Ridge,,0,0.766812307869539,0.25789177166586696,5,"{""model__alpha"": 10.0, ""pca__n_components"": 0.8}"
fold_municipality_grouped,1,outer_refit,B10_C1_PCA_Ridge,,1,0.7688734150909259,0.2677852781245413,6,"{""model__alpha"": 100.0, ""pca__n_components"": 0.8}"
fold_municipality_grouped,1,outer_refit,B10_C1_PCA_Ridge,,2,0.8205094282279551,0.2977704666190931,9,"{""model__alpha"": 1000.0, ""pca__n_components"": 0.8}"
fold_municipality_grouped,1,outer_refit,B10_C1_PCA_Ridge,,3,0.744827641114964,0.2060796562027788,3,"{""model__alpha"": 10.0, ""pca__n_components"": 0.9}"
fold_municipality_grouped,1,outer_refit,B10_C1_PCA_Ridge,,4,0.7494221738644972,0.22309785890471998,4,"{""model__alpha"": 100.0, ""pca__n_components"": 0.9}"
fold_municipality_grouped,1,outer_refit,B10_C1_PCA_Ridge,,5,0.8180305016969752,0.27521122771441253,8,"{""model__alpha"": 1000.0, ""pca__n_components"": 0.9}"
fold_municipality_grouped,1,outer_refit,B10_C1_PCA_Ridge,,6,0.7298881576374519,0.12815308259174366,2,"{""model__alpha"": 10.0, ""pca__n_components"": 0.95}"
fold_municipality_grouped,1,outer_refit,B10_C1_PCA_Ridge,,7,0.7287226739085059,0.16504736360434494,1,"{""model__alpha"": 100.0, ""pca__n_components"": 0.95}"
fold_municipality_grouped,1,outer_refit,B10_C1_PCA_Ridge,,8,0.8082823180427576,0.2604851317981064,7,"{""model__alpha"": 1000.0, ""pca__n_components"": 0.95}"
fold_municipality_grouped,2,level1_crossfit,B01_C0_PLS,1.0,0,0.9745698390007479,0.3177357088386049,1,"{""model__n_components"": 2}"
fold_municipality_grouped,2,level1_crossfit,B01_C0_PLS,1.0,1,1.2712376533956509,0.7184522929614082,2,"{""model__n_components"": 4}"
fold_municipality_grouped,2,level1_crossfit,B01_C0_PLS,1.0,2,2.281613250163619,1.7639715343807076,5,"{""model__n_components"": 8}"
fold_municipality_grouped,2,level1_crossfit,B01_C0_PLS,1.0,3,2.2566526488044776,1.738551232966753,4,"{""model__n_components"": 12}"
fold_municipality_grouped,2,level1_crossfit,B01_C0_PLS,1.0,4,2.254200745216499,1.7360585766195002,3,"{""model__n_components"": 20}"
fold_municipality_grouped,2,level1_crossfit,B01_C0_PLS,2.0,0,0.5033707225196429,0.06788328819448636,1,"{""model__n_components"": 2}"
fold_municipality_grouped,2,level1_crossfit,B01_C0_PLS,2.0,1,0.5869608067392891,0.009216687584514383,3,"{""model__n_components"": 4}"
fold_municipality_grouped,2,level1_crossfit,B01_C0_PLS,2.0,2,0.5706340357766468,0.012078509379081503,2,"{""model__n_components"": 8}"
fold_municipality_grouped,2,level1_crossfit,B01_C0_PLS,2.0,3,0.6305374023716479,0.04818951363211427,4,"{""model__n_components"": 12}"
fold_municipality_grouped,2,level1_crossfit,B01_C0_PLS,2.0,4,0.6502424820901611,0.06785866586198747,5,"{""model__n_components"": 20}"
fold_municipality_grouped,2,level1_crossfit,B01_C0_PLS,3.0,0,1.2681900805313941,0.4386505288282332,1,"{""model__n_components"": 2}"
fold_municipality_grouped,2,level1_crossfit,B01_C0_PLS,3.0,1,1.8922184253460597,1.4768711944048865,2,"{""model__n_components"": 4}"
fold_municipality_grouped,2,level1_crossfit,B01_C0_PLS,3.0,2,3.774370027587721,3.145427925750378,5,"{""model__n_components"": 8}"
fold_municipality_grouped,2,level1_crossfit,B01_C0_PLS,3.0,3,3.7376440813244733,3.1316336187493543,4,"{""model__n_components"": 12}"
fold_municipality_grouped,2,level1_crossfit,B01_C0_PLS,3.0,4,3.730912922166308,3.1303986456133495,3,"{""model__n_components"": 20}"
fold_municipality_grouped,2,outer_refit,B01_C0_PLS,,0,0.5746165094058516,0.09130046877477745,1,"{""model__n_components"": 2}"
fold_municipality_grouped,2,outer_refit,B01_C0_PLS,,1,0.6501619841154261,0.13466463302106335,3,"{""model__n_components"": 4}"
fold_municipality_grouped,2,outer_refit,B01_C0_PLS,,2,0.615736412708593,0.10578184791957874,2,"{""model__n_components"": 8}"
fold_municipality_grouped,2,outer_refit,B01_C0_PLS,,3,0.6777320671157187,0.08056760447071785,5,"{""model__n_components"": 12}"
fold_municipality_grouped,2,outer_refit,B01_C0_PLS,,4,0.6648165173025617,0.10015719423564004,4,"{""model__n_components"": 20}"
fold_municipality_grouped,2,level1_crossfit,B02_C3_Ridge,1.0,0,1.8892871358016927,1.390815849421891,6,"{""model__alpha"": 0.1}"
fold_municipality_grouped,2,level1_crossfit,B02_C3_Ridge,1.0,1,1.8836672770248954,1.3850317941602266,5,"{""model__alpha"": 1.0}"
fold_municipality_grouped,2,level1_crossfit,B02_C3_Ridge,1.0,2,1.8296142133443558,1.329320354734359,4,"{""model__alpha"": 10.0}"
fold_municipality_grouped,2,level1_crossfit,B02_C3_Ridge,1.0,3,1.448803022780217,0.931085978635393,3,"{""model__alpha"": 100.0}"
fold_municipality_grouped,2,level1_crossfit,B02_C3_Ridge,1.0,4,1.013479153056559,0.3502093232490379,1,"{""model__alpha"": 1000.0}"
fold_municipality_grouped,2,level1_crossfit,B02_C3_Ridge,1.0,5,1.212963202599963,0.1779628032246443,2,"{""model__alpha"": 10000.0}"
fold_municipality_grouped,2,level1_crossfit,B02_C3_Ridge,2.0,0,0.6530164504549247,0.07663915745568445,6,"{""model__alpha"": 0.1}"
fold_municipality_grouped,2,level1_crossfit,B02_C3_Ridge,2.0,1,0.6513589654648382,0.07504066901814088,5,"{""model__alpha"": 1.0}"
fold_municipality_grouped,2,level1_crossfit,B02_C3_Ridge,2.0,2,0.6366111233445657,0.06086540670878998,4,"{""model__alpha"": 10.0}"
fold_municipality_grouped,2,level1_crossfit,B02_C3_Ridge,2.0,3,0.5673692292054782,0.0039031694314863308,3,"{""model__alpha"": 100.0}"
fold_municipality_grouped,2,level1_crossfit,B02_C3_Ridge,2.0,4,0.5013995935715165,0.05847291972005583,1,"{""model__alpha"": 1000.0}"
fold_municipality_grouped,2,level1_crossfit,B02_C3_Ridge,2.0,5,0.5526929427118474,0.034099998200928294,2,"{""model__alpha"": 10000.0}"
fold_municipality_grouped,2,level1_crossfit,B02_C3_Ridge,3.0,0,3.266115825803091,2.3599004926551856,6,"{""model__alpha"": 0.1}"
fold_municipality_grouped,2,level1_crossfit,B02_C3_Ridge,3.0,1,3.2563900681184657,2.3501458181308883,5,"{""model__alpha"": 1.0}"
fold_municipality_grouped,2,level1_crossfit,B02_C3_Ridge,3.0,2,3.1623488518312723,2.2564932162079163,4,"{""model__alpha"": 10.0}"
fold_municipality_grouped,2,level1_crossfit,B02_C3_Ridge,3.0,3,2.4707661999370396,1.5963619735881585,3,"{""model__alpha"": 100.0}"
fold_municipality_grouped,2,level1_crossfit,B02_C3_Ridge,3.0,4,1.330290139586574,0.504971676173333,1,"{""model__alpha"": 1000.0}"
fold_municipality_grouped,2,level1_crossfit,B02_C3_Ridge,3.0,5,1.3955866967553043,0.22742536685248715,2,"{""model__alpha"": 10000.0}"
fold_municipality_grouped,2,outer_refit,B02_C3_Ridge,,0,0.7200048530346629,0.1478010332122925,5,"{""model__alpha"": 0.1}"
fold_municipality_grouped,2,outer_refit,B02_C3_Ridge,,1,0.7184506957327148,0.14734089464584146,4,"{""model__alpha"": 1.0}"
fold_municipality_grouped,2,outer_refit,B02_C3_Ridge,,2,0.7048105038462676,0.1430034127140466,3,"{""model__alpha"": 10.0}"
fold_municipality_grouped,2,outer_refit,B02_C3_Ridge,,3,0.6417672220477636,0.11774022394167435,2,"{""model__alpha"": 100.0}"
fold_municipality_grouped,2,outer_refit,B02_C3_Ridge,,4,0.5987941408842661,0.05814198244910912,1,"{""model__alpha"": 1000.0}"
fold_municipality_grouped,2,outer_refit,B02_C3_Ridge,,5,0.777279306811625,0.20854500847734475,6,"{""model__alpha"": 10000.0}"
fold_municipality_grouped,2,level1_crossfit,B03_C1_CatBoost,1.0,0,1.0266277390485932,0.413069746352583,2,"{""model__depth"": 4, ""model__l2_leaf_reg"": 3.0, ""model__learning_rate"": 0.03}"
fold_municipality_grouped,2,level1_crossfit,B03_C1_CatBoost,1.0,1,1.0140375053155712,0.42912869683406607,1,"{""model__depth"": 4, ""model__l2_leaf_reg"": 6.0, ""model__learning_rate"": 0.06}"
fold_municipality_grouped,2,level1_crossfit,B03_C1_CatBoost,1.0,2,1.1131136863245419,0.32608441756109013,4,"{""model__depth"": 5, ""model__l2_leaf_reg"": 10.0, ""model__learning_rate"": 0.03}"
fold_municipality_grouped,2,level1_crossfit,B03_C1_CatBoost,1.0,3,1.0378462203691132,0.3897229478788863,3,"{""model__depth"": 5, ""model__l2_leaf_reg"": 3.0, ""model__learning_rate"": 0.06}"
fold_municipality_grouped,2,level1_crossfit,B03_C1_CatBoost,1.0,4,1.1205255695084861,0.3075441845558886,6,"{""model__depth"": 6, ""model__l2_leaf_reg"": 6.0, ""model__learning_rate"": 0.03}"
fold_municipality_grouped,2,level1_crossfit,B03_C1_CatBoost,1.0,5,1.1148319617754148,0.3352152936761951,5,"{""model__depth"": 6, ""model__l2_leaf_reg"": 10.0, ""model__learning_rate"": 0.06}"
fold_municipality_grouped,2,level1_crossfit,B03_C1_CatBoost,2.0,0,0.5672326078153536,0.01860773798377169,5,"{""model__depth"": 4, ""model__l2_leaf_reg"": 3.0, ""model__learning_rate"": 0.03}"
fold_municipality_grouped,2,level1_crossfit,B03_C1_CatBoost,2.0,1,0.5751402464310215,0.010129847902356048,6,"{""model__depth"": 4, ""model__l2_leaf_reg"": 6.0, ""model__learning_rate"": 0.06}"
fold_municipality_grouped,2,level1_crossfit,B03_C1_CatBoost,2.0,2,0.5525980300560855,0.03450115212344379,2,"{""model__depth"": 5, ""model__l2_leaf_reg"": 10.0, ""model__learning_rate"": 0.03}"
fold_municipality_grouped,2,level1_crossfit,B03_C1_CatBoost,2.0,3,0.542983268366727,0.042377167471234656,1,"{""model__depth"": 5, ""model__l2_leaf_reg"": 3.0, ""model__learning_rate"": 0.06}"
fold_municipality_grouped,2,level1_crossfit,B03_C1_CatBoost,2.0,4,0.5657175598445219,0.02613590910447655,3,"{""model__depth"": 6, ""model__l2_leaf_reg"": 6.0, ""model__learning_rate"": 0.03}"
fold_municipality_grouped,2,level1_crossfit,B03_C1_CatBoost,2.0,5,0.5668905480587687,0.023131772051159072,4,"{""model__depth"": 6, ""model__l2_leaf_reg"": 10.0, ""model__learning_rate"": 0.06}"
fold_municipality_grouped,2,level1_crossfit,B03_C1_CatBoost,3.0,0,1.423085728975521,0.2432788571853861,2,"{""model__depth"": 4, ""model__l2_leaf_reg"": 3.0, ""model__learning_rate"": 0.03}"
fold_municipality_grouped,2,level1_crossfit,B03_C1_CatBoost,3.0,1,1.441658768778526,0.22635168945416517,3,"{""model__depth"": 4, ""model__l2_leaf_reg"": 6.0, ""model__learning_rate"": 0.06}"
fold_municipality_grouped,2,level1_crossfit,B03_C1_CatBoost,3.0,2,1.4639234078974037,0.18369753984811832,6,"{""model__depth"": 5, ""model__l2_leaf_reg"": 10.0, ""model__learning_rate"": 0.03}"
fold_municipality_grouped,2,level1_crossfit,B03_C1_CatBoost,3.0,3,1.4208793404161202,0.23138899187174422,1,"{""model__depth"": 5, ""model__l2_leaf_reg"": 3.0, ""model__learning_rate"": 0.06}"
fold_municipality_grouped,2,level1_crossfit,B03_C1_CatBoost,3.0,4,1.458955123632316,0.17834566526600837,4,"{""model__depth"": 6, ""model__l2_leaf_reg"": 6.0, ""model__learning_rate"": 0.03}"
fold_municipality_grouped,2,level1_crossfit,B03_C1_CatBoost,3.0,5,1.4629375348833593,0.18534520475994642,5,"{""model__depth"": 6, ""model__l2_leaf_reg"": 10.0, ""model__learning_rate"": 0.06}"
fold_municipality_grouped,2,outer_refit,B03_C1_CatBoost,,0,0.6458398290677856,0.07523821723608656,1,"{""model__depth"": 4, ""model__l2_leaf_reg"": 3.0, ""model__learning_rate"": 0.03}"
fold_municipality_grouped,2,outer_refit,B03_C1_CatBoost,,1,0.6532224754827818,0.0836046536249858,2,"{""model__depth"": 4, ""model__l2_leaf_reg"": 6.0, ""model__learning_rate"": 0.06}"
fold_municipality_grouped,2,outer_refit,B03_C1_CatBoost,,2,0.7175290906223064,0.14581116651557557,6,"{""model__depth"": 5, ""model__l2_leaf_reg"": 10.0, ""model__learning_rate"": 0.03}"
fold_municipality_grouped,2,outer_refit,B03_C1_CatBoost,,3,0.6959087662210627,0.09903429454111859,3,"{""model__depth"": 5, ""model__l2_leaf_reg"": 3.0, ""model__learning_rate"": 0.06}"
fold_municipality_grouped,2,outer_refit,B03_C1_CatBoost,,4,0.7138989905668739,0.16178775359653544,5,"{""model__depth"": 6, ""model__l2_leaf_reg"": 6.0, ""model__learning_rate"": 0.03}"
fold_municipality_grouped,2,outer_refit,B03_C1_CatBoost,,5,0.6964623669758915,0.13866767358617538,4,"{""model__depth"": 6, ""model__l2_leaf_reg"": 10.0, ""model__learning_rate"": 0.06}"
fold_municipality_grouped,2,level1_crossfit,B04_C0_Ridge,1.0,0,2.253252671118883,1.7350755902882464,6,"{""model__alpha"": 0.1}"
fold_municipality_grouped,2,level1_crossfit,B04_C0_Ridge,1.0,1,2.2448131271537104,1.726321980124403,5,"{""model__alpha"": 1.0}"
fold_municipality_grouped,2,level1_crossfit,B04_C0_Ridge,1.0,2,2.163984374870053,1.6423673149034723,4,"{""model__alpha"": 10.0}"
fold_municipality_grouped,2,level1_crossfit,B04_C0_Ridge,1.0,3,1.6114931391238418,1.0603000473368798,3,"{""model__alpha"": 100.0}"
fold_municipality_grouped,2,level1_crossfit,B04_C0_Ridge,1.0,4,1.0027235577144105,0.26724841579480857,1,"{""model__alpha"": 1000.0}"
fold_municipality_grouped,2,level1_crossfit,B04_C0_Ridge,1.0,5,1.225778376103359,0.13634228856093022,2,"{""model__alpha"": 10000.0}"
fold_municipality_grouped,2,level1_crossfit,B04_C0_Ridge,2.0,0,0.649452333409919,0.06707648705616587,6,"{""model__alpha"": 0.1}"
fold_municipality_grouped,2,level1_crossfit,B04_C0_Ridge,2.0,1,0.6471285188687558,0.06482412449837616,5,"{""model__alpha"": 1.0}"
fold_municipality_grouped,2,level1_crossfit,B04_C0_Ridge,2.0,2,0.6268793060157685,0.04526337367706679,4,"{""model__alpha"": 10.0}"
fold_municipality_grouped,2,level1_crossfit,B04_C0_Ridge,2.0,3,0.5456161601668739,0.030875850010694872,2,"{""model__alpha"": 100.0}"
fold_municipality_grouped,2,level1_crossfit,B04_C0_Ridge,2.0,4,0.5037800841011402,0.06162318077940582,1,"{""model__alpha"": 1000.0}"
fold_municipality_grouped,2,level1_crossfit,B04_C0_Ridge,2.0,5,0.5729709612046505,0.02553710119767827,3,"{""model__alpha"": 10000.0}"
fold_municipality_grouped,2,level1_crossfit,B04_C0_Ridge,3.0,0,3.7303495490479377,3.1277079329087734,6,"{""model__alpha"": 0.1}"
fold_municipality_grouped,2,level1_crossfit,B04_C0_Ridge,3.0,1,3.7157176063348603,3.113404521617472,5,"{""model__alpha"": 1.0}"
fold_municipality_grouped,2,level1_crossfit,B04_C0_Ridge,3.0,2,3.5765694598733555,2.975069489131263,4,"{""model__alpha"": 10.0}"
fold_municipality_grouped,2,level1_crossfit,B04_C0_Ridge,3.0,3,2.6317010990774268,1.9910217046984764,3,"{""model__alpha"": 100.0}"
fold_municipality_grouped,2,level1_crossfit,B04_C0_Ridge,3.0,4,1.2839710181981807,0.4457508186837514,1,"{""model__alpha"": 1000.0}"
fold_municipality_grouped,2,level1_crossfit,B04_C0_Ridge,3.0,5,1.423123228888581,0.1701015085778712,2,"{""model__alpha"": 10000.0}"
fold_municipality_grouped,2,outer_refit,B04_C0_Ridge,,0,0.6628229229091966,0.10342238805151764,5,"{""model__alpha"": 0.1}"
fold_municipality_grouped,2,outer_refit,B04_C0_Ridge,,1,0.6611061491758283,0.10271342056516551,4,"{""model__alpha"": 1.0}"
fold_municipality_grouped,2,outer_refit,B04_C0_Ridge,,2,0.6461403338378117,0.09707112545513713,3,"{""model__alpha"": 10.0}"
fold_municipality_grouped,2,outer_refit,B04_C0_Ridge,,3,0.5818836728090085,0.08589710929896696,1,"{""model__alpha"": 100.0}"
fold_municipality_grouped,2,outer_refit,B04_C0_Ridge,,4,0.587437844492786,0.05686243470331868,2,"{""model__alpha"": 1000.0}"
fold_municipality_grouped,2,outer_refit,B04_C0_Ridge,,5,0.8106660759531498,0.26074886593858426,6,"{""model__alpha"": 10000.0}"
fold_municipality_grouped,2,level1_crossfit,B05_C3_PLS,1.0,0,1.0941644986113759,0.5054798662750937,1,"{""model__n_components"": 2}"
fold_municipality_grouped,2,level1_crossfit,B05_C3_PLS,1.0,1,1.2209914080281294,0.7069606091431901,2,"{""model__n_components"": 4}"
fold_municipality_grouped,2,level1_crossfit,B05_C3_PLS,1.0,2,1.8562681197713014,1.3618883325147362,3,"{""model__n_components"": 8}"
fold_municipality_grouped,2,level1_crossfit,B05_C3_PLS,1.0,3,1.9002222503398818,1.401804183964803,5,"{""model__n_components"": 12}"
fold_municipality_grouped,2,level1_crossfit,B05_C3_PLS,1.0,4,1.8899243783007258,1.391471316163586,4,"{""model__n_components"": 20}"
fold_municipality_grouped,2,level1_crossfit,B05_C3_PLS,2.0,0,0.49648262635322804,0.07591297073687561,1,"{""model__n_components"": 2}"
fold_municipality_grouped,2,level1_crossfit,B05_C3_PLS,2.0,1,0.5562385829615633,0.01711874457508672,2,"{""model__n_components"": 4}"
fold_municipality_grouped,2,level1_crossfit,B05_C3_PLS,2.0,2,0.5855333681892787,0.008109453248412002,3,"{""model__n_components"": 8}"
fold_municipality_grouped,2,level1_crossfit,B05_C3_PLS,2.0,3,0.6472484865744159,0.07087435408932224,4,"{""model__n_components"": 12}"
fold_municipality_grouped,2,level1_crossfit,B05_C3_PLS,2.0,4,0.6532100132681316,0.07682614474316313,5,"{""model__n_components"": 20}"
fold_municipality_grouped,2,level1_crossfit,B05_C3_PLS,3.0,0,1.3822771199223953,0.6220469082843495,1,"{""model__n_components"": 2}"
fold_municipality_grouped,2,level1_crossfit,B05_C3_PLS,3.0,1,1.806062414728213,1.3506247891664782,2,"{""model__n_components"": 4}"
fold_municipality_grouped,2,level1_crossfit,B05_C3_PLS,3.0,2,3.1791899242739814,2.3300258349232794,3,"{""model__n_components"": 8}"
fold_municipality_grouped,2,level1_crossfit,B05_C3_PLS,3.0,3,3.3626097524075975,2.2997529458576644,5,"{""model__n_components"": 12}"
fold_municipality_grouped,2,level1_crossfit,B05_C3_PLS,3.0,4,3.2712216195582347,2.357005657579209,4,"{""model__n_components"": 20}"
fold_municipality_grouped,2,outer_refit,B05_C3_PLS,,0,0.5726231727173011,0.06761987261270033,1,"{""model__n_components"": 2}"
fold_municipality_grouped,2,outer_refit,B05_C3_PLS,,1,0.6779445549201064,0.13527086288427098,3,"{""model__n_components"": 4}"
fold_municipality_grouped,2,outer_refit,B05_C3_PLS,,2,0.6554491639450598,0.10145262164623076,2,"{""model__n_components"": 8}"
fold_municipality_grouped,2,outer_refit,B05_C3_PLS,,3,0.7138722062490928,0.13263726647490176,4,"{""model__n_components"": 12}"
fold_municipality_grouped,2,outer_refit,B05_C3_PLS,,4,0.7215787086862324,0.1480697154223289,5,"{""model__n_components"": 20}"
fold_municipality_grouped,2,level1_crossfit,B06_C2_PLS,1.0,0,1.1039126825523033,0.5276418553402832,2,"{""model__n_components"": 2}"
fold_municipality_grouped,2,level1_crossfit,B06_C2_PLS,1.0,1,0.998992032623895,0.48224420509976,1,"{""model__n_components"": 4}"
fold_municipality_grouped,2,level1_crossfit,B06_C2_PLS,1.0,2,1.2507377138763034,0.7301755766730202,5,"{""model__n_components"": 8}"
fold_municipality_grouped,2,level1_crossfit,B06_C2_PLS,1.0,3,1.2434118430730976,0.7211953174325622,4,"{""model__n_components"": 12}"
fold_municipality_grouped,2,level1_crossfit,B06_C2_PLS,1.0,4,1.2306738164826188,0.7083882395487614,3,"{""model__n_components"": 20}"
fold_municipality_grouped,2,level1_crossfit,B06_C2_PLS,2.0,0,0.5204863689068491,0.06534816493927775,1,"{""model__n_components"": 2}"
fold_municipality_grouped,2,level1_crossfit,B06_C2_PLS,2.0,1,0.5736769397627579,0.0049241907289183096,2,"{""model__n_components"": 4}"
fold_municipality_grouped,2,level1_crossfit,B06_C2_PLS,2.0,2,0.6229914304778366,0.039633789292357446,3,"{""model__n_components"": 8}"
fold_municipality_grouped,2,level1_crossfit,B06_C2_PLS,2.0,3,0.6705512969231724,0.08867613349865772,4,"{""model__n_components"": 12}"
fold_municipality_grouped,2,level1_crossfit,B06_C2_PLS,2.0,4,0.6760398131594181,0.09416709650716032,5,"{""model__n_components"": 20}"
fold_municipality_grouped,2,level1_crossfit,B06_C2_PLS,3.0,0,1.4161325258149144,0.6071388099497345,2,"{""model__n_components"": 2}"
fold_municipality_grouped,2,level1_crossfit,B06_C2_PLS,3.0,1,1.394329941076007,0.8623187263964688,1,"{""model__n_components"": 4}"
fold_municipality_grouped,2,level1_crossfit,B06_C2_PLS,3.0,2,2.0481952340058402,1.286387344747354,4,"{""model__n_components"": 8}"
fold_municipality_grouped,2,level1_crossfit,B06_C2_PLS,3.0,3,2.084998899250262,1.1875814073744304,5,"{""model__n_components"": 12}"
fold_municipality_grouped,2,level1_crossfit,B06_C2_PLS,3.0,4,2.0177359946229805,1.202221023448966,3,"{""model__n_components"": 20}"
fold_municipality_grouped,2,outer_refit,B06_C2_PLS,,0,0.5887014656000643,0.07859712418522193,1,"{""model__n_components"": 2}"
fold_municipality_grouped,2,outer_refit,B06_C2_PLS,,1,0.6654054439548825,0.13435361883917765,2,"{""model__n_components"": 4}"
fold_municipality_grouped,2,outer_refit,B06_C2_PLS,,2,0.7117749212752487,0.08662943064287232,3,"{""model__n_components"": 8}"
fold_municipality_grouped,2,outer_refit,B06_C2_PLS,,3,0.7783952806822515,0.13141212408510292,4,"{""model__n_components"": 12}"
fold_municipality_grouped,2,outer_refit,B06_C2_PLS,,4,0.7913917928447763,0.15770502228968644,5,"{""model__n_components"": 20}"
fold_municipality_grouped,2,level1_crossfit,B07_C1_ExtraTrees,1.0,0,0.970411244143639,0.42609878694352843,4,"{""model__max_features"": ""sqrt"", ""model__min_samples_leaf"": 2}"
fold_municipality_grouped,2,level1_crossfit,B07_C1_ExtraTrees,1.0,1,1.0403430374817206,0.3532080842061503,5,"{""model__max_features"": ""sqrt"", ""model__min_samples_leaf"": 3}"
fold_municipality_grouped,2,level1_crossfit,B07_C1_ExtraTrees,1.0,2,1.093157455354252,0.31673201831878117,6,"{""model__max_features"": ""sqrt"", ""model__min_samples_leaf"": 5}"
fold_municipality_grouped,2,level1_crossfit,B07_C1_ExtraTrees,1.0,3,0.8991448284946773,0.49401915028735877,1,"{""model__max_features"": 0.3, ""model__min_samples_leaf"": 2}"
fold_municipality_grouped,2,level1_crossfit,B07_C1_ExtraTrees,1.0,4,0.9403424605436159,0.46525618972662985,2,"{""model__max_features"": 0.3, ""model__min_samples_leaf"": 3}"
fold_municipality_grouped,2,level1_crossfit,B07_C1_ExtraTrees,1.0,5,0.9640722400128174,0.45416245787857706,3,"{""model__max_features"": 0.3, ""model__min_samples_leaf"": 5}"
fold_municipality_grouped,2,level1_crossfit,B07_C1_ExtraTrees,2.0,0,0.6146564385703264,0.03710005211909895,3,"{""model__max_features"": ""sqrt"", ""model__min_samples_leaf"": 2}"
fold_municipality_grouped,2,level1_crossfit,B07_C1_ExtraTrees,2.0,1,0.6143148970580333,0.035880918523553684,1,"{""model__max_features"": ""sqrt"", ""model__min_samples_leaf"": 3}"
fold_municipality_grouped,2,level1_crossfit,B07_C1_ExtraTrees,2.0,2,0.6145208180455682,0.042914093280064125,2,"{""model__max_features"": ""sqrt"", ""model__min_samples_leaf"": 5}"
fold_municipality_grouped,2,level1_crossfit,B07_C1_ExtraTrees,2.0,3,0.6212327194077336,0.03349891743017941,4,"{""model__max_features"": 0.3, ""model__min_samples_leaf"": 2}"
fold_municipality_grouped,2,level1_crossfit,B07_C1_ExtraTrees,2.0,4,0.6250746883698487,0.03548208125145691,5,"{""model__max_features"": 0.3, ""model__min_samples_leaf"": 3}"
fold_municipality_grouped,2,level1_crossfit,B07_C1_ExtraTrees,2.0,5,0.6296846471000362,0.03772285273636333,6,"{""model__max_features"": 0.3, ""model__min_samples_leaf"": 5}"
fold_municipality_grouped,2,level1_crossfit,B07_C1_ExtraTrees,3.0,0,1.5422897680406913,0.10007708646932756,3,"{""model__max_features"": ""sqrt"", ""model__min_samples_leaf"": 2}"
fold_municipality_grouped,2,level1_crossfit,B07_C1_ExtraTrees,3.0,1,1.5336856786093302,0.08542042480724821,2,"{""model__max_features"": ""sqrt"", ""model__min_samples_leaf"": 3}"
fold_municipality_grouped,2,level1_crossfit,B07_C1_ExtraTrees,3.0,2,1.5319483935012792,0.08011320470940198,1,"{""model__max_features"": ""sqrt"", ""model__min_samples_leaf"": 5}"
fold_municipality_grouped,2,level1_crossfit,B07_C1_ExtraTrees,3.0,3,1.549967614029335,0.10954172268127649,4,"{""model__max_features"": 0.3, ""model__min_samples_leaf"": 2}"
fold_municipality_grouped,2,level1_crossfit,B07_C1_ExtraTrees,3.0,4,1.5530601415136918,0.1030421796237525,5,"{""model__max_features"": 0.3, ""model__min_samples_leaf"": 3}"
fold_municipality_grouped,2,level1_crossfit,B07_C1_ExtraTrees,3.0,5,1.555825104859459,0.0966207507006428,6,"{""model__max_features"": 0.3, ""model__min_samples_leaf"": 5}"
fold_municipality_grouped,2,outer_refit,B07_C1_ExtraTrees,,0,0.558677729633684,0.026432798351731467,4,"{""model__max_features"": ""sqrt"", ""model__min_samples_leaf"": 2}"
fold_municipality_grouped,2,outer_refit,B07_C1_ExtraTrees,,1,0.6115840116149472,0.048372591317638644,5,"{""model__max_features"": ""sqrt"", ""model__min_samples_leaf"": 3}"
fold_municipality_grouped,2,outer_refit,B07_C1_ExtraTrees,,2,0.6398596564420296,0.09584048438089963,6,"{""model__max_features"": ""sqrt"", ""model__min_samples_leaf"": 5}"
fold_municipality_grouped,2,outer_refit,B07_C1_ExtraTrees,,3,0.512838951387605,0.08005039434048132,1,"{""model__max_features"": 0.3, ""model__min_samples_leaf"": 2}"
fold_municipality_grouped,2,outer_refit,B07_C1_ExtraTrees,,4,0.5317686107163383,0.04995400851969801,2,"{""model__max_features"": 0.3, ""model__min_samples_leaf"": 3}"
fold_municipality_grouped,2,outer_refit,B07_C1_ExtraTrees,,5,0.5457533890489087,0.03212236391533475,3,"{""model__max_features"": 0.3, ""model__min_samples_leaf"": 5}"
fold_municipality_grouped,2,level1_crossfit,B08_C1_PLS,1.0,0,1.1074627679767808,0.6546318168302399,2,"{""model__n_components"": 2}"
fold_municipality_grouped,2,level1_crossfit,B08_C1_PLS,1.0,1,0.7836543085582408,0.22792627611224975,1,"{""model__n_components"": 4}"
fold_municipality_grouped,2,level1_crossfit,B08_C1_PLS,1.0,2,1.2057947786464123,0.5977206453001673,3,"{""model__n_components"": 8}"
fold_municipality_grouped,2,level1_crossfit,B08_C1_PLS,1.0,3,1.655112336871468,1.0188581567316586,5,"{""model__n_components"": 12}"
fold_municipality_grouped,2,level1_crossfit,B08_C1_PLS,1.0,4,1.6046400817013198,0.9642647482615101,4,"{""model__n_components"": 20}"
fold_municipality_grouped,2,level1_crossfit,B08_C1_PLS,2.0,0,0.5402426388756367,0.10988295758939903,1,"{""model__n_components"": 2}"
fold_municipality_grouped,2,level1_crossfit,B08_C1_PLS,2.0,1,0.5959419156485566,0.04493370833218286,2,"{""model__n_components"": 4}"
fold_municipality_grouped,2,level1_crossfit,B08_C1_PLS,2.0,2,1.4164075769326918,0.6587816513789955,4,"{""model__n_components"": 8}"
fold_municipality_grouped,2,level1_crossfit,B08_C1_PLS,2.0,3,1.3300828768737716,0.5718002755063687,3,"{""model__n_components"": 12}"
fold_municipality_grouped,2,level1_crossfit,B08_C1_PLS,2.0,4,1.9426180778908129,1.1862900203144657,5,"{""model__n_components"": 20}"
fold_municipality_grouped,2,level1_crossfit,B08_C1_PLS,3.0,0,1.4425335335411866,0.7609642155257544,2,"{""model__n_components"": 2}"
fold_municipality_grouped,2,level1_crossfit,B08_C1_PLS,3.0,1,1.1472607770211916,0.562691751767533,1,"{""model__n_components"": 4}"
fold_municipality_grouped,2,level1_crossfit,B08_C1_PLS,3.0,2,3.1118176755648106,0.26580616162117265,3,"{""model__n_components"": 8}"
fold_municipality_grouped,2,level1_crossfit,B08_C1_PLS,3.0,3,3.8674944175894748,0.3092491992354576,4,"{""model__n_components"": 12}"
fold_municipality_grouped,2,level1_crossfit,B08_C1_PLS,3.0,4,4.446339121195192,0.4323974789837699,5,"{""model__n_components"": 20}"
fold_municipality_grouped,2,outer_refit,B08_C1_PLS,,0,0.5653895926428846,0.051502556737744426,1,"{""model__n_components"": 2}"
fold_municipality_grouped,2,outer_refit,B08_C1_PLS,,1,0.6300381326596557,0.07704640083312855,2,"{""model__n_components"": 4}"
fold_municipality_grouped,2,outer_refit,B08_C1_PLS,,2,0.8290883459085531,0.11513427204284798,3,"{""model__n_components"": 8}"
fold_municipality_grouped,2,outer_refit,B08_C1_PLS,,3,0.848468270404088,0.1658988058694526,4,"{""model__n_components"": 12}"
fold_municipality_grouped,2,outer_refit,B08_C1_PLS,,4,1.178972181064731,0.21607330235690245,5,"{""model__n_components"": 20}"
fold_municipality_grouped,2,level1_crossfit,B09_C0_PCA_Ridge,1.0,0,1.1412942988542278,0.5298900608818083,2,"{""model__alpha"": 10.0, ""pca__n_components"": 0.8}"
fold_municipality_grouped,2,level1_crossfit,B09_C0_PCA_Ridge,1.0,1,1.137616774412483,0.5067591581850892,1,"{""model__alpha"": 100.0, ""pca__n_components"": 0.8}"
fold_municipality_grouped,2,level1_crossfit,B09_C0_PCA_Ridge,1.0,2,1.1437871190128883,0.3712462574161351,3,"{""model__alpha"": 1000.0, ""pca__n_components"": 0.8}"
fold_municipality_grouped,2,level1_crossfit,B09_C0_PCA_Ridge,1.0,3,1.2789032448110487,0.6770187195944396,6,"{""model__alpha"": 10.0, ""pca__n_components"": 0.9}"
fold_municipality_grouped,2,level1_crossfit,B09_C0_PCA_Ridge,1.0,4,1.2581094942499265,0.6367684564654349,5,"{""model__alpha"": 100.0, ""pca__n_components"": 0.9}"
fold_municipality_grouped,2,level1_crossfit,B09_C0_PCA_Ridge,1.0,5,1.1954952800753003,0.4300130862649598,4,"{""model__alpha"": 1000.0, ""pca__n_components"": 0.9}"
fold_municipality_grouped,2,level1_crossfit,B09_C0_PCA_Ridge,1.0,6,2.730716387642587,2.179464978703145,9,"{""model__alpha"": 10.0, ""pca__n_components"": 0.95}"
fold_municipality_grouped,2,level1_crossfit,B09_C0_PCA_Ridge,1.0,7,2.437859279275327,1.8615646387427776,8,"{""model__alpha"": 100.0, ""pca__n_components"": 0.95}"
fold_municipality_grouped,2,level1_crossfit,B09_C0_PCA_Ridge,1.0,8,1.5676676622037848,0.8224920339859666,7,"{""model__alpha"": 1000.0, ""pca__n_components"": 0.95}"
fold_municipality_grouped,2,level1_crossfit,B09_C0_PCA_Ridge,2.0,0,0.5410816829197534,0.03884076684855142,9,"{""model__alpha"": 10.0, ""pca__n_components"": 0.8}"
fold_municipality_grouped,2,level1_crossfit,B09_C0_PCA_Ridge,2.0,1,0.5375248841661495,0.03943298759918493,8,"{""model__alpha"": 100.0, ""pca__n_components"": 0.8}"
fold_municipality_grouped,2,level1_crossfit,B09_C0_PCA_Ridge,2.0,2,0.5254515837969926,0.04211577286298179,5,"{""model__alpha"": 1000.0, ""pca__n_components"": 0.8}"
fold_municipality_grouped,2,level1_crossfit,B09_C0_PCA_Ridge,2.0,3,0.5293552076480388,0.04174178896283126,7,"{""model__alpha"": 10.0, ""pca__n_components"": 0.9}"
fold_municipality_grouped,2,level1_crossfit,B09_C0_PCA_Ridge,2.0,4,0.5258929234087923,0.04311306174402585,6,"{""model__alpha"": 100.0, ""pca__n_components"": 0.9}"
fold_municipality_grouped,2,level1_crossfit,B09_C0_PCA_Ridge,2.0,5,0.5162139859712865,0.04761006328897929,4,"{""model__alpha"": 1000.0, ""pca__n_components"": 0.9}"
fold_municipality_grouped,2,level1_crossfit,B09_C0_PCA_Ridge,2.0,6,0.5120489026240285,0.06252593881146959,3,"{""model__alpha"": 10.0, ""pca__n_components"": 0.95}"
fold_municipality_grouped,2,level1_crossfit,B09_C0_PCA_Ridge,2.0,7,0.49674991237634963,0.07462158940196256,2,"{""model__alpha"": 100.0, ""pca__n_components"": 0.95}"
fold_municipality_grouped,2,level1_crossfit,B09_C0_PCA_Ridge,2.0,8,0.4919914479497176,0.0717040467670037,1,"{""model__alpha"": 1000.0, ""pca__n_components"": 0.95}"
fold_municipality_grouped,2,level1_crossfit,B09_C0_PCA_Ridge,3.0,0,1.4535052214178135,0.7049486781471078,4,"{""model__alpha"": 10.0, ""pca__n_components"": 0.8}"
fold_municipality_grouped,2,level1_crossfit,B09_C0_PCA_Ridge,3.0,1,1.4334856246691756,0.6678516541169114,3,"{""model__alpha"": 100.0, ""pca__n_components"": 0.8}"
fold_municipality_grouped,2,level1_crossfit,B09_C0_PCA_Ridge,3.0,2,1.365305725005861,0.46447673115747706,1,"{""model__alpha"": 1000.0, ""pca__n_components"": 0.8}"
fold_municipality_grouped,2,level1_crossfit,B09_C0_PCA_Ridge,3.0,3,1.676037726035489,0.8640346862467309,6,"{""model__alpha"": 10.0, ""pca__n_components"": 0.9}"
fold_municipality_grouped,2,level1_crossfit,B09_C0_PCA_Ridge,3.0,4,1.6224731144983457,0.811460161955571,5,"{""model__alpha"": 100.0, ""pca__n_components"": 0.9}"
fold_municipality_grouped,2,level1_crossfit,B09_C0_PCA_Ridge,3.0,5,1.4301692580348102,0.5311667002057682,2,"{""model__alpha"": 1000.0, ""pca__n_components"": 0.9}"
fold_municipality_grouped,2,level1_crossfit,B09_C0_PCA_Ridge,3.0,6,3.878530399239539,3.448877002461276,9,"{""model__alpha"": 10.0, ""pca__n_components"": 0.95}"
fold_municipality_grouped,2,level1_crossfit,B09_C0_PCA_Ridge,3.0,7,3.4096758866145653,2.9244564064969585,8,"{""model__alpha"": 100.0, ""pca__n_components"": 0.95}"
fold_municipality_grouped,2,level1_crossfit,B09_C0_PCA_Ridge,3.0,8,1.9770500455937405,1.1960413426225123,7,"{""model__alpha"": 1000.0, ""pca__n_components"": 0.95}"
fold_municipality_grouped,2,outer_refit,B09_C0_PCA_Ridge,,0,0.6029407676159259,0.10056167078756569,7,"{""model__alpha"": 10.0, ""pca__n_components"": 0.8}"
fold_municipality_grouped,2,outer_refit,B09_C0_PCA_Ridge,,1,0.6030444179479512,0.09711852189350356,8,"{""model__alpha"": 100.0, ""pca__n_components"": 0.8}"
fold_municipality_grouped,2,outer_refit,B09_C0_PCA_Ridge,,2,0.6361427790811697,0.07885406900330616,9,"{""model__alpha"": 1000.0, ""pca__n_components"": 0.8}"
fold_municipality_grouped,2,outer_refit,B09_C0_PCA_Ridge,,3,0.5499006015947548,0.06801436820542162,2,"{""model__alpha"": 10.0, ""pca__n_components"": 0.9}"
fold_municipality_grouped,2,outer_refit,B09_C0_PCA_Ridge,,4,0.5469488915255836,0.0673318445132667,1,"{""model__alpha"": 100.0, ""pca__n_components"": 0.9}"
fold_municipality_grouped,2,outer_refit,B09_C0_PCA_Ridge,,5,0.5869925786516569,0.05721583192249112,5,"{""model__alpha"": 1000.0, ""pca__n_components"": 0.9}"
fold_municipality_grouped,2,outer_refit,B09_C0_PCA_Ridge,,6,0.567646883278746,0.08928294206401327,4,"{""model__alpha"": 10.0, ""pca__n_components"": 0.95}"
fold_municipality_grouped,2,outer_refit,B09_C0_PCA_Ridge,,7,0.5633642502703061,0.0809316996412778,3,"{""model__alpha"": 100.0, ""pca__n_components"": 0.95}"
fold_municipality_grouped,2,outer_refit,B09_C0_PCA_Ridge,,8,0.5990988544493846,0.06141778795855458,6,"{""model__alpha"": 1000.0, ""pca__n_components"": 0.95}"
fold_municipality_grouped,2,level1_crossfit,B10_C1_PCA_Ridge,1.0,0,1.1125358426329799,0.5555878618055994,5,"{""model__alpha"": 10.0, ""pca__n_components"": 0.8}"
fold_municipality_grouped,2,level1_crossfit,B10_C1_PCA_Ridge,1.0,1,1.1152932919275007,0.5218416802783448,6,"{""model__alpha"": 100.0, ""pca__n_components"": 0.8}"
fold_municipality_grouped,2,level1_crossfit,B10_C1_PCA_Ridge,1.0,2,1.190483135494214,0.32370715709311887,9,"{""model__alpha"": 1000.0, ""pca__n_components"": 0.8}"
fold_municipality_grouped,2,level1_crossfit,B10_C1_PCA_Ridge,1.0,3,1.0092166155905589,0.549298117162377,3,"{""model__alpha"": 10.0, ""pca__n_components"": 0.9}"
fold_municipality_grouped,2,level1_crossfit,B10_C1_PCA_Ridge,1.0,4,1.0202672996565085,0.535887982957988,4,"{""model__alpha"": 100.0, ""pca__n_components"": 0.9}"
fold_municipality_grouped,2,level1_crossfit,B10_C1_PCA_Ridge,1.0,5,1.1616686221161499,0.33006175531130505,8,"{""model__alpha"": 1000.0, ""pca__n_components"": 0.9}"
fold_municipality_grouped,2,level1_crossfit,B10_C1_PCA_Ridge,1.0,6,0.7168786254099948,0.20102312624219637,1,"{""model__alpha"": 10.0, ""pca__n_components"": 0.95}"
fold_municipality_grouped,2,level1_crossfit,B10_C1_PCA_Ridge,1.0,7,0.8407571920487065,0.3166078752231174,2,"{""model__alpha"": 100.0, ""pca__n_components"": 0.95}"
fold_municipality_grouped,2,level1_crossfit,B10_C1_PCA_Ridge,1.0,8,1.1279157113028622,0.2820217192284777,7,"{""model__alpha"": 1000.0, ""pca__n_components"": 0.95}"
fold_municipality_grouped,2,level1_crossfit,B10_C1_PCA_Ridge,2.0,0,0.5447808502022657,0.16887088525812272,5,"{""model__alpha"": 10.0, ""pca__n_components"": 0.8}"
fold_municipality_grouped,2,level1_crossfit,B10_C1_PCA_Ridge,2.0,1,0.5296310111736986,0.1545656298179345,4,"{""model__alpha"": 100.0, ""pca__n_components"": 0.8}"
fold_municipality_grouped,2,level1_crossfit,B10_C1_PCA_Ridge,2.0,2,0.5120159071536686,0.09753287288998735,2,"{""model__alpha"": 1000.0, ""pca__n_components"": 0.8}"
fold_municipality_grouped,2,level1_crossfit,B10_C1_PCA_Ridge,2.0,3,0.5762234960096543,0.0704644623040448,8,"{""model__alpha"": 10.0, ""pca__n_components"": 0.9}"
fold_municipality_grouped,2,level1_crossfit,B10_C1_PCA_Ridge,2.0,4,0.5507284675432476,0.08548268683818497,6,"{""model__alpha"": 100.0, ""pca__n_components"": 0.9}"
fold_municipality_grouped,2,level1_crossfit,B10_C1_PCA_Ridge,2.0,5,0.5109734858040054,0.0884833839005866,1,"{""model__alpha"": 1000.0, ""pca__n_components"": 0.9}"
fold_municipality_grouped,2,level1_crossfit,B10_C1_PCA_Ridge,2.0,6,0.6337369423397221,0.02974791697087148,9,"{""model__alpha"": 10.0, ""pca__n_components"": 0.95}"
fold_municipality_grouped,2,level1_crossfit,B10_C1_PCA_Ridge,2.0,7,0.5627972788269773,0.017612205711325546,7,"{""model__alpha"": 100.0, ""pca__n_components"": 0.95}"
fold_municipality_grouped,2,level1_crossfit,B10_C1_PCA_Ridge,2.0,8,0.515008260048738,0.06889566339755152,3,"{""model__alpha"": 1000.0, ""pca__n_components"": 0.95}"
fold_municipality_grouped,2,level1_crossfit,B10_C1_PCA_Ridge,3.0,0,1.2356174822395938,0.7399241614922114,4,"{""model__alpha"": 10.0, ""pca__n_components"": 0.8}"
fold_municipality_grouped,2,level1_crossfit,B10_C1_PCA_Ridge,3.0,1,1.234688923813621,0.6882514842359265,3,"{""model__alpha"": 100.0, ""pca__n_components"": 0.8}"
fold_municipality_grouped,2,level1_crossfit,B10_C1_PCA_Ridge,3.0,2,1.3002119796120866,0.4401142124666524,9,"{""model__alpha"": 1000.0, ""pca__n_components"": 0.8}"
fold_municipality_grouped,2,level1_crossfit,B10_C1_PCA_Ridge,3.0,3,1.1922124113026564,0.7028976117048278,2,"{""model__alpha"": 10.0, ""pca__n_components"": 0.9}"
fold_municipality_grouped,2,level1_crossfit,B10_C1_PCA_Ridge,3.0,4,1.1810897335154924,0.6815248708663123,1,"{""model__alpha"": 100.0, ""pca__n_components"": 0.9}"
fold_municipality_grouped,2,level1_crossfit,B10_C1_PCA_Ridge,3.0,5,1.2570855503795861,0.46603372675524274,6,"{""model__alpha"": 1000.0, ""pca__n_components"": 0.9}"
fold_municipality_grouped,2,level1_crossfit,B10_C1_PCA_Ridge,3.0,6,1.2878047668749202,0.17259853896069566,8,"{""model__alpha"": 10.0, ""pca__n_components"": 0.95}"
fold_municipality_grouped,2,level1_crossfit,B10_C1_PCA_Ridge,3.0,7,1.2442004324033586,0.33296320314894884,5,"{""model__alpha"": 100.0, ""pca__n_components"": 0.95}"
fold_municipality_grouped,2,level1_crossfit,B10_C1_PCA_Ridge,3.0,8,1.2816772596645654,0.3789766029922037,7,"{""model__alpha"": 1000.0, ""pca__n_components"": 0.95}"
fold_municipality_grouped,2,outer_refit,B10_C1_PCA_Ridge,,0,0.639712976372183,0.07718627723462655,5,"{""model__alpha"": 10.0, ""pca__n_components"": 0.8}"
fold_municipality_grouped,2,outer_refit,B10_C1_PCA_Ridge,,1,0.6492387255253748,0.09059804063004498,6,"{""model__alpha"": 100.0, ""pca__n_components"": 0.8}"
fold_municipality_grouped,2,outer_refit,B10_C1_PCA_Ridge,,2,0.72071436384232,0.16933090782782495,9,"{""model__alpha"": 1000.0, ""pca__n_components"": 0.8}"
fold_municipality_grouped,2,outer_refit,B10_C1_PCA_Ridge,,3,0.5664308167750163,0.07997171188125336,2,"{""model__alpha"": 10.0, ""pca__n_components"": 0.9}"
fold_municipality_grouped,2,outer_refit,B10_C1_PCA_Ridge,,4,0.5590375069636443,0.06184512290967869,1,"{""model__alpha"": 100.0, ""pca__n_components"": 0.9}"
fold_municipality_grouped,2,outer_refit,B10_C1_PCA_Ridge,,5,0.6617031698385133,0.14011136773855812,8,"{""model__alpha"": 1000.0, ""pca__n_components"": 0.9}"
fold_municipality_grouped,2,outer_refit,B10_C1_PCA_Ridge,,6,0.6493275276799546,0.08901115119921257,7,"{""model__alpha"": 10.0, ""pca__n_components"": 0.95}"
fold_municipality_grouped,2,outer_refit,B10_C1_PCA_Ridge,,7,0.5775370102847676,0.06195485156521896,3,"{""model__alpha"": 100.0, ""pca__n_components"": 0.95}"
fold_municipality_grouped,2,outer_refit,B10_C1_PCA_Ridge,,8,0.6384898550977632,0.12066555768727179,4,"{""model__alpha"": 1000.0, ""pca__n_components"": 0.95}"
fold_municipality_grouped,3,level1_crossfit,B01_C0_PLS,1.0,0,0.8247337056481192,0.39820220921414967,1,"{""model__n_components"": 2}"
fold_municipality_grouped,3,level1_crossfit,B01_C0_PLS,1.0,1,11.223331041747462,10.759289034980528,2,"{""model__n_components"": 4}"
fold_municipality_grouped,3,level1_crossfit,B01_C0_PLS,1.0,2,25.266809130916755,24.73685121304577,5,"{""model__n_components"": 8}"
fold_municipality_grouped,3,level1_crossfit,B01_C0_PLS,1.0,3,25.04277992277882,24.519071857986553,4,"{""model__n_components"": 12}"
fold_municipality_grouped,3,level1_crossfit,B01_C0_PLS,1.0,4,25.01380552721782,24.490724127938293,3,"{""model__n_components"": 20}"
fold_municipality_grouped,3,level1_crossfit,B01_C0_PLS,2.0,0,0.9252292585082529,0.040647673479962065,2,"{""model__n_components"": 2}"
fold_municipality_grouped,3,level1_crossfit,B01_C0_PLS,2.0,1,0.9120753644833622,0.10020977333314518,1,"{""model__n_components"": 4}"
fold_municipality_grouped,3,level1_crossfit,B01_C0_PLS,2.0,2,1.0827235232264545,0.13500707431252862,3,"{""model__n_components"": 8}"
fold_municipality_grouped,3,level1_crossfit,B01_C0_PLS,2.0,3,1.1613407889287064,0.21704610711994254,4,"{""model__n_components"": 12}"
fold_municipality_grouped,3,level1_crossfit,B01_C0_PLS,2.0,4,1.1776353028119988,0.2337758562837317,5,"{""model__n_components"": 20}"
fold_municipality_grouped,3,level1_crossfit,B01_C0_PLS,3.0,0,1.2681900805313941,0.4386505288282332,1,"{""model__n_components"": 2}"
fold_municipality_grouped,3,level1_crossfit,B01_C0_PLS,3.0,1,1.8922184253460597,1.4768711944048865,2,"{""model__n_components"": 4}"
fold_municipality_grouped,3,level1_crossfit,B01_C0_PLS,3.0,2,3.774370027587721,3.145427925750378,5,"{""model__n_components"": 8}"
fold_municipality_grouped,3,level1_crossfit,B01_C0_PLS,3.0,3,3.7376440813244733,3.1316336187493543,4,"{""model__n_components"": 12}"
fold_municipality_grouped,3,level1_crossfit,B01_C0_PLS,3.0,4,3.730912922166308,3.1303986456133495,3,"{""model__n_components"": 20}"
fold_municipality_grouped,3,outer_refit,B01_C0_PLS,,0,0.7890372168343539,0.15084097179458184,1,"{""model__n_components"": 2}"
fold_municipality_grouped,3,outer_refit,B01_C0_PLS,,1,0.819475347809238,0.2514546583580709,2,"{""model__n_components"": 4}"
fold_municipality_grouped,3,outer_refit,B01_C0_PLS,,2,0.976579547214592,0.22930414251328404,3,"{""model__n_components"": 8}"
fold_municipality_grouped,3,outer_refit,B01_C0_PLS,,3,1.0698133242666945,0.17322621346007042,4,"{""model__n_components"": 12}"
fold_municipality_grouped,3,outer_refit,B01_C0_PLS,,4,1.0850646128217987,0.16469472426431497,5,"{""model__n_components"": 20}"
fold_municipality_grouped,3,level1_crossfit,B02_C3_Ridge,1.0,0,20.18206192868526,19.575219639752664,6,"{""model__alpha"": 0.1}"
fold_municipality_grouped,3,level1_crossfit,B02_C3_Ridge,1.0,1,20.107362288598708,19.501000549327312,5,"{""model__alpha"": 1.0}"
fold_municipality_grouped,3,level1_crossfit,B02_C3_Ridge,1.0,2,19.385896126216625,18.784247145169683,4,"{""model__alpha"": 10.0}"
fold_municipality_grouped,3,level1_crossfit,B02_C3_Ridge,1.0,3,14.058400994378848,13.496008002523565,3,"{""model__alpha"": 100.0}"
fold_municipality_grouped,3,level1_crossfit,B02_C3_Ridge,1.0,4,2.6860998759715193,2.232784517777341,2,"{""model__alpha"": 1000.0}"
fold_municipality_grouped,3,level1_crossfit,B02_C3_Ridge,1.0,5,0.6886097560421363,0.16481560656032013,1,"{""model__alpha"": 10000.0}"
fold_municipality_grouped,3,level1_crossfit,B02_C3_Ridge,2.0,0,1.2197895309988003,0.3394471006579784,6,"{""model__alpha"": 0.1}"
fold_municipality_grouped,3,level1_crossfit,B02_C3_Ridge,2.0,1,1.2177636363615172,0.3374493104959535,5,"{""model__alpha"": 1.0}"
fold_municipality_grouped,3,level1_crossfit,B02_C3_Ridge,2.0,2,1.1987560941885855,0.3186983647940396,4,"{""model__alpha"": 10.0}"
fold_municipality_grouped,3,level1_crossfit,B02_C3_Ridge,2.0,3,1.0812582053829027,0.2023179610849527,3,"{""model__alpha"": 100.0}"
fold_municipality_grouped,3,level1_crossfit,B02_C3_Ridge,2.0,4,0.9337913569672514,0.0434560749128608,1,"{""model__alpha"": 1000.0}"
fold_municipality_grouped,3,level1_crossfit,B02_C3_Ridge,2.0,5,1.0665635632260644,0.02718293028918628,2,"{""model__alpha"": 10000.0}"
fold_municipality_grouped,3,level1_crossfit,B02_C3_Ridge,3.0,0,3.266115825803091,2.3599004926551856,6,"{""model__alpha"": 0.1}"
fold_municipality_grouped,3,level1_crossfit,B02_C3_Ridge,3.0,1,3.2563900681184657,2.3501458181308883,5,"{""model__alpha"": 1.0}"
fold_municipality_grouped,3,level1_crossfit,B02_C3_Ridge,3.0,2,3.1623488518312723,2.2564932162079163,4,"{""model__alpha"": 10.0}"
fold_municipality_grouped,3,level1_crossfit,B02_C3_Ridge,3.0,3,2.4707661999370396,1.5963619735881585,3,"{""model__alpha"": 100.0}"
fold_municipality_grouped,3,level1_crossfit,B02_C3_Ridge,3.0,4,1.330290139586574,0.504971676173333,1,"{""model__alpha"": 1000.0}"
fold_municipality_grouped,3,level1_crossfit,B02_C3_Ridge,3.0,5,1.3955866967553043,0.22742536685248715,2,"{""model__alpha"": 10000.0}"
fold_municipality_grouped,3,outer_refit,B02_C3_Ridge,,0,1.1580610057714091,0.11984890242409674,6,"{""model__alpha"": 0.1}"
fold_municipality_grouped,3,outer_refit,B02_C3_Ridge,,1,1.155456590593106,0.12048079083183914,5,"{""model__alpha"": 1.0}"
fold_municipality_grouped,3,outer_refit,B02_C3_Ridge,,2,1.1316310919372892,0.12664241764016032,4,"{""model__alpha"": 10.0}"
fold_municipality_grouped,3,outer_refit,B02_C3_Ridge,,3,0.9980704074730338,0.16827746173330824,3,"{""model__alpha"": 100.0}"
fold_municipality_grouped,3,outer_refit,B02_C3_Ridge,,4,0.8133650375882312,0.2269789857436033,1,"{""model__alpha"": 1000.0}"
fold_municipality_grouped,3,outer_refit,B02_C3_Ridge,,5,0.9168254999434815,0.2083633248317409,2,"{""model__alpha"": 10000.0}"
fold_municipality_grouped,3,level1_crossfit,B03_C1_CatBoost,1.0,0,0.66082355805843,0.23023427163123486,5,"{""model__depth"": 4, ""model__l2_leaf_reg"": 3.0, ""model__learning_rate"": 0.03}"
fold_municipality_grouped,3,level1_crossfit,B03_C1_CatBoost,1.0,1,0.6618501730363915,0.22492621256304585,6,"{""model__depth"": 4, ""model__l2_leaf_reg"": 6.0, ""model__learning_rate"": 0.06}"
fold_municipality_grouped,3,level1_crossfit,B03_C1_CatBoost,1.0,2,0.6572559777372357,0.23217932987957757,4,"{""model__depth"": 5, ""model__l2_leaf_reg"": 10.0, ""model__learning_rate"": 0.03}"
fold_municipality_grouped,3,level1_crossfit,B03_C1_CatBoost,1.0,3,0.6542607580143796,0.22492999575296702,3,"{""model__depth"": 5, ""model__l2_leaf_reg"": 3.0, ""model__learning_rate"": 0.06}"
fold_municipality_grouped,3,level1_crossfit,B03_C1_CatBoost,1.0,4,0.6540919742173669,0.2293142467172974,2,"{""model__depth"": 6, ""model__l2_leaf_reg"": 6.0, ""model__learning_rate"": 0.03}"
fold_municipality_grouped,3,level1_crossfit,B03_C1_CatBoost,1.0,5,0.6536083679350637,0.23221984710911422,1,"{""model__depth"": 6, ""model__l2_leaf_reg"": 10.0, ""model__learning_rate"": 0.06}"
fold_municipality_grouped,3,level1_crossfit,B03_C1_CatBoost,2.0,0,1.0650966696987223,0.14763091222739905,2,"{""model__depth"": 4, ""model__l2_leaf_reg"": 3.0, ""model__learning_rate"": 0.03}"
fold_municipality_grouped,3,level1_crossfit,B03_C1_CatBoost,2.0,1,1.0633100602224062,0.18044593465896436,1,"{""model__depth"": 4, ""model__l2_leaf_reg"": 6.0, ""model__learning_rate"": 0.06}"
fold_municipality_grouped,3,level1_crossfit,B03_C1_CatBoost,2.0,2,1.0865551406803278,0.13810002999142762,5,"{""model__depth"": 5, ""model__l2_leaf_reg"": 10.0, ""model__learning_rate"": 0.03}"
fold_municipality_grouped,3,level1_crossfit,B03_C1_CatBoost,2.0,3,1.0767903640062022,0.1386424971758498,3,"{""model__depth"": 5, ""model__l2_leaf_reg"": 3.0, ""model__learning_rate"": 0.06}"
fold_municipality_grouped,3,level1_crossfit,B03_C1_CatBoost,2.0,4,1.097296742940792,0.12702797719506292,6,"{""model__depth"": 6, ""model__l2_leaf_reg"": 6.0, ""model__learning_rate"": 0.03}"
fold_municipality_grouped,3,level1_crossfit,B03_C1_CatBoost,2.0,5,1.0773803445660104,0.1397523674997359,4,"{""model__depth"": 6, ""model__l2_leaf_reg"": 10.0, ""model__learning_rate"": 0.06}"
fold_municipality_grouped,3,level1_crossfit,B03_C1_CatBoost,3.0,0,1.423085728975521,0.2432788571853861,2,"{""model__depth"": 4, ""model__l2_leaf_reg"": 3.0, ""model__learning_rate"": 0.03}"
fold_municipality_grouped,3,level1_crossfit,B03_C1_CatBoost,3.0,1,1.441658768778526,0.22635168945416517,3,"{""model__depth"": 4, ""model__l2_leaf_reg"": 6.0, ""model__learning_rate"": 0.06}"
fold_municipality_grouped,3,level1_crossfit,B03_C1_CatBoost,3.0,2,1.4639234078974037,0.18369753984811832,6,"{""model__depth"": 5, ""model__l2_leaf_reg"": 10.0, ""model__learning_rate"": 0.03}"
fold_municipality_grouped,3,level1_crossfit,B03_C1_CatBoost,3.0,3,1.4208793404161202,0.23138899187174422,1,"{""model__depth"": 5, ""model__l2_leaf_reg"": 3.0, ""model__learning_rate"": 0.06}"
fold_municipality_grouped,3,level1_crossfit,B03_C1_CatBoost,3.0,4,1.458955123632316,0.17834566526600837,4,"{""model__depth"": 6, ""model__l2_leaf_reg"": 6.0, ""model__learning_rate"": 0.03}"
fold_municipality_grouped,3,level1_crossfit,B03_C1_CatBoost,3.0,5,1.4629375348833593,0.18534520475994642,5,"{""model__depth"": 6, ""model__l2_leaf_reg"": 10.0, ""model__learning_rate"": 0.06}"
fold_municipality_grouped,3,outer_refit,B03_C1_CatBoost,,0,0.7760495387563321,0.18971030842671086,1,"{""model__depth"": 4, ""model__l2_leaf_reg"": 3.0, ""model__learning_rate"": 0.03}"
fold_municipality_grouped,3,outer_refit,B03_C1_CatBoost,,1,0.783334958603167,0.18642697501159078,2,"{""model__depth"": 4, ""model__l2_leaf_reg"": 6.0, ""model__learning_rate"": 0.06}"
fold_municipality_grouped,3,outer_refit,B03_C1_CatBoost,,2,0.8348794740290835,0.14244484464404775,4,"{""model__depth"": 5, ""model__l2_leaf_reg"": 10.0, ""model__learning_rate"": 0.03}"
fold_municipality_grouped,3,outer_refit,B03_C1_CatBoost,,3,0.8279050056269855,0.13613607890017113,3,"{""model__depth"": 5, ""model__l2_leaf_reg"": 3.0, ""model__learning_rate"": 0.06}"
fold_municipality_grouped,3,outer_refit,B03_C1_CatBoost,,4,0.8590779678297037,0.15941237360247035,6,"{""model__depth"": 6, ""model__l2_leaf_reg"": 6.0, ""model__learning_rate"": 0.03}"
fold_municipality_grouped,3,outer_refit,B03_C1_CatBoost,,5,0.8468978481433411,0.16595798024833833,5,"{""model__depth"": 6, ""model__l2_leaf_reg"": 10.0, ""model__learning_rate"": 0.06}"
fold_municipality_grouped,3,level1_crossfit,B04_C0_Ridge,1.0,0,25.00166014704387,24.47863334496251,6,"{""model__alpha"": 0.1}"
fold_municipality_grouped,3,level1_crossfit,B04_C0_Ridge,1.0,1,24.89364948545815,24.3711128552604,5,"{""model__alpha"": 1.0}"
fold_municipality_grouped,3,level1_crossfit,B04_C0_Ridge,1.0,2,23.856258312689885,23.338452413856505,4,"{""model__alpha"": 10.0}"
fold_municipality_grouped,3,level1_crossfit,B04_C0_Ridge,1.0,3,16.52370756112089,16.040455565143205,3,"{""model__alpha"": 100.0}"
fold_municipality_grouped,3,level1_crossfit,B04_C0_Ridge,1.0,4,2.940655220318783,2.487499786706161,2,"{""model__alpha"": 1000.0}"
fold_municipality_grouped,3,level1_crossfit,B04_C0_Ridge,1.0,5,0.6883580285681483,0.13775890614075953,1,"{""model__alpha"": 10000.0}"
fold_municipality_grouped,3,level1_crossfit,B04_C0_Ridge,2.0,0,1.1777259630872696,0.23384790399546618,6,"{""model__alpha"": 0.1}"
fold_municipality_grouped,3,level1_crossfit,B04_C0_Ridge,2.0,1,1.1754925605344109,0.23144947048945513,5,"{""model__alpha"": 1.0}"
fold_municipality_grouped,3,level1_crossfit,B04_C0_Ridge,2.0,2,1.1551733493983913,0.20957189148872085,4,"{""model__alpha"": 10.0}"
fold_municipality_grouped,3,level1_crossfit,B04_C0_Ridge,2.0,3,1.0497741348173364,0.0947837850556717,2,"{""model__alpha"": 100.0}"
fold_municipality_grouped,3,level1_crossfit,B04_C0_Ridge,2.0,4,0.9654280480417508,0.0005112600522894639,1,"{""model__alpha"": 1000.0}"
fold_municipality_grouped,3,level1_crossfit,B04_C0_Ridge,2.0,5,1.1069251431553466,0.023439456704386186,3,"{""model__alpha"": 10000.0}"
fold_municipality_grouped,3,level1_crossfit,B04_C0_Ridge,3.0,0,3.7303495490479377,3.1277079329087734,6,"{""model__alpha"": 0.1}"
fold_municipality_grouped,3,level1_crossfit,B04_C0_Ridge,3.0,1,3.7157176063348603,3.113404521617472,5,"{""model__alpha"": 1.0}"
fold_municipality_grouped,3,level1_crossfit,B04_C0_Ridge,3.0,2,3.5765694598733555,2.975069489131263,4,"{""model__alpha"": 10.0}"
fold_municipality_grouped,3,level1_crossfit,B04_C0_Ridge,3.0,3,2.6317010990774268,1.9910217046984764,3,"{""model__alpha"": 100.0}"
fold_municipality_grouped,3,level1_crossfit,B04_C0_Ridge,3.0,4,1.2839710181981807,0.4457508186837514,1,"{""model__alpha"": 1000.0}"
fold_municipality_grouped,3,level1_crossfit,B04_C0_Ridge,3.0,5,1.423123228888581,0.1701015085778712,2,"{""model__alpha"": 10000.0}"
fold_municipality_grouped,3,outer_refit,B04_C0_Ridge,,0,1.0883060912048124,0.17112107967117987,6,"{""model__alpha"": 0.1}"
fold_municipality_grouped,3,outer_refit,B04_C0_Ridge,,1,1.085427723128759,0.1714067645776624,5,"{""model__alpha"": 1.0}"
fold_municipality_grouped,3,outer_refit,B04_C0_Ridge,,2,1.0599297571551594,0.17532022485999144,4,"{""model__alpha"": 10.0}"
fold_municipality_grouped,3,outer_refit,B04_C0_Ridge,,3,0.9344807978289801,0.21713700445426015,2,"{""model__alpha"": 100.0}"
fold_municipality_grouped,3,outer_refit,B04_C0_Ridge,,4,0.8272356780479599,0.23555839897737105,1,"{""model__alpha"": 1000.0}"
fold_municipality_grouped,3,outer_refit,B04_C0_Ridge,,5,0.9835624086277907,0.19958613090103725,3,"{""model__alpha"": 10000.0}"
fold_municipality_grouped,3,level1_crossfit,B05_C3_PLS,1.0,0,0.9750753924037423,0.4985750199357204,1,"{""model__n_components"": 2}"
fold_municipality_grouped,3,level1_crossfit,B05_C3_PLS,1.0,1,10.051768535107726,9.523092292177989,2,"{""model__n_components"": 4}"
fold_municipality_grouped,3,level1_crossfit,B05_C3_PLS,1.0,2,19.824721819305942,19.20892534229541,3,"{""model__n_components"": 8}"
fold_municipality_grouped,3,level1_crossfit,B05_C3_PLS,1.0,3,20.322750686996788,19.7142907082365,5,"{""model__n_components"": 12}"
fold_municipality_grouped,3,level1_crossfit,B05_C3_PLS,1.0,4,20.190541772725418,19.583646131762166,4,"{""model__n_components"": 20}"
fold_municipality_grouped,3,level1_crossfit,B05_C3_PLS,2.0,0,0.8777468540004838,0.001309587587949912,2,"{""model__n_components"": 2}"
fold_municipality_grouped,3,level1_crossfit,B05_C3_PLS,2.0,1,0.8671004602169607,0.04049806338352291,1,"{""model__n_components"": 4}"
fold_municipality_grouped,3,level1_crossfit,B05_C3_PLS,2.0,2,1.1084518621834478,0.23584013054913144,3,"{""model__n_components"": 8}"
fold_municipality_grouped,3,level1_crossfit,B05_C3_PLS,2.0,3,1.2381452530245027,0.3570151201856518,5,"{""model__n_components"": 12}"
fold_municipality_grouped,3,level1_crossfit,B05_C3_PLS,2.0,4,1.2219538136111485,0.34160825402780404,4,"{""model__n_components"": 20}"
fold_municipality_grouped,3,level1_crossfit,B05_C3_PLS,3.0,0,1.3822771199223953,0.6220469082843495,1,"{""model__n_components"": 2}"
fold_municipality_grouped,3,level1_crossfit,B05_C3_PLS,3.0,1,1.806062414728213,1.3506247891664782,2,"{""model__n_components"": 4}"
fold_municipality_grouped,3,level1_crossfit,B05_C3_PLS,3.0,2,3.1791899242739814,2.3300258349232794,3,"{""model__n_components"": 8}"
fold_municipality_grouped,3,level1_crossfit,B05_C3_PLS,3.0,3,3.3626097524075975,2.2997529458576644,5,"{""model__n_components"": 12}"
fold_municipality_grouped,3,level1_crossfit,B05_C3_PLS,3.0,4,3.2712216195582347,2.357005657579209,4,"{""model__n_components"": 20}"
fold_municipality_grouped,3,outer_refit,B05_C3_PLS,,0,0.7662879619109195,0.13723466145317392,1,"{""model__n_components"": 2}"
fold_municipality_grouped,3,outer_refit,B05_C3_PLS,,1,0.8197101051887664,0.1943924832279478,2,"{""model__n_components"": 4}"
fold_municipality_grouped,3,outer_refit,B05_C3_PLS,,2,1.0252127668033264,0.16516516615430177,3,"{""model__n_components"": 8}"
fold_municipality_grouped,3,outer_refit,B05_C3_PLS,,3,1.1208973923887529,0.1543803598415467,4,"{""model__n_components"": 12}"
fold_municipality_grouped,3,outer_refit,B05_C3_PLS,,4,1.1630133662243993,0.1143766040646983,5,"{""model__n_components"": 20}"
fold_municipality_grouped,3,level1_crossfit,B06_C2_PLS,1.0,0,1.362454612626319,0.8848177000361042,1,"{""model__n_components"": 2}"
fold_municipality_grouped,3,level1_crossfit,B06_C2_PLS,1.0,1,4.923837383071453,4.4227228057416195,2,"{""model__n_components"": 4}"
fold_municipality_grouped,3,level1_crossfit,B06_C2_PLS,1.0,2,10.653430761108694,10.071414641377986,5,"{""model__n_components"": 8}"
fold_municipality_grouped,3,level1_crossfit,B06_C2_PLS,1.0,3,10.140063884323885,9.559422000337157,4,"{""model__n_components"": 12}"
fold_municipality_grouped,3,level1_crossfit,B06_C2_PLS,1.0,4,9.872234787363382,9.292210033931742,3,"{""model__n_components"": 20}"
fold_municipality_grouped,3,level1_crossfit,B06_C2_PLS,2.0,0,0.9134362559175098,0.023689310863725443,1,"{""model__n_components"": 2}"
fold_municipality_grouped,3,level1_crossfit,B06_C2_PLS,2.0,1,0.9372568075588263,0.03308356374938998,2,"{""model__n_components"": 4}"
fold_municipality_grouped,3,level1_crossfit,B06_C2_PLS,2.0,2,1.1371480106559773,0.26479754227702973,3,"{""model__n_components"": 8}"
fold_municipality_grouped,3,level1_crossfit,B06_C2_PLS,2.0,3,1.2528678499107428,0.3785955721520466,5,"{""model__n_components"": 12}"
fold_municipality_grouped,3,level1_crossfit,B06_C2_PLS,2.0,4,1.2285818131000428,0.3544215420646988,4,"{""model__n_components"": 20}"
fold_municipality_grouped,3,level1_crossfit,B06_C2_PLS,3.0,0,1.4161325258149144,0.6071388099497345,2,"{""model__n_components"": 2}"
fold_municipality_grouped,3,level1_crossfit,B06_C2_PLS,3.0,1,1.394329941076007,0.8623187263964688,1,"{""model__n_components"": 4}"
fold_municipality_grouped,3,level1_crossfit,B06_C2_PLS,3.0,2,2.0481952340058402,1.286387344747354,4,"{""model__n_components"": 8}"
fold_municipality_grouped,3,level1_crossfit,B06_C2_PLS,3.0,3,2.084998899250262,1.1875814073744304,5,"{""model__n_components"": 12}"
fold_municipality_grouped,3,level1_crossfit,B06_C2_PLS,3.0,4,2.0177359946229805,1.202221023448966,3,"{""model__n_components"": 20}"
fold_municipality_grouped,3,outer_refit,B06_C2_PLS,,0,0.8010320627602873,0.13490637887814713,1,"{""model__n_components"": 2}"
fold_municipality_grouped,3,outer_refit,B06_C2_PLS,,1,0.8425959112839894,0.2134638829149533,2,"{""model__n_components"": 4}"
fold_municipality_grouped,3,outer_refit,B06_C2_PLS,,2,1.0738222194689913,0.15847926031597973,3,"{""model__n_components"": 8}"
fold_municipality_grouped,3,outer_refit,B06_C2_PLS,,3,1.1544655338029832,0.14004412944281144,4,"{""model__n_components"": 12}"
fold_municipality_grouped,3,outer_refit,B06_C2_PLS,,4,1.1876469315028253,0.13252317758112073,5,"{""model__n_components"": 20}"
fold_municipality_grouped,3,level1_crossfit,B07_C1_ExtraTrees,1.0,0,0.6645134496878105,0.21021717624030886,3,"{""model__max_features"": ""sqrt"", ""model__min_samples_leaf"": 2}"
fold_municipality_grouped,3,level1_crossfit,B07_C1_ExtraTrees,1.0,1,0.6845276580233017,0.1780067902475514,5,"{""model__max_features"": ""sqrt"", ""model__min_samples_leaf"": 3}"
fold_municipality_grouped,3,level1_crossfit,B07_C1_ExtraTrees,1.0,2,0.7153362320650786,0.15264476169151264,6,"{""model__max_features"": ""sqrt"", ""model__min_samples_leaf"": 5}"
fold_municipality_grouped,3,level1_crossfit,B07_C1_ExtraTrees,1.0,3,0.6491674078367667,0.21780315761251812,1,"{""model__max_features"": 0.3, ""model__min_samples_leaf"": 2}"
fold_municipality_grouped,3,level1_crossfit,B07_C1_ExtraTrees,1.0,4,0.6595824150882681,0.21273021343883353,2,"{""model__max_features"": 0.3, ""model__min_samples_leaf"": 3}"
fold_municipality_grouped,3,level1_crossfit,B07_C1_ExtraTrees,1.0,5,0.6828731335307099,0.1907014888787692,4,"{""model__max_features"": 0.3, ""model__min_samples_leaf"": 5}"
fold_municipality_grouped,3,level1_crossfit,B07_C1_ExtraTrees,2.0,0,1.0365468268616378,0.21768534303510545,3,"{""model__max_features"": ""sqrt"", ""model__min_samples_leaf"": 2}"
fold_municipality_grouped,3,level1_crossfit,B07_C1_ExtraTrees,2.0,1,1.0613128947215544,0.19816622535246003,5,"{""model__max_features"": ""sqrt"", ""model__min_samples_leaf"": 3}"
fold_municipality_grouped,3,level1_crossfit,B07_C1_ExtraTrees,2.0,2,1.0996982380481195,0.15146844728908138,6,"{""model__max_features"": ""sqrt"", ""model__min_samples_leaf"": 5}"
fold_municipality_grouped,3,level1_crossfit,B07_C1_ExtraTrees,2.0,3,0.9751556864921086,0.29332885364596983,1,"{""model__max_features"": 0.3, ""model__min_samples_leaf"": 2}"
fold_municipality_grouped,3,level1_crossfit,B07_C1_ExtraTrees,2.0,4,0.989815443644687,0.2881345849742162,2,"{""model__max_features"": 0.3, ""model__min_samples_leaf"": 3}"
fold_municipality_grouped,3,level1_crossfit,B07_C1_ExtraTrees,2.0,5,1.039516483135761,0.253909986754789,4,"{""model__max_features"": 0.3, ""model__min_samples_leaf"": 5}"
fold_municipality_grouped,3,level1_crossfit,B07_C1_ExtraTrees,3.0,0,1.5422897680406913,0.10007708646932711,3,"{""model__max_features"": ""sqrt"", ""model__min_samples_leaf"": 2}"
fold_municipality_grouped,3,level1_crossfit,B07_C1_ExtraTrees,3.0,1,1.53368567860933,0.0854204248072481,2,"{""model__max_features"": ""sqrt"", ""model__min_samples_leaf"": 3}"
fold_municipality_grouped,3,level1_crossfit,B07_C1_ExtraTrees,3.0,2,1.531948393501279,0.08011320470940186,1,"{""model__max_features"": ""sqrt"", ""model__min_samples_leaf"": 5}"
fold_municipality_grouped,3,level1_crossfit,B07_C1_ExtraTrees,3.0,3,1.549967614029335,0.1095417226812766,4,"{""model__max_features"": 0.3, ""model__min_samples_leaf"": 2}"
fold_municipality_grouped,3,level1_crossfit,B07_C1_ExtraTrees,3.0,4,1.5530601415136913,0.1030421796237524,5,"{""model__max_features"": 0.3, ""model__min_samples_leaf"": 3}"
fold_municipality_grouped,3,level1_crossfit,B07_C1_ExtraTrees,3.0,5,1.555825104859459,0.09662075070064291,6,"{""model__max_features"": 0.3, ""model__min_samples_leaf"": 5}"
fold_municipality_grouped,3,outer_refit,B07_C1_ExtraTrees,,0,0.7423943918703534,0.20869985503782898,3,"{""model__max_features"": ""sqrt"", ""model__min_samples_leaf"": 2}"
fold_municipality_grouped,3,outer_refit,B07_C1_ExtraTrees,,1,0.7872740555498167,0.17662862846550992,4,"{""model__max_features"": ""sqrt"", ""model__min_samples_leaf"": 3}"
fold_municipality_grouped,3,outer_refit,B07_C1_ExtraTrees,,2,0.8466032829120818,0.17542110745019043,6,"{""model__max_features"": ""sqrt"", ""model__min_samples_leaf"": 5}"
fold_municipality_grouped,3,outer_refit,B07_C1_ExtraTrees,,3,0.7131831963239187,0.25160454836378965,1,"{""model__max_features"": 0.3, ""model__min_samples_leaf"": 2}"
fold_municipality_grouped,3,outer_refit,B07_C1_ExtraTrees,,4,0.7411595540028212,0.23531796221070964,2,"{""model__max_features"": 0.3, ""model__min_samples_leaf"": 3}"
fold_municipality_grouped,3,outer_refit,B07_C1_ExtraTrees,,5,0.8445258622643693,0.23284115025427118,5,"{""model__max_features"": 0.3, ""model__min_samples_leaf"": 5}"
fold_municipality_grouped,3,level1_crossfit,B08_C1_PLS,1.0,0,0.9407137715548965,0.31899701789219187,2,"{""model__n_components"": 2}"
fold_municipality_grouped,3,level1_crossfit,B08_C1_PLS,1.0,1,0.8750610591741942,0.05503663506858436,1,"{""model__n_components"": 4}"
fold_municipality_grouped,3,level1_crossfit,B08_C1_PLS,1.0,2,1.341649548657649,0.13048129023291632,3,"{""model__n_components"": 8}"
fold_municipality_grouped,3,level1_crossfit,B08_C1_PLS,1.0,3,1.7301871632413937,0.4542136569062877,5,"{""model__n_components"": 12}"
fold_municipality_grouped,3,level1_crossfit,B08_C1_PLS,1.0,4,1.657056721049224,0.34905263661509944,4,"{""model__n_components"": 20}"
fold_municipality_grouped,3,level1_crossfit,B08_C1_PLS,2.0,0,0.9412983278697538,0.12450349622515294,1,"{""model__n_components"": 2}"
fold_municipality_grouped,3,level1_crossfit,B08_C1_PLS,2.0,1,0.9840118723640651,0.173677199767594,2,"{""model__n_components"": 4}"
fold_municipality_grouped,3,level1_crossfit,B08_C1_PLS,2.0,2,2.118301262333493,1.3390832620711914,3,"{""model__n_components"": 8}"
fold_municipality_grouped,3,level1_crossfit,B08_C1_PLS,2.0,3,3.340812278881512,2.510248061698821,4,"{""model__n_components"": 12}"
fold_municipality_grouped,3,level1_crossfit,B08_C1_PLS,2.0,4,3.8075287517671184,2.9627481247122387,5,"{""model__n_components"": 20}"
fold_municipality_grouped,3,level1_crossfit,B08_C1_PLS,3.0,0,1.4425335335411866,0.7609642155257544,2,"{""model__n_components"": 2}"
fold_municipality_grouped,3,level1_crossfit,B08_C1_PLS,3.0,1,1.1472607770211916,0.562691751767533,1,"{""model__n_components"": 4}"
fold_municipality_grouped,3,level1_crossfit,B08_C1_PLS,3.0,2,3.1118176755648106,0.26580616162117265,3,"{""model__n_components"": 8}"
fold_municipality_grouped,3,level1_crossfit,B08_C1_PLS,3.0,3,3.8674944175894748,0.3092491992354576,4,"{""model__n_components"": 12}"
fold_municipality_grouped,3,level1_crossfit,B08_C1_PLS,3.0,4,4.446339121195192,0.4323974789837699,5,"{""model__n_components"": 20}"
fold_municipality_grouped,3,outer_refit,B08_C1_PLS,,0,0.8007970507638488,0.11455672205578647,1,"{""model__n_components"": 2}"
fold_municipality_grouped,3,outer_refit,B08_C1_PLS,,1,0.9437128115926203,0.028052022850851836,2,"{""model__n_components"": 4}"
fold_municipality_grouped,3,outer_refit,B08_C1_PLS,,2,1.3399959444391285,0.12361786312418706,3,"{""model__n_components"": 8}"
fold_municipality_grouped,3,outer_refit,B08_C1_PLS,,3,1.5282360523830816,0.19695354826888664,4,"{""model__n_components"": 12}"
fold_municipality_grouped,3,outer_refit,B08_C1_PLS,,4,1.595579153932362,0.29921378687964345,5,"{""model__n_components"": 20}"
fold_municipality_grouped,3,level1_crossfit,B09_C0_PCA_Ridge,1.0,0,4.046117594613333,3.634855501612966,4,"{""model__alpha"": 10.0, ""pca__n_components"": 0.8}"
fold_municipality_grouped,3,level1_crossfit,B09_C0_PCA_Ridge,1.0,1,3.792294625505211,3.384993396411805,3,"{""model__alpha"": 100.0, ""pca__n_components"": 0.8}"
fold_municipality_grouped,3,level1_crossfit,B09_C0_PCA_Ridge,1.0,2,2.457678859883705,2.0090927247901624,1,"{""model__alpha"": 1000.0, ""pca__n_components"": 0.8}"
fold_municipality_grouped,3,level1_crossfit,B09_C0_PCA_Ridge,1.0,3,5.898776302187209,5.42687348864889,6,"{""model__alpha"": 10.0, ""pca__n_components"": 0.9}"
fold_municipality_grouped,3,level1_crossfit,B09_C0_PCA_Ridge,1.0,4,5.445718265817323,5.001304541608226,5,"{""model__alpha"": 100.0, ""pca__n_components"": 0.9}"
fold_municipality_grouped,3,level1_crossfit,B09_C0_PCA_Ridge,1.0,5,3.254825113714959,2.8236978935934487,2,"{""model__alpha"": 1000.0, ""pca__n_components"": 0.9}"
fold_municipality_grouped,3,level1_crossfit,B09_C0_PCA_Ridge,1.0,6,24.55992909343305,24.09528019880898,9,"{""model__alpha"": 10.0, ""pca__n_components"": 0.95}"
fold_municipality_grouped,3,level1_crossfit,B09_C0_PCA_Ridge,1.0,7,20.916698198725744,20.477910206298528,8,"{""model__alpha"": 100.0, ""pca__n_components"": 0.95}"
fold_municipality_grouped,3,level1_crossfit,B09_C0_PCA_Ridge,1.0,8,8.946293672702252,8.515978156424724,7,"{""model__alpha"": 1000.0, ""pca__n_components"": 0.95}"
fold_municipality_grouped,3,level1_crossfit,B09_C0_PCA_Ridge,2.0,0,0.9387606613694865,0.08127294950243352,5,"{""model__alpha"": 10.0, ""pca__n_components"": 0.8}"
fold_municipality_grouped,3,level1_crossfit,B09_C0_PCA_Ridge,2.0,1,0.9382876261752096,0.07155265374189756,4,"{""model__alpha"": 100.0, ""pca__n_components"": 0.8}"
fold_municipality_grouped,3,level1_crossfit,B09_C0_PCA_Ridge,2.0,2,0.9595097102534134,0.021085719421982063,9,"{""model__alpha"": 1000.0, ""pca__n_components"": 0.8}"
fold_municipality_grouped,3,level1_crossfit,B09_C0_PCA_Ridge,2.0,3,0.9567268484339685,0.14773394294626552,8,"{""model__alpha"": 10.0, ""pca__n_components"": 0.9}"
fold_municipality_grouped,3,level1_crossfit,B09_C0_PCA_Ridge,2.0,4,0.9499339132385214,0.1314943101316779,6,"{""model__alpha"": 100.0, ""pca__n_components"": 0.9}"
fold_municipality_grouped,3,level1_crossfit,B09_C0_PCA_Ridge,2.0,5,0.9553670075388604,0.053286377314322286,7,"{""model__alpha"": 1000.0, ""pca__n_components"": 0.9}"
fold_municipality_grouped,3,level1_crossfit,B09_C0_PCA_Ridge,2.0,6,0.9160390820573184,0.12502826813526913,2,"{""model__alpha"": 10.0, ""pca__n_components"": 0.95}"
fold_municipality_grouped,3,level1_crossfit,B09_C0_PCA_Ridge,2.0,7,0.9099169669272519,0.11937805020363224,1,"{""model__alpha"": 100.0, ""pca__n_components"": 0.95}"
fold_municipality_grouped,3,level1_crossfit,B09_C0_PCA_Ridge,2.0,8,0.9353011738707995,0.0551634635204461,3,"{""model__alpha"": 1000.0, ""pca__n_components"": 0.95}"
fold_municipality_grouped,3,level1_crossfit,B09_C0_PCA_Ridge,3.0,0,1.4535052214178135,0.7049486781471078,4,"{""model__alpha"": 10.0, ""pca__n_components"": 0.8}"
fold_municipality_grouped,3,level1_crossfit,B09_C0_PCA_Ridge,3.0,1,1.4334856246691756,0.6678516541169114,3,"{""model__alpha"": 100.0, ""pca__n_components"": 0.8}"
fold_municipality_grouped,3,level1_crossfit,B09_C0_PCA_Ridge,3.0,2,1.365305725005861,0.46447673115747706,1,"{""model__alpha"": 1000.0, ""pca__n_components"": 0.8}"
fold_municipality_grouped,3,level1_crossfit,B09_C0_PCA_Ridge,3.0,3,1.676037726035489,0.8640346862467309,6,"{""model__alpha"": 10.0, ""pca__n_components"": 0.9}"
fold_municipality_grouped,3,level1_crossfit,B09_C0_PCA_Ridge,3.0,4,1.6224731144983457,0.811460161955571,5,"{""model__alpha"": 100.0, ""pca__n_components"": 0.9}"
fold_municipality_grouped,3,level1_crossfit,B09_C0_PCA_Ridge,3.0,5,1.4301692580348102,0.5311667002057682,2,"{""model__alpha"": 1000.0, ""pca__n_components"": 0.9}"
fold_municipality_grouped,3,level1_crossfit,B09_C0_PCA_Ridge,3.0,6,3.878530399239539,3.448877002461276,9,"{""model__alpha"": 10.0, ""pca__n_components"": 0.95}"
fold_municipality_grouped,3,level1_crossfit,B09_C0_PCA_Ridge,3.0,7,3.4096758866145653,2.9244564064969585,8,"{""model__alpha"": 100.0, ""pca__n_components"": 0.95}"
fold_municipality_grouped,3,level1_crossfit,B09_C0_PCA_Ridge,3.0,8,1.9770500455937405,1.1960413426225123,7,"{""model__alpha"": 1000.0, ""pca__n_components"": 0.95}"
fold_municipality_grouped,3,outer_refit,B09_C0_PCA_Ridge,,0,0.8502878512331377,0.20210132760582172,7,"{""model__alpha"": 10.0, ""pca__n_components"": 0.8}"
fold_municipality_grouped,3,outer_refit,B09_C0_PCA_Ridge,,1,0.8514702424838335,0.19998719816894495,8,"{""model__alpha"": 100.0, ""pca__n_components"": 0.8}"
fold_municipality_grouped,3,outer_refit,B09_C0_PCA_Ridge,,2,0.8698955796649481,0.19058020334195988,9,"{""model__alpha"": 1000.0, ""pca__n_components"": 0.8}"
fold_municipality_grouped,3,outer_refit,B09_C0_PCA_Ridge,,3,0.7634481470476621,0.2180352250140912,1,"{""model__alpha"": 10.0, ""pca__n_components"": 0.9}"
fold_municipality_grouped,3,outer_refit,B09_C0_PCA_Ridge,,4,0.7642908846487559,0.22100960830818342,2,"{""model__alpha"": 100.0, ""pca__n_components"": 0.9}"
fold_municipality_grouped,3,outer_refit,B09_C0_PCA_Ridge,,5,0.8032568718206302,0.2127566617570781,5,"{""model__alpha"": 1000.0, ""pca__n_components"": 0.9}"
fold_municipality_grouped,3,outer_refit,B09_C0_PCA_Ridge,,6,0.8026705846861667,0.2903112636119526,4,"{""model__alpha"": 10.0, ""pca__n_components"": 0.95}"
fold_municipality_grouped,3,outer_refit,B09_C0_PCA_Ridge,,7,0.7905029442262981,0.28544827649190097,3,"{""model__alpha"": 100.0, ""pca__n_components"": 0.95}"
fold_municipality_grouped,3,outer_refit,B09_C0_PCA_Ridge,,8,0.8058042203858279,0.2439119830806841,6,"{""model__alpha"": 1000.0, ""pca__n_components"": 0.95}"
fold_municipality_grouped,3,level1_crossfit,B10_C1_PCA_Ridge,1.0,0,0.8305400546100817,0.3031424361650362,8,"{""model__alpha"": 10.0, ""pca__n_components"": 0.8}"
fold_municipality_grouped,3,level1_crossfit,B10_C1_PCA_Ridge,1.0,1,0.8044029733552243,0.2895118341135636,6,"{""model__alpha"": 100.0, ""pca__n_components"": 0.8}"
fold_municipality_grouped,3,level1_crossfit,B10_C1_PCA_Ridge,1.0,2,0.7257879106662368,0.228647118829105,3,"{""model__alpha"": 1000.0, ""pca__n_components"": 0.8}"
fold_municipality_grouped,3,level1_crossfit,B10_C1_PCA_Ridge,1.0,3,0.8131329461577186,0.23648053157314203,7,"{""model__alpha"": 10.0, ""pca__n_components"": 0.9}"
fold_municipality_grouped,3,level1_crossfit,B10_C1_PCA_Ridge,1.0,4,0.7778783957805718,0.2548664644471529,5,"{""model__alpha"": 100.0, ""pca__n_components"": 0.9}"
fold_municipality_grouped,3,level1_crossfit,B10_C1_PCA_Ridge,1.0,5,0.7049323875884896,0.23396357114710709,2,"{""model__alpha"": 1000.0, ""pca__n_components"": 0.9}"
fold_municipality_grouped,3,level1_crossfit,B10_C1_PCA_Ridge,1.0,6,0.885634370787963,0.03695226353217945,9,"{""model__alpha"": 10.0, ""pca__n_components"": 0.95}"
fold_municipality_grouped,3,level1_crossfit,B10_C1_PCA_Ridge,1.0,7,0.7606930894845783,0.10298092263085679,4,"{""model__alpha"": 100.0, ""pca__n_components"": 0.95}"
fold_municipality_grouped,3,level1_crossfit,B10_C1_PCA_Ridge,1.0,8,0.6779523859020071,0.2158873777038451,1,"{""model__alpha"": 1000.0, ""pca__n_components"": 0.95}"
fold_municipality_grouped,3,level1_crossfit,B10_C1_PCA_Ridge,2.0,0,0.9147493988469846,0.09848400653163081,1,"{""model__alpha"": 10.0, ""pca__n_components"": 0.8}"
fold_municipality_grouped,3,level1_crossfit,B10_C1_PCA_Ridge,2.0,1,0.9227885057577623,0.0987253556945984,3,"{""model__alpha"": 100.0, ""pca__n_components"": 0.8}"
fold_municipality_grouped,3,level1_crossfit,B10_C1_PCA_Ridge,2.0,2,1.0083669994702915,0.06349413506712825,7,"{""model__alpha"": 1000.0, ""pca__n_components"": 0.8}"
fold_municipality_grouped,3,level1_crossfit,B10_C1_PCA_Ridge,2.0,3,0.9240008501387174,0.03085567227593128,4,"{""model__alpha"": 10.0, ""pca__n_components"": 0.9}"
fold_municipality_grouped,3,level1_crossfit,B10_C1_PCA_Ridge,2.0,4,0.9224732096052815,0.03466560195464513,2,"{""model__alpha"": 100.0, ""pca__n_components"": 0.9}"
fold_municipality_grouped,3,level1_crossfit,B10_C1_PCA_Ridge,2.0,5,1.0035586688782145,0.026815283200689155,6,"{""model__alpha"": 1000.0, ""pca__n_components"": 0.9}"
fold_municipality_grouped,3,level1_crossfit,B10_C1_PCA_Ridge,2.0,6,1.0241685883386185,0.19301130784073922,9,"{""model__alpha"": 10.0, ""pca__n_components"": 0.95}"
fold_municipality_grouped,3,level1_crossfit,B10_C1_PCA_Ridge,2.0,7,0.9846308080864408,0.13326911971347943,5,"{""model__alpha"": 100.0, ""pca__n_components"": 0.95}"
fold_municipality_grouped,3,level1_crossfit,B10_C1_PCA_Ridge,2.0,8,1.0212182194991268,0.04994157503003166,8,"{""model__alpha"": 1000.0, ""pca__n_components"": 0.95}"
fold_municipality_grouped,3,level1_crossfit,B10_C1_PCA_Ridge,3.0,0,1.2356174822395938,0.7399241614922114,4,"{""model__alpha"": 10.0, ""pca__n_components"": 0.8}"
fold_municipality_grouped,3,level1_crossfit,B10_C1_PCA_Ridge,3.0,1,1.234688923813621,0.6882514842359265,3,"{""model__alpha"": 100.0, ""pca__n_components"": 0.8}"
fold_municipality_grouped,3,level1_crossfit,B10_C1_PCA_Ridge,3.0,2,1.3002119796120866,0.4401142124666524,9,"{""model__alpha"": 1000.0, ""pca__n_components"": 0.8}"
fold_municipality_grouped,3,level1_crossfit,B10_C1_PCA_Ridge,3.0,3,1.1922124113026564,0.7028976117048278,2,"{""model__alpha"": 10.0, ""pca__n_components"": 0.9}"
fold_municipality_grouped,3,level1_crossfit,B10_C1_PCA_Ridge,3.0,4,1.1810897335154924,0.6815248708663123,1,"{""model__alpha"": 100.0, ""pca__n_components"": 0.9}"
fold_municipality_grouped,3,level1_crossfit,B10_C1_PCA_Ridge,3.0,5,1.2570855503795861,0.46603372675524274,6,"{""model__alpha"": 1000.0, ""pca__n_components"": 0.9}"
fold_municipality_grouped,3,level1_crossfit,B10_C1_PCA_Ridge,3.0,6,1.2878047668749202,0.17259853896069566,8,"{""model__alpha"": 10.0, ""pca__n_components"": 0.95}"
fold_municipality_grouped,3,level1_crossfit,B10_C1_PCA_Ridge,3.0,7,1.2442004324033586,0.33296320314894884,5,"{""model__alpha"": 100.0, ""pca__n_components"": 0.95}"
fold_municipality_grouped,3,level1_crossfit,B10_C1_PCA_Ridge,3.0,8,1.2816772596645654,0.3789766029922037,7,"{""model__alpha"": 1000.0, ""pca__n_components"": 0.95}"
fold_municipality_grouped,3,outer_refit,B10_C1_PCA_Ridge,,0,0.839009760585944,0.08877970634427244,1,"{""model__alpha"": 10.0, ""pca__n_components"": 0.8}"
fold_municipality_grouped,3,outer_refit,B10_C1_PCA_Ridge,,1,0.8415575713396054,0.09607162388495033,2,"{""model__alpha"": 100.0, ""pca__n_components"": 0.8}"
fold_municipality_grouped,3,outer_refit,B10_C1_PCA_Ridge,,2,0.8755958486643424,0.1461770865507819,5,"{""model__alpha"": 1000.0, ""pca__n_components"": 0.8}"
fold_municipality_grouped,3,outer_refit,B10_C1_PCA_Ridge,,3,0.9506838838309223,0.03795007670125571,7,"{""model__alpha"": 10.0, ""pca__n_components"": 0.9}"
fold_municipality_grouped,3,outer_refit,B10_C1_PCA_Ridge,,4,0.9054581138594114,0.08490665535364984,6,"{""model__alpha"": 100.0, ""pca__n_components"": 0.9}"
fold_municipality_grouped,3,outer_refit,B10_C1_PCA_Ridge,,5,0.8486254727499469,0.20278239242432375,3,"{""model__alpha"": 1000.0, ""pca__n_components"": 0.9}"
fold_municipality_grouped,3,outer_refit,B10_C1_PCA_Ridge,,6,1.0441713026252841,0.040324231886833435,9,"{""model__alpha"": 10.0, ""pca__n_components"": 0.95}"
fold_municipality_grouped,3,outer_refit,B10_C1_PCA_Ridge,,7,0.9583626776993857,0.06934433478594054,8,"{""model__alpha"": 100.0, ""pca__n_components"": 0.95}"
fold_municipality_grouped,3,outer_refit,B10_C1_PCA_Ridge,,8,0.8522091203619487,0.20579240505002955,4,"{""model__alpha"": 1000.0, ""pca__n_components"": 0.95}"
fold_municipality_grouped,4,level1_crossfit,B01_C0_PLS,1.0,0,1.7250519243506985,0.056592724063173616,1,"{""model__n_components"": 2}"
fold_municipality_grouped,4,level1_crossfit,B01_C0_PLS,1.0,1,2.0565172974650983,0.39761750440509847,2,"{""model__n_components"": 4}"
fold_municipality_grouped,4,level1_crossfit,B01_C0_PLS,1.0,2,2.08954012118525,0.4229668174323612,3,"{""model__n_components"": 8}"
fold_municipality_grouped,4,level1_crossfit,B01_C0_PLS,1.0,3,2.099990080122264,0.43273684690687053,4,"{""model__n_components"": 12}"
fold_municipality_grouped,4,level1_crossfit,B01_C0_PLS,2.0,0,3.4858023149277146,2.136626312109664,1,"{""model__n_components"": 2}"
fold_municipality_grouped,4,level1_crossfit,B01_C0_PLS,2.0,1,5.515841808101362,3.4945747173392423,2,"{""model__n_components"": 4}"
fold_municipality_grouped,4,level1_crossfit,B01_C0_PLS,2.0,2,6.575327291465346,2.759557807385308,3,"{""model__n_components"": 8}"
fold_municipality_grouped,4,level1_crossfit,B01_C0_PLS,2.0,3,6.599358337357243,2.831919150583021,4,"{""model__n_components"": 12}"
fold_municipality_grouped,4,level1_crossfit,B01_C0_PLS,3.0,0,1.055980034455682,0.13771158452901805,1,"{""model__n_components"": 2}"
fold_municipality_grouped,4,level1_crossfit,B01_C0_PLS,3.0,1,14.277884855349722,13.397682261744308,2,"{""model__n_components"": 4}"
fold_municipality_grouped,4,level1_crossfit,B01_C0_PLS,3.0,2,31.926402245081547,31.04543574032654,4,"{""model__n_components"": 8}"
fold_municipality_grouped,4,level1_crossfit,B01_C0_PLS,3.0,3,31.648921030016993,30.76625519562281,3,"{""model__n_components"": 12}"
fold_municipality_grouped,4,outer_refit,B01_C0_PLS,,0,0.9711834888545399,0.333396870028998,1,"{""model__n_components"": 2}"
fold_municipality_grouped,4,outer_refit,B01_C0_PLS,,1,1.0277388437809198,0.46804242769041504,2,"{""model__n_components"": 4}"
fold_municipality_grouped,4,outer_refit,B01_C0_PLS,,2,1.0314277927631834,0.4264088811157884,3,"{""model__n_components"": 8}"
fold_municipality_grouped,4,outer_refit,B01_C0_PLS,,3,1.043669658284336,0.43245058398598113,4,"{""model__n_components"": 12}"
fold_municipality_grouped,4,outer_refit,B01_C0_PLS,,4,1.0510757212385424,0.4386793551756934,5,"{""model__n_components"": 20}"
fold_municipality_grouped,4,level1_crossfit,B02_C3_Ridge,1.0,0,1.8357367782009235,0.15309651747120234,6,"{""model__alpha"": 0.1}"
fold_municipality_grouped,4,level1_crossfit,B02_C3_Ridge,1.0,1,1.834882168145164,0.15229168082996003,5,"{""model__alpha"": 1.0}"
fold_municipality_grouped,4,level1_crossfit,B02_C3_Ridge,1.0,2,1.826642490717493,0.14452758485111994,4,"{""model__alpha"": 10.0}"
fold_municipality_grouped,4,level1_crossfit,B02_C3_Ridge,1.0,3,1.7655263447879075,0.08679419669655664,3,"{""model__alpha"": 100.0}"
fold_municipality_grouped,4,level1_crossfit,B02_C3_Ridge,1.0,4,1.5778591415660266,0.07056748216980424,2,"{""model__alpha"": 1000.0}"
fold_municipality_grouped,4,level1_crossfit,B02_C3_Ridge,1.0,5,1.4045726490928392,0.08390576202910882,1,"{""model__alpha"": 10000.0}"
fold_municipality_grouped,4,level1_crossfit,B02_C3_Ridge,2.0,0,4.862001516267044,1.6955800112981523,6,"{""model__alpha"": 0.1}"
fold_municipality_grouped,4,level1_crossfit,B02_C3_Ridge,2.0,1,4.85235385061481,1.6960630532715277,5,"{""model__alpha"": 1.0}"
fold_municipality_grouped,4,level1_crossfit,B02_C3_Ridge,2.0,2,4.759322991861247,1.7004879935700055,4,"{""model__alpha"": 10.0}"
fold_municipality_grouped,4,level1_crossfit,B02_C3_Ridge,2.0,3,4.079361032691318,1.7084156072710979,3,"{""model__alpha"": 100.0}"
fold_municipality_grouped,4,level1_crossfit,B02_C3_Ridge,2.0,4,2.4972067902296047,1.0331711537066635,2,"{""model__alpha"": 1000.0}"
fold_municipality_grouped,4,level1_crossfit,B02_C3_Ridge,2.0,5,0.993167742492002,0.46360591342439034,1,"{""model__alpha"": 10000.0}"
fold_municipality_grouped,4,level1_crossfit,B02_C3_Ridge,3.0,0,25.490006805642277,24.574362612305602,6,"{""model__alpha"": 0.1}"
fold_municipality_grouped,4,level1_crossfit,B02_C3_Ridge,3.0,1,25.396119636359654,24.480686105179817,5,"{""model__alpha"": 1.0}"
fold_municipality_grouped,4,level1_crossfit,B02_C3_Ridge,3.0,2,24.489337158744096,23.576007815264507,4,"{""model__alpha"": 10.0}"
fold_municipality_grouped,4,level1_crossfit,B02_C3_Ridge,3.0,3,17.79288492975021,16.900334251790383,3,"{""model__alpha"": 100.0}"
fold_municipality_grouped,4,level1_crossfit,B02_C3_Ridge,3.0,4,3.4222465149945176,2.6939256346820653,2,"{""model__alpha"": 1000.0}"
fold_municipality_grouped,4,level1_crossfit,B02_C3_Ridge,3.0,5,0.4183709735022789,0.01052760695323915,1,"{""model__alpha"": 10000.0}"
fold_municipality_grouped,4,outer_refit,B02_C3_Ridge,,0,1.108044456808122,0.4347154002964212,6,"{""model__alpha"": 0.1}"
fold_municipality_grouped,4,outer_refit,B02_C3_Ridge,,1,1.1073277035211195,0.43448452092384726,5,"{""model__alpha"": 1.0}"
fold_municipality_grouped,4,outer_refit,B02_C3_Ridge,,2,1.1005336936829504,0.43236882538295446,4,"{""model__alpha"": 10.0}"
fold_municipality_grouped,4,outer_refit,B02_C3_Ridge,,3,1.0553055558997653,0.4216377861950658,3,"{""model__alpha"": 100.0}"
fold_municipality_grouped,4,outer_refit,B02_C3_Ridge,,4,0.9728445907417544,0.39166532398544246,1,"{""model__alpha"": 1000.0}"
fold_municipality_grouped,4,outer_refit,B02_C3_Ridge,,5,0.9757326728433053,0.3104299855574911,2,"{""model__alpha"": 10000.0}"
fold_municipality_grouped,4,level1_crossfit,B03_C1_CatBoost,1.0,0,1.4806720714592059,0.010590636816975585,6,"{""model__depth"": 4, ""model__l2_leaf_reg"": 3.0, ""model__learning_rate"": 0.03}"
fold_municipality_grouped,4,level1_crossfit,B03_C1_CatBoost,1.0,1,1.4782695644924804,0.021511564481581424,5,"{""model__depth"": 4, ""model__l2_leaf_reg"": 6.0, ""model__learning_rate"": 0.06}"
fold_municipality_grouped,4,level1_crossfit,B03_C1_CatBoost,1.0,2,1.4246816792091361,0.03626478105406683,1,"{""model__depth"": 5, ""model__l2_leaf_reg"": 10.0, ""model__learning_rate"": 0.03}"
fold_municipality_grouped,4,level1_crossfit,B03_C1_CatBoost,1.0,3,1.4495030694539381,0.026813964441288918,4,"{""model__depth"": 5, ""model__l2_leaf_reg"": 3.0, ""model__learning_rate"": 0.06}"
fold_municipality_grouped,4,level1_crossfit,B03_C1_CatBoost,1.0,4,1.4278242428251458,0.027691543759068127,2,"{""model__depth"": 6, ""model__l2_leaf_reg"": 6.0, ""model__learning_rate"": 0.03}"
fold_municipality_grouped,4,level1_crossfit,B03_C1_CatBoost,1.0,5,1.4289025419889143,0.034175782169069135,3,"{""model__depth"": 6, ""model__l2_leaf_reg"": 10.0, ""model__learning_rate"": 0.06}"
fold_municipality_grouped,4,level1_crossfit,B03_C1_CatBoost,2.0,0,1.378268360166502,0.1296409072464617,4,"{""model__depth"": 4, ""model__l2_leaf_reg"": 3.0, ""model__learning_rate"": 0.03}"
fold_municipality_grouped,4,level1_crossfit,B03_C1_CatBoost,2.0,1,1.3638882537190296,0.1465775235758543,3,"{""model__depth"": 4, ""model__l2_leaf_reg"": 6.0, ""model__learning_rate"": 0.06}"
fold_municipality_grouped,4,level1_crossfit,B03_C1_CatBoost,2.0,2,1.360127321629963,0.14554372296927987,2,"{""model__depth"": 5, ""model__l2_leaf_reg"": 10.0, ""model__learning_rate"": 0.03}"
fold_municipality_grouped,4,level1_crossfit,B03_C1_CatBoost,2.0,3,1.3478116180815858,0.14722602548428187,1,"{""model__depth"": 5, ""model__l2_leaf_reg"": 3.0, ""model__learning_rate"": 0.06}"
fold_municipality_grouped,4,level1_crossfit,B03_C1_CatBoost,2.0,4,1.3796251843115352,0.11626115111449165,5,"{""model__depth"": 6, ""model__l2_leaf_reg"": 6.0, ""model__learning_rate"": 0.03}"
fold_municipality_grouped,4,level1_crossfit,B03_C1_CatBoost,2.0,5,1.410518814300663,0.11010261524146703,6,"{""model__depth"": 6, ""model__l2_leaf_reg"": 10.0, ""model__learning_rate"": 0.06}"
fold_municipality_grouped,4,level1_crossfit,B03_C1_CatBoost,3.0,0,0.4589214563623531,0.003113042408550759,5,"{""model__depth"": 4, ""model__l2_leaf_reg"": 3.0, ""model__learning_rate"": 0.03}"
fold_municipality_grouped,4,level1_crossfit,B03_C1_CatBoost,3.0,1,0.4735942128595758,0.00985724230007004,6,"{""model__depth"": 4, ""model__l2_leaf_reg"": 6.0, ""model__learning_rate"": 0.06}"
fold_municipality_grouped,4,level1_crossfit,B03_C1_CatBoost,3.0,2,0.43583246513894036,0.018967217763878857,4,"{""model__depth"": 5, ""model__l2_leaf_reg"": 10.0, ""model__learning_rate"": 0.03}"
fold_municipality_grouped,4,level1_crossfit,B03_C1_CatBoost,3.0,3,0.42539573370464007,0.009619702764266158,1,"{""model__depth"": 5, ""model__l2_leaf_reg"": 3.0, ""model__learning_rate"": 0.06}"
fold_municipality_grouped,4,level1_crossfit,B03_C1_CatBoost,3.0,4,0.42543034990449075,0.034814840779222866,2,"{""model__depth"": 6, ""model__l2_leaf_reg"": 6.0, ""model__learning_rate"": 0.03}"
fold_municipality_grouped,4,level1_crossfit,B03_C1_CatBoost,3.0,5,0.4346092113277656,0.022307014760065358,3,"{""model__depth"": 6, ""model__l2_leaf_reg"": 10.0, ""model__learning_rate"": 0.06}"
fold_municipality_grouped,4,outer_refit,B03_C1_CatBoost,,0,1.0626257162078063,0.36953400496305755,3,"{""model__depth"": 4, ""model__l2_leaf_reg"": 3.0, ""model__learning_rate"": 0.03}"
fold_municipality_grouped,4,outer_refit,B03_C1_CatBoost,,1,1.0720154864964957,0.36906417589475304,5,"{""model__depth"": 4, ""model__l2_leaf_reg"": 6.0, ""model__learning_rate"": 0.06}"
fold_municipality_grouped,4,outer_refit,B03_C1_CatBoost,,2,1.082398664924982,0.31295044811789463,6,"{""model__depth"": 5, ""model__l2_leaf_reg"": 10.0, ""model__learning_rate"": 0.03}"
fold_municipality_grouped,4,outer_refit,B03_C1_CatBoost,,3,1.0461179684938096,0.35886702772264606,1,"{""model__depth"": 5, ""model__l2_leaf_reg"": 3.0, ""model__learning_rate"": 0.06}"
fold_municipality_grouped,4,outer_refit,B03_C1_CatBoost,,4,1.0539085561106942,0.3019107954313275,2,"{""model__depth"": 6, ""model__l2_leaf_reg"": 6.0, ""model__learning_rate"": 0.03}"
fold_municipality_grouped,4,outer_refit,B03_C1_CatBoost,,5,1.0627040434720407,0.3012761597560898,4,"{""model__depth"": 6, ""model__l2_leaf_reg"": 10.0, ""model__learning_rate"": 0.06}"
fold_municipality_grouped,4,level1_crossfit,B04_C0_Ridge,1.0,0,2.0998156335252354,0.43258908883144565,6,"{""model__alpha"": 0.1}"
fold_municipality_grouped,4,level1_crossfit,B04_C0_Ridge,1.0,1,2.0983109516234126,0.43120927181345525,5,"{""model__alpha"": 1.0}"
fold_municipality_grouped,4,level1_crossfit,B04_C0_Ridge,1.0,2,2.083804722629284,0.41791093287712955,4,"{""model__alpha"": 10.0}"
fold_municipality_grouped,4,level1_crossfit,B04_C0_Ridge,1.0,3,1.9755782873358918,0.3191226635502782,3,"{""model__alpha"": 100.0}"
fold_municipality_grouped,4,level1_crossfit,B04_C0_Ridge,1.0,4,1.629976338298596,0.02920103665037732,2,"{""model__alpha"": 1000.0}"
fold_municipality_grouped,4,level1_crossfit,B04_C0_Ridge,1.0,5,1.3799656248807601,0.07544570931093264,1,"{""model__alpha"": 10000.0}"
fold_municipality_grouped,4,level1_crossfit,B04_C0_Ridge,2.0,0,6.594990559399893,2.8346702181792853,6,"{""model__alpha"": 0.1}"
fold_municipality_grouped,4,level1_crossfit,B04_C0_Ridge,2.0,1,6.5804615012585925,2.835455796666692,5,"{""model__alpha"": 1.0}"
fold_municipality_grouped,4,level1_crossfit,B04_C0_Ridge,2.0,2,6.4407579144940925,2.8424715555346314,4,"{""model__alpha"": 10.0}"
fold_municipality_grouped,4,level1_crossfit,B04_C0_Ridge,2.0,3,5.437415256284957,2.844220840295049,3,"{""model__alpha"": 100.0}"
fold_municipality_grouped,4,level1_crossfit,B04_C0_Ridge,2.0,4,3.1060416850336,1.7412849136173805,2,"{""model__alpha"": 1000.0}"
fold_municipality_grouped,4,level1_crossfit,B04_C0_Ridge,2.0,5,1.0442135689668042,0.3829997020909784,1,"{""model__alpha"": 10000.0}"
fold_municipality_grouped,4,level1_crossfit,B04_C0_Ridge,3.0,0,31.59752170176663,30.714883191775016,6,"{""model__alpha"": 0.1}"
fold_municipality_grouped,4,level1_crossfit,B04_C0_Ridge,3.0,1,31.4616382797194,30.57933366149874,5,"{""model__alpha"": 1.0}"
fold_municipality_grouped,4,level1_crossfit,B04_C0_Ridge,3.0,2,30.156491960943576,29.27750727975037,4,"{""model__alpha"": 10.0}"
fold_municipality_grouped,4,level1_crossfit,B04_C0_Ridge,3.0,3,20.927418565600647,20.079944362107092,3,"{""model__alpha"": 100.0}"
fold_municipality_grouped,4,level1_crossfit,B04_C0_Ridge,3.0,4,3.7113547679265126,3.0677559857636743,2,"{""model__alpha"": 1000.0}"
fold_municipality_grouped,4,level1_crossfit,B04_C0_Ridge,3.0,5,0.3909849252263119,0.007053096086692495,1,"{""model__alpha"": 10000.0}"
fold_municipality_grouped,4,outer_refit,B04_C0_Ridge,,0,1.0509217328075795,0.4386034768568206,6,"{""model__alpha"": 0.1}"
fold_municipality_grouped,4,outer_refit,B04_C0_Ridge,,1,1.0502464432000205,0.43839204528960884,5,"{""model__alpha"": 1.0}"
fold_municipality_grouped,4,outer_refit,B04_C0_Ridge,,2,1.0439719657021211,0.43646665533577556,4,"{""model__alpha"": 10.0}"
fold_municipality_grouped,4,outer_refit,B04_C0_Ridge,,3,1.0071272288769026,0.425796318785032,3,"{""model__alpha"": 100.0}"
fold_municipality_grouped,4,outer_refit,B04_C0_Ridge,,4,0.966317272649337,0.3729624649967958,1,"{""model__alpha"": 1000.0}"
fold_municipality_grouped,4,outer_refit,B04_C0_Ridge,,5,0.9762545096999853,0.30608184912805925,2,"{""model__alpha"": 10000.0}"
fold_municipality_grouped,4,level1_crossfit,B05_C3_PLS,1.0,0,1.6488197218154381,0.09734991600543641,1,"{""model__n_components"": 2}"
fold_municipality_grouped,4,level1_crossfit,B05_C3_PLS,1.0,1,1.7734807679954603,0.09414956059846336,2,"{""model__n_components"": 4}"
fold_municipality_grouped,4,level1_crossfit,B05_C3_PLS,1.0,2,1.8244548616290643,0.1428637120659345,3,"{""model__n_components"": 8}"
fold_municipality_grouped,4,level1_crossfit,B05_C3_PLS,1.0,3,1.835900395001167,0.15321207360347056,4,"{""model__n_components"": 12}"
fold_municipality_grouped,4,level1_crossfit,B05_C3_PLS,2.0,0,2.8465678399694143,1.1890854102025932,1,"{""model__n_components"": 2}"
fold_municipality_grouped,4,level1_crossfit,B05_C3_PLS,2.0,1,3.8761632601832745,1.892563723444915,2,"{""model__n_components"": 4}"
fold_municipality_grouped,4,level1_crossfit,B05_C3_PLS,2.0,2,4.769639040726423,1.6608696510200593,3,"{""model__n_components"": 8}"
fold_municipality_grouped,4,level1_crossfit,B05_C3_PLS,2.0,3,4.8730369114959435,1.6862022880395944,4,"{""model__n_components"": 12}"
fold_municipality_grouped,4,level1_crossfit,B05_C3_PLS,3.0,0,1.2003254994853527,0.20308053893942346,1,"{""model__n_components"": 2}"
fold_municipality_grouped,4,level1_crossfit,B05_C3_PLS,3.0,1,12.78721412718611,11.849540828328994,2,"{""model__n_components"": 4}"
fold_municipality_grouped,4,level1_crossfit,B05_C3_PLS,3.0,2,25.03245591267278,24.121377714258326,3,"{""model__n_components"": 8}"
fold_municipality_grouped,4,level1_crossfit,B05_C3_PLS,3.0,3,25.66622510979379,24.750583406197098,4,"{""model__n_components"": 12}"
fold_municipality_grouped,4,outer_refit,B05_C3_PLS,,0,0.9636785277076246,0.35164034817882683,1,"{""model__n_components"": 2}"
fold_municipality_grouped,4,outer_refit,B05_C3_PLS,,1,1.045827660349041,0.43148414485911873,2,"{""model__n_components"": 4}"
fold_municipality_grouped,4,outer_refit,B05_C3_PLS,,2,1.080934422825061,0.4037853271613073,3,"{""model__n_components"": 8}"
fold_municipality_grouped,4,outer_refit,B05_C3_PLS,,3,1.1010167775264756,0.427170244637461,4,"{""model__n_components"": 12}"
fold_municipality_grouped,4,outer_refit,B05_C3_PLS,,4,1.1082803815172582,0.4348725183620409,5,"{""model__n_components"": 20}"
fold_municipality_grouped,4,level1_crossfit,B06_C2_PLS,1.0,0,1.5808827786633648,0.20209740505990703,1,"{""model__n_components"": 2}"
fold_municipality_grouped,4,level1_crossfit,B06_C2_PLS,1.0,1,1.6041363649020206,0.08244982321016414,2,"{""model__n_components"": 4}"
fold_municipality_grouped,4,level1_crossfit,B06_C2_PLS,1.0,2,1.622529432666545,0.0747184549104678,3,"{""model__n_components"": 8}"
fold_municipality_grouped,4,level1_crossfit,B06_C2_PLS,1.0,3,1.624404428152772,0.0735636070700948,4,"{""model__n_components"": 12}"
fold_municipality_grouped,4,level1_crossfit,B06_C2_PLS,2.0,0,2.143227859959407,0.4623162508808153,1,"{""model__n_components"": 2}"
fold_municipality_grouped,4,level1_crossfit,B06_C2_PLS,2.0,1,2.590142681271324,0.999605694141337,2,"{""model__n_components"": 4}"
fold_municipality_grouped,4,level1_crossfit,B06_C2_PLS,2.0,2,2.863580324519896,0.8251828596503914,3,"{""model__n_components"": 8}"
fold_municipality_grouped,4,level1_crossfit,B06_C2_PLS,2.0,3,2.879483569550974,0.844588587567715,4,"{""model__n_components"": 12}"
fold_municipality_grouped,4,level1_crossfit,B06_C2_PLS,3.0,0,1.7490621700416815,0.804361444554929,1,"{""model__n_components"": 2}"
fold_municipality_grouped,4,level1_crossfit,B06_C2_PLS,3.0,1,6.3121685460244965,5.415597857661956,2,"{""model__n_components"": 4}"
fold_municipality_grouped,4,level1_crossfit,B06_C2_PLS,3.0,2,13.477512066904978,12.60633030097174,4,"{""model__n_components"": 8}"
fold_municipality_grouped,4,level1_crossfit,B06_C2_PLS,3.0,3,12.830481659649683,11.958565020404478,3,"{""model__n_components"": 12}"
fold_municipality_grouped,4,outer_refit,B06_C2_PLS,,0,0.989875979629069,0.37049727293183277,1,"{""model__n_components"": 2}"
fold_municipality_grouped,4,outer_refit,B06_C2_PLS,,1,1.0391995728921521,0.4370155995354107,2,"{""model__n_components"": 4}"
fold_municipality_grouped,4,outer_refit,B06_C2_PLS,,2,1.0749677303962466,0.41831365095018613,3,"{""model__n_components"": 8}"
fold_municipality_grouped,4,outer_refit,B06_C2_PLS,,3,1.0782959056150416,0.4302950026503061,4,"{""model__n_components"": 12}"
fold_municipality_grouped,4,outer_refit,B06_C2_PLS,,4,1.0868162318057168,0.4385366890797747,5,"{""model__n_components"": 20}"
fold_municipality_grouped,4,level1_crossfit,B07_C1_ExtraTrees,1.0,0,1.4979299250867042,0.016032871202695254,6,"{""model__max_features"": ""sqrt"", ""model__min_samples_leaf"": 2}"
fold_municipality_grouped,4,level1_crossfit,B07_C1_ExtraTrees,1.0,1,1.4727922746407622,0.0029356913997081735,2,"{""model__max_features"": ""sqrt"", ""model__min_samples_leaf"": 3}"
fold_municipality_grouped,4,level1_crossfit,B07_C1_ExtraTrees,1.0,2,1.4332169909839472,0.014162690229022723,1,"{""model__max_features"": ""sqrt"", ""model__min_samples_leaf"": 5}"
fold_municipality_grouped,4,level1_crossfit,B07_C1_ExtraTrees,1.0,3,1.484309540624094,0.001315830148749697,5,"{""model__max_features"": 0.3, ""model__min_samples_leaf"": 2}"
fold_municipality_grouped,4,level1_crossfit,B07_C1_ExtraTrees,1.0,4,1.4764657440904134,0.022673806127822993,3,"{""model__max_features"": 0.3, ""model__min_samples_leaf"": 3}"
fold_municipality_grouped,4,level1_crossfit,B07_C1_ExtraTrees,1.0,5,1.4813984245391625,0.014704539711281828,4,"{""model__max_features"": 0.3, ""model__min_samples_leaf"": 5}"
fold_municipality_grouped,4,level1_crossfit,B07_C1_ExtraTrees,2.0,0,1.307777883627336,0.1556489482735116,3,"{""model__max_features"": ""sqrt"", ""model__min_samples_leaf"": 2}"
fold_municipality_grouped,4,level1_crossfit,B07_C1_ExtraTrees,2.0,1,1.309033948702998,0.15106577942093713,4,"{""model__max_features"": ""sqrt"", ""model__min_samples_leaf"": 3}"
fold_municipality_grouped,4,level1_crossfit,B07_C1_ExtraTrees,2.0,2,1.3750413445180338,0.1023982628905078,6,"{""model__max_features"": ""sqrt"", ""model__min_samples_leaf"": 5}"
fold_municipality_grouped,4,level1_crossfit,B07_C1_ExtraTrees,2.0,3,1.285402218608918,0.1749458102042437,1,"{""model__max_features"": 0.3, ""model__min_samples_leaf"": 2}"
fold_municipality_grouped,4,level1_crossfit,B07_C1_ExtraTrees,2.0,4,1.2941596696631141,0.1800163680399567,2,"{""model__max_features"": 0.3, ""model__min_samples_leaf"": 3}"
fold_municipality_grouped,4,level1_crossfit,B07_C1_ExtraTrees,2.0,5,1.3244819090622946,0.16287982680096147,5,"{""model__max_features"": 0.3, ""model__min_samples_leaf"": 5}"
fold_municipality_grouped,4,level1_crossfit,B07_C1_ExtraTrees,3.0,0,0.4446795672637937,0.007180784731641354,4,"{""model__max_features"": ""sqrt"", ""model__min_samples_leaf"": 2}"
fold_municipality_grouped,4,level1_crossfit,B07_C1_ExtraTrees,3.0,1,0.4273290865068091,0.002927085318940592,2,"{""model__max_features"": ""sqrt"", ""model__min_samples_leaf"": 3}"
fold_municipality_grouped,4,level1_crossfit,B07_C1_ExtraTrees,3.0,2,0.4147098454865241,0.028120641245249545,1,"{""model__max_features"": ""sqrt"", ""model__min_samples_leaf"": 5}"
fold_municipality_grouped,4,level1_crossfit,B07_C1_ExtraTrees,3.0,3,0.4766685816853615,0.049826489967294024,6,"{""model__max_features"": 0.3, ""model__min_samples_leaf"": 2}"
fold_municipality_grouped,4,level1_crossfit,B07_C1_ExtraTrees,3.0,4,0.45432140979243285,0.02380546353299301,5,"{""model__max_features"": 0.3, ""model__min_samples_leaf"": 3}"
fold_municipality_grouped,4,level1_crossfit,B07_C1_ExtraTrees,3.0,5,0.4378686103905968,0.004377356615306249,3,"{""model__max_features"": 0.3, ""model__min_samples_leaf"": 5}"
fold_municipality_grouped,4,outer_refit,B07_C1_ExtraTrees,,0,1.1078580718231887,0.3640939572470435,1,"{""model__max_features"": ""sqrt"", ""model__min_samples_leaf"": 2}"
fold_municipality_grouped,4,outer_refit,B07_C1_ExtraTrees,,1,1.1079260203942187,0.33920504578399424,2,"{""model__max_features"": ""sqrt"", ""model__min_samples_leaf"": 3}"
fold_municipality_grouped,4,outer_refit,B07_C1_ExtraTrees,,2,1.1361958389742963,0.29704271259810583,4,"{""model__max_features"": ""sqrt"", ""model__min_samples_leaf"": 5}"
fold_municipality_grouped,4,outer_refit,B07_C1_ExtraTrees,,3,1.1244454558804917,0.4161516539300164,3,"{""model__max_features"": 0.3, ""model__min_samples_leaf"": 2}"
fold_municipality_grouped,4,outer_refit,B07_C1_ExtraTrees,,4,1.1496708721441198,0.40093862686161197,5,"{""model__max_features"": 0.3, ""model__min_samples_leaf"": 3}"
fold_municipality_grouped,4,outer_refit,B07_C1_ExtraTrees,,5,1.1818939168263336,0.3664362304884537,6,"{""model__max_features"": 0.3, ""model__min_samples_leaf"": 5}"
fold_municipality_grouped,4,level1_crossfit,B08_C1_PLS,1.0,0,1.6397615513250248,0.254597218348774,4,"{""model__n_components"": 2}"
fold_municipality_grouped,4,level1_crossfit,B08_C1_PLS,1.0,1,1.4930771103882696,0.05113840298290406,3,"{""model__n_components"": 4}"
fold_municipality_grouped,4,level1_crossfit,B08_C1_PLS,1.0,2,1.4914407104530736,0.05549857979183326,2,"{""model__n_components"": 8}"
fold_municipality_grouped,4,level1_crossfit,B08_C1_PLS,1.0,3,1.4790041458931604,0.04268521337805942,1,"{""model__n_components"": 12}"
fold_municipality_grouped,4,level1_crossfit,B08_C1_PLS,2.0,0,1.5206049020709773,0.3211979602966739,2,"{""model__n_components"": 2}"
fold_municipality_grouped,4,level1_crossfit,B08_C1_PLS,2.0,1,1.1681664822183038,0.10916420034668806,1,"{""model__n_components"": 4}"
fold_municipality_grouped,4,level1_crossfit,B08_C1_PLS,2.0,2,1.5843290738044404,0.28151200216711403,3,"{""model__n_components"": 8}"
fold_municipality_grouped,4,level1_crossfit,B08_C1_PLS,2.0,3,2.0492564340845147,0.7416420568218621,4,"{""model__n_components"": 12}"
fold_municipality_grouped,4,level1_crossfit,B08_C1_PLS,3.0,0,0.9356498041395638,0.14390146898499506,3,"{""model__n_components"": 2}"
fold_municipality_grouped,4,level1_crossfit,B08_C1_PLS,3.0,1,0.8494362515696708,0.19535396187767462,1,"{""model__n_components"": 4}"
fold_municipality_grouped,4,level1_crossfit,B08_C1_PLS,3.0,2,0.881477391244708,0.18356729775291947,2,"{""model__n_components"": 8}"
fold_municipality_grouped,4,level1_crossfit,B08_C1_PLS,3.0,3,1.1808130119173323,0.08255778013400183,4,"{""model__n_components"": 12}"
fold_municipality_grouped,4,outer_refit,B08_C1_PLS,,0,0.9850512026654018,0.35830843961608855,1,"{""model__n_components"": 2}"
fold_municipality_grouped,4,outer_refit,B08_C1_PLS,,1,1.0793233148816632,0.2962507317008989,2,"{""model__n_components"": 4}"
fold_municipality_grouped,4,outer_refit,B08_C1_PLS,,2,1.3757275856371767,0.19495165455288038,3,"{""model__n_components"": 8}"
fold_municipality_grouped,4,outer_refit,B08_C1_PLS,,3,1.4616600579628212,0.21074755743894807,4,"{""model__n_components"": 12}"
fold_municipality_grouped,4,outer_refit,B08_C1_PLS,,4,1.4714140118856474,0.23298025669809774,5,"{""model__n_components"": 20}"
fold_municipality_grouped,4,level1_crossfit,B09_C0_PCA_Ridge,1.0,0,1.9691083420549766,0.19818339027321408,9,"{""model__alpha"": 10.0, ""pca__n_components"": 0.8}"
fold_municipality_grouped,4,level1_crossfit,B09_C0_PCA_Ridge,1.0,1,1.9161311009718283,0.16132896546810815,7,"{""model__alpha"": 100.0, ""pca__n_components"": 0.8}"
fold_municipality_grouped,4,level1_crossfit,B09_C0_PCA_Ridge,1.0,2,1.636905993563766,0.014703992418953482,3,"{""model__alpha"": 1000.0, ""pca__n_components"": 0.8}"
fold_municipality_grouped,4,level1_crossfit,B09_C0_PCA_Ridge,1.0,3,1.926402093688036,0.2407449919259027,8,"{""model__alpha"": 10.0, ""pca__n_components"": 0.9}"
fold_municipality_grouped,4,level1_crossfit,B09_C0_PCA_Ridge,1.0,4,1.8779541533814204,0.19963277968604964,6,"{""model__alpha"": 100.0, ""pca__n_components"": 0.9}"
fold_municipality_grouped,4,level1_crossfit,B09_C0_PCA_Ridge,1.0,5,1.6190757877821649,0.005317128194075149,2,"{""model__alpha"": 1000.0, ""pca__n_components"": 0.9}"
fold_municipality_grouped,4,level1_crossfit,B09_C0_PCA_Ridge,1.0,6,1.8483875478829574,0.2294072104529873,5,"{""model__alpha"": 10.0, ""pca__n_components"": 0.95}"
fold_municipality_grouped,4,level1_crossfit,B09_C0_PCA_Ridge,1.0,7,1.8141120869453007,0.19261315512310984,4,"{""model__alpha"": 100.0, ""pca__n_components"": 0.95}"
fold_municipality_grouped,4,level1_crossfit,B09_C0_PCA_Ridge,1.0,8,1.5978496115320204,0.006911187664667251,1,"{""model__alpha"": 1000.0, ""pca__n_components"": 0.95}"
fold_municipality_grouped,4,level1_crossfit,B09_C0_PCA_Ridge,2.0,0,4.659978801239349,3.0102695460923217,6,"{""model__alpha"": 10.0, ""pca__n_components"": 0.8}"
fold_municipality_grouped,4,level1_crossfit,B09_C0_PCA_Ridge,2.0,1,4.4257839623446635,2.7967240947477117,4,"{""model__alpha"": 100.0, ""pca__n_components"": 0.8}"
fold_municipality_grouped,4,level1_crossfit,B09_C0_PCA_Ridge,2.0,2,3.0912350989868056,1.558074614953026,1,"{""model__alpha"": 1000.0, ""pca__n_components"": 0.8}"
fold_municipality_grouped,4,level1_crossfit,B09_C0_PCA_Ridge,2.0,3,4.730505757912108,2.83484127306861,7,"{""model__alpha"": 10.0, ""pca__n_components"": 0.9}"
fold_municipality_grouped,4,level1_crossfit,B09_C0_PCA_Ridge,2.0,4,4.485389072386275,2.64043921538253,5,"{""model__alpha"": 100.0, ""pca__n_components"": 0.9}"
fold_municipality_grouped,4,level1_crossfit,B09_C0_PCA_Ridge,2.0,5,3.111696508493112,1.4840515794094324,2,"{""model__alpha"": 1000.0, ""pca__n_components"": 0.9}"
fold_municipality_grouped,4,level1_crossfit,B09_C0_PCA_Ridge,2.0,6,5.803063231286048,1.2925429854859223,9,"{""model__alpha"": 10.0, ""pca__n_components"": 0.95}"
fold_municipality_grouped,4,level1_crossfit,B09_C0_PCA_Ridge,2.0,7,5.352988498175673,1.3926039058931372,8,"{""model__alpha"": 100.0, ""pca__n_components"": 0.95}"
fold_municipality_grouped,4,level1_crossfit,B09_C0_PCA_Ridge,2.0,8,3.368705489371145,1.0947844554440387,3,"{""model__alpha"": 1000.0, ""pca__n_components"": 0.95}"
fold_municipality_grouped,4,level1_crossfit,B09_C0_PCA_Ridge,3.0,0,5.248584756035033,4.355676692877629,4,"{""model__alpha"": 10.0, ""pca__n_components"": 0.8}"
fold_municipality_grouped,4,level1_crossfit,B09_C0_PCA_Ridge,3.0,1,4.912554328693726,4.054483793091912,3,"{""model__alpha"": 100.0, ""pca__n_components"": 0.8}"
fold_municipality_grouped,4,level1_crossfit,B09_C0_PCA_Ridge,3.0,2,3.084716912395406,2.439824344452148,1,"{""model__alpha"": 1000.0, ""pca__n_components"": 0.8}"
fold_municipality_grouped,4,level1_crossfit,B09_C0_PCA_Ridge,3.0,3,7.568277735099125,6.640315796926506,6,"{""model__alpha"": 10.0, ""pca__n_components"": 0.9}"
fold_municipality_grouped,4,level1_crossfit,B09_C0_PCA_Ridge,3.0,4,6.994524135851357,6.105435004484349,5,"{""model__alpha"": 100.0, ""pca__n_components"": 0.9}"
fold_municipality_grouped,4,level1_crossfit,B09_C0_PCA_Ridge,3.0,5,4.11716227915058,3.458730232090726,2,"{""model__alpha"": 1000.0, ""pca__n_components"": 0.9}"
fold_municipality_grouped,4,level1_crossfit,B09_C0_PCA_Ridge,3.0,6,31.063281460775773,30.17840647989749,9,"{""model__alpha"": 10.0, ""pca__n_components"": 0.95}"
fold_municipality_grouped,4,level1_crossfit,B09_C0_PCA_Ridge,3.0,7,26.47533548025037,25.62261618270547,8,"{""model__alpha"": 100.0, ""pca__n_components"": 0.95}"
fold_municipality_grouped,4,level1_crossfit,B09_C0_PCA_Ridge,3.0,8,11.298118078696591,10.652826396501583,7,"{""model__alpha"": 1000.0, ""pca__n_components"": 0.95}"
fold_municipality_grouped,4,outer_refit,B09_C0_PCA_Ridge,,0,1.0010783976959174,0.42671380055714114,9,"{""model__alpha"": 10.0, ""pca__n_components"": 0.8}"
fold_municipality_grouped,4,outer_refit,B09_C0_PCA_Ridge,,1,0.9968531691934025,0.41954373494452096,8,"{""model__alpha"": 100.0, ""pca__n_components"": 0.8}"
fold_municipality_grouped,4,outer_refit,B09_C0_PCA_Ridge,,2,0.9864834631240132,0.3665299294689774,7,"{""model__alpha"": 1000.0, ""pca__n_components"": 0.8}"
fold_municipality_grouped,4,outer_refit,B09_C0_PCA_Ridge,,3,0.9484108650998179,0.40859810385672996,2,"{""model__alpha"": 10.0, ""pca__n_components"": 0.9}"
fold_municipality_grouped,4,outer_refit,B09_C0_PCA_Ridge,,4,0.9476146299974676,0.4046504582411401,1,"{""model__alpha"": 100.0, ""pca__n_components"": 0.9}"
fold_municipality_grouped,4,outer_refit,B09_C0_PCA_Ridge,,5,0.9593399310887726,0.36009141045448023,4,"{""model__alpha"": 1000.0, ""pca__n_components"": 0.9}"
fold_municipality_grouped,4,outer_refit,B09_C0_PCA_Ridge,,6,0.9726225086206197,0.40541398275782264,6,"{""model__alpha"": 10.0, ""pca__n_components"": 0.95}"
fold_municipality_grouped,4,outer_refit,B09_C0_PCA_Ridge,,7,0.9612714539932812,0.4095545827147005,5,"{""model__alpha"": 100.0, ""pca__n_components"": 0.95}"
fold_municipality_grouped,4,outer_refit,B09_C0_PCA_Ridge,,8,0.9546896842288511,0.3723776058786795,3,"{""model__alpha"": 1000.0, ""pca__n_components"": 0.95}"
fold_municipality_grouped,4,level1_crossfit,B10_C1_PCA_Ridge,1.0,0,1.5873754308836978,0.1640327909947824,9,"{""model__alpha"": 10.0, ""pca__n_components"": 0.8}"
fold_municipality_grouped,4,level1_crossfit,B10_C1_PCA_Ridge,1.0,1,1.5788416541070993,0.15541754161992316,8,"{""model__alpha"": 100.0, ""pca__n_components"": 0.8}"
fold_municipality_grouped,4,level1_crossfit,B10_C1_PCA_Ridge,1.0,2,1.5040641191047728,0.08220657799953102,3,"{""model__alpha"": 1000.0, ""pca__n_components"": 0.8}"
fold_municipality_grouped,4,level1_crossfit,B10_C1_PCA_Ridge,1.0,3,1.5475836425867366,0.18968786375841407,6,"{""model__alpha"": 10.0, ""pca__n_components"": 0.9}"
fold_municipality_grouped,4,level1_crossfit,B10_C1_PCA_Ridge,1.0,4,1.5486018997295368,0.1724036889752244,7,"{""model__alpha"": 100.0, ""pca__n_components"": 0.9}"
fold_municipality_grouped,4,level1_crossfit,B10_C1_PCA_Ridge,1.0,5,1.4949022468625248,0.0854423258482665,2,"{""model__alpha"": 1000.0, ""pca__n_components"": 0.9}"
fold_municipality_grouped,4,level1_crossfit,B10_C1_PCA_Ridge,1.0,6,1.5064472106687359,0.08354576229293731,4,"{""model__alpha"": 10.0, ""pca__n_components"": 0.95}"
fold_municipality_grouped,4,level1_crossfit,B10_C1_PCA_Ridge,1.0,7,1.520918288396595,0.11035189660754308,5,"{""model__alpha"": 100.0, ""pca__n_components"": 0.95}"
fold_municipality_grouped,4,level1_crossfit,B10_C1_PCA_Ridge,1.0,8,1.488517769090858,0.07299935484121556,1,"{""model__alpha"": 1000.0, ""pca__n_components"": 0.95}"
fold_municipality_grouped,4,level1_crossfit,B10_C1_PCA_Ridge,2.0,0,1.4480629748811795,0.29532303300976137,9,"{""model__alpha"": 10.0, ""pca__n_components"": 0.8}"
fold_municipality_grouped,4,level1_crossfit,B10_C1_PCA_Ridge,2.0,1,1.4407479347564094,0.2708607501857603,8,"{""model__alpha"": 100.0, ""pca__n_components"": 0.8}"
fold_municipality_grouped,4,level1_crossfit,B10_C1_PCA_Ridge,2.0,2,1.418854775591401,0.16631874892625598,5,"{""model__alpha"": 1000.0, ""pca__n_components"": 0.8}"
fold_municipality_grouped,4,level1_crossfit,B10_C1_PCA_Ridge,2.0,3,1.439329044945981,0.18624479786336867,7,"{""model__alpha"": 10.0, ""pca__n_components"": 0.9}"
fold_municipality_grouped,4,level1_crossfit,B10_C1_PCA_Ridge,2.0,4,1.4319237621821699,0.19243028158929132,6,"{""model__alpha"": 100.0, ""pca__n_components"": 0.9}"
fold_municipality_grouped,4,level1_crossfit,B10_C1_PCA_Ridge,2.0,5,1.4151343300022905,0.14570705763418101,4,"{""model__alpha"": 1000.0, ""pca__n_components"": 0.9}"
fold_municipality_grouped,4,level1_crossfit,B10_C1_PCA_Ridge,2.0,6,1.1394847470438134,0.16372240888537115,1,"{""model__alpha"": 10.0, ""pca__n_components"": 0.95}"
fold_municipality_grouped,4,level1_crossfit,B10_C1_PCA_Ridge,2.0,7,1.2430190658026596,0.024137583627795386,2,"{""model__alpha"": 100.0, ""pca__n_components"": 0.95}"
fold_municipality_grouped,4,level1_crossfit,B10_C1_PCA_Ridge,2.0,8,1.3760250058079304,0.10139381578057705,3,"{""model__alpha"": 1000.0, ""pca__n_components"": 0.95}"
fold_municipality_grouped,4,level1_crossfit,B10_C1_PCA_Ridge,3.0,0,0.8286971910303272,0.09590674330797011,8,"{""model__alpha"": 10.0, ""pca__n_components"": 0.8}"
fold_municipality_grouped,4,level1_crossfit,B10_C1_PCA_Ridge,3.0,1,0.7602716121178841,0.07393426202585307,6,"{""model__alpha"": 100.0, ""pca__n_components"": 0.8}"
fold_municipality_grouped,4,level1_crossfit,B10_C1_PCA_Ridge,3.0,2,0.5243353188589659,0.007656569908597477,3,"{""model__alpha"": 1000.0, ""pca__n_components"": 0.8}"
fold_municipality_grouped,4,level1_crossfit,B10_C1_PCA_Ridge,3.0,3,0.8192709583538814,0.1433719519856289,7,"{""model__alpha"": 10.0, ""pca__n_components"": 0.9}"
fold_municipality_grouped,4,level1_crossfit,B10_C1_PCA_Ridge,3.0,4,0.7543109154325978,0.10757763046659752,5,"{""model__alpha"": 100.0, ""pca__n_components"": 0.9}"
fold_municipality_grouped,4,level1_crossfit,B10_C1_PCA_Ridge,3.0,5,0.5234845314191126,0.0015275349476666644,2,"{""model__alpha"": 1000.0, ""pca__n_components"": 0.9}"
fold_municipality_grouped,4,level1_crossfit,B10_C1_PCA_Ridge,3.0,6,0.9378830963016446,0.10528518859145086,9,"{""model__alpha"": 10.0, ""pca__n_components"": 0.95}"
fold_municipality_grouped,4,level1_crossfit,B10_C1_PCA_Ridge,3.0,7,0.7395346063812407,0.16704813617186953,4,"{""model__alpha"": 100.0, ""pca__n_components"": 0.95}"
fold_municipality_grouped,4,level1_crossfit,B10_C1_PCA_Ridge,3.0,8,0.5053763994415895,0.023162081103456494,1,"{""model__alpha"": 1000.0, ""pca__n_components"": 0.95}"
fold_municipality_grouped,4,outer_refit,B10_C1_PCA_Ridge,,0,1.0181431264626786,0.27013138894366906,8,"{""model__alpha"": 10.0, ""pca__n_components"": 0.8}"
fold_municipality_grouped,4,outer_refit,B10_C1_PCA_Ridge,,1,1.0132199791839112,0.27782851553974514,7,"{""model__alpha"": 100.0, ""pca__n_components"": 0.8}"
fold_municipality_grouped,4,outer_refit,B10_C1_PCA_Ridge,,2,0.9993965768379818,0.29196981582678583,6,"{""model__alpha"": 1000.0, ""pca__n_components"": 0.8}"
fold_municipality_grouped,4,outer_refit,B10_C1_PCA_Ridge,,3,0.9566601849155839,0.349427820147973,2,"{""model__alpha"": 10.0, ""pca__n_components"": 0.9}"
fold_municipality_grouped,4,outer_refit,B10_C1_PCA_Ridge,,4,0.9508100287115467,0.35012068569476074,1,"{""model__alpha"": 100.0, ""pca__n_components"": 0.9}"
fold_municipality_grouped,4,outer_refit,B10_C1_PCA_Ridge,,5,0.9699820309622114,0.3208951235448543,4,"{""model__alpha"": 1000.0, ""pca__n_components"": 0.9}"
fold_municipality_grouped,4,outer_refit,B10_C1_PCA_Ridge,,6,1.0670948942314207,0.31183749052816806,9,"{""model__alpha"": 10.0, ""pca__n_components"": 0.95}"
fold_municipality_grouped,4,outer_refit,B10_C1_PCA_Ridge,,7,0.9882430625807176,0.35871270635024666,5,"{""model__alpha"": 100.0, ""pca__n_components"": 0.95}"
fold_municipality_grouped,4,outer_refit,B10_C1_PCA_Ridge,,8,0.966300227502825,0.333699374919804,3,"{""model__alpha"": 1000.0, ""pca__n_components"": 0.95}"
fold_municipality_grouped,5,level1_crossfit,B01_C0_PLS,1.0,0,2.8005732524512705,1.6143373335764999,1,"{""model__n_components"": 2}"
fold_municipality_grouped,5,level1_crossfit,B01_C0_PLS,1.0,1,11.44857066830493,7.603992408018977,2,"{""model__n_components"": 4}"
fold_municipality_grouped,5,level1_crossfit,B01_C0_PLS,1.0,2,27.819259942631223,24.40750569888559,5,"{""model__n_components"": 8}"
fold_municipality_grouped,5,level1_crossfit,B01_C0_PLS,1.0,3,26.925070173734206,23.635838051175334,4,"{""model__n_components"": 12}"
fold_municipality_grouped,5,level1_crossfit,B01_C0_PLS,1.0,4,26.821358692279965,23.510839750151387,3,"{""model__n_components"": 20}"
fold_municipality_grouped,5,level1_crossfit,B01_C0_PLS,2.0,0,2.0994238188752425,1.302945933404275,5,"{""model__n_components"": 2}"
fold_municipality_grouped,5,level1_crossfit,B01_C0_PLS,2.0,1,1.8885833769400957,1.132337596767358,1,"{""model__n_components"": 4}"
fold_municipality_grouped,5,level1_crossfit,B01_C0_PLS,2.0,2,1.9423055126853068,0.8213133469575634,2,"{""model__n_components"": 8}"
fold_municipality_grouped,5,level1_crossfit,B01_C0_PLS,2.0,3,2.000864544627761,0.7003136007198671,3,"{""model__n_components"": 12}"
fold_municipality_grouped,5,level1_crossfit,B01_C0_PLS,2.0,4,2.0287230789407156,0.6832521596690768,4,"{""model__n_components"": 20}"
fold_municipality_grouped,5,level1_crossfit,B01_C0_PLS,3.0,0,1.2610051522339887,0.43616128705359974,1,"{""model__n_components"": 2}"
fold_municipality_grouped,5,level1_crossfit,B01_C0_PLS,3.0,1,1.805962102003845,1.3931485959490866,2,"{""model__n_components"": 4}"
fold_municipality_grouped,5,level1_crossfit,B01_C0_PLS,3.0,2,4.107942018197714,3.486363007199999,5,"{""model__n_components"": 8}"
fold_municipality_grouped,5,level1_crossfit,B01_C0_PLS,3.0,3,3.983777803614423,3.3854349508405766,4,"{""model__n_components"": 12}"
fold_municipality_grouped,5,level1_crossfit,B01_C0_PLS,3.0,4,3.9640099448892165,3.3732311809248934,3,"{""model__n_components"": 20}"
fold_municipality_grouped,5,outer_refit,B01_C0_PLS,,0,0.9334437592502526,0.20186849293468834,1,"{""model__n_components"": 2}"
fold_municipality_grouped,5,outer_refit,B01_C0_PLS,,1,0.9503678166185859,0.0947170095130959,2,"{""model__n_components"": 4}"
fold_municipality_grouped,5,outer_refit,B01_C0_PLS,,2,0.9520202736404935,0.022742166069570923,3,"{""model__n_components"": 8}"
fold_municipality_grouped,5,outer_refit,B01_C0_PLS,,3,1.0532153192047002,0.12244431838857446,4,"{""model__n_components"": 12}"
fold_municipality_grouped,5,outer_refit,B01_C0_PLS,,4,1.072554348163453,0.15358549083782363,5,"{""model__n_components"": 20}"
fold_municipality_grouped,5,level1_crossfit,B02_C3_Ridge,1.0,0,21.094969086946538,18.971090142488503,6,"{""model__alpha"": 0.1}"
fold_municipality_grouped,5,level1_crossfit,B02_C3_Ridge,1.0,1,21.02257714252305,18.897526722107177,5,"{""model__alpha"": 1.0}"
fold_municipality_grouped,5,level1_crossfit,B02_C3_Ridge,1.0,2,20.321485575916054,18.185500162728776,4,"{""model__alpha"": 10.0}"
fold_municipality_grouped,5,level1_crossfit,B02_C3_Ridge,1.0,3,15.047926926092886,12.855761135531056,3,"{""model__alpha"": 100.0}"
fold_municipality_grouped,5,level1_crossfit,B02_C3_Ridge,1.0,4,3.3048683235438636,1.3755057986718728,2,"{""model__alpha"": 1000.0}"
fold_municipality_grouped,5,level1_crossfit,B02_C3_Ridge,1.0,5,0.8407858834787497,0.1580557687694062,1,"{""model__alpha"": 10000.0}"
fold_municipality_grouped,5,level1_crossfit,B02_C3_Ridge,2.0,0,5571.4578025467035,5569.990465409993,6,"{""model__alpha"": 0.1}"
fold_municipality_grouped,5,level1_crossfit,B02_C3_Ridge,2.0,1,5565.850974540058,5564.388112408915,5,"{""model__alpha"": 1.0}"
fold_municipality_grouped,5,level1_crossfit,B02_C3_Ridge,2.0,2,5511.064095999688,5509.642759559264,4,"{""model__alpha"": 10.0}"
fold_municipality_grouped,5,level1_crossfit,B02_C3_Ridge,2.0,3,5064.459364793213,5063.2810872243535,3,"{""model__alpha"": 100.0}"
fold_municipality_grouped,5,level1_crossfit,B02_C3_Ridge,2.0,4,3487.10370765161,3486.225669716147,2,"{""model__alpha"": 1000.0}"
fold_municipality_grouped,5,level1_crossfit,B02_C3_Ridge,2.0,5,1495.0774743818956,1494.1057794165022,1,"{""model__alpha"": 10000.0}"
fold_municipality_grouped,5,level1_crossfit,B02_C3_Ridge,3.0,0,3.426168452392617,2.5271471086703046,6,"{""model__alpha"": 0.1}"
fold_municipality_grouped,5,level1_crossfit,B02_C3_Ridge,3.0,1,3.416092254760014,2.516931289818967,5,"{""model__alpha"": 1.0}"
fold_municipality_grouped,5,level1_crossfit,B02_C3_Ridge,3.0,2,3.3183714444818566,2.4186090432847127,4,"{""model__alpha"": 10.0}"
fold_municipality_grouped,5,level1_crossfit,B02_C3_Ridge,3.0,3,2.585245458595259,1.7129192290541744,3,"{""model__alpha"": 100.0}"
fold_municipality_grouped,5,level1_crossfit,B02_C3_Ridge,3.0,4,1.324755313495409,0.49990737844244393,1,"{""model__alpha"": 1000.0}"
fold_municipality_grouped,5,level1_crossfit,B02_C3_Ridge,3.0,5,1.392930579124561,0.22639243027291178,2,"{""model__alpha"": 10000.0}"
fold_municipality_grouped,5,outer_refit,B02_C3_Ridge,,0,1.086933069128861,0.09053655421882288,6,"{""model__alpha"": 0.1}"
fold_municipality_grouped,5,outer_refit,B02_C3_Ridge,,1,1.0847020926986997,0.0884393180245188,5,"{""model__alpha"": 1.0}"
fold_municipality_grouped,5,outer_refit,B02_C3_Ridge,,2,1.0650478223030435,0.06969864301744878,4,"{""model__alpha"": 10.0}"
fold_municipality_grouped,5,outer_refit,B02_C3_Ridge,,3,0.978609978980864,0.032370136266604455,2,"{""model__alpha"": 100.0}"
fold_municipality_grouped,5,outer_refit,B02_C3_Ridge,,4,0.9265503293959688,0.15731964349847755,1,"{""model__alpha"": 1000.0}"
fold_municipality_grouped,5,outer_refit,B02_C3_Ridge,,5,0.9831939507369926,0.20645311488178333,3,"{""model__alpha"": 10000.0}"
fold_municipality_grouped,5,level1_crossfit,B03_C1_CatBoost,1.0,0,0.8272010310530612,0.2233487028738962,3,"{""model__depth"": 4, ""model__l2_leaf_reg"": 3.0, ""model__learning_rate"": 0.03}"
fold_municipality_grouped,5,level1_crossfit,B03_C1_CatBoost,1.0,1,0.8143122539020183,0.24094462435092046,1,"{""model__depth"": 4, ""model__l2_leaf_reg"": 6.0, ""model__learning_rate"": 0.06}"
fold_municipality_grouped,5,level1_crossfit,B03_C1_CatBoost,1.0,2,0.8284537793521036,0.1989504962588986,4,"{""model__depth"": 5, ""model__l2_leaf_reg"": 10.0, ""model__learning_rate"": 0.03}"
fold_municipality_grouped,5,level1_crossfit,B03_C1_CatBoost,1.0,3,0.82610158363257,0.21413188468677388,2,"{""model__depth"": 5, ""model__l2_leaf_reg"": 3.0, ""model__learning_rate"": 0.06}"
fold_municipality_grouped,5,level1_crossfit,B03_C1_CatBoost,1.0,4,0.8609130482066396,0.16806890973324468,6,"{""model__depth"": 6, ""model__l2_leaf_reg"": 6.0, ""model__learning_rate"": 0.03}"
fold_municipality_grouped,5,level1_crossfit,B03_C1_CatBoost,1.0,5,0.8596466317228407,0.16378069721187838,5,"{""model__depth"": 6, ""model__l2_leaf_reg"": 10.0, ""model__learning_rate"": 0.06}"
fold_municipality_grouped,5,level1_crossfit,B03_C1_CatBoost,2.0,0,1.0604428987959542,0.030139176660790246,5,"{""model__depth"": 4, ""model__l2_leaf_reg"": 3.0, ""model__learning_rate"": 0.03}"
fold_municipality_grouped,5,level1_crossfit,B03_C1_CatBoost,2.0,1,1.0611313492626455,0.053074873767474995,6,"{""model__depth"": 4, ""model__l2_leaf_reg"": 6.0, ""model__learning_rate"": 0.06}"
fold_municipality_grouped,5,level1_crossfit,B03_C1_CatBoost,2.0,2,1.0387952630813364,0.06521403243098639,2,"{""model__depth"": 5, ""model__l2_leaf_reg"": 10.0, ""model__learning_rate"": 0.03}"
fold_municipality_grouped,5,level1_crossfit,B03_C1_CatBoost,2.0,3,1.0314725582713253,0.07125946406619793,1,"{""model__depth"": 5, ""model__l2_leaf_reg"": 3.0, ""model__learning_rate"": 0.06}"
fold_municipality_grouped,5,level1_crossfit,B03_C1_CatBoost,2.0,4,1.0479828452089694,0.0542275786701944,3,"{""model__depth"": 6, ""model__l2_leaf_reg"": 6.0, ""model__learning_rate"": 0.03}"
fold_municipality_grouped,5,level1_crossfit,B03_C1_CatBoost,2.0,5,1.0523906128040879,0.04074494605841317,4,"{""model__depth"": 6, ""model__l2_leaf_reg"": 10.0, ""model__learning_rate"": 0.06}"
fold_municipality_grouped,5,level1_crossfit,B03_C1_CatBoost,3.0,0,1.4176624980366133,0.25494496894305574,2,"{""model__depth"": 4, ""model__l2_leaf_reg"": 3.0, ""model__learning_rate"": 0.03}"
fold_municipality_grouped,5,level1_crossfit,B03_C1_CatBoost,3.0,1,1.4316340405788808,0.23381106496467363,3,"{""model__depth"": 4, ""model__l2_leaf_reg"": 6.0, ""model__learning_rate"": 0.06}"
fold_municipality_grouped,5,level1_crossfit,B03_C1_CatBoost,3.0,2,1.4507829518036992,0.18560058201478236,5,"{""model__depth"": 5, ""model__l2_leaf_reg"": 10.0, ""model__learning_rate"": 0.03}"
fold_municipality_grouped,5,level1_crossfit,B03_C1_CatBoost,3.0,3,1.4112207604397442,0.2382601293347819,1,"{""model__depth"": 5, ""model__l2_leaf_reg"": 3.0, ""model__learning_rate"": 0.06}"
fold_municipality_grouped,5,level1_crossfit,B03_C1_CatBoost,3.0,4,1.4511585187286822,0.18284349444710513,6,"{""model__depth"": 6, ""model__l2_leaf_reg"": 6.0, ""model__learning_rate"": 0.03}"
fold_municipality_grouped,5,level1_crossfit,B03_C1_CatBoost,3.0,5,1.449062030328883,0.18453004090855407,4,"{""model__depth"": 6, ""model__l2_leaf_reg"": 10.0, ""model__learning_rate"": 0.06}"
fold_municipality_grouped,5,outer_refit,B03_C1_CatBoost,,0,0.9219438703770414,0.10855497587774654,1,"{""model__depth"": 4, ""model__l2_leaf_reg"": 3.0, ""model__learning_rate"": 0.03}"
fold_municipality_grouped,5,outer_refit,B03_C1_CatBoost,,1,0.9383459682407818,0.10616388027464803,2,"{""model__depth"": 4, ""model__l2_leaf_reg"": 6.0, ""model__learning_rate"": 0.06}"
fold_municipality_grouped,5,outer_refit,B03_C1_CatBoost,,2,0.9735873383011272,0.15400023654674075,3,"{""model__depth"": 5, ""model__l2_leaf_reg"": 10.0, ""model__learning_rate"": 0.03}"
fold_municipality_grouped,5,outer_refit,B03_C1_CatBoost,,3,0.9820242975051287,0.14642100460304625,4,"{""model__depth"": 5, ""model__l2_leaf_reg"": 3.0, ""model__learning_rate"": 0.06}"
fold_municipality_grouped,5,outer_refit,B03_C1_CatBoost,,4,0.9911381153018507,0.14515583372902352,6,"{""model__depth"": 6, ""model__l2_leaf_reg"": 6.0, ""model__learning_rate"": 0.03}"
fold_municipality_grouped,5,outer_refit,B03_C1_CatBoost,,5,0.9854651869493821,0.1382617534408259,5,"{""model__depth"": 6, ""model__l2_leaf_reg"": 10.0, ""model__learning_rate"": 0.06}"
fold_municipality_grouped,5,level1_crossfit,B04_C0_Ridge,1.0,0,26.809802171818937,23.49904864645677,6,"{""model__alpha"": 0.1}"
fold_municipality_grouped,5,level1_crossfit,B04_C0_Ridge,1.0,1,26.70613449002172,23.393157341760038,5,"{""model__alpha"": 1.0}"
fold_municipality_grouped,5,level1_crossfit,B04_C0_Ridge,1.0,2,25.707500897132654,22.37416199373685,4,"{""model__alpha"": 10.0}"
fold_municipality_grouped,5,level1_crossfit,B04_C0_Ridge,1.0,3,18.498856686123695,15.080246326891427,3,"{""model__alpha"": 100.0}"
fold_municipality_grouped,5,level1_crossfit,B04_C0_Ridge,1.0,4,4.179099825549745,1.3603277516428511,2,"{""model__alpha"": 1000.0}"
fold_municipality_grouped,5,level1_crossfit,B04_C0_Ridge,1.0,5,0.8998875068236459,0.07227210416366914,1,"{""model__alpha"": 10000.0}"
fold_municipality_grouped,5,level1_crossfit,B04_C0_Ridge,2.0,0,2.0285044039784443,0.6836320256095312,6,"{""model__alpha"": 0.1}"
fold_municipality_grouped,5,level1_crossfit,B04_C0_Ridge,2.0,1,2.0266944245907474,0.6869441213482651,5,"{""model__alpha"": 1.0}"
fold_municipality_grouped,5,level1_crossfit,B04_C0_Ridge,2.0,2,2.0104497954574887,0.7171178651910834,4,"{""model__alpha"": 10.0}"
fold_municipality_grouped,5,level1_crossfit,B04_C0_Ridge,2.0,3,1.9281120681247264,0.8692923535384361,3,"{""model__alpha"": 100.0}"
fold_municipality_grouped,5,level1_crossfit,B04_C0_Ridge,2.0,4,1.7222494158357557,0.8504457085357653,2,"{""model__alpha"": 1000.0}"
fold_municipality_grouped,5,level1_crossfit,B04_C0_Ridge,2.0,5,1.3098383471275086,0.3064617458939076,1,"{""model__alpha"": 10000.0}"
fold_municipality_grouped,5,level1_crossfit,B04_C0_Ridge,3.0,0,3.9634038957311493,3.3705260129826433,6,"{""model__alpha"": 0.1}"
fold_municipality_grouped,5,level1_crossfit,B04_C0_Ridge,3.0,1,3.9483903034390857,3.355813704940232,5,"{""model__alpha"": 1.0}"
fold_municipality_grouped,5,level1_crossfit,B04_C0_Ridge,3.0,2,3.8052795259465144,3.2130951498827347,4,"{""model__alpha"": 10.0}"
fold_municipality_grouped,5,level1_crossfit,B04_C0_Ridge,3.0,3,2.813980491832461,2.1783716791185466,3,"{""model__alpha"": 100.0}"
fold_municipality_grouped,5,level1_crossfit,B04_C0_Ridge,3.0,4,1.2922409581424943,0.4559700198251063,1,"{""model__alpha"": 1000.0}"
fold_municipality_grouped,5,level1_crossfit,B04_C0_Ridge,3.0,5,1.421522261559595,0.17094470282430896,2,"{""model__alpha"": 10000.0}"
fold_municipality_grouped,5,outer_refit,B04_C0_Ridge,,0,1.080551545253372,0.16008452697586031,6,"{""model__alpha"": 0.1}"
fold_municipality_grouped,5,outer_refit,B04_C0_Ridge,,1,1.0779740702925438,0.15740487398619396,5,"{""model__alpha"": 1.0}"
fold_municipality_grouped,5,outer_refit,B04_C0_Ridge,,2,1.0561791581237694,0.1345254601339768,4,"{""model__alpha"": 10.0}"
fold_municipality_grouped,5,outer_refit,B04_C0_Ridge,,3,0.9756113156141165,0.06599251641071462,2,"{""model__alpha"": 100.0}"
fold_municipality_grouped,5,outer_refit,B04_C0_Ridge,,4,0.9435048630814076,0.1520098829626989,1,"{""model__alpha"": 1000.0}"
fold_municipality_grouped,5,outer_refit,B04_C0_Ridge,,5,1.0127818635219599,0.2065803059698171,3,"{""model__alpha"": 10000.0}"
fold_municipality_grouped,5,level1_crossfit,B05_C3_PLS,1.0,0,2.1813701682967612,0.599348157511206,1,"{""model__n_components"": 2}"
fold_municipality_grouped,5,level1_crossfit,B05_C3_PLS,1.0,1,9.794646571267641,7.305273978989132,2,"{""model__n_components"": 4}"
fold_municipality_grouped,5,level1_crossfit,B05_C3_PLS,1.0,2,20.849428371318762,18.663820953390015,3,"{""model__n_components"": 8}"
fold_municipality_grouped,5,level1_crossfit,B05_C3_PLS,1.0,3,21.44513443594634,19.339152408729706,5,"{""model__n_components"": 12}"
fold_municipality_grouped,5,level1_crossfit,B05_C3_PLS,1.0,4,21.103644193323895,18.979888129426186,4,"{""model__n_components"": 20}"
fold_municipality_grouped,5,level1_crossfit,B05_C3_PLS,2.0,0,4231.552093634797,4230.763724082752,1,"{""model__n_components"": 2}"
fold_municipality_grouped,5,level1_crossfit,B05_C3_PLS,2.0,1,4459.411879597791,4458.670038952718,2,"{""model__n_components"": 4}"
fold_municipality_grouped,5,level1_crossfit,B05_C3_PLS,2.0,2,5678.293587589537,5677.057690508301,5,"{""model__n_components"": 8}"
fold_municipality_grouped,5,level1_crossfit,B05_C3_PLS,2.0,3,5594.524291985444,5593.044202915432,4,"{""model__n_components"": 12}"
fold_municipality_grouped,5,level1_crossfit,B05_C3_PLS,2.0,4,5572.072564245633,5570.600836783736,3,"{""model__n_components"": 20}"
fold_municipality_grouped,5,level1_crossfit,B05_C3_PLS,3.0,0,1.367904010365937,0.6110537900207192,1,"{""model__n_components"": 2}"
fold_municipality_grouped,5,level1_crossfit,B05_C3_PLS,3.0,1,1.7597343922946422,1.3054075855374745,2,"{""model__n_components"": 4}"
fold_municipality_grouped,5,level1_crossfit,B05_C3_PLS,3.0,2,3.3471103040249575,2.503773329266981,3,"{""model__n_components"": 8}"
fold_municipality_grouped,5,level1_crossfit,B05_C3_PLS,3.0,3,3.555173222994579,2.494660062842249,5,"{""model__n_components"": 12}"
fold_municipality_grouped,5,level1_crossfit,B05_C3_PLS,3.0,4,3.431321705905957,2.5244120628857365,4,"{""model__n_components"": 20}"
fold_municipality_grouped,5,outer_refit,B05_C3_PLS,,0,0.9286044185992458,0.21459250378921915,2,"{""model__n_components"": 2}"
fold_municipality_grouped,5,outer_refit,B05_C3_PLS,,1,0.9411751184300042,0.12271170891536475,3,"{""model__n_components"": 4}"
fold_municipality_grouped,5,outer_refit,B05_C3_PLS,,2,0.9093962299092935,0.07630381108729171,1,"{""model__n_components"": 8}"
fold_municipality_grouped,5,outer_refit,B05_C3_PLS,,3,1.0363006296022357,0.06319789928017158,4,"{""model__n_components"": 12}"
fold_municipality_grouped,5,outer_refit,B05_C3_PLS,,4,1.0931338364912888,0.09481017359577469,5,"{""model__n_components"": 20}"
fold_municipality_grouped,5,level1_crossfit,B06_C2_PLS,1.0,0,2.3815445200718814,0.010990729303185454,1,"{""model__n_components"": 2}"
fold_municipality_grouped,5,level1_crossfit,B06_C2_PLS,1.0,1,4.080307639045708,1.9277019042033048,2,"{""model__n_components"": 4}"
fold_municipality_grouped,5,level1_crossfit,B06_C2_PLS,1.0,2,10.649807081734679,8.813248975969792,5,"{""model__n_components"": 8}"
fold_municipality_grouped,5,level1_crossfit,B06_C2_PLS,1.0,3,10.614829774215751,8.725908307027575,4,"{""model__n_components"": 12}"
fold_municipality_grouped,5,level1_crossfit,B06_C2_PLS,1.0,4,10.183743054025822,8.28643762836239,3,"{""model__n_components"": 20}"
fold_municipality_grouped,5,level1_crossfit,B06_C2_PLS,2.0,0,3651.3215208587717,3650.4866750658966,1,"{""model__n_components"": 2}"
fold_municipality_grouped,5,level1_crossfit,B06_C2_PLS,2.0,1,3670.8184042972252,3669.9647072881553,2,"{""model__n_components"": 4}"
fold_municipality_grouped,5,level1_crossfit,B06_C2_PLS,2.0,2,4401.730578797756,4400.461055688315,5,"{""model__n_components"": 8}"
fold_municipality_grouped,5,level1_crossfit,B06_C2_PLS,2.0,3,4313.699864239734,4312.208852691912,4,"{""model__n_components"": 12}"
fold_municipality_grouped,5,level1_crossfit,B06_C2_PLS,2.0,4,4311.907170864345,4310.454609027675,3,"{""model__n_components"": 20}"
fold_municipality_grouped,5,level1_crossfit,B06_C2_PLS,3.0,0,1.402737862086924,0.5964072280734908,2,"{""model__n_components"": 2}"
fold_municipality_grouped,5,level1_crossfit,B06_C2_PLS,3.0,1,1.3254735344100288,0.7917861449422801,1,"{""model__n_components"": 4}"
fold_municipality_grouped,5,level1_crossfit,B06_C2_PLS,3.0,2,2.0303483483036353,1.2730963821121948,3,"{""model__n_components"": 8}"
fold_municipality_grouped,5,level1_crossfit,B06_C2_PLS,3.0,3,2.121514408951792,1.2250283867000726,5,"{""model__n_components"": 12}"
fold_municipality_grouped,5,level1_crossfit,B06_C2_PLS,3.0,4,2.0318759202595604,1.2244261436000776,4,"{""model__n_components"": 20}"
fold_municipality_grouped,5,outer_refit,B06_C2_PLS,,0,0.9405232720422053,0.21168464275410584,1,"{""model__n_components"": 2}"
fold_municipality_grouped,5,outer_refit,B06_C2_PLS,,1,0.9604847524460457,0.08163558294646024,2,"{""model__n_components"": 4}"
fold_municipality_grouped,5,outer_refit,B06_C2_PLS,,2,0.9867705626582969,0.06503043401203458,3,"{""model__n_components"": 8}"
fold_municipality_grouped,5,outer_refit,B06_C2_PLS,,3,1.048213179076037,0.09009310508107561,4,"{""model__n_components"": 12}"
fold_municipality_grouped,5,outer_refit,B06_C2_PLS,,4,1.0528805675407644,0.09743047736754139,5,"{""model__n_components"": 20}"
fold_municipality_grouped,5,level1_crossfit,B07_C1_ExtraTrees,1.0,0,0.8388580245220112,0.14932596269524429,1,"{""model__max_features"": ""sqrt"", ""model__min_samples_leaf"": 2}"
fold_municipality_grouped,5,level1_crossfit,B07_C1_ExtraTrees,1.0,1,0.8510170510860688,0.14089740830235714,4,"{""model__max_features"": ""sqrt"", ""model__min_samples_leaf"": 3}"
fold_municipality_grouped,5,level1_crossfit,B07_C1_ExtraTrees,1.0,2,0.8787688142239874,0.12935372778901388,6,"{""model__max_features"": ""sqrt"", ""model__min_samples_leaf"": 5}"
fold_municipality_grouped,5,level1_crossfit,B07_C1_ExtraTrees,1.0,3,0.8420000110745746,0.15074045491464905,2,"{""model__max_features"": 0.3, ""model__min_samples_leaf"": 2}"
fold_municipality_grouped,5,level1_crossfit,B07_C1_ExtraTrees,1.0,4,0.8473624404134261,0.1619107702550962,3,"{""model__max_features"": 0.3, ""model__min_samples_leaf"": 3}"
fold_municipality_grouped,5,level1_crossfit,B07_C1_ExtraTrees,1.0,5,0.8727945643076973,0.13328000223200154,5,"{""model__max_features"": 0.3, ""model__min_samples_leaf"": 5}"
fold_municipality_grouped,5,level1_crossfit,B07_C1_ExtraTrees,2.0,0,1.0073510730028652,0.0950586352520772,4,"{""model__max_features"": ""sqrt"", ""model__min_samples_leaf"": 2}"
fold_municipality_grouped,5,level1_crossfit,B07_C1_ExtraTrees,2.0,1,1.0099115688551272,0.1001337169244022,5,"{""model__max_features"": ""sqrt"", ""model__min_samples_leaf"": 3}"
fold_municipality_grouped,5,level1_crossfit,B07_C1_ExtraTrees,2.0,2,1.0103202149628872,0.09100239121665477,6,"{""model__max_features"": ""sqrt"", ""model__min_samples_leaf"": 5}"
fold_municipality_grouped,5,level1_crossfit,B07_C1_ExtraTrees,2.0,3,0.9575153450544281,0.1567234119582005,1,"{""model__max_features"": 0.3, ""model__min_samples_leaf"": 2}"
fold_municipality_grouped,5,level1_crossfit,B07_C1_ExtraTrees,2.0,4,0.9622065644160219,0.1608269838421884,2,"{""model__max_features"": 0.3, ""model__min_samples_leaf"": 3}"
fold_municipality_grouped,5,level1_crossfit,B07_C1_ExtraTrees,2.0,5,0.9632185801088569,0.17570374072781675,3,"{""model__max_features"": 0.3, ""model__min_samples_leaf"": 5}"
fold_municipality_grouped,5,level1_crossfit,B07_C1_ExtraTrees,3.0,0,1.539248006167223,0.09813192808941418,3,"{""model__max_features"": ""sqrt"", ""model__min_samples_leaf"": 2}"
fold_municipality_grouped,5,level1_crossfit,B07_C1_ExtraTrees,3.0,1,1.5338366891600634,0.08706148779048606,2,"{""model__max_features"": ""sqrt"", ""model__min_samples_leaf"": 3}"
fold_municipality_grouped,5,level1_crossfit,B07_C1_ExtraTrees,3.0,2,1.5315469740475551,0.0808281491974201,1,"{""model__max_features"": ""sqrt"", ""model__min_samples_leaf"": 5}"
fold_municipality_grouped,5,level1_crossfit,B07_C1_ExtraTrees,3.0,3,1.5557502699004253,0.11600565765991622,6,"{""model__max_features"": 0.3, ""model__min_samples_leaf"": 2}"
fold_municipality_grouped,5,level1_crossfit,B07_C1_ExtraTrees,3.0,4,1.5541943268300602,0.10454116171476435,5,"{""model__max_features"": 0.3, ""model__min_samples_leaf"": 3}"
fold_municipality_grouped,5,level1_crossfit,B07_C1_ExtraTrees,3.0,5,1.5507088025250142,0.09152223469926868,4,"{""model__max_features"": 0.3, ""model__min_samples_leaf"": 5}"
fold_municipality_grouped,5,outer_refit,B07_C1_ExtraTrees,,0,0.9944206421665417,0.09433407363389548,1,"{""model__max_features"": ""sqrt"", ""model__min_samples_leaf"": 2}"
fold_municipality_grouped,5,outer_refit,B07_C1_ExtraTrees,,1,0.998026105791337,0.08021205190216257,2,"{""model__max_features"": ""sqrt"", ""model__min_samples_leaf"": 3}"
fold_municipality_grouped,5,outer_refit,B07_C1_ExtraTrees,,2,1.0309257327779577,0.07724032476272195,5,"{""model__max_features"": ""sqrt"", ""model__min_samples_leaf"": 5}"
fold_municipality_grouped,5,outer_refit,B07_C1_ExtraTrees,,3,1.013714349280981,0.08402561607933771,3,"{""model__max_features"": 0.3, ""model__min_samples_leaf"": 2}"
fold_municipality_grouped,5,outer_refit,B07_C1_ExtraTrees,,4,1.0234170161836242,0.09155127931959346,4,"{""model__max_features"": 0.3, ""model__min_samples_leaf"": 3}"
fold_municipality_grouped,5,outer_refit,B07_C1_ExtraTrees,,5,1.06386215796815,0.06732690007615827,6,"{""model__max_features"": 0.3, ""model__min_samples_leaf"": 5}"
fold_municipality_grouped,5,level1_crossfit,B08_C1_PLS,1.0,0,0.9449374768078216,0.277226230155534,3,"{""model__n_components"": 2}"
fold_municipality_grouped,5,level1_crossfit,B08_C1_PLS,1.0,1,0.7099347285201294,0.0344743002303321,1,"{""model__n_components"": 4}"
fold_municipality_grouped,5,level1_crossfit,B08_C1_PLS,1.0,2,0.8277673240468117,0.047186596417345184,2,"{""model__n_components"": 8}"
fold_municipality_grouped,5,level1_crossfit,B08_C1_PLS,1.0,3,1.1503835538573126,0.4006418473218383,4,"{""model__n_components"": 12}"
fold_municipality_grouped,5,level1_crossfit,B08_C1_PLS,1.0,4,1.205945593858413,0.46582879149079226,5,"{""model__n_components"": 20}"
fold_municipality_grouped,5,level1_crossfit,B08_C1_PLS,2.0,0,0.9517958956082456,0.012982620672468803,1,"{""model__n_components"": 2}"
fold_municipality_grouped,5,level1_crossfit,B08_C1_PLS,2.0,1,1.000572537245402,0.06426156383472226,2,"{""model__n_components"": 4}"
fold_municipality_grouped,5,level1_crossfit,B08_C1_PLS,2.0,2,2.086869863255485,1.1776187709090256,3,"{""model__n_components"": 8}"
fold_municipality_grouped,5,level1_crossfit,B08_C1_PLS,2.0,3,3.2474102155645146,2.266859608942736,4,"{""model__n_components"": 12}"
fold_municipality_grouped,5,level1_crossfit,B08_C1_PLS,2.0,4,3.7665103229309915,2.781401099312128,5,"{""model__n_components"": 20}"
fold_municipality_grouped,5,level1_crossfit,B08_C1_PLS,3.0,0,1.4121791491295344,0.7330140023694687,2,"{""model__n_components"": 2}"
fold_municipality_grouped,5,level1_crossfit,B08_C1_PLS,3.0,1,1.1893335353596146,0.595719293339377,1,"{""model__n_components"": 4}"
fold_municipality_grouped,5,level1_crossfit,B08_C1_PLS,3.0,2,3.075860542521619,0.30297546925659713,3,"{""model__n_components"": 8}"
fold_municipality_grouped,5,level1_crossfit,B08_C1_PLS,3.0,3,3.7725581380316653,0.22688921430805387,4,"{""model__n_components"": 12}"
fold_municipality_grouped,5,level1_crossfit,B08_C1_PLS,3.0,4,4.5680696004116115,0.30537673765693985,5,"{""model__n_components"": 20}"
fold_municipality_grouped,5,outer_refit,B08_C1_PLS,,0,0.9352013015195482,0.12333473574731818,2,"{""model__n_components"": 2}"
fold_municipality_grouped,5,outer_refit,B08_C1_PLS,,1,0.8959966796516543,0.16071017460870407,1,"{""model__n_components"": 4}"
fold_municipality_grouped,5,outer_refit,B08_C1_PLS,,2,1.1849275452656338,0.13937858682711515,3,"{""model__n_components"": 8}"
fold_municipality_grouped,5,outer_refit,B08_C1_PLS,,3,1.3703223686618038,0.1978511721167667,4,"{""model__n_components"": 12}"
fold_municipality_grouped,5,outer_refit,B08_C1_PLS,,4,1.8000846435216509,0.4123820408145499,5,"{""model__n_components"": 20}"
fold_municipality_grouped,5,level1_crossfit,B09_C0_PCA_Ridge,1.0,0,7.258143943531399,2.8563168324397323,4,"{""model__alpha"": 10.0, ""pca__n_components"": 0.8}"
fold_municipality_grouped,5,level1_crossfit,B09_C0_PCA_Ridge,1.0,1,6.865561074932957,2.6417560095403583,3,"{""model__alpha"": 100.0, ""pca__n_components"": 0.8}"
fold_municipality_grouped,5,level1_crossfit,B09_C0_PCA_Ridge,1.0,2,4.5341112822676735,1.4346606956134365,1,"{""model__alpha"": 1000.0, ""pca__n_components"": 0.8}"
fold_municipality_grouped,5,level1_crossfit,B09_C0_PCA_Ridge,1.0,3,12.225979715990748,8.406027358829293,7,"{""model__alpha"": 10.0, ""pca__n_components"": 0.9}"
fold_municipality_grouped,5,level1_crossfit,B09_C0_PCA_Ridge,1.0,4,11.256120007947501,7.551820307716409,6,"{""model__alpha"": 100.0, ""pca__n_components"": 0.9}"
fold_municipality_grouped,5,level1_crossfit,B09_C0_PCA_Ridge,1.0,5,6.56489123478296,3.714696813374704,2,"{""model__alpha"": 1000.0, ""pca__n_components"": 0.9}"
fold_municipality_grouped,5,level1_crossfit,B09_C0_PCA_Ridge,1.0,6,17.00120709550906,12.742100564397782,9,"{""model__alpha"": 10.0, ""pca__n_components"": 0.95}"
fold_municipality_grouped,5,level1_crossfit,B09_C0_PCA_Ridge,1.0,7,15.039033963103961,10.974108007531143,8,"{""model__alpha"": 100.0, ""pca__n_components"": 0.95}"
fold_municipality_grouped,5,level1_crossfit,B09_C0_PCA_Ridge,1.0,8,7.74607078057384,4.766772444916461,5,"{""model__alpha"": 1000.0, ""pca__n_components"": 0.95}"
fold_municipality_grouped,5,level1_crossfit,B09_C0_PCA_Ridge,2.0,0,2.0759957451849718,1.3145660228837457,9,"{""model__alpha"": 10.0, ""pca__n_components"": 0.8}"
fold_municipality_grouped,5,level1_crossfit,B09_C0_PCA_Ridge,2.0,1,2.037294622932309,1.266863053795452,8,"{""model__alpha"": 100.0, ""pca__n_components"": 0.8}"
fold_municipality_grouped,5,level1_crossfit,B09_C0_PCA_Ridge,2.0,2,1.7952340889248903,0.9588632100261981,3,"{""model__alpha"": 1000.0, ""pca__n_components"": 0.8}"
fold_municipality_grouped,5,level1_crossfit,B09_C0_PCA_Ridge,2.0,3,1.874570743225692,1.13254046619162,5,"{""model__alpha"": 10.0, ""pca__n_components"": 0.9}"
fold_municipality_grouped,5,level1_crossfit,B09_C0_PCA_Ridge,2.0,4,1.8558542030012652,1.1071437848079695,4,"{""model__alpha"": 100.0, ""pca__n_components"": 0.9}"
fold_municipality_grouped,5,level1_crossfit,B09_C0_PCA_Ridge,2.0,5,1.7032535347676976,0.8897529538208337,1,"{""model__alpha"": 1000.0, ""pca__n_components"": 0.9}"
fold_municipality_grouped,5,level1_crossfit,B09_C0_PCA_Ridge,2.0,6,1.9662064179425798,1.2556025401778297,7,"{""model__alpha"": 10.0, ""pca__n_components"": 0.95}"
fold_municipality_grouped,5,level1_crossfit,B09_C0_PCA_Ridge,2.0,7,1.9274495624812795,1.2119023791749342,6,"{""model__alpha"": 100.0, ""pca__n_components"": 0.95}"
fold_municipality_grouped,5,level1_crossfit,B09_C0_PCA_Ridge,2.0,8,1.7259771964100021,0.9300354062662087,2,"{""model__alpha"": 1000.0, ""pca__n_components"": 0.95}"
fold_municipality_grouped,5,level1_crossfit,B09_C0_PCA_Ridge,3.0,0,1.5524115617943737,0.8009593328080082,3,"{""model__alpha"": 10.0, ""pca__n_components"": 0.8}"
fold_municipality_grouped,5,level1_crossfit,B09_C0_PCA_Ridge,3.0,1,1.5247202902486774,0.7564409881272137,2,"{""model__alpha"": 100.0, ""pca__n_components"": 0.8}"
fold_municipality_grouped,5,level1_crossfit,B09_C0_PCA_Ridge,3.0,2,1.406559264056751,0.5049779278021309,1,"{""model__alpha"": 1000.0, ""pca__n_components"": 0.8}"
fold_municipality_grouped,5,level1_crossfit,B09_C0_PCA_Ridge,3.0,3,2.2418698680548945,1.4363081095858161,7,"{""model__alpha"": 10.0, ""pca__n_components"": 0.9}"
fold_municipality_grouped,5,level1_crossfit,B09_C0_PCA_Ridge,3.0,4,2.1182660884313567,1.3129307433740025,6,"{""model__alpha"": 100.0, ""pca__n_components"": 0.9}"
fold_municipality_grouped,5,level1_crossfit,B09_C0_PCA_Ridge,3.0,5,1.626906229121648,0.731020463556787,4,"{""model__alpha"": 1000.0, ""pca__n_components"": 0.9}"
fold_municipality_grouped,5,level1_crossfit,B09_C0_PCA_Ridge,3.0,6,2.7441443901842204,2.321416641532485,9,"{""model__alpha"": 10.0, ""pca__n_components"": 0.95}"
fold_municipality_grouped,5,level1_crossfit,B09_C0_PCA_Ridge,3.0,7,2.502718885825598,2.024806047297346,8,"{""model__alpha"": 100.0, ""pca__n_components"": 0.95}"
fold_municipality_grouped,5,level1_crossfit,B09_C0_PCA_Ridge,3.0,8,1.7295224713498911,0.9523393112460183,5,"{""model__alpha"": 1000.0, ""pca__n_components"": 0.95}"
fold_municipality_grouped,5,outer_refit,B09_C0_PCA_Ridge,,0,0.9605767719257033,0.17941989621785207,8,"{""model__alpha"": 10.0, ""pca__n_components"": 0.8}"
fold_municipality_grouped,5,outer_refit,B09_C0_PCA_Ridge,,1,0.9600365831947708,0.18090212705281064,7,"{""model__alpha"": 100.0, ""pca__n_components"": 0.8}"
fold_municipality_grouped,5,outer_refit,B09_C0_PCA_Ridge,,2,0.9613843763254161,0.19149529423989048,9,"{""model__alpha"": 1000.0, ""pca__n_components"": 0.8}"
fold_municipality_grouped,5,outer_refit,B09_C0_PCA_Ridge,,3,0.9160012926868805,0.1362021296339236,3,"{""model__alpha"": 10.0, ""pca__n_components"": 0.9}"
fold_municipality_grouped,5,outer_refit,B09_C0_PCA_Ridge,,4,0.9197112535070012,0.1422877197440144,4,"{""model__alpha"": 100.0, ""pca__n_components"": 0.9}"
fold_municipality_grouped,5,outer_refit,B09_C0_PCA_Ridge,,5,0.9410044969567796,0.1733816190429141,6,"{""model__alpha"": 1000.0, ""pca__n_components"": 0.9}"
fold_municipality_grouped,5,outer_refit,B09_C0_PCA_Ridge,,6,0.8870289817726178,0.1545532298321002,1,"{""model__alpha"": 10.0, ""pca__n_components"": 0.95}"
fold_municipality_grouped,5,outer_refit,B09_C0_PCA_Ridge,,7,0.8938728447648779,0.16027681746369116,2,"{""model__alpha"": 100.0, ""pca__n_components"": 0.95}"
fold_municipality_grouped,5,outer_refit,B09_C0_PCA_Ridge,,8,0.9295554029981377,0.18315728908369217,5,"{""model__alpha"": 1000.0, ""pca__n_components"": 0.95}"
fold_municipality_grouped,5,level1_crossfit,B10_C1_PCA_Ridge,1.0,0,0.8741097675687952,0.2277533102350342,4,"{""model__alpha"": 10.0, ""pca__n_components"": 0.8}"
fold_municipality_grouped,5,level1_crossfit,B10_C1_PCA_Ridge,1.0,1,0.8766622228627974,0.22259524517197332,5,"{""model__alpha"": 100.0, ""pca__n_components"": 0.8}"
fold_municipality_grouped,5,level1_crossfit,B10_C1_PCA_Ridge,1.0,2,0.8792821472587526,0.18680550537951818,6,"{""model__alpha"": 1000.0, ""pca__n_components"": 0.8}"
fold_municipality_grouped,5,level1_crossfit,B10_C1_PCA_Ridge,1.0,3,0.9458588277847826,0.15904647858049642,9,"{""model__alpha"": 10.0, ""pca__n_components"": 0.9}"
fold_municipality_grouped,5,level1_crossfit,B10_C1_PCA_Ridge,1.0,4,0.9390240948983444,0.16419990912821364,8,"{""model__alpha"": 100.0, ""pca__n_components"": 0.9}"
fold_municipality_grouped,5,level1_crossfit,B10_C1_PCA_Ridge,1.0,5,0.9051632570909234,0.16313543486278131,7,"{""model__alpha"": 1000.0, ""pca__n_components"": 0.9}"
fold_municipality_grouped,5,level1_crossfit,B10_C1_PCA_Ridge,1.0,6,0.784774186581942,0.012850973142511102,1,"{""model__alpha"": 10.0, ""pca__n_components"": 0.95}"
fold_municipality_grouped,5,level1_crossfit,B10_C1_PCA_Ridge,1.0,7,0.794889951824831,0.042181035280322576,2,"{""model__alpha"": 100.0, ""pca__n_components"": 0.95}"
fold_municipality_grouped,5,level1_crossfit,B10_C1_PCA_Ridge,1.0,8,0.8704774158534619,0.13655487729459914,3,"{""model__alpha"": 1000.0, ""pca__n_components"": 0.95}"
fold_municipality_grouped,5,level1_crossfit,B10_C1_PCA_Ridge,2.0,0,0.9714521746273332,0.04585058260354663,4,"{""model__alpha"": 10.0, ""pca__n_components"": 0.8}"
fold_municipality_grouped,5,level1_crossfit,B10_C1_PCA_Ridge,2.0,1,0.977657678747529,0.0451180556885723,6,"{""model__alpha"": 100.0, ""pca__n_components"": 0.8}"
fold_municipality_grouped,5,level1_crossfit,B10_C1_PCA_Ridge,2.0,2,1.0060435602383566,0.03613805684611365,8,"{""model__alpha"": 1000.0, ""pca__n_components"": 0.8}"
fold_municipality_grouped,5,level1_crossfit,B10_C1_PCA_Ridge,2.0,3,0.9195252749745675,0.07948672064383405,1,"{""model__alpha"": 10.0, ""pca__n_components"": 0.9}"
fold_municipality_grouped,5,level1_crossfit,B10_C1_PCA_Ridge,2.0,4,0.9224951648318613,0.07502512017934598,2,"{""model__alpha"": 100.0, ""pca__n_components"": 0.9}"
fold_municipality_grouped,5,level1_crossfit,B10_C1_PCA_Ridge,2.0,5,0.9751555974756032,0.049460082291768626,5,"{""model__alpha"": 1000.0, ""pca__n_components"": 0.9}"
fold_municipality_grouped,5,level1_crossfit,B10_C1_PCA_Ridge,2.0,6,1.0140569274767488,0.09604905943740222,9,"{""model__alpha"": 10.0, ""pca__n_components"": 0.95}"
fold_municipality_grouped,5,level1_crossfit,B10_C1_PCA_Ridge,2.0,7,0.9702280500771294,0.037466318842094726,3,"{""model__alpha"": 100.0, ""pca__n_components"": 0.95}"
fold_municipality_grouped,5,level1_crossfit,B10_C1_PCA_Ridge,2.0,8,0.9835562033306291,0.023430486050154686,7,"{""model__alpha"": 1000.0, ""pca__n_components"": 0.95}"
fold_municipality_grouped,5,level1_crossfit,B10_C1_PCA_Ridge,3.0,0,1.1603716537275368,0.6684645504803914,3,"{""model__alpha"": 10.0, ""pca__n_components"": 0.8}"
fold_municipality_grouped,5,level1_crossfit,B10_C1_PCA_Ridge,3.0,1,1.1712557009663902,0.6282148749885575,4,"{""model__alpha"": 100.0, ""pca__n_components"": 0.8}"
fold_municipality_grouped,5,level1_crossfit,B10_C1_PCA_Ridge,3.0,2,1.2748907411096304,0.41735606587615065,7,"{""model__alpha"": 1000.0, ""pca__n_components"": 0.8}"
fold_municipality_grouped,5,level1_crossfit,B10_C1_PCA_Ridge,3.0,3,1.14610180245868,0.6524798886617266,2,"{""model__alpha"": 10.0, ""pca__n_components"": 0.9}"
fold_municipality_grouped,5,level1_crossfit,B10_C1_PCA_Ridge,3.0,4,1.1406583979922797,0.6380581051460108,1,"{""model__alpha"": 100.0, ""pca__n_components"": 0.9}"
fold_municipality_grouped,5,level1_crossfit,B10_C1_PCA_Ridge,3.0,5,1.2392816185092244,0.44807267111821786,5,"{""model__alpha"": 1000.0, ""pca__n_components"": 0.9}"
fold_municipality_grouped,5,level1_crossfit,B10_C1_PCA_Ridge,3.0,6,1.3261888222960065,0.2073454612602299,9,"{""model__alpha"": 10.0, ""pca__n_components"": 0.95}"
fold_municipality_grouped,5,level1_crossfit,B10_C1_PCA_Ridge,3.0,7,1.2610397753160578,0.3466533296048775,6,"{""model__alpha"": 100.0, ""pca__n_components"": 0.95}"
fold_municipality_grouped,5,level1_crossfit,B10_C1_PCA_Ridge,3.0,8,1.2762000707313021,0.37365090386187894,8,"{""model__alpha"": 1000.0, ""pca__n_components"": 0.95}"
fold_municipality_grouped,5,outer_refit,B10_C1_PCA_Ridge,,0,0.9342479606985389,0.08837907973636414,6,"{""model__alpha"": 10.0, ""pca__n_components"": 0.8}"
fold_municipality_grouped,5,outer_refit,B10_C1_PCA_Ridge,,1,0.9367633548480244,0.09377536229931369,8,"{""model__alpha"": 100.0, ""pca__n_components"": 0.8}"
fold_municipality_grouped,5,outer_refit,B10_C1_PCA_Ridge,,2,0.9592610604091942,0.12377134046514619,9,"{""model__alpha"": 1000.0, ""pca__n_components"": 0.8}"
fold_municipality_grouped,5,outer_refit,B10_C1_PCA_Ridge,,3,0.9252258171597724,0.22690449843570643,5,"{""model__alpha"": 10.0, ""pca__n_components"": 0.9}"
fold_municipality_grouped,5,outer_refit,B10_C1_PCA_Ridge,,4,0.9134190149447569,0.20423454267899166,2,"{""model__alpha"": 100.0, ""pca__n_components"": 0.9}"
fold_municipality_grouped,5,outer_refit,B10_C1_PCA_Ridge,,5,0.9355597654282829,0.1597179189564045,7,"{""model__alpha"": 1000.0, ""pca__n_components"": 0.9}"
fold_municipality_grouped,5,outer_refit,B10_C1_PCA_Ridge,,6,0.925028743260785,0.20306353932122398,4,"{""model__alpha"": 10.0, ""pca__n_components"": 0.95}"
fold_municipality_grouped,5,outer_refit,B10_C1_PCA_Ridge,,7,0.9010419163884512,0.1944653143766542,1,"{""model__alpha"": 100.0, ""pca__n_components"": 0.95}"
fold_municipality_grouped,5,outer_refit,B10_C1_PCA_Ridge,,8,0.9243778544992947,0.16116793141726293,3,"{""model__alpha"": 1000.0, ""pca__n_components"": 0.95}"
