protocol,outer_fold,meta_model,ID_POLIGONO,observed,predicted,residual
fold_state_stratified,1,EqualTop3,AGC_009,4.79,4.266216718170619,0.523783281829381
fold_state_stratified,1,EqualTop3,AGC_015,2.64,4.788419612932571,-2.1484196129325706
fold_state_stratified,1,EqualTop3,AGC_017,4.98,4.70740695764788,0.27259304235212056
fold_state_stratified,1,EqualTop3,AGC_032,4.03,4.38236708707213,-0.35236708707213005
fold_state_stratified,1,EqualTop3,AGC_045,4.1,4.501189600123407,-0.40118960012340743
fold_state_stratified,1,EqualTop3,AGC_054,2.5,2.9804891569252043,-0.48048915692520433
fold_state_stratified,1,EqualTop3,AGC_058,2.5,3.3631384035631045,-0.8631384035631045
fold_state_stratified,1,EqualTop3,AGC_068,2.5,2.965007384901886,-0.46500738490188587
fold_state_stratified,1,EqualTop3,AGC_073,4.3,4.351656228471246,-0.051656228471245846
fold_state_stratified,1,EqualTop3,AGC_079,3.3,2.7808088002244173,0.5191911997755825
fold_state_stratified,1,EqualTop3,AGC_083,4.61,4.03601437743353,0.5739856225664699
fold_state_stratified,1,EqualTop3,AGC_090,4.68,4.209387144349709,0.4706128556502911
fold_state_stratified,1,EqualTop3,AGC_102,4.4,4.147066130491191,0.2529338695088095
fold_state_stratified,1,EqualTop3,AGC_103,3.0,3.004852852662006,-0.004852852662005969
fold_state_stratified,1,EqualTop3,AGC_111,4.72,4.433388659031743,0.2866113409682569
fold_state_stratified,1,EqualTop3,AGC_112,3.0,3.0407815459355962,-0.04078154593559624
fold_state_stratified,1,EqualTop3,AGC_117,3.5,3.4882372545980522,0.011762745401947772
fold_state_stratified,1,EqualTop3,AGC_119,4.4,4.368671852578785,0.031328147421215036
fold_state_stratified,1,EqualTop3,AGC_121,3.3,2.9244029597500076,0.3755970402499922
fold_state_stratified,1,EqualTop3,AGC_127,5.57,4.979716306429165,0.5902836935708349
fold_state_stratified,1,EqualTop3,AGC_133,3.91,4.253621097425519,-0.34362109742551894
fold_state_stratified,1,EqualTop3,AGC_139,4.67,4.349181926590053,0.3208180734099466
fold_state_stratified,1,EqualTop3,AGC_159,4.77,4.674243750780403,0.09575624921959669
fold_state_stratified,1,EqualTop3,AGC_161,4.46,4.721326318707525,-0.26132631870752476
fold_state_stratified,1,EqualTop3,AGC_164,3.0,3.170764940186089,-0.17076494018608912
fold_state_stratified,1,EqualTop3,AGC_167,4.54,4.585552775428732,-0.04555277542873171
fold_state_stratified,1,EqualTop3,AGC_180,4.14,4.3399288048657665,-0.1999288048657668
fold_state_stratified,1,EqualTop3,AGC_187,3.0,3.2438009231972025,-0.24380092319720248
fold_state_stratified,1,MeanAll,AGC_009,4.79,4.208340719586195,0.5816592804138052
fold_state_stratified,1,MeanAll,AGC_015,2.64,4.779507315173191,-2.139507315173191
fold_state_stratified,1,MeanAll,AGC_017,4.98,4.725791582347372,0.25420841765262825
fold_state_stratified,1,MeanAll,AGC_032,4.03,4.339371369679388,-0.30937136967938805
fold_state_stratified,1,MeanAll,AGC_045,4.1,4.51050949805778,-0.41050949805778014
fold_state_stratified,1,MeanAll,AGC_054,2.5,2.9676962265513795,-0.46769622655137955
fold_state_stratified,1,MeanAll,AGC_058,2.5,3.322805931149534,-0.8228059311495342
fold_state_stratified,1,MeanAll,AGC_068,2.5,3.1225893864272507,-0.6225893864272507
fold_state_stratified,1,MeanAll,AGC_073,4.3,4.198892102510833,0.10110789748916726
fold_state_stratified,1,MeanAll,AGC_079,3.3,2.893109215342129,0.4068907846578709
fold_state_stratified,1,MeanAll,AGC_083,4.61,4.046302091951345,0.5636979080486553
fold_state_stratified,1,MeanAll,AGC_090,4.68,4.267392639706562,0.41260736029343814
fold_state_stratified,1,MeanAll,AGC_102,4.4,4.166001781316088,0.23399821868391246
fold_state_stratified,1,MeanAll,AGC_103,3.0,2.9179388349656925,0.08206116503430749
fold_state_stratified,1,MeanAll,AGC_111,4.72,4.396215245207081,0.3237847547929187
fold_state_stratified,1,MeanAll,AGC_112,3.0,3.1427739690428496,-0.14277396904284956
fold_state_stratified,1,MeanAll,AGC_117,3.5,3.514820754880496,-0.014820754880496168
fold_state_stratified,1,MeanAll,AGC_119,4.4,4.3682557842622005,0.03174421573779984
fold_state_stratified,1,MeanAll,AGC_121,3.3,3.0334291463086904,0.2665708536913094
fold_state_stratified,1,MeanAll,AGC_127,5.57,4.956161919489409,0.6138380805105914
fold_state_stratified,1,MeanAll,AGC_133,3.91,4.340800621635103,-0.430800621635103
fold_state_stratified,1,MeanAll,AGC_139,4.67,4.2718009878794945,0.39819901212050546
fold_state_stratified,1,MeanAll,AGC_159,4.77,4.721072148161252,0.04892785183874793
fold_state_stratified,1,MeanAll,AGC_161,4.46,4.741946438172005,-0.28194643817200493
fold_state_stratified,1,MeanAll,AGC_164,3.0,3.231294636272697,-0.23129463627269686
fold_state_stratified,1,MeanAll,AGC_167,4.54,4.635732734230724,-0.09573273423072415
fold_state_stratified,1,MeanAll,AGC_180,4.14,4.21383003248566,-0.07383003248566045
fold_state_stratified,1,MeanAll,AGC_187,3.0,3.2661335084357175,-0.2661335084357175
fold_state_stratified,1,ConvexAll,AGC_009,4.79,4.278682206578825,0.511317793421175
fold_state_stratified,1,ConvexAll,AGC_015,2.64,4.782454026372545,-2.1424540263725445
fold_state_stratified,1,ConvexAll,AGC_017,4.98,4.70823486869467,0.2717651313053304
fold_state_stratified,1,ConvexAll,AGC_032,4.03,4.3506190365516515,-0.32061903655165125
fold_state_stratified,1,ConvexAll,AGC_045,4.1,4.557337328166833,-0.45733732816683315
fold_state_stratified,1,ConvexAll,AGC_054,2.5,2.9705300080671955,-0.47053000806719547
fold_state_stratified,1,ConvexAll,AGC_058,2.5,3.2832761259308723,-0.7832761259308723
fold_state_stratified,1,ConvexAll,AGC_068,2.5,3.054342737605339,-0.5543427376053391
fold_state_stratified,1,ConvexAll,AGC_073,4.3,4.153703340769832,0.14629665923016777
fold_state_stratified,1,ConvexAll,AGC_079,3.3,3.0049103242070103,0.2950896757929895
fold_state_stratified,1,ConvexAll,AGC_083,4.61,4.0791863301286995,0.5308136698713009
fold_state_stratified,1,ConvexAll,AGC_090,4.68,4.34666867544124,0.3333313245587597
fold_state_stratified,1,ConvexAll,AGC_102,4.4,4.256951643181878,0.143048356818122
fold_state_stratified,1,ConvexAll,AGC_103,3.0,2.9344520097731035,0.0655479902268965
fold_state_stratified,1,ConvexAll,AGC_111,4.72,4.440663535427579,0.27933646457242034
fold_state_stratified,1,ConvexAll,AGC_112,3.0,3.063774524594573,-0.06377452459457311
fold_state_stratified,1,ConvexAll,AGC_117,3.5,3.446964894694037,0.053035105305963004
fold_state_stratified,1,ConvexAll,AGC_119,4.4,4.391469077076398,0.008530922923601914
fold_state_stratified,1,ConvexAll,AGC_121,3.3,3.10980026398078,0.19019973601922002
fold_state_stratified,1,ConvexAll,AGC_127,5.57,4.7255297282647275,0.8444702717352728
fold_state_stratified,1,ConvexAll,AGC_133,3.91,4.4039785810719,-0.4939785810719002
fold_state_stratified,1,ConvexAll,AGC_139,4.67,4.237331296857034,0.4326687031429657
fold_state_stratified,1,ConvexAll,AGC_159,4.77,4.74973329041736,0.02026670958263921
fold_state_stratified,1,ConvexAll,AGC_161,4.46,4.703364563582479,-0.24336456358247904
fold_state_stratified,1,ConvexAll,AGC_164,3.0,3.162800658699783,-0.162800658699783
fold_state_stratified,1,ConvexAll,AGC_167,4.54,4.683724993255056,-0.14372499325505572
fold_state_stratified,1,ConvexAll,AGC_180,4.14,4.260763655182485,-0.12076365518248533
fold_state_stratified,1,ConvexAll,AGC_187,3.0,3.2220033256580134,-0.2220033256580134
fold_state_stratified,1,RidgeStack,AGC_009,4.79,4.16193196916696,0.62806803083304
fold_state_stratified,1,RidgeStack,AGC_015,2.64,4.779214333292987,-2.1392143332929865
fold_state_stratified,1,RidgeStack,AGC_017,4.98,4.694113486466676,0.28588651353332484
fold_state_stratified,1,RidgeStack,AGC_032,4.03,4.38075136658992,-0.35075136658992
fold_state_stratified,1,RidgeStack,AGC_045,4.1,4.472014202713613,-0.3720142027136131
fold_state_stratified,1,RidgeStack,AGC_054,2.5,3.038796648260725,-0.5387966482607252
fold_state_stratified,1,RidgeStack,AGC_058,2.5,3.3923865947567027,-0.8923865947567027
fold_state_stratified,1,RidgeStack,AGC_068,2.5,3.0473888220945176,-0.5473888220945176
fold_state_stratified,1,RidgeStack,AGC_073,4.3,4.182681721980708,0.11731827801929207
fold_state_stratified,1,RidgeStack,AGC_079,3.3,2.844866946149068,0.4551330538509317
fold_state_stratified,1,RidgeStack,AGC_083,4.61,4.086299593757119,0.523700406242881
fold_state_stratified,1,RidgeStack,AGC_090,4.68,4.264496683794485,0.4155033162055144
fold_state_stratified,1,RidgeStack,AGC_102,4.4,4.178024055076077,0.22197594492392358
fold_state_stratified,1,RidgeStack,AGC_103,3.0,2.926792709182254,0.07320729081774591
fold_state_stratified,1,RidgeStack,AGC_111,4.72,4.434278845051008,0.285721154948992
fold_state_stratified,1,RidgeStack,AGC_112,3.0,3.1013186224294857,-0.10131862242948575
fold_state_stratified,1,RidgeStack,AGC_117,3.5,3.4987238261724127,0.001276173827587268
fold_state_stratified,1,RidgeStack,AGC_119,4.4,4.316643123194814,0.083356876805186
fold_state_stratified,1,RidgeStack,AGC_121,3.3,2.9718729962485724,0.32812700375142745
fold_state_stratified,1,RidgeStack,AGC_127,5.57,4.827927362468973,0.7420726375310274
fold_state_stratified,1,RidgeStack,AGC_133,3.91,4.331283581269273,-0.42128358126927257
fold_state_stratified,1,RidgeStack,AGC_139,4.67,4.299393543603633,0.37060645639636736
fold_state_stratified,1,RidgeStack,AGC_159,4.77,4.693135443579343,0.0768645564206567
fold_state_stratified,1,RidgeStack,AGC_161,4.46,4.736772093391468,-0.27677209339146813
fold_state_stratified,1,RidgeStack,AGC_164,3.0,3.1784475008835926,-0.17844750088359262
fold_state_stratified,1,RidgeStack,AGC_167,4.54,4.611720512403187,-0.07172051240318655
fold_state_stratified,1,RidgeStack,AGC_180,4.14,4.15739151900523,-0.017391519005230727
fold_state_stratified,1,RidgeStack,AGC_187,3.0,3.2268186486916077,-0.22681864869160773
fold_state_stratified,1,ElasticNetStack,AGC_009,4.79,4.239295319472825,0.5507046805271747
fold_state_stratified,1,ElasticNetStack,AGC_015,2.64,4.823907920126977,-2.1839079201269764
fold_state_stratified,1,ElasticNetStack,AGC_017,4.98,4.731510435421418,0.2484895645785823
fold_state_stratified,1,ElasticNetStack,AGC_032,4.03,4.432967387854882,-0.40296738785488184
fold_state_stratified,1,ElasticNetStack,AGC_045,4.1,4.517021070712059,-0.4170210707120594
fold_state_stratified,1,ElasticNetStack,AGC_054,2.5,2.9999577777127744,-0.4999577777127744
fold_state_stratified,1,ElasticNetStack,AGC_058,2.5,3.3624040746099624,-0.8624040746099624
fold_state_stratified,1,ElasticNetStack,AGC_068,2.5,2.9323114705468583,-0.43231147054685826
fold_state_stratified,1,ElasticNetStack,AGC_073,4.3,4.20171946133426,0.09828053866573949
fold_state_stratified,1,ElasticNetStack,AGC_079,3.3,2.8034294431594824,0.49657055684051743
fold_state_stratified,1,ElasticNetStack,AGC_083,4.61,4.131401033669417,0.4785989663305834
fold_state_stratified,1,ElasticNetStack,AGC_090,4.68,4.3241082408298315,0.35589175917016824
fold_state_stratified,1,ElasticNetStack,AGC_102,4.4,4.247635133421115,0.15236486657888548
fold_state_stratified,1,ElasticNetStack,AGC_103,3.0,2.8769591928206157,0.12304080717938426
fold_state_stratified,1,ElasticNetStack,AGC_111,4.72,4.487179249360863,0.23282075063913688
fold_state_stratified,1,ElasticNetStack,AGC_112,3.0,3.0039479835942227,-0.003947983594222659
fold_state_stratified,1,ElasticNetStack,AGC_117,3.5,3.460008473114957,0.039991526885042816
fold_state_stratified,1,ElasticNetStack,AGC_119,4.4,4.375621034054498,0.024378965945502706
fold_state_stratified,1,ElasticNetStack,AGC_121,3.3,2.9414752329918237,0.35852476700817615
fold_state_stratified,1,ElasticNetStack,AGC_127,5.57,4.796631289602178,0.773368710397822
fold_state_stratified,1,ElasticNetStack,AGC_133,3.91,4.3729894069388715,-0.46298940693887136
fold_state_stratified,1,ElasticNetStack,AGC_139,4.67,4.330424888441821,0.33957511155817866
fold_state_stratified,1,ElasticNetStack,AGC_159,4.77,4.742865475559734,0.02713452444026565
fold_state_stratified,1,ElasticNetStack,AGC_161,4.46,4.767011580189325,-0.3070115801893252
fold_state_stratified,1,ElasticNetStack,AGC_164,3.0,3.1003307704059533,-0.10033077040595328
fold_state_stratified,1,ElasticNetStack,AGC_167,4.54,4.6444000121578854,-0.10440001215788541
fold_state_stratified,1,ElasticNetStack,AGC_180,4.14,4.213035598129833,-0.07303559812983362
fold_state_stratified,1,ElasticNetStack,AGC_187,3.0,3.1605774777476587,-0.16057747774765874
fold_state_stratified,1,HuberStack,AGC_009,4.79,4.2870360976576,0.5029639023424002
fold_state_stratified,1,HuberStack,AGC_015,2.64,4.7913567792226965,-2.1513567792226964
fold_state_stratified,1,HuberStack,AGC_017,4.98,4.710569916333833,0.26943008366616716
fold_state_stratified,1,HuberStack,AGC_032,4.03,4.574463263899745,-0.5444632638997451
fold_state_stratified,1,HuberStack,AGC_045,4.1,4.474911129138711,-0.3749111291387113
fold_state_stratified,1,HuberStack,AGC_054,2.5,2.9733916695496116,-0.47339166954961165
fold_state_stratified,1,HuberStack,AGC_058,2.5,3.435703682653895,-0.9357036826538949
fold_state_stratified,1,HuberStack,AGC_068,2.5,2.89743379242822,-0.39743379242821986
fold_state_stratified,1,HuberStack,AGC_073,4.3,4.176776284529438,0.12322371547056221
fold_state_stratified,1,HuberStack,AGC_079,3.3,2.5997402186138214,0.7002597813861784
fold_state_stratified,1,HuberStack,AGC_083,4.61,4.4025587659596495,0.20744123404035086
fold_state_stratified,1,HuberStack,AGC_090,4.68,4.573081592580023,0.10691840741997716
fold_state_stratified,1,HuberStack,AGC_102,4.4,4.517930043281475,-0.11793004328147472
fold_state_stratified,1,HuberStack,AGC_103,3.0,2.793915169546472,0.20608483045352788
fold_state_stratified,1,HuberStack,AGC_111,4.72,4.6486587487661035,0.07134125123389623
fold_state_stratified,1,HuberStack,AGC_112,3.0,3.0130682300328018,-0.013068230032801775
fold_state_stratified,1,HuberStack,AGC_117,3.5,3.6824961349878453,-0.18249613498784534
fold_state_stratified,1,HuberStack,AGC_119,4.4,4.352893313205385,0.04710668679461527
fold_state_stratified,1,HuberStack,AGC_121,3.3,2.80390098901072,0.4960990109892798
fold_state_stratified,1,HuberStack,AGC_127,5.57,4.405639094166148,1.1643609058338527
fold_state_stratified,1,HuberStack,AGC_133,3.91,4.568301665631544,-0.6583016656315435
fold_state_stratified,1,HuberStack,AGC_139,4.67,4.326798418290404,0.3432015817095957
fold_state_stratified,1,HuberStack,AGC_159,4.77,4.916764953423136,-0.1467649534231361
fold_state_stratified,1,HuberStack,AGC_161,4.46,4.800061968890729,-0.3400619688907289
fold_state_stratified,1,HuberStack,AGC_164,3.0,3.1763935510517904,-0.17639355105179044
fold_state_stratified,1,HuberStack,AGC_167,4.54,4.657997789494013,-0.11799778949401318
fold_state_stratified,1,HuberStack,AGC_180,4.14,4.020583227006479,0.11941677299352094
fold_state_stratified,1,HuberStack,AGC_187,3.0,3.215362231320169,-0.21536223132016907
fold_state_stratified,1,ExtraTreesStack,AGC_009,4.79,4.357593024186255,0.43240697581374476
fold_state_stratified,1,ExtraTreesStack,AGC_015,2.64,4.722490359495148,-2.082490359495148
fold_state_stratified,1,ExtraTreesStack,AGC_017,4.98,4.702162430506288,0.2778375694937125
fold_state_stratified,1,ExtraTreesStack,AGC_032,4.03,4.3488834105147465,-0.3188834105147462
fold_state_stratified,1,ExtraTreesStack,AGC_045,4.1,4.542638339439455,-0.44263833943945574
fold_state_stratified,1,ExtraTreesStack,AGC_054,2.5,3.075658066283669,-0.575658066283669
fold_state_stratified,1,ExtraTreesStack,AGC_058,2.5,3.086601067853767,-0.586601067853767
fold_state_stratified,1,ExtraTreesStack,AGC_068,2.5,3.119067986440457,-0.6190679864404571
fold_state_stratified,1,ExtraTreesStack,AGC_073,4.3,4.341758326981586,-0.041758326981586436
fold_state_stratified,1,ExtraTreesStack,AGC_079,3.3,3.124488643282923,0.17551135671707696
fold_state_stratified,1,ExtraTreesStack,AGC_083,4.61,4.27252717453443,0.33747282546557056
fold_state_stratified,1,ExtraTreesStack,AGC_090,4.68,4.382427376662663,0.297572623337337
fold_state_stratified,1,ExtraTreesStack,AGC_102,4.4,4.327375278698223,0.07262472130177766
fold_state_stratified,1,ExtraTreesStack,AGC_103,3.0,3.1341627141626316,-0.1341627141626316
fold_state_stratified,1,ExtraTreesStack,AGC_111,4.72,4.446438503263368,0.2735614967366313
fold_state_stratified,1,ExtraTreesStack,AGC_112,3.0,3.140795542225627,-0.14079554222562685
fold_state_stratified,1,ExtraTreesStack,AGC_117,3.5,3.1187605983115523,0.3812394016884477
fold_state_stratified,1,ExtraTreesStack,AGC_119,4.4,4.391305170607113,0.008694829392887016
fold_state_stratified,1,ExtraTreesStack,AGC_121,3.3,3.146172968925318,0.15382703107468165
fold_state_stratified,1,ExtraTreesStack,AGC_127,5.57,4.742984210114286,0.8270157898857144
fold_state_stratified,1,ExtraTreesStack,AGC_133,3.91,4.402325615509201,-0.49232561550920106
fold_state_stratified,1,ExtraTreesStack,AGC_139,4.67,4.330373664420844,0.33962633557915556
fold_state_stratified,1,ExtraTreesStack,AGC_159,4.77,4.6935853137329975,0.0764146862670021
fold_state_stratified,1,ExtraTreesStack,AGC_161,4.46,4.704246151519885,-0.24424615151988505
fold_state_stratified,1,ExtraTreesStack,AGC_164,3.0,3.1250713431471775,-0.1250713431471775
fold_state_stratified,1,ExtraTreesStack,AGC_167,4.54,4.631638536526086,-0.09163853652608633
fold_state_stratified,1,ExtraTreesStack,AGC_180,4.14,4.354435348556021,-0.2144353485560213
fold_state_stratified,1,ExtraTreesStack,AGC_187,3.0,3.1272790156079964,-0.12727901560799637
fold_state_stratified,1,HistGBStack,AGC_009,4.79,4.296856763883703,0.49314323611629707
fold_state_stratified,1,HistGBStack,AGC_015,2.64,4.978187283146466,-2.3381872831464663
fold_state_stratified,1,HistGBStack,AGC_017,4.98,4.7606583120653765,0.21934168793462394
fold_state_stratified,1,HistGBStack,AGC_032,4.03,4.549907551381051,-0.5199075513810509
fold_state_stratified,1,HistGBStack,AGC_045,4.1,4.648330172319929,-0.548330172319929
fold_state_stratified,1,HistGBStack,AGC_054,2.5,3.1611766563830255,-0.6611766563830255
fold_state_stratified,1,HistGBStack,AGC_058,2.5,3.2300016817687394,-0.7300016817687394
fold_state_stratified,1,HistGBStack,AGC_068,2.5,3.0732179653754166,-0.5732179653754166
fold_state_stratified,1,HistGBStack,AGC_073,4.3,4.281641216287794,0.01835878371220545
fold_state_stratified,1,HistGBStack,AGC_079,3.3,3.119473277586281,0.18052672241371903
fold_state_stratified,1,HistGBStack,AGC_083,4.61,4.554706160204154,0.05529383979584601
fold_state_stratified,1,HistGBStack,AGC_090,4.68,4.27222285204353,0.4077771479564696
fold_state_stratified,1,HistGBStack,AGC_102,4.4,4.27222285204353,0.12777714795647022
fold_state_stratified,1,HistGBStack,AGC_103,3.0,3.1318378192096623,-0.1318378192096623
fold_state_stratified,1,HistGBStack,AGC_111,4.72,4.483325212065882,0.23667478793411778
fold_state_stratified,1,HistGBStack,AGC_112,3.0,3.1695040917548774,-0.16950409175487735
fold_state_stratified,1,HistGBStack,AGC_117,3.5,2.9974256186653214,0.5025743813346786
fold_state_stratified,1,HistGBStack,AGC_119,4.4,4.300819307227853,0.0991806927721477
fold_state_stratified,1,HistGBStack,AGC_121,3.3,3.157139550131496,0.142860449868504
fold_state_stratified,1,HistGBStack,AGC_127,5.57,4.784798183029699,0.785201816970301
fold_state_stratified,1,HistGBStack,AGC_133,3.91,4.573725343467181,-0.6637253434671813
fold_state_stratified,1,HistGBStack,AGC_139,4.67,4.424296215598081,0.2457037844019192
fold_state_stratified,1,HistGBStack,AGC_159,4.77,4.76595808861426,0.004041911385739283
fold_state_stratified,1,HistGBStack,AGC_161,4.46,4.901951722305279,-0.4419517223052791
fold_state_stratified,1,HistGBStack,AGC_164,3.0,3.173707443727751,-0.17370744372775082
fold_state_stratified,1,HistGBStack,AGC_167,4.54,4.643314652836817,-0.10331465283681673
fold_state_stratified,1,HistGBStack,AGC_180,4.14,4.230303526840013,-0.09030352684001297
fold_state_stratified,1,HistGBStack,AGC_187,3.0,3.1822878537186647,-0.18228785371866474
fold_state_stratified,2,EqualTop3,AGC_008,4.55,4.039104880580946,0.5108951194190539
fold_state_stratified,2,EqualTop3,AGC_024,3.03,3.9988598165109575,-0.9688598165109576
fold_state_stratified,2,EqualTop3,AGC_033,4.47,4.4884848470025185,-0.018484847002518734
fold_state_stratified,2,EqualTop3,AGC_037,3.5,2.989643631274332,0.510356368725668
fold_state_stratified,2,EqualTop3,AGC_040,3.0,3.059173246183049,-0.05917324618304898
fold_state_stratified,2,EqualTop3,AGC_047,4.45,3.670229265785189,0.7797707342148112
fold_state_stratified,2,EqualTop3,AGC_049,5.53,4.896603256826375,0.6333967431736252
fold_state_stratified,2,EqualTop3,AGC_053,3.5,3.3391470644197745,0.1608529355802255
fold_state_stratified,2,EqualTop3,AGC_055,5.45,4.633550647002157,0.8164493529978429
fold_state_stratified,2,EqualTop3,AGC_062,3.81,4.384224633640114,-0.5742246336401142
fold_state_stratified,2,EqualTop3,AGC_064,4.51,4.471850455793886,0.03814954420611372
fold_state_stratified,2,EqualTop3,AGC_078,3.0,3.2238043550038604,-0.22380435500386042
fold_state_stratified,2,EqualTop3,AGC_098,3.0,3.178802433020025,-0.17880243302002485
fold_state_stratified,2,EqualTop3,AGC_100,4.5,4.289257346298334,0.2107426537016659
fold_state_stratified,2,EqualTop3,AGC_108,4.51,4.817603115457476,-0.3076031154574759
fold_state_stratified,2,EqualTop3,AGC_124,5.05,4.8476179199424685,0.20238208005753133
fold_state_stratified,2,EqualTop3,AGC_125,4.06,4.391505640551461,-0.3315056405514616
fold_state_stratified,2,EqualTop3,AGC_131,4.89,4.612413673228559,0.27758632677144046
fold_state_stratified,2,EqualTop3,AGC_134,4.52,4.126390310922919,0.3936096890770804
fold_state_stratified,2,EqualTop3,AGC_135,4.49,4.406474342198332,0.0835256578016681
fold_state_stratified,2,EqualTop3,AGC_145,3.5,2.8917926134724556,0.6082073865275444
fold_state_stratified,2,EqualTop3,AGC_150,4.52,4.445785665333074,0.07421433466692573
fold_state_stratified,2,EqualTop3,AGC_151,4.69,4.995621572151234,-0.3056215721512334
fold_state_stratified,2,EqualTop3,AGC_157,3.0,3.1656050633516184,-0.1656050633516184
fold_state_stratified,2,EqualTop3,AGC_160,3.62,4.865698212458402,-1.245698212458402
fold_state_stratified,2,EqualTop3,AGC_166,2.5,3.35030761601281,-0.85030761601281
fold_state_stratified,2,EqualTop3,AGC_193,4.57,4.028893910484234,0.5411060895157664
fold_state_stratified,2,EqualTop3,AGC_194,3.2,3.372137214377826,-0.17213721437782592
fold_state_stratified,2,MeanAll,AGC_008,4.55,4.1808361717699025,0.3691638282300973
fold_state_stratified,2,MeanAll,AGC_024,3.03,4.07626719660714,-1.0462671966071402
fold_state_stratified,2,MeanAll,AGC_033,4.47,4.4786188376116325,-0.008618837611632735
fold_state_stratified,2,MeanAll,AGC_037,3.5,3.071327820514788,0.4286721794852122
fold_state_stratified,2,MeanAll,AGC_040,3.0,3.0672628365673082,-0.06726283656730825
fold_state_stratified,2,MeanAll,AGC_047,4.45,3.739226075929939,0.710773924070061
fold_state_stratified,2,MeanAll,AGC_049,5.53,4.858525262486902,0.6714747375130985
fold_state_stratified,2,MeanAll,AGC_053,3.5,3.313486079191788,0.18651392080821205
fold_state_stratified,2,MeanAll,AGC_055,5.45,4.685480784231546,0.7645192157684546
fold_state_stratified,2,MeanAll,AGC_062,3.81,4.357680396589953,-0.547680396589953
fold_state_stratified,2,MeanAll,AGC_064,4.51,4.454741344022947,0.055258655977052484
fold_state_stratified,2,MeanAll,AGC_078,3.0,3.177887622825408,-0.17788762282540782
fold_state_stratified,2,MeanAll,AGC_098,3.0,3.0748684255483445,-0.0748684255483445
fold_state_stratified,2,MeanAll,AGC_100,4.5,4.284166412107298,0.21583358789270157
fold_state_stratified,2,MeanAll,AGC_108,4.51,4.751297856840253,-0.2412978568402533
fold_state_stratified,2,MeanAll,AGC_124,5.05,4.832080412167486,0.21791958783251353
fold_state_stratified,2,MeanAll,AGC_125,4.06,4.417815607248879,-0.3578156072488792
fold_state_stratified,2,MeanAll,AGC_131,4.89,4.5197492522938445,0.3702507477061552
fold_state_stratified,2,MeanAll,AGC_134,4.52,4.193905553446314,0.3260944465536859
fold_state_stratified,2,MeanAll,AGC_135,4.49,4.373688692052001,0.11631130794799915
fold_state_stratified,2,MeanAll,AGC_145,3.5,2.8381138333672142,0.6618861666327858
fold_state_stratified,2,MeanAll,AGC_150,4.52,4.463917139724996,0.0560828602750032
fold_state_stratified,2,MeanAll,AGC_151,4.69,4.939790166928008,-0.24979016692800737
fold_state_stratified,2,MeanAll,AGC_157,3.0,3.103239356058105,-0.10323935605810508
fold_state_stratified,2,MeanAll,AGC_160,3.62,4.814158944614168,-1.194158944614168
fold_state_stratified,2,MeanAll,AGC_166,2.5,3.440989524901726,-0.9409895249017262
fold_state_stratified,2,MeanAll,AGC_193,4.57,4.083861444708825,0.4861385552911752
fold_state_stratified,2,MeanAll,AGC_194,3.2,3.498803805170758,-0.298803805170758
fold_state_stratified,2,ConvexAll,AGC_008,4.55,4.279461294735417,0.2705387052645829
fold_state_stratified,2,ConvexAll,AGC_024,3.03,4.201312848318889,-1.1713128483188888
fold_state_stratified,2,ConvexAll,AGC_033,4.47,4.518976156272733,-0.04897615627273311
fold_state_stratified,2,ConvexAll,AGC_037,3.5,2.944302658362312,0.5556973416376878
fold_state_stratified,2,ConvexAll,AGC_040,3.0,3.0823818131545733,-0.08238181315457327
fold_state_stratified,2,ConvexAll,AGC_047,4.45,3.8466727503488087,0.6033272496511914
fold_state_stratified,2,ConvexAll,AGC_049,5.53,4.89893184290062,0.6310681570993806
fold_state_stratified,2,ConvexAll,AGC_053,3.5,3.2924003649063547,0.20759963509364532
fold_state_stratified,2,ConvexAll,AGC_055,5.45,4.702234376191005,0.7477656238089949
fold_state_stratified,2,ConvexAll,AGC_062,3.81,4.339768038599249,-0.5297680385992494
fold_state_stratified,2,ConvexAll,AGC_064,4.51,4.511408164974671,-0.001408164974670889
fold_state_stratified,2,ConvexAll,AGC_078,3.0,3.1572608640220787,-0.15726086402207873
fold_state_stratified,2,ConvexAll,AGC_098,3.0,3.213488940366964,-0.2134889403669642
fold_state_stratified,2,ConvexAll,AGC_100,4.5,4.347045122420443,0.15295487757955684
fold_state_stratified,2,ConvexAll,AGC_108,4.51,4.901449760243519,-0.3914497602435194
fold_state_stratified,2,ConvexAll,AGC_124,5.05,4.783592786798537,0.26640721320146277
fold_state_stratified,2,ConvexAll,AGC_125,4.06,4.3906378736364315,-0.33063787363643193
fold_state_stratified,2,ConvexAll,AGC_131,4.89,4.5831933105912395,0.3068066894087602
fold_state_stratified,2,ConvexAll,AGC_134,4.52,4.180601844963939,0.3393981550360605
fold_state_stratified,2,ConvexAll,AGC_135,4.49,4.494643711985858,-0.004643711985857557
fold_state_stratified,2,ConvexAll,AGC_145,3.5,2.8690302839792223,0.6309697160207777
fold_state_stratified,2,ConvexAll,AGC_150,4.52,4.464174415751165,0.05582558424883466
fold_state_stratified,2,ConvexAll,AGC_151,4.69,4.856148322696673,-0.16614832269667268
fold_state_stratified,2,ConvexAll,AGC_157,3.0,3.1325495392290224,-0.13254953922902235
fold_state_stratified,2,ConvexAll,AGC_160,3.62,4.7080145249455345,-1.0880145249455344
fold_state_stratified,2,ConvexAll,AGC_166,2.5,3.3619479189097765,-0.8619479189097765
fold_state_stratified,2,ConvexAll,AGC_193,4.57,4.192530509419211,0.37746949058078894
fold_state_stratified,2,ConvexAll,AGC_194,3.2,3.2816240307910753,-0.08162403079107516
fold_state_stratified,2,RidgeStack,AGC_008,4.55,4.351001752048131,0.19899824795186838
fold_state_stratified,2,RidgeStack,AGC_024,3.03,4.485098069546734,-1.4550980695467346
fold_state_stratified,2,RidgeStack,AGC_033,4.47,4.767931135016984,-0.2979311350169844
fold_state_stratified,2,RidgeStack,AGC_037,3.5,2.871409991569693,0.6285900084303071
fold_state_stratified,2,RidgeStack,AGC_040,3.0,3.1343775905639433,-0.13437759056394327
fold_state_stratified,2,RidgeStack,AGC_047,4.45,3.7417996156902116,0.7082003843097886
fold_state_stratified,2,RidgeStack,AGC_049,5.53,4.906068074649421,0.6239319253505791
fold_state_stratified,2,RidgeStack,AGC_053,3.5,3.20709206652729,0.2929079334727098
fold_state_stratified,2,RidgeStack,AGC_055,5.45,4.644429161295203,0.8055708387047975
fold_state_stratified,2,RidgeStack,AGC_062,3.81,4.494897517676694,-0.6848975176766943
fold_state_stratified,2,RidgeStack,AGC_064,4.51,4.471251955176249,0.03874804482375094
fold_state_stratified,2,RidgeStack,AGC_078,3.0,3.0017829482107294,-0.0017829482107294403
fold_state_stratified,2,RidgeStack,AGC_098,3.0,3.4468507262388295,-0.4468507262388295
fold_state_stratified,2,RidgeStack,AGC_100,4.5,4.601054414214303,-0.10105441421430328
fold_state_stratified,2,RidgeStack,AGC_108,4.51,4.772515497665608,-0.2625154976656079
fold_state_stratified,2,RidgeStack,AGC_124,5.05,4.6355091392775725,0.41449086072242736
fold_state_stratified,2,RidgeStack,AGC_125,4.06,4.171084852914274,-0.11108485291427428
fold_state_stratified,2,RidgeStack,AGC_131,4.89,4.595748336218508,0.29425166378149203
fold_state_stratified,2,RidgeStack,AGC_134,4.52,3.7166743896292505,0.8033256103707491
fold_state_stratified,2,RidgeStack,AGC_135,4.49,4.863379452532775,-0.3733794525327747
fold_state_stratified,2,RidgeStack,AGC_145,3.5,2.6345294110362776,0.8654705889637224
fold_state_stratified,2,RidgeStack,AGC_150,4.52,4.37670368662656,0.1432963133734395
fold_state_stratified,2,RidgeStack,AGC_151,4.69,4.943568748453616,-0.253568748453616
fold_state_stratified,2,RidgeStack,AGC_157,3.0,3.162393590904145,-0.16239359090414496
fold_state_stratified,2,RidgeStack,AGC_160,3.62,4.781271601791946,-1.1612716017919462
fold_state_stratified,2,RidgeStack,AGC_166,2.5,3.87671400987495,-1.37671400987495
fold_state_stratified,2,RidgeStack,AGC_193,4.57,4.519782652794906,0.050217347205093965
fold_state_stratified,2,RidgeStack,AGC_194,3.2,3.4215822366607735,-0.22158223666077337
fold_state_stratified,2,ElasticNetStack,AGC_008,4.55,4.3620431082787805,0.18795689172121932
fold_state_stratified,2,ElasticNetStack,AGC_024,3.03,4.436275855764819,-1.4062758557648194
fold_state_stratified,2,ElasticNetStack,AGC_033,4.47,4.712005298519223,-0.24200529851922337
fold_state_stratified,2,ElasticNetStack,AGC_037,3.5,2.9273979675023787,0.5726020324976213
fold_state_stratified,2,ElasticNetStack,AGC_040,3.0,3.1059697109914923,-0.10596971099149233
fold_state_stratified,2,ElasticNetStack,AGC_047,4.45,3.7414214889293937,0.7085785110706064
fold_state_stratified,2,ElasticNetStack,AGC_049,5.53,4.915112692993251,0.6148873070067493
fold_state_stratified,2,ElasticNetStack,AGC_053,3.5,3.2409875358102394,0.25901246418976065
fold_state_stratified,2,ElasticNetStack,AGC_055,5.45,4.671383332848378,0.7786166671516224
fold_state_stratified,2,ElasticNetStack,AGC_062,3.81,4.439604292280236,-0.6296042922802356
fold_state_stratified,2,ElasticNetStack,AGC_064,4.51,4.489754929007519,0.020245070992480407
fold_state_stratified,2,ElasticNetStack,AGC_078,3.0,3.0407897768201604,-0.040789776820160384
fold_state_stratified,2,ElasticNetStack,AGC_098,3.0,3.512950256522856,-0.5129502565228559
fold_state_stratified,2,ElasticNetStack,AGC_100,4.5,4.5538187954947436,-0.053818795494743554
fold_state_stratified,2,ElasticNetStack,AGC_108,4.51,4.856601020676997,-0.3466010206769976
fold_state_stratified,2,ElasticNetStack,AGC_124,5.05,4.662935883496624,0.38706411650337547
fold_state_stratified,2,ElasticNetStack,AGC_125,4.06,4.265681732507306,-0.2056817325073066
fold_state_stratified,2,ElasticNetStack,AGC_131,4.89,4.657514445325198,0.2324855546748017
fold_state_stratified,2,ElasticNetStack,AGC_134,4.52,3.870912053953392,0.6490879460466075
fold_state_stratified,2,ElasticNetStack,AGC_135,4.49,4.752035593277265,-0.26203559327726467
fold_state_stratified,2,ElasticNetStack,AGC_145,3.5,2.7212373240045817,0.7787626759954183
fold_state_stratified,2,ElasticNetStack,AGC_150,4.52,4.404578654615257,0.11542134538474258
fold_state_stratified,2,ElasticNetStack,AGC_151,4.69,5.0131510570080255,-0.32315105700802516
fold_state_stratified,2,ElasticNetStack,AGC_157,3.0,3.170863966469809,-0.17086396646980884
fold_state_stratified,2,ElasticNetStack,AGC_160,3.62,4.751465903180988,-1.1314659031809882
fold_state_stratified,2,ElasticNetStack,AGC_166,2.5,3.715247386085093,-1.215247386085093
fold_state_stratified,2,ElasticNetStack,AGC_193,4.57,4.448661450921062,0.12133854907893848
fold_state_stratified,2,ElasticNetStack,AGC_194,3.2,3.473241829849721,-0.273241829849721
fold_state_stratified,2,HuberStack,AGC_008,4.55,4.363909352749655,0.18609064725034496
fold_state_stratified,2,HuberStack,AGC_024,3.03,4.59546217750795,-1.5654621775079502
fold_state_stratified,2,HuberStack,AGC_033,4.47,4.87174087106268,-0.40174087106267997
fold_state_stratified,2,HuberStack,AGC_037,3.5,2.8823978363512204,0.6176021636487796
fold_state_stratified,2,HuberStack,AGC_040,3.0,3.0924465081425287,-0.09244650814252875
fold_state_stratified,2,HuberStack,AGC_047,4.45,3.7935055776462683,0.6564944223537319
fold_state_stratified,2,HuberStack,AGC_049,5.53,4.973117072144891,0.5568829278551091
fold_state_stratified,2,HuberStack,AGC_053,3.5,3.225056663128465,0.27494333687153505
fold_state_stratified,2,HuberStack,AGC_055,5.45,4.7804437688538295,0.6695562311461707
fold_state_stratified,2,HuberStack,AGC_062,3.81,4.491691221112823,-0.6816912211128225
fold_state_stratified,2,HuberStack,AGC_064,4.51,4.567817745727659,-0.05781774572765919
fold_state_stratified,2,HuberStack,AGC_078,3.0,3.0729055632504663,-0.07290556325046627
fold_state_stratified,2,HuberStack,AGC_098,3.0,3.5843036319152364,-0.5843036319152364
fold_state_stratified,2,HuberStack,AGC_100,4.5,4.693345128125144,-0.19334512812514415
fold_state_stratified,2,HuberStack,AGC_108,4.51,4.907450624447012,-0.3974506244470124
fold_state_stratified,2,HuberStack,AGC_124,5.05,4.6976467021999895,0.35235329780001035
fold_state_stratified,2,HuberStack,AGC_125,4.06,4.2365627337809615,-0.17656273378096188
fold_state_stratified,2,HuberStack,AGC_131,4.89,4.7072006755722615,0.18279932442773816
fold_state_stratified,2,HuberStack,AGC_134,4.52,3.744657352184762,0.7753426478152377
fold_state_stratified,2,HuberStack,AGC_135,4.49,4.895042205140896,-0.40504220514089617
fold_state_stratified,2,HuberStack,AGC_145,3.5,2.7110774272077114,0.7889225727922886
fold_state_stratified,2,HuberStack,AGC_150,4.52,4.45921561165495,0.0607843883450494
fold_state_stratified,2,HuberStack,AGC_151,4.69,5.078006946459054,-0.3880069464590532
fold_state_stratified,2,HuberStack,AGC_157,3.0,3.1710704436351578,-0.17107044363515778
fold_state_stratified,2,HuberStack,AGC_160,3.62,4.750831565949804,-1.130831565949804
fold_state_stratified,2,HuberStack,AGC_166,2.5,3.8098106843812736,-1.3098106843812736
fold_state_stratified,2,HuberStack,AGC_193,4.57,4.577809334174509,-0.007809334174508464
fold_state_stratified,2,HuberStack,AGC_194,3.2,3.3835235320168877,-0.18352353201688754
fold_state_stratified,2,ExtraTreesStack,AGC_008,4.55,4.391468913855311,0.1585310861446887
fold_state_stratified,2,ExtraTreesStack,AGC_024,3.03,4.277862841245008,-1.247862841245008
fold_state_stratified,2,ExtraTreesStack,AGC_033,4.47,4.497059990690014,-0.02705999069001397
fold_state_stratified,2,ExtraTreesStack,AGC_037,3.5,3.0457089703363707,0.45429102966362933
fold_state_stratified,2,ExtraTreesStack,AGC_040,3.0,2.9791448431601184,0.020855156839881595
fold_state_stratified,2,ExtraTreesStack,AGC_047,4.45,3.5974814153988843,0.8525185846011158
fold_state_stratified,2,ExtraTreesStack,AGC_049,5.53,4.493758391766005,1.0362416082339951
fold_state_stratified,2,ExtraTreesStack,AGC_053,3.5,3.05081685932039,0.44918314067960985
fold_state_stratified,2,ExtraTreesStack,AGC_055,5.45,4.566155189088391,0.8838448109116088
fold_state_stratified,2,ExtraTreesStack,AGC_062,3.81,4.380717909738897,-0.5707179097388972
fold_state_stratified,2,ExtraTreesStack,AGC_064,4.51,4.373201420003301,0.13679857999669842
fold_state_stratified,2,ExtraTreesStack,AGC_078,3.0,3.089035822057333,-0.08903582205733285
fold_state_stratified,2,ExtraTreesStack,AGC_098,3.0,3.0802504595309688,-0.08025045953096877
fold_state_stratified,2,ExtraTreesStack,AGC_100,4.5,4.425396034225595,0.07460396577440509
fold_state_stratified,2,ExtraTreesStack,AGC_108,4.51,4.591953975357782,-0.08195397535778248
fold_state_stratified,2,ExtraTreesStack,AGC_124,5.05,4.389344896841603,0.6606551031583967
fold_state_stratified,2,ExtraTreesStack,AGC_125,4.06,4.46402359904362,-0.4040235990436205
fold_state_stratified,2,ExtraTreesStack,AGC_131,4.89,4.61792472863986,0.27207527136013976
fold_state_stratified,2,ExtraTreesStack,AGC_134,4.52,4.431075316878542,0.08892468312145763
fold_state_stratified,2,ExtraTreesStack,AGC_135,4.49,4.432154130980582,0.05784586901941857
fold_state_stratified,2,ExtraTreesStack,AGC_145,3.5,2.9573325432221993,0.5426674567778007
fold_state_stratified,2,ExtraTreesStack,AGC_150,4.52,4.4457194300748375,0.07428056992516208
fold_state_stratified,2,ExtraTreesStack,AGC_151,4.69,4.625124629681398,0.06487537031860224
fold_state_stratified,2,ExtraTreesStack,AGC_157,3.0,3.0066774412666084,-0.006677441266608408
fold_state_stratified,2,ExtraTreesStack,AGC_160,3.62,4.552101211506353,-0.9321012115063532
fold_state_stratified,2,ExtraTreesStack,AGC_166,2.5,3.1433704264401583,-0.6433704264401583
fold_state_stratified,2,ExtraTreesStack,AGC_193,4.57,4.312008907535324,0.25799109246467644
fold_state_stratified,2,ExtraTreesStack,AGC_194,3.2,3.239096498840305,-0.03909649884030486
fold_state_stratified,2,HistGBStack,AGC_008,4.55,4.196910042641121,0.35308995735887905
fold_state_stratified,2,HistGBStack,AGC_024,3.03,4.5341540604103745,-1.5041540604103747
fold_state_stratified,2,HistGBStack,AGC_033,4.47,4.3848744539937075,0.0851255460062923
fold_state_stratified,2,HistGBStack,AGC_037,3.5,3.2436346529636384,0.2563653470363616
fold_state_stratified,2,HistGBStack,AGC_040,3.0,2.9125255910782277,0.08747440892177227
fold_state_stratified,2,HistGBStack,AGC_047,4.45,3.1327013824719496,1.3172986175280506
fold_state_stratified,2,HistGBStack,AGC_049,5.53,4.128707146208189,1.4012928537918112
fold_state_stratified,2,HistGBStack,AGC_053,3.5,3.1888464642574146,0.3111535357425854
fold_state_stratified,2,HistGBStack,AGC_055,5.45,4.25144654078347,1.1985534592165301
fold_state_stratified,2,HistGBStack,AGC_062,3.81,4.435059644313104,-0.625059644313104
fold_state_stratified,2,HistGBStack,AGC_064,4.51,3.8940145794819636,0.6159854205180362
fold_state_stratified,2,HistGBStack,AGC_078,3.0,3.1474503344900877,-0.1474503344900877
fold_state_stratified,2,HistGBStack,AGC_098,3.0,3.222547679487634,-0.2225476794876342
fold_state_stratified,2,HistGBStack,AGC_100,4.5,4.535290617184663,-0.0352906171846632
fold_state_stratified,2,HistGBStack,AGC_108,4.51,5.027898775880447,-0.5178987758804476
fold_state_stratified,2,HistGBStack,AGC_124,5.05,3.637636055159207,1.4123639448407928
fold_state_stratified,2,HistGBStack,AGC_125,4.06,4.5206363032753005,-0.4606363032753009
fold_state_stratified,2,HistGBStack,AGC_131,4.89,5.020028592005325,-0.13002859200532502
fold_state_stratified,2,HistGBStack,AGC_134,4.52,4.401212432179744,0.1187875678202559
fold_state_stratified,2,HistGBStack,AGC_135,4.49,4.419454574279839,0.07054542572016143
fold_state_stratified,2,HistGBStack,AGC_145,3.5,3.0051410781102814,0.4948589218897186
fold_state_stratified,2,HistGBStack,AGC_150,4.52,4.041284430939395,0.4787155690606042
fold_state_stratified,2,HistGBStack,AGC_151,4.69,4.583941363175631,0.10605863682436922
fold_state_stratified,2,HistGBStack,AGC_157,3.0,2.9522903641789173,0.047709635821082674
fold_state_stratified,2,HistGBStack,AGC_160,3.62,4.28901775043956,-0.6690177504395596
fold_state_stratified,2,HistGBStack,AGC_166,2.5,2.9684231568584,-0.4684231568584001
fold_state_stratified,2,HistGBStack,AGC_193,4.57,4.430750938666595,0.13924906133340542
fold_state_stratified,2,HistGBStack,AGC_194,3.2,3.2326889059689083,-0.032688905968908166
fold_state_stratified,3,EqualTop3,AGC_004,3.0,3.253844204755367,-0.25384420475536684
fold_state_stratified,3,EqualTop3,AGC_005,5.16,4.697025887177186,0.4629741128228142
fold_state_stratified,3,EqualTop3,AGC_010,4.1,4.053997618010116,0.04600238198988382
fold_state_stratified,3,EqualTop3,AGC_014,4.83,4.2295284406636116,0.6004715593363885
fold_state_stratified,3,EqualTop3,AGC_018,4.49,4.476149675174709,0.013850324825290805
fold_state_stratified,3,EqualTop3,AGC_021,4.94,4.350447337289823,0.5895526627101777
fold_state_stratified,3,EqualTop3,AGC_023,3.0,3.242163115289509,-0.24216311528950918
fold_state_stratified,3,EqualTop3,AGC_038,3.3,3.31671568565449,-0.01671568565449011
fold_state_stratified,3,EqualTop3,AGC_044,3.5,3.190833779845922,0.3091662201540779
fold_state_stratified,3,EqualTop3,AGC_051,4.45,4.014671528229754,0.43532847177024614
fold_state_stratified,3,EqualTop3,AGC_059,4.41,4.1487706633283485,0.2612293366716516
fold_state_stratified,3,EqualTop3,AGC_066,3.0,3.147861356376872,-0.1478613563768718
fold_state_stratified,3,EqualTop3,AGC_067,3.0,3.6549872679030506,-0.6549872679030506
fold_state_stratified,3,EqualTop3,AGC_069,5.46,4.731195059270102,0.7288049407298978
fold_state_stratified,3,EqualTop3,AGC_070,3.3,3.3679730406885184,-0.06797304068851862
fold_state_stratified,3,EqualTop3,AGC_072,4.55,4.1914516278762495,0.35854837212375035
fold_state_stratified,3,EqualTop3,AGC_074,2.5,3.2237753634668724,-0.7237753634668724
fold_state_stratified,3,EqualTop3,AGC_077,4.76,4.302710949530113,0.4572890504698872
fold_state_stratified,3,EqualTop3,AGC_089,3.0,3.187482124444832,-0.18748212444483192
fold_state_stratified,3,EqualTop3,AGC_097,4.69,4.412251968251407,0.27774803174859297
fold_state_stratified,3,EqualTop3,AGC_106,4.43,3.92174009450124,0.5082599054987598
fold_state_stratified,3,EqualTop3,AGC_110,4.18,4.240286367409047,-0.06028636740904769
fold_state_stratified,3,EqualTop3,AGC_138,2.5,3.4768789991369418,-0.9768789991369418
fold_state_stratified,3,EqualTop3,AGC_155,4.52,4.826716539339569,-0.3067165393395692
fold_state_stratified,3,EqualTop3,AGC_163,3.0,3.04469946699847,-0.04469946699847016
fold_state_stratified,3,EqualTop3,AGC_165,4.44,4.366260588469558,0.07373941153044239
fold_state_stratified,3,EqualTop3,AGC_196,3.5,3.4923077156205444,0.007692284379455572
fold_state_stratified,3,EqualTop3,AGC_197,4.52,4.308249021147556,0.21175097885244387
fold_state_stratified,3,MeanAll,AGC_004,3.0,3.240431643212509,-0.2404316432125091
fold_state_stratified,3,MeanAll,AGC_005,5.16,4.7477067337682355,0.41229326623176465
fold_state_stratified,3,MeanAll,AGC_010,4.1,4.079748101478842,0.02025189852115794
fold_state_stratified,3,MeanAll,AGC_014,4.83,4.231211946307942,0.5987880536920578
fold_state_stratified,3,MeanAll,AGC_018,4.49,4.427093359011267,0.06290664098873311
fold_state_stratified,3,MeanAll,AGC_021,4.94,4.339464042535316,0.6005359574646842
fold_state_stratified,3,MeanAll,AGC_023,3.0,3.2276774045657275,-0.2276774045657275
fold_state_stratified,3,MeanAll,AGC_038,3.3,3.4002663063950913,-0.10026630639509149
fold_state_stratified,3,MeanAll,AGC_044,3.5,3.2043108291227966,0.29568917087720337
fold_state_stratified,3,MeanAll,AGC_051,4.45,4.007874230472388,0.4421257695276122
fold_state_stratified,3,MeanAll,AGC_059,4.41,4.128302510622578,0.28169748937742245
fold_state_stratified,3,MeanAll,AGC_066,3.0,3.158434932543483,-0.15843493254348306
fold_state_stratified,3,MeanAll,AGC_067,3.0,3.6480353626750057,-0.6480353626750057
fold_state_stratified,3,MeanAll,AGC_069,5.46,4.772451620460201,0.6875483795397992
fold_state_stratified,3,MeanAll,AGC_070,3.3,3.368223879705005,-0.06822387970500499
fold_state_stratified,3,MeanAll,AGC_072,4.55,4.2099942691328,0.3400057308672002
fold_state_stratified,3,MeanAll,AGC_074,2.5,3.1265048640921083,-0.6265048640921083
fold_state_stratified,3,MeanAll,AGC_077,4.76,4.3186443345841505,0.44135566541584925
fold_state_stratified,3,MeanAll,AGC_089,3.0,3.222840925228977,-0.22284092522897714
fold_state_stratified,3,MeanAll,AGC_097,4.69,4.412283824913755,0.2777161750862458
fold_state_stratified,3,MeanAll,AGC_106,4.43,4.058523775215842,0.37147622478415787
fold_state_stratified,3,MeanAll,AGC_110,4.18,4.275119539059238,-0.09511953905923853
fold_state_stratified,3,MeanAll,AGC_138,2.5,3.4550390074192094,-0.9550390074192094
fold_state_stratified,3,MeanAll,AGC_155,4.52,4.83805863794633,-0.31805863794633016
fold_state_stratified,3,MeanAll,AGC_163,3.0,3.0038202851381826,-0.0038202851381825553
fold_state_stratified,3,MeanAll,AGC_165,4.44,4.390208220317784,0.049791779682216486
fold_state_stratified,3,MeanAll,AGC_196,3.5,3.446554434209189,0.053445565790811056
fold_state_stratified,3,MeanAll,AGC_197,4.52,4.233174951397558,0.2868250486024415
fold_state_stratified,3,ConvexAll,AGC_004,3.0,3.225057348037827,-0.22505734803782707
fold_state_stratified,3,ConvexAll,AGC_005,5.16,4.529680393013435,0.6303196069865651
fold_state_stratified,3,ConvexAll,AGC_010,4.1,4.140547425004051,-0.04054742500405162
fold_state_stratified,3,ConvexAll,AGC_014,4.83,4.224198281488649,0.6058017185113513
fold_state_stratified,3,ConvexAll,AGC_018,4.49,4.408403923888162,0.08159607611183795
fold_state_stratified,3,ConvexAll,AGC_021,4.94,4.3732554602786875,0.5667445397213129
fold_state_stratified,3,ConvexAll,AGC_023,3.0,3.2555028353114466,-0.2555028353114466
fold_state_stratified,3,ConvexAll,AGC_038,3.3,3.2712447060635816,0.02875529393641818
fold_state_stratified,3,ConvexAll,AGC_044,3.5,3.2944889556688355,0.20551104433116452
fold_state_stratified,3,ConvexAll,AGC_051,4.45,4.1414209511633455,0.30857904883665466
fold_state_stratified,3,ConvexAll,AGC_059,4.41,4.277749409108327,0.13225059089167335
fold_state_stratified,3,ConvexAll,AGC_066,3.0,3.1395200539782295,-0.13952005397822953
fold_state_stratified,3,ConvexAll,AGC_067,3.0,3.4985021748235217,-0.49850217482352166
fold_state_stratified,3,ConvexAll,AGC_069,5.46,4.607458917013372,0.8525410829866278
fold_state_stratified,3,ConvexAll,AGC_070,3.3,3.391956215586079,-0.09195621558607936
fold_state_stratified,3,ConvexAll,AGC_072,4.55,4.201703629118271,0.3482963708817284
fold_state_stratified,3,ConvexAll,AGC_074,2.5,3.428372085165024,-0.9283720851650239
fold_state_stratified,3,ConvexAll,AGC_077,4.76,4.307635630593257,0.45236436940674274
fold_state_stratified,3,ConvexAll,AGC_089,3.0,3.1507211201405667,-0.1507211201405667
fold_state_stratified,3,ConvexAll,AGC_097,4.69,4.400115587262614,0.2898844127373863
fold_state_stratified,3,ConvexAll,AGC_106,4.43,3.817550131417967,0.6124498685820328
fold_state_stratified,3,ConvexAll,AGC_110,4.18,4.171979416842878,0.008020583157121841
fold_state_stratified,3,ConvexAll,AGC_138,2.5,3.417670192833228,-0.9176701928332278
fold_state_stratified,3,ConvexAll,AGC_155,4.52,4.75742759028686,-0.23742759028686056
fold_state_stratified,3,ConvexAll,AGC_163,3.0,3.0279984449224053,-0.02799844492240533
fold_state_stratified,3,ConvexAll,AGC_165,4.44,4.32695223608629,0.11304776391370996
fold_state_stratified,3,ConvexAll,AGC_196,3.5,3.527001534609681,-0.0270015346096808
fold_state_stratified,3,ConvexAll,AGC_197,4.52,4.245188171112132,0.27481182888786737
fold_state_stratified,3,RidgeStack,AGC_004,3.0,3.139666746821964,-0.1396667468219639
fold_state_stratified,3,RidgeStack,AGC_005,5.16,4.6525603518431655,0.5074396481568346
fold_state_stratified,3,RidgeStack,AGC_010,4.1,4.233480135258249,-0.13348013525824953
fold_state_stratified,3,RidgeStack,AGC_014,4.83,4.229819573689574,0.600180426310426
fold_state_stratified,3,RidgeStack,AGC_018,4.49,4.4518374151592806,0.03816258484071966
fold_state_stratified,3,RidgeStack,AGC_021,4.94,4.4333831164208295,0.5066168835791709
fold_state_stratified,3,RidgeStack,AGC_023,3.0,3.0713794352611608,-0.07137943526116075
fold_state_stratified,3,RidgeStack,AGC_038,3.3,3.212610644225036,0.08738935577496365
fold_state_stratified,3,RidgeStack,AGC_044,3.5,3.230292162086007,0.2697078379139932
fold_state_stratified,3,RidgeStack,AGC_051,4.45,4.263582800269129,0.18641719973087145
fold_state_stratified,3,RidgeStack,AGC_059,4.41,4.32152775232315,0.08847224767685002
fold_state_stratified,3,RidgeStack,AGC_066,3.0,3.042257691950052,-0.042257691950052134
fold_state_stratified,3,RidgeStack,AGC_067,3.0,3.5669717953466735,-0.5669717953466735
fold_state_stratified,3,RidgeStack,AGC_069,5.46,4.772544446576304,0.6874555534236961
fold_state_stratified,3,RidgeStack,AGC_070,3.3,3.269852173890543,0.030147826109456766
fold_state_stratified,3,RidgeStack,AGC_072,4.55,4.095670504090059,0.4543294959099411
fold_state_stratified,3,RidgeStack,AGC_074,2.5,3.780385826008128,-1.280385826008128
fold_state_stratified,3,RidgeStack,AGC_077,4.76,4.328550355062878,0.4314496449371221
fold_state_stratified,3,RidgeStack,AGC_089,3.0,3.0995294565617857,-0.09952945656178569
fold_state_stratified,3,RidgeStack,AGC_097,4.69,4.406596786837774,0.2834032131622264
fold_state_stratified,3,RidgeStack,AGC_106,4.43,3.901589783488205,0.5284102165117948
fold_state_stratified,3,RidgeStack,AGC_110,4.18,4.1216005372978195,0.058399462702180216
fold_state_stratified,3,RidgeStack,AGC_138,2.5,3.3188818781637597,-0.8188818781637597
fold_state_stratified,3,RidgeStack,AGC_155,4.52,4.872719320822844,-0.3527193208228443
fold_state_stratified,3,RidgeStack,AGC_163,3.0,2.8630879955038084,0.13691200449619156
fold_state_stratified,3,RidgeStack,AGC_165,4.44,4.434274378021184,0.005725621978815987
fold_state_stratified,3,RidgeStack,AGC_196,3.5,3.4464365498494876,0.05356345015051245
fold_state_stratified,3,RidgeStack,AGC_197,4.52,4.251302729250226,0.26869727074977323
fold_state_stratified,3,ElasticNetStack,AGC_004,3.0,3.206565802704854,-0.20656580270485403
fold_state_stratified,3,ElasticNetStack,AGC_005,5.16,4.563702676835429,0.5962973231645714
fold_state_stratified,3,ElasticNetStack,AGC_010,4.1,4.236455965071084,-0.13645596507108415
fold_state_stratified,3,ElasticNetStack,AGC_014,4.83,4.241403962656495,0.5885960373435051
fold_state_stratified,3,ElasticNetStack,AGC_018,4.49,4.420505408172697,0.06949459182730333
fold_state_stratified,3,ElasticNetStack,AGC_021,4.94,4.409132665676054,0.5308673343239461
fold_state_stratified,3,ElasticNetStack,AGC_023,3.0,3.2148765111438675,-0.21487651114386752
fold_state_stratified,3,ElasticNetStack,AGC_038,3.3,3.265626960765183,0.034373039234816716
fold_state_stratified,3,ElasticNetStack,AGC_044,3.5,3.2858132587491906,0.2141867412508094
fold_state_stratified,3,ElasticNetStack,AGC_051,4.45,4.229540503033431,0.2204594969665692
fold_state_stratified,3,ElasticNetStack,AGC_059,4.41,4.31075869098117,0.09924130901883021
fold_state_stratified,3,ElasticNetStack,AGC_066,3.0,3.1437185660925127,-0.14371856609251266
fold_state_stratified,3,ElasticNetStack,AGC_067,3.0,3.527963811417815,-0.5279638114178149
fold_state_stratified,3,ElasticNetStack,AGC_069,5.46,4.628558098049429,0.831441901950571
fold_state_stratified,3,ElasticNetStack,AGC_070,3.3,3.3516932018379113,-0.051693201837911484
fold_state_stratified,3,ElasticNetStack,AGC_072,4.55,4.141037005598095,0.40896299440190464
fold_state_stratified,3,ElasticNetStack,AGC_074,2.5,3.5504165151972127,-1.0504165151972127
fold_state_stratified,3,ElasticNetStack,AGC_077,4.76,4.317372824861608,0.44262717513839167
fold_state_stratified,3,ElasticNetStack,AGC_089,3.0,3.149803533459134,-0.1498035334591341
fold_state_stratified,3,ElasticNetStack,AGC_097,4.69,4.392413333011748,0.2975866669882521
fold_state_stratified,3,ElasticNetStack,AGC_106,4.43,3.906907612036753,0.5230923879632465
fold_state_stratified,3,ElasticNetStack,AGC_110,4.18,4.136624127015293,0.04337587298470691
fold_state_stratified,3,ElasticNetStack,AGC_138,2.5,3.3625695132803965,-0.8625695132803965
fold_state_stratified,3,ElasticNetStack,AGC_155,4.52,4.734255549738323,-0.21425554973832384
fold_state_stratified,3,ElasticNetStack,AGC_163,3.0,3.0056355472142666,-0.005635547214266623
fold_state_stratified,3,ElasticNetStack,AGC_165,4.44,4.352158345100017,0.08784165489998319
fold_state_stratified,3,ElasticNetStack,AGC_196,3.5,3.4847618628517942,0.015238137148205766
fold_state_stratified,3,ElasticNetStack,AGC_197,4.52,4.220527687233883,0.29947231276611674
fold_state_stratified,3,HuberStack,AGC_004,3.0,3.4498366228917625,-0.4498366228917625
fold_state_stratified,3,HuberStack,AGC_005,5.16,4.944078883500845,0.21592111649915502
fold_state_stratified,3,HuberStack,AGC_010,4.1,4.280623457491177,-0.18062345749117714
fold_state_stratified,3,HuberStack,AGC_014,4.83,4.4327667779966795,0.39723322200332056
fold_state_stratified,3,HuberStack,AGC_018,4.49,4.829091317133571,-0.33909131713357077
fold_state_stratified,3,HuberStack,AGC_021,4.94,4.521459325446019,0.4185406745539817
fold_state_stratified,3,HuberStack,AGC_023,3.0,3.292190966911998,-0.2921909669119982
fold_state_stratified,3,HuberStack,AGC_038,3.3,3.0849792515546226,0.21502074844537722
fold_state_stratified,3,HuberStack,AGC_044,3.5,2.94497356716745,0.55502643283255
fold_state_stratified,3,HuberStack,AGC_051,4.45,4.408390304758472,0.04160969524152858
fold_state_stratified,3,HuberStack,AGC_059,4.41,4.298869677966505,0.11113032203349515
fold_state_stratified,3,HuberStack,AGC_066,3.0,3.0815797299334773,-0.08157972993347729
fold_state_stratified,3,HuberStack,AGC_067,3.0,3.8125857863425257,-0.8125857863425257
fold_state_stratified,3,HuberStack,AGC_069,5.46,4.934840628256402,0.5251593717435981
fold_state_stratified,3,HuberStack,AGC_070,3.3,3.4198276552797946,-0.11982765527979478
fold_state_stratified,3,HuberStack,AGC_072,4.55,4.158358481745371,0.39164151825462845
fold_state_stratified,3,HuberStack,AGC_074,2.5,4.138487933943827,-1.6384879339438267
fold_state_stratified,3,HuberStack,AGC_077,4.76,4.327284405289245,0.4327155947107544
fold_state_stratified,3,HuberStack,AGC_089,3.0,2.8354911308788138,0.16450886912118623
fold_state_stratified,3,HuberStack,AGC_097,4.69,4.5048913338364915,0.18510866616350885
fold_state_stratified,3,HuberStack,AGC_106,4.43,3.7075007701868397,0.7224992298131601
fold_state_stratified,3,HuberStack,AGC_110,4.18,4.113899049912865,0.06610095008713479
fold_state_stratified,3,HuberStack,AGC_138,2.5,3.2507629075294835,-0.7507629075294835
fold_state_stratified,3,HuberStack,AGC_155,4.52,4.896543229759196,-0.3765432297591964
fold_state_stratified,3,HuberStack,AGC_163,3.0,3.027857482396152,-0.027857482396151934
fold_state_stratified,3,HuberStack,AGC_165,4.44,4.370811030519474,0.06918896948052655
fold_state_stratified,3,HuberStack,AGC_196,3.5,3.5365843721855676,-0.03658437218556765
fold_state_stratified,3,HuberStack,AGC_197,4.52,4.546508358133538,-0.02650835813353858
fold_state_stratified,3,ExtraTreesStack,AGC_004,3.0,3.0606638617946853,-0.0606638617946853
fold_state_stratified,3,ExtraTreesStack,AGC_005,5.16,4.662078062010986,0.4979219379890143
fold_state_stratified,3,ExtraTreesStack,AGC_010,4.1,4.248628276301586,-0.14862827630158648
fold_state_stratified,3,ExtraTreesStack,AGC_014,4.83,4.351629470970206,0.47837052902979416
fold_state_stratified,3,ExtraTreesStack,AGC_018,4.49,4.528223001569936,-0.03822300156993563
fold_state_stratified,3,ExtraTreesStack,AGC_021,4.94,4.456579042370527,0.48342095762947324
fold_state_stratified,3,ExtraTreesStack,AGC_023,3.0,2.9406541768985437,0.05934582310145631
fold_state_stratified,3,ExtraTreesStack,AGC_038,3.3,3.159674771396349,0.14032522860365093
fold_state_stratified,3,ExtraTreesStack,AGC_044,3.5,3.0342112217272756,0.46578877827272436
fold_state_stratified,3,ExtraTreesStack,AGC_051,4.45,4.164792165988396,0.28520783401160443
fold_state_stratified,3,ExtraTreesStack,AGC_059,4.41,4.414397636527918,-0.00439763652791747
fold_state_stratified,3,ExtraTreesStack,AGC_066,3.0,2.9638181213735404,0.03618187862645961
fold_state_stratified,3,ExtraTreesStack,AGC_067,3.0,3.3791318535125043,-0.37913185351250434
fold_state_stratified,3,ExtraTreesStack,AGC_069,5.46,4.7400376905591886,0.7199623094408114
fold_state_stratified,3,ExtraTreesStack,AGC_070,3.3,3.0908428841766744,0.2091571158233254
fold_state_stratified,3,ExtraTreesStack,AGC_072,4.55,4.4110698515565385,0.1389301484434613
fold_state_stratified,3,ExtraTreesStack,AGC_074,2.5,3.204017328007834,-0.7040173280078341
fold_state_stratified,3,ExtraTreesStack,AGC_077,4.76,4.447893039516314,0.31210696048368547
fold_state_stratified,3,ExtraTreesStack,AGC_089,3.0,3.0280097325174538,-0.028009732517453756
fold_state_stratified,3,ExtraTreesStack,AGC_097,4.69,4.350350524085981,0.33964947591401895
fold_state_stratified,3,ExtraTreesStack,AGC_106,4.43,4.157910422303732,0.27208957769626796
fold_state_stratified,3,ExtraTreesStack,AGC_110,4.18,4.41685409016658,-0.2368540901665801
fold_state_stratified,3,ExtraTreesStack,AGC_138,2.5,3.237213762129557,-0.7372137621295569
fold_state_stratified,3,ExtraTreesStack,AGC_155,4.52,4.747431936187713,-0.2274319361877133
fold_state_stratified,3,ExtraTreesStack,AGC_163,3.0,2.9766207549688772,0.023379245031122764
fold_state_stratified,3,ExtraTreesStack,AGC_165,4.44,4.512344315938159,-0.07234431593815849
fold_state_stratified,3,ExtraTreesStack,AGC_196,3.5,3.139723280057163,0.36027671994283716
fold_state_stratified,3,ExtraTreesStack,AGC_197,4.52,4.493047406225456,0.026952593774543843
fold_state_stratified,3,HistGBStack,AGC_004,3.0,3.0354708189358828,-0.035470818935882775
fold_state_stratified,3,HistGBStack,AGC_005,5.16,4.415352075322571,0.7446479246774294
fold_state_stratified,3,HistGBStack,AGC_010,4.1,4.282410639909694,-0.18241063990969408
fold_state_stratified,3,HistGBStack,AGC_014,4.83,4.175709940992915,0.654290059007085
fold_state_stratified,3,HistGBStack,AGC_018,4.49,4.405463683456134,0.08453631654386662
fold_state_stratified,3,HistGBStack,AGC_021,4.94,4.5081519920626905,0.43184800793730993
fold_state_stratified,3,HistGBStack,AGC_023,3.0,2.796975232100849,0.20302476789915103
fold_state_stratified,3,HistGBStack,AGC_038,3.3,2.9361319737778278,0.36386802622217207
fold_state_stratified,3,HistGBStack,AGC_044,3.5,2.954600161391883,0.5453998386081169
fold_state_stratified,3,HistGBStack,AGC_051,4.45,4.41406953964905,0.03593046035094982
fold_state_stratified,3,HistGBStack,AGC_059,4.41,4.563720545914038,-0.15372054591403828
fold_state_stratified,3,HistGBStack,AGC_066,3.0,2.9776283607186675,0.022371639281332456
fold_state_stratified,3,HistGBStack,AGC_067,3.0,3.339067457151753,-0.3390674571517529
fold_state_stratified,3,HistGBStack,AGC_069,5.46,5.015600304781548,0.44439969521845235
fold_state_stratified,3,HistGBStack,AGC_070,3.3,3.086219906537039,0.21378009346296079
fold_state_stratified,3,HistGBStack,AGC_072,4.55,4.367353633759736,0.18264636624026398
fold_state_stratified,3,HistGBStack,AGC_074,2.5,3.2907860764658428,-0.7907860764658428
fold_state_stratified,3,HistGBStack,AGC_077,4.76,4.130719550144186,0.6292804498558136
fold_state_stratified,3,HistGBStack,AGC_089,3.0,2.937005181058882,0.0629948189411178
fold_state_stratified,3,HistGBStack,AGC_097,4.69,4.387566444515024,0.30243355548497597
fold_state_stratified,3,HistGBStack,AGC_106,4.43,3.259756857596099,1.1702431424039008
fold_state_stratified,3,HistGBStack,AGC_110,4.18,4.321471485611912,-0.14147148561191258
fold_state_stratified,3,HistGBStack,AGC_138,2.5,3.0242391344775235,-0.5242391344775235
fold_state_stratified,3,HistGBStack,AGC_155,4.52,5.004526599266689,-0.4845265992666894
fold_state_stratified,3,HistGBStack,AGC_163,3.0,3.0080738878545854,-0.008073887854585404
fold_state_stratified,3,HistGBStack,AGC_165,4.44,3.996287586543957,0.4437124134560433
fold_state_stratified,3,HistGBStack,AGC_196,3.5,3.07311196681908,0.42688803318092017
fold_state_stratified,3,HistGBStack,AGC_197,4.52,4.42672732862875,0.09327267137124995
fold_state_stratified,4,EqualTop3,AGC_007,3.5,3.1335602886400693,0.3664397113599307
fold_state_stratified,4,EqualTop3,AGC_012,4.69,4.692153322324284,-0.0021533223242835575
fold_state_stratified,4,EqualTop3,AGC_019,3.0,2.909738109422791,0.09026189057720879
fold_state_stratified,4,EqualTop3,AGC_022,4.55,4.312050427659376,0.2379495723406242
fold_state_stratified,4,EqualTop3,AGC_026,3.55,4.3388475445069234,-0.7888475445069236
fold_state_stratified,4,EqualTop3,AGC_041,2.5,3.3349599142321793,-0.8349599142321793
fold_state_stratified,4,EqualTop3,AGC_048,2.5,3.3153730958831744,-0.8153730958831744
fold_state_stratified,4,EqualTop3,AGC_056,5.07,4.502326149682402,0.5676738503175986
fold_state_stratified,4,EqualTop3,AGC_080,3.5,3.1622634215414682,0.3377365784585318
fold_state_stratified,4,EqualTop3,AGC_081,3.7,3.484478270339768,0.2155217296602321
fold_state_stratified,4,EqualTop3,AGC_099,3.5,3.3302278540267864,0.16977214597321355
fold_state_stratified,4,EqualTop3,AGC_104,4.56,4.309976139465533,0.25002386053446646
fold_state_stratified,4,EqualTop3,AGC_109,4.54,4.482451087547653,0.05754891245234717
fold_state_stratified,4,EqualTop3,AGC_115,4.6,4.130128185252844,0.46987181474715545
fold_state_stratified,4,EqualTop3,AGC_122,3.5,2.8384702794985954,0.6615297205014046
fold_state_stratified,4,EqualTop3,AGC_132,4.13,4.46134075267042,-0.3313407526704202
fold_state_stratified,4,EqualTop3,AGC_140,3.2,3.147700861598034,0.05229913840196598
fold_state_stratified,4,EqualTop3,AGC_144,2.5,2.966236757347902,-0.46623675734790204
fold_state_stratified,4,EqualTop3,AGC_148,3.0,3.039569045484543,-0.039569045484542986
fold_state_stratified,4,EqualTop3,AGC_152,4.87,4.577181278393604,0.29281872160639644
fold_state_stratified,4,EqualTop3,AGC_168,4.49,4.554520698084144,-0.06452069808414418
fold_state_stratified,4,EqualTop3,AGC_170,3.0,3.327554994919874,-0.32755499491987417
fold_state_stratified,4,EqualTop3,AGC_171,2.15,4.365044386141757,-2.215044386141757
fold_state_stratified,4,EqualTop3,AGC_172,5.19,4.4880364153295025,0.7019635846704979
fold_state_stratified,4,EqualTop3,AGC_176,4.38,4.219538666987915,0.1604613330120852
fold_state_stratified,4,EqualTop3,AGC_178,4.39,4.297675707547989,0.09232429245201068
fold_state_stratified,4,EqualTop3,AGC_181,4.51,4.4830969522121125,0.026903047787887324
fold_state_stratified,4,MeanAll,AGC_007,3.5,3.1294194008501846,0.37058059914981545
fold_state_stratified,4,MeanAll,AGC_012,4.69,4.75931558527604,-0.06931558527603965
fold_state_stratified,4,MeanAll,AGC_019,3.0,2.886585053268217,0.11341494673178287
fold_state_stratified,4,MeanAll,AGC_022,4.55,4.308846324810521,0.24115367518947917
fold_state_stratified,4,MeanAll,AGC_026,3.55,4.398714463784854,-0.8487144637848543
fold_state_stratified,4,MeanAll,AGC_041,2.5,3.4070641961549626,-0.9070641961549626
fold_state_stratified,4,MeanAll,AGC_048,2.5,3.205282402906518,-0.7052824029065179
fold_state_stratified,4,MeanAll,AGC_056,5.07,4.503667558418667,0.5663324415813333
fold_state_stratified,4,MeanAll,AGC_080,3.5,3.1476620204685655,0.35233797953143453
fold_state_stratified,4,MeanAll,AGC_081,3.7,3.430415934853285,0.2695840651467152
fold_state_stratified,4,MeanAll,AGC_099,3.5,3.3212950434240582,0.17870495657594176
fold_state_stratified,4,MeanAll,AGC_104,4.56,4.365178145041613,0.1948218549583869
fold_state_stratified,4,MeanAll,AGC_109,4.54,4.498992309912015,0.04100769008798544
fold_state_stratified,4,MeanAll,AGC_115,4.6,4.139991960723606,0.4600080392763939
fold_state_stratified,4,MeanAll,AGC_122,3.5,2.695201513520483,0.804798486479517
fold_state_stratified,4,MeanAll,AGC_132,4.13,4.494219944320864,-0.36421994432086446
fold_state_stratified,4,MeanAll,AGC_140,3.2,3.1028388845804376,0.09716111541956263
fold_state_stratified,4,MeanAll,AGC_144,2.5,2.9721971453547624,-0.4721971453547624
fold_state_stratified,4,MeanAll,AGC_148,3.0,3.011719834214955,-0.01171983421495515
fold_state_stratified,4,MeanAll,AGC_152,4.87,4.593716671372956,0.2762833286270441
fold_state_stratified,4,MeanAll,AGC_168,4.49,4.53436558864888,-0.04436558864887985
fold_state_stratified,4,MeanAll,AGC_170,3.0,3.280847230878627,-0.28084723087862695
fold_state_stratified,4,MeanAll,AGC_171,2.15,4.345469041179192,-2.195469041179192
fold_state_stratified,4,MeanAll,AGC_172,5.19,4.483888517548188,0.7061114824518127
fold_state_stratified,4,MeanAll,AGC_176,4.38,4.271946298553466,0.1080537014465337
fold_state_stratified,4,MeanAll,AGC_178,4.39,4.246040799749007,0.1439592002509924
fold_state_stratified,4,MeanAll,AGC_181,4.51,4.452492619834593,0.05750738016540691
fold_state_stratified,4,ConvexAll,AGC_007,3.5,3.2338383731495295,0.2661616268504705
fold_state_stratified,4,ConvexAll,AGC_012,4.69,4.624087811667922,0.06591218833207879
fold_state_stratified,4,ConvexAll,AGC_019,3.0,3.0058894972879466,-0.005889497287946632
fold_state_stratified,4,ConvexAll,AGC_022,4.55,4.354089472607585,0.19591052739241466
fold_state_stratified,4,ConvexAll,AGC_026,3.55,4.328156569105561,-0.778156569105561
fold_state_stratified,4,ConvexAll,AGC_041,2.5,3.163684676651184,-0.6636846766511839
fold_state_stratified,4,ConvexAll,AGC_048,2.5,3.449729247584993,-0.949729247584993
fold_state_stratified,4,ConvexAll,AGC_056,5.07,4.547205017507909,0.5227949824920914
fold_state_stratified,4,ConvexAll,AGC_080,3.5,3.230897624041403,0.2691023759585969
fold_state_stratified,4,ConvexAll,AGC_081,3.7,3.272991331878796,0.42700866812120397
fold_state_stratified,4,ConvexAll,AGC_099,3.5,3.173889213630684,0.3261107863693158
fold_state_stratified,4,ConvexAll,AGC_104,4.56,4.317844085758046,0.2421559142419536
fold_state_stratified,4,ConvexAll,AGC_109,4.54,4.517651775738884,0.02234822426111638
fold_state_stratified,4,ConvexAll,AGC_115,4.6,4.197605280219726,0.40239471978027375
fold_state_stratified,4,ConvexAll,AGC_122,3.5,3.025937763896522,0.4740622361034781
fold_state_stratified,4,ConvexAll,AGC_132,4.13,4.50965303990846,-0.3796530399084599
fold_state_stratified,4,ConvexAll,AGC_140,3.2,3.217159238443332,-0.01715923844333167
fold_state_stratified,4,ConvexAll,AGC_144,2.5,2.9871958722602416,-0.48719587226024164
fold_state_stratified,4,ConvexAll,AGC_148,3.0,3.0731358095911054,-0.07313580959110544
fold_state_stratified,4,ConvexAll,AGC_152,4.87,4.565375813022517,0.30462418697748284
fold_state_stratified,4,ConvexAll,AGC_168,4.49,4.405404618797387,0.08459538120261278
fold_state_stratified,4,ConvexAll,AGC_170,3.0,3.258095684195488,-0.2580956841954878
fold_state_stratified,4,ConvexAll,AGC_171,2.15,4.409227388719385,-2.259227388719385
fold_state_stratified,4,ConvexAll,AGC_172,5.19,4.58591446058819,0.6040855394118108
fold_state_stratified,4,ConvexAll,AGC_176,4.38,4.307410687727898,0.07258931227210219
fold_state_stratified,4,ConvexAll,AGC_178,4.39,4.378095571894129,0.011904428105871112
fold_state_stratified,4,ConvexAll,AGC_181,4.51,4.395976648473493,0.114023351526507
fold_state_stratified,4,RidgeStack,AGC_007,3.5,3.1252064247141087,0.3747935752858913
fold_state_stratified,4,RidgeStack,AGC_012,4.69,4.668394740646533,0.021605259353467687
fold_state_stratified,4,RidgeStack,AGC_019,3.0,2.9110228781959435,0.08897712180405648
fold_state_stratified,4,RidgeStack,AGC_022,4.55,4.375942847614435,0.17405715238556496
fold_state_stratified,4,RidgeStack,AGC_026,3.55,4.276377799452291,-0.7263777994522913
fold_state_stratified,4,RidgeStack,AGC_041,2.5,3.2030194258109033,-0.7030194258109033
fold_state_stratified,4,RidgeStack,AGC_048,2.5,3.248222743511824,-0.7482227435118238
fold_state_stratified,4,RidgeStack,AGC_056,5.07,4.521224068432335,0.5487759315676657
fold_state_stratified,4,RidgeStack,AGC_080,3.5,3.087916708908725,0.41208329109127506
fold_state_stratified,4,RidgeStack,AGC_081,3.7,3.398148870058887,0.30185112994111307
fold_state_stratified,4,RidgeStack,AGC_099,3.5,3.2208612413827025,0.27913875861729753
fold_state_stratified,4,RidgeStack,AGC_104,4.56,4.300799736702681,0.25920026329731893
fold_state_stratified,4,RidgeStack,AGC_109,4.54,4.505278987317203,0.03472101268279726
fold_state_stratified,4,RidgeStack,AGC_115,4.6,4.151940166340876,0.4480598336591237
fold_state_stratified,4,RidgeStack,AGC_122,3.5,2.917611182076845,0.5823888179231549
fold_state_stratified,4,RidgeStack,AGC_132,4.13,4.465066373648294,-0.33506637364829395
fold_state_stratified,4,RidgeStack,AGC_140,3.2,3.0480339445405695,0.15196605545943065
fold_state_stratified,4,RidgeStack,AGC_144,2.5,2.9398543776044628,-0.4398543776044628
fold_state_stratified,4,RidgeStack,AGC_148,3.0,3.0223807166059125,-0.022380716605912454
fold_state_stratified,4,RidgeStack,AGC_152,4.87,4.556162629621863,0.3138373703781374
fold_state_stratified,4,RidgeStack,AGC_168,4.49,4.545568869060611,-0.05556886906061109
fold_state_stratified,4,RidgeStack,AGC_170,3.0,3.119483791183936,-0.11948379118393593
fold_state_stratified,4,RidgeStack,AGC_171,2.15,4.373368507335772,-2.223368507335772
fold_state_stratified,4,RidgeStack,AGC_172,5.19,4.606563150453989,0.5834368495460112
fold_state_stratified,4,RidgeStack,AGC_176,4.38,4.271591059730069,0.10840894026993109
fold_state_stratified,4,RidgeStack,AGC_178,4.39,4.3431683619407835,0.046831638059216196
fold_state_stratified,4,RidgeStack,AGC_181,4.51,4.473902383167098,0.03609761683290191
fold_state_stratified,4,ElasticNetStack,AGC_007,3.5,3.149144012499158,0.3508559875008421
fold_state_stratified,4,ElasticNetStack,AGC_012,4.69,4.6655839131079,0.024416086892100175
fold_state_stratified,4,ElasticNetStack,AGC_019,3.0,2.9281989437217133,0.0718010562782867
fold_state_stratified,4,ElasticNetStack,AGC_022,4.55,4.362733703981325,0.18726629601867462
fold_state_stratified,4,ElasticNetStack,AGC_026,3.55,4.294561777944192,-0.7445617779441918
fold_state_stratified,4,ElasticNetStack,AGC_041,2.5,3.2216877797299204,-0.7216877797299204
fold_state_stratified,4,ElasticNetStack,AGC_048,2.5,3.3101953276318086,-0.8101953276318086
fold_state_stratified,4,ElasticNetStack,AGC_056,5.07,4.53181107933367,0.5381889206663306
fold_state_stratified,4,ElasticNetStack,AGC_080,3.5,3.130675169068291,0.369324830931709
fold_state_stratified,4,ElasticNetStack,AGC_081,3.7,3.368741097511882,0.33125890248811807
fold_state_stratified,4,ElasticNetStack,AGC_099,3.5,3.2134562965433373,0.2865437034566627
fold_state_stratified,4,ElasticNetStack,AGC_104,4.56,4.305152666706022,0.254847333293978
fold_state_stratified,4,ElasticNetStack,AGC_109,4.54,4.514187746032575,0.025812253967425036
fold_state_stratified,4,ElasticNetStack,AGC_115,4.6,4.164830225404704,0.4351697745952956
fold_state_stratified,4,ElasticNetStack,AGC_122,3.5,2.9321074404109204,0.5678925595890796
fold_state_stratified,4,ElasticNetStack,AGC_132,4.13,4.476325595095094,-0.3463255950950943
fold_state_stratified,4,ElasticNetStack,AGC_140,3.2,3.1040731086084086,0.0959268913915916
fold_state_stratified,4,ElasticNetStack,AGC_144,2.5,2.945712950420326,-0.4457129504203259
fold_state_stratified,4,ElasticNetStack,AGC_148,3.0,3.020940912556753,-0.02094091255675279
fold_state_stratified,4,ElasticNetStack,AGC_152,4.87,4.546800020154828,0.3231999798451719
fold_state_stratified,4,ElasticNetStack,AGC_168,4.49,4.505368322723502,-0.015368322723501748
fold_state_stratified,4,ElasticNetStack,AGC_170,3.0,3.1756142352616448,-0.17561423526164477
fold_state_stratified,4,ElasticNetStack,AGC_171,2.15,4.377340301735324,-2.227340301735324
fold_state_stratified,4,ElasticNetStack,AGC_172,5.19,4.579188664815939,0.6108113351840618
fold_state_stratified,4,ElasticNetStack,AGC_176,4.38,4.284481265074993,0.09551873492500729
fold_state_stratified,4,ElasticNetStack,AGC_178,4.39,4.356859695643897,0.03314030435610249
fold_state_stratified,4,ElasticNetStack,AGC_181,4.51,4.446315749608737,0.06368425039126269
fold_state_stratified,4,HuberStack,AGC_007,3.5,3.113593963606607,0.3864060363933932
fold_state_stratified,4,HuberStack,AGC_012,4.69,4.639945949243679,0.05005405075632119
fold_state_stratified,4,HuberStack,AGC_019,3.0,2.8713228974724148,0.12867710252758524
fold_state_stratified,4,HuberStack,AGC_022,4.55,4.460894867879358,0.08910513212064153
fold_state_stratified,4,HuberStack,AGC_026,3.55,4.246494926423513,-0.6964949264235134
fold_state_stratified,4,HuberStack,AGC_041,2.5,3.178696044250871,-0.6786960442508709
fold_state_stratified,4,HuberStack,AGC_048,2.5,2.9212429528834694,-0.42124295288346936
fold_state_stratified,4,HuberStack,AGC_056,5.07,4.547244420463481,0.5227555795365193
fold_state_stratified,4,HuberStack,AGC_080,3.5,2.984845958104601,0.515154041895399
fold_state_stratified,4,HuberStack,AGC_081,3.7,3.591760530436202,0.10823946956379826
fold_state_stratified,4,HuberStack,AGC_099,3.5,3.234271527582396,0.2657284724176039
fold_state_stratified,4,HuberStack,AGC_104,4.56,4.287996348814585,0.2720036511854147
fold_state_stratified,4,HuberStack,AGC_109,4.54,4.507526833361708,0.03247316663829203
fold_state_stratified,4,HuberStack,AGC_115,4.6,4.154712876037834,0.4452871239621654
fold_state_stratified,4,HuberStack,AGC_122,3.5,2.9171460732017276,0.5828539267982724
fold_state_stratified,4,HuberStack,AGC_132,4.13,4.3957226987712135,-0.2657226987712136
fold_state_stratified,4,HuberStack,AGC_140,3.2,2.999296798478641,0.200703201521359
fold_state_stratified,4,HuberStack,AGC_144,2.5,2.963765039189286,-0.463765039189286
fold_state_stratified,4,HuberStack,AGC_148,3.0,3.039762614991454,-0.03976261499145384
fold_state_stratified,4,HuberStack,AGC_152,4.87,4.617821021159171,0.2521789788408295
fold_state_stratified,4,HuberStack,AGC_168,4.49,4.689724097927724,-0.1997240979277235
fold_state_stratified,4,HuberStack,AGC_170,3.0,2.9073926519238946,0.09260734807610538
fold_state_stratified,4,HuberStack,AGC_171,2.15,4.4220318529825455,-2.2720318529825456
fold_state_stratified,4,HuberStack,AGC_172,5.19,4.693026944648831,0.49697305535116953
fold_state_stratified,4,HuberStack,AGC_176,4.38,4.246581536932146,0.1334184630678541
fold_state_stratified,4,HuberStack,AGC_178,4.39,4.426444704225751,-0.03644470422575097
fold_state_stratified,4,HuberStack,AGC_181,4.51,4.588217006339977,-0.07821700633997697
fold_state_stratified,4,ExtraTreesStack,AGC_007,3.5,3.0260348485684077,0.47396515143159235
fold_state_stratified,4,ExtraTreesStack,AGC_012,4.69,4.577716025560383,0.11228397443961757
fold_state_stratified,4,ExtraTreesStack,AGC_019,3.0,3.0228862645025574,-0.022886264502557374
fold_state_stratified,4,ExtraTreesStack,AGC_022,4.55,4.41427993674778,0.13572006325221952
fold_state_stratified,4,ExtraTreesStack,AGC_026,3.55,4.478867872119294,-0.9288678721192944
fold_state_stratified,4,ExtraTreesStack,AGC_041,2.5,3.0944426312770177,-0.5944426312770177
fold_state_stratified,4,ExtraTreesStack,AGC_048,2.5,3.173878003791238,-0.6738780037912382
fold_state_stratified,4,ExtraTreesStack,AGC_056,5.07,4.614443670420085,0.455556329579915
fold_state_stratified,4,ExtraTreesStack,AGC_080,3.5,3.0126079312684584,0.4873920687315416
fold_state_stratified,4,ExtraTreesStack,AGC_081,3.7,3.171838778240105,0.5281612217598952
fold_state_stratified,4,ExtraTreesStack,AGC_099,3.5,3.0128001680466028,0.4871998319533972
fold_state_stratified,4,ExtraTreesStack,AGC_104,4.56,4.438212771977308,0.12178722802269171
fold_state_stratified,4,ExtraTreesStack,AGC_109,4.54,4.549296164257267,-0.009296164257267314
fold_state_stratified,4,ExtraTreesStack,AGC_115,4.6,4.267370788064244,0.3326292119357559
fold_state_stratified,4,ExtraTreesStack,AGC_122,3.5,3.1085358991790533,0.39146410082094674
fold_state_stratified,4,ExtraTreesStack,AGC_132,4.13,4.552537254969831,-0.4225372549698312
fold_state_stratified,4,ExtraTreesStack,AGC_140,3.2,3.014237968679989,0.185762031320011
fold_state_stratified,4,ExtraTreesStack,AGC_144,2.5,3.0067592476833456,-0.5067592476833456
fold_state_stratified,4,ExtraTreesStack,AGC_148,3.0,3.018032382889483,-0.018032382889483056
fold_state_stratified,4,ExtraTreesStack,AGC_152,4.87,4.5883866517303105,0.28161334826968965
fold_state_stratified,4,ExtraTreesStack,AGC_168,4.49,4.596062800922243,-0.10606280092224285
fold_state_stratified,4,ExtraTreesStack,AGC_170,3.0,3.012077124180525,-0.01207712418052509
fold_state_stratified,4,ExtraTreesStack,AGC_171,2.15,4.456331896741124,-2.3063318967411237
fold_state_stratified,4,ExtraTreesStack,AGC_172,5.19,4.589042088990371,0.6009579110096297
fold_state_stratified,4,ExtraTreesStack,AGC_176,4.38,4.32715208132193,0.05284791867806948
fold_state_stratified,4,ExtraTreesStack,AGC_178,4.39,4.3070444671977235,0.08295553280227619
fold_state_stratified,4,ExtraTreesStack,AGC_181,4.51,4.573844534911779,-0.06384453491177933
fold_state_stratified,4,HistGBStack,AGC_007,3.5,3.0057231396063613,0.4942768603936387
fold_state_stratified,4,HistGBStack,AGC_012,4.69,4.185381493799983,0.5046185062000177
fold_state_stratified,4,HistGBStack,AGC_019,3.0,3.0840078350521294,-0.08400783505212939
fold_state_stratified,4,HistGBStack,AGC_022,4.55,4.401740609143646,0.14825939085635387
fold_state_stratified,4,HistGBStack,AGC_026,3.55,4.554796365755235,-1.0047963657552348
fold_state_stratified,4,HistGBStack,AGC_041,2.5,3.1730188577116585,-0.6730188577116585
fold_state_stratified,4,HistGBStack,AGC_048,2.5,3.3307659330036303,-0.8307659330036303
fold_state_stratified,4,HistGBStack,AGC_056,5.07,4.81296444156659,0.25703555843340986
fold_state_stratified,4,HistGBStack,AGC_080,3.5,2.909812930310869,0.5901870696891311
fold_state_stratified,4,HistGBStack,AGC_081,3.7,3.4484277217510573,0.2515722782489429
fold_state_stratified,4,HistGBStack,AGC_099,3.5,2.969758486806482,0.5302415131935181
fold_state_stratified,4,HistGBStack,AGC_104,4.56,4.537579644705817,0.022420355294182848
fold_state_stratified,4,HistGBStack,AGC_109,4.54,4.625335287025761,-0.0853352870257611
fold_state_stratified,4,HistGBStack,AGC_115,4.6,4.070228671700349,0.5297713282996508
fold_state_stratified,4,HistGBStack,AGC_122,3.5,3.169014093845722,0.3309859061542779
fold_state_stratified,4,HistGBStack,AGC_132,4.13,4.433242744425993,-0.30324274442599286
fold_state_stratified,4,HistGBStack,AGC_140,3.2,2.868838105859292,0.33116189414070796
fold_state_stratified,4,HistGBStack,AGC_144,2.5,3.044352975016059,-0.544352975016059
fold_state_stratified,4,HistGBStack,AGC_148,3.0,3.1079881454888745,-0.10798814548887448
fold_state_stratified,4,HistGBStack,AGC_152,4.87,4.545085802933768,0.32491419706623237
fold_state_stratified,4,HistGBStack,AGC_168,4.49,4.720253011957226,-0.2302530119572257
fold_state_stratified,4,HistGBStack,AGC_170,3.0,2.8750967124153317,0.12490328758466829
fold_state_stratified,4,HistGBStack,AGC_171,2.15,4.513143729315459,-2.363143729315459
fold_state_stratified,4,HistGBStack,AGC_172,5.19,4.635145804298196,0.5548541957018047
fold_state_stratified,4,HistGBStack,AGC_176,4.38,4.298201614582655,0.08179838541734519
fold_state_stratified,4,HistGBStack,AGC_178,4.39,4.011399529821427,0.378600470178573
fold_state_stratified,4,HistGBStack,AGC_181,4.51,4.5364008668670746,-0.026400866867074768
fold_state_stratified,5,EqualTop3,AGC_001,3.5,2.7612989403236745,0.7387010596763255
fold_state_stratified,5,EqualTop3,AGC_002,4.63,4.4846552432399385,0.14534475676006142
fold_state_stratified,5,EqualTop3,AGC_006,4.49,4.180627027541143,0.3093729724588572
fold_state_stratified,5,EqualTop3,AGC_013,4.01,4.344228506405652,-0.33422850640565205
fold_state_stratified,5,EqualTop3,AGC_020,3.5,3.1322282160904056,0.3677717839095944
fold_state_stratified,5,EqualTop3,AGC_034,2.0,3.328020273013449,-1.3280202730134492
fold_state_stratified,5,EqualTop3,AGC_035,4.68,3.8878591040375405,0.7921408959624592
fold_state_stratified,5,EqualTop3,AGC_046,3.0,2.7660174604844303,0.2339825395155697
fold_state_stratified,5,EqualTop3,AGC_057,4.55,4.702917130764987,-0.1529171307649868
fold_state_stratified,5,EqualTop3,AGC_060,4.52,4.708923564542012,-0.1889235645420122
fold_state_stratified,5,EqualTop3,AGC_084,4.54,4.583075339186737,-0.04307533918673734
fold_state_stratified,5,EqualTop3,AGC_092,4.57,4.196187029123788,0.37381297087621235
fold_state_stratified,5,EqualTop3,AGC_096,4.59,4.175012803846658,0.41498719615334156
fold_state_stratified,5,EqualTop3,AGC_101,4.57,4.152084871730904,0.4179151282690965
fold_state_stratified,5,EqualTop3,AGC_105,4.41,4.425888713440776,-0.015888713440776137
fold_state_stratified,5,EqualTop3,AGC_114,3.0,2.904866876888027,0.0951331231119732
fold_state_stratified,5,EqualTop3,AGC_123,2.5,2.8618757451827896,-0.36187574518278964
fold_state_stratified,5,EqualTop3,AGC_137,4.54,4.546511602191413,-0.006511602191412891
fold_state_stratified,5,EqualTop3,AGC_141,3.5,3.0306185078307455,0.4693814921692545
fold_state_stratified,5,EqualTop3,AGC_146,4.58,4.479735423116929,0.10026457688307122
fold_state_stratified,5,EqualTop3,AGC_162,5.59,4.486134439745215,1.1038655602547847
fold_state_stratified,5,EqualTop3,AGC_169,2.5,2.9251002322667756,-0.4251002322667756
fold_state_stratified,5,EqualTop3,AGC_179,4.55,4.440586608920449,0.10941339107955095
fold_state_stratified,5,EqualTop3,AGC_184,4.47,4.232526291777169,0.2374737082228311
fold_state_stratified,5,EqualTop3,AGC_185,5.01,4.457545484722112,0.5524545152778879
fold_state_stratified,5,EqualTop3,AGC_189,4.03,4.211126034951954,-0.18112603495195412
fold_state_stratified,5,EqualTop3,AGC_195,3.68,4.229104798243412,-0.5491047982434121
fold_state_stratified,5,MeanAll,AGC_001,3.5,2.629204397639977,0.870795602360023
fold_state_stratified,5,MeanAll,AGC_002,4.63,4.6051520483194714,0.024847951680528446
fold_state_stratified,5,MeanAll,AGC_006,4.49,4.246862867029065,0.24313713297093553
fold_state_stratified,5,MeanAll,AGC_013,4.01,4.425834635661347,-0.41583463566134693
fold_state_stratified,5,MeanAll,AGC_020,3.5,3.1463419913388324,0.3536580086611676
fold_state_stratified,5,MeanAll,AGC_034,2.0,3.374740264998364,-1.3747402649983642
fold_state_stratified,5,MeanAll,AGC_035,4.68,3.8802325245168574,0.7997674754831423
fold_state_stratified,5,MeanAll,AGC_046,3.0,2.707406582222583,0.2925934177774172
fold_state_stratified,5,MeanAll,AGC_057,4.55,4.693366322915243,-0.14336632291524332
fold_state_stratified,5,MeanAll,AGC_060,4.52,4.699395427639934,-0.17939542763993455
fold_state_stratified,5,MeanAll,AGC_084,4.54,4.610353120683863,-0.07035312068386279
fold_state_stratified,5,MeanAll,AGC_092,4.57,4.286689814393485,0.2833101856065152
fold_state_stratified,5,MeanAll,AGC_096,4.59,4.101478432884201,0.4885215671157992
fold_state_stratified,5,MeanAll,AGC_101,4.57,4.097438262827503,0.47256173717249705
fold_state_stratified,5,MeanAll,AGC_105,4.41,4.43106827198987,-0.02106827198987027
fold_state_stratified,5,MeanAll,AGC_114,3.0,2.859795612141009,0.14020438785899092
fold_state_stratified,5,MeanAll,AGC_123,2.5,2.794352838123722,-0.2943528381237219
fold_state_stratified,5,MeanAll,AGC_137,4.54,4.591546093213566,-0.05154609321356585
fold_state_stratified,5,MeanAll,AGC_141,3.5,2.9956074776956956,0.5043925223043044
fold_state_stratified,5,MeanAll,AGC_146,4.58,4.412231669136706,0.1677683308632938
fold_state_stratified,5,MeanAll,AGC_162,5.59,4.442921055654295,1.1470789443457052
fold_state_stratified,5,MeanAll,AGC_169,2.5,2.9258958328998377,-0.4258958328998377
fold_state_stratified,5,MeanAll,AGC_179,4.55,4.474987810698456,0.07501218930154341
fold_state_stratified,5,MeanAll,AGC_184,4.47,4.226479955767617,0.24352004423238238
fold_state_stratified,5,MeanAll,AGC_185,5.01,4.47487863938135,0.5351213606186498
fold_state_stratified,5,MeanAll,AGC_189,4.03,4.1927314562523605,-0.1627314562523603
fold_state_stratified,5,MeanAll,AGC_195,3.68,4.234086164459059,-0.5540861644590591
fold_state_stratified,5,ConvexAll,AGC_001,3.5,2.6714283739546554,0.8285716260453446
fold_state_stratified,5,ConvexAll,AGC_002,4.63,4.56244676830244,0.06755323169756
fold_state_stratified,5,ConvexAll,AGC_006,4.49,4.209468514397756,0.2805314856022445
fold_state_stratified,5,ConvexAll,AGC_013,4.01,4.4112165441521345,-0.4012165441521347
fold_state_stratified,5,ConvexAll,AGC_020,3.5,3.2050759779938365,0.2949240220061635
fold_state_stratified,5,ConvexAll,AGC_034,2.0,3.3719057690985808,-1.3719057690985808
fold_state_stratified,5,ConvexAll,AGC_035,4.68,3.9308294400881882,0.7491705599118115
fold_state_stratified,5,ConvexAll,AGC_046,3.0,2.7593647956890566,0.24063520431094343
fold_state_stratified,5,ConvexAll,AGC_057,4.55,4.719957344236423,-0.1699573442364235
fold_state_stratified,5,ConvexAll,AGC_060,4.52,4.683406114641649,-0.16340611464164922
fold_state_stratified,5,ConvexAll,AGC_084,4.54,4.621472734284468,-0.08147273428446766
fold_state_stratified,5,ConvexAll,AGC_092,4.57,4.254871519338305,0.31512848066169497
fold_state_stratified,5,ConvexAll,AGC_096,4.59,4.096436533914522,0.49356346608547774
fold_state_stratified,5,ConvexAll,AGC_101,4.57,4.088603759519432,0.48139624048056806
fold_state_stratified,5,ConvexAll,AGC_105,4.41,4.464960836614335,-0.054960836614334596
fold_state_stratified,5,ConvexAll,AGC_114,3.0,2.857083578901867,0.14291642109813285
fold_state_stratified,5,ConvexAll,AGC_123,2.5,2.7954447594393264,-0.29544475943932635
fold_state_stratified,5,ConvexAll,AGC_137,4.54,4.60528264469944,-0.06528264469944034
fold_state_stratified,5,ConvexAll,AGC_141,3.5,2.9953455879191786,0.5046544120808214
fold_state_stratified,5,ConvexAll,AGC_146,4.58,4.458960774023804,0.12103922597619565
fold_state_stratified,5,ConvexAll,AGC_162,5.59,4.395457030760658,1.1945429692393414
fold_state_stratified,5,ConvexAll,AGC_169,2.5,2.9687500504338367,-0.46875005043383666
fold_state_stratified,5,ConvexAll,AGC_179,4.55,4.499532010198452,0.05046798980154765
fold_state_stratified,5,ConvexAll,AGC_184,4.47,4.275893802391288,0.19410619760871217
fold_state_stratified,5,ConvexAll,AGC_185,5.01,4.432299076522589,0.5777009234774111
fold_state_stratified,5,ConvexAll,AGC_189,4.03,4.160896764218469,-0.13089676421846885
fold_state_stratified,5,ConvexAll,AGC_195,3.68,4.255477954021581,-0.5754779540215806
fold_state_stratified,5,RidgeStack,AGC_001,3.5,2.7724083040746774,0.7275916959253226
fold_state_stratified,5,RidgeStack,AGC_002,4.63,4.625020490162856,0.004979509837143681
fold_state_stratified,5,RidgeStack,AGC_006,4.49,4.266852012092185,0.2231479879078151
fold_state_stratified,5,RidgeStack,AGC_013,4.01,4.384650104929804,-0.37465010492980433
fold_state_stratified,5,RidgeStack,AGC_020,3.5,3.2432019294236887,0.2567980705763113
fold_state_stratified,5,RidgeStack,AGC_034,2.0,3.350565390076939,-1.3505653900769392
fold_state_stratified,5,RidgeStack,AGC_035,4.68,3.8466504524793383,0.8333495475206614
fold_state_stratified,5,RidgeStack,AGC_046,3.0,2.7953121604502664,0.20468783954973357
fold_state_stratified,5,RidgeStack,AGC_057,4.55,4.683350423769099,-0.133350423769099
fold_state_stratified,5,RidgeStack,AGC_060,4.52,4.638548081487162,-0.11854808148716245
fold_state_stratified,5,RidgeStack,AGC_084,4.54,4.591087080443239,-0.05108708044323862
fold_state_stratified,5,RidgeStack,AGC_092,4.57,4.274264298439785,0.2957357015602149
fold_state_stratified,5,RidgeStack,AGC_096,4.59,4.084213983537234,0.5057860164627659
fold_state_stratified,5,RidgeStack,AGC_101,4.57,4.071144750739238,0.4988552492607621
fold_state_stratified,5,RidgeStack,AGC_105,4.41,4.372817757329144,0.03718224267085635
fold_state_stratified,5,RidgeStack,AGC_114,3.0,2.8557097706782937,0.14429022932170632
fold_state_stratified,5,RidgeStack,AGC_123,2.5,2.8857241692591846,-0.3857241692591846
fold_state_stratified,5,RidgeStack,AGC_137,4.54,4.55635692263585,-0.016356922635849536
fold_state_stratified,5,RidgeStack,AGC_141,3.5,2.9936443294371236,0.5063556705628764
fold_state_stratified,5,RidgeStack,AGC_146,4.58,4.520930711722377,0.059069288277623144
fold_state_stratified,5,RidgeStack,AGC_162,5.59,4.434423755824338,1.1555762441756618
fold_state_stratified,5,RidgeStack,AGC_169,2.5,2.928463691156212,-0.4284636911562121
fold_state_stratified,5,RidgeStack,AGC_179,4.55,4.411746245753675,0.1382537542463247
fold_state_stratified,5,RidgeStack,AGC_184,4.47,4.25904543652126,0.2109545634787393
fold_state_stratified,5,RidgeStack,AGC_185,5.01,4.444470054753705,0.5655299452462952
fold_state_stratified,5,RidgeStack,AGC_189,4.03,4.172291940141485,-0.14229194014148483
fold_state_stratified,5,RidgeStack,AGC_195,3.68,4.202094920303992,-0.5220949203039917
fold_state_stratified,5,ElasticNetStack,AGC_001,3.5,2.774089308672947,0.7259106913270532
fold_state_stratified,5,ElasticNetStack,AGC_002,4.63,4.652722586153262,-0.022722586153261837
fold_state_stratified,5,ElasticNetStack,AGC_006,4.49,4.283906062842032,0.2060939371579682
fold_state_stratified,5,ElasticNetStack,AGC_013,4.01,4.39805588145194,-0.38805588145194037
fold_state_stratified,5,ElasticNetStack,AGC_020,3.5,3.2504224648528814,0.24957753514711856
fold_state_stratified,5,ElasticNetStack,AGC_034,2.0,3.300896480525995,-1.3008964805259948
fold_state_stratified,5,ElasticNetStack,AGC_035,4.68,3.8409629298143613,0.8390370701856384
fold_state_stratified,5,ElasticNetStack,AGC_046,3.0,2.780273620749523,0.2197263792504769
fold_state_stratified,5,ElasticNetStack,AGC_057,4.55,4.754271937401937,-0.20427193740193683
fold_state_stratified,5,ElasticNetStack,AGC_060,4.52,4.658994562216957,-0.13899456221695772
fold_state_stratified,5,ElasticNetStack,AGC_084,4.54,4.633067005566404,-0.0930670055664038
fold_state_stratified,5,ElasticNetStack,AGC_092,4.57,4.2862611689317545,0.2837388310682458
fold_state_stratified,5,ElasticNetStack,AGC_096,4.59,4.093198170677738,0.496801829322262
fold_state_stratified,5,ElasticNetStack,AGC_101,4.57,4.064868798785591,0.5051312012144091
fold_state_stratified,5,ElasticNetStack,AGC_105,4.41,4.396757231803269,0.013242768196731092
fold_state_stratified,5,ElasticNetStack,AGC_114,3.0,2.7790497978268176,0.2209502021731824
fold_state_stratified,5,ElasticNetStack,AGC_123,2.5,2.845428046058619,-0.3454280460586192
fold_state_stratified,5,ElasticNetStack,AGC_137,4.54,4.588548469251999,-0.04854846925199929
fold_state_stratified,5,ElasticNetStack,AGC_141,3.5,2.931520107401491,0.5684798925985088
fold_state_stratified,5,ElasticNetStack,AGC_146,4.58,4.630776338582412,-0.05077633858241182
fold_state_stratified,5,ElasticNetStack,AGC_162,5.59,4.448469866137585,1.1415301338624149
fold_state_stratified,5,ElasticNetStack,AGC_169,2.5,2.8793007214432937,-0.37930072144329374
fold_state_stratified,5,ElasticNetStack,AGC_179,4.55,4.436408083950862,0.11359191604913743
fold_state_stratified,5,ElasticNetStack,AGC_184,4.47,4.32235896368827,0.14764103631172976
fold_state_stratified,5,ElasticNetStack,AGC_185,5.01,4.44802170099595,0.5619782990040498
fold_state_stratified,5,ElasticNetStack,AGC_189,4.03,4.164994031477964,-0.13499403147796407
fold_state_stratified,5,ElasticNetStack,AGC_195,3.68,4.218779189660805,-0.5387791896608047
fold_state_stratified,5,HuberStack,AGC_001,3.5,3.226707818322874,0.2732921816771259
fold_state_stratified,5,HuberStack,AGC_002,4.63,4.44160791140976,0.18839208859023948
fold_state_stratified,5,HuberStack,AGC_006,4.49,3.9319257774085186,0.5580742225914817
fold_state_stratified,5,HuberStack,AGC_013,4.01,4.5153067457877345,-0.5053067457877347
fold_state_stratified,5,HuberStack,AGC_020,3.5,3.228728406944069,0.27127159305593107
fold_state_stratified,5,HuberStack,AGC_034,2.0,3.354121611539254,-1.354121611539254
fold_state_stratified,5,HuberStack,AGC_035,4.68,4.134665492054852,0.5453345079451477
fold_state_stratified,5,HuberStack,AGC_046,3.0,2.9594063217672124,0.04059367823278759
fold_state_stratified,5,HuberStack,AGC_057,4.55,5.056153743185641,-0.5061537431856413
fold_state_stratified,5,HuberStack,AGC_060,4.52,4.368957815846472,0.15104218415352744
fold_state_stratified,5,HuberStack,AGC_084,4.54,4.855023562804375,-0.3150235628043747
fold_state_stratified,5,HuberStack,AGC_092,4.57,4.10653186782892,0.46346813217108007
fold_state_stratified,5,HuberStack,AGC_096,4.59,4.124553979660541,0.46544602033945903
fold_state_stratified,5,HuberStack,AGC_101,4.57,4.080405508452718,0.4895944915472823
fold_state_stratified,5,HuberStack,AGC_105,4.41,4.473981879578904,-0.063981879578904
fold_state_stratified,5,HuberStack,AGC_114,3.0,2.872048190471054,0.12795180952894603
fold_state_stratified,5,HuberStack,AGC_123,2.5,2.3727263380381896,0.12727366196181045
fold_state_stratified,5,HuberStack,AGC_137,4.54,4.558866860624842,-0.018866860624841664
fold_state_stratified,5,HuberStack,AGC_141,3.5,3.0071594773390213,0.49284052266097866
fold_state_stratified,5,HuberStack,AGC_146,4.58,5.510025221819063,-0.9300252218190632
fold_state_stratified,5,HuberStack,AGC_162,5.59,4.294012353594668,1.2959876464053321
fold_state_stratified,5,HuberStack,AGC_169,2.5,3.1906364493980646,-0.6906364493980646
fold_state_stratified,5,HuberStack,AGC_179,4.55,4.800129864370929,-0.2501298643709289
fold_state_stratified,5,HuberStack,AGC_184,4.47,4.91249657813749,-0.4424965781374901
fold_state_stratified,5,HuberStack,AGC_185,5.01,4.39498050642468,0.6150194935753195
fold_state_stratified,5,HuberStack,AGC_189,4.03,4.24573675623013,-0.21573675623012978
fold_state_stratified,5,HuberStack,AGC_195,3.68,4.106929716179612,-0.4269297161796115
fold_state_stratified,5,ExtraTreesStack,AGC_001,3.5,3.056793171661175,0.4432068283388251
fold_state_stratified,5,ExtraTreesStack,AGC_002,4.63,4.680137125921978,-0.050137125921978054
fold_state_stratified,5,ExtraTreesStack,AGC_006,4.49,4.359486291840984,0.13051370815901642
fold_state_stratified,5,ExtraTreesStack,AGC_013,4.01,4.47315987467828,-0.4631598746782801
fold_state_stratified,5,ExtraTreesStack,AGC_020,3.5,3.1427671341052124,0.35723286589478764
fold_state_stratified,5,ExtraTreesStack,AGC_034,2.0,3.16149252665952,-1.16149252665952
fold_state_stratified,5,ExtraTreesStack,AGC_035,4.68,3.8781366927365806,0.8018633072634191
fold_state_stratified,5,ExtraTreesStack,AGC_046,3.0,3.0552190499495526,-0.05521904994955262
fold_state_stratified,5,ExtraTreesStack,AGC_057,4.55,4.619712825718392,-0.06971282571839232
fold_state_stratified,5,ExtraTreesStack,AGC_060,4.52,4.5762453613366,-0.0562453613366003
fold_state_stratified,5,ExtraTreesStack,AGC_084,4.54,4.636402165387511,-0.09640216538751112
fold_state_stratified,5,ExtraTreesStack,AGC_092,4.57,4.386499063011214,0.18350093698878656
fold_state_stratified,5,ExtraTreesStack,AGC_096,4.59,4.290305932460615,0.29969406753938443
fold_state_stratified,5,ExtraTreesStack,AGC_101,4.57,4.272538856381823,0.2974611436181771
fold_state_stratified,5,ExtraTreesStack,AGC_105,4.41,4.446939825629287,-0.03693982562928699
fold_state_stratified,5,ExtraTreesStack,AGC_114,3.0,3.0398035496752582,-0.03980354967525823
fold_state_stratified,5,ExtraTreesStack,AGC_123,2.5,3.0578801908919435,-0.5578801908919435
fold_state_stratified,5,ExtraTreesStack,AGC_137,4.54,4.600639336689653,-0.060639336689653156
fold_state_stratified,5,ExtraTreesStack,AGC_141,3.5,3.0566306240516425,0.44336937594835746
fold_state_stratified,5,ExtraTreesStack,AGC_146,4.58,4.518525214988296,0.061474785011704114
fold_state_stratified,5,ExtraTreesStack,AGC_162,5.59,4.44765754413724,1.1423424558627602
fold_state_stratified,5,ExtraTreesStack,AGC_169,2.5,3.0686345418320102,-0.5686345418320102
fold_state_stratified,5,ExtraTreesStack,AGC_179,4.55,4.485417534427261,0.06458246557273917
fold_state_stratified,5,ExtraTreesStack,AGC_184,4.47,4.312191634000804,0.15780836599919557
fold_state_stratified,5,ExtraTreesStack,AGC_185,5.01,4.600623421237722,0.40937657876227806
fold_state_stratified,5,ExtraTreesStack,AGC_189,4.03,4.314881747978156,-0.28488174797815535
fold_state_stratified,5,ExtraTreesStack,AGC_195,3.68,4.356868080445416,-0.6768680804454159
fold_state_stratified,5,HistGBStack,AGC_001,3.5,3.152392264447941,0.3476077355520588
fold_state_stratified,5,HistGBStack,AGC_002,4.63,4.871012510197352,-0.24101251019735237
fold_state_stratified,5,HistGBStack,AGC_006,4.49,4.285894293200011,0.2041057067999894
fold_state_stratified,5,HistGBStack,AGC_013,4.01,4.676719496957395,-0.6667194969573949
fold_state_stratified,5,HistGBStack,AGC_020,3.5,3.2721280849412673,0.22787191505873272
fold_state_stratified,5,HistGBStack,AGC_034,2.0,2.988509806839663,-0.9885098068396632
fold_state_stratified,5,HistGBStack,AGC_035,4.68,3.7354486509543006,0.9445513490456992
fold_state_stratified,5,HistGBStack,AGC_046,3.0,2.8888249932249543,0.11117500677504566
fold_state_stratified,5,HistGBStack,AGC_057,4.55,4.454222251548307,0.09577774845169262
fold_state_stratified,5,HistGBStack,AGC_060,4.52,4.234714976221441,0.2852850237785587
fold_state_stratified,5,HistGBStack,AGC_084,4.54,4.835054241093011,-0.2950542410930108
fold_state_stratified,5,HistGBStack,AGC_092,4.57,4.623602183519325,-0.053602183519324775
fold_state_stratified,5,HistGBStack,AGC_096,4.59,4.088606583443571,0.5013934165564287
fold_state_stratified,5,HistGBStack,AGC_101,4.57,3.860193619234009,0.7098063807659911
fold_state_stratified,5,HistGBStack,AGC_105,4.41,4.4370501109076,-0.027050110907599567
fold_state_stratified,5,HistGBStack,AGC_114,3.0,2.9680389265601246,0.03196107343987542
fold_state_stratified,5,HistGBStack,AGC_123,2.5,3.1828160077935084,-0.6828160077935084
fold_state_stratified,5,HistGBStack,AGC_137,4.54,4.166046937262169,0.37395306273783113
fold_state_stratified,5,HistGBStack,AGC_141,3.5,3.1124669155548155,0.38753308444518453
fold_state_stratified,5,HistGBStack,AGC_146,4.58,4.2584510559367565,0.3215489440632435
fold_state_stratified,5,HistGBStack,AGC_162,5.59,4.469196537039117,1.1208034629608825
fold_state_stratified,5,HistGBStack,AGC_169,2.5,3.0359626996855273,-0.5359626996855273
fold_state_stratified,5,HistGBStack,AGC_179,4.55,4.581355884906598,-0.03135588490659824
fold_state_stratified,5,HistGBStack,AGC_184,4.47,4.06654076007149,0.40345923992850974
fold_state_stratified,5,HistGBStack,AGC_185,5.01,4.7752199482742395,0.23478005172576033
fold_state_stratified,5,HistGBStack,AGC_189,4.03,4.466503759802148,-0.4365037598021475
fold_state_stratified,5,HistGBStack,AGC_195,3.68,4.5387176038119,-0.8587176038119
fold_municipality_grouped,1,EqualTop3,AGC_001,3.5,2.7905090716110164,0.7094909283889836
fold_municipality_grouped,1,EqualTop3,AGC_004,3.0,3.4484982618415176,-0.44849826184151764
fold_municipality_grouped,1,EqualTop3,AGC_019,3.0,2.9712683340598858,0.028731665940114226
fold_municipality_grouped,1,EqualTop3,AGC_020,3.5,3.3037859099446636,0.1962140900553364
fold_municipality_grouped,1,EqualTop3,AGC_023,3.0,3.4642168785166993,-0.46421687851669935
fold_municipality_grouped,1,EqualTop3,AGC_037,3.5,3.3805471023651017,0.1194528976348983
fold_municipality_grouped,1,EqualTop3,AGC_040,3.0,3.39560858047706,-0.39560858047705993
fold_municipality_grouped,1,EqualTop3,AGC_044,3.5,3.2420689641656524,0.2579310358343476
fold_municipality_grouped,1,EqualTop3,AGC_046,3.0,2.7912081487903784,0.20879185120962163
fold_municipality_grouped,1,EqualTop3,AGC_053,3.5,3.5147987312118083,-0.014798731211808303
fold_municipality_grouped,1,EqualTop3,AGC_054,2.5,2.8358890153089575,-0.33588901530895754
fold_municipality_grouped,1,EqualTop3,AGC_058,2.5,3.359321340118601,-0.8593213401186008
fold_municipality_grouped,1,EqualTop3,AGC_066,3.0,3.402639287840918,-0.40263928784091796
fold_municipality_grouped,1,EqualTop3,AGC_068,2.5,3.3100684442601,-0.8100684442601
fold_municipality_grouped,1,EqualTop3,AGC_074,2.5,2.972209145465461,-0.4722091454654609
fold_municipality_grouped,1,EqualTop3,AGC_098,3.0,3.0967352421993453,-0.09673524219934526
fold_municipality_grouped,1,EqualTop3,AGC_099,3.5,3.662994805876614,-0.1629948058766142
fold_municipality_grouped,1,EqualTop3,AGC_103,3.0,2.8710189037068687,0.12898109629313126
fold_municipality_grouped,1,EqualTop3,AGC_112,3.0,3.294293111781249,-0.29429311178124884
fold_municipality_grouped,1,EqualTop3,AGC_114,3.0,2.9271030195456738,0.07289698045432624
fold_municipality_grouped,1,EqualTop3,AGC_117,3.5,3.6560180256893537,-0.15601802568935375
fold_municipality_grouped,1,EqualTop3,AGC_122,3.5,2.82309830605196,0.6769016939480399
fold_municipality_grouped,1,EqualTop3,AGC_123,2.5,2.7299578086010907,-0.22995780860109072
fold_municipality_grouped,1,EqualTop3,AGC_138,2.5,3.578380317437368,-1.078380317437368
fold_municipality_grouped,1,EqualTop3,AGC_141,3.5,3.238805828423557,0.261194171576443
fold_municipality_grouped,1,EqualTop3,AGC_144,2.5,2.8656708300338365,-0.3656708300338365
fold_municipality_grouped,1,EqualTop3,AGC_145,3.5,2.86541302218228,0.6345869778177202
fold_municipality_grouped,1,EqualTop3,AGC_157,3.0,3.335731709264282,-0.335731709264282
fold_municipality_grouped,1,EqualTop3,AGC_163,3.0,3.2301821675141364,-0.23018216751413645
fold_municipality_grouped,1,EqualTop3,AGC_169,2.5,3.2747463424396273,-0.7747463424396273
fold_municipality_grouped,1,EqualTop3,AGC_170,3.0,3.495152957045192,-0.495152957045192
fold_municipality_grouped,1,EqualTop3,AGC_187,3.0,3.3634710933146663,-0.3634710933146663
fold_municipality_grouped,1,EqualTop3,AGC_196,3.5,3.550213184079272,-0.05021318407927211
fold_municipality_grouped,1,MeanAll,AGC_001,3.5,2.5240045460881335,0.9759954539118665
fold_municipality_grouped,1,MeanAll,AGC_004,3.0,3.4250765864262,-0.42507658642619983
fold_municipality_grouped,1,MeanAll,AGC_019,3.0,2.9183109024928284,0.08168909750717157
fold_municipality_grouped,1,MeanAll,AGC_020,3.5,3.3063909825562803,0.19360901744371972
fold_municipality_grouped,1,MeanAll,AGC_023,3.0,3.5507636127549462,-0.5507636127549462
fold_municipality_grouped,1,MeanAll,AGC_037,3.5,3.4273683753240043,0.07263162467599571
fold_municipality_grouped,1,MeanAll,AGC_040,3.0,3.33310452154634,-0.33310452154633996
fold_municipality_grouped,1,MeanAll,AGC_044,3.5,3.282192521968784,0.21780747803121603
fold_municipality_grouped,1,MeanAll,AGC_046,3.0,2.8225886629724553,0.17741133702754475
fold_municipality_grouped,1,MeanAll,AGC_053,3.5,3.4763353923666735,0.02366460763332645
fold_municipality_grouped,1,MeanAll,AGC_054,2.5,2.865085585904789,-0.3650855859047888
fold_municipality_grouped,1,MeanAll,AGC_058,2.5,3.395498034884343,-0.8954980348843429
fold_municipality_grouped,1,MeanAll,AGC_066,3.0,3.408698593200415,-0.4086985932004148
fold_municipality_grouped,1,MeanAll,AGC_068,2.5,3.333455434761813,-0.833455434761813
fold_municipality_grouped,1,MeanAll,AGC_074,2.5,2.74344520997999,-0.2434452099799902
fold_municipality_grouped,1,MeanAll,AGC_098,3.0,2.8209570369137342,0.17904296308626577
fold_municipality_grouped,1,MeanAll,AGC_099,3.5,3.6161183568527684,-0.11611835685276839
fold_municipality_grouped,1,MeanAll,AGC_103,3.0,2.7975412331843246,0.20245876681567543
fold_municipality_grouped,1,MeanAll,AGC_112,3.0,3.352010376068305,-0.3520103760683049
fold_municipality_grouped,1,MeanAll,AGC_114,3.0,2.899630525982725,0.10036947401727492
fold_municipality_grouped,1,MeanAll,AGC_117,3.5,3.6270928905378277,-0.12709289053782769
fold_municipality_grouped,1,MeanAll,AGC_122,3.5,2.5778695796613276,0.9221304203386724
fold_municipality_grouped,1,MeanAll,AGC_123,2.5,2.6416064029262563,-0.14160640292625626
fold_municipality_grouped,1,MeanAll,AGC_138,2.5,3.615894636156809,-1.115894636156809
fold_municipality_grouped,1,MeanAll,AGC_141,3.5,3.1607180135512283,0.3392819864487717
fold_municipality_grouped,1,MeanAll,AGC_144,2.5,2.8711330145450416,-0.37113301454504155
fold_municipality_grouped,1,MeanAll,AGC_145,3.5,2.762326187312655,0.737673812687345
fold_municipality_grouped,1,MeanAll,AGC_157,3.0,3.230790471572824,-0.23079047157282417
fold_municipality_grouped,1,MeanAll,AGC_163,3.0,3.1547694517644973,-0.1547694517644973
fold_municipality_grouped,1,MeanAll,AGC_169,2.5,3.2625306368064124,-0.7625306368064124
fold_municipality_grouped,1,MeanAll,AGC_170,3.0,3.5816994280966177,-0.5816994280966177
fold_municipality_grouped,1,MeanAll,AGC_187,3.0,3.414898862244865,-0.41489886224486483
fold_municipality_grouped,1,MeanAll,AGC_196,3.5,3.5516837128537864,-0.05168371285378637
fold_municipality_grouped,1,ConvexAll,AGC_001,3.5,2.29264739244402,1.20735260755598
fold_municipality_grouped,1,ConvexAll,AGC_004,3.0,3.3629446535647283,-0.36294465356472827
fold_municipality_grouped,1,ConvexAll,AGC_019,3.0,2.8115654460769273,0.18843455392307273
fold_municipality_grouped,1,ConvexAll,AGC_020,3.5,3.211255877920447,0.288744122079553
fold_municipality_grouped,1,ConvexAll,AGC_023,3.0,3.514801566150315,-0.5148015661503149
fold_municipality_grouped,1,ConvexAll,AGC_037,3.5,3.3376683406323546,0.16233165936764538
fold_municipality_grouped,1,ConvexAll,AGC_040,3.0,3.1718684307236424,-0.17186843072364244
fold_municipality_grouped,1,ConvexAll,AGC_044,3.5,3.1608706799706736,0.3391293200293264
fold_municipality_grouped,1,ConvexAll,AGC_046,3.0,2.7126119959901347,0.2873880040098653
fold_municipality_grouped,1,ConvexAll,AGC_053,3.5,3.3715707132630763,0.12842928673692366
fold_municipality_grouped,1,ConvexAll,AGC_054,2.5,2.8154604376521286,-0.3154604376521286
fold_municipality_grouped,1,ConvexAll,AGC_058,2.5,3.3112500964105394,-0.8112500964105394
fold_municipality_grouped,1,ConvexAll,AGC_066,3.0,3.3114990696220414,-0.31149906962204144
fold_municipality_grouped,1,ConvexAll,AGC_068,2.5,3.2987510085204383,-0.7987510085204383
fold_municipality_grouped,1,ConvexAll,AGC_074,2.5,2.5741988671100473,-0.0741988671100473
fold_municipality_grouped,1,ConvexAll,AGC_098,3.0,2.6992465082997095,0.30075349170029053
fold_municipality_grouped,1,ConvexAll,AGC_099,3.5,3.4695412418508678,0.030458758149132237
fold_municipality_grouped,1,ConvexAll,AGC_103,3.0,2.6747938338414805,0.3252061661585195
fold_municipality_grouped,1,ConvexAll,AGC_112,3.0,3.2655891657126856,-0.26558916571268565
fold_municipality_grouped,1,ConvexAll,AGC_114,3.0,2.7930156913960973,0.2069843086039027
fold_municipality_grouped,1,ConvexAll,AGC_117,3.5,3.5527023390204917,-0.052702339020491706
fold_municipality_grouped,1,ConvexAll,AGC_122,3.5,2.392851009871986,1.1071489901280138
fold_municipality_grouped,1,ConvexAll,AGC_123,2.5,2.5012576549664685,-0.0012576549664684578
fold_municipality_grouped,1,ConvexAll,AGC_138,2.5,3.568873673711152,-1.0688736737111522
fold_municipality_grouped,1,ConvexAll,AGC_141,3.5,2.9964419436825467,0.5035580563174533
fold_municipality_grouped,1,ConvexAll,AGC_144,2.5,2.768731974619972,-0.2687319746199721
fold_municipality_grouped,1,ConvexAll,AGC_145,3.5,2.6421152614300087,0.8578847385699913
fold_municipality_grouped,1,ConvexAll,AGC_157,3.0,3.0402239047577932,-0.04022390475779325
fold_municipality_grouped,1,ConvexAll,AGC_163,3.0,3.002143635972785,-0.0021436359727848853
fold_municipality_grouped,1,ConvexAll,AGC_169,2.5,3.1379593169924305,-0.6379593169924305
fold_municipality_grouped,1,ConvexAll,AGC_170,3.0,3.525573138053695,-0.5255731380536952
fold_municipality_grouped,1,ConvexAll,AGC_187,3.0,3.3451730226080523,-0.34517302260805227
fold_municipality_grouped,1,ConvexAll,AGC_196,3.5,3.5025700510010402,-0.002570051001040241
fold_municipality_grouped,1,RidgeStack,AGC_001,3.5,4.408668044382941,-0.9086680443829414
fold_municipality_grouped,1,RidgeStack,AGC_004,3.0,4.429975879253542,-1.4299758792535417
fold_municipality_grouped,1,RidgeStack,AGC_019,3.0,4.631356858074416,-1.6313568580744162
fold_municipality_grouped,1,RidgeStack,AGC_020,3.5,4.420771392628791,-0.920771392628791
fold_municipality_grouped,1,RidgeStack,AGC_023,3.0,4.743213193745173,-1.7432131937451727
fold_municipality_grouped,1,RidgeStack,AGC_037,3.5,4.457006430376332,-0.9570064303763317
fold_municipality_grouped,1,RidgeStack,AGC_040,3.0,4.131861137344583,-1.1318611373445826
fold_municipality_grouped,1,RidgeStack,AGC_044,3.5,4.468048664478173,-0.9680486644781734
fold_municipality_grouped,1,RidgeStack,AGC_046,3.0,4.7436669637199165,-1.7436669637199165
fold_municipality_grouped,1,RidgeStack,AGC_053,3.5,4.267167634498381,-0.7671676344983807
fold_municipality_grouped,1,RidgeStack,AGC_054,2.5,5.197691809849332,-2.6976918098493323
fold_municipality_grouped,1,RidgeStack,AGC_058,2.5,4.380246038979059,-1.8802460389790587
fold_municipality_grouped,1,RidgeStack,AGC_066,3.0,4.281514271094819,-1.281514271094819
fold_municipality_grouped,1,RidgeStack,AGC_068,2.5,4.575779617450377,-2.075779617450377
fold_municipality_grouped,1,RidgeStack,AGC_074,2.5,4.375352259064909,-1.8753522590649094
fold_municipality_grouped,1,RidgeStack,AGC_098,3.0,4.453147151501293,-1.4531471515012928
fold_municipality_grouped,1,RidgeStack,AGC_099,3.5,4.114494140092548,-0.6144941400925479
fold_municipality_grouped,1,RidgeStack,AGC_103,3.0,4.626683084749968,-1.6266830847499678
fold_municipality_grouped,1,RidgeStack,AGC_112,3.0,4.483175772673688,-1.4831757726736878
fold_municipality_grouped,1,RidgeStack,AGC_114,3.0,4.6733857864594475,-1.6733857864594475
fold_municipality_grouped,1,RidgeStack,AGC_117,3.5,4.3177666797166205,-0.8177666797166205
fold_municipality_grouped,1,RidgeStack,AGC_122,3.5,4.384327219151428,-0.8843272191514284
fold_municipality_grouped,1,RidgeStack,AGC_123,2.5,4.9920108838741974,-2.4920108838741974
fold_municipality_grouped,1,RidgeStack,AGC_138,2.5,4.570738532961643,-2.0707385329616432
fold_municipality_grouped,1,RidgeStack,AGC_141,3.5,4.237800255600988,-0.7378002556009884
fold_municipality_grouped,1,RidgeStack,AGC_144,2.5,4.824356359062236,-2.324356359062236
fold_municipality_grouped,1,RidgeStack,AGC_145,3.5,4.842215338708085,-1.342215338708085
fold_municipality_grouped,1,RidgeStack,AGC_157,3.0,4.176141728838832,-1.1761417288388323
fold_municipality_grouped,1,RidgeStack,AGC_163,3.0,4.314062516963124,-1.3140625169631237
fold_municipality_grouped,1,RidgeStack,AGC_169,2.5,4.143856666828001,-1.6438566668280012
fold_municipality_grouped,1,RidgeStack,AGC_170,3.0,4.540073244928368,-1.5400732449283678
fold_municipality_grouped,1,RidgeStack,AGC_187,3.0,4.570005817827907,-1.5700058178279068
fold_municipality_grouped,1,RidgeStack,AGC_196,3.5,4.554502122238876,-1.0545021222388762
fold_municipality_grouped,1,ElasticNetStack,AGC_001,3.5,5.006046306817026,-1.5060463068170256
fold_municipality_grouped,1,ElasticNetStack,AGC_004,3.0,4.472128152844958,-1.4721281528449577
fold_municipality_grouped,1,ElasticNetStack,AGC_019,3.0,4.71514886586068,-1.7151488658606802
fold_municipality_grouped,1,ElasticNetStack,AGC_020,3.5,4.34893517938926,-0.8489351793892599
fold_municipality_grouped,1,ElasticNetStack,AGC_023,3.0,4.58831477471598,-1.5883147747159798
fold_municipality_grouped,1,ElasticNetStack,AGC_037,3.5,4.484306769773369,-0.9843067697733687
fold_municipality_grouped,1,ElasticNetStack,AGC_040,3.0,4.414912646548139,-1.4149126465481388
fold_municipality_grouped,1,ElasticNetStack,AGC_044,3.5,4.412458264981559,-0.9124582649815594
fold_municipality_grouped,1,ElasticNetStack,AGC_046,3.0,4.791828201974125,-1.7918282019741252
fold_municipality_grouped,1,ElasticNetStack,AGC_053,3.5,4.440761766836781,-0.9407617668367809
fold_municipality_grouped,1,ElasticNetStack,AGC_054,2.5,5.113895284631791,-2.6138952846317913
fold_municipality_grouped,1,ElasticNetStack,AGC_058,2.5,4.451672332685946,-1.9516723326859458
fold_municipality_grouped,1,ElasticNetStack,AGC_066,3.0,4.338269420623854,-1.3382694206238543
fold_municipality_grouped,1,ElasticNetStack,AGC_068,2.5,4.617483239848759,-2.1174832398487586
fold_municipality_grouped,1,ElasticNetStack,AGC_074,2.5,4.832981658604951,-2.332981658604951
fold_municipality_grouped,1,ElasticNetStack,AGC_098,3.0,5.250454994329241,-2.2504549943292407
fold_municipality_grouped,1,ElasticNetStack,AGC_099,3.5,4.349685873113372,-0.8496858731133718
fold_municipality_grouped,1,ElasticNetStack,AGC_103,3.0,4.751224960266773,-1.7512249602667733
fold_municipality_grouped,1,ElasticNetStack,AGC_112,3.0,4.510287806665827,-1.5102878066658274
fold_municipality_grouped,1,ElasticNetStack,AGC_114,3.0,4.816791504939241,-1.816791504939241
fold_municipality_grouped,1,ElasticNetStack,AGC_117,3.5,4.508482530545613,-1.0084825305456127
fold_municipality_grouped,1,ElasticNetStack,AGC_122,3.5,4.941581571985968,-1.4415815719859681
fold_municipality_grouped,1,ElasticNetStack,AGC_123,2.5,5.1157443733090835,-2.6157443733090835
fold_municipality_grouped,1,ElasticNetStack,AGC_138,2.5,4.5398622260362,-2.0398622260362
fold_municipality_grouped,1,ElasticNetStack,AGC_141,3.5,4.586894997113612,-1.0868949971136121
fold_municipality_grouped,1,ElasticNetStack,AGC_144,2.5,4.88427704004649,-2.3842770400464897
fold_municipality_grouped,1,ElasticNetStack,AGC_145,3.5,5.09921021603081,-1.5992102160308104
fold_municipality_grouped,1,ElasticNetStack,AGC_157,3.0,4.572903401118162,-1.572903401118162
fold_municipality_grouped,1,ElasticNetStack,AGC_163,3.0,4.612499132648923,-1.6124991326489226
fold_municipality_grouped,1,ElasticNetStack,AGC_169,2.5,4.363444779006968,-1.8634447790069677
fold_municipality_grouped,1,ElasticNetStack,AGC_170,3.0,4.41950344169141,-1.4195034416914103
fold_municipality_grouped,1,ElasticNetStack,AGC_187,3.0,4.467373441552393,-1.4673734415523931
fold_municipality_grouped,1,ElasticNetStack,AGC_196,3.5,4.382074525049582,-0.8820745250495818
fold_municipality_grouped,1,HuberStack,AGC_001,3.5,4.365909210153735,-0.8659092101537347
fold_municipality_grouped,1,HuberStack,AGC_004,3.0,4.2113967327920525,-1.2113967327920525
fold_municipality_grouped,1,HuberStack,AGC_019,3.0,4.416997848384284,-1.416997848384284
fold_municipality_grouped,1,HuberStack,AGC_020,3.5,4.485508907602102,-0.9855089076021022
fold_municipality_grouped,1,HuberStack,AGC_023,3.0,4.549995426040662,-1.5499954260406623
fold_municipality_grouped,1,HuberStack,AGC_037,3.5,3.9623297559575272,-0.46232975595752723
fold_municipality_grouped,1,HuberStack,AGC_040,3.0,3.773537748410104,-0.7735377484101038
fold_municipality_grouped,1,HuberStack,AGC_044,3.5,4.245787941224574,-0.7457879412245738
fold_municipality_grouped,1,HuberStack,AGC_046,3.0,4.072209200448405,-1.0722092004484054
fold_municipality_grouped,1,HuberStack,AGC_053,3.5,3.998004706806279,-0.4980047068062792
fold_municipality_grouped,1,HuberStack,AGC_054,2.5,4.761386974015113,-2.261386974015113
fold_municipality_grouped,1,HuberStack,AGC_058,2.5,3.9293899482691326,-1.4293899482691326
fold_municipality_grouped,1,HuberStack,AGC_066,3.0,3.884200646931451,-0.884200646931451
fold_municipality_grouped,1,HuberStack,AGC_068,2.5,4.171466257456528,-1.6714662574565278
fold_municipality_grouped,1,HuberStack,AGC_074,2.5,4.401812169181149,-1.9018121691811487
fold_municipality_grouped,1,HuberStack,AGC_098,3.0,4.494214809999596,-1.4942148099995958
fold_municipality_grouped,1,HuberStack,AGC_099,3.5,4.0609243564069475,-0.5609243564069475
fold_municipality_grouped,1,HuberStack,AGC_103,3.0,4.502329390922311,-1.502329390922311
fold_municipality_grouped,1,HuberStack,AGC_112,3.0,3.9819514661896767,-0.9819514661896767
fold_municipality_grouped,1,HuberStack,AGC_114,3.0,4.096329001379094,-1.096329001379094
fold_municipality_grouped,1,HuberStack,AGC_117,3.5,4.1522943661150915,-0.6522943661150915
fold_municipality_grouped,1,HuberStack,AGC_122,3.5,4.396852259291616,-0.8968522592916157
fold_municipality_grouped,1,HuberStack,AGC_123,2.5,4.72028442525009,-2.2202844252500897
fold_municipality_grouped,1,HuberStack,AGC_138,2.5,4.090818973485813,-1.5908189734858134
fold_municipality_grouped,1,HuberStack,AGC_141,3.5,3.9429812962793713,-0.44298129627937133
fold_municipality_grouped,1,HuberStack,AGC_144,2.5,4.458387233686187,-1.958387233686187
fold_municipality_grouped,1,HuberStack,AGC_145,3.5,4.749562745428632,-1.2495627454286318
fold_municipality_grouped,1,HuberStack,AGC_157,3.0,3.9532763994771125,-0.9532763994771125
fold_municipality_grouped,1,HuberStack,AGC_163,3.0,3.986458237960658,-0.9864582379606581
fold_municipality_grouped,1,HuberStack,AGC_169,2.5,3.7170384743895237,-1.2170384743895237
fold_municipality_grouped,1,HuberStack,AGC_170,3.0,4.381864212302933,-1.3818642123029328
fold_municipality_grouped,1,HuberStack,AGC_187,3.0,4.3567889853837265,-1.3567889853837265
fold_municipality_grouped,1,HuberStack,AGC_196,3.5,4.624196919601948,-1.124196919601948
fold_municipality_grouped,1,ExtraTreesStack,AGC_001,3.5,4.331492777051664,-0.8314927770516638
fold_municipality_grouped,1,ExtraTreesStack,AGC_004,3.0,4.344606695692936,-1.344606695692936
fold_municipality_grouped,1,ExtraTreesStack,AGC_019,3.0,4.332381013575487,-1.3323810135754872
fold_municipality_grouped,1,ExtraTreesStack,AGC_020,3.5,4.352204100687177,-0.8522041006871772
fold_municipality_grouped,1,ExtraTreesStack,AGC_023,3.0,4.36112255978119,-1.3611225597811902
fold_municipality_grouped,1,ExtraTreesStack,AGC_037,3.5,4.329694992049356,-0.8296949920493564
fold_municipality_grouped,1,ExtraTreesStack,AGC_040,3.0,4.328948828268966,-1.3289488282689659
fold_municipality_grouped,1,ExtraTreesStack,AGC_044,3.5,4.352223779203108,-0.8522237792031078
fold_municipality_grouped,1,ExtraTreesStack,AGC_046,3.0,4.330217872511758,-1.3302178725117582
fold_municipality_grouped,1,ExtraTreesStack,AGC_053,3.5,4.330536771968784,-0.8305367719687844
fold_municipality_grouped,1,ExtraTreesStack,AGC_054,2.5,4.329633757737644,-1.8296337577376436
fold_municipality_grouped,1,ExtraTreesStack,AGC_058,2.5,4.329973141978131,-1.8299731419781313
fold_municipality_grouped,1,ExtraTreesStack,AGC_066,3.0,4.345145458920449,-1.3451454589204488
fold_municipality_grouped,1,ExtraTreesStack,AGC_068,2.5,4.332361266710152,-1.8323612667101523
fold_municipality_grouped,1,ExtraTreesStack,AGC_074,2.5,4.330052036310923,-1.8300520363109234
fold_municipality_grouped,1,ExtraTreesStack,AGC_098,3.0,4.331492777051664,-1.3314927770516638
fold_municipality_grouped,1,ExtraTreesStack,AGC_099,3.5,4.330947084325272,-0.8309470843252722
fold_municipality_grouped,1,ExtraTreesStack,AGC_103,3.0,4.330284515267152,-1.3302845152671523
fold_municipality_grouped,1,ExtraTreesStack,AGC_112,3.0,4.331895674191289,-1.3318956741912888
fold_municipality_grouped,1,ExtraTreesStack,AGC_114,3.0,4.328596966010851,-1.328596966010851
fold_municipality_grouped,1,ExtraTreesStack,AGC_117,3.5,4.400204945672561,-0.9002049456725612
fold_municipality_grouped,1,ExtraTreesStack,AGC_122,3.5,4.331492777051664,-0.8314927770516638
fold_municipality_grouped,1,ExtraTreesStack,AGC_123,2.5,4.331718571164957,-1.8317185711649566
fold_municipality_grouped,1,ExtraTreesStack,AGC_138,2.5,4.378200612572266,-1.8782006125722663
fold_municipality_grouped,1,ExtraTreesStack,AGC_141,3.5,4.328410036181423,-0.8284100361814231
fold_municipality_grouped,1,ExtraTreesStack,AGC_144,2.5,4.330725376443014,-1.8307253764430138
fold_municipality_grouped,1,ExtraTreesStack,AGC_145,3.5,4.330300342857317,-0.830300342857317
fold_municipality_grouped,1,ExtraTreesStack,AGC_157,3.0,4.330816260558896,-1.3308162605588958
fold_municipality_grouped,1,ExtraTreesStack,AGC_163,3.0,4.328092407375043,-1.3280924073750429
fold_municipality_grouped,1,ExtraTreesStack,AGC_169,2.5,4.327779830360554,-1.8277798303605541
fold_municipality_grouped,1,ExtraTreesStack,AGC_170,3.0,4.364992210084589,-1.3649922100845888
fold_municipality_grouped,1,ExtraTreesStack,AGC_187,3.0,4.360615129244678,-1.3606151292446782
fold_municipality_grouped,1,ExtraTreesStack,AGC_196,3.5,4.360768479413029,-0.8607684794130286
fold_municipality_grouped,1,HistGBStack,AGC_001,3.5,4.31226701168586,-0.8122670116858597
fold_municipality_grouped,1,HistGBStack,AGC_004,3.0,4.150385002746137,-1.1503850027461366
fold_municipality_grouped,1,HistGBStack,AGC_019,3.0,4.208000051028948,-1.2080000510289484
fold_municipality_grouped,1,HistGBStack,AGC_020,3.5,4.702897794019472,-1.2028977940194716
fold_municipality_grouped,1,HistGBStack,AGC_023,3.0,4.3913899838346975,-1.3913899838346975
fold_municipality_grouped,1,HistGBStack,AGC_037,3.5,4.120777041659169,-0.6207770416591689
fold_municipality_grouped,1,HistGBStack,AGC_040,3.0,4.127734978346507,-1.1277349783465072
fold_municipality_grouped,1,HistGBStack,AGC_044,3.5,4.268415885681321,-0.7684158856813212
fold_municipality_grouped,1,HistGBStack,AGC_046,3.0,4.175556539135521,-1.1755565391355214
fold_municipality_grouped,1,HistGBStack,AGC_053,3.5,4.129587944967085,-0.6295879449670849
fold_municipality_grouped,1,HistGBStack,AGC_054,2.5,4.259130622155857,-1.7591306221558574
fold_municipality_grouped,1,HistGBStack,AGC_058,2.5,4.120777041659169,-1.620777041659169
fold_municipality_grouped,1,HistGBStack,AGC_066,3.0,4.124883331831682,-1.1248833318316818
fold_municipality_grouped,1,HistGBStack,AGC_068,2.5,4.2023587481252775,-1.7023587481252775
fold_municipality_grouped,1,HistGBStack,AGC_074,2.5,4.2961071867664,-1.7961071867663998
fold_municipality_grouped,1,HistGBStack,AGC_098,3.0,4.31226701168586,-1.3122670116858597
fold_municipality_grouped,1,HistGBStack,AGC_099,3.5,4.15581246514574,-0.6558124651457398
fold_municipality_grouped,1,HistGBStack,AGC_103,3.0,4.301169482057934,-1.3011694820579338
fold_municipality_grouped,1,HistGBStack,AGC_112,3.0,4.126399802215853,-1.126399802215853
fold_municipality_grouped,1,HistGBStack,AGC_114,3.0,4.159832241191942,-1.1598322411919417
fold_municipality_grouped,1,HistGBStack,AGC_117,3.5,4.29342534938968,-0.7934253493896799
fold_municipality_grouped,1,HistGBStack,AGC_122,3.5,4.31226701168586,-0.8122670116858597
fold_municipality_grouped,1,HistGBStack,AGC_123,2.5,4.272609325485258,-1.7726093254852584
fold_municipality_grouped,1,HistGBStack,AGC_138,2.5,4.351320693632818,-1.8513206936328181
fold_municipality_grouped,1,HistGBStack,AGC_141,3.5,4.166870340706333,-0.6668703407063328
fold_municipality_grouped,1,HistGBStack,AGC_144,2.5,4.127734978346507,-1.6277349783465072
fold_municipality_grouped,1,HistGBStack,AGC_145,3.5,4.268456088603241,-0.7684560886032408
fold_municipality_grouped,1,HistGBStack,AGC_157,3.0,4.241429767422184,-1.2414297674221837
fold_municipality_grouped,1,HistGBStack,AGC_163,3.0,4.2763201595663105,-1.2763201595663105
fold_municipality_grouped,1,HistGBStack,AGC_169,2.5,4.19249986527667,-1.6924998652766696
fold_municipality_grouped,1,HistGBStack,AGC_170,3.0,4.701591861003429,-1.701591861003429
fold_municipality_grouped,1,HistGBStack,AGC_187,3.0,4.461129802552024,-1.4611298025520236
fold_municipality_grouped,1,HistGBStack,AGC_196,3.5,4.590188535591248,-1.0901885355912482
fold_municipality_grouped,2,EqualTop3,AGC_007,3.5,3.877858238049081,-0.37785823804908114
fold_municipality_grouped,2,EqualTop3,AGC_034,2.0,4.00832672826472,-2.00832672826472
fold_municipality_grouped,2,EqualTop3,AGC_038,3.3,4.123581300991529,-0.8235813009915294
fold_municipality_grouped,2,EqualTop3,AGC_041,2.5,4.155229070540739,-1.6552290705407389
fold_municipality_grouped,2,EqualTop3,AGC_067,3.0,4.210223553701375,-1.2102235537013746
fold_municipality_grouped,2,EqualTop3,AGC_070,3.3,4.142737525569882,-0.8427375255698824
fold_municipality_grouped,2,EqualTop3,AGC_078,3.0,3.9736428994177238,-0.9736428994177238
fold_municipality_grouped,2,EqualTop3,AGC_079,3.3,3.903660339244556,-0.6036603392445561
fold_municipality_grouped,2,EqualTop3,AGC_080,3.5,3.9071279039724813,-0.40712790397248133
fold_municipality_grouped,2,EqualTop3,AGC_081,3.7,4.245254031711414,-0.5452540317114138
fold_municipality_grouped,2,EqualTop3,AGC_089,3.0,3.9044099427689076,-0.9044099427689076
fold_municipality_grouped,2,EqualTop3,AGC_121,3.3,3.89739672667053,-0.5973967266705302
fold_municipality_grouped,2,EqualTop3,AGC_140,3.2,3.9572634225053975,-0.7572634225053974
fold_municipality_grouped,2,EqualTop3,AGC_148,3.0,3.8010915740572457,-0.8010915740572457
fold_municipality_grouped,2,EqualTop3,AGC_166,2.5,4.20525439761552,-1.7052543976155201
fold_municipality_grouped,2,EqualTop3,AGC_194,3.2,4.225635820243014,-1.0256358202430143
fold_municipality_grouped,2,MeanAll,AGC_007,3.5,3.910076592062724,-0.41007659206272384
fold_municipality_grouped,2,MeanAll,AGC_034,2.0,4.079469606102758,-2.0794696061027578
fold_municipality_grouped,2,MeanAll,AGC_038,3.3,4.1654726478693345,-0.8654726478693346
fold_municipality_grouped,2,MeanAll,AGC_041,2.5,4.180910784573544,-1.6809107845735438
fold_municipality_grouped,2,MeanAll,AGC_067,3.0,4.171162074267799,-1.1711620742677988
fold_municipality_grouped,2,MeanAll,AGC_070,3.3,4.154217640292744,-0.8542176402927444
fold_municipality_grouped,2,MeanAll,AGC_078,3.0,3.9855746302961945,-0.9855746302961945
fold_municipality_grouped,2,MeanAll,AGC_079,3.3,3.9217848960832216,-0.6217848960832217
fold_municipality_grouped,2,MeanAll,AGC_080,3.5,3.8721963956889645,-0.37219639568896445
fold_municipality_grouped,2,MeanAll,AGC_081,3.7,4.211465818076354,-0.5114658180763536
fold_municipality_grouped,2,MeanAll,AGC_089,3.0,3.8897567300680285,-0.8897567300680285
fold_municipality_grouped,2,MeanAll,AGC_121,3.3,3.8925171013861073,-0.5925171013861075
fold_municipality_grouped,2,MeanAll,AGC_140,3.2,3.925452960443818,-0.725452960443818
fold_municipality_grouped,2,MeanAll,AGC_148,3.0,3.802849530731186,-0.8028495307311858
fold_municipality_grouped,2,MeanAll,AGC_166,2.5,4.210741011310178,-1.7107410113101782
fold_municipality_grouped,2,MeanAll,AGC_194,3.2,4.254482045721504,-1.054482045721504
fold_municipality_grouped,2,ConvexAll,AGC_007,3.5,4.041838310586714,-0.541838310586714
fold_municipality_grouped,2,ConvexAll,AGC_034,2.0,4.197758995933155,-2.197758995933155
fold_municipality_grouped,2,ConvexAll,AGC_038,3.3,4.204711958509849,-0.9047119585098491
fold_municipality_grouped,2,ConvexAll,AGC_041,2.5,4.285975615153585,-1.7859756151535846
fold_municipality_grouped,2,ConvexAll,AGC_067,3.0,4.28776729552461,-1.2877672955246098
fold_municipality_grouped,2,ConvexAll,AGC_070,3.3,4.307207965102158,-1.0072079651021584
fold_municipality_grouped,2,ConvexAll,AGC_078,3.0,4.186365815904203,-1.1863658159042032
fold_municipality_grouped,2,ConvexAll,AGC_079,3.3,4.083692981651806,-0.7836929816518063
fold_municipality_grouped,2,ConvexAll,AGC_080,3.5,4.053825234221005,-0.553825234221005
fold_municipality_grouped,2,ConvexAll,AGC_081,3.7,4.3670004979782915,-0.6670004979782913
fold_municipality_grouped,2,ConvexAll,AGC_089,3.0,4.022222914690785,-1.0222229146907846
fold_municipality_grouped,2,ConvexAll,AGC_121,3.3,4.141399671714384,-0.8413996717143846
fold_municipality_grouped,2,ConvexAll,AGC_140,3.2,4.110316829544704,-0.9103168295447039
fold_municipality_grouped,2,ConvexAll,AGC_148,3.0,3.9752031603816156,-0.9752031603816156
fold_municipality_grouped,2,ConvexAll,AGC_166,2.5,4.317710246845207,-1.8177102468452073
fold_municipality_grouped,2,ConvexAll,AGC_194,3.2,4.32282041095779,-1.1228204109577895
fold_municipality_grouped,2,RidgeStack,AGC_007,3.5,4.066078405068635,-0.5660784050686347
fold_municipality_grouped,2,RidgeStack,AGC_034,2.0,4.237226015323676,-2.2372260153236763
fold_municipality_grouped,2,RidgeStack,AGC_038,3.3,4.359239956476764,-1.0592399564767643
fold_municipality_grouped,2,RidgeStack,AGC_041,2.5,4.454786172374556,-1.9547861723745559
fold_municipality_grouped,2,RidgeStack,AGC_067,3.0,4.680039760510606,-1.6800397605106063
fold_municipality_grouped,2,RidgeStack,AGC_070,3.3,4.4002443235730615,-1.1002443235730617
fold_municipality_grouped,2,RidgeStack,AGC_078,3.0,4.732389107176996,-1.7323891071769957
fold_municipality_grouped,2,RidgeStack,AGC_079,3.3,4.104962120876544,-0.8049621208765441
fold_municipality_grouped,2,RidgeStack,AGC_080,3.5,4.082579123946693,-0.5825791239466929
fold_municipality_grouped,2,RidgeStack,AGC_081,3.7,4.483112024409137,-0.783112024409137
fold_municipality_grouped,2,RidgeStack,AGC_089,3.0,4.152711057434944,-1.152711057434944
fold_municipality_grouped,2,RidgeStack,AGC_121,3.3,4.6087077349713965,-1.3087077349713967
fold_municipality_grouped,2,RidgeStack,AGC_140,3.2,4.467338476598496,-1.2673384765984954
fold_municipality_grouped,2,RidgeStack,AGC_148,3.0,4.443554187633364,-1.4435541876333637
fold_municipality_grouped,2,RidgeStack,AGC_166,2.5,4.514612696009697,-2.0146126960096966
fold_municipality_grouped,2,RidgeStack,AGC_194,3.2,4.435077352458622,-1.2350773524586218
fold_municipality_grouped,2,ElasticNetStack,AGC_007,3.5,4.019996429779461,-0.5199964297794608
fold_municipality_grouped,2,ElasticNetStack,AGC_034,2.0,4.198938019156519,-2.198938019156519
fold_municipality_grouped,2,ElasticNetStack,AGC_038,3.3,4.2954892815514985,-0.9954892815514986
fold_municipality_grouped,2,ElasticNetStack,AGC_041,2.5,4.39336518272437,-1.89336518272437
fold_municipality_grouped,2,ElasticNetStack,AGC_067,3.0,4.600683462319239,-1.600683462319239
fold_municipality_grouped,2,ElasticNetStack,AGC_070,3.3,4.352803447051255,-1.0528034470512555
fold_municipality_grouped,2,ElasticNetStack,AGC_078,3.0,4.5854122155720045,-1.5854122155720045
fold_municipality_grouped,2,ElasticNetStack,AGC_079,3.3,4.06370278610133,-0.7637027861013301
fold_municipality_grouped,2,ElasticNetStack,AGC_080,3.5,4.022025892970909,-0.522025892970909
fold_municipality_grouped,2,ElasticNetStack,AGC_081,3.7,4.431314358143279,-0.7313143581432788
fold_municipality_grouped,2,ElasticNetStack,AGC_089,3.0,4.075827682331325,-1.075827682331325
fold_municipality_grouped,2,ElasticNetStack,AGC_121,3.3,4.470246827321818,-1.1702468273218178
fold_municipality_grouped,2,ElasticNetStack,AGC_140,3.2,4.357419945991538,-1.1574199459915375
fold_municipality_grouped,2,ElasticNetStack,AGC_148,3.0,4.3033988867263515,-1.3033988867263515
fold_municipality_grouped,2,ElasticNetStack,AGC_166,2.5,4.434457463157897,-1.934457463157897
fold_municipality_grouped,2,ElasticNetStack,AGC_194,3.2,4.389137639392988,-1.189137639392988
fold_municipality_grouped,2,HuberStack,AGC_007,3.5,5.373577106663735,-1.8735771066637348
fold_municipality_grouped,2,HuberStack,AGC_034,2.0,4.321247763631778,-2.321247763631778
fold_municipality_grouped,2,HuberStack,AGC_038,3.3,5.400649916535722,-2.1006499165357218
fold_municipality_grouped,2,HuberStack,AGC_041,2.5,5.52881119272492,-3.0288111927249197
fold_municipality_grouped,2,HuberStack,AGC_067,3.0,4.43555104115956,-1.4355510411595596
fold_municipality_grouped,2,HuberStack,AGC_070,3.3,5.038305763152033,-1.7383057631520336
fold_municipality_grouped,2,HuberStack,AGC_078,3.0,6.491096616791754,-3.4910966167917543
fold_municipality_grouped,2,HuberStack,AGC_079,3.3,4.993700309842773,-1.6937003098427734
fold_municipality_grouped,2,HuberStack,AGC_080,3.5,4.227426115613248,-0.7274261156132482
fold_municipality_grouped,2,HuberStack,AGC_081,3.7,4.530760544207869,-0.8307605442078687
fold_municipality_grouped,2,HuberStack,AGC_089,3.0,4.590955711462523,-1.5909557114625228
fold_municipality_grouped,2,HuberStack,AGC_121,3.3,6.171983774264429,-2.8719837742644287
fold_municipality_grouped,2,HuberStack,AGC_140,3.2,6.053017097084436,-2.853017097084436
fold_municipality_grouped,2,HuberStack,AGC_148,3.0,6.05887734434206,-3.0588773443420596
fold_municipality_grouped,2,HuberStack,AGC_166,2.5,5.555790199783644,-3.055790199783644
fold_municipality_grouped,2,HuberStack,AGC_194,3.2,5.144414793966095,-1.9444147939660947
fold_municipality_grouped,2,ExtraTreesStack,AGC_007,3.5,4.282788628773393,-0.7827886287733934
fold_municipality_grouped,2,ExtraTreesStack,AGC_034,2.0,4.27999653392395,-2.27999653392395
fold_municipality_grouped,2,ExtraTreesStack,AGC_038,3.3,4.421670627698172,-1.1216706276981725
fold_municipality_grouped,2,ExtraTreesStack,AGC_041,2.5,4.346012654878508,-1.8460126548785079
fold_municipality_grouped,2,ExtraTreesStack,AGC_067,3.0,4.317330251982348,-1.317330251982348
fold_municipality_grouped,2,ExtraTreesStack,AGC_070,3.3,4.499196913894335,-1.199196913894335
fold_municipality_grouped,2,ExtraTreesStack,AGC_078,3.0,4.254733357376683,-1.2547333573766828
fold_municipality_grouped,2,ExtraTreesStack,AGC_079,3.3,4.205889498289694,-0.9058894982896941
fold_municipality_grouped,2,ExtraTreesStack,AGC_080,3.5,4.123004515307491,-0.6230045153074908
fold_municipality_grouped,2,ExtraTreesStack,AGC_081,3.7,4.407572315010983,-0.7075723150109825
fold_municipality_grouped,2,ExtraTreesStack,AGC_089,3.0,4.17395978773859,-1.1739597877385899
fold_municipality_grouped,2,ExtraTreesStack,AGC_121,3.3,3.9761216336206084,-0.6761216336206086
fold_municipality_grouped,2,ExtraTreesStack,AGC_140,3.2,4.201941168470389,-1.0019411684703892
fold_municipality_grouped,2,ExtraTreesStack,AGC_148,3.0,3.740801940094465,-0.7408019400944652
fold_municipality_grouped,2,ExtraTreesStack,AGC_166,2.5,4.39624673193835,-1.8962467319383496
fold_municipality_grouped,2,ExtraTreesStack,AGC_194,3.2,4.362864793125527,-1.162864793125527
fold_municipality_grouped,2,HistGBStack,AGC_007,3.5,4.869769135461916,-1.3697691354619161
fold_municipality_grouped,2,HistGBStack,AGC_034,2.0,4.195828232802115,-2.195828232802115
fold_municipality_grouped,2,HistGBStack,AGC_038,3.3,4.622269658274949,-1.3222696582749496
fold_municipality_grouped,2,HistGBStack,AGC_041,2.5,4.367683591431642,-1.8676835914316419
fold_municipality_grouped,2,HistGBStack,AGC_067,3.0,4.384189531368394,-1.3841895313683938
fold_municipality_grouped,2,HistGBStack,AGC_070,3.3,4.558083402265048,-1.258083402265048
fold_municipality_grouped,2,HistGBStack,AGC_078,3.0,3.623466576692691,-0.623466576692691
fold_municipality_grouped,2,HistGBStack,AGC_079,3.3,3.4744401614052927,-0.17444016140529284
fold_municipality_grouped,2,HistGBStack,AGC_080,3.5,3.6671644804255474,-0.16716448042554743
fold_municipality_grouped,2,HistGBStack,AGC_081,3.7,4.431747221628524,-0.7317472216285239
fold_municipality_grouped,2,HistGBStack,AGC_089,3.0,3.934779511514231,-0.9347795115142312
fold_municipality_grouped,2,HistGBStack,AGC_121,3.3,3.1713939338038495,0.12860606619615034
fold_municipality_grouped,2,HistGBStack,AGC_140,3.2,3.5816563792856266,-0.38165637928562646
fold_municipality_grouped,2,HistGBStack,AGC_148,3.0,3.049536466078844,-0.04953646607884421
fold_municipality_grouped,2,HistGBStack,AGC_166,2.5,4.637336310692079,-2.1373363106920786
fold_municipality_grouped,2,HistGBStack,AGC_194,3.2,4.224029970945926,-1.024029970945926
fold_municipality_grouped,3,EqualTop3,AGC_051,4.45,3.5891539161582617,0.8608460838417384
fold_municipality_grouped,3,EqualTop3,AGC_059,4.41,3.7224741540196846,0.6875258459803155
fold_municipality_grouped,3,EqualTop3,AGC_084,4.54,4.207291852539669,0.3327081474603313
fold_municipality_grouped,3,EqualTop3,AGC_134,4.52,3.7668708154941286,0.753129184505871
fold_municipality_grouped,3,EqualTop3,AGC_137,4.54,4.027192254002135,0.5128077459978648
fold_municipality_grouped,3,EqualTop3,AGC_146,4.58,4.172796899285913,0.40720310071408683
fold_municipality_grouped,3,EqualTop3,AGC_151,4.69,4.3450443275092745,0.3449556724907259
fold_municipality_grouped,3,EqualTop3,AGC_152,4.87,4.191163344007764,0.6788366559922361
fold_municipality_grouped,3,EqualTop3,AGC_180,4.14,3.6905071463459183,0.4494928536540814
fold_municipality_grouped,3,EqualTop3,AGC_184,4.47,3.9859723945813017,0.48402760541869805
fold_municipality_grouped,3,MeanAll,AGC_051,4.45,3.652126898142614,0.7978731018573861
fold_municipality_grouped,3,MeanAll,AGC_059,4.41,3.822227386079205,0.5877726139207953
fold_municipality_grouped,3,MeanAll,AGC_084,4.54,4.34791033235921,0.19208966764078994
fold_municipality_grouped,3,MeanAll,AGC_134,4.52,3.877657136932394,0.6423428630676056
fold_municipality_grouped,3,MeanAll,AGC_137,4.54,4.133546852170776,0.40645314782922437
fold_municipality_grouped,3,MeanAll,AGC_146,4.58,4.215230396256794,0.36476960374320644
fold_municipality_grouped,3,MeanAll,AGC_151,4.69,4.3977085119742725,0.2922914880257279
fold_municipality_grouped,3,MeanAll,AGC_152,4.87,4.305472898851219,0.5645271011487809
fold_municipality_grouped,3,MeanAll,AGC_180,4.14,3.7289576390139407,0.41104236098605895
fold_municipality_grouped,3,MeanAll,AGC_184,4.47,4.0631769849488455,0.40682301505115426
fold_municipality_grouped,3,ConvexAll,AGC_051,4.45,3.3859458333333348,1.0640541666666654
fold_municipality_grouped,3,ConvexAll,AGC_059,4.41,3.590208333333335,0.8197916666666654
fold_municipality_grouped,3,ConvexAll,AGC_084,4.54,3.6261000000000014,0.9138999999999986
fold_municipality_grouped,3,ConvexAll,AGC_134,4.52,3.2763208333333345,1.2436791666666651
fold_municipality_grouped,3,ConvexAll,AGC_137,4.54,3.602279166666667,0.9377208333333331
fold_municipality_grouped,3,ConvexAll,AGC_146,4.58,4.043950000000003,0.5360499999999968
fold_municipality_grouped,3,ConvexAll,AGC_151,4.69,3.633304166666667,1.0566958333333334
fold_municipality_grouped,3,ConvexAll,AGC_152,4.87,3.5504833333333354,1.3195166666666647
fold_municipality_grouped,3,ConvexAll,AGC_180,4.14,3.2910625000000016,0.8489374999999981
fold_municipality_grouped,3,ConvexAll,AGC_184,4.47,3.927812500000004,0.5421874999999958
fold_municipality_grouped,3,RidgeStack,AGC_051,4.45,3.358453776906671,1.0915462230933293
fold_municipality_grouped,3,RidgeStack,AGC_059,4.41,3.346531726870376,1.063468273129624
fold_municipality_grouped,3,RidgeStack,AGC_084,4.54,3.3730998435399497,1.1669001564600503
fold_municipality_grouped,3,RidgeStack,AGC_134,4.52,3.206106383371937,1.3138936166280626
fold_municipality_grouped,3,RidgeStack,AGC_137,4.54,3.4269302830650226,1.1130697169349775
fold_municipality_grouped,3,RidgeStack,AGC_146,4.58,4.0938427009589775,0.48615729904102256
fold_municipality_grouped,3,RidgeStack,AGC_151,4.69,3.8063327323342797,0.8836672676657207
fold_municipality_grouped,3,RidgeStack,AGC_152,4.87,3.413822440968545,1.4561775590314552
fold_municipality_grouped,3,RidgeStack,AGC_180,4.14,3.2313264637485566,0.9086735362514431
fold_municipality_grouped,3,RidgeStack,AGC_184,4.47,3.7508462629059793,0.7191537370940204
fold_municipality_grouped,3,ElasticNetStack,AGC_051,4.45,3.354374094014047,1.095625905985953
fold_municipality_grouped,3,ElasticNetStack,AGC_059,4.41,3.367507278900338,1.042492721099662
fold_municipality_grouped,3,ElasticNetStack,AGC_084,4.54,3.4885398111438586,1.0514601888561415
fold_municipality_grouped,3,ElasticNetStack,AGC_134,4.52,3.2973282015110126,1.222671798488987
fold_municipality_grouped,3,ElasticNetStack,AGC_137,4.54,3.4667360645167755,1.0732639354832245
fold_municipality_grouped,3,ElasticNetStack,AGC_146,4.58,4.131552452881892,0.44844754711810797
fold_municipality_grouped,3,ElasticNetStack,AGC_151,4.69,3.8707703667506843,0.8192296332493161
fold_municipality_grouped,3,ElasticNetStack,AGC_152,4.87,3.480777792760286,1.389222207239714
fold_municipality_grouped,3,ElasticNetStack,AGC_180,4.14,3.2226074459932947,0.9173925540067049
fold_municipality_grouped,3,ElasticNetStack,AGC_184,4.47,3.814087423597743,0.6559125764022569
fold_municipality_grouped,3,HuberStack,AGC_051,4.45,3.352363124217906,1.097636875782094
fold_municipality_grouped,3,HuberStack,AGC_059,4.41,3.262280617469962,1.1477193825300382
fold_municipality_grouped,3,HuberStack,AGC_084,4.54,3.121840401931892,1.418159598068108
fold_municipality_grouped,3,HuberStack,AGC_134,4.52,2.939277833692911,1.5807221663070887
fold_municipality_grouped,3,HuberStack,AGC_137,4.54,3.3208252347318554,1.2191747652681446
fold_municipality_grouped,3,HuberStack,AGC_146,4.58,3.8645197574817765,0.7154802425182236
fold_municipality_grouped,3,HuberStack,AGC_151,4.69,3.536745704587769,1.1532542954122316
fold_municipality_grouped,3,HuberStack,AGC_152,4.87,3.2192294639847563,1.6507705360152438
fold_municipality_grouped,3,HuberStack,AGC_180,4.14,3.262940393032147,0.8770596069678529
fold_municipality_grouped,3,HuberStack,AGC_184,4.47,3.5282929558120424,0.9417070441879574
fold_municipality_grouped,3,ExtraTreesStack,AGC_051,4.45,3.382192873677246,1.0678071263227542
fold_municipality_grouped,3,ExtraTreesStack,AGC_059,4.41,3.1061636441798997,1.3038363558201005
fold_municipality_grouped,3,ExtraTreesStack,AGC_084,4.54,4.387110748880745,0.15288925111925522
fold_municipality_grouped,3,ExtraTreesStack,AGC_134,4.52,3.431008313492065,1.0889916865079345
fold_municipality_grouped,3,ExtraTreesStack,AGC_137,4.54,3.9919693774281253,0.5480306225718747
fold_municipality_grouped,3,ExtraTreesStack,AGC_146,4.58,4.379156502848998,0.20084349715100203
fold_municipality_grouped,3,ExtraTreesStack,AGC_151,4.69,4.471464479039478,0.21853552096052198
fold_municipality_grouped,3,ExtraTreesStack,AGC_152,4.87,4.3428836192511175,0.5271163807488826
fold_municipality_grouped,3,ExtraTreesStack,AGC_180,4.14,3.2162956770081776,0.923704322991822
fold_municipality_grouped,3,ExtraTreesStack,AGC_184,4.47,3.9110459779572277,0.558954022042772
fold_municipality_grouped,3,HistGBStack,AGC_051,4.45,3.0716873955153274,1.3783126044846727
fold_municipality_grouped,3,HistGBStack,AGC_059,4.41,2.992468365113975,1.417531634886025
fold_municipality_grouped,3,HistGBStack,AGC_084,4.54,4.618110242993022,-0.07811024299302183
fold_municipality_grouped,3,HistGBStack,AGC_134,4.52,2.517204236079193,2.0027957639208065
fold_municipality_grouped,3,HistGBStack,AGC_137,4.54,4.196627041862159,0.34337295813784063
fold_municipality_grouped,3,HistGBStack,AGC_146,4.58,4.637149941249396,-0.05714994124939565
fold_municipality_grouped,3,HistGBStack,AGC_151,4.69,4.523203023948792,0.16679697605120847
fold_municipality_grouped,3,HistGBStack,AGC_152,4.87,4.5143560869255355,0.35564391307446463
fold_municipality_grouped,3,HistGBStack,AGC_180,4.14,2.7766569249180937,1.363343075081906
fold_municipality_grouped,3,HistGBStack,AGC_184,4.47,4.544047603890805,-0.07404760389080511
fold_municipality_grouped,4,EqualTop3,AGC_002,4.63,4.1914572197316495,0.43854278026835036
fold_municipality_grouped,4,EqualTop3,AGC_005,5.16,4.370592235812775,0.7894077641872252
fold_municipality_grouped,4,EqualTop3,AGC_006,4.49,3.685131846013307,0.8048681539866931
fold_municipality_grouped,4,EqualTop3,AGC_008,4.55,3.8397057802539396,0.7102942197460602
fold_municipality_grouped,4,EqualTop3,AGC_010,4.1,3.934043526561327,0.1659564734386727
fold_municipality_grouped,4,EqualTop3,AGC_012,4.69,4.089912853905219,0.600087146094781
fold_municipality_grouped,4,EqualTop3,AGC_013,4.01,3.8528304430152915,0.15716955698470825
fold_municipality_grouped,4,EqualTop3,AGC_014,4.83,4.289227870648138,0.5407721293518621
fold_municipality_grouped,4,EqualTop3,AGC_015,2.64,4.005043644954735,-1.3650436449547345
fold_municipality_grouped,4,EqualTop3,AGC_017,4.98,4.112079296595667,0.8679207034043337
fold_municipality_grouped,4,EqualTop3,AGC_018,4.49,4.142187208964791,0.3478127910352091
fold_municipality_grouped,4,EqualTop3,AGC_021,4.94,3.690318522925691,1.2496814770743092
fold_municipality_grouped,4,EqualTop3,AGC_022,4.55,3.7086446303326,0.8413553696673999
fold_municipality_grouped,4,EqualTop3,AGC_024,3.03,3.8805327745236107,-0.8505327745236109
fold_municipality_grouped,4,EqualTop3,AGC_026,3.55,3.879011973584697,-0.32901197358469725
fold_municipality_grouped,4,EqualTop3,AGC_032,4.03,3.900539460260287,0.12946053973971328
fold_municipality_grouped,4,EqualTop3,AGC_033,4.47,3.7103731697594378,0.759626830240562
fold_municipality_grouped,4,EqualTop3,AGC_045,4.1,4.126527073844893,-0.0265270738448935
fold_municipality_grouped,4,EqualTop3,AGC_047,4.45,3.721823866626711,0.7281761333732892
fold_municipality_grouped,4,EqualTop3,AGC_049,5.53,4.108541234168455,1.4214587658315452
fold_municipality_grouped,4,EqualTop3,AGC_055,5.45,4.146096483512821,1.3039035164871793
fold_municipality_grouped,4,EqualTop3,AGC_056,5.07,3.703043056371381,1.3669569436286193
fold_municipality_grouped,4,EqualTop3,AGC_057,4.55,4.004443993298632,0.5455560067013678
fold_municipality_grouped,4,EqualTop3,AGC_060,4.52,4.139821694502362,0.38017830549763776
fold_municipality_grouped,4,EqualTop3,AGC_062,3.81,3.613162246439977,0.1968377535600232
fold_municipality_grouped,4,EqualTop3,AGC_069,5.46,4.217130659052278,1.2428693409477223
fold_municipality_grouped,4,EqualTop3,AGC_072,4.55,3.618501313347519,0.931498686652481
fold_municipality_grouped,4,EqualTop3,AGC_073,4.3,3.5246973662993724,0.7753026337006275
fold_municipality_grouped,4,EqualTop3,AGC_077,4.76,3.6415078888431545,1.1184921111568453
fold_municipality_grouped,4,EqualTop3,AGC_090,4.68,4.092431373075512,0.5875686269244875
fold_municipality_grouped,4,EqualTop3,AGC_092,4.57,3.6701811969120945,0.8998188030879057
fold_municipality_grouped,4,EqualTop3,AGC_096,4.59,3.5490685435834357,1.0409314564165641
fold_municipality_grouped,4,EqualTop3,AGC_097,4.69,3.745858522660903,0.9441414773390973
fold_municipality_grouped,4,EqualTop3,AGC_100,4.5,3.8566794562193856,0.6433205437806144
fold_municipality_grouped,4,EqualTop3,AGC_101,4.57,3.6571899743481784,0.9128100256518219
fold_municipality_grouped,4,EqualTop3,AGC_102,4.4,3.8760272048878335,0.5239727951121669
fold_municipality_grouped,4,EqualTop3,AGC_104,4.56,3.9549968019953012,0.6050031980046984
fold_municipality_grouped,4,EqualTop3,AGC_105,4.41,4.050500257267491,0.35949974273250884
fold_municipality_grouped,4,EqualTop3,AGC_106,4.43,3.779367380229544,0.6506326197704557
fold_municipality_grouped,4,EqualTop3,AGC_108,4.51,3.8299813705307635,0.6800186294692363
fold_municipality_grouped,4,EqualTop3,AGC_109,4.54,3.727763503070534,0.812236496929466
fold_municipality_grouped,4,EqualTop3,AGC_110,4.18,3.83055744982129,0.3494425501787095
fold_municipality_grouped,4,EqualTop3,AGC_111,4.72,3.674892607920554,1.0451073920794456
fold_municipality_grouped,4,EqualTop3,AGC_115,4.6,3.763450372090629,0.8365496279093705
fold_municipality_grouped,4,EqualTop3,AGC_124,5.05,4.113851981932466,0.9361480180675334
fold_municipality_grouped,4,EqualTop3,AGC_125,4.06,4.18257503096269,-0.12257503096269051
fold_municipality_grouped,4,EqualTop3,AGC_127,5.57,4.611348520211327,0.9586514797886734
fold_municipality_grouped,4,EqualTop3,AGC_131,4.89,4.266567662461854,0.6234323375381461
fold_municipality_grouped,4,EqualTop3,AGC_132,4.13,3.839663402038551,0.29033659796144873
fold_municipality_grouped,4,EqualTop3,AGC_133,3.91,3.7926597699741205,0.11734023002587968
fold_municipality_grouped,4,EqualTop3,AGC_135,4.49,3.5598745383137547,0.9301254616862455
fold_municipality_grouped,4,EqualTop3,AGC_139,4.67,3.8615289039165783,0.8084710960834216
fold_municipality_grouped,4,EqualTop3,AGC_150,4.52,4.152900064689425,0.3670999353105744
fold_municipality_grouped,4,EqualTop3,AGC_155,4.52,4.164742292166185,0.3552577078338146
fold_municipality_grouped,4,EqualTop3,AGC_159,4.77,4.058556602343309,0.7114433976566907
fold_municipality_grouped,4,EqualTop3,AGC_160,3.62,4.159356227286268,-0.5393562272862678
fold_municipality_grouped,4,EqualTop3,AGC_161,4.46,4.129683675369632,0.33031632463036775
fold_municipality_grouped,4,EqualTop3,AGC_162,5.59,3.523923433126343,2.0660765668736567
fold_municipality_grouped,4,EqualTop3,AGC_164,3.0,3.211942809001801,-0.21194280900180118
fold_municipality_grouped,4,EqualTop3,AGC_165,4.44,3.763016749833023,0.6769832501669772
fold_municipality_grouped,4,EqualTop3,AGC_167,4.54,4.147857926509049,0.39214207349095087
fold_municipality_grouped,4,EqualTop3,AGC_168,4.49,4.108317866926044,0.38168213307395593
fold_municipality_grouped,4,EqualTop3,AGC_171,2.15,3.809757660159995,-1.659757660159995
fold_municipality_grouped,4,EqualTop3,AGC_172,5.19,3.8195460313784966,1.3704539686215038
fold_municipality_grouped,4,EqualTop3,AGC_176,4.38,3.793340457506939,0.5866595424930607
fold_municipality_grouped,4,EqualTop3,AGC_178,4.39,3.5765031452618783,0.8134968547381214
fold_municipality_grouped,4,EqualTop3,AGC_179,4.55,3.822756850566981,0.7272431494330189
fold_municipality_grouped,4,EqualTop3,AGC_181,4.51,3.9800689892992414,0.5299310107007584
fold_municipality_grouped,4,EqualTop3,AGC_185,5.01,4.064899743385443,0.9451002566145572
fold_municipality_grouped,4,EqualTop3,AGC_189,4.03,3.929965775013922,0.10003422498607817
fold_municipality_grouped,4,EqualTop3,AGC_193,4.57,3.7325054934829676,0.8374945065170327
fold_municipality_grouped,4,EqualTop3,AGC_195,3.68,3.7475077466491586,-0.06750774664915848
fold_municipality_grouped,4,EqualTop3,AGC_197,4.52,3.6095650765096825,0.9104349234903171
fold_municipality_grouped,4,MeanAll,AGC_002,4.63,4.225403851408188,0.4045961485918115
fold_municipality_grouped,4,MeanAll,AGC_005,5.16,4.448148718040582,0.7118512819594178
fold_municipality_grouped,4,MeanAll,AGC_006,4.49,3.717729477109445,0.7722705228905551
fold_municipality_grouped,4,MeanAll,AGC_008,4.55,3.8182030451575732,0.7317969548424266
fold_municipality_grouped,4,MeanAll,AGC_010,4.1,3.9604463532788854,0.13955364672111426
fold_municipality_grouped,4,MeanAll,AGC_012,4.69,4.14529264051666,0.5447073594833407
fold_municipality_grouped,4,MeanAll,AGC_013,4.01,3.9242461947070515,0.08575380529294829
fold_municipality_grouped,4,MeanAll,AGC_014,4.83,4.352109214388731,0.47789078561126885
fold_municipality_grouped,4,MeanAll,AGC_015,2.64,3.989355686555411,-1.3493556865554108
fold_municipality_grouped,4,MeanAll,AGC_017,4.98,4.117610554936325,0.8623894450636751
fold_municipality_grouped,4,MeanAll,AGC_018,4.49,4.15295963632394,0.33704036367605994
fold_municipality_grouped,4,MeanAll,AGC_021,4.94,3.6807235087693377,1.2592764912306627
fold_municipality_grouped,4,MeanAll,AGC_022,4.55,3.6984061272048705,0.8515938727951293
fold_municipality_grouped,4,MeanAll,AGC_024,3.03,3.8259746946051045,-0.7959746946051047
fold_municipality_grouped,4,MeanAll,AGC_026,3.55,3.896402688849927,-0.3464026888499272
fold_municipality_grouped,4,MeanAll,AGC_032,4.03,3.8171883341128967,0.21281166588710354
fold_municipality_grouped,4,MeanAll,AGC_033,4.47,3.7380827325513195,0.7319172674486802
fold_municipality_grouped,4,MeanAll,AGC_045,4.1,4.111639906023736,-0.011639906023736657
fold_municipality_grouped,4,MeanAll,AGC_047,4.45,3.7799649352712414,0.6700350647287587
fold_municipality_grouped,4,MeanAll,AGC_049,5.53,4.086269984902059,1.443730015097941
fold_municipality_grouped,4,MeanAll,AGC_055,5.45,4.131373987442684,1.3186260125573162
fold_municipality_grouped,4,MeanAll,AGC_056,5.07,3.684797402063354,1.3852025979366465
fold_municipality_grouped,4,MeanAll,AGC_057,4.55,3.965322151698306,0.5846778483016939
fold_municipality_grouped,4,MeanAll,AGC_060,4.52,4.04031320357943,0.47968679642056955
fold_municipality_grouped,4,MeanAll,AGC_062,3.81,3.576033851433082,0.233966148566918
fold_municipality_grouped,4,MeanAll,AGC_069,5.46,4.179926739246436,1.2800732607535643
fold_municipality_grouped,4,MeanAll,AGC_072,4.55,3.6731125953909554,0.8768874046090445
fold_municipality_grouped,4,MeanAll,AGC_073,4.3,3.4585761933864303,0.8414238066135695
fold_municipality_grouped,4,MeanAll,AGC_077,4.76,3.5886175197790307,1.1713824802209691
fold_municipality_grouped,4,MeanAll,AGC_090,4.68,4.043499438259985,0.6365005617400143
fold_municipality_grouped,4,MeanAll,AGC_092,4.57,3.6671551812728715,0.9028448187271287
fold_municipality_grouped,4,MeanAll,AGC_096,4.59,3.4791799473441047,1.1108200526558951
fold_municipality_grouped,4,MeanAll,AGC_097,4.69,3.6994901646718765,0.9905098353281239
fold_municipality_grouped,4,MeanAll,AGC_100,4.5,3.8583773746712913,0.6416226253287087
fold_municipality_grouped,4,MeanAll,AGC_101,4.57,3.5722259925785202,0.99777400742148
fold_municipality_grouped,4,MeanAll,AGC_102,4.4,3.7784623213274946,0.6215376786725058
fold_municipality_grouped,4,MeanAll,AGC_104,4.56,3.934240522513081,0.6257594774869184
fold_municipality_grouped,4,MeanAll,AGC_105,4.41,4.105054969653361,0.304945030346639
fold_municipality_grouped,4,MeanAll,AGC_106,4.43,3.8042745549991386,0.6257254450008611
fold_municipality_grouped,4,MeanAll,AGC_108,4.51,3.820905773551046,0.6890942264489537
fold_municipality_grouped,4,MeanAll,AGC_109,4.54,3.7035129489905616,0.8364870510094384
fold_municipality_grouped,4,MeanAll,AGC_110,4.18,3.8484684108659293,0.33153158913407044
fold_municipality_grouped,4,MeanAll,AGC_111,4.72,3.654582167469124,1.0654178325308759
fold_municipality_grouped,4,MeanAll,AGC_115,4.6,3.5344769915079404,1.0655230084920593
fold_municipality_grouped,4,MeanAll,AGC_124,5.05,4.113008073333387,0.9369919266666127
fold_municipality_grouped,4,MeanAll,AGC_125,4.06,4.241385916847011,-0.18138591684701133
fold_municipality_grouped,4,MeanAll,AGC_127,5.57,4.667883884312191,0.902116115687809
fold_municipality_grouped,4,MeanAll,AGC_131,4.89,4.223344411693381,0.666655588306619
fold_municipality_grouped,4,MeanAll,AGC_132,4.13,3.886571632456934,0.24342836754306596
fold_municipality_grouped,4,MeanAll,AGC_133,3.91,3.8494977298419726,0.06050227015802756
fold_municipality_grouped,4,MeanAll,AGC_135,4.49,3.522812050491153,0.9671879495088471
fold_municipality_grouped,4,MeanAll,AGC_139,4.67,3.8208994842065716,0.8491005157934284
fold_municipality_grouped,4,MeanAll,AGC_150,4.52,4.1251672222033156,0.394832777796684
fold_municipality_grouped,4,MeanAll,AGC_155,4.52,4.15611514916551,0.3638848508344896
fold_municipality_grouped,4,MeanAll,AGC_159,4.77,4.073879906529146,0.6961200934708538
fold_municipality_grouped,4,MeanAll,AGC_160,3.62,4.096079586402075,-0.4760795864020748
fold_municipality_grouped,4,MeanAll,AGC_161,4.46,4.160925520858773,0.2990744791412272
fold_municipality_grouped,4,MeanAll,AGC_162,5.59,3.480427949251962,2.1095720507480378
fold_municipality_grouped,4,MeanAll,AGC_164,3.0,3.26527235501394,-0.26527235501394
fold_municipality_grouped,4,MeanAll,AGC_165,4.44,3.736918086282995,0.7030819137170052
fold_municipality_grouped,4,MeanAll,AGC_167,4.54,4.139979485098063,0.4000205149019367
fold_municipality_grouped,4,MeanAll,AGC_168,4.49,4.11014316029137,0.37985683970862993
fold_municipality_grouped,4,MeanAll,AGC_171,2.15,3.76043993156505,-1.61043993156505
fold_municipality_grouped,4,MeanAll,AGC_172,5.19,3.814882548615716,1.3751174513842845
fold_municipality_grouped,4,MeanAll,AGC_176,4.38,3.714758450542039,0.6652415494579609
fold_municipality_grouped,4,MeanAll,AGC_178,4.39,3.4937137776989053,0.8962862223010943
fold_municipality_grouped,4,MeanAll,AGC_179,4.55,3.8416306724338547,0.7083693275661451
fold_municipality_grouped,4,MeanAll,AGC_181,4.51,3.9267387285294966,0.5832612714705032
fold_municipality_grouped,4,MeanAll,AGC_185,5.01,4.035169901307956,0.9748300986920437
fold_municipality_grouped,4,MeanAll,AGC_189,4.03,3.869157217403296,0.16084278259670404
fold_municipality_grouped,4,MeanAll,AGC_193,4.57,3.6329097388000933,0.937090261199907
fold_municipality_grouped,4,MeanAll,AGC_195,3.68,3.7283835381577086,-0.04838353815770846
fold_municipality_grouped,4,MeanAll,AGC_197,4.52,3.5112408352146574,1.0087591647853422
fold_municipality_grouped,4,ConvexAll,AGC_002,4.63,4.23663293141228,0.39336706858771997
fold_municipality_grouped,4,ConvexAll,AGC_005,5.16,4.426216265593061,0.7337837344069396
fold_municipality_grouped,4,ConvexAll,AGC_006,4.49,3.726727105111272,0.7632728948887282
fold_municipality_grouped,4,ConvexAll,AGC_008,4.55,3.7474728369251684,0.8025271630748314
fold_municipality_grouped,4,ConvexAll,AGC_010,4.1,3.9467292274826233,0.1532707725173763
fold_municipality_grouped,4,ConvexAll,AGC_012,4.69,4.113223721806394,0.5767762781936066
fold_municipality_grouped,4,ConvexAll,AGC_013,4.01,3.985384366542715,0.02461563345728468
fold_municipality_grouped,4,ConvexAll,AGC_014,4.83,4.326127687383136,0.5038723126168643
fold_municipality_grouped,4,ConvexAll,AGC_015,2.64,3.912457241474012,-1.272457241474012
fold_municipality_grouped,4,ConvexAll,AGC_017,4.98,4.016326394902244,0.9636736050977568
fold_municipality_grouped,4,ConvexAll,AGC_018,4.49,4.063254621598393,0.4267453784016073
fold_municipality_grouped,4,ConvexAll,AGC_021,4.94,3.6297754893808762,1.3102245106191241
fold_municipality_grouped,4,ConvexAll,AGC_022,4.55,3.626126850000635,0.9238731499993649
fold_municipality_grouped,4,ConvexAll,AGC_024,3.03,3.7421731895669366,-0.7121731895669368
fold_municipality_grouped,4,ConvexAll,AGC_026,3.55,3.8532908650032915,-0.3032908650032917
fold_municipality_grouped,4,ConvexAll,AGC_032,4.03,3.7557939053705542,0.274206094629446
fold_municipality_grouped,4,ConvexAll,AGC_033,4.47,3.7009113614697515,0.7690886385302482
fold_municipality_grouped,4,ConvexAll,AGC_045,4.1,4.015671232903458,0.08432876709654202
fold_municipality_grouped,4,ConvexAll,AGC_047,4.45,3.715125141217648,0.7348748587823524
fold_municipality_grouped,4,ConvexAll,AGC_049,5.53,4.081404449718958,1.4485955502810421
fold_municipality_grouped,4,ConvexAll,AGC_055,5.45,4.045774021469975,1.4042259785300253
fold_municipality_grouped,4,ConvexAll,AGC_056,5.07,3.5877769904388144,1.482223009561186
fold_municipality_grouped,4,ConvexAll,AGC_057,4.55,3.91194726214714,0.6380527378528598
fold_municipality_grouped,4,ConvexAll,AGC_060,4.52,4.012117227406439,0.5078827725935602
fold_municipality_grouped,4,ConvexAll,AGC_062,3.81,3.5301036139315163,0.27989638606848377
fold_municipality_grouped,4,ConvexAll,AGC_069,5.46,4.165781080533278,1.2942189194667222
fold_municipality_grouped,4,ConvexAll,AGC_072,4.55,3.635241641418191,0.9147583585818087
fold_municipality_grouped,4,ConvexAll,AGC_073,4.3,3.4416652607319853,0.8583347392680145
fold_municipality_grouped,4,ConvexAll,AGC_077,4.76,3.5852889028695714,1.1747110971304284
fold_municipality_grouped,4,ConvexAll,AGC_090,4.68,4.006599682681842,0.6734003173181575
fold_municipality_grouped,4,ConvexAll,AGC_092,4.57,3.6884656764001145,0.8815343235998858
fold_municipality_grouped,4,ConvexAll,AGC_096,4.59,3.4208848660880973,1.1691151339119026
fold_municipality_grouped,4,ConvexAll,AGC_097,4.69,3.6946949225974732,0.9953050774025272
fold_municipality_grouped,4,ConvexAll,AGC_100,4.5,3.7858889638300672,0.7141110361699328
fold_municipality_grouped,4,ConvexAll,AGC_101,4.57,3.517847257117987,1.0521527428820132
fold_municipality_grouped,4,ConvexAll,AGC_102,4.4,3.791629522407381,0.6083704775926195
fold_municipality_grouped,4,ConvexAll,AGC_104,4.56,3.9231394271036697,0.6368605728963299
fold_municipality_grouped,4,ConvexAll,AGC_105,4.41,4.040148497389878,0.3698515026101221
fold_municipality_grouped,4,ConvexAll,AGC_106,4.43,3.77532107159161,0.6546789284083898
fold_municipality_grouped,4,ConvexAll,AGC_108,4.51,3.775295671028195,0.7347043289718047
fold_municipality_grouped,4,ConvexAll,AGC_109,4.54,3.705706178869236,0.834293821130764
fold_municipality_grouped,4,ConvexAll,AGC_110,4.18,3.8397437713571945,0.34025622864280525
fold_municipality_grouped,4,ConvexAll,AGC_111,4.72,3.6615347616783263,1.0584652383216735
fold_municipality_grouped,4,ConvexAll,AGC_115,4.6,3.516851153795144,1.0831488462048555
fold_municipality_grouped,4,ConvexAll,AGC_124,5.05,4.096119502259114,0.9538804977408857
fold_municipality_grouped,4,ConvexAll,AGC_125,4.06,4.185604763771897,-0.12560476377189733
fold_municipality_grouped,4,ConvexAll,AGC_127,5.57,4.761626805002969,0.8083731949970314
fold_municipality_grouped,4,ConvexAll,AGC_131,4.89,4.260514205465905,0.6294857945340944
fold_municipality_grouped,4,ConvexAll,AGC_132,4.13,3.8730475220906824,0.2569524779093175
fold_municipality_grouped,4,ConvexAll,AGC_133,3.91,3.8495983165072767,0.06040168349272346
fold_municipality_grouped,4,ConvexAll,AGC_135,4.49,3.5096055734234475,0.9803944265765527
fold_municipality_grouped,4,ConvexAll,AGC_139,4.67,3.8094815607032713,0.8605184392967287
fold_municipality_grouped,4,ConvexAll,AGC_150,4.52,4.113653917971757,0.40634608202824296
fold_municipality_grouped,4,ConvexAll,AGC_155,4.52,4.169019642338645,0.3509803576613546
fold_municipality_grouped,4,ConvexAll,AGC_159,4.77,4.034121649495411,0.7358783505045885
fold_municipality_grouped,4,ConvexAll,AGC_160,3.62,4.098182566030879,-0.4781825660308785
fold_municipality_grouped,4,ConvexAll,AGC_161,4.46,4.137711860445286,0.3222881395547139
fold_municipality_grouped,4,ConvexAll,AGC_162,5.59,3.461544299040613,2.1284557009593867
fold_municipality_grouped,4,ConvexAll,AGC_164,3.0,3.388782013160074,-0.3887820131600739
fold_municipality_grouped,4,ConvexAll,AGC_165,4.44,3.7395282237487253,0.7004717762512751
fold_municipality_grouped,4,ConvexAll,AGC_167,4.54,4.088474155517998,0.45152584448200184
fold_municipality_grouped,4,ConvexAll,AGC_168,4.49,4.1472232050859885,0.3427767949140117
fold_municipality_grouped,4,ConvexAll,AGC_171,2.15,3.697000804103114,-1.547000804103114
fold_municipality_grouped,4,ConvexAll,AGC_172,5.19,3.8203470675637172,1.3696529324362832
fold_municipality_grouped,4,ConvexAll,AGC_176,4.38,3.6494837158299993,0.7305162841700006
fold_municipality_grouped,4,ConvexAll,AGC_178,4.39,3.4876473162912403,0.9023526837087594
fold_municipality_grouped,4,ConvexAll,AGC_179,4.55,3.862829253173693,0.6871707468263066
fold_municipality_grouped,4,ConvexAll,AGC_181,4.51,3.9413822313389044,0.5686177686610954
fold_municipality_grouped,4,ConvexAll,AGC_185,5.01,4.075572937164389,0.9344270628356108
fold_municipality_grouped,4,ConvexAll,AGC_189,4.03,3.8329223391874887,0.19707766081251155
fold_municipality_grouped,4,ConvexAll,AGC_193,4.57,3.530859399727042,1.0391406002729582
fold_municipality_grouped,4,ConvexAll,AGC_195,3.68,3.7236577389582974,-0.043657738958297276
fold_municipality_grouped,4,ConvexAll,AGC_197,4.52,3.4838577902965264,1.0361422097034731
fold_municipality_grouped,4,RidgeStack,AGC_002,4.63,3.1166106983590396,1.5133893016409603
fold_municipality_grouped,4,RidgeStack,AGC_005,5.16,3.0318826294945707,2.1281173705054295
fold_municipality_grouped,4,RidgeStack,AGC_006,4.49,3.2759652974581996,1.2140347025418006
fold_municipality_grouped,4,RidgeStack,AGC_008,4.55,3.278568355788995,1.2714316442110047
fold_municipality_grouped,4,RidgeStack,AGC_010,4.1,3.2047156954196727,0.8952843045803269
fold_municipality_grouped,4,RidgeStack,AGC_012,4.69,3.162456153410221,1.5275438465897793
fold_municipality_grouped,4,RidgeStack,AGC_013,4.01,3.2126880386626233,0.7973119613373765
fold_municipality_grouped,4,RidgeStack,AGC_014,4.83,3.068799089424352,1.7612009105756479
fold_municipality_grouped,4,RidgeStack,AGC_015,2.64,3.21506810186094,-0.57506810186094
fold_municipality_grouped,4,RidgeStack,AGC_017,4.98,3.1714858971023725,1.808514102897628
fold_municipality_grouped,4,RidgeStack,AGC_018,4.49,3.167267738337676,1.322732261662324
fold_municipality_grouped,4,RidgeStack,AGC_021,4.94,3.332424472026342,1.6075755279736583
fold_municipality_grouped,4,RidgeStack,AGC_022,4.55,3.3430415604355326,1.2069584395644672
fold_municipality_grouped,4,RidgeStack,AGC_024,3.03,3.262946096151622,-0.23294609615162232
fold_municipality_grouped,4,RidgeStack,AGC_026,3.55,3.2511740984581308,0.29882590154186905
fold_municipality_grouped,4,RidgeStack,AGC_032,4.03,3.270068597634271,0.7599314023657291
fold_municipality_grouped,4,RidgeStack,AGC_033,4.47,3.3009127216723346,1.1690872783276651
fold_municipality_grouped,4,RidgeStack,AGC_045,4.1,3.175664290463895,0.9243357095361047
fold_municipality_grouped,4,RidgeStack,AGC_047,4.45,3.3176470118009225,1.1323529881990777
fold_municipality_grouped,4,RidgeStack,AGC_049,5.53,3.1718681219573384,2.358131878042662
fold_municipality_grouped,4,RidgeStack,AGC_055,5.45,3.1577198053636466,2.2922801946363536
fold_municipality_grouped,4,RidgeStack,AGC_056,5.07,3.33369438953013,1.7363056104698704
fold_municipality_grouped,4,RidgeStack,AGC_057,4.55,3.2055884109952717,1.3444115890047281
fold_municipality_grouped,4,RidgeStack,AGC_060,4.52,3.1644366250743206,1.355563374925679
fold_municipality_grouped,4,RidgeStack,AGC_062,3.81,3.3555867060578155,0.45441329394218455
fold_municipality_grouped,4,RidgeStack,AGC_069,5.46,3.1344528940704857,2.3255471059295143
fold_municipality_grouped,4,RidgeStack,AGC_072,4.55,3.3225759950890725,1.2274240049109273
fold_municipality_grouped,4,RidgeStack,AGC_073,4.3,3.3916792557242146,0.9083207442757852
fold_municipality_grouped,4,RidgeStack,AGC_077,4.76,3.349344893738821,1.4106551062611787
fold_municipality_grouped,4,RidgeStack,AGC_090,4.68,3.1729582910428342,1.5070417089571655
fold_municipality_grouped,4,RidgeStack,AGC_092,4.57,3.299952340387672,1.2700476596123282
fold_municipality_grouped,4,RidgeStack,AGC_096,4.59,3.411728441850587,1.178271558149413
fold_municipality_grouped,4,RidgeStack,AGC_097,4.69,3.326972514413544,1.3630274855864566
fold_municipality_grouped,4,RidgeStack,AGC_100,4.5,3.260392828455569,1.239607171544431
fold_municipality_grouped,4,RidgeStack,AGC_101,4.57,3.369765159415854,1.2002348405841463
fold_municipality_grouped,4,RidgeStack,AGC_102,4.4,3.2559113792250223,1.144088620774978
fold_municipality_grouped,4,RidgeStack,AGC_104,4.56,3.2212081278270017,1.3387918721729979
fold_municipality_grouped,4,RidgeStack,AGC_105,4.41,3.1784770582169593,1.231522941783041
fold_municipality_grouped,4,RidgeStack,AGC_106,4.43,3.2807098308984357,1.149290169101564
fold_municipality_grouped,4,RidgeStack,AGC_108,4.51,3.2895881298611287,1.220411870138871
fold_municipality_grouped,4,RidgeStack,AGC_109,4.54,3.30933658292238,1.2306634170776198
fold_municipality_grouped,4,RidgeStack,AGC_110,4.18,3.2573408111460918,0.922659188853908
fold_municipality_grouped,4,RidgeStack,AGC_111,4.72,3.351276317203746,1.368723682796254
fold_municipality_grouped,4,RidgeStack,AGC_115,4.6,3.303362836649245,1.2966371633507547
fold_municipality_grouped,4,RidgeStack,AGC_124,5.05,3.173912799957202,1.876087200042798
fold_municipality_grouped,4,RidgeStack,AGC_125,4.06,3.098108800646369,0.9618911993536305
fold_municipality_grouped,4,RidgeStack,AGC_127,5.57,2.899134355869813,2.6708656441301875
fold_municipality_grouped,4,RidgeStack,AGC_131,4.89,3.0570720532829907,1.832927946717009
fold_municipality_grouped,4,RidgeStack,AGC_132,4.13,3.258165307066186,0.8718346929338141
fold_municipality_grouped,4,RidgeStack,AGC_133,3.91,3.288297514631496,0.621702485368504
fold_municipality_grouped,4,RidgeStack,AGC_135,4.49,3.388019692777846,1.1019803072221541
fold_municipality_grouped,4,RidgeStack,AGC_139,4.67,3.2447420741399635,1.4252579258600364
fold_municipality_grouped,4,RidgeStack,AGC_150,4.52,3.1561799408916724,1.3638200591083272
fold_municipality_grouped,4,RidgeStack,AGC_155,4.52,3.143206797620318,1.3767932023796816
fold_municipality_grouped,4,RidgeStack,AGC_159,4.77,3.1890406538484237,1.5809593461515759
fold_municipality_grouped,4,RidgeStack,AGC_160,3.62,3.1730666439840394,0.44693335601596074
fold_municipality_grouped,4,RidgeStack,AGC_161,4.46,3.145855952721215,1.314144047278785
fold_municipality_grouped,4,RidgeStack,AGC_162,5.59,3.405146556716076,2.1848534432839237
fold_municipality_grouped,4,RidgeStack,AGC_164,3.0,3.4672493246909433,-0.46724932469094327
fold_municipality_grouped,4,RidgeStack,AGC_165,4.44,3.2971159392011575,1.1428840607988429
fold_municipality_grouped,4,RidgeStack,AGC_167,4.54,3.1441500127083866,1.3958499872916135
fold_municipality_grouped,4,RidgeStack,AGC_168,4.49,3.130509042739501,1.3594909572604994
fold_municipality_grouped,4,RidgeStack,AGC_171,2.15,3.297756578058337,-1.147756578058337
fold_municipality_grouped,4,RidgeStack,AGC_172,5.19,3.2761979741876064,1.913802025812394
fold_municipality_grouped,4,RidgeStack,AGC_176,4.38,3.302850782241202,1.077149217758798
fold_municipality_grouped,4,RidgeStack,AGC_178,4.39,3.389074208023193,1.0009257919768069
fold_municipality_grouped,4,RidgeStack,AGC_179,4.55,3.275400778283331,1.2745992217166688
fold_municipality_grouped,4,RidgeStack,AGC_181,4.51,3.1997428307864992,1.3102571692135005
fold_municipality_grouped,4,RidgeStack,AGC_185,5.01,3.1601515963987867,1.849848403601213
fold_municipality_grouped,4,RidgeStack,AGC_189,4.03,3.259114437887402,0.7708855621125981
fold_municipality_grouped,4,RidgeStack,AGC_193,4.57,3.3319787755597203,1.23802122444028
fold_municipality_grouped,4,RidgeStack,AGC_195,3.68,3.2916581932905897,0.38834180670941043
fold_municipality_grouped,4,RidgeStack,AGC_197,4.52,3.384920884624989,1.1350791153750106
fold_municipality_grouped,4,ElasticNetStack,AGC_002,4.63,2.4346927302607737,2.195307269739226
fold_municipality_grouped,4,ElasticNetStack,AGC_005,5.16,2.2603151485144215,2.8996848514855786
fold_municipality_grouped,4,ElasticNetStack,AGC_006,4.49,3.081643706968225,1.4083562930317752
fold_municipality_grouped,4,ElasticNetStack,AGC_008,4.55,3.091588992537224,1.4584110074627756
fold_municipality_grouped,4,ElasticNetStack,AGC_010,4.1,2.820574594349397,1.2794254056506027
fold_municipality_grouped,4,ElasticNetStack,AGC_012,4.69,2.67824620474907,2.0117537952509306
fold_municipality_grouped,4,ElasticNetStack,AGC_013,4.01,2.7419378995762447,1.2680621004237551
fold_municipality_grouped,4,ElasticNetStack,AGC_014,4.83,2.377206371571055,2.452793628428945
fold_municipality_grouped,4,ElasticNetStack,AGC_015,2.64,2.915552580971931,-0.2755525809719308
fold_municipality_grouped,4,ElasticNetStack,AGC_017,4.98,2.7938707441593307,2.1861292558406697
fold_municipality_grouped,4,ElasticNetStack,AGC_018,4.49,2.7491725771788884,1.7408274228211118
fold_municipality_grouped,4,ElasticNetStack,AGC_021,4.94,3.301217695122617,1.6387823048773833
fold_municipality_grouped,4,ElasticNetStack,AGC_022,4.55,3.3032256969588687,1.2467743030411311
fold_municipality_grouped,4,ElasticNetStack,AGC_024,3.03,3.0861344190295497,-0.056134419029549854
fold_municipality_grouped,4,ElasticNetStack,AGC_026,3.55,2.9612228311757898,0.58877716882421
fold_municipality_grouped,4,ElasticNetStack,AGC_032,4.03,3.06402449661187,0.9659755033881301
fold_municipality_grouped,4,ElasticNetStack,AGC_033,4.47,3.1763719704068727,1.293628029593127
fold_municipality_grouped,4,ElasticNetStack,AGC_045,4.1,2.780384612662918,1.3196153873370817
fold_municipality_grouped,4,ElasticNetStack,AGC_047,4.45,3.167724997308862,1.2822750026911383
fold_municipality_grouped,4,ElasticNetStack,AGC_049,5.53,2.669492652337444,2.860507347662556
fold_municipality_grouped,4,ElasticNetStack,AGC_055,5.45,2.731537833707162,2.7184621662928383
fold_municipality_grouped,4,ElasticNetStack,AGC_056,5.07,3.3515027751623268,1.7184972248376735
fold_municipality_grouped,4,ElasticNetStack,AGC_057,4.55,2.8584434290824463,1.6915565709175535
fold_municipality_grouped,4,ElasticNetStack,AGC_060,4.52,2.653341757602491,1.8666582423975084
fold_municipality_grouped,4,ElasticNetStack,AGC_062,3.81,3.3248424969804584,0.48515750301954164
fold_municipality_grouped,4,ElasticNetStack,AGC_069,5.46,2.485943051571258,2.974056948428742
fold_municipality_grouped,4,ElasticNetStack,AGC_072,4.55,3.331110167741534,1.218889832258466
fold_municipality_grouped,4,ElasticNetStack,AGC_073,4.3,3.3903886147994595,0.9096113852005403
fold_municipality_grouped,4,ElasticNetStack,AGC_077,4.76,3.229448765308726,1.530551234691274
fold_municipality_grouped,4,ElasticNetStack,AGC_090,4.68,2.677061811460945,2.002938188539055
fold_municipality_grouped,4,ElasticNetStack,AGC_092,4.57,3.076147253764732,1.4938527462352682
fold_municipality_grouped,4,ElasticNetStack,AGC_096,4.59,3.5015024235515675,1.0884975764484324
fold_municipality_grouped,4,ElasticNetStack,AGC_097,4.69,3.183460617047794,1.5065393829522065
fold_municipality_grouped,4,ElasticNetStack,AGC_100,4.5,3.043911120069639,1.4560888799303608
fold_municipality_grouped,4,ElasticNetStack,AGC_101,4.57,3.343885063089672,1.2261149369103284
fold_municipality_grouped,4,ElasticNetStack,AGC_102,4.4,2.80323436319337,1.5967656368066305
fold_municipality_grouped,4,ElasticNetStack,AGC_104,4.56,2.802178651149676,1.7578213488503236
fold_municipality_grouped,4,ElasticNetStack,AGC_105,4.41,2.754829389423768,1.6551706105762323
fold_municipality_grouped,4,ElasticNetStack,AGC_106,4.43,3.06742905696779,1.36257094303221
fold_municipality_grouped,4,ElasticNetStack,AGC_108,4.51,3.07082529718895,1.4391747028110498
fold_municipality_grouped,4,ElasticNetStack,AGC_109,4.54,3.141461007472613,1.3985389925273872
fold_municipality_grouped,4,ElasticNetStack,AGC_110,4.18,2.9302871342931622,1.2497128657068375
fold_municipality_grouped,4,ElasticNetStack,AGC_111,4.72,3.2310414228324644,1.4889585771675353
fold_municipality_grouped,4,ElasticNetStack,AGC_115,4.6,3.231323465224062,1.3686765347759375
fold_municipality_grouped,4,ElasticNetStack,AGC_124,5.05,2.6276767596031894,2.4223232403968105
fold_municipality_grouped,4,ElasticNetStack,AGC_125,4.06,2.5341011805917835,1.5258988194082161
fold_municipality_grouped,4,ElasticNetStack,AGC_127,5.57,1.5770662265918134,3.992933773408187
fold_municipality_grouped,4,ElasticNetStack,AGC_131,4.89,2.153670297351542,2.7363297026484577
fold_municipality_grouped,4,ElasticNetStack,AGC_132,4.13,2.9840560824008975,1.1459439175991024
fold_municipality_grouped,4,ElasticNetStack,AGC_133,3.91,3.067146140274186,0.842853859725814
fold_municipality_grouped,4,ElasticNetStack,AGC_135,4.49,3.4348379270257485,1.0551620729742517
fold_municipality_grouped,4,ElasticNetStack,AGC_139,4.67,2.8665195361578575,1.8034804638421424
fold_municipality_grouped,4,ElasticNetStack,AGC_150,4.52,2.560624418834238,1.9593755811657614
fold_municipality_grouped,4,ElasticNetStack,AGC_155,4.52,2.4939454650215294,2.02605453497847
fold_municipality_grouped,4,ElasticNetStack,AGC_159,4.77,2.787403394369563,1.9825966056304365
fold_municipality_grouped,4,ElasticNetStack,AGC_160,3.62,2.6175137826582056,1.0024862173417945
fold_municipality_grouped,4,ElasticNetStack,AGC_161,4.46,2.6164592097617034,1.8435407902382965
fold_municipality_grouped,4,ElasticNetStack,AGC_162,5.59,3.430113624924862,2.159886375075138
fold_municipality_grouped,4,ElasticNetStack,AGC_164,3.0,3.478363249509348,-0.47836324950934817
fold_municipality_grouped,4,ElasticNetStack,AGC_165,4.44,3.0675212776592864,1.372478722340714
fold_municipality_grouped,4,ElasticNetStack,AGC_167,4.54,2.6664303415932786,1.8735696584067214
fold_municipality_grouped,4,ElasticNetStack,AGC_168,4.49,2.450506128657027,2.039493871342973
fold_municipality_grouped,4,ElasticNetStack,AGC_171,2.15,3.120164138031872,-0.9701641380318722
fold_municipality_grouped,4,ElasticNetStack,AGC_172,5.19,2.9871637219766587,2.2028362780233417
fold_municipality_grouped,4,ElasticNetStack,AGC_176,4.38,3.2283031299809934,1.1516968700190064
fold_municipality_grouped,4,ElasticNetStack,AGC_178,4.39,3.30833659283608,1.0816634071639197
fold_municipality_grouped,4,ElasticNetStack,AGC_179,4.55,2.9407208265365727,1.609279173463427
fold_municipality_grouped,4,ElasticNetStack,AGC_181,4.51,2.6750235962182676,1.8349764037817322
fold_municipality_grouped,4,ElasticNetStack,AGC_185,5.01,2.475454902101563,2.534545097898437
fold_municipality_grouped,4,ElasticNetStack,AGC_189,4.03,2.973097865685717,1.0569021343142833
fold_municipality_grouped,4,ElasticNetStack,AGC_193,4.57,3.37115670794143,1.1988432920585703
fold_municipality_grouped,4,ElasticNetStack,AGC_195,3.68,3.0383192956066303,0.6416807043933699
fold_municipality_grouped,4,ElasticNetStack,AGC_197,4.52,3.3332922935308917,1.1867077064691078
fold_municipality_grouped,4,HuberStack,AGC_002,4.63,2.99992138752381,1.63007861247619
fold_municipality_grouped,4,HuberStack,AGC_005,5.16,3.0145043537773555,2.1454956462226447
fold_municipality_grouped,4,HuberStack,AGC_006,4.49,3.488537338311886,1.0014626616881142
fold_municipality_grouped,4,HuberStack,AGC_008,4.55,3.2304277484344013,1.3195722515655985
fold_municipality_grouped,4,HuberStack,AGC_010,4.1,3.0955067187582364,1.0044932812417633
fold_municipality_grouped,4,HuberStack,AGC_012,4.69,3.0680971082578186,1.6219028917421818
fold_municipality_grouped,4,HuberStack,AGC_013,4.01,3.4264824146026767,0.5835175853973231
fold_municipality_grouped,4,HuberStack,AGC_014,4.83,2.841450797465084,1.9885492025349158
fold_municipality_grouped,4,HuberStack,AGC_015,2.64,3.1751443271379802,-0.5351443271379801
fold_municipality_grouped,4,HuberStack,AGC_017,4.98,3.184027439930401,1.7959725600695995
fold_municipality_grouped,4,HuberStack,AGC_018,4.49,3.057800174099588,1.4321998259004123
fold_municipality_grouped,4,HuberStack,AGC_021,4.94,3.8159900187747686,1.1240099812252318
fold_municipality_grouped,4,HuberStack,AGC_022,4.55,3.535107014607965,1.0148929853920348
fold_municipality_grouped,4,HuberStack,AGC_024,3.03,3.209556302484838,-0.17955630248483834
fold_municipality_grouped,4,HuberStack,AGC_026,3.55,2.89573079601354,0.6542692039864599
fold_municipality_grouped,4,HuberStack,AGC_032,4.03,3.5323549318261973,0.49764506817380294
fold_municipality_grouped,4,HuberStack,AGC_033,4.47,3.6356029777636456,0.8343970222363541
fold_municipality_grouped,4,HuberStack,AGC_045,4.1,3.13804233876,0.9619576612399996
fold_municipality_grouped,4,HuberStack,AGC_047,4.45,3.3877559453875783,1.0622440546124219
fold_municipality_grouped,4,HuberStack,AGC_049,5.53,3.0290813042063682,2.500918695793632
fold_municipality_grouped,4,HuberStack,AGC_055,5.45,3.455848069866665,1.9941519301333352
fold_municipality_grouped,4,HuberStack,AGC_056,5.07,3.34325227204312,1.7267477279568801
fold_municipality_grouped,4,HuberStack,AGC_057,4.55,3.1793335101449185,1.3706664898550813
fold_municipality_grouped,4,HuberStack,AGC_060,4.52,3.347993467889834,1.1720065321101654
fold_municipality_grouped,4,HuberStack,AGC_062,3.81,3.691417751746693,0.11858224825330721
fold_municipality_grouped,4,HuberStack,AGC_069,5.46,3.1667773802033814,2.2932226197966186
fold_municipality_grouped,4,HuberStack,AGC_072,4.55,3.3932808869510978,1.156719113048902
fold_municipality_grouped,4,HuberStack,AGC_073,4.3,3.654177615335459,0.645822384664541
fold_municipality_grouped,4,HuberStack,AGC_077,4.76,3.7374238219208467,1.0225761780791531
fold_municipality_grouped,4,HuberStack,AGC_090,4.68,2.9732041583375346,1.7067958416624651
fold_municipality_grouped,4,HuberStack,AGC_092,4.57,3.1930141591623586,1.3769858408376416
fold_municipality_grouped,4,HuberStack,AGC_096,4.59,3.5494157083149993,1.0405842916850006
fold_municipality_grouped,4,HuberStack,AGC_097,4.69,3.7981067897014547,0.8918932102985457
fold_municipality_grouped,4,HuberStack,AGC_100,4.5,3.04857970288709,1.45142029711291
fold_municipality_grouped,4,HuberStack,AGC_101,4.57,3.460558062101792,1.1094419378982083
fold_municipality_grouped,4,HuberStack,AGC_102,4.4,3.366867517153257,1.0331324828467432
fold_municipality_grouped,4,HuberStack,AGC_104,4.56,3.20695291122433,1.3530470887756696
fold_municipality_grouped,4,HuberStack,AGC_105,4.41,2.8516968870642936,1.5583031129357066
fold_municipality_grouped,4,HuberStack,AGC_106,4.43,3.1291389349453436,1.3008610650546562
fold_municipality_grouped,4,HuberStack,AGC_108,4.51,3.5176260162408477,0.9923739837591521
fold_municipality_grouped,4,HuberStack,AGC_109,4.54,3.7738742051696748,0.7661257948303253
fold_municipality_grouped,4,HuberStack,AGC_110,4.18,3.0903935245580785,1.0896064754419212
fold_municipality_grouped,4,HuberStack,AGC_111,4.72,3.5916942245908796,1.1283057754091201
fold_municipality_grouped,4,HuberStack,AGC_115,4.6,1.4168437519638153,3.1831562480361844
fold_municipality_grouped,4,HuberStack,AGC_124,5.05,2.968474574518929,2.081525425481071
fold_municipality_grouped,4,HuberStack,AGC_125,4.06,2.745108583789877,1.3148914162101226
fold_municipality_grouped,4,HuberStack,AGC_127,5.57,2.940455121768885,2.6295448782311155
fold_municipality_grouped,4,HuberStack,AGC_131,4.89,2.880397473173921,2.009602526826079
fold_municipality_grouped,4,HuberStack,AGC_132,4.13,3.3007896923598503,0.8292103076401496
fold_municipality_grouped,4,HuberStack,AGC_133,3.91,3.392394112929411,0.5176058870705891
fold_municipality_grouped,4,HuberStack,AGC_135,4.49,3.559222159876774,0.9307778401232261
fold_municipality_grouped,4,HuberStack,AGC_139,4.67,3.447131554777066,1.2228684452229341
fold_municipality_grouped,4,HuberStack,AGC_150,4.52,3.0166038425248276,1.503396157475172
fold_municipality_grouped,4,HuberStack,AGC_155,4.52,3.1055353715632315,1.4144646284367681
fold_municipality_grouped,4,HuberStack,AGC_159,4.77,3.107961641165782,1.6620383588342174
fold_municipality_grouped,4,HuberStack,AGC_160,3.62,3.3531937144972264,0.26680628550277374
fold_municipality_grouped,4,HuberStack,AGC_161,4.46,3.1043184237731283,1.3556815762268717
fold_municipality_grouped,4,HuberStack,AGC_162,5.59,3.753776531164108,1.8362234688358918
fold_municipality_grouped,4,HuberStack,AGC_164,3.0,3.9537034728801843,-0.9537034728801843
fold_municipality_grouped,4,HuberStack,AGC_165,4.44,3.5746511670296925,0.8653488329703078
fold_municipality_grouped,4,HuberStack,AGC_167,4.54,3.0523039892062735,1.4876960107937265
fold_municipality_grouped,4,HuberStack,AGC_168,4.49,3.3784011803946408,1.1115988196053594
fold_municipality_grouped,4,HuberStack,AGC_171,2.15,3.406466211816203,-1.2564662118162029
fold_municipality_grouped,4,HuberStack,AGC_172,5.19,3.143334409546478,2.0466655904535225
fold_municipality_grouped,4,HuberStack,AGC_176,4.38,3.4540982892046532,0.9259017107953467
fold_municipality_grouped,4,HuberStack,AGC_178,4.39,3.619342320751139,0.7706576792488606
fold_municipality_grouped,4,HuberStack,AGC_179,4.55,3.3579234990363833,1.1920765009636165
fold_municipality_grouped,4,HuberStack,AGC_181,4.51,3.0288301398937856,1.4811698601062142
fold_municipality_grouped,4,HuberStack,AGC_185,5.01,3.278644286811831,1.7313557131881687
fold_municipality_grouped,4,HuberStack,AGC_189,4.03,3.2085484971178424,0.8214515028821578
fold_municipality_grouped,4,HuberStack,AGC_193,4.57,3.7421217748837066,0.8278782251162937
fold_municipality_grouped,4,HuberStack,AGC_195,3.68,3.3550274518494305,0.32497254815056964
fold_municipality_grouped,4,HuberStack,AGC_197,4.52,3.589314179925403,0.9306858200745967
fold_municipality_grouped,4,ExtraTreesStack,AGC_002,4.63,3.0415672742179503,1.5884327257820496
fold_municipality_grouped,4,ExtraTreesStack,AGC_005,5.16,3.0467526319445892,2.113247368055411
fold_municipality_grouped,4,ExtraTreesStack,AGC_006,4.49,3.0651776006183384,1.4248223993816618
fold_municipality_grouped,4,ExtraTreesStack,AGC_008,4.55,3.147734936636792,1.4022650633632079
fold_municipality_grouped,4,ExtraTreesStack,AGC_010,4.1,3.164278647309937,0.9357213526900625
fold_municipality_grouped,4,ExtraTreesStack,AGC_012,4.69,3.0415360242179506,1.6484639757820498
fold_municipality_grouped,4,ExtraTreesStack,AGC_013,4.01,3.14314938333453,0.8668506166654697
fold_municipality_grouped,4,ExtraTreesStack,AGC_014,4.83,3.04446834291777,1.7855316570822302
fold_municipality_grouped,4,ExtraTreesStack,AGC_015,2.64,3.0845560505532705,-0.4445560505532704
fold_municipality_grouped,4,ExtraTreesStack,AGC_017,4.98,3.04449959291777,1.9355004070822304
fold_municipality_grouped,4,ExtraTreesStack,AGC_018,4.49,3.0426557519167226,1.4473442480832777
fold_municipality_grouped,4,ExtraTreesStack,AGC_021,4.94,3.0770839006127875,1.862916099387213
fold_municipality_grouped,4,ExtraTreesStack,AGC_022,4.55,3.1200437741731073,1.4299562258268925
fold_municipality_grouped,4,ExtraTreesStack,AGC_024,3.03,3.165201679402684,-0.13520167940268424
fold_municipality_grouped,4,ExtraTreesStack,AGC_026,3.55,3.134828535143835,0.41517146485616463
fold_municipality_grouped,4,ExtraTreesStack,AGC_032,4.03,3.125354447114277,0.9046455528857233
fold_municipality_grouped,4,ExtraTreesStack,AGC_033,4.47,3.100906251893102,1.3690937481068977
fold_municipality_grouped,4,ExtraTreesStack,AGC_045,4.1,3.0447720277977046,1.055227972202295
fold_municipality_grouped,4,ExtraTreesStack,AGC_047,4.45,3.1093734491754503,1.3406265508245498
fold_municipality_grouped,4,ExtraTreesStack,AGC_049,5.53,3.0456838725270496,2.4843161274729506
fold_municipality_grouped,4,ExtraTreesStack,AGC_055,5.45,3.046531525531939,2.403468474468061
fold_municipality_grouped,4,ExtraTreesStack,AGC_056,5.07,3.0949251222955163,1.975074877704484
fold_municipality_grouped,4,ExtraTreesStack,AGC_057,4.55,3.1364970819662417,1.4135029180337582
fold_municipality_grouped,4,ExtraTreesStack,AGC_060,4.52,3.053380042408582,1.4666199575914174
fold_municipality_grouped,4,ExtraTreesStack,AGC_062,3.81,2.9865291684787367,0.8234708315212633
fold_municipality_grouped,4,ExtraTreesStack,AGC_069,5.46,3.0412837040571743,2.4187162959428257
fold_municipality_grouped,4,ExtraTreesStack,AGC_072,4.55,3.0023997119406802,1.5476002880593196
fold_municipality_grouped,4,ExtraTreesStack,AGC_073,4.3,3.0089136909437886,1.2910863090562112
fold_municipality_grouped,4,ExtraTreesStack,AGC_077,4.76,3.0132592156848554,1.7467407843151443
fold_municipality_grouped,4,ExtraTreesStack,AGC_090,4.68,3.050492601298279,1.6295073987017208
fold_municipality_grouped,4,ExtraTreesStack,AGC_092,4.57,3.0301083250872236,1.5398916749127767
fold_municipality_grouped,4,ExtraTreesStack,AGC_096,4.59,3.055230423068295,1.534769576931705
fold_municipality_grouped,4,ExtraTreesStack,AGC_097,4.69,3.14113584443542,1.5488641555645803
fold_municipality_grouped,4,ExtraTreesStack,AGC_100,4.5,3.162825100734678,1.3371748992653218
fold_municipality_grouped,4,ExtraTreesStack,AGC_101,4.57,3.0833208758343447,1.4866791241656556
fold_municipality_grouped,4,ExtraTreesStack,AGC_102,4.4,3.10082476456865,1.2991752354313504
fold_municipality_grouped,4,ExtraTreesStack,AGC_104,4.56,3.1498605541515188,1.4101394458484808
fold_municipality_grouped,4,ExtraTreesStack,AGC_105,4.41,3.039398651609621,1.370601348390379
fold_municipality_grouped,4,ExtraTreesStack,AGC_106,4.43,3.1379254265934593,1.2920745734065404
fold_municipality_grouped,4,ExtraTreesStack,AGC_108,4.51,3.072603462558039,1.4373965374419608
fold_municipality_grouped,4,ExtraTreesStack,AGC_109,4.54,3.0917163105095944,1.4482836894904056
fold_municipality_grouped,4,ExtraTreesStack,AGC_110,4.18,3.150858139178146,1.0291418608218539
fold_municipality_grouped,4,ExtraTreesStack,AGC_111,4.72,3.091592101280426,1.6284078987195736
fold_municipality_grouped,4,ExtraTreesStack,AGC_115,4.6,3.0380256624205124,1.5619743375794872
fold_municipality_grouped,4,ExtraTreesStack,AGC_124,5.05,3.044131962280433,2.005868037719567
fold_municipality_grouped,4,ExtraTreesStack,AGC_125,4.06,3.045336436246225,1.0146635637537744
fold_municipality_grouped,4,ExtraTreesStack,AGC_127,5.57,3.047044942785982,2.5229550572140185
fold_municipality_grouped,4,ExtraTreesStack,AGC_131,4.89,3.0345972235798055,1.8554027764201941
fold_municipality_grouped,4,ExtraTreesStack,AGC_132,4.13,3.1460073633526635,0.9839926366473364
fold_municipality_grouped,4,ExtraTreesStack,AGC_133,3.91,3.123168062663816,0.7868319373361841
fold_municipality_grouped,4,ExtraTreesStack,AGC_135,4.49,2.986221665701148,1.5037783342988522
fold_municipality_grouped,4,ExtraTreesStack,AGC_139,4.67,3.1676811628660593,1.5023188371339407
fold_municipality_grouped,4,ExtraTreesStack,AGC_150,4.52,3.043653679941856,1.4763463200581435
fold_municipality_grouped,4,ExtraTreesStack,AGC_155,4.52,3.033743062384032,1.4862569376159676
fold_municipality_grouped,4,ExtraTreesStack,AGC_159,4.77,3.046670144468615,1.7233298555313845
fold_municipality_grouped,4,ExtraTreesStack,AGC_160,3.62,3.0455465454097217,0.5744534545902784
fold_municipality_grouped,4,ExtraTreesStack,AGC_161,4.46,3.04449959291777,1.41550040708223
fold_municipality_grouped,4,ExtraTreesStack,AGC_162,5.59,3.0136444248705865,2.5763555751294134
fold_municipality_grouped,4,ExtraTreesStack,AGC_164,3.0,3.2155492203416385,-0.21554922034163848
fold_municipality_grouped,4,ExtraTreesStack,AGC_165,4.44,3.1297273953613467,1.3102726046386537
fold_municipality_grouped,4,ExtraTreesStack,AGC_167,4.54,3.0467773588652727,1.4932226411347274
fold_municipality_grouped,4,ExtraTreesStack,AGC_168,4.49,3.0595410298101258,1.4304589701898744
fold_municipality_grouped,4,ExtraTreesStack,AGC_171,2.15,3.145308536851936,-0.9953085368519359
fold_municipality_grouped,4,ExtraTreesStack,AGC_172,5.19,3.15740997985109,2.0325900201489104
fold_municipality_grouped,4,ExtraTreesStack,AGC_176,4.38,3.1531315482905455,1.2268684517094544
fold_municipality_grouped,4,ExtraTreesStack,AGC_178,4.39,3.00647950010768,1.3835204998923198
fold_municipality_grouped,4,ExtraTreesStack,AGC_179,4.55,3.1539075025353767,1.3960924974646232
fold_municipality_grouped,4,ExtraTreesStack,AGC_181,4.51,3.154874572887412,1.3551254271125877
fold_municipality_grouped,4,ExtraTreesStack,AGC_185,5.01,3.030007374946469,1.979992625053531
fold_municipality_grouped,4,ExtraTreesStack,AGC_189,4.03,3.130532978070195,0.8994670219298051
fold_municipality_grouped,4,ExtraTreesStack,AGC_193,4.57,3.119329344243231,1.4506706557567695
fold_municipality_grouped,4,ExtraTreesStack,AGC_195,3.68,3.1085425846260577,0.5714574153739425
fold_municipality_grouped,4,ExtraTreesStack,AGC_197,4.52,3.037792865650086,1.4822071343499137
fold_municipality_grouped,4,HistGBStack,AGC_002,4.63,2.9382221351872464,1.6917778648127535
fold_municipality_grouped,4,HistGBStack,AGC_005,5.16,3.0453735475890764,2.1146264524109237
fold_municipality_grouped,4,HistGBStack,AGC_006,4.49,3.18981734118254,1.30018265881746
fold_municipality_grouped,4,HistGBStack,AGC_008,4.55,3.3640756915510512,1.1859243084489486
fold_municipality_grouped,4,HistGBStack,AGC_010,4.1,3.428738384774895,0.6712616152251045
fold_municipality_grouped,4,HistGBStack,AGC_012,4.69,2.9392122314132485,1.750787768586752
fold_municipality_grouped,4,HistGBStack,AGC_013,4.01,3.4202178248554493,0.5897821751445504
fold_municipality_grouped,4,HistGBStack,AGC_014,4.83,3.1071398663045104,1.7228601336954896
fold_municipality_grouped,4,HistGBStack,AGC_015,2.64,3.1071398663045104,-0.4671398663045103
fold_municipality_grouped,4,HistGBStack,AGC_017,4.98,3.1071398663045104,1.87286013369549
fold_municipality_grouped,4,HistGBStack,AGC_018,4.49,2.9382221351872464,1.5517778648127538
fold_municipality_grouped,4,HistGBStack,AGC_021,4.94,3.134174534279146,1.8058254657208543
fold_municipality_grouped,4,HistGBStack,AGC_022,4.55,3.3077479186435443,1.2422520813564555
fold_municipality_grouped,4,HistGBStack,AGC_024,3.03,3.310829932755063,-0.2808299327550632
fold_municipality_grouped,4,HistGBStack,AGC_026,3.55,3.1548307702028873,0.39516922979711255
fold_municipality_grouped,4,HistGBStack,AGC_032,4.03,3.0556063260016333,0.974393673998367
fold_municipality_grouped,4,HistGBStack,AGC_033,4.47,3.1722469459730847,1.297753054026915
fold_municipality_grouped,4,HistGBStack,AGC_045,4.1,3.0940743001449253,1.0059256998550743
fold_municipality_grouped,4,HistGBStack,AGC_047,4.45,3.0113513460500076,1.4386486539499925
fold_municipality_grouped,4,HistGBStack,AGC_049,5.53,3.1071398663045104,2.42286013369549
fold_municipality_grouped,4,HistGBStack,AGC_055,5.45,3.0443834513630743,2.405616548636926
fold_municipality_grouped,4,HistGBStack,AGC_056,5.07,3.2223216375028314,1.8476783624971689
fold_municipality_grouped,4,HistGBStack,AGC_057,4.55,3.068051998664103,1.4819480013358968
fold_municipality_grouped,4,HistGBStack,AGC_060,4.52,3.0453735475890764,1.4746264524109232
fold_municipality_grouped,4,HistGBStack,AGC_062,3.81,2.925812710092458,0.8841872899075423
fold_municipality_grouped,4,HistGBStack,AGC_069,5.46,2.9382221351872464,2.5217778648127536
fold_municipality_grouped,4,HistGBStack,AGC_072,4.55,2.9149643192248416,1.6350356807751583
fold_municipality_grouped,4,HistGBStack,AGC_073,4.3,3.39645107559967,0.9035489244003299
fold_municipality_grouped,4,HistGBStack,AGC_077,4.76,3.01578399747331,1.7442160025266897
fold_municipality_grouped,4,HistGBStack,AGC_090,4.68,3.1081299625305125,1.5718700374694872
fold_municipality_grouped,4,HistGBStack,AGC_092,4.57,2.9356348725997123,1.634365127400288
fold_municipality_grouped,4,HistGBStack,AGC_096,4.59,3.062473976885341,1.527526023114659
fold_municipality_grouped,4,HistGBStack,AGC_097,4.69,3.3208134848031294,1.369186515196871
fold_municipality_grouped,4,HistGBStack,AGC_100,4.5,3.4202178248554493,1.0797821751445507
fold_municipality_grouped,4,HistGBStack,AGC_101,4.57,3.1980377597953877,1.3719622402046125
fold_municipality_grouped,4,HistGBStack,AGC_102,4.4,3.05994542681972,1.3400545731802804
fold_municipality_grouped,4,HistGBStack,AGC_104,4.56,3.4819841435708834,1.0780158564291162
fold_municipality_grouped,4,HistGBStack,AGC_105,4.41,2.9514533014557203,1.4585466985442799
fold_municipality_grouped,4,HistGBStack,AGC_106,4.43,3.4704479892824955,0.9595520107175042
fold_municipality_grouped,4,HistGBStack,AGC_108,4.51,2.7912093675750733,1.7187906324249265
fold_municipality_grouped,4,HistGBStack,AGC_109,4.54,3.163726386053639,1.3762736139463612
fold_municipality_grouped,4,HistGBStack,AGC_110,4.18,3.4819841435708834,0.6980158564291163
fold_municipality_grouped,4,HistGBStack,AGC_111,4.72,3.0648554610369856,1.6551445389630142
fold_municipality_grouped,4,HistGBStack,AGC_115,4.6,3.2259433499538583,1.3740566500461413
fold_municipality_grouped,4,HistGBStack,AGC_124,5.05,2.9559133698021207,2.094086630197879
fold_municipality_grouped,4,HistGBStack,AGC_125,4.06,3.0453735475890764,1.0146264524109232
fold_municipality_grouped,4,HistGBStack,AGC_127,5.57,3.043045716640906,2.5269542833590943
fold_municipality_grouped,4,HistGBStack,AGC_131,4.89,3.043045716640906,1.8469542833590937
fold_municipality_grouped,4,HistGBStack,AGC_132,4.13,3.4819841435708834,0.6480158564291165
fold_municipality_grouped,4,HistGBStack,AGC_133,3.91,3.0588501403861614,0.8511498596138387
fold_municipality_grouped,4,HistGBStack,AGC_135,4.49,2.917292150173012,1.5727078498269882
fold_municipality_grouped,4,HistGBStack,AGC_139,4.67,3.4829742397968855,1.1870257602031145
fold_municipality_grouped,4,HistGBStack,AGC_150,4.52,2.9559133698021207,1.5640866301978789
fold_municipality_grouped,4,HistGBStack,AGC_155,4.52,3.1071398663045104,1.4128601336954891
fold_municipality_grouped,4,HistGBStack,AGC_159,4.77,2.9382221351872464,1.8317778648127532
fold_municipality_grouped,4,HistGBStack,AGC_160,3.62,2.9559133698021207,0.6640866301978794
fold_municipality_grouped,4,HistGBStack,AGC_161,4.46,3.1071398663045104,1.3528601336954895
fold_municipality_grouped,4,HistGBStack,AGC_162,5.59,2.811130833997184,2.7788691660028157
fold_municipality_grouped,4,HistGBStack,AGC_164,3.0,3.2606316057102287,-0.2606316057102287
fold_municipality_grouped,4,HistGBStack,AGC_165,4.44,3.3606968775521007,1.0793031224478997
fold_municipality_grouped,4,HistGBStack,AGC_167,4.54,3.0443834513630743,1.4956165486369257
fold_municipality_grouped,4,HistGBStack,AGC_168,4.49,3.1081299625305125,1.3818700374694877
fold_municipality_grouped,4,HistGBStack,AGC_171,2.15,3.3208134848031294,-1.1708134848031295
fold_municipality_grouped,4,HistGBStack,AGC_172,5.19,3.3130664124536193,1.876933587546381
fold_municipality_grouped,4,HistGBStack,AGC_176,4.38,3.267567726007141,1.1124322739928587
fold_municipality_grouped,4,HistGBStack,AGC_178,4.39,2.9064516140312406,1.483548385968759
fold_municipality_grouped,4,HistGBStack,AGC_179,4.55,3.326297578722093,1.2237024212779066
fold_municipality_grouped,4,HistGBStack,AGC_181,4.51,3.4829742397968855,1.0270257602031143
fold_municipality_grouped,4,HistGBStack,AGC_185,5.01,2.9524433976817224,2.0575566023182774
fold_municipality_grouped,4,HistGBStack,AGC_189,4.03,3.108232191300506,0.921767808699494
fold_municipality_grouped,4,HistGBStack,AGC_193,4.57,3.2318322936482793,1.338167706351721
fold_municipality_grouped,4,HistGBStack,AGC_195,3.68,3.2644770336759477,0.4155229663240525
fold_municipality_grouped,4,HistGBStack,AGC_197,4.52,3.19902785602139,1.3209721439786097
fold_municipality_grouped,5,EqualTop3,AGC_009,4.79,4.381999768122487,0.4080002318775131
fold_municipality_grouped,5,EqualTop3,AGC_035,4.68,3.9238039282962607,0.756196071703739
fold_municipality_grouped,5,EqualTop3,AGC_048,2.5,3.3783492162987088,-0.8783492162987088
fold_municipality_grouped,5,EqualTop3,AGC_064,4.51,4.4711318818273975,0.03886811817260227
fold_municipality_grouped,5,EqualTop3,AGC_083,4.61,4.126066522165657,0.48393347783434315
fold_municipality_grouped,5,EqualTop3,AGC_119,4.4,4.490696486698677,-0.09069648669867636
fold_municipality_grouped,5,MeanAll,AGC_009,4.79,4.311370677641183,0.4786293223588167
fold_municipality_grouped,5,MeanAll,AGC_035,4.68,3.8157789586557427,0.864221041344257
fold_municipality_grouped,5,MeanAll,AGC_048,2.5,3.296541858094347,-0.7965418580943471
fold_municipality_grouped,5,MeanAll,AGC_064,4.51,4.4144228140780415,0.0955771859219583
fold_municipality_grouped,5,MeanAll,AGC_083,4.61,4.068773388724496,0.541226611275504
fold_municipality_grouped,5,MeanAll,AGC_119,4.4,4.372448394156626,0.02755160584337446
fold_municipality_grouped,5,ConvexAll,AGC_009,4.79,4.37657029011589,0.41342970988411043
fold_municipality_grouped,5,ConvexAll,AGC_035,4.68,3.8716255998355193,0.8083744001644804
fold_municipality_grouped,5,ConvexAll,AGC_048,2.5,3.5147266126407177,-1.0147266126407177
fold_municipality_grouped,5,ConvexAll,AGC_064,4.51,4.469061539253557,0.04093846074644247
fold_municipality_grouped,5,ConvexAll,AGC_083,4.61,3.959216803837849,0.6507831961621515
fold_municipality_grouped,5,ConvexAll,AGC_119,4.4,4.5229496943183225,-0.12294969431832214
fold_municipality_grouped,5,RidgeStack,AGC_009,4.79,3.710363760165145,1.079636239834855
fold_municipality_grouped,5,RidgeStack,AGC_035,4.68,3.8601293331410904,0.8198706668589093
fold_municipality_grouped,5,RidgeStack,AGC_048,2.5,4.091943499159661,-1.5919434991596608
fold_municipality_grouped,5,RidgeStack,AGC_064,4.51,3.676347574582773,0.8336524254172266
fold_municipality_grouped,5,RidgeStack,AGC_083,4.61,3.766009983955887,0.8439900160441134
fold_municipality_grouped,5,RidgeStack,AGC_119,4.4,3.677802807082797,0.7221971929172035
fold_municipality_grouped,5,ElasticNetStack,AGC_009,4.79,3.481582865456339,1.308417134543661
fold_municipality_grouped,5,ElasticNetStack,AGC_035,4.68,3.786585223603278,0.8934147763967215
fold_municipality_grouped,5,ElasticNetStack,AGC_048,2.5,4.299081670644312,-1.7990816706443118
fold_municipality_grouped,5,ElasticNetStack,AGC_064,4.51,3.3778700050581856,1.1321299949418142
fold_municipality_grouped,5,ElasticNetStack,AGC_083,4.61,3.527114721621262,1.0828852783787384
fold_municipality_grouped,5,ElasticNetStack,AGC_119,4.4,3.4160586065945413,0.983941393405459
fold_municipality_grouped,5,HuberStack,AGC_009,4.79,4.7609308470362715,0.029069152963728584
fold_municipality_grouped,5,HuberStack,AGC_035,4.68,3.210774998301118,1.4692250016988817
fold_municipality_grouped,5,HuberStack,AGC_048,2.5,4.8816818090295975,-2.3816818090295975
fold_municipality_grouped,5,HuberStack,AGC_064,4.51,3.880109051846528,0.6298909481534718
fold_municipality_grouped,5,HuberStack,AGC_083,4.61,3.6395768867205085,0.9704231132794918
fold_municipality_grouped,5,HuberStack,AGC_119,4.4,2.9431242470545547,1.4568757529454457
fold_municipality_grouped,5,ExtraTreesStack,AGC_009,4.79,3.923507638888894,0.866492361111106
fold_municipality_grouped,5,ExtraTreesStack,AGC_035,4.68,3.5118024206349188,1.168197579365081
fold_municipality_grouped,5,ExtraTreesStack,AGC_048,2.5,4.4551063888888915,-1.9551063888888915
fold_municipality_grouped,5,ExtraTreesStack,AGC_064,4.51,4.055005416666674,0.45499458333332576
fold_municipality_grouped,5,ExtraTreesStack,AGC_083,4.61,3.091117499999997,1.5188825000000032
fold_municipality_grouped,5,ExtraTreesStack,AGC_119,4.4,3.9886490277777837,0.4113509722222166
fold_municipality_grouped,5,HistGBStack,AGC_009,4.79,3.97987082284456,0.81012917715544
fold_municipality_grouped,5,HistGBStack,AGC_035,4.68,3.6628676061032643,1.0171323938967354
fold_municipality_grouped,5,HistGBStack,AGC_048,2.5,4.310583275682203,-1.8105832756822027
fold_municipality_grouped,5,HistGBStack,AGC_064,4.51,4.009725133159794,0.500274866840206
fold_municipality_grouped,5,HistGBStack,AGC_083,4.61,2.8824090928856703,1.72759090711433
fold_municipality_grouped,5,HistGBStack,AGC_119,4.4,3.856775165465341,0.5432248345346595
