protocol,representation,model,fold,ID_POLIGONO,observed,predicted,residual
fold_state_stratified,G0_base,CatBoostLarge,1,AGC_009,4.79,4.435073136641556,0.35492686335844414
fold_state_stratified,G0_base,CatBoostLarge,1,AGC_015,2.64,4.75115385134276,-2.11115385134276
fold_state_stratified,G0_base,CatBoostLarge,1,AGC_017,4.98,4.641826222807747,0.33817377719225306
fold_state_stratified,G0_base,CatBoostLarge,1,AGC_032,4.03,4.761184004975618,-0.731184004975618
fold_state_stratified,G0_base,CatBoostLarge,1,AGC_045,4.1,4.70861741374614,-0.6086174137461402
fold_state_stratified,G0_base,CatBoostLarge,1,AGC_054,2.5,2.986355123070794,-0.4863551230707941
fold_state_stratified,G0_base,CatBoostLarge,1,AGC_058,2.5,3.016391703403926,-0.5163917034039258
fold_state_stratified,G0_base,CatBoostLarge,1,AGC_068,2.5,2.936466189749595,-0.43646618974959495
fold_state_stratified,G0_base,CatBoostLarge,1,AGC_073,4.3,4.259383402956246,0.04061659704375398
fold_state_stratified,G0_base,CatBoostLarge,1,AGC_079,3.3,3.1098152248646045,0.19018477513539533
fold_state_stratified,G0_base,CatBoostLarge,1,AGC_083,4.61,4.484884113845858,0.12511588615414215
fold_state_stratified,G0_base,CatBoostLarge,1,AGC_090,4.68,4.51668734633008,0.16331265366991943
fold_state_stratified,G0_base,CatBoostLarge,1,AGC_102,4.4,4.36514020701668,0.03485979298332076
fold_state_stratified,G0_base,CatBoostLarge,1,AGC_103,3.0,2.9965731988131097,0.003426801186890316
fold_state_stratified,G0_base,CatBoostLarge,1,AGC_111,4.72,4.514342589516877,0.20565741048312258
fold_state_stratified,G0_base,CatBoostLarge,1,AGC_112,3.0,2.9294730114470013,0.07052698855299866
fold_state_stratified,G0_base,CatBoostLarge,1,AGC_117,3.5,3.1150261807982957,0.38497381920170426
fold_state_stratified,G0_base,CatBoostLarge,1,AGC_119,4.4,4.642193769689406,-0.24219376968940587
fold_state_stratified,G0_base,CatBoostLarge,1,AGC_121,3.3,2.9794381320397605,0.32056186796023933
fold_state_stratified,G0_base,CatBoostLarge,1,AGC_127,5.57,4.561701849497155,1.0082981505028457
fold_state_stratified,G0_base,CatBoostLarge,1,AGC_133,3.91,4.361885094088898,-0.45188509408889743
fold_state_stratified,G0_base,CatBoostLarge,1,AGC_139,4.67,4.316362605607324,0.35363739439267583
fold_state_stratified,G0_base,CatBoostLarge,1,AGC_159,4.77,4.533002903267658,0.23699709673234182
fold_state_stratified,G0_base,CatBoostLarge,1,AGC_161,4.46,4.620618578708765,-0.16061857870876484
fold_state_stratified,G0_base,CatBoostLarge,1,AGC_164,3.0,3.387459474483716,-0.3874594744837161
fold_state_stratified,G0_base,CatBoostLarge,1,AGC_167,4.54,4.610443989882157,-0.07044398988215672
fold_state_stratified,G0_base,CatBoostLarge,1,AGC_180,4.14,4.175454255595682,-0.03545425559568205
fold_state_stratified,G0_base,CatBoostLarge,1,AGC_187,3.0,2.993060458029518,0.006939541970481855
fold_state_stratified,G0_base,CatBoostLarge,2,AGC_008,4.55,4.4373845169633706,0.11261548303662927
fold_state_stratified,G0_base,CatBoostLarge,2,AGC_024,3.03,4.124307605539341,-1.0943076055393415
fold_state_stratified,G0_base,CatBoostLarge,2,AGC_033,4.47,4.547200047987829,-0.0772000479878292
fold_state_stratified,G0_base,CatBoostLarge,2,AGC_037,3.5,2.814485838454356,0.6855141615456439
fold_state_stratified,G0_base,CatBoostLarge,2,AGC_040,3.0,2.922342661714149,0.0776573382858512
fold_state_stratified,G0_base,CatBoostLarge,2,AGC_047,4.45,4.229193121111237,0.22080687888876316
fold_state_stratified,G0_base,CatBoostLarge,2,AGC_049,5.53,4.437262793545528,1.0927372064544718
fold_state_stratified,G0_base,CatBoostLarge,2,AGC_053,3.5,3.304626306753235,0.1953736932467649
fold_state_stratified,G0_base,CatBoostLarge,2,AGC_055,5.45,4.5375685770387575,0.9124314229612427
fold_state_stratified,G0_base,CatBoostLarge,2,AGC_062,3.81,4.506019081286212,-0.6960190812862117
fold_state_stratified,G0_base,CatBoostLarge,2,AGC_064,4.51,4.751425381212838,-0.24142538121283863
fold_state_stratified,G0_base,CatBoostLarge,2,AGC_078,3.0,3.4232917169536563,-0.4232917169536563
fold_state_stratified,G0_base,CatBoostLarge,2,AGC_098,3.0,3.1038342259293,-0.10383422592930014
fold_state_stratified,G0_base,CatBoostLarge,2,AGC_100,4.5,4.493912152161556,0.0060878478384438495
fold_state_stratified,G0_base,CatBoostLarge,2,AGC_108,4.51,4.70508255821035,-0.19508255821035014
fold_state_stratified,G0_base,CatBoostLarge,2,AGC_124,5.05,4.758430227473596,0.2915697725264037
fold_state_stratified,G0_base,CatBoostLarge,2,AGC_125,4.06,4.327672704506597,-0.2676727045065972
fold_state_stratified,G0_base,CatBoostLarge,2,AGC_131,4.89,4.51084159258717,0.37915840741283
fold_state_stratified,G0_base,CatBoostLarge,2,AGC_134,4.52,4.419858571006074,0.10014142899392553
fold_state_stratified,G0_base,CatBoostLarge,2,AGC_135,4.49,4.614297909926594,-0.12429790992659395
fold_state_stratified,G0_base,CatBoostLarge,2,AGC_145,3.5,2.91165655591859,0.5883434440814099
fold_state_stratified,G0_base,CatBoostLarge,2,AGC_150,4.52,4.386199200450136,0.13380079954986357
fold_state_stratified,G0_base,CatBoostLarge,2,AGC_151,4.69,4.385431056855538,0.3045689431444627
fold_state_stratified,G0_base,CatBoostLarge,2,AGC_157,3.0,3.4767724090415726,-0.4767724090415726
fold_state_stratified,G0_base,CatBoostLarge,2,AGC_160,3.62,4.578345177894377,-0.958345177894377
fold_state_stratified,G0_base,CatBoostLarge,2,AGC_166,2.5,3.939075865046263,-1.439075865046263
fold_state_stratified,G0_base,CatBoostLarge,2,AGC_193,4.57,4.031710684212605,0.5382893157873951
fold_state_stratified,G0_base,CatBoostLarge,2,AGC_194,3.2,2.871933101451276,0.32806689854872406
fold_state_stratified,G0_base,CatBoostLarge,3,AGC_004,3.0,3.103017415678437,-0.10301741567843692
fold_state_stratified,G0_base,CatBoostLarge,3,AGC_005,5.16,4.730578271258821,0.429421728741179
fold_state_stratified,G0_base,CatBoostLarge,3,AGC_010,4.1,4.118471514268435,-0.01847151426843574
fold_state_stratified,G0_base,CatBoostLarge,3,AGC_014,4.83,4.134195659469242,0.6958043405307581
fold_state_stratified,G0_base,CatBoostLarge,3,AGC_018,4.49,4.183145627227091,0.30685437277290895
fold_state_stratified,G0_base,CatBoostLarge,3,AGC_021,4.94,4.848179727253182,0.09182027274681825
fold_state_stratified,G0_base,CatBoostLarge,3,AGC_023,3.0,2.871676182712804,0.1283238172871961
fold_state_stratified,G0_base,CatBoostLarge,3,AGC_038,3.3,3.042556639323493,0.25744336067650675
fold_state_stratified,G0_base,CatBoostLarge,3,AGC_044,3.5,3.16190490234942,0.3380950976505801
fold_state_stratified,G0_base,CatBoostLarge,3,AGC_051,4.45,3.95969508544475,0.49030491455525027
fold_state_stratified,G0_base,CatBoostLarge,3,AGC_059,4.41,4.237417084983107,0.1725829150168927
fold_state_stratified,G0_base,CatBoostLarge,3,AGC_066,3.0,2.756717934367572,0.24328206563242816
fold_state_stratified,G0_base,CatBoostLarge,3,AGC_067,3.0,3.3930872000241834,-0.3930872000241834
fold_state_stratified,G0_base,CatBoostLarge,3,AGC_069,5.46,4.291945320152706,1.1680546798472937
fold_state_stratified,G0_base,CatBoostLarge,3,AGC_070,3.3,2.9929423169951406,0.30705768300485925
fold_state_stratified,G0_base,CatBoostLarge,3,AGC_072,4.55,4.109893776345814,0.44010622365418595
fold_state_stratified,G0_base,CatBoostLarge,3,AGC_074,2.5,3.1785193221763848,-0.6785193221763848
fold_state_stratified,G0_base,CatBoostLarge,3,AGC_077,4.76,4.3883298720910915,0.3716701279089083
fold_state_stratified,G0_base,CatBoostLarge,3,AGC_089,3.0,3.0890914217031025,-0.08909142170310247
fold_state_stratified,G0_base,CatBoostLarge,3,AGC_097,4.69,4.363135054139491,0.3268649458605095
fold_state_stratified,G0_base,CatBoostLarge,3,AGC_106,4.43,3.5289298146317662,0.9010701853682335
fold_state_stratified,G0_base,CatBoostLarge,3,AGC_110,4.18,3.7239881409251723,0.45601185907482744
fold_state_stratified,G0_base,CatBoostLarge,3,AGC_138,2.5,3.129305803972244,-0.6293058039722439
fold_state_stratified,G0_base,CatBoostLarge,3,AGC_155,4.52,4.5078800762955495,0.01211992370445003
fold_state_stratified,G0_base,CatBoostLarge,3,AGC_163,3.0,2.850789699323599,0.14921030067640118
fold_state_stratified,G0_base,CatBoostLarge,3,AGC_165,4.44,4.292374054227963,0.14762594577203725
fold_state_stratified,G0_base,CatBoostLarge,3,AGC_196,3.5,3.462672468439848,0.03732753156015178
fold_state_stratified,G0_base,CatBoostLarge,3,AGC_197,4.52,3.898104001963702,0.6218959980362975
fold_state_stratified,G0_base,CatBoostLarge,4,AGC_007,3.5,3.0948251873976957,0.40517481260230426
fold_state_stratified,G0_base,CatBoostLarge,4,AGC_012,4.69,5.100701836834617,-0.41070183683461625
fold_state_stratified,G0_base,CatBoostLarge,4,AGC_019,3.0,2.815399848931598,0.18460015106840189
fold_state_stratified,G0_base,CatBoostLarge,4,AGC_022,4.55,4.3028976212589445,0.24710237874105534
fold_state_stratified,G0_base,CatBoostLarge,4,AGC_026,3.55,4.294333836914795,-0.7443338369147954
fold_state_stratified,G0_base,CatBoostLarge,4,AGC_041,2.5,2.9223715977952267,-0.4223715977952267
fold_state_stratified,G0_base,CatBoostLarge,4,AGC_048,2.5,3.2317963442678135,-0.7317963442678135
fold_state_stratified,G0_base,CatBoostLarge,4,AGC_056,5.07,4.770993797062502,0.29900620293749824
fold_state_stratified,G0_base,CatBoostLarge,4,AGC_080,3.5,3.026786933887969,0.47321306611203084
fold_state_stratified,G0_base,CatBoostLarge,4,AGC_081,3.7,3.1375986707641346,0.5624013292358656
fold_state_stratified,G0_base,CatBoostLarge,4,AGC_099,3.5,3.096336525138419,0.40366347486158105
fold_state_stratified,G0_base,CatBoostLarge,4,AGC_104,4.56,4.4853264082608035,0.07467359173919608
fold_state_stratified,G0_base,CatBoostLarge,4,AGC_109,4.54,4.541000723701778,-0.0010007237017779502
fold_state_stratified,G0_base,CatBoostLarge,4,AGC_115,4.6,4.363947930534657,0.23605206946534274
fold_state_stratified,G0_base,CatBoostLarge,4,AGC_122,3.5,2.9050863944251084,0.5949136055748916
fold_state_stratified,G0_base,CatBoostLarge,4,AGC_132,4.13,4.42324900228369,-0.29324900228369
fold_state_stratified,G0_base,CatBoostLarge,4,AGC_140,3.2,3.0052269356546333,0.1947730643453669
fold_state_stratified,G0_base,CatBoostLarge,4,AGC_144,2.5,2.8498941790787953,-0.3498941790787953
fold_state_stratified,G0_base,CatBoostLarge,4,AGC_148,3.0,2.9335292584904025,0.06647074150959753
fold_state_stratified,G0_base,CatBoostLarge,4,AGC_152,4.87,4.567521262818559,0.302478737181441
fold_state_stratified,G0_base,CatBoostLarge,4,AGC_168,4.49,4.624780311251307,-0.13478031125130663
fold_state_stratified,G0_base,CatBoostLarge,4,AGC_170,3.0,3.0008993950290304,-0.0008993950290303587
fold_state_stratified,G0_base,CatBoostLarge,4,AGC_171,2.15,4.4881587342639975,-2.3381587342639976
fold_state_stratified,G0_base,CatBoostLarge,4,AGC_172,5.19,4.685368502630595,0.504631497369405
fold_state_stratified,G0_base,CatBoostLarge,4,AGC_176,4.38,4.277647340384505,0.10235265961549533
fold_state_stratified,G0_base,CatBoostLarge,4,AGC_178,4.39,4.407988918635901,-0.017988918635901463
fold_state_stratified,G0_base,CatBoostLarge,4,AGC_181,4.51,4.640735447308941,-0.1307354473089415
fold_state_stratified,G0_base,CatBoostLarge,5,AGC_001,3.5,2.879582723688486,0.6204172763115139
fold_state_stratified,G0_base,CatBoostLarge,5,AGC_002,4.63,4.459188367540108,0.17081163245989206
fold_state_stratified,G0_base,CatBoostLarge,5,AGC_006,4.49,4.28835243022759,0.20164756977241005
fold_state_stratified,G0_base,CatBoostLarge,5,AGC_013,4.01,4.415149569457654,-0.4051495694576541
fold_state_stratified,G0_base,CatBoostLarge,5,AGC_020,3.5,3.2635715968707757,0.2364284031292243
fold_state_stratified,G0_base,CatBoostLarge,5,AGC_034,2.0,3.0488484344960725,-1.0488484344960725
fold_state_stratified,G0_base,CatBoostLarge,5,AGC_035,4.68,3.9421642310736758,0.737835768926324
fold_state_stratified,G0_base,CatBoostLarge,5,AGC_046,3.0,2.9506920657219666,0.04930793427803337
fold_state_stratified,G0_base,CatBoostLarge,5,AGC_057,4.55,4.688286103738381,-0.13828610373838135
fold_state_stratified,G0_base,CatBoostLarge,5,AGC_060,4.52,5.03810252155985,-0.5181025215598503
fold_state_stratified,G0_base,CatBoostLarge,5,AGC_084,4.54,4.603473607146,-0.06347360714600025
fold_state_stratified,G0_base,CatBoostLarge,5,AGC_092,4.57,4.386838884106526,0.1831611158934745
fold_state_stratified,G0_base,CatBoostLarge,5,AGC_096,4.59,4.26489637338553,0.32510362661447
fold_state_stratified,G0_base,CatBoostLarge,5,AGC_101,4.57,4.0242379673883875,0.5457620326116128
fold_state_stratified,G0_base,CatBoostLarge,5,AGC_105,4.41,4.458489753002449,-0.04848975300244884
fold_state_stratified,G0_base,CatBoostLarge,5,AGC_114,3.0,2.7763757509692795,0.22362424903072053
fold_state_stratified,G0_base,CatBoostLarge,5,AGC_123,2.5,2.8821472411061304,-0.3821472411061304
fold_state_stratified,G0_base,CatBoostLarge,5,AGC_137,4.54,4.4899261642584065,0.05007383574159352
fold_state_stratified,G0_base,CatBoostLarge,5,AGC_141,3.5,2.954533567817415,0.5454664321825851
fold_state_stratified,G0_base,CatBoostLarge,5,AGC_146,4.58,4.682362065952897,-0.10236206595289676
fold_state_stratified,G0_base,CatBoostLarge,5,AGC_162,5.59,4.5658818153623475,1.0241181846376524
fold_state_stratified,G0_base,CatBoostLarge,5,AGC_169,2.5,2.8825538609039967,-0.3825538609039967
fold_state_stratified,G0_base,CatBoostLarge,5,AGC_179,4.55,4.607134145991234,-0.05713414599123379
fold_state_stratified,G0_base,CatBoostLarge,5,AGC_184,4.47,4.433948003580521,0.03605199641947898
fold_state_stratified,G0_base,CatBoostLarge,5,AGC_185,5.01,4.512640200489524,0.49735979951047593
fold_state_stratified,G0_base,CatBoostLarge,5,AGC_189,4.03,4.411795642626316,-0.38179564262631605
fold_state_stratified,G0_base,CatBoostLarge,5,AGC_195,3.68,4.387096532744025,-0.7070965327440244
fold_municipality_grouped,G0_base,CatBoostLarge,1,AGC_001,3.5,3.175049231664813,0.3249507683351869
fold_municipality_grouped,G0_base,CatBoostLarge,1,AGC_004,3.0,3.892082586182033,-0.892082586182033
fold_municipality_grouped,G0_base,CatBoostLarge,1,AGC_019,3.0,3.1848086233313353,-0.1848086233313353
fold_municipality_grouped,G0_base,CatBoostLarge,1,AGC_020,3.5,3.4722055601462145,0.02779443985378549
fold_municipality_grouped,G0_base,CatBoostLarge,1,AGC_023,3.0,3.353181589621893,-0.35318158962189283
fold_municipality_grouped,G0_base,CatBoostLarge,1,AGC_037,3.5,3.960276341671616,-0.4602763416716158
fold_municipality_grouped,G0_base,CatBoostLarge,1,AGC_040,3.0,3.3286908161631814,-0.3286908161631814
fold_municipality_grouped,G0_base,CatBoostLarge,1,AGC_044,3.5,3.4344688196895525,0.06553118031044747
fold_municipality_grouped,G0_base,CatBoostLarge,1,AGC_046,3.0,3.3443562796284425,-0.3443562796284425
fold_municipality_grouped,G0_base,CatBoostLarge,1,AGC_053,3.5,3.480543030244796,0.019456969755204057
fold_municipality_grouped,G0_base,CatBoostLarge,1,AGC_054,2.5,3.243435436274254,-0.7434354362742539
fold_municipality_grouped,G0_base,CatBoostLarge,1,AGC_058,2.5,3.6669844718545903,-1.1669844718545903
fold_municipality_grouped,G0_base,CatBoostLarge,1,AGC_066,3.0,3.5203830897771766,-0.5203830897771766
fold_municipality_grouped,G0_base,CatBoostLarge,1,AGC_068,2.5,3.6119853549065795,-1.1119853549065795
fold_municipality_grouped,G0_base,CatBoostLarge,1,AGC_074,2.5,3.675343261791385,-1.1753432617913848
fold_municipality_grouped,G0_base,CatBoostLarge,1,AGC_098,3.0,3.2372343847919822,-0.23723438479198222
fold_municipality_grouped,G0_base,CatBoostLarge,1,AGC_099,3.5,3.9066363597028015,-0.40663635970280154
fold_municipality_grouped,G0_base,CatBoostLarge,1,AGC_103,3.0,3.3448352124630816,-0.3448352124630816
fold_municipality_grouped,G0_base,CatBoostLarge,1,AGC_112,3.0,3.785972773517318,-0.7859727735173179
fold_municipality_grouped,G0_base,CatBoostLarge,1,AGC_114,3.0,3.245482846137037,-0.24548284613703686
fold_municipality_grouped,G0_base,CatBoostLarge,1,AGC_117,3.5,3.666981862210082,-0.16698186221008182
fold_municipality_grouped,G0_base,CatBoostLarge,1,AGC_122,3.5,3.382812232700104,0.117187767299896
fold_municipality_grouped,G0_base,CatBoostLarge,1,AGC_123,2.5,3.273331224554738,-0.7733312245547381
fold_municipality_grouped,G0_base,CatBoostLarge,1,AGC_138,2.5,3.803292221707056,-1.3032922217070562
fold_municipality_grouped,G0_base,CatBoostLarge,1,AGC_141,3.5,3.265012252052901,0.2349877479470992
fold_municipality_grouped,G0_base,CatBoostLarge,1,AGC_144,2.5,3.463347412964346,-0.963347412964346
fold_municipality_grouped,G0_base,CatBoostLarge,1,AGC_145,3.5,3.4012495910314797,0.09875040896852028
fold_municipality_grouped,G0_base,CatBoostLarge,1,AGC_157,3.0,3.6872560894696234,-0.6872560894696234
fold_municipality_grouped,G0_base,CatBoostLarge,1,AGC_163,3.0,3.373696596346792,-0.3736965963467922
fold_municipality_grouped,G0_base,CatBoostLarge,1,AGC_169,2.5,3.6954446825791365,-1.1954446825791365
fold_municipality_grouped,G0_base,CatBoostLarge,1,AGC_170,3.0,3.696208360963257,-0.696208360963257
fold_municipality_grouped,G0_base,CatBoostLarge,1,AGC_187,3.0,3.4936814139587,-0.4936814139586998
fold_municipality_grouped,G0_base,CatBoostLarge,1,AGC_196,3.5,3.627322879933078,-0.1273228799330779
fold_municipality_grouped,G0_base,CatBoostLarge,2,AGC_007,3.5,4.2268893243636825,-0.7268893243636825
fold_municipality_grouped,G0_base,CatBoostLarge,2,AGC_034,2.0,4.280577846233292,-2.2805778462332924
fold_municipality_grouped,G0_base,CatBoostLarge,2,AGC_038,3.3,4.306271300744683,-1.0062713007446833
fold_municipality_grouped,G0_base,CatBoostLarge,2,AGC_041,2.5,4.20149728177072,-1.7014972817707203
fold_municipality_grouped,G0_base,CatBoostLarge,2,AGC_067,3.0,4.534518543440711,-1.5345185434407114
fold_municipality_grouped,G0_base,CatBoostLarge,2,AGC_070,3.3,4.3894085688100475,-1.0894085688100477
fold_municipality_grouped,G0_base,CatBoostLarge,2,AGC_078,3.0,4.383981027240296,-1.3839810272402957
fold_municipality_grouped,G0_base,CatBoostLarge,2,AGC_079,3.3,4.244149907642381,-0.9441499076423812
fold_municipality_grouped,G0_base,CatBoostLarge,2,AGC_080,3.5,4.311291303345207,-0.8112913033452074
fold_municipality_grouped,G0_base,CatBoostLarge,2,AGC_081,3.7,4.3885800179728065,-0.6885800179728063
fold_municipality_grouped,G0_base,CatBoostLarge,2,AGC_089,3.0,4.280129951810508,-1.2801299518105083
fold_municipality_grouped,G0_base,CatBoostLarge,2,AGC_121,3.3,4.296536030932103,-0.996536030932103
fold_municipality_grouped,G0_base,CatBoostLarge,2,AGC_140,3.2,4.2857783428274345,-1.0857783428274344
fold_municipality_grouped,G0_base,CatBoostLarge,2,AGC_148,3.0,4.244163992756356,-1.2441639927563557
fold_municipality_grouped,G0_base,CatBoostLarge,2,AGC_166,2.5,4.306908189736852,-1.806908189736852
fold_municipality_grouped,G0_base,CatBoostLarge,2,AGC_194,3.2,4.368971874931454,-1.1689718749314535
fold_municipality_grouped,G0_base,CatBoostLarge,3,AGC_051,4.45,3.321837070155029,1.1281629298449714
fold_municipality_grouped,G0_base,CatBoostLarge,3,AGC_059,4.41,3.6714574860611737,0.7385425139388264
fold_municipality_grouped,G0_base,CatBoostLarge,3,AGC_084,4.54,4.023272741554685,0.5167272584453153
fold_municipality_grouped,G0_base,CatBoostLarge,3,AGC_134,4.52,3.9896681302521895,0.5303318697478101
fold_municipality_grouped,G0_base,CatBoostLarge,3,AGC_137,4.54,3.751557632943019,0.7884423670569811
fold_municipality_grouped,G0_base,CatBoostLarge,3,AGC_146,4.58,4.423339498194615,0.15666050180538527
fold_municipality_grouped,G0_base,CatBoostLarge,3,AGC_151,4.69,4.038445507049715,0.651554492950285
fold_municipality_grouped,G0_base,CatBoostLarge,3,AGC_152,4.87,3.5140782006360443,1.3559217993639558
fold_municipality_grouped,G0_base,CatBoostLarge,3,AGC_180,4.14,3.567279314842411,0.5727206851575888
fold_municipality_grouped,G0_base,CatBoostLarge,3,AGC_184,4.47,4.359017943743048,0.1109820562569519
fold_municipality_grouped,G0_base,CatBoostLarge,4,AGC_002,4.63,3.6073586371619832,1.0226413628380167
fold_municipality_grouped,G0_base,CatBoostLarge,4,AGC_005,5.16,3.845866680336256,1.3141333196637444
fold_municipality_grouped,G0_base,CatBoostLarge,4,AGC_006,4.49,3.465838074707243,1.0241619252927574
fold_municipality_grouped,G0_base,CatBoostLarge,4,AGC_008,4.55,3.9625539904504183,0.5874460095495815
fold_municipality_grouped,G0_base,CatBoostLarge,4,AGC_010,4.1,3.967669722845038,0.1323302771549617
fold_municipality_grouped,G0_base,CatBoostLarge,4,AGC_012,4.69,3.6166738372031517,1.0733261627968487
fold_municipality_grouped,G0_base,CatBoostLarge,4,AGC_013,4.01,3.4734106214292026,0.5365893785707971
fold_municipality_grouped,G0_base,CatBoostLarge,4,AGC_014,4.83,3.932420755335139,0.8975792446648612
fold_municipality_grouped,G0_base,CatBoostLarge,4,AGC_015,2.64,3.6235233987802467,-0.9835233987802465
fold_municipality_grouped,G0_base,CatBoostLarge,4,AGC_017,4.98,3.6287898390971947,1.3512101609028058
fold_municipality_grouped,G0_base,CatBoostLarge,4,AGC_018,4.49,3.5781917513506514,0.9118082486493488
fold_municipality_grouped,G0_base,CatBoostLarge,4,AGC_021,4.94,3.5041005668325624,1.435899433167438
fold_municipality_grouped,G0_base,CatBoostLarge,4,AGC_022,4.55,3.8969280323475193,0.6530719676524805
fold_municipality_grouped,G0_base,CatBoostLarge,4,AGC_024,3.03,3.9255806178890555,-0.8955806178890557
fold_municipality_grouped,G0_base,CatBoostLarge,4,AGC_026,3.55,3.759066208185798,-0.20906620818579835
fold_municipality_grouped,G0_base,CatBoostLarge,4,AGC_032,4.03,3.629858616605013,0.4001413833949874
fold_municipality_grouped,G0_base,CatBoostLarge,4,AGC_033,4.47,3.4820592659624765,0.9879407340375232
fold_municipality_grouped,G0_base,CatBoostLarge,4,AGC_045,4.1,3.595986920764126,0.5040130792358735
fold_municipality_grouped,G0_base,CatBoostLarge,4,AGC_047,4.45,3.588176736804259,0.861823263195741
fold_municipality_grouped,G0_base,CatBoostLarge,4,AGC_049,5.53,3.633398610315311,1.8966013896846894
fold_municipality_grouped,G0_base,CatBoostLarge,4,AGC_055,5.45,3.676325416207881,1.7736745837921193
fold_municipality_grouped,G0_base,CatBoostLarge,4,AGC_056,5.07,3.4225842541935982,1.647415745806402
fold_municipality_grouped,G0_base,CatBoostLarge,4,AGC_057,4.55,3.5742815716979237,0.9757184283020761
fold_municipality_grouped,G0_base,CatBoostLarge,4,AGC_060,4.52,3.64092581504951,0.8790741849504897
fold_municipality_grouped,G0_base,CatBoostLarge,4,AGC_062,3.81,3.734203606185769,0.07579639381423098
fold_municipality_grouped,G0_base,CatBoostLarge,4,AGC_069,5.46,3.6094642110459354,1.8505357889540646
fold_municipality_grouped,G0_base,CatBoostLarge,4,AGC_072,4.55,3.3907950230168247,1.1592049769831752
fold_municipality_grouped,G0_base,CatBoostLarge,4,AGC_073,4.3,3.6922312414115304,0.6077687585884695
fold_municipality_grouped,G0_base,CatBoostLarge,4,AGC_077,4.76,3.4272680465632632,1.3327319534367366
fold_municipality_grouped,G0_base,CatBoostLarge,4,AGC_090,4.68,3.9686398420521822,0.7113601579478175
fold_municipality_grouped,G0_base,CatBoostLarge,4,AGC_092,4.57,3.4886571208491794,1.0813428791508208
fold_municipality_grouped,G0_base,CatBoostLarge,4,AGC_096,4.59,3.7944629183901846,0.7955370816098153
fold_municipality_grouped,G0_base,CatBoostLarge,4,AGC_097,4.69,3.495627419447427,1.1943725805525736
fold_municipality_grouped,G0_base,CatBoostLarge,4,AGC_100,4.5,3.854582729495858,0.6454172705041419
fold_municipality_grouped,G0_base,CatBoostLarge,4,AGC_101,4.57,3.8528167284605583,0.717183271539442
fold_municipality_grouped,G0_base,CatBoostLarge,4,AGC_102,4.4,3.8134831013405392,0.5865168986594611
fold_municipality_grouped,G0_base,CatBoostLarge,4,AGC_104,4.56,3.9400995940118104,0.6199004059881892
fold_municipality_grouped,G0_base,CatBoostLarge,4,AGC_105,4.41,3.5840058746571515,0.8259941253428487
fold_municipality_grouped,G0_base,CatBoostLarge,4,AGC_106,4.43,3.823785503599984,0.6062144964000158
fold_municipality_grouped,G0_base,CatBoostLarge,4,AGC_108,4.51,3.4753186589103784,1.0346813410896214
fold_municipality_grouped,G0_base,CatBoostLarge,4,AGC_109,4.54,3.494259279606082,1.0457407203939182
fold_municipality_grouped,G0_base,CatBoostLarge,4,AGC_110,4.18,3.8320629130970527,0.347937086902947
fold_municipality_grouped,G0_base,CatBoostLarge,4,AGC_111,4.72,3.3821630205547635,1.3378369794452363
fold_municipality_grouped,G0_base,CatBoostLarge,4,AGC_115,4.6,3.449841195969512,1.1501588040304878
fold_municipality_grouped,G0_base,CatBoostLarge,4,AGC_124,5.05,3.6206562537313722,1.4293437462686276
fold_municipality_grouped,G0_base,CatBoostLarge,4,AGC_125,4.06,3.9018127223538865,0.15818727764611307
fold_municipality_grouped,G0_base,CatBoostLarge,4,AGC_127,5.57,3.9468521463024047,1.6231478536975956
fold_municipality_grouped,G0_base,CatBoostLarge,4,AGC_131,4.89,3.8033334792855626,1.086666520714437
fold_municipality_grouped,G0_base,CatBoostLarge,4,AGC_132,4.13,3.541968846084824,0.5880311539151757
fold_municipality_grouped,G0_base,CatBoostLarge,4,AGC_133,3.91,3.4778022529089725,0.43219774709102765
fold_municipality_grouped,G0_base,CatBoostLarge,4,AGC_135,4.49,3.3154782037200334,1.1745217962799668
fold_municipality_grouped,G0_base,CatBoostLarge,4,AGC_139,4.67,3.4779091129457527,1.1920908870542473
fold_municipality_grouped,G0_base,CatBoostLarge,4,AGC_150,4.52,3.953667957025628,0.5663320429743717
fold_municipality_grouped,G0_base,CatBoostLarge,4,AGC_155,4.52,3.6011732612149068,0.9188267387850928
fold_municipality_grouped,G0_base,CatBoostLarge,4,AGC_159,4.77,3.6565443326805287,1.1134556673194709
fold_municipality_grouped,G0_base,CatBoostLarge,4,AGC_160,3.62,3.5897231875821367,0.030276812417863397
fold_municipality_grouped,G0_base,CatBoostLarge,4,AGC_161,4.46,3.6544837501818073,0.8055162498181927
fold_municipality_grouped,G0_base,CatBoostLarge,4,AGC_162,5.59,3.4463828707326094,2.1436171292673905
fold_municipality_grouped,G0_base,CatBoostLarge,4,AGC_164,3.0,3.3608415810327656,-0.36084158103276565
fold_municipality_grouped,G0_base,CatBoostLarge,4,AGC_165,4.44,3.4442650568451505,0.9957349431548499
fold_municipality_grouped,G0_base,CatBoostLarge,4,AGC_167,4.54,4.007684612122947,0.5323153878770528
fold_municipality_grouped,G0_base,CatBoostLarge,4,AGC_168,4.49,3.60306078002343,0.8869392199765702
fold_municipality_grouped,G0_base,CatBoostLarge,4,AGC_171,2.15,3.912944317186568,-1.7629443171865682
fold_municipality_grouped,G0_base,CatBoostLarge,4,AGC_172,5.19,3.4670537293764703,1.7229462706235301
fold_municipality_grouped,G0_base,CatBoostLarge,4,AGC_176,4.38,3.5129231887746064,0.8670768112253935
fold_municipality_grouped,G0_base,CatBoostLarge,4,AGC_178,4.39,3.528702312695028,0.8612976873049716
fold_municipality_grouped,G0_base,CatBoostLarge,4,AGC_179,4.55,3.5314995639316598,1.01850043606834
fold_municipality_grouped,G0_base,CatBoostLarge,4,AGC_181,4.51,3.5505317005373804,0.9594682994626194
fold_municipality_grouped,G0_base,CatBoostLarge,4,AGC_185,5.01,4.007741720714067,1.0022582792859325
fold_municipality_grouped,G0_base,CatBoostLarge,4,AGC_189,4.03,3.9730158124608312,0.05698418753916901
fold_municipality_grouped,G0_base,CatBoostLarge,4,AGC_193,4.57,3.89812299346592,0.6718770065340802
fold_municipality_grouped,G0_base,CatBoostLarge,4,AGC_195,3.68,3.8672731443223434,-0.1872731443223432
fold_municipality_grouped,G0_base,CatBoostLarge,4,AGC_197,4.52,3.810154963019306,0.7098450369806937
fold_municipality_grouped,G0_base,CatBoostLarge,5,AGC_009,4.79,4.279235098151091,0.5107649018489093
fold_municipality_grouped,G0_base,CatBoostLarge,5,AGC_035,4.68,3.72316542969644,0.9568345703035597
fold_municipality_grouped,G0_base,CatBoostLarge,5,AGC_048,2.5,3.5092121584914047,-1.0092121584914047
fold_municipality_grouped,G0_base,CatBoostLarge,5,AGC_064,4.51,4.427617684749766,0.08238231525023387
fold_municipality_grouped,G0_base,CatBoostLarge,5,AGC_083,4.61,4.064195243931424,0.5458047560685761
fold_municipality_grouped,G0_base,CatBoostLarge,5,AGC_119,4.4,4.376548210142943,0.023451789857057648
fold_state_stratified,G1_agronomic,CatBoostLarge,1,AGC_009,4.79,4.517291086232262,0.27270891376773765
fold_state_stratified,G1_agronomic,CatBoostLarge,1,AGC_015,2.64,4.796310398768554,-2.156310398768554
fold_state_stratified,G1_agronomic,CatBoostLarge,1,AGC_017,4.98,4.698823147246955,0.2811768527530454
fold_state_stratified,G1_agronomic,CatBoostLarge,1,AGC_032,4.03,4.621170446550437,-0.5911704465504366
fold_state_stratified,G1_agronomic,CatBoostLarge,1,AGC_045,4.1,4.70500152698153,-0.6050015269815301
fold_state_stratified,G1_agronomic,CatBoostLarge,1,AGC_054,2.5,3.0370981398187666,-0.5370981398187666
fold_state_stratified,G1_agronomic,CatBoostLarge,1,AGC_058,2.5,3.2438821441410646,-0.7438821441410646
fold_state_stratified,G1_agronomic,CatBoostLarge,1,AGC_068,2.5,2.854617442693254,-0.3546174426932538
fold_state_stratified,G1_agronomic,CatBoostLarge,1,AGC_073,4.3,4.263747350630432,0.03625264936956807
fold_state_stratified,G1_agronomic,CatBoostLarge,1,AGC_079,3.3,3.1753954577943233,0.12460454220567652
fold_state_stratified,G1_agronomic,CatBoostLarge,1,AGC_083,4.61,4.346045582080475,0.2639544179195257
fold_state_stratified,G1_agronomic,CatBoostLarge,1,AGC_090,4.68,4.362574153540596,0.31742584645940397
fold_state_stratified,G1_agronomic,CatBoostLarge,1,AGC_102,4.4,4.4521503164551,-0.0521503164550996
fold_state_stratified,G1_agronomic,CatBoostLarge,1,AGC_103,3.0,2.9880777263058427,0.011922273694157326
fold_state_stratified,G1_agronomic,CatBoostLarge,1,AGC_111,4.72,4.526643556369464,0.1933564436305355
fold_state_stratified,G1_agronomic,CatBoostLarge,1,AGC_112,3.0,2.9762788762675534,0.023721123732446614
fold_state_stratified,G1_agronomic,CatBoostLarge,1,AGC_117,3.5,3.3760713446468174,0.12392865535318265
fold_state_stratified,G1_agronomic,CatBoostLarge,1,AGC_119,4.4,4.626963779844743,-0.22696377984474303
fold_state_stratified,G1_agronomic,CatBoostLarge,1,AGC_121,3.3,3.0484173222992865,0.2515826777007133
fold_state_stratified,G1_agronomic,CatBoostLarge,1,AGC_127,5.57,4.594751875657252,0.9752481243427482
fold_state_stratified,G1_agronomic,CatBoostLarge,1,AGC_133,3.91,4.373166027851724,-0.4631660278517238
fold_state_stratified,G1_agronomic,CatBoostLarge,1,AGC_139,4.67,4.370136878280661,0.2998631217193388
fold_state_stratified,G1_agronomic,CatBoostLarge,1,AGC_159,4.77,4.773693954808394,-0.0036939548083942952
fold_state_stratified,G1_agronomic,CatBoostLarge,1,AGC_161,4.46,4.80080343198183,-0.34080343198183005
fold_state_stratified,G1_agronomic,CatBoostLarge,1,AGC_164,3.0,3.0510982166577127,-0.05109821665771275
fold_state_stratified,G1_agronomic,CatBoostLarge,1,AGC_167,4.54,4.850635300250133,-0.31063530025013275
fold_state_stratified,G1_agronomic,CatBoostLarge,1,AGC_180,4.14,4.459225166235928,-0.31922516623592845
fold_state_stratified,G1_agronomic,CatBoostLarge,1,AGC_187,3.0,3.0903904504043593,-0.09039045040435933
fold_state_stratified,G1_agronomic,CatBoostLarge,2,AGC_008,4.55,3.50238872911822,1.04761127088178
fold_state_stratified,G1_agronomic,CatBoostLarge,2,AGC_024,3.03,3.9843852873289336,-0.9543852873289338
fold_state_stratified,G1_agronomic,CatBoostLarge,2,AGC_033,4.47,4.874433637603431,-0.40443363760343143
fold_state_stratified,G1_agronomic,CatBoostLarge,2,AGC_037,3.5,2.623458773843069,0.876541226156931
fold_state_stratified,G1_agronomic,CatBoostLarge,2,AGC_040,3.0,3.168007587441764,-0.16800758744176392
fold_state_stratified,G1_agronomic,CatBoostLarge,2,AGC_047,4.45,3.0861362798300718,1.3638637201699284
fold_state_stratified,G1_agronomic,CatBoostLarge,2,AGC_049,5.53,4.779169935264861,0.7508300647351396
fold_state_stratified,G1_agronomic,CatBoostLarge,2,AGC_053,3.5,3.313439621430458,0.186560378569542
fold_state_stratified,G1_agronomic,CatBoostLarge,2,AGC_055,5.45,4.757447064796633,0.6925529352033672
fold_state_stratified,G1_agronomic,CatBoostLarge,2,AGC_062,3.81,4.428898772167155,-0.6188987721671553
fold_state_stratified,G1_agronomic,CatBoostLarge,2,AGC_064,4.51,4.790416311797443,-0.28041631179744364
fold_state_stratified,G1_agronomic,CatBoostLarge,2,AGC_078,3.0,3.342822324402576,-0.3428223244025759
fold_state_stratified,G1_agronomic,CatBoostLarge,2,AGC_098,3.0,3.172523660669153,-0.17252366066915314
fold_state_stratified,G1_agronomic,CatBoostLarge,2,AGC_100,4.5,4.485240188358588,0.014759811641411602
fold_state_stratified,G1_agronomic,CatBoostLarge,2,AGC_108,4.51,4.995242131732592,-0.48524213173259234
fold_state_stratified,G1_agronomic,CatBoostLarge,2,AGC_124,5.05,4.705543556806845,0.34445644319315516
fold_state_stratified,G1_agronomic,CatBoostLarge,2,AGC_125,4.06,4.422862881135586,-0.3628628811355865
fold_state_stratified,G1_agronomic,CatBoostLarge,2,AGC_131,4.89,4.39015769212763,0.4998423078723695
fold_state_stratified,G1_agronomic,CatBoostLarge,2,AGC_134,4.52,3.279496931434764,1.2405030685652356
fold_state_stratified,G1_agronomic,CatBoostLarge,2,AGC_135,4.49,4.522088422413553,-0.03208842241355292
fold_state_stratified,G1_agronomic,CatBoostLarge,2,AGC_145,3.5,2.9716433151747275,0.5283566848252725
fold_state_stratified,G1_agronomic,CatBoostLarge,2,AGC_150,4.52,4.539561999714522,-0.019561999714522216
fold_state_stratified,G1_agronomic,CatBoostLarge,2,AGC_151,4.69,4.605362045324089,0.08463795467591151
fold_state_stratified,G1_agronomic,CatBoostLarge,2,AGC_157,3.0,3.1129358095892314,-0.11293580958923144
fold_state_stratified,G1_agronomic,CatBoostLarge,2,AGC_160,3.62,4.6884372729942925,-1.0684372729942924
fold_state_stratified,G1_agronomic,CatBoostLarge,2,AGC_166,2.5,3.103022773685492,-0.6030227736854918
fold_state_stratified,G1_agronomic,CatBoostLarge,2,AGC_193,4.57,4.340611299349831,0.22938870065016914
fold_state_stratified,G1_agronomic,CatBoostLarge,2,AGC_194,3.2,2.786638161423511,0.4133618385764892
fold_state_stratified,G1_agronomic,CatBoostLarge,3,AGC_004,3.0,3.0364453498537785,-0.03644534985377845
fold_state_stratified,G1_agronomic,CatBoostLarge,3,AGC_005,5.16,4.570949258689211,0.589050741310789
fold_state_stratified,G1_agronomic,CatBoostLarge,3,AGC_010,4.1,4.288889445463013,-0.18888944546301367
fold_state_stratified,G1_agronomic,CatBoostLarge,3,AGC_014,4.83,4.235662903095971,0.5943370969040291
fold_state_stratified,G1_agronomic,CatBoostLarge,3,AGC_018,4.49,4.336732608924223,0.15326739107577758
fold_state_stratified,G1_agronomic,CatBoostLarge,3,AGC_021,4.94,4.466091012703345,0.47390898729665576
fold_state_stratified,G1_agronomic,CatBoostLarge,3,AGC_023,3.0,2.9879429481400166,0.012057051859983403
fold_state_stratified,G1_agronomic,CatBoostLarge,3,AGC_038,3.3,2.974811237801447,0.32518876219855297
fold_state_stratified,G1_agronomic,CatBoostLarge,3,AGC_044,3.5,3.3318018967479475,0.16819810325205253
fold_state_stratified,G1_agronomic,CatBoostLarge,3,AGC_051,4.45,4.385523962728598,0.06447603727140194
fold_state_stratified,G1_agronomic,CatBoostLarge,3,AGC_059,4.41,4.198120374435206,0.21187962556479434
fold_state_stratified,G1_agronomic,CatBoostLarge,3,AGC_066,3.0,3.315949298645563,-0.3159492986455632
fold_state_stratified,G1_agronomic,CatBoostLarge,3,AGC_067,3.0,3.3935639370067463,-0.3935639370067463
fold_state_stratified,G1_agronomic,CatBoostLarge,3,AGC_069,5.46,4.382179026892658,1.0778209731073423
fold_state_stratified,G1_agronomic,CatBoostLarge,3,AGC_070,3.3,3.141070046261774,0.15892995373822583
fold_state_stratified,G1_agronomic,CatBoostLarge,3,AGC_072,4.55,4.302876121559706,0.24712387844029404
fold_state_stratified,G1_agronomic,CatBoostLarge,3,AGC_074,2.5,3.5603325632760914,-1.0603325632760914
fold_state_stratified,G1_agronomic,CatBoostLarge,3,AGC_077,4.76,4.458580161864177,0.30141983813582307
fold_state_stratified,G1_agronomic,CatBoostLarge,3,AGC_089,3.0,3.026713450035885,-0.02671345003588499
fold_state_stratified,G1_agronomic,CatBoostLarge,3,AGC_097,4.69,4.378896091426299,0.31110390857370174
fold_state_stratified,G1_agronomic,CatBoostLarge,3,AGC_106,4.43,3.982062992265952,0.44793700773404765
fold_state_stratified,G1_agronomic,CatBoostLarge,3,AGC_110,4.18,4.135892416173448,0.04410758382655189
fold_state_stratified,G1_agronomic,CatBoostLarge,3,AGC_138,2.5,2.8920384471478258,-0.39203844714782576
fold_state_stratified,G1_agronomic,CatBoostLarge,3,AGC_155,4.52,4.750850231835585,-0.23085023183558562
fold_state_stratified,G1_agronomic,CatBoostLarge,3,AGC_163,3.0,2.8477574694639998,0.15224253053600023
fold_state_stratified,G1_agronomic,CatBoostLarge,3,AGC_165,4.44,4.148031043448469,0.2919689565515311
fold_state_stratified,G1_agronomic,CatBoostLarge,3,AGC_196,3.5,3.515817414111666,-0.01581741411166604
fold_state_stratified,G1_agronomic,CatBoostLarge,3,AGC_197,4.52,4.07010556034183,0.4498944396581699
fold_state_stratified,G1_agronomic,CatBoostLarge,4,AGC_007,3.5,3.352536259736155,0.147463740263845
fold_state_stratified,G1_agronomic,CatBoostLarge,4,AGC_012,4.69,4.811425032332387,-0.12142503233238688
fold_state_stratified,G1_agronomic,CatBoostLarge,4,AGC_019,3.0,3.04573042501017,-0.045730425010169995
fold_state_stratified,G1_agronomic,CatBoostLarge,4,AGC_022,4.55,4.4209325038624065,0.12906749613759327
fold_state_stratified,G1_agronomic,CatBoostLarge,4,AGC_026,3.55,4.332782881973898,-0.7827828819738984
fold_state_stratified,G1_agronomic,CatBoostLarge,4,AGC_041,2.5,2.772166485572342,-0.2721664855723418
fold_state_stratified,G1_agronomic,CatBoostLarge,4,AGC_048,2.5,3.3486779997199463,-0.8486779997199463
fold_state_stratified,G1_agronomic,CatBoostLarge,4,AGC_056,5.07,4.733805241409527,0.336194758590473
fold_state_stratified,G1_agronomic,CatBoostLarge,4,AGC_080,3.5,3.194341001214191,0.30565899878580893
fold_state_stratified,G1_agronomic,CatBoostLarge,4,AGC_081,3.7,3.2317254897697865,0.4682745102302137
fold_state_stratified,G1_agronomic,CatBoostLarge,4,AGC_099,3.5,3.174187013464781,0.32581298653521884
fold_state_stratified,G1_agronomic,CatBoostLarge,4,AGC_104,4.56,4.380750502652425,0.17924949734757423
fold_state_stratified,G1_agronomic,CatBoostLarge,4,AGC_109,4.54,4.437252927643634,0.10274707235636615
fold_state_stratified,G1_agronomic,CatBoostLarge,4,AGC_115,4.6,4.344735190238019,0.2552648097619805
fold_state_stratified,G1_agronomic,CatBoostLarge,4,AGC_122,3.5,2.948704512372565,0.551295487627435
fold_state_stratified,G1_agronomic,CatBoostLarge,4,AGC_132,4.13,4.575638949196076,-0.44563894919607616
fold_state_stratified,G1_agronomic,CatBoostLarge,4,AGC_140,3.2,3.184890981286138,0.015109018713862277
fold_state_stratified,G1_agronomic,CatBoostLarge,4,AGC_144,2.5,2.995763657439376,-0.495763657439376
fold_state_stratified,G1_agronomic,CatBoostLarge,4,AGC_148,3.0,2.812031429281376,0.18796857071862405
fold_state_stratified,G1_agronomic,CatBoostLarge,4,AGC_152,4.87,4.635545149374863,0.23445485062513693
fold_state_stratified,G1_agronomic,CatBoostLarge,4,AGC_168,4.49,4.3678189004171415,0.12218109958285872
fold_state_stratified,G1_agronomic,CatBoostLarge,4,AGC_170,3.0,3.3875731218967573,-0.3875731218967573
fold_state_stratified,G1_agronomic,CatBoostLarge,4,AGC_171,2.15,4.51464802067791,-2.3646480206779104
fold_state_stratified,G1_agronomic,CatBoostLarge,4,AGC_172,5.19,4.588464539065626,0.6015354609343744
fold_state_stratified,G1_agronomic,CatBoostLarge,4,AGC_176,4.38,4.134876348184456,0.24512365181554419
fold_state_stratified,G1_agronomic,CatBoostLarge,4,AGC_178,4.39,4.3894080740386485,0.0005919259613511585
fold_state_stratified,G1_agronomic,CatBoostLarge,4,AGC_181,4.51,4.171343547248242,0.33865645275175815
fold_state_stratified,G1_agronomic,CatBoostLarge,5,AGC_001,3.5,3.105277329045254,0.3947226709547458
fold_state_stratified,G1_agronomic,CatBoostLarge,5,AGC_002,4.63,4.373384867696547,0.2566151323034527
fold_state_stratified,G1_agronomic,CatBoostLarge,5,AGC_006,4.49,4.218727013590817,0.2712729864091834
fold_state_stratified,G1_agronomic,CatBoostLarge,5,AGC_013,4.01,4.0802976380932705,-0.07029763809327072
fold_state_stratified,G1_agronomic,CatBoostLarge,5,AGC_020,3.5,3.3636523864682886,0.13634761353171143
fold_state_stratified,G1_agronomic,CatBoostLarge,5,AGC_034,2.0,2.9852817630817725,-0.9852817630817725
fold_state_stratified,G1_agronomic,CatBoostLarge,5,AGC_035,4.68,3.939455517645314,0.7405444823546858
fold_state_stratified,G1_agronomic,CatBoostLarge,5,AGC_046,3.0,2.8125522575769963,0.18744774242300366
fold_state_stratified,G1_agronomic,CatBoostLarge,5,AGC_057,4.55,4.7439234615075385,-0.1939234615075387
fold_state_stratified,G1_agronomic,CatBoostLarge,5,AGC_060,4.52,4.966859809658462,-0.44685980965846284
fold_state_stratified,G1_agronomic,CatBoostLarge,5,AGC_084,4.54,4.764336034790148,-0.22433603479014774
fold_state_stratified,G1_agronomic,CatBoostLarge,5,AGC_092,4.57,4.251838146436057,0.318161853563943
fold_state_stratified,G1_agronomic,CatBoostLarge,5,AGC_096,4.59,4.309850216174084,0.28014978382591593
fold_state_stratified,G1_agronomic,CatBoostLarge,5,AGC_101,4.57,4.38751392392232,0.18248607607768008
fold_state_stratified,G1_agronomic,CatBoostLarge,5,AGC_105,4.41,4.446850250456791,-0.03685025045679069
fold_state_stratified,G1_agronomic,CatBoostLarge,5,AGC_114,3.0,2.8553715727043567,0.1446284272956433
fold_state_stratified,G1_agronomic,CatBoostLarge,5,AGC_123,2.5,2.9321971938202935,-0.43219719382029353
fold_state_stratified,G1_agronomic,CatBoostLarge,5,AGC_137,4.54,4.7229876702655,-0.18298767026549978
fold_state_stratified,G1_agronomic,CatBoostLarge,5,AGC_141,3.5,3.0140754620680115,0.48592453793198853
fold_state_stratified,G1_agronomic,CatBoostLarge,5,AGC_146,4.58,4.6124278263856695,-0.032427826385669434
fold_state_stratified,G1_agronomic,CatBoostLarge,5,AGC_162,5.59,4.620081543554788,0.9699184564452121
fold_state_stratified,G1_agronomic,CatBoostLarge,5,AGC_169,2.5,2.8759163581084977,-0.37591635810849766
fold_state_stratified,G1_agronomic,CatBoostLarge,5,AGC_179,4.55,4.614357862675128,-0.064357862675128
fold_state_stratified,G1_agronomic,CatBoostLarge,5,AGC_184,4.47,4.239707867776161,0.23029213222383849
fold_state_stratified,G1_agronomic,CatBoostLarge,5,AGC_185,5.01,4.20691709603523,0.8030829039647696
fold_state_stratified,G1_agronomic,CatBoostLarge,5,AGC_189,4.03,4.2599228975404415,-0.22992289754044126
fold_state_stratified,G1_agronomic,CatBoostLarge,5,AGC_195,3.68,4.237883375164138,-0.5578833751641379
fold_municipality_grouped,G1_agronomic,CatBoostLarge,1,AGC_001,3.5,3.5987619690559427,-0.0987619690559427
fold_municipality_grouped,G1_agronomic,CatBoostLarge,1,AGC_004,3.0,3.9844133477032635,-0.9844133477032635
fold_municipality_grouped,G1_agronomic,CatBoostLarge,1,AGC_019,3.0,3.4617443944410056,-0.46174439444100557
fold_municipality_grouped,G1_agronomic,CatBoostLarge,1,AGC_020,3.5,3.8366463253353444,-0.33664632533534444
fold_municipality_grouped,G1_agronomic,CatBoostLarge,1,AGC_023,3.0,3.2843611915712287,-0.28436119157122874
fold_municipality_grouped,G1_agronomic,CatBoostLarge,1,AGC_037,3.5,3.440637253439327,0.059362746560672974
fold_municipality_grouped,G1_agronomic,CatBoostLarge,1,AGC_040,3.0,4.039063863228883,-1.0390638632288827
fold_municipality_grouped,G1_agronomic,CatBoostLarge,1,AGC_044,3.5,3.865261431139679,-0.3652614311396789
fold_municipality_grouped,G1_agronomic,CatBoostLarge,1,AGC_046,3.0,3.3977090070236855,-0.3977090070236855
fold_municipality_grouped,G1_agronomic,CatBoostLarge,1,AGC_053,3.5,3.859242393393476,-0.3592423933934761
fold_municipality_grouped,G1_agronomic,CatBoostLarge,1,AGC_054,2.5,3.213947752755594,-0.713947752755594
fold_municipality_grouped,G1_agronomic,CatBoostLarge,1,AGC_058,2.5,3.6026148844122403,-1.1026148844122403
fold_municipality_grouped,G1_agronomic,CatBoostLarge,1,AGC_066,3.0,3.90201459876808,-0.9020145987680799
fold_municipality_grouped,G1_agronomic,CatBoostLarge,1,AGC_068,2.5,3.7922378122348235,-1.2922378122348235
fold_municipality_grouped,G1_agronomic,CatBoostLarge,1,AGC_074,2.5,3.6903652543386585,-1.1903652543386585
fold_municipality_grouped,G1_agronomic,CatBoostLarge,1,AGC_098,3.0,3.47776170567667,-0.4777617056766701
fold_municipality_grouped,G1_agronomic,CatBoostLarge,1,AGC_099,3.5,4.069325116426057,-0.5693251164260573
fold_municipality_grouped,G1_agronomic,CatBoostLarge,1,AGC_103,3.0,3.518145052017438,-0.518145052017438
fold_municipality_grouped,G1_agronomic,CatBoostLarge,1,AGC_112,3.0,3.8347815239323992,-0.8347815239323992
fold_municipality_grouped,G1_agronomic,CatBoostLarge,1,AGC_114,3.0,3.467746044562709,-0.4677460445627091
fold_municipality_grouped,G1_agronomic,CatBoostLarge,1,AGC_117,3.5,4.0268169053542415,-0.5268169053542415
fold_municipality_grouped,G1_agronomic,CatBoostLarge,1,AGC_122,3.5,3.471272504058824,0.028727495941176073
fold_municipality_grouped,G1_agronomic,CatBoostLarge,1,AGC_123,2.5,3.3511385537273597,-0.8511385537273597
fold_municipality_grouped,G1_agronomic,CatBoostLarge,1,AGC_138,2.5,3.741235355409451,-1.2412353554094508
fold_municipality_grouped,G1_agronomic,CatBoostLarge,1,AGC_141,3.5,3.9291416450081087,-0.4291416450081087
fold_municipality_grouped,G1_agronomic,CatBoostLarge,1,AGC_144,2.5,3.489568492635975,-0.9895684926359749
fold_municipality_grouped,G1_agronomic,CatBoostLarge,1,AGC_145,3.5,3.557127521512747,-0.05712752151274714
fold_municipality_grouped,G1_agronomic,CatBoostLarge,1,AGC_157,3.0,3.8961297859434367,-0.8961297859434367
fold_municipality_grouped,G1_agronomic,CatBoostLarge,1,AGC_163,3.0,3.7902368945958997,-0.7902368945958997
fold_municipality_grouped,G1_agronomic,CatBoostLarge,1,AGC_169,2.5,3.963610976086514,-1.463610976086514
fold_municipality_grouped,G1_agronomic,CatBoostLarge,1,AGC_170,3.0,3.7454439878509795,-0.7454439878509795
fold_municipality_grouped,G1_agronomic,CatBoostLarge,1,AGC_187,3.0,3.7202791030277993,-0.7202791030277993
fold_municipality_grouped,G1_agronomic,CatBoostLarge,1,AGC_196,3.5,3.806705893417991,-0.30670589341799115
fold_municipality_grouped,G1_agronomic,CatBoostLarge,2,AGC_007,3.5,4.20716259882127,-0.7071625988212702
fold_municipality_grouped,G1_agronomic,CatBoostLarge,2,AGC_034,2.0,4.037540307178162,-2.037540307178162
fold_municipality_grouped,G1_agronomic,CatBoostLarge,2,AGC_038,3.3,4.121058314281271,-0.8210583142812711
fold_municipality_grouped,G1_agronomic,CatBoostLarge,2,AGC_041,2.5,4.2925868133791525,-1.7925868133791525
fold_municipality_grouped,G1_agronomic,CatBoostLarge,2,AGC_067,3.0,4.3270380400091035,-1.3270380400091035
fold_municipality_grouped,G1_agronomic,CatBoostLarge,2,AGC_070,3.3,4.234457812158027,-0.9344578121580271
fold_municipality_grouped,G1_agronomic,CatBoostLarge,2,AGC_078,3.0,4.362889430320436,-1.3628894303204362
fold_municipality_grouped,G1_agronomic,CatBoostLarge,2,AGC_079,3.3,4.223568754057567,-0.923568754057567
fold_municipality_grouped,G1_agronomic,CatBoostLarge,2,AGC_080,3.5,4.290317741970242,-0.7903177419702416
fold_municipality_grouped,G1_agronomic,CatBoostLarge,2,AGC_081,3.7,4.313239787408065,-0.6132397874080651
fold_municipality_grouped,G1_agronomic,CatBoostLarge,2,AGC_089,3.0,4.247463675561477,-1.2474636755614767
fold_municipality_grouped,G1_agronomic,CatBoostLarge,2,AGC_121,3.3,4.380313875358922,-1.0803138753589225
fold_municipality_grouped,G1_agronomic,CatBoostLarge,2,AGC_140,3.2,4.189752770075813,-0.9897527700758131
fold_municipality_grouped,G1_agronomic,CatBoostLarge,2,AGC_148,3.0,4.255759948493576,-1.2557599484935764
fold_municipality_grouped,G1_agronomic,CatBoostLarge,2,AGC_166,2.5,4.317102146368825,-1.8171021463688248
fold_municipality_grouped,G1_agronomic,CatBoostLarge,2,AGC_194,3.2,4.105722498818267,-0.9057224988182666
fold_municipality_grouped,G1_agronomic,CatBoostLarge,3,AGC_051,4.45,4.301151298618375,0.14884870138162487
fold_municipality_grouped,G1_agronomic,CatBoostLarge,3,AGC_059,4.41,4.27727275907754,0.1327272409224598
fold_municipality_grouped,G1_agronomic,CatBoostLarge,3,AGC_084,4.54,4.303674037737444,0.23632596226255576
fold_municipality_grouped,G1_agronomic,CatBoostLarge,3,AGC_134,4.52,3.366611964900599,1.1533880350994004
fold_municipality_grouped,G1_agronomic,CatBoostLarge,3,AGC_137,4.54,4.474235527527227,0.06576447247277262
fold_municipality_grouped,G1_agronomic,CatBoostLarge,3,AGC_146,4.58,4.290713611385897,0.2892863886141033
fold_municipality_grouped,G1_agronomic,CatBoostLarge,3,AGC_151,4.69,4.473530634406032,0.21646936559396845
fold_municipality_grouped,G1_agronomic,CatBoostLarge,3,AGC_152,4.87,4.464592995391271,0.4054070046087288
fold_municipality_grouped,G1_agronomic,CatBoostLarge,3,AGC_180,4.14,4.2962640996642705,-0.1562640996642708
fold_municipality_grouped,G1_agronomic,CatBoostLarge,3,AGC_184,4.47,4.323390254570981,0.14660974542901872
fold_municipality_grouped,G1_agronomic,CatBoostLarge,4,AGC_002,4.63,4.101257686434526,0.5287423135654743
fold_municipality_grouped,G1_agronomic,CatBoostLarge,4,AGC_005,5.16,4.3370190408035185,0.8229809591964816
fold_municipality_grouped,G1_agronomic,CatBoostLarge,4,AGC_006,4.49,3.7922124370121275,0.6977875629878727
fold_municipality_grouped,G1_agronomic,CatBoostLarge,4,AGC_008,4.55,3.789610243187566,0.760389756812434
fold_municipality_grouped,G1_agronomic,CatBoostLarge,4,AGC_010,4.1,4.020170861123358,0.07982913887664189
fold_municipality_grouped,G1_agronomic,CatBoostLarge,4,AGC_012,4.69,4.288044038210158,0.4019559617898425
fold_municipality_grouped,G1_agronomic,CatBoostLarge,4,AGC_013,4.01,3.879338243634672,0.13066175636532762
fold_municipality_grouped,G1_agronomic,CatBoostLarge,4,AGC_014,4.83,4.493625542574707,0.33637445742529337
fold_municipality_grouped,G1_agronomic,CatBoostLarge,4,AGC_015,2.64,4.373873515976886,-1.7338735159768857
fold_municipality_grouped,G1_agronomic,CatBoostLarge,4,AGC_017,4.98,4.5462550158777475,0.43374498412225293
fold_municipality_grouped,G1_agronomic,CatBoostLarge,4,AGC_018,4.49,4.05567486240156,0.4343251375984405
fold_municipality_grouped,G1_agronomic,CatBoostLarge,4,AGC_021,4.94,3.928620916854072,1.0113790831459282
fold_municipality_grouped,G1_agronomic,CatBoostLarge,4,AGC_022,4.55,3.6994417341968724,0.8505582658031274
fold_municipality_grouped,G1_agronomic,CatBoostLarge,4,AGC_024,3.03,3.9152187028318313,-0.8852187028318315
fold_municipality_grouped,G1_agronomic,CatBoostLarge,4,AGC_026,3.55,4.19050381057812,-0.64050381057812
fold_municipality_grouped,G1_agronomic,CatBoostLarge,4,AGC_032,4.03,3.8972189007162985,0.13278109928370174
fold_municipality_grouped,G1_agronomic,CatBoostLarge,4,AGC_033,4.47,3.9615498231364867,0.508450176863513
fold_municipality_grouped,G1_agronomic,CatBoostLarge,4,AGC_045,4.1,4.050961243296463,0.049038756703536635
fold_municipality_grouped,G1_agronomic,CatBoostLarge,4,AGC_047,4.45,3.8974164552458497,0.5525835447541505
fold_municipality_grouped,G1_agronomic,CatBoostLarge,4,AGC_049,5.53,4.246655702683981,1.2833442973160194
fold_municipality_grouped,G1_agronomic,CatBoostLarge,4,AGC_055,5.45,4.473331539341851,0.976668460658149
fold_municipality_grouped,G1_agronomic,CatBoostLarge,4,AGC_056,5.07,3.9737801825472925,1.0962198174527078
fold_municipality_grouped,G1_agronomic,CatBoostLarge,4,AGC_057,4.55,4.111321861800938,0.43867813819906143
fold_municipality_grouped,G1_agronomic,CatBoostLarge,4,AGC_060,4.52,4.307120265963823,0.21287973403617677
fold_municipality_grouped,G1_agronomic,CatBoostLarge,4,AGC_062,3.81,3.59802717148286,0.21197282851714006
fold_municipality_grouped,G1_agronomic,CatBoostLarge,4,AGC_069,5.46,4.304190557695991,1.155809442304009
fold_municipality_grouped,G1_agronomic,CatBoostLarge,4,AGC_072,4.55,3.888770105266582,0.6612298947334176
fold_municipality_grouped,G1_agronomic,CatBoostLarge,4,AGC_073,4.3,3.5202244484211587,0.7797755515788412
fold_municipality_grouped,G1_agronomic,CatBoostLarge,4,AGC_077,4.76,3.800837809383966,0.9591621906160337
fold_municipality_grouped,G1_agronomic,CatBoostLarge,4,AGC_090,4.68,4.376103150912909,0.30389684908709036
fold_municipality_grouped,G1_agronomic,CatBoostLarge,4,AGC_092,4.57,3.8421922873489707,0.7278077126510296
fold_municipality_grouped,G1_agronomic,CatBoostLarge,4,AGC_096,4.59,3.487233144177692,1.102766855822308
fold_municipality_grouped,G1_agronomic,CatBoostLarge,4,AGC_097,4.69,3.9816911469513734,0.708308853048627
fold_municipality_grouped,G1_agronomic,CatBoostLarge,4,AGC_100,4.5,3.800697675653991,0.699302324346009
fold_municipality_grouped,G1_agronomic,CatBoostLarge,4,AGC_101,4.57,3.6406683817242875,0.9293316182757128
fold_municipality_grouped,G1_agronomic,CatBoostLarge,4,AGC_102,4.4,3.568348738033233,0.8316512619667673
fold_municipality_grouped,G1_agronomic,CatBoostLarge,4,AGC_104,4.56,3.85545375535521,0.7045462446447894
fold_municipality_grouped,G1_agronomic,CatBoostLarge,4,AGC_105,4.41,3.9956825344465354,0.4143174655534647
fold_municipality_grouped,G1_agronomic,CatBoostLarge,4,AGC_106,4.43,3.896783144692554,0.5332168553074457
fold_municipality_grouped,G1_agronomic,CatBoostLarge,4,AGC_108,4.51,3.8394568584640325,0.6705431415359673
fold_municipality_grouped,G1_agronomic,CatBoostLarge,4,AGC_109,4.54,3.866113521432487,0.6738864785675132
fold_municipality_grouped,G1_agronomic,CatBoostLarge,4,AGC_110,4.18,3.7601974575555754,0.4198025424444243
fold_municipality_grouped,G1_agronomic,CatBoostLarge,4,AGC_111,4.72,3.9558547436919174,0.7641452563080824
fold_municipality_grouped,G1_agronomic,CatBoostLarge,4,AGC_115,4.6,3.660550356541547,0.9394496434584525
fold_municipality_grouped,G1_agronomic,CatBoostLarge,4,AGC_124,5.05,4.245813350024996,0.8041866499750041
fold_municipality_grouped,G1_agronomic,CatBoostLarge,4,AGC_125,4.06,4.484088325141959,-0.4240883251419598
fold_municipality_grouped,G1_agronomic,CatBoostLarge,4,AGC_127,5.57,4.188274020652742,1.3817259793472587
fold_municipality_grouped,G1_agronomic,CatBoostLarge,4,AGC_131,4.89,3.8829553600154902,1.0070446399845094
fold_municipality_grouped,G1_agronomic,CatBoostLarge,4,AGC_132,4.13,3.965410634162277,0.1645893658377231
fold_municipality_grouped,G1_agronomic,CatBoostLarge,4,AGC_133,3.91,3.772981292272222,0.13701870772777802
fold_municipality_grouped,G1_agronomic,CatBoostLarge,4,AGC_135,4.49,3.928511120322346,0.561488879677654
fold_municipality_grouped,G1_agronomic,CatBoostLarge,4,AGC_139,4.67,3.7400577047238865,0.9299422952761134
fold_municipality_grouped,G1_agronomic,CatBoostLarge,4,AGC_150,4.52,4.361738668769963,0.15826133123003672
fold_municipality_grouped,G1_agronomic,CatBoostLarge,4,AGC_155,4.52,3.918285179384007,0.6017148206159924
fold_municipality_grouped,G1_agronomic,CatBoostLarge,4,AGC_159,4.77,4.409274099965732,0.36072590003426797
fold_municipality_grouped,G1_agronomic,CatBoostLarge,4,AGC_160,3.62,4.180536436203965,-0.5605364362039653
fold_municipality_grouped,G1_agronomic,CatBoostLarge,4,AGC_161,4.46,4.34105683022586,0.11894316977414032
fold_municipality_grouped,G1_agronomic,CatBoostLarge,4,AGC_162,5.59,3.5880967967796367,2.001903203220363
fold_municipality_grouped,G1_agronomic,CatBoostLarge,4,AGC_164,3.0,2.8827526579405736,0.11724734205942644
fold_municipality_grouped,G1_agronomic,CatBoostLarge,4,AGC_165,4.44,3.8975414936159503,0.5424585063840501
fold_municipality_grouped,G1_agronomic,CatBoostLarge,4,AGC_167,4.54,4.647798009060445,-0.10779800906044468
fold_municipality_grouped,G1_agronomic,CatBoostLarge,4,AGC_168,4.49,3.926967665179678,0.5630323348203223
fold_municipality_grouped,G1_agronomic,CatBoostLarge,4,AGC_171,2.15,3.85649556245812,-1.70649556245812
fold_municipality_grouped,G1_agronomic,CatBoostLarge,4,AGC_172,5.19,4.093819555309182,1.0961804446908188
fold_municipality_grouped,G1_agronomic,CatBoostLarge,4,AGC_176,4.38,4.367092344886066,0.012907655113933991
fold_municipality_grouped,G1_agronomic,CatBoostLarge,4,AGC_178,4.39,3.597080099317166,0.7929199006828336
fold_municipality_grouped,G1_agronomic,CatBoostLarge,4,AGC_179,4.55,4.060567693378225,0.48943230662177495
fold_municipality_grouped,G1_agronomic,CatBoostLarge,4,AGC_181,4.51,4.041966665633911,0.46803333436608874
fold_municipality_grouped,G1_agronomic,CatBoostLarge,4,AGC_185,5.01,3.669625931882221,1.3403740681177787
fold_municipality_grouped,G1_agronomic,CatBoostLarge,4,AGC_189,4.03,4.372688217562375,-0.3426882175623751
fold_municipality_grouped,G1_agronomic,CatBoostLarge,4,AGC_193,4.57,3.8652915545687705,0.7047084454312298
fold_municipality_grouped,G1_agronomic,CatBoostLarge,4,AGC_195,3.68,3.643295043664841,0.036704956335159356
fold_municipality_grouped,G1_agronomic,CatBoostLarge,4,AGC_197,4.52,3.447533270428579,1.0724667295714205
fold_municipality_grouped,G1_agronomic,CatBoostLarge,5,AGC_009,4.79,4.79625332502681,-0.006253325026809975
fold_municipality_grouped,G1_agronomic,CatBoostLarge,5,AGC_035,4.68,4.18784426700921,0.4921557329907893
fold_municipality_grouped,G1_agronomic,CatBoostLarge,5,AGC_048,2.5,3.657649424732397,-1.157649424732397
fold_municipality_grouped,G1_agronomic,CatBoostLarge,5,AGC_064,4.51,4.7219952153347995,-0.2119952153347997
fold_municipality_grouped,G1_agronomic,CatBoostLarge,5,AGC_083,4.61,4.164187826416224,0.4458121735837759
fold_municipality_grouped,G1_agronomic,CatBoostLarge,5,AGC_119,4.4,4.76769482233179,-0.3676948223317895
fold_state_stratified,G2_base_agro,CatBoostLarge,1,AGC_009,4.79,4.5101203243957,0.2798796756042998
fold_state_stratified,G2_base_agro,CatBoostLarge,1,AGC_015,2.64,4.778347704864181,-2.1383477048641812
fold_state_stratified,G2_base_agro,CatBoostLarge,1,AGC_017,4.98,4.690862301419642,0.2891376985803582
fold_state_stratified,G2_base_agro,CatBoostLarge,1,AGC_032,4.03,4.716416131752695,-0.6864161317526944
fold_state_stratified,G2_base_agro,CatBoostLarge,1,AGC_045,4.1,4.692047999715477,-0.5920479997154775
fold_state_stratified,G2_base_agro,CatBoostLarge,1,AGC_054,2.5,2.980634696271956,-0.4806346962719559
fold_state_stratified,G2_base_agro,CatBoostLarge,1,AGC_058,2.5,3.052999391249215,-0.552999391249215
fold_state_stratified,G2_base_agro,CatBoostLarge,1,AGC_068,2.5,2.9055318824418706,-0.40553188244187055
fold_state_stratified,G2_base_agro,CatBoostLarge,1,AGC_073,4.3,4.231266179608568,0.06873382039143205
fold_state_stratified,G2_base_agro,CatBoostLarge,1,AGC_079,3.3,3.1322521227632762,0.16774787723672357
fold_state_stratified,G2_base_agro,CatBoostLarge,1,AGC_083,4.61,4.519450642661901,0.09054935733809888
fold_state_stratified,G2_base_agro,CatBoostLarge,1,AGC_090,4.68,4.477398610644293,0.20260138935570637
fold_state_stratified,G2_base_agro,CatBoostLarge,1,AGC_102,4.4,4.454287059705948,-0.05428705970594727
fold_state_stratified,G2_base_agro,CatBoostLarge,1,AGC_103,3.0,2.8943816924006933,0.10561830759930668
fold_state_stratified,G2_base_agro,CatBoostLarge,1,AGC_111,4.72,4.522253043219415,0.19774695678058496
fold_state_stratified,G2_base_agro,CatBoostLarge,1,AGC_112,3.0,2.979945241818207,0.02005475818179292
fold_state_stratified,G2_base_agro,CatBoostLarge,1,AGC_117,3.5,3.136615559200095,0.36338444079990495
fold_state_stratified,G2_base_agro,CatBoostLarge,1,AGC_119,4.4,4.6412158520388545,-0.2412158520388541
fold_state_stratified,G2_base_agro,CatBoostLarge,1,AGC_121,3.3,3.042127312774113,0.25787268722588674
fold_state_stratified,G2_base_agro,CatBoostLarge,1,AGC_127,5.57,4.543051637549148,1.0269483624508524
fold_state_stratified,G2_base_agro,CatBoostLarge,1,AGC_133,3.91,4.388014605782288,-0.47801460578228827
fold_state_stratified,G2_base_agro,CatBoostLarge,1,AGC_139,4.67,4.323130758340476,0.34686924165952426
fold_state_stratified,G2_base_agro,CatBoostLarge,1,AGC_159,4.77,4.594248811563794,0.1757511884362053
fold_state_stratified,G2_base_agro,CatBoostLarge,1,AGC_161,4.46,4.722621473036774,-0.2626214730367744
fold_state_stratified,G2_base_agro,CatBoostLarge,1,AGC_164,3.0,3.3502503232021965,-0.3502503232021965
fold_state_stratified,G2_base_agro,CatBoostLarge,1,AGC_167,4.54,4.687345763021529,-0.14734576302152913
fold_state_stratified,G2_base_agro,CatBoostLarge,1,AGC_180,4.14,4.258980635986127,-0.1189806359861274
fold_state_stratified,G2_base_agro,CatBoostLarge,1,AGC_187,3.0,3.0605136515353024,-0.060513651535302415
fold_state_stratified,G2_base_agro,CatBoostLarge,2,AGC_008,4.55,4.249912665913435,0.30008733408656507
fold_state_stratified,G2_base_agro,CatBoostLarge,2,AGC_024,3.03,4.102677508730181,-1.0726775087301816
fold_state_stratified,G2_base_agro,CatBoostLarge,2,AGC_033,4.47,4.633148679070516,-0.1631486790705159
fold_state_stratified,G2_base_agro,CatBoostLarge,2,AGC_037,3.5,2.7312822782504327,0.7687177217495673
fold_state_stratified,G2_base_agro,CatBoostLarge,2,AGC_040,3.0,2.9444079758883497,0.05559202411165032
fold_state_stratified,G2_base_agro,CatBoostLarge,2,AGC_047,4.45,4.093419660269582,0.35658033973041814
fold_state_stratified,G2_base_agro,CatBoostLarge,2,AGC_049,5.53,4.542017277736239,0.9879827222637614
fold_state_stratified,G2_base_agro,CatBoostLarge,2,AGC_053,3.5,3.2782005574717097,0.2217994425282903
fold_state_stratified,G2_base_agro,CatBoostLarge,2,AGC_055,5.45,4.626019931811076,0.8239800681889244
fold_state_stratified,G2_base_agro,CatBoostLarge,2,AGC_062,3.81,4.507643487182065,-0.6976434871820651
fold_state_stratified,G2_base_agro,CatBoostLarge,2,AGC_064,4.51,4.759237460135203,-0.24923746013520365
fold_state_stratified,G2_base_agro,CatBoostLarge,2,AGC_078,3.0,3.3985254105512723,-0.39852541055127233
fold_state_stratified,G2_base_agro,CatBoostLarge,2,AGC_098,3.0,3.0829952472287836,-0.0829952472287836
fold_state_stratified,G2_base_agro,CatBoostLarge,2,AGC_100,4.5,4.519404765974407,-0.019404765974407212
fold_state_stratified,G2_base_agro,CatBoostLarge,2,AGC_108,4.51,4.777462396313403,-0.2674623963134035
fold_state_stratified,G2_base_agro,CatBoostLarge,2,AGC_124,5.05,4.7905682432263355,0.25943175677366437
fold_state_stratified,G2_base_agro,CatBoostLarge,2,AGC_125,4.06,4.329123436520717,-0.2691234365207178
fold_state_stratified,G2_base_agro,CatBoostLarge,2,AGC_131,4.89,4.481210751863462,0.4087892481365376
fold_state_stratified,G2_base_agro,CatBoostLarge,2,AGC_134,4.52,4.300586905477491,0.21941309452250835
fold_state_stratified,G2_base_agro,CatBoostLarge,2,AGC_135,4.49,4.557492647747953,-0.06749264774795272
fold_state_stratified,G2_base_agro,CatBoostLarge,2,AGC_145,3.5,2.93042477505179,0.5695752249482098
fold_state_stratified,G2_base_agro,CatBoostLarge,2,AGC_150,4.52,4.465253968126888,0.05474603187311189
fold_state_stratified,G2_base_agro,CatBoostLarge,2,AGC_151,4.69,4.4190653361975425,0.2709346638024579
fold_state_stratified,G2_base_agro,CatBoostLarge,2,AGC_157,3.0,3.424378418275939,-0.42437841827593914
fold_state_stratified,G2_base_agro,CatBoostLarge,2,AGC_160,3.62,4.598634535884887,-0.9786345358848871
fold_state_stratified,G2_base_agro,CatBoostLarge,2,AGC_166,2.5,3.8540369408651003,-1.3540369408651003
fold_state_stratified,G2_base_agro,CatBoostLarge,2,AGC_193,4.57,4.164406152756708,0.40559384724329206
fold_state_stratified,G2_base_agro,CatBoostLarge,2,AGC_194,3.2,2.880815390978042,0.3191846090219581
fold_state_stratified,G2_base_agro,CatBoostLarge,3,AGC_004,3.0,3.1052394531897534,-0.10523945318975336
fold_state_stratified,G2_base_agro,CatBoostLarge,3,AGC_005,5.16,4.750942291283508,0.4090577087164924
fold_state_stratified,G2_base_agro,CatBoostLarge,3,AGC_010,4.1,4.098109936527457,0.0018900634725422805
fold_state_stratified,G2_base_agro,CatBoostLarge,3,AGC_014,4.83,4.18723511214295,0.6427648878570498
fold_state_stratified,G2_base_agro,CatBoostLarge,3,AGC_018,4.49,4.175927058497862,0.31407294150213794
fold_state_stratified,G2_base_agro,CatBoostLarge,3,AGC_021,4.94,4.848214551420014,0.09178544857998627
fold_state_stratified,G2_base_agro,CatBoostLarge,3,AGC_023,3.0,2.905400827454528,0.09459917254547179
fold_state_stratified,G2_base_agro,CatBoostLarge,3,AGC_038,3.3,3.021019651200511,0.27898034879948863
fold_state_stratified,G2_base_agro,CatBoostLarge,3,AGC_044,3.5,3.2928285678749063,0.2071714321250937
fold_state_stratified,G2_base_agro,CatBoostLarge,3,AGC_051,4.45,4.004906170128201,0.4450938298717988
fold_state_stratified,G2_base_agro,CatBoostLarge,3,AGC_059,4.41,4.210365899975066,0.19963410002493376
fold_state_stratified,G2_base_agro,CatBoostLarge,3,AGC_066,3.0,2.8311265443523155,0.16887345564768452
fold_state_stratified,G2_base_agro,CatBoostLarge,3,AGC_067,3.0,3.4961061189174387,-0.4961061189174387
fold_state_stratified,G2_base_agro,CatBoostLarge,3,AGC_069,5.46,4.413208302026604,1.0467916979733962
fold_state_stratified,G2_base_agro,CatBoostLarge,3,AGC_070,3.3,3.0576146925837477,0.24238530741625208
fold_state_stratified,G2_base_agro,CatBoostLarge,3,AGC_072,4.55,4.245492344489826,0.3045076555101742
fold_state_stratified,G2_base_agro,CatBoostLarge,3,AGC_074,2.5,3.2834774620860827,-0.7834774620860827
fold_state_stratified,G2_base_agro,CatBoostLarge,3,AGC_077,4.76,4.406248227069099,0.35375177293090054
fold_state_stratified,G2_base_agro,CatBoostLarge,3,AGC_089,3.0,3.1283328457847617,-0.12833284578476167
fold_state_stratified,G2_base_agro,CatBoostLarge,3,AGC_097,4.69,4.459821766191055,0.2301782338089451
fold_state_stratified,G2_base_agro,CatBoostLarge,3,AGC_106,4.43,3.7178866191425826,0.7121133808574172
fold_state_stratified,G2_base_agro,CatBoostLarge,3,AGC_110,4.18,3.8784601467325004,0.3015398532674993
fold_state_stratified,G2_base_agro,CatBoostLarge,3,AGC_138,2.5,3.0790343055508487,-0.5790343055508487
fold_state_stratified,G2_base_agro,CatBoostLarge,3,AGC_155,4.52,4.509914285143672,0.010085714856327144
fold_state_stratified,G2_base_agro,CatBoostLarge,3,AGC_163,3.0,2.8677685416529215,0.1322314583470785
fold_state_stratified,G2_base_agro,CatBoostLarge,3,AGC_165,4.44,4.145888259221039,0.29411174077896174
fold_state_stratified,G2_base_agro,CatBoostLarge,3,AGC_196,3.5,3.450244718629037,0.04975528137096319
fold_state_stratified,G2_base_agro,CatBoostLarge,3,AGC_197,4.52,3.9989737733937005,0.521026226606299
fold_state_stratified,G2_base_agro,CatBoostLarge,4,AGC_007,3.5,3.1206462639582284,0.3793537360417716
fold_state_stratified,G2_base_agro,CatBoostLarge,4,AGC_012,4.69,5.070911019606252,-0.38091101960625195
fold_state_stratified,G2_base_agro,CatBoostLarge,4,AGC_019,3.0,2.8159203443926257,0.18407965560737427
fold_state_stratified,G2_base_agro,CatBoostLarge,4,AGC_022,4.55,4.396641181085414,0.1533588189145858
fold_state_stratified,G2_base_agro,CatBoostLarge,4,AGC_026,3.55,4.29668199714304,-0.7466819971430398
fold_state_stratified,G2_base_agro,CatBoostLarge,4,AGC_041,2.5,2.8657694763790884,-0.3657694763790884
fold_state_stratified,G2_base_agro,CatBoostLarge,4,AGC_048,2.5,3.1764482036483557,-0.6764482036483557
fold_state_stratified,G2_base_agro,CatBoostLarge,4,AGC_056,5.07,4.802379277003968,0.2676207229960319
fold_state_stratified,G2_base_agro,CatBoostLarge,4,AGC_080,3.5,3.0466690359873523,0.4533309640126477
fold_state_stratified,G2_base_agro,CatBoostLarge,4,AGC_081,3.7,3.1757170712656215,0.5242829287343787
fold_state_stratified,G2_base_agro,CatBoostLarge,4,AGC_099,3.5,3.0797594491511617,0.42024055084883827
fold_state_stratified,G2_base_agro,CatBoostLarge,4,AGC_104,4.56,4.44652377175548,0.11347622824451964
fold_state_stratified,G2_base_agro,CatBoostLarge,4,AGC_109,4.54,4.5376786966610245,0.002321303338975511
fold_state_stratified,G2_base_agro,CatBoostLarge,4,AGC_115,4.6,4.301102409813969,0.2988975901860309
fold_state_stratified,G2_base_agro,CatBoostLarge,4,AGC_122,3.5,2.9112804923445736,0.5887195076554264
fold_state_stratified,G2_base_agro,CatBoostLarge,4,AGC_132,4.13,4.501273208489805,-0.3712732084898054
fold_state_stratified,G2_base_agro,CatBoostLarge,4,AGC_140,3.2,3.0479775017489246,0.1520224982510756
fold_state_stratified,G2_base_agro,CatBoostLarge,4,AGC_144,2.5,2.9165917650521607,-0.41659176505216067
fold_state_stratified,G2_base_agro,CatBoostLarge,4,AGC_148,3.0,2.9100210174339303,0.08997898256606973
fold_state_stratified,G2_base_agro,CatBoostLarge,4,AGC_152,4.87,4.585284982329105,0.28471501767089524
fold_state_stratified,G2_base_agro,CatBoostLarge,4,AGC_168,4.49,4.661267530487284,-0.17126753048728371
fold_state_stratified,G2_base_agro,CatBoostLarge,4,AGC_170,3.0,3.134104296154817,-0.1341042961548169
fold_state_stratified,G2_base_agro,CatBoostLarge,4,AGC_171,2.15,4.479220935505289,-2.329220935505289
fold_state_stratified,G2_base_agro,CatBoostLarge,4,AGC_172,5.19,4.685308260796727,0.504691739203273
fold_state_stratified,G2_base_agro,CatBoostLarge,4,AGC_176,4.38,4.25306962990302,0.1269303700969795
fold_state_stratified,G2_base_agro,CatBoostLarge,4,AGC_178,4.39,4.413308984678553,-0.023308984678553024
fold_state_stratified,G2_base_agro,CatBoostLarge,4,AGC_181,4.51,4.5875115391570835,-0.07751153915708375
fold_state_stratified,G2_base_agro,CatBoostLarge,5,AGC_001,3.5,2.965673901393421,0.534326098606579
fold_state_stratified,G2_base_agro,CatBoostLarge,5,AGC_002,4.63,4.457603174923321,0.17239682507667897
fold_state_stratified,G2_base_agro,CatBoostLarge,5,AGC_006,4.49,4.1523598916929245,0.3376401083070757
fold_state_stratified,G2_base_agro,CatBoostLarge,5,AGC_013,4.01,4.2067058732501295,-0.19670587325012967
fold_state_stratified,G2_base_agro,CatBoostLarge,5,AGC_020,3.5,3.2159407963864535,0.28405920361354653
fold_state_stratified,G2_base_agro,CatBoostLarge,5,AGC_034,2.0,3.028650247693351,-1.028650247693351
fold_state_stratified,G2_base_agro,CatBoostLarge,5,AGC_035,4.68,4.032015075941901,0.6479849240580986
fold_state_stratified,G2_base_agro,CatBoostLarge,5,AGC_046,3.0,2.8849098898825236,0.11509011011747639
fold_state_stratified,G2_base_agro,CatBoostLarge,5,AGC_057,4.55,4.609790376501461,-0.05979037650146157
fold_state_stratified,G2_base_agro,CatBoostLarge,5,AGC_060,4.52,4.959893416890406,-0.4398934168904063
fold_state_stratified,G2_base_agro,CatBoostLarge,5,AGC_084,4.54,4.653226242182065,-0.11322624218206467
fold_state_stratified,G2_base_agro,CatBoostLarge,5,AGC_092,4.57,4.50876632584156,0.06123367415844072
fold_state_stratified,G2_base_agro,CatBoostLarge,5,AGC_096,4.59,4.310256169457006,0.27974383054299423
fold_state_stratified,G2_base_agro,CatBoostLarge,5,AGC_101,4.57,4.138354996978833,0.43164500302116693
fold_state_stratified,G2_base_agro,CatBoostLarge,5,AGC_105,4.41,4.506734311479658,-0.09673431147965772
fold_state_stratified,G2_base_agro,CatBoostLarge,5,AGC_114,3.0,2.7894045373373064,0.21059546266269358
fold_state_stratified,G2_base_agro,CatBoostLarge,5,AGC_123,2.5,2.9093656388413525,-0.40936563884135246
fold_state_stratified,G2_base_agro,CatBoostLarge,5,AGC_137,4.54,4.461082055392978,0.07891794460702162
fold_state_stratified,G2_base_agro,CatBoostLarge,5,AGC_141,3.5,2.9546496488276848,0.5453503511723152
fold_state_stratified,G2_base_agro,CatBoostLarge,5,AGC_146,4.58,4.692890543804705,-0.11289054380470454
fold_state_stratified,G2_base_agro,CatBoostLarge,5,AGC_162,5.59,4.5738520427055995,1.0161479572944003
fold_state_stratified,G2_base_agro,CatBoostLarge,5,AGC_169,2.5,2.874829736932595,-0.374829736932595
fold_state_stratified,G2_base_agro,CatBoostLarge,5,AGC_179,4.55,4.5963226736322635,-0.04632267363226372
fold_state_stratified,G2_base_agro,CatBoostLarge,5,AGC_184,4.47,4.506833208905487,-0.03683320890548725
fold_state_stratified,G2_base_agro,CatBoostLarge,5,AGC_185,5.01,4.4922707713789,0.5177292286210999
fold_state_stratified,G2_base_agro,CatBoostLarge,5,AGC_189,4.03,4.48442546704187,-0.4544254670418697
fold_state_stratified,G2_base_agro,CatBoostLarge,5,AGC_195,3.68,4.365976470285846,-0.6859764702858455
fold_municipality_grouped,G2_base_agro,CatBoostLarge,1,AGC_001,3.5,3.242480540352947,0.25751945964705314
fold_municipality_grouped,G2_base_agro,CatBoostLarge,1,AGC_004,3.0,3.8637708454285793,-0.8637708454285793
fold_municipality_grouped,G2_base_agro,CatBoostLarge,1,AGC_019,3.0,3.261437864059207,-0.2614378640592072
fold_municipality_grouped,G2_base_agro,CatBoostLarge,1,AGC_020,3.5,3.4851889106832807,0.014811089316719261
fold_municipality_grouped,G2_base_agro,CatBoostLarge,1,AGC_023,3.0,3.3786591311731113,-0.37865913117311134
fold_municipality_grouped,G2_base_agro,CatBoostLarge,1,AGC_037,3.5,3.8955638813267086,-0.3955638813267086
fold_municipality_grouped,G2_base_agro,CatBoostLarge,1,AGC_040,3.0,3.4560389833179883,-0.4560389833179883
fold_municipality_grouped,G2_base_agro,CatBoostLarge,1,AGC_044,3.5,3.571192546335009,-0.07119254633500915
fold_municipality_grouped,G2_base_agro,CatBoostLarge,1,AGC_046,3.0,3.3149743951549495,-0.3149743951549495
fold_municipality_grouped,G2_base_agro,CatBoostLarge,1,AGC_053,3.5,3.5590152483456428,-0.05901524834564276
fold_municipality_grouped,G2_base_agro,CatBoostLarge,1,AGC_054,2.5,3.143070089729477,-0.643070089729477
fold_municipality_grouped,G2_base_agro,CatBoostLarge,1,AGC_058,2.5,3.567422840711064,-1.067422840711064
fold_municipality_grouped,G2_base_agro,CatBoostLarge,1,AGC_066,3.0,3.577290467748231,-0.5772904677482309
fold_municipality_grouped,G2_base_agro,CatBoostLarge,1,AGC_068,2.5,3.5466187137274523,-1.0466187137274523
fold_municipality_grouped,G2_base_agro,CatBoostLarge,1,AGC_074,2.5,3.5910879161625373,-1.0910879161625373
fold_municipality_grouped,G2_base_agro,CatBoostLarge,1,AGC_098,3.0,3.180295015409527,-0.18029501540952708
fold_municipality_grouped,G2_base_agro,CatBoostLarge,1,AGC_099,3.5,3.940557170900414,-0.4405571709004139
fold_municipality_grouped,G2_base_agro,CatBoostLarge,1,AGC_103,3.0,3.338903328283949,-0.3389033282839491
fold_municipality_grouped,G2_base_agro,CatBoostLarge,1,AGC_112,3.0,3.7322045842008698,-0.7322045842008698
fold_municipality_grouped,G2_base_agro,CatBoostLarge,1,AGC_114,3.0,3.2221312895231904,-0.2221312895231904
fold_municipality_grouped,G2_base_agro,CatBoostLarge,1,AGC_117,3.5,3.6879738945569946,-0.18797389455699465
fold_municipality_grouped,G2_base_agro,CatBoostLarge,1,AGC_122,3.5,3.301055336982163,0.1989446630178371
fold_municipality_grouped,G2_base_agro,CatBoostLarge,1,AGC_123,2.5,3.2975836131422915,-0.7975836131422915
fold_municipality_grouped,G2_base_agro,CatBoostLarge,1,AGC_138,2.5,3.7332677929080402,-1.2332677929080402
fold_municipality_grouped,G2_base_agro,CatBoostLarge,1,AGC_141,3.5,3.355523239026045,0.144476760973955
fold_municipality_grouped,G2_base_agro,CatBoostLarge,1,AGC_144,2.5,3.4011333038341753,-0.9011333038341753
fold_municipality_grouped,G2_base_agro,CatBoostLarge,1,AGC_145,3.5,3.3853488519399675,0.11465114806003252
fold_municipality_grouped,G2_base_agro,CatBoostLarge,1,AGC_157,3.0,3.6867737780662573,-0.6867737780662573
fold_municipality_grouped,G2_base_agro,CatBoostLarge,1,AGC_163,3.0,3.3759399478604997,-0.37593994786049967
fold_municipality_grouped,G2_base_agro,CatBoostLarge,1,AGC_169,2.5,3.739914829475113,-1.2399148294751128
fold_municipality_grouped,G2_base_agro,CatBoostLarge,1,AGC_170,3.0,3.6744459067118056,-0.6744459067118056
fold_municipality_grouped,G2_base_agro,CatBoostLarge,1,AGC_187,3.0,3.5150639784282234,-0.5150639784282234
fold_municipality_grouped,G2_base_agro,CatBoostLarge,1,AGC_196,3.5,3.5599860620204424,-0.05998606202044243
fold_municipality_grouped,G2_base_agro,CatBoostLarge,2,AGC_007,3.5,4.077899793400551,-0.577899793400551
fold_municipality_grouped,G2_base_agro,CatBoostLarge,2,AGC_034,2.0,4.078528685915895,-2.078528685915895
fold_municipality_grouped,G2_base_agro,CatBoostLarge,2,AGC_038,3.3,4.267892807216068,-0.9678928072160682
fold_municipality_grouped,G2_base_agro,CatBoostLarge,2,AGC_041,2.5,4.208667658736591,-1.7086676587365908
fold_municipality_grouped,G2_base_agro,CatBoostLarge,2,AGC_067,3.0,4.471351183865785,-1.4713511838657851
fold_municipality_grouped,G2_base_agro,CatBoostLarge,2,AGC_070,3.3,4.277580843621173,-0.9775808436211735
fold_municipality_grouped,G2_base_agro,CatBoostLarge,2,AGC_078,3.0,4.2366501779177135,-1.2366501779177135
fold_municipality_grouped,G2_base_agro,CatBoostLarge,2,AGC_079,3.3,4.146593116456565,-0.8465931164565648
fold_municipality_grouped,G2_base_agro,CatBoostLarge,2,AGC_080,3.5,4.222054786949542,-0.722054786949542
fold_municipality_grouped,G2_base_agro,CatBoostLarge,2,AGC_081,3.7,4.31251605830478,-0.61251605830478
fold_municipality_grouped,G2_base_agro,CatBoostLarge,2,AGC_089,3.0,4.254204399478503,-1.2542043994785033
fold_municipality_grouped,G2_base_agro,CatBoostLarge,2,AGC_121,3.3,4.251908245213464,-0.9519082452134642
fold_municipality_grouped,G2_base_agro,CatBoostLarge,2,AGC_140,3.2,4.195496436601637,-0.9954964366016368
fold_municipality_grouped,G2_base_agro,CatBoostLarge,2,AGC_148,3.0,4.160858847757741,-1.1608588477577406
fold_municipality_grouped,G2_base_agro,CatBoostLarge,2,AGC_166,2.5,4.342635256646048,-1.842635256646048
fold_municipality_grouped,G2_base_agro,CatBoostLarge,2,AGC_194,3.2,4.236292482141689,-1.0362924821416888
fold_municipality_grouped,G2_base_agro,CatBoostLarge,3,AGC_051,4.45,3.369002686014629,1.080997313985371
fold_municipality_grouped,G2_base_agro,CatBoostLarge,3,AGC_059,4.41,3.730562558535084,0.6794374414649162
fold_municipality_grouped,G2_base_agro,CatBoostLarge,3,AGC_084,4.54,3.9237295206105642,0.6162704793894358
fold_municipality_grouped,G2_base_agro,CatBoostLarge,3,AGC_134,4.52,3.992584099759303,0.5274159002406966
fold_municipality_grouped,G2_base_agro,CatBoostLarge,3,AGC_137,4.54,3.7761391661621992,0.7638608338378008
fold_municipality_grouped,G2_base_agro,CatBoostLarge,3,AGC_146,4.58,4.395156847044202,0.18484315295579812
fold_municipality_grouped,G2_base_agro,CatBoostLarge,3,AGC_151,4.69,3.9573759542062428,0.7326240457937576
fold_municipality_grouped,G2_base_agro,CatBoostLarge,3,AGC_152,4.87,3.52759899203732,1.34240100796268
fold_municipality_grouped,G2_base_agro,CatBoostLarge,3,AGC_180,4.14,3.6076693690434825,0.5323306309565172
fold_municipality_grouped,G2_base_agro,CatBoostLarge,3,AGC_184,4.47,4.324397151948599,0.1456028480514009
fold_municipality_grouped,G2_base_agro,CatBoostLarge,4,AGC_002,4.63,3.616769251422993,1.0132307485770067
fold_municipality_grouped,G2_base_agro,CatBoostLarge,4,AGC_005,5.16,3.773075063727795,1.3869249362722051
fold_municipality_grouped,G2_base_agro,CatBoostLarge,4,AGC_006,4.49,3.5650603816162203,0.9249396183837799
fold_municipality_grouped,G2_base_agro,CatBoostLarge,4,AGC_008,4.55,3.7647761063098812,0.7852238936901186
fold_municipality_grouped,G2_base_agro,CatBoostLarge,4,AGC_010,4.1,3.9093478765604175,0.19065212343958216
fold_municipality_grouped,G2_base_agro,CatBoostLarge,4,AGC_012,4.69,3.6433207410777584,1.046679258922242
fold_municipality_grouped,G2_base_agro,CatBoostLarge,4,AGC_013,4.01,3.524747243377412,0.4852527566225877
fold_municipality_grouped,G2_base_agro,CatBoostLarge,4,AGC_014,4.83,3.9920945615213874,0.8379054384786127
fold_municipality_grouped,G2_base_agro,CatBoostLarge,4,AGC_015,2.64,3.6636810638132893,-1.0236810638132892
fold_municipality_grouped,G2_base_agro,CatBoostLarge,4,AGC_017,4.98,3.702701292441798,1.2772987075582023
fold_municipality_grouped,G2_base_agro,CatBoostLarge,4,AGC_018,4.49,3.6164571644428314,0.8735428355571688
fold_municipality_grouped,G2_base_agro,CatBoostLarge,4,AGC_021,4.94,3.5581796831087793,1.381820316891221
fold_municipality_grouped,G2_base_agro,CatBoostLarge,4,AGC_022,4.55,3.733287264911663,0.8167127350883367
fold_municipality_grouped,G2_base_agro,CatBoostLarge,4,AGC_024,3.03,3.831959134020849,-0.8019591340208492
fold_municipality_grouped,G2_base_agro,CatBoostLarge,4,AGC_026,3.55,3.7752490596594974,-0.2252490596594976
fold_municipality_grouped,G2_base_agro,CatBoostLarge,4,AGC_032,4.03,3.6435868455110025,0.3864131544889977
fold_municipality_grouped,G2_base_agro,CatBoostLarge,4,AGC_033,4.47,3.5014548807655457,0.9685451192344541
fold_municipality_grouped,G2_base_agro,CatBoostLarge,4,AGC_045,4.1,3.6758160232213264,0.42418397677867326
fold_municipality_grouped,G2_base_agro,CatBoostLarge,4,AGC_047,4.45,3.6221066504091937,0.8278933495908065
fold_municipality_grouped,G2_base_agro,CatBoostLarge,4,AGC_049,5.53,3.677138477274301,1.852861522725699
fold_municipality_grouped,G2_base_agro,CatBoostLarge,4,AGC_055,5.45,3.71041488880104,1.7395851111989602
fold_municipality_grouped,G2_base_agro,CatBoostLarge,4,AGC_056,5.07,3.4740166407469877,1.5959833592530126
fold_municipality_grouped,G2_base_agro,CatBoostLarge,4,AGC_057,4.55,3.5797945321070976,0.9702054678929022
fold_municipality_grouped,G2_base_agro,CatBoostLarge,4,AGC_060,4.52,3.700006914522902,0.8199930854770976
fold_municipality_grouped,G2_base_agro,CatBoostLarge,4,AGC_062,3.81,3.5782859471678705,0.23171405283212954
fold_municipality_grouped,G2_base_agro,CatBoostLarge,4,AGC_069,5.46,3.658844176283605,1.8011558237163952
fold_municipality_grouped,G2_base_agro,CatBoostLarge,4,AGC_072,4.55,3.5257514220973816,1.0242485779026183
fold_municipality_grouped,G2_base_agro,CatBoostLarge,4,AGC_073,4.3,3.559859638216885,0.7401403617831148
fold_municipality_grouped,G2_base_agro,CatBoostLarge,4,AGC_077,4.76,3.426996211756385,1.333003788243615
fold_municipality_grouped,G2_base_agro,CatBoostLarge,4,AGC_090,4.68,3.9055436143376987,0.774456385662301
fold_municipality_grouped,G2_base_agro,CatBoostLarge,4,AGC_092,4.57,3.528363496349499,1.0416365036505013
fold_municipality_grouped,G2_base_agro,CatBoostLarge,4,AGC_096,4.59,3.6287488084884805,0.9612511915115194
fold_municipality_grouped,G2_base_agro,CatBoostLarge,4,AGC_097,4.69,3.565368141253394,1.1246318587466062
fold_municipality_grouped,G2_base_agro,CatBoostLarge,4,AGC_100,4.5,3.751326469438041,0.748673530561959
fold_municipality_grouped,G2_base_agro,CatBoostLarge,4,AGC_101,4.57,3.7136660223634577,0.8563339776365426
fold_municipality_grouped,G2_base_agro,CatBoostLarge,4,AGC_102,4.4,3.7099068475489005,0.6900931524510998
fold_municipality_grouped,G2_base_agro,CatBoostLarge,4,AGC_104,4.56,3.805531772189102,0.7544682278108974
fold_municipality_grouped,G2_base_agro,CatBoostLarge,4,AGC_105,4.41,3.593313774207246,0.8166862257927541
fold_municipality_grouped,G2_base_agro,CatBoostLarge,4,AGC_106,4.43,3.7100346606618118,0.719965339338188
fold_municipality_grouped,G2_base_agro,CatBoostLarge,4,AGC_108,4.51,3.5087089080315534,1.0012910919684463
fold_municipality_grouped,G2_base_agro,CatBoostLarge,4,AGC_109,4.54,3.564641767509449,0.9753582324905512
fold_municipality_grouped,G2_base_agro,CatBoostLarge,4,AGC_110,4.18,3.689595341143466,0.4904046588565336
fold_municipality_grouped,G2_base_agro,CatBoostLarge,4,AGC_111,4.72,3.4586738096846936,1.2613261903153061
fold_municipality_grouped,G2_base_agro,CatBoostLarge,4,AGC_115,4.6,3.4201370134466513,1.1798629865533483
fold_municipality_grouped,G2_base_agro,CatBoostLarge,4,AGC_124,5.05,3.6612388690583932,1.3887611309416066
fold_municipality_grouped,G2_base_agro,CatBoostLarge,4,AGC_125,4.06,3.915718921497689,0.14428107850231076
fold_municipality_grouped,G2_base_agro,CatBoostLarge,4,AGC_127,5.57,3.8855481738540547,1.6844518261459456
fold_municipality_grouped,G2_base_agro,CatBoostLarge,4,AGC_131,4.89,3.7431306123497237,1.146869387650276
fold_municipality_grouped,G2_base_agro,CatBoostLarge,4,AGC_132,4.13,3.593575592437368,0.5364244075626319
fold_municipality_grouped,G2_base_agro,CatBoostLarge,4,AGC_133,3.91,3.5594937049182853,0.3505062950817148
fold_municipality_grouped,G2_base_agro,CatBoostLarge,4,AGC_135,4.49,3.421517762980585,1.0684822370194151
fold_municipality_grouped,G2_base_agro,CatBoostLarge,4,AGC_139,4.67,3.4915125781441887,1.1784874218558112
fold_municipality_grouped,G2_base_agro,CatBoostLarge,4,AGC_150,4.52,3.949018318314483,0.5709816816855167
fold_municipality_grouped,G2_base_agro,CatBoostLarge,4,AGC_155,4.52,3.614776914991129,0.9052230850088705
fold_municipality_grouped,G2_base_agro,CatBoostLarge,4,AGC_159,4.77,3.70657737756639,1.0634226224336096
fold_municipality_grouped,G2_base_agro,CatBoostLarge,4,AGC_160,3.62,3.653858535815015,-0.03385853581501497
fold_municipality_grouped,G2_base_agro,CatBoostLarge,4,AGC_161,4.46,3.6907580200973262,0.7692419799026737
fold_municipality_grouped,G2_base_agro,CatBoostLarge,4,AGC_162,5.59,3.418977712032418,2.171022287967582
fold_municipality_grouped,G2_base_agro,CatBoostLarge,4,AGC_164,3.0,3.4017022747497654,-0.4017022747497654
fold_municipality_grouped,G2_base_agro,CatBoostLarge,4,AGC_165,4.44,3.533463912273833,0.9065360877261672
fold_municipality_grouped,G2_base_agro,CatBoostLarge,4,AGC_167,4.54,4.006980393174505,0.5330196068254951
fold_municipality_grouped,G2_base_agro,CatBoostLarge,4,AGC_168,4.49,3.638188796779037,0.8518112032209633
fold_municipality_grouped,G2_base_agro,CatBoostLarge,4,AGC_171,2.15,3.7985644733724158,-1.6485644733724159
fold_municipality_grouped,G2_base_agro,CatBoostLarge,4,AGC_172,5.19,3.5331003398920657,1.6568996601079347
fold_municipality_grouped,G2_base_agro,CatBoostLarge,4,AGC_176,4.38,3.63746982876334,0.7425301712366599
fold_municipality_grouped,G2_base_agro,CatBoostLarge,4,AGC_178,4.39,3.510590134592249,0.8794098654077507
fold_municipality_grouped,G2_base_agro,CatBoostLarge,4,AGC_179,4.55,3.6266645497057706,0.9233354502942293
fold_municipality_grouped,G2_base_agro,CatBoostLarge,4,AGC_181,4.51,3.6008316153396756,0.9091683846603242
fold_municipality_grouped,G2_base_agro,CatBoostLarge,4,AGC_185,5.01,3.863150079928687,1.146849920071313
fold_municipality_grouped,G2_base_agro,CatBoostLarge,4,AGC_189,4.03,3.872140899954662,0.15785910004533843
fold_municipality_grouped,G2_base_agro,CatBoostLarge,4,AGC_193,4.57,3.7728494925632035,0.7971505074367968
fold_municipality_grouped,G2_base_agro,CatBoostLarge,4,AGC_195,3.68,3.798355357012337,-0.11835535701233679
fold_municipality_grouped,G2_base_agro,CatBoostLarge,4,AGC_197,4.52,3.6239747064147307,0.8960252935852688
fold_municipality_grouped,G2_base_agro,CatBoostLarge,5,AGC_009,4.79,4.379304563813363,0.4106954361866366
fold_municipality_grouped,G2_base_agro,CatBoostLarge,5,AGC_035,4.68,3.7476474494266085,0.9323525505733912
fold_municipality_grouped,G2_base_agro,CatBoostLarge,5,AGC_048,2.5,3.6062330782459497,-1.1062330782459497
fold_municipality_grouped,G2_base_agro,CatBoostLarge,5,AGC_064,4.51,4.465331251606273,0.04466874839372714
fold_municipality_grouped,G2_base_agro,CatBoostLarge,5,AGC_083,4.61,4.158226776007293,0.45177322399270725
fold_municipality_grouped,G2_base_agro,CatBoostLarge,5,AGC_119,4.4,4.443783086135767,-0.043783086135766425
fold_state_stratified,G3_all_deterministic,CatBoostLarge,1,AGC_009,4.79,4.57190383781494,0.21809616218506012
fold_state_stratified,G3_all_deterministic,CatBoostLarge,1,AGC_015,2.64,4.770764346707715,-2.1307643467077146
fold_state_stratified,G3_all_deterministic,CatBoostLarge,1,AGC_017,4.98,4.664167346033345,0.3158326539666554
fold_state_stratified,G3_all_deterministic,CatBoostLarge,1,AGC_032,4.03,4.702419069443627,-0.6724190694436265
fold_state_stratified,G3_all_deterministic,CatBoostLarge,1,AGC_045,4.1,4.643155588533714,-0.5431555885337147
fold_state_stratified,G3_all_deterministic,CatBoostLarge,1,AGC_054,2.5,3.055060700426356,-0.5550607004263561
fold_state_stratified,G3_all_deterministic,CatBoostLarge,1,AGC_058,2.5,3.044388290988138,-0.5443882909881381
fold_state_stratified,G3_all_deterministic,CatBoostLarge,1,AGC_068,2.5,2.8866117887055935,-0.38661178870559354
fold_state_stratified,G3_all_deterministic,CatBoostLarge,1,AGC_073,4.3,4.235127035664007,0.06487296433599266
fold_state_stratified,G3_all_deterministic,CatBoostLarge,1,AGC_079,3.3,3.1127851163573155,0.18721488364268435
fold_state_stratified,G3_all_deterministic,CatBoostLarge,1,AGC_083,4.61,4.512199007977108,0.09780099202289261
fold_state_stratified,G3_all_deterministic,CatBoostLarge,1,AGC_090,4.68,4.370100557347726,0.30989944265227365
fold_state_stratified,G3_all_deterministic,CatBoostLarge,1,AGC_102,4.4,4.486375885294919,-0.08637588529491858
fold_state_stratified,G3_all_deterministic,CatBoostLarge,1,AGC_103,3.0,2.9741034067898298,0.025896593210170238
fold_state_stratified,G3_all_deterministic,CatBoostLarge,1,AGC_111,4.72,4.552658941423049,0.1673410585769508
fold_state_stratified,G3_all_deterministic,CatBoostLarge,1,AGC_112,3.0,2.9931293007383175,0.006870699261682489
fold_state_stratified,G3_all_deterministic,CatBoostLarge,1,AGC_117,3.5,3.2332243612154414,0.26677563878455857
fold_state_stratified,G3_all_deterministic,CatBoostLarge,1,AGC_119,4.4,4.663978593010647,-0.26397859301064663
fold_state_stratified,G3_all_deterministic,CatBoostLarge,1,AGC_121,3.3,3.078012778964194,0.22198722103580604
fold_state_stratified,G3_all_deterministic,CatBoostLarge,1,AGC_127,5.57,4.488777663786401,1.0812223362135995
fold_state_stratified,G3_all_deterministic,CatBoostLarge,1,AGC_133,3.91,4.371007965262791,-0.461007965262791
fold_state_stratified,G3_all_deterministic,CatBoostLarge,1,AGC_139,4.67,4.29429131792628,0.37570868207371966
fold_state_stratified,G3_all_deterministic,CatBoostLarge,1,AGC_159,4.77,4.60743950342917,0.16256049657082983
fold_state_stratified,G3_all_deterministic,CatBoostLarge,1,AGC_161,4.46,4.711447803143912,-0.251447803143912
fold_state_stratified,G3_all_deterministic,CatBoostLarge,1,AGC_164,3.0,3.3651240550214254,-0.3651240550214254
fold_state_stratified,G3_all_deterministic,CatBoostLarge,1,AGC_167,4.54,4.705926404561929,-0.16592640456192864
fold_state_stratified,G3_all_deterministic,CatBoostLarge,1,AGC_180,4.14,4.304733859677064,-0.16473385967706466
fold_state_stratified,G3_all_deterministic,CatBoostLarge,1,AGC_187,3.0,3.1044375779656264,-0.10443757796562636
fold_state_stratified,G3_all_deterministic,CatBoostLarge,2,AGC_008,4.55,4.299644842186294,0.250355157813706
fold_state_stratified,G3_all_deterministic,CatBoostLarge,2,AGC_024,3.03,4.203886598062366,-1.1738865980623658
fold_state_stratified,G3_all_deterministic,CatBoostLarge,2,AGC_033,4.47,4.5802677052299074,-0.1102677052299077
fold_state_stratified,G3_all_deterministic,CatBoostLarge,2,AGC_037,3.5,2.7335048681029406,0.7664951318970594
fold_state_stratified,G3_all_deterministic,CatBoostLarge,2,AGC_040,3.0,3.0069642379527934,-0.0069642379527934395
fold_state_stratified,G3_all_deterministic,CatBoostLarge,2,AGC_047,4.45,4.159664857345331,0.2903351426546692
fold_state_stratified,G3_all_deterministic,CatBoostLarge,2,AGC_049,5.53,4.565378251640446,0.964621748359554
fold_state_stratified,G3_all_deterministic,CatBoostLarge,2,AGC_053,3.5,3.154359215283904,0.34564078471609605
fold_state_stratified,G3_all_deterministic,CatBoostLarge,2,AGC_055,5.45,4.603841788695438,0.8461582113045623
fold_state_stratified,G3_all_deterministic,CatBoostLarge,2,AGC_062,3.81,4.476279985673352,-0.6662799856733517
fold_state_stratified,G3_all_deterministic,CatBoostLarge,2,AGC_064,4.51,4.754307838395121,-0.24430783839512138
fold_state_stratified,G3_all_deterministic,CatBoostLarge,2,AGC_078,3.0,3.3712340976465143,-0.37123409764651427
fold_state_stratified,G3_all_deterministic,CatBoostLarge,2,AGC_098,3.0,3.054614164923102,-0.05461416492310178
fold_state_stratified,G3_all_deterministic,CatBoostLarge,2,AGC_100,4.5,4.479817391070861,0.020182608929139256
fold_state_stratified,G3_all_deterministic,CatBoostLarge,2,AGC_108,4.51,4.761425630440826,-0.251425630440826
fold_state_stratified,G3_all_deterministic,CatBoostLarge,2,AGC_124,5.05,4.787707757926107,0.2622922420738929
fold_state_stratified,G3_all_deterministic,CatBoostLarge,2,AGC_125,4.06,4.421816476936965,-0.3618164769369656
fold_state_stratified,G3_all_deterministic,CatBoostLarge,2,AGC_131,4.89,4.504370067623499,0.3856299323765011
fold_state_stratified,G3_all_deterministic,CatBoostLarge,2,AGC_134,4.52,4.333760945438866,0.18623905456113388
fold_state_stratified,G3_all_deterministic,CatBoostLarge,2,AGC_135,4.49,4.6353745477814,-0.14537454778140013
fold_state_stratified,G3_all_deterministic,CatBoostLarge,2,AGC_145,3.5,2.899034001653032,0.6009659983469682
fold_state_stratified,G3_all_deterministic,CatBoostLarge,2,AGC_150,4.52,4.5170538114264405,0.0029461885735591054
fold_state_stratified,G3_all_deterministic,CatBoostLarge,2,AGC_151,4.69,4.442201325087763,0.24779867491223762
fold_state_stratified,G3_all_deterministic,CatBoostLarge,2,AGC_157,3.0,3.334265686344505,-0.33426568634450504
fold_state_stratified,G3_all_deterministic,CatBoostLarge,2,AGC_160,3.62,4.6694086993801065,-1.0494086993801064
fold_state_stratified,G3_all_deterministic,CatBoostLarge,2,AGC_166,2.5,3.953890511913454,-1.4538905119134542
fold_state_stratified,G3_all_deterministic,CatBoostLarge,2,AGC_193,4.57,4.314557476847711,0.255442523152289
fold_state_stratified,G3_all_deterministic,CatBoostLarge,2,AGC_194,3.2,2.960808437282715,0.23919156271728514
fold_state_stratified,G3_all_deterministic,CatBoostLarge,3,AGC_004,3.0,3.0270154226456345,-0.0270154226456345
fold_state_stratified,G3_all_deterministic,CatBoostLarge,3,AGC_005,5.16,4.348151905705876,0.811848094294124
fold_state_stratified,G3_all_deterministic,CatBoostLarge,3,AGC_010,4.1,4.1720068775367825,-0.07200687753678281
fold_state_stratified,G3_all_deterministic,CatBoostLarge,3,AGC_014,4.83,4.0587429420399435,0.7712570579600566
fold_state_stratified,G3_all_deterministic,CatBoostLarge,3,AGC_018,4.49,4.226733639078141,0.2632663609218593
fold_state_stratified,G3_all_deterministic,CatBoostLarge,3,AGC_021,4.94,4.546572678941047,0.3934273210589536
fold_state_stratified,G3_all_deterministic,CatBoostLarge,3,AGC_023,3.0,2.8914460590502546,0.10855394094974535
fold_state_stratified,G3_all_deterministic,CatBoostLarge,3,AGC_038,3.3,3.141798255891606,0.1582017441083936
fold_state_stratified,G3_all_deterministic,CatBoostLarge,3,AGC_044,3.5,3.3587954746110213,0.14120452538897865
fold_state_stratified,G3_all_deterministic,CatBoostLarge,3,AGC_051,4.45,3.957957174942962,0.49204282505703834
fold_state_stratified,G3_all_deterministic,CatBoostLarge,3,AGC_059,4.41,4.272235622682572,0.13776437731742774
fold_state_stratified,G3_all_deterministic,CatBoostLarge,3,AGC_066,3.0,3.0594880161266786,-0.059488016126678644
fold_state_stratified,G3_all_deterministic,CatBoostLarge,3,AGC_067,3.0,3.31971861093205,-0.3197186109320498
fold_state_stratified,G3_all_deterministic,CatBoostLarge,3,AGC_069,5.46,4.311784077387481,1.1482159226125193
fold_state_stratified,G3_all_deterministic,CatBoostLarge,3,AGC_070,3.3,3.001130330937473,0.298869669062527
fold_state_stratified,G3_all_deterministic,CatBoostLarge,3,AGC_072,4.55,4.3245696910180556,0.22543030898194427
fold_state_stratified,G3_all_deterministic,CatBoostLarge,3,AGC_074,2.5,3.389041082344704,-0.8890410823447041
fold_state_stratified,G3_all_deterministic,CatBoostLarge,3,AGC_077,4.76,4.3241066988260854,0.43589330117391434
fold_state_stratified,G3_all_deterministic,CatBoostLarge,3,AGC_089,3.0,3.1404296264051146,-0.14042962640511458
fold_state_stratified,G3_all_deterministic,CatBoostLarge,3,AGC_097,4.69,4.6511116237247165,0.038888376275283854
fold_state_stratified,G3_all_deterministic,CatBoostLarge,3,AGC_106,4.43,3.8286672846883683,0.6013327153116315
fold_state_stratified,G3_all_deterministic,CatBoostLarge,3,AGC_110,4.18,3.903327843001536,0.2766721569984636
fold_state_stratified,G3_all_deterministic,CatBoostLarge,3,AGC_138,2.5,3.143130510467117,-0.6431305104671168
fold_state_stratified,G3_all_deterministic,CatBoostLarge,3,AGC_155,4.52,4.625955183584345,-0.10595518358434575
fold_state_stratified,G3_all_deterministic,CatBoostLarge,3,AGC_163,3.0,2.7565813341427674,0.2434186658572326
fold_state_stratified,G3_all_deterministic,CatBoostLarge,3,AGC_165,4.44,4.3745403844961,0.0654596155039
fold_state_stratified,G3_all_deterministic,CatBoostLarge,3,AGC_196,3.5,3.4809136507583176,0.0190863492416824
fold_state_stratified,G3_all_deterministic,CatBoostLarge,3,AGC_197,4.52,4.128455606834329,0.39154439316567036
fold_state_stratified,G3_all_deterministic,CatBoostLarge,4,AGC_007,3.5,3.1724531937904885,0.3275468062095115
fold_state_stratified,G3_all_deterministic,CatBoostLarge,4,AGC_012,4.69,4.850106082934815,-0.16010608293481443
fold_state_stratified,G3_all_deterministic,CatBoostLarge,4,AGC_019,3.0,2.8766226569253552,0.12337734307464476
fold_state_stratified,G3_all_deterministic,CatBoostLarge,4,AGC_022,4.55,4.446385963356462,0.10361403664353741
fold_state_stratified,G3_all_deterministic,CatBoostLarge,4,AGC_026,3.55,4.22280157145542,-0.6728015714554205
fold_state_stratified,G3_all_deterministic,CatBoostLarge,4,AGC_041,2.5,2.8804619562938134,-0.3804619562938134
fold_state_stratified,G3_all_deterministic,CatBoostLarge,4,AGC_048,2.5,3.109690082615166,-0.6096900826151659
fold_state_stratified,G3_all_deterministic,CatBoostLarge,4,AGC_056,5.07,4.754845069740085,0.31515493025991503
fold_state_stratified,G3_all_deterministic,CatBoostLarge,4,AGC_080,3.5,3.0654360471296433,0.43456395287035665
fold_state_stratified,G3_all_deterministic,CatBoostLarge,4,AGC_081,3.7,3.1691884539007367,0.5308115460992635
fold_state_stratified,G3_all_deterministic,CatBoostLarge,4,AGC_099,3.5,2.9904359923808874,0.5095640076191126
fold_state_stratified,G3_all_deterministic,CatBoostLarge,4,AGC_104,4.56,4.455815321325758,0.1041846786742413
fold_state_stratified,G3_all_deterministic,CatBoostLarge,4,AGC_109,4.54,4.566507875506318,-0.026507875506317724
fold_state_stratified,G3_all_deterministic,CatBoostLarge,4,AGC_115,4.6,4.373979998787057,0.22602000121294274
fold_state_stratified,G3_all_deterministic,CatBoostLarge,4,AGC_122,3.5,2.9112921573978943,0.5887078426021057
fold_state_stratified,G3_all_deterministic,CatBoostLarge,4,AGC_132,4.13,4.433729729080625,-0.3037297290806249
fold_state_stratified,G3_all_deterministic,CatBoostLarge,4,AGC_140,3.2,3.159177518446203,0.040822481553797196
fold_state_stratified,G3_all_deterministic,CatBoostLarge,4,AGC_144,2.5,2.9271210553449185,-0.4271210553449185
fold_state_stratified,G3_all_deterministic,CatBoostLarge,4,AGC_148,3.0,2.953557458317923,0.04644254168207684
fold_state_stratified,G3_all_deterministic,CatBoostLarge,4,AGC_152,4.87,4.605001867328234,0.2649981326717663
fold_state_stratified,G3_all_deterministic,CatBoostLarge,4,AGC_168,4.49,4.472539719357366,0.017460280642634274
fold_state_stratified,G3_all_deterministic,CatBoostLarge,4,AGC_170,3.0,3.05136330877491,-0.05136330877490991
fold_state_stratified,G3_all_deterministic,CatBoostLarge,4,AGC_171,2.15,4.460654260181954,-2.310654260181954
fold_state_stratified,G3_all_deterministic,CatBoostLarge,4,AGC_172,5.19,4.656775989308574,0.5332240106914261
fold_state_stratified,G3_all_deterministic,CatBoostLarge,4,AGC_176,4.38,4.3807789969742785,-0.000778996974278634
fold_state_stratified,G3_all_deterministic,CatBoostLarge,4,AGC_178,4.39,4.408744288554033,-0.018744288554032984
fold_state_stratified,G3_all_deterministic,CatBoostLarge,4,AGC_181,4.51,4.563373269285108,-0.05337326928510855
fold_state_stratified,G3_all_deterministic,CatBoostLarge,5,AGC_001,3.5,2.951975721950257,0.5480242780497431
fold_state_stratified,G3_all_deterministic,CatBoostLarge,5,AGC_002,4.63,4.491314450317763,0.13868554968223723
fold_state_stratified,G3_all_deterministic,CatBoostLarge,5,AGC_006,4.49,4.185291689028883,0.30470831097111706
fold_state_stratified,G3_all_deterministic,CatBoostLarge,5,AGC_013,4.01,4.2077077197860895,-0.1977077197860897
fold_state_stratified,G3_all_deterministic,CatBoostLarge,5,AGC_020,3.5,3.223455337010879,0.27654466298912084
fold_state_stratified,G3_all_deterministic,CatBoostLarge,5,AGC_034,2.0,3.0615852765734406,-1.0615852765734406
fold_state_stratified,G3_all_deterministic,CatBoostLarge,5,AGC_035,4.68,3.9806634106250627,0.699336589374937
fold_state_stratified,G3_all_deterministic,CatBoostLarge,5,AGC_046,3.0,2.909904699224377,0.09009530077562289
fold_state_stratified,G3_all_deterministic,CatBoostLarge,5,AGC_057,4.55,4.764518372648418,-0.2145183726484179
fold_state_stratified,G3_all_deterministic,CatBoostLarge,5,AGC_060,4.52,4.954773575552849,-0.4347735755528497
fold_state_stratified,G3_all_deterministic,CatBoostLarge,5,AGC_084,4.54,4.6773903058314374,-0.1373903058314374
fold_state_stratified,G3_all_deterministic,CatBoostLarge,5,AGC_092,4.57,4.519685490397357,0.05031450960264294
fold_state_stratified,G3_all_deterministic,CatBoostLarge,5,AGC_096,4.59,4.305120311023426,0.2848796889765737
fold_state_stratified,G3_all_deterministic,CatBoostLarge,5,AGC_101,4.57,4.131232450875878,0.4387675491241225
fold_state_stratified,G3_all_deterministic,CatBoostLarge,5,AGC_105,4.41,4.520293749131284,-0.11029374913128365
fold_state_stratified,G3_all_deterministic,CatBoostLarge,5,AGC_114,3.0,2.8054961980895534,0.19450380191044658
fold_state_stratified,G3_all_deterministic,CatBoostLarge,5,AGC_123,2.5,2.9101968983468787,-0.41019689834687867
fold_state_stratified,G3_all_deterministic,CatBoostLarge,5,AGC_137,4.54,4.545046001084891,-0.005046001084891394
fold_state_stratified,G3_all_deterministic,CatBoostLarge,5,AGC_141,3.5,2.9502543835871293,0.5497456164128707
fold_state_stratified,G3_all_deterministic,CatBoostLarge,5,AGC_146,4.58,4.668571872216518,-0.08857187221651763
fold_state_stratified,G3_all_deterministic,CatBoostLarge,5,AGC_162,5.59,4.548570823833948,1.0414291761660515
fold_state_stratified,G3_all_deterministic,CatBoostLarge,5,AGC_169,2.5,2.865915357522372,-0.3659153575223719
fold_state_stratified,G3_all_deterministic,CatBoostLarge,5,AGC_179,4.55,4.600507333980538,-0.05050733398053797
fold_state_stratified,G3_all_deterministic,CatBoostLarge,5,AGC_184,4.47,4.4956848109707295,-0.02568481097072972
fold_state_stratified,G3_all_deterministic,CatBoostLarge,5,AGC_185,5.01,4.476909293259048,0.5330907067409516
fold_state_stratified,G3_all_deterministic,CatBoostLarge,5,AGC_189,4.03,4.5265595115125805,-0.49655951151258026
fold_state_stratified,G3_all_deterministic,CatBoostLarge,5,AGC_195,3.68,4.414771054770931,-0.7347710547709307
fold_municipality_grouped,G3_all_deterministic,CatBoostLarge,1,AGC_001,3.5,3.2136814204046438,0.2863185795953562
fold_municipality_grouped,G3_all_deterministic,CatBoostLarge,1,AGC_004,3.0,3.902171975228118,-0.9021719752281179
fold_municipality_grouped,G3_all_deterministic,CatBoostLarge,1,AGC_019,3.0,3.297510844368219,-0.29751084436821884
fold_municipality_grouped,G3_all_deterministic,CatBoostLarge,1,AGC_020,3.5,3.5079856116172117,-0.007985611617211674
fold_municipality_grouped,G3_all_deterministic,CatBoostLarge,1,AGC_023,3.0,3.42223941029874,-0.4222394102987401
fold_municipality_grouped,G3_all_deterministic,CatBoostLarge,1,AGC_037,3.5,3.886421928337807,-0.386421928337807
fold_municipality_grouped,G3_all_deterministic,CatBoostLarge,1,AGC_040,3.0,3.490633488041677,-0.49063348804167717
fold_municipality_grouped,G3_all_deterministic,CatBoostLarge,1,AGC_044,3.5,3.5464884867972835,-0.04648848679728346
fold_municipality_grouped,G3_all_deterministic,CatBoostLarge,1,AGC_046,3.0,3.299109330213426,-0.299109330213426
fold_municipality_grouped,G3_all_deterministic,CatBoostLarge,1,AGC_053,3.5,3.544943106089203,-0.044943106089203155
fold_municipality_grouped,G3_all_deterministic,CatBoostLarge,1,AGC_054,2.5,3.1542536075374663,-0.6542536075374663
fold_municipality_grouped,G3_all_deterministic,CatBoostLarge,1,AGC_058,2.5,3.632025872634653,-1.132025872634653
fold_municipality_grouped,G3_all_deterministic,CatBoostLarge,1,AGC_066,3.0,3.6382066816619094,-0.6382066816619094
fold_municipality_grouped,G3_all_deterministic,CatBoostLarge,1,AGC_068,2.5,3.6079677385782283,-1.1079677385782283
fold_municipality_grouped,G3_all_deterministic,CatBoostLarge,1,AGC_074,2.5,3.544502594170492,-1.044502594170492
fold_municipality_grouped,G3_all_deterministic,CatBoostLarge,1,AGC_098,3.0,3.23568639101153,-0.2356863910115301
fold_municipality_grouped,G3_all_deterministic,CatBoostLarge,1,AGC_099,3.5,3.964123791321665,-0.4641237913216649
fold_municipality_grouped,G3_all_deterministic,CatBoostLarge,1,AGC_103,3.0,3.3918540064791785,-0.39185400647917845
fold_municipality_grouped,G3_all_deterministic,CatBoostLarge,1,AGC_112,3.0,3.7374963293709804,-0.7374963293709804
fold_municipality_grouped,G3_all_deterministic,CatBoostLarge,1,AGC_114,3.0,3.2421950755812112,-0.24219507558121123
fold_municipality_grouped,G3_all_deterministic,CatBoostLarge,1,AGC_117,3.5,3.7820470859678004,-0.28204708596780037
fold_municipality_grouped,G3_all_deterministic,CatBoostLarge,1,AGC_122,3.5,3.2325749391197824,0.26742506088021756
fold_municipality_grouped,G3_all_deterministic,CatBoostLarge,1,AGC_123,2.5,3.1844388448408623,-0.6844388448408623
fold_municipality_grouped,G3_all_deterministic,CatBoostLarge,1,AGC_138,2.5,3.8218955759528406,-1.3218955759528406
fold_municipality_grouped,G3_all_deterministic,CatBoostLarge,1,AGC_141,3.5,3.366244225463813,0.13375577453618703
fold_municipality_grouped,G3_all_deterministic,CatBoostLarge,1,AGC_144,2.5,3.467034365704606,-0.9670343657046061
fold_municipality_grouped,G3_all_deterministic,CatBoostLarge,1,AGC_145,3.5,3.3375239288884835,0.16247607111151652
fold_municipality_grouped,G3_all_deterministic,CatBoostLarge,1,AGC_157,3.0,3.682874809752299,-0.682874809752299
fold_municipality_grouped,G3_all_deterministic,CatBoostLarge,1,AGC_163,3.0,3.429436219952855,-0.42943621995285497
fold_municipality_grouped,G3_all_deterministic,CatBoostLarge,1,AGC_169,2.5,3.735730100557884,-1.235730100557884
fold_municipality_grouped,G3_all_deterministic,CatBoostLarge,1,AGC_170,3.0,3.655338936993733,-0.6553389369937328
fold_municipality_grouped,G3_all_deterministic,CatBoostLarge,1,AGC_187,3.0,3.5965994334047586,-0.5965994334047586
fold_municipality_grouped,G3_all_deterministic,CatBoostLarge,1,AGC_196,3.5,3.5951950673808604,-0.09519506738086037
fold_municipality_grouped,G3_all_deterministic,CatBoostLarge,2,AGC_007,3.5,4.146699113637803,-0.6466991136378031
fold_municipality_grouped,G3_all_deterministic,CatBoostLarge,2,AGC_034,2.0,4.149580565915702,-2.149580565915702
fold_municipality_grouped,G3_all_deterministic,CatBoostLarge,2,AGC_038,3.3,4.351830407869663,-1.0518304078696632
fold_municipality_grouped,G3_all_deterministic,CatBoostLarge,2,AGC_041,2.5,4.322435633148295,-1.8224356331482952
fold_municipality_grouped,G3_all_deterministic,CatBoostLarge,2,AGC_067,3.0,4.478628308949828,-1.478628308949828
fold_municipality_grouped,G3_all_deterministic,CatBoostLarge,2,AGC_070,3.3,4.4436832523517715,-1.1436832523517717
fold_municipality_grouped,G3_all_deterministic,CatBoostLarge,2,AGC_078,3.0,4.384825621468792,-1.3848256214687922
fold_municipality_grouped,G3_all_deterministic,CatBoostLarge,2,AGC_079,3.3,4.321202387023797,-1.0212023870237976
fold_municipality_grouped,G3_all_deterministic,CatBoostLarge,2,AGC_080,3.5,4.325918772213054,-0.8259187722130541
fold_municipality_grouped,G3_all_deterministic,CatBoostLarge,2,AGC_081,3.7,4.432564457007622,-0.732564457007622
fold_municipality_grouped,G3_all_deterministic,CatBoostLarge,2,AGC_089,3.0,4.3738692837414135,-1.3738692837414135
fold_municipality_grouped,G3_all_deterministic,CatBoostLarge,2,AGC_121,3.3,4.344044484347304,-1.044044484347304
fold_municipality_grouped,G3_all_deterministic,CatBoostLarge,2,AGC_140,3.2,4.2717448984183,-1.0717448984182996
fold_municipality_grouped,G3_all_deterministic,CatBoostLarge,2,AGC_148,3.0,4.187236022426326,-1.187236022426326
fold_municipality_grouped,G3_all_deterministic,CatBoostLarge,2,AGC_166,2.5,4.313328662945377,-1.813328662945377
fold_municipality_grouped,G3_all_deterministic,CatBoostLarge,2,AGC_194,3.2,4.319308898833954,-1.1193088988339541
fold_municipality_grouped,G3_all_deterministic,CatBoostLarge,3,AGC_051,4.45,3.5309428153138214,0.9190571846861788
fold_municipality_grouped,G3_all_deterministic,CatBoostLarge,3,AGC_059,4.41,3.662267894529826,0.747732105470174
fold_municipality_grouped,G3_all_deterministic,CatBoostLarge,3,AGC_084,4.54,3.9914014493353918,0.5485985506646083
fold_municipality_grouped,G3_all_deterministic,CatBoostLarge,3,AGC_134,4.52,3.930605334404099,0.5893946655959006
fold_municipality_grouped,G3_all_deterministic,CatBoostLarge,3,AGC_137,4.54,3.743523453704128,0.7964765462958718
fold_municipality_grouped,G3_all_deterministic,CatBoostLarge,3,AGC_146,4.58,4.402718032179237,0.1772819678207629
fold_municipality_grouped,G3_all_deterministic,CatBoostLarge,3,AGC_151,4.69,3.9039555057521866,0.7860444942478138
fold_municipality_grouped,G3_all_deterministic,CatBoostLarge,3,AGC_152,4.87,3.4746851189378702,1.3953148810621299
fold_municipality_grouped,G3_all_deterministic,CatBoostLarge,3,AGC_180,4.14,3.631648021430429,0.5083519785695705
fold_municipality_grouped,G3_all_deterministic,CatBoostLarge,3,AGC_184,4.47,4.372314874346735,0.09768512565326493
fold_municipality_grouped,G3_all_deterministic,CatBoostLarge,4,AGC_002,4.63,3.6012441268620474,1.0287558731379525
fold_municipality_grouped,G3_all_deterministic,CatBoostLarge,4,AGC_005,5.16,3.76103817171993,1.3989618282800702
fold_municipality_grouped,G3_all_deterministic,CatBoostLarge,4,AGC_006,4.49,3.5468006573503956,0.9431993426496046
fold_municipality_grouped,G3_all_deterministic,CatBoostLarge,4,AGC_008,4.55,3.6424586415081475,0.9075413584918524
fold_municipality_grouped,G3_all_deterministic,CatBoostLarge,4,AGC_010,4.1,3.881498118933882,0.21850188106611768
fold_municipality_grouped,G3_all_deterministic,CatBoostLarge,4,AGC_012,4.69,3.746952845854901,0.9430471541450993
fold_municipality_grouped,G3_all_deterministic,CatBoostLarge,4,AGC_013,4.01,3.637310572053684,0.372689427946316
fold_municipality_grouped,G3_all_deterministic,CatBoostLarge,4,AGC_014,4.83,3.8540032815082608,0.9759967184917393
fold_municipality_grouped,G3_all_deterministic,CatBoostLarge,4,AGC_015,2.64,3.804410446322107,-1.164410446322107
fold_municipality_grouped,G3_all_deterministic,CatBoostLarge,4,AGC_017,4.98,3.7802610232034066,1.1997389767965938
fold_municipality_grouped,G3_all_deterministic,CatBoostLarge,4,AGC_018,4.49,3.684803275535188,0.8051967244648122
fold_municipality_grouped,G3_all_deterministic,CatBoostLarge,4,AGC_021,4.94,3.6455129114995035,1.2944870885004969
fold_municipality_grouped,G3_all_deterministic,CatBoostLarge,4,AGC_022,4.55,3.793365859583366,0.7566341404166339
fold_municipality_grouped,G3_all_deterministic,CatBoostLarge,4,AGC_024,3.03,3.821694758961449,-0.7916947589614494
fold_municipality_grouped,G3_all_deterministic,CatBoostLarge,4,AGC_026,3.55,3.761242911822933,-0.2112429118229331
fold_municipality_grouped,G3_all_deterministic,CatBoostLarge,4,AGC_032,4.03,3.530670588167716,0.4993294118322842
fold_municipality_grouped,G3_all_deterministic,CatBoostLarge,4,AGC_033,4.47,3.5547275625165824,0.9152724374834174
fold_municipality_grouped,G3_all_deterministic,CatBoostLarge,4,AGC_045,4.1,3.6809394294715005,0.4190605705284991
fold_municipality_grouped,G3_all_deterministic,CatBoostLarge,4,AGC_047,4.45,3.374601354855036,1.075398645144964
fold_municipality_grouped,G3_all_deterministic,CatBoostLarge,4,AGC_049,5.53,3.7104861164717704,1.8195138835282298
fold_municipality_grouped,G3_all_deterministic,CatBoostLarge,4,AGC_055,5.45,3.76754376659685,1.6824562334031503
fold_municipality_grouped,G3_all_deterministic,CatBoostLarge,4,AGC_056,5.07,3.612215388824225,1.457784611175775
fold_municipality_grouped,G3_all_deterministic,CatBoostLarge,4,AGC_057,4.55,3.729336724397818,0.8206632756021817
fold_municipality_grouped,G3_all_deterministic,CatBoostLarge,4,AGC_060,4.52,3.730549107073415,0.7894508929265847
fold_municipality_grouped,G3_all_deterministic,CatBoostLarge,4,AGC_062,3.81,3.6679560614657927,0.14204393853420738
fold_municipality_grouped,G3_all_deterministic,CatBoostLarge,4,AGC_069,5.46,3.712245333602956,1.7477546663970438
fold_municipality_grouped,G3_all_deterministic,CatBoostLarge,4,AGC_072,4.55,3.5569678245933645,0.9930321754066354
fold_municipality_grouped,G3_all_deterministic,CatBoostLarge,4,AGC_073,4.3,3.640091367068626,0.6599086329313737
fold_municipality_grouped,G3_all_deterministic,CatBoostLarge,4,AGC_077,4.76,3.3740789252570327,1.385921074742967
fold_municipality_grouped,G3_all_deterministic,CatBoostLarge,4,AGC_090,4.68,3.9365159707709605,0.7434840292290392
fold_municipality_grouped,G3_all_deterministic,CatBoostLarge,4,AGC_092,4.57,3.476514025537597,1.0934859744624035
fold_municipality_grouped,G3_all_deterministic,CatBoostLarge,4,AGC_096,4.59,3.598520761794461,0.9914792382055388
fold_municipality_grouped,G3_all_deterministic,CatBoostLarge,4,AGC_097,4.69,3.6542241909831947,1.0357758090168057
fold_municipality_grouped,G3_all_deterministic,CatBoostLarge,4,AGC_100,4.5,3.7654952693328436,0.7345047306671564
fold_municipality_grouped,G3_all_deterministic,CatBoostLarge,4,AGC_101,4.57,3.613518631037861,0.9564813689621392
fold_municipality_grouped,G3_all_deterministic,CatBoostLarge,4,AGC_102,4.4,3.6726441448255045,0.7273558551744959
fold_municipality_grouped,G3_all_deterministic,CatBoostLarge,4,AGC_104,4.56,3.765162091692723,0.7948379083072767
fold_municipality_grouped,G3_all_deterministic,CatBoostLarge,4,AGC_105,4.41,3.66945590821706,0.7405440917829402
fold_municipality_grouped,G3_all_deterministic,CatBoostLarge,4,AGC_106,4.43,3.702665448375596,0.7273345516244039
fold_municipality_grouped,G3_all_deterministic,CatBoostLarge,4,AGC_108,4.51,3.6914917068383204,0.8185082931616794
fold_municipality_grouped,G3_all_deterministic,CatBoostLarge,4,AGC_109,4.54,3.664456021668528,0.8755439783314722
fold_municipality_grouped,G3_all_deterministic,CatBoostLarge,4,AGC_110,4.18,3.6462564350428277,0.533743564957172
fold_municipality_grouped,G3_all_deterministic,CatBoostLarge,4,AGC_111,4.72,3.6197969344003127,1.100203065599687
fold_municipality_grouped,G3_all_deterministic,CatBoostLarge,4,AGC_115,4.6,3.534508427423253,1.0654915725767466
fold_municipality_grouped,G3_all_deterministic,CatBoostLarge,4,AGC_124,5.05,3.6960619427436914,1.3539380572563084
fold_municipality_grouped,G3_all_deterministic,CatBoostLarge,4,AGC_125,4.06,3.9439278271618843,0.11607217283811533
fold_municipality_grouped,G3_all_deterministic,CatBoostLarge,4,AGC_127,5.57,3.9296889955453196,1.6403110044546807
fold_municipality_grouped,G3_all_deterministic,CatBoostLarge,4,AGC_131,4.89,3.7383908587356753,1.1516091412643243
fold_municipality_grouped,G3_all_deterministic,CatBoostLarge,4,AGC_132,4.13,3.658316271809701,0.4716837281902988
fold_municipality_grouped,G3_all_deterministic,CatBoostLarge,4,AGC_133,3.91,3.577512779128371,0.33248722087162896
fold_municipality_grouped,G3_all_deterministic,CatBoostLarge,4,AGC_135,4.49,3.524092384316509,0.9659076156834914
fold_municipality_grouped,G3_all_deterministic,CatBoostLarge,4,AGC_139,4.67,3.6081018113898224,1.0618981886101775
fold_municipality_grouped,G3_all_deterministic,CatBoostLarge,4,AGC_150,4.52,3.841357701535564,0.6786422984644354
fold_municipality_grouped,G3_all_deterministic,CatBoostLarge,4,AGC_155,4.52,3.5732428383913497,0.9467571616086499
fold_municipality_grouped,G3_all_deterministic,CatBoostLarge,4,AGC_159,4.77,3.749370265158598,1.0206297348414015
fold_municipality_grouped,G3_all_deterministic,CatBoostLarge,4,AGC_160,3.62,3.6942613715700734,-0.07426137157007329
fold_municipality_grouped,G3_all_deterministic,CatBoostLarge,4,AGC_161,4.46,3.7259738700568388,0.7340261299431612
fold_municipality_grouped,G3_all_deterministic,CatBoostLarge,4,AGC_162,5.59,3.428573785902337,2.161426214097663
fold_municipality_grouped,G3_all_deterministic,CatBoostLarge,4,AGC_164,3.0,3.405011538567562,-0.4050115385675621
fold_municipality_grouped,G3_all_deterministic,CatBoostLarge,4,AGC_165,4.44,3.624503351685524,0.8154966483144763
fold_municipality_grouped,G3_all_deterministic,CatBoostLarge,4,AGC_167,4.54,3.9481139527632507,0.5918860472367493
fold_municipality_grouped,G3_all_deterministic,CatBoostLarge,4,AGC_168,4.49,3.6708517193282137,0.8191482806717865
fold_municipality_grouped,G3_all_deterministic,CatBoostLarge,4,AGC_171,2.15,3.699206919510088,-1.549206919510088
fold_municipality_grouped,G3_all_deterministic,CatBoostLarge,4,AGC_172,5.19,3.574282007639626,1.6157179923603744
fold_municipality_grouped,G3_all_deterministic,CatBoostLarge,4,AGC_176,4.38,3.7564044486547843,0.6235955513452156
fold_municipality_grouped,G3_all_deterministic,CatBoostLarge,4,AGC_178,4.39,3.5379463324688274,0.8520536675311723
fold_municipality_grouped,G3_all_deterministic,CatBoostLarge,4,AGC_179,4.55,3.6323445348997243,0.9176554651002755
fold_municipality_grouped,G3_all_deterministic,CatBoostLarge,4,AGC_181,4.51,3.729903135559688,0.7800968644403117
fold_municipality_grouped,G3_all_deterministic,CatBoostLarge,4,AGC_185,5.01,3.8827747852654237,1.127225214734576
fold_municipality_grouped,G3_all_deterministic,CatBoostLarge,4,AGC_189,4.03,3.8926760818842805,0.13732391811571976
fold_municipality_grouped,G3_all_deterministic,CatBoostLarge,4,AGC_193,4.57,3.790242352366482,0.7797576476335184
fold_municipality_grouped,G3_all_deterministic,CatBoostLarge,4,AGC_195,3.68,3.731874150566121,-0.05187415056612066
fold_municipality_grouped,G3_all_deterministic,CatBoostLarge,4,AGC_197,4.52,3.533885471612244,0.9861145283877555
fold_municipality_grouped,G3_all_deterministic,CatBoostLarge,5,AGC_009,4.79,4.578294492511688,0.21170550748831207
fold_municipality_grouped,G3_all_deterministic,CatBoostLarge,5,AGC_035,4.68,3.7799704928619065,0.9000295071380933
fold_municipality_grouped,G3_all_deterministic,CatBoostLarge,5,AGC_048,2.5,3.4594566037946937,-0.9594566037946937
fold_municipality_grouped,G3_all_deterministic,CatBoostLarge,5,AGC_064,4.51,4.695630904870242,-0.18563090487024247
fold_municipality_grouped,G3_all_deterministic,CatBoostLarge,5,AGC_083,4.61,4.228488492847903,0.3815115071520969
fold_municipality_grouped,G3_all_deterministic,CatBoostLarge,5,AGC_119,4.4,4.683140932352373,-0.2831409323523726
fold_state_stratified,G0_base,XGBoostLarge,1,AGC_009,4.79,4.546168327331543,0.24383167266845707
fold_state_stratified,G0_base,XGBoostLarge,1,AGC_015,2.64,4.966145038604736,-2.326145038604736
fold_state_stratified,G0_base,XGBoostLarge,1,AGC_017,4.98,4.637909412384033,0.3420905876159672
fold_state_stratified,G0_base,XGBoostLarge,1,AGC_032,4.03,4.759425640106201,-0.7294256401062009
fold_state_stratified,G0_base,XGBoostLarge,1,AGC_045,4.1,4.5750298500061035,-0.47502985000610387
fold_state_stratified,G0_base,XGBoostLarge,1,AGC_054,2.5,2.9541378021240234,-0.45413780212402344
fold_state_stratified,G0_base,XGBoostLarge,1,AGC_058,2.5,3.2769205570220947,-0.7769205570220947
fold_state_stratified,G0_base,XGBoostLarge,1,AGC_068,2.5,3.0202248096466064,-0.5202248096466064
fold_state_stratified,G0_base,XGBoostLarge,1,AGC_073,4.3,4.304607391357422,-0.004607391357422053
fold_state_stratified,G0_base,XGBoostLarge,1,AGC_079,3.3,2.989896297454834,0.31010370254516584
fold_state_stratified,G0_base,XGBoostLarge,1,AGC_083,4.61,3.928476333618164,0.6815236663818363
fold_state_stratified,G0_base,XGBoostLarge,1,AGC_090,4.68,4.459137916564941,0.2208620834350583
fold_state_stratified,G0_base,XGBoostLarge,1,AGC_102,4.4,4.124086380004883,0.27591361999511754
fold_state_stratified,G0_base,XGBoostLarge,1,AGC_103,3.0,3.0936784744262695,-0.09367847442626953
fold_state_stratified,G0_base,XGBoostLarge,1,AGC_111,4.72,4.364943981170654,0.35505601882934545
fold_state_stratified,G0_base,XGBoostLarge,1,AGC_112,3.0,3.0767922401428223,-0.07679224014282227
fold_state_stratified,G0_base,XGBoostLarge,1,AGC_117,3.5,3.4559667110443115,0.04403328895568848
fold_state_stratified,G0_base,XGBoostLarge,1,AGC_119,4.4,4.508939743041992,-0.10893974304199183
fold_state_stratified,G0_base,XGBoostLarge,1,AGC_121,3.3,2.8624179363250732,0.4375820636749266
fold_state_stratified,G0_base,XGBoostLarge,1,AGC_127,5.57,4.495245933532715,1.0747540664672854
fold_state_stratified,G0_base,XGBoostLarge,1,AGC_133,3.91,4.35746955871582,-0.44746955871582017
fold_state_stratified,G0_base,XGBoostLarge,1,AGC_139,4.67,4.301361083984375,0.36863891601562493
fold_state_stratified,G0_base,XGBoostLarge,1,AGC_159,4.77,4.588133335113525,0.18186666488647418
fold_state_stratified,G0_base,XGBoostLarge,1,AGC_161,4.46,4.831268787384033,-0.37126878738403324
fold_state_stratified,G0_base,XGBoostLarge,1,AGC_164,3.0,3.1215367317199707,-0.1215367317199707
fold_state_stratified,G0_base,XGBoostLarge,1,AGC_167,4.54,4.609951019287109,-0.06995101928710934
fold_state_stratified,G0_base,XGBoostLarge,1,AGC_180,4.14,4.371288299560547,-0.2312882995605472
fold_state_stratified,G0_base,XGBoostLarge,1,AGC_187,3.0,3.054863691329956,-0.054863691329956055
fold_state_stratified,G0_base,XGBoostLarge,2,AGC_008,4.55,4.391184329986572,0.15881567001342756
fold_state_stratified,G0_base,XGBoostLarge,2,AGC_024,3.03,4.228593349456787,-1.1985933494567873
fold_state_stratified,G0_base,XGBoostLarge,2,AGC_033,4.47,4.39165735244751,0.07834264755248999
fold_state_stratified,G0_base,XGBoostLarge,2,AGC_037,3.5,3.056471347808838,0.4435286521911621
fold_state_stratified,G0_base,XGBoostLarge,2,AGC_040,3.0,3.0881690979003906,-0.08816909790039062
fold_state_stratified,G0_base,XGBoostLarge,2,AGC_047,4.45,3.7595808506011963,0.6904191493988039
fold_state_stratified,G0_base,XGBoostLarge,2,AGC_049,5.53,4.319675445556641,1.2103245544433596
fold_state_stratified,G0_base,XGBoostLarge,2,AGC_053,3.5,3.082566738128662,0.4174332618713379
fold_state_stratified,G0_base,XGBoostLarge,2,AGC_055,5.45,4.445737361907959,1.0042626380920412
fold_state_stratified,G0_base,XGBoostLarge,2,AGC_062,3.81,4.617207050323486,-0.8072070503234863
fold_state_stratified,G0_base,XGBoostLarge,2,AGC_064,4.51,4.728447437286377,-0.21844743728637717
fold_state_stratified,G0_base,XGBoostLarge,2,AGC_078,3.0,3.2971646785736084,-0.2971646785736084
fold_state_stratified,G0_base,XGBoostLarge,2,AGC_098,3.0,3.29482364654541,-0.29482364654541016
fold_state_stratified,G0_base,XGBoostLarge,2,AGC_100,4.5,4.444814682006836,0.05518531799316406
fold_state_stratified,G0_base,XGBoostLarge,2,AGC_108,4.51,4.590353012084961,-0.08035301208496115
fold_state_stratified,G0_base,XGBoostLarge,2,AGC_124,5.05,4.7741546630859375,0.2758453369140623
fold_state_stratified,G0_base,XGBoostLarge,2,AGC_125,4.06,4.274387836456299,-0.21438783645629922
fold_state_stratified,G0_base,XGBoostLarge,2,AGC_131,4.89,4.396180629730225,0.49381937026977507
fold_state_stratified,G0_base,XGBoostLarge,2,AGC_134,4.52,4.411437511444092,0.10856248855590778
fold_state_stratified,G0_base,XGBoostLarge,2,AGC_135,4.49,4.544925212860107,-0.05492521286010721
fold_state_stratified,G0_base,XGBoostLarge,2,AGC_145,3.5,3.102395534515381,0.39760446548461914
fold_state_stratified,G0_base,XGBoostLarge,2,AGC_150,4.52,4.2952985763549805,0.2247014236450191
fold_state_stratified,G0_base,XGBoostLarge,2,AGC_151,4.69,4.5119452476501465,0.1780547523498539
fold_state_stratified,G0_base,XGBoostLarge,2,AGC_157,3.0,3.345933437347412,-0.3459334373474121
fold_state_stratified,G0_base,XGBoostLarge,2,AGC_160,3.62,4.6458821296691895,-1.0258821296691893
fold_state_stratified,G0_base,XGBoostLarge,2,AGC_166,2.5,3.3102102279663086,-0.8102102279663086
fold_state_stratified,G0_base,XGBoostLarge,2,AGC_193,4.57,4.008117198944092,0.5618828010559085
fold_state_stratified,G0_base,XGBoostLarge,2,AGC_194,3.2,3.047581195831299,0.15241880416870135
fold_state_stratified,G0_base,XGBoostLarge,3,AGC_004,3.0,3.163937568664551,-0.16393756866455078
fold_state_stratified,G0_base,XGBoostLarge,3,AGC_005,5.16,4.307729721069336,0.8522702789306642
fold_state_stratified,G0_base,XGBoostLarge,3,AGC_010,4.1,3.8322713375091553,0.26772866249084437
fold_state_stratified,G0_base,XGBoostLarge,3,AGC_014,4.83,4.231375694274902,0.5986243057250977
fold_state_stratified,G0_base,XGBoostLarge,3,AGC_018,4.49,4.458892345428467,0.031107654571533416
fold_state_stratified,G0_base,XGBoostLarge,3,AGC_021,4.94,4.425073623657227,0.5149263763427738
fold_state_stratified,G0_base,XGBoostLarge,3,AGC_023,3.0,3.0024805068969727,-0.0024805068969726562
fold_state_stratified,G0_base,XGBoostLarge,3,AGC_038,3.3,3.1847071647644043,0.11529283523559553
fold_state_stratified,G0_base,XGBoostLarge,3,AGC_044,3.5,3.152858018875122,0.34714198112487793
fold_state_stratified,G0_base,XGBoostLarge,3,AGC_051,4.45,3.9327123165130615,0.5172876834869387
fold_state_stratified,G0_base,XGBoostLarge,3,AGC_059,4.41,4.0446343421936035,0.3653656578063966
fold_state_stratified,G0_base,XGBoostLarge,3,AGC_066,3.0,2.756956100463867,0.2430438995361328
fold_state_stratified,G0_base,XGBoostLarge,3,AGC_067,3.0,3.32405948638916,-0.32405948638916016
fold_state_stratified,G0_base,XGBoostLarge,3,AGC_069,5.46,4.398803234100342,1.0611967658996582
fold_state_stratified,G0_base,XGBoostLarge,3,AGC_070,3.3,3.2413158416748047,0.058684158325195135
fold_state_stratified,G0_base,XGBoostLarge,3,AGC_072,4.55,3.9061925411224365,0.6438074588775633
fold_state_stratified,G0_base,XGBoostLarge,3,AGC_074,2.5,3.2760138511657715,-0.7760138511657715
fold_state_stratified,G0_base,XGBoostLarge,3,AGC_077,4.76,4.433018207550049,0.32698179244995096
fold_state_stratified,G0_base,XGBoostLarge,3,AGC_089,3.0,3.224073648452759,-0.2240736484527588
fold_state_stratified,G0_base,XGBoostLarge,3,AGC_097,4.69,4.473883152008057,0.21611684799194375
fold_state_stratified,G0_base,XGBoostLarge,3,AGC_106,4.43,3.899383783340454,0.5306162166595456
fold_state_stratified,G0_base,XGBoostLarge,3,AGC_110,4.18,3.983074188232422,0.19692581176757784
fold_state_stratified,G0_base,XGBoostLarge,3,AGC_138,2.5,3.3155815601348877,-0.8155815601348877
fold_state_stratified,G0_base,XGBoostLarge,3,AGC_155,4.52,4.291433334350586,0.22856666564941364
fold_state_stratified,G0_base,XGBoostLarge,3,AGC_163,3.0,3.0234901905059814,-0.023490190505981445
fold_state_stratified,G0_base,XGBoostLarge,3,AGC_165,4.44,4.288120269775391,0.15187973022460977
fold_state_stratified,G0_base,XGBoostLarge,3,AGC_196,3.5,3.384359836578369,0.11564016342163086
fold_state_stratified,G0_base,XGBoostLarge,3,AGC_197,4.52,4.139099597930908,0.38090040206909137
fold_state_stratified,G0_base,XGBoostLarge,4,AGC_007,3.5,3.1421947479248047,0.3578052520751953
fold_state_stratified,G0_base,XGBoostLarge,4,AGC_012,4.69,4.8170485496521,-0.12704854965209922
fold_state_stratified,G0_base,XGBoostLarge,4,AGC_019,3.0,2.9704089164733887,0.029591083526611328
fold_state_stratified,G0_base,XGBoostLarge,4,AGC_022,4.55,4.3459086418151855,0.20409135818481428
fold_state_stratified,G0_base,XGBoostLarge,4,AGC_026,3.55,4.400423526763916,-0.8504235267639162
fold_state_stratified,G0_base,XGBoostLarge,4,AGC_041,2.5,3.0751969814300537,-0.5751969814300537
fold_state_stratified,G0_base,XGBoostLarge,4,AGC_048,2.5,3.4112260341644287,-0.9112260341644287
fold_state_stratified,G0_base,XGBoostLarge,4,AGC_056,5.07,4.753787994384766,0.31621200561523466
fold_state_stratified,G0_base,XGBoostLarge,4,AGC_080,3.5,3.134124755859375,0.365875244140625
fold_state_stratified,G0_base,XGBoostLarge,4,AGC_081,3.7,3.243544340133667,0.4564556598663332
fold_state_stratified,G0_base,XGBoostLarge,4,AGC_099,3.5,3.0461244583129883,0.4538755416870117
fold_state_stratified,G0_base,XGBoostLarge,4,AGC_104,4.56,4.281895637512207,0.2781043624877926
fold_state_stratified,G0_base,XGBoostLarge,4,AGC_109,4.54,4.476422309875488,0.06357769012451175
fold_state_stratified,G0_base,XGBoostLarge,4,AGC_115,4.6,4.298898696899414,0.3011013031005856
fold_state_stratified,G0_base,XGBoostLarge,4,AGC_122,3.5,2.730175495147705,0.7698245048522949
fold_state_stratified,G0_base,XGBoostLarge,4,AGC_132,4.13,4.445334434509277,-0.31533443450927745
fold_state_stratified,G0_base,XGBoostLarge,4,AGC_140,3.2,2.9826226234436035,0.21737737655639666
fold_state_stratified,G0_base,XGBoostLarge,4,AGC_144,2.5,2.891669273376465,-0.39166927337646484
fold_state_stratified,G0_base,XGBoostLarge,4,AGC_148,3.0,2.9952032566070557,0.004796743392944336
fold_state_stratified,G0_base,XGBoostLarge,4,AGC_152,4.87,4.426694393157959,0.4433056068420411
fold_state_stratified,G0_base,XGBoostLarge,4,AGC_168,4.49,4.66206693649292,-0.1720669364929197
fold_state_stratified,G0_base,XGBoostLarge,4,AGC_170,3.0,2.965845823287964,0.03415417671203613
fold_state_stratified,G0_base,XGBoostLarge,4,AGC_171,2.15,4.444277763366699,-2.2942777633666993
fold_state_stratified,G0_base,XGBoostLarge,4,AGC_172,5.19,4.528496742248535,0.6615032577514652
fold_state_stratified,G0_base,XGBoostLarge,4,AGC_176,4.38,4.2235612869262695,0.15643871307373036
fold_state_stratified,G0_base,XGBoostLarge,4,AGC_178,4.39,4.378302574157715,0.011697425842284837
fold_state_stratified,G0_base,XGBoostLarge,4,AGC_181,4.51,4.554347991943359,-0.04434799194335959
fold_state_stratified,G0_base,XGBoostLarge,5,AGC_001,3.5,2.9375970363616943,0.5624029636383057
fold_state_stratified,G0_base,XGBoostLarge,5,AGC_002,4.63,4.416607856750488,0.2133921432495116
fold_state_stratified,G0_base,XGBoostLarge,5,AGC_006,4.49,4.339983940124512,0.1500160598754885
fold_state_stratified,G0_base,XGBoostLarge,5,AGC_013,4.01,4.171492576599121,-0.1614925765991213
fold_state_stratified,G0_base,XGBoostLarge,5,AGC_020,3.5,3.3299946784973145,0.17000532150268555
fold_state_stratified,G0_base,XGBoostLarge,5,AGC_034,2.0,3.2102251052856445,-1.2102251052856445
fold_state_stratified,G0_base,XGBoostLarge,5,AGC_035,4.68,4.267246246337891,0.4127537536621091
fold_state_stratified,G0_base,XGBoostLarge,5,AGC_046,3.0,3.027977466583252,-0.027977466583251953
fold_state_stratified,G0_base,XGBoostLarge,5,AGC_057,4.55,4.46075439453125,0.08924560546874982
fold_state_stratified,G0_base,XGBoostLarge,5,AGC_060,4.52,4.906512260437012,-0.38651226043701215
fold_state_stratified,G0_base,XGBoostLarge,5,AGC_084,4.54,4.463406562805176,0.07659343719482425
fold_state_stratified,G0_base,XGBoostLarge,5,AGC_092,4.57,4.29457426071167,0.27542573928833036
fold_state_stratified,G0_base,XGBoostLarge,5,AGC_096,4.59,4.175386905670166,0.41461309432983384
fold_state_stratified,G0_base,XGBoostLarge,5,AGC_101,4.57,3.7945377826690674,0.7754622173309329
fold_state_stratified,G0_base,XGBoostLarge,5,AGC_105,4.41,4.451481342315674,-0.041481342315673686
fold_state_stratified,G0_base,XGBoostLarge,5,AGC_114,3.0,3.047809600830078,-0.047809600830078125
fold_state_stratified,G0_base,XGBoostLarge,5,AGC_123,2.5,3.0626027584075928,-0.5626027584075928
fold_state_stratified,G0_base,XGBoostLarge,5,AGC_137,4.54,4.350712776184082,0.189287223815918
fold_state_stratified,G0_base,XGBoostLarge,5,AGC_141,3.5,3.013920545578003,0.48607945442199707
fold_state_stratified,G0_base,XGBoostLarge,5,AGC_146,4.58,4.660848140716553,-0.08084814071655266
fold_state_stratified,G0_base,XGBoostLarge,5,AGC_162,5.59,4.354337692260742,1.2356623077392577
fold_state_stratified,G0_base,XGBoostLarge,5,AGC_169,2.5,3.0381088256835938,-0.5381088256835938
fold_state_stratified,G0_base,XGBoostLarge,5,AGC_179,4.55,4.450678825378418,0.09932117462158185
fold_state_stratified,G0_base,XGBoostLarge,5,AGC_184,4.47,4.360592365264893,0.10940763473510717
fold_state_stratified,G0_base,XGBoostLarge,5,AGC_185,5.01,4.595517158508301,0.414482841491699
fold_state_stratified,G0_base,XGBoostLarge,5,AGC_189,4.03,4.549465656280518,-0.5194656562805173
fold_state_stratified,G0_base,XGBoostLarge,5,AGC_195,3.68,4.3953166007995605,-0.7153166007995604
fold_municipality_grouped,G0_base,XGBoostLarge,1,AGC_001,3.5,3.1255435943603516,0.37445640563964844
fold_municipality_grouped,G0_base,XGBoostLarge,1,AGC_004,3.0,3.5210511684417725,-0.5210511684417725
fold_municipality_grouped,G0_base,XGBoostLarge,1,AGC_019,3.0,3.1019015312194824,-0.10190153121948242
fold_municipality_grouped,G0_base,XGBoostLarge,1,AGC_020,3.5,3.4407498836517334,0.0592501163482666
fold_municipality_grouped,G0_base,XGBoostLarge,1,AGC_023,3.0,2.9577651023864746,0.04223489761352539
fold_municipality_grouped,G0_base,XGBoostLarge,1,AGC_037,3.5,3.5682618618011475,-0.06826186180114746
fold_municipality_grouped,G0_base,XGBoostLarge,1,AGC_040,3.0,3.371713399887085,-0.37171339988708496
fold_municipality_grouped,G0_base,XGBoostLarge,1,AGC_044,3.5,3.0077900886535645,0.49220991134643555
fold_municipality_grouped,G0_base,XGBoostLarge,1,AGC_046,3.0,3.2423136234283447,-0.24231362342834473
fold_municipality_grouped,G0_base,XGBoostLarge,1,AGC_053,3.5,3.4222378730773926,0.07776212692260742
fold_municipality_grouped,G0_base,XGBoostLarge,1,AGC_054,2.5,2.773986339569092,-0.2739863395690918
fold_municipality_grouped,G0_base,XGBoostLarge,1,AGC_058,2.5,3.453183889389038,-0.9531838893890381
fold_municipality_grouped,G0_base,XGBoostLarge,1,AGC_066,3.0,3.2152655124664307,-0.21526551246643066
fold_municipality_grouped,G0_base,XGBoostLarge,1,AGC_068,2.5,3.515228271484375,-1.015228271484375
fold_municipality_grouped,G0_base,XGBoostLarge,1,AGC_074,2.5,3.4521474838256836,-0.9521474838256836
fold_municipality_grouped,G0_base,XGBoostLarge,1,AGC_098,3.0,3.3814189434051514,-0.38141894340515137
fold_municipality_grouped,G0_base,XGBoostLarge,1,AGC_099,3.5,3.76949405670166,-0.26949405670166016
fold_municipality_grouped,G0_base,XGBoostLarge,1,AGC_103,3.0,3.1467292308807373,-0.1467292308807373
fold_municipality_grouped,G0_base,XGBoostLarge,1,AGC_112,3.0,3.4660139083862305,-0.46601390838623047
fold_municipality_grouped,G0_base,XGBoostLarge,1,AGC_114,3.0,3.2690625190734863,-0.26906251907348633
fold_municipality_grouped,G0_base,XGBoostLarge,1,AGC_117,3.5,3.604536771774292,-0.10453677177429199
fold_municipality_grouped,G0_base,XGBoostLarge,1,AGC_122,3.5,3.119091510772705,0.3809084892272949
fold_municipality_grouped,G0_base,XGBoostLarge,1,AGC_123,2.5,3.1992383003234863,-0.6992383003234863
fold_municipality_grouped,G0_base,XGBoostLarge,1,AGC_138,2.5,3.6161105632781982,-1.1161105632781982
fold_municipality_grouped,G0_base,XGBoostLarge,1,AGC_141,3.5,3.3036885261535645,0.19631147384643555
fold_municipality_grouped,G0_base,XGBoostLarge,1,AGC_144,2.5,3.0846776962280273,-0.5846776962280273
fold_municipality_grouped,G0_base,XGBoostLarge,1,AGC_145,3.5,3.335130453109741,0.1648695468902588
fold_municipality_grouped,G0_base,XGBoostLarge,1,AGC_157,3.0,3.434074878692627,-0.43407487869262695
fold_municipality_grouped,G0_base,XGBoostLarge,1,AGC_163,3.0,3.3057193756103516,-0.30571937561035156
fold_municipality_grouped,G0_base,XGBoostLarge,1,AGC_169,2.5,3.540179967880249,-1.040179967880249
fold_municipality_grouped,G0_base,XGBoostLarge,1,AGC_170,3.0,3.271730899810791,-0.271730899810791
fold_municipality_grouped,G0_base,XGBoostLarge,1,AGC_187,3.0,3.1988394260406494,-0.19883942604064941
fold_municipality_grouped,G0_base,XGBoostLarge,1,AGC_196,3.5,3.437199831008911,0.06280016899108887
fold_municipality_grouped,G0_base,XGBoostLarge,2,AGC_007,3.5,3.9347920417785645,-0.43479204177856445
fold_municipality_grouped,G0_base,XGBoostLarge,2,AGC_034,2.0,4.3596978187561035,-2.3596978187561035
fold_municipality_grouped,G0_base,XGBoostLarge,2,AGC_038,3.3,4.2771687507629395,-0.9771687507629396
fold_municipality_grouped,G0_base,XGBoostLarge,2,AGC_041,2.5,4.245279788970947,-1.7452797889709473
fold_municipality_grouped,G0_base,XGBoostLarge,2,AGC_067,3.0,4.174248695373535,-1.1742486953735352
fold_municipality_grouped,G0_base,XGBoostLarge,2,AGC_070,3.3,4.1408257484436035,-0.8408257484436037
fold_municipality_grouped,G0_base,XGBoostLarge,2,AGC_078,3.0,3.9738869667053223,-0.9738869667053223
fold_municipality_grouped,G0_base,XGBoostLarge,2,AGC_079,3.3,4.151976108551025,-0.8519761085510256
fold_municipality_grouped,G0_base,XGBoostLarge,2,AGC_080,3.5,3.849097490310669,-0.34909749031066895
fold_municipality_grouped,G0_base,XGBoostLarge,2,AGC_081,3.7,4.149650573730469,-0.4496505737304686
fold_municipality_grouped,G0_base,XGBoostLarge,2,AGC_089,3.0,4.03762674331665,-1.0376267433166504
fold_municipality_grouped,G0_base,XGBoostLarge,2,AGC_121,3.3,4.076277732849121,-0.7762777328491213
fold_municipality_grouped,G0_base,XGBoostLarge,2,AGC_140,3.2,4.108452796936035,-0.908452796936035
fold_municipality_grouped,G0_base,XGBoostLarge,2,AGC_148,3.0,3.825658082962036,-0.8256580829620361
fold_municipality_grouped,G0_base,XGBoostLarge,2,AGC_166,2.5,4.331177711486816,-1.8311777114868164
fold_municipality_grouped,G0_base,XGBoostLarge,2,AGC_194,3.2,4.604764938354492,-1.404764938354492
fold_municipality_grouped,G0_base,XGBoostLarge,3,AGC_051,4.45,3.499861478805542,0.9501385211944582
fold_municipality_grouped,G0_base,XGBoostLarge,3,AGC_059,4.41,3.6934375762939453,0.7165624237060548
fold_municipality_grouped,G0_base,XGBoostLarge,3,AGC_084,4.54,4.009326934814453,0.5306730651855469
fold_municipality_grouped,G0_base,XGBoostLarge,3,AGC_134,4.52,4.1637983322143555,0.3562016677856441
fold_municipality_grouped,G0_base,XGBoostLarge,3,AGC_137,4.54,3.9976131916046143,0.5423868083953858
fold_municipality_grouped,G0_base,XGBoostLarge,3,AGC_146,4.58,4.525468826293945,0.05453117370605476
fold_municipality_grouped,G0_base,XGBoostLarge,3,AGC_151,4.69,4.169533729553223,0.5204662704467777
fold_municipality_grouped,G0_base,XGBoostLarge,3,AGC_152,4.87,3.865938901901245,1.004061098098755
fold_municipality_grouped,G0_base,XGBoostLarge,3,AGC_180,4.14,3.7940263748168945,0.34597362518310515
fold_municipality_grouped,G0_base,XGBoostLarge,3,AGC_184,4.47,4.32421350479126,0.14578649520873999
fold_municipality_grouped,G0_base,XGBoostLarge,4,AGC_002,4.63,3.693228006362915,0.9367719936370849
fold_municipality_grouped,G0_base,XGBoostLarge,4,AGC_005,5.16,4.0189528465271,1.1410471534729005
fold_municipality_grouped,G0_base,XGBoostLarge,4,AGC_006,4.49,3.5817649364471436,0.9082350635528567
fold_municipality_grouped,G0_base,XGBoostLarge,4,AGC_008,4.55,4.042212009429932,0.5077879905700682
fold_municipality_grouped,G0_base,XGBoostLarge,4,AGC_010,4.1,3.899935483932495,0.20006451606750453
fold_municipality_grouped,G0_base,XGBoostLarge,4,AGC_012,4.69,3.6575026512145996,1.0324973487854008
fold_municipality_grouped,G0_base,XGBoostLarge,4,AGC_013,4.01,3.4405593872070312,0.5694406127929685
fold_municipality_grouped,G0_base,XGBoostLarge,4,AGC_014,4.83,4.125334739685059,0.7046652603149415
fold_municipality_grouped,G0_base,XGBoostLarge,4,AGC_015,2.64,3.554734706878662,-0.914734706878662
fold_municipality_grouped,G0_base,XGBoostLarge,4,AGC_017,4.98,3.652937889099121,1.3270621109008793
fold_municipality_grouped,G0_base,XGBoostLarge,4,AGC_018,4.49,3.780674457550049,0.7093255424499514
fold_municipality_grouped,G0_base,XGBoostLarge,4,AGC_021,4.94,3.3345208168029785,1.6054791831970219
fold_municipality_grouped,G0_base,XGBoostLarge,4,AGC_022,4.55,4.001220703125,0.5487792968749998
fold_municipality_grouped,G0_base,XGBoostLarge,4,AGC_024,3.03,3.9243345260620117,-0.8943345260620119
fold_municipality_grouped,G0_base,XGBoostLarge,4,AGC_026,3.55,3.708042621612549,-0.158042621612549
fold_municipality_grouped,G0_base,XGBoostLarge,4,AGC_032,4.03,3.715847969055176,0.31415203094482447
fold_municipality_grouped,G0_base,XGBoostLarge,4,AGC_033,4.47,3.3122098445892334,1.1577901554107664
fold_municipality_grouped,G0_base,XGBoostLarge,4,AGC_045,4.1,3.809168577194214,0.2908314228057858
fold_municipality_grouped,G0_base,XGBoostLarge,4,AGC_047,4.45,3.555720806121826,0.894279193878174
fold_municipality_grouped,G0_base,XGBoostLarge,4,AGC_049,5.53,3.6664586067199707,1.8635413932800295
fold_municipality_grouped,G0_base,XGBoostLarge,4,AGC_055,5.45,3.6520023345947266,1.7979976654052736
fold_municipality_grouped,G0_base,XGBoostLarge,4,AGC_056,5.07,3.3306357860565186,1.7393642139434817
fold_municipality_grouped,G0_base,XGBoostLarge,4,AGC_057,4.55,3.5474376678466797,1.0025623321533201
fold_municipality_grouped,G0_base,XGBoostLarge,4,AGC_060,4.52,3.677497625350952,0.8425023746490474
fold_municipality_grouped,G0_base,XGBoostLarge,4,AGC_062,3.81,3.84670090675354,-0.036700906753539986
fold_municipality_grouped,G0_base,XGBoostLarge,4,AGC_069,5.46,3.690197706222534,1.7698022937774658
fold_municipality_grouped,G0_base,XGBoostLarge,4,AGC_072,4.55,3.302891254425049,1.247108745574951
fold_municipality_grouped,G0_base,XGBoostLarge,4,AGC_073,4.3,3.851489543914795,0.4485104560852049
fold_municipality_grouped,G0_base,XGBoostLarge,4,AGC_077,4.76,3.461540460586548,1.298459539413452
fold_municipality_grouped,G0_base,XGBoostLarge,4,AGC_090,4.68,4.108222961425781,0.5717770385742185
fold_municipality_grouped,G0_base,XGBoostLarge,4,AGC_092,4.57,3.398550033569336,1.1714499664306643
fold_municipality_grouped,G0_base,XGBoostLarge,4,AGC_096,4.59,3.764902114868164,0.8250978851318358
fold_municipality_grouped,G0_base,XGBoostLarge,4,AGC_097,4.69,3.337717056274414,1.3522829437255863
fold_municipality_grouped,G0_base,XGBoostLarge,4,AGC_100,4.5,4.073220252990723,0.42677974700927734
fold_municipality_grouped,G0_base,XGBoostLarge,4,AGC_101,4.57,3.7047624588012695,0.8652375411987308
fold_municipality_grouped,G0_base,XGBoostLarge,4,AGC_102,4.4,3.7488741874694824,0.6511258125305179
fold_municipality_grouped,G0_base,XGBoostLarge,4,AGC_104,4.56,4.139718055725098,0.42028194427490195
fold_municipality_grouped,G0_base,XGBoostLarge,4,AGC_105,4.41,3.7083442211151123,0.7016557788848878
fold_municipality_grouped,G0_base,XGBoostLarge,4,AGC_106,4.43,3.782680034637451,0.6473199653625485
fold_municipality_grouped,G0_base,XGBoostLarge,4,AGC_108,4.51,3.368389368057251,1.1416106319427488
fold_municipality_grouped,G0_base,XGBoostLarge,4,AGC_109,4.54,3.429809331893921,1.1101906681060791
fold_municipality_grouped,G0_base,XGBoostLarge,4,AGC_110,4.18,3.921299695968628,0.2587003040313718
fold_municipality_grouped,G0_base,XGBoostLarge,4,AGC_111,4.72,3.4052939414978027,1.314706058502197
fold_municipality_grouped,G0_base,XGBoostLarge,4,AGC_115,4.6,3.513293504714966,1.0867064952850338
fold_municipality_grouped,G0_base,XGBoostLarge,4,AGC_124,5.05,3.6489627361297607,1.401037263870239
fold_municipality_grouped,G0_base,XGBoostLarge,4,AGC_125,4.06,4.139634609222412,-0.0796346092224125
fold_municipality_grouped,G0_base,XGBoostLarge,4,AGC_127,5.57,4.040279865264893,1.5297201347351077
fold_municipality_grouped,G0_base,XGBoostLarge,4,AGC_131,4.89,4.141796588897705,0.7482034111022946
fold_municipality_grouped,G0_base,XGBoostLarge,4,AGC_132,4.13,3.5077271461486816,0.6222728538513183
fold_municipality_grouped,G0_base,XGBoostLarge,4,AGC_133,3.91,3.3997538089752197,0.5102461910247804
fold_municipality_grouped,G0_base,XGBoostLarge,4,AGC_135,4.49,3.3259036540985107,1.1640963459014895
fold_municipality_grouped,G0_base,XGBoostLarge,4,AGC_139,4.67,3.5992588996887207,1.0707411003112792
fold_municipality_grouped,G0_base,XGBoostLarge,4,AGC_150,4.52,4.111638069152832,0.40836193084716754
fold_municipality_grouped,G0_base,XGBoostLarge,4,AGC_155,4.52,3.727837562561035,0.7921624374389644
fold_municipality_grouped,G0_base,XGBoostLarge,4,AGC_159,4.77,3.6748485565185547,1.0951514434814449
fold_municipality_grouped,G0_base,XGBoostLarge,4,AGC_160,3.62,3.585038423538208,0.0349615764617921
fold_municipality_grouped,G0_base,XGBoostLarge,4,AGC_161,4.46,3.6099162101745605,0.8500837898254394
fold_municipality_grouped,G0_base,XGBoostLarge,4,AGC_162,5.59,3.199038028717041,2.390961971282959
fold_municipality_grouped,G0_base,XGBoostLarge,4,AGC_164,3.0,3.38606858253479,-0.38606858253479004
fold_municipality_grouped,G0_base,XGBoostLarge,4,AGC_165,4.44,3.3342270851135254,1.105772914886475
fold_municipality_grouped,G0_base,XGBoostLarge,4,AGC_167,4.54,3.9375085830688477,0.6024914169311524
fold_municipality_grouped,G0_base,XGBoostLarge,4,AGC_168,4.49,3.791591167449951,0.698408832550049
fold_municipality_grouped,G0_base,XGBoostLarge,4,AGC_171,2.15,3.8173470497131348,-1.6673470497131349
fold_municipality_grouped,G0_base,XGBoostLarge,4,AGC_172,5.19,3.4715416431427,1.7184583568573002
fold_municipality_grouped,G0_base,XGBoostLarge,4,AGC_176,4.38,3.4226651191711426,0.9573348808288573
fold_municipality_grouped,G0_base,XGBoostLarge,4,AGC_178,4.39,3.6329731941223145,0.7570268058776852
fold_municipality_grouped,G0_base,XGBoostLarge,4,AGC_179,4.55,3.548429250717163,1.0015707492828367
fold_municipality_grouped,G0_base,XGBoostLarge,4,AGC_181,4.51,3.5166707038879395,0.9933292961120603
fold_municipality_grouped,G0_base,XGBoostLarge,4,AGC_185,5.01,4.1085944175720215,0.9014055824279783
fold_municipality_grouped,G0_base,XGBoostLarge,4,AGC_189,4.03,3.9482266902923584,0.08177330970764185
fold_municipality_grouped,G0_base,XGBoostLarge,4,AGC_193,4.57,3.738889694213867,0.8311103057861331
fold_municipality_grouped,G0_base,XGBoostLarge,4,AGC_195,3.68,3.8810627460479736,-0.20106274604797347
fold_municipality_grouped,G0_base,XGBoostLarge,4,AGC_197,4.52,3.684279680252075,0.8357203197479244
fold_municipality_grouped,G0_base,XGBoostLarge,5,AGC_009,4.79,4.753782749176025,0.036217250823974645
fold_municipality_grouped,G0_base,XGBoostLarge,5,AGC_035,4.68,4.147130489349365,0.5328695106506345
fold_municipality_grouped,G0_base,XGBoostLarge,5,AGC_048,2.5,3.3415894508361816,-0.8415894508361816
fold_municipality_grouped,G0_base,XGBoostLarge,5,AGC_064,4.51,4.791074752807617,-0.2810747528076174
fold_municipality_grouped,G0_base,XGBoostLarge,5,AGC_083,4.61,4.148109436035156,0.46189056396484407
fold_municipality_grouped,G0_base,XGBoostLarge,5,AGC_119,4.4,4.712078094482422,-0.3120780944824215
fold_state_stratified,G1_agronomic,XGBoostLarge,1,AGC_009,4.79,4.473309516906738,0.31669048309326175
fold_state_stratified,G1_agronomic,XGBoostLarge,1,AGC_015,2.64,4.943507671356201,-2.303507671356201
fold_state_stratified,G1_agronomic,XGBoostLarge,1,AGC_017,4.98,4.714502334594727,0.26549766540527386
fold_state_stratified,G1_agronomic,XGBoostLarge,1,AGC_032,4.03,4.562393665313721,-0.5323936653137205
fold_state_stratified,G1_agronomic,XGBoostLarge,1,AGC_045,4.1,4.630886077880859,-0.5308860778808597
fold_state_stratified,G1_agronomic,XGBoostLarge,1,AGC_054,2.5,2.922337055206299,-0.42233705520629883
fold_state_stratified,G1_agronomic,XGBoostLarge,1,AGC_058,2.5,3.2727761268615723,-0.7727761268615723
fold_state_stratified,G1_agronomic,XGBoostLarge,1,AGC_068,2.5,2.7864956855773926,-0.2864956855773926
fold_state_stratified,G1_agronomic,XGBoostLarge,1,AGC_073,4.3,4.295039653778076,0.0049603462219236505
fold_state_stratified,G1_agronomic,XGBoostLarge,1,AGC_079,3.3,3.0633137226104736,0.2366862773895262
fold_state_stratified,G1_agronomic,XGBoostLarge,1,AGC_083,4.61,3.9239351749420166,0.6860648250579837
fold_state_stratified,G1_agronomic,XGBoostLarge,1,AGC_090,4.68,4.249317646026611,0.4306823539733884
fold_state_stratified,G1_agronomic,XGBoostLarge,1,AGC_102,4.4,4.314501762390137,0.08549823760986364
fold_state_stratified,G1_agronomic,XGBoostLarge,1,AGC_103,3.0,3.077336311340332,-0.07733631134033203
fold_state_stratified,G1_agronomic,XGBoostLarge,1,AGC_111,4.72,4.487305164337158,0.23269483566284155
fold_state_stratified,G1_agronomic,XGBoostLarge,1,AGC_112,3.0,2.8113603591918945,0.18863964080810547
fold_state_stratified,G1_agronomic,XGBoostLarge,1,AGC_117,3.5,3.3323984146118164,0.1676015853881836
fold_state_stratified,G1_agronomic,XGBoostLarge,1,AGC_119,4.4,4.589194297790527,-0.189194297790527
fold_state_stratified,G1_agronomic,XGBoostLarge,1,AGC_121,3.3,3.238823890686035,0.061176109313964666
fold_state_stratified,G1_agronomic,XGBoostLarge,1,AGC_127,5.57,4.545055389404297,1.0249446105957034
fold_state_stratified,G1_agronomic,XGBoostLarge,1,AGC_133,3.91,4.421483993530273,-0.5114839935302733
fold_state_stratified,G1_agronomic,XGBoostLarge,1,AGC_139,4.67,4.336180686950684,0.33381931304931634
fold_state_stratified,G1_agronomic,XGBoostLarge,1,AGC_159,4.77,4.960429668426514,-0.1904296684265141
fold_state_stratified,G1_agronomic,XGBoostLarge,1,AGC_161,4.46,4.797069072723389,-0.3370690727233887
fold_state_stratified,G1_agronomic,XGBoostLarge,1,AGC_164,3.0,2.7968392372131348,0.20316076278686523
fold_state_stratified,G1_agronomic,XGBoostLarge,1,AGC_167,4.54,4.802122116088867,-0.26212211608886715
fold_state_stratified,G1_agronomic,XGBoostLarge,1,AGC_180,4.14,4.525235176086426,-0.3852351760864261
fold_state_stratified,G1_agronomic,XGBoostLarge,1,AGC_187,3.0,2.803586006164551,0.19641399383544922
fold_state_stratified,G1_agronomic,XGBoostLarge,2,AGC_008,4.55,4.380809783935547,0.16919021606445295
fold_state_stratified,G1_agronomic,XGBoostLarge,2,AGC_024,3.03,4.047382354736328,-1.0173823547363283
fold_state_stratified,G1_agronomic,XGBoostLarge,2,AGC_033,4.47,4.89461612701416,-0.4246161270141604
fold_state_stratified,G1_agronomic,XGBoostLarge,2,AGC_037,3.5,2.808915138244629,0.6910848617553711
fold_state_stratified,G1_agronomic,XGBoostLarge,2,AGC_040,3.0,2.9540393352508545,0.04596066474914551
fold_state_stratified,G1_agronomic,XGBoostLarge,2,AGC_047,4.45,4.040042400360107,0.40995759963989276
fold_state_stratified,G1_agronomic,XGBoostLarge,2,AGC_049,5.53,4.985212326049805,0.5447876739501956
fold_state_stratified,G1_agronomic,XGBoostLarge,2,AGC_053,3.5,3.329606533050537,0.1703934669494629
fold_state_stratified,G1_agronomic,XGBoostLarge,2,AGC_055,5.45,4.627100467681885,0.8228995323181154
fold_state_stratified,G1_agronomic,XGBoostLarge,2,AGC_062,3.81,4.410500526428223,-0.6005005264282226
fold_state_stratified,G1_agronomic,XGBoostLarge,2,AGC_064,4.51,4.592240333557129,-0.08224033355712912
fold_state_stratified,G1_agronomic,XGBoostLarge,2,AGC_078,3.0,3.4608452320098877,-0.4608452320098877
fold_state_stratified,G1_agronomic,XGBoostLarge,2,AGC_098,3.0,3.3873162269592285,-0.3873162269592285
fold_state_stratified,G1_agronomic,XGBoostLarge,2,AGC_100,4.5,4.497578144073486,0.002421855926513672
fold_state_stratified,G1_agronomic,XGBoostLarge,2,AGC_108,4.51,4.8526434898376465,-0.3426434898376467
fold_state_stratified,G1_agronomic,XGBoostLarge,2,AGC_124,5.05,4.885366439819336,0.16463356018066388
fold_state_stratified,G1_agronomic,XGBoostLarge,2,AGC_125,4.06,4.37793493270874,-0.3179349327087406
fold_state_stratified,G1_agronomic,XGBoostLarge,2,AGC_131,4.89,4.370632648468018,0.5193673515319821
fold_state_stratified,G1_agronomic,XGBoostLarge,2,AGC_134,4.52,3.682755470275879,0.8372445297241207
fold_state_stratified,G1_agronomic,XGBoostLarge,2,AGC_135,4.49,4.628776550292969,-0.13877655029296854
fold_state_stratified,G1_agronomic,XGBoostLarge,2,AGC_145,3.5,3.0072426795959473,0.49275732040405273
fold_state_stratified,G1_agronomic,XGBoostLarge,2,AGC_150,4.52,4.617532730102539,-0.09753273010253949
fold_state_stratified,G1_agronomic,XGBoostLarge,2,AGC_151,4.69,4.524227142333984,0.16577285766601602
fold_state_stratified,G1_agronomic,XGBoostLarge,2,AGC_157,3.0,3.147507905960083,-0.147507905960083
fold_state_stratified,G1_agronomic,XGBoostLarge,2,AGC_160,3.62,4.799428462982178,-1.1794284629821776
fold_state_stratified,G1_agronomic,XGBoostLarge,2,AGC_166,2.5,3.1285154819488525,-0.6285154819488525
fold_state_stratified,G1_agronomic,XGBoostLarge,2,AGC_193,4.57,4.089676380157471,0.4803236198425296
fold_state_stratified,G1_agronomic,XGBoostLarge,2,AGC_194,3.2,3.107008934020996,0.09299106597900408
fold_state_stratified,G1_agronomic,XGBoostLarge,3,AGC_004,3.0,3.2185580730438232,-0.21855807304382324
fold_state_stratified,G1_agronomic,XGBoostLarge,3,AGC_005,5.16,4.477976322174072,0.6820236778259279
fold_state_stratified,G1_agronomic,XGBoostLarge,3,AGC_010,4.1,4.307366371154785,-0.2073663711547855
fold_state_stratified,G1_agronomic,XGBoostLarge,3,AGC_014,4.83,4.185546398162842,0.6444536018371583
fold_state_stratified,G1_agronomic,XGBoostLarge,3,AGC_018,4.49,4.480401039123535,0.009598960876465057
fold_state_stratified,G1_agronomic,XGBoostLarge,3,AGC_021,4.94,4.4540863037109375,0.4859136962890629
fold_state_stratified,G1_agronomic,XGBoostLarge,3,AGC_023,3.0,3.21165132522583,-0.21165132522583008
fold_state_stratified,G1_agronomic,XGBoostLarge,3,AGC_038,3.3,3.210710048675537,0.08928995132446271
fold_state_stratified,G1_agronomic,XGBoostLarge,3,AGC_044,3.5,3.441150188446045,0.05884981155395508
fold_state_stratified,G1_agronomic,XGBoostLarge,3,AGC_051,4.45,4.527315616607666,-0.07731561660766584
fold_state_stratified,G1_agronomic,XGBoostLarge,3,AGC_059,4.41,4.323622226715088,0.08637777328491225
fold_state_stratified,G1_agronomic,XGBoostLarge,3,AGC_066,3.0,3.6386635303497314,-0.6386635303497314
fold_state_stratified,G1_agronomic,XGBoostLarge,3,AGC_067,3.0,3.3978869915008545,-0.3978869915008545
fold_state_stratified,G1_agronomic,XGBoostLarge,3,AGC_069,5.46,4.604666709899902,0.8553332901000976
fold_state_stratified,G1_agronomic,XGBoostLarge,3,AGC_070,3.3,3.205777883529663,0.09422211647033674
fold_state_stratified,G1_agronomic,XGBoostLarge,3,AGC_072,4.55,4.16565465927124,0.3843453407287596
fold_state_stratified,G1_agronomic,XGBoostLarge,3,AGC_074,2.5,3.37593936920166,-0.8759393692016602
fold_state_stratified,G1_agronomic,XGBoostLarge,3,AGC_077,4.76,4.443359375,0.3166406249999998
fold_state_stratified,G1_agronomic,XGBoostLarge,3,AGC_089,3.0,2.911367416381836,0.08863258361816406
fold_state_stratified,G1_agronomic,XGBoostLarge,3,AGC_097,4.69,4.486407279968262,0.20359272003173867
fold_state_stratified,G1_agronomic,XGBoostLarge,3,AGC_106,4.43,3.519202470779419,0.9107975292205808
fold_state_stratified,G1_agronomic,XGBoostLarge,3,AGC_110,4.18,4.030977725982666,0.1490222740173337
fold_state_stratified,G1_agronomic,XGBoostLarge,3,AGC_138,2.5,3.1217546463012695,-0.6217546463012695
fold_state_stratified,G1_agronomic,XGBoostLarge,3,AGC_155,4.52,4.717611312866211,-0.19761131286621136
fold_state_stratified,G1_agronomic,XGBoostLarge,3,AGC_163,3.0,2.8723092079162598,0.12769079208374023
fold_state_stratified,G1_agronomic,XGBoostLarge,3,AGC_165,4.44,4.048307418823242,0.3916925811767582
fold_state_stratified,G1_agronomic,XGBoostLarge,3,AGC_196,3.5,3.758148431777954,-0.2581484317779541
fold_state_stratified,G1_agronomic,XGBoostLarge,3,AGC_197,4.52,4.261406421661377,0.2585935783386226
fold_state_stratified,G1_agronomic,XGBoostLarge,4,AGC_007,3.5,3.306164026260376,0.19383597373962402
fold_state_stratified,G1_agronomic,XGBoostLarge,4,AGC_012,4.69,4.809168815612793,-0.11916881561279258
fold_state_stratified,G1_agronomic,XGBoostLarge,4,AGC_019,3.0,3.113029718399048,-0.11302971839904785
fold_state_stratified,G1_agronomic,XGBoostLarge,4,AGC_022,4.55,4.454522132873535,0.09547786712646467
fold_state_stratified,G1_agronomic,XGBoostLarge,4,AGC_026,3.55,4.304664611816406,-0.7546646118164064
fold_state_stratified,G1_agronomic,XGBoostLarge,4,AGC_041,2.5,3.0291266441345215,-0.5291266441345215
fold_state_stratified,G1_agronomic,XGBoostLarge,4,AGC_048,2.5,3.578749179840088,-1.078749179840088
fold_state_stratified,G1_agronomic,XGBoostLarge,4,AGC_056,5.07,4.662912845611572,0.407087154388428
fold_state_stratified,G1_agronomic,XGBoostLarge,4,AGC_080,3.5,3.125170946121216,0.3748290538787842
fold_state_stratified,G1_agronomic,XGBoostLarge,4,AGC_081,3.7,3.1337809562683105,0.5662190437316896
fold_state_stratified,G1_agronomic,XGBoostLarge,4,AGC_099,3.5,3.18803071975708,0.3119692802429199
fold_state_stratified,G1_agronomic,XGBoostLarge,4,AGC_104,4.56,4.362443923950195,0.1975560760498043
fold_state_stratified,G1_agronomic,XGBoostLarge,4,AGC_109,4.54,4.579034805297852,-0.03903480529785153
fold_state_stratified,G1_agronomic,XGBoostLarge,4,AGC_115,4.6,4.278595924377441,0.32140407562255824
fold_state_stratified,G1_agronomic,XGBoostLarge,4,AGC_122,3.5,2.942178726196289,0.5578212738037109
fold_state_stratified,G1_agronomic,XGBoostLarge,4,AGC_132,4.13,4.667098522186279,-0.5370985221862794
fold_state_stratified,G1_agronomic,XGBoostLarge,4,AGC_140,3.2,3.154709815979004,0.04529018402099627
fold_state_stratified,G1_agronomic,XGBoostLarge,4,AGC_144,2.5,2.9568161964416504,-0.4568161964416504
fold_state_stratified,G1_agronomic,XGBoostLarge,4,AGC_148,3.0,3.052060604095459,-0.052060604095458984
fold_state_stratified,G1_agronomic,XGBoostLarge,4,AGC_152,4.87,4.753165245056152,0.11683475494384776
fold_state_stratified,G1_agronomic,XGBoostLarge,4,AGC_168,4.49,4.426033020019531,0.06396697998046896
fold_state_stratified,G1_agronomic,XGBoostLarge,4,AGC_170,3.0,3.250699043273926,-0.2506990432739258
fold_state_stratified,G1_agronomic,XGBoostLarge,4,AGC_171,2.15,4.355985641479492,-2.2059856414794923
fold_state_stratified,G1_agronomic,XGBoostLarge,4,AGC_172,5.19,4.745701789855957,0.44429821014404336
fold_state_stratified,G1_agronomic,XGBoostLarge,4,AGC_176,4.38,4.45215368270874,-0.07215368270874034
fold_state_stratified,G1_agronomic,XGBoostLarge,4,AGC_178,4.39,4.4371256828308105,-0.04712568283081087
fold_state_stratified,G1_agronomic,XGBoostLarge,4,AGC_181,4.51,4.629344940185547,-0.11934494018554709
fold_state_stratified,G1_agronomic,XGBoostLarge,5,AGC_001,3.5,2.9629595279693604,0.5370404720306396
fold_state_stratified,G1_agronomic,XGBoostLarge,5,AGC_002,4.63,4.450261116027832,0.17973888397216786
fold_state_stratified,G1_agronomic,XGBoostLarge,5,AGC_006,4.49,4.364977836608887,0.1250221633911135
fold_state_stratified,G1_agronomic,XGBoostLarge,5,AGC_013,4.01,4.158191204071045,-0.14819120407104514
fold_state_stratified,G1_agronomic,XGBoostLarge,5,AGC_020,3.5,3.2766740322113037,0.2233259677886963
fold_state_stratified,G1_agronomic,XGBoostLarge,5,AGC_034,2.0,3.2801077365875244,-1.2801077365875244
fold_state_stratified,G1_agronomic,XGBoostLarge,5,AGC_035,4.68,3.7359230518341064,0.9440769481658933
fold_state_stratified,G1_agronomic,XGBoostLarge,5,AGC_046,3.0,2.8493857383728027,0.15061426162719727
fold_state_stratified,G1_agronomic,XGBoostLarge,5,AGC_057,4.55,4.9390740394592285,-0.3890740394592287
fold_state_stratified,G1_agronomic,XGBoostLarge,5,AGC_060,4.52,5.0186381340026855,-0.498638134002686
fold_state_stratified,G1_agronomic,XGBoostLarge,5,AGC_084,4.54,4.852042198181152,-0.3120421981811523
fold_state_stratified,G1_agronomic,XGBoostLarge,5,AGC_092,4.57,4.086394309997559,0.4836056900024417
fold_state_stratified,G1_agronomic,XGBoostLarge,5,AGC_096,4.59,4.279295921325684,0.31070407867431626
fold_state_stratified,G1_agronomic,XGBoostLarge,5,AGC_101,4.57,4.058909893035889,0.5110901069641116
fold_state_stratified,G1_agronomic,XGBoostLarge,5,AGC_105,4.41,4.680501937866211,-0.2705019378662108
fold_state_stratified,G1_agronomic,XGBoostLarge,5,AGC_114,3.0,2.82122802734375,0.17877197265625
fold_state_stratified,G1_agronomic,XGBoostLarge,5,AGC_123,2.5,3.0612692832946777,-0.5612692832946777
fold_state_stratified,G1_agronomic,XGBoostLarge,5,AGC_137,4.54,4.7016520500183105,-0.1616520500183105
fold_state_stratified,G1_agronomic,XGBoostLarge,5,AGC_141,3.5,3.0454788208007812,0.45452117919921875
fold_state_stratified,G1_agronomic,XGBoostLarge,5,AGC_146,4.58,4.742828845977783,-0.16282884597778313
fold_state_stratified,G1_agronomic,XGBoostLarge,5,AGC_162,5.59,4.463436126708984,1.1265638732910155
fold_state_stratified,G1_agronomic,XGBoostLarge,5,AGC_169,2.5,2.8051514625549316,-0.30515146255493164
fold_state_stratified,G1_agronomic,XGBoostLarge,5,AGC_179,4.55,4.341569900512695,0.2084300994873045
fold_state_stratified,G1_agronomic,XGBoostLarge,5,AGC_184,4.47,4.445836544036865,0.024163455963134517
fold_state_stratified,G1_agronomic,XGBoostLarge,5,AGC_185,5.01,4.191283226013184,0.8187167739868162
fold_state_stratified,G1_agronomic,XGBoostLarge,5,AGC_189,4.03,4.2452521324157715,-0.21525213241577124
fold_state_stratified,G1_agronomic,XGBoostLarge,5,AGC_195,3.68,4.231077194213867,-0.551077194213867
fold_municipality_grouped,G1_agronomic,XGBoostLarge,1,AGC_001,3.5,3.0867760181427,0.4132239818572998
fold_municipality_grouped,G1_agronomic,XGBoostLarge,1,AGC_004,3.0,3.76403546333313,-0.7640354633331299
fold_municipality_grouped,G1_agronomic,XGBoostLarge,1,AGC_019,3.0,3.000004768371582,-4.76837158203125e-06
fold_municipality_grouped,G1_agronomic,XGBoostLarge,1,AGC_020,3.5,3.4438834190368652,0.056116580963134766
fold_municipality_grouped,G1_agronomic,XGBoostLarge,1,AGC_023,3.0,3.3544559478759766,-0.35445594787597656
fold_municipality_grouped,G1_agronomic,XGBoostLarge,1,AGC_037,3.5,3.609282970428467,-0.1092829704284668
fold_municipality_grouped,G1_agronomic,XGBoostLarge,1,AGC_040,3.0,3.6109657287597656,-0.6109657287597656
fold_municipality_grouped,G1_agronomic,XGBoostLarge,1,AGC_044,3.5,3.3739871978759766,0.12601280212402344
fold_municipality_grouped,G1_agronomic,XGBoostLarge,1,AGC_046,3.0,2.9550395011901855,0.04496049880981445
fold_municipality_grouped,G1_agronomic,XGBoostLarge,1,AGC_053,3.5,3.5784313678741455,-0.07843136787414551
fold_municipality_grouped,G1_agronomic,XGBoostLarge,1,AGC_054,2.5,2.8810672760009766,-0.38106727600097656
fold_municipality_grouped,G1_agronomic,XGBoostLarge,1,AGC_058,2.5,3.626755952835083,-1.126755952835083
fold_municipality_grouped,G1_agronomic,XGBoostLarge,1,AGC_066,3.0,3.5834569931030273,-0.5834569931030273
fold_municipality_grouped,G1_agronomic,XGBoostLarge,1,AGC_068,2.5,3.3706655502319336,-0.8706655502319336
fold_municipality_grouped,G1_agronomic,XGBoostLarge,1,AGC_074,2.5,3.4477851390838623,-0.9477851390838623
fold_municipality_grouped,G1_agronomic,XGBoostLarge,1,AGC_098,3.0,3.403542995452881,-0.40354299545288086
fold_municipality_grouped,G1_agronomic,XGBoostLarge,1,AGC_099,3.5,3.7919368743896484,-0.29193687438964844
fold_municipality_grouped,G1_agronomic,XGBoostLarge,1,AGC_103,3.0,3.182163953781128,-0.18216395378112793
fold_municipality_grouped,G1_agronomic,XGBoostLarge,1,AGC_112,3.0,3.4316205978393555,-0.43162059783935547
fold_municipality_grouped,G1_agronomic,XGBoostLarge,1,AGC_114,3.0,2.835745334625244,0.16425466537475586
fold_municipality_grouped,G1_agronomic,XGBoostLarge,1,AGC_117,3.5,3.677794933319092,-0.1777949333190918
fold_municipality_grouped,G1_agronomic,XGBoostLarge,1,AGC_122,3.5,3.054576873779297,0.4454231262207031
fold_municipality_grouped,G1_agronomic,XGBoostLarge,1,AGC_123,2.5,2.7379236221313477,-0.23792362213134766
fold_municipality_grouped,G1_agronomic,XGBoostLarge,1,AGC_138,2.5,3.718844413757324,-1.2188444137573242
fold_municipality_grouped,G1_agronomic,XGBoostLarge,1,AGC_141,3.5,3.4695093631744385,0.030490636825561523
fold_municipality_grouped,G1_agronomic,XGBoostLarge,1,AGC_144,2.5,2.8254637718200684,-0.32546377182006836
fold_municipality_grouped,G1_agronomic,XGBoostLarge,1,AGC_145,3.5,2.9842689037323,0.5157310962677002
fold_municipality_grouped,G1_agronomic,XGBoostLarge,1,AGC_157,3.0,3.5484719276428223,-0.5484719276428223
fold_municipality_grouped,G1_agronomic,XGBoostLarge,1,AGC_163,3.0,3.2962875366210938,-0.29628753662109375
fold_municipality_grouped,G1_agronomic,XGBoostLarge,1,AGC_169,2.5,3.75675106048584,-1.2567510604858398
fold_municipality_grouped,G1_agronomic,XGBoostLarge,1,AGC_170,3.0,3.5289242267608643,-0.5289242267608643
fold_municipality_grouped,G1_agronomic,XGBoostLarge,1,AGC_187,3.0,3.1260738372802734,-0.12607383728027344
fold_municipality_grouped,G1_agronomic,XGBoostLarge,1,AGC_196,3.5,3.4198803901672363,0.08011960983276367
fold_municipality_grouped,G1_agronomic,XGBoostLarge,2,AGC_007,3.5,4.439164638519287,-0.9391646385192871
fold_municipality_grouped,G1_agronomic,XGBoostLarge,2,AGC_034,2.0,4.013082027435303,-2.0130820274353027
fold_municipality_grouped,G1_agronomic,XGBoostLarge,2,AGC_038,3.3,4.206293106079102,-0.9062931060791017
fold_municipality_grouped,G1_agronomic,XGBoostLarge,2,AGC_041,2.5,4.386293411254883,-1.8862934112548828
fold_municipality_grouped,G1_agronomic,XGBoostLarge,2,AGC_067,3.0,4.470434188842773,-1.4704341888427734
fold_municipality_grouped,G1_agronomic,XGBoostLarge,2,AGC_070,3.3,4.437201023101807,-1.1372010231018068
fold_municipality_grouped,G1_agronomic,XGBoostLarge,2,AGC_078,3.0,4.387634754180908,-1.3876347541809082
fold_municipality_grouped,G1_agronomic,XGBoostLarge,2,AGC_079,3.3,4.355281829833984,-1.0552818298339846
fold_municipality_grouped,G1_agronomic,XGBoostLarge,2,AGC_080,3.5,4.220518589019775,-0.7205185890197754
fold_municipality_grouped,G1_agronomic,XGBoostLarge,2,AGC_081,3.7,4.522247791290283,-0.822247791290283
fold_municipality_grouped,G1_agronomic,XGBoostLarge,2,AGC_089,3.0,4.1146392822265625,-1.1146392822265625
fold_municipality_grouped,G1_agronomic,XGBoostLarge,2,AGC_121,3.3,4.440441131591797,-1.140441131591797
fold_municipality_grouped,G1_agronomic,XGBoostLarge,2,AGC_140,3.2,4.573166847229004,-1.3731668472290037
fold_municipality_grouped,G1_agronomic,XGBoostLarge,2,AGC_148,3.0,4.208606719970703,-1.2086067199707031
fold_municipality_grouped,G1_agronomic,XGBoostLarge,2,AGC_166,2.5,4.5794525146484375,-2.0794525146484375
fold_municipality_grouped,G1_agronomic,XGBoostLarge,2,AGC_194,3.2,4.278953552246094,-1.0789535522460936
fold_municipality_grouped,G1_agronomic,XGBoostLarge,3,AGC_051,4.45,4.209801197052002,0.24019880294799822
fold_municipality_grouped,G1_agronomic,XGBoostLarge,3,AGC_059,4.41,4.07965087890625,0.33034912109375014
fold_municipality_grouped,G1_agronomic,XGBoostLarge,3,AGC_084,4.54,4.494453430175781,0.045546569824218786
fold_municipality_grouped,G1_agronomic,XGBoostLarge,3,AGC_134,4.52,3.6260297298431396,0.8939702701568599
fold_municipality_grouped,G1_agronomic,XGBoostLarge,3,AGC_137,4.54,4.404779434204102,0.13522056579589847
fold_municipality_grouped,G1_agronomic,XGBoostLarge,3,AGC_146,4.58,4.472734451293945,0.10726554870605476
fold_municipality_grouped,G1_agronomic,XGBoostLarge,3,AGC_151,4.69,4.3841328620910645,0.30586713790893594
fold_municipality_grouped,G1_agronomic,XGBoostLarge,3,AGC_152,4.87,4.505029678344727,0.36497032165527354
fold_municipality_grouped,G1_agronomic,XGBoostLarge,3,AGC_180,4.14,4.033262729644775,0.10673727035522429
fold_municipality_grouped,G1_agronomic,XGBoostLarge,3,AGC_184,4.47,4.428693771362305,0.041306228637695064
fold_municipality_grouped,G1_agronomic,XGBoostLarge,4,AGC_002,4.63,4.266725063323975,0.3632749366760253
fold_municipality_grouped,G1_agronomic,XGBoostLarge,4,AGC_005,5.16,4.429022789001465,0.7309772109985353
fold_municipality_grouped,G1_agronomic,XGBoostLarge,4,AGC_006,4.49,3.9982292652130127,0.4917707347869875
fold_municipality_grouped,G1_agronomic,XGBoostLarge,4,AGC_008,4.55,4.161067485809326,0.38893251419067365
fold_municipality_grouped,G1_agronomic,XGBoostLarge,4,AGC_010,4.1,4.309916973114014,-0.20991697311401403
fold_municipality_grouped,G1_agronomic,XGBoostLarge,4,AGC_012,4.69,4.582315921783447,0.10768407821655313
fold_municipality_grouped,G1_agronomic,XGBoostLarge,4,AGC_013,4.01,4.038449287414551,-0.028449287414550994
fold_municipality_grouped,G1_agronomic,XGBoostLarge,4,AGC_014,4.83,4.447353839874268,0.3826461601257325
fold_municipality_grouped,G1_agronomic,XGBoostLarge,4,AGC_015,2.64,4.532446384429932,-1.8924463844299315
fold_municipality_grouped,G1_agronomic,XGBoostLarge,4,AGC_017,4.98,4.512486934661865,0.4675130653381352
fold_municipality_grouped,G1_agronomic,XGBoostLarge,4,AGC_018,4.49,4.275994300842285,0.21400569915771506
fold_municipality_grouped,G1_agronomic,XGBoostLarge,4,AGC_021,4.94,4.204231262207031,0.7357687377929691
fold_municipality_grouped,G1_agronomic,XGBoostLarge,4,AGC_022,4.55,4.031509876251221,0.5184901237487791
fold_municipality_grouped,G1_agronomic,XGBoostLarge,4,AGC_024,3.03,4.178426742553711,-1.1484267425537111
fold_municipality_grouped,G1_agronomic,XGBoostLarge,4,AGC_026,3.55,4.400310516357422,-0.850310516357422
fold_municipality_grouped,G1_agronomic,XGBoostLarge,4,AGC_032,4.03,4.215839385986328,-0.18583938598632788
fold_municipality_grouped,G1_agronomic,XGBoostLarge,4,AGC_033,4.47,4.015960693359375,0.45403930664062475
fold_municipality_grouped,G1_agronomic,XGBoostLarge,4,AGC_045,4.1,4.3224029541015625,-0.22240295410156286
fold_municipality_grouped,G1_agronomic,XGBoostLarge,4,AGC_047,4.45,4.317916393280029,0.13208360671997088
fold_municipality_grouped,G1_agronomic,XGBoostLarge,4,AGC_049,5.53,4.37595272064209,1.1540472793579104
fold_municipality_grouped,G1_agronomic,XGBoostLarge,4,AGC_055,5.45,4.50791597366333,0.9420840263366701
fold_municipality_grouped,G1_agronomic,XGBoostLarge,4,AGC_056,5.07,4.009202480316162,1.0607975196838382
fold_municipality_grouped,G1_agronomic,XGBoostLarge,4,AGC_057,4.55,4.419083595275879,0.13091640472412092
fold_municipality_grouped,G1_agronomic,XGBoostLarge,4,AGC_060,4.52,4.434885501861572,0.08511449813842731
fold_municipality_grouped,G1_agronomic,XGBoostLarge,4,AGC_062,3.81,3.9732556343078613,-0.16325563430786127
fold_municipality_grouped,G1_agronomic,XGBoostLarge,4,AGC_069,5.46,4.379859924316406,1.0801400756835937
fold_municipality_grouped,G1_agronomic,XGBoostLarge,4,AGC_072,4.55,4.189360618591309,0.36063938140869123
fold_municipality_grouped,G1_agronomic,XGBoostLarge,4,AGC_073,4.3,3.912078619003296,0.3879213809967039
fold_municipality_grouped,G1_agronomic,XGBoostLarge,4,AGC_077,4.76,3.8513731956481934,0.9086268043518064
fold_municipality_grouped,G1_agronomic,XGBoostLarge,4,AGC_090,4.68,4.386887073516846,0.293112926483154
fold_municipality_grouped,G1_agronomic,XGBoostLarge,4,AGC_092,4.57,4.248459339141846,0.3215406608581546
fold_municipality_grouped,G1_agronomic,XGBoostLarge,4,AGC_096,4.59,3.8227713108062744,0.7672286891937254
fold_municipality_grouped,G1_agronomic,XGBoostLarge,4,AGC_097,4.69,4.129519462585449,0.5604805374145512
fold_municipality_grouped,G1_agronomic,XGBoostLarge,4,AGC_100,4.5,4.154484272003174,0.34551572799682617
fold_municipality_grouped,G1_agronomic,XGBoostLarge,4,AGC_101,4.57,3.7391395568847656,0.8308604431152347
fold_municipality_grouped,G1_agronomic,XGBoostLarge,4,AGC_102,4.4,3.9004263877868652,0.4995736122131351
fold_municipality_grouped,G1_agronomic,XGBoostLarge,4,AGC_104,4.56,4.147089958190918,0.41291004180908164
fold_municipality_grouped,G1_agronomic,XGBoostLarge,4,AGC_105,4.41,4.329697608947754,0.08030239105224624
fold_municipality_grouped,G1_agronomic,XGBoostLarge,4,AGC_106,4.43,4.118343353271484,0.31165664672851534
fold_municipality_grouped,G1_agronomic,XGBoostLarge,4,AGC_108,4.51,4.133678436279297,0.3763215637207029
fold_municipality_grouped,G1_agronomic,XGBoostLarge,4,AGC_109,4.54,4.031515121459961,0.5084848785400391
fold_municipality_grouped,G1_agronomic,XGBoostLarge,4,AGC_110,4.18,4.227203845977783,-0.04720384597778349
fold_municipality_grouped,G1_agronomic,XGBoostLarge,4,AGC_111,4.72,4.063297271728516,0.6567027282714841
fold_municipality_grouped,G1_agronomic,XGBoostLarge,4,AGC_115,4.6,4.06619930267334,0.5338006973266598
fold_municipality_grouped,G1_agronomic,XGBoostLarge,4,AGC_124,5.05,4.389291763305664,0.6607082366943358
fold_municipality_grouped,G1_agronomic,XGBoostLarge,4,AGC_125,4.06,4.618882179260254,-0.5588821792602543
fold_municipality_grouped,G1_agronomic,XGBoostLarge,4,AGC_127,5.57,4.346150875091553,1.2238491249084475
fold_municipality_grouped,G1_agronomic,XGBoostLarge,4,AGC_131,4.89,4.206634998321533,0.6833650016784665
fold_municipality_grouped,G1_agronomic,XGBoostLarge,4,AGC_132,4.13,4.207014560699463,-0.077014560699463
fold_municipality_grouped,G1_agronomic,XGBoostLarge,4,AGC_133,3.91,4.14571475982666,-0.23571475982666001
fold_municipality_grouped,G1_agronomic,XGBoostLarge,4,AGC_135,4.49,3.973665714263916,0.5163342857360842
fold_municipality_grouped,G1_agronomic,XGBoostLarge,4,AGC_139,4.67,4.114938735961914,0.5550612640380859
fold_municipality_grouped,G1_agronomic,XGBoostLarge,4,AGC_150,4.52,4.436344146728516,0.08365585327148395
fold_municipality_grouped,G1_agronomic,XGBoostLarge,4,AGC_155,4.52,4.3552565574646,0.16474344253539996
fold_municipality_grouped,G1_agronomic,XGBoostLarge,4,AGC_159,4.77,4.618933200836182,0.15106679916381793
fold_municipality_grouped,G1_agronomic,XGBoostLarge,4,AGC_160,3.62,4.346127510070801,-0.7261275100708007
fold_municipality_grouped,G1_agronomic,XGBoostLarge,4,AGC_161,4.46,4.415072917938232,0.04492708206176754
fold_municipality_grouped,G1_agronomic,XGBoostLarge,4,AGC_162,5.59,3.9994609355926514,1.5905390644073485
fold_municipality_grouped,G1_agronomic,XGBoostLarge,4,AGC_164,3.0,2.8202691078186035,0.17973089218139648
fold_municipality_grouped,G1_agronomic,XGBoostLarge,4,AGC_165,4.44,4.0574445724487305,0.3825554275512699
fold_municipality_grouped,G1_agronomic,XGBoostLarge,4,AGC_167,4.54,4.456637382507324,0.08336261749267582
fold_municipality_grouped,G1_agronomic,XGBoostLarge,4,AGC_168,4.49,4.358827590942383,0.1311724090576174
fold_municipality_grouped,G1_agronomic,XGBoostLarge,4,AGC_171,2.15,4.141730308532715,-1.991730308532715
fold_municipality_grouped,G1_agronomic,XGBoostLarge,4,AGC_172,5.19,4.138546943664551,1.0514530563354496
fold_municipality_grouped,G1_agronomic,XGBoostLarge,4,AGC_176,4.38,4.35353946685791,0.026460533142089737
fold_municipality_grouped,G1_agronomic,XGBoostLarge,4,AGC_178,4.39,3.7208664417266846,0.6691335582733151
fold_municipality_grouped,G1_agronomic,XGBoostLarge,4,AGC_179,4.55,4.306366443634033,0.24363355636596662
fold_municipality_grouped,G1_agronomic,XGBoostLarge,4,AGC_181,4.51,4.2243804931640625,0.2856195068359373
fold_municipality_grouped,G1_agronomic,XGBoostLarge,4,AGC_185,5.01,4.121136665344238,0.8888633346557615
fold_municipality_grouped,G1_agronomic,XGBoostLarge,4,AGC_189,4.03,4.296317100524902,-0.2663171005249021
fold_municipality_grouped,G1_agronomic,XGBoostLarge,4,AGC_193,4.57,3.9631361961364746,0.6068638038635257
fold_municipality_grouped,G1_agronomic,XGBoostLarge,4,AGC_195,3.68,4.17915153503418,-0.4991515350341795
fold_municipality_grouped,G1_agronomic,XGBoostLarge,4,AGC_197,4.52,3.778822183609009,0.7411778163909908
fold_municipality_grouped,G1_agronomic,XGBoostLarge,5,AGC_009,4.79,4.560637474060059,0.22936252593994144
fold_municipality_grouped,G1_agronomic,XGBoostLarge,5,AGC_035,4.68,3.7475874423980713,0.9324125576019284
fold_municipality_grouped,G1_agronomic,XGBoostLarge,5,AGC_048,2.5,3.692347764968872,-1.192347764968872
fold_municipality_grouped,G1_agronomic,XGBoostLarge,5,AGC_064,4.51,4.594748497009277,-0.08474849700927756
fold_municipality_grouped,G1_agronomic,XGBoostLarge,5,AGC_083,4.61,3.7553093433380127,0.8546906566619876
fold_municipality_grouped,G1_agronomic,XGBoostLarge,5,AGC_119,4.4,4.495054244995117,-0.09505424499511683
fold_state_stratified,G2_base_agro,XGBoostLarge,1,AGC_009,4.79,4.488441467285156,0.3015585327148438
fold_state_stratified,G2_base_agro,XGBoostLarge,1,AGC_015,2.64,5.040768623352051,-2.4007686233520507
fold_state_stratified,G2_base_agro,XGBoostLarge,1,AGC_017,4.98,4.596185207366943,0.38381479263305707
fold_state_stratified,G2_base_agro,XGBoostLarge,1,AGC_032,4.03,4.617609977722168,-0.5876099777221677
fold_state_stratified,G2_base_agro,XGBoostLarge,1,AGC_045,4.1,4.628933906555176,-0.5289339065551761
fold_state_stratified,G2_base_agro,XGBoostLarge,1,AGC_054,2.5,2.914486885070801,-0.4144868850708008
fold_state_stratified,G2_base_agro,XGBoostLarge,1,AGC_058,2.5,3.206963300704956,-0.706963300704956
fold_state_stratified,G2_base_agro,XGBoostLarge,1,AGC_068,2.5,3.0080082416534424,-0.5080082416534424
fold_state_stratified,G2_base_agro,XGBoostLarge,1,AGC_073,4.3,4.2946367263793945,0.005363273620605291
fold_state_stratified,G2_base_agro,XGBoostLarge,1,AGC_079,3.3,3.0262556076049805,0.27374439239501935
fold_state_stratified,G2_base_agro,XGBoostLarge,1,AGC_083,4.61,4.090146541595459,0.5198534584045413
fold_state_stratified,G2_base_agro,XGBoostLarge,1,AGC_090,4.68,4.423828601837158,0.2561713981628415
fold_state_stratified,G2_base_agro,XGBoostLarge,1,AGC_102,4.4,4.116485118865967,0.28351488113403356
fold_state_stratified,G2_base_agro,XGBoostLarge,1,AGC_103,3.0,3.062396764755249,-0.06239676475524902
fold_state_stratified,G2_base_agro,XGBoostLarge,1,AGC_111,4.72,4.544816970825195,0.17518302917480444
fold_state_stratified,G2_base_agro,XGBoostLarge,1,AGC_112,3.0,3.001269817352295,-0.0012698173522949219
fold_state_stratified,G2_base_agro,XGBoostLarge,1,AGC_117,3.5,3.2743592262268066,0.22564077377319336
fold_state_stratified,G2_base_agro,XGBoostLarge,1,AGC_119,4.4,4.4870991706848145,-0.0870991706848141
fold_state_stratified,G2_base_agro,XGBoostLarge,1,AGC_121,3.3,2.8989768028259277,0.4010231971740721
fold_state_stratified,G2_base_agro,XGBoostLarge,1,AGC_127,5.57,4.559667587280273,1.0103324127197268
fold_state_stratified,G2_base_agro,XGBoostLarge,1,AGC_133,3.91,4.414218902587891,-0.5042189025878905
fold_state_stratified,G2_base_agro,XGBoostLarge,1,AGC_139,4.67,4.372404098510742,0.29759590148925774
fold_state_stratified,G2_base_agro,XGBoostLarge,1,AGC_159,4.77,4.737062454223633,0.03293754577636676
fold_state_stratified,G2_base_agro,XGBoostLarge,1,AGC_161,4.46,4.847820281982422,-0.3878202819824219
fold_state_stratified,G2_base_agro,XGBoostLarge,1,AGC_164,3.0,3.1129701137542725,-0.11297011375427246
fold_state_stratified,G2_base_agro,XGBoostLarge,1,AGC_167,4.54,4.728079319000244,-0.1880793190002441
fold_state_stratified,G2_base_agro,XGBoostLarge,1,AGC_180,4.14,4.44010066986084,-0.30010066986084016
fold_state_stratified,G2_base_agro,XGBoostLarge,1,AGC_187,3.0,3.0618391036987305,-0.06183910369873047
fold_state_stratified,G2_base_agro,XGBoostLarge,2,AGC_008,4.55,4.158380031585693,0.39161996841430646
fold_state_stratified,G2_base_agro,XGBoostLarge,2,AGC_024,3.03,4.284264087677002,-1.2542640876770021
fold_state_stratified,G2_base_agro,XGBoostLarge,2,AGC_033,4.47,4.5042724609375,-0.03427246093750025
fold_state_stratified,G2_base_agro,XGBoostLarge,2,AGC_037,3.5,3.03249454498291,0.46750545501708984
fold_state_stratified,G2_base_agro,XGBoostLarge,2,AGC_040,3.0,3.1417226791381836,-0.1417226791381836
fold_state_stratified,G2_base_agro,XGBoostLarge,2,AGC_047,4.45,3.716038703918457,0.7339612960815431
fold_state_stratified,G2_base_agro,XGBoostLarge,2,AGC_049,5.53,4.453016757965088,1.0769832420349124
fold_state_stratified,G2_base_agro,XGBoostLarge,2,AGC_053,3.5,3.167038917541504,0.3329610824584961
fold_state_stratified,G2_base_agro,XGBoostLarge,2,AGC_055,5.45,4.461827754974365,0.9881722450256349
fold_state_stratified,G2_base_agro,XGBoostLarge,2,AGC_062,3.81,4.580507278442383,-0.7705072784423828
fold_state_stratified,G2_base_agro,XGBoostLarge,2,AGC_064,4.51,4.752718925476074,-0.24271892547607443
fold_state_stratified,G2_base_agro,XGBoostLarge,2,AGC_078,3.0,3.3028674125671387,-0.30286741256713867
fold_state_stratified,G2_base_agro,XGBoostLarge,2,AGC_098,3.0,3.452054262161255,-0.4520542621612549
fold_state_stratified,G2_base_agro,XGBoostLarge,2,AGC_100,4.5,4.5796966552734375,-0.0796966552734375
fold_state_stratified,G2_base_agro,XGBoostLarge,2,AGC_108,4.51,4.613218784332275,-0.1032187843322756
fold_state_stratified,G2_base_agro,XGBoostLarge,2,AGC_124,5.05,4.927065372467041,0.1229346275329588
fold_state_stratified,G2_base_agro,XGBoostLarge,2,AGC_125,4.06,4.355090618133545,-0.2950906181335453
fold_state_stratified,G2_base_agro,XGBoostLarge,2,AGC_131,4.89,4.414976119995117,0.4750238800048825
fold_state_stratified,G2_base_agro,XGBoostLarge,2,AGC_134,4.52,4.451866149902344,0.06813385009765582
fold_state_stratified,G2_base_agro,XGBoostLarge,2,AGC_135,4.49,4.589460849761963,-0.09946084976196268
fold_state_stratified,G2_base_agro,XGBoostLarge,2,AGC_145,3.5,3.121678590774536,0.37832140922546387
fold_state_stratified,G2_base_agro,XGBoostLarge,2,AGC_150,4.52,4.37633752822876,0.1436624717712398
fold_state_stratified,G2_base_agro,XGBoostLarge,2,AGC_151,4.69,4.535473823547363,0.1545261764526371
fold_state_stratified,G2_base_agro,XGBoostLarge,2,AGC_157,3.0,3.343423843383789,-0.34342384338378906
fold_state_stratified,G2_base_agro,XGBoostLarge,2,AGC_160,3.62,4.809001922607422,-1.1890019226074218
fold_state_stratified,G2_base_agro,XGBoostLarge,2,AGC_166,2.5,3.254714012145996,-0.7547140121459961
fold_state_stratified,G2_base_agro,XGBoostLarge,2,AGC_193,4.57,4.062729835510254,0.5072701644897464
fold_state_stratified,G2_base_agro,XGBoostLarge,2,AGC_194,3.2,2.9715616703033447,0.22843832969665545
fold_state_stratified,G2_base_agro,XGBoostLarge,3,AGC_004,3.0,3.141019105911255,-0.14101910591125488
fold_state_stratified,G2_base_agro,XGBoostLarge,3,AGC_005,5.16,4.34185266494751,0.8181473350524904
fold_state_stratified,G2_base_agro,XGBoostLarge,3,AGC_010,4.1,3.9527246952056885,0.14727530479431117
fold_state_stratified,G2_base_agro,XGBoostLarge,3,AGC_014,4.83,4.243076324462891,0.5869236755371094
fold_state_stratified,G2_base_agro,XGBoostLarge,3,AGC_018,4.49,4.4864301681518555,0.0035698318481447444
fold_state_stratified,G2_base_agro,XGBoostLarge,3,AGC_021,4.94,4.377457618713379,0.5625423812866215
fold_state_stratified,G2_base_agro,XGBoostLarge,3,AGC_023,3.0,2.975161552429199,0.02483844757080078
fold_state_stratified,G2_base_agro,XGBoostLarge,3,AGC_038,3.3,3.1248602867126465,0.17513971328735334
fold_state_stratified,G2_base_agro,XGBoostLarge,3,AGC_044,3.5,3.1726741790771484,0.32732582092285156
fold_state_stratified,G2_base_agro,XGBoostLarge,3,AGC_051,4.45,4.031850337982178,0.41814966201782244
fold_state_stratified,G2_base_agro,XGBoostLarge,3,AGC_059,4.41,4.147998809814453,0.262001190185547
fold_state_stratified,G2_base_agro,XGBoostLarge,3,AGC_066,3.0,2.7470483779907227,0.25295162200927734
fold_state_stratified,G2_base_agro,XGBoostLarge,3,AGC_067,3.0,3.36879825592041,-0.36879825592041016
fold_state_stratified,G2_base_agro,XGBoostLarge,3,AGC_069,5.46,4.442516326904297,1.017483673095703
fold_state_stratified,G2_base_agro,XGBoostLarge,3,AGC_070,3.3,3.228168249130249,0.0718317508697508
fold_state_stratified,G2_base_agro,XGBoostLarge,3,AGC_072,4.55,3.9859213829040527,0.5640786170959471
fold_state_stratified,G2_base_agro,XGBoostLarge,3,AGC_074,2.5,3.292280912399292,-0.792280912399292
fold_state_stratified,G2_base_agro,XGBoostLarge,3,AGC_077,4.76,4.497034072875977,0.2629659271240232
fold_state_stratified,G2_base_agro,XGBoostLarge,3,AGC_089,3.0,3.2004146575927734,-0.20041465759277344
fold_state_stratified,G2_base_agro,XGBoostLarge,3,AGC_097,4.69,4.420974254608154,0.2690257453918461
fold_state_stratified,G2_base_agro,XGBoostLarge,3,AGC_106,4.43,3.7667129039764404,0.6632870960235593
fold_state_stratified,G2_base_agro,XGBoostLarge,3,AGC_110,4.18,3.95120906829834,0.22879093170165987
fold_state_stratified,G2_base_agro,XGBoostLarge,3,AGC_138,2.5,3.291398525238037,-0.7913985252380371
fold_state_stratified,G2_base_agro,XGBoostLarge,3,AGC_155,4.52,4.426558494567871,0.09344150543212848
fold_state_stratified,G2_base_agro,XGBoostLarge,3,AGC_163,3.0,3.0013949871063232,-0.0013949871063232422
fold_state_stratified,G2_base_agro,XGBoostLarge,3,AGC_165,4.44,4.224154472351074,0.21584552764892617
fold_state_stratified,G2_base_agro,XGBoostLarge,3,AGC_196,3.5,3.3688368797302246,0.1311631202697754
fold_state_stratified,G2_base_agro,XGBoostLarge,3,AGC_197,4.52,4.214794635772705,0.3052053642272945
fold_state_stratified,G2_base_agro,XGBoostLarge,4,AGC_007,3.5,3.0636935234069824,0.4363064765930176
fold_state_stratified,G2_base_agro,XGBoostLarge,4,AGC_012,4.69,4.895913600921631,-0.20591360092163047
fold_state_stratified,G2_base_agro,XGBoostLarge,4,AGC_019,3.0,3.007885456085205,-0.007885456085205078
fold_state_stratified,G2_base_agro,XGBoostLarge,4,AGC_022,4.55,4.409310817718506,0.14068918228149396
fold_state_stratified,G2_base_agro,XGBoostLarge,4,AGC_026,3.55,4.317069053649902,-0.7670690536499025
fold_state_stratified,G2_base_agro,XGBoostLarge,4,AGC_041,2.5,3.1319336891174316,-0.6319336891174316
fold_state_stratified,G2_base_agro,XGBoostLarge,4,AGC_048,2.5,3.3995463848114014,-0.8995463848114014
fold_state_stratified,G2_base_agro,XGBoostLarge,4,AGC_056,5.07,4.796281337738037,0.2737186622619632
fold_state_stratified,G2_base_agro,XGBoostLarge,4,AGC_080,3.5,3.1531243324279785,0.3468756675720215
fold_state_stratified,G2_base_agro,XGBoostLarge,4,AGC_081,3.7,3.1871914863586426,0.5128085136413576
fold_state_stratified,G2_base_agro,XGBoostLarge,4,AGC_099,3.5,3.073422908782959,0.426577091217041
fold_state_stratified,G2_base_agro,XGBoostLarge,4,AGC_104,4.56,4.353496551513672,0.20650344848632773
fold_state_stratified,G2_base_agro,XGBoostLarge,4,AGC_109,4.54,4.586102485656738,-0.046102485656738246
fold_state_stratified,G2_base_agro,XGBoostLarge,4,AGC_115,4.6,4.299939155578613,0.30006084442138636
fold_state_stratified,G2_base_agro,XGBoostLarge,4,AGC_122,3.5,2.750420570373535,0.7495794296264648
fold_state_stratified,G2_base_agro,XGBoostLarge,4,AGC_132,4.13,4.489430904388428,-0.35943090438842784
fold_state_stratified,G2_base_agro,XGBoostLarge,4,AGC_140,3.2,2.953047275543213,0.2469527244567873
fold_state_stratified,G2_base_agro,XGBoostLarge,4,AGC_144,2.5,2.947725534439087,-0.4477255344390869
fold_state_stratified,G2_base_agro,XGBoostLarge,4,AGC_148,3.0,2.979490280151367,0.020509719848632812
fold_state_stratified,G2_base_agro,XGBoostLarge,4,AGC_152,4.87,4.518063068389893,0.35193693161010753
fold_state_stratified,G2_base_agro,XGBoostLarge,4,AGC_168,4.49,4.499553680419922,-0.009553680419921662
fold_state_stratified,G2_base_agro,XGBoostLarge,4,AGC_170,3.0,3.0994763374328613,-0.09947633743286133
fold_state_stratified,G2_base_agro,XGBoostLarge,4,AGC_171,2.15,4.341098308563232,-2.1910983085632325
fold_state_stratified,G2_base_agro,XGBoostLarge,4,AGC_172,5.19,4.531917572021484,0.658082427978516
fold_state_stratified,G2_base_agro,XGBoostLarge,4,AGC_176,4.38,4.203792572021484,0.17620742797851552
fold_state_stratified,G2_base_agro,XGBoostLarge,4,AGC_178,4.39,4.411938667297363,-0.0219386672973636
fold_state_stratified,G2_base_agro,XGBoostLarge,4,AGC_181,4.51,4.5974578857421875,-0.08745788574218771
fold_state_stratified,G2_base_agro,XGBoostLarge,5,AGC_001,3.5,2.934009552001953,0.5659904479980469
fold_state_stratified,G2_base_agro,XGBoostLarge,5,AGC_002,4.63,4.298492431640625,0.3315075683593749
fold_state_stratified,G2_base_agro,XGBoostLarge,5,AGC_006,4.49,4.344400882720947,0.14559911727905295
fold_state_stratified,G2_base_agro,XGBoostLarge,5,AGC_013,4.01,4.16024923324585,-0.15024923324584982
fold_state_stratified,G2_base_agro,XGBoostLarge,5,AGC_020,3.5,3.312795639038086,0.18720436096191406
fold_state_stratified,G2_base_agro,XGBoostLarge,5,AGC_034,2.0,3.197768449783325,-1.1977684497833252
fold_state_stratified,G2_base_agro,XGBoostLarge,5,AGC_035,4.68,4.033782958984375,0.6462170410156247
fold_state_stratified,G2_base_agro,XGBoostLarge,5,AGC_046,3.0,3.0223536491394043,-0.022353649139404297
fold_state_stratified,G2_base_agro,XGBoostLarge,5,AGC_057,4.55,4.601694107055664,-0.05169410705566424
fold_state_stratified,G2_base_agro,XGBoostLarge,5,AGC_060,4.52,4.934123516082764,-0.4141235160827641
fold_state_stratified,G2_base_agro,XGBoostLarge,5,AGC_084,4.54,4.570589065551758,-0.030589065551757777
fold_state_stratified,G2_base_agro,XGBoostLarge,5,AGC_092,4.57,4.187037944793701,0.3829620552062991
fold_state_stratified,G2_base_agro,XGBoostLarge,5,AGC_096,4.59,4.131452560424805,0.45854743957519517
fold_state_stratified,G2_base_agro,XGBoostLarge,5,AGC_101,4.57,3.798535108566284,0.7714648914337161
fold_state_stratified,G2_base_agro,XGBoostLarge,5,AGC_105,4.41,4.5278239250183105,-0.1178239250183104
fold_state_stratified,G2_base_agro,XGBoostLarge,5,AGC_114,3.0,2.9981255531311035,0.0018744468688964844
fold_state_stratified,G2_base_agro,XGBoostLarge,5,AGC_123,2.5,3.0797524452209473,-0.5797524452209473
fold_state_stratified,G2_base_agro,XGBoostLarge,5,AGC_137,4.54,4.390535831451416,0.14946416854858402
fold_state_stratified,G2_base_agro,XGBoostLarge,5,AGC_141,3.5,3.0740737915039062,0.42592620849609375
fold_state_stratified,G2_base_agro,XGBoostLarge,5,AGC_146,4.58,4.774170875549316,-0.19417087554931634
fold_state_stratified,G2_base_agro,XGBoostLarge,5,AGC_162,5.59,4.382293701171875,1.2077062988281249
fold_state_stratified,G2_base_agro,XGBoostLarge,5,AGC_169,2.5,3.0025453567504883,-0.5025453567504883
fold_state_stratified,G2_base_agro,XGBoostLarge,5,AGC_179,4.55,4.366184234619141,0.1838157653808592
fold_state_stratified,G2_base_agro,XGBoostLarge,5,AGC_184,4.47,4.501768112182617,-0.031768112182617436
fold_state_stratified,G2_base_agro,XGBoostLarge,5,AGC_185,5.01,4.497819900512695,0.5121800994873045
fold_state_stratified,G2_base_agro,XGBoostLarge,5,AGC_189,4.03,4.552087783813477,-0.5220877838134763
fold_state_stratified,G2_base_agro,XGBoostLarge,5,AGC_195,3.68,4.1841559410095215,-0.5041559410095213
fold_municipality_grouped,G2_base_agro,XGBoostLarge,1,AGC_001,3.5,3.135678291320801,0.3643217086791992
fold_municipality_grouped,G2_base_agro,XGBoostLarge,1,AGC_004,3.0,3.5153918266296387,-0.5153918266296387
fold_municipality_grouped,G2_base_agro,XGBoostLarge,1,AGC_019,3.0,3.117521286010742,-0.11752128601074219
fold_municipality_grouped,G2_base_agro,XGBoostLarge,1,AGC_020,3.5,3.4451115131378174,0.05488848686218262
fold_municipality_grouped,G2_base_agro,XGBoostLarge,1,AGC_023,3.0,2.9745349884033203,0.025465011596679688
fold_municipality_grouped,G2_base_agro,XGBoostLarge,1,AGC_037,3.5,3.5270888805389404,-0.02708888053894043
fold_municipality_grouped,G2_base_agro,XGBoostLarge,1,AGC_040,3.0,3.390167713165283,-0.3901677131652832
fold_municipality_grouped,G2_base_agro,XGBoostLarge,1,AGC_044,3.5,3.128420114517212,0.3715798854827881
fold_municipality_grouped,G2_base_agro,XGBoostLarge,1,AGC_046,3.0,3.234215259552002,-0.23421525955200195
fold_municipality_grouped,G2_base_agro,XGBoostLarge,1,AGC_053,3.5,3.430023193359375,0.069976806640625
fold_municipality_grouped,G2_base_agro,XGBoostLarge,1,AGC_054,2.5,2.792945384979248,-0.29294538497924805
fold_municipality_grouped,G2_base_agro,XGBoostLarge,1,AGC_058,2.5,3.4885895252227783,-0.9885895252227783
fold_municipality_grouped,G2_base_agro,XGBoostLarge,1,AGC_066,3.0,3.1754138469696045,-0.1754138469696045
fold_municipality_grouped,G2_base_agro,XGBoostLarge,1,AGC_068,2.5,3.5015323162078857,-1.0015323162078857
fold_municipality_grouped,G2_base_agro,XGBoostLarge,1,AGC_074,2.5,3.3449549674987793,-0.8449549674987793
fold_municipality_grouped,G2_base_agro,XGBoostLarge,1,AGC_098,3.0,3.3438456058502197,-0.3438456058502197
fold_municipality_grouped,G2_base_agro,XGBoostLarge,1,AGC_099,3.5,3.7526214122772217,-0.2526214122772217
fold_municipality_grouped,G2_base_agro,XGBoostLarge,1,AGC_103,3.0,3.0817360877990723,-0.08173608779907227
fold_municipality_grouped,G2_base_agro,XGBoostLarge,1,AGC_112,3.0,3.4200401306152344,-0.4200401306152344
fold_municipality_grouped,G2_base_agro,XGBoostLarge,1,AGC_114,3.0,3.228550910949707,-0.22855091094970703
fold_municipality_grouped,G2_base_agro,XGBoostLarge,1,AGC_117,3.5,3.633944034576416,-0.13394403457641602
fold_municipality_grouped,G2_base_agro,XGBoostLarge,1,AGC_122,3.5,3.030179262161255,0.4698207378387451
fold_municipality_grouped,G2_base_agro,XGBoostLarge,1,AGC_123,2.5,3.2162528038024902,-0.7162528038024902
fold_municipality_grouped,G2_base_agro,XGBoostLarge,1,AGC_138,2.5,3.5559182167053223,-1.0559182167053223
fold_municipality_grouped,G2_base_agro,XGBoostLarge,1,AGC_141,3.5,3.4121460914611816,0.08785390853881836
fold_municipality_grouped,G2_base_agro,XGBoostLarge,1,AGC_144,2.5,3.0801377296447754,-0.5801377296447754
fold_municipality_grouped,G2_base_agro,XGBoostLarge,1,AGC_145,3.5,3.344115734100342,0.1558842658996582
fold_municipality_grouped,G2_base_agro,XGBoostLarge,1,AGC_157,3.0,3.4964587688446045,-0.4964587688446045
fold_municipality_grouped,G2_base_agro,XGBoostLarge,1,AGC_163,3.0,3.367863416671753,-0.36786341667175293
fold_municipality_grouped,G2_base_agro,XGBoostLarge,1,AGC_169,2.5,3.519498586654663,-1.019498586654663
fold_municipality_grouped,G2_base_agro,XGBoostLarge,1,AGC_170,3.0,3.2241947650909424,-0.22419476509094238
fold_municipality_grouped,G2_base_agro,XGBoostLarge,1,AGC_187,3.0,3.213834762573242,-0.2138347625732422
fold_municipality_grouped,G2_base_agro,XGBoostLarge,1,AGC_196,3.5,3.397922992706299,0.10207700729370117
fold_municipality_grouped,G2_base_agro,XGBoostLarge,2,AGC_007,3.5,4.012282848358154,-0.5122828483581543
fold_municipality_grouped,G2_base_agro,XGBoostLarge,2,AGC_034,2.0,4.103575229644775,-2.1035752296447754
fold_municipality_grouped,G2_base_agro,XGBoostLarge,2,AGC_038,3.3,4.071976661682129,-0.7719766616821291
fold_municipality_grouped,G2_base_agro,XGBoostLarge,2,AGC_041,2.5,4.163951873779297,-1.6639518737792969
fold_municipality_grouped,G2_base_agro,XGBoostLarge,2,AGC_067,3.0,4.199833393096924,-1.1998333930969238
fold_municipality_grouped,G2_base_agro,XGBoostLarge,2,AGC_070,3.3,3.9875266551971436,-0.6875266551971437
fold_municipality_grouped,G2_base_agro,XGBoostLarge,2,AGC_078,3.0,4.009159088134766,-1.0091590881347656
fold_municipality_grouped,G2_base_agro,XGBoostLarge,2,AGC_079,3.3,4.03657341003418,-0.7365734100341799
fold_municipality_grouped,G2_base_agro,XGBoostLarge,2,AGC_080,3.5,3.9169116020202637,-0.41691160202026367
fold_municipality_grouped,G2_base_agro,XGBoostLarge,2,AGC_081,3.7,4.226912021636963,-0.5269120216369627
fold_municipality_grouped,G2_base_agro,XGBoostLarge,2,AGC_089,3.0,3.961735486984253,-0.9617354869842529
fold_municipality_grouped,G2_base_agro,XGBoostLarge,2,AGC_121,3.3,4.088102340698242,-0.7881023406982424
fold_municipality_grouped,G2_base_agro,XGBoostLarge,2,AGC_140,3.2,4.0841569900512695,-0.8841569900512694
fold_municipality_grouped,G2_base_agro,XGBoostLarge,2,AGC_148,3.0,3.7866621017456055,-0.7866621017456055
fold_municipality_grouped,G2_base_agro,XGBoostLarge,2,AGC_166,2.5,4.25337028503418,-1.7533702850341797
fold_municipality_grouped,G2_base_agro,XGBoostLarge,2,AGC_194,3.2,4.4289960861206055,-1.2289960861206053
fold_municipality_grouped,G2_base_agro,XGBoostLarge,3,AGC_051,4.45,3.672999620437622,0.7770003795623781
fold_municipality_grouped,G2_base_agro,XGBoostLarge,3,AGC_059,4.41,3.7609870433807373,0.6490129566192628
fold_municipality_grouped,G2_base_agro,XGBoostLarge,3,AGC_084,4.54,4.073831081390381,0.4661689186096192
fold_municipality_grouped,G2_base_agro,XGBoostLarge,3,AGC_134,4.52,4.216142654418945,0.30385734558105426
fold_municipality_grouped,G2_base_agro,XGBoostLarge,3,AGC_137,4.54,4.0373334884643555,0.5026665115356446
fold_municipality_grouped,G2_base_agro,XGBoostLarge,3,AGC_146,4.58,4.495572566986084,0.08442743301391609
fold_municipality_grouped,G2_base_agro,XGBoostLarge,3,AGC_151,4.69,4.198473930358887,0.49152606964111367
fold_municipality_grouped,G2_base_agro,XGBoostLarge,3,AGC_152,4.87,3.862860918045044,1.0071390819549562
fold_municipality_grouped,G2_base_agro,XGBoostLarge,3,AGC_180,4.14,3.8793392181396484,0.26066078186035124
fold_municipality_grouped,G2_base_agro,XGBoostLarge,3,AGC_184,4.47,4.313015937805176,0.15698406219482397
fold_municipality_grouped,G2_base_agro,XGBoostLarge,4,AGC_002,4.63,3.6800622940063477,0.9499377059936522
fold_municipality_grouped,G2_base_agro,XGBoostLarge,4,AGC_005,5.16,4.0300517082214355,1.1299482917785646
fold_municipality_grouped,G2_base_agro,XGBoostLarge,4,AGC_006,4.49,3.6047861576080322,0.885213842391968
fold_municipality_grouped,G2_base_agro,XGBoostLarge,4,AGC_008,4.55,4.038144588470459,0.5118554115295408
fold_municipality_grouped,G2_base_agro,XGBoostLarge,4,AGC_010,4.1,3.8861606121063232,0.2138393878936764
fold_municipality_grouped,G2_base_agro,XGBoostLarge,4,AGC_012,4.69,3.714719772338867,0.9752802276611332
fold_municipality_grouped,G2_base_agro,XGBoostLarge,4,AGC_013,4.01,3.4504308700561523,0.5595691299438474
fold_municipality_grouped,G2_base_agro,XGBoostLarge,4,AGC_014,4.83,4.099308013916016,0.7306919860839844
fold_municipality_grouped,G2_base_agro,XGBoostLarge,4,AGC_015,2.64,3.6572587490081787,-1.0172587490081786
fold_municipality_grouped,G2_base_agro,XGBoostLarge,4,AGC_017,4.98,3.7063169479370117,1.2736830520629887
fold_municipality_grouped,G2_base_agro,XGBoostLarge,4,AGC_018,4.49,3.758134126663208,0.7318658733367922
fold_municipality_grouped,G2_base_agro,XGBoostLarge,4,AGC_021,4.94,3.4060513973236084,1.533948602676392
fold_municipality_grouped,G2_base_agro,XGBoostLarge,4,AGC_022,4.55,3.919433355331421,0.6305666446685789
fold_municipality_grouped,G2_base_agro,XGBoostLarge,4,AGC_024,3.03,3.818542718887329,-0.7885427188873293
fold_municipality_grouped,G2_base_agro,XGBoostLarge,4,AGC_026,3.55,3.828042507171631,-0.27804250717163104
fold_municipality_grouped,G2_base_agro,XGBoostLarge,4,AGC_032,4.03,3.6838064193725586,0.34619358062744165
fold_municipality_grouped,G2_base_agro,XGBoostLarge,4,AGC_033,4.47,3.4254860877990723,1.0445139122009275
fold_municipality_grouped,G2_base_agro,XGBoostLarge,4,AGC_045,4.1,3.794588088989258,0.30541191101074183
fold_municipality_grouped,G2_base_agro,XGBoostLarge,4,AGC_047,4.45,3.595187187194824,0.854812812805176
fold_municipality_grouped,G2_base_agro,XGBoostLarge,4,AGC_049,5.53,3.6793932914733887,1.8506067085266116
fold_municipality_grouped,G2_base_agro,XGBoostLarge,4,AGC_055,5.45,3.7195212841033936,1.7304787158966066
fold_municipality_grouped,G2_base_agro,XGBoostLarge,4,AGC_056,5.07,3.423574447631836,1.6464255523681643
fold_municipality_grouped,G2_base_agro,XGBoostLarge,4,AGC_057,4.55,3.6230475902557373,0.9269524097442625
fold_municipality_grouped,G2_base_agro,XGBoostLarge,4,AGC_060,4.52,3.705087661743164,0.8149123382568355
fold_municipality_grouped,G2_base_agro,XGBoostLarge,4,AGC_062,3.81,3.8485875129699707,-0.03858751296997065
fold_municipality_grouped,G2_base_agro,XGBoostLarge,4,AGC_069,5.46,3.690073251724243,1.7699267482757568
fold_municipality_grouped,G2_base_agro,XGBoostLarge,4,AGC_072,4.55,3.383084535598755,1.166915464401245
fold_municipality_grouped,G2_base_agro,XGBoostLarge,4,AGC_073,4.3,3.789064407348633,0.510935592651367
fold_municipality_grouped,G2_base_agro,XGBoostLarge,4,AGC_077,4.76,3.4404101371765137,1.3195898628234861
fold_municipality_grouped,G2_base_agro,XGBoostLarge,4,AGC_090,4.68,4.102221488952637,0.577778511047363
fold_municipality_grouped,G2_base_agro,XGBoostLarge,4,AGC_092,4.57,3.5745179653167725,0.9954820346832278
fold_municipality_grouped,G2_base_agro,XGBoostLarge,4,AGC_096,4.59,3.7520554065704346,0.8379445934295653
fold_municipality_grouped,G2_base_agro,XGBoostLarge,4,AGC_097,4.69,3.431966543197632,1.2580334568023686
fold_municipality_grouped,G2_base_agro,XGBoostLarge,4,AGC_100,4.5,3.9871785640716553,0.5128214359283447
fold_municipality_grouped,G2_base_agro,XGBoostLarge,4,AGC_101,4.57,3.7145066261291504,0.8554933738708499
fold_municipality_grouped,G2_base_agro,XGBoostLarge,4,AGC_102,4.4,3.7745208740234375,0.6254791259765629
fold_municipality_grouped,G2_base_agro,XGBoostLarge,4,AGC_104,4.56,4.061603546142578,0.4983964538574215
fold_municipality_grouped,G2_base_agro,XGBoostLarge,4,AGC_105,4.41,3.6456592082977295,0.7643407917022706
fold_municipality_grouped,G2_base_agro,XGBoostLarge,4,AGC_106,4.43,3.77447509765625,0.6555249023437497
fold_municipality_grouped,G2_base_agro,XGBoostLarge,4,AGC_108,4.51,3.4510531425476074,1.0589468574523924
fold_municipality_grouped,G2_base_agro,XGBoostLarge,4,AGC_109,4.54,3.511282444000244,1.028717555999756
fold_municipality_grouped,G2_base_agro,XGBoostLarge,4,AGC_110,4.18,3.92397403717041,0.25602596282958956
fold_municipality_grouped,G2_base_agro,XGBoostLarge,4,AGC_111,4.72,3.4328718185424805,1.2871281814575193
fold_municipality_grouped,G2_base_agro,XGBoostLarge,4,AGC_115,4.6,3.5115292072296143,1.0884707927703854
fold_municipality_grouped,G2_base_agro,XGBoostLarge,4,AGC_124,5.05,3.6943416595458984,1.3556583404541014
fold_municipality_grouped,G2_base_agro,XGBoostLarge,4,AGC_125,4.06,4.160101890563965,-0.10010189056396523
fold_municipality_grouped,G2_base_agro,XGBoostLarge,4,AGC_127,5.57,4.045107364654541,1.5248926353454593
fold_municipality_grouped,G2_base_agro,XGBoostLarge,4,AGC_131,4.89,4.095118045806885,0.7948819541931149
fold_municipality_grouped,G2_base_agro,XGBoostLarge,4,AGC_132,4.13,3.5650177001953125,0.5649822998046874
fold_municipality_grouped,G2_base_agro,XGBoostLarge,4,AGC_133,3.91,3.4944536685943604,0.4155463314056398
fold_municipality_grouped,G2_base_agro,XGBoostLarge,4,AGC_135,4.49,3.382873296737671,1.1071267032623293
fold_municipality_grouped,G2_base_agro,XGBoostLarge,4,AGC_139,4.67,3.554565906524658,1.1154340934753417
fold_municipality_grouped,G2_base_agro,XGBoostLarge,4,AGC_150,4.52,4.1085309982299805,0.4114690017700191
fold_municipality_grouped,G2_base_agro,XGBoostLarge,4,AGC_155,4.52,3.8334803581237793,0.6865196418762203
fold_municipality_grouped,G2_base_agro,XGBoostLarge,4,AGC_159,4.77,3.7405898571014404,1.0294101428985591
fold_municipality_grouped,G2_base_agro,XGBoostLarge,4,AGC_160,3.62,3.675551176071167,-0.055551176071166886
fold_municipality_grouped,G2_base_agro,XGBoostLarge,4,AGC_161,4.46,3.6983726024627686,0.7616273975372314
fold_municipality_grouped,G2_base_agro,XGBoostLarge,4,AGC_162,5.59,3.33990216255188,2.25009783744812
fold_municipality_grouped,G2_base_agro,XGBoostLarge,4,AGC_164,3.0,3.357600212097168,-0.35760021209716797
fold_municipality_grouped,G2_base_agro,XGBoostLarge,4,AGC_165,4.44,3.4166479110717773,1.023352088928223
fold_municipality_grouped,G2_base_agro,XGBoostLarge,4,AGC_167,4.54,3.968132734298706,0.571867265701294
fold_municipality_grouped,G2_base_agro,XGBoostLarge,4,AGC_168,4.49,3.735400676727295,0.7545993232727053
fold_municipality_grouped,G2_base_agro,XGBoostLarge,4,AGC_171,2.15,3.7601137161254883,-1.6101137161254884
fold_municipality_grouped,G2_base_agro,XGBoostLarge,4,AGC_172,5.19,3.495401620864868,1.6945983791351322
fold_municipality_grouped,G2_base_agro,XGBoostLarge,4,AGC_176,4.38,3.5448575019836426,0.8351424980163573
fold_municipality_grouped,G2_base_agro,XGBoostLarge,4,AGC_178,4.39,3.518160343170166,0.8718396568298337
fold_municipality_grouped,G2_base_agro,XGBoostLarge,4,AGC_179,4.55,3.6215624809265137,0.9284375190734862
fold_municipality_grouped,G2_base_agro,XGBoostLarge,4,AGC_181,4.51,3.570868492126465,0.9391315078735349
fold_municipality_grouped,G2_base_agro,XGBoostLarge,4,AGC_185,5.01,4.033009052276611,0.9769909477233885
fold_municipality_grouped,G2_base_agro,XGBoostLarge,4,AGC_189,4.03,3.9812464714050293,0.04875352859497095
fold_municipality_grouped,G2_base_agro,XGBoostLarge,4,AGC_193,4.57,3.7718496322631836,0.7981503677368167
fold_municipality_grouped,G2_base_agro,XGBoostLarge,4,AGC_195,3.68,3.8920319080352783,-0.21203190803527816
fold_municipality_grouped,G2_base_agro,XGBoostLarge,4,AGC_197,4.52,3.649962902069092,0.8700370979309078
fold_municipality_grouped,G2_base_agro,XGBoostLarge,5,AGC_009,4.79,4.705903053283691,0.08409694671630863
fold_municipality_grouped,G2_base_agro,XGBoostLarge,5,AGC_035,4.68,3.973198175430298,0.7068018245697019
fold_municipality_grouped,G2_base_agro,XGBoostLarge,5,AGC_048,2.5,3.395320177078247,-0.8953201770782471
fold_municipality_grouped,G2_base_agro,XGBoostLarge,5,AGC_064,4.51,4.874856472015381,-0.3648564720153811
fold_municipality_grouped,G2_base_agro,XGBoostLarge,5,AGC_083,4.61,4.112999439239502,0.49700056076049837
fold_municipality_grouped,G2_base_agro,XGBoostLarge,5,AGC_119,4.4,4.771745681762695,-0.37174568176269496
fold_state_stratified,G3_all_deterministic,XGBoostLarge,1,AGC_009,4.79,4.498074054718018,0.29192594528198246
fold_state_stratified,G3_all_deterministic,XGBoostLarge,1,AGC_015,2.64,5.008720397949219,-2.3687203979492186
fold_state_stratified,G3_all_deterministic,XGBoostLarge,1,AGC_017,4.98,4.624545097351074,0.3554549026489262
fold_state_stratified,G3_all_deterministic,XGBoostLarge,1,AGC_032,4.03,4.637165546417236,-0.6071655464172361
fold_state_stratified,G3_all_deterministic,XGBoostLarge,1,AGC_045,4.1,4.5525054931640625,-0.45250549316406286
fold_state_stratified,G3_all_deterministic,XGBoostLarge,1,AGC_054,2.5,2.9370312690734863,-0.43703126907348633
fold_state_stratified,G3_all_deterministic,XGBoostLarge,1,AGC_058,2.5,3.2344014644622803,-0.7344014644622803
fold_state_stratified,G3_all_deterministic,XGBoostLarge,1,AGC_068,2.5,3.061262845993042,-0.561262845993042
fold_state_stratified,G3_all_deterministic,XGBoostLarge,1,AGC_073,4.3,4.230172157287598,0.06982784271240217
fold_state_stratified,G3_all_deterministic,XGBoostLarge,1,AGC_079,3.3,2.9483370780944824,0.3516629219055174
fold_state_stratified,G3_all_deterministic,XGBoostLarge,1,AGC_083,4.61,4.038848400115967,0.5711515998840335
fold_state_stratified,G3_all_deterministic,XGBoostLarge,1,AGC_090,4.68,4.292259693145752,0.38774030685424776
fold_state_stratified,G3_all_deterministic,XGBoostLarge,1,AGC_102,4.4,4.12556266784668,0.27443733215332067
fold_state_stratified,G3_all_deterministic,XGBoostLarge,1,AGC_103,3.0,3.04384708404541,-0.043847084045410156
fold_state_stratified,G3_all_deterministic,XGBoostLarge,1,AGC_111,4.72,4.475147247314453,0.24485275268554663
fold_state_stratified,G3_all_deterministic,XGBoostLarge,1,AGC_112,3.0,3.0472755432128906,-0.047275543212890625
fold_state_stratified,G3_all_deterministic,XGBoostLarge,1,AGC_117,3.5,3.3913230895996094,0.10867691040039062
fold_state_stratified,G3_all_deterministic,XGBoostLarge,1,AGC_119,4.4,4.617155075073242,-0.21715507507324183
fold_state_stratified,G3_all_deterministic,XGBoostLarge,1,AGC_121,3.3,2.9012584686279297,0.39874153137207013
fold_state_stratified,G3_all_deterministic,XGBoostLarge,1,AGC_127,5.57,4.569825649261475,1.0001743507385257
fold_state_stratified,G3_all_deterministic,XGBoostLarge,1,AGC_133,3.91,4.330273628234863,-0.42027362823486314
fold_state_stratified,G3_all_deterministic,XGBoostLarge,1,AGC_139,4.67,4.175631523132324,0.4943684768676757
fold_state_stratified,G3_all_deterministic,XGBoostLarge,1,AGC_159,4.77,4.627345561981201,0.1426544380187984
fold_state_stratified,G3_all_deterministic,XGBoostLarge,1,AGC_161,4.46,4.763831615447998,-0.3038316154479981
fold_state_stratified,G3_all_deterministic,XGBoostLarge,1,AGC_164,3.0,3.094900369644165,-0.09490036964416504
fold_state_stratified,G3_all_deterministic,XGBoostLarge,1,AGC_167,4.54,4.737462043762207,-0.197462043762207
fold_state_stratified,G3_all_deterministic,XGBoostLarge,1,AGC_180,4.14,4.487927436828613,-0.3479274368286136
fold_state_stratified,G3_all_deterministic,XGBoostLarge,1,AGC_187,3.0,3.080805540084839,-0.08080554008483887
fold_state_stratified,G3_all_deterministic,XGBoostLarge,2,AGC_008,4.55,4.099910259246826,0.45008974075317365
fold_state_stratified,G3_all_deterministic,XGBoostLarge,2,AGC_024,3.03,4.310560703277588,-1.280560703277588
fold_state_stratified,G3_all_deterministic,XGBoostLarge,2,AGC_033,4.47,4.577989101409912,-0.10798910140991236
fold_state_stratified,G3_all_deterministic,XGBoostLarge,2,AGC_037,3.5,2.9085049629211426,0.5914950370788574
fold_state_stratified,G3_all_deterministic,XGBoostLarge,2,AGC_040,3.0,2.979323387145996,0.020676612854003906
fold_state_stratified,G3_all_deterministic,XGBoostLarge,2,AGC_047,4.45,3.6577725410461426,0.7922274589538576
fold_state_stratified,G3_all_deterministic,XGBoostLarge,2,AGC_049,5.53,4.506396770477295,1.0236032295227053
fold_state_stratified,G3_all_deterministic,XGBoostLarge,2,AGC_053,3.5,3.381427764892578,0.11857223510742188
fold_state_stratified,G3_all_deterministic,XGBoostLarge,2,AGC_055,5.45,4.486756801605225,0.9632431983947756
fold_state_stratified,G3_all_deterministic,XGBoostLarge,2,AGC_062,3.81,4.558135509490967,-0.7481355094909667
fold_state_stratified,G3_all_deterministic,XGBoostLarge,2,AGC_064,4.51,4.67881441116333,-0.1688144111633303
fold_state_stratified,G3_all_deterministic,XGBoostLarge,2,AGC_078,3.0,3.3244287967681885,-0.3244287967681885
fold_state_stratified,G3_all_deterministic,XGBoostLarge,2,AGC_098,3.0,3.2631216049194336,-0.2631216049194336
fold_state_stratified,G3_all_deterministic,XGBoostLarge,2,AGC_100,4.5,4.605810642242432,-0.10581064224243164
fold_state_stratified,G3_all_deterministic,XGBoostLarge,2,AGC_108,4.51,4.720425128936768,-0.2104251289367678
fold_state_stratified,G3_all_deterministic,XGBoostLarge,2,AGC_124,5.05,4.931161880493164,0.11883811950683576
fold_state_stratified,G3_all_deterministic,XGBoostLarge,2,AGC_125,4.06,4.35111141204834,-0.29111141204834023
fold_state_stratified,G3_all_deterministic,XGBoostLarge,2,AGC_131,4.89,4.499485492706299,0.39051450729370085
fold_state_stratified,G3_all_deterministic,XGBoostLarge,2,AGC_134,4.52,4.321383476257324,0.19861652374267535
fold_state_stratified,G3_all_deterministic,XGBoostLarge,2,AGC_135,4.49,4.593963623046875,-0.10396362304687479
fold_state_stratified,G3_all_deterministic,XGBoostLarge,2,AGC_145,3.5,3.297722339630127,0.20227766036987305
fold_state_stratified,G3_all_deterministic,XGBoostLarge,2,AGC_150,4.52,4.389017105102539,0.1309828948974605
fold_state_stratified,G3_all_deterministic,XGBoostLarge,2,AGC_151,4.69,4.479531764984131,0.21046823501586953
fold_state_stratified,G3_all_deterministic,XGBoostLarge,2,AGC_157,3.0,3.1513988971710205,-0.1513988971710205
fold_state_stratified,G3_all_deterministic,XGBoostLarge,2,AGC_160,3.62,4.774458885192871,-1.154458885192871
fold_state_stratified,G3_all_deterministic,XGBoostLarge,2,AGC_166,2.5,3.3588778972625732,-0.8588778972625732
fold_state_stratified,G3_all_deterministic,XGBoostLarge,2,AGC_193,4.57,4.146843433380127,0.42315656661987333
fold_state_stratified,G3_all_deterministic,XGBoostLarge,2,AGC_194,3.2,2.9808154106140137,0.2191845893859865
fold_state_stratified,G3_all_deterministic,XGBoostLarge,3,AGC_004,3.0,3.171682119369507,-0.17168211936950684
fold_state_stratified,G3_all_deterministic,XGBoostLarge,3,AGC_005,5.16,4.259002685546875,0.9009973144531251
fold_state_stratified,G3_all_deterministic,XGBoostLarge,3,AGC_010,4.1,3.971472978591919,0.1285270214080807
fold_state_stratified,G3_all_deterministic,XGBoostLarge,3,AGC_014,4.83,4.114109039306641,0.7158909606933594
fold_state_stratified,G3_all_deterministic,XGBoostLarge,3,AGC_018,4.49,4.490224361419678,-0.0002243614196775212
fold_state_stratified,G3_all_deterministic,XGBoostLarge,3,AGC_021,4.94,4.292960166931152,0.647039833068848
fold_state_stratified,G3_all_deterministic,XGBoostLarge,3,AGC_023,3.0,2.9249515533447266,0.07504844665527344
fold_state_stratified,G3_all_deterministic,XGBoostLarge,3,AGC_038,3.3,3.2358179092407227,0.06418209075927717
fold_state_stratified,G3_all_deterministic,XGBoostLarge,3,AGC_044,3.5,3.1734778881073,0.3265221118927002
fold_state_stratified,G3_all_deterministic,XGBoostLarge,3,AGC_051,4.45,3.912280321121216,0.5377196788787844
fold_state_stratified,G3_all_deterministic,XGBoostLarge,3,AGC_059,4.41,4.1540398597717285,0.2559601402282716
fold_state_stratified,G3_all_deterministic,XGBoostLarge,3,AGC_066,3.0,2.8950271606445312,0.10497283935546875
fold_state_stratified,G3_all_deterministic,XGBoostLarge,3,AGC_067,3.0,3.387430191040039,-0.38743019104003906
fold_state_stratified,G3_all_deterministic,XGBoostLarge,3,AGC_069,5.46,4.419490337371826,1.0405096626281738
fold_state_stratified,G3_all_deterministic,XGBoostLarge,3,AGC_070,3.3,3.078845977783203,0.2211540222167967
fold_state_stratified,G3_all_deterministic,XGBoostLarge,3,AGC_072,4.55,4.082116603851318,0.46788339614868146
fold_state_stratified,G3_all_deterministic,XGBoostLarge,3,AGC_074,2.5,3.4061174392700195,-0.9061174392700195
fold_state_stratified,G3_all_deterministic,XGBoostLarge,3,AGC_077,4.76,4.490134239196777,0.26986576080322244
fold_state_stratified,G3_all_deterministic,XGBoostLarge,3,AGC_089,3.0,3.1739895343780518,-0.17398953437805176
fold_state_stratified,G3_all_deterministic,XGBoostLarge,3,AGC_097,4.69,4.466677188873291,0.22332281112670938
fold_state_stratified,G3_all_deterministic,XGBoostLarge,3,AGC_106,4.43,3.7036168575286865,0.7263831424713132
fold_state_stratified,G3_all_deterministic,XGBoostLarge,3,AGC_110,4.18,3.932063102722168,0.24793689727783175
fold_state_stratified,G3_all_deterministic,XGBoostLarge,3,AGC_138,2.5,3.484144449234009,-0.9841444492340088
fold_state_stratified,G3_all_deterministic,XGBoostLarge,3,AGC_155,4.52,4.521061897277832,-0.0010618972778324576
fold_state_stratified,G3_all_deterministic,XGBoostLarge,3,AGC_163,3.0,2.949728012084961,0.05027198791503906
fold_state_stratified,G3_all_deterministic,XGBoostLarge,3,AGC_165,4.44,4.206855773925781,0.23314422607421914
fold_state_stratified,G3_all_deterministic,XGBoostLarge,3,AGC_196,3.5,3.3817813396453857,0.11821866035461426
fold_state_stratified,G3_all_deterministic,XGBoostLarge,3,AGC_197,4.52,4.206411361694336,0.31358863830566364
fold_state_stratified,G3_all_deterministic,XGBoostLarge,4,AGC_007,3.5,3.156690835952759,0.3433091640472412
fold_state_stratified,G3_all_deterministic,XGBoostLarge,4,AGC_012,4.69,4.839579105377197,-0.14957910537719687
fold_state_stratified,G3_all_deterministic,XGBoostLarge,4,AGC_019,3.0,2.971123695373535,0.028876304626464844
fold_state_stratified,G3_all_deterministic,XGBoostLarge,4,AGC_022,4.55,4.422158718109131,0.12784128189086896
fold_state_stratified,G3_all_deterministic,XGBoostLarge,4,AGC_026,3.55,4.393957614898682,-0.8439576148986818
fold_state_stratified,G3_all_deterministic,XGBoostLarge,4,AGC_041,2.5,3.0800986289978027,-0.5800986289978027
fold_state_stratified,G3_all_deterministic,XGBoostLarge,4,AGC_048,2.5,3.0326943397521973,-0.5326943397521973
fold_state_stratified,G3_all_deterministic,XGBoostLarge,4,AGC_056,5.07,4.660257339477539,0.4097426605224612
fold_state_stratified,G3_all_deterministic,XGBoostLarge,4,AGC_080,3.5,3.196667432785034,0.3033325672149658
fold_state_stratified,G3_all_deterministic,XGBoostLarge,4,AGC_081,3.7,3.224485397338867,0.475514602661133
fold_state_stratified,G3_all_deterministic,XGBoostLarge,4,AGC_099,3.5,3.2359108924865723,0.26408910751342773
fold_state_stratified,G3_all_deterministic,XGBoostLarge,4,AGC_104,4.56,4.369136333465576,0.19086366653442344
fold_state_stratified,G3_all_deterministic,XGBoostLarge,4,AGC_109,4.54,4.471662521362305,0.06833747863769535
fold_state_stratified,G3_all_deterministic,XGBoostLarge,4,AGC_115,4.6,4.338232040405273,0.2617679595947262
fold_state_stratified,G3_all_deterministic,XGBoostLarge,4,AGC_122,3.5,2.689734935760498,0.810265064239502
fold_state_stratified,G3_all_deterministic,XGBoostLarge,4,AGC_132,4.13,4.42537260055542,-0.29537260055542003
fold_state_stratified,G3_all_deterministic,XGBoostLarge,4,AGC_140,3.2,3.03433895111084,0.16566104888916033
fold_state_stratified,G3_all_deterministic,XGBoostLarge,4,AGC_144,2.5,2.9407944679260254,-0.4407944679260254
fold_state_stratified,G3_all_deterministic,XGBoostLarge,4,AGC_148,3.0,3.0131282806396484,-0.013128280639648438
fold_state_stratified,G3_all_deterministic,XGBoostLarge,4,AGC_152,4.87,4.411221027374268,0.45877897262573253
fold_state_stratified,G3_all_deterministic,XGBoostLarge,4,AGC_168,4.49,4.565667152404785,-0.07566715240478494
fold_state_stratified,G3_all_deterministic,XGBoostLarge,4,AGC_170,3.0,3.0878841876983643,-0.08788418769836426
fold_state_stratified,G3_all_deterministic,XGBoostLarge,4,AGC_171,2.15,4.408588886260986,-2.2585888862609864
fold_state_stratified,G3_all_deterministic,XGBoostLarge,4,AGC_172,5.19,4.508850574493408,0.6811494255065922
fold_state_stratified,G3_all_deterministic,XGBoostLarge,4,AGC_176,4.38,4.147226333618164,0.23277366638183583
fold_state_stratified,G3_all_deterministic,XGBoostLarge,4,AGC_178,4.39,4.429803848266602,-0.03980384826660188
fold_state_stratified,G3_all_deterministic,XGBoostLarge,4,AGC_181,4.51,4.655134677886963,-0.1451346778869631
fold_state_stratified,G3_all_deterministic,XGBoostLarge,5,AGC_001,3.5,2.9275588989257812,0.5724411010742188
fold_state_stratified,G3_all_deterministic,XGBoostLarge,5,AGC_002,4.63,4.255288124084473,0.37471187591552724
fold_state_stratified,G3_all_deterministic,XGBoostLarge,5,AGC_006,4.49,4.332180500030518,0.15781949996948264
fold_state_stratified,G3_all_deterministic,XGBoostLarge,5,AGC_013,4.01,4.207676410675049,-0.19767641067504904
fold_state_stratified,G3_all_deterministic,XGBoostLarge,5,AGC_020,3.5,3.32442307472229,0.17557692527770996
fold_state_stratified,G3_all_deterministic,XGBoostLarge,5,AGC_034,2.0,3.2445907592773438,-1.2445907592773438
fold_state_stratified,G3_all_deterministic,XGBoostLarge,5,AGC_035,4.68,4.08286714553833,0.5971328544616696
fold_state_stratified,G3_all_deterministic,XGBoostLarge,5,AGC_046,3.0,3.017332077026367,-0.017332077026367188
fold_state_stratified,G3_all_deterministic,XGBoostLarge,5,AGC_057,4.55,4.667166709899902,-0.11716670989990252
fold_state_stratified,G3_all_deterministic,XGBoostLarge,5,AGC_060,4.52,4.857269763946533,-0.33726976394653363
fold_state_stratified,G3_all_deterministic,XGBoostLarge,5,AGC_084,4.54,4.542275428771973,-0.0022754287719726207
fold_state_stratified,G3_all_deterministic,XGBoostLarge,5,AGC_092,4.57,4.207297325134277,0.36270267486572294
fold_state_stratified,G3_all_deterministic,XGBoostLarge,5,AGC_096,4.59,4.1288347244262695,0.4611652755737303
fold_state_stratified,G3_all_deterministic,XGBoostLarge,5,AGC_101,4.57,3.743084192276001,0.8269158077239993
fold_state_stratified,G3_all_deterministic,XGBoostLarge,5,AGC_105,4.41,4.445279121398926,-0.03527912139892564
fold_state_stratified,G3_all_deterministic,XGBoostLarge,5,AGC_114,3.0,3.0166826248168945,-0.01668262481689453
fold_state_stratified,G3_all_deterministic,XGBoostLarge,5,AGC_123,2.5,3.0532379150390625,-0.5532379150390625
fold_state_stratified,G3_all_deterministic,XGBoostLarge,5,AGC_137,4.54,4.4496612548828125,0.09033874511718754
fold_state_stratified,G3_all_deterministic,XGBoostLarge,5,AGC_141,3.5,3.045672655105591,0.4543273448944092
fold_state_stratified,G3_all_deterministic,XGBoostLarge,5,AGC_146,4.58,4.7343339920043945,-0.15433399200439446
fold_state_stratified,G3_all_deterministic,XGBoostLarge,5,AGC_162,5.59,4.450396537780762,1.1396034622192381
fold_state_stratified,G3_all_deterministic,XGBoostLarge,5,AGC_169,2.5,3.0131616592407227,-0.5131616592407227
fold_state_stratified,G3_all_deterministic,XGBoostLarge,5,AGC_179,4.55,4.329838752746582,0.2201612472534178
fold_state_stratified,G3_all_deterministic,XGBoostLarge,5,AGC_184,4.47,4.457992076873779,0.012007923126220454
fold_state_stratified,G3_all_deterministic,XGBoostLarge,5,AGC_185,5.01,4.499763011932373,0.5102369880676267
fold_state_stratified,G3_all_deterministic,XGBoostLarge,5,AGC_189,4.03,4.5503830909729,-0.5203830909729001
fold_state_stratified,G3_all_deterministic,XGBoostLarge,5,AGC_195,3.68,4.199173450469971,-0.5191734504699705
fold_municipality_grouped,G3_all_deterministic,XGBoostLarge,1,AGC_001,3.5,3.1315340995788574,0.3684659004211426
fold_municipality_grouped,G3_all_deterministic,XGBoostLarge,1,AGC_004,3.0,3.4953227043151855,-0.49532270431518555
fold_municipality_grouped,G3_all_deterministic,XGBoostLarge,1,AGC_019,3.0,3.2082362174987793,-0.2082362174987793
fold_municipality_grouped,G3_all_deterministic,XGBoostLarge,1,AGC_020,3.5,3.436685562133789,0.06331443786621094
fold_municipality_grouped,G3_all_deterministic,XGBoostLarge,1,AGC_023,3.0,3.0685877799987793,-0.0685877799987793
fold_municipality_grouped,G3_all_deterministic,XGBoostLarge,1,AGC_037,3.5,3.5273239612579346,-0.02732396125793457
fold_municipality_grouped,G3_all_deterministic,XGBoostLarge,1,AGC_040,3.0,3.2471604347229004,-0.2471604347229004
fold_municipality_grouped,G3_all_deterministic,XGBoostLarge,1,AGC_044,3.5,3.239701271057129,0.2602987289428711
fold_municipality_grouped,G3_all_deterministic,XGBoostLarge,1,AGC_046,3.0,3.297445297241211,-0.29744529724121094
fold_municipality_grouped,G3_all_deterministic,XGBoostLarge,1,AGC_053,3.5,3.229888439178467,0.2701115608215332
fold_municipality_grouped,G3_all_deterministic,XGBoostLarge,1,AGC_054,2.5,2.8444552421569824,-0.3444552421569824
fold_municipality_grouped,G3_all_deterministic,XGBoostLarge,1,AGC_058,2.5,3.408891439437866,-0.9088914394378662
fold_municipality_grouped,G3_all_deterministic,XGBoostLarge,1,AGC_066,3.0,3.128359794616699,-0.12835979461669922
fold_municipality_grouped,G3_all_deterministic,XGBoostLarge,1,AGC_068,2.5,3.3422257900238037,-0.8422257900238037
fold_municipality_grouped,G3_all_deterministic,XGBoostLarge,1,AGC_074,2.5,3.3695242404937744,-0.8695242404937744
fold_municipality_grouped,G3_all_deterministic,XGBoostLarge,1,AGC_098,3.0,3.443499803543091,-0.4434998035430908
fold_municipality_grouped,G3_all_deterministic,XGBoostLarge,1,AGC_099,3.5,3.644838333129883,-0.1448383331298828
fold_municipality_grouped,G3_all_deterministic,XGBoostLarge,1,AGC_103,3.0,3.171708583831787,-0.1717085838317871
fold_municipality_grouped,G3_all_deterministic,XGBoostLarge,1,AGC_112,3.0,3.223473072052002,-0.22347307205200195
fold_municipality_grouped,G3_all_deterministic,XGBoostLarge,1,AGC_114,3.0,3.329509735107422,-0.3295097351074219
fold_municipality_grouped,G3_all_deterministic,XGBoostLarge,1,AGC_117,3.5,3.393338918685913,0.10666108131408691
fold_municipality_grouped,G3_all_deterministic,XGBoostLarge,1,AGC_122,3.5,3.054542064666748,0.44545793533325195
fold_municipality_grouped,G3_all_deterministic,XGBoostLarge,1,AGC_123,2.5,3.244410753250122,-0.7444107532501221
fold_municipality_grouped,G3_all_deterministic,XGBoostLarge,1,AGC_138,2.5,3.4961977005004883,-0.9961977005004883
fold_municipality_grouped,G3_all_deterministic,XGBoostLarge,1,AGC_141,3.5,3.3802051544189453,0.11979484558105469
fold_municipality_grouped,G3_all_deterministic,XGBoostLarge,1,AGC_144,2.5,3.136035442352295,-0.6360354423522949
fold_municipality_grouped,G3_all_deterministic,XGBoostLarge,1,AGC_145,3.5,3.313260555267334,0.18673944473266602
fold_municipality_grouped,G3_all_deterministic,XGBoostLarge,1,AGC_157,3.0,3.4764976501464844,-0.4764976501464844
fold_municipality_grouped,G3_all_deterministic,XGBoostLarge,1,AGC_163,3.0,3.2416555881500244,-0.24165558815002441
fold_municipality_grouped,G3_all_deterministic,XGBoostLarge,1,AGC_169,2.5,3.4510722160339355,-0.9510722160339355
fold_municipality_grouped,G3_all_deterministic,XGBoostLarge,1,AGC_170,3.0,3.315779685974121,-0.3157796859741211
fold_municipality_grouped,G3_all_deterministic,XGBoostLarge,1,AGC_187,3.0,3.3268332481384277,-0.32683324813842773
fold_municipality_grouped,G3_all_deterministic,XGBoostLarge,1,AGC_196,3.5,3.484729290008545,0.015270709991455078
fold_municipality_grouped,G3_all_deterministic,XGBoostLarge,2,AGC_007,3.5,3.9619686603546143,-0.46196866035461426
fold_municipality_grouped,G3_all_deterministic,XGBoostLarge,2,AGC_034,2.0,4.1561479568481445,-2.1561479568481445
fold_municipality_grouped,G3_all_deterministic,XGBoostLarge,2,AGC_038,3.3,3.9993350505828857,-0.6993350505828859
fold_municipality_grouped,G3_all_deterministic,XGBoostLarge,2,AGC_041,2.5,4.135624408721924,-1.6356244087219238
fold_municipality_grouped,G3_all_deterministic,XGBoostLarge,2,AGC_067,3.0,4.257027626037598,-1.2570276260375977
fold_municipality_grouped,G3_all_deterministic,XGBoostLarge,2,AGC_070,3.3,3.9403481483459473,-0.6403481483459474
fold_municipality_grouped,G3_all_deterministic,XGBoostLarge,2,AGC_078,3.0,4.028153419494629,-1.028153419494629
fold_municipality_grouped,G3_all_deterministic,XGBoostLarge,2,AGC_079,3.3,4.085085868835449,-0.7850858688354494
fold_municipality_grouped,G3_all_deterministic,XGBoostLarge,2,AGC_080,3.5,4.001071453094482,-0.5010714530944824
fold_municipality_grouped,G3_all_deterministic,XGBoostLarge,2,AGC_081,3.7,4.278321266174316,-0.5783212661743162
fold_municipality_grouped,G3_all_deterministic,XGBoostLarge,2,AGC_089,3.0,3.962583541870117,-0.9625835418701172
fold_municipality_grouped,G3_all_deterministic,XGBoostLarge,2,AGC_121,3.3,4.095331192016602,-0.7953311920166017
fold_municipality_grouped,G3_all_deterministic,XGBoostLarge,2,AGC_140,3.2,4.080294609069824,-0.880294609069824
fold_municipality_grouped,G3_all_deterministic,XGBoostLarge,2,AGC_148,3.0,3.791414499282837,-0.7914144992828369
fold_municipality_grouped,G3_all_deterministic,XGBoostLarge,2,AGC_166,2.5,4.231654167175293,-1.731654167175293
fold_municipality_grouped,G3_all_deterministic,XGBoostLarge,2,AGC_194,3.2,4.291445255279541,-1.0914452552795408
fold_municipality_grouped,G3_all_deterministic,XGBoostLarge,3,AGC_051,4.45,3.674741744995117,0.775258255004883
fold_municipality_grouped,G3_all_deterministic,XGBoostLarge,3,AGC_059,4.41,3.7332489490509033,0.6767510509490968
fold_municipality_grouped,G3_all_deterministic,XGBoostLarge,3,AGC_084,4.54,3.9911282062530518,0.5488717937469483
fold_municipality_grouped,G3_all_deterministic,XGBoostLarge,3,AGC_134,4.52,4.100353717803955,0.4196462821960445
fold_municipality_grouped,G3_all_deterministic,XGBoostLarge,3,AGC_137,4.54,3.9861414432525635,0.5538585567474366
fold_municipality_grouped,G3_all_deterministic,XGBoostLarge,3,AGC_146,4.58,4.474647521972656,0.10535247802734382
fold_municipality_grouped,G3_all_deterministic,XGBoostLarge,3,AGC_151,4.69,4.176641464233398,0.513358535766602
fold_municipality_grouped,G3_all_deterministic,XGBoostLarge,3,AGC_152,4.87,3.878479242324829,0.991520757675171
fold_municipality_grouped,G3_all_deterministic,XGBoostLarge,3,AGC_180,4.14,3.914475202560425,0.22552479743957488
fold_municipality_grouped,G3_all_deterministic,XGBoostLarge,3,AGC_184,4.47,4.3956074714660645,0.0743925285339353
fold_municipality_grouped,G3_all_deterministic,XGBoostLarge,4,AGC_002,4.63,3.639399290084839,0.990600709915161
fold_municipality_grouped,G3_all_deterministic,XGBoostLarge,4,AGC_005,5.16,4.126833915710449,1.033166084289551
fold_municipality_grouped,G3_all_deterministic,XGBoostLarge,4,AGC_006,4.49,3.666137933731079,0.8238620662689211
fold_municipality_grouped,G3_all_deterministic,XGBoostLarge,4,AGC_008,4.55,3.9666247367858887,0.5833752632141112
fold_municipality_grouped,G3_all_deterministic,XGBoostLarge,4,AGC_010,4.1,3.9217677116394043,0.17823228836059535
fold_municipality_grouped,G3_all_deterministic,XGBoostLarge,4,AGC_012,4.69,3.762134313583374,0.9278656864166264
fold_municipality_grouped,G3_all_deterministic,XGBoostLarge,4,AGC_013,4.01,3.559425115585327,0.45057488441467264
fold_municipality_grouped,G3_all_deterministic,XGBoostLarge,4,AGC_014,4.83,4.177313804626465,0.6526861953735352
fold_municipality_grouped,G3_all_deterministic,XGBoostLarge,4,AGC_015,2.64,3.6785852909088135,-1.0385852909088134
fold_municipality_grouped,G3_all_deterministic,XGBoostLarge,4,AGC_017,4.98,3.7893433570861816,1.1906566429138188
fold_municipality_grouped,G3_all_deterministic,XGBoostLarge,4,AGC_018,4.49,3.7844717502593994,0.7055282497406008
fold_municipality_grouped,G3_all_deterministic,XGBoostLarge,4,AGC_021,4.94,3.4391562938690186,1.5008437061309818
fold_municipality_grouped,G3_all_deterministic,XGBoostLarge,4,AGC_022,4.55,3.839646100997925,0.710353899002075
fold_municipality_grouped,G3_all_deterministic,XGBoostLarge,4,AGC_024,3.03,3.8504371643066406,-0.8204371643066408
fold_municipality_grouped,G3_all_deterministic,XGBoostLarge,4,AGC_026,3.55,3.8243248462677,-0.2743248462677004
fold_municipality_grouped,G3_all_deterministic,XGBoostLarge,4,AGC_032,4.03,3.708256959915161,0.3217430400848391
fold_municipality_grouped,G3_all_deterministic,XGBoostLarge,4,AGC_033,4.47,3.4123308658599854,1.0576691341400144
fold_municipality_grouped,G3_all_deterministic,XGBoostLarge,4,AGC_045,4.1,3.7996697425842285,0.30033025741577113
fold_municipality_grouped,G3_all_deterministic,XGBoostLarge,4,AGC_047,4.45,3.523838996887207,0.9261610031127931
fold_municipality_grouped,G3_all_deterministic,XGBoostLarge,4,AGC_049,5.53,3.7115888595581055,1.8184111404418948
fold_municipality_grouped,G3_all_deterministic,XGBoostLarge,4,AGC_055,5.45,3.7206382751464844,1.7293617248535158
fold_municipality_grouped,G3_all_deterministic,XGBoostLarge,4,AGC_056,5.07,3.4261584281921387,1.6438415718078616
fold_municipality_grouped,G3_all_deterministic,XGBoostLarge,4,AGC_057,4.55,3.625764846801758,0.924235153198242
fold_municipality_grouped,G3_all_deterministic,XGBoostLarge,4,AGC_060,4.52,3.6841490268707275,0.835850973129272
fold_municipality_grouped,G3_all_deterministic,XGBoostLarge,4,AGC_062,3.81,3.801945209503174,0.008054790496826225
fold_municipality_grouped,G3_all_deterministic,XGBoostLarge,4,AGC_069,5.46,3.709865093231201,1.7501349067687988
fold_municipality_grouped,G3_all_deterministic,XGBoostLarge,4,AGC_072,4.55,3.439760684967041,1.1102393150329588
fold_municipality_grouped,G3_all_deterministic,XGBoostLarge,4,AGC_073,4.3,3.8075308799743652,0.4924691200256346
fold_municipality_grouped,G3_all_deterministic,XGBoostLarge,4,AGC_077,4.76,3.437570810317993,1.3224291896820066
fold_municipality_grouped,G3_all_deterministic,XGBoostLarge,4,AGC_090,4.68,4.057469367980957,0.6225306320190427
fold_municipality_grouped,G3_all_deterministic,XGBoostLarge,4,AGC_092,4.57,3.605431079864502,0.9645689201354983
fold_municipality_grouped,G3_all_deterministic,XGBoostLarge,4,AGC_096,4.59,3.6792116165161133,0.9107883834838866
fold_municipality_grouped,G3_all_deterministic,XGBoostLarge,4,AGC_097,4.69,3.4762749671936035,1.2137250328063969
fold_municipality_grouped,G3_all_deterministic,XGBoostLarge,4,AGC_100,4.5,3.9615039825439453,0.5384960174560547
fold_municipality_grouped,G3_all_deterministic,XGBoostLarge,4,AGC_101,4.57,3.7226336002349854,0.8473663997650149
fold_municipality_grouped,G3_all_deterministic,XGBoostLarge,4,AGC_102,4.4,3.820796251296997,0.5792037487030033
fold_municipality_grouped,G3_all_deterministic,XGBoostLarge,4,AGC_104,4.56,4.008291244506836,0.5517087554931637
fold_municipality_grouped,G3_all_deterministic,XGBoostLarge,4,AGC_105,4.41,3.653668165206909,0.756331834793091
fold_municipality_grouped,G3_all_deterministic,XGBoostLarge,4,AGC_106,4.43,3.7367045879364014,0.6932954120635983
fold_municipality_grouped,G3_all_deterministic,XGBoostLarge,4,AGC_108,4.51,3.510862350463867,0.9991376495361326
fold_municipality_grouped,G3_all_deterministic,XGBoostLarge,4,AGC_109,4.54,3.505598783493042,1.034401216506958
fold_municipality_grouped,G3_all_deterministic,XGBoostLarge,4,AGC_110,4.18,3.8529679775238037,0.327032022476196
fold_municipality_grouped,G3_all_deterministic,XGBoostLarge,4,AGC_111,4.72,3.4352424144744873,1.2847575855255124
fold_municipality_grouped,G3_all_deterministic,XGBoostLarge,4,AGC_115,4.6,3.5177788734436035,1.0822211265563961
fold_municipality_grouped,G3_all_deterministic,XGBoostLarge,4,AGC_124,5.05,3.6842963695526123,1.3657036304473875
fold_municipality_grouped,G3_all_deterministic,XGBoostLarge,4,AGC_125,4.06,4.137601375579834,-0.07760137557983438
fold_municipality_grouped,G3_all_deterministic,XGBoostLarge,4,AGC_127,5.57,4.0532426834106445,1.5167573165893558
fold_municipality_grouped,G3_all_deterministic,XGBoostLarge,4,AGC_131,4.89,4.163226127624512,0.726773872375488
fold_municipality_grouped,G3_all_deterministic,XGBoostLarge,4,AGC_132,4.13,3.570977210998535,0.5590227890014647
fold_municipality_grouped,G3_all_deterministic,XGBoostLarge,4,AGC_133,3.91,3.48765230178833,0.42234769821167006
fold_municipality_grouped,G3_all_deterministic,XGBoostLarge,4,AGC_135,4.49,3.369915008544922,1.1200849914550783
fold_municipality_grouped,G3_all_deterministic,XGBoostLarge,4,AGC_139,4.67,3.4909112453460693,1.1790887546539306
fold_municipality_grouped,G3_all_deterministic,XGBoostLarge,4,AGC_150,4.52,4.081062316894531,0.4389376831054683
fold_municipality_grouped,G3_all_deterministic,XGBoostLarge,4,AGC_155,4.52,3.8419008255004883,0.6780991744995113
fold_municipality_grouped,G3_all_deterministic,XGBoostLarge,4,AGC_159,4.77,3.730623483657837,1.0393765163421627
fold_municipality_grouped,G3_all_deterministic,XGBoostLarge,4,AGC_160,3.62,3.671452283859253,-0.05145228385925282
fold_municipality_grouped,G3_all_deterministic,XGBoostLarge,4,AGC_161,4.46,3.679107666015625,0.780892333984375
fold_municipality_grouped,G3_all_deterministic,XGBoostLarge,4,AGC_162,5.59,3.3069467544555664,2.2830532455444335
fold_municipality_grouped,G3_all_deterministic,XGBoostLarge,4,AGC_164,3.0,3.2888710498809814,-0.28887104988098145
fold_municipality_grouped,G3_all_deterministic,XGBoostLarge,4,AGC_165,4.44,3.440229892730713,0.9997701072692875
fold_municipality_grouped,G3_all_deterministic,XGBoostLarge,4,AGC_167,4.54,4.067126750946045,0.4728732490539551
fold_municipality_grouped,G3_all_deterministic,XGBoostLarge,4,AGC_168,4.49,3.756155490875244,0.7338445091247561
fold_municipality_grouped,G3_all_deterministic,XGBoostLarge,4,AGC_171,2.15,3.8049259185791016,-1.6549259185791017
fold_municipality_grouped,G3_all_deterministic,XGBoostLarge,4,AGC_172,5.19,3.541140079498291,1.6488599205017094
fold_municipality_grouped,G3_all_deterministic,XGBoostLarge,4,AGC_176,4.38,3.5923476219177246,0.7876523780822753
fold_municipality_grouped,G3_all_deterministic,XGBoostLarge,4,AGC_178,4.39,3.545654773712158,0.8443452262878415
fold_municipality_grouped,G3_all_deterministic,XGBoostLarge,4,AGC_179,4.55,3.550156831741333,0.9998431682586668
fold_municipality_grouped,G3_all_deterministic,XGBoostLarge,4,AGC_181,4.51,3.613787889480591,0.896212110519409
fold_municipality_grouped,G3_all_deterministic,XGBoostLarge,4,AGC_185,5.01,3.998116970062256,1.011883029937744
fold_municipality_grouped,G3_all_deterministic,XGBoostLarge,4,AGC_189,4.03,4.0046186447143555,0.02538135528564478
fold_municipality_grouped,G3_all_deterministic,XGBoostLarge,4,AGC_193,4.57,3.812016010284424,0.7579839897155765
fold_municipality_grouped,G3_all_deterministic,XGBoostLarge,4,AGC_195,3.68,3.862079620361328,-0.18207962036132797
fold_municipality_grouped,G3_all_deterministic,XGBoostLarge,4,AGC_197,4.52,3.679409980773926,0.8405900192260738
fold_municipality_grouped,G3_all_deterministic,XGBoostLarge,5,AGC_009,4.79,4.703039169311523,0.0869608306884766
fold_municipality_grouped,G3_all_deterministic,XGBoostLarge,5,AGC_035,4.68,3.989009380340576,0.6909906196594235
fold_municipality_grouped,G3_all_deterministic,XGBoostLarge,5,AGC_048,2.5,3.22065806388855,-0.7206580638885498
fold_municipality_grouped,G3_all_deterministic,XGBoostLarge,5,AGC_064,4.51,4.838709831237793,-0.3287098312377932
fold_municipality_grouped,G3_all_deterministic,XGBoostLarge,5,AGC_083,4.61,4.139719009399414,0.47028099060058626
fold_municipality_grouped,G3_all_deterministic,XGBoostLarge,5,AGC_119,4.4,4.762054920196533,-0.36205492019653285
fold_state_stratified,G0_base,LightGBMLarge,1,AGC_009,4.79,4.356282314784349,0.433717685215651
fold_state_stratified,G0_base,LightGBMLarge,1,AGC_015,2.64,4.932760681106801,-2.292760681106801
fold_state_stratified,G0_base,LightGBMLarge,1,AGC_017,4.98,4.556822079530964,0.423177920469036
fold_state_stratified,G0_base,LightGBMLarge,1,AGC_032,4.03,4.625329226426834,-0.5953292264268342
fold_state_stratified,G0_base,LightGBMLarge,1,AGC_045,4.1,4.579076926569247,-0.47907692656924716
fold_state_stratified,G0_base,LightGBMLarge,1,AGC_054,2.5,2.912730814703557,-0.4127308147035569
fold_state_stratified,G0_base,LightGBMLarge,1,AGC_058,2.5,3.3674158580306397,-0.8674158580306397
fold_state_stratified,G0_base,LightGBMLarge,1,AGC_068,2.5,3.0688230041524625,-0.5688230041524625
fold_state_stratified,G0_base,LightGBMLarge,1,AGC_073,4.3,4.351923604518081,-0.05192360451808131
fold_state_stratified,G0_base,LightGBMLarge,1,AGC_079,3.3,3.027871187860206,0.272128812139794
fold_state_stratified,G0_base,LightGBMLarge,1,AGC_083,4.61,3.9988682836802623,0.6111317163197381
fold_state_stratified,G0_base,LightGBMLarge,1,AGC_090,4.68,4.53158851924241,0.1484114807575896
fold_state_stratified,G0_base,LightGBMLarge,1,AGC_102,4.4,3.978354452906227,0.4216455470937732
fold_state_stratified,G0_base,LightGBMLarge,1,AGC_103,3.0,3.1809097147359044,-0.18090971473590445
fold_state_stratified,G0_base,LightGBMLarge,1,AGC_111,4.72,4.439272440465602,0.2807275595343981
fold_state_stratified,G0_base,LightGBMLarge,1,AGC_112,3.0,3.1220092816692087,-0.12200928166920866
fold_state_stratified,G0_base,LightGBMLarge,1,AGC_117,3.5,3.4467665842690196,0.053233415730980393
fold_state_stratified,G0_base,LightGBMLarge,1,AGC_119,4.4,4.419186820727772,-0.019186820727771448
fold_state_stratified,G0_base,LightGBMLarge,1,AGC_121,3.3,2.8815608767324705,0.4184391232675293
fold_state_stratified,G0_base,LightGBMLarge,1,AGC_127,5.57,4.478377166354339,1.091622833645661
fold_state_stratified,G0_base,LightGBMLarge,1,AGC_133,3.91,4.336362044254347,-0.426362044254347
fold_state_stratified,G0_base,LightGBMLarge,1,AGC_139,4.67,4.188429637604815,0.4815703623951846
fold_state_stratified,G0_base,LightGBMLarge,1,AGC_159,4.77,4.755253509514755,0.014746490485245012
fold_state_stratified,G0_base,LightGBMLarge,1,AGC_161,4.46,4.725539991943733,-0.2655399919437329
fold_state_stratified,G0_base,LightGBMLarge,1,AGC_164,3.0,3.130391271229617,-0.1303912712296169
fold_state_stratified,G0_base,LightGBMLarge,1,AGC_167,4.54,4.5878198518903615,-0.04781985189036142
fold_state_stratified,G0_base,LightGBMLarge,1,AGC_180,4.14,4.519168552126881,-0.37916855212688105
fold_state_stratified,G0_base,LightGBMLarge,1,AGC_187,3.0,3.071190574367305,-0.07119057436730492
fold_state_stratified,G0_base,LightGBMLarge,2,AGC_008,4.55,4.302347092757116,0.2476529072428839
fold_state_stratified,G0_base,LightGBMLarge,2,AGC_024,3.03,4.098986569400323,-1.0689865694003235
fold_state_stratified,G0_base,LightGBMLarge,2,AGC_033,4.47,4.385584632432831,0.08441536756716861
fold_state_stratified,G0_base,LightGBMLarge,2,AGC_037,3.5,3.0272410473495546,0.47275895265044543
fold_state_stratified,G0_base,LightGBMLarge,2,AGC_040,3.0,3.056685735683102,-0.05668573568310187
fold_state_stratified,G0_base,LightGBMLarge,2,AGC_047,4.45,3.7127308407248147,0.7372691592751854
fold_state_stratified,G0_base,LightGBMLarge,2,AGC_049,5.53,4.5225538122323465,1.0074461877676537
fold_state_stratified,G0_base,LightGBMLarge,2,AGC_053,3.5,3.1805109923562704,0.31948900764372956
fold_state_stratified,G0_base,LightGBMLarge,2,AGC_055,5.45,4.471430169529913,0.9785698304700876
fold_state_stratified,G0_base,LightGBMLarge,2,AGC_062,3.81,4.614535829696097,-0.8045358296960967
fold_state_stratified,G0_base,LightGBMLarge,2,AGC_064,4.51,4.694599861650212,-0.18459986165021203
fold_state_stratified,G0_base,LightGBMLarge,2,AGC_078,3.0,3.1901350680298113,-0.19013506802981128
fold_state_stratified,G0_base,LightGBMLarge,2,AGC_098,3.0,3.303638546414209,-0.30363854641420884
fold_state_stratified,G0_base,LightGBMLarge,2,AGC_100,4.5,4.437322451393108,0.06267754860689223
fold_state_stratified,G0_base,LightGBMLarge,2,AGC_108,4.51,4.823810480051782,-0.31381048005178247
fold_state_stratified,G0_base,LightGBMLarge,2,AGC_124,5.05,4.741186120432895,0.30881387956710515
fold_state_stratified,G0_base,LightGBMLarge,2,AGC_125,4.06,4.376256005784856,-0.31625600578485624
fold_state_stratified,G0_base,LightGBMLarge,2,AGC_131,4.89,4.428115253780958,0.46188474621904163
fold_state_stratified,G0_base,LightGBMLarge,2,AGC_134,4.52,4.3852405641895045,0.1347594358104951
fold_state_stratified,G0_base,LightGBMLarge,2,AGC_135,4.49,4.534293521121745,-0.04429352112174456
fold_state_stratified,G0_base,LightGBMLarge,2,AGC_145,3.5,3.115076427813305,0.38492357218669504
fold_state_stratified,G0_base,LightGBMLarge,2,AGC_150,4.52,4.25924512596697,0.26075487403302944
fold_state_stratified,G0_base,LightGBMLarge,2,AGC_151,4.69,4.557421581405266,0.13257841859473452
fold_state_stratified,G0_base,LightGBMLarge,2,AGC_157,3.0,3.2212070608810346,-0.2212070608810346
fold_state_stratified,G0_base,LightGBMLarge,2,AGC_160,3.62,4.6847203475620685,-1.0647203475620683
fold_state_stratified,G0_base,LightGBMLarge,2,AGC_166,2.5,3.170996900271547,-0.6709969002715468
fold_state_stratified,G0_base,LightGBMLarge,2,AGC_193,4.57,3.990962058780326,0.5790379412196742
fold_state_stratified,G0_base,LightGBMLarge,2,AGC_194,3.2,3.1867232901923903,0.013276709807609866
fold_state_stratified,G0_base,LightGBMLarge,3,AGC_004,3.0,3.003111176302283,-0.0031111763022830807
fold_state_stratified,G0_base,LightGBMLarge,3,AGC_005,5.16,4.345137256238503,0.8148627437614975
fold_state_stratified,G0_base,LightGBMLarge,3,AGC_010,4.1,3.705630964354644,0.39436903564535575
fold_state_stratified,G0_base,LightGBMLarge,3,AGC_014,4.83,4.224893602298353,0.6051063977016469
fold_state_stratified,G0_base,LightGBMLarge,3,AGC_018,4.49,4.471323300427274,0.018676699572726108
fold_state_stratified,G0_base,LightGBMLarge,3,AGC_021,4.94,4.52818522987195,0.4118147701280508
fold_state_stratified,G0_base,LightGBMLarge,3,AGC_023,3.0,2.872398721186457,0.12760127881354322
fold_state_stratified,G0_base,LightGBMLarge,3,AGC_038,3.3,3.090415238774813,0.20958476122518688
fold_state_stratified,G0_base,LightGBMLarge,3,AGC_044,3.5,3.0822186830795193,0.4177813169204807
fold_state_stratified,G0_base,LightGBMLarge,3,AGC_051,4.45,3.8761275496674843,0.5738724503325159
fold_state_stratified,G0_base,LightGBMLarge,3,AGC_059,4.41,4.001660239100812,0.4083397608991879
fold_state_stratified,G0_base,LightGBMLarge,3,AGC_066,3.0,2.6073439134639607,0.39265608653603934
fold_state_stratified,G0_base,LightGBMLarge,3,AGC_067,3.0,3.4499235082316213,-0.4499235082316213
fold_state_stratified,G0_base,LightGBMLarge,3,AGC_069,5.46,4.312408677279866,1.1475913227201335
fold_state_stratified,G0_base,LightGBMLarge,3,AGC_070,3.3,3.209169376100771,0.09083062389922869
fold_state_stratified,G0_base,LightGBMLarge,3,AGC_072,4.55,3.964178072959776,0.5858219270402238
fold_state_stratified,G0_base,LightGBMLarge,3,AGC_074,2.5,3.295171868606252,-0.7951718686062521
fold_state_stratified,G0_base,LightGBMLarge,3,AGC_077,4.76,4.4108191498456,0.3491808501543998
fold_state_stratified,G0_base,LightGBMLarge,3,AGC_089,3.0,3.118839588391259,-0.11883958839125919
fold_state_stratified,G0_base,LightGBMLarge,3,AGC_097,4.69,4.330207816488288,0.35979218351171216
fold_state_stratified,G0_base,LightGBMLarge,3,AGC_106,4.43,3.8516391106638754,0.5783608893361243
fold_state_stratified,G0_base,LightGBMLarge,3,AGC_110,4.18,3.96229078483596,0.21770921516403963
fold_state_stratified,G0_base,LightGBMLarge,3,AGC_138,2.5,3.3855889834642583,-0.8855889834642583
fold_state_stratified,G0_base,LightGBMLarge,3,AGC_155,4.52,4.3322645495626215,0.18773545043737805
fold_state_stratified,G0_base,LightGBMLarge,3,AGC_163,3.0,3.002331975705838,-0.0023319757058382073
fold_state_stratified,G0_base,LightGBMLarge,3,AGC_165,4.44,4.329922046208014,0.11007795379198626
fold_state_stratified,G0_base,LightGBMLarge,3,AGC_196,3.5,3.458779003761813,0.04122099623818709
fold_state_stratified,G0_base,LightGBMLarge,3,AGC_197,4.52,4.149927234612144,0.3700727653878557
fold_state_stratified,G0_base,LightGBMLarge,4,AGC_007,3.5,3.0357644883439177,0.46423551165608234
fold_state_stratified,G0_base,LightGBMLarge,4,AGC_012,4.69,4.873354551735016,-0.18335455173501547
fold_state_stratified,G0_base,LightGBMLarge,4,AGC_019,3.0,3.0051954638791365,-0.005195463879136497
fold_state_stratified,G0_base,LightGBMLarge,4,AGC_022,4.55,4.399674327092766,0.15032567290723353
fold_state_stratified,G0_base,LightGBMLarge,4,AGC_026,3.55,4.448454254692914,-0.898454254692914
fold_state_stratified,G0_base,LightGBMLarge,4,AGC_041,2.5,3.1123797265751536,-0.6123797265751536
fold_state_stratified,G0_base,LightGBMLarge,4,AGC_048,2.5,3.375819777589566,-0.875819777589566
fold_state_stratified,G0_base,LightGBMLarge,4,AGC_056,5.07,4.74487838590891,0.3251216140910902
fold_state_stratified,G0_base,LightGBMLarge,4,AGC_080,3.5,3.145396429048976,0.3546035709510238
fold_state_stratified,G0_base,LightGBMLarge,4,AGC_081,3.7,3.1657875234737314,0.5342124765262688
fold_state_stratified,G0_base,LightGBMLarge,4,AGC_099,3.5,3.0038170676328613,0.49618293236713873
fold_state_stratified,G0_base,LightGBMLarge,4,AGC_104,4.56,4.241368714928715,0.3186312850712847
fold_state_stratified,G0_base,LightGBMLarge,4,AGC_109,4.54,4.5604599463933075,-0.020459946393307504
fold_state_stratified,G0_base,LightGBMLarge,4,AGC_115,4.6,4.3027336356150805,0.29726636438491916
fold_state_stratified,G0_base,LightGBMLarge,4,AGC_122,3.5,2.74899837174892,0.7510016282510801
fold_state_stratified,G0_base,LightGBMLarge,4,AGC_132,4.13,4.4746314193149574,-0.34463141931495755
fold_state_stratified,G0_base,LightGBMLarge,4,AGC_140,3.2,2.920294933330305,0.27970506666969497
fold_state_stratified,G0_base,LightGBMLarge,4,AGC_144,2.5,2.945679778954785,-0.44567977895478483
fold_state_stratified,G0_base,LightGBMLarge,4,AGC_148,3.0,3.0121747300422794,-0.012174730042279425
fold_state_stratified,G0_base,LightGBMLarge,4,AGC_152,4.87,4.399199898524104,0.4708001014758958
fold_state_stratified,G0_base,LightGBMLarge,4,AGC_168,4.49,4.570457030356249,-0.08045703035624907
fold_state_stratified,G0_base,LightGBMLarge,4,AGC_170,3.0,2.8930129947831436,0.10698700521685645
fold_state_stratified,G0_base,LightGBMLarge,4,AGC_171,2.15,4.436693059754458,-2.2866930597544584
fold_state_stratified,G0_base,LightGBMLarge,4,AGC_172,5.19,4.451419351058751,0.738580648941249
fold_state_stratified,G0_base,LightGBMLarge,4,AGC_176,4.38,4.0169171924934775,0.36308280750652244
fold_state_stratified,G0_base,LightGBMLarge,4,AGC_178,4.39,4.458159077160152,-0.06815907716015257
fold_state_stratified,G0_base,LightGBMLarge,4,AGC_181,4.51,4.537241642721166,-0.027241642721166137
fold_state_stratified,G0_base,LightGBMLarge,5,AGC_001,3.5,2.9155026590013917,0.5844973409986083
fold_state_stratified,G0_base,LightGBMLarge,5,AGC_002,4.63,4.321382074398884,0.3086179256011157
fold_state_stratified,G0_base,LightGBMLarge,5,AGC_006,4.49,4.338696503096653,0.15130349690334732
fold_state_stratified,G0_base,LightGBMLarge,5,AGC_013,4.01,4.209667964392646,-0.19966796439264645
fold_state_stratified,G0_base,LightGBMLarge,5,AGC_020,3.5,3.3879664741321784,0.11203352586782156
fold_state_stratified,G0_base,LightGBMLarge,5,AGC_034,2.0,3.2338362726894325,-1.2338362726894325
fold_state_stratified,G0_base,LightGBMLarge,5,AGC_035,4.68,4.123386963281958,0.5566130367180415
fold_state_stratified,G0_base,LightGBMLarge,5,AGC_046,3.0,3.0587806829153465,-0.05878068291534655
fold_state_stratified,G0_base,LightGBMLarge,5,AGC_057,4.55,4.446886800790232,0.10311319920976825
fold_state_stratified,G0_base,LightGBMLarge,5,AGC_060,4.52,4.884086593126552,-0.36408659312655267
fold_state_stratified,G0_base,LightGBMLarge,5,AGC_084,4.54,4.539352378543274,0.000647621456725922
fold_state_stratified,G0_base,LightGBMLarge,5,AGC_092,4.57,4.182570599420826,0.3874294005791743
fold_state_stratified,G0_base,LightGBMLarge,5,AGC_096,4.59,4.198124817070961,0.3918751829290388
fold_state_stratified,G0_base,LightGBMLarge,5,AGC_101,4.57,3.622927644014175,0.9470723559858252
fold_state_stratified,G0_base,LightGBMLarge,5,AGC_105,4.41,4.473386537838071,-0.06338653783807047
fold_state_stratified,G0_base,LightGBMLarge,5,AGC_114,3.0,3.1083161164320194,-0.10831611643201944
fold_state_stratified,G0_base,LightGBMLarge,5,AGC_123,2.5,2.947714489309813,-0.44771448930981306
fold_state_stratified,G0_base,LightGBMLarge,5,AGC_137,4.54,4.441105010487173,0.09889498951282683
fold_state_stratified,G0_base,LightGBMLarge,5,AGC_141,3.5,3.005028544051961,0.49497145594803893
fold_state_stratified,G0_base,LightGBMLarge,5,AGC_146,4.58,4.773663705070004,-0.19366370507000408
fold_state_stratified,G0_base,LightGBMLarge,5,AGC_162,5.59,4.184713766396341,1.4052862336036585
fold_state_stratified,G0_base,LightGBMLarge,5,AGC_169,2.5,3.086740484661469,-0.586740484661469
fold_state_stratified,G0_base,LightGBMLarge,5,AGC_179,4.55,4.577913807270306,-0.027913807270306457
fold_state_stratified,G0_base,LightGBMLarge,5,AGC_184,4.47,4.314185522799176,0.1558144772008241
fold_state_stratified,G0_base,LightGBMLarge,5,AGC_185,5.01,4.600170632796055,0.4098293672039448
fold_state_stratified,G0_base,LightGBMLarge,5,AGC_189,4.03,4.4965109474497,-0.46651094744969956
fold_state_stratified,G0_base,LightGBMLarge,5,AGC_195,3.68,4.396321344376068,-0.7163213443760674
fold_municipality_grouped,G0_base,LightGBMLarge,1,AGC_001,3.5,3.0866050669306313,0.4133949330693687
fold_municipality_grouped,G0_base,LightGBMLarge,1,AGC_004,3.0,3.6166876228680733,-0.6166876228680733
fold_municipality_grouped,G0_base,LightGBMLarge,1,AGC_019,3.0,3.175309137643876,-0.1753091376438758
fold_municipality_grouped,G0_base,LightGBMLarge,1,AGC_020,3.5,3.45263199094657,0.04736800905343008
fold_municipality_grouped,G0_base,LightGBMLarge,1,AGC_023,3.0,3.2863141232831814,-0.2863141232831814
fold_municipality_grouped,G0_base,LightGBMLarge,1,AGC_037,3.5,3.5090475278687117,-0.009047527868711658
fold_municipality_grouped,G0_base,LightGBMLarge,1,AGC_040,3.0,3.3374835622629484,-0.3374835622629484
fold_municipality_grouped,G0_base,LightGBMLarge,1,AGC_044,3.5,3.1865981987963363,0.3134018012036637
fold_municipality_grouped,G0_base,LightGBMLarge,1,AGC_046,3.0,3.256087021089353,-0.2560870210893529
fold_municipality_grouped,G0_base,LightGBMLarge,1,AGC_053,3.5,3.41541423102476,0.08458576897524006
fold_municipality_grouped,G0_base,LightGBMLarge,1,AGC_054,2.5,2.9264085033088825,-0.42640850330888247
fold_municipality_grouped,G0_base,LightGBMLarge,1,AGC_058,2.5,3.504545051807405,-1.0045450518074048
fold_municipality_grouped,G0_base,LightGBMLarge,1,AGC_066,3.0,3.2507630527993046,-0.25076305279930455
fold_municipality_grouped,G0_base,LightGBMLarge,1,AGC_068,2.5,3.442635393455101,-0.9426353934551011
fold_municipality_grouped,G0_base,LightGBMLarge,1,AGC_074,2.5,3.3865009032322564,-0.8865009032322564
fold_municipality_grouped,G0_base,LightGBMLarge,1,AGC_098,3.0,3.5138627106965736,-0.5138627106965736
fold_municipality_grouped,G0_base,LightGBMLarge,1,AGC_099,3.5,3.7342678851861755,-0.23426788518617547
fold_municipality_grouped,G0_base,LightGBMLarge,1,AGC_103,3.0,3.0936324052723414,-0.0936324052723414
fold_municipality_grouped,G0_base,LightGBMLarge,1,AGC_112,3.0,3.4623142496015165,-0.46231424960151646
fold_municipality_grouped,G0_base,LightGBMLarge,1,AGC_114,3.0,3.3955327302701908,-0.39553273027019076
fold_municipality_grouped,G0_base,LightGBMLarge,1,AGC_117,3.5,3.5887774339929024,-0.08877743399290239
fold_municipality_grouped,G0_base,LightGBMLarge,1,AGC_122,3.5,2.9675149252432425,0.5324850747567575
fold_municipality_grouped,G0_base,LightGBMLarge,1,AGC_123,2.5,3.2282816807146615,-0.7282816807146615
fold_municipality_grouped,G0_base,LightGBMLarge,1,AGC_138,2.5,3.58732407937122,-1.08732407937122
fold_municipality_grouped,G0_base,LightGBMLarge,1,AGC_141,3.5,3.400948363851832,0.09905163614816814
fold_municipality_grouped,G0_base,LightGBMLarge,1,AGC_144,2.5,3.1889853547092084,-0.6889853547092084
fold_municipality_grouped,G0_base,LightGBMLarge,1,AGC_145,3.5,3.328191713652667,0.17180828634733292
fold_municipality_grouped,G0_base,LightGBMLarge,1,AGC_157,3.0,3.639273147711251,-0.639273147711251
fold_municipality_grouped,G0_base,LightGBMLarge,1,AGC_163,3.0,3.3256917890365685,-0.3256917890365685
fold_municipality_grouped,G0_base,LightGBMLarge,1,AGC_169,2.5,3.5452790124859734,-1.0452790124859734
fold_municipality_grouped,G0_base,LightGBMLarge,1,AGC_170,3.0,3.3882967815552294,-0.3882967815552294
fold_municipality_grouped,G0_base,LightGBMLarge,1,AGC_187,3.0,3.464298809299946,-0.46429880929994605
fold_municipality_grouped,G0_base,LightGBMLarge,1,AGC_196,3.5,3.420022356380834,0.07997764361916593
fold_municipality_grouped,G0_base,LightGBMLarge,2,AGC_007,3.5,3.9058950102442647,-0.40589501024426466
fold_municipality_grouped,G0_base,LightGBMLarge,2,AGC_034,2.0,4.06795375041477,-2.0679537504147696
fold_municipality_grouped,G0_base,LightGBMLarge,2,AGC_038,3.3,4.036024395277765,-0.7360243952777648
fold_municipality_grouped,G0_base,LightGBMLarge,2,AGC_041,2.5,4.097285966253589,-1.5972859662535894
fold_municipality_grouped,G0_base,LightGBMLarge,2,AGC_067,3.0,4.107123972219141,-1.1071239722191413
fold_municipality_grouped,G0_base,LightGBMLarge,2,AGC_070,3.3,4.045686165391448,-0.7456861653914482
fold_municipality_grouped,G0_base,LightGBMLarge,2,AGC_078,3.0,3.8814635026944786,-0.8814635026944786
fold_municipality_grouped,G0_base,LightGBMLarge,2,AGC_079,3.3,4.013857294554362,-0.7138572945543622
fold_municipality_grouped,G0_base,LightGBMLarge,2,AGC_080,3.5,3.8710954678087135,-0.3710954678087135
fold_municipality_grouped,G0_base,LightGBMLarge,2,AGC_081,3.7,4.1035260515377745,-0.4035260515377743
fold_municipality_grouped,G0_base,LightGBMLarge,2,AGC_089,3.0,3.8967983620786546,-0.8967983620786546
fold_municipality_grouped,G0_base,LightGBMLarge,2,AGC_121,3.3,4.038915928449048,-0.7389159284490479
fold_municipality_grouped,G0_base,LightGBMLarge,2,AGC_140,3.2,3.9983431780456167,-0.7983431780456165
fold_municipality_grouped,G0_base,LightGBMLarge,2,AGC_148,3.0,3.8159105620265037,-0.8159105620265037
fold_municipality_grouped,G0_base,LightGBMLarge,2,AGC_166,2.5,4.312518319643234,-1.8125183196432344
fold_municipality_grouped,G0_base,LightGBMLarge,2,AGC_194,3.2,4.2744042984616,-1.0744042984615998
fold_municipality_grouped,G0_base,LightGBMLarge,3,AGC_051,4.45,3.4627610783477567,0.9872389216522435
fold_municipality_grouped,G0_base,LightGBMLarge,3,AGC_059,4.41,3.778483493831046,0.6315165061689543
fold_municipality_grouped,G0_base,LightGBMLarge,3,AGC_084,4.54,4.023650209734287,0.5163497902657133
fold_municipality_grouped,G0_base,LightGBMLarge,3,AGC_134,4.52,4.253043667041211,0.26695633295878896
fold_municipality_grouped,G0_base,LightGBMLarge,3,AGC_137,4.54,4.018322615706309,0.5216773842936906
fold_municipality_grouped,G0_base,LightGBMLarge,3,AGC_146,4.58,4.4910838974637795,0.08891610253622062
fold_municipality_grouped,G0_base,LightGBMLarge,3,AGC_151,4.69,4.202806807665214,0.48719319233478675
fold_municipality_grouped,G0_base,LightGBMLarge,3,AGC_152,4.87,3.903591534273366,0.9664084657266341
fold_municipality_grouped,G0_base,LightGBMLarge,3,AGC_180,4.14,3.908184455041063,0.23181554495893675
fold_municipality_grouped,G0_base,LightGBMLarge,3,AGC_184,4.47,4.204230698109377,0.2657693018906224
fold_municipality_grouped,G0_base,LightGBMLarge,4,AGC_002,4.63,3.5526104416673743,1.0773895583326256
fold_municipality_grouped,G0_base,LightGBMLarge,4,AGC_005,5.16,3.8443564805174466,1.3156435194825535
fold_municipality_grouped,G0_base,LightGBMLarge,4,AGC_006,4.49,3.53956343134487,0.9504365686551304
fold_municipality_grouped,G0_base,LightGBMLarge,4,AGC_008,4.55,3.7719127024554795,0.7780872975445203
fold_municipality_grouped,G0_base,LightGBMLarge,4,AGC_010,4.1,3.7476987421242987,0.352301257875701
fold_municipality_grouped,G0_base,LightGBMLarge,4,AGC_012,4.69,3.562706383068205,1.1272936169317953
fold_municipality_grouped,G0_base,LightGBMLarge,4,AGC_013,4.01,3.4550476556198015,0.5549523443801982
fold_municipality_grouped,G0_base,LightGBMLarge,4,AGC_014,4.83,3.896385844360501,0.933614155639499
fold_municipality_grouped,G0_base,LightGBMLarge,4,AGC_015,2.64,3.4039480100580715,-0.7639480100580713
fold_municipality_grouped,G0_base,LightGBMLarge,4,AGC_017,4.98,3.4480280077241208,1.5319719922758797
fold_municipality_grouped,G0_base,LightGBMLarge,4,AGC_018,4.49,3.656668135995507,0.8333318640044931
fold_municipality_grouped,G0_base,LightGBMLarge,4,AGC_021,4.94,3.266599051023791,1.6734009489762096
fold_municipality_grouped,G0_base,LightGBMLarge,4,AGC_022,4.55,3.7444125238142227,0.8055874761857771
fold_municipality_grouped,G0_base,LightGBMLarge,4,AGC_024,3.03,3.6123210248225948,-0.582321024822595
fold_municipality_grouped,G0_base,LightGBMLarge,4,AGC_026,3.55,3.459816639052378,0.0901833609476217
fold_municipality_grouped,G0_base,LightGBMLarge,4,AGC_032,4.03,3.522140114559247,0.5078598854407534
fold_municipality_grouped,G0_base,LightGBMLarge,4,AGC_033,4.47,3.277167493680168,1.192832506319832
fold_municipality_grouped,G0_base,LightGBMLarge,4,AGC_045,4.1,3.7341036154491865,0.3658963845508132
fold_municipality_grouped,G0_base,LightGBMLarge,4,AGC_047,4.45,3.5803817772979127,0.8696182227020874
fold_municipality_grouped,G0_base,LightGBMLarge,4,AGC_049,5.53,3.535144296725332,1.994855703274668
fold_municipality_grouped,G0_base,LightGBMLarge,4,AGC_055,5.45,3.5402773445616016,1.9097226554383986
fold_municipality_grouped,G0_base,LightGBMLarge,4,AGC_056,5.07,3.1189318150359546,1.9510681849640457
fold_municipality_grouped,G0_base,LightGBMLarge,4,AGC_057,4.55,3.4945379711552103,1.0554620288447896
fold_municipality_grouped,G0_base,LightGBMLarge,4,AGC_060,4.52,3.43761764971503,1.0823823502849694
fold_municipality_grouped,G0_base,LightGBMLarge,4,AGC_062,3.81,3.7018354294301914,0.10816457056980866
fold_municipality_grouped,G0_base,LightGBMLarge,4,AGC_069,5.46,3.595125780320305,1.8648742196796948
fold_municipality_grouped,G0_base,LightGBMLarge,4,AGC_072,4.55,3.2815340327204807,1.268465967279519
fold_municipality_grouped,G0_base,LightGBMLarge,4,AGC_073,4.3,3.694192260954223,0.605807739045777
fold_municipality_grouped,G0_base,LightGBMLarge,4,AGC_077,4.76,3.3919422124181478,1.368057787581852
fold_municipality_grouped,G0_base,LightGBMLarge,4,AGC_090,4.68,3.866321848351615,0.8136781516483849
fold_municipality_grouped,G0_base,LightGBMLarge,4,AGC_092,4.57,3.350338715190829,1.2196612848091712
fold_municipality_grouped,G0_base,LightGBMLarge,4,AGC_096,4.59,3.6698404532869437,0.9201595467130561
fold_municipality_grouped,G0_base,LightGBMLarge,4,AGC_097,4.69,3.239608828058194,1.4503911719418063
fold_municipality_grouped,G0_base,LightGBMLarge,4,AGC_100,4.5,3.8764662249456263,0.6235337750543737
fold_municipality_grouped,G0_base,LightGBMLarge,4,AGC_101,4.57,3.455313336832149,1.1146866631678511
fold_municipality_grouped,G0_base,LightGBMLarge,4,AGC_102,4.4,3.551429682479605,0.8485703175203954
fold_municipality_grouped,G0_base,LightGBMLarge,4,AGC_104,4.56,3.8318259016668654,0.7281740983331342
fold_municipality_grouped,G0_base,LightGBMLarge,4,AGC_105,4.41,3.55911646897574,0.8508835310242602
fold_municipality_grouped,G0_base,LightGBMLarge,4,AGC_106,4.43,3.6484357334959867,0.781564266504013
fold_municipality_grouped,G0_base,LightGBMLarge,4,AGC_108,4.51,3.2609560906969515,1.2490439093030483
fold_municipality_grouped,G0_base,LightGBMLarge,4,AGC_109,4.54,3.3686423092735316,1.1713576907264684
fold_municipality_grouped,G0_base,LightGBMLarge,4,AGC_110,4.18,3.778168496777672,0.40183150322232786
fold_municipality_grouped,G0_base,LightGBMLarge,4,AGC_111,4.72,3.367884550228017,1.3521154497719827
fold_municipality_grouped,G0_base,LightGBMLarge,4,AGC_115,4.6,3.422904631251546,1.1770953687484536
fold_municipality_grouped,G0_base,LightGBMLarge,4,AGC_124,5.05,3.5665427352524395,1.4834572647475603
fold_municipality_grouped,G0_base,LightGBMLarge,4,AGC_125,4.06,3.891621845467042,0.16837815453295768
fold_municipality_grouped,G0_base,LightGBMLarge,4,AGC_127,5.57,3.784673511990839,1.7853264880091615
fold_municipality_grouped,G0_base,LightGBMLarge,4,AGC_131,4.89,3.9711043763881584,0.9188956236118413
fold_municipality_grouped,G0_base,LightGBMLarge,4,AGC_132,4.13,3.451756270898641,0.678243729101359
fold_municipality_grouped,G0_base,LightGBMLarge,4,AGC_133,3.91,3.363449979100489,0.5465500208995113
fold_municipality_grouped,G0_base,LightGBMLarge,4,AGC_135,4.49,3.2762648120611884,1.2137351879388119
fold_municipality_grouped,G0_base,LightGBMLarge,4,AGC_139,4.67,3.5553482517301873,1.1146517482698126
fold_municipality_grouped,G0_base,LightGBMLarge,4,AGC_150,4.52,3.806526096425524,0.7134739035744757
fold_municipality_grouped,G0_base,LightGBMLarge,4,AGC_155,4.52,3.647043577889305,0.8729564221106947
fold_municipality_grouped,G0_base,LightGBMLarge,4,AGC_159,4.77,3.5720688010904627,1.197931198909537
fold_municipality_grouped,G0_base,LightGBMLarge,4,AGC_160,3.62,3.418425140872716,0.2015748591272839
fold_municipality_grouped,G0_base,LightGBMLarge,4,AGC_161,4.46,3.5324795939148457,0.9275204060851543
fold_municipality_grouped,G0_base,LightGBMLarge,4,AGC_162,5.59,3.208802347034898,2.3811976529651018
fold_municipality_grouped,G0_base,LightGBMLarge,4,AGC_164,3.0,3.8318705932812067,-0.8318705932812067
fold_municipality_grouped,G0_base,LightGBMLarge,4,AGC_165,4.44,3.2547321745323865,1.185267825467614
fold_municipality_grouped,G0_base,LightGBMLarge,4,AGC_167,4.54,3.7833849502555004,0.7566150497444997
fold_municipality_grouped,G0_base,LightGBMLarge,4,AGC_168,4.49,3.7134698411802822,0.776530158819718
fold_municipality_grouped,G0_base,LightGBMLarge,4,AGC_171,2.15,3.6379070953261845,-1.4879070953261846
fold_municipality_grouped,G0_base,LightGBMLarge,4,AGC_172,5.19,3.4075955511435563,1.7824044488564441
fold_municipality_grouped,G0_base,LightGBMLarge,4,AGC_176,4.38,3.1393591936134464,1.2406408063865535
fold_municipality_grouped,G0_base,LightGBMLarge,4,AGC_178,4.39,3.3480130253120266,1.041986974687973
fold_municipality_grouped,G0_base,LightGBMLarge,4,AGC_179,4.55,3.3513637668323466,1.1986362331676532
fold_municipality_grouped,G0_base,LightGBMLarge,4,AGC_181,4.51,3.500830302181418,1.0091696978185816
fold_municipality_grouped,G0_base,LightGBMLarge,4,AGC_185,5.01,3.9968648241491396,1.0131351758508602
fold_municipality_grouped,G0_base,LightGBMLarge,4,AGC_189,4.03,3.7796182985573643,0.25038170144263594
fold_municipality_grouped,G0_base,LightGBMLarge,4,AGC_193,4.57,3.5315304002275294,1.0384695997724709
fold_municipality_grouped,G0_base,LightGBMLarge,4,AGC_195,3.68,3.663904367757852,0.01609563224214794
fold_municipality_grouped,G0_base,LightGBMLarge,4,AGC_197,4.52,3.426563566427507,1.0934364335724926
fold_municipality_grouped,G0_base,LightGBMLarge,5,AGC_009,4.79,4.881204588345984,-0.09120458834598377
fold_municipality_grouped,G0_base,LightGBMLarge,5,AGC_035,4.68,3.911048116549835,0.7689518834501645
fold_municipality_grouped,G0_base,LightGBMLarge,5,AGC_048,2.5,3.503571559798198,-1.003571559798198
fold_municipality_grouped,G0_base,LightGBMLarge,5,AGC_064,4.51,4.93480684048711,-0.42480684048711037
fold_municipality_grouped,G0_base,LightGBMLarge,5,AGC_083,4.61,4.178109586543684,0.4318904134563164
fold_municipality_grouped,G0_base,LightGBMLarge,5,AGC_119,4.4,4.674913033772688,-0.2749130337726875
fold_state_stratified,G1_agronomic,LightGBMLarge,1,AGC_009,4.79,4.391258619840748,0.39874138015925187
fold_state_stratified,G1_agronomic,LightGBMLarge,1,AGC_015,2.64,4.711843357355405,-2.0718433573554047
fold_state_stratified,G1_agronomic,LightGBMLarge,1,AGC_017,4.98,4.562472731284551,0.41752726871544965
fold_state_stratified,G1_agronomic,LightGBMLarge,1,AGC_032,4.03,4.5672298012295975,-0.5372298012295973
fold_state_stratified,G1_agronomic,LightGBMLarge,1,AGC_045,4.1,4.412564139089362,-0.3125641390893623
fold_state_stratified,G1_agronomic,LightGBMLarge,1,AGC_054,2.5,2.879788050930999,-0.379788050930999
fold_state_stratified,G1_agronomic,LightGBMLarge,1,AGC_058,2.5,3.452996630212046,-0.9529966302120458
fold_state_stratified,G1_agronomic,LightGBMLarge,1,AGC_068,2.5,2.6922166844037276,-0.19221668440372763
fold_state_stratified,G1_agronomic,LightGBMLarge,1,AGC_073,4.3,4.291475158107453,0.008524841892547208
fold_state_stratified,G1_agronomic,LightGBMLarge,1,AGC_079,3.3,2.8455450575473313,0.4544549424526685
fold_state_stratified,G1_agronomic,LightGBMLarge,1,AGC_083,4.61,3.858065653445254,0.7519343465547461
fold_state_stratified,G1_agronomic,LightGBMLarge,1,AGC_090,4.68,4.232391343076968,0.4476086569230313
fold_state_stratified,G1_agronomic,LightGBMLarge,1,AGC_102,4.4,4.122042282243301,0.2779577177566992
fold_state_stratified,G1_agronomic,LightGBMLarge,1,AGC_103,3.0,3.121977703450002,-0.12197770345000203
fold_state_stratified,G1_agronomic,LightGBMLarge,1,AGC_111,4.72,4.494866712551883,0.22513328744811645
fold_state_stratified,G1_agronomic,LightGBMLarge,1,AGC_112,3.0,2.8078862150516484,0.19211378494835163
fold_state_stratified,G1_agronomic,LightGBMLarge,1,AGC_117,3.5,3.262577427663576,0.23742257233642405
fold_state_stratified,G1_agronomic,LightGBMLarge,1,AGC_119,4.4,4.53878259617933,-0.13878259617932986
fold_state_stratified,G1_agronomic,LightGBMLarge,1,AGC_121,3.3,3.286347602071478,0.013652397928521687
fold_state_stratified,G1_agronomic,LightGBMLarge,1,AGC_127,5.57,4.695112717476613,0.8748872825233871
fold_state_stratified,G1_agronomic,LightGBMLarge,1,AGC_133,3.91,4.361874698618852,-0.45187469861885177
fold_state_stratified,G1_agronomic,LightGBMLarge,1,AGC_139,4.67,4.1101360477369555,0.5598639522630444
fold_state_stratified,G1_agronomic,LightGBMLarge,1,AGC_159,4.77,4.881346258364997,-0.11134625836499712
fold_state_stratified,G1_agronomic,LightGBMLarge,1,AGC_161,4.46,4.804949815123243,-0.3449498151232433
fold_state_stratified,G1_agronomic,LightGBMLarge,1,AGC_164,3.0,2.7901626611405987,0.20983733885940126
fold_state_stratified,G1_agronomic,LightGBMLarge,1,AGC_167,4.54,4.821048231449387,-0.28104823144938695
fold_state_stratified,G1_agronomic,LightGBMLarge,1,AGC_180,4.14,4.612553426942659,-0.47255342694265945
fold_state_stratified,G1_agronomic,LightGBMLarge,1,AGC_187,3.0,2.6722363628188406,0.3277636371811594
fold_state_stratified,G1_agronomic,LightGBMLarge,2,AGC_008,4.55,4.352579940164086,0.19742005983591415
fold_state_stratified,G1_agronomic,LightGBMLarge,2,AGC_024,3.03,4.032054714024688,-1.002054714024688
fold_state_stratified,G1_agronomic,LightGBMLarge,2,AGC_033,4.47,4.916351078939488,-0.44635107893948867
fold_state_stratified,G1_agronomic,LightGBMLarge,2,AGC_037,3.5,2.7697272496895566,0.7302727503104434
fold_state_stratified,G1_agronomic,LightGBMLarge,2,AGC_040,3.0,2.9804028237380087,0.01959717626199131
fold_state_stratified,G1_agronomic,LightGBMLarge,2,AGC_047,4.45,3.6271713635088343,0.8228286364911659
fold_state_stratified,G1_agronomic,LightGBMLarge,2,AGC_049,5.53,5.088896814385083,0.44110318561491724
fold_state_stratified,G1_agronomic,LightGBMLarge,2,AGC_053,3.5,3.273319882586095,0.2266801174139048
fold_state_stratified,G1_agronomic,LightGBMLarge,2,AGC_055,5.45,4.567158716928743,0.8828412830712571
fold_state_stratified,G1_agronomic,LightGBMLarge,2,AGC_062,3.81,4.414307075459189,-0.604307075459189
fold_state_stratified,G1_agronomic,LightGBMLarge,2,AGC_064,4.51,4.738328891977667,-0.22832889197766715
fold_state_stratified,G1_agronomic,LightGBMLarge,2,AGC_078,3.0,3.4413636654712914,-0.44136366547129136
fold_state_stratified,G1_agronomic,LightGBMLarge,2,AGC_098,3.0,3.3780602232271835,-0.37806022322718347
fold_state_stratified,G1_agronomic,LightGBMLarge,2,AGC_100,4.5,4.53088027411298,-0.03088027411298011
fold_state_stratified,G1_agronomic,LightGBMLarge,2,AGC_108,4.51,4.838378287853374,-0.32837828785337386
fold_state_stratified,G1_agronomic,LightGBMLarge,2,AGC_124,5.05,4.806135618481581,0.24386438151841894
fold_state_stratified,G1_agronomic,LightGBMLarge,2,AGC_125,4.06,4.252134731754716,-0.19213473175471663
fold_state_stratified,G1_agronomic,LightGBMLarge,2,AGC_131,4.89,4.370957980866889,0.5190420191331109
fold_state_stratified,G1_agronomic,LightGBMLarge,2,AGC_134,4.52,3.777560672149186,0.7424393278508137
fold_state_stratified,G1_agronomic,LightGBMLarge,2,AGC_135,4.49,4.727923067884392,-0.23792306788439177
fold_state_stratified,G1_agronomic,LightGBMLarge,2,AGC_145,3.5,2.9195856347435725,0.5804143652564275
fold_state_stratified,G1_agronomic,LightGBMLarge,2,AGC_150,4.52,4.6213315119322615,-0.10133151193226198
fold_state_stratified,G1_agronomic,LightGBMLarge,2,AGC_151,4.69,4.417149873092279,0.2728501269077217
fold_state_stratified,G1_agronomic,LightGBMLarge,2,AGC_157,3.0,3.169319116178235,-0.1693191161782348
fold_state_stratified,G1_agronomic,LightGBMLarge,2,AGC_160,3.62,4.793345855089644,-1.1733458550896438
fold_state_stratified,G1_agronomic,LightGBMLarge,2,AGC_166,2.5,3.1282558250532695,-0.6282558250532695
fold_state_stratified,G1_agronomic,LightGBMLarge,2,AGC_193,4.57,4.083496539151763,0.4865034608482377
fold_state_stratified,G1_agronomic,LightGBMLarge,2,AGC_194,3.2,3.188296672173715,0.011703327826285026
fold_state_stratified,G1_agronomic,LightGBMLarge,3,AGC_004,3.0,3.33993677187052,-0.3399367718705202
fold_state_stratified,G1_agronomic,LightGBMLarge,3,AGC_005,5.16,4.480200818220307,0.6797991817796936
fold_state_stratified,G1_agronomic,LightGBMLarge,3,AGC_010,4.1,4.350775488665478,-0.2507754886654787
fold_state_stratified,G1_agronomic,LightGBMLarge,3,AGC_014,4.83,4.142788779527661,0.6872112204723395
fold_state_stratified,G1_agronomic,LightGBMLarge,3,AGC_018,4.49,4.425269021122791,0.06473097887720947
fold_state_stratified,G1_agronomic,LightGBMLarge,3,AGC_021,4.94,4.491514784228217,0.44848521577178335
fold_state_stratified,G1_agronomic,LightGBMLarge,3,AGC_023,3.0,3.3522625772791006,-0.3522625772791006
fold_state_stratified,G1_agronomic,LightGBMLarge,3,AGC_038,3.3,3.29915199977362,0.0008480002263797637
fold_state_stratified,G1_agronomic,LightGBMLarge,3,AGC_044,3.5,3.416426778958582,0.08357322104141796
fold_state_stratified,G1_agronomic,LightGBMLarge,3,AGC_051,4.45,4.448800340036014,0.0011996599639862993
fold_state_stratified,G1_agronomic,LightGBMLarge,3,AGC_059,4.41,4.3018645249641665,0.10813547503583365
fold_state_stratified,G1_agronomic,LightGBMLarge,3,AGC_066,3.0,3.236151125537968,-0.23615112553796802
fold_state_stratified,G1_agronomic,LightGBMLarge,3,AGC_067,3.0,3.4337398995234487,-0.4337398995234487
fold_state_stratified,G1_agronomic,LightGBMLarge,3,AGC_069,5.46,4.436508576693265,1.0234914233067354
fold_state_stratified,G1_agronomic,LightGBMLarge,3,AGC_070,3.3,3.282057246093128,0.017942753906871722
fold_state_stratified,G1_agronomic,LightGBMLarge,3,AGC_072,4.55,4.19696486019722,0.35303513980278023
fold_state_stratified,G1_agronomic,LightGBMLarge,3,AGC_074,2.5,3.412254607298091,-0.9122546072980908
fold_state_stratified,G1_agronomic,LightGBMLarge,3,AGC_077,4.76,4.520958798636545,0.23904120136345508
fold_state_stratified,G1_agronomic,LightGBMLarge,3,AGC_089,3.0,2.8376959010122853,0.1623040989877147
fold_state_stratified,G1_agronomic,LightGBMLarge,3,AGC_097,4.69,4.324661555492881,0.3653384445071195
fold_state_stratified,G1_agronomic,LightGBMLarge,3,AGC_106,4.43,3.5177384096454567,0.912261590354543
fold_state_stratified,G1_agronomic,LightGBMLarge,3,AGC_110,4.18,3.9860953759227167,0.19390462407728304
fold_state_stratified,G1_agronomic,LightGBMLarge,3,AGC_138,2.5,3.1932616786118064,-0.6932616786118064
fold_state_stratified,G1_agronomic,LightGBMLarge,3,AGC_155,4.52,4.643134490579921,-0.12313449057992099
fold_state_stratified,G1_agronomic,LightGBMLarge,3,AGC_163,3.0,2.8872301459256655,0.11276985407433449
fold_state_stratified,G1_agronomic,LightGBMLarge,3,AGC_165,4.44,4.05888214268325,0.38111785731675063
fold_state_stratified,G1_agronomic,LightGBMLarge,3,AGC_196,3.5,3.702226241656895,-0.20222624165689496
fold_state_stratified,G1_agronomic,LightGBMLarge,3,AGC_197,4.52,4.273739018758433,0.2462609812415666
fold_state_stratified,G1_agronomic,LightGBMLarge,4,AGC_007,3.5,3.294081645617188,0.20591835438281203
fold_state_stratified,G1_agronomic,LightGBMLarge,4,AGC_012,4.69,4.903404050041936,-0.21340405004193563
fold_state_stratified,G1_agronomic,LightGBMLarge,4,AGC_019,3.0,3.043296910149185,-0.04329691014918513
fold_state_stratified,G1_agronomic,LightGBMLarge,4,AGC_022,4.55,4.596665747725499,-0.04666574772549925
fold_state_stratified,G1_agronomic,LightGBMLarge,4,AGC_026,3.55,4.338839867006598,-0.7888398670065984
fold_state_stratified,G1_agronomic,LightGBMLarge,4,AGC_041,2.5,3.019869042879372,-0.519869042879372
fold_state_stratified,G1_agronomic,LightGBMLarge,4,AGC_048,2.5,3.560456432448905,-1.060456432448905
fold_state_stratified,G1_agronomic,LightGBMLarge,4,AGC_056,5.07,4.485217973285988,0.584782026714012
fold_state_stratified,G1_agronomic,LightGBMLarge,4,AGC_080,3.5,3.189931622467987,0.310068377532013
fold_state_stratified,G1_agronomic,LightGBMLarge,4,AGC_081,3.7,3.0898921814297324,0.6101078185702677
fold_state_stratified,G1_agronomic,LightGBMLarge,4,AGC_099,3.5,3.1826194013049003,0.3173805986950997
fold_state_stratified,G1_agronomic,LightGBMLarge,4,AGC_104,4.56,4.3367886286352695,0.22321137136473013
fold_state_stratified,G1_agronomic,LightGBMLarge,4,AGC_109,4.54,4.524272001638755,0.015727998361245277
fold_state_stratified,G1_agronomic,LightGBMLarge,4,AGC_115,4.6,4.266852337023016,0.33314766297698384
fold_state_stratified,G1_agronomic,LightGBMLarge,4,AGC_122,3.5,2.921338281046789,0.5786617189532111
fold_state_stratified,G1_agronomic,LightGBMLarge,4,AGC_132,4.13,4.607792288764356,-0.4777922887643564
fold_state_stratified,G1_agronomic,LightGBMLarge,4,AGC_140,3.2,3.20062282507672,-0.0006228250767197352
fold_state_stratified,G1_agronomic,LightGBMLarge,4,AGC_144,2.5,2.957175463752944,-0.45717546375294393
fold_state_stratified,G1_agronomic,LightGBMLarge,4,AGC_148,3.0,2.9933379659811914,0.006662034018808605
fold_state_stratified,G1_agronomic,LightGBMLarge,4,AGC_152,4.87,4.738595011416104,0.13140498858389638
fold_state_stratified,G1_agronomic,LightGBMLarge,4,AGC_168,4.49,4.415055403974925,0.07494459602507497
fold_state_stratified,G1_agronomic,LightGBMLarge,4,AGC_170,3.0,3.2458478923724554,-0.2458478923724554
fold_state_stratified,G1_agronomic,LightGBMLarge,4,AGC_171,2.15,4.3994785891451516,-2.2494785891451516
fold_state_stratified,G1_agronomic,LightGBMLarge,4,AGC_172,5.19,4.776138407409604,0.4138615925903961
fold_state_stratified,G1_agronomic,LightGBMLarge,4,AGC_176,4.38,4.2655141370022625,0.11448586299773744
fold_state_stratified,G1_agronomic,LightGBMLarge,4,AGC_178,4.39,4.449274175502984,-0.05927417550298397
fold_state_stratified,G1_agronomic,LightGBMLarge,4,AGC_181,4.51,4.5918047609838615,-0.08180476098386169
fold_state_stratified,G1_agronomic,LightGBMLarge,5,AGC_001,3.5,2.881276650365267,0.6187233496347329
fold_state_stratified,G1_agronomic,LightGBMLarge,5,AGC_002,4.63,4.535968221977749,0.09403177802225127
fold_state_stratified,G1_agronomic,LightGBMLarge,5,AGC_006,4.49,4.403774212010268,0.0862257879897319
fold_state_stratified,G1_agronomic,LightGBMLarge,5,AGC_013,4.01,4.127554662186799,-0.11755466218679889
fold_state_stratified,G1_agronomic,LightGBMLarge,5,AGC_020,3.5,3.3698781222827967,0.1301218777172033
fold_state_stratified,G1_agronomic,LightGBMLarge,5,AGC_034,2.0,3.2786574206690777,-1.2786574206690777
fold_state_stratified,G1_agronomic,LightGBMLarge,5,AGC_035,4.68,3.381809110432063,1.2981908895679366
fold_state_stratified,G1_agronomic,LightGBMLarge,5,AGC_046,3.0,2.777916021567656,0.22208397843234406
fold_state_stratified,G1_agronomic,LightGBMLarge,5,AGC_057,4.55,4.902007923385173,-0.35200792338517317
fold_state_stratified,G1_agronomic,LightGBMLarge,5,AGC_060,4.52,5.178828726032208,-0.6588287260322083
fold_state_stratified,G1_agronomic,LightGBMLarge,5,AGC_084,4.54,4.88818322948152,-0.3481832294815197
fold_state_stratified,G1_agronomic,LightGBMLarge,5,AGC_092,4.57,4.1053830160655,0.46461698393450046
fold_state_stratified,G1_agronomic,LightGBMLarge,5,AGC_096,4.59,4.202388075831318,0.38761192416868173
fold_state_stratified,G1_agronomic,LightGBMLarge,5,AGC_101,4.57,3.892123522930608,0.6778764770693924
fold_state_stratified,G1_agronomic,LightGBMLarge,5,AGC_105,4.41,4.7632236932057666,-0.3532236932057664
fold_state_stratified,G1_agronomic,LightGBMLarge,5,AGC_114,3.0,2.709651226883223,0.2903487731167771
fold_state_stratified,G1_agronomic,LightGBMLarge,5,AGC_123,2.5,3.011190747741379,-0.5111907477413791
fold_state_stratified,G1_agronomic,LightGBMLarge,5,AGC_137,4.54,4.717315857649906,-0.17731585764990587
fold_state_stratified,G1_agronomic,LightGBMLarge,5,AGC_141,3.5,3.050455513724459,0.4495444862755411
fold_state_stratified,G1_agronomic,LightGBMLarge,5,AGC_146,4.58,4.753822077311598,-0.1738220773115975
fold_state_stratified,G1_agronomic,LightGBMLarge,5,AGC_162,5.59,4.426863482822903,1.1631365171770964
fold_state_stratified,G1_agronomic,LightGBMLarge,5,AGC_169,2.5,2.900179975364545,-0.4001799753645452
fold_state_stratified,G1_agronomic,LightGBMLarge,5,AGC_179,4.55,4.375748602275314,0.174251397724686
fold_state_stratified,G1_agronomic,LightGBMLarge,5,AGC_184,4.47,4.454457154145353,0.015542845854646714
fold_state_stratified,G1_agronomic,LightGBMLarge,5,AGC_185,5.01,4.324256196708732,0.6857438032912677
fold_state_stratified,G1_agronomic,LightGBMLarge,5,AGC_189,4.03,4.345219795575696,-0.3152197955756959
fold_state_stratified,G1_agronomic,LightGBMLarge,5,AGC_195,3.68,4.308534745691597,-0.6285347456915971
fold_municipality_grouped,G1_agronomic,LightGBMLarge,1,AGC_001,3.5,3.2090620323432946,0.29093796765670543
fold_municipality_grouped,G1_agronomic,LightGBMLarge,1,AGC_004,3.0,3.6072856021397364,-0.6072856021397364
fold_municipality_grouped,G1_agronomic,LightGBMLarge,1,AGC_019,3.0,3.111933215098948,-0.11193321509894805
fold_municipality_grouped,G1_agronomic,LightGBMLarge,1,AGC_020,3.5,3.550638250281851,-0.05063825028185098
fold_municipality_grouped,G1_agronomic,LightGBMLarge,1,AGC_023,3.0,3.298725887946589,-0.29872588794658883
fold_municipality_grouped,G1_agronomic,LightGBMLarge,1,AGC_037,3.5,3.341094690469354,0.15890530953064586
fold_municipality_grouped,G1_agronomic,LightGBMLarge,1,AGC_040,3.0,3.4073888744328893,-0.4073888744328893
fold_municipality_grouped,G1_agronomic,LightGBMLarge,1,AGC_044,3.5,3.5231242793988127,-0.023124279398812675
fold_municipality_grouped,G1_agronomic,LightGBMLarge,1,AGC_046,3.0,3.0675938020970555,-0.06759380209705546
fold_municipality_grouped,G1_agronomic,LightGBMLarge,1,AGC_053,3.5,3.4598699477230133,0.04013005227698674
fold_municipality_grouped,G1_agronomic,LightGBMLarge,1,AGC_054,2.5,2.9233219556255756,-0.4233219556255756
fold_municipality_grouped,G1_agronomic,LightGBMLarge,1,AGC_058,2.5,3.375671779649307,-0.875671779649307
fold_municipality_grouped,G1_agronomic,LightGBMLarge,1,AGC_066,3.0,3.4306434939621586,-0.4306434939621586
fold_municipality_grouped,G1_agronomic,LightGBMLarge,1,AGC_068,2.5,3.287433616873501,-0.7874336168735012
fold_municipality_grouped,G1_agronomic,LightGBMLarge,1,AGC_074,2.5,3.3342186606469952,-0.8342186606469952
fold_municipality_grouped,G1_agronomic,LightGBMLarge,1,AGC_098,3.0,3.3358142973960185,-0.33581429739601854
fold_municipality_grouped,G1_agronomic,LightGBMLarge,1,AGC_099,3.5,3.597474233589091,-0.0974742335890908
fold_municipality_grouped,G1_agronomic,LightGBMLarge,1,AGC_103,3.0,3.2574871941695513,-0.25748719416955135
fold_municipality_grouped,G1_agronomic,LightGBMLarge,1,AGC_112,3.0,3.3338148510526007,-0.33381485105260067
fold_municipality_grouped,G1_agronomic,LightGBMLarge,1,AGC_114,3.0,2.8953243433132423,0.10467565668675771
fold_municipality_grouped,G1_agronomic,LightGBMLarge,1,AGC_117,3.5,3.4751043518863702,0.024895648113629765
fold_municipality_grouped,G1_agronomic,LightGBMLarge,1,AGC_122,3.5,3.0969134404548337,0.40308655954516626
fold_municipality_grouped,G1_agronomic,LightGBMLarge,1,AGC_123,2.5,2.9080396952427914,-0.4080396952427914
fold_municipality_grouped,G1_agronomic,LightGBMLarge,1,AGC_138,2.5,3.3808018537910893,-0.8808018537910893
fold_municipality_grouped,G1_agronomic,LightGBMLarge,1,AGC_141,3.5,3.428181583845825,0.07181841615417506
fold_municipality_grouped,G1_agronomic,LightGBMLarge,1,AGC_144,2.5,2.993352398154649,-0.49335239815464904
fold_municipality_grouped,G1_agronomic,LightGBMLarge,1,AGC_145,3.5,3.1040690576998844,0.3959309423001156
fold_municipality_grouped,G1_agronomic,LightGBMLarge,1,AGC_157,3.0,3.554047495611757,-0.5540474956117571
fold_municipality_grouped,G1_agronomic,LightGBMLarge,1,AGC_163,3.0,3.235231206954806,-0.23523120695480593
fold_municipality_grouped,G1_agronomic,LightGBMLarge,1,AGC_169,2.5,3.525192110948086,-1.025192110948086
fold_municipality_grouped,G1_agronomic,LightGBMLarge,1,AGC_170,3.0,3.767802954155374,-0.7678029541553739
fold_municipality_grouped,G1_agronomic,LightGBMLarge,1,AGC_187,3.0,3.2623920155005077,-0.2623920155005077
fold_municipality_grouped,G1_agronomic,LightGBMLarge,1,AGC_196,3.5,3.4523925855077207,0.04760741449227934
fold_municipality_grouped,G1_agronomic,LightGBMLarge,2,AGC_007,3.5,4.369915992724051,-0.8699159927240512
fold_municipality_grouped,G1_agronomic,LightGBMLarge,2,AGC_034,2.0,3.903589671528214,-1.9035896715282141
fold_municipality_grouped,G1_agronomic,LightGBMLarge,2,AGC_038,3.3,4.1729653874396435,-0.8729653874396437
fold_municipality_grouped,G1_agronomic,LightGBMLarge,2,AGC_041,2.5,4.4813418241625325,-1.9813418241625325
fold_municipality_grouped,G1_agronomic,LightGBMLarge,2,AGC_067,3.0,4.316798599691743,-1.3167985996917428
fold_municipality_grouped,G1_agronomic,LightGBMLarge,2,AGC_070,3.3,4.385396327100854,-1.0853963271008542
fold_municipality_grouped,G1_agronomic,LightGBMLarge,2,AGC_078,3.0,4.411514553055879,-1.4115145530558788
fold_municipality_grouped,G1_agronomic,LightGBMLarge,2,AGC_079,3.3,4.274387241972537,-0.9743872419725372
fold_municipality_grouped,G1_agronomic,LightGBMLarge,2,AGC_080,3.5,4.298757063608887,-0.7987570636088872
fold_municipality_grouped,G1_agronomic,LightGBMLarge,2,AGC_081,3.7,4.448274859010996,-0.748274859010996
fold_municipality_grouped,G1_agronomic,LightGBMLarge,2,AGC_089,3.0,4.151971103592425,-1.151971103592425
fold_municipality_grouped,G1_agronomic,LightGBMLarge,2,AGC_121,3.3,4.412622466636607,-1.1126224666366076
fold_municipality_grouped,G1_agronomic,LightGBMLarge,2,AGC_140,3.2,4.551454068969046,-1.351454068969046
fold_municipality_grouped,G1_agronomic,LightGBMLarge,2,AGC_148,3.0,4.143369405269465,-1.143369405269465
fold_municipality_grouped,G1_agronomic,LightGBMLarge,2,AGC_166,2.5,4.553309892718574,-2.0533098927185742
fold_municipality_grouped,G1_agronomic,LightGBMLarge,2,AGC_194,3.2,4.279706092522199,-1.0797060925221986
fold_municipality_grouped,G1_agronomic,LightGBMLarge,3,AGC_051,4.45,3.8636526290404203,0.5863473709595799
fold_municipality_grouped,G1_agronomic,LightGBMLarge,3,AGC_059,4.41,3.9306362666118457,0.4793637333881544
fold_municipality_grouped,G1_agronomic,LightGBMLarge,3,AGC_084,4.54,4.223026866779517,0.3169731332204826
fold_municipality_grouped,G1_agronomic,LightGBMLarge,3,AGC_134,4.52,3.360785929212091,1.1592140707879084
fold_municipality_grouped,G1_agronomic,LightGBMLarge,3,AGC_137,4.54,4.170249370305558,0.36975062969444217
fold_municipality_grouped,G1_agronomic,LightGBMLarge,3,AGC_146,4.58,4.303661769738435,0.27633823026156534
fold_municipality_grouped,G1_agronomic,LightGBMLarge,3,AGC_151,4.69,4.089505465544808,0.6004945344551924
fold_municipality_grouped,G1_agronomic,LightGBMLarge,3,AGC_152,4.87,4.224640722146529,0.6453592778534709
fold_municipality_grouped,G1_agronomic,LightGBMLarge,3,AGC_180,4.14,3.8654686055908773,0.27453139440912233
fold_municipality_grouped,G1_agronomic,LightGBMLarge,3,AGC_184,4.47,4.27622900422245,0.19377099577754997
fold_municipality_grouped,G1_agronomic,LightGBMLarge,4,AGC_002,4.63,4.296440000274317,0.33355999972568284
fold_municipality_grouped,G1_agronomic,LightGBMLarge,4,AGC_005,5.16,4.607872533515674,0.5521274664843263
fold_municipality_grouped,G1_agronomic,LightGBMLarge,4,AGC_006,4.49,3.721211901755176,0.7687880982448241
fold_municipality_grouped,G1_agronomic,LightGBMLarge,4,AGC_008,4.55,4.308532088355459,0.2414679116445404
fold_municipality_grouped,G1_agronomic,LightGBMLarge,4,AGC_010,4.1,4.249966171262105,-0.14996617126210499
fold_municipality_grouped,G1_agronomic,LightGBMLarge,4,AGC_012,4.69,4.271960236811827,0.4180397631881734
fold_municipality_grouped,G1_agronomic,LightGBMLarge,4,AGC_013,4.01,3.8253952988219297,0.18460470117807004
fold_municipality_grouped,G1_agronomic,LightGBMLarge,4,AGC_014,4.83,4.282142510540585,0.5478574894594148
fold_municipality_grouped,G1_agronomic,LightGBMLarge,4,AGC_015,2.64,4.150460562418682,-1.510460562418682
fold_municipality_grouped,G1_agronomic,LightGBMLarge,4,AGC_017,4.98,4.360219257109126,0.6197807428908746
fold_municipality_grouped,G1_agronomic,LightGBMLarge,4,AGC_018,4.49,4.20038803980213,0.2896119601978704
fold_municipality_grouped,G1_agronomic,LightGBMLarge,4,AGC_021,4.94,4.038365286071528,0.9016347139284724
fold_municipality_grouped,G1_agronomic,LightGBMLarge,4,AGC_022,4.55,4.051943306208333,0.49805669379166684
fold_municipality_grouped,G1_agronomic,LightGBMLarge,4,AGC_024,3.03,4.133866328095936,-1.1038663280959358
fold_municipality_grouped,G1_agronomic,LightGBMLarge,4,AGC_026,3.55,4.293079680758914,-0.743079680758914
fold_municipality_grouped,G1_agronomic,LightGBMLarge,4,AGC_032,4.03,4.020698587965751,0.009301412034249168
fold_municipality_grouped,G1_agronomic,LightGBMLarge,4,AGC_033,4.47,3.9697827534014203,0.5002172465985795
fold_municipality_grouped,G1_agronomic,LightGBMLarge,4,AGC_045,4.1,4.240057324150442,-0.14005732415044214
fold_municipality_grouped,G1_agronomic,LightGBMLarge,4,AGC_047,4.45,4.257615853243103,0.19238414675689697
fold_municipality_grouped,G1_agronomic,LightGBMLarge,4,AGC_049,5.53,4.188013019427736,1.3419869805722646
fold_municipality_grouped,G1_agronomic,LightGBMLarge,4,AGC_055,5.45,4.202320708644472,1.247679291355528
fold_municipality_grouped,G1_agronomic,LightGBMLarge,4,AGC_056,5.07,3.9693801057874105,1.1006198942125898
fold_municipality_grouped,G1_agronomic,LightGBMLarge,4,AGC_057,4.55,4.2701943095656745,0.27980569043432535
fold_municipality_grouped,G1_agronomic,LightGBMLarge,4,AGC_060,4.52,4.2387614725326355,0.2812385274673641
fold_municipality_grouped,G1_agronomic,LightGBMLarge,4,AGC_062,3.81,3.9512945157053783,-0.1412945157053782
fold_municipality_grouped,G1_agronomic,LightGBMLarge,4,AGC_069,5.46,4.043883503248051,1.4161164967519486
fold_municipality_grouped,G1_agronomic,LightGBMLarge,4,AGC_072,4.55,4.177166423624326,0.3728335763756734
fold_municipality_grouped,G1_agronomic,LightGBMLarge,4,AGC_073,4.3,3.8575737976655904,0.44242620233440944
fold_municipality_grouped,G1_agronomic,LightGBMLarge,4,AGC_077,4.76,3.64113793954706,1.1188620604529396
fold_municipality_grouped,G1_agronomic,LightGBMLarge,4,AGC_090,4.68,4.46627906714703,0.21372093285296945
fold_municipality_grouped,G1_agronomic,LightGBMLarge,4,AGC_092,4.57,4.073176836349481,0.49682316365051893
fold_municipality_grouped,G1_agronomic,LightGBMLarge,4,AGC_096,4.59,3.7684988078183075,0.8215011921816924
fold_municipality_grouped,G1_agronomic,LightGBMLarge,4,AGC_097,4.69,3.9814815709403333,0.7085184290596671
fold_municipality_grouped,G1_agronomic,LightGBMLarge,4,AGC_100,4.5,4.136189591968325,0.3638104080316751
fold_municipality_grouped,G1_agronomic,LightGBMLarge,4,AGC_101,4.57,3.9141438409578795,0.6558561590421208
fold_municipality_grouped,G1_agronomic,LightGBMLarge,4,AGC_102,4.4,3.8613168896433416,0.5386831103566587
fold_municipality_grouped,G1_agronomic,LightGBMLarge,4,AGC_104,4.56,4.189096783525501,0.370903216474499
fold_municipality_grouped,G1_agronomic,LightGBMLarge,4,AGC_105,4.41,4.4871249161627835,-0.07712491616278339
fold_municipality_grouped,G1_agronomic,LightGBMLarge,4,AGC_106,4.43,4.10058904661489,0.32941095338510973
fold_municipality_grouped,G1_agronomic,LightGBMLarge,4,AGC_108,4.51,4.244803597086663,0.2651964029133369
fold_municipality_grouped,G1_agronomic,LightGBMLarge,4,AGC_109,4.54,3.7995522940525737,0.7404477059474264
fold_municipality_grouped,G1_agronomic,LightGBMLarge,4,AGC_110,4.18,4.221851438793703,-0.04185143879370301
fold_municipality_grouped,G1_agronomic,LightGBMLarge,4,AGC_111,4.72,3.865420743634049,0.8545792563659509
fold_municipality_grouped,G1_agronomic,LightGBMLarge,4,AGC_115,4.6,3.990335602422365,0.6096643975776348
fold_municipality_grouped,G1_agronomic,LightGBMLarge,4,AGC_124,5.05,4.247914149869602,0.802085850130398
fold_municipality_grouped,G1_agronomic,LightGBMLarge,4,AGC_125,4.06,4.553609061135481,-0.49360906113548175
fold_municipality_grouped,G1_agronomic,LightGBMLarge,4,AGC_127,5.57,4.241540841089938,1.3284591589100625
fold_municipality_grouped,G1_agronomic,LightGBMLarge,4,AGC_131,4.89,4.205228766003637,0.6847712339963623
fold_municipality_grouped,G1_agronomic,LightGBMLarge,4,AGC_132,4.13,4.1006947829911455,0.029305217008854356
fold_municipality_grouped,G1_agronomic,LightGBMLarge,4,AGC_133,3.91,4.196301218300847,-0.28630121830084665
fold_municipality_grouped,G1_agronomic,LightGBMLarge,4,AGC_135,4.49,3.773485651750459,0.7165143482495413
fold_municipality_grouped,G1_agronomic,LightGBMLarge,4,AGC_139,4.67,4.096692223809876,0.5733077761901235
fold_municipality_grouped,G1_agronomic,LightGBMLarge,4,AGC_150,4.52,4.338631598647341,0.18136840135265864
fold_municipality_grouped,G1_agronomic,LightGBMLarge,4,AGC_155,4.52,4.427418144982898,0.09258185501710159
fold_municipality_grouped,G1_agronomic,LightGBMLarge,4,AGC_159,4.77,4.521931023118283,0.2480689768817168
fold_municipality_grouped,G1_agronomic,LightGBMLarge,4,AGC_160,3.62,4.306882965213043,-0.6868829652130426
fold_municipality_grouped,G1_agronomic,LightGBMLarge,4,AGC_161,4.46,4.353174946163551,0.1068250538364488
fold_municipality_grouped,G1_agronomic,LightGBMLarge,4,AGC_162,5.59,3.9485497805862546,1.6414502194137452
fold_municipality_grouped,G1_agronomic,LightGBMLarge,4,AGC_164,3.0,2.9659352805580816,0.034064719441918356
fold_municipality_grouped,G1_agronomic,LightGBMLarge,4,AGC_165,4.44,3.751923151017051,0.6880768489829494
fold_municipality_grouped,G1_agronomic,LightGBMLarge,4,AGC_167,4.54,4.3463283695081385,0.19367163049186154
fold_municipality_grouped,G1_agronomic,LightGBMLarge,4,AGC_168,4.49,4.367183136861353,0.12281686313864704
fold_municipality_grouped,G1_agronomic,LightGBMLarge,4,AGC_171,2.15,4.1116066139897995,-1.9616066139897996
fold_municipality_grouped,G1_agronomic,LightGBMLarge,4,AGC_172,5.19,3.992292584277144,1.1977074157228564
fold_municipality_grouped,G1_agronomic,LightGBMLarge,4,AGC_176,4.38,4.133775200082383,0.24622479991761725
fold_municipality_grouped,G1_agronomic,LightGBMLarge,4,AGC_178,4.39,3.5000450439749966,0.8899549560250031
fold_municipality_grouped,G1_agronomic,LightGBMLarge,4,AGC_179,4.55,4.221567379028917,0.32843262097108283
fold_municipality_grouped,G1_agronomic,LightGBMLarge,4,AGC_181,4.51,4.321130918142622,0.18886908185737816
fold_municipality_grouped,G1_agronomic,LightGBMLarge,4,AGC_185,5.01,4.142625010200666,0.8673749897993339
fold_municipality_grouped,G1_agronomic,LightGBMLarge,4,AGC_189,4.03,3.9760494672939273,0.05395053270607297
fold_municipality_grouped,G1_agronomic,LightGBMLarge,4,AGC_193,4.57,3.882207271492623,0.6877927285073775
fold_municipality_grouped,G1_agronomic,LightGBMLarge,4,AGC_195,3.68,4.350480518256114,-0.6704805182561135
fold_municipality_grouped,G1_agronomic,LightGBMLarge,4,AGC_197,4.52,3.6755444313399277,0.8444555686600719
fold_municipality_grouped,G1_agronomic,LightGBMLarge,5,AGC_009,4.79,4.458884308247595,0.3311156917524052
fold_municipality_grouped,G1_agronomic,LightGBMLarge,5,AGC_035,4.68,3.6152127466072472,1.0647872533927525
fold_municipality_grouped,G1_agronomic,LightGBMLarge,5,AGC_048,2.5,3.6966114872092137,-1.1966114872092137
fold_municipality_grouped,G1_agronomic,LightGBMLarge,5,AGC_064,4.51,4.5847281394085595,-0.07472813940855971
fold_municipality_grouped,G1_agronomic,LightGBMLarge,5,AGC_083,4.61,3.857969676345441,0.7520303236545591
fold_municipality_grouped,G1_agronomic,LightGBMLarge,5,AGC_119,4.4,4.370879517456004,0.029120482543996573
fold_state_stratified,G2_base_agro,LightGBMLarge,1,AGC_009,4.79,4.5702665538999225,0.2197334461000775
fold_state_stratified,G2_base_agro,LightGBMLarge,1,AGC_015,2.64,4.98041279964563,-2.34041279964563
fold_state_stratified,G2_base_agro,LightGBMLarge,1,AGC_017,4.98,4.555660287123354,0.4243397128766464
fold_state_stratified,G2_base_agro,LightGBMLarge,1,AGC_032,4.03,4.583801562934833,-0.553801562934833
fold_state_stratified,G2_base_agro,LightGBMLarge,1,AGC_045,4.1,4.591883832769919,-0.4918838327699193
fold_state_stratified,G2_base_agro,LightGBMLarge,1,AGC_054,2.5,2.8684417457274036,-0.3684417457274036
fold_state_stratified,G2_base_agro,LightGBMLarge,1,AGC_058,2.5,3.281629020655617,-0.7816290206556169
fold_state_stratified,G2_base_agro,LightGBMLarge,1,AGC_068,2.5,2.961979488409735,-0.4619794884097348
fold_state_stratified,G2_base_agro,LightGBMLarge,1,AGC_073,4.3,4.378836989857071,-0.07883698985707088
fold_state_stratified,G2_base_agro,LightGBMLarge,1,AGC_079,3.3,3.007679553060903,0.292320446939097
fold_state_stratified,G2_base_agro,LightGBMLarge,1,AGC_083,4.61,4.019078285710121,0.5909217142898795
fold_state_stratified,G2_base_agro,LightGBMLarge,1,AGC_090,4.68,4.368669515319631,0.3113304846803686
fold_state_stratified,G2_base_agro,LightGBMLarge,1,AGC_102,4.4,3.97738541440942,0.4226145855905803
fold_state_stratified,G2_base_agro,LightGBMLarge,1,AGC_103,3.0,3.097527246184894,-0.09752724618489417
fold_state_stratified,G2_base_agro,LightGBMLarge,1,AGC_111,4.72,4.494769012183649,0.22523098781635031
fold_state_stratified,G2_base_agro,LightGBMLarge,1,AGC_112,3.0,3.0003318255292535,-0.0003318255292534822
fold_state_stratified,G2_base_agro,LightGBMLarge,1,AGC_117,3.5,3.3811331892338337,0.11886681076616634
fold_state_stratified,G2_base_agro,LightGBMLarge,1,AGC_119,4.4,4.539424300296297,-0.13942430029629627
fold_state_stratified,G2_base_agro,LightGBMLarge,1,AGC_121,3.3,2.8955203540627052,0.4044796459372946
fold_state_stratified,G2_base_agro,LightGBMLarge,1,AGC_127,5.57,4.5470731319577835,1.0229268680422168
fold_state_stratified,G2_base_agro,LightGBMLarge,1,AGC_133,3.91,4.34802568196426,-0.43802568196425984
fold_state_stratified,G2_base_agro,LightGBMLarge,1,AGC_139,4.67,4.239006983526877,0.43099301647312327
fold_state_stratified,G2_base_agro,LightGBMLarge,1,AGC_159,4.77,4.762419518899735,0.007580481100264436
fold_state_stratified,G2_base_agro,LightGBMLarge,1,AGC_161,4.46,4.689592227817634,-0.22959222781763433
fold_state_stratified,G2_base_agro,LightGBMLarge,1,AGC_164,3.0,2.9597040126558465,0.04029598734415352
fold_state_stratified,G2_base_agro,LightGBMLarge,1,AGC_167,4.54,4.576786070182272,-0.03678607018227176
fold_state_stratified,G2_base_agro,LightGBMLarge,1,AGC_180,4.14,4.515419530940197,-0.37541953094019753
fold_state_stratified,G2_base_agro,LightGBMLarge,1,AGC_187,3.0,3.0686275430008663,-0.06862754300086626
fold_state_stratified,G2_base_agro,LightGBMLarge,2,AGC_008,4.55,4.156642373949545,0.393357626050455
fold_state_stratified,G2_base_agro,LightGBMLarge,2,AGC_024,3.03,4.0762785311518694,-1.0462785311518696
fold_state_stratified,G2_base_agro,LightGBMLarge,2,AGC_033,4.47,4.541142175684523,-0.07114217568452297
fold_state_stratified,G2_base_agro,LightGBMLarge,2,AGC_037,3.5,3.001245438443951,0.49875456155604914
fold_state_stratified,G2_base_agro,LightGBMLarge,2,AGC_040,3.0,2.9670417862701886,0.03295821372981145
fold_state_stratified,G2_base_agro,LightGBMLarge,2,AGC_047,4.45,3.7445695169348596,0.7054304830651406
fold_state_stratified,G2_base_agro,LightGBMLarge,2,AGC_049,5.53,4.6602362212948565,0.8697637787051438
fold_state_stratified,G2_base_agro,LightGBMLarge,2,AGC_053,3.5,3.1586251559199563,0.3413748440800437
fold_state_stratified,G2_base_agro,LightGBMLarge,2,AGC_055,5.45,4.51411236227035,0.9358876377296506
fold_state_stratified,G2_base_agro,LightGBMLarge,2,AGC_062,3.81,4.555827352991621,-0.7458273529916206
fold_state_stratified,G2_base_agro,LightGBMLarge,2,AGC_064,4.51,4.761316149677331,-0.25131614967733107
fold_state_stratified,G2_base_agro,LightGBMLarge,2,AGC_078,3.0,3.2576787741633506,-0.2576787741633506
fold_state_stratified,G2_base_agro,LightGBMLarge,2,AGC_098,3.0,3.4162361117855147,-0.4162361117855147
fold_state_stratified,G2_base_agro,LightGBMLarge,2,AGC_100,4.5,4.5101928160288,-0.010192816028800067
fold_state_stratified,G2_base_agro,LightGBMLarge,2,AGC_108,4.51,4.8215372501532165,-0.31153725015321676
fold_state_stratified,G2_base_agro,LightGBMLarge,2,AGC_124,5.05,4.958093356017714,0.09190664398228598
fold_state_stratified,G2_base_agro,LightGBMLarge,2,AGC_125,4.06,4.354341952147466,-0.29434195214746683
fold_state_stratified,G2_base_agro,LightGBMLarge,2,AGC_131,4.89,4.5052184569676275,0.3847815430323722
fold_state_stratified,G2_base_agro,LightGBMLarge,2,AGC_134,4.52,4.4669742153339085,0.05302578466609109
fold_state_stratified,G2_base_agro,LightGBMLarge,2,AGC_135,4.49,4.638693890209291,-0.1486938902092909
fold_state_stratified,G2_base_agro,LightGBMLarge,2,AGC_145,3.5,3.077102659440506,0.4228973405594938
fold_state_stratified,G2_base_agro,LightGBMLarge,2,AGC_150,4.52,4.357473443763089,0.16252655623691048
fold_state_stratified,G2_base_agro,LightGBMLarge,2,AGC_151,4.69,4.578553701930158,0.11144629806984252
fold_state_stratified,G2_base_agro,LightGBMLarge,2,AGC_157,3.0,3.2038324756757723,-0.20383247567577234
fold_state_stratified,G2_base_agro,LightGBMLarge,2,AGC_160,3.62,4.788030797394585,-1.168030797394585
fold_state_stratified,G2_base_agro,LightGBMLarge,2,AGC_166,2.5,3.3113443340362556,-0.8113443340362556
fold_state_stratified,G2_base_agro,LightGBMLarge,2,AGC_193,4.57,4.035029946246412,0.5349700537535886
fold_state_stratified,G2_base_agro,LightGBMLarge,2,AGC_194,3.2,3.068608397887056,0.1313916021129442
fold_state_stratified,G2_base_agro,LightGBMLarge,3,AGC_004,3.0,3.0274106760556214,-0.02741067605562142
fold_state_stratified,G2_base_agro,LightGBMLarge,3,AGC_005,5.16,4.37130246467275,0.7886975353272501
fold_state_stratified,G2_base_agro,LightGBMLarge,3,AGC_010,4.1,3.78622072825921,0.3137792717407897
fold_state_stratified,G2_base_agro,LightGBMLarge,3,AGC_014,4.83,4.213092585829539,0.6169074141704609
fold_state_stratified,G2_base_agro,LightGBMLarge,3,AGC_018,4.49,4.467291713264742,0.022708286735258376
fold_state_stratified,G2_base_agro,LightGBMLarge,3,AGC_021,4.94,4.494023590153836,0.44597640984616405
fold_state_stratified,G2_base_agro,LightGBMLarge,3,AGC_023,3.0,2.8723480203255574,0.12765197967444264
fold_state_stratified,G2_base_agro,LightGBMLarge,3,AGC_038,3.3,3.0858079917866883,0.21419200821331152
fold_state_stratified,G2_base_agro,LightGBMLarge,3,AGC_044,3.5,3.056249022223581,0.44375097777641903
fold_state_stratified,G2_base_agro,LightGBMLarge,3,AGC_051,4.45,4.080009635140888,0.3699903648591123
fold_state_stratified,G2_base_agro,LightGBMLarge,3,AGC_059,4.41,4.0862093662357815,0.3237906337642187
fold_state_stratified,G2_base_agro,LightGBMLarge,3,AGC_066,3.0,2.6335534923342427,0.36644650766575726
fold_state_stratified,G2_base_agro,LightGBMLarge,3,AGC_067,3.0,3.408376588174671,-0.4083765881746708
fold_state_stratified,G2_base_agro,LightGBMLarge,3,AGC_069,5.46,4.430704966894706,1.029295033105294
fold_state_stratified,G2_base_agro,LightGBMLarge,3,AGC_070,3.3,3.223255060101288,0.0767449398987119
fold_state_stratified,G2_base_agro,LightGBMLarge,3,AGC_072,4.55,4.0884849483304295,0.4615150516695703
fold_state_stratified,G2_base_agro,LightGBMLarge,3,AGC_074,2.5,3.3092647339188135,-0.8092647339188135
fold_state_stratified,G2_base_agro,LightGBMLarge,3,AGC_077,4.76,4.462022694656654,0.29797730534334566
fold_state_stratified,G2_base_agro,LightGBMLarge,3,AGC_089,3.0,3.150260135112038,-0.15026013511203784
fold_state_stratified,G2_base_agro,LightGBMLarge,3,AGC_097,4.69,4.269584616330321,0.42041538366967934
fold_state_stratified,G2_base_agro,LightGBMLarge,3,AGC_106,4.43,3.694343583163601,0.7356564168363988
fold_state_stratified,G2_base_agro,LightGBMLarge,3,AGC_110,4.18,3.827375814291192,0.35262418570880794
fold_state_stratified,G2_base_agro,LightGBMLarge,3,AGC_138,2.5,3.342128571440358,-0.8421285714403579
fold_state_stratified,G2_base_agro,LightGBMLarge,3,AGC_155,4.52,4.459355060259772,0.06064493974022778
fold_state_stratified,G2_base_agro,LightGBMLarge,3,AGC_163,3.0,3.001174383271875,-0.0011743832718749125
fold_state_stratified,G2_base_agro,LightGBMLarge,3,AGC_165,4.44,4.258753161159412,0.1812468388405888
fold_state_stratified,G2_base_agro,LightGBMLarge,3,AGC_196,3.5,3.3607580955546146,0.13924190444538542
fold_state_stratified,G2_base_agro,LightGBMLarge,3,AGC_197,4.52,4.1931909624657795,0.3268090375342201
fold_state_stratified,G2_base_agro,LightGBMLarge,4,AGC_007,3.5,3.0597400545534117,0.4402599454465883
fold_state_stratified,G2_base_agro,LightGBMLarge,4,AGC_012,4.69,4.856366727857563,-0.16636672785756268
fold_state_stratified,G2_base_agro,LightGBMLarge,4,AGC_019,3.0,3.004451293147198,-0.004451293147198054
fold_state_stratified,G2_base_agro,LightGBMLarge,4,AGC_022,4.55,4.399802989863995,0.1501970101360044
fold_state_stratified,G2_base_agro,LightGBMLarge,4,AGC_026,3.55,4.440256116205165,-0.8902561162051654
fold_state_stratified,G2_base_agro,LightGBMLarge,4,AGC_041,2.5,3.160641368616338,-0.6606413686163379
fold_state_stratified,G2_base_agro,LightGBMLarge,4,AGC_048,2.5,3.428612488464238,-0.9286124884642382
fold_state_stratified,G2_base_agro,LightGBMLarge,4,AGC_056,5.07,4.875631185229188,0.19436881477081247
fold_state_stratified,G2_base_agro,LightGBMLarge,4,AGC_080,3.5,3.096245300462975,0.4037546995370249
fold_state_stratified,G2_base_agro,LightGBMLarge,4,AGC_081,3.7,3.2173393573826226,0.4826606426173776
fold_state_stratified,G2_base_agro,LightGBMLarge,4,AGC_099,3.5,3.0409508008712183,0.4590491991287817
fold_state_stratified,G2_base_agro,LightGBMLarge,4,AGC_104,4.56,4.346460427815504,0.21353957218449526
fold_state_stratified,G2_base_agro,LightGBMLarge,4,AGC_109,4.54,4.61425660997515,-0.0742566099751496
fold_state_stratified,G2_base_agro,LightGBMLarge,4,AGC_115,4.6,4.297202883492067,0.30279711650793306
fold_state_stratified,G2_base_agro,LightGBMLarge,4,AGC_122,3.5,2.7153995142979848,0.7846004857020152
fold_state_stratified,G2_base_agro,LightGBMLarge,4,AGC_132,4.13,4.544816324061305,-0.414816324061305
fold_state_stratified,G2_base_agro,LightGBMLarge,4,AGC_140,3.2,2.990086767474226,0.20991323252577399
fold_state_stratified,G2_base_agro,LightGBMLarge,4,AGC_144,2.5,2.9306259170586673,-0.43062591705866726
fold_state_stratified,G2_base_agro,LightGBMLarge,4,AGC_148,3.0,3.0072339628800338,-0.007233962880033751
fold_state_stratified,G2_base_agro,LightGBMLarge,4,AGC_152,4.87,4.504642167666341,0.36535783233365926
fold_state_stratified,G2_base_agro,LightGBMLarge,4,AGC_168,4.49,4.5285834934942235,-0.0385834934942233
fold_state_stratified,G2_base_agro,LightGBMLarge,4,AGC_170,3.0,2.978948121254583,0.021051878745416808
fold_state_stratified,G2_base_agro,LightGBMLarge,4,AGC_171,2.15,4.374167891960507,-2.2241678919605072
fold_state_stratified,G2_base_agro,LightGBMLarge,4,AGC_172,5.19,4.54401704514412,0.6459829548558806
fold_state_stratified,G2_base_agro,LightGBMLarge,4,AGC_176,4.38,4.055265005876743,0.3247349941232569
fold_state_stratified,G2_base_agro,LightGBMLarge,4,AGC_178,4.39,4.472482059447343,-0.08248205944734366
fold_state_stratified,G2_base_agro,LightGBMLarge,4,AGC_181,4.51,4.655817433698684,-0.14581743369868416
fold_state_stratified,G2_base_agro,LightGBMLarge,5,AGC_001,3.5,2.8482677882771696,0.6517322117228304
fold_state_stratified,G2_base_agro,LightGBMLarge,5,AGC_002,4.63,4.3389965111866,0.2910034888134003
fold_state_stratified,G2_base_agro,LightGBMLarge,5,AGC_006,4.49,4.291865094989598,0.1981349050104022
fold_state_stratified,G2_base_agro,LightGBMLarge,5,AGC_013,4.01,4.119186768859889,-0.10918676885988887
fold_state_stratified,G2_base_agro,LightGBMLarge,5,AGC_020,3.5,3.327027654253796,0.1729723457462038
fold_state_stratified,G2_base_agro,LightGBMLarge,5,AGC_034,2.0,3.169566431329831,-1.169566431329831
fold_state_stratified,G2_base_agro,LightGBMLarge,5,AGC_035,4.68,3.973763510610676,0.7062364893893238
fold_state_stratified,G2_base_agro,LightGBMLarge,5,AGC_046,3.0,2.9879173752700363,0.012082624729963687
fold_state_stratified,G2_base_agro,LightGBMLarge,5,AGC_057,4.55,4.477448766712958,0.07255123328704194
fold_state_stratified,G2_base_agro,LightGBMLarge,5,AGC_060,4.52,4.9239350173680965,-0.4039350173680969
fold_state_stratified,G2_base_agro,LightGBMLarge,5,AGC_084,4.54,4.68140047095485,-0.1414004709548502
fold_state_stratified,G2_base_agro,LightGBMLarge,5,AGC_092,4.57,4.123337575038326,0.44666242496167463
fold_state_stratified,G2_base_agro,LightGBMLarge,5,AGC_096,4.59,4.139499434689117,0.45050056531088245
fold_state_stratified,G2_base_agro,LightGBMLarge,5,AGC_101,4.57,3.7118048487815822,0.858195151218418
fold_state_stratified,G2_base_agro,LightGBMLarge,5,AGC_105,4.41,4.558961604734265,-0.14896160473426523
fold_state_stratified,G2_base_agro,LightGBMLarge,5,AGC_114,3.0,3.039413845299522,-0.03941384529952208
fold_state_stratified,G2_base_agro,LightGBMLarge,5,AGC_123,2.5,3.009713365351437,-0.5097133653514372
fold_state_stratified,G2_base_agro,LightGBMLarge,5,AGC_137,4.54,4.529107264704756,0.010892735295244371
fold_state_stratified,G2_base_agro,LightGBMLarge,5,AGC_141,3.5,3.0799808128962813,0.42001918710371866
fold_state_stratified,G2_base_agro,LightGBMLarge,5,AGC_146,4.58,4.784628635398282,-0.20462863539828202
fold_state_stratified,G2_base_agro,LightGBMLarge,5,AGC_162,5.59,4.23680432935401,1.3531956706459898
fold_state_stratified,G2_base_agro,LightGBMLarge,5,AGC_169,2.5,3.007324759301524,-0.507324759301524
fold_state_stratified,G2_base_agro,LightGBMLarge,5,AGC_179,4.55,4.5599491338760725,-0.009949133876072658
fold_state_stratified,G2_base_agro,LightGBMLarge,5,AGC_184,4.47,4.383446978090296,0.08655302190970371
fold_state_stratified,G2_base_agro,LightGBMLarge,5,AGC_185,5.01,4.588780745653964,0.4212192543460356
fold_state_stratified,G2_base_agro,LightGBMLarge,5,AGC_189,4.03,4.487838643081028,-0.4578386430810282
fold_state_stratified,G2_base_agro,LightGBMLarge,5,AGC_195,3.68,4.3429152946685985,-0.6629152946685983
fold_municipality_grouped,G2_base_agro,LightGBMLarge,1,AGC_001,3.5,3.193713473466486,0.3062865265335142
fold_municipality_grouped,G2_base_agro,LightGBMLarge,1,AGC_004,3.0,3.6529809328716674,-0.6529809328716674
fold_municipality_grouped,G2_base_agro,LightGBMLarge,1,AGC_019,3.0,3.1601205586486874,-0.16012055864868735
fold_municipality_grouped,G2_base_agro,LightGBMLarge,1,AGC_020,3.5,3.5256065794206837,-0.025606579420683673
fold_municipality_grouped,G2_base_agro,LightGBMLarge,1,AGC_023,3.0,3.2342155592820148,-0.23421555928201476
fold_municipality_grouped,G2_base_agro,LightGBMLarge,1,AGC_037,3.5,3.5365675836503527,-0.03656758365035273
fold_municipality_grouped,G2_base_agro,LightGBMLarge,1,AGC_040,3.0,3.4162134557679127,-0.4162134557679127
fold_municipality_grouped,G2_base_agro,LightGBMLarge,1,AGC_044,3.5,3.285849846483227,0.21415015351677313
fold_municipality_grouped,G2_base_agro,LightGBMLarge,1,AGC_046,3.0,3.211326039922692,-0.21132603992269194
fold_municipality_grouped,G2_base_agro,LightGBMLarge,1,AGC_053,3.5,3.502250907568218,-0.002250907568217997
fold_municipality_grouped,G2_base_agro,LightGBMLarge,1,AGC_054,2.5,2.922495296259582,-0.4224952962595818
fold_municipality_grouped,G2_base_agro,LightGBMLarge,1,AGC_058,2.5,3.516989272799465,-1.016989272799465
fold_municipality_grouped,G2_base_agro,LightGBMLarge,1,AGC_066,3.0,3.2698685712774185,-0.2698685712774185
fold_municipality_grouped,G2_base_agro,LightGBMLarge,1,AGC_068,2.5,3.4985842030155476,-0.9985842030155476
fold_municipality_grouped,G2_base_agro,LightGBMLarge,1,AGC_074,2.5,3.305753289987571,-0.805753289987571
fold_municipality_grouped,G2_base_agro,LightGBMLarge,1,AGC_098,3.0,3.5623058373792085,-0.5623058373792085
fold_municipality_grouped,G2_base_agro,LightGBMLarge,1,AGC_099,3.5,3.8176745103943928,-0.31767451039439276
fold_municipality_grouped,G2_base_agro,LightGBMLarge,1,AGC_103,3.0,3.0876488721725535,-0.08764887217255346
fold_municipality_grouped,G2_base_agro,LightGBMLarge,1,AGC_112,3.0,3.420551850152449,-0.420551850152449
fold_municipality_grouped,G2_base_agro,LightGBMLarge,1,AGC_114,3.0,3.2920523502869226,-0.29205235028692256
fold_municipality_grouped,G2_base_agro,LightGBMLarge,1,AGC_117,3.5,3.6595741789824756,-0.1595741789824756
fold_municipality_grouped,G2_base_agro,LightGBMLarge,1,AGC_122,3.5,2.9796618068455976,0.5203381931544024
fold_municipality_grouped,G2_base_agro,LightGBMLarge,1,AGC_123,2.5,3.215771407270684,-0.715771407270684
fold_municipality_grouped,G2_base_agro,LightGBMLarge,1,AGC_138,2.5,3.5543712074838893,-1.0543712074838893
fold_municipality_grouped,G2_base_agro,LightGBMLarge,1,AGC_141,3.5,3.5914865491581685,-0.09148654915816845
fold_municipality_grouped,G2_base_agro,LightGBMLarge,1,AGC_144,2.5,3.1159796731490617,-0.6159796731490617
fold_municipality_grouped,G2_base_agro,LightGBMLarge,1,AGC_145,3.5,3.392831190357292,0.10716880964270814
fold_municipality_grouped,G2_base_agro,LightGBMLarge,1,AGC_157,3.0,3.709180983592636,-0.7091809835926361
fold_municipality_grouped,G2_base_agro,LightGBMLarge,1,AGC_163,3.0,3.441636953724174,-0.4416369537241742
fold_municipality_grouped,G2_base_agro,LightGBMLarge,1,AGC_169,2.5,3.585691781165157,-1.0856917811651572
fold_municipality_grouped,G2_base_agro,LightGBMLarge,1,AGC_170,3.0,3.4651248915415094,-0.4651248915415094
fold_municipality_grouped,G2_base_agro,LightGBMLarge,1,AGC_187,3.0,3.393231168514094,-0.3932311685140939
fold_municipality_grouped,G2_base_agro,LightGBMLarge,1,AGC_196,3.5,3.4090298695894834,0.0909701304105166
fold_municipality_grouped,G2_base_agro,LightGBMLarge,2,AGC_007,3.5,3.867570353487051,-0.3675703534870509
fold_municipality_grouped,G2_base_agro,LightGBMLarge,2,AGC_034,2.0,3.79706390535788,-1.7970639053578799
fold_municipality_grouped,G2_base_agro,LightGBMLarge,2,AGC_038,3.3,3.7919186921133243,-0.4919186921133245
fold_municipality_grouped,G2_base_agro,LightGBMLarge,2,AGC_041,2.5,4.001309648250302,-1.5013096482503023
fold_municipality_grouped,G2_base_agro,LightGBMLarge,2,AGC_067,3.0,4.028924488949313,-1.028924488949313
fold_municipality_grouped,G2_base_agro,LightGBMLarge,2,AGC_070,3.3,3.829742908574207,-0.5297429085742071
fold_municipality_grouped,G2_base_agro,LightGBMLarge,2,AGC_078,3.0,3.917954854230517,-0.9179548542305169
fold_municipality_grouped,G2_base_agro,LightGBMLarge,2,AGC_079,3.3,3.874669809889546,-0.5746698098895462
fold_municipality_grouped,G2_base_agro,LightGBMLarge,2,AGC_080,3.5,3.816951614021731,-0.3169516140217312
fold_municipality_grouped,G2_base_agro,LightGBMLarge,2,AGC_081,3.7,4.037926039241553,-0.3379260392415526
fold_municipality_grouped,G2_base_agro,LightGBMLarge,2,AGC_089,3.0,3.8256138713770897,-0.8256138713770897
fold_municipality_grouped,G2_base_agro,LightGBMLarge,2,AGC_121,3.3,3.959069013038448,-0.6590690130384482
fold_municipality_grouped,G2_base_agro,LightGBMLarge,2,AGC_140,3.2,3.9384337077033438,-0.7384337077033436
fold_municipality_grouped,G2_base_agro,LightGBMLarge,2,AGC_148,3.0,3.749914102745974,-0.7499141027459739
fold_municipality_grouped,G2_base_agro,LightGBMLarge,2,AGC_166,2.5,4.4012347236840474,-1.9012347236840474
fold_municipality_grouped,G2_base_agro,LightGBMLarge,2,AGC_194,3.2,4.1336042609876005,-0.9336042609876003
fold_municipality_grouped,G2_base_agro,LightGBMLarge,3,AGC_051,4.45,3.6558265927758886,0.7941734072241116
fold_municipality_grouped,G2_base_agro,LightGBMLarge,3,AGC_059,4.41,3.914313849830538,0.49568615016946227
fold_municipality_grouped,G2_base_agro,LightGBMLarge,3,AGC_084,4.54,4.207323847327811,0.33267615267218886
fold_municipality_grouped,G2_base_agro,LightGBMLarge,3,AGC_134,4.52,4.260325867918469,0.259674132081531
fold_municipality_grouped,G2_base_agro,LightGBMLarge,3,AGC_137,4.54,4.106413877158416,0.43358612284158404
fold_municipality_grouped,G2_base_agro,LightGBMLarge,3,AGC_146,4.58,4.6300567388429315,-0.05005673884293138
fold_municipality_grouped,G2_base_agro,LightGBMLarge,3,AGC_151,4.69,4.285106428507188,0.4048935714928126
fold_municipality_grouped,G2_base_agro,LightGBMLarge,3,AGC_152,4.87,3.9488724005613767,0.9211275994386234
fold_municipality_grouped,G2_base_agro,LightGBMLarge,3,AGC_180,4.14,3.9466153046981747,0.193384695301825
fold_municipality_grouped,G2_base_agro,LightGBMLarge,3,AGC_184,4.47,4.386885616542541,0.08311438345745881
fold_municipality_grouped,G2_base_agro,LightGBMLarge,4,AGC_002,4.63,3.4351039402398924,1.1948960597601075
fold_municipality_grouped,G2_base_agro,LightGBMLarge,4,AGC_005,5.16,3.777907346776521,1.382092653223479
fold_municipality_grouped,G2_base_agro,LightGBMLarge,4,AGC_006,4.49,3.5076592908010467,0.9823407091989536
fold_municipality_grouped,G2_base_agro,LightGBMLarge,4,AGC_008,4.55,3.666879437416285,0.8831205625837146
fold_municipality_grouped,G2_base_agro,LightGBMLarge,4,AGC_010,4.1,3.585339532457648,0.5146604675423516
fold_municipality_grouped,G2_base_agro,LightGBMLarge,4,AGC_012,4.69,3.489708582902345,1.2002914170976555
fold_municipality_grouped,G2_base_agro,LightGBMLarge,4,AGC_013,4.01,3.430128081233644,0.5798719187663557
fold_municipality_grouped,G2_base_agro,LightGBMLarge,4,AGC_014,4.83,3.8112567392894534,1.0187432607105467
fold_municipality_grouped,G2_base_agro,LightGBMLarge,4,AGC_015,2.64,3.3216311283628674,-0.6816311283628673
fold_municipality_grouped,G2_base_agro,LightGBMLarge,4,AGC_017,4.98,3.351640869203499,1.6283591307965013
fold_municipality_grouped,G2_base_agro,LightGBMLarge,4,AGC_018,4.49,3.5800537356801714,0.9099462643198288
fold_municipality_grouped,G2_base_agro,LightGBMLarge,4,AGC_021,4.94,3.149384203609073,1.7906157963909273
fold_municipality_grouped,G2_base_agro,LightGBMLarge,4,AGC_022,4.55,3.5836077953351397,0.9663922046648601
fold_municipality_grouped,G2_base_agro,LightGBMLarge,4,AGC_024,3.03,3.5108411402310207,-0.48084114023102087
fold_municipality_grouped,G2_base_agro,LightGBMLarge,4,AGC_026,3.55,3.512483055745444,0.037516944254555984
fold_municipality_grouped,G2_base_agro,LightGBMLarge,4,AGC_032,4.03,3.4446971058248437,0.5853028941751566
fold_municipality_grouped,G2_base_agro,LightGBMLarge,4,AGC_033,4.47,3.1992599953559293,1.2707400046440704
fold_municipality_grouped,G2_base_agro,LightGBMLarge,4,AGC_045,4.1,3.647226299749307,0.45277370025069263
fold_municipality_grouped,G2_base_agro,LightGBMLarge,4,AGC_047,4.45,3.5514604933288236,0.8985395066711765
fold_municipality_grouped,G2_base_agro,LightGBMLarge,4,AGC_049,5.53,3.4274019946747094,2.102598005325291
fold_municipality_grouped,G2_base_agro,LightGBMLarge,4,AGC_055,5.45,3.431728041098586,2.018271958901414
fold_municipality_grouped,G2_base_agro,LightGBMLarge,4,AGC_056,5.07,3.115432852036026,1.9545671479639743
fold_municipality_grouped,G2_base_agro,LightGBMLarge,4,AGC_057,4.55,3.3995071036898916,1.1504928963101082
fold_municipality_grouped,G2_base_agro,LightGBMLarge,4,AGC_060,4.52,3.3949989143522292,1.1250010856477703
fold_municipality_grouped,G2_base_agro,LightGBMLarge,4,AGC_062,3.81,3.542886991513652,0.2671130084863482
fold_municipality_grouped,G2_base_agro,LightGBMLarge,4,AGC_069,5.46,3.449789339776349,2.010210660223651
fold_municipality_grouped,G2_base_agro,LightGBMLarge,4,AGC_072,4.55,3.2979322146040104,1.2520677853959894
fold_municipality_grouped,G2_base_agro,LightGBMLarge,4,AGC_073,4.3,3.5465925802519545,0.7534074197480454
fold_municipality_grouped,G2_base_agro,LightGBMLarge,4,AGC_077,4.76,3.227666569560197,1.5323334304398029
fold_municipality_grouped,G2_base_agro,LightGBMLarge,4,AGC_090,4.68,3.7106031073109373,0.9693968926890624
fold_municipality_grouped,G2_base_agro,LightGBMLarge,4,AGC_092,4.57,3.346445015563393,1.2235549844366074
fold_municipality_grouped,G2_base_agro,LightGBMLarge,4,AGC_096,4.59,3.58547083518549,1.0045291648145098
fold_municipality_grouped,G2_base_agro,LightGBMLarge,4,AGC_097,4.69,3.213906808471766,1.4760931915282343
fold_municipality_grouped,G2_base_agro,LightGBMLarge,4,AGC_100,4.5,3.700218626809748,0.7997813731902519
fold_municipality_grouped,G2_base_agro,LightGBMLarge,4,AGC_101,4.57,3.3907548105484944,1.179245189451506
fold_municipality_grouped,G2_base_agro,LightGBMLarge,4,AGC_102,4.4,3.538638479417239,0.8613615205827614
fold_municipality_grouped,G2_base_agro,LightGBMLarge,4,AGC_104,4.56,3.68170384783836,0.8782961521616395
fold_municipality_grouped,G2_base_agro,LightGBMLarge,4,AGC_105,4.41,3.4505484395656265,0.9594515604343736
fold_municipality_grouped,G2_base_agro,LightGBMLarge,4,AGC_106,4.43,3.499909055656557,0.9300909443434429
fold_municipality_grouped,G2_base_agro,LightGBMLarge,4,AGC_108,4.51,3.1653164953556243,1.3446835046443755
fold_municipality_grouped,G2_base_agro,LightGBMLarge,4,AGC_109,4.54,3.2257784607880295,1.3142215392119705
fold_municipality_grouped,G2_base_agro,LightGBMLarge,4,AGC_110,4.18,3.682900586409437,0.49709941359056264
fold_municipality_grouped,G2_base_agro,LightGBMLarge,4,AGC_111,4.72,3.297882025316675,1.4221179746833248
fold_municipality_grouped,G2_base_agro,LightGBMLarge,4,AGC_115,4.6,3.2707181099749922,1.3292818900250074
fold_municipality_grouped,G2_base_agro,LightGBMLarge,4,AGC_124,5.05,3.4295255829133624,1.6204744170866374
fold_municipality_grouped,G2_base_agro,LightGBMLarge,4,AGC_125,4.06,3.8306825179252124,0.2293174820747872
fold_municipality_grouped,G2_base_agro,LightGBMLarge,4,AGC_127,5.57,3.6949977464968375,1.8750022535031627
fold_municipality_grouped,G2_base_agro,LightGBMLarge,4,AGC_131,4.89,3.924061263889578,0.9659387361104215
fold_municipality_grouped,G2_base_agro,LightGBMLarge,4,AGC_132,4.13,3.3688160929518993,0.7611839070481006
fold_municipality_grouped,G2_base_agro,LightGBMLarge,4,AGC_133,3.91,3.3518450652437903,0.5581549347562098
fold_municipality_grouped,G2_base_agro,LightGBMLarge,4,AGC_135,4.49,3.2419954069704597,1.2480045930295405
fold_municipality_grouped,G2_base_agro,LightGBMLarge,4,AGC_139,4.67,3.39948077991119,1.27051922008881
fold_municipality_grouped,G2_base_agro,LightGBMLarge,4,AGC_150,4.52,3.730900675027558,0.7890993249724416
fold_municipality_grouped,G2_base_agro,LightGBMLarge,4,AGC_155,4.52,3.560901079253015,0.9590989207469844
fold_municipality_grouped,G2_base_agro,LightGBMLarge,4,AGC_159,4.77,3.457235392072115,1.3127646079278845
fold_municipality_grouped,G2_base_agro,LightGBMLarge,4,AGC_160,3.62,3.284014492074951,0.3359855079250491
fold_municipality_grouped,G2_base_agro,LightGBMLarge,4,AGC_161,4.46,3.4355948886208103,1.0244051113791897
fold_municipality_grouped,G2_base_agro,LightGBMLarge,4,AGC_162,5.59,3.216527297269207,2.3734727027307927
fold_municipality_grouped,G2_base_agro,LightGBMLarge,4,AGC_164,3.0,3.7958123840869638,-0.7958123840869638
fold_municipality_grouped,G2_base_agro,LightGBMLarge,4,AGC_165,4.44,3.2427417297697336,1.1972582702302668
fold_municipality_grouped,G2_base_agro,LightGBMLarge,4,AGC_167,4.54,3.6908892603319936,0.8491107396680064
fold_municipality_grouped,G2_base_agro,LightGBMLarge,4,AGC_168,4.49,3.5339303089968457,0.9560696910031545
fold_municipality_grouped,G2_base_agro,LightGBMLarge,4,AGC_171,2.15,3.4546386592023905,-1.3046386592023906
fold_municipality_grouped,G2_base_agro,LightGBMLarge,4,AGC_172,5.19,3.3731148984881036,1.8168851015118967
fold_municipality_grouped,G2_base_agro,LightGBMLarge,4,AGC_176,4.38,3.15212637962065,1.2278736203793499
fold_municipality_grouped,G2_base_agro,LightGBMLarge,4,AGC_178,4.39,3.213607965498488,1.1763920345015118
fold_municipality_grouped,G2_base_agro,LightGBMLarge,4,AGC_179,4.55,3.2882530976142954,1.2617469023857044
fold_municipality_grouped,G2_base_agro,LightGBMLarge,4,AGC_181,4.51,3.367740988420329,1.1422590115796707
fold_municipality_grouped,G2_base_agro,LightGBMLarge,4,AGC_185,5.01,3.829719548059142,1.1802804519408578
fold_municipality_grouped,G2_base_agro,LightGBMLarge,4,AGC_189,4.03,3.6951002607199865,0.3348997392800137
fold_municipality_grouped,G2_base_agro,LightGBMLarge,4,AGC_193,4.57,3.4175637781534056,1.1524362218465947
fold_municipality_grouped,G2_base_agro,LightGBMLarge,4,AGC_195,3.68,3.647527356027022,0.03247264397297833
fold_municipality_grouped,G2_base_agro,LightGBMLarge,4,AGC_197,4.52,3.369867381303702,1.1501326186962975
fold_municipality_grouped,G2_base_agro,LightGBMLarge,5,AGC_009,4.79,4.690372666699481,0.09962733330051865
fold_municipality_grouped,G2_base_agro,LightGBMLarge,5,AGC_035,4.68,3.880079723505535,0.7999202764944648
fold_municipality_grouped,G2_base_agro,LightGBMLarge,5,AGC_048,2.5,3.5865269701853784,-1.0865269701853784
fold_municipality_grouped,G2_base_agro,LightGBMLarge,5,AGC_064,4.51,4.928567276550305,-0.4185672765503048
fold_municipality_grouped,G2_base_agro,LightGBMLarge,5,AGC_083,4.61,4.076378383144251,0.5336216168557497
fold_municipality_grouped,G2_base_agro,LightGBMLarge,5,AGC_119,4.4,4.738943757571413,-0.33894375757141226
fold_state_stratified,G3_all_deterministic,LightGBMLarge,1,AGC_009,4.79,4.503674845808122,0.28632515419187765
fold_state_stratified,G3_all_deterministic,LightGBMLarge,1,AGC_015,2.64,4.970887179411185,-2.3308871794111847
fold_state_stratified,G3_all_deterministic,LightGBMLarge,1,AGC_017,4.98,4.63397762814105,0.34602237185895035
fold_state_stratified,G3_all_deterministic,LightGBMLarge,1,AGC_032,4.03,4.6316757265821575,-0.6016757265821573
fold_state_stratified,G3_all_deterministic,LightGBMLarge,1,AGC_045,4.1,4.592418689693162,-0.49241868969316194
fold_state_stratified,G3_all_deterministic,LightGBMLarge,1,AGC_054,2.5,2.880336922196753,-0.38033692219675297
fold_state_stratified,G3_all_deterministic,LightGBMLarge,1,AGC_058,2.5,3.2813075171397426,-0.7813075171397426
fold_state_stratified,G3_all_deterministic,LightGBMLarge,1,AGC_068,2.5,2.989645143264783,-0.48964514326478303
fold_state_stratified,G3_all_deterministic,LightGBMLarge,1,AGC_073,4.3,4.187355592519451,0.11264440748054838
fold_state_stratified,G3_all_deterministic,LightGBMLarge,1,AGC_079,3.3,3.0740566742401016,0.22594332575989817
fold_state_stratified,G3_all_deterministic,LightGBMLarge,1,AGC_083,4.61,4.161619085126545,0.44838091487345544
fold_state_stratified,G3_all_deterministic,LightGBMLarge,1,AGC_090,4.68,4.364079033226501,0.3159209667734988
fold_state_stratified,G3_all_deterministic,LightGBMLarge,1,AGC_102,4.4,4.144002258769826,0.25599774123017394
fold_state_stratified,G3_all_deterministic,LightGBMLarge,1,AGC_103,3.0,3.108744442068218,-0.1087444420682182
fold_state_stratified,G3_all_deterministic,LightGBMLarge,1,AGC_111,4.72,4.511746775948065,0.20825322405193436
fold_state_stratified,G3_all_deterministic,LightGBMLarge,1,AGC_112,3.0,2.986987077052437,0.013012922947563066
fold_state_stratified,G3_all_deterministic,LightGBMLarge,1,AGC_117,3.5,3.4624099989696013,0.03759000103039867
fold_state_stratified,G3_all_deterministic,LightGBMLarge,1,AGC_119,4.4,4.546224203923294,-0.1462242039232935
fold_state_stratified,G3_all_deterministic,LightGBMLarge,1,AGC_121,3.3,2.988190343666049,0.31180965633395097
fold_state_stratified,G3_all_deterministic,LightGBMLarge,1,AGC_127,5.57,4.549753207766182,1.0202467922338183
fold_state_stratified,G3_all_deterministic,LightGBMLarge,1,AGC_133,3.91,4.338815978814911,-0.42881597881491107
fold_state_stratified,G3_all_deterministic,LightGBMLarge,1,AGC_139,4.67,4.123627981188616,0.5463720188113843
fold_state_stratified,G3_all_deterministic,LightGBMLarge,1,AGC_159,4.77,4.789097335032062,-0.019097335032062013
fold_state_stratified,G3_all_deterministic,LightGBMLarge,1,AGC_161,4.46,4.718854403505493,-0.2588544035054934
fold_state_stratified,G3_all_deterministic,LightGBMLarge,1,AGC_164,3.0,2.9874713618380664,0.012528638161933614
fold_state_stratified,G3_all_deterministic,LightGBMLarge,1,AGC_167,4.54,4.700932645786132,-0.16093264578613198
fold_state_stratified,G3_all_deterministic,LightGBMLarge,1,AGC_180,4.14,4.518454194495479,-0.3784541944954789
fold_state_stratified,G3_all_deterministic,LightGBMLarge,1,AGC_187,3.0,2.9867348972824552,0.013265102717544774
fold_state_stratified,G3_all_deterministic,LightGBMLarge,2,AGC_008,4.55,4.021229998696275,0.5287700013037249
fold_state_stratified,G3_all_deterministic,LightGBMLarge,2,AGC_024,3.03,4.079741035305113,-1.049741035305113
fold_state_stratified,G3_all_deterministic,LightGBMLarge,2,AGC_033,4.47,4.595617632451577,-0.12561763245157742
fold_state_stratified,G3_all_deterministic,LightGBMLarge,2,AGC_037,3.5,2.9065790633054354,0.5934209366945646
fold_state_stratified,G3_all_deterministic,LightGBMLarge,2,AGC_040,3.0,2.92123761504446,0.07876238495554011
fold_state_stratified,G3_all_deterministic,LightGBMLarge,2,AGC_047,4.45,3.6085573354540594,0.8414426645459407
fold_state_stratified,G3_all_deterministic,LightGBMLarge,2,AGC_049,5.53,4.677237838967977,0.8527621610320235
fold_state_stratified,G3_all_deterministic,LightGBMLarge,2,AGC_053,3.5,3.29540736970793,0.20459263029206998
fold_state_stratified,G3_all_deterministic,LightGBMLarge,2,AGC_055,5.45,4.447204753084966,1.002795246915034
fold_state_stratified,G3_all_deterministic,LightGBMLarge,2,AGC_062,3.81,4.52456061505402,-0.7145606150540202
fold_state_stratified,G3_all_deterministic,LightGBMLarge,2,AGC_064,4.51,4.6785747500421815,-0.1685747500421817
fold_state_stratified,G3_all_deterministic,LightGBMLarge,2,AGC_078,3.0,3.273607946292632,-0.27360794629263196
fold_state_stratified,G3_all_deterministic,LightGBMLarge,2,AGC_098,3.0,3.366796540585154,-0.3667965405851539
fold_state_stratified,G3_all_deterministic,LightGBMLarge,2,AGC_100,4.5,4.462297149306079,0.037702850693920986
fold_state_stratified,G3_all_deterministic,LightGBMLarge,2,AGC_108,4.51,4.769424581916689,-0.25942458191668916
fold_state_stratified,G3_all_deterministic,LightGBMLarge,2,AGC_124,5.05,4.9181229062519405,0.13187709374805934
fold_state_stratified,G3_all_deterministic,LightGBMLarge,2,AGC_125,4.06,4.429043576612268,-0.3690435766122686
fold_state_stratified,G3_all_deterministic,LightGBMLarge,2,AGC_131,4.89,4.540371498842133,0.34962850115786637
fold_state_stratified,G3_all_deterministic,LightGBMLarge,2,AGC_134,4.52,4.300935843348882,0.21906415665111734
fold_state_stratified,G3_all_deterministic,LightGBMLarge,2,AGC_135,4.49,4.597159246603366,-0.10715924660336551
fold_state_stratified,G3_all_deterministic,LightGBMLarge,2,AGC_145,3.5,3.1465487511314194,0.3534512488685806
fold_state_stratified,G3_all_deterministic,LightGBMLarge,2,AGC_150,4.52,4.473718189566751,0.04628181043324897
fold_state_stratified,G3_all_deterministic,LightGBMLarge,2,AGC_151,4.69,4.569199524880811,0.12080047511918934
fold_state_stratified,G3_all_deterministic,LightGBMLarge,2,AGC_157,3.0,3.1347901931692426,-0.13479019316924257
fold_state_stratified,G3_all_deterministic,LightGBMLarge,2,AGC_160,3.62,4.832599806939496,-1.2125998069394957
fold_state_stratified,G3_all_deterministic,LightGBMLarge,2,AGC_166,2.5,3.3489636005214263,-0.8489636005214263
fold_state_stratified,G3_all_deterministic,LightGBMLarge,2,AGC_193,4.57,3.966942203741038,0.6030577962589625
fold_state_stratified,G3_all_deterministic,LightGBMLarge,2,AGC_194,3.2,2.9789873540751683,0.22101264592483183
fold_state_stratified,G3_all_deterministic,LightGBMLarge,3,AGC_004,3.0,3.069790736983567,-0.06979073698356686
fold_state_stratified,G3_all_deterministic,LightGBMLarge,3,AGC_005,5.16,4.300414606480526,0.8595853935194739
fold_state_stratified,G3_all_deterministic,LightGBMLarge,3,AGC_010,4.1,3.781783704915223,0.31821629508477667
fold_state_stratified,G3_all_deterministic,LightGBMLarge,3,AGC_014,4.83,4.156573464048055,0.6734265359519451
fold_state_stratified,G3_all_deterministic,LightGBMLarge,3,AGC_018,4.49,4.424337723797691,0.06566227620230958
fold_state_stratified,G3_all_deterministic,LightGBMLarge,3,AGC_021,4.94,4.401352945159376,0.5386470548406246
fold_state_stratified,G3_all_deterministic,LightGBMLarge,3,AGC_023,3.0,2.835473597260522,0.16452640273947816
fold_state_stratified,G3_all_deterministic,LightGBMLarge,3,AGC_038,3.3,2.9932651078377144,0.30673489216228544
fold_state_stratified,G3_all_deterministic,LightGBMLarge,3,AGC_044,3.5,3.0294810300350163,0.47051896996498366
fold_state_stratified,G3_all_deterministic,LightGBMLarge,3,AGC_051,4.45,3.856151115627491,0.5938488843725094
fold_state_stratified,G3_all_deterministic,LightGBMLarge,3,AGC_059,4.41,4.052149164356988,0.35785083564301257
fold_state_stratified,G3_all_deterministic,LightGBMLarge,3,AGC_066,3.0,2.7427623812110937,0.2572376187889063
fold_state_stratified,G3_all_deterministic,LightGBMLarge,3,AGC_067,3.0,3.49885356067041,-0.4988535606704101
fold_state_stratified,G3_all_deterministic,LightGBMLarge,3,AGC_069,5.46,4.339636735820199,1.120363264179801
fold_state_stratified,G3_all_deterministic,LightGBMLarge,3,AGC_070,3.3,3.0963017258944006,0.20369827410559926
fold_state_stratified,G3_all_deterministic,LightGBMLarge,3,AGC_072,4.55,4.112917645428915,0.4370823545710847
fold_state_stratified,G3_all_deterministic,LightGBMLarge,3,AGC_074,2.5,3.417013518261568,-0.9170135182615682
fold_state_stratified,G3_all_deterministic,LightGBMLarge,3,AGC_077,4.76,4.460033422547764,0.29996657745223576
fold_state_stratified,G3_all_deterministic,LightGBMLarge,3,AGC_089,3.0,3.060982445901743,-0.060982445901743176
fold_state_stratified,G3_all_deterministic,LightGBMLarge,3,AGC_097,4.69,4.280076888716242,0.40992311128375825
fold_state_stratified,G3_all_deterministic,LightGBMLarge,3,AGC_106,4.43,3.721126884080486,0.7088731159195136
fold_state_stratified,G3_all_deterministic,LightGBMLarge,3,AGC_110,4.18,3.8969616289435534,0.28303837105644636
fold_state_stratified,G3_all_deterministic,LightGBMLarge,3,AGC_138,2.5,3.3909870153159747,-0.8909870153159747
fold_state_stratified,G3_all_deterministic,LightGBMLarge,3,AGC_155,4.52,4.638611520439541,-0.1186115204395417
fold_state_stratified,G3_all_deterministic,LightGBMLarge,3,AGC_163,3.0,3.0146550825150333,-0.014655082515033335
fold_state_stratified,G3_all_deterministic,LightGBMLarge,3,AGC_165,4.44,4.171846150154406,0.26815384984559465
fold_state_stratified,G3_all_deterministic,LightGBMLarge,3,AGC_196,3.5,3.467070712651185,0.03292928734881517
fold_state_stratified,G3_all_deterministic,LightGBMLarge,3,AGC_197,4.52,4.231061179104837,0.28893882089516243
fold_state_stratified,G3_all_deterministic,LightGBMLarge,4,AGC_007,3.5,3.1036498777923707,0.39635012220762933
fold_state_stratified,G3_all_deterministic,LightGBMLarge,4,AGC_012,4.69,4.879053085264795,-0.1890530852647947
fold_state_stratified,G3_all_deterministic,LightGBMLarge,4,AGC_019,3.0,3.0535883332519456,-0.053588333251945564
fold_state_stratified,G3_all_deterministic,LightGBMLarge,4,AGC_022,4.55,4.336627972865698,0.2133720271343016
fold_state_stratified,G3_all_deterministic,LightGBMLarge,4,AGC_026,3.55,4.433675484458589,-0.883675484458589
fold_state_stratified,G3_all_deterministic,LightGBMLarge,4,AGC_041,2.5,3.1461094090189805,-0.6461094090189805
fold_state_stratified,G3_all_deterministic,LightGBMLarge,4,AGC_048,2.5,3.3756509710882865,-0.8756509710882865
fold_state_stratified,G3_all_deterministic,LightGBMLarge,4,AGC_056,5.07,4.651796703395257,0.41820329660474354
fold_state_stratified,G3_all_deterministic,LightGBMLarge,4,AGC_080,3.5,3.1810823338261494,0.31891766617385064
fold_state_stratified,G3_all_deterministic,LightGBMLarge,4,AGC_081,3.7,3.2190437321104355,0.4809562678895647
fold_state_stratified,G3_all_deterministic,LightGBMLarge,4,AGC_099,3.5,3.1136245596545704,0.3863754403454296
fold_state_stratified,G3_all_deterministic,LightGBMLarge,4,AGC_104,4.56,4.334349120891428,0.22565087910857162
fold_state_stratified,G3_all_deterministic,LightGBMLarge,4,AGC_109,4.54,4.435502575575752,0.10449742442424803
fold_state_stratified,G3_all_deterministic,LightGBMLarge,4,AGC_115,4.6,4.310777369408747,0.28922263059125264
fold_state_stratified,G3_all_deterministic,LightGBMLarge,4,AGC_122,3.5,2.7040955351431815,0.7959044648568185
fold_state_stratified,G3_all_deterministic,LightGBMLarge,4,AGC_132,4.13,4.482448771480451,-0.35244877148045095
fold_state_stratified,G3_all_deterministic,LightGBMLarge,4,AGC_140,3.2,2.9335546076703616,0.2664453923296386
fold_state_stratified,G3_all_deterministic,LightGBMLarge,4,AGC_144,2.5,2.925220316020402,-0.4252203160204018
fold_state_stratified,G3_all_deterministic,LightGBMLarge,4,AGC_148,3.0,2.9843533887433478,0.015646611256652232
fold_state_stratified,G3_all_deterministic,LightGBMLarge,4,AGC_152,4.87,4.345038027902154,0.524961972097846
fold_state_stratified,G3_all_deterministic,LightGBMLarge,4,AGC_168,4.49,4.56278169982526,-0.07278169982525995
fold_state_stratified,G3_all_deterministic,LightGBMLarge,4,AGC_170,3.0,3.066979757643993,-0.06697975764399322
fold_state_stratified,G3_all_deterministic,LightGBMLarge,4,AGC_171,2.15,4.342553562206418,-2.192553562206418
fold_state_stratified,G3_all_deterministic,LightGBMLarge,4,AGC_172,5.19,4.558030360011969,0.6319696399880312
fold_state_stratified,G3_all_deterministic,LightGBMLarge,4,AGC_176,4.38,4.087073801354037,0.29292619864596325
fold_state_stratified,G3_all_deterministic,LightGBMLarge,4,AGC_178,4.39,4.520881564580847,-0.13088156458084743
fold_state_stratified,G3_all_deterministic,LightGBMLarge,4,AGC_181,4.51,4.653012982621537,-0.1430129826215376
fold_state_stratified,G3_all_deterministic,LightGBMLarge,5,AGC_001,3.5,2.917165490542093,0.582834509457907
fold_state_stratified,G3_all_deterministic,LightGBMLarge,5,AGC_002,4.63,4.3452677685520955,0.2847322314479044
fold_state_stratified,G3_all_deterministic,LightGBMLarge,5,AGC_006,4.49,4.281054998117288,0.2089450018827126
fold_state_stratified,G3_all_deterministic,LightGBMLarge,5,AGC_013,4.01,4.220123138247946,-0.21012313824794582
fold_state_stratified,G3_all_deterministic,LightGBMLarge,5,AGC_020,3.5,3.4306236156121805,0.06937638438781946
fold_state_stratified,G3_all_deterministic,LightGBMLarge,5,AGC_034,2.0,3.3266159991203113,-1.3266159991203113
fold_state_stratified,G3_all_deterministic,LightGBMLarge,5,AGC_035,4.68,3.9416541176204123,0.7383458823795874
fold_state_stratified,G3_all_deterministic,LightGBMLarge,5,AGC_046,3.0,3.0076547278931263,-0.0076547278931262674
fold_state_stratified,G3_all_deterministic,LightGBMLarge,5,AGC_057,4.55,4.662100517495498,-0.11210051749549788
fold_state_stratified,G3_all_deterministic,LightGBMLarge,5,AGC_060,4.52,4.917762432971399,-0.39776243297139935
fold_state_stratified,G3_all_deterministic,LightGBMLarge,5,AGC_084,4.54,4.508413349871836,0.03158665012816364
fold_state_stratified,G3_all_deterministic,LightGBMLarge,5,AGC_092,4.57,4.348003236007049,0.22199676399295143
fold_state_stratified,G3_all_deterministic,LightGBMLarge,5,AGC_096,4.59,4.095580114849364,0.49441988515063606
fold_state_stratified,G3_all_deterministic,LightGBMLarge,5,AGC_101,4.57,3.6473739017544187,0.9226260982455816
fold_state_stratified,G3_all_deterministic,LightGBMLarge,5,AGC_105,4.41,4.411879784574057,-0.0018797845740570196
fold_state_stratified,G3_all_deterministic,LightGBMLarge,5,AGC_114,3.0,2.9487309661134824,0.0512690338865176
fold_state_stratified,G3_all_deterministic,LightGBMLarge,5,AGC_123,2.5,3.032539586936798,-0.5325395869367981
fold_state_stratified,G3_all_deterministic,LightGBMLarge,5,AGC_137,4.54,4.436797460089685,0.10320253991031514
fold_state_stratified,G3_all_deterministic,LightGBMLarge,5,AGC_141,3.5,3.0643413513671356,0.4356586486328644
fold_state_stratified,G3_all_deterministic,LightGBMLarge,5,AGC_146,4.58,4.748929067634926,-0.16892906763492554
fold_state_stratified,G3_all_deterministic,LightGBMLarge,5,AGC_162,5.59,4.4670849013957765,1.1229150986042233
fold_state_stratified,G3_all_deterministic,LightGBMLarge,5,AGC_169,2.5,2.9719307683186478,-0.4719307683186478
fold_state_stratified,G3_all_deterministic,LightGBMLarge,5,AGC_179,4.55,4.343346928166336,0.20665307183366366
fold_state_stratified,G3_all_deterministic,LightGBMLarge,5,AGC_184,4.47,4.3990531861219155,0.07094681387808421
fold_state_stratified,G3_all_deterministic,LightGBMLarge,5,AGC_185,5.01,4.6230075191530275,0.38699248084697224
fold_state_stratified,G3_all_deterministic,LightGBMLarge,5,AGC_189,4.03,4.544366623924967,-0.5143666239249667
fold_state_stratified,G3_all_deterministic,LightGBMLarge,5,AGC_195,3.68,4.2930452166065525,-0.6130452166065523
fold_municipality_grouped,G3_all_deterministic,LightGBMLarge,1,AGC_001,3.5,3.147811606845369,0.352188393154631
fold_municipality_grouped,G3_all_deterministic,LightGBMLarge,1,AGC_004,3.0,3.697067532432547,-0.697067532432547
fold_municipality_grouped,G3_all_deterministic,LightGBMLarge,1,AGC_019,3.0,3.224522114103586,-0.22452211410358602
fold_municipality_grouped,G3_all_deterministic,LightGBMLarge,1,AGC_020,3.5,3.5313061215687953,-0.03130612156879531
fold_municipality_grouped,G3_all_deterministic,LightGBMLarge,1,AGC_023,3.0,3.2305213734911007,-0.2305213734911007
fold_municipality_grouped,G3_all_deterministic,LightGBMLarge,1,AGC_037,3.5,3.5963058271875115,-0.09630582718751146
fold_municipality_grouped,G3_all_deterministic,LightGBMLarge,1,AGC_040,3.0,3.3311045924309064,-0.3311045924309064
fold_municipality_grouped,G3_all_deterministic,LightGBMLarge,1,AGC_044,3.5,3.3092066632529793,0.1907933367470207
fold_municipality_grouped,G3_all_deterministic,LightGBMLarge,1,AGC_046,3.0,3.1981200317278464,-0.19812003172784642
fold_municipality_grouped,G3_all_deterministic,LightGBMLarge,1,AGC_053,3.5,3.470014409960037,0.02998559003996304
fold_municipality_grouped,G3_all_deterministic,LightGBMLarge,1,AGC_054,2.5,2.8635581999719744,-0.36355819997197436
fold_municipality_grouped,G3_all_deterministic,LightGBMLarge,1,AGC_058,2.5,3.5491724492827688,-1.0491724492827688
fold_municipality_grouped,G3_all_deterministic,LightGBMLarge,1,AGC_066,3.0,3.3733169569595907,-0.37331695695959066
fold_municipality_grouped,G3_all_deterministic,LightGBMLarge,1,AGC_068,2.5,3.482733956387781,-0.982733956387781
fold_municipality_grouped,G3_all_deterministic,LightGBMLarge,1,AGC_074,2.5,3.3118369543894945,-0.8118369543894945
fold_municipality_grouped,G3_all_deterministic,LightGBMLarge,1,AGC_098,3.0,3.5881371526323522,-0.5881371526323522
fold_municipality_grouped,G3_all_deterministic,LightGBMLarge,1,AGC_099,3.5,3.84330213566994,-0.34330213566994017
fold_municipality_grouped,G3_all_deterministic,LightGBMLarge,1,AGC_103,3.0,3.1465188650308753,-0.1465188650308753
fold_municipality_grouped,G3_all_deterministic,LightGBMLarge,1,AGC_112,3.0,3.3980698707540404,-0.39806987075404043
fold_municipality_grouped,G3_all_deterministic,LightGBMLarge,1,AGC_114,3.0,3.3861111098276075,-0.38611110982760755
fold_municipality_grouped,G3_all_deterministic,LightGBMLarge,1,AGC_117,3.5,3.609520205657195,-0.10952020565719511
fold_municipality_grouped,G3_all_deterministic,LightGBMLarge,1,AGC_122,3.5,2.9853422424434295,0.5146577575565705
fold_municipality_grouped,G3_all_deterministic,LightGBMLarge,1,AGC_123,2.5,3.1904797495972,-0.6904797495972002
fold_municipality_grouped,G3_all_deterministic,LightGBMLarge,1,AGC_138,2.5,3.575831927471013,-1.0758319274710129
fold_municipality_grouped,G3_all_deterministic,LightGBMLarge,1,AGC_141,3.5,3.5849965277175557,-0.08499652771755573
fold_municipality_grouped,G3_all_deterministic,LightGBMLarge,1,AGC_144,2.5,3.109313798700694,-0.6093137987006938
fold_municipality_grouped,G3_all_deterministic,LightGBMLarge,1,AGC_145,3.5,3.406276906647956,0.0937230933520441
fold_municipality_grouped,G3_all_deterministic,LightGBMLarge,1,AGC_157,3.0,3.6642881003544945,-0.6642881003544945
fold_municipality_grouped,G3_all_deterministic,LightGBMLarge,1,AGC_163,3.0,3.3880564271137237,-0.3880564271137237
fold_municipality_grouped,G3_all_deterministic,LightGBMLarge,1,AGC_169,2.5,3.6427190462294825,-1.1427190462294825
fold_municipality_grouped,G3_all_deterministic,LightGBMLarge,1,AGC_170,3.0,3.424313613701138,-0.42431361370113807
fold_municipality_grouped,G3_all_deterministic,LightGBMLarge,1,AGC_187,3.0,3.350896198684852,-0.3508961986848518
fold_municipality_grouped,G3_all_deterministic,LightGBMLarge,1,AGC_196,3.5,3.3801002864822314,0.11989971351776862
fold_municipality_grouped,G3_all_deterministic,LightGBMLarge,2,AGC_007,3.5,3.7664409578389733,-0.26644095783897326
fold_municipality_grouped,G3_all_deterministic,LightGBMLarge,2,AGC_034,2.0,3.794438443004382,-1.794438443004382
fold_municipality_grouped,G3_all_deterministic,LightGBMLarge,2,AGC_038,3.3,3.686239041705809,-0.38623904170580925
fold_municipality_grouped,G3_all_deterministic,LightGBMLarge,2,AGC_041,2.5,3.9871041611550764,-1.4871041611550764
fold_municipality_grouped,G3_all_deterministic,LightGBMLarge,2,AGC_067,3.0,3.9796546413672176,-0.9796546413672176
fold_municipality_grouped,G3_all_deterministic,LightGBMLarge,2,AGC_070,3.3,3.776689701932005,-0.4766897019320053
fold_municipality_grouped,G3_all_deterministic,LightGBMLarge,2,AGC_078,3.0,3.731535196512231,-0.731535196512231
fold_municipality_grouped,G3_all_deterministic,LightGBMLarge,2,AGC_079,3.3,3.7853552958080594,-0.4853552958080596
fold_municipality_grouped,G3_all_deterministic,LightGBMLarge,2,AGC_080,3.5,3.7492947748366623,-0.2492947748366623
fold_municipality_grouped,G3_all_deterministic,LightGBMLarge,2,AGC_081,3.7,4.0449431231584585,-0.3449431231584583
fold_municipality_grouped,G3_all_deterministic,LightGBMLarge,2,AGC_089,3.0,3.806675906226716,-0.8066759062267161
fold_municipality_grouped,G3_all_deterministic,LightGBMLarge,2,AGC_121,3.3,3.8660034261964915,-0.5660034261964917
fold_municipality_grouped,G3_all_deterministic,LightGBMLarge,2,AGC_140,3.2,3.788651701624642,-0.588651701624642
fold_municipality_grouped,G3_all_deterministic,LightGBMLarge,2,AGC_148,3.0,3.6503997320678305,-0.6503997320678305
fold_municipality_grouped,G3_all_deterministic,LightGBMLarge,2,AGC_166,2.5,4.2698662862065015,-1.7698662862065015
fold_municipality_grouped,G3_all_deterministic,LightGBMLarge,2,AGC_194,3.2,3.9857864587407867,-0.7857864587407866
fold_municipality_grouped,G3_all_deterministic,LightGBMLarge,3,AGC_051,4.45,3.5104806514410574,0.9395193485589428
fold_municipality_grouped,G3_all_deterministic,LightGBMLarge,3,AGC_059,4.41,3.6746050824868455,0.7353949175131547
fold_municipality_grouped,G3_all_deterministic,LightGBMLarge,3,AGC_084,4.54,3.9896771808078357,0.5503228191921643
fold_municipality_grouped,G3_all_deterministic,LightGBMLarge,3,AGC_134,4.52,3.9438353171844662,0.5761646828155333
fold_municipality_grouped,G3_all_deterministic,LightGBMLarge,3,AGC_137,4.54,4.0233213100847545,0.5166786899152456
fold_municipality_grouped,G3_all_deterministic,LightGBMLarge,3,AGC_146,4.58,4.347885834648909,0.2321141653510912
fold_municipality_grouped,G3_all_deterministic,LightGBMLarge,3,AGC_151,4.69,4.128498195561594,0.5615018044384064
fold_municipality_grouped,G3_all_deterministic,LightGBMLarge,3,AGC_152,4.87,3.755646149971049,1.1143538500289512
fold_municipality_grouped,G3_all_deterministic,LightGBMLarge,3,AGC_180,4.14,3.789004932803676,0.3509950671963238
fold_municipality_grouped,G3_all_deterministic,LightGBMLarge,3,AGC_184,4.47,4.166345412700253,0.3036545872997465
fold_municipality_grouped,G3_all_deterministic,LightGBMLarge,4,AGC_002,4.63,3.2860587734240507,1.3439412265759492
fold_municipality_grouped,G3_all_deterministic,LightGBMLarge,4,AGC_005,5.16,3.771995787062583,1.388004212937417
fold_municipality_grouped,G3_all_deterministic,LightGBMLarge,4,AGC_006,4.49,3.4309199019487506,1.0590800980512496
fold_municipality_grouped,G3_all_deterministic,LightGBMLarge,4,AGC_008,4.55,3.5146422158422337,1.0353577841577661
fold_municipality_grouped,G3_all_deterministic,LightGBMLarge,4,AGC_010,4.1,3.4950167655217186,0.6049832344782811
fold_municipality_grouped,G3_all_deterministic,LightGBMLarge,4,AGC_012,4.69,3.5516711372466987,1.1383288627533017
fold_municipality_grouped,G3_all_deterministic,LightGBMLarge,4,AGC_013,4.01,3.3703603518337673,0.6396396481662325
fold_municipality_grouped,G3_all_deterministic,LightGBMLarge,4,AGC_014,4.83,3.7874997579259837,1.0425002420740164
fold_municipality_grouped,G3_all_deterministic,LightGBMLarge,4,AGC_015,2.64,3.4047214259051244,-0.7647214259051243
fold_municipality_grouped,G3_all_deterministic,LightGBMLarge,4,AGC_017,4.98,3.443007646498276,1.5369923535017245
fold_municipality_grouped,G3_all_deterministic,LightGBMLarge,4,AGC_018,4.49,3.6038904602574946,0.8861095397425056
fold_municipality_grouped,G3_all_deterministic,LightGBMLarge,4,AGC_021,4.94,3.158631516135059,1.7813684838649415
fold_municipality_grouped,G3_all_deterministic,LightGBMLarge,4,AGC_022,4.55,3.438290830657314,1.111709169342686
fold_municipality_grouped,G3_all_deterministic,LightGBMLarge,4,AGC_024,3.03,3.360488015528478,-0.3304880155284784
fold_municipality_grouped,G3_all_deterministic,LightGBMLarge,4,AGC_026,3.55,3.40260559237827,0.14739440762172995
fold_municipality_grouped,G3_all_deterministic,LightGBMLarge,4,AGC_032,4.03,3.4475334173544154,0.5824665826455848
fold_municipality_grouped,G3_all_deterministic,LightGBMLarge,4,AGC_033,4.47,3.2101567494490455,1.2598432505509543
fold_municipality_grouped,G3_all_deterministic,LightGBMLarge,4,AGC_045,4.1,3.6446333793954033,0.4553666206045963
fold_municipality_grouped,G3_all_deterministic,LightGBMLarge,4,AGC_047,4.45,3.4051186450694266,1.0448813549305735
fold_municipality_grouped,G3_all_deterministic,LightGBMLarge,4,AGC_049,5.53,3.49700196344424,2.0329980365557603
fold_municipality_grouped,G3_all_deterministic,LightGBMLarge,4,AGC_055,5.45,3.4485834830207938,2.0014165169792064
fold_municipality_grouped,G3_all_deterministic,LightGBMLarge,4,AGC_056,5.07,3.130061018292321,1.9399389817076793
fold_municipality_grouped,G3_all_deterministic,LightGBMLarge,4,AGC_057,4.55,3.440432440756086,1.109567559243914
fold_municipality_grouped,G3_all_deterministic,LightGBMLarge,4,AGC_060,4.52,3.3668379390623473,1.1531620609376523
fold_municipality_grouped,G3_all_deterministic,LightGBMLarge,4,AGC_062,3.81,3.475706936972339,0.33429306302766104
fold_municipality_grouped,G3_all_deterministic,LightGBMLarge,4,AGC_069,5.46,3.449256412152437,2.010743587847563
fold_municipality_grouped,G3_all_deterministic,LightGBMLarge,4,AGC_072,4.55,3.235421144693611,1.3145788553063888
fold_municipality_grouped,G3_all_deterministic,LightGBMLarge,4,AGC_073,4.3,3.416032389018737,0.8839676109812626
fold_municipality_grouped,G3_all_deterministic,LightGBMLarge,4,AGC_077,4.76,3.201449997449452,1.5585500025505477
fold_municipality_grouped,G3_all_deterministic,LightGBMLarge,4,AGC_090,4.68,3.626164810046089,1.0538351899539107
fold_municipality_grouped,G3_all_deterministic,LightGBMLarge,4,AGC_092,4.57,3.321400525702253,1.2485994742977473
fold_municipality_grouped,G3_all_deterministic,LightGBMLarge,4,AGC_096,4.59,3.3947215450601944,1.1952784549398054
fold_municipality_grouped,G3_all_deterministic,LightGBMLarge,4,AGC_097,4.69,3.24326086753078,1.4467391324692205
fold_municipality_grouped,G3_all_deterministic,LightGBMLarge,4,AGC_100,4.5,3.6103164118920397,0.8896835881079603
fold_municipality_grouped,G3_all_deterministic,LightGBMLarge,4,AGC_101,4.57,3.326504555857507,1.2434954441424932
fold_municipality_grouped,G3_all_deterministic,LightGBMLarge,4,AGC_102,4.4,3.4477193316419106,0.9522806683580898
fold_municipality_grouped,G3_all_deterministic,LightGBMLarge,4,AGC_104,4.56,3.569788368687381,0.9902116313126186
fold_municipality_grouped,G3_all_deterministic,LightGBMLarge,4,AGC_105,4.41,3.3605485467919975,1.0494514532080026
fold_municipality_grouped,G3_all_deterministic,LightGBMLarge,4,AGC_106,4.43,3.3801004166739883,1.0498995833260114
fold_municipality_grouped,G3_all_deterministic,LightGBMLarge,4,AGC_108,4.51,3.1429620495944337,1.367037950405566
fold_municipality_grouped,G3_all_deterministic,LightGBMLarge,4,AGC_109,4.54,3.255991814030508,1.2840081859694918
fold_municipality_grouped,G3_all_deterministic,LightGBMLarge,4,AGC_110,4.18,3.5164901026645525,0.6635098973354472
fold_municipality_grouped,G3_all_deterministic,LightGBMLarge,4,AGC_111,4.72,3.2592293804013837,1.460770619598616
fold_municipality_grouped,G3_all_deterministic,LightGBMLarge,4,AGC_115,4.6,3.2360161585474416,1.363983841452558
fold_municipality_grouped,G3_all_deterministic,LightGBMLarge,4,AGC_124,5.05,3.529822489903983,1.5201775100960169
fold_municipality_grouped,G3_all_deterministic,LightGBMLarge,4,AGC_125,4.06,3.6925123034462537,0.3674876965537459
fold_municipality_grouped,G3_all_deterministic,LightGBMLarge,4,AGC_127,5.57,3.630633437964646,1.9393665620353544
fold_municipality_grouped,G3_all_deterministic,LightGBMLarge,4,AGC_131,4.89,3.9025818049585728,0.9874181950414269
fold_municipality_grouped,G3_all_deterministic,LightGBMLarge,4,AGC_132,4.13,3.333795736707373,0.7962042632926267
fold_municipality_grouped,G3_all_deterministic,LightGBMLarge,4,AGC_133,3.91,3.2398718802221755,0.6701281197778246
fold_municipality_grouped,G3_all_deterministic,LightGBMLarge,4,AGC_135,4.49,3.1985189606483444,1.2914810393516558
fold_municipality_grouped,G3_all_deterministic,LightGBMLarge,4,AGC_139,4.67,3.2567149018418866,1.4132850981581133
fold_municipality_grouped,G3_all_deterministic,LightGBMLarge,4,AGC_150,4.52,3.6520196958151425,0.867980304184857
fold_municipality_grouped,G3_all_deterministic,LightGBMLarge,4,AGC_155,4.52,3.7310334180272657,0.7889665819727338
fold_municipality_grouped,G3_all_deterministic,LightGBMLarge,4,AGC_159,4.77,3.470771622335135,1.2992283776648645
fold_municipality_grouped,G3_all_deterministic,LightGBMLarge,4,AGC_160,3.62,3.3561917550087563,0.2638082449912438
fold_municipality_grouped,G3_all_deterministic,LightGBMLarge,4,AGC_161,4.46,3.5067918180117292,0.9532081819882707
fold_municipality_grouped,G3_all_deterministic,LightGBMLarge,4,AGC_162,5.59,3.1944319666107757,2.395568033389224
fold_municipality_grouped,G3_all_deterministic,LightGBMLarge,4,AGC_164,3.0,3.8785866110538723,-0.8785866110538723
fold_municipality_grouped,G3_all_deterministic,LightGBMLarge,4,AGC_165,4.44,3.210097251611661,1.2299027483883394
fold_municipality_grouped,G3_all_deterministic,LightGBMLarge,4,AGC_167,4.54,3.656094325319588,0.8839056746804119
fold_municipality_grouped,G3_all_deterministic,LightGBMLarge,4,AGC_168,4.49,3.5110703058339823,0.9789296941660179
fold_municipality_grouped,G3_all_deterministic,LightGBMLarge,4,AGC_171,2.15,3.4121164467244913,-1.2621164467244914
fold_municipality_grouped,G3_all_deterministic,LightGBMLarge,4,AGC_172,5.19,3.3880206379225366,1.8019793620774638
fold_municipality_grouped,G3_all_deterministic,LightGBMLarge,4,AGC_176,4.38,3.2183019272856797,1.1616980727143202
fold_municipality_grouped,G3_all_deterministic,LightGBMLarge,4,AGC_178,4.39,3.2583041629557594,1.1316958370442403
fold_municipality_grouped,G3_all_deterministic,LightGBMLarge,4,AGC_179,4.55,3.294260017487874,1.255739982512126
fold_municipality_grouped,G3_all_deterministic,LightGBMLarge,4,AGC_181,4.51,3.401703417390174,1.1082965826098259
fold_municipality_grouped,G3_all_deterministic,LightGBMLarge,4,AGC_185,5.01,3.6983595325559393,1.3116404674440605
fold_municipality_grouped,G3_all_deterministic,LightGBMLarge,4,AGC_189,4.03,3.6486307579940345,0.3813692420059658
fold_municipality_grouped,G3_all_deterministic,LightGBMLarge,4,AGC_193,4.57,3.382513407502774,1.1874865924972262
fold_municipality_grouped,G3_all_deterministic,LightGBMLarge,4,AGC_195,3.68,3.494588186825095,0.18541181317490496
fold_municipality_grouped,G3_all_deterministic,LightGBMLarge,4,AGC_197,4.52,3.2421675500889826,1.277832449911017
fold_municipality_grouped,G3_all_deterministic,LightGBMLarge,5,AGC_009,4.79,4.59887586187577,0.19112413812422968
fold_municipality_grouped,G3_all_deterministic,LightGBMLarge,5,AGC_035,4.68,3.8704710669277165,0.8095289330722832
fold_municipality_grouped,G3_all_deterministic,LightGBMLarge,5,AGC_048,2.5,3.5225187174286483,-1.0225187174286483
fold_municipality_grouped,G3_all_deterministic,LightGBMLarge,5,AGC_064,4.51,4.860273183776487,-0.350273183776487
fold_municipality_grouped,G3_all_deterministic,LightGBMLarge,5,AGC_083,4.61,4.145613072922631,0.4643869270773697
fold_municipality_grouped,G3_all_deterministic,LightGBMLarge,5,AGC_119,4.4,4.69605559493551,-0.2960555949355097
fold_state_stratified,G0_base,ExtraTreesLarge,1,AGC_009,4.79,4.17077333333337,0.6192266666666297
fold_state_stratified,G0_base,ExtraTreesLarge,1,AGC_015,2.64,4.698359999999999,-2.058359999999999
fold_state_stratified,G0_base,ExtraTreesLarge,1,AGC_017,4.98,4.639673333333335,0.3403266666666651
fold_state_stratified,G0_base,ExtraTreesLarge,1,AGC_032,4.03,4.484820000000021,-0.4548200000000211
fold_state_stratified,G0_base,ExtraTreesLarge,1,AGC_045,4.1,4.557313333333308,-0.4573133333333086
fold_state_stratified,G0_base,ExtraTreesLarge,1,AGC_054,2.5,3.0648533333333337,-0.5648533333333337
fold_state_stratified,G0_base,ExtraTreesLarge,1,AGC_058,2.5,3.1997266666666655,-0.6997266666666655
fold_state_stratified,G0_base,ExtraTreesLarge,1,AGC_068,2.5,3.0476333333333314,-0.5476333333333314
fold_state_stratified,G0_base,ExtraTreesLarge,1,AGC_073,4.3,4.2545333333334066,0.04546666666659327
fold_state_stratified,G0_base,ExtraTreesLarge,1,AGC_079,3.3,3.161860000000009,0.1381399999999906
fold_state_stratified,G0_base,ExtraTreesLarge,1,AGC_083,4.61,4.164220000000015,0.44577999999998497
fold_state_stratified,G0_base,ExtraTreesLarge,1,AGC_090,4.68,4.388433333333375,0.29156666666662456
fold_state_stratified,G0_base,ExtraTreesLarge,1,AGC_102,4.4,4.169246666666698,0.23075333333330228
fold_state_stratified,G0_base,ExtraTreesLarge,1,AGC_103,3.0,3.055079999999998,-0.05507999999999802
fold_state_stratified,G0_base,ExtraTreesLarge,1,AGC_111,4.72,4.462319999999955,0.257680000000045
fold_state_stratified,G0_base,ExtraTreesLarge,1,AGC_112,3.0,2.990946666666666,0.009053333333334024
fold_state_stratified,G0_base,ExtraTreesLarge,1,AGC_117,3.5,3.2654666666666645,0.23453333333333548
fold_state_stratified,G0_base,ExtraTreesLarge,1,AGC_119,4.4,4.248540000000049,0.1514599999999513
fold_state_stratified,G0_base,ExtraTreesLarge,1,AGC_121,3.3,3.1398133333333273,0.16018666666667247
fold_state_stratified,G0_base,ExtraTreesLarge,1,AGC_127,5.57,4.490293333333386,1.0797066666666142
fold_state_stratified,G0_base,ExtraTreesLarge,1,AGC_133,3.91,4.342040000000018,-0.4320400000000175
fold_state_stratified,G0_base,ExtraTreesLarge,1,AGC_139,4.67,4.296860000000063,0.3731399999999372
fold_state_stratified,G0_base,ExtraTreesLarge,1,AGC_159,4.77,4.583453333333338,0.1865466666666613
fold_state_stratified,G0_base,ExtraTreesLarge,1,AGC_161,4.46,4.595773333333339,-0.13577333333333907
fold_state_stratified,G0_base,ExtraTreesLarge,1,AGC_164,3.0,3.327159999999992,-0.3271599999999921
fold_state_stratified,G0_base,ExtraTreesLarge,1,AGC_167,4.54,4.518526666666678,0.02147333333332213
fold_state_stratified,G0_base,ExtraTreesLarge,1,AGC_180,4.14,4.236873333333331,-0.09687333333333115
fold_state_stratified,G0_base,ExtraTreesLarge,1,AGC_187,3.0,3.09968,-0.09968000000000021
fold_state_stratified,G0_base,ExtraTreesLarge,2,AGC_008,4.55,4.389537777777776,0.16046222222222362
fold_state_stratified,G0_base,ExtraTreesLarge,2,AGC_024,3.03,4.296332999999999,-1.266332999999999
fold_state_stratified,G0_base,ExtraTreesLarge,2,AGC_033,4.47,4.505937888888877,-0.035937888888876834
fold_state_stratified,G0_base,ExtraTreesLarge,2,AGC_037,3.5,2.8566995555555588,0.6433004444444412
fold_state_stratified,G0_base,ExtraTreesLarge,2,AGC_040,3.0,3.059257444444445,-0.05925744444444492
fold_state_stratified,G0_base,ExtraTreesLarge,2,AGC_047,4.45,3.8938781111111167,0.5561218888888835
fold_state_stratified,G0_base,ExtraTreesLarge,2,AGC_049,5.53,4.848122888888883,0.6818771111111168
fold_state_stratified,G0_base,ExtraTreesLarge,2,AGC_053,3.5,3.044282000000004,0.45571799999999607
fold_state_stratified,G0_base,ExtraTreesLarge,2,AGC_055,5.45,4.657409111111115,0.7925908888888848
fold_state_stratified,G0_base,ExtraTreesLarge,2,AGC_062,3.81,4.454518666666662,-0.6445186666666616
fold_state_stratified,G0_base,ExtraTreesLarge,2,AGC_064,4.51,4.593930444444432,-0.08393044444443198
fold_state_stratified,G0_base,ExtraTreesLarge,2,AGC_078,3.0,3.252163555555578,-0.2521635555555779
fold_state_stratified,G0_base,ExtraTreesLarge,2,AGC_098,3.0,3.0662065555555635,-0.06620655555556354
fold_state_stratified,G0_base,ExtraTreesLarge,2,AGC_100,4.5,4.445187111111103,0.054812888888896794
fold_state_stratified,G0_base,ExtraTreesLarge,2,AGC_108,4.51,4.870568222222202,-0.3605682222222022
fold_state_stratified,G0_base,ExtraTreesLarge,2,AGC_124,5.05,4.756426888888878,0.2935731111111215
fold_state_stratified,G0_base,ExtraTreesLarge,2,AGC_125,4.06,4.3560527777777756,-0.29605277777777594
fold_state_stratified,G0_base,ExtraTreesLarge,2,AGC_131,4.89,4.488841666666673,0.40115833333332684
fold_state_stratified,G0_base,ExtraTreesLarge,2,AGC_134,4.52,4.302341444444438,0.21765855555556168
fold_state_stratified,G0_base,ExtraTreesLarge,2,AGC_135,4.49,4.498468555555551,-0.008468555555550594
fold_state_stratified,G0_base,ExtraTreesLarge,2,AGC_145,3.5,2.937758000000004,0.5622419999999959
fold_state_stratified,G0_base,ExtraTreesLarge,2,AGC_150,4.52,4.384515444444448,0.13548455555555172
fold_state_stratified,G0_base,ExtraTreesLarge,2,AGC_151,4.69,4.559989888888878,0.13001011111112248
fold_state_stratified,G0_base,ExtraTreesLarge,2,AGC_157,3.0,3.21628822222223,-0.21628822222223
fold_state_stratified,G0_base,ExtraTreesLarge,2,AGC_160,3.62,4.632035333333318,-1.0120353333333183
fold_state_stratified,G0_base,ExtraTreesLarge,2,AGC_166,2.5,3.1847478888888903,-0.6847478888888903
fold_state_stratified,G0_base,ExtraTreesLarge,2,AGC_193,4.57,4.204435666666671,0.36556433333332894
fold_state_stratified,G0_base,ExtraTreesLarge,2,AGC_194,3.2,3.080158333333343,0.11984166666665708
fold_state_stratified,G0_base,ExtraTreesLarge,3,AGC_004,3.0,2.886283925925932,0.11371607407406792
fold_state_stratified,G0_base,ExtraTreesLarge,3,AGC_005,5.16,4.392591397020422,0.7674086029795779
fold_state_stratified,G0_base,ExtraTreesLarge,3,AGC_010,4.1,4.084998754840579,0.015001245159420584
fold_state_stratified,G0_base,ExtraTreesLarge,3,AGC_014,4.83,4.155424416344129,0.6745755836558711
fold_state_stratified,G0_base,ExtraTreesLarge,3,AGC_018,4.49,4.356026925231662,0.1339730747683383
fold_state_stratified,G0_base,ExtraTreesLarge,3,AGC_021,4.94,4.696490214643776,0.24350978535622403
fold_state_stratified,G0_base,ExtraTreesLarge,3,AGC_023,3.0,3.0171622743182755,-0.01716227431827555
fold_state_stratified,G0_base,ExtraTreesLarge,3,AGC_038,3.3,3.0650482890812887,0.23495171091871114
fold_state_stratified,G0_base,ExtraTreesLarge,3,AGC_044,3.5,3.2563721477689027,0.24362785223109729
fold_state_stratified,G0_base,ExtraTreesLarge,3,AGC_051,4.45,4.161438122056676,0.2885618779433239
fold_state_stratified,G0_base,ExtraTreesLarge,3,AGC_059,4.41,4.26862340062109,0.14137659937891023
fold_state_stratified,G0_base,ExtraTreesLarge,3,AGC_066,3.0,2.858811916305919,0.1411880836940811
fold_state_stratified,G0_base,ExtraTreesLarge,3,AGC_067,3.0,3.345613321150583,-0.3456133211505832
fold_state_stratified,G0_base,ExtraTreesLarge,3,AGC_069,5.46,4.62569317967959,0.8343068203204096
fold_state_stratified,G0_base,ExtraTreesLarge,3,AGC_070,3.3,3.1318480370370394,0.16815196296296042
fold_state_stratified,G0_base,ExtraTreesLarge,3,AGC_072,4.55,4.134986403656823,0.4150135963431767
fold_state_stratified,G0_base,ExtraTreesLarge,3,AGC_074,2.5,3.2806820543530577,-0.7806820543530577
fold_state_stratified,G0_base,ExtraTreesLarge,3,AGC_077,4.76,4.2525001111941725,0.5074998888058273
fold_state_stratified,G0_base,ExtraTreesLarge,3,AGC_089,3.0,3.1486584761904717,-0.14865847619047168
fold_state_stratified,G0_base,ExtraTreesLarge,3,AGC_097,4.69,4.538087264321696,0.15191273567830432
fold_state_stratified,G0_base,ExtraTreesLarge,3,AGC_106,4.43,3.984845920014508,0.4451540799854916
fold_state_stratified,G0_base,ExtraTreesLarge,3,AGC_110,4.18,4.126913760089591,0.053086239910408395
fold_state_stratified,G0_base,ExtraTreesLarge,3,AGC_138,2.5,3.2388049773929786,-0.7388049773929786
fold_state_stratified,G0_base,ExtraTreesLarge,3,AGC_155,4.52,4.366238226543131,0.1537617734568686
fold_state_stratified,G0_base,ExtraTreesLarge,3,AGC_163,3.0,2.9957609658489632,0.004239034151036769
fold_state_stratified,G0_base,ExtraTreesLarge,3,AGC_165,4.44,4.289083036148887,0.1509169638511132
fold_state_stratified,G0_base,ExtraTreesLarge,3,AGC_196,3.5,3.635108017289131,-0.1351080172891308
fold_state_stratified,G0_base,ExtraTreesLarge,3,AGC_197,4.52,4.073432915120027,0.4465670848799723
fold_state_stratified,G0_base,ExtraTreesLarge,4,AGC_007,3.5,3.030716444444446,0.4692835555555539
fold_state_stratified,G0_base,ExtraTreesLarge,4,AGC_012,4.69,4.8238973333333455,-0.13389733333334508
fold_state_stratified,G0_base,ExtraTreesLarge,4,AGC_019,3.0,3.0212050000000024,-0.02120500000000236
fold_state_stratified,G0_base,ExtraTreesLarge,4,AGC_022,4.55,4.433175444444448,0.11682455555555205
fold_state_stratified,G0_base,ExtraTreesLarge,4,AGC_026,3.55,4.3308913333333345,-0.7808913333333347
fold_state_stratified,G0_base,ExtraTreesLarge,4,AGC_041,2.5,2.939939777777783,-0.4399397777777829
fold_state_stratified,G0_base,ExtraTreesLarge,4,AGC_048,2.5,3.174476888888892,-0.6744768888888921
fold_state_stratified,G0_base,ExtraTreesLarge,4,AGC_056,5.07,4.785496555555567,0.2845034444444332
fold_state_stratified,G0_base,ExtraTreesLarge,4,AGC_080,3.5,3.1468433333333445,0.35315666666665546
fold_state_stratified,G0_base,ExtraTreesLarge,4,AGC_081,3.7,2.9805770000000007,0.7194229999999995
fold_state_stratified,G0_base,ExtraTreesLarge,4,AGC_099,3.5,3.008586888888887,0.49141311111111285
fold_state_stratified,G0_base,ExtraTreesLarge,4,AGC_104,4.56,4.355192666666675,0.20480733333332424
fold_state_stratified,G0_base,ExtraTreesLarge,4,AGC_109,4.54,4.561940333333332,-0.02194033333333234
fold_state_stratified,G0_base,ExtraTreesLarge,4,AGC_115,4.6,4.237878666666665,0.3621213333333344
fold_state_stratified,G0_base,ExtraTreesLarge,4,AGC_122,3.5,2.933472444444448,0.566527555555552
fold_state_stratified,G0_base,ExtraTreesLarge,4,AGC_132,4.13,4.46178511111111,-0.33178511111111053
fold_state_stratified,G0_base,ExtraTreesLarge,4,AGC_140,3.2,2.9312165555555567,0.26878344444444346
fold_state_stratified,G0_base,ExtraTreesLarge,4,AGC_144,2.5,3.0431287777777767,-0.5431287777777767
fold_state_stratified,G0_base,ExtraTreesLarge,4,AGC_148,3.0,3.038690666666663,-0.0386906666666631
fold_state_stratified,G0_base,ExtraTreesLarge,4,AGC_152,4.87,4.516144888888884,0.3538551111111161
fold_state_stratified,G0_base,ExtraTreesLarge,4,AGC_168,4.49,4.575252000000006,-0.08525200000000588
fold_state_stratified,G0_base,ExtraTreesLarge,4,AGC_170,3.0,2.956212333333334,0.04378766666666589
fold_state_stratified,G0_base,ExtraTreesLarge,4,AGC_171,2.15,4.471358777777784,-2.321358777777784
fold_state_stratified,G0_base,ExtraTreesLarge,4,AGC_172,5.19,4.499369888888893,0.6906301111111075
fold_state_stratified,G0_base,ExtraTreesLarge,4,AGC_176,4.38,4.286645777777776,0.09335422222222434
fold_state_stratified,G0_base,ExtraTreesLarge,4,AGC_178,4.39,4.471898222222234,-0.0818982222222342
fold_state_stratified,G0_base,ExtraTreesLarge,4,AGC_181,4.51,4.488290111111106,0.02170988888889358
fold_state_stratified,G0_base,ExtraTreesLarge,5,AGC_001,3.5,2.8612893325193283,0.6387106674806717
fold_state_stratified,G0_base,ExtraTreesLarge,5,AGC_002,4.63,4.384900110835968,0.24509988916403191
fold_state_stratified,G0_base,ExtraTreesLarge,5,AGC_006,4.49,4.421597406244652,0.06840259375534785
fold_state_stratified,G0_base,ExtraTreesLarge,5,AGC_013,4.01,4.347593542476938,-0.33759354247693807
fold_state_stratified,G0_base,ExtraTreesLarge,5,AGC_020,3.5,3.3148792569293444,0.18512074307065562
fold_state_stratified,G0_base,ExtraTreesLarge,5,AGC_034,2.0,3.1377136945841637,-1.1377136945841637
fold_state_stratified,G0_base,ExtraTreesLarge,5,AGC_035,4.68,3.9317893904285603,0.7482106095714394
fold_state_stratified,G0_base,ExtraTreesLarge,5,AGC_046,3.0,3.0023970392788044,-0.0023970392788044137
fold_state_stratified,G0_base,ExtraTreesLarge,5,AGC_057,4.55,4.943563170053419,-0.3935631700534188
fold_state_stratified,G0_base,ExtraTreesLarge,5,AGC_060,4.52,5.029809885033057,-0.5098098850330572
fold_state_stratified,G0_base,ExtraTreesLarge,5,AGC_084,4.54,4.448008167800123,0.09199183219987717
fold_state_stratified,G0_base,ExtraTreesLarge,5,AGC_092,4.57,4.499120089399255,0.07087991060074561
fold_state_stratified,G0_base,ExtraTreesLarge,5,AGC_096,4.59,4.165989281363423,0.4240107186365769
fold_state_stratified,G0_base,ExtraTreesLarge,5,AGC_101,4.57,4.015015519391794,0.5549844806082067
fold_state_stratified,G0_base,ExtraTreesLarge,5,AGC_105,4.41,4.3383004773970235,0.07169952260297663
fold_state_stratified,G0_base,ExtraTreesLarge,5,AGC_114,3.0,2.91387540406961,0.08612459593038979
fold_state_stratified,G0_base,ExtraTreesLarge,5,AGC_123,2.5,2.997441906826115,-0.4974419068261149
fold_state_stratified,G0_base,ExtraTreesLarge,5,AGC_137,4.54,4.4433413611988275,0.09665863880117254
fold_state_stratified,G0_base,ExtraTreesLarge,5,AGC_141,3.5,2.967841614308177,0.5321583856918228
fold_state_stratified,G0_base,ExtraTreesLarge,5,AGC_146,4.58,4.428581102594699,0.1514188974053008
fold_state_stratified,G0_base,ExtraTreesLarge,5,AGC_162,5.59,4.691043988243244,0.8989560117567557
fold_state_stratified,G0_base,ExtraTreesLarge,5,AGC_169,2.5,3.039247929528905,-0.539247929528905
fold_state_stratified,G0_base,ExtraTreesLarge,5,AGC_179,4.55,4.602685808635742,-0.05268580863574179
fold_state_stratified,G0_base,ExtraTreesLarge,5,AGC_184,4.47,4.257569145472499,0.21243085452750066
fold_state_stratified,G0_base,ExtraTreesLarge,5,AGC_185,5.01,4.520748804115836,0.48925119588416344
fold_state_stratified,G0_base,ExtraTreesLarge,5,AGC_189,4.03,4.271466893031659,-0.24146689303165836
fold_state_stratified,G0_base,ExtraTreesLarge,5,AGC_195,3.68,4.363053229781706,-0.6830532297817062
fold_municipality_grouped,G0_base,ExtraTreesLarge,1,AGC_001,3.5,3.4566288548260156,0.04337114517398444
fold_municipality_grouped,G0_base,ExtraTreesLarge,1,AGC_004,3.0,3.6346552390259106,-0.6346552390259106
fold_municipality_grouped,G0_base,ExtraTreesLarge,1,AGC_019,3.0,3.3761468885196075,-0.37614688851960754
fold_municipality_grouped,G0_base,ExtraTreesLarge,1,AGC_020,3.5,3.555283502767015,-0.05528350276701488
fold_municipality_grouped,G0_base,ExtraTreesLarge,1,AGC_023,3.0,3.4225227960756257,-0.4225227960756257
fold_municipality_grouped,G0_base,ExtraTreesLarge,1,AGC_037,3.5,3.67098522326376,-0.17098522326375987
fold_municipality_grouped,G0_base,ExtraTreesLarge,1,AGC_040,3.0,3.618473997698845,-0.6184739976988451
fold_municipality_grouped,G0_base,ExtraTreesLarge,1,AGC_044,3.5,3.5966066627915194,-0.09660666279151942
fold_municipality_grouped,G0_base,ExtraTreesLarge,1,AGC_046,3.0,3.4862014681415268,-0.48620146814152676
fold_municipality_grouped,G0_base,ExtraTreesLarge,1,AGC_053,3.5,3.6283491691008263,-0.12834916910082628
fold_municipality_grouped,G0_base,ExtraTreesLarge,1,AGC_054,2.5,3.3136082654565415,-0.8136082654565415
fold_municipality_grouped,G0_base,ExtraTreesLarge,1,AGC_058,2.5,3.6453806991854543,-1.1453806991854543
fold_municipality_grouped,G0_base,ExtraTreesLarge,1,AGC_066,3.0,3.524916595898158,-0.5249165958981581
fold_municipality_grouped,G0_base,ExtraTreesLarge,1,AGC_068,2.5,3.6445379977687358,-1.1445379977687358
fold_municipality_grouped,G0_base,ExtraTreesLarge,1,AGC_074,2.5,3.6263871128971235,-1.1263871128971235
fold_municipality_grouped,G0_base,ExtraTreesLarge,1,AGC_098,3.0,3.5064568297712193,-0.5064568297712193
fold_municipality_grouped,G0_base,ExtraTreesLarge,1,AGC_099,3.5,3.7453543951540085,-0.24535439515400848
fold_municipality_grouped,G0_base,ExtraTreesLarge,1,AGC_103,3.0,3.4501815231913544,-0.4501815231913544
fold_municipality_grouped,G0_base,ExtraTreesLarge,1,AGC_112,3.0,3.6586327188637866,-0.6586327188637866
fold_municipality_grouped,G0_base,ExtraTreesLarge,1,AGC_114,3.0,3.505938144128588,-0.5059381441285882
fold_municipality_grouped,G0_base,ExtraTreesLarge,1,AGC_117,3.5,3.738382661269688,-0.238382661269688
fold_municipality_grouped,G0_base,ExtraTreesLarge,1,AGC_122,3.5,3.4681929012767,0.0318070987232999
fold_municipality_grouped,G0_base,ExtraTreesLarge,1,AGC_123,2.5,3.3768960671133317,-0.8768960671133317
fold_municipality_grouped,G0_base,ExtraTreesLarge,1,AGC_138,2.5,3.7022699609773846,-1.2022699609773846
fold_municipality_grouped,G0_base,ExtraTreesLarge,1,AGC_141,3.5,3.557899293678952,-0.05789929367895219
fold_municipality_grouped,G0_base,ExtraTreesLarge,1,AGC_144,2.5,3.380965815350887,-0.880965815350887
fold_municipality_grouped,G0_base,ExtraTreesLarge,1,AGC_145,3.5,3.4249633872041785,0.07503661279582152
fold_municipality_grouped,G0_base,ExtraTreesLarge,1,AGC_157,3.0,3.53436225500316,-0.5343622550031601
fold_municipality_grouped,G0_base,ExtraTreesLarge,1,AGC_163,3.0,3.5742959280151725,-0.5742959280151725
fold_municipality_grouped,G0_base,ExtraTreesLarge,1,AGC_169,2.5,3.6717511904522198,-1.1717511904522198
fold_municipality_grouped,G0_base,ExtraTreesLarge,1,AGC_170,3.0,3.538679151123703,-0.538679151123703
fold_municipality_grouped,G0_base,ExtraTreesLarge,1,AGC_187,3.0,3.4675610456932864,-0.4675610456932864
fold_municipality_grouped,G0_base,ExtraTreesLarge,1,AGC_196,3.5,3.6787604024693183,-0.17876040246931835
fold_municipality_grouped,G0_base,ExtraTreesLarge,2,AGC_007,3.5,4.174636344744782,-0.6746363447447816
fold_municipality_grouped,G0_base,ExtraTreesLarge,2,AGC_034,2.0,4.286886173791919,-2.2868861737919186
fold_municipality_grouped,G0_base,ExtraTreesLarge,2,AGC_038,3.3,4.337513474449846,-1.0375134744498462
fold_municipality_grouped,G0_base,ExtraTreesLarge,2,AGC_041,2.5,4.398619445471653,-1.8986194454716534
fold_municipality_grouped,G0_base,ExtraTreesLarge,2,AGC_067,3.0,4.44510718958198,-1.4451071895819796
fold_municipality_grouped,G0_base,ExtraTreesLarge,2,AGC_070,3.3,4.375196658059188,-1.0751966580591885
fold_municipality_grouped,G0_base,ExtraTreesLarge,2,AGC_078,3.0,4.2244421773418,-1.2244421773417997
fold_municipality_grouped,G0_base,ExtraTreesLarge,2,AGC_079,3.3,4.270830207087894,-0.9708302070878938
fold_municipality_grouped,G0_base,ExtraTreesLarge,2,AGC_080,3.5,4.177813541201659,-0.677813541201659
fold_municipality_grouped,G0_base,ExtraTreesLarge,2,AGC_081,3.7,4.384525262800442,-0.6845252628004417
fold_municipality_grouped,G0_base,ExtraTreesLarge,2,AGC_089,3.0,4.2007557060993586,-1.2007557060993586
fold_municipality_grouped,G0_base,ExtraTreesLarge,2,AGC_121,3.3,4.254179778393146,-0.9541797783931463
fold_municipality_grouped,G0_base,ExtraTreesLarge,2,AGC_140,3.2,4.213748023132732,-1.0137480231327318
fold_municipality_grouped,G0_base,ExtraTreesLarge,2,AGC_148,3.0,4.225422976807221,-1.225422976807221
fold_municipality_grouped,G0_base,ExtraTreesLarge,2,AGC_166,2.5,4.431774461610014,-1.931774461610014
fold_municipality_grouped,G0_base,ExtraTreesLarge,2,AGC_194,3.2,4.440088308155074,-1.240088308155074
fold_municipality_grouped,G0_base,ExtraTreesLarge,3,AGC_051,4.45,3.2106599887631884,1.2393400112368118
fold_municipality_grouped,G0_base,ExtraTreesLarge,3,AGC_059,4.41,3.3992603364481977,1.0107396635518024
fold_municipality_grouped,G0_base,ExtraTreesLarge,3,AGC_084,4.54,3.4160872166394127,1.1239127833605873
fold_municipality_grouped,G0_base,ExtraTreesLarge,3,AGC_134,4.52,3.3886703910258897,1.1313296089741098
fold_municipality_grouped,G0_base,ExtraTreesLarge,3,AGC_137,4.54,3.4160802775030077,1.1239197224969923
fold_municipality_grouped,G0_base,ExtraTreesLarge,3,AGC_146,4.58,3.638133853349904,0.9418661466500962
fold_municipality_grouped,G0_base,ExtraTreesLarge,3,AGC_151,4.69,3.691556010346305,0.9984439896536954
fold_municipality_grouped,G0_base,ExtraTreesLarge,3,AGC_152,4.87,3.3492876643501224,1.5207123356498777
fold_municipality_grouped,G0_base,ExtraTreesLarge,3,AGC_180,4.14,3.249381764396788,0.8906182356032115
fold_municipality_grouped,G0_base,ExtraTreesLarge,3,AGC_184,4.47,3.5446317537845378,0.925368246215462
fold_municipality_grouped,G0_base,ExtraTreesLarge,4,AGC_002,4.63,3.960193333333323,0.6698066666666769
fold_municipality_grouped,G0_base,ExtraTreesLarge,4,AGC_005,5.16,4.103119999999982,1.0568800000000182
fold_municipality_grouped,G0_base,ExtraTreesLarge,4,AGC_006,4.49,3.528773333333323,0.9612266666666773
fold_municipality_grouped,G0_base,ExtraTreesLarge,4,AGC_008,4.55,3.920953333333318,0.6290466666666816
fold_municipality_grouped,G0_base,ExtraTreesLarge,4,AGC_010,4.1,3.758259999999987,0.3417400000000126
fold_municipality_grouped,G0_base,ExtraTreesLarge,4,AGC_012,4.69,4.001773333333336,0.6882266666666643
fold_municipality_grouped,G0_base,ExtraTreesLarge,4,AGC_013,4.01,3.6267666666666587,0.3832333333333411
fold_municipality_grouped,G0_base,ExtraTreesLarge,4,AGC_014,4.83,4.118206666666657,0.7117933333333433
fold_municipality_grouped,G0_base,ExtraTreesLarge,4,AGC_015,2.64,3.9045866666666638,-1.2645866666666636
fold_municipality_grouped,G0_base,ExtraTreesLarge,4,AGC_017,4.98,3.927053333333337,1.0529466666666636
fold_municipality_grouped,G0_base,ExtraTreesLarge,4,AGC_018,4.49,4.04639333333332,0.44360666666668
fold_municipality_grouped,G0_base,ExtraTreesLarge,4,AGC_021,4.94,3.650159999999995,1.2898400000000052
fold_municipality_grouped,G0_base,ExtraTreesLarge,4,AGC_022,4.55,3.894566666666654,0.6554333333333457
fold_municipality_grouped,G0_base,ExtraTreesLarge,4,AGC_024,3.03,3.829193333333326,-0.7991933333333261
fold_municipality_grouped,G0_base,ExtraTreesLarge,4,AGC_026,3.55,3.8135199999999934,-0.26351999999999354
fold_municipality_grouped,G0_base,ExtraTreesLarge,4,AGC_032,4.03,3.836106666666659,0.19389333333334147
fold_municipality_grouped,G0_base,ExtraTreesLarge,4,AGC_033,4.47,3.667186666666668,0.8028133333333316
fold_municipality_grouped,G0_base,ExtraTreesLarge,4,AGC_045,4.1,4.052439999999984,0.04756000000001581
fold_municipality_grouped,G0_base,ExtraTreesLarge,4,AGC_047,4.45,3.8203333333333287,0.6296666666666715
fold_municipality_grouped,G0_base,ExtraTreesLarge,4,AGC_049,5.53,3.99304,1.53696
fold_municipality_grouped,G0_base,ExtraTreesLarge,4,AGC_055,5.45,4.0526199999999974,1.3973800000000027
fold_municipality_grouped,G0_base,ExtraTreesLarge,4,AGC_056,5.07,3.651633333333327,1.4183666666666732
fold_municipality_grouped,G0_base,ExtraTreesLarge,4,AGC_057,4.55,3.9897066666666743,0.5602933333333255
fold_municipality_grouped,G0_base,ExtraTreesLarge,4,AGC_060,4.52,4.0422999999999965,0.4777000000000031
fold_municipality_grouped,G0_base,ExtraTreesLarge,4,AGC_062,3.81,3.7008399999999866,0.10916000000001347
fold_municipality_grouped,G0_base,ExtraTreesLarge,4,AGC_069,5.46,3.9771199999999967,1.4828800000000033
fold_municipality_grouped,G0_base,ExtraTreesLarge,4,AGC_072,4.55,3.5008199999999925,1.0491800000000073
fold_municipality_grouped,G0_base,ExtraTreesLarge,4,AGC_073,4.3,3.7474599999999882,0.5525400000000116
fold_municipality_grouped,G0_base,ExtraTreesLarge,4,AGC_077,4.76,3.5474199999999927,1.212580000000007
fold_municipality_grouped,G0_base,ExtraTreesLarge,4,AGC_090,4.68,4.10555999999998,0.5744400000000196
fold_municipality_grouped,G0_base,ExtraTreesLarge,4,AGC_092,4.57,3.6535799999999976,0.9164200000000027
fold_municipality_grouped,G0_base,ExtraTreesLarge,4,AGC_096,4.59,3.7039399999999922,0.8860600000000076
fold_municipality_grouped,G0_base,ExtraTreesLarge,4,AGC_097,4.69,3.7136266666666597,0.9763733333333406
fold_municipality_grouped,G0_base,ExtraTreesLarge,4,AGC_100,4.5,3.91419333333332,0.5858066666666799
fold_municipality_grouped,G0_base,ExtraTreesLarge,4,AGC_101,4.57,3.7614666666666574,0.8085333333333429
fold_municipality_grouped,G0_base,ExtraTreesLarge,4,AGC_102,4.4,4.058073333333308,0.34192666666669247
fold_municipality_grouped,G0_base,ExtraTreesLarge,4,AGC_104,4.56,3.9205599999999894,0.6394400000000102
fold_municipality_grouped,G0_base,ExtraTreesLarge,4,AGC_105,4.41,3.846966666666655,0.5630333333333453
fold_municipality_grouped,G0_base,ExtraTreesLarge,4,AGC_106,4.43,3.8268466666666514,0.6031533333333483
fold_municipality_grouped,G0_base,ExtraTreesLarge,4,AGC_108,4.51,3.7349599999999956,0.7750400000000042
fold_municipality_grouped,G0_base,ExtraTreesLarge,4,AGC_109,4.54,3.701246666666658,0.8387533333333419
fold_municipality_grouped,G0_base,ExtraTreesLarge,4,AGC_110,4.18,3.9184066666666575,0.2615933333333422
fold_municipality_grouped,G0_base,ExtraTreesLarge,4,AGC_111,4.72,3.5546933333333266,1.1653066666666732
fold_municipality_grouped,G0_base,ExtraTreesLarge,4,AGC_115,4.6,3.70463333333332,0.8953666666666797
fold_municipality_grouped,G0_base,ExtraTreesLarge,4,AGC_124,5.05,4.049059999999998,1.0009400000000017
fold_municipality_grouped,G0_base,ExtraTreesLarge,4,AGC_125,4.06,4.08908666666666,-0.029086666666660044
fold_municipality_grouped,G0_base,ExtraTreesLarge,4,AGC_127,5.57,4.273446666666651,1.2965533333333497
fold_municipality_grouped,G0_base,ExtraTreesLarge,4,AGC_131,4.89,4.061733333333307,0.8282666666666927
fold_municipality_grouped,G0_base,ExtraTreesLarge,4,AGC_132,4.13,3.6783733333333326,0.4516266666666673
fold_municipality_grouped,G0_base,ExtraTreesLarge,4,AGC_133,3.91,3.7054866666666544,0.20451333333334576
fold_municipality_grouped,G0_base,ExtraTreesLarge,4,AGC_135,4.49,3.532419999999992,0.9575800000000081
fold_municipality_grouped,G0_base,ExtraTreesLarge,4,AGC_139,4.67,3.826666666666649,0.843333333333351
fold_municipality_grouped,G0_base,ExtraTreesLarge,4,AGC_150,4.52,4.03888666666665,0.48111333333334994
fold_municipality_grouped,G0_base,ExtraTreesLarge,4,AGC_155,4.52,4.055546666666653,0.4644533333333465
fold_municipality_grouped,G0_base,ExtraTreesLarge,4,AGC_159,4.77,3.973766666666656,0.7962333333333436
fold_municipality_grouped,G0_base,ExtraTreesLarge,4,AGC_160,3.62,4.001859999999982,-0.3818599999999819
fold_municipality_grouped,G0_base,ExtraTreesLarge,4,AGC_161,4.46,4.007033333333337,0.4529666666666632
fold_municipality_grouped,G0_base,ExtraTreesLarge,4,AGC_162,5.59,3.610053333333336,1.979946666666664
fold_municipality_grouped,G0_base,ExtraTreesLarge,4,AGC_164,3.0,3.294413333333327,-0.2944133333333272
fold_municipality_grouped,G0_base,ExtraTreesLarge,4,AGC_165,4.44,3.6006533333333253,0.8393466666666751
fold_municipality_grouped,G0_base,ExtraTreesLarge,4,AGC_167,4.54,3.991039999999994,0.5489600000000059
fold_municipality_grouped,G0_base,ExtraTreesLarge,4,AGC_168,4.49,4.062786666666645,0.42721333333335565
fold_municipality_grouped,G0_base,ExtraTreesLarge,4,AGC_171,2.15,3.829699999999987,-1.679699999999987
fold_municipality_grouped,G0_base,ExtraTreesLarge,4,AGC_172,5.19,3.7504599999999932,1.4395400000000071
fold_municipality_grouped,G0_base,ExtraTreesLarge,4,AGC_176,4.38,3.667959999999996,0.712040000000004
fold_municipality_grouped,G0_base,ExtraTreesLarge,4,AGC_178,4.39,3.6832466666666637,0.706753333333336
fold_municipality_grouped,G0_base,ExtraTreesLarge,4,AGC_179,4.55,3.790859999999997,0.759140000000003
fold_municipality_grouped,G0_base,ExtraTreesLarge,4,AGC_181,4.51,3.916479999999988,0.5935200000000118
fold_municipality_grouped,G0_base,ExtraTreesLarge,4,AGC_185,5.01,4.106326666666644,0.903673333333356
fold_municipality_grouped,G0_base,ExtraTreesLarge,4,AGC_189,4.03,3.9550866666666558,0.07491333333334449
fold_municipality_grouped,G0_base,ExtraTreesLarge,4,AGC_193,4.57,3.745606666666656,0.8243933333333442
fold_municipality_grouped,G0_base,ExtraTreesLarge,4,AGC_195,3.68,3.7681066666666503,-0.08810666666665012
fold_municipality_grouped,G0_base,ExtraTreesLarge,4,AGC_197,4.52,3.739193333333326,0.7808066666666735
fold_municipality_grouped,G0_base,ExtraTreesLarge,5,AGC_009,4.79,3.89108110117875,0.89891889882125
fold_municipality_grouped,G0_base,ExtraTreesLarge,5,AGC_035,4.68,3.3934273873775345,1.2865726126224653
fold_municipality_grouped,G0_base,ExtraTreesLarge,5,AGC_048,2.5,3.4136246911506483,-0.9136246911506483
fold_municipality_grouped,G0_base,ExtraTreesLarge,5,AGC_064,4.51,3.9062506480749173,0.6037493519250825
fold_municipality_grouped,G0_base,ExtraTreesLarge,5,AGC_083,4.61,3.7386435119318455,0.8713564880681548
fold_municipality_grouped,G0_base,ExtraTreesLarge,5,AGC_119,4.4,3.9026056431800007,0.49739435681999966
fold_state_stratified,G1_agronomic,ExtraTreesLarge,1,AGC_009,4.79,4.391873333333411,0.398126666666589
fold_state_stratified,G1_agronomic,ExtraTreesLarge,1,AGC_015,2.64,4.806973333333328,-2.166973333333328
fold_state_stratified,G1_agronomic,ExtraTreesLarge,1,AGC_017,4.98,4.705273333333325,0.274726666666675
fold_state_stratified,G1_agronomic,ExtraTreesLarge,1,AGC_032,4.03,4.310146666666707,-0.28014666666670696
fold_state_stratified,G1_agronomic,ExtraTreesLarge,1,AGC_045,4.1,4.50842666666663,-0.40842666666663074
fold_state_stratified,G1_agronomic,ExtraTreesLarge,1,AGC_054,2.5,2.981519999999999,-0.48151999999999884
fold_state_stratified,G1_agronomic,ExtraTreesLarge,1,AGC_058,2.5,3.2599466666666665,-0.7599466666666665
fold_state_stratified,G1_agronomic,ExtraTreesLarge,1,AGC_068,2.5,2.8774466666666663,-0.37744666666666626
fold_state_stratified,G1_agronomic,ExtraTreesLarge,1,AGC_073,4.3,4.145226666666743,0.1547733333332566
fold_state_stratified,G1_agronomic,ExtraTreesLarge,1,AGC_079,3.3,3.12351333333335,0.17648666666665003
fold_state_stratified,G1_agronomic,ExtraTreesLarge,1,AGC_083,4.61,4.034146666666684,0.575853333333316
fold_state_stratified,G1_agronomic,ExtraTreesLarge,1,AGC_090,4.68,4.3165866666666695,0.36341333333333026
fold_state_stratified,G1_agronomic,ExtraTreesLarge,1,AGC_102,4.4,4.262533333333378,0.13746666666662222
fold_state_stratified,G1_agronomic,ExtraTreesLarge,1,AGC_103,3.0,3.0415799999999993,-0.041579999999999284
fold_state_stratified,G1_agronomic,ExtraTreesLarge,1,AGC_111,4.72,4.49827999999993,0.22172000000006964
fold_state_stratified,G1_agronomic,ExtraTreesLarge,1,AGC_112,3.0,2.9034999999999993,0.0965000000000007
fold_state_stratified,G1_agronomic,ExtraTreesLarge,1,AGC_117,3.5,3.3025466666666663,0.1974533333333337
fold_state_stratified,G1_agronomic,ExtraTreesLarge,1,AGC_119,4.4,4.426266666666732,-0.026266666666731275
fold_state_stratified,G1_agronomic,ExtraTreesLarge,1,AGC_121,3.3,3.1996466666666548,0.10035333333334506
fold_state_stratified,G1_agronomic,ExtraTreesLarge,1,AGC_127,5.57,4.5250800000000675,1.0449199999999328
fold_state_stratified,G1_agronomic,ExtraTreesLarge,1,AGC_133,3.91,4.3604466666666815,-0.4504466666666813
fold_state_stratified,G1_agronomic,ExtraTreesLarge,1,AGC_139,4.67,4.290700000000077,0.37929999999992337
fold_state_stratified,G1_agronomic,ExtraTreesLarge,1,AGC_159,4.77,4.773886666666636,-0.0038866666666361738
fold_state_stratified,G1_agronomic,ExtraTreesLarge,1,AGC_161,4.46,4.71792666666664,-0.25792666666664044
fold_state_stratified,G1_agronomic,ExtraTreesLarge,1,AGC_164,3.0,2.998566666666664,0.001433333333336062
fold_state_stratified,G1_agronomic,ExtraTreesLarge,1,AGC_167,4.54,4.734526666666667,-0.1945266666666674
fold_state_stratified,G1_agronomic,ExtraTreesLarge,1,AGC_180,4.14,4.418206666666691,-0.2782066666666916
fold_state_stratified,G1_agronomic,ExtraTreesLarge,1,AGC_187,3.0,3.125306666666666,-0.125306666666666
fold_state_stratified,G1_agronomic,ExtraTreesLarge,2,AGC_008,4.55,4.264209051579741,0.2857909484202592
fold_state_stratified,G1_agronomic,ExtraTreesLarge,2,AGC_024,3.03,4.22973322102534,-1.19973322102534
fold_state_stratified,G1_agronomic,ExtraTreesLarge,2,AGC_033,4.47,4.730501640069575,-0.26050164006957566
fold_state_stratified,G1_agronomic,ExtraTreesLarge,2,AGC_037,3.5,2.69623373421173,0.80376626578827
fold_state_stratified,G1_agronomic,ExtraTreesLarge,2,AGC_040,3.0,3.09761406318353,-0.09761406318353005
fold_state_stratified,G1_agronomic,ExtraTreesLarge,2,AGC_047,4.45,3.774931290660086,0.6750687093399144
fold_state_stratified,G1_agronomic,ExtraTreesLarge,2,AGC_049,5.53,5.098181074952215,0.43181892504778485
fold_state_stratified,G1_agronomic,ExtraTreesLarge,2,AGC_053,3.5,3.24734963414364,0.2526503658563599
fold_state_stratified,G1_agronomic,ExtraTreesLarge,2,AGC_055,5.45,4.60677759435112,0.8432224056488797
fold_state_stratified,G1_agronomic,ExtraTreesLarge,2,AGC_062,3.81,4.3406629644989625,-0.5306629644989624
fold_state_stratified,G1_agronomic,ExtraTreesLarge,2,AGC_064,4.51,4.571455490836774,-0.061455490836774374
fold_state_stratified,G1_agronomic,ExtraTreesLarge,2,AGC_078,3.0,3.2786873772778673,-0.2786873772778673
fold_state_stratified,G1_agronomic,ExtraTreesLarge,2,AGC_098,3.0,3.2628391358826367,-0.26283913588263674
fold_state_stratified,G1_agronomic,ExtraTreesLarge,2,AGC_100,4.5,4.432550499497411,0.06744950050258858
fold_state_stratified,G1_agronomic,ExtraTreesLarge,2,AGC_108,4.51,5.043186241111189,-0.5331862411111894
fold_state_stratified,G1_agronomic,ExtraTreesLarge,2,AGC_124,5.05,4.745264787298529,0.30473521270147064
fold_state_stratified,G1_agronomic,ExtraTreesLarge,2,AGC_125,4.06,4.462859960813501,-0.40285996081350106
fold_state_stratified,G1_agronomic,ExtraTreesLarge,2,AGC_131,4.89,4.521809493728297,0.368190506271703
fold_state_stratified,G1_agronomic,ExtraTreesLarge,2,AGC_134,4.52,4.157429621643548,0.3625703783564518
fold_state_stratified,G1_agronomic,ExtraTreesLarge,2,AGC_135,4.49,4.741087828273056,-0.25108782827305554
fold_state_stratified,G1_agronomic,ExtraTreesLarge,2,AGC_145,3.5,2.97880922242344,0.5211907775765598
fold_state_stratified,G1_agronomic,ExtraTreesLarge,2,AGC_150,4.52,4.527466792684619,-0.00746679268461925
fold_state_stratified,G1_agronomic,ExtraTreesLarge,2,AGC_151,4.69,4.591880082653836,0.09811991734616399
fold_state_stratified,G1_agronomic,ExtraTreesLarge,2,AGC_157,3.0,3.102524493108717,-0.10252449310871681
fold_state_stratified,G1_agronomic,ExtraTreesLarge,2,AGC_160,3.62,4.527643729551653,-0.9076437295516531
fold_state_stratified,G1_agronomic,ExtraTreesLarge,2,AGC_166,2.5,3.063719534238144,-0.5637195342381438
fold_state_stratified,G1_agronomic,ExtraTreesLarge,2,AGC_193,4.57,4.244586787315261,0.32541321268473933
fold_state_stratified,G1_agronomic,ExtraTreesLarge,2,AGC_194,3.2,2.9649154690462116,0.23508453095378856
fold_state_stratified,G1_agronomic,ExtraTreesLarge,3,AGC_004,3.0,3.015813004458506,-0.015813004458506086
fold_state_stratified,G1_agronomic,ExtraTreesLarge,3,AGC_005,5.16,4.442997273484358,0.7170027265156422
fold_state_stratified,G1_agronomic,ExtraTreesLarge,3,AGC_010,4.1,4.32898184173382,-0.22898184173382052
fold_state_stratified,G1_agronomic,ExtraTreesLarge,3,AGC_014,4.83,4.133218462271139,0.6967815377288611
fold_state_stratified,G1_agronomic,ExtraTreesLarge,3,AGC_018,4.49,4.287177732699371,0.20282226730062902
fold_state_stratified,G1_agronomic,ExtraTreesLarge,3,AGC_021,4.94,4.547520628328494,0.3924793716715067
fold_state_stratified,G1_agronomic,ExtraTreesLarge,3,AGC_023,3.0,3.2072695031124185,-0.20726950311241854
fold_state_stratified,G1_agronomic,ExtraTreesLarge,3,AGC_038,3.3,3.1719683484325443,0.12803165156745555
fold_state_stratified,G1_agronomic,ExtraTreesLarge,3,AGC_044,3.5,3.158094303289304,0.3419056967106959
fold_state_stratified,G1_agronomic,ExtraTreesLarge,3,AGC_051,4.45,4.288922050619494,0.16107794938050635
fold_state_stratified,G1_agronomic,ExtraTreesLarge,3,AGC_059,4.41,4.249263409527126,0.16073659047287414
fold_state_stratified,G1_agronomic,ExtraTreesLarge,3,AGC_066,3.0,3.1698618831908894,-0.16986188319088935
fold_state_stratified,G1_agronomic,ExtraTreesLarge,3,AGC_067,3.0,3.3018267373257584,-0.3018267373257584
fold_state_stratified,G1_agronomic,ExtraTreesLarge,3,AGC_069,5.46,4.416101516051183,1.0438984839488166
fold_state_stratified,G1_agronomic,ExtraTreesLarge,3,AGC_070,3.3,3.2274753918269106,0.07252460817308926
fold_state_stratified,G1_agronomic,ExtraTreesLarge,3,AGC_072,4.55,4.104275461923662,0.4457245380763375
fold_state_stratified,G1_agronomic,ExtraTreesLarge,3,AGC_074,2.5,3.306800563214565,-0.8068005632145652
fold_state_stratified,G1_agronomic,ExtraTreesLarge,3,AGC_077,4.76,4.452848336617098,0.3071516633829017
fold_state_stratified,G1_agronomic,ExtraTreesLarge,3,AGC_089,3.0,3.065774623506124,-0.06577462350612384
fold_state_stratified,G1_agronomic,ExtraTreesLarge,3,AGC_097,4.69,4.54228669921766,0.1477133007823408
fold_state_stratified,G1_agronomic,ExtraTreesLarge,3,AGC_106,4.43,4.011460524660301,0.41853947533969915
fold_state_stratified,G1_agronomic,ExtraTreesLarge,3,AGC_110,4.18,4.111090777594,0.06890922240599995
fold_state_stratified,G1_agronomic,ExtraTreesLarge,3,AGC_138,2.5,3.130556383079888,-0.6305563830798881
fold_state_stratified,G1_agronomic,ExtraTreesLarge,3,AGC_155,4.52,4.6009512125458025,-0.08095121254580295
fold_state_stratified,G1_agronomic,ExtraTreesLarge,3,AGC_163,3.0,2.9785072091797082,0.021492790820291763
fold_state_stratified,G1_agronomic,ExtraTreesLarge,3,AGC_165,4.44,4.344873656737872,0.09512634326212854
fold_state_stratified,G1_agronomic,ExtraTreesLarge,3,AGC_196,3.5,3.4531216717274638,0.04687832827253624
fold_state_stratified,G1_agronomic,ExtraTreesLarge,3,AGC_197,4.52,4.133121033787292,0.38687896621270745
fold_state_stratified,G1_agronomic,ExtraTreesLarge,4,AGC_007,3.5,3.262542777777788,0.23745722222221222
fold_state_stratified,G1_agronomic,ExtraTreesLarge,4,AGC_012,4.69,4.532466555555559,0.15753344444444117
fold_state_stratified,G1_agronomic,ExtraTreesLarge,4,AGC_019,3.0,3.092874888888889,-0.09287488888888884
fold_state_stratified,G1_agronomic,ExtraTreesLarge,4,AGC_022,4.55,4.470180444444449,0.07981955555555054
fold_state_stratified,G1_agronomic,ExtraTreesLarge,4,AGC_026,3.55,4.252674555555553,-0.7026745555555536
fold_state_stratified,G1_agronomic,ExtraTreesLarge,4,AGC_041,2.5,2.9675367777777737,-0.4675367777777737
fold_state_stratified,G1_agronomic,ExtraTreesLarge,4,AGC_048,2.5,3.0272836666666656,-0.5272836666666656
fold_state_stratified,G1_agronomic,ExtraTreesLarge,4,AGC_056,5.07,4.6872425555555575,0.3827574444444428
fold_state_stratified,G1_agronomic,ExtraTreesLarge,4,AGC_080,3.5,3.240848555555559,0.25915144444444094
fold_state_stratified,G1_agronomic,ExtraTreesLarge,4,AGC_081,3.7,3.0495394444444544,0.6504605555555458
fold_state_stratified,G1_agronomic,ExtraTreesLarge,4,AGC_099,3.5,3.1354447777777854,0.3645552222222146
fold_state_stratified,G1_agronomic,ExtraTreesLarge,4,AGC_104,4.56,4.3792590000000065,0.18074099999999316
fold_state_stratified,G1_agronomic,ExtraTreesLarge,4,AGC_109,4.54,4.580683444444443,-0.04068344444444261
fold_state_stratified,G1_agronomic,ExtraTreesLarge,4,AGC_115,4.6,4.294728222222216,0.3052717777777838
fold_state_stratified,G1_agronomic,ExtraTreesLarge,4,AGC_122,3.5,2.9609896666666677,0.5390103333333323
fold_state_stratified,G1_agronomic,ExtraTreesLarge,4,AGC_132,4.13,4.45025822222222,-0.3202582222222201
fold_state_stratified,G1_agronomic,ExtraTreesLarge,4,AGC_140,3.2,3.1941828888888795,0.00581711111112071
fold_state_stratified,G1_agronomic,ExtraTreesLarge,4,AGC_144,2.5,3.1213246666666685,-0.6213246666666685
fold_state_stratified,G1_agronomic,ExtraTreesLarge,4,AGC_148,3.0,3.0841015555555473,-0.08410155555554732
fold_state_stratified,G1_agronomic,ExtraTreesLarge,4,AGC_152,4.87,4.488752222222209,0.38124777777779073
fold_state_stratified,G1_agronomic,ExtraTreesLarge,4,AGC_168,4.49,4.419633555555549,0.07036644444445095
fold_state_stratified,G1_agronomic,ExtraTreesLarge,4,AGC_170,3.0,3.0926138888888848,-0.09261388888888478
fold_state_stratified,G1_agronomic,ExtraTreesLarge,4,AGC_171,2.15,4.506876111111111,-2.3568761111111107
fold_state_stratified,G1_agronomic,ExtraTreesLarge,4,AGC_172,5.19,4.684034777777784,0.5059652222222164
fold_state_stratified,G1_agronomic,ExtraTreesLarge,4,AGC_176,4.38,4.4673553333333365,-0.08735533333333656
fold_state_stratified,G1_agronomic,ExtraTreesLarge,4,AGC_178,4.39,4.553479000000006,-0.16347900000000593
fold_state_stratified,G1_agronomic,ExtraTreesLarge,4,AGC_181,4.51,4.434623333333334,0.0753766666666662
fold_state_stratified,G1_agronomic,ExtraTreesLarge,5,AGC_001,3.5,2.909559333333328,0.5904406666666722
fold_state_stratified,G1_agronomic,ExtraTreesLarge,5,AGC_002,4.63,4.366224222222215,0.26377577777778516
fold_state_stratified,G1_agronomic,ExtraTreesLarge,5,AGC_006,4.49,4.376561999999992,0.11343800000000837
fold_state_stratified,G1_agronomic,ExtraTreesLarge,5,AGC_013,4.01,4.41986666666667,-0.4098666666666704
fold_state_stratified,G1_agronomic,ExtraTreesLarge,5,AGC_020,3.5,3.2876843333333334,0.21231566666666657
fold_state_stratified,G1_agronomic,ExtraTreesLarge,5,AGC_034,2.0,3.1875823333333457,-1.1875823333333457
fold_state_stratified,G1_agronomic,ExtraTreesLarge,5,AGC_035,4.68,3.592783888888885,1.0872161111111147
fold_state_stratified,G1_agronomic,ExtraTreesLarge,5,AGC_046,3.0,2.8920205555555514,0.10797944444444862
fold_state_stratified,G1_agronomic,ExtraTreesLarge,5,AGC_057,4.55,5.018157333333338,-0.4681573333333384
fold_state_stratified,G1_agronomic,ExtraTreesLarge,5,AGC_060,4.52,4.844098222222215,-0.32409822222221507
fold_state_stratified,G1_agronomic,ExtraTreesLarge,5,AGC_084,4.54,4.394796999999998,0.1452030000000022
fold_state_stratified,G1_agronomic,ExtraTreesLarge,5,AGC_092,4.57,4.228186777777784,0.3418132222222159
fold_state_stratified,G1_agronomic,ExtraTreesLarge,5,AGC_096,4.59,4.233249444444446,0.35675055555555346
fold_state_stratified,G1_agronomic,ExtraTreesLarge,5,AGC_101,4.57,4.080435888888891,0.4895641111111093
fold_state_stratified,G1_agronomic,ExtraTreesLarge,5,AGC_105,4.41,4.394565777777779,0.015434222222221017
fold_state_stratified,G1_agronomic,ExtraTreesLarge,5,AGC_114,3.0,2.858521111111106,0.14147888888889382
fold_state_stratified,G1_agronomic,ExtraTreesLarge,5,AGC_123,2.5,3.0026042222222187,-0.5026042222222187
fold_state_stratified,G1_agronomic,ExtraTreesLarge,5,AGC_137,4.54,4.58375377777779,-0.043753777777790326
fold_state_stratified,G1_agronomic,ExtraTreesLarge,5,AGC_141,3.5,3.0957205555555585,0.4042794444444415
fold_state_stratified,G1_agronomic,ExtraTreesLarge,5,AGC_146,4.58,4.400149666666655,0.179850333333345
fold_state_stratified,G1_agronomic,ExtraTreesLarge,5,AGC_162,5.59,4.5670755555555616,1.0229244444444383
fold_state_stratified,G1_agronomic,ExtraTreesLarge,5,AGC_169,2.5,2.86760588888889,-0.3676058888888898
fold_state_stratified,G1_agronomic,ExtraTreesLarge,5,AGC_179,4.55,4.604720444444453,-0.05472044444445334
fold_state_stratified,G1_agronomic,ExtraTreesLarge,5,AGC_184,4.47,4.2137477777777645,0.2562522222222352
fold_state_stratified,G1_agronomic,ExtraTreesLarge,5,AGC_185,5.01,4.306145333333331,0.7038546666666692
fold_state_stratified,G1_agronomic,ExtraTreesLarge,5,AGC_189,4.03,3.8864248888888837,0.14357511111111654
fold_state_stratified,G1_agronomic,ExtraTreesLarge,5,AGC_195,3.68,4.39962733333334,-0.7196273333333401
fold_municipality_grouped,G1_agronomic,ExtraTreesLarge,1,AGC_001,3.5,3.0448283333333337,0.4551716666666663
fold_municipality_grouped,G1_agronomic,ExtraTreesLarge,1,AGC_004,3.0,3.753177222222225,-0.753177222222225
fold_municipality_grouped,G1_agronomic,ExtraTreesLarge,1,AGC_019,3.0,3.3469104444444384,-0.3469104444444384
fold_municipality_grouped,G1_agronomic,ExtraTreesLarge,1,AGC_020,3.5,3.701269999999996,-0.20126999999999606
fold_municipality_grouped,G1_agronomic,ExtraTreesLarge,1,AGC_023,3.0,3.59649344444444,-0.5964934444444401
fold_municipality_grouped,G1_agronomic,ExtraTreesLarge,1,AGC_037,3.5,3.753113444444447,-0.25311344444444694
fold_municipality_grouped,G1_agronomic,ExtraTreesLarge,1,AGC_040,3.0,3.674806222222222,-0.6748062222222222
fold_municipality_grouped,G1_agronomic,ExtraTreesLarge,1,AGC_044,3.5,3.653733666666664,-0.153733666666664
fold_municipality_grouped,G1_agronomic,ExtraTreesLarge,1,AGC_046,3.0,3.3749809999999987,-0.3749809999999987
fold_municipality_grouped,G1_agronomic,ExtraTreesLarge,1,AGC_053,3.5,3.720334222222227,-0.2203342222222271
fold_municipality_grouped,G1_agronomic,ExtraTreesLarge,1,AGC_054,2.5,3.1558257777777827,-0.6558257777777827
fold_municipality_grouped,G1_agronomic,ExtraTreesLarge,1,AGC_058,2.5,3.769628666666662,-1.2696286666666619
fold_municipality_grouped,G1_agronomic,ExtraTreesLarge,1,AGC_066,3.0,3.7005006666666658,-0.7005006666666658
fold_municipality_grouped,G1_agronomic,ExtraTreesLarge,1,AGC_068,2.5,3.6920753333333365,-1.1920753333333365
fold_municipality_grouped,G1_agronomic,ExtraTreesLarge,1,AGC_074,2.5,3.2493257777777775,-0.7493257777777775
fold_municipality_grouped,G1_agronomic,ExtraTreesLarge,1,AGC_098,3.0,3.0622326666666657,-0.062232666666665715
fold_municipality_grouped,G1_agronomic,ExtraTreesLarge,1,AGC_099,3.5,3.780207666666668,-0.28020766666666796
fold_municipality_grouped,G1_agronomic,ExtraTreesLarge,1,AGC_103,3.0,3.3644626666666584,-0.3644626666666584
fold_municipality_grouped,G1_agronomic,ExtraTreesLarge,1,AGC_112,3.0,3.6625808888888924,-0.6625808888888924
fold_municipality_grouped,G1_agronomic,ExtraTreesLarge,1,AGC_114,3.0,3.3554237777777756,-0.35542377777777556
fold_municipality_grouped,G1_agronomic,ExtraTreesLarge,1,AGC_117,3.5,3.745500000000001,-0.24550000000000116
fold_municipality_grouped,G1_agronomic,ExtraTreesLarge,1,AGC_122,3.5,3.1411154444444436,0.35888455555555643
fold_municipality_grouped,G1_agronomic,ExtraTreesLarge,1,AGC_123,2.5,2.926785555555564,-0.42678555555556397
fold_municipality_grouped,G1_agronomic,ExtraTreesLarge,1,AGC_138,2.5,3.735306333333339,-1.2353063333333392
fold_municipality_grouped,G1_agronomic,ExtraTreesLarge,1,AGC_141,3.5,3.517475666666672,-0.017475666666672218
fold_municipality_grouped,G1_agronomic,ExtraTreesLarge,1,AGC_144,2.5,3.264597111111109,-0.764597111111109
fold_municipality_grouped,G1_agronomic,ExtraTreesLarge,1,AGC_145,3.5,2.990489666666672,0.5095103333333282
fold_municipality_grouped,G1_agronomic,ExtraTreesLarge,1,AGC_157,3.0,3.5692484444444452,-0.5692484444444452
fold_municipality_grouped,G1_agronomic,ExtraTreesLarge,1,AGC_163,3.0,3.55064877777778,-0.5506487777777802
fold_municipality_grouped,G1_agronomic,ExtraTreesLarge,1,AGC_169,2.5,3.764200555555558,-1.2642005555555582
fold_municipality_grouped,G1_agronomic,ExtraTreesLarge,1,AGC_170,3.0,3.638531999999999,-0.6385319999999992
fold_municipality_grouped,G1_agronomic,ExtraTreesLarge,1,AGC_187,3.0,3.6395566666666666,-0.6395566666666666
fold_municipality_grouped,G1_agronomic,ExtraTreesLarge,1,AGC_196,3.5,3.7125762222222165,-0.2125762222222165
fold_municipality_grouped,G1_agronomic,ExtraTreesLarge,2,AGC_007,3.5,4.281293333333327,-0.781293333333327
fold_municipality_grouped,G1_agronomic,ExtraTreesLarge,2,AGC_034,2.0,4.337586666666703,-2.337586666666703
fold_municipality_grouped,G1_agronomic,ExtraTreesLarge,2,AGC_038,3.3,4.356713333333344,-1.0567133333333443
fold_municipality_grouped,G1_agronomic,ExtraTreesLarge,2,AGC_041,2.5,4.392820000000012,-1.892820000000012
fold_municipality_grouped,G1_agronomic,ExtraTreesLarge,2,AGC_067,3.0,4.270966666666653,-1.270966666666653
fold_municipality_grouped,G1_agronomic,ExtraTreesLarge,2,AGC_070,3.3,4.493026666666687,-1.1930266666666869
fold_municipality_grouped,G1_agronomic,ExtraTreesLarge,2,AGC_078,3.0,4.478473333333337,-1.478473333333337
fold_municipality_grouped,G1_agronomic,ExtraTreesLarge,2,AGC_079,3.3,4.384533333333349,-1.084533333333349
fold_municipality_grouped,G1_agronomic,ExtraTreesLarge,2,AGC_080,3.5,4.270719999999989,-0.7707199999999892
fold_municipality_grouped,G1_agronomic,ExtraTreesLarge,2,AGC_081,3.7,4.433673333333348,-0.733673333333348
fold_municipality_grouped,G1_agronomic,ExtraTreesLarge,2,AGC_089,3.0,4.24521333333333,-1.2452133333333304
fold_municipality_grouped,G1_agronomic,ExtraTreesLarge,2,AGC_121,3.3,4.373513333333337,-1.073513333333337
fold_municipality_grouped,G1_agronomic,ExtraTreesLarge,2,AGC_140,3.2,4.3046066666666505,-1.1046066666666503
fold_municipality_grouped,G1_agronomic,ExtraTreesLarge,2,AGC_148,3.0,4.305106666666666,-1.3051066666666662
fold_municipality_grouped,G1_agronomic,ExtraTreesLarge,2,AGC_166,2.5,4.401660000000007,-1.9016600000000068
fold_municipality_grouped,G1_agronomic,ExtraTreesLarge,2,AGC_194,3.2,4.41938666666669,-1.21938666666669
fold_municipality_grouped,G1_agronomic,ExtraTreesLarge,3,AGC_051,4.45,3.5337666666666556,0.9162333333333446
fold_municipality_grouped,G1_agronomic,ExtraTreesLarge,3,AGC_059,4.41,3.770706666666662,0.6392933333333382
fold_municipality_grouped,G1_agronomic,ExtraTreesLarge,3,AGC_084,4.54,3.8991000000000002,0.6408999999999998
fold_municipality_grouped,G1_agronomic,ExtraTreesLarge,3,AGC_134,4.52,3.4606133333333293,1.0593866666666703
fold_municipality_grouped,G1_agronomic,ExtraTreesLarge,3,AGC_137,4.54,3.7593266666666616,0.7806733333333384
fold_municipality_grouped,G1_agronomic,ExtraTreesLarge,3,AGC_146,4.58,4.160499999999988,0.41950000000001175
fold_municipality_grouped,G1_agronomic,ExtraTreesLarge,3,AGC_151,4.69,3.7460533333333252,0.9439466666666751
fold_municipality_grouped,G1_agronomic,ExtraTreesLarge,3,AGC_152,4.87,3.723619999999993,1.1463800000000073
fold_municipality_grouped,G1_agronomic,ExtraTreesLarge,3,AGC_180,4.14,3.462873333333325,0.6771266666666746
fold_municipality_grouped,G1_agronomic,ExtraTreesLarge,3,AGC_184,4.47,4.130473333333326,0.3395266666666741
fold_municipality_grouped,G1_agronomic,ExtraTreesLarge,4,AGC_002,4.63,4.242999999999997,0.3870000000000031
fold_municipality_grouped,G1_agronomic,ExtraTreesLarge,4,AGC_005,5.16,4.338673333333296,0.8213266666667041
fold_municipality_grouped,G1_agronomic,ExtraTreesLarge,4,AGC_006,4.49,3.9193599999999877,0.5706400000000125
fold_municipality_grouped,G1_agronomic,ExtraTreesLarge,4,AGC_008,4.55,4.074919999999973,0.4750800000000268
fold_municipality_grouped,G1_agronomic,ExtraTreesLarge,4,AGC_010,4.1,4.186946666666641,-0.08694666666664119
fold_municipality_grouped,G1_agronomic,ExtraTreesLarge,4,AGC_012,4.69,4.360053333333317,0.32994666666668326
fold_municipality_grouped,G1_agronomic,ExtraTreesLarge,4,AGC_013,4.01,3.992106666666654,0.01789333333334575
fold_municipality_grouped,G1_agronomic,ExtraTreesLarge,4,AGC_014,4.83,4.328799999999987,0.5012000000000132
fold_municipality_grouped,G1_agronomic,ExtraTreesLarge,4,AGC_015,2.64,4.161379999999991,-1.5213799999999913
fold_municipality_grouped,G1_agronomic,ExtraTreesLarge,4,AGC_017,4.98,4.257033333333323,0.7229666666666779
fold_municipality_grouped,G1_agronomic,ExtraTreesLarge,4,AGC_018,4.49,4.29430666666665,0.1956933333333506
fold_municipality_grouped,G1_agronomic,ExtraTreesLarge,4,AGC_021,4.94,3.997219999999986,0.9427800000000146
fold_municipality_grouped,G1_agronomic,ExtraTreesLarge,4,AGC_022,4.55,3.9689399999999697,0.5810600000000301
fold_municipality_grouped,G1_agronomic,ExtraTreesLarge,4,AGC_024,3.03,4.162553333333303,-1.1325533333333033
fold_municipality_grouped,G1_agronomic,ExtraTreesLarge,4,AGC_026,3.55,4.0664066666666505,-0.5164066666666507
fold_municipality_grouped,G1_agronomic,ExtraTreesLarge,4,AGC_032,4.03,4.0927933333333115,-0.06279333333331127
fold_municipality_grouped,G1_agronomic,ExtraTreesLarge,4,AGC_033,4.47,4.022606666666656,0.44739333333334397
fold_municipality_grouped,G1_agronomic,ExtraTreesLarge,4,AGC_045,4.1,4.300726666666645,-0.20072666666664496
fold_municipality_grouped,G1_agronomic,ExtraTreesLarge,4,AGC_047,4.45,3.847099999999991,0.6029000000000093
fold_municipality_grouped,G1_agronomic,ExtraTreesLarge,4,AGC_049,5.53,4.358753333333326,1.1712466666666739
fold_municipality_grouped,G1_agronomic,ExtraTreesLarge,4,AGC_055,5.45,4.269646666666657,1.1803533333333434
fold_municipality_grouped,G1_agronomic,ExtraTreesLarge,4,AGC_056,5.07,3.976006666666651,1.0939933333333491
fold_municipality_grouped,G1_agronomic,ExtraTreesLarge,4,AGC_057,4.55,4.305673333333314,0.24432666666668545
fold_municipality_grouped,G1_agronomic,ExtraTreesLarge,4,AGC_060,4.52,4.279353333333314,0.24064666666668533
fold_municipality_grouped,G1_agronomic,ExtraTreesLarge,4,AGC_062,3.81,3.812179999999981,-0.002179999999980975
fold_municipality_grouped,G1_agronomic,ExtraTreesLarge,4,AGC_069,5.46,4.217813333333322,1.2421866666666777
fold_municipality_grouped,G1_agronomic,ExtraTreesLarge,4,AGC_072,4.55,4.012459999999982,0.5375400000000177
fold_municipality_grouped,G1_agronomic,ExtraTreesLarge,4,AGC_073,4.3,3.7542399999999816,0.5457600000000182
fold_municipality_grouped,G1_agronomic,ExtraTreesLarge,4,AGC_077,4.76,3.807653333333321,0.9523466666666787
fold_municipality_grouped,G1_agronomic,ExtraTreesLarge,4,AGC_090,4.68,4.236699999999972,0.44330000000002734
fold_municipality_grouped,G1_agronomic,ExtraTreesLarge,4,AGC_092,4.57,3.9636666666666507,0.6063333333333496
fold_municipality_grouped,G1_agronomic,ExtraTreesLarge,4,AGC_096,4.59,3.8184399999999736,0.7715600000000262
fold_municipality_grouped,G1_agronomic,ExtraTreesLarge,4,AGC_097,4.69,3.9699733333333165,0.7200266666666839
fold_municipality_grouped,G1_agronomic,ExtraTreesLarge,4,AGC_100,4.5,4.127493333333308,0.3725066666666921
fold_municipality_grouped,G1_agronomic,ExtraTreesLarge,4,AGC_101,4.57,3.860253333333305,0.7097466666666952
fold_municipality_grouped,G1_agronomic,ExtraTreesLarge,4,AGC_102,4.4,3.887853333333307,0.5121466666666934
fold_municipality_grouped,G1_agronomic,ExtraTreesLarge,4,AGC_104,4.56,4.064213333333304,0.4957866666666959
fold_municipality_grouped,G1_agronomic,ExtraTreesLarge,4,AGC_105,4.41,4.307099999999985,0.10290000000001509
fold_municipality_grouped,G1_agronomic,ExtraTreesLarge,4,AGC_106,4.43,4.04168666666664,0.38831333333336016
fold_municipality_grouped,G1_agronomic,ExtraTreesLarge,4,AGC_108,4.51,4.098179999999983,0.4118200000000165
fold_municipality_grouped,G1_agronomic,ExtraTreesLarge,4,AGC_109,4.54,3.928119999999982,0.611880000000018
fold_municipality_grouped,G1_agronomic,ExtraTreesLarge,4,AGC_110,4.18,4.095279999999975,0.08472000000002478
fold_municipality_grouped,G1_agronomic,ExtraTreesLarge,4,AGC_111,4.72,3.898579999999982,0.8214200000000176
fold_municipality_grouped,G1_agronomic,ExtraTreesLarge,4,AGC_115,4.6,3.7866599999999813,0.8133400000000184
fold_municipality_grouped,G1_agronomic,ExtraTreesLarge,4,AGC_124,5.05,4.259446666666668,0.7905533333333317
fold_municipality_grouped,G1_agronomic,ExtraTreesLarge,4,AGC_125,4.06,4.342939999999973,-0.2829399999999733
fold_municipality_grouped,G1_agronomic,ExtraTreesLarge,4,AGC_127,5.57,4.414613333333292,1.1553866666667085
fold_municipality_grouped,G1_agronomic,ExtraTreesLarge,4,AGC_131,4.89,4.132006666666636,0.7579933333333635
fold_municipality_grouped,G1_agronomic,ExtraTreesLarge,4,AGC_132,4.13,4.042219999999987,0.08778000000001285
fold_municipality_grouped,G1_agronomic,ExtraTreesLarge,4,AGC_133,3.91,4.019546666666652,-0.10954666666665158
fold_municipality_grouped,G1_agronomic,ExtraTreesLarge,4,AGC_135,4.49,3.8540266666666545,0.6359733333333457
fold_municipality_grouped,G1_agronomic,ExtraTreesLarge,4,AGC_139,4.67,3.9198599999999804,0.7501400000000196
fold_municipality_grouped,G1_agronomic,ExtraTreesLarge,4,AGC_150,4.52,4.183259999999973,0.33674000000002646
fold_municipality_grouped,G1_agronomic,ExtraTreesLarge,4,AGC_155,4.52,4.195353333333313,0.32464666666668673
fold_municipality_grouped,G1_agronomic,ExtraTreesLarge,4,AGC_159,4.77,4.300633333333322,0.46936666666667737
fold_municipality_grouped,G1_agronomic,ExtraTreesLarge,4,AGC_160,3.62,4.263586666666658,-0.6435866666666579
fold_municipality_grouped,G1_agronomic,ExtraTreesLarge,4,AGC_161,4.46,4.3186599999999995,0.14134000000000047
fold_municipality_grouped,G1_agronomic,ExtraTreesLarge,4,AGC_162,5.59,3.8656599999999854,1.7243400000000144
fold_municipality_grouped,G1_agronomic,ExtraTreesLarge,4,AGC_164,3.0,2.9919733333333314,0.008026666666668625
fold_municipality_grouped,G1_agronomic,ExtraTreesLarge,4,AGC_165,4.44,3.9290199999999857,0.5109800000000146
fold_municipality_grouped,G1_agronomic,ExtraTreesLarge,4,AGC_167,4.54,4.320819999999993,0.2191800000000068
fold_municipality_grouped,G1_agronomic,ExtraTreesLarge,4,AGC_168,4.49,4.206739999999978,0.2832600000000225
fold_municipality_grouped,G1_agronomic,ExtraTreesLarge,4,AGC_171,2.15,4.035393333333306,-1.885393333333306
fold_municipality_grouped,G1_agronomic,ExtraTreesLarge,4,AGC_172,5.19,4.0733533333333325,1.116646666666668
fold_municipality_grouped,G1_agronomic,ExtraTreesLarge,4,AGC_176,4.38,3.9884133333333134,0.3915866666666865
fold_municipality_grouped,G1_agronomic,ExtraTreesLarge,4,AGC_178,4.39,3.7656933333333145,0.6243066666666852
fold_municipality_grouped,G1_agronomic,ExtraTreesLarge,4,AGC_179,4.55,4.052926666666658,0.4970733333333417
fold_municipality_grouped,G1_agronomic,ExtraTreesLarge,4,AGC_181,4.51,4.071733333333319,0.43826666666668057
fold_municipality_grouped,G1_agronomic,ExtraTreesLarge,4,AGC_185,5.01,4.050099999999972,0.9599000000000277
fold_municipality_grouped,G1_agronomic,ExtraTreesLarge,4,AGC_189,4.03,3.911819999999985,0.11818000000001527
fold_municipality_grouped,G1_agronomic,ExtraTreesLarge,4,AGC_193,4.57,4.008746666666637,0.5612533333333634
fold_municipality_grouped,G1_agronomic,ExtraTreesLarge,4,AGC_195,3.68,3.9419199999999734,-0.2619199999999733
fold_municipality_grouped,G1_agronomic,ExtraTreesLarge,4,AGC_197,4.52,3.8109533333333077,0.7090466666666919
fold_municipality_grouped,G1_agronomic,ExtraTreesLarge,5,AGC_009,4.79,4.3284133333333425,0.4615866666666575
fold_municipality_grouped,G1_agronomic,ExtraTreesLarge,5,AGC_035,4.68,3.8751066666666567,0.804893333333343
fold_municipality_grouped,G1_agronomic,ExtraTreesLarge,5,AGC_048,2.5,3.076606666666666,-0.5766066666666658
fold_municipality_grouped,G1_agronomic,ExtraTreesLarge,5,AGC_064,4.51,4.297246666666666,0.21275333333333357
fold_municipality_grouped,G1_agronomic,ExtraTreesLarge,5,AGC_083,4.61,3.9490200000000057,0.6609799999999946
fold_municipality_grouped,G1_agronomic,ExtraTreesLarge,5,AGC_119,4.4,4.338713333333333,0.0612866666666676
fold_state_stratified,G2_base_agro,ExtraTreesLarge,1,AGC_009,4.79,4.313960000000051,0.4760399999999487
fold_state_stratified,G2_base_agro,ExtraTreesLarge,1,AGC_015,2.64,4.743373333333332,-2.1033733333333315
fold_state_stratified,G2_base_agro,ExtraTreesLarge,1,AGC_017,4.98,4.652359999999996,0.32764000000000415
fold_state_stratified,G2_base_agro,ExtraTreesLarge,1,AGC_032,4.03,4.454906666666691,-0.42490666666669075
fold_state_stratified,G2_base_agro,ExtraTreesLarge,1,AGC_045,4.1,4.529246666666639,-0.42924666666663924
fold_state_stratified,G2_base_agro,ExtraTreesLarge,1,AGC_054,2.5,3.0337799999999993,-0.5337799999999993
fold_state_stratified,G2_base_agro,ExtraTreesLarge,1,AGC_058,2.5,3.2159133333333334,-0.7159133333333334
fold_state_stratified,G2_base_agro,ExtraTreesLarge,1,AGC_068,2.5,3.005466666666666,-0.5054666666666661
fold_state_stratified,G2_base_agro,ExtraTreesLarge,1,AGC_073,4.3,4.231433333333411,0.06856666666658917
fold_state_stratified,G2_base_agro,ExtraTreesLarge,1,AGC_079,3.3,3.1041066666666834,0.19589333333331638
fold_state_stratified,G2_base_agro,ExtraTreesLarge,1,AGC_083,4.61,4.194406666666678,0.41559333333332216
fold_state_stratified,G2_base_agro,ExtraTreesLarge,1,AGC_090,4.68,4.363140000000027,0.3168599999999726
fold_state_stratified,G2_base_agro,ExtraTreesLarge,1,AGC_102,4.4,4.190373333333369,0.20962666666663132
fold_state_stratified,G2_base_agro,ExtraTreesLarge,1,AGC_103,3.0,3.0417533333333315,-0.04175333333333153
fold_state_stratified,G2_base_agro,ExtraTreesLarge,1,AGC_111,4.72,4.490179999999957,0.22982000000004277
fold_state_stratified,G2_base_agro,ExtraTreesLarge,1,AGC_112,3.0,2.9847466666666653,0.015253333333334673
fold_state_stratified,G2_base_agro,ExtraTreesLarge,1,AGC_117,3.5,3.281319999999999,0.21868000000000087
fold_state_stratified,G2_base_agro,ExtraTreesLarge,1,AGC_119,4.4,4.319153333333381,0.080846666666619
fold_state_stratified,G2_base_agro,ExtraTreesLarge,1,AGC_121,3.3,3.1531266666666586,0.14687333333334118
fold_state_stratified,G2_base_agro,ExtraTreesLarge,1,AGC_127,5.57,4.476293333333379,1.0937066666666215
fold_state_stratified,G2_base_agro,ExtraTreesLarge,1,AGC_133,3.91,4.338720000000024,-0.4287200000000242
fold_state_stratified,G2_base_agro,ExtraTreesLarge,1,AGC_139,4.67,4.289473333333399,0.38052666666660073
fold_state_stratified,G2_base_agro,ExtraTreesLarge,1,AGC_159,4.77,4.653286666666665,0.116713333333335
fold_state_stratified,G2_base_agro,ExtraTreesLarge,1,AGC_161,4.46,4.626559999999995,-0.16655999999999516
fold_state_stratified,G2_base_agro,ExtraTreesLarge,1,AGC_164,3.0,3.242326666666664,-0.24232666666666391
fold_state_stratified,G2_base_agro,ExtraTreesLarge,1,AGC_167,4.54,4.596686666666677,-0.056686666666676544
fold_state_stratified,G2_base_agro,ExtraTreesLarge,1,AGC_180,4.14,4.323066666666678,-0.18306666666667848
fold_state_stratified,G2_base_agro,ExtraTreesLarge,1,AGC_187,3.0,3.081339999999998,-0.08133999999999819
fold_state_stratified,G2_base_agro,ExtraTreesLarge,2,AGC_008,4.55,4.345405444444451,0.2045945555555484
fold_state_stratified,G2_base_agro,ExtraTreesLarge,2,AGC_024,3.03,4.2956557777777755,-1.2656557777777757
fold_state_stratified,G2_base_agro,ExtraTreesLarge,2,AGC_033,4.47,4.568456,-0.09845600000000054
fold_state_stratified,G2_base_agro,ExtraTreesLarge,2,AGC_037,3.5,2.813695444444445,0.6863045555555551
fold_state_stratified,G2_base_agro,ExtraTreesLarge,2,AGC_040,3.0,3.069242111111112,-0.06924211111111189
fold_state_stratified,G2_base_agro,ExtraTreesLarge,2,AGC_047,4.45,3.7981686666666707,0.6518313333333294
fold_state_stratified,G2_base_agro,ExtraTreesLarge,2,AGC_049,5.53,4.887266111111107,0.6427338888888929
fold_state_stratified,G2_base_agro,ExtraTreesLarge,2,AGC_053,3.5,3.0966383333333356,0.4033616666666644
fold_state_stratified,G2_base_agro,ExtraTreesLarge,2,AGC_055,5.45,4.657417666666665,0.7925823333333355
fold_state_stratified,G2_base_agro,ExtraTreesLarge,2,AGC_062,3.81,4.443076000000001,-0.6330760000000013
fold_state_stratified,G2_base_agro,ExtraTreesLarge,2,AGC_064,4.51,4.576855222222205,-0.06685522222220541
fold_state_stratified,G2_base_agro,ExtraTreesLarge,2,AGC_078,3.0,3.257464000000019,-0.2574640000000188
fold_state_stratified,G2_base_agro,ExtraTreesLarge,2,AGC_098,3.0,3.0990104444444504,-0.0990104444444504
fold_state_stratified,G2_base_agro,ExtraTreesLarge,2,AGC_100,4.5,4.44723188888889,0.052768111111110017
fold_state_stratified,G2_base_agro,ExtraTreesLarge,2,AGC_108,4.51,4.884753333333327,-0.3747533333333273
fold_state_stratified,G2_base_agro,ExtraTreesLarge,2,AGC_124,5.05,4.773194444444444,0.27680555555555575
fold_state_stratified,G2_base_agro,ExtraTreesLarge,2,AGC_125,4.06,4.3798478888888965,-0.3198478888888969
fold_state_stratified,G2_base_agro,ExtraTreesLarge,2,AGC_131,4.89,4.485907666666667,0.40409233333333283
fold_state_stratified,G2_base_agro,ExtraTreesLarge,2,AGC_134,4.52,4.254144444444445,0.2658555555555546
fold_state_stratified,G2_base_agro,ExtraTreesLarge,2,AGC_135,4.49,4.519439555555561,-0.02943955555556066
fold_state_stratified,G2_base_agro,ExtraTreesLarge,2,AGC_145,3.5,2.953412888888886,0.5465871111111138
fold_state_stratified,G2_base_agro,ExtraTreesLarge,2,AGC_150,4.52,4.3777274444444485,0.14227255555555107
fold_state_stratified,G2_base_agro,ExtraTreesLarge,2,AGC_151,4.69,4.584742111111102,0.10525788888889842
fold_state_stratified,G2_base_agro,ExtraTreesLarge,2,AGC_157,3.0,3.179466888888893,-0.17946688888889284
fold_state_stratified,G2_base_agro,ExtraTreesLarge,2,AGC_160,3.62,4.619185666666653,-0.9991856666666532
fold_state_stratified,G2_base_agro,ExtraTreesLarge,2,AGC_166,2.5,3.1497367777777794,-0.6497367777777794
fold_state_stratified,G2_base_agro,ExtraTreesLarge,2,AGC_193,4.57,4.21641,0.3535900000000005
fold_state_stratified,G2_base_agro,ExtraTreesLarge,2,AGC_194,3.2,3.0469155555555676,0.1530844444444326
fold_state_stratified,G2_base_agro,ExtraTreesLarge,3,AGC_004,3.0,2.893805507936509,0.10619449206349119
fold_state_stratified,G2_base_agro,ExtraTreesLarge,3,AGC_005,5.16,4.443865735718194,0.7161342642818065
fold_state_stratified,G2_base_agro,ExtraTreesLarge,3,AGC_010,4.1,4.1411473514058095,-0.04114735140580983
fold_state_stratified,G2_base_agro,ExtraTreesLarge,3,AGC_014,4.83,4.1325504842035565,0.6974495157964435
fold_state_stratified,G2_base_agro,ExtraTreesLarge,3,AGC_018,4.49,4.364979159997091,0.12502084000290914
fold_state_stratified,G2_base_agro,ExtraTreesLarge,3,AGC_021,4.94,4.678449344675983,0.261550655324017
fold_state_stratified,G2_base_agro,ExtraTreesLarge,3,AGC_023,3.0,3.042474445646944,-0.04247444564694414
fold_state_stratified,G2_base_agro,ExtraTreesLarge,3,AGC_038,3.3,3.06258214431945,0.23741785568054974
fold_state_stratified,G2_base_agro,ExtraTreesLarge,3,AGC_044,3.5,3.1976310317346033,0.3023689682653967
fold_state_stratified,G2_base_agro,ExtraTreesLarge,3,AGC_051,4.45,4.259414743662234,0.19058525633776657
fold_state_stratified,G2_base_agro,ExtraTreesLarge,3,AGC_059,4.41,4.302761686175317,0.1072383138246833
fold_state_stratified,G2_base_agro,ExtraTreesLarge,3,AGC_066,3.0,2.9117170361952853,0.08828296380471468
fold_state_stratified,G2_base_agro,ExtraTreesLarge,3,AGC_067,3.0,3.3452107077552022,-0.34521070775520224
fold_state_stratified,G2_base_agro,ExtraTreesLarge,3,AGC_069,5.46,4.617015691220336,0.8429843087796636
fold_state_stratified,G2_base_agro,ExtraTreesLarge,3,AGC_070,3.3,3.117035995522993,0.1829640044770069
fold_state_stratified,G2_base_agro,ExtraTreesLarge,3,AGC_072,4.55,4.116228480202592,0.4337715197974079
fold_state_stratified,G2_base_agro,ExtraTreesLarge,3,AGC_074,2.5,3.2575619010988994,-0.7575619010988994
fold_state_stratified,G2_base_agro,ExtraTreesLarge,3,AGC_077,4.76,4.273839788053622,0.4861602119463777
fold_state_stratified,G2_base_agro,ExtraTreesLarge,3,AGC_089,3.0,3.146452133940128,-0.1464521339401279
fold_state_stratified,G2_base_agro,ExtraTreesLarge,3,AGC_097,4.69,4.4845313641787445,0.20546863582125585
fold_state_stratified,G2_base_agro,ExtraTreesLarge,3,AGC_106,4.43,4.012720042319926,0.41727995768007364
fold_state_stratified,G2_base_agro,ExtraTreesLarge,3,AGC_110,4.18,4.13289764802733,0.04710235197266943
fold_state_stratified,G2_base_agro,ExtraTreesLarge,3,AGC_138,2.5,3.2116725791245764,-0.7116725791245764
fold_state_stratified,G2_base_agro,ExtraTreesLarge,3,AGC_155,4.52,4.44024521820123,0.07975478179876916
fold_state_stratified,G2_base_agro,ExtraTreesLarge,3,AGC_163,3.0,3.008506495985496,-0.00850649598549591
fold_state_stratified,G2_base_agro,ExtraTreesLarge,3,AGC_165,4.44,4.3213150043612405,0.1186849956387599
fold_state_stratified,G2_base_agro,ExtraTreesLarge,3,AGC_196,3.5,3.585831625917924,-0.08583162591792393
fold_state_stratified,G2_base_agro,ExtraTreesLarge,3,AGC_197,4.52,4.02927547095777,0.49072452904222974
fold_state_stratified,G2_base_agro,ExtraTreesLarge,4,AGC_007,3.5,3.0724289999999987,0.42757100000000126
fold_state_stratified,G2_base_agro,ExtraTreesLarge,4,AGC_012,4.69,4.820738777777783,-0.13073877777778264
fold_state_stratified,G2_base_agro,ExtraTreesLarge,4,AGC_019,3.0,3.022794777777781,-0.02279477777778105
fold_state_stratified,G2_base_agro,ExtraTreesLarge,4,AGC_022,4.55,4.448604666666669,0.10139533333333084
fold_state_stratified,G2_base_agro,ExtraTreesLarge,4,AGC_026,3.55,4.313098333333343,-0.7630983333333434
fold_state_stratified,G2_base_agro,ExtraTreesLarge,4,AGC_041,2.5,2.9450492222222318,-0.44504922222223176
fold_state_stratified,G2_base_agro,ExtraTreesLarge,4,AGC_048,2.5,3.1578770000000005,-0.6578770000000005
fold_state_stratified,G2_base_agro,ExtraTreesLarge,4,AGC_056,5.07,4.805395000000016,0.26460499999998444
fold_state_stratified,G2_base_agro,ExtraTreesLarge,4,AGC_080,3.5,3.1720955555555648,0.32790444444443523
fold_state_stratified,G2_base_agro,ExtraTreesLarge,4,AGC_081,3.7,2.9950931111111156,0.7049068888888845
fold_state_stratified,G2_base_agro,ExtraTreesLarge,4,AGC_099,3.5,3.047369444444448,0.4526305555555519
fold_state_stratified,G2_base_agro,ExtraTreesLarge,4,AGC_104,4.56,4.3652200000000025,0.19477999999999707
fold_state_stratified,G2_base_agro,ExtraTreesLarge,4,AGC_109,4.54,4.587423666666672,-0.047423666666672304
fold_state_stratified,G2_base_agro,ExtraTreesLarge,4,AGC_115,4.6,4.269960444444446,0.33003955555555375
fold_state_stratified,G2_base_agro,ExtraTreesLarge,4,AGC_122,3.5,2.915757777777782,0.5842422222222181
fold_state_stratified,G2_base_agro,ExtraTreesLarge,4,AGC_132,4.13,4.4539212222222275,-0.32392122222222763
fold_state_stratified,G2_base_agro,ExtraTreesLarge,4,AGC_140,3.2,2.9814138888888913,0.21858611111110893
fold_state_stratified,G2_base_agro,ExtraTreesLarge,4,AGC_144,2.5,3.0359590000000036,-0.5359590000000036
fold_state_stratified,G2_base_agro,ExtraTreesLarge,4,AGC_148,3.0,3.048567777777777,-0.0485677777777771
fold_state_stratified,G2_base_agro,ExtraTreesLarge,4,AGC_152,4.87,4.509329111111103,0.3606708888888974
fold_state_stratified,G2_base_agro,ExtraTreesLarge,4,AGC_168,4.49,4.555765333333331,-0.06576533333333057
fold_state_stratified,G2_base_agro,ExtraTreesLarge,4,AGC_170,3.0,3.0367111111111122,-0.03671111111111225
fold_state_stratified,G2_base_agro,ExtraTreesLarge,4,AGC_171,2.15,4.443517000000002,-2.293517000000002
fold_state_stratified,G2_base_agro,ExtraTreesLarge,4,AGC_172,5.19,4.523334666666673,0.6666653333333272
fold_state_stratified,G2_base_agro,ExtraTreesLarge,4,AGC_176,4.38,4.303346333333328,0.0766536666666715
fold_state_stratified,G2_base_agro,ExtraTreesLarge,4,AGC_178,4.39,4.485126111111118,-0.09512611111111813
fold_state_stratified,G2_base_agro,ExtraTreesLarge,4,AGC_181,4.51,4.471901666666672,0.038098333333327794
fold_state_stratified,G2_base_agro,ExtraTreesLarge,5,AGC_001,3.5,2.91482836594692,0.5851716340530801
fold_state_stratified,G2_base_agro,ExtraTreesLarge,5,AGC_002,4.63,4.380412790492739,0.24958720950726132
fold_state_stratified,G2_base_agro,ExtraTreesLarge,5,AGC_006,4.49,4.361272820388317,0.12872717961168334
fold_state_stratified,G2_base_agro,ExtraTreesLarge,5,AGC_013,4.01,4.314433277876687,-0.3044332778766874
fold_state_stratified,G2_base_agro,ExtraTreesLarge,5,AGC_020,3.5,3.283097763507072,0.21690223649292806
fold_state_stratified,G2_base_agro,ExtraTreesLarge,5,AGC_034,2.0,3.157524106108178,-1.1575241061081778
fold_state_stratified,G2_base_agro,ExtraTreesLarge,5,AGC_035,4.68,3.79597592816673,0.8840240718332697
fold_state_stratified,G2_base_agro,ExtraTreesLarge,5,AGC_046,3.0,3.0268967021477553,-0.026896702147755303
fold_state_stratified,G2_base_agro,ExtraTreesLarge,5,AGC_057,4.55,4.935240785205687,-0.3852407852056876
fold_state_stratified,G2_base_agro,ExtraTreesLarge,5,AGC_060,4.52,4.97162150249662,-0.4516215024966206
fold_state_stratified,G2_base_agro,ExtraTreesLarge,5,AGC_084,4.54,4.480278681591001,0.0597213184089993
fold_state_stratified,G2_base_agro,ExtraTreesLarge,5,AGC_092,4.57,4.468364183700937,0.10163581629906293
fold_state_stratified,G2_base_agro,ExtraTreesLarge,5,AGC_096,4.59,4.20622384929336,0.3837761507066402
fold_state_stratified,G2_base_agro,ExtraTreesLarge,5,AGC_101,4.57,4.045927543970008,0.5240724560299919
fold_state_stratified,G2_base_agro,ExtraTreesLarge,5,AGC_105,4.41,4.3704114220236185,0.0395885779763816
fold_state_stratified,G2_base_agro,ExtraTreesLarge,5,AGC_114,3.0,2.894235416858966,0.10576458314103387
fold_state_stratified,G2_base_agro,ExtraTreesLarge,5,AGC_123,2.5,2.993743088616405,-0.49374308861640515
fold_state_stratified,G2_base_agro,ExtraTreesLarge,5,AGC_137,4.54,4.48940048192102,0.05059951807897978
fold_state_stratified,G2_base_agro,ExtraTreesLarge,5,AGC_141,3.5,2.9934139074642254,0.5065860925357746
fold_state_stratified,G2_base_agro,ExtraTreesLarge,5,AGC_146,4.58,4.469350970454509,0.11064902954549094
fold_state_stratified,G2_base_agro,ExtraTreesLarge,5,AGC_162,5.59,4.668096504173463,0.9219034958265366
fold_state_stratified,G2_base_agro,ExtraTreesLarge,5,AGC_169,2.5,3.0242918531079055,-0.5242918531079055
fold_state_stratified,G2_base_agro,ExtraTreesLarge,5,AGC_179,4.55,4.6033470713157305,-0.05334707131573069
fold_state_stratified,G2_base_agro,ExtraTreesLarge,5,AGC_184,4.47,4.282330898568465,0.1876691014315348
fold_state_stratified,G2_base_agro,ExtraTreesLarge,5,AGC_185,5.01,4.437275136702719,0.5727248632972808
fold_state_stratified,G2_base_agro,ExtraTreesLarge,5,AGC_189,4.03,4.2876490864910135,-0.25764908649101326
fold_state_stratified,G2_base_agro,ExtraTreesLarge,5,AGC_195,3.68,4.350725917621639,-0.6707259176216387
fold_municipality_grouped,G2_base_agro,ExtraTreesLarge,1,AGC_001,3.5,3.309212333333338,0.19078766666666214
fold_municipality_grouped,G2_base_agro,ExtraTreesLarge,1,AGC_004,3.0,3.623053333333331,-0.6230533333333308
fold_municipality_grouped,G2_base_agro,ExtraTreesLarge,1,AGC_019,3.0,3.3769201111111076,-0.37692011111110757
fold_municipality_grouped,G2_base_agro,ExtraTreesLarge,1,AGC_020,3.5,3.598656777777775,-0.09865677777777515
fold_municipality_grouped,G2_base_agro,ExtraTreesLarge,1,AGC_023,3.0,3.5107267777777653,-0.5107267777777653
fold_municipality_grouped,G2_base_agro,ExtraTreesLarge,1,AGC_037,3.5,3.714982333333331,-0.21498233333333117
fold_municipality_grouped,G2_base_agro,ExtraTreesLarge,1,AGC_040,3.0,3.642802666666665,-0.6428026666666651
fold_municipality_grouped,G2_base_agro,ExtraTreesLarge,1,AGC_044,3.5,3.5836672222222186,-0.08366722222221856
fold_municipality_grouped,G2_base_agro,ExtraTreesLarge,1,AGC_046,3.0,3.4321353333333313,-0.4321353333333313
fold_municipality_grouped,G2_base_agro,ExtraTreesLarge,1,AGC_053,3.5,3.6325287777777744,-0.1325287777777744
fold_municipality_grouped,G2_base_agro,ExtraTreesLarge,1,AGC_054,2.5,3.239817555555563,-0.7398175555555628
fold_municipality_grouped,G2_base_agro,ExtraTreesLarge,1,AGC_058,2.5,3.662563777777769,-1.1625637777777689
fold_municipality_grouped,G2_base_agro,ExtraTreesLarge,1,AGC_066,3.0,3.557748222222219,-0.557748222222219
fold_municipality_grouped,G2_base_agro,ExtraTreesLarge,1,AGC_068,2.5,3.661033999999995,-1.161033999999995
fold_municipality_grouped,G2_base_agro,ExtraTreesLarge,1,AGC_074,2.5,3.5010784444444396,-1.0010784444444396
fold_municipality_grouped,G2_base_agro,ExtraTreesLarge,1,AGC_098,3.0,3.337224444444453,-0.3372244444444532
fold_municipality_grouped,G2_base_agro,ExtraTreesLarge,1,AGC_099,3.5,3.7591549999999914,-0.25915499999999136
fold_municipality_grouped,G2_base_agro,ExtraTreesLarge,1,AGC_103,3.0,3.3800868888888864,-0.3800868888888864
fold_municipality_grouped,G2_base_agro,ExtraTreesLarge,1,AGC_112,3.0,3.650534666666656,-0.650534666666656
fold_municipality_grouped,G2_base_agro,ExtraTreesLarge,1,AGC_114,3.0,3.3891527777777832,-0.38915277777778323
fold_municipality_grouped,G2_base_agro,ExtraTreesLarge,1,AGC_117,3.5,3.712053111111108,-0.21205311111110792
fold_municipality_grouped,G2_base_agro,ExtraTreesLarge,1,AGC_122,3.5,3.354055444444449,0.14594455555555097
fold_municipality_grouped,G2_base_agro,ExtraTreesLarge,1,AGC_123,2.5,3.2119206666666757,-0.7119206666666757
fold_municipality_grouped,G2_base_agro,ExtraTreesLarge,1,AGC_138,2.5,3.7283359999999917,-1.2283359999999917
fold_municipality_grouped,G2_base_agro,ExtraTreesLarge,1,AGC_141,3.5,3.498911444444447,0.0010885555555528725
fold_municipality_grouped,G2_base_agro,ExtraTreesLarge,1,AGC_144,2.5,3.3383734444444473,-0.8383734444444473
fold_municipality_grouped,G2_base_agro,ExtraTreesLarge,1,AGC_145,3.5,3.278103333333345,0.22189666666665486
fold_municipality_grouped,G2_base_agro,ExtraTreesLarge,1,AGC_157,3.0,3.5430933333333274,-0.5430933333333274
fold_municipality_grouped,G2_base_agro,ExtraTreesLarge,1,AGC_163,3.0,3.5122465555555524,-0.5122465555555524
fold_municipality_grouped,G2_base_agro,ExtraTreesLarge,1,AGC_169,2.5,3.6695751111111017,-1.1695751111111017
fold_municipality_grouped,G2_base_agro,ExtraTreesLarge,1,AGC_170,3.0,3.6183022222222117,-0.6183022222222117
fold_municipality_grouped,G2_base_agro,ExtraTreesLarge,1,AGC_187,3.0,3.5507781111111076,-0.5507781111111076
fold_municipality_grouped,G2_base_agro,ExtraTreesLarge,1,AGC_196,3.5,3.6547513333333312,-0.15475133333333124
fold_municipality_grouped,G2_base_agro,ExtraTreesLarge,2,AGC_007,3.5,4.246269333333338,-0.7462693333333377
fold_municipality_grouped,G2_base_agro,ExtraTreesLarge,2,AGC_034,2.0,4.308731222222229,-2.308731222222229
fold_municipality_grouped,G2_base_agro,ExtraTreesLarge,2,AGC_038,3.3,4.369244444444445,-1.069244444444445
fold_municipality_grouped,G2_base_agro,ExtraTreesLarge,2,AGC_041,2.5,4.382666111111118,-1.882666111111118
fold_municipality_grouped,G2_base_agro,ExtraTreesLarge,2,AGC_067,3.0,4.4832806666666665,-1.4832806666666665
fold_municipality_grouped,G2_base_agro,ExtraTreesLarge,2,AGC_070,3.3,4.453421777777775,-1.1534217777777753
fold_municipality_grouped,G2_base_agro,ExtraTreesLarge,2,AGC_078,3.0,4.370345111111116,-1.3703451111111162
fold_municipality_grouped,G2_base_agro,ExtraTreesLarge,2,AGC_079,3.3,4.333484666666672,-1.0334846666666726
fold_municipality_grouped,G2_base_agro,ExtraTreesLarge,2,AGC_080,3.5,4.241191777777775,-0.7411917777777752
fold_municipality_grouped,G2_base_agro,ExtraTreesLarge,2,AGC_081,3.7,4.4594017777777815,-0.7594017777777813
fold_municipality_grouped,G2_base_agro,ExtraTreesLarge,2,AGC_089,3.0,4.304474444444452,-1.3044744444444518
fold_municipality_grouped,G2_base_agro,ExtraTreesLarge,2,AGC_121,3.3,4.363209666666676,-1.0632096666666762
fold_municipality_grouped,G2_base_agro,ExtraTreesLarge,2,AGC_140,3.2,4.320584666666664,-1.1205846666666641
fold_municipality_grouped,G2_base_agro,ExtraTreesLarge,2,AGC_148,3.0,4.339537333333342,-1.3395373333333422
fold_municipality_grouped,G2_base_agro,ExtraTreesLarge,2,AGC_166,2.5,4.437988111111117,-1.9379881111111166
fold_municipality_grouped,G2_base_agro,ExtraTreesLarge,2,AGC_194,3.2,4.464002444444453,-1.2640024444444524
fold_municipality_grouped,G2_base_agro,ExtraTreesLarge,3,AGC_051,4.45,3.335538271274083,1.1144617287259173
fold_municipality_grouped,G2_base_agro,ExtraTreesLarge,3,AGC_059,4.41,3.543387788357047,0.8666122116429533
fold_municipality_grouped,G2_base_agro,ExtraTreesLarge,3,AGC_084,4.54,3.560706071531737,0.9792939284682629
fold_municipality_grouped,G2_base_agro,ExtraTreesLarge,3,AGC_134,4.52,3.40862654012596,1.1113734598740397
fold_municipality_grouped,G2_base_agro,ExtraTreesLarge,3,AGC_137,4.54,3.561183026543744,0.9788169734562562
fold_municipality_grouped,G2_base_agro,ExtraTreesLarge,3,AGC_146,4.58,3.731918201219721,0.8480817987802789
fold_municipality_grouped,G2_base_agro,ExtraTreesLarge,3,AGC_151,4.69,3.7183849956912605,0.9716150043087399
fold_municipality_grouped,G2_base_agro,ExtraTreesLarge,3,AGC_152,4.87,3.4680218244117964,1.4019781755882037
fold_municipality_grouped,G2_base_agro,ExtraTreesLarge,3,AGC_180,4.14,3.3205468974589474,0.8194531025410523
fold_municipality_grouped,G2_base_agro,ExtraTreesLarge,3,AGC_184,4.47,3.6300851254776445,0.8399148745223552
fold_municipality_grouped,G2_base_agro,ExtraTreesLarge,4,AGC_002,4.63,4.087633333333328,0.5423666666666715
fold_municipality_grouped,G2_base_agro,ExtraTreesLarge,4,AGC_005,5.16,4.185853333333313,0.9741466666666874
fold_municipality_grouped,G2_base_agro,ExtraTreesLarge,4,AGC_006,4.49,3.661573333333328,0.8284266666666724
fold_municipality_grouped,G2_base_agro,ExtraTreesLarge,4,AGC_008,4.55,3.9703066666666578,0.579693333333342
fold_municipality_grouped,G2_base_agro,ExtraTreesLarge,4,AGC_010,4.1,3.926833333333318,0.17316666666668157
fold_municipality_grouped,G2_base_agro,ExtraTreesLarge,4,AGC_012,4.69,4.1178866666666565,0.5721133333333439
fold_municipality_grouped,G2_base_agro,ExtraTreesLarge,4,AGC_013,4.01,3.7652466666666613,0.24475333333333849
fold_municipality_grouped,G2_base_agro,ExtraTreesLarge,4,AGC_014,4.83,4.195013333333319,0.6349866666666815
fold_municipality_grouped,G2_base_agro,ExtraTreesLarge,4,AGC_015,2.64,4.010073333333332,-1.3700733333333317
fold_municipality_grouped,G2_base_agro,ExtraTreesLarge,4,AGC_017,4.98,4.043080000000004,0.9369199999999962
fold_municipality_grouped,G2_base_agro,ExtraTreesLarge,4,AGC_018,4.49,4.124399999999979,0.365600000000021
fold_municipality_grouped,G2_base_agro,ExtraTreesLarge,4,AGC_021,4.94,3.7650199999999994,1.174980000000001
fold_municipality_grouped,G2_base_agro,ExtraTreesLarge,4,AGC_022,4.55,3.8992799999999868,0.6507200000000131
fold_municipality_grouped,G2_base_agro,ExtraTreesLarge,4,AGC_024,3.03,3.9044599999999834,-0.8744599999999836
fold_municipality_grouped,G2_base_agro,ExtraTreesLarge,4,AGC_026,3.55,3.925273333333328,-0.375273333333328
fold_municipality_grouped,G2_base_agro,ExtraTreesLarge,4,AGC_032,4.03,3.930119999999982,0.0998800000000184
fold_municipality_grouped,G2_base_agro,ExtraTreesLarge,4,AGC_033,4.47,3.7701000000000002,0.6998999999999995
fold_municipality_grouped,G2_base_agro,ExtraTreesLarge,4,AGC_045,4.1,4.149633333333309,-0.04963333333330944
fold_municipality_grouped,G2_base_agro,ExtraTreesLarge,4,AGC_047,4.45,3.73859333333333,0.7114066666666701
fold_municipality_grouped,G2_base_agro,ExtraTreesLarge,4,AGC_049,5.53,4.128293333333327,1.4017066666666729
fold_municipality_grouped,G2_base_agro,ExtraTreesLarge,4,AGC_055,5.45,4.107026666666672,1.3429733333333278
fold_municipality_grouped,G2_base_agro,ExtraTreesLarge,4,AGC_056,5.07,3.735286666666661,1.3347133333333394
fold_municipality_grouped,G2_base_agro,ExtraTreesLarge,4,AGC_057,4.55,4.105186666666656,0.44481333333334394
fold_municipality_grouped,G2_base_agro,ExtraTreesLarge,4,AGC_060,4.52,4.126933333333331,0.3930666666666687
fold_municipality_grouped,G2_base_agro,ExtraTreesLarge,4,AGC_062,3.81,3.7860399999999856,0.023960000000014414
fold_municipality_grouped,G2_base_agro,ExtraTreesLarge,4,AGC_069,5.46,4.084433333333328,1.3755666666666722
fold_municipality_grouped,G2_base_agro,ExtraTreesLarge,4,AGC_072,4.55,3.656879999999996,0.8931200000000037
fold_municipality_grouped,G2_base_agro,ExtraTreesLarge,4,AGC_073,4.3,3.7583266666666555,0.5416733333333443
fold_municipality_grouped,G2_base_agro,ExtraTreesLarge,4,AGC_077,4.76,3.6580399999999935,1.1019600000000063
fold_municipality_grouped,G2_base_agro,ExtraTreesLarge,4,AGC_090,4.68,4.179266666666645,0.500733333333355
fold_municipality_grouped,G2_base_agro,ExtraTreesLarge,4,AGC_092,4.57,3.7752266666666645,0.7947733333333358
fold_municipality_grouped,G2_base_agro,ExtraTreesLarge,4,AGC_096,4.59,3.727513333333327,0.8624866666666731
fold_municipality_grouped,G2_base_agro,ExtraTreesLarge,4,AGC_097,4.69,3.7815933333333294,0.908406666666671
fold_municipality_grouped,G2_base_agro,ExtraTreesLarge,4,AGC_100,4.5,4.011493333333319,0.4885066666666811
fold_municipality_grouped,G2_base_agro,ExtraTreesLarge,4,AGC_101,4.57,3.7800266666666635,0.7899733333333367
fold_municipality_grouped,G2_base_agro,ExtraTreesLarge,4,AGC_102,4.4,4.05961333333331,0.3403866666666904
fold_municipality_grouped,G2_base_agro,ExtraTreesLarge,4,AGC_104,4.56,3.9673399999999903,0.5926600000000093
fold_municipality_grouped,G2_base_agro,ExtraTreesLarge,4,AGC_105,4.41,4.039506666666654,0.37049333333334644
fold_municipality_grouped,G2_base_agro,ExtraTreesLarge,4,AGC_106,4.43,3.8978266666666563,0.5321733333333434
fold_municipality_grouped,G2_base_agro,ExtraTreesLarge,4,AGC_108,4.51,3.8404866666666595,0.6695133333333403
fold_municipality_grouped,G2_base_agro,ExtraTreesLarge,4,AGC_109,4.54,3.768226666666663,0.771773333333337
fold_municipality_grouped,G2_base_agro,ExtraTreesLarge,4,AGC_110,4.18,3.982073333333326,0.1979266666666737
fold_municipality_grouped,G2_base_agro,ExtraTreesLarge,4,AGC_111,4.72,3.683626666666662,1.0363733333333376
fold_municipality_grouped,G2_base_agro,ExtraTreesLarge,4,AGC_115,4.6,3.765193333333317,0.8348066666666827
fold_municipality_grouped,G2_base_agro,ExtraTreesLarge,4,AGC_124,5.05,4.125633333333334,0.9243666666666659
fold_municipality_grouped,G2_base_agro,ExtraTreesLarge,4,AGC_125,4.06,4.193313333333315,-0.13331333333331497
fold_municipality_grouped,G2_base_agro,ExtraTreesLarge,4,AGC_127,5.57,4.304719999999976,1.2652800000000246
fold_municipality_grouped,G2_base_agro,ExtraTreesLarge,4,AGC_131,4.89,4.11698666666664,0.7730133333333598
fold_municipality_grouped,G2_base_agro,ExtraTreesLarge,4,AGC_132,4.13,3.781739999999996,0.3482600000000038
fold_municipality_grouped,G2_base_agro,ExtraTreesLarge,4,AGC_133,3.91,3.8141866666666524,0.09581333333334774
fold_municipality_grouped,G2_base_agro,ExtraTreesLarge,4,AGC_135,4.49,3.634379999999996,0.855620000000004
fold_municipality_grouped,G2_base_agro,ExtraTreesLarge,4,AGC_139,4.67,3.9502999999999853,0.7197000000000147
fold_municipality_grouped,G2_base_agro,ExtraTreesLarge,4,AGC_150,4.52,4.090666666666649,0.4293333333333509
fold_municipality_grouped,G2_base_agro,ExtraTreesLarge,4,AGC_155,4.52,4.134006666666659,0.3859933333333405
fold_municipality_grouped,G2_base_agro,ExtraTreesLarge,4,AGC_159,4.77,4.087199999999992,0.6828000000000074
fold_municipality_grouped,G2_base_agro,ExtraTreesLarge,4,AGC_160,3.62,4.09603999999999,-0.4760399999999896
fold_municipality_grouped,G2_base_agro,ExtraTreesLarge,4,AGC_161,4.46,4.1110000000000015,0.3489999999999984
fold_municipality_grouped,G2_base_agro,ExtraTreesLarge,4,AGC_162,5.59,3.681459999999997,1.908540000000003
fold_municipality_grouped,G2_base_agro,ExtraTreesLarge,4,AGC_164,3.0,3.239219999999995,-0.2392199999999951
fold_municipality_grouped,G2_base_agro,ExtraTreesLarge,4,AGC_165,4.44,3.6844599999999956,0.7555400000000048
fold_municipality_grouped,G2_base_agro,ExtraTreesLarge,4,AGC_167,4.54,4.10678666666666,0.4332133333333399
fold_municipality_grouped,G2_base_agro,ExtraTreesLarge,4,AGC_168,4.49,4.134899999999976,0.3551000000000242
fold_municipality_grouped,G2_base_agro,ExtraTreesLarge,4,AGC_171,2.15,3.8822666666666525,-1.7322666666666526
fold_municipality_grouped,G2_base_agro,ExtraTreesLarge,4,AGC_172,5.19,3.848273333333325,1.3417266666666752
fold_municipality_grouped,G2_base_agro,ExtraTreesLarge,4,AGC_176,4.38,3.7429133333333304,0.6370866666666695
fold_municipality_grouped,G2_base_agro,ExtraTreesLarge,4,AGC_178,4.39,3.721393333333323,0.6686066666666766
fold_municipality_grouped,G2_base_agro,ExtraTreesLarge,4,AGC_179,4.55,3.883019999999996,0.6669800000000037
fold_municipality_grouped,G2_base_agro,ExtraTreesLarge,4,AGC_181,4.51,4.008526666666654,0.5014733333333456
fold_municipality_grouped,G2_base_agro,ExtraTreesLarge,4,AGC_185,5.01,4.119259999999979,0.8907400000000205
fold_municipality_grouped,G2_base_agro,ExtraTreesLarge,4,AGC_189,4.03,3.9701533333333217,0.059846666666678594
fold_municipality_grouped,G2_base_agro,ExtraTreesLarge,4,AGC_193,4.57,3.808953333333319,0.7610466666666813
fold_municipality_grouped,G2_base_agro,ExtraTreesLarge,4,AGC_195,3.68,3.8560799999999915,-0.17607999999999135
fold_municipality_grouped,G2_base_agro,ExtraTreesLarge,4,AGC_197,4.52,3.774319999999994,0.7456800000000054
fold_municipality_grouped,G2_base_agro,ExtraTreesLarge,5,AGC_009,4.79,3.968262499038836,0.8217375009611638
fold_municipality_grouped,G2_base_agro,ExtraTreesLarge,5,AGC_035,4.68,3.4311689219507864,1.2488310780492133
fold_municipality_grouped,G2_base_agro,ExtraTreesLarge,5,AGC_048,2.5,3.4189160742070364,-0.9189160742070364
fold_municipality_grouped,G2_base_agro,ExtraTreesLarge,5,AGC_064,4.51,3.9759241289919363,0.5340758710080635
fold_municipality_grouped,G2_base_agro,ExtraTreesLarge,5,AGC_083,4.61,3.815741129534327,0.7942588704656734
fold_municipality_grouped,G2_base_agro,ExtraTreesLarge,5,AGC_119,4.4,3.964911472839872,0.43508852716012836
fold_state_stratified,G3_all_deterministic,ExtraTreesLarge,1,AGC_009,4.79,4.460138217798192,0.3298617822018084
fold_state_stratified,G3_all_deterministic,ExtraTreesLarge,1,AGC_015,2.64,4.656527083894676,-2.0165270838946756
fold_state_stratified,G3_all_deterministic,ExtraTreesLarge,1,AGC_017,4.98,4.581980270108849,0.39801972989115164
fold_state_stratified,G3_all_deterministic,ExtraTreesLarge,1,AGC_032,4.03,4.665005170035408,-0.6350051700354076
fold_state_stratified,G3_all_deterministic,ExtraTreesLarge,1,AGC_045,4.1,4.64322948545775,-0.5432294854577506
fold_state_stratified,G3_all_deterministic,ExtraTreesLarge,1,AGC_054,2.5,2.982814752514029,-0.48281475251402917
fold_state_stratified,G3_all_deterministic,ExtraTreesLarge,1,AGC_058,2.5,3.2823876968761105,-0.7823876968761105
fold_state_stratified,G3_all_deterministic,ExtraTreesLarge,1,AGC_068,2.5,3.0430796381994885,-0.5430796381994885
fold_state_stratified,G3_all_deterministic,ExtraTreesLarge,1,AGC_073,4.3,4.255936114246885,0.04406388575311482
fold_state_stratified,G3_all_deterministic,ExtraTreesLarge,1,AGC_079,3.3,3.1668500840717035,0.13314991592829628
fold_state_stratified,G3_all_deterministic,ExtraTreesLarge,1,AGC_083,4.61,4.171129306321519,0.4388706936784814
fold_state_stratified,G3_all_deterministic,ExtraTreesLarge,1,AGC_090,4.68,4.380191933515846,0.2998080664841538
fold_state_stratified,G3_all_deterministic,ExtraTreesLarge,1,AGC_102,4.4,4.184681756903068,0.2153182430969327
fold_state_stratified,G3_all_deterministic,ExtraTreesLarge,1,AGC_103,3.0,3.0682205663113424,-0.06822056631134243
fold_state_stratified,G3_all_deterministic,ExtraTreesLarge,1,AGC_111,4.72,4.420629188010168,0.2993708119898315
fold_state_stratified,G3_all_deterministic,ExtraTreesLarge,1,AGC_112,3.0,2.9511514177148332,0.04884858228516675
fold_state_stratified,G3_all_deterministic,ExtraTreesLarge,1,AGC_117,3.5,3.3463918045832153,0.15360819541678472
fold_state_stratified,G3_all_deterministic,ExtraTreesLarge,1,AGC_119,4.4,4.318437184113123,0.08156281588687708
fold_state_stratified,G3_all_deterministic,ExtraTreesLarge,1,AGC_121,3.3,3.152535541724814,0.14746445827518562
fold_state_stratified,G3_all_deterministic,ExtraTreesLarge,1,AGC_127,5.57,4.667882501265027,0.9021174987349729
fold_state_stratified,G3_all_deterministic,ExtraTreesLarge,1,AGC_133,3.91,4.395417470229679,-0.4854174702296792
fold_state_stratified,G3_all_deterministic,ExtraTreesLarge,1,AGC_139,4.67,4.2593294302504825,0.41067056974951743
fold_state_stratified,G3_all_deterministic,ExtraTreesLarge,1,AGC_159,4.77,4.484817308738479,0.28518269126152074
fold_state_stratified,G3_all_deterministic,ExtraTreesLarge,1,AGC_161,4.46,4.506806185699063,-0.04680618569906336
fold_state_stratified,G3_all_deterministic,ExtraTreesLarge,1,AGC_164,3.0,3.531381466041915,-0.5313814660419149
fold_state_stratified,G3_all_deterministic,ExtraTreesLarge,1,AGC_167,4.54,4.572090261950472,-0.032090261950472154
fold_state_stratified,G3_all_deterministic,ExtraTreesLarge,1,AGC_180,4.14,4.3838165741385975,-0.2438165741385978
fold_state_stratified,G3_all_deterministic,ExtraTreesLarge,1,AGC_187,3.0,3.010116749357052,-0.01011674935705198
fold_state_stratified,G3_all_deterministic,ExtraTreesLarge,2,AGC_008,4.55,4.35444888888889,0.19555111111110968
fold_state_stratified,G3_all_deterministic,ExtraTreesLarge,2,AGC_024,3.03,4.309012222222223,-1.279012222222223
fold_state_stratified,G3_all_deterministic,ExtraTreesLarge,2,AGC_033,4.47,4.545674222222217,-0.07567422222221687
fold_state_stratified,G3_all_deterministic,ExtraTreesLarge,2,AGC_037,3.5,2.7454836666666744,0.7545163333333256
fold_state_stratified,G3_all_deterministic,ExtraTreesLarge,2,AGC_040,3.0,3.0742562222222247,-0.07425622222222472
fold_state_stratified,G3_all_deterministic,ExtraTreesLarge,2,AGC_047,4.45,3.809010444444443,0.6409895555555574
fold_state_stratified,G3_all_deterministic,ExtraTreesLarge,2,AGC_049,5.53,4.89184655555555,0.6381534444444501
fold_state_stratified,G3_all_deterministic,ExtraTreesLarge,2,AGC_053,3.5,3.1540745555555634,0.3459254444444366
fold_state_stratified,G3_all_deterministic,ExtraTreesLarge,2,AGC_055,5.45,4.588625999999986,0.8613740000000139
fold_state_stratified,G3_all_deterministic,ExtraTreesLarge,2,AGC_062,3.81,4.390664888888892,-0.5806648888888923
fold_state_stratified,G3_all_deterministic,ExtraTreesLarge,2,AGC_064,4.51,4.599137888888881,-0.08913788888888163
fold_state_stratified,G3_all_deterministic,ExtraTreesLarge,2,AGC_078,3.0,3.274929111111126,-0.27492911111112583
fold_state_stratified,G3_all_deterministic,ExtraTreesLarge,2,AGC_098,3.0,3.085546111111112,-0.08554611111111221
fold_state_stratified,G3_all_deterministic,ExtraTreesLarge,2,AGC_100,4.5,4.368175222222212,0.1318247777777879
fold_state_stratified,G3_all_deterministic,ExtraTreesLarge,2,AGC_108,4.51,4.915941999999984,-0.4059419999999845
fold_state_stratified,G3_all_deterministic,ExtraTreesLarge,2,AGC_124,5.05,4.7701595555555505,0.27984044444444933
fold_state_stratified,G3_all_deterministic,ExtraTreesLarge,2,AGC_125,4.06,4.4115369999999965,-0.3515369999999969
fold_state_stratified,G3_all_deterministic,ExtraTreesLarge,2,AGC_131,4.89,4.512833777777775,0.3771662222222245
fold_state_stratified,G3_all_deterministic,ExtraTreesLarge,2,AGC_134,4.52,4.214096666666661,0.3059033333333385
fold_state_stratified,G3_all_deterministic,ExtraTreesLarge,2,AGC_135,4.49,4.540615555555552,-0.05061555555555142
fold_state_stratified,G3_all_deterministic,ExtraTreesLarge,2,AGC_145,3.5,2.97603666666667,0.52396333333333
fold_state_stratified,G3_all_deterministic,ExtraTreesLarge,2,AGC_150,4.52,4.444983777777783,0.07501622222221638
fold_state_stratified,G3_all_deterministic,ExtraTreesLarge,2,AGC_151,4.69,4.567873333333326,0.12212666666667449
fold_state_stratified,G3_all_deterministic,ExtraTreesLarge,2,AGC_157,3.0,3.1924415555555563,-0.1924415555555563
fold_state_stratified,G3_all_deterministic,ExtraTreesLarge,2,AGC_160,3.62,4.640281888888881,-1.0202818888888805
fold_state_stratified,G3_all_deterministic,ExtraTreesLarge,2,AGC_166,2.5,3.215186222222232,-0.7151862222222318
fold_state_stratified,G3_all_deterministic,ExtraTreesLarge,2,AGC_193,4.57,4.295843888888892,0.2741561111111084
fold_state_stratified,G3_all_deterministic,ExtraTreesLarge,2,AGC_194,3.2,2.9849384444444533,0.21506155555554685
fold_state_stratified,G3_all_deterministic,ExtraTreesLarge,3,AGC_004,3.0,2.956042777777784,0.043957222222215986
fold_state_stratified,G3_all_deterministic,ExtraTreesLarge,3,AGC_005,5.16,4.253355666666674,0.9066443333333263
fold_state_stratified,G3_all_deterministic,ExtraTreesLarge,3,AGC_010,4.1,4.265819777777783,-0.16581977777778345
fold_state_stratified,G3_all_deterministic,ExtraTreesLarge,3,AGC_014,4.83,4.154589444444452,0.6754105555555476
fold_state_stratified,G3_all_deterministic,ExtraTreesLarge,3,AGC_018,4.49,4.254310444444447,0.23568955555555338
fold_state_stratified,G3_all_deterministic,ExtraTreesLarge,3,AGC_021,4.94,4.641792222222215,0.29820777777778495
fold_state_stratified,G3_all_deterministic,ExtraTreesLarge,3,AGC_023,3.0,3.0781400000000008,-0.07814000000000076
fold_state_stratified,G3_all_deterministic,ExtraTreesLarge,3,AGC_038,3.3,3.055561222222222,0.2444387777777779
fold_state_stratified,G3_all_deterministic,ExtraTreesLarge,3,AGC_044,3.5,3.1703474444444475,0.3296525555555525
fold_state_stratified,G3_all_deterministic,ExtraTreesLarge,3,AGC_051,4.45,4.158564666666673,0.29143533333332705
fold_state_stratified,G3_all_deterministic,ExtraTreesLarge,3,AGC_059,4.41,4.315969222222219,0.0940307777777809
fold_state_stratified,G3_all_deterministic,ExtraTreesLarge,3,AGC_066,3.0,2.9696568888888892,0.030343111111110765
fold_state_stratified,G3_all_deterministic,ExtraTreesLarge,3,AGC_067,3.0,3.3230994444444413,-0.3230994444444413
fold_state_stratified,G3_all_deterministic,ExtraTreesLarge,3,AGC_069,5.46,4.539852222222221,0.9201477777777791
fold_state_stratified,G3_all_deterministic,ExtraTreesLarge,3,AGC_070,3.3,3.1258218888888916,0.17417811111110826
fold_state_stratified,G3_all_deterministic,ExtraTreesLarge,3,AGC_072,4.55,4.1432589999999925,0.40674100000000735
fold_state_stratified,G3_all_deterministic,ExtraTreesLarge,3,AGC_074,2.5,3.2910481111111163,-0.7910481111111163
fold_state_stratified,G3_all_deterministic,ExtraTreesLarge,3,AGC_077,4.76,4.27746066666667,0.4825393333333299
fold_state_stratified,G3_all_deterministic,ExtraTreesLarge,3,AGC_089,3.0,3.1380794444444424,-0.13807944444444242
fold_state_stratified,G3_all_deterministic,ExtraTreesLarge,3,AGC_097,4.69,4.50954577777777,0.18045422222223007
fold_state_stratified,G3_all_deterministic,ExtraTreesLarge,3,AGC_106,4.43,4.109334000000004,0.3206659999999957
fold_state_stratified,G3_all_deterministic,ExtraTreesLarge,3,AGC_110,4.18,4.157172888888886,0.022827111111113574
fold_state_stratified,G3_all_deterministic,ExtraTreesLarge,3,AGC_138,2.5,3.1864929999999996,-0.6864929999999996
fold_state_stratified,G3_all_deterministic,ExtraTreesLarge,3,AGC_155,4.52,4.429405888888887,0.0905941111111126
fold_state_stratified,G3_all_deterministic,ExtraTreesLarge,3,AGC_163,3.0,2.9962290000000023,0.0037709999999977484
fold_state_stratified,G3_all_deterministic,ExtraTreesLarge,3,AGC_165,4.44,4.325086777777781,0.11491322222221978
fold_state_stratified,G3_all_deterministic,ExtraTreesLarge,3,AGC_196,3.5,3.502105000000002,-0.002105000000002022
fold_state_stratified,G3_all_deterministic,ExtraTreesLarge,3,AGC_197,4.52,4.2004234444444535,0.3195765555555461
fold_state_stratified,G3_all_deterministic,ExtraTreesLarge,4,AGC_007,3.5,3.062894555555555,0.4371054444444451
fold_state_stratified,G3_all_deterministic,ExtraTreesLarge,4,AGC_012,4.69,4.7461110000000115,-0.056111000000011124
fold_state_stratified,G3_all_deterministic,ExtraTreesLarge,4,AGC_019,3.0,3.0647015555555517,-0.06470155555555168
fold_state_stratified,G3_all_deterministic,ExtraTreesLarge,4,AGC_022,4.55,4.44248888888889,0.10751111111111022
fold_state_stratified,G3_all_deterministic,ExtraTreesLarge,4,AGC_026,3.55,4.256209000000005,-0.7062090000000047
fold_state_stratified,G3_all_deterministic,ExtraTreesLarge,4,AGC_041,2.5,2.9510882222222237,-0.45108822222222367
fold_state_stratified,G3_all_deterministic,ExtraTreesLarge,4,AGC_048,2.5,3.1110083333333316,-0.6110083333333316
fold_state_stratified,G3_all_deterministic,ExtraTreesLarge,4,AGC_056,5.07,4.72452611111112,0.34547388888888
fold_state_stratified,G3_all_deterministic,ExtraTreesLarge,4,AGC_080,3.5,3.1580446666666777,0.3419553333333223
fold_state_stratified,G3_all_deterministic,ExtraTreesLarge,4,AGC_081,3.7,3.0239338888888883,0.6760661111111119
fold_state_stratified,G3_all_deterministic,ExtraTreesLarge,4,AGC_099,3.5,2.9895057777777816,0.5104942222222184
fold_state_stratified,G3_all_deterministic,ExtraTreesLarge,4,AGC_104,4.56,4.395605000000002,0.16439499999999718
fold_state_stratified,G3_all_deterministic,ExtraTreesLarge,4,AGC_109,4.54,4.56677333333334,-0.026773333333339977
fold_state_stratified,G3_all_deterministic,ExtraTreesLarge,4,AGC_115,4.6,4.29846677777778,0.30153322222221934
fold_state_stratified,G3_all_deterministic,ExtraTreesLarge,4,AGC_122,3.5,2.9369421111111085,0.5630578888888915
fold_state_stratified,G3_all_deterministic,ExtraTreesLarge,4,AGC_132,4.13,4.462536222222224,-0.3325362222222239
fold_state_stratified,G3_all_deterministic,ExtraTreesLarge,4,AGC_140,3.2,3.046719999999996,0.15328000000000408
fold_state_stratified,G3_all_deterministic,ExtraTreesLarge,4,AGC_144,2.5,3.0751849999999945,-0.5751849999999945
fold_state_stratified,G3_all_deterministic,ExtraTreesLarge,4,AGC_148,3.0,3.0516298888888844,-0.05162988888888442
fold_state_stratified,G3_all_deterministic,ExtraTreesLarge,4,AGC_152,4.87,4.480732000000005,0.38926799999999506
fold_state_stratified,G3_all_deterministic,ExtraTreesLarge,4,AGC_168,4.49,4.469463000000002,0.02053699999999825
fold_state_stratified,G3_all_deterministic,ExtraTreesLarge,4,AGC_170,3.0,3.0298926666666643,-0.029892666666664347
fold_state_stratified,G3_all_deterministic,ExtraTreesLarge,4,AGC_171,2.15,4.485010000000002,-2.335010000000002
fold_state_stratified,G3_all_deterministic,ExtraTreesLarge,4,AGC_172,5.19,4.512259888888891,0.6777401111111097
fold_state_stratified,G3_all_deterministic,ExtraTreesLarge,4,AGC_176,4.38,4.321299000000006,0.0587009999999939
fold_state_stratified,G3_all_deterministic,ExtraTreesLarge,4,AGC_178,4.39,4.454867444444453,-0.06486744444445325
fold_state_stratified,G3_all_deterministic,ExtraTreesLarge,4,AGC_181,4.51,4.525610222222217,-0.015610222222217196
fold_state_stratified,G3_all_deterministic,ExtraTreesLarge,5,AGC_001,3.5,2.9236064729344684,0.5763935270655316
fold_state_stratified,G3_all_deterministic,ExtraTreesLarge,5,AGC_002,4.63,4.364357320029219,0.2656426799707807
fold_state_stratified,G3_all_deterministic,ExtraTreesLarge,5,AGC_006,4.49,4.174823503326137,0.31517649667386305
fold_state_stratified,G3_all_deterministic,ExtraTreesLarge,5,AGC_013,4.01,4.327872387780729,-0.3178723877807288
fold_state_stratified,G3_all_deterministic,ExtraTreesLarge,5,AGC_020,3.5,3.2898258789195878,0.21017412108041222
fold_state_stratified,G3_all_deterministic,ExtraTreesLarge,5,AGC_034,2.0,3.202173748062602,-1.2021737480626018
fold_state_stratified,G3_all_deterministic,ExtraTreesLarge,5,AGC_035,4.68,3.813295101174138,0.8667048988258617
fold_state_stratified,G3_all_deterministic,ExtraTreesLarge,5,AGC_046,3.0,2.948508612830523,0.05149138716947688
fold_state_stratified,G3_all_deterministic,ExtraTreesLarge,5,AGC_057,4.55,4.971606647300338,-0.42160664730033837
fold_state_stratified,G3_all_deterministic,ExtraTreesLarge,5,AGC_060,4.52,5.007689558653433,-0.48768955865343333
fold_state_stratified,G3_all_deterministic,ExtraTreesLarge,5,AGC_084,4.54,4.494611884721372,0.045388115278628405
fold_state_stratified,G3_all_deterministic,ExtraTreesLarge,5,AGC_092,4.57,4.485787859994211,0.08421214000578914
fold_state_stratified,G3_all_deterministic,ExtraTreesLarge,5,AGC_096,4.59,4.24766351716403,0.34233648283596985
fold_state_stratified,G3_all_deterministic,ExtraTreesLarge,5,AGC_101,4.57,4.10076493961832,0.4692350603816804
fold_state_stratified,G3_all_deterministic,ExtraTreesLarge,5,AGC_105,4.41,4.355127424773707,0.05487257522629285
fold_state_stratified,G3_all_deterministic,ExtraTreesLarge,5,AGC_114,3.0,2.887223001257996,0.11277699874200398
fold_state_stratified,G3_all_deterministic,ExtraTreesLarge,5,AGC_123,2.5,3.0062512956857947,-0.5062512956857947
fold_state_stratified,G3_all_deterministic,ExtraTreesLarge,5,AGC_137,4.54,4.532389799705783,0.007610200294217329
fold_state_stratified,G3_all_deterministic,ExtraTreesLarge,5,AGC_141,3.5,3.054384735253853,0.4456152647461469
fold_state_stratified,G3_all_deterministic,ExtraTreesLarge,5,AGC_146,4.58,4.474415442841263,0.10558455715873727
fold_state_stratified,G3_all_deterministic,ExtraTreesLarge,5,AGC_162,5.59,4.69503508616515,0.8949649138348494
fold_state_stratified,G3_all_deterministic,ExtraTreesLarge,5,AGC_169,2.5,3.0136828321852427,-0.5136828321852427
fold_state_stratified,G3_all_deterministic,ExtraTreesLarge,5,AGC_179,4.55,4.613111818764327,-0.06311181876432759
fold_state_stratified,G3_all_deterministic,ExtraTreesLarge,5,AGC_184,4.47,4.316785824217006,0.15321417578299368
fold_state_stratified,G3_all_deterministic,ExtraTreesLarge,5,AGC_185,5.01,4.4643721116732555,0.5456278883267442
fold_state_stratified,G3_all_deterministic,ExtraTreesLarge,5,AGC_189,4.03,4.277718823172476,-0.24771882317247584
fold_state_stratified,G3_all_deterministic,ExtraTreesLarge,5,AGC_195,3.68,4.387543174390946,-0.7075431743909459
fold_municipality_grouped,G3_all_deterministic,ExtraTreesLarge,1,AGC_001,3.5,3.33695533333334,0.16304466666665984
fold_municipality_grouped,G3_all_deterministic,ExtraTreesLarge,1,AGC_004,3.0,3.6875297777777782,-0.6875297777777782
fold_municipality_grouped,G3_all_deterministic,ExtraTreesLarge,1,AGC_019,3.0,3.360359444444445,-0.3603594444444451
fold_municipality_grouped,G3_all_deterministic,ExtraTreesLarge,1,AGC_020,3.5,3.5206062222222143,-0.02060622222221431
fold_municipality_grouped,G3_all_deterministic,ExtraTreesLarge,1,AGC_023,3.0,3.4536362222222152,-0.4536362222222152
fold_municipality_grouped,G3_all_deterministic,ExtraTreesLarge,1,AGC_037,3.5,3.7261335555555486,-0.2261335555555486
fold_municipality_grouped,G3_all_deterministic,ExtraTreesLarge,1,AGC_040,3.0,3.547362333333328,-0.5473623333333282
fold_municipality_grouped,G3_all_deterministic,ExtraTreesLarge,1,AGC_044,3.5,3.501724666666659,-0.0017246666666590471
fold_municipality_grouped,G3_all_deterministic,ExtraTreesLarge,1,AGC_046,3.0,3.4791653333333294,-0.47916533333332945
fold_municipality_grouped,G3_all_deterministic,ExtraTreesLarge,1,AGC_053,3.5,3.6712961111111078,-0.17129611111110776
fold_municipality_grouped,G3_all_deterministic,ExtraTreesLarge,1,AGC_054,2.5,3.2729202222222296,-0.7729202222222296
fold_municipality_grouped,G3_all_deterministic,ExtraTreesLarge,1,AGC_058,2.5,3.7302235555555527,-1.2302235555555527
fold_municipality_grouped,G3_all_deterministic,ExtraTreesLarge,1,AGC_066,3.0,3.4860765555555493,-0.4860765555555493
fold_municipality_grouped,G3_all_deterministic,ExtraTreesLarge,1,AGC_068,2.5,3.6326719999999915,-1.1326719999999915
fold_municipality_grouped,G3_all_deterministic,ExtraTreesLarge,1,AGC_074,2.5,3.493299888888887,-0.9932998888888869
fold_municipality_grouped,G3_all_deterministic,ExtraTreesLarge,1,AGC_098,3.0,3.377413666666671,-0.377413666666671
fold_municipality_grouped,G3_all_deterministic,ExtraTreesLarge,1,AGC_099,3.5,3.7014452222222194,-0.2014452222222194
fold_municipality_grouped,G3_all_deterministic,ExtraTreesLarge,1,AGC_103,3.0,3.388632555555556,-0.3886325555555561
fold_municipality_grouped,G3_all_deterministic,ExtraTreesLarge,1,AGC_112,3.0,3.5480174444444432,-0.5480174444444432
fold_municipality_grouped,G3_all_deterministic,ExtraTreesLarge,1,AGC_114,3.0,3.421350777777776,-0.42135077777777585
fold_municipality_grouped,G3_all_deterministic,ExtraTreesLarge,1,AGC_117,3.5,3.715262777777775,-0.21526277777777514
fold_municipality_grouped,G3_all_deterministic,ExtraTreesLarge,1,AGC_122,3.5,3.3147113333333356,0.18528866666666444
fold_municipality_grouped,G3_all_deterministic,ExtraTreesLarge,1,AGC_123,2.5,3.2196908888888967,-0.7196908888888967
fold_municipality_grouped,G3_all_deterministic,ExtraTreesLarge,1,AGC_138,2.5,3.758548555555545,-1.258548555555545
fold_municipality_grouped,G3_all_deterministic,ExtraTreesLarge,1,AGC_141,3.5,3.5298868888888895,-0.029886888888889462
fold_municipality_grouped,G3_all_deterministic,ExtraTreesLarge,1,AGC_144,2.5,3.3380611111111125,-0.8380611111111125
fold_municipality_grouped,G3_all_deterministic,ExtraTreesLarge,1,AGC_145,3.5,3.245094666666672,0.254905333333328
fold_municipality_grouped,G3_all_deterministic,ExtraTreesLarge,1,AGC_157,3.0,3.6275079999999957,-0.6275079999999957
fold_municipality_grouped,G3_all_deterministic,ExtraTreesLarge,1,AGC_163,3.0,3.5256194444444415,-0.5256194444444415
fold_municipality_grouped,G3_all_deterministic,ExtraTreesLarge,1,AGC_169,2.5,3.5918016666666652,-1.0918016666666652
fold_municipality_grouped,G3_all_deterministic,ExtraTreesLarge,1,AGC_170,3.0,3.601745777777772,-0.6017457777777722
fold_municipality_grouped,G3_all_deterministic,ExtraTreesLarge,1,AGC_187,3.0,3.4906523333333275,-0.4906523333333275
fold_municipality_grouped,G3_all_deterministic,ExtraTreesLarge,1,AGC_196,3.5,3.592917777777775,-0.09291777777777499
fold_municipality_grouped,G3_all_deterministic,ExtraTreesLarge,2,AGC_007,3.5,4.258739333333337,-0.7587393333333372
fold_municipality_grouped,G3_all_deterministic,ExtraTreesLarge,2,AGC_034,2.0,4.331941666666674,-2.3319416666666744
fold_municipality_grouped,G3_all_deterministic,ExtraTreesLarge,2,AGC_038,3.3,4.386161888888891,-1.086161888888891
fold_municipality_grouped,G3_all_deterministic,ExtraTreesLarge,2,AGC_041,2.5,4.428890555555555,-1.9288905555555553
fold_municipality_grouped,G3_all_deterministic,ExtraTreesLarge,2,AGC_067,3.0,4.480022111111119,-1.4800221111111194
fold_municipality_grouped,G3_all_deterministic,ExtraTreesLarge,2,AGC_070,3.3,4.4505482222222295,-1.1505482222222296
fold_municipality_grouped,G3_all_deterministic,ExtraTreesLarge,2,AGC_078,3.0,4.41920522222223,-1.4192052222222298
fold_municipality_grouped,G3_all_deterministic,ExtraTreesLarge,2,AGC_079,3.3,4.402531,-1.102531
fold_municipality_grouped,G3_all_deterministic,ExtraTreesLarge,2,AGC_080,3.5,4.274989666666671,-0.7749896666666709
fold_municipality_grouped,G3_all_deterministic,ExtraTreesLarge,2,AGC_081,3.7,4.472670111111114,-0.7726701111111138
fold_municipality_grouped,G3_all_deterministic,ExtraTreesLarge,2,AGC_089,3.0,4.309186333333335,-1.3091863333333347
fold_municipality_grouped,G3_all_deterministic,ExtraTreesLarge,2,AGC_121,3.3,4.391089222222227,-1.0910892222222275
fold_municipality_grouped,G3_all_deterministic,ExtraTreesLarge,2,AGC_140,3.2,4.2865214444444515,-1.0865214444444513
fold_municipality_grouped,G3_all_deterministic,ExtraTreesLarge,2,AGC_148,3.0,4.379214777777785,-1.3792147777777846
fold_municipality_grouped,G3_all_deterministic,ExtraTreesLarge,2,AGC_166,2.5,4.449039666666675,-1.9490396666666747
fold_municipality_grouped,G3_all_deterministic,ExtraTreesLarge,2,AGC_194,3.2,4.45306277777778,-1.2530627777777799
fold_municipality_grouped,G3_all_deterministic,ExtraTreesLarge,3,AGC_051,4.45,3.300525274092539,1.1494747259074614
fold_municipality_grouped,G3_all_deterministic,ExtraTreesLarge,3,AGC_059,4.41,3.457734247388456,0.9522657526115443
fold_municipality_grouped,G3_all_deterministic,ExtraTreesLarge,3,AGC_084,4.54,3.5343693998003105,1.0056306001996895
fold_municipality_grouped,G3_all_deterministic,ExtraTreesLarge,3,AGC_134,4.52,3.3266796126953575,1.193320387304642
fold_municipality_grouped,G3_all_deterministic,ExtraTreesLarge,3,AGC_137,4.54,3.4853199508281603,1.0546800491718398
fold_municipality_grouped,G3_all_deterministic,ExtraTreesLarge,3,AGC_146,4.58,3.666019207332315,0.9139807926676853
fold_municipality_grouped,G3_all_deterministic,ExtraTreesLarge,3,AGC_151,4.69,3.614168618468604,1.0758313815313962
fold_municipality_grouped,G3_all_deterministic,ExtraTreesLarge,3,AGC_152,4.87,3.4237610378703205,1.4462389621296796
fold_municipality_grouped,G3_all_deterministic,ExtraTreesLarge,3,AGC_180,4.14,3.269228126360413,0.8707718736395869
fold_municipality_grouped,G3_all_deterministic,ExtraTreesLarge,3,AGC_184,4.47,3.5492514255523013,0.9207485744476984
fold_municipality_grouped,G3_all_deterministic,ExtraTreesLarge,4,AGC_002,4.63,4.020339999999992,0.6096600000000079
fold_municipality_grouped,G3_all_deterministic,ExtraTreesLarge,4,AGC_005,5.16,4.121246666666646,1.0387533333333545
fold_municipality_grouped,G3_all_deterministic,ExtraTreesLarge,4,AGC_006,4.49,3.6533933333333324,0.8366066666666678
fold_municipality_grouped,G3_all_deterministic,ExtraTreesLarge,4,AGC_008,4.55,3.883619999999991,0.6663800000000086
fold_municipality_grouped,G3_all_deterministic,ExtraTreesLarge,4,AGC_010,4.1,3.872786666666657,0.2272133333333426
fold_municipality_grouped,G3_all_deterministic,ExtraTreesLarge,4,AGC_012,4.69,4.081566666666666,0.608433333333334
fold_municipality_grouped,G3_all_deterministic,ExtraTreesLarge,4,AGC_013,4.01,3.711586666666667,0.298413333333333
fold_municipality_grouped,G3_all_deterministic,ExtraTreesLarge,4,AGC_014,4.83,4.183746666666663,0.6462533333333367
fold_municipality_grouped,G3_all_deterministic,ExtraTreesLarge,4,AGC_015,2.64,3.9522799999999934,-1.3122799999999932
fold_municipality_grouped,G3_all_deterministic,ExtraTreesLarge,4,AGC_017,4.98,4.0326200000000005,0.9473799999999999
fold_municipality_grouped,G3_all_deterministic,ExtraTreesLarge,4,AGC_018,4.49,4.087173333333323,0.40282666666667755
fold_municipality_grouped,G3_all_deterministic,ExtraTreesLarge,4,AGC_021,4.94,3.6785199999999865,1.261480000000014
fold_municipality_grouped,G3_all_deterministic,ExtraTreesLarge,4,AGC_022,4.55,3.806739999999991,0.7432600000000087
fold_municipality_grouped,G3_all_deterministic,ExtraTreesLarge,4,AGC_024,3.03,3.8285333333333202,-0.7985333333333204
fold_municipality_grouped,G3_all_deterministic,ExtraTreesLarge,4,AGC_026,3.55,3.900139999999992,-0.3501399999999921
fold_municipality_grouped,G3_all_deterministic,ExtraTreesLarge,4,AGC_032,4.03,3.9041266666666536,0.1258733333333466
fold_municipality_grouped,G3_all_deterministic,ExtraTreesLarge,4,AGC_033,4.47,3.710013333333328,0.7599866666666717
fold_municipality_grouped,G3_all_deterministic,ExtraTreesLarge,4,AGC_045,4.1,4.092973333333323,0.0070266666666762845
fold_municipality_grouped,G3_all_deterministic,ExtraTreesLarge,4,AGC_047,4.45,3.7259599999999935,0.7240400000000067
fold_municipality_grouped,G3_all_deterministic,ExtraTreesLarge,4,AGC_049,5.53,4.071899999999999,1.4581000000000008
fold_municipality_grouped,G3_all_deterministic,ExtraTreesLarge,4,AGC_055,5.45,4.128366666666659,1.3216333333333408
fold_municipality_grouped,G3_all_deterministic,ExtraTreesLarge,4,AGC_056,5.07,3.7647466666666562,1.305253333333344
fold_municipality_grouped,G3_all_deterministic,ExtraTreesLarge,4,AGC_057,4.55,4.0704333333333285,0.47956666666667136
fold_municipality_grouped,G3_all_deterministic,ExtraTreesLarge,4,AGC_060,4.52,4.114546666666656,0.40545333333334366
fold_municipality_grouped,G3_all_deterministic,ExtraTreesLarge,4,AGC_062,3.81,3.720753333333319,0.08924666666668113
fold_municipality_grouped,G3_all_deterministic,ExtraTreesLarge,4,AGC_069,5.46,4.0251066666666615,1.4348933333333385
fold_municipality_grouped,G3_all_deterministic,ExtraTreesLarge,4,AGC_072,4.55,3.645319999999992,0.9046800000000079
fold_municipality_grouped,G3_all_deterministic,ExtraTreesLarge,4,AGC_073,4.3,3.7200133333333207,0.5799866666666791
fold_municipality_grouped,G3_all_deterministic,ExtraTreesLarge,4,AGC_077,4.76,3.572806666666658,1.187193333333342
fold_municipality_grouped,G3_all_deterministic,ExtraTreesLarge,4,AGC_090,4.68,4.119686666666649,0.560313333333351
fold_municipality_grouped,G3_all_deterministic,ExtraTreesLarge,4,AGC_092,4.57,3.7342066666666596,0.8357933333333407
fold_municipality_grouped,G3_all_deterministic,ExtraTreesLarge,4,AGC_096,4.59,3.64317999999999,0.94682000000001
fold_municipality_grouped,G3_all_deterministic,ExtraTreesLarge,4,AGC_097,4.69,3.708526666666654,0.9814733333333465
fold_municipality_grouped,G3_all_deterministic,ExtraTreesLarge,4,AGC_100,4.5,3.9220533333333236,0.5779466666666764
fold_municipality_grouped,G3_all_deterministic,ExtraTreesLarge,4,AGC_101,4.57,3.712733333333327,0.8572666666666735
fold_municipality_grouped,G3_all_deterministic,ExtraTreesLarge,4,AGC_102,4.4,4.001639999999978,0.3983600000000225
fold_municipality_grouped,G3_all_deterministic,ExtraTreesLarge,4,AGC_104,4.56,3.9041799999999935,0.6558200000000061
fold_municipality_grouped,G3_all_deterministic,ExtraTreesLarge,4,AGC_105,4.41,3.9488733333333235,0.4611266666666767
fold_municipality_grouped,G3_all_deterministic,ExtraTreesLarge,4,AGC_106,4.43,3.8319799999999917,0.598020000000008
fold_municipality_grouped,G3_all_deterministic,ExtraTreesLarge,4,AGC_108,4.51,3.862979999999992,0.6470200000000079
fold_municipality_grouped,G3_all_deterministic,ExtraTreesLarge,4,AGC_109,4.54,3.720026666666651,0.819973333333349
fold_municipality_grouped,G3_all_deterministic,ExtraTreesLarge,4,AGC_110,4.18,3.8831133333333274,0.2968866666666723
fold_municipality_grouped,G3_all_deterministic,ExtraTreesLarge,4,AGC_111,4.72,3.598206666666657,1.121793333333343
fold_municipality_grouped,G3_all_deterministic,ExtraTreesLarge,4,AGC_115,4.6,3.6908999999999845,0.9091000000000151
fold_municipality_grouped,G3_all_deterministic,ExtraTreesLarge,4,AGC_124,5.05,4.131826666666662,0.9181733333333382
fold_municipality_grouped,G3_all_deterministic,ExtraTreesLarge,4,AGC_125,4.06,4.129473333333331,-0.06947333333333106
fold_municipality_grouped,G3_all_deterministic,ExtraTreesLarge,4,AGC_127,5.57,4.332459999999975,1.237540000000025
fold_municipality_grouped,G3_all_deterministic,ExtraTreesLarge,4,AGC_131,4.89,4.042539999999982,0.8474600000000176
fold_municipality_grouped,G3_all_deterministic,ExtraTreesLarge,4,AGC_132,4.13,3.755066666666666,0.3749333333333338
fold_municipality_grouped,G3_all_deterministic,ExtraTreesLarge,4,AGC_133,3.91,3.726426666666656,0.18357333333334402
fold_municipality_grouped,G3_all_deterministic,ExtraTreesLarge,4,AGC_135,4.49,3.574413333333325,0.9155866666666754
fold_municipality_grouped,G3_all_deterministic,ExtraTreesLarge,4,AGC_139,4.67,3.8500199999999793,0.8199800000000206
fold_municipality_grouped,G3_all_deterministic,ExtraTreesLarge,4,AGC_150,4.52,4.032386666666654,0.48761333333334544
fold_municipality_grouped,G3_all_deterministic,ExtraTreesLarge,4,AGC_155,4.52,4.086653333333319,0.4333466666666803
fold_municipality_grouped,G3_all_deterministic,ExtraTreesLarge,4,AGC_159,4.77,4.018566666666655,0.7514333333333445
fold_municipality_grouped,G3_all_deterministic,ExtraTreesLarge,4,AGC_160,3.62,4.070213333333321,-0.4502133333333207
fold_municipality_grouped,G3_all_deterministic,ExtraTreesLarge,4,AGC_161,4.46,4.080440000000004,0.3795599999999961
fold_municipality_grouped,G3_all_deterministic,ExtraTreesLarge,4,AGC_162,5.59,3.628753333333326,1.961246666666674
fold_municipality_grouped,G3_all_deterministic,ExtraTreesLarge,4,AGC_164,3.0,3.2293799999999937,-0.2293799999999937
fold_municipality_grouped,G3_all_deterministic,ExtraTreesLarge,4,AGC_165,4.44,3.6545466666666586,0.7854533333333418
fold_municipality_grouped,G3_all_deterministic,ExtraTreesLarge,4,AGC_167,4.54,4.082126666666658,0.45787333333334246
fold_municipality_grouped,G3_all_deterministic,ExtraTreesLarge,4,AGC_168,4.49,4.069413333333313,0.4205866666666873
fold_municipality_grouped,G3_all_deterministic,ExtraTreesLarge,4,AGC_171,2.15,3.806859999999991,-1.6568599999999911
fold_municipality_grouped,G3_all_deterministic,ExtraTreesLarge,4,AGC_172,5.19,3.8448866666666603,1.34511333333334
fold_municipality_grouped,G3_all_deterministic,ExtraTreesLarge,4,AGC_176,4.38,3.77201333333333,0.6079866666666698
fold_municipality_grouped,G3_all_deterministic,ExtraTreesLarge,4,AGC_178,4.39,3.6624933333333267,0.727506666666673
fold_municipality_grouped,G3_all_deterministic,ExtraTreesLarge,4,AGC_179,4.55,3.8467599999999904,0.7032400000000094
fold_municipality_grouped,G3_all_deterministic,ExtraTreesLarge,4,AGC_181,4.51,3.9775199999999926,0.5324800000000072
fold_municipality_grouped,G3_all_deterministic,ExtraTreesLarge,4,AGC_185,5.01,4.058499999999983,0.9515000000000171
fold_municipality_grouped,G3_all_deterministic,ExtraTreesLarge,4,AGC_189,4.03,3.950746666666654,0.07925333333334628
fold_municipality_grouped,G3_all_deterministic,ExtraTreesLarge,4,AGC_193,4.57,3.7405133333333196,0.8294866666666807
fold_municipality_grouped,G3_all_deterministic,ExtraTreesLarge,4,AGC_195,3.68,3.7633933333333243,-0.0833933333333241
fold_municipality_grouped,G3_all_deterministic,ExtraTreesLarge,4,AGC_197,4.52,3.699986666666656,0.8200133333333435
fold_municipality_grouped,G3_all_deterministic,ExtraTreesLarge,5,AGC_009,4.79,3.9819447511440953,0.8080552488559047
fold_municipality_grouped,G3_all_deterministic,ExtraTreesLarge,5,AGC_035,4.68,3.365174301633605,1.3148256983663948
fold_municipality_grouped,G3_all_deterministic,ExtraTreesLarge,5,AGC_048,2.5,3.4048115196770117,-0.9048115196770117
fold_municipality_grouped,G3_all_deterministic,ExtraTreesLarge,5,AGC_064,4.51,3.9833406974937566,0.5266593025062432
fold_municipality_grouped,G3_all_deterministic,ExtraTreesLarge,5,AGC_083,4.61,3.7967563388119814,0.8132436611880189
fold_municipality_grouped,G3_all_deterministic,ExtraTreesLarge,5,AGC_119,4.4,3.9422751446195345,0.4577248553804658
fold_state_stratified,G1_agronomic,HistGBLarge,1,AGC_009,4.79,4.648421902091822,0.14157809790817844
fold_state_stratified,G1_agronomic,HistGBLarge,1,AGC_015,2.64,4.732413863017075,-2.0924138630170748
fold_state_stratified,G1_agronomic,HistGBLarge,1,AGC_017,4.98,4.580521988418444,0.3994780115815564
fold_state_stratified,G1_agronomic,HistGBLarge,1,AGC_032,4.03,4.862758338317858,-0.8327583383178574
fold_state_stratified,G1_agronomic,HistGBLarge,1,AGC_045,4.1,4.442682613553691,-0.34268261355369134
fold_state_stratified,G1_agronomic,HistGBLarge,1,AGC_054,2.5,2.9056967754674345,-0.40569677546743454
fold_state_stratified,G1_agronomic,HistGBLarge,1,AGC_058,2.5,3.465666542595505,-0.9656665425955051
fold_state_stratified,G1_agronomic,HistGBLarge,1,AGC_068,2.5,2.6819971919932075,-0.18199719199320752
fold_state_stratified,G1_agronomic,HistGBLarge,1,AGC_073,4.3,4.3234777742301445,-0.023477774230144632
fold_state_stratified,G1_agronomic,HistGBLarge,1,AGC_079,3.3,3.0181244679589865,0.28187553204101334
fold_state_stratified,G1_agronomic,HistGBLarge,1,AGC_083,4.61,3.828671693301231,0.7813283066987693
fold_state_stratified,G1_agronomic,HistGBLarge,1,AGC_090,4.68,4.358227169275186,0.32177283072481355
fold_state_stratified,G1_agronomic,HistGBLarge,1,AGC_102,4.4,4.187344902358102,0.21265509764189794
fold_state_stratified,G1_agronomic,HistGBLarge,1,AGC_103,3.0,3.145217523400394,-0.14521752340039384
fold_state_stratified,G1_agronomic,HistGBLarge,1,AGC_111,4.72,4.438795146840189,0.28120485315981103
fold_state_stratified,G1_agronomic,HistGBLarge,1,AGC_112,3.0,2.794602144302236,0.2053978556977638
fold_state_stratified,G1_agronomic,HistGBLarge,1,AGC_117,3.5,3.3986396359563686,0.10136036404363136
fold_state_stratified,G1_agronomic,HistGBLarge,1,AGC_119,4.4,4.7275678213864385,-0.32756782138643814
fold_state_stratified,G1_agronomic,HistGBLarge,1,AGC_121,3.3,3.2155288103166377,0.08447118968336209
fold_state_stratified,G1_agronomic,HistGBLarge,1,AGC_127,5.57,4.593872655106332,0.9761273448936683
fold_state_stratified,G1_agronomic,HistGBLarge,1,AGC_133,3.91,4.436446824460662,-0.5264468244606615
fold_state_stratified,G1_agronomic,HistGBLarge,1,AGC_139,4.67,4.206838054536613,0.46316194546338707
fold_state_stratified,G1_agronomic,HistGBLarge,1,AGC_159,4.77,4.933287904975324,-0.16328790497532442
fold_state_stratified,G1_agronomic,HistGBLarge,1,AGC_161,4.46,4.785411680217392,-0.32541168021739164
fold_state_stratified,G1_agronomic,HistGBLarge,1,AGC_164,3.0,2.8398706438528665,0.16012935614713353
fold_state_stratified,G1_agronomic,HistGBLarge,1,AGC_167,4.54,4.721382918022917,-0.1813829180229174
fold_state_stratified,G1_agronomic,HistGBLarge,1,AGC_180,4.14,4.794380677052158,-0.6543806770521581
fold_state_stratified,G1_agronomic,HistGBLarge,1,AGC_187,3.0,2.9232859994653677,0.07671400053463229
fold_state_stratified,G1_agronomic,HistGBLarge,2,AGC_008,4.55,4.08942794411481,0.4605720558851898
fold_state_stratified,G1_agronomic,HistGBLarge,2,AGC_024,3.03,4.041773240792265,-1.0117732407922655
fold_state_stratified,G1_agronomic,HistGBLarge,2,AGC_033,4.47,4.8742145823095555,-0.40421458230955576
fold_state_stratified,G1_agronomic,HistGBLarge,2,AGC_037,3.5,2.8216638041516764,0.6783361958483236
fold_state_stratified,G1_agronomic,HistGBLarge,2,AGC_040,3.0,2.8686202664327927,0.13137973356720734
fold_state_stratified,G1_agronomic,HistGBLarge,2,AGC_047,4.45,3.193287053550677,1.2567129464493232
fold_state_stratified,G1_agronomic,HistGBLarge,2,AGC_049,5.53,5.182449841180675,0.34755015881932483
fold_state_stratified,G1_agronomic,HistGBLarge,2,AGC_053,3.5,3.1385666352597914,0.3614333647402086
fold_state_stratified,G1_agronomic,HistGBLarge,2,AGC_055,5.45,4.652795587428233,0.7972044125717668
fold_state_stratified,G1_agronomic,HistGBLarge,2,AGC_062,3.81,4.540768140381827,-0.7307681403818269
fold_state_stratified,G1_agronomic,HistGBLarge,2,AGC_064,4.51,4.666682435884264,-0.15668243588426378
fold_state_stratified,G1_agronomic,HistGBLarge,2,AGC_078,3.0,3.246923017915997,-0.2469230179159969
fold_state_stratified,G1_agronomic,HistGBLarge,2,AGC_098,3.0,3.266123808475271,-0.26612380847527106
fold_state_stratified,G1_agronomic,HistGBLarge,2,AGC_100,4.5,4.541841691570357,-0.04184169157035722
fold_state_stratified,G1_agronomic,HistGBLarge,2,AGC_108,4.51,4.853439608076522,-0.3434396080765225
fold_state_stratified,G1_agronomic,HistGBLarge,2,AGC_124,5.05,5.109519312334289,-0.059519312334288976
fold_state_stratified,G1_agronomic,HistGBLarge,2,AGC_125,4.06,4.41448634791382,-0.35448634791382005
fold_state_stratified,G1_agronomic,HistGBLarge,2,AGC_131,4.89,4.527800687960815,0.3621993120391851
fold_state_stratified,G1_agronomic,HistGBLarge,2,AGC_134,4.52,3.35219515221557,1.1678048477844296
fold_state_stratified,G1_agronomic,HistGBLarge,2,AGC_135,4.49,4.77002307856564,-0.2800230785656401
fold_state_stratified,G1_agronomic,HistGBLarge,2,AGC_145,3.5,2.9403562123429916,0.5596437876570084
fold_state_stratified,G1_agronomic,HistGBLarge,2,AGC_150,4.52,4.7483812264434855,-0.2283812264434859
fold_state_stratified,G1_agronomic,HistGBLarge,2,AGC_151,4.69,4.401427333801408,0.28857266619859256
fold_state_stratified,G1_agronomic,HistGBLarge,2,AGC_157,3.0,3.211231290409897,-0.2112312904098972
fold_state_stratified,G1_agronomic,HistGBLarge,2,AGC_160,3.62,4.710642587249874,-1.0906425872498735
fold_state_stratified,G1_agronomic,HistGBLarge,2,AGC_166,2.5,2.7724021587001464,-0.2724021587001464
fold_state_stratified,G1_agronomic,HistGBLarge,2,AGC_193,4.57,3.982043513005741,0.5879564869942593
fold_state_stratified,G1_agronomic,HistGBLarge,2,AGC_194,3.2,2.8279949421404775,0.37200505785952265
fold_state_stratified,G1_agronomic,HistGBLarge,3,AGC_004,3.0,3.0910848265269655,-0.09108482652696548
fold_state_stratified,G1_agronomic,HistGBLarge,3,AGC_005,5.16,4.477281204572134,0.6827187954278662
fold_state_stratified,G1_agronomic,HistGBLarge,3,AGC_010,4.1,4.264226968488837,-0.16422696848883778
fold_state_stratified,G1_agronomic,HistGBLarge,3,AGC_014,4.83,4.3085362965680245,0.5214637034319756
fold_state_stratified,G1_agronomic,HistGBLarge,3,AGC_018,4.49,4.422239488522773,0.0677605114772275
fold_state_stratified,G1_agronomic,HistGBLarge,3,AGC_021,4.94,4.476007955969744,0.46399204403025607
fold_state_stratified,G1_agronomic,HistGBLarge,3,AGC_023,3.0,3.384369308771165,-0.38436930877116504
fold_state_stratified,G1_agronomic,HistGBLarge,3,AGC_038,3.3,3.1213354116345933,0.17866458836540655
fold_state_stratified,G1_agronomic,HistGBLarge,3,AGC_044,3.5,3.475691658548622,0.024308341451377835
fold_state_stratified,G1_agronomic,HistGBLarge,3,AGC_051,4.45,4.535882648050454,-0.08588264805045398
fold_state_stratified,G1_agronomic,HistGBLarge,3,AGC_059,4.41,4.535555627784051,-0.12555562778405083
fold_state_stratified,G1_agronomic,HistGBLarge,3,AGC_066,3.0,3.0914099939604527,-0.09140999396045268
fold_state_stratified,G1_agronomic,HistGBLarge,3,AGC_067,3.0,3.2943409302631643,-0.2943409302631643
fold_state_stratified,G1_agronomic,HistGBLarge,3,AGC_069,5.46,4.5568782571640885,0.9031217428359115
fold_state_stratified,G1_agronomic,HistGBLarge,3,AGC_070,3.3,3.5077925028434573,-0.20779250284345752
fold_state_stratified,G1_agronomic,HistGBLarge,3,AGC_072,4.55,4.283543780855747,0.26645621914425277
fold_state_stratified,G1_agronomic,HistGBLarge,3,AGC_074,2.5,3.4509672590994387,-0.9509672590994387
fold_state_stratified,G1_agronomic,HistGBLarge,3,AGC_077,4.76,4.256393102286575,0.5036068977134249
fold_state_stratified,G1_agronomic,HistGBLarge,3,AGC_089,3.0,2.8004737845302783,0.1995262154697217
fold_state_stratified,G1_agronomic,HistGBLarge,3,AGC_097,4.69,4.428918896545902,0.2610811034540985
fold_state_stratified,G1_agronomic,HistGBLarge,3,AGC_106,4.43,3.4960635970347256,0.9339364029652741
fold_state_stratified,G1_agronomic,HistGBLarge,3,AGC_110,4.18,3.9859827360371294,0.19401726396287033
fold_state_stratified,G1_agronomic,HistGBLarge,3,AGC_138,2.5,3.2852693543773723,-0.7852693543773723
fold_state_stratified,G1_agronomic,HistGBLarge,3,AGC_155,4.52,4.738439141978309,-0.21843914197830916
fold_state_stratified,G1_agronomic,HistGBLarge,3,AGC_163,3.0,2.9010399947860055,0.0989600052139945
fold_state_stratified,G1_agronomic,HistGBLarge,3,AGC_165,4.44,3.9967887517491403,0.4432112482508601
fold_state_stratified,G1_agronomic,HistGBLarge,3,AGC_196,3.5,3.506530300154595,-0.006530300154595103
fold_state_stratified,G1_agronomic,HistGBLarge,3,AGC_197,4.52,4.298666952433828,0.2213330475661719
fold_state_stratified,G1_agronomic,HistGBLarge,4,AGC_007,3.5,3.2146135515911087,0.28538644840889127
fold_state_stratified,G1_agronomic,HistGBLarge,4,AGC_012,4.69,4.8836628831815485,-0.19366288318154812
fold_state_stratified,G1_agronomic,HistGBLarge,4,AGC_019,3.0,3.07679384448555,-0.07679384448554982
fold_state_stratified,G1_agronomic,HistGBLarge,4,AGC_022,4.55,4.653414093104447,-0.1034140931044476
fold_state_stratified,G1_agronomic,HistGBLarge,4,AGC_026,3.55,4.40393809022057,-0.85393809022057
fold_state_stratified,G1_agronomic,HistGBLarge,4,AGC_041,2.5,3.080107877420142,-0.5801078774201418
fold_state_stratified,G1_agronomic,HistGBLarge,4,AGC_048,2.5,3.7764444326984203,-1.2764444326984203
fold_state_stratified,G1_agronomic,HistGBLarge,4,AGC_056,5.07,4.563358324292995,0.5066416757070051
fold_state_stratified,G1_agronomic,HistGBLarge,4,AGC_080,3.5,3.0351693380934464,0.46483066190655364
fold_state_stratified,G1_agronomic,HistGBLarge,4,AGC_081,3.7,3.0620174291795053,0.6379825708204949
fold_state_stratified,G1_agronomic,HistGBLarge,4,AGC_099,3.5,3.2713373687816167,0.22866263121838326
fold_state_stratified,G1_agronomic,HistGBLarge,4,AGC_104,4.56,4.40075546630242,0.15924453369757963
fold_state_stratified,G1_agronomic,HistGBLarge,4,AGC_109,4.54,4.567442782537648,-0.02744278253764776
fold_state_stratified,G1_agronomic,HistGBLarge,4,AGC_115,4.6,4.107693361671751,0.49230663832824906
fold_state_stratified,G1_agronomic,HistGBLarge,4,AGC_122,3.5,2.880114904828169,0.6198850951718309
fold_state_stratified,G1_agronomic,HistGBLarge,4,AGC_132,4.13,4.6427688187716285,-0.5127688187716286
fold_state_stratified,G1_agronomic,HistGBLarge,4,AGC_140,3.2,3.2771862675477097,-0.07718626754770952
fold_state_stratified,G1_agronomic,HistGBLarge,4,AGC_144,2.5,2.973151846053383,-0.473151846053383
fold_state_stratified,G1_agronomic,HistGBLarge,4,AGC_148,3.0,3.0758033638850595,-0.07580336388505948
fold_state_stratified,G1_agronomic,HistGBLarge,4,AGC_152,4.87,4.784059628783402,0.08594037121659781
fold_state_stratified,G1_agronomic,HistGBLarge,4,AGC_168,4.49,4.329690710807966,0.16030928919203458
fold_state_stratified,G1_agronomic,HistGBLarge,4,AGC_170,3.0,3.122085979990706,-0.12208597999070614
fold_state_stratified,G1_agronomic,HistGBLarge,4,AGC_171,2.15,4.373866490643621,-2.2238664906436214
fold_state_stratified,G1_agronomic,HistGBLarge,4,AGC_172,5.19,4.8162054294929995,0.37379457050700093
fold_state_stratified,G1_agronomic,HistGBLarge,4,AGC_176,4.38,4.418151245373398,-0.03815124537339809
fold_state_stratified,G1_agronomic,HistGBLarge,4,AGC_178,4.39,4.1449953454396775,0.24500465456032217
fold_state_stratified,G1_agronomic,HistGBLarge,4,AGC_181,4.51,4.634178817293543,-0.12417881729354363
fold_state_stratified,G1_agronomic,HistGBLarge,5,AGC_001,3.5,2.9665653860540253,0.5334346139459747
fold_state_stratified,G1_agronomic,HistGBLarge,5,AGC_002,4.63,4.582921738620317,0.047078261379683184
fold_state_stratified,G1_agronomic,HistGBLarge,5,AGC_006,4.49,4.511427141628556,-0.02142714162855608
fold_state_stratified,G1_agronomic,HistGBLarge,5,AGC_013,4.01,4.048829013805572,-0.038829013805572465
fold_state_stratified,G1_agronomic,HistGBLarge,5,AGC_020,3.5,3.4405287345293276,0.059471265470672385
fold_state_stratified,G1_agronomic,HistGBLarge,5,AGC_034,2.0,3.2564592147750355,-1.2564592147750355
fold_state_stratified,G1_agronomic,HistGBLarge,5,AGC_035,4.68,3.726244568860604,0.9537554311393959
fold_state_stratified,G1_agronomic,HistGBLarge,5,AGC_046,3.0,2.959021179867359,0.04097882013264087
fold_state_stratified,G1_agronomic,HistGBLarge,5,AGC_057,4.55,5.140029050016506,-0.590029050016506
fold_state_stratified,G1_agronomic,HistGBLarge,5,AGC_060,4.52,5.0166691740173786,-0.496669174017379
fold_state_stratified,G1_agronomic,HistGBLarge,5,AGC_084,4.54,4.742801574399395,-0.20280157439939472
fold_state_stratified,G1_agronomic,HistGBLarge,5,AGC_092,4.57,4.102797860835032,0.4672021391649679
fold_state_stratified,G1_agronomic,HistGBLarge,5,AGC_096,4.59,4.2171532792120665,0.37284672078793335
fold_state_stratified,G1_agronomic,HistGBLarge,5,AGC_101,4.57,3.8246914131313483,0.745308586868652
fold_state_stratified,G1_agronomic,HistGBLarge,5,AGC_105,4.41,4.544111836375514,-0.1341118363755136
fold_state_stratified,G1_agronomic,HistGBLarge,5,AGC_114,3.0,2.9691172595779016,0.030882740422098376
fold_state_stratified,G1_agronomic,HistGBLarge,5,AGC_123,2.5,3.1110080671168605,-0.6110080671168605
fold_state_stratified,G1_agronomic,HistGBLarge,5,AGC_137,4.54,4.7274943477665685,-0.18749434776656848
fold_state_stratified,G1_agronomic,HistGBLarge,5,AGC_141,3.5,2.9598543209888812,0.5401456790111188
fold_state_stratified,G1_agronomic,HistGBLarge,5,AGC_146,4.58,4.719534484513391,-0.13953448451339057
fold_state_stratified,G1_agronomic,HistGBLarge,5,AGC_162,5.59,4.647716381063943,0.9422836189360568
fold_state_stratified,G1_agronomic,HistGBLarge,5,AGC_169,2.5,2.7940476163677923,-0.2940476163677923
fold_state_stratified,G1_agronomic,HistGBLarge,5,AGC_179,4.55,4.455993699625232,0.09400630037476798
fold_state_stratified,G1_agronomic,HistGBLarge,5,AGC_184,4.47,4.449097295478618,0.0209027045213821
fold_state_stratified,G1_agronomic,HistGBLarge,5,AGC_185,5.01,4.137462958958913,0.8725370410410864
fold_state_stratified,G1_agronomic,HistGBLarge,5,AGC_189,4.03,4.16866334205894,-0.1386633420589396
fold_state_stratified,G1_agronomic,HistGBLarge,5,AGC_195,3.68,4.509021850385869,-0.8290218503858688
fold_municipality_grouped,G1_agronomic,HistGBLarge,1,AGC_001,3.5,3.132661371283209,0.3673386287167908
fold_municipality_grouped,G1_agronomic,HistGBLarge,1,AGC_004,3.0,3.5580907485529623,-0.5580907485529623
fold_municipality_grouped,G1_agronomic,HistGBLarge,1,AGC_019,3.0,2.9907806883867085,0.009219311613291481
fold_municipality_grouped,G1_agronomic,HistGBLarge,1,AGC_020,3.5,3.5197111317174277,-0.019711131717427666
fold_municipality_grouped,G1_agronomic,HistGBLarge,1,AGC_023,3.0,3.1919673708656244,-0.19196737086562443
fold_municipality_grouped,G1_agronomic,HistGBLarge,1,AGC_037,3.5,3.3622883372242804,0.13771166277571956
fold_municipality_grouped,G1_agronomic,HistGBLarge,1,AGC_040,3.0,3.28162765761997,-0.2816276576199699
fold_municipality_grouped,G1_agronomic,HistGBLarge,1,AGC_044,3.5,3.544483995985918,-0.04448399598591779
fold_municipality_grouped,G1_agronomic,HistGBLarge,1,AGC_046,3.0,3.080935223603235,-0.0809352236032348
fold_municipality_grouped,G1_agronomic,HistGBLarge,1,AGC_053,3.5,3.3497520540992487,0.1502479459007513
fold_municipality_grouped,G1_agronomic,HistGBLarge,1,AGC_054,2.5,2.8938354584697987,-0.3938354584697987
fold_municipality_grouped,G1_agronomic,HistGBLarge,1,AGC_058,2.5,3.3458685010724145,-0.8458685010724145
fold_municipality_grouped,G1_agronomic,HistGBLarge,1,AGC_066,3.0,3.3362893709959716,-0.33628937099597156
fold_municipality_grouped,G1_agronomic,HistGBLarge,1,AGC_068,2.5,3.156771910381392,-0.656771910381392
fold_municipality_grouped,G1_agronomic,HistGBLarge,1,AGC_074,2.5,3.2796171400878738,-0.7796171400878738
fold_municipality_grouped,G1_agronomic,HistGBLarge,1,AGC_098,3.0,3.29644241528101,-0.2964424152810099
fold_municipality_grouped,G1_agronomic,HistGBLarge,1,AGC_099,3.5,3.496343848409679,0.003656151590321066
fold_municipality_grouped,G1_agronomic,HistGBLarge,1,AGC_103,3.0,3.16427370827475,-0.16427370827475007
fold_municipality_grouped,G1_agronomic,HistGBLarge,1,AGC_112,3.0,3.1904686327130682,-0.19046863271306824
fold_municipality_grouped,G1_agronomic,HistGBLarge,1,AGC_114,3.0,2.8665085669063988,0.13349143309360123
fold_municipality_grouped,G1_agronomic,HistGBLarge,1,AGC_117,3.5,3.318544791671567,0.18145520832843287
fold_municipality_grouped,G1_agronomic,HistGBLarge,1,AGC_122,3.5,3.0810706255366305,0.41892937446336953
fold_municipality_grouped,G1_agronomic,HistGBLarge,1,AGC_123,2.5,2.837587438290112,-0.33758743829011184
fold_municipality_grouped,G1_agronomic,HistGBLarge,1,AGC_138,2.5,3.3003531810100064,-0.8003531810100064
fold_municipality_grouped,G1_agronomic,HistGBLarge,1,AGC_141,3.5,3.2523937045963276,0.2476062954036724
fold_municipality_grouped,G1_agronomic,HistGBLarge,1,AGC_144,2.5,2.922825910301618,-0.4228259103016181
fold_municipality_grouped,G1_agronomic,HistGBLarge,1,AGC_145,3.5,3.089587800277228,0.4104121997227721
fold_municipality_grouped,G1_agronomic,HistGBLarge,1,AGC_157,3.0,3.4912796323306865,-0.4912796323306865
fold_municipality_grouped,G1_agronomic,HistGBLarge,1,AGC_163,3.0,3.159172114022423,-0.15917211402242293
fold_municipality_grouped,G1_agronomic,HistGBLarge,1,AGC_169,2.5,3.368378026439725,-0.868378026439725
fold_municipality_grouped,G1_agronomic,HistGBLarge,1,AGC_170,3.0,3.5774647451020454,-0.5774647451020454
fold_municipality_grouped,G1_agronomic,HistGBLarge,1,AGC_187,3.0,3.3355528092214124,-0.3355528092214124
fold_municipality_grouped,G1_agronomic,HistGBLarge,1,AGC_196,3.5,3.316076954868766,0.18392304513123392
fold_municipality_grouped,G1_agronomic,HistGBLarge,2,AGC_007,3.5,4.1852397220845905,-0.6852397220845905
fold_municipality_grouped,G1_agronomic,HistGBLarge,2,AGC_034,2.0,3.9704998914938563,-1.9704998914938563
fold_municipality_grouped,G1_agronomic,HistGBLarge,2,AGC_038,3.3,4.077880637979852,-0.7778806379798517
fold_municipality_grouped,G1_agronomic,HistGBLarge,2,AGC_041,2.5,4.419015928667537,-1.9190159286675366
fold_municipality_grouped,G1_agronomic,HistGBLarge,2,AGC_067,3.0,4.363186359514494,-1.3631863595144944
fold_municipality_grouped,G1_agronomic,HistGBLarge,2,AGC_070,3.3,4.478810505616098,-1.1788105056160978
fold_municipality_grouped,G1_agronomic,HistGBLarge,2,AGC_078,3.0,4.149229413501033,-1.1492294135010326
fold_municipality_grouped,G1_agronomic,HistGBLarge,2,AGC_079,3.3,4.336783612281627,-1.036783612281627
fold_municipality_grouped,G1_agronomic,HistGBLarge,2,AGC_080,3.5,4.122292046704416,-0.6222920467044162
fold_municipality_grouped,G1_agronomic,HistGBLarge,2,AGC_081,3.7,4.242280857205461,-0.5422808572054612
fold_municipality_grouped,G1_agronomic,HistGBLarge,2,AGC_089,3.0,4.117059329679602,-1.117059329679602
fold_municipality_grouped,G1_agronomic,HistGBLarge,2,AGC_121,3.3,4.240406895750015,-0.9404068957500149
fold_municipality_grouped,G1_agronomic,HistGBLarge,2,AGC_140,3.2,4.404528740445499,-1.2045287404454985
fold_municipality_grouped,G1_agronomic,HistGBLarge,2,AGC_148,3.0,4.176617766046916,-1.176617766046916
fold_municipality_grouped,G1_agronomic,HistGBLarge,2,AGC_166,2.5,4.452214765930976,-1.952214765930976
fold_municipality_grouped,G1_agronomic,HistGBLarge,2,AGC_194,3.2,4.078250601134238,-0.8782506011342379
fold_municipality_grouped,G1_agronomic,HistGBLarge,3,AGC_051,4.45,4.4143689775347505,0.03563102246524963
fold_municipality_grouped,G1_agronomic,HistGBLarge,3,AGC_059,4.41,4.555659004877966,-0.1456590048779658
fold_municipality_grouped,G1_agronomic,HistGBLarge,3,AGC_084,4.54,4.651013860839976,-0.111013860839976
fold_municipality_grouped,G1_agronomic,HistGBLarge,3,AGC_134,4.52,3.3746146090285336,1.145385390971466
fold_municipality_grouped,G1_agronomic,HistGBLarge,3,AGC_137,4.54,4.761951346286705,-0.22195134628670488
fold_municipality_grouped,G1_agronomic,HistGBLarge,3,AGC_146,4.58,4.646486222593765,-0.06648622259376502
fold_municipality_grouped,G1_agronomic,HistGBLarge,3,AGC_151,4.69,4.688206530392851,0.0017934696071497669
fold_municipality_grouped,G1_agronomic,HistGBLarge,3,AGC_152,4.87,4.62487798586206,0.24512201413794
fold_municipality_grouped,G1_agronomic,HistGBLarge,3,AGC_180,4.14,4.4370772053149015,-0.2970772053149018
fold_municipality_grouped,G1_agronomic,HistGBLarge,3,AGC_184,4.47,4.51227767160548,-0.042277671605480016
fold_municipality_grouped,G1_agronomic,HistGBLarge,4,AGC_002,4.63,4.160630542577908,0.4693694574220917
fold_municipality_grouped,G1_agronomic,HistGBLarge,4,AGC_005,5.16,4.516666455292412,0.6433335447075885
fold_municipality_grouped,G1_agronomic,HistGBLarge,4,AGC_006,4.49,3.9598983683131608,0.5301016316868394
fold_municipality_grouped,G1_agronomic,HistGBLarge,4,AGC_008,4.55,3.996359145814131,0.5536408541858688
fold_municipality_grouped,G1_agronomic,HistGBLarge,4,AGC_010,4.1,4.054664706030607,0.04533529396939251
fold_municipality_grouped,G1_agronomic,HistGBLarge,4,AGC_012,4.69,4.39593451894316,0.2940654810568404
fold_municipality_grouped,G1_agronomic,HistGBLarge,4,AGC_013,4.01,3.8871847648002933,0.1228152351997065
fold_municipality_grouped,G1_agronomic,HistGBLarge,4,AGC_014,4.83,4.522300248499227,0.3076997515007731
fold_municipality_grouped,G1_agronomic,HistGBLarge,4,AGC_015,2.64,4.372152412025381,-1.7321524120253806
fold_municipality_grouped,G1_agronomic,HistGBLarge,4,AGC_017,4.98,4.624098090258348,0.35590190974165203
fold_municipality_grouped,G1_agronomic,HistGBLarge,4,AGC_018,4.49,4.152678537478223,0.3373214625217775
fold_municipality_grouped,G1_agronomic,HistGBLarge,4,AGC_021,4.94,4.276480297627018,0.663519702372982
fold_municipality_grouped,G1_agronomic,HistGBLarge,4,AGC_022,4.55,3.965451847225134,0.5845481527748659
fold_municipality_grouped,G1_agronomic,HistGBLarge,4,AGC_024,3.03,4.17636237719274,-1.1463623771927405
fold_municipality_grouped,G1_agronomic,HistGBLarge,4,AGC_026,3.55,4.450243969784192,-0.9002439697841922
fold_municipality_grouped,G1_agronomic,HistGBLarge,4,AGC_032,4.03,4.017679523377163,0.012320476622837084
fold_municipality_grouped,G1_agronomic,HistGBLarge,4,AGC_033,4.47,3.996426739879279,0.47357326012072054
fold_municipality_grouped,G1_agronomic,HistGBLarge,4,AGC_045,4.1,4.188015110565658,-0.08801511056565836
fold_municipality_grouped,G1_agronomic,HistGBLarge,4,AGC_047,4.45,4.375917852299922,0.0740821477000786
fold_municipality_grouped,G1_agronomic,HistGBLarge,4,AGC_049,5.53,4.304094421058476,1.225905578941524
fold_municipality_grouped,G1_agronomic,HistGBLarge,4,AGC_055,5.45,4.518097272160325,0.9319027278396748
fold_municipality_grouped,G1_agronomic,HistGBLarge,4,AGC_056,5.07,4.034535516400878,1.0354644835991227
fold_municipality_grouped,G1_agronomic,HistGBLarge,4,AGC_057,4.55,4.356884688612615,0.1931153113873849
fold_municipality_grouped,G1_agronomic,HistGBLarge,4,AGC_060,4.52,4.322258258535882,0.19774174146411738
fold_municipality_grouped,G1_agronomic,HistGBLarge,4,AGC_062,3.81,3.863504222938552,-0.05350422293855184
fold_municipality_grouped,G1_agronomic,HistGBLarge,4,AGC_069,5.46,4.339975014458499,1.1200249855415008
fold_municipality_grouped,G1_agronomic,HistGBLarge,4,AGC_072,4.55,4.228746597638847,0.32125340236115285
fold_municipality_grouped,G1_agronomic,HistGBLarge,4,AGC_073,4.3,3.7268021516970964,0.5731978483029034
fold_municipality_grouped,G1_agronomic,HistGBLarge,4,AGC_077,4.76,3.7326575711782732,1.0273424288217265
fold_municipality_grouped,G1_agronomic,HistGBLarge,4,AGC_090,4.68,4.5204497806402175,0.1595502193597822
fold_municipality_grouped,G1_agronomic,HistGBLarge,4,AGC_092,4.57,4.312424764657766,0.2575752353422347
fold_municipality_grouped,G1_agronomic,HistGBLarge,4,AGC_096,4.59,3.539221918197039,1.050778081802961
fold_municipality_grouped,G1_agronomic,HistGBLarge,4,AGC_097,4.69,4.195554157627278,0.4944458423727225
fold_municipality_grouped,G1_agronomic,HistGBLarge,4,AGC_100,4.5,4.158877918868481,0.34112208113151876
fold_municipality_grouped,G1_agronomic,HistGBLarge,4,AGC_101,4.57,3.5376954694121556,1.0323045305878447
fold_municipality_grouped,G1_agronomic,HistGBLarge,4,AGC_102,4.4,3.7227680539720245,0.6772319460279759
fold_municipality_grouped,G1_agronomic,HistGBLarge,4,AGC_104,4.56,4.082126108521346,0.47787389147865333
fold_municipality_grouped,G1_agronomic,HistGBLarge,4,AGC_105,4.41,4.257872442639192,0.1521275573608083
fold_municipality_grouped,G1_agronomic,HistGBLarge,4,AGC_106,4.43,4.073915094965654,0.3560849050343453
fold_municipality_grouped,G1_agronomic,HistGBLarge,4,AGC_108,4.51,4.110493797800143,0.39950620219985655
fold_municipality_grouped,G1_agronomic,HistGBLarge,4,AGC_109,4.54,4.0471246330257395,0.4928753669742605
fold_municipality_grouped,G1_agronomic,HistGBLarge,4,AGC_110,4.18,4.049941752753733,0.13005824724626702
fold_municipality_grouped,G1_agronomic,HistGBLarge,4,AGC_111,4.72,4.028779296845643,0.6912207031543565
fold_municipality_grouped,G1_agronomic,HistGBLarge,4,AGC_115,4.6,3.889785487325876,0.7102145126741237
fold_municipality_grouped,G1_agronomic,HistGBLarge,4,AGC_124,5.05,4.376877410943402,0.6731225890565975
fold_municipality_grouped,G1_agronomic,HistGBLarge,4,AGC_125,4.06,4.708421948018758,-0.6484219480187585
fold_municipality_grouped,G1_agronomic,HistGBLarge,4,AGC_127,5.57,4.277663121075295,1.2923368789247052
fold_municipality_grouped,G1_agronomic,HistGBLarge,4,AGC_131,4.89,4.0962381352461685,0.7937618647538311
fold_municipality_grouped,G1_agronomic,HistGBLarge,4,AGC_132,4.13,4.2045340770240855,-0.07453407702408565
fold_municipality_grouped,G1_agronomic,HistGBLarge,4,AGC_133,3.91,4.264344394683224,-0.3543443946832241
fold_municipality_grouped,G1_agronomic,HistGBLarge,4,AGC_135,4.49,3.861682686609841,0.6283173133901592
fold_municipality_grouped,G1_agronomic,HistGBLarge,4,AGC_139,4.67,3.962670403019814,0.7073295969801858
fold_municipality_grouped,G1_agronomic,HistGBLarge,4,AGC_150,4.52,4.529599644096442,-0.009599644096442539
fold_municipality_grouped,G1_agronomic,HistGBLarge,4,AGC_155,4.52,4.542662782825561,-0.022662782825561223
fold_municipality_grouped,G1_agronomic,HistGBLarge,4,AGC_159,4.77,4.744853366763263,0.02514663323673627
fold_municipality_grouped,G1_agronomic,HistGBLarge,4,AGC_160,3.62,4.266259586995986,-0.6462595869959857
fold_municipality_grouped,G1_agronomic,HistGBLarge,4,AGC_161,4.46,4.499787348943737,-0.03978734894373748
fold_municipality_grouped,G1_agronomic,HistGBLarge,4,AGC_162,5.59,3.887023231960234,1.702976768039766
fold_municipality_grouped,G1_agronomic,HistGBLarge,4,AGC_164,3.0,2.9261887865928857,0.07381121340711427
fold_municipality_grouped,G1_agronomic,HistGBLarge,4,AGC_165,4.44,4.0649849674630785,0.3750150325369219
fold_municipality_grouped,G1_agronomic,HistGBLarge,4,AGC_167,4.54,4.527836808928726,0.012163191071273616
fold_municipality_grouped,G1_agronomic,HistGBLarge,4,AGC_168,4.49,4.264090856369743,0.2259091436302576
fold_municipality_grouped,G1_agronomic,HistGBLarge,4,AGC_171,2.15,4.09641631991846,-1.9464163199184603
fold_municipality_grouped,G1_agronomic,HistGBLarge,4,AGC_172,5.19,4.0798040005938745,1.110195999406126
fold_municipality_grouped,G1_agronomic,HistGBLarge,4,AGC_176,4.38,4.184763987663613,0.19523601233638654
fold_municipality_grouped,G1_agronomic,HistGBLarge,4,AGC_178,4.39,3.4891780230481992,0.9008219769518004
fold_municipality_grouped,G1_agronomic,HistGBLarge,4,AGC_179,4.55,4.33934082138563,0.2106591786143701
fold_municipality_grouped,G1_agronomic,HistGBLarge,4,AGC_181,4.51,4.071281421224068,0.4387185787759318
fold_municipality_grouped,G1_agronomic,HistGBLarge,4,AGC_185,5.01,3.985030646025224,1.0249693539747757
fold_municipality_grouped,G1_agronomic,HistGBLarge,4,AGC_189,4.03,4.1865125605471505,-0.15651256054715024
fold_municipality_grouped,G1_agronomic,HistGBLarge,4,AGC_193,4.57,3.715840233788283,0.8541597662117173
fold_municipality_grouped,G1_agronomic,HistGBLarge,4,AGC_195,3.68,4.140696191648541,-0.4606961916485406
fold_municipality_grouped,G1_agronomic,HistGBLarge,4,AGC_197,4.52,3.664226027121071,0.8557739728789286
fold_municipality_grouped,G1_agronomic,HistGBLarge,5,AGC_009,4.79,4.5306626494879385,0.2593373505120615
fold_municipality_grouped,G1_agronomic,HistGBLarge,5,AGC_035,4.68,3.734493268219665,0.9455067317803345
fold_municipality_grouped,G1_agronomic,HistGBLarge,5,AGC_048,2.5,3.813285559003654,-1.313285559003654
fold_municipality_grouped,G1_agronomic,HistGBLarge,5,AGC_064,4.51,4.5723800051799035,-0.06238000517990372
fold_municipality_grouped,G1_agronomic,HistGBLarge,5,AGC_083,4.61,3.786944137559876,0.8230558624401243
fold_municipality_grouped,G1_agronomic,HistGBLarge,5,AGC_119,4.4,4.434507646656224,-0.0345076466562233
fold_state_stratified,G2_base_agro,HistGBLarge,1,AGC_009,4.79,4.6293324448381625,0.1606675551618375
fold_state_stratified,G2_base_agro,HistGBLarge,1,AGC_015,2.64,4.929815434628897,-2.289815434628897
fold_state_stratified,G2_base_agro,HistGBLarge,1,AGC_017,4.98,4.650959042242427,0.3290409577575737
fold_state_stratified,G2_base_agro,HistGBLarge,1,AGC_032,4.03,4.579290472318127,-0.5492904723181269
fold_state_stratified,G2_base_agro,HistGBLarge,1,AGC_045,4.1,4.587780642409052,-0.48778064240905206
fold_state_stratified,G2_base_agro,HistGBLarge,1,AGC_054,2.5,2.9853560899068996,-0.4853560899068996
fold_state_stratified,G2_base_agro,HistGBLarge,1,AGC_058,2.5,3.264831062621191,-0.7648310626211909
fold_state_stratified,G2_base_agro,HistGBLarge,1,AGC_068,2.5,3.048616055903441,-0.548616055903441
fold_state_stratified,G2_base_agro,HistGBLarge,1,AGC_073,4.3,4.250483940388891,0.04951605961110861
fold_state_stratified,G2_base_agro,HistGBLarge,1,AGC_079,3.3,2.8848174128810715,0.4151825871189283
fold_state_stratified,G2_base_agro,HistGBLarge,1,AGC_083,4.61,3.7965913705285517,0.8134086294714487
fold_state_stratified,G2_base_agro,HistGBLarge,1,AGC_090,4.68,4.607641979685078,0.07235802031492167
fold_state_stratified,G2_base_agro,HistGBLarge,1,AGC_102,4.4,3.9704333959073503,0.42956660409265
fold_state_stratified,G2_base_agro,HistGBLarge,1,AGC_103,3.0,2.923516945184798,0.07648305481520179
fold_state_stratified,G2_base_agro,HistGBLarge,1,AGC_111,4.72,4.604602863104635,0.11539713689536502
fold_state_stratified,G2_base_agro,HistGBLarge,1,AGC_112,3.0,3.175061986518721,-0.17506198651872085
fold_state_stratified,G2_base_agro,HistGBLarge,1,AGC_117,3.5,3.3611642406727342,0.13883575932726577
fold_state_stratified,G2_base_agro,HistGBLarge,1,AGC_119,4.4,4.530429427941405,-0.13042942794140444
fold_state_stratified,G2_base_agro,HistGBLarge,1,AGC_121,3.3,3.0213417347936615,0.2786582652063383
fold_state_stratified,G2_base_agro,HistGBLarge,1,AGC_127,5.57,4.5763949577484135,0.9936050422515867
fold_state_stratified,G2_base_agro,HistGBLarge,1,AGC_133,3.91,4.3855455646410295,-0.4755455646410294
fold_state_stratified,G2_base_agro,HistGBLarge,1,AGC_139,4.67,4.409709980877313,0.2602900191226869
fold_state_stratified,G2_base_agro,HistGBLarge,1,AGC_159,4.77,4.774417623587673,-0.0044176235876731695
fold_state_stratified,G2_base_agro,HistGBLarge,1,AGC_161,4.46,4.905072203880781,-0.4450722038807813
fold_state_stratified,G2_base_agro,HistGBLarge,1,AGC_164,3.0,3.3132888803347993,-0.3132888803347993
fold_state_stratified,G2_base_agro,HistGBLarge,1,AGC_167,4.54,4.697744460840893,-0.15774446084089266
fold_state_stratified,G2_base_agro,HistGBLarge,1,AGC_180,4.14,4.6335022853786585,-0.4935022853786588
fold_state_stratified,G2_base_agro,HistGBLarge,1,AGC_187,3.0,3.021491810223845,-0.021491810223845054
fold_state_stratified,G2_base_agro,HistGBLarge,2,AGC_008,4.55,4.121199522032394,0.4288004779676058
fold_state_stratified,G2_base_agro,HistGBLarge,2,AGC_024,3.03,4.15533085169385,-1.12533085169385
fold_state_stratified,G2_base_agro,HistGBLarge,2,AGC_033,4.47,4.657803497912152,-0.18780349791215212
fold_state_stratified,G2_base_agro,HistGBLarge,2,AGC_037,3.5,3.02976794195046,0.47023205804954005
fold_state_stratified,G2_base_agro,HistGBLarge,2,AGC_040,3.0,3.004218218894194,-0.004218218894194159
fold_state_stratified,G2_base_agro,HistGBLarge,2,AGC_047,4.45,3.4188131642268984,1.0311868357731018
fold_state_stratified,G2_base_agro,HistGBLarge,2,AGC_049,5.53,4.613726237009439,0.9162737629905608
fold_state_stratified,G2_base_agro,HistGBLarge,2,AGC_053,3.5,3.0969859408334997,0.40301405916650035
fold_state_stratified,G2_base_agro,HistGBLarge,2,AGC_055,5.45,4.359081429060517,1.0909185709394835
fold_state_stratified,G2_base_agro,HistGBLarge,2,AGC_062,3.81,4.440565936516402,-0.6305659365164016
fold_state_stratified,G2_base_agro,HistGBLarge,2,AGC_064,4.51,4.8578624735520375,-0.3478624735520377
fold_state_stratified,G2_base_agro,HistGBLarge,2,AGC_078,3.0,3.241409238874913,-0.24140923887491317
fold_state_stratified,G2_base_agro,HistGBLarge,2,AGC_098,3.0,3.2728492185309386,-0.2728492185309386
fold_state_stratified,G2_base_agro,HistGBLarge,2,AGC_100,4.5,4.359119758986842,0.140880241013158
fold_state_stratified,G2_base_agro,HistGBLarge,2,AGC_108,4.51,4.811348150961038,-0.3013481509610383
fold_state_stratified,G2_base_agro,HistGBLarge,2,AGC_124,5.05,4.932718082730495,0.11728191726950499
fold_state_stratified,G2_base_agro,HistGBLarge,2,AGC_125,4.06,4.386661137820913,-0.32666113782091344
fold_state_stratified,G2_base_agro,HistGBLarge,2,AGC_131,4.89,4.523103218384236,0.3668967816157638
fold_state_stratified,G2_base_agro,HistGBLarge,2,AGC_134,4.52,4.454033924953087,0.06596607504691221
fold_state_stratified,G2_base_agro,HistGBLarge,2,AGC_135,4.49,4.630286250057955,-0.14028625005795448
fold_state_stratified,G2_base_agro,HistGBLarge,2,AGC_145,3.5,3.1151260498209905,0.3848739501790095
fold_state_stratified,G2_base_agro,HistGBLarge,2,AGC_150,4.52,4.412542355704687,0.10745764429531235
fold_state_stratified,G2_base_agro,HistGBLarge,2,AGC_151,4.69,4.654594793337786,0.03540520666221436
fold_state_stratified,G2_base_agro,HistGBLarge,2,AGC_157,3.0,3.2009576725104045,-0.20095767251040453
fold_state_stratified,G2_base_agro,HistGBLarge,2,AGC_160,3.62,4.680299361351407,-1.0602993613514071
fold_state_stratified,G2_base_agro,HistGBLarge,2,AGC_166,2.5,3.0808837723433737,-0.5808837723433737
fold_state_stratified,G2_base_agro,HistGBLarge,2,AGC_193,4.57,3.8934553011689856,0.6765446988310146
fold_state_stratified,G2_base_agro,HistGBLarge,2,AGC_194,3.2,2.9164965027411576,0.2835034972588426
fold_state_stratified,G2_base_agro,HistGBLarge,3,AGC_004,3.0,3.083548295243356,-0.08354829524335594
fold_state_stratified,G2_base_agro,HistGBLarge,3,AGC_005,5.16,4.510280062882534,0.6497199371174665
fold_state_stratified,G2_base_agro,HistGBLarge,3,AGC_010,4.1,3.8861041460908896,0.21389585390911003
fold_state_stratified,G2_base_agro,HistGBLarge,3,AGC_014,4.83,4.312615570917939,0.5173844290820613
fold_state_stratified,G2_base_agro,HistGBLarge,3,AGC_018,4.49,4.541413058068191,-0.05141305806819041
fold_state_stratified,G2_base_agro,HistGBLarge,3,AGC_021,4.94,4.607678826720702,0.3323211732792988
fold_state_stratified,G2_base_agro,HistGBLarge,3,AGC_023,3.0,2.947694024754939,0.0523059752450612
fold_state_stratified,G2_base_agro,HistGBLarge,3,AGC_038,3.3,3.036832147209971,0.26316785279002897
fold_state_stratified,G2_base_agro,HistGBLarge,3,AGC_044,3.5,2.989117770834394,0.5108822291656061
fold_state_stratified,G2_base_agro,HistGBLarge,3,AGC_051,4.45,4.214314375182082,0.23568562481791844
fold_state_stratified,G2_base_agro,HistGBLarge,3,AGC_059,4.41,4.372213381581853,0.037786618418147455
fold_state_stratified,G2_base_agro,HistGBLarge,3,AGC_066,3.0,2.8211738417133927,0.1788261582866073
fold_state_stratified,G2_base_agro,HistGBLarge,3,AGC_067,3.0,3.4253300141526863,-0.42533001415268634
fold_state_stratified,G2_base_agro,HistGBLarge,3,AGC_069,5.46,4.329117689345934,1.1308823106540657
fold_state_stratified,G2_base_agro,HistGBLarge,3,AGC_070,3.3,3.210577371836145,0.0894226281638546
fold_state_stratified,G2_base_agro,HistGBLarge,3,AGC_072,4.55,4.246552264044174,0.3034477359558254
fold_state_stratified,G2_base_agro,HistGBLarge,3,AGC_074,2.5,3.351868212086104,-0.8518682120861039
fold_state_stratified,G2_base_agro,HistGBLarge,3,AGC_077,4.76,4.469988306537469,0.29001169346253075
fold_state_stratified,G2_base_agro,HistGBLarge,3,AGC_089,3.0,3.091078509934925,-0.09107850993492494
fold_state_stratified,G2_base_agro,HistGBLarge,3,AGC_097,4.69,4.205670834257729,0.48432916574227125
fold_state_stratified,G2_base_agro,HistGBLarge,3,AGC_106,4.43,3.5168372731241253,0.9131627268758744
fold_state_stratified,G2_base_agro,HistGBLarge,3,AGC_110,4.18,4.033739924492242,0.1462600755077581
fold_state_stratified,G2_base_agro,HistGBLarge,3,AGC_138,2.5,3.3415498479992274,-0.8415498479992274
fold_state_stratified,G2_base_agro,HistGBLarge,3,AGC_155,4.52,4.410118595473458,0.10988140452654171
fold_state_stratified,G2_base_agro,HistGBLarge,3,AGC_163,3.0,3.064696682750064,-0.06469668275006413
fold_state_stratified,G2_base_agro,HistGBLarge,3,AGC_165,4.44,4.190304562956347,0.2496954370436537
fold_state_stratified,G2_base_agro,HistGBLarge,3,AGC_196,3.5,3.089185250753417,0.4108147492465828
fold_state_stratified,G2_base_agro,HistGBLarge,3,AGC_197,4.52,4.240863174519832,0.27913682548016716
fold_state_stratified,G2_base_agro,HistGBLarge,4,AGC_007,3.5,2.8745200214541513,0.6254799785458487
fold_state_stratified,G2_base_agro,HistGBLarge,4,AGC_012,4.69,5.245538681209077,-0.555538681209077
fold_state_stratified,G2_base_agro,HistGBLarge,4,AGC_019,3.0,3.0442783290548525,-0.04427832905485252
fold_state_stratified,G2_base_agro,HistGBLarge,4,AGC_022,4.55,4.332334289381382,0.2176657106186175
fold_state_stratified,G2_base_agro,HistGBLarge,4,AGC_026,3.55,4.349061043303199,-0.7990610433031993
fold_state_stratified,G2_base_agro,HistGBLarge,4,AGC_041,2.5,3.157149352378708,-0.657149352378708
fold_state_stratified,G2_base_agro,HistGBLarge,4,AGC_048,2.5,3.4444477750673217,-0.9444477750673217
fold_state_stratified,G2_base_agro,HistGBLarge,4,AGC_056,5.07,4.895207946246001,0.17479205375399953
fold_state_stratified,G2_base_agro,HistGBLarge,4,AGC_080,3.5,3.1145799438029393,0.38542005619706066
fold_state_stratified,G2_base_agro,HistGBLarge,4,AGC_081,3.7,3.133475615091421,0.566524384908579
fold_state_stratified,G2_base_agro,HistGBLarge,4,AGC_099,3.5,3.0394835848760224,0.46051641512397756
fold_state_stratified,G2_base_agro,HistGBLarge,4,AGC_104,4.56,4.4160551941733255,0.14394480582667413
fold_state_stratified,G2_base_agro,HistGBLarge,4,AGC_109,4.54,4.719209214134633,-0.17920921413463287
fold_state_stratified,G2_base_agro,HistGBLarge,4,AGC_115,4.6,4.241937341221997,0.35806265877800225
fold_state_stratified,G2_base_agro,HistGBLarge,4,AGC_122,3.5,2.69657358453791,0.80342641546209
fold_state_stratified,G2_base_agro,HistGBLarge,4,AGC_132,4.13,4.433950154811659,-0.303950154811659
fold_state_stratified,G2_base_agro,HistGBLarge,4,AGC_140,3.2,2.672508661207087,0.5274913387929132
fold_state_stratified,G2_base_agro,HistGBLarge,4,AGC_144,2.5,2.988009478428944,-0.48800947842894393
fold_state_stratified,G2_base_agro,HistGBLarge,4,AGC_148,3.0,3.130162767310189,-0.13016276731018905
fold_state_stratified,G2_base_agro,HistGBLarge,4,AGC_152,4.87,4.557833019586834,0.31216698041316615
fold_state_stratified,G2_base_agro,HistGBLarge,4,AGC_168,4.49,4.440956845860663,0.04904315413933702
fold_state_stratified,G2_base_agro,HistGBLarge,4,AGC_170,3.0,3.111365062337428,-0.11136506233742782
fold_state_stratified,G2_base_agro,HistGBLarge,4,AGC_171,2.15,4.354503972253746,-2.2045039722537463
fold_state_stratified,G2_base_agro,HistGBLarge,4,AGC_172,5.19,4.304667018821503,0.8853329811784976
fold_state_stratified,G2_base_agro,HistGBLarge,4,AGC_176,4.38,3.842987811364975,0.5370121886350248
fold_state_stratified,G2_base_agro,HistGBLarge,4,AGC_178,4.39,4.468100063772436,-0.07810006377243628
fold_state_stratified,G2_base_agro,HistGBLarge,4,AGC_181,4.51,4.382022280751297,0.12797771924870283
fold_state_stratified,G2_base_agro,HistGBLarge,5,AGC_001,3.5,2.997833575720966,0.502166424279034
fold_state_stratified,G2_base_agro,HistGBLarge,5,AGC_002,4.63,4.104840409394426,0.5251595906055737
fold_state_stratified,G2_base_agro,HistGBLarge,5,AGC_006,4.49,4.26971742183568,0.22028257816432006
fold_state_stratified,G2_base_agro,HistGBLarge,5,AGC_013,4.01,4.007011822825387,0.0029881771746129715
fold_state_stratified,G2_base_agro,HistGBLarge,5,AGC_020,3.5,3.480654826028694,0.019345173971306195
fold_state_stratified,G2_base_agro,HistGBLarge,5,AGC_034,2.0,3.187270195581984,-1.1872701955819842
fold_state_stratified,G2_base_agro,HistGBLarge,5,AGC_035,4.68,3.893618087989071,0.7863819120109286
fold_state_stratified,G2_base_agro,HistGBLarge,5,AGC_046,3.0,3.082773873350678,-0.08277387335067798
fold_state_stratified,G2_base_agro,HistGBLarge,5,AGC_057,4.55,4.786795464702447,-0.23679546470244706
fold_state_stratified,G2_base_agro,HistGBLarge,5,AGC_060,4.52,4.884414876042944,-0.36441487604294487
fold_state_stratified,G2_base_agro,HistGBLarge,5,AGC_084,4.54,4.834727696390596,-0.2947276963905958
fold_state_stratified,G2_base_agro,HistGBLarge,5,AGC_092,4.57,3.8885981430884313,0.681401856911569
fold_state_stratified,G2_base_agro,HistGBLarge,5,AGC_096,4.59,3.8664691787918133,0.7235308212081866
fold_state_stratified,G2_base_agro,HistGBLarge,5,AGC_101,4.57,3.756908424781175,0.8130915752188255
fold_state_stratified,G2_base_agro,HistGBLarge,5,AGC_105,4.41,4.502854492136898,-0.09285449213689745
fold_state_stratified,G2_base_agro,HistGBLarge,5,AGC_114,3.0,2.901801796411667,0.09819820358833287
fold_state_stratified,G2_base_agro,HistGBLarge,5,AGC_123,2.5,3.1600506424953543,-0.6600506424953543
fold_state_stratified,G2_base_agro,HistGBLarge,5,AGC_137,4.54,4.587126035276669,-0.04712603527666914
fold_state_stratified,G2_base_agro,HistGBLarge,5,AGC_141,3.5,3.033552235375114,0.46644776462488613
fold_state_stratified,G2_base_agro,HistGBLarge,5,AGC_146,4.58,4.736062305121268,-0.15606230512126817
fold_state_stratified,G2_base_agro,HistGBLarge,5,AGC_162,5.59,4.659336437641955,0.9306635623580446
fold_state_stratified,G2_base_agro,HistGBLarge,5,AGC_169,2.5,3.0031755854846893,-0.5031755854846893
fold_state_stratified,G2_base_agro,HistGBLarge,5,AGC_179,4.55,4.626442849223421,-0.07644284922342148
fold_state_stratified,G2_base_agro,HistGBLarge,5,AGC_184,4.47,4.653950515778281,-0.1839505157782808
fold_state_stratified,G2_base_agro,HistGBLarge,5,AGC_185,5.01,4.649528397277359,0.3604716027226411
fold_state_stratified,G2_base_agro,HistGBLarge,5,AGC_189,4.03,4.572183318745471,-0.5421833187454705
fold_state_stratified,G2_base_agro,HistGBLarge,5,AGC_195,3.68,4.026841329166206,-0.34684132916620625
fold_municipality_grouped,G2_base_agro,HistGBLarge,1,AGC_001,3.5,3.0162566292943445,0.48374337070565554
fold_municipality_grouped,G2_base_agro,HistGBLarge,1,AGC_004,3.0,3.3209685924243453,-0.3209685924243453
fold_municipality_grouped,G2_base_agro,HistGBLarge,1,AGC_019,3.0,2.984378885753676,0.015621114246323842
fold_municipality_grouped,G2_base_agro,HistGBLarge,1,AGC_020,3.5,3.28710605101084,0.21289394898915992
fold_municipality_grouped,G2_base_agro,HistGBLarge,1,AGC_023,3.0,2.8800719020473142,0.11992809795268577
fold_municipality_grouped,G2_base_agro,HistGBLarge,1,AGC_037,3.5,3.478812362964097,0.021187637035902984
fold_municipality_grouped,G2_base_agro,HistGBLarge,1,AGC_040,3.0,3.1025059820863263,-0.10250598208632633
fold_municipality_grouped,G2_base_agro,HistGBLarge,1,AGC_044,3.5,3.0855821455912644,0.4144178544087356
fold_municipality_grouped,G2_base_agro,HistGBLarge,1,AGC_046,3.0,3.1490274116533965,-0.1490274116533965
fold_municipality_grouped,G2_base_agro,HistGBLarge,1,AGC_053,3.5,3.2654181924909325,0.23458180750906754
fold_municipality_grouped,G2_base_agro,HistGBLarge,1,AGC_054,2.5,2.9621570227889817,-0.46215702278898174
fold_municipality_grouped,G2_base_agro,HistGBLarge,1,AGC_058,2.5,3.445458317746673,-0.9454583177466729
fold_municipality_grouped,G2_base_agro,HistGBLarge,1,AGC_066,3.0,2.9169043025453014,0.08309569745469858
fold_municipality_grouped,G2_base_agro,HistGBLarge,1,AGC_068,2.5,3.1922512609075713,-0.6922512609075713
fold_municipality_grouped,G2_base_agro,HistGBLarge,1,AGC_074,2.5,3.2822405304983353,-0.7822405304983353
fold_municipality_grouped,G2_base_agro,HistGBLarge,1,AGC_098,3.0,3.2866547330398137,-0.2866547330398137
fold_municipality_grouped,G2_base_agro,HistGBLarge,1,AGC_099,3.5,3.4328462242242384,0.06715377577576165
fold_municipality_grouped,G2_base_agro,HistGBLarge,1,AGC_103,3.0,3.0715647042160246,-0.07156470421602457
fold_municipality_grouped,G2_base_agro,HistGBLarge,1,AGC_112,3.0,3.2315836387771535,-0.2315836387771535
fold_municipality_grouped,G2_base_agro,HistGBLarge,1,AGC_114,3.0,3.3450436094777722,-0.34504360947777224
fold_municipality_grouped,G2_base_agro,HistGBLarge,1,AGC_117,3.5,3.3268624356230685,0.1731375643769315
fold_municipality_grouped,G2_base_agro,HistGBLarge,1,AGC_122,3.5,2.986090950984553,0.5139090490154472
fold_municipality_grouped,G2_base_agro,HistGBLarge,1,AGC_123,2.5,3.08484413382901,-0.58484413382901
fold_municipality_grouped,G2_base_agro,HistGBLarge,1,AGC_138,2.5,3.514716422146399,-1.0147164221463991
fold_municipality_grouped,G2_base_agro,HistGBLarge,1,AGC_141,3.5,3.399259379578661,0.1007406204213388
fold_municipality_grouped,G2_base_agro,HistGBLarge,1,AGC_144,2.5,3.0322944633560964,-0.5322944633560964
fold_municipality_grouped,G2_base_agro,HistGBLarge,1,AGC_145,3.5,3.231471345222137,0.2685286547778629
fold_municipality_grouped,G2_base_agro,HistGBLarge,1,AGC_157,3.0,3.363360237936934,-0.36336023793693384
fold_municipality_grouped,G2_base_agro,HistGBLarge,1,AGC_163,3.0,3.291318238896379,-0.2913182388963791
fold_municipality_grouped,G2_base_agro,HistGBLarge,1,AGC_169,2.5,3.354100380503807,-0.854100380503807
fold_municipality_grouped,G2_base_agro,HistGBLarge,1,AGC_170,3.0,3.0531929262154196,-0.0531929262154196
fold_municipality_grouped,G2_base_agro,HistGBLarge,1,AGC_187,3.0,3.2518831775946975,-0.25188317759469747
fold_municipality_grouped,G2_base_agro,HistGBLarge,1,AGC_196,3.5,3.1050076677147733,0.3949923322852267
fold_municipality_grouped,G2_base_agro,HistGBLarge,2,AGC_007,3.5,4.184303850537226,-0.6843038505372263
fold_municipality_grouped,G2_base_agro,HistGBLarge,2,AGC_034,2.0,4.243145821678355,-2.243145821678355
fold_municipality_grouped,G2_base_agro,HistGBLarge,2,AGC_038,3.3,3.9741132004743296,-0.6741132004743298
fold_municipality_grouped,G2_base_agro,HistGBLarge,2,AGC_041,2.5,4.456866966334783,-1.9568669663347826
fold_municipality_grouped,G2_base_agro,HistGBLarge,2,AGC_067,3.0,4.418999399548302,-1.4189993995483023
fold_municipality_grouped,G2_base_agro,HistGBLarge,2,AGC_070,3.3,4.367563180095789,-1.0675631800957888
fold_municipality_grouped,G2_base_agro,HistGBLarge,2,AGC_078,3.0,4.0298058216747945,-1.0298058216747945
fold_municipality_grouped,G2_base_agro,HistGBLarge,2,AGC_079,3.3,4.4423545664005415,-1.1423545664005417
fold_municipality_grouped,G2_base_agro,HistGBLarge,2,AGC_080,3.5,4.320807594297319,-0.8208075942973192
fold_municipality_grouped,G2_base_agro,HistGBLarge,2,AGC_081,3.7,4.56598774554253,-0.8659877455425296
fold_municipality_grouped,G2_base_agro,HistGBLarge,2,AGC_089,3.0,4.2118004649318195,-1.2118004649318195
fold_municipality_grouped,G2_base_agro,HistGBLarge,2,AGC_121,3.3,4.357957155586659,-1.0579571555866591
fold_municipality_grouped,G2_base_agro,HistGBLarge,2,AGC_140,3.2,4.317321704965875,-1.1173217049658746
fold_municipality_grouped,G2_base_agro,HistGBLarge,2,AGC_148,3.0,4.229819352140222,-1.2298193521402219
fold_municipality_grouped,G2_base_agro,HistGBLarge,2,AGC_166,2.5,4.314723988828625,-1.814723988828625
fold_municipality_grouped,G2_base_agro,HistGBLarge,2,AGC_194,3.2,4.506611994287725,-1.3066119942877252
fold_municipality_grouped,G2_base_agro,HistGBLarge,3,AGC_051,4.45,3.8457777488527873,0.6042222511472128
fold_municipality_grouped,G2_base_agro,HistGBLarge,3,AGC_059,4.41,4.168124675871441,0.24187532412855894
fold_municipality_grouped,G2_base_agro,HistGBLarge,3,AGC_084,4.54,4.323637390316158,0.21636260968384224
fold_municipality_grouped,G2_base_agro,HistGBLarge,3,AGC_134,4.52,4.477987474279234,0.042012525720765304
fold_municipality_grouped,G2_base_agro,HistGBLarge,3,AGC_137,4.54,4.289062714960449,0.2509372850395506
fold_municipality_grouped,G2_base_agro,HistGBLarge,3,AGC_146,4.58,4.790251028276501,-0.21025102827650066
fold_municipality_grouped,G2_base_agro,HistGBLarge,3,AGC_151,4.69,4.4516364546461284,0.23836354535387194
fold_municipality_grouped,G2_base_agro,HistGBLarge,3,AGC_152,4.87,4.089929119572227,0.7800708804277727
fold_municipality_grouped,G2_base_agro,HistGBLarge,3,AGC_180,4.14,4.24972400935284,-0.10972400935284021
fold_municipality_grouped,G2_base_agro,HistGBLarge,3,AGC_184,4.47,4.418787244875961,0.051212755124038445
fold_municipality_grouped,G2_base_agro,HistGBLarge,4,AGC_002,4.63,3.5438200385666736,1.0861799614333263
fold_municipality_grouped,G2_base_agro,HistGBLarge,4,AGC_005,5.16,3.7643858417234597,1.3956141582765405
fold_municipality_grouped,G2_base_agro,HistGBLarge,4,AGC_006,4.49,3.588183753588849,0.9018162464111512
fold_municipality_grouped,G2_base_agro,HistGBLarge,4,AGC_008,4.55,3.5672362074462867,0.9827637925537132
fold_municipality_grouped,G2_base_agro,HistGBLarge,4,AGC_010,4.1,3.763223095449995,0.33677690455000464
fold_municipality_grouped,G2_base_agro,HistGBLarge,4,AGC_012,4.69,3.4261125912742347,1.2638874087257657
fold_municipality_grouped,G2_base_agro,HistGBLarge,4,AGC_013,4.01,3.4358064581724523,0.5741935418275474
fold_municipality_grouped,G2_base_agro,HistGBLarge,4,AGC_014,4.83,3.788918030242452,1.0410819697575482
fold_municipality_grouped,G2_base_agro,HistGBLarge,4,AGC_015,2.64,3.388245694011541,-0.748245694011541
fold_municipality_grouped,G2_base_agro,HistGBLarge,4,AGC_017,4.98,3.3138506485264227,1.6661493514735777
fold_municipality_grouped,G2_base_agro,HistGBLarge,4,AGC_018,4.49,3.5673339731573104,0.9226660268426898
fold_municipality_grouped,G2_base_agro,HistGBLarge,4,AGC_021,4.94,3.242047519237231,1.6979524807627695
fold_municipality_grouped,G2_base_agro,HistGBLarge,4,AGC_022,4.55,3.457016227641561,1.0929837723584388
fold_municipality_grouped,G2_base_agro,HistGBLarge,4,AGC_024,3.03,3.6581484708477943,-0.6281484708477945
fold_municipality_grouped,G2_base_agro,HistGBLarge,4,AGC_026,3.55,3.4927962334478,0.05720376655219983
fold_municipality_grouped,G2_base_agro,HistGBLarge,4,AGC_032,4.03,3.346361349641372,0.683638650358628
fold_municipality_grouped,G2_base_agro,HistGBLarge,4,AGC_033,4.47,3.3651671868848454,1.1048328131151544
fold_municipality_grouped,G2_base_agro,HistGBLarge,4,AGC_045,4.1,3.655296218743947,0.4447037812560528
fold_municipality_grouped,G2_base_agro,HistGBLarge,4,AGC_047,4.45,3.2483876480701697,1.2016123519298305
fold_municipality_grouped,G2_base_agro,HistGBLarge,4,AGC_049,5.53,3.3296903237468296,2.2003096762531706
fold_municipality_grouped,G2_base_agro,HistGBLarge,4,AGC_055,5.45,3.3305543031683253,2.119445696831675
fold_municipality_grouped,G2_base_agro,HistGBLarge,4,AGC_056,5.07,3.269106900396696,1.8008930996033041
fold_municipality_grouped,G2_base_agro,HistGBLarge,4,AGC_057,4.55,3.3453716180895867,1.204628381910413
fold_municipality_grouped,G2_base_agro,HistGBLarge,4,AGC_060,4.52,3.268185987158461,1.2518140128415385
fold_municipality_grouped,G2_base_agro,HistGBLarge,4,AGC_062,3.81,3.6346696060269195,0.1753303939730806
fold_municipality_grouped,G2_base_agro,HistGBLarge,4,AGC_069,5.46,3.438444062452237,2.0215559375477627
fold_municipality_grouped,G2_base_agro,HistGBLarge,4,AGC_072,4.55,3.396512663017574,1.1534873369824257
fold_municipality_grouped,G2_base_agro,HistGBLarge,4,AGC_073,4.3,3.6481341535189142,0.6518658464810856
fold_municipality_grouped,G2_base_agro,HistGBLarge,4,AGC_077,4.76,3.278063081250008,1.4819369187499918
fold_municipality_grouped,G2_base_agro,HistGBLarge,4,AGC_090,4.68,3.663775626363583,1.0162243736364167
fold_municipality_grouped,G2_base_agro,HistGBLarge,4,AGC_092,4.57,3.3821426274532724,1.1878573725467279
fold_municipality_grouped,G2_base_agro,HistGBLarge,4,AGC_096,4.59,3.523771838990433,1.0662281610095667
fold_municipality_grouped,G2_base_agro,HistGBLarge,4,AGC_097,4.69,3.2646672485370978,1.4253327514629026
fold_municipality_grouped,G2_base_agro,HistGBLarge,4,AGC_100,4.5,3.6935762794981923,0.8064237205018077
fold_municipality_grouped,G2_base_agro,HistGBLarge,4,AGC_101,4.57,3.387574111786177,1.1824258882138232
fold_municipality_grouped,G2_base_agro,HistGBLarge,4,AGC_102,4.4,3.6068085582390466,0.7931914417609538
fold_municipality_grouped,G2_base_agro,HistGBLarge,4,AGC_104,4.56,3.7439369621267824,0.8160630378732172
fold_municipality_grouped,G2_base_agro,HistGBLarge,4,AGC_105,4.41,3.4160665006602535,0.9939334993397466
fold_municipality_grouped,G2_base_agro,HistGBLarge,4,AGC_106,4.43,3.4244220178419957,1.005577982158004
fold_municipality_grouped,G2_base_agro,HistGBLarge,4,AGC_108,4.51,3.141221846945537,1.3687781530544627
fold_municipality_grouped,G2_base_agro,HistGBLarge,4,AGC_109,4.54,3.349110978938508,1.190889021061492
fold_municipality_grouped,G2_base_agro,HistGBLarge,4,AGC_110,4.18,3.6386723713791427,0.541327628620857
fold_municipality_grouped,G2_base_agro,HistGBLarge,4,AGC_111,4.72,3.553425030616024,1.1665749693839755
fold_municipality_grouped,G2_base_agro,HistGBLarge,4,AGC_115,4.6,3.39323218893463,1.2067678110653697
fold_municipality_grouped,G2_base_agro,HistGBLarge,4,AGC_124,5.05,3.3463001626164806,1.7036998373835193
fold_municipality_grouped,G2_base_agro,HistGBLarge,4,AGC_125,4.06,3.734055281486521,0.3259447185134787
fold_municipality_grouped,G2_base_agro,HistGBLarge,4,AGC_127,5.57,3.680402392277044,1.8895976077229562
fold_municipality_grouped,G2_base_agro,HistGBLarge,4,AGC_131,4.89,3.86556067575482,1.0244393242451797
fold_municipality_grouped,G2_base_agro,HistGBLarge,4,AGC_132,4.13,3.4443642629882807,0.6856357370117192
fold_municipality_grouped,G2_base_agro,HistGBLarge,4,AGC_133,3.91,3.419638985922221,0.490361014077779
fold_municipality_grouped,G2_base_agro,HistGBLarge,4,AGC_135,4.49,3.3858994454639704,1.1041005545360298
fold_municipality_grouped,G2_base_agro,HistGBLarge,4,AGC_139,4.67,3.4815999910740065,1.1884000089259934
fold_municipality_grouped,G2_base_agro,HistGBLarge,4,AGC_150,4.52,3.7681403697869453,0.7518596302130542
fold_municipality_grouped,G2_base_agro,HistGBLarge,4,AGC_155,4.52,3.569173553960564,0.9508264460394358
fold_municipality_grouped,G2_base_agro,HistGBLarge,4,AGC_159,4.77,3.4389886380606076,1.331011361939392
fold_municipality_grouped,G2_base_agro,HistGBLarge,4,AGC_160,3.62,3.2867878989467587,0.3332121010532414
fold_municipality_grouped,G2_base_agro,HistGBLarge,4,AGC_161,4.46,3.452647639731987,1.0073523602680128
fold_municipality_grouped,G2_base_agro,HistGBLarge,4,AGC_162,5.59,3.173386185469668,2.416613814530332
fold_municipality_grouped,G2_base_agro,HistGBLarge,4,AGC_164,3.0,3.8098953073718085,-0.8098953073718085
fold_municipality_grouped,G2_base_agro,HistGBLarge,4,AGC_165,4.44,3.3023992790926737,1.1376007209073267
fold_municipality_grouped,G2_base_agro,HistGBLarge,4,AGC_167,4.54,3.714899122131346,0.8251008778686542
fold_municipality_grouped,G2_base_agro,HistGBLarge,4,AGC_168,4.49,3.5362396554541116,0.9537603445458886
fold_municipality_grouped,G2_base_agro,HistGBLarge,4,AGC_171,2.15,3.4666694776673492,-1.3166694776673493
fold_municipality_grouped,G2_base_agro,HistGBLarge,4,AGC_172,5.19,3.3721357051524317,1.8178642948475687
fold_municipality_grouped,G2_base_agro,HistGBLarge,4,AGC_176,4.38,3.3176097534930133,1.0623902465069865
fold_municipality_grouped,G2_base_agro,HistGBLarge,4,AGC_178,4.39,3.3923056754186875,0.9976943245813121
fold_municipality_grouped,G2_base_agro,HistGBLarge,4,AGC_179,4.55,3.4082105218575895,1.1417894781424103
fold_municipality_grouped,G2_base_agro,HistGBLarge,4,AGC_181,4.51,3.4406339567559785,1.0693660432440213
fold_municipality_grouped,G2_base_agro,HistGBLarge,4,AGC_185,5.01,3.864492188809037,1.1455078111909627
fold_municipality_grouped,G2_base_agro,HistGBLarge,4,AGC_189,4.03,3.571904719749685,0.4580952802503151
fold_municipality_grouped,G2_base_agro,HistGBLarge,4,AGC_193,4.57,3.3643265799132944,1.2056734200867059
fold_municipality_grouped,G2_base_agro,HistGBLarge,4,AGC_195,3.68,3.6981487832928477,-0.018148783292847526
fold_municipality_grouped,G2_base_agro,HistGBLarge,4,AGC_197,4.52,3.4619349977134553,1.0580650022865443
fold_municipality_grouped,G2_base_agro,HistGBLarge,5,AGC_009,4.79,4.931726803241624,-0.14172680324162368
fold_municipality_grouped,G2_base_agro,HistGBLarge,5,AGC_035,4.68,3.9707778340697515,0.7092221659302482
fold_municipality_grouped,G2_base_agro,HistGBLarge,5,AGC_048,2.5,3.72731514311786,-1.2273151431178602
fold_municipality_grouped,G2_base_agro,HistGBLarge,5,AGC_064,4.51,5.101494145149126,-0.5914941451491265
fold_municipality_grouped,G2_base_agro,HistGBLarge,5,AGC_083,4.61,4.091173189466678,0.518826810533322
fold_municipality_grouped,G2_base_agro,HistGBLarge,5,AGC_119,4.4,4.726037183599461,-0.32603718359946043
fold_state_stratified,G3_all_deterministic,HistGBLarge,1,AGC_009,4.79,4.645222859301999,0.14477714069800118
fold_state_stratified,G3_all_deterministic,HistGBLarge,1,AGC_015,2.64,4.894648116346103,-2.2546481163461025
fold_state_stratified,G3_all_deterministic,HistGBLarge,1,AGC_017,4.98,4.637658281029854,0.34234171897014676
fold_state_stratified,G3_all_deterministic,HistGBLarge,1,AGC_032,4.03,4.657912745244698,-0.6279127452446973
fold_state_stratified,G3_all_deterministic,HistGBLarge,1,AGC_045,4.1,4.595853114883646,-0.49585311488364603
fold_state_stratified,G3_all_deterministic,HistGBLarge,1,AGC_054,2.5,2.911747883760618,-0.4117478837606181
fold_state_stratified,G3_all_deterministic,HistGBLarge,1,AGC_058,2.5,3.363115513948417,-0.8631155139484168
fold_state_stratified,G3_all_deterministic,HistGBLarge,1,AGC_068,2.5,3.018408062787477,-0.518408062787477
fold_state_stratified,G3_all_deterministic,HistGBLarge,1,AGC_073,4.3,4.210522061739689,0.08947793826031081
fold_state_stratified,G3_all_deterministic,HistGBLarge,1,AGC_079,3.3,2.8794834847848043,0.4205165152151955
fold_state_stratified,G3_all_deterministic,HistGBLarge,1,AGC_083,4.61,3.860795810787707,0.7492041892122931
fold_state_stratified,G3_all_deterministic,HistGBLarge,1,AGC_090,4.68,4.649400387660078,0.030599612339921478
fold_state_stratified,G3_all_deterministic,HistGBLarge,1,AGC_102,4.4,4.003829802177593,0.39617019782240703
fold_state_stratified,G3_all_deterministic,HistGBLarge,1,AGC_103,3.0,2.9505836939326437,0.04941630606735625
fold_state_stratified,G3_all_deterministic,HistGBLarge,1,AGC_111,4.72,4.540815511985293,0.1791844880147071
fold_state_stratified,G3_all_deterministic,HistGBLarge,1,AGC_112,3.0,3.0628378228920674,-0.06283782289206741
fold_state_stratified,G3_all_deterministic,HistGBLarge,1,AGC_117,3.5,3.443325992078889,0.05667400792111099
fold_state_stratified,G3_all_deterministic,HistGBLarge,1,AGC_119,4.4,4.590765293702566,-0.19076529370256523
fold_state_stratified,G3_all_deterministic,HistGBLarge,1,AGC_121,3.3,3.011681851525392,0.288318148474608
fold_state_stratified,G3_all_deterministic,HistGBLarge,1,AGC_127,5.57,4.50006192426691,1.0699380757330905
fold_state_stratified,G3_all_deterministic,HistGBLarge,1,AGC_133,3.91,4.316956682029053,-0.4069566820290529
fold_state_stratified,G3_all_deterministic,HistGBLarge,1,AGC_139,4.67,4.3470578920087375,0.32294210799126244
fold_state_stratified,G3_all_deterministic,HistGBLarge,1,AGC_159,4.77,4.772647106433748,-0.0026471064337485473
fold_state_stratified,G3_all_deterministic,HistGBLarge,1,AGC_161,4.46,4.724862133448805,-0.2648621334488048
fold_state_stratified,G3_all_deterministic,HistGBLarge,1,AGC_164,3.0,3.2837428865926284,-0.28374288659262836
fold_state_stratified,G3_all_deterministic,HistGBLarge,1,AGC_167,4.54,4.680097958247123,-0.14009795824712334
fold_state_stratified,G3_all_deterministic,HistGBLarge,1,AGC_180,4.14,4.5936722381735775,-0.4536722381735778
fold_state_stratified,G3_all_deterministic,HistGBLarge,1,AGC_187,3.0,3.0003592777415706,-0.0003592777415706294
fold_state_stratified,G3_all_deterministic,HistGBLarge,2,AGC_008,4.55,4.059613534377608,0.4903864656223922
fold_state_stratified,G3_all_deterministic,HistGBLarge,2,AGC_024,3.03,4.177225959888646,-1.147225959888646
fold_state_stratified,G3_all_deterministic,HistGBLarge,2,AGC_033,4.47,4.673428280850532,-0.20342828085053188
fold_state_stratified,G3_all_deterministic,HistGBLarge,2,AGC_037,3.5,2.99822774692953,0.5017722530704698
fold_state_stratified,G3_all_deterministic,HistGBLarge,2,AGC_040,3.0,3.0010865724040205,-0.0010865724040205471
fold_state_stratified,G3_all_deterministic,HistGBLarge,2,AGC_047,4.45,3.2751712992963267,1.1748287007036735
fold_state_stratified,G3_all_deterministic,HistGBLarge,2,AGC_049,5.53,4.753501288504711,0.7764987114952895
fold_state_stratified,G3_all_deterministic,HistGBLarge,2,AGC_053,3.5,3.1829184758856344,0.31708152411436563
fold_state_stratified,G3_all_deterministic,HistGBLarge,2,AGC_055,5.45,4.27342450946704,1.1765754905329606
fold_state_stratified,G3_all_deterministic,HistGBLarge,2,AGC_062,3.81,4.425818454666026,-0.6158184546660261
fold_state_stratified,G3_all_deterministic,HistGBLarge,2,AGC_064,4.51,4.843960010912634,-0.3339600109126346
fold_state_stratified,G3_all_deterministic,HistGBLarge,2,AGC_078,3.0,3.337406529251973,-0.337406529251973
fold_state_stratified,G3_all_deterministic,HistGBLarge,2,AGC_098,3.0,3.2014772316571625,-0.20147723165716247
fold_state_stratified,G3_all_deterministic,HistGBLarge,2,AGC_100,4.5,4.272372484083148,0.22762751591685237
fold_state_stratified,G3_all_deterministic,HistGBLarge,2,AGC_108,4.51,4.755324067574916,-0.24532406757491643
fold_state_stratified,G3_all_deterministic,HistGBLarge,2,AGC_124,5.05,5.052003933709679,-0.0020039337096795506
fold_state_stratified,G3_all_deterministic,HistGBLarge,2,AGC_125,4.06,4.325453202619337,-0.26545320261933725
fold_state_stratified,G3_all_deterministic,HistGBLarge,2,AGC_131,4.89,4.585258193996759,0.30474180600324097
fold_state_stratified,G3_all_deterministic,HistGBLarge,2,AGC_134,4.52,4.393879249221432,0.12612075077856755
fold_state_stratified,G3_all_deterministic,HistGBLarge,2,AGC_135,4.49,4.5606292029671,-0.0706292029670994
fold_state_stratified,G3_all_deterministic,HistGBLarge,2,AGC_145,3.5,3.1079157343564785,0.3920842656435215
fold_state_stratified,G3_all_deterministic,HistGBLarge,2,AGC_150,4.52,4.397770192631773,0.12222980736822642
fold_state_stratified,G3_all_deterministic,HistGBLarge,2,AGC_151,4.69,4.663755945167488,0.02624405483251202
fold_state_stratified,G3_all_deterministic,HistGBLarge,2,AGC_157,3.0,3.252088245164555,-0.25208824516455497
fold_state_stratified,G3_all_deterministic,HistGBLarge,2,AGC_160,3.62,4.732995402231724,-1.112995402231724
fold_state_stratified,G3_all_deterministic,HistGBLarge,2,AGC_166,2.5,3.0263748632355445,-0.5263748632355445
fold_state_stratified,G3_all_deterministic,HistGBLarge,2,AGC_193,4.57,4.04864156389538,0.5213584361046202
fold_state_stratified,G3_all_deterministic,HistGBLarge,2,AGC_194,3.2,2.729750685037542,0.47024931496245825
fold_state_stratified,G3_all_deterministic,HistGBLarge,3,AGC_004,3.0,3.0666340179843243,-0.06663401798432433
fold_state_stratified,G3_all_deterministic,HistGBLarge,3,AGC_005,5.16,4.410165420168315,0.7498345798316848
fold_state_stratified,G3_all_deterministic,HistGBLarge,3,AGC_010,4.1,3.8884891286980836,0.21151087130191604
fold_state_stratified,G3_all_deterministic,HistGBLarge,3,AGC_014,4.83,4.490688540377834,0.33931145962216647
fold_state_stratified,G3_all_deterministic,HistGBLarge,3,AGC_018,4.49,4.331681083292075,0.15831891670792508
fold_state_stratified,G3_all_deterministic,HistGBLarge,3,AGC_021,4.94,4.745910198854582,0.1940898011454184
fold_state_stratified,G3_all_deterministic,HistGBLarge,3,AGC_023,3.0,2.6893962081805234,0.3106037918194766
fold_state_stratified,G3_all_deterministic,HistGBLarge,3,AGC_038,3.3,3.143767860532123,0.15623213946787695
fold_state_stratified,G3_all_deterministic,HistGBLarge,3,AGC_044,3.5,2.9937570749047127,0.5062429250952873
fold_state_stratified,G3_all_deterministic,HistGBLarge,3,AGC_051,4.45,4.059648782095856,0.3903512179041444
fold_state_stratified,G3_all_deterministic,HistGBLarge,3,AGC_059,4.41,4.218809174702386,0.191190825297614
fold_state_stratified,G3_all_deterministic,HistGBLarge,3,AGC_066,3.0,2.8127012636869146,0.18729873631308536
fold_state_stratified,G3_all_deterministic,HistGBLarge,3,AGC_067,3.0,3.336052019579722,-0.33605201957972186
fold_state_stratified,G3_all_deterministic,HistGBLarge,3,AGC_069,5.46,4.436416267984855,1.0235837320151449
fold_state_stratified,G3_all_deterministic,HistGBLarge,3,AGC_070,3.3,2.9893295274162166,0.3106704725837832
fold_state_stratified,G3_all_deterministic,HistGBLarge,3,AGC_072,4.55,4.291282207203745,0.2587177927962552
fold_state_stratified,G3_all_deterministic,HistGBLarge,3,AGC_074,2.5,3.4557324485980465,-0.9557324485980465
fold_state_stratified,G3_all_deterministic,HistGBLarge,3,AGC_077,4.76,4.527719367556869,0.23228063244313102
fold_state_stratified,G3_all_deterministic,HistGBLarge,3,AGC_089,3.0,3.1329620240050695,-0.1329620240050695
fold_state_stratified,G3_all_deterministic,HistGBLarge,3,AGC_097,4.69,4.107518831941411,0.5824811680585897
fold_state_stratified,G3_all_deterministic,HistGBLarge,3,AGC_106,4.43,4.037887105477551,0.392112894522449
fold_state_stratified,G3_all_deterministic,HistGBLarge,3,AGC_110,4.18,3.8993781358148545,0.28062186418514523
fold_state_stratified,G3_all_deterministic,HistGBLarge,3,AGC_138,2.5,3.406404583553679,-0.9064045835536789
fold_state_stratified,G3_all_deterministic,HistGBLarge,3,AGC_155,4.52,4.592415463003993,-0.07241546300399371
fold_state_stratified,G3_all_deterministic,HistGBLarge,3,AGC_163,3.0,3.100458033245666,-0.10045803324566593
fold_state_stratified,G3_all_deterministic,HistGBLarge,3,AGC_165,4.44,4.116560342461252,0.32343965753874837
fold_state_stratified,G3_all_deterministic,HistGBLarge,3,AGC_196,3.5,3.0533585996423156,0.4466414003576844
fold_state_stratified,G3_all_deterministic,HistGBLarge,3,AGC_197,4.52,4.302497053007892,0.21750294699210748
fold_state_stratified,G3_all_deterministic,HistGBLarge,4,AGC_007,3.5,2.8285247043235233,0.6714752956764767
fold_state_stratified,G3_all_deterministic,HistGBLarge,4,AGC_012,4.69,5.242725078971086,-0.5527250789710854
fold_state_stratified,G3_all_deterministic,HistGBLarge,4,AGC_019,3.0,3.0997549322427456,-0.09975493224274556
fold_state_stratified,G3_all_deterministic,HistGBLarge,4,AGC_022,4.55,4.46218484632142,0.08781515367858006
fold_state_stratified,G3_all_deterministic,HistGBLarge,4,AGC_026,3.55,4.416742761070496,-0.8667427610704959
fold_state_stratified,G3_all_deterministic,HistGBLarge,4,AGC_041,2.5,3.207419369112136,-0.7074193691121362
fold_state_stratified,G3_all_deterministic,HistGBLarge,4,AGC_048,2.5,3.297264335242004,-0.7972643352420041
fold_state_stratified,G3_all_deterministic,HistGBLarge,4,AGC_056,5.07,4.745669735379315,0.32433026462068515
fold_state_stratified,G3_all_deterministic,HistGBLarge,4,AGC_080,3.5,3.1329295473890473,0.3670704526109527
fold_state_stratified,G3_all_deterministic,HistGBLarge,4,AGC_081,3.7,3.2545572220811696,0.4454427779188306
fold_state_stratified,G3_all_deterministic,HistGBLarge,4,AGC_099,3.5,3.1462968898691965,0.35370311013080347
fold_state_stratified,G3_all_deterministic,HistGBLarge,4,AGC_104,4.56,4.397439095137933,0.1625609048620662
fold_state_stratified,G3_all_deterministic,HistGBLarge,4,AGC_109,4.54,4.7526324744314055,-0.21263247443140543
fold_state_stratified,G3_all_deterministic,HistGBLarge,4,AGC_115,4.6,4.338393905172828,0.26160609482717145
fold_state_stratified,G3_all_deterministic,HistGBLarge,4,AGC_122,3.5,2.6429972407357125,0.8570027592642875
fold_state_stratified,G3_all_deterministic,HistGBLarge,4,AGC_132,4.13,4.391041057105987,-0.26104105710598713
fold_state_stratified,G3_all_deterministic,HistGBLarge,4,AGC_140,3.2,2.7012378354142497,0.4987621645857505
fold_state_stratified,G3_all_deterministic,HistGBLarge,4,AGC_144,2.5,3.0886064234538333,-0.5886064234538333
fold_state_stratified,G3_all_deterministic,HistGBLarge,4,AGC_148,3.0,3.0242718098124435,-0.02427180981244348
fold_state_stratified,G3_all_deterministic,HistGBLarge,4,AGC_152,4.87,4.440898412642176,0.4291015873578239
fold_state_stratified,G3_all_deterministic,HistGBLarge,4,AGC_168,4.49,4.499768013428175,-0.00976801342817435
fold_state_stratified,G3_all_deterministic,HistGBLarge,4,AGC_170,3.0,3.0130584361902177,-0.013058436190217737
fold_state_stratified,G3_all_deterministic,HistGBLarge,4,AGC_171,2.15,4.445047845505891,-2.295047845505891
fold_state_stratified,G3_all_deterministic,HistGBLarge,4,AGC_172,5.19,4.190518123077542,0.9994818769224585
fold_state_stratified,G3_all_deterministic,HistGBLarge,4,AGC_176,4.38,3.818806723917929,0.5611932760820708
fold_state_stratified,G3_all_deterministic,HistGBLarge,4,AGC_178,4.39,4.515780955717013,-0.12578095571701375
fold_state_stratified,G3_all_deterministic,HistGBLarge,4,AGC_181,4.51,4.470388308135481,0.039611691864518406
fold_state_stratified,G3_all_deterministic,HistGBLarge,5,AGC_001,3.5,2.9651108380928854,0.5348891619071146
fold_state_stratified,G3_all_deterministic,HistGBLarge,5,AGC_002,4.63,4.106552186727107,0.5234478132728926
fold_state_stratified,G3_all_deterministic,HistGBLarge,5,AGC_006,4.49,4.168622666859131,0.3213773331408696
fold_state_stratified,G3_all_deterministic,HistGBLarge,5,AGC_013,4.01,4.055215185017938,-0.04521518501793853
fold_state_stratified,G3_all_deterministic,HistGBLarge,5,AGC_020,3.5,3.5056799860577197,-0.005679986057719688
fold_state_stratified,G3_all_deterministic,HistGBLarge,5,AGC_034,2.0,3.270978328145166,-1.270978328145166
fold_state_stratified,G3_all_deterministic,HistGBLarge,5,AGC_035,4.68,4.003517941800546,0.6764820581994533
fold_state_stratified,G3_all_deterministic,HistGBLarge,5,AGC_046,3.0,3.0862772445353412,-0.08627724453534125
fold_state_stratified,G3_all_deterministic,HistGBLarge,5,AGC_057,4.55,4.919137085659522,-0.3691370856595224
fold_state_stratified,G3_all_deterministic,HistGBLarge,5,AGC_060,4.52,4.916890029746048,-0.39689002974604826
fold_state_stratified,G3_all_deterministic,HistGBLarge,5,AGC_084,4.54,4.653989543134808,-0.11398954313480836
fold_state_stratified,G3_all_deterministic,HistGBLarge,5,AGC_092,4.57,3.987391497722243,0.5826085022777572
fold_state_stratified,G3_all_deterministic,HistGBLarge,5,AGC_096,4.59,3.9714232672890963,0.6185767327109035
fold_state_stratified,G3_all_deterministic,HistGBLarge,5,AGC_101,4.57,3.648377532387864,0.9216224676121363
fold_state_stratified,G3_all_deterministic,HistGBLarge,5,AGC_105,4.41,4.4305016879291585,-0.020501687929158408
fold_state_stratified,G3_all_deterministic,HistGBLarge,5,AGC_114,3.0,2.9129438125146194,0.08705618748538058
fold_state_stratified,G3_all_deterministic,HistGBLarge,5,AGC_123,2.5,3.106833790048584,-0.6068337900485838
fold_state_stratified,G3_all_deterministic,HistGBLarge,5,AGC_137,4.54,4.610739762772326,-0.07073976277232585
fold_state_stratified,G3_all_deterministic,HistGBLarge,5,AGC_141,3.5,3.0640782979085017,0.4359217020914983
fold_state_stratified,G3_all_deterministic,HistGBLarge,5,AGC_146,4.58,4.724130357639153,-0.1441303576391526
fold_state_stratified,G3_all_deterministic,HistGBLarge,5,AGC_162,5.59,4.7559943444324375,0.8340056555675623
fold_state_stratified,G3_all_deterministic,HistGBLarge,5,AGC_169,2.5,3.0417203176258822,-0.5417203176258822
fold_state_stratified,G3_all_deterministic,HistGBLarge,5,AGC_179,4.55,4.505008119759806,0.04499188024019407
fold_state_stratified,G3_all_deterministic,HistGBLarge,5,AGC_184,4.47,4.501195213506022,-0.031195213506022057
fold_state_stratified,G3_all_deterministic,HistGBLarge,5,AGC_185,5.01,4.676799889823842,0.3332001101761577
fold_state_stratified,G3_all_deterministic,HistGBLarge,5,AGC_189,4.03,4.641132861370349,-0.6111328613703488
fold_state_stratified,G3_all_deterministic,HistGBLarge,5,AGC_195,3.68,4.008299272646427,-0.3282992726464271
fold_municipality_grouped,G3_all_deterministic,HistGBLarge,1,AGC_001,3.5,3.078449693768522,0.4215503062314778
fold_municipality_grouped,G3_all_deterministic,HistGBLarge,1,AGC_004,3.0,3.2910172356548517,-0.2910172356548517
fold_municipality_grouped,G3_all_deterministic,HistGBLarge,1,AGC_019,3.0,3.0540404625815283,-0.05404046258152828
fold_municipality_grouped,G3_all_deterministic,HistGBLarge,1,AGC_020,3.5,3.0856624514918005,0.4143375485081995
fold_municipality_grouped,G3_all_deterministic,HistGBLarge,1,AGC_023,3.0,2.9312389270360515,0.06876107296394851
fold_municipality_grouped,G3_all_deterministic,HistGBLarge,1,AGC_037,3.5,3.4053751112618307,0.09462488873816932
fold_municipality_grouped,G3_all_deterministic,HistGBLarge,1,AGC_040,3.0,3.088039924454298,-0.0880399244542982
fold_municipality_grouped,G3_all_deterministic,HistGBLarge,1,AGC_044,3.5,2.9784362389709704,0.5215637610290296
fold_municipality_grouped,G3_all_deterministic,HistGBLarge,1,AGC_046,3.0,3.178809648494079,-0.1788096484940791
fold_municipality_grouped,G3_all_deterministic,HistGBLarge,1,AGC_053,3.5,3.1506333330466183,0.3493666669533817
fold_municipality_grouped,G3_all_deterministic,HistGBLarge,1,AGC_054,2.5,2.7775584990008206,-0.27755849900082064
fold_municipality_grouped,G3_all_deterministic,HistGBLarge,1,AGC_058,2.5,3.2695133487044306,-0.7695133487044306
fold_municipality_grouped,G3_all_deterministic,HistGBLarge,1,AGC_066,3.0,3.080811130282001,-0.08081113028200093
fold_municipality_grouped,G3_all_deterministic,HistGBLarge,1,AGC_068,2.5,3.4050386626896523,-0.9050386626896523
fold_municipality_grouped,G3_all_deterministic,HistGBLarge,1,AGC_074,2.5,3.3949130693564835,-0.8949130693564835
fold_municipality_grouped,G3_all_deterministic,HistGBLarge,1,AGC_098,3.0,3.4235501813451696,-0.42355018134516964
fold_municipality_grouped,G3_all_deterministic,HistGBLarge,1,AGC_099,3.5,3.4177031096879187,0.08229689031208132
fold_municipality_grouped,G3_all_deterministic,HistGBLarge,1,AGC_103,3.0,3.0566556386825883,-0.05665563868258827
fold_municipality_grouped,G3_all_deterministic,HistGBLarge,1,AGC_112,3.0,3.198062217993792,-0.1980622179937921
fold_municipality_grouped,G3_all_deterministic,HistGBLarge,1,AGC_114,3.0,3.163798892138946,-0.16379889213894616
fold_municipality_grouped,G3_all_deterministic,HistGBLarge,1,AGC_117,3.5,3.2746843753760637,0.22531562462393628
fold_municipality_grouped,G3_all_deterministic,HistGBLarge,1,AGC_122,3.5,3.1164595574459795,0.38354044255402053
fold_municipality_grouped,G3_all_deterministic,HistGBLarge,1,AGC_123,2.5,3.1248762177951854,-0.6248762177951854
fold_municipality_grouped,G3_all_deterministic,HistGBLarge,1,AGC_138,2.5,3.4155639363183488,-0.9155639363183488
fold_municipality_grouped,G3_all_deterministic,HistGBLarge,1,AGC_141,3.5,3.3171252534228652,0.18287474657713476
fold_municipality_grouped,G3_all_deterministic,HistGBLarge,1,AGC_144,2.5,3.0594874770690708,-0.5594874770690708
fold_municipality_grouped,G3_all_deterministic,HistGBLarge,1,AGC_145,3.5,3.13647322656664,0.3635267734333598
fold_municipality_grouped,G3_all_deterministic,HistGBLarge,1,AGC_157,3.0,3.46566171105952,-0.46566171105952003
fold_municipality_grouped,G3_all_deterministic,HistGBLarge,1,AGC_163,3.0,3.1886403288463234,-0.18864032884632342
fold_municipality_grouped,G3_all_deterministic,HistGBLarge,1,AGC_169,2.5,3.408643655276278,-0.9086436552762782
fold_municipality_grouped,G3_all_deterministic,HistGBLarge,1,AGC_170,3.0,3.228267096117415,-0.22826709611741514
fold_municipality_grouped,G3_all_deterministic,HistGBLarge,1,AGC_187,3.0,3.053801737796542,-0.05380173779654207
fold_municipality_grouped,G3_all_deterministic,HistGBLarge,1,AGC_196,3.5,3.149606790844476,0.35039320915552397
fold_municipality_grouped,G3_all_deterministic,HistGBLarge,2,AGC_007,3.5,4.246009404882052,-0.7460094048820523
fold_municipality_grouped,G3_all_deterministic,HistGBLarge,2,AGC_034,2.0,4.349959663237263,-2.3499596632372626
fold_municipality_grouped,G3_all_deterministic,HistGBLarge,2,AGC_038,3.3,4.02212233219597,-0.72212233219597
fold_municipality_grouped,G3_all_deterministic,HistGBLarge,2,AGC_041,2.5,4.47119261589961,-1.9711926158996098
fold_municipality_grouped,G3_all_deterministic,HistGBLarge,2,AGC_067,3.0,4.497974781991586,-1.4979747819915863
fold_municipality_grouped,G3_all_deterministic,HistGBLarge,2,AGC_070,3.3,4.371393399058247,-1.0713933990582474
fold_municipality_grouped,G3_all_deterministic,HistGBLarge,2,AGC_078,3.0,4.128649966670669,-1.128649966670669
fold_municipality_grouped,G3_all_deterministic,HistGBLarge,2,AGC_079,3.3,4.457452486830936,-1.1574524868309366
fold_municipality_grouped,G3_all_deterministic,HistGBLarge,2,AGC_080,3.5,4.349275609099822,-0.8492756090998217
fold_municipality_grouped,G3_all_deterministic,HistGBLarge,2,AGC_081,3.7,4.5261116811071105,-0.8261116811071103
fold_municipality_grouped,G3_all_deterministic,HistGBLarge,2,AGC_089,3.0,4.3168744283798715,-1.3168744283798715
fold_municipality_grouped,G3_all_deterministic,HistGBLarge,2,AGC_121,3.3,4.356425547700508,-1.056425547700508
fold_municipality_grouped,G3_all_deterministic,HistGBLarge,2,AGC_140,3.2,4.240382254713328,-1.040382254713328
fold_municipality_grouped,G3_all_deterministic,HistGBLarge,2,AGC_148,3.0,4.196322493122736,-1.1963224931227359
fold_municipality_grouped,G3_all_deterministic,HistGBLarge,2,AGC_166,2.5,4.306094078794272,-1.8060940787942723
fold_municipality_grouped,G3_all_deterministic,HistGBLarge,2,AGC_194,3.2,4.639702928237186,-1.4397029282371863
fold_municipality_grouped,G3_all_deterministic,HistGBLarge,3,AGC_051,4.45,3.8351953170876727,0.6148046829123275
fold_municipality_grouped,G3_all_deterministic,HistGBLarge,3,AGC_059,4.41,3.8905639501282887,0.5194360498717114
fold_municipality_grouped,G3_all_deterministic,HistGBLarge,3,AGC_084,4.54,4.119345568473429,0.4206544315265708
fold_municipality_grouped,G3_all_deterministic,HistGBLarge,3,AGC_134,4.52,4.251804145373793,0.26819585462620665
fold_municipality_grouped,G3_all_deterministic,HistGBLarge,3,AGC_137,4.54,4.238130148820574,0.30186985117942644
fold_municipality_grouped,G3_all_deterministic,HistGBLarge,3,AGC_146,4.58,4.469868329262752,0.11013167073724794
fold_municipality_grouped,G3_all_deterministic,HistGBLarge,3,AGC_151,4.69,4.281705680514895,0.40829431948510564
fold_municipality_grouped,G3_all_deterministic,HistGBLarge,3,AGC_152,4.87,3.815913241627753,1.054086758372247
fold_municipality_grouped,G3_all_deterministic,HistGBLarge,3,AGC_180,4.14,4.147247715496477,-0.007247715496477625
fold_municipality_grouped,G3_all_deterministic,HistGBLarge,3,AGC_184,4.47,4.347825718536892,0.12217428146310816
fold_municipality_grouped,G3_all_deterministic,HistGBLarge,4,AGC_002,4.63,3.264523253637404,1.3654767463625959
fold_municipality_grouped,G3_all_deterministic,HistGBLarge,4,AGC_005,5.16,3.951361832291468,1.208638167708532
fold_municipality_grouped,G3_all_deterministic,HistGBLarge,4,AGC_006,4.49,3.4502759973701003,1.0397240026299
fold_municipality_grouped,G3_all_deterministic,HistGBLarge,4,AGC_008,4.55,3.6131164613595854,0.9368835386404144
fold_municipality_grouped,G3_all_deterministic,HistGBLarge,4,AGC_010,4.1,3.5782868515773,0.5217131484226996
fold_municipality_grouped,G3_all_deterministic,HistGBLarge,4,AGC_012,4.69,3.6670195610072325,1.022980438992768
fold_municipality_grouped,G3_all_deterministic,HistGBLarge,4,AGC_013,4.01,3.285084229308549,0.7249157706914509
fold_municipality_grouped,G3_all_deterministic,HistGBLarge,4,AGC_014,4.83,3.8718255416228993,0.9581744583771008
fold_municipality_grouped,G3_all_deterministic,HistGBLarge,4,AGC_015,2.64,3.3011413458547683,-0.6611413458547681
fold_municipality_grouped,G3_all_deterministic,HistGBLarge,4,AGC_017,4.98,3.531893804511024,1.4481061954889762
fold_municipality_grouped,G3_all_deterministic,HistGBLarge,4,AGC_018,4.49,3.6401646459194805,0.8498353540805197
fold_municipality_grouped,G3_all_deterministic,HistGBLarge,4,AGC_021,4.94,3.2075591740810925,1.732440825918908
fold_municipality_grouped,G3_all_deterministic,HistGBLarge,4,AGC_022,4.55,3.5648725216648343,0.9851274783351656
fold_municipality_grouped,G3_all_deterministic,HistGBLarge,4,AGC_024,3.03,3.441689994474849,-0.4116899944748491
fold_municipality_grouped,G3_all_deterministic,HistGBLarge,4,AGC_026,3.55,3.559616480047676,-0.009616480047676124
fold_municipality_grouped,G3_all_deterministic,HistGBLarge,4,AGC_032,4.03,3.446191163793573,0.5838088362064271
fold_municipality_grouped,G3_all_deterministic,HistGBLarge,4,AGC_033,4.47,3.25496489826569,1.2150351017343097
fold_municipality_grouped,G3_all_deterministic,HistGBLarge,4,AGC_045,4.1,3.651826987447134,0.44817301255286557
fold_municipality_grouped,G3_all_deterministic,HistGBLarge,4,AGC_047,4.45,3.1955193309016274,1.2544806690983727
fold_municipality_grouped,G3_all_deterministic,HistGBLarge,4,AGC_049,5.53,3.500519575532275,2.0294804244677254
fold_municipality_grouped,G3_all_deterministic,HistGBLarge,4,AGC_055,5.45,3.3020936518089496,2.1479063481910505
fold_municipality_grouped,G3_all_deterministic,HistGBLarge,4,AGC_056,5.07,3.1699003979199327,1.9000996020800676
fold_municipality_grouped,G3_all_deterministic,HistGBLarge,4,AGC_057,4.55,3.49113693490868,1.05886306509132
fold_municipality_grouped,G3_all_deterministic,HistGBLarge,4,AGC_060,4.52,3.431566268307318,1.0884337316926818
fold_municipality_grouped,G3_all_deterministic,HistGBLarge,4,AGC_062,3.81,3.486722745063691,0.323277254936309
fold_municipality_grouped,G3_all_deterministic,HistGBLarge,4,AGC_069,5.46,3.435132537465784,2.024867462534216
fold_municipality_grouped,G3_all_deterministic,HistGBLarge,4,AGC_072,4.55,3.355962723301141,1.1940372766988587
fold_municipality_grouped,G3_all_deterministic,HistGBLarge,4,AGC_073,4.3,3.4778415573911317,0.8221584426088682
fold_municipality_grouped,G3_all_deterministic,HistGBLarge,4,AGC_077,4.76,3.252604071147971,1.5073959288520289
fold_municipality_grouped,G3_all_deterministic,HistGBLarge,4,AGC_090,4.68,3.5809494503009582,1.0990505496990415
fold_municipality_grouped,G3_all_deterministic,HistGBLarge,4,AGC_092,4.57,3.4985052270815897,1.0714947729184106
fold_municipality_grouped,G3_all_deterministic,HistGBLarge,4,AGC_096,4.59,3.491333976209046,1.0986660237909538
fold_municipality_grouped,G3_all_deterministic,HistGBLarge,4,AGC_097,4.69,3.3194543523453577,1.3705456476546427
fold_municipality_grouped,G3_all_deterministic,HistGBLarge,4,AGC_100,4.5,3.695915574167433,0.804084425832567
fold_municipality_grouped,G3_all_deterministic,HistGBLarge,4,AGC_101,4.57,3.4566904465453776,1.1133095534546227
fold_municipality_grouped,G3_all_deterministic,HistGBLarge,4,AGC_102,4.4,3.574432033866414,0.8255679661335864
fold_municipality_grouped,G3_all_deterministic,HistGBLarge,4,AGC_104,4.56,3.6240492828001467,0.9359507171998529
fold_municipality_grouped,G3_all_deterministic,HistGBLarge,4,AGC_105,4.41,3.349417509647084,1.0605824903529162
fold_municipality_grouped,G3_all_deterministic,HistGBLarge,4,AGC_106,4.43,3.549992727654425,0.8800072723455745
fold_municipality_grouped,G3_all_deterministic,HistGBLarge,4,AGC_108,4.51,3.1958068201960486,1.3141931798039512
fold_municipality_grouped,G3_all_deterministic,HistGBLarge,4,AGC_109,4.54,3.3656939266829062,1.1743060733170938
fold_municipality_grouped,G3_all_deterministic,HistGBLarge,4,AGC_110,4.18,3.591765949891355,0.5882340501086447
fold_municipality_grouped,G3_all_deterministic,HistGBLarge,4,AGC_111,4.72,3.3450053535916022,1.3749946464083975
fold_municipality_grouped,G3_all_deterministic,HistGBLarge,4,AGC_115,4.6,3.2700686268262578,1.3299313731737419
fold_municipality_grouped,G3_all_deterministic,HistGBLarge,4,AGC_124,5.05,3.4831412540349818,1.566858745965018
fold_municipality_grouped,G3_all_deterministic,HistGBLarge,4,AGC_125,4.06,3.7045336870249677,0.35546631297503195
fold_municipality_grouped,G3_all_deterministic,HistGBLarge,4,AGC_127,5.57,3.6982009254042025,1.8717990745957978
fold_municipality_grouped,G3_all_deterministic,HistGBLarge,4,AGC_131,4.89,4.027726090820153,0.862273909179847
fold_municipality_grouped,G3_all_deterministic,HistGBLarge,4,AGC_132,4.13,3.3438739065481635,0.7861260934518364
fold_municipality_grouped,G3_all_deterministic,HistGBLarge,4,AGC_133,3.91,3.3873067652208046,0.5226932347791955
fold_municipality_grouped,G3_all_deterministic,HistGBLarge,4,AGC_135,4.49,3.303008727286682,1.186991272713318
fold_municipality_grouped,G3_all_deterministic,HistGBLarge,4,AGC_139,4.67,3.167845565820173,1.5021544341798267
fold_municipality_grouped,G3_all_deterministic,HistGBLarge,4,AGC_150,4.52,3.601304458989747,0.9186955410102526
fold_municipality_grouped,G3_all_deterministic,HistGBLarge,4,AGC_155,4.52,3.6268781929914353,0.8931218070085643
fold_municipality_grouped,G3_all_deterministic,HistGBLarge,4,AGC_159,4.77,3.331078051891948,1.4389219481080517
fold_municipality_grouped,G3_all_deterministic,HistGBLarge,4,AGC_160,3.62,3.276281596866973,0.34371840313302693
fold_municipality_grouped,G3_all_deterministic,HistGBLarge,4,AGC_161,4.46,3.399451158734715,1.0605488412652848
fold_municipality_grouped,G3_all_deterministic,HistGBLarge,4,AGC_162,5.59,3.2503415101025195,2.3396584898974804
fold_municipality_grouped,G3_all_deterministic,HistGBLarge,4,AGC_164,3.0,3.726532506294704,-0.7265325062947041
fold_municipality_grouped,G3_all_deterministic,HistGBLarge,4,AGC_165,4.44,3.3653397418334983,1.0746602581665021
fold_municipality_grouped,G3_all_deterministic,HistGBLarge,4,AGC_167,4.54,3.6674283304823057,0.8725716695176944
fold_municipality_grouped,G3_all_deterministic,HistGBLarge,4,AGC_168,4.49,3.508504985373753,0.9814950146262471
fold_municipality_grouped,G3_all_deterministic,HistGBLarge,4,AGC_171,2.15,3.6456242599430353,-1.4956242599430354
fold_municipality_grouped,G3_all_deterministic,HistGBLarge,4,AGC_172,5.19,3.2988466094780713,1.891153390521929
fold_municipality_grouped,G3_all_deterministic,HistGBLarge,4,AGC_176,4.38,3.4621894892625047,0.9178105107374952
fold_municipality_grouped,G3_all_deterministic,HistGBLarge,4,AGC_178,4.39,3.3526274699046557,1.037372530095344
fold_municipality_grouped,G3_all_deterministic,HistGBLarge,4,AGC_179,4.55,3.310163035858964,1.2398369641410358
fold_municipality_grouped,G3_all_deterministic,HistGBLarge,4,AGC_181,4.51,3.4525012894318494,1.0574987105681504
fold_municipality_grouped,G3_all_deterministic,HistGBLarge,4,AGC_185,5.01,3.6936225162284706,1.3163774837715292
fold_municipality_grouped,G3_all_deterministic,HistGBLarge,4,AGC_189,4.03,3.6975307760773117,0.3324692239226885
fold_municipality_grouped,G3_all_deterministic,HistGBLarge,4,AGC_193,4.57,3.4139705289098834,1.156029471090117
fold_municipality_grouped,G3_all_deterministic,HistGBLarge,4,AGC_195,3.68,3.708132119591091,-0.028132119591090632
fold_municipality_grouped,G3_all_deterministic,HistGBLarge,4,AGC_197,4.52,3.4918878880092517,1.028112111990748
fold_municipality_grouped,G3_all_deterministic,HistGBLarge,5,AGC_009,4.79,4.5341578199323616,0.2558421800676385
fold_municipality_grouped,G3_all_deterministic,HistGBLarge,5,AGC_035,4.68,4.009279475592037,0.6707205244079626
fold_municipality_grouped,G3_all_deterministic,HistGBLarge,5,AGC_048,2.5,3.782151809343869,-1.282151809343869
fold_municipality_grouped,G3_all_deterministic,HistGBLarge,5,AGC_064,4.51,4.814126222587452,-0.3041262225874526
fold_municipality_grouped,G3_all_deterministic,HistGBLarge,5,AGC_083,4.61,3.9022692359300946,0.7077307640699058
fold_municipality_grouped,G3_all_deterministic,HistGBLarge,5,AGC_119,4.4,4.520290405016184,-0.12029040501618393
fold_state_stratified,G0_base,RidgeControl,1,AGC_009,4.79,4.1813000032979195,0.6086999967020805
fold_state_stratified,G0_base,RidgeControl,1,AGC_015,2.64,4.702724946024783,-2.0627249460247827
fold_state_stratified,G0_base,RidgeControl,1,AGC_017,4.98,4.682823086020126,0.29717691397987434
fold_state_stratified,G0_base,RidgeControl,1,AGC_032,4.03,4.319101921239183,-0.2891019212391823
fold_state_stratified,G0_base,RidgeControl,1,AGC_045,4.1,4.473240549207944,-0.37324054920794403
fold_state_stratified,G0_base,RidgeControl,1,AGC_054,2.5,2.9513910352291983,-0.4513910352291983
fold_state_stratified,G0_base,RidgeControl,1,AGC_058,2.5,3.352554365661366,-0.8525543656613661
fold_state_stratified,G0_base,RidgeControl,1,AGC_068,2.5,3.141771165213328,-0.6417711652133282
fold_state_stratified,G0_base,RidgeControl,1,AGC_073,4.3,4.250601402684576,0.04939859731542384
fold_state_stratified,G0_base,RidgeControl,1,AGC_079,3.3,2.830535151565083,0.46946484843491687
fold_state_stratified,G0_base,RidgeControl,1,AGC_083,4.61,4.054622620022447,0.5553773799775534
fold_state_stratified,G0_base,RidgeControl,1,AGC_090,4.68,4.160221970387293,0.5197780296127066
fold_state_stratified,G0_base,RidgeControl,1,AGC_102,4.4,4.107426962867147,0.2925730371328532
fold_state_stratified,G0_base,RidgeControl,1,AGC_103,3.0,2.874444137612694,0.12555586238730587
fold_state_stratified,G0_base,RidgeControl,1,AGC_111,4.72,4.386075463365165,0.3339245366348349
fold_state_stratified,G0_base,RidgeControl,1,AGC_112,3.0,3.155516206887751,-0.15551620688775092
fold_state_stratified,G0_base,RidgeControl,1,AGC_117,3.5,3.615978069657436,-0.11597806965743596
fold_state_stratified,G0_base,RidgeControl,1,AGC_119,4.4,4.255744524598278,0.14425547540172268
fold_state_stratified,G0_base,RidgeControl,1,AGC_121,3.3,3.0107790694060856,0.2892209305939142
fold_state_stratified,G0_base,RidgeControl,1,AGC_127,5.57,5.0277960487479945,0.5422039512520058
fold_state_stratified,G0_base,RidgeControl,1,AGC_133,3.91,4.229383399702801,-0.31938339970280083
fold_state_stratified,G0_base,RidgeControl,1,AGC_139,4.67,4.270507129023194,0.39949287097680575
fold_state_stratified,G0_base,RidgeControl,1,AGC_159,4.77,4.574058386525399,0.19594161347460037
fold_state_stratified,G0_base,RidgeControl,1,AGC_161,4.46,4.684044628496727,-0.2240446284967268
fold_state_stratified,G0_base,RidgeControl,1,AGC_164,3.0,3.2864771570322926,-0.2864771570322926
fold_state_stratified,G0_base,RidgeControl,1,AGC_167,4.54,4.467806935531335,0.07219306446866547
fold_state_stratified,G0_base,RidgeControl,1,AGC_180,4.14,4.118079927831183,0.021920072168816418
fold_state_stratified,G0_base,RidgeControl,1,AGC_187,3.0,3.364635830012978,-0.36463583001297817
fold_state_stratified,G0_base,RidgeControl,2,AGC_008,4.55,4.090818457198601,0.45918154280139856
fold_state_stratified,G0_base,RidgeControl,2,AGC_024,3.03,3.9380039163766036,-0.9080039163766038
fold_state_stratified,G0_base,RidgeControl,2,AGC_033,4.47,4.374553940337349,0.09544605966265074
fold_state_stratified,G0_base,RidgeControl,2,AGC_037,3.5,3.092336799392507,0.40766320060749317
fold_state_stratified,G0_base,RidgeControl,2,AGC_040,3.0,3.092475065580393,-0.09247506558039298
fold_state_stratified,G0_base,RidgeControl,2,AGC_047,4.45,3.751931734567181,0.698068265432819
fold_state_stratified,G0_base,RidgeControl,2,AGC_049,5.53,4.926782890596574,0.6032171094034267
fold_state_stratified,G0_base,RidgeControl,2,AGC_053,3.5,3.3263459452160338,0.17365405478396623
fold_state_stratified,G0_base,RidgeControl,2,AGC_055,5.45,4.573751800310076,0.8762481996899245
fold_state_stratified,G0_base,RidgeControl,2,AGC_062,3.81,4.445940270793641,-0.635940270793641
fold_state_stratified,G0_base,RidgeControl,2,AGC_064,4.51,4.401207239762019,0.10879276023798035
fold_state_stratified,G0_base,RidgeControl,2,AGC_078,3.0,3.3134059931006217,-0.31340599310062167
fold_state_stratified,G0_base,RidgeControl,2,AGC_098,3.0,3.3078550740262207,-0.3078550740262207
fold_state_stratified,G0_base,RidgeControl,2,AGC_100,4.5,4.125371423414907,0.37462857658509296
fold_state_stratified,G0_base,RidgeControl,2,AGC_108,4.51,4.687111296400543,-0.17711129640054324
fold_state_stratified,G0_base,RidgeControl,2,AGC_124,5.05,4.875498632346846,0.1745013676531535
fold_state_stratified,G0_base,RidgeControl,2,AGC_125,4.06,4.403671520136886,-0.34367152013688607
fold_state_stratified,G0_base,RidgeControl,2,AGC_131,4.89,4.631136754016482,0.25886324598351784
fold_state_stratified,G0_base,RidgeControl,2,AGC_134,4.52,4.398677812635077,0.12132218736492284
fold_state_stratified,G0_base,RidgeControl,2,AGC_135,4.49,4.3236976947978025,0.1663023052021977
fold_state_stratified,G0_base,RidgeControl,2,AGC_145,3.5,3.0687773578246365,0.43122264217536355
fold_state_stratified,G0_base,RidgeControl,2,AGC_150,4.52,4.345715263590576,0.17428473640942332
fold_state_stratified,G0_base,RidgeControl,2,AGC_151,4.69,5.117613652582708,-0.4276136525827079
fold_state_stratified,G0_base,RidgeControl,2,AGC_157,3.0,3.1890168719749377,-0.18901687197493766
fold_state_stratified,G0_base,RidgeControl,2,AGC_160,3.62,4.948744176961035,-1.3287441769610346
fold_state_stratified,G0_base,RidgeControl,2,AGC_166,2.5,3.4505509481626713,-0.9505509481626713
fold_state_stratified,G0_base,RidgeControl,2,AGC_193,4.57,3.938926410594099,0.6310735894059012
fold_state_stratified,G0_base,RidgeControl,2,AGC_194,3.2,3.4558297031322374,-0.2558297031322372
fold_state_stratified,G0_base,RidgeControl,3,AGC_004,3.0,3.2047887603728276,-0.20478876037282756
fold_state_stratified,G0_base,RidgeControl,3,AGC_005,5.16,4.60961087701589,0.55038912298411
fold_state_stratified,G0_base,RidgeControl,3,AGC_010,4.1,3.844405047758947,0.25559495224105255
fold_state_stratified,G0_base,RidgeControl,3,AGC_014,4.83,4.052357780369031,0.7776422196309687
fold_state_stratified,G0_base,RidgeControl,3,AGC_018,4.49,4.348875695723276,0.1411243042767243
fold_state_stratified,G0_base,RidgeControl,3,AGC_021,4.94,4.280539973902095,0.6594600260979053
fold_state_stratified,G0_base,RidgeControl,3,AGC_023,3.0,3.203473282785982,-0.20347328278598198
fold_state_stratified,G0_base,RidgeControl,3,AGC_038,3.3,3.499788907396947,-0.1997889073969472
fold_state_stratified,G0_base,RidgeControl,3,AGC_044,3.5,3.2271939428410894,0.2728060571589106
fold_state_stratified,G0_base,RidgeControl,3,AGC_051,4.45,3.778519048264783,0.6714809517352172
fold_state_stratified,G0_base,RidgeControl,3,AGC_059,4.41,3.9757530090118967,0.4342469909881035
fold_state_stratified,G0_base,RidgeControl,3,AGC_066,3.0,3.0465086348991663,-0.046508634899166346
fold_state_stratified,G0_base,RidgeControl,3,AGC_067,3.0,3.722513370783803,-0.722513370783803
fold_state_stratified,G0_base,RidgeControl,3,AGC_069,5.46,4.862966971342702,0.5970330286572976
fold_state_stratified,G0_base,RidgeControl,3,AGC_070,3.3,3.3220088387716826,-0.022008838771682804
fold_state_stratified,G0_base,RidgeControl,3,AGC_072,4.55,4.18653048506347,0.3634695149365301
fold_state_stratified,G0_base,RidgeControl,3,AGC_074,2.5,3.4127683097830226,-0.9127683097830226
fold_state_stratified,G0_base,RidgeControl,3,AGC_077,4.76,4.214682161401254,0.5453178385987458
fold_state_stratified,G0_base,RidgeControl,3,AGC_089,3.0,3.3494344798694993,-0.34943447986949927
fold_state_stratified,G0_base,RidgeControl,3,AGC_097,4.69,4.391557409129757,0.29844259087024305
fold_state_stratified,G0_base,RidgeControl,3,AGC_106,4.43,3.9452162840515195,0.48478371594848024
fold_state_stratified,G0_base,RidgeControl,3,AGC_110,4.18,4.181203126739696,-0.0012031267396963585
fold_state_stratified,G0_base,RidgeControl,3,AGC_138,2.5,3.568994217819511,-1.0689942178195109
fold_state_stratified,G0_base,RidgeControl,3,AGC_155,4.52,4.82782142808997,-0.30782142808997026
fold_state_stratified,G0_base,RidgeControl,3,AGC_163,3.0,3.024753222835364,-0.024753222835363964
fold_state_stratified,G0_base,RidgeControl,3,AGC_165,4.44,4.577712776105644,-0.13771277610564336
fold_state_stratified,G0_base,RidgeControl,3,AGC_196,3.5,3.545511245022075,-0.04551124502207493
fold_state_stratified,G0_base,RidgeControl,3,AGC_197,4.52,4.300503170732924,0.2194968292670758
fold_state_stratified,G0_base,RidgeControl,4,AGC_007,3.5,3.011446368946574,0.488553631053426
fold_state_stratified,G0_base,RidgeControl,4,AGC_012,4.69,4.673868643416489,0.016131356583511725
fold_state_stratified,G0_base,RidgeControl,4,AGC_019,3.0,2.905460744281508,0.09453925571849187
fold_state_stratified,G0_base,RidgeControl,4,AGC_022,4.55,4.171976954859194,0.37802304514080554
fold_state_stratified,G0_base,RidgeControl,4,AGC_026,3.55,4.165660559348769,-0.6156605593487692
fold_state_stratified,G0_base,RidgeControl,4,AGC_041,2.5,3.1160794357311583,-0.6160794357311583
fold_state_stratified,G0_base,RidgeControl,4,AGC_048,2.5,3.053286778611059,-0.5532867786110591
fold_state_stratified,G0_base,RidgeControl,4,AGC_056,5.07,4.494106371417891,0.5758936285821097
fold_state_stratified,G0_base,RidgeControl,4,AGC_080,3.5,3.2622023529015385,0.23779764709846152
fold_state_stratified,G0_base,RidgeControl,4,AGC_081,3.7,3.267481565784526,0.4325184342154742
fold_state_stratified,G0_base,RidgeControl,4,AGC_099,3.5,3.4387945982939367,0.061205401706063256
fold_state_stratified,G0_base,RidgeControl,4,AGC_104,4.56,4.361249308990192,0.19875069100980802
fold_state_stratified,G0_base,RidgeControl,4,AGC_109,4.54,4.579524385801753,-0.039524385801753326
fold_state_stratified,G0_base,RidgeControl,4,AGC_115,4.6,4.051772135103835,0.5482278648961643
fold_state_stratified,G0_base,RidgeControl,4,AGC_122,3.5,2.6747982601681537,0.8252017398318463
fold_state_stratified,G0_base,RidgeControl,4,AGC_132,4.13,4.31473239658717,-0.18473239658716967
fold_state_stratified,G0_base,RidgeControl,4,AGC_140,3.2,2.874373531724144,0.32562646827585606
fold_state_stratified,G0_base,RidgeControl,4,AGC_144,2.5,2.9359800174438453,-0.4359800174438453
fold_state_stratified,G0_base,RidgeControl,4,AGC_148,3.0,3.3207078896543716,-0.3207078896543716
fold_state_stratified,G0_base,RidgeControl,4,AGC_152,4.87,4.532960251226159,0.337039748773841
fold_state_stratified,G0_base,RidgeControl,4,AGC_168,4.49,5.136620108348724,-0.6466201083487242
fold_state_stratified,G0_base,RidgeControl,4,AGC_170,3.0,3.148176427744608,-0.14817642774460804
fold_state_stratified,G0_base,RidgeControl,4,AGC_171,2.15,4.289230070271691,-2.1392300702716907
fold_state_stratified,G0_base,RidgeControl,4,AGC_172,5.19,4.352350785159478,0.8376492148405221
fold_state_stratified,G0_base,RidgeControl,4,AGC_176,4.38,4.101356739313781,0.27864326068621903
fold_state_stratified,G0_base,RidgeControl,4,AGC_178,4.39,4.28869176966077,0.10130823033922987
fold_state_stratified,G0_base,RidgeControl,4,AGC_181,4.51,4.815884310425084,-0.30588431042508457
fold_state_stratified,G0_base,RidgeControl,5,AGC_001,3.5,2.685746111227177,0.8142538887728228
fold_state_stratified,G0_base,RidgeControl,5,AGC_002,4.63,4.653586554731379,-0.02358655473137894
fold_state_stratified,G0_base,RidgeControl,5,AGC_006,4.49,4.293106186130155,0.1968938138698455
fold_state_stratified,G0_base,RidgeControl,5,AGC_013,4.01,4.463989634861251,-0.45398963486125155
fold_state_stratified,G0_base,RidgeControl,5,AGC_020,3.5,3.146602375243465,0.35339762475653513
fold_state_stratified,G0_base,RidgeControl,5,AGC_034,2.0,3.410454360125588,-1.4104543601255881
fold_state_stratified,G0_base,RidgeControl,5,AGC_035,4.68,3.7956592813454195,0.8843407186545802
fold_state_stratified,G0_base,RidgeControl,5,AGC_046,3.0,2.650348726708638,0.34965127329136214
fold_state_stratified,G0_base,RidgeControl,5,AGC_057,4.55,4.626525960669017,-0.0765259606690174
fold_state_stratified,G0_base,RidgeControl,5,AGC_060,4.52,4.6551079927883885,-0.13510799278838892
fold_state_stratified,G0_base,RidgeControl,5,AGC_084,4.54,4.586497658531052,-0.046497658531052366
fold_state_stratified,G0_base,RidgeControl,5,AGC_092,4.57,4.3136100557117985,0.25638994428820183
fold_state_stratified,G0_base,RidgeControl,5,AGC_096,4.59,4.059478323771738,0.5305216762282621
fold_state_stratified,G0_base,RidgeControl,5,AGC_101,4.57,4.0126920581348635,0.5573079418651368
fold_state_stratified,G0_base,RidgeControl,5,AGC_105,4.41,4.345306880874,0.06469311912599984
fold_state_stratified,G0_base,RidgeControl,5,AGC_114,3.0,2.9104915550166788,0.08950844498332122
fold_state_stratified,G0_base,RidgeControl,5,AGC_123,2.5,2.831262271138337,-0.33126227113833684
fold_state_stratified,G0_base,RidgeControl,5,AGC_137,4.54,4.49758924109247,0.04241075890752999
fold_state_stratified,G0_base,RidgeControl,5,AGC_141,3.5,3.063237430308913,0.43676256969108707
fold_state_stratified,G0_base,RidgeControl,5,AGC_146,4.58,4.275364677491185,0.3046353225088154
fold_state_stratified,G0_base,RidgeControl,5,AGC_162,5.59,4.460102088088279,1.129897911911721
fold_state_stratified,G0_base,RidgeControl,5,AGC_169,2.5,2.8914989882731232,-0.39149898827312324
fold_state_stratified,G0_base,RidgeControl,5,AGC_179,4.55,4.4356001530955185,0.11439984690448135
fold_state_stratified,G0_base,RidgeControl,5,AGC_184,4.47,4.118155565077082,0.35184443492291795
fold_state_stratified,G0_base,RidgeControl,5,AGC_185,5.01,4.612131328362581,0.39786867163741846
fold_state_stratified,G0_base,RidgeControl,5,AGC_189,4.03,4.2380494455246,-0.20804944552459936
fold_state_stratified,G0_base,RidgeControl,5,AGC_195,3.68,4.186896666550884,-0.5068966665508836
fold_municipality_grouped,G0_base,RidgeControl,1,AGC_001,3.5,2.7566262574216243,0.7433737425783757
fold_municipality_grouped,G0_base,RidgeControl,1,AGC_004,3.0,3.4193839752004416,-0.41938397520044157
fold_municipality_grouped,G0_base,RidgeControl,1,AGC_019,3.0,2.899993534935976,0.10000646506402422
fold_municipality_grouped,G0_base,RidgeControl,1,AGC_020,3.5,3.199689439930775,0.30031056006922485
fold_municipality_grouped,G0_base,RidgeControl,1,AGC_023,3.0,3.59220732187711,-0.59220732187711
fold_municipality_grouped,G0_base,RidgeControl,1,AGC_037,3.5,3.3966911837582967,0.1033088162417033
fold_municipality_grouped,G0_base,RidgeControl,1,AGC_040,3.0,3.3597505428798917,-0.3597505428798917
fold_municipality_grouped,G0_base,RidgeControl,1,AGC_044,3.5,3.247834925302043,0.2521650746979569
fold_municipality_grouped,G0_base,RidgeControl,1,AGC_046,3.0,2.7589343599986167,0.2410656400013833
fold_municipality_grouped,G0_base,RidgeControl,1,AGC_053,3.5,3.5922981604337227,-0.09229816043372274
fold_municipality_grouped,G0_base,RidgeControl,1,AGC_054,2.5,2.887737459850004,-0.38773745985000385
fold_municipality_grouped,G0_base,RidgeControl,1,AGC_058,2.5,3.4016303079607866,-0.9016303079607866
fold_municipality_grouped,G0_base,RidgeControl,1,AGC_066,3.0,3.4064725251864285,-0.4064725251864285
fold_municipality_grouped,G0_base,RidgeControl,1,AGC_068,2.5,3.308315601745556,-0.808315601745556
fold_municipality_grouped,G0_base,RidgeControl,1,AGC_074,2.5,2.916660301565089,-0.41666030156508915
fold_municipality_grouped,G0_base,RidgeControl,1,AGC_098,3.0,3.150978242527592,-0.15097824252759207
fold_municipality_grouped,G0_base,RidgeControl,1,AGC_099,3.5,3.7642167495013963,-0.2642167495013963
fold_municipality_grouped,G0_base,RidgeControl,1,AGC_103,3.0,2.6968498378963064,0.3031501621036936
fold_municipality_grouped,G0_base,RidgeControl,1,AGC_112,3.0,3.360592234869042,-0.360592234869042
fold_municipality_grouped,G0_base,RidgeControl,1,AGC_114,3.0,2.935914437710445,0.06408556228955486
fold_municipality_grouped,G0_base,RidgeControl,1,AGC_117,3.5,3.75603511217741,-0.2560351121774098
fold_municipality_grouped,G0_base,RidgeControl,1,AGC_122,3.5,2.697485490135421,0.802514509864579
fold_municipality_grouped,G0_base,RidgeControl,1,AGC_123,2.5,2.800581457655711,-0.30058145765571087
fold_municipality_grouped,G0_base,RidgeControl,1,AGC_138,2.5,3.649377772265812,-1.149377772265812
fold_municipality_grouped,G0_base,RidgeControl,1,AGC_141,3.5,3.3034601534858883,0.19653984651411172
fold_municipality_grouped,G0_base,RidgeControl,1,AGC_144,2.5,2.9664107733762872,-0.4664107733762872
fold_municipality_grouped,G0_base,RidgeControl,1,AGC_145,3.5,3.029207072382077,0.4707929276179228
fold_municipality_grouped,G0_base,RidgeControl,1,AGC_157,3.0,3.357638314522353,-0.3576383145223532
fold_municipality_grouped,G0_base,RidgeControl,1,AGC_163,3.0,3.193683036763912,-0.19368303676391196
fold_municipality_grouped,G0_base,RidgeControl,1,AGC_169,2.5,3.1665084314261547,-0.6665084314261547
fold_municipality_grouped,G0_base,RidgeControl,1,AGC_170,3.0,3.6956944230212376,-0.6956944230212376
fold_municipality_grouped,G0_base,RidgeControl,1,AGC_187,3.0,3.474153761163703,-0.474153761163703
fold_municipality_grouped,G0_base,RidgeControl,1,AGC_196,3.5,3.591211378479206,-0.09121137847920613
fold_municipality_grouped,G0_base,RidgeControl,2,AGC_007,3.5,3.796705803191092,-0.2967058031910921
fold_municipality_grouped,G0_base,RidgeControl,2,AGC_034,2.0,4.0175472579423035,-2.0175472579423035
fold_municipality_grouped,G0_base,RidgeControl,2,AGC_038,3.3,4.393015526317173,-1.0930155263171732
fold_municipality_grouped,G0_base,RidgeControl,2,AGC_041,2.5,4.320306136300192,-1.820306136300192
fold_municipality_grouped,G0_base,RidgeControl,2,AGC_067,3.0,4.084316984122127,-1.0843169841221272
fold_municipality_grouped,G0_base,RidgeControl,2,AGC_070,3.3,4.141273617849987,-0.8412736178499873
fold_municipality_grouped,G0_base,RidgeControl,2,AGC_078,3.0,4.275543923646296,-1.2755439236462962
fold_municipality_grouped,G0_base,RidgeControl,2,AGC_079,3.3,3.9205185871247026,-0.6205185871247028
fold_municipality_grouped,G0_base,RidgeControl,2,AGC_080,3.5,3.805038230248239,-0.30503823024823884
fold_municipality_grouped,G0_base,RidgeControl,2,AGC_081,3.7,4.057331181973442,-0.35733118197344194
fold_municipality_grouped,G0_base,RidgeControl,2,AGC_089,3.0,3.9744118287670416,-0.9744118287670416
fold_municipality_grouped,G0_base,RidgeControl,2,AGC_121,3.3,4.282946489726807,-0.9829464897268068
fold_municipality_grouped,G0_base,RidgeControl,2,AGC_140,3.2,4.054584978995877,-0.8545849789958773
fold_municipality_grouped,G0_base,RidgeControl,2,AGC_148,3.0,4.2887691556576275,-1.2887691556576275
fold_municipality_grouped,G0_base,RidgeControl,2,AGC_166,2.5,4.3617277446337805,-1.8617277446337805
fold_municipality_grouped,G0_base,RidgeControl,2,AGC_194,3.2,4.387597251495296,-1.187597251495296
fold_municipality_grouped,G0_base,RidgeControl,3,AGC_051,4.45,3.5854103164780535,0.8645896835219467
fold_municipality_grouped,G0_base,RidgeControl,3,AGC_059,4.41,3.847755973782185,0.5622440262178152
fold_municipality_grouped,G0_base,RidgeControl,3,AGC_084,4.54,4.46235244210384,0.07764755789616018
fold_municipality_grouped,G0_base,RidgeControl,3,AGC_134,4.52,4.094516175575697,0.4254838244243029
fold_municipality_grouped,G0_base,RidgeControl,3,AGC_137,4.54,4.166072717592621,0.3739272824073794
fold_municipality_grouped,G0_base,RidgeControl,3,AGC_146,4.58,4.172046877274251,0.4079531227257487
fold_municipality_grouped,G0_base,RidgeControl,3,AGC_151,4.69,4.433224051597591,0.25677594840240925
fold_municipality_grouped,G0_base,RidgeControl,3,AGC_152,4.87,4.421203897567213,0.44879610243278734
fold_municipality_grouped,G0_base,RidgeControl,3,AGC_180,4.14,3.785406086843936,0.3545939131560636
fold_municipality_grouped,G0_base,RidgeControl,3,AGC_184,4.47,4.0223451866927,0.4476548133072997
fold_municipality_grouped,G0_base,RidgeControl,4,AGC_002,4.63,4.223981466922055,0.4060185330779449
fold_municipality_grouped,G0_base,RidgeControl,4,AGC_005,5.16,4.334685680131589,0.8253143198684114
fold_municipality_grouped,G0_base,RidgeControl,4,AGC_006,4.49,3.7249836826751888,0.7650163173248115
fold_municipality_grouped,G0_base,RidgeControl,4,AGC_008,4.55,3.7426483484871413,0.8073516515128585
fold_municipality_grouped,G0_base,RidgeControl,4,AGC_010,4.1,3.9292332979553746,0.17076670204462507
fold_municipality_grouped,G0_base,RidgeControl,4,AGC_012,4.69,4.036521278826402,0.653478721173598
fold_municipality_grouped,G0_base,RidgeControl,4,AGC_013,4.01,3.9776676008601655,0.03233239913983432
fold_municipality_grouped,G0_base,RidgeControl,4,AGC_014,4.83,4.254449244417002,0.5755507555829977
fold_municipality_grouped,G0_base,RidgeControl,4,AGC_015,2.64,3.8743149806194714,-1.2343149806194713
fold_municipality_grouped,G0_base,RidgeControl,4,AGC_017,4.98,3.9640762310037827,1.0159237689962177
fold_municipality_grouped,G0_base,RidgeControl,4,AGC_018,4.49,3.9873204438879934,0.5026795561120068
fold_municipality_grouped,G0_base,RidgeControl,4,AGC_021,4.94,3.583909638118122,1.3560903618818783
fold_municipality_grouped,G0_base,RidgeControl,4,AGC_022,4.55,3.594687739447773,0.9553122605522266
fold_municipality_grouped,G0_base,RidgeControl,4,AGC_024,3.03,3.741750368326277,-0.7117503683262774
fold_municipality_grouped,G0_base,RidgeControl,4,AGC_026,3.55,3.8416677672700956,-0.2916677672700958
fold_municipality_grouped,G0_base,RidgeControl,4,AGC_032,4.03,3.7595454648610613,0.2704545351389389
fold_municipality_grouped,G0_base,RidgeControl,4,AGC_033,4.47,3.6740085801728397,0.79599141982716
fold_municipality_grouped,G0_base,RidgeControl,4,AGC_045,4.1,3.965483230192075,0.1345167698079246
fold_municipality_grouped,G0_base,RidgeControl,4,AGC_047,4.45,3.6994444034509755,0.7505555965490247
fold_municipality_grouped,G0_base,RidgeControl,4,AGC_049,5.53,4.046029562909737,1.4839704370902629
fold_municipality_grouped,G0_base,RidgeControl,4,AGC_055,5.45,4.007087419286077,1.442912580713923
fold_municipality_grouped,G0_base,RidgeControl,4,AGC_056,5.07,3.553461218713964,1.5165387812860365
fold_municipality_grouped,G0_base,RidgeControl,4,AGC_057,4.55,3.90286286707292,0.6471371329270799
fold_municipality_grouped,G0_base,RidgeControl,4,AGC_060,4.52,4.045511654785654,0.47448834521434513
fold_municipality_grouped,G0_base,RidgeControl,4,AGC_062,3.81,3.561616290595539,0.24838370940446097
fold_municipality_grouped,G0_base,RidgeControl,4,AGC_069,5.46,4.18249663406001,1.2775033659399897
fold_municipality_grouped,G0_base,RidgeControl,4,AGC_072,4.55,3.548259963291026,1.001740036708974
fold_municipality_grouped,G0_base,RidgeControl,4,AGC_073,4.3,3.5096087874531863,0.7903912125468135
fold_municipality_grouped,G0_base,RidgeControl,4,AGC_077,4.76,3.628728950505824,1.1312710494941758
fold_municipality_grouped,G0_base,RidgeControl,4,AGC_090,4.68,4.034839573167911,0.6451604268320885
fold_municipality_grouped,G0_base,RidgeControl,4,AGC_092,4.57,3.730141927463131,0.8398580725368694
fold_municipality_grouped,G0_base,RidgeControl,4,AGC_096,4.59,3.4464807283972045,1.1435192716027953
fold_municipality_grouped,G0_base,RidgeControl,4,AGC_097,4.69,3.6776796876203868,1.0123203123796136
fold_municipality_grouped,G0_base,RidgeControl,4,AGC_100,4.5,3.7709672830104135,0.7290327169895865
fold_municipality_grouped,G0_base,RidgeControl,4,AGC_101,4.57,3.557875518040332,1.0121244819596682
fold_municipality_grouped,G0_base,RidgeControl,4,AGC_102,4.4,3.9180147849434834,0.4819852150565169
fold_municipality_grouped,G0_base,RidgeControl,4,AGC_104,4.56,3.9508295656891654,0.6091704343108342
fold_municipality_grouped,G0_base,RidgeControl,4,AGC_105,4.41,3.9914427900252423,0.41855720997475787
fold_municipality_grouped,G0_base,RidgeControl,4,AGC_106,4.43,3.758204521114828,0.6717954788851719
fold_municipality_grouped,G0_base,RidgeControl,4,AGC_108,4.51,3.7626374163289533,0.7473625836710465
fold_municipality_grouped,G0_base,RidgeControl,4,AGC_109,4.54,3.7031491031004675,0.8368508968995325
fold_municipality_grouped,G0_base,RidgeControl,4,AGC_110,4.18,3.857131692681823,0.32286830731817684
fold_municipality_grouped,G0_base,RidgeControl,4,AGC_111,4.72,3.647953195112729,1.0720468048872709
fold_municipality_grouped,G0_base,RidgeControl,4,AGC_115,4.6,3.58908613768377,1.0109138623162295
fold_municipality_grouped,G0_base,RidgeControl,4,AGC_124,5.05,4.094681359582955,0.9553186404170448
fold_municipality_grouped,G0_base,RidgeControl,4,AGC_125,4.06,4.1308475996093055,-0.07084759960930587
fold_municipality_grouped,G0_base,RidgeControl,4,AGC_127,5.57,4.809893942137367,0.7601060578626333
fold_municipality_grouped,G0_base,RidgeControl,4,AGC_131,4.89,4.381666108294358,0.5083338917056412
fold_municipality_grouped,G0_base,RidgeControl,4,AGC_132,4.13,3.821476685856835,0.3085233141431649
fold_municipality_grouped,G0_base,RidgeControl,4,AGC_133,3.91,3.760033190923079,0.14996680907692106
fold_municipality_grouped,G0_base,RidgeControl,4,AGC_135,4.49,3.488920261034676,1.0010797389653243
fold_municipality_grouped,G0_base,RidgeControl,4,AGC_139,4.67,3.886051831303624,0.7839481686963761
fold_municipality_grouped,G0_base,RidgeControl,4,AGC_150,4.52,4.133339386266426,0.3866606137335733
fold_municipality_grouped,G0_base,RidgeControl,4,AGC_155,4.52,4.178688107079585,0.3413118929204142
fold_municipality_grouped,G0_base,RidgeControl,4,AGC_159,4.77,3.963538939474064,0.8064610605259355
fold_municipality_grouped,G0_base,RidgeControl,4,AGC_160,3.62,4.0914428308648265,-0.4714428308648264
fold_municipality_grouped,G0_base,RidgeControl,4,AGC_161,4.46,4.087550677929521,0.3724493220704792
fold_municipality_grouped,G0_base,RidgeControl,4,AGC_162,5.59,3.4886495377258693,2.1013504622741306
fold_municipality_grouped,G0_base,RidgeControl,4,AGC_164,3.0,3.4529494351908556,-0.4529494351908556
fold_municipality_grouped,G0_base,RidgeControl,4,AGC_165,4.44,3.7513190299506514,0.688680970049349
fold_municipality_grouped,G0_base,RidgeControl,4,AGC_167,4.54,4.046397512746096,0.493602487253904
fold_municipality_grouped,G0_base,RidgeControl,4,AGC_168,4.49,4.185858597861165,0.30414140213883556
fold_municipality_grouped,G0_base,RidgeControl,4,AGC_171,2.15,3.7221603779613384,-1.5721603779613385
fold_municipality_grouped,G0_base,RidgeControl,4,AGC_172,5.19,3.8166499201037647,1.3733500798962357
fold_municipality_grouped,G0_base,RidgeControl,4,AGC_176,4.38,3.6350997315162905,0.7449002684837094
fold_municipality_grouped,G0_base,RidgeControl,4,AGC_178,4.39,3.5705228984841284,0.8194771015158713
fold_municipality_grouped,G0_base,RidgeControl,4,AGC_179,4.55,3.8579651925064287,0.6920348074935712
fold_municipality_grouped,G0_base,RidgeControl,4,AGC_181,4.51,4.02964296301402,0.4803570369859802
fold_municipality_grouped,G0_base,RidgeControl,4,AGC_185,5.01,4.163993029545073,0.8460069704549271
fold_municipality_grouped,G0_base,RidgeControl,4,AGC_189,4.03,3.8383201285636144,0.19167987143638587
fold_municipality_grouped,G0_base,RidgeControl,4,AGC_193,4.57,3.5264279066106643,1.043572093389336
fold_municipality_grouped,G0_base,RidgeControl,4,AGC_195,3.68,3.77115771516388,-0.09115771516388005
fold_municipality_grouped,G0_base,RidgeControl,4,AGC_197,4.52,3.557740326164425,0.9622596738355744
fold_municipality_grouped,G0_base,RidgeControl,5,AGC_009,4.79,4.306234960356893,0.48376503964310746
fold_municipality_grouped,G0_base,RidgeControl,5,AGC_035,4.68,3.8199561335393217,0.860043866460678
fold_municipality_grouped,G0_base,RidgeControl,5,AGC_048,2.5,3.2625821165131317,-0.7625821165131317
fold_municipality_grouped,G0_base,RidgeControl,5,AGC_064,4.51,4.421555345672924,0.08844465432707604
fold_municipality_grouped,G0_base,RidgeControl,5,AGC_083,4.61,4.134964681912015,0.4750353180879854
fold_municipality_grouped,G0_base,RidgeControl,5,AGC_119,4.4,4.381987131688386,0.018012868311614305
fold_state_stratified,G2_base_agro,RidgeControl,1,AGC_009,4.79,4.1871001857132715,0.6028998142867286
fold_state_stratified,G2_base_agro,RidgeControl,1,AGC_015,2.64,4.78442481683441,-2.14442481683441
fold_state_stratified,G2_base_agro,RidgeControl,1,AGC_017,4.98,4.703719574162493,0.27628042583750734
fold_state_stratified,G2_base_agro,RidgeControl,1,AGC_032,4.03,4.31975359442305,-0.2897535944230496
fold_state_stratified,G2_base_agro,RidgeControl,1,AGC_045,4.1,4.4440096684466015,-0.34400966844660186
fold_state_stratified,G2_base_agro,RidgeControl,1,AGC_054,2.5,2.9576420155197343,-0.45764201551973427
fold_state_stratified,G2_base_agro,RidgeControl,1,AGC_058,2.5,3.3989990274077986,-0.8989990274077986
fold_state_stratified,G2_base_agro,RidgeControl,1,AGC_068,2.5,3.1065626734983236,-0.6065626734983236
fold_state_stratified,G2_base_agro,RidgeControl,1,AGC_073,4.3,4.23011277634418,0.06988722365581967
fold_state_stratified,G2_base_agro,RidgeControl,1,AGC_079,3.3,2.774389259765009,0.525610740234991
fold_state_stratified,G2_base_agro,RidgeControl,1,AGC_083,4.61,4.043107790246635,0.5668922097533651
fold_state_stratified,G2_base_agro,RidgeControl,1,AGC_090,4.68,4.155685086518448,0.5243149134815521
fold_state_stratified,G2_base_agro,RidgeControl,1,AGC_102,4.4,4.111708216741016,0.28829178325898397
fold_state_stratified,G2_base_agro,RidgeControl,1,AGC_103,3.0,2.8515222450185105,0.14847775498148952
fold_state_stratified,G2_base_agro,RidgeControl,1,AGC_111,4.72,4.403326526419475,0.3166734735805248
fold_state_stratified,G2_base_agro,RidgeControl,1,AGC_112,3.0,3.1408263898839186,-0.1408263898839186
fold_state_stratified,G2_base_agro,RidgeControl,1,AGC_117,3.5,3.5830517149758854,-0.08305171497588537
fold_state_stratified,G2_base_agro,RidgeControl,1,AGC_119,4.4,4.24766499155567,0.15233500844433046
fold_state_stratified,G2_base_agro,RidgeControl,1,AGC_121,3.3,3.0017702656607415,0.29822973433925837
fold_state_stratified,G2_base_agro,RidgeControl,1,AGC_127,5.57,5.021622866146352,0.5483771338536485
fold_state_stratified,G2_base_agro,RidgeControl,1,AGC_133,3.91,4.203091544030927,-0.2930915440309265
fold_state_stratified,G2_base_agro,RidgeControl,1,AGC_139,4.67,4.266397597171292,0.4036024028287075
fold_state_stratified,G2_base_agro,RidgeControl,1,AGC_159,4.77,4.634958445432752,0.13504155456724742
fold_state_stratified,G2_base_agro,RidgeControl,1,AGC_161,4.46,4.716468778109336,-0.256468778109336
fold_state_stratified,G2_base_agro,RidgeControl,1,AGC_164,3.0,3.215374156524673,-0.21537415652467296
fold_state_stratified,G2_base_agro,RidgeControl,1,AGC_167,4.54,4.553462706180078,-0.01346270618007761
fold_state_stratified,G2_base_agro,RidgeControl,1,AGC_180,4.14,4.17001657059967,-0.030016570599670445
fold_state_stratified,G2_base_agro,RidgeControl,1,AGC_187,3.0,3.3600927046644835,-0.3600927046644835
fold_state_stratified,G2_base_agro,RidgeControl,2,AGC_008,4.55,4.098110847707952,0.45188915229204785
fold_state_stratified,G2_base_agro,RidgeControl,2,AGC_024,3.03,3.898975099957955,-0.8689750999579551
fold_state_stratified,G2_base_agro,RidgeControl,2,AGC_033,4.47,4.434515418083906,0.03548458191609338
fold_state_stratified,G2_base_agro,RidgeControl,2,AGC_037,3.5,3.068561253122171,0.4314387468778289
fold_state_stratified,G2_base_agro,RidgeControl,2,AGC_040,3.0,3.1203962821946223,-0.12039628219462228
fold_state_stratified,G2_base_agro,RidgeControl,2,AGC_047,4.45,3.7353063045265196,0.7146936954734806
fold_state_stratified,G2_base_agro,RidgeControl,2,AGC_049,5.53,4.982621971672508,0.5473780283274925
fold_state_stratified,G2_base_agro,RidgeControl,2,AGC_053,3.5,3.3408666691876534,0.1591333308123466
fold_state_stratified,G2_base_agro,RidgeControl,2,AGC_055,5.45,4.5247321218240755,0.9252678781759247
fold_state_stratified,G2_base_agro,RidgeControl,2,AGC_062,3.81,4.444741941389975,-0.6347419413899753
fold_state_stratified,G2_base_agro,RidgeControl,2,AGC_064,4.51,4.423244033696135,0.08675596630386462
fold_state_stratified,G2_base_agro,RidgeControl,2,AGC_078,3.0,3.3113116177525956,-0.31131161775259564
fold_state_stratified,G2_base_agro,RidgeControl,2,AGC_098,3.0,3.1918829188219933,-0.19188291882199326
fold_state_stratified,G2_base_agro,RidgeControl,2,AGC_100,4.5,4.147380942077571,0.3526190579224293
fold_state_stratified,G2_base_agro,RidgeControl,2,AGC_108,4.51,4.7286807838587785,-0.21868078385877876
fold_state_stratified,G2_base_agro,RidgeControl,2,AGC_124,5.05,4.895939002105892,0.1540609978941081
fold_state_stratified,G2_base_agro,RidgeControl,2,AGC_125,4.06,4.462311039137383,-0.4023110391373832
fold_state_stratified,G2_base_agro,RidgeControl,2,AGC_131,4.89,4.622661792722866,0.26733820727713375
fold_state_stratified,G2_base_agro,RidgeControl,2,AGC_134,4.52,4.41433739092057,0.10566260907942926
fold_state_stratified,G2_base_agro,RidgeControl,2,AGC_135,4.49,4.363034701889533,0.1269652981104672
fold_state_stratified,G2_base_agro,RidgeControl,2,AGC_145,3.5,3.0221420840197064,0.4778579159802936
fold_state_stratified,G2_base_agro,RidgeControl,2,AGC_150,4.52,4.4042048563146725,0.11579514368532706
fold_state_stratified,G2_base_agro,RidgeControl,2,AGC_151,4.69,5.13940544106164,-0.44940544106163927
fold_state_stratified,G2_base_agro,RidgeControl,2,AGC_157,3.0,3.1585451091041263,-0.15854510910412634
fold_state_stratified,G2_base_agro,RidgeControl,2,AGC_160,3.62,5.00467579114385,-1.3846757911438496
fold_state_stratified,G2_base_agro,RidgeControl,2,AGC_166,2.5,3.3604580490067053,-0.8604580490067053
fold_state_stratified,G2_base_agro,RidgeControl,2,AGC_193,4.57,3.908446100452738,0.6615538995472621
fold_state_stratified,G2_base_agro,RidgeControl,2,AGC_194,3.2,3.436782133309813,-0.2367821333098128
fold_state_stratified,G2_base_agro,RidgeControl,3,AGC_004,3.0,3.1842127724057225,-0.18421277240572254
fold_state_stratified,G2_base_agro,RidgeControl,3,AGC_005,5.16,4.663771791816633,0.4962282081833669
fold_state_stratified,G2_base_agro,RidgeControl,3,AGC_010,4.1,3.817108417170823,0.2828915828291767
fold_state_stratified,G2_base_agro,RidgeControl,3,AGC_014,4.83,4.039768975482032,0.7902310245179685
fold_state_stratified,G2_base_agro,RidgeControl,3,AGC_018,4.49,4.3048595710364435,0.18514042896355676
fold_state_stratified,G2_base_agro,RidgeControl,3,AGC_021,4.94,4.259136157064235,0.6808638429357652
fold_state_stratified,G2_base_agro,RidgeControl,3,AGC_023,3.0,3.15801507702566,-0.15801507702565987
fold_state_stratified,G2_base_agro,RidgeControl,3,AGC_038,3.3,3.4378348728746007,-0.13783487287460083
fold_state_stratified,G2_base_agro,RidgeControl,3,AGC_044,3.5,3.26813395113353,0.2318660488664701
fold_state_stratified,G2_base_agro,RidgeControl,3,AGC_051,4.45,3.7866181288332714,0.6633818711667288
fold_state_stratified,G2_base_agro,RidgeControl,3,AGC_059,4.41,4.000731478874224,0.4092685211257763
fold_state_stratified,G2_base_agro,RidgeControl,3,AGC_066,3.0,3.0907623983398285,-0.09076239833982847
fold_state_stratified,G2_base_agro,RidgeControl,3,AGC_067,3.0,3.6917648082062993,-0.6917648082062993
fold_state_stratified,G2_base_agro,RidgeControl,3,AGC_069,5.46,4.7538785277557745,0.7061214722442255
fold_state_stratified,G2_base_agro,RidgeControl,3,AGC_070,3.3,3.2715518452977643,0.028448154702235495
fold_state_stratified,G2_base_agro,RidgeControl,3,AGC_072,4.55,4.215672354642072,0.334327645357928
fold_state_stratified,G2_base_agro,RidgeControl,3,AGC_074,2.5,3.442150044260011,-0.942150044260011
fold_state_stratified,G2_base_agro,RidgeControl,3,AGC_077,4.76,4.296000285931105,0.46399971406889495
fold_state_stratified,G2_base_agro,RidgeControl,3,AGC_089,3.0,3.351876069384273,-0.35187606938427285
fold_state_stratified,G2_base_agro,RidgeControl,3,AGC_097,4.69,4.393168235004047,0.29683176499595376
fold_state_stratified,G2_base_agro,RidgeControl,3,AGC_106,4.43,3.925686076743444,0.5043139232565559
fold_state_stratified,G2_base_agro,RidgeControl,3,AGC_110,4.18,4.226573590702196,-0.04657359070219602
fold_state_stratified,G2_base_agro,RidgeControl,3,AGC_138,2.5,3.5955572008048304,-1.0955572008048304
fold_state_stratified,G2_base_agro,RidgeControl,3,AGC_155,4.52,4.897259261290755,-0.3772592612907557
fold_state_stratified,G2_base_agro,RidgeControl,3,AGC_163,3.0,2.9702991369168967,0.02970086308310327
fold_state_stratified,G2_base_agro,RidgeControl,3,AGC_165,4.44,4.576451369773533,-0.13645136977353278
fold_state_stratified,G2_base_agro,RidgeControl,3,AGC_196,3.5,3.604934172590923,-0.10493417259092297
fold_state_stratified,G2_base_agro,RidgeControl,3,AGC_197,4.52,4.250536218737827,0.2694637812621723
fold_state_stratified,G2_base_agro,RidgeControl,4,AGC_007,3.5,3.108207726024638,0.3917922739753621
fold_state_stratified,G2_base_agro,RidgeControl,4,AGC_012,4.69,4.795521107995147,-0.10552110799514658
fold_state_stratified,G2_base_agro,RidgeControl,4,AGC_019,3.0,2.8740685171380895,0.12593148286191047
fold_state_stratified,G2_base_agro,RidgeControl,4,AGC_022,4.55,4.175640227121267,0.3743597728787327
fold_state_stratified,G2_base_agro,RidgeControl,4,AGC_026,3.55,4.336695868295375,-0.7866958682953751
fold_state_stratified,G2_base_agro,RidgeControl,4,AGC_041,2.5,3.379500621528953,-0.8795006215289529
fold_state_stratified,G2_base_agro,RidgeControl,4,AGC_048,2.5,3.140755382871152,-0.6407553828711521
fold_state_stratified,G2_base_agro,RidgeControl,4,AGC_056,5.07,4.479711479802109,0.5902885201978911
fold_state_stratified,G2_base_agro,RidgeControl,4,AGC_080,3.5,3.1921035167798366,0.3078964832201634
fold_state_stratified,G2_base_agro,RidgeControl,4,AGC_081,3.7,3.4569887129601202,0.24301128703987995
fold_state_stratified,G2_base_agro,RidgeControl,4,AGC_099,3.5,3.4393396295011374,0.06066037049886264
fold_state_stratified,G2_base_agro,RidgeControl,4,AGC_104,4.56,4.342779999010522,0.21722000098947802
fold_state_stratified,G2_base_agro,RidgeControl,4,AGC_109,4.54,4.5234838889521365,0.016516111047863546
fold_state_stratified,G2_base_agro,RidgeControl,4,AGC_115,4.6,4.104795562817342,0.4952044371826574
fold_state_stratified,G2_base_agro,RidgeControl,4,AGC_122,3.5,2.687002866946772,0.8129971330532282
fold_state_stratified,G2_base_agro,RidgeControl,4,AGC_132,4.13,4.4452474720067086,-0.31524747200670866
fold_state_stratified,G2_base_agro,RidgeControl,4,AGC_140,3.2,3.0675336590365303,0.13246634096346988
fold_state_stratified,G2_base_agro,RidgeControl,4,AGC_144,2.5,3.0339046308025868,-0.5339046308025868
fold_state_stratified,G2_base_agro,RidgeControl,4,AGC_148,3.0,3.1222400992694923,-0.12224009926949231
fold_state_stratified,G2_base_agro,RidgeControl,4,AGC_152,4.87,4.553817257929847,0.3161827420701533
fold_state_stratified,G2_base_agro,RidgeControl,4,AGC_168,4.49,4.73826656879759,-0.24826656879758957
fold_state_stratified,G2_base_agro,RidgeControl,4,AGC_170,3.0,3.270179311035022,-0.2701793110350219
fold_state_stratified,G2_base_agro,RidgeControl,4,AGC_171,2.15,4.309074101372348,-2.159074101372348
fold_state_stratified,G2_base_agro,RidgeControl,4,AGC_172,5.19,4.468166841311543,0.7218331586884572
fold_state_stratified,G2_base_agro,RidgeControl,4,AGC_176,4.38,4.120963654518424,0.25903634548157584
fold_state_stratified,G2_base_agro,RidgeControl,4,AGC_178,4.39,4.186146565866533,0.20385343413346657
fold_state_stratified,G2_base_agro,RidgeControl,4,AGC_181,4.51,4.585728173582942,-0.07572817358294248
fold_state_stratified,G2_base_agro,RidgeControl,5,AGC_001,3.5,2.550148725387647,0.9498512746123531
fold_state_stratified,G2_base_agro,RidgeControl,5,AGC_002,4.63,4.687610337520026,-0.05761033752002653
fold_state_stratified,G2_base_agro,RidgeControl,5,AGC_006,4.49,4.352960581019054,0.13703941898094651
fold_state_stratified,G2_base_agro,RidgeControl,5,AGC_013,4.01,4.45726454735521,-0.4472645473552106
fold_state_stratified,G2_base_agro,RidgeControl,5,AGC_020,3.5,3.205225028963024,0.29477497103697603
fold_state_stratified,G2_base_agro,RidgeControl,5,AGC_034,2.0,3.3891484772767573,-1.3891484772767573
fold_state_stratified,G2_base_agro,RidgeControl,5,AGC_035,4.68,3.755927833586809,0.9240721664131906
fold_state_stratified,G2_base_agro,RidgeControl,5,AGC_046,3.0,2.620309476264894,0.37969052373510603
fold_state_stratified,G2_base_agro,RidgeControl,5,AGC_057,4.55,4.692922690383265,-0.14292269038326477
fold_state_stratified,G2_base_agro,RidgeControl,5,AGC_060,4.52,4.684511305536956,-0.1645113055369567
fold_state_stratified,G2_base_agro,RidgeControl,5,AGC_084,4.54,4.610615709737654,-0.07061570973765363
fold_state_stratified,G2_base_agro,RidgeControl,5,AGC_092,4.57,4.316767993423653,0.25323200657634715
fold_state_stratified,G2_base_agro,RidgeControl,5,AGC_096,4.59,4.029494653749229,0.5605053462507712
fold_state_stratified,G2_base_agro,RidgeControl,5,AGC_101,4.57,3.9793035753438017,0.5906964246561985
fold_state_stratified,G2_base_agro,RidgeControl,5,AGC_105,4.41,4.413304924375778,-0.0033049243757776736
fold_state_stratified,G2_base_agro,RidgeControl,5,AGC_114,3.0,2.8465426232845497,0.15345737671545034
fold_state_stratified,G2_base_agro,RidgeControl,5,AGC_123,2.5,2.8144301611471993,-0.31443016114719935
fold_state_stratified,G2_base_agro,RidgeControl,5,AGC_137,4.54,4.5732969964815915,-0.033296996481591457
fold_state_stratified,G2_base_agro,RidgeControl,5,AGC_141,3.5,3.0009066946431133,0.4990933053568867
fold_state_stratified,G2_base_agro,RidgeControl,5,AGC_146,4.58,4.270257273916827,0.3097427260831731
fold_state_stratified,G2_base_agro,RidgeControl,5,AGC_162,5.59,4.46783566829458,1.1221643317054202
fold_state_stratified,G2_base_agro,RidgeControl,5,AGC_169,2.5,2.8529744114474362,-0.35297441144743624
fold_state_stratified,G2_base_agro,RidgeControl,5,AGC_179,4.55,4.445159954116112,0.10484004588388807
fold_state_stratified,G2_base_agro,RidgeControl,5,AGC_184,4.47,4.1392880404056305,0.3307119595943693
fold_state_stratified,G2_base_agro,RidgeControl,5,AGC_185,5.01,4.618045540797828,0.39195445920217153
fold_state_stratified,G2_base_agro,RidgeControl,5,AGC_189,4.03,4.186441011556613,-0.1564410115566126
fold_state_stratified,G2_base_agro,RidgeControl,5,AGC_195,3.68,4.188050843861023,-0.5080508438610232
fold_municipality_grouped,G2_base_agro,RidgeControl,1,AGC_001,3.5,2.430764654911756,1.0692353450882441
fold_municipality_grouped,G2_base_agro,RidgeControl,1,AGC_004,3.0,3.340454629243767,-0.3404546292437671
fold_municipality_grouped,G2_base_agro,RidgeControl,1,AGC_019,3.0,2.8085861053104813,0.19141389468951875
fold_municipality_grouped,G2_base_agro,RidgeControl,1,AGC_020,3.5,3.232368408648272,0.2676315913517282
fold_municipality_grouped,G2_base_agro,RidgeControl,1,AGC_023,3.0,3.5405649994529145,-0.5405649994529145
fold_municipality_grouped,G2_base_agro,RidgeControl,1,AGC_037,3.5,3.3407270101216517,0.15927298987834826
fold_municipality_grouped,G2_base_agro,RidgeControl,1,AGC_040,3.0,3.3204847834616706,-0.32048478346167064
fold_municipality_grouped,G2_base_agro,RidgeControl,1,AGC_044,3.5,3.2551911755875897,0.24480882441241025
fold_municipality_grouped,G2_base_agro,RidgeControl,1,AGC_046,3.0,2.644553055194285,0.35544694480571515
fold_municipality_grouped,G2_base_agro,RidgeControl,1,AGC_053,3.5,3.511693217902752,-0.011693217902752018
fold_municipality_grouped,G2_base_agro,RidgeControl,1,AGC_054,2.5,2.7081711582459733,-0.20817115824597332
fold_municipality_grouped,G2_base_agro,RidgeControl,1,AGC_058,2.5,3.3376325504787814,-0.8376325504787814
fold_municipality_grouped,G2_base_agro,RidgeControl,1,AGC_066,3.0,3.4066132558000333,-0.40661325580003327
fold_municipality_grouped,G2_base_agro,RidgeControl,1,AGC_068,2.5,3.237140825794773,-0.7371408257947731
fold_municipality_grouped,G2_base_agro,RidgeControl,1,AGC_074,2.5,2.6610264720101964,-0.16102647201019638
fold_municipality_grouped,G2_base_agro,RidgeControl,1,AGC_098,3.0,2.753872765346762,0.24612723465323816
fold_municipality_grouped,G2_base_agro,RidgeControl,1,AGC_099,3.5,3.7051805114966214,-0.20518051149662142
fold_municipality_grouped,G2_base_agro,RidgeControl,1,AGC_103,3.0,2.579459383563159,0.42054061643684104
fold_municipality_grouped,G2_base_agro,RidgeControl,1,AGC_112,3.0,3.313971960877275,-0.3139719608772751
fold_municipality_grouped,G2_base_agro,RidgeControl,1,AGC_114,3.0,2.774035915185069,0.2259640848149309
fold_municipality_grouped,G2_base_agro,RidgeControl,1,AGC_117,3.5,3.6650608139712926,-0.16506081397129257
fold_municipality_grouped,G2_base_agro,RidgeControl,1,AGC_122,3.5,2.411693943178049,1.088306056821951
fold_municipality_grouped,G2_base_agro,RidgeControl,1,AGC_123,2.5,2.598033542890652,-0.09803354289065203
fold_municipality_grouped,G2_base_agro,RidgeControl,1,AGC_138,2.5,3.6093248501007844,-1.1093248501007844
fold_municipality_grouped,G2_base_agro,RidgeControl,1,AGC_141,3.5,3.141183743730344,0.3588162562696562
fold_municipality_grouped,G2_base_agro,RidgeControl,1,AGC_144,2.5,2.8074581264843563,-0.30745812648435633
fold_municipality_grouped,G2_base_agro,RidgeControl,1,AGC_145,3.5,2.787344343875954,0.712655656124046
fold_municipality_grouped,G2_base_agro,RidgeControl,1,AGC_157,3.0,3.1860438195277694,-0.18604381952776938
fold_municipality_grouped,G2_base_agro,RidgeControl,1,AGC_163,3.0,3.040332522788709,-0.040332522788709024
fold_municipality_grouped,G2_base_agro,RidgeControl,1,AGC_169,2.5,3.113145518739244,-0.6131455187392438
fold_municipality_grouped,G2_base_agro,RidgeControl,1,AGC_170,3.0,3.6844450603056793,-0.6844450603056793
fold_municipality_grouped,G2_base_agro,RidgeControl,1,AGC_187,3.0,3.4584389993418827,-0.4584389993418827
fold_municipality_grouped,G2_base_agro,RidgeControl,1,AGC_196,3.5,3.6382711957076275,-0.13827119570762747
fold_municipality_grouped,G2_base_agro,RidgeControl,2,AGC_007,3.5,3.7550705618495233,-0.25507056184952326
fold_municipality_grouped,G2_base_agro,RidgeControl,2,AGC_034,2.0,4.078194120931786,-2.0781941209317862
fold_municipality_grouped,G2_base_agro,RidgeControl,2,AGC_038,3.3,4.191076512257205,-0.8910765122572055
fold_municipality_grouped,G2_base_agro,RidgeControl,2,AGC_041,2.5,4.1578664125083895,-1.6578664125083895
fold_municipality_grouped,G2_base_agro,RidgeControl,2,AGC_067,3.0,4.0942060856842035,-1.0942060856842035
fold_municipality_grouped,G2_base_agro,RidgeControl,2,AGC_070,3.3,4.05537328194488,-0.7553732819448804
fold_municipality_grouped,G2_base_agro,RidgeControl,2,AGC_078,3.0,3.902931948931632,-0.9029319489316321
fold_municipality_grouped,G2_base_agro,RidgeControl,2,AGC_079,3.3,3.7979927886006477,-0.4979927886006479
fold_municipality_grouped,G2_base_agro,RidgeControl,2,AGC_080,3.5,3.8329788389437103,-0.3329788389437103
fold_municipality_grouped,G2_base_agro,RidgeControl,2,AGC_081,3.7,4.136844212967444,-0.43684421296744347
fold_municipality_grouped,G2_base_agro,RidgeControl,2,AGC_089,3.0,3.8631045777648434,-0.8631045777648434
fold_municipality_grouped,G2_base_agro,RidgeControl,2,AGC_121,3.3,3.7911358408585136,-0.4911358408585138
fold_municipality_grouped,G2_base_agro,RidgeControl,2,AGC_140,3.2,3.817707867621591,-0.6177078676215908
fold_municipality_grouped,G2_base_agro,RidgeControl,2,AGC_148,3.0,3.792213106024421,-0.7922131060244211
fold_municipality_grouped,G2_base_agro,RidgeControl,2,AGC_166,2.5,4.1998779048455805,-1.6998779048455805
fold_municipality_grouped,G2_base_agro,RidgeControl,2,AGC_194,3.2,4.243552992901085,-1.043552992901085
fold_municipality_grouped,G2_base_agro,RidgeControl,3,AGC_051,4.45,3.553651756653115,0.896348243346885
fold_municipality_grouped,G2_base_agro,RidgeControl,3,AGC_059,4.41,3.849114267998566,0.560885732001434
fold_municipality_grouped,G2_base_agro,RidgeControl,3,AGC_084,4.54,4.492636716922177,0.047363283077823226
fold_municipality_grouped,G2_base_agro,RidgeControl,3,AGC_134,4.52,4.056448409669237,0.46355159033076276
fold_municipality_grouped,G2_base_agro,RidgeControl,3,AGC_137,4.54,4.24675555680547,0.29324444319453047
fold_municipality_grouped,G2_base_agro,RidgeControl,3,AGC_146,4.58,4.161284226826735,0.4187157731732647
fold_municipality_grouped,G2_base_agro,RidgeControl,3,AGC_151,4.69,4.46422511950973,0.2257748804902704
fold_municipality_grouped,G2_base_agro,RidgeControl,3,AGC_152,4.87,4.428097300713697,0.4419026992863033
fold_municipality_grouped,G2_base_agro,RidgeControl,3,AGC_180,4.14,3.7508239544668385,0.3891760455331612
fold_municipality_grouped,G2_base_agro,RidgeControl,3,AGC_184,4.47,4.030858694878733,0.43914130512126714
fold_municipality_grouped,G2_base_agro,RidgeControl,4,AGC_002,4.63,4.322995486205009,0.3070045137949906
fold_municipality_grouped,G2_base_agro,RidgeControl,4,AGC_005,5.16,4.500697005120534,0.6593029948794662
fold_municipality_grouped,G2_base_agro,RidgeControl,4,AGC_006,4.49,3.8604864752374306,0.6295135247625696
fold_municipality_grouped,G2_base_agro,RidgeControl,4,AGC_008,4.55,3.7839727627826654,0.7660272372173345
fold_municipality_grouped,G2_base_agro,RidgeControl,4,AGC_010,4.1,4.028979120612808,0.07102087938719137
fold_municipality_grouped,G2_base_agro,RidgeControl,4,AGC_012,4.69,4.109391327748586,0.5806086722514143
fold_municipality_grouped,G2_base_agro,RidgeControl,4,AGC_013,4.01,4.0589584355582735,-0.04895843555827373
fold_municipality_grouped,G2_base_agro,RidgeControl,4,AGC_014,4.83,4.419990582898784,0.4100094171012163
fold_municipality_grouped,G2_base_agro,RidgeControl,4,AGC_015,2.64,3.975715026531767,-1.335715026531767
fold_municipality_grouped,G2_base_agro,RidgeControl,4,AGC_017,4.98,4.0507719136711415,0.9292280863288589
fold_municipality_grouped,G2_base_agro,RidgeControl,4,AGC_018,4.49,4.0166276899965645,0.4733723100034357
fold_municipality_grouped,G2_base_agro,RidgeControl,4,AGC_021,4.94,3.607083399868489,1.3329166001315116
fold_municipality_grouped,G2_base_agro,RidgeControl,4,AGC_022,4.55,3.5930217001269464,0.9569782998730534
fold_municipality_grouped,G2_base_agro,RidgeControl,4,AGC_024,3.03,3.7982895335735805,-0.7682895335735807
fold_municipality_grouped,G2_base_agro,RidgeControl,4,AGC_026,3.55,3.9562099851850228,-0.40620998518502294
fold_municipality_grouped,G2_base_agro,RidgeControl,4,AGC_032,4.03,3.773264120761278,0.2567358792387222
fold_municipality_grouped,G2_base_agro,RidgeControl,4,AGC_033,4.47,3.7098218043975235,0.7601781956024762
fold_municipality_grouped,G2_base_agro,RidgeControl,4,AGC_045,4.1,3.991026479338629,0.10897352066137067
fold_municipality_grouped,G2_base_agro,RidgeControl,4,AGC_047,4.45,3.7206855199055644,0.7293144800944358
fold_municipality_grouped,G2_base_agro,RidgeControl,4,AGC_049,5.53,4.1045834424718475,1.4254165575281528
fold_municipality_grouped,G2_base_agro,RidgeControl,4,AGC_055,5.45,4.015537050625278,1.4344629493747219
fold_municipality_grouped,G2_base_agro,RidgeControl,4,AGC_056,5.07,3.603363421497489,1.4666365785025115
fold_municipality_grouped,G2_base_agro,RidgeControl,4,AGC_057,4.55,3.9424540665101677,0.6075459334898321
fold_municipality_grouped,G2_base_agro,RidgeControl,4,AGC_060,4.52,4.006597119505669,0.5134028804943309
fold_municipality_grouped,G2_base_agro,RidgeControl,4,AGC_062,3.81,3.5194291894236507,0.29057081057634937
fold_municipality_grouped,G2_base_agro,RidgeControl,4,AGC_069,5.46,4.23034781331446,1.2296521866855397
fold_municipality_grouped,G2_base_agro,RidgeControl,4,AGC_072,4.55,3.6820057980753536,0.8679942019246463
fold_municipality_grouped,G2_base_agro,RidgeControl,4,AGC_073,4.3,3.427676977921005,0.8723230220789948
fold_municipality_grouped,G2_base_agro,RidgeControl,4,AGC_077,4.76,3.6229968973975955,1.1370031026024043
fold_municipality_grouped,G2_base_agro,RidgeControl,4,AGC_090,4.68,4.071472889567014,0.6085271104329859
fold_municipality_grouped,G2_base_agro,RidgeControl,4,AGC_092,4.57,3.8445043213668377,0.7254956786331626
fold_municipality_grouped,G2_base_agro,RidgeControl,4,AGC_096,4.59,3.419470427518069,1.170529572481931
fold_municipality_grouped,G2_base_agro,RidgeControl,4,AGC_097,4.69,3.6874687386359146,1.0025312613640858
fold_municipality_grouped,G2_base_agro,RidgeControl,4,AGC_100,4.5,3.823552793172868,0.6764472068271319
fold_municipality_grouped,G2_base_agro,RidgeControl,4,AGC_101,4.57,3.5263202622042966,1.0436797377957037
fold_municipality_grouped,G2_base_agro,RidgeControl,4,AGC_102,4.4,3.858439982054995,0.5415600179450055
fold_municipality_grouped,G2_base_agro,RidgeControl,4,AGC_104,4.56,4.000738392051765,0.5592616079482342
fold_municipality_grouped,G2_base_agro,RidgeControl,4,AGC_105,4.41,4.127657074605783,0.2823429253942171
fold_municipality_grouped,G2_base_agro,RidgeControl,4,AGC_106,4.43,3.843724429544001,0.5862755704559985
fold_municipality_grouped,G2_base_agro,RidgeControl,4,AGC_108,4.51,3.7451968597184413,0.7648031402815585
fold_municipality_grouped,G2_base_agro,RidgeControl,4,AGC_109,4.54,3.7353731999128206,0.8046268000871795
fold_municipality_grouped,G2_base_agro,RidgeControl,4,AGC_110,4.18,3.936905986022352,0.24309401397764763
fold_municipality_grouped,G2_base_agro,RidgeControl,4,AGC_111,4.72,3.6729340025351735,1.0470659974648262
fold_municipality_grouped,G2_base_agro,RidgeControl,4,AGC_115,4.6,3.559901381302907,1.0400986186970926
fold_municipality_grouped,G2_base_agro,RidgeControl,4,AGC_124,5.05,4.166607987785231,0.8833920122147685
fold_municipality_grouped,G2_base_agro,RidgeControl,4,AGC_125,4.06,4.2993403070894995,-0.23934030708949994
fold_municipality_grouped,G2_base_agro,RidgeControl,4,AGC_127,5.57,4.771458089164852,0.7985419108351479
fold_municipality_grouped,G2_base_agro,RidgeControl,4,AGC_131,4.89,4.392392776391012,0.4976072236089877
fold_municipality_grouped,G2_base_agro,RidgeControl,4,AGC_132,4.13,3.8982588675355276,0.23174113246447225
fold_municipality_grouped,G2_base_agro,RidgeControl,4,AGC_133,3.91,3.8156727897113547,0.09432721028864544
fold_municipality_grouped,G2_base_agro,RidgeControl,4,AGC_135,4.49,3.5195314428916387,0.9704685571083616
fold_municipality_grouped,G2_base_agro,RidgeControl,4,AGC_139,4.67,3.876858263853837,0.793141736146163
fold_municipality_grouped,G2_base_agro,RidgeControl,4,AGC_150,4.52,4.206903079120444,0.31309692087955554
fold_municipality_grouped,G2_base_agro,RidgeControl,4,AGC_155,4.52,4.213560466446656,0.30643953355334386
fold_municipality_grouped,G2_base_agro,RidgeControl,4,AGC_159,4.77,4.0977237336820185,0.6722762663179811
fold_municipality_grouped,G2_base_agro,RidgeControl,4,AGC_160,3.62,4.127754977043789,-0.5077549770437892
fold_municipality_grouped,G2_base_agro,RidgeControl,4,AGC_161,4.46,4.177731773683796,0.2822682263162042
fold_municipality_grouped,G2_base_agro,RidgeControl,4,AGC_162,5.59,3.469368746128101,2.120631253871899
fold_municipality_grouped,G2_base_agro,RidgeControl,4,AGC_164,3.0,3.4212303681333975,-0.42123036813339754
fold_municipality_grouped,G2_base_agro,RidgeControl,4,AGC_165,4.44,3.799091896774644,0.6409081032253563
fold_municipality_grouped,G2_base_agro,RidgeControl,4,AGC_167,4.54,4.160224746049402,0.37977525395059786
fold_municipality_grouped,G2_base_agro,RidgeControl,4,AGC_168,4.49,4.272244712053293,0.21775528794670684
fold_municipality_grouped,G2_base_agro,RidgeControl,4,AGC_171,2.15,3.724429363937786,-1.574429363937786
fold_municipality_grouped,G2_base_agro,RidgeControl,4,AGC_172,5.19,3.897044826121612,1.2929551738783882
fold_municipality_grouped,G2_base_agro,RidgeControl,4,AGC_176,4.38,3.6626969901490716,0.7173030098509283
fold_municipality_grouped,G2_base_agro,RidgeControl,4,AGC_178,4.39,3.500493505827563,0.8895064941724367
fold_municipality_grouped,G2_base_agro,RidgeControl,4,AGC_179,4.55,3.9051818788065766,0.6448181211934232
fold_municipality_grouped,G2_base_agro,RidgeControl,4,AGC_181,4.51,4.086359256966328,0.4236407430336717
fold_municipality_grouped,G2_base_agro,RidgeControl,4,AGC_185,5.01,4.151103752081522,0.8588962479184774
fold_municipality_grouped,G2_base_agro,RidgeControl,4,AGC_189,4.03,3.882834189741221,0.1471658102587794
fold_municipality_grouped,G2_base_agro,RidgeControl,4,AGC_193,4.57,3.5092971909157926,1.0607028090842077
fold_municipality_grouped,G2_base_agro,RidgeControl,4,AGC_195,3.68,3.803796955136634,-0.1237969551366338
fold_municipality_grouped,G2_base_agro,RidgeControl,4,AGC_197,4.52,3.496359692315556,1.0236403076844436
fold_municipality_grouped,G2_base_agro,RidgeControl,5,AGC_009,4.79,4.309183721424784,0.48081627857521614
fold_municipality_grouped,G2_base_agro,RidgeControl,5,AGC_035,4.68,3.7751328201872907,0.904867179812709
fold_municipality_grouped,G2_base_agro,RidgeControl,5,AGC_048,2.5,3.271993482130815,-0.771993482130815
fold_municipality_grouped,G2_base_agro,RidgeControl,5,AGC_064,4.51,4.393755284891693,0.1162447151083068
fold_municipality_grouped,G2_base_agro,RidgeControl,5,AGC_083,4.61,4.124314581788124,0.48568541821187594
fold_municipality_grouped,G2_base_agro,RidgeControl,5,AGC_119,4.4,4.36718578189938,0.03281421810062035
fold_state_stratified,G0_base,PLSControl,1,AGC_009,4.79,4.04456617615631,0.7454338238436904
fold_state_stratified,G0_base,PLSControl,1,AGC_015,2.64,4.7992245949659464,-2.1592245949659463
fold_state_stratified,G0_base,PLSControl,1,AGC_017,4.98,4.868770925722103,0.11122907427789741
fold_state_stratified,G0_base,PLSControl,1,AGC_032,4.03,4.399746955455224,-0.3697469554552235
fold_state_stratified,G0_base,PLSControl,1,AGC_045,4.1,4.514423875450181,-0.414423875450181
fold_state_stratified,G0_base,PLSControl,1,AGC_054,2.5,2.9295493556333643,-0.42954935563336427
fold_state_stratified,G0_base,PLSControl,1,AGC_058,2.5,3.357710279442665,-0.857710279442665
fold_state_stratified,G0_base,PLSControl,1,AGC_068,2.5,3.017349555332418,-0.5173495553324181
fold_state_stratified,G0_base,PLSControl,1,AGC_073,4.3,4.480950002162346,-0.18095000216234602
fold_state_stratified,G0_base,PLSControl,1,AGC_079,3.3,2.5433063634153004,0.7566936365846995
fold_state_stratified,G0_base,PLSControl,1,AGC_083,4.61,3.9775160600962316,0.6324839399037687
fold_state_stratified,G0_base,PLSControl,1,AGC_090,4.68,4.139919040603965,0.5400809593960343
fold_state_stratified,G0_base,PLSControl,1,AGC_102,4.4,4.047740361634314,0.35225963836568663
fold_state_stratified,G0_base,PLSControl,1,AGC_103,3.0,2.9700673081446722,0.029932691855327764
fold_state_stratified,G0_base,PLSControl,1,AGC_111,4.72,4.4561010833676145,0.2638989166323853
fold_state_stratified,G0_base,PLSControl,1,AGC_112,3.0,3.125665870672484,-0.12566587067248403
fold_state_stratified,G0_base,PLSControl,1,AGC_117,3.5,3.5158171838869645,-0.015817183886964514
fold_state_stratified,G0_base,PLSControl,1,AGC_119,4.4,4.20722373652907,0.1927762634709307
fold_state_stratified,G0_base,PLSControl,1,AGC_121,3.3,2.6079591221124794,0.6920408778875204
fold_state_stratified,G0_base,PLSControl,1,AGC_127,5.57,5.159334419617269,0.41066558038273104
fold_state_stratified,G0_base,PLSControl,1,AGC_133,3.91,4.217437835746583,-0.30743783574658323
fold_state_stratified,G0_base,PLSControl,1,AGC_139,4.67,4.423532446867091,0.24646755313290925
fold_state_stratified,G0_base,PLSControl,1,AGC_159,4.77,4.606069576566965,0.163930423433035
fold_state_stratified,G0_base,PLSControl,1,AGC_161,4.46,4.767328059117313,-0.30732805911731287
fold_state_stratified,G0_base,PLSControl,1,AGC_164,3.0,3.2889901379841775,-0.2889901379841775
fold_state_stratified,G0_base,PLSControl,1,AGC_167,4.54,4.569978778493522,-0.02997877849352193
fold_state_stratified,G0_base,PLSControl,1,AGC_180,4.14,4.1929505706902495,-0.052950570690249776
fold_state_stratified,G0_base,PLSControl,1,AGC_187,3.0,3.404921655345865,-0.404921655345865
fold_state_stratified,G0_base,PLSControl,2,AGC_008,4.55,4.25028679938732,0.2997132006126799
fold_state_stratified,G0_base,PLSControl,2,AGC_024,3.03,4.178816636710346,-1.1488166367103463
fold_state_stratified,G0_base,PLSControl,2,AGC_033,4.47,4.258241942009996,0.21175805799000358
fold_state_stratified,G0_base,PLSControl,2,AGC_037,3.5,3.2086258798403544,0.2913741201596456
fold_state_stratified,G0_base,PLSControl,2,AGC_040,3.0,3.0527354510662184,-0.05273545106621835
fold_state_stratified,G0_base,PLSControl,2,AGC_047,4.45,3.7222242775996706,0.7277757224003296
fold_state_stratified,G0_base,PLSControl,2,AGC_049,5.53,4.809601399065702,0.7203986009342982
fold_state_stratified,G0_base,PLSControl,2,AGC_053,3.5,3.372303260731085,0.12769673926891478
fold_state_stratified,G0_base,PLSControl,2,AGC_055,5.45,4.8196735558768955,0.6303264441231047
fold_state_stratified,G0_base,PLSControl,2,AGC_062,3.81,4.338514537285822,-0.528514537285822
fold_state_stratified,G0_base,PLSControl,2,AGC_064,4.51,4.4443432820272575,0.0656567179727423
fold_state_stratified,G0_base,PLSControl,2,AGC_078,3.0,3.0522085592427057,-0.05220855924270573
fold_state_stratified,G0_base,PLSControl,2,AGC_098,3.0,3.2214489406817806,-0.22144894068178056
fold_state_stratified,G0_base,PLSControl,2,AGC_100,4.5,4.268049395698542,0.23195060430145809
fold_state_stratified,G0_base,PLSControl,2,AGC_108,4.51,4.798987384028829,-0.28898738402882884
fold_state_stratified,G0_base,PLSControl,2,AGC_124,5.05,4.8547258894581695,0.1952741105418303
fold_state_stratified,G0_base,PLSControl,2,AGC_125,4.06,4.32495461856459,-0.2649546185645901
fold_state_stratified,G0_base,PLSControl,2,AGC_131,4.89,4.74305603580591,0.14694396419408928
fold_state_stratified,G0_base,PLSControl,2,AGC_134,4.52,4.143820365449033,0.3761796345509669
fold_state_stratified,G0_base,PLSControl,2,AGC_135,4.49,4.238215253050227,0.25178474694977293
fold_state_stratified,G0_base,PLSControl,2,AGC_145,3.5,2.7585640157689513,0.7414359842310487
fold_state_stratified,G0_base,PLSControl,2,AGC_150,4.52,4.4345727297872894,0.08542727021271013
fold_state_stratified,G0_base,PLSControl,2,AGC_151,4.69,5.239275108663407,-0.5492751086634069
fold_state_stratified,G0_base,PLSControl,2,AGC_157,3.0,3.2102225430470166,-0.2102225430470166
fold_state_stratified,G0_base,PLSControl,2,AGC_160,3.62,4.8585916773986995,-1.2385916773986994
fold_state_stratified,G0_base,PLSControl,2,AGC_166,2.5,3.5936079574049815,-1.0936079574049815
fold_state_stratified,G0_base,PLSControl,2,AGC_193,4.57,4.238240717860191,0.3317592821398092
fold_state_stratified,G0_base,PLSControl,2,AGC_194,3.2,3.6248854418623306,-0.42488544186233046
fold_state_stratified,G0_base,PLSControl,3,AGC_004,3.0,3.3679112801206315,-0.36791128012063146
fold_state_stratified,G0_base,PLSControl,3,AGC_005,5.16,4.923573873405812,0.23642612659418827
fold_state_stratified,G0_base,PLSControl,3,AGC_010,4.1,4.006477628073128,0.09352237192687163
fold_state_stratified,G0_base,PLSControl,3,AGC_014,4.83,4.303481513362117,0.5265184866378831
fold_state_stratified,G0_base,PLSControl,3,AGC_018,4.49,4.678789146977995,-0.18878914697799498
fold_state_stratified,G0_base,PLSControl,3,AGC_021,4.94,4.362104750901303,0.577895249098697
fold_state_stratified,G0_base,PLSControl,3,AGC_023,3.0,3.293580296420899,-0.2935802964208989
fold_state_stratified,G0_base,PLSControl,3,AGC_038,3.3,3.410050432925642,-0.1100504329256422
fold_state_stratified,G0_base,PLSControl,3,AGC_044,3.5,2.9717211720235763,0.5282788279764237
fold_state_stratified,G0_base,PLSControl,3,AGC_051,4.45,3.8486830944853727,0.6013169055146275
fold_state_stratified,G0_base,PLSControl,3,AGC_059,4.41,3.9520137346489665,0.4579862653510336
fold_state_stratified,G0_base,PLSControl,3,AGC_066,3.0,3.1715050050552502,-0.17150500505525024
fold_state_stratified,G0_base,PLSControl,3,AGC_067,3.0,3.9242231602060182,-0.9242231602060182
fold_state_stratified,G0_base,PLSControl,3,AGC_069,5.46,4.993813544050431,0.4661864559495692
fold_state_stratified,G0_base,PLSControl,3,AGC_070,3.3,3.3948578936278606,-0.09485789362786079
fold_state_stratified,G0_base,PLSControl,3,AGC_072,4.55,4.130583018750247,0.4194169812497526
fold_state_stratified,G0_base,PLSControl,3,AGC_074,2.5,2.7753561665522763,-0.27535616655227635
fold_state_stratified,G0_base,PLSControl,3,AGC_077,4.76,4.248032070843728,0.5119679291562722
fold_state_stratified,G0_base,PLSControl,3,AGC_089,3.0,3.2008788761896194,-0.20087887618961942
fold_state_stratified,G0_base,PLSControl,3,AGC_097,4.69,4.434017299273952,0.25598270072604823
fold_state_stratified,G0_base,PLSControl,3,AGC_106,4.43,4.114263160872296,0.31573683912770356
fold_state_stratified,G0_base,PLSControl,3,AGC_110,4.18,4.328961595968819,-0.14896159596881908
fold_state_stratified,G0_base,PLSControl,3,AGC_138,2.5,3.52963706664049,-1.0296370666404902
fold_state_stratified,G0_base,PLSControl,3,AGC_155,4.52,4.840903911033324,-0.3209039110333247
fold_state_stratified,G0_base,PLSControl,3,AGC_163,3.0,3.1498608615453856,-0.14986086154538558
fold_state_stratified,G0_base,PLSControl,3,AGC_165,4.44,4.3727892849144485,0.06721071508555188
fold_state_stratified,G0_base,PLSControl,3,AGC_196,3.5,3.357139855896988,0.14286014410301195
fold_state_stratified,G0_base,PLSControl,3,AGC_197,4.52,4.465285537914399,0.0547144620856006
fold_state_stratified,G0_base,PLSControl,4,AGC_007,3.5,2.952451226949698,0.5475487730503019
fold_state_stratified,G0_base,PLSControl,4,AGC_012,4.69,4.98056928848,-0.2905692884799995
fold_state_stratified,G0_base,PLSControl,4,AGC_019,3.0,2.8691414367979267,0.13085856320207334
fold_state_stratified,G0_base,PLSControl,4,AGC_022,4.55,4.149223578126493,0.40077642187350726
fold_state_stratified,G0_base,PLSControl,4,AGC_026,3.55,4.385181920709098,-0.8351819207090978
fold_state_stratified,G0_base,PLSControl,4,AGC_041,2.5,3.2290426730318478,-0.7290426730318478
fold_state_stratified,G0_base,PLSControl,4,AGC_048,2.5,3.143214925356727,-0.6432149253567272
fold_state_stratified,G0_base,PLSControl,4,AGC_056,5.07,4.455743844543475,0.6142561554565251
fold_state_stratified,G0_base,PLSControl,4,AGC_080,3.5,3.0944583385784212,0.40554166142157877
fold_state_stratified,G0_base,PLSControl,4,AGC_081,3.7,3.3211421308209785,0.37885786917902164
fold_state_stratified,G0_base,PLSControl,4,AGC_099,3.5,3.2236388198242425,0.2763611801757575
fold_state_stratified,G0_base,PLSControl,4,AGC_104,4.56,4.48177221619936,0.07822778380063955
fold_state_stratified,G0_base,PLSControl,4,AGC_109,4.54,4.574908577478091,-0.03490857747809084
fold_state_stratified,G0_base,PLSControl,4,AGC_115,4.6,4.268700617450214,0.3312993825497861
fold_state_stratified,G0_base,PLSControl,4,AGC_122,3.5,2.6281752985685776,0.8718247014314224
fold_state_stratified,G0_base,PLSControl,4,AGC_132,4.13,4.631430870253284,-0.5014308702532837
fold_state_stratified,G0_base,PLSControl,4,AGC_140,3.2,2.8122420635281085,0.3877579364718917
fold_state_stratified,G0_base,PLSControl,4,AGC_144,2.5,3.121156239412645,-0.6211562394126449
fold_state_stratified,G0_base,PLSControl,4,AGC_148,3.0,2.812763237297734,0.1872367627022662
fold_state_stratified,G0_base,PLSControl,4,AGC_152,4.87,4.63201478867354,0.23798521132646044
fold_state_stratified,G0_base,PLSControl,4,AGC_168,4.49,4.768868689018084,-0.2788686890180836
fold_state_stratified,G0_base,PLSControl,4,AGC_170,3.0,3.0370412262084567,-0.037041226208456735
fold_state_stratified,G0_base,PLSControl,4,AGC_171,2.15,4.2830945619044805,-2.1330945619044805
fold_state_stratified,G0_base,PLSControl,4,AGC_172,5.19,4.432533167738,0.7574668322620006
fold_state_stratified,G0_base,PLSControl,4,AGC_176,4.38,4.090273141565929,0.2897268584340713
fold_state_stratified,G0_base,PLSControl,4,AGC_178,4.39,4.206744961626353,0.18325503837364643
fold_state_stratified,G0_base,PLSControl,4,AGC_181,4.51,4.640127580098537,-0.1301275800985371
fold_state_stratified,G0_base,PLSControl,5,AGC_001,3.5,2.661301054555547,0.8386989454444529
fold_state_stratified,G0_base,PLSControl,5,AGC_002,4.63,4.513303726811427,0.11669627318857323
fold_state_stratified,G0_base,PLSControl,5,AGC_006,4.49,3.988017809433523,0.5019821905664772
fold_state_stratified,G0_base,PLSControl,5,AGC_013,4.01,4.384821739998022,-0.3748217399980218
fold_state_stratified,G0_base,PLSControl,5,AGC_020,3.5,2.777202388694006,0.7227976113059942
fold_state_stratified,G0_base,PLSControl,5,AGC_034,2.0,3.4206935105157354,-1.4206935105157354
fold_state_stratified,G0_base,PLSControl,5,AGC_035,4.68,3.937289620348605,0.7427103796513945
fold_state_stratified,G0_base,PLSControl,5,AGC_046,3.0,2.638110583548091,0.3618894164519091
fold_state_stratified,G0_base,PLSControl,5,AGC_057,4.55,4.616432724470675,-0.06643272447067528
fold_state_stratified,G0_base,PLSControl,5,AGC_060,4.52,4.628345648989541,-0.10834564898954113
fold_state_stratified,G0_base,PLSControl,5,AGC_084,4.54,4.564230727707198,-0.024230727707197808
fold_state_stratified,G0_base,PLSControl,5,AGC_092,4.57,4.270181036466433,0.29981896353356685
fold_state_stratified,G0_base,PLSControl,5,AGC_096,4.59,4.215408845875449,0.374591154124551
fold_state_stratified,G0_base,PLSControl,5,AGC_101,4.57,4.278092232858802,0.2919077671411987
fold_state_stratified,G0_base,PLSControl,5,AGC_105,4.41,4.383091171120522,0.02690882887947854
fold_state_stratified,G0_base,PLSControl,5,AGC_114,3.0,2.873776284057062,0.1262237159429378
fold_state_stratified,G0_base,PLSControl,5,AGC_123,2.5,2.6287342343805014,-0.12873423438050136
fold_state_stratified,G0_base,PLSControl,5,AGC_137,4.54,4.452173885539839,0.08782611446016109
fold_state_stratified,G0_base,PLSControl,5,AGC_141,3.5,3.0434130063499003,0.4565869936500997
fold_state_stratified,G0_base,PLSControl,5,AGC_146,4.58,4.6509131341430106,-0.07091313414301048
fold_state_stratified,G0_base,PLSControl,5,AGC_162,5.59,4.398927649795199,1.1910723502048013
fold_state_stratified,G0_base,PLSControl,5,AGC_169,2.5,2.9659019865564753,-0.4659019865564753
fold_state_stratified,G0_base,PLSControl,5,AGC_179,4.55,4.452723953835373,0.0972760461646267
fold_state_stratified,G0_base,PLSControl,5,AGC_184,4.47,4.278504014991491,0.19149598500850917
fold_state_stratified,G0_base,PLSControl,5,AGC_185,5.01,4.519810506669309,0.49018949333069095
fold_state_stratified,G0_base,PLSControl,5,AGC_189,4.03,4.326822644040844,-0.29682264404084346
fold_state_stratified,G0_base,PLSControl,5,AGC_195,3.68,4.090474596105802,-0.4104745961058023
fold_municipality_grouped,G0_base,PLSControl,1,AGC_001,3.5,2.972795381755018,0.5272046182449821
fold_municipality_grouped,G0_base,PLSControl,1,AGC_004,3.0,3.4892188972792955,-0.48921889727929546
fold_municipality_grouped,G0_base,PLSControl,1,AGC_019,3.0,2.9683323983104613,0.03166760168953875
fold_municipality_grouped,G0_base,PLSControl,1,AGC_020,3.5,3.1569719688736497,0.3430280311263503
fold_municipality_grouped,G0_base,PLSControl,1,AGC_023,3.0,3.5271876168001137,-0.5271876168001137
fold_municipality_grouped,G0_base,PLSControl,1,AGC_037,3.5,3.478186235147973,0.021813764852026907
fold_municipality_grouped,G0_base,PLSControl,1,AGC_040,3.0,3.3962322495676363,-0.39623224956763625
fold_municipality_grouped,G0_base,PLSControl,1,AGC_044,3.5,3.1457120828729352,0.35428791712706476
fold_municipality_grouped,G0_base,PLSControl,1,AGC_046,3.0,2.8826363733783427,0.11736362662165734
fold_municipality_grouped,G0_base,PLSControl,1,AGC_053,3.5,3.60918701489595,-0.10918701489595017
fold_municipality_grouped,G0_base,PLSControl,1,AGC_054,2.5,3.0853498744261634,-0.5853498744261634
fold_municipality_grouped,G0_base,PLSControl,1,AGC_058,2.5,3.460620475051828,-0.9606204750518281
fold_municipality_grouped,G0_base,PLSControl,1,AGC_066,3.0,3.3458608002018937,-0.3458608002018937
fold_municipality_grouped,G0_base,PLSControl,1,AGC_068,2.5,3.519512560739594,-1.019512560739594
fold_municipality_grouped,G0_base,PLSControl,1,AGC_074,2.5,3.1174490589583037,-0.6174490589583037
fold_municipality_grouped,G0_base,PLSControl,1,AGC_098,3.0,3.575606403406705,-0.575606403406705
fold_municipality_grouped,G0_base,PLSControl,1,AGC_099,3.5,3.7202737610137113,-0.22027376101371132
fold_municipality_grouped,G0_base,PLSControl,1,AGC_103,3.0,2.85886015484025,0.1411398451597501
fold_municipality_grouped,G0_base,PLSControl,1,AGC_112,3.0,3.3798620433872517,-0.3798620433872517
fold_municipality_grouped,G0_base,PLSControl,1,AGC_114,3.0,3.089937085555342,-0.08993708555534186
fold_municipality_grouped,G0_base,PLSControl,1,AGC_117,3.5,3.8486158673341406,-0.34861586733414063
fold_municipality_grouped,G0_base,PLSControl,1,AGC_122,3.5,2.952495731407615,0.5475042685923852
fold_municipality_grouped,G0_base,PLSControl,1,AGC_123,2.5,2.864622201506896,-0.36462220150689584
fold_municipality_grouped,G0_base,PLSControl,1,AGC_138,2.5,3.685668608110351,-1.1856686081103511
fold_municipality_grouped,G0_base,PLSControl,1,AGC_141,3.5,3.3422100967674138,0.15778990323258624
fold_municipality_grouped,G0_base,PLSControl,1,AGC_144,2.5,3.023079859512748,-0.5230798595127482
fold_municipality_grouped,G0_base,PLSControl,1,AGC_145,3.5,3.107487545098711,0.39251245490128905
fold_municipality_grouped,G0_base,PLSControl,1,AGC_157,3.0,3.4286357166920314,-0.4286357166920314
fold_municipality_grouped,G0_base,PLSControl,1,AGC_163,3.0,3.322523083589455,-0.3225230835894548
fold_municipality_grouped,G0_base,PLSControl,1,AGC_169,2.5,3.2586076073176464,-0.7586076073176464
fold_municipality_grouped,G0_base,PLSControl,1,AGC_170,3.0,3.565541221556879,-0.5655412215568791
fold_municipality_grouped,G0_base,PLSControl,1,AGC_187,3.0,3.353373665963787,-0.35337366596378716
fold_municipality_grouped,G0_base,PLSControl,1,AGC_196,3.5,3.5056278318730048,-0.005627831873004752
fold_municipality_grouped,G0_base,PLSControl,2,AGC_007,3.5,3.6059613220570412,-0.10596132205704123
fold_municipality_grouped,G0_base,PLSControl,2,AGC_034,2.0,3.9021273065168627,-1.9021273065168627
fold_municipality_grouped,G0_base,PLSControl,2,AGC_038,3.3,3.8872706380685873,-0.5872706380685875
fold_municipality_grouped,G0_base,PLSControl,2,AGC_041,2.5,4.01496140708329,-1.5149614070832902
fold_municipality_grouped,G0_base,PLSControl,2,AGC_067,3.0,4.191051410243533,-1.1910514102435332
fold_municipality_grouped,G0_base,PLSControl,2,AGC_070,3.3,3.9394123516928343,-0.6394123516928345
fold_municipality_grouped,G0_base,PLSControl,2,AGC_078,3.0,3.5891103368333286,-0.5891103368333286
fold_municipality_grouped,G0_base,PLSControl,2,AGC_079,3.3,3.6193541663796047,-0.3193541663796049
fold_municipality_grouped,G0_base,PLSControl,2,AGC_080,3.5,3.737839614265888,-0.23783961426588807
fold_municipality_grouped,G0_base,PLSControl,2,AGC_081,3.7,4.248063778208345,-0.5480637782083448
fold_municipality_grouped,G0_base,PLSControl,2,AGC_089,3.0,3.661292638670098,-0.6612926386700981
fold_municipality_grouped,G0_base,PLSControl,2,AGC_121,3.3,3.581555470520048,-0.28155547052004826
fold_municipality_grouped,G0_base,PLSControl,2,AGC_140,3.2,3.668516893638489,-0.4685168936384887
fold_municipality_grouped,G0_base,PLSControl,2,AGC_148,3.0,3.3535029740707545,-0.3535029740707545
fold_municipality_grouped,G0_base,PLSControl,2,AGC_166,2.5,4.02968388462755,-1.5296838846275502
fold_municipality_grouped,G0_base,PLSControl,2,AGC_194,3.2,4.086063311777393,-0.8860633117773924
fold_municipality_grouped,G0_base,PLSControl,3,AGC_051,4.45,3.6582813459177954,0.7917186540822048
fold_municipality_grouped,G0_base,PLSControl,3,AGC_059,4.41,3.7516123038464917,0.6583876961535085
fold_municipality_grouped,G0_base,PLSControl,3,AGC_084,4.54,4.389503732240211,0.15049626775978897
fold_municipality_grouped,G0_base,PLSControl,3,AGC_134,4.52,3.9275353933638497,0.5924646066361499
fold_municipality_grouped,G0_base,PLSControl,3,AGC_137,4.54,4.138674190260051,0.4013258097399488
fold_municipality_grouped,G0_base,PLSControl,3,AGC_146,4.58,4.5571564518583205,0.02284354814167955
fold_municipality_grouped,G0_base,PLSControl,3,AGC_151,4.69,4.80158082516741,-0.11158082516740997
fold_municipality_grouped,G0_base,PLSControl,3,AGC_152,4.87,4.398022887636761,0.47197711236323947
fold_municipality_grouped,G0_base,PLSControl,3,AGC_180,4.14,3.6932222483649593,0.4467777516350404
fold_municipality_grouped,G0_base,PLSControl,3,AGC_184,4.47,4.23465417054198,0.23534582945802018
fold_municipality_grouped,G0_base,PLSControl,4,AGC_002,4.63,4.0698711020117635,0.5601288979882364
fold_municipality_grouped,G0_base,PLSControl,4,AGC_005,5.16,4.504309109257689,0.6556908907423109
fold_municipality_grouped,G0_base,PLSControl,4,AGC_006,4.49,3.3400576510108193,1.149942348989181
fold_municipality_grouped,G0_base,PLSControl,4,AGC_008,4.55,3.7351655172288685,0.8148344827711314
fold_municipality_grouped,G0_base,PLSControl,4,AGC_010,4.1,3.684854536780091,0.41514546321990853
fold_municipality_grouped,G0_base,PLSControl,4,AGC_012,4.69,3.979977876784186,0.7100221232158144
fold_municipality_grouped,G0_base,PLSControl,4,AGC_013,4.01,3.6793928447921016,0.3306071552078982
fold_municipality_grouped,G0_base,PLSControl,4,AGC_014,4.83,4.13618579424023,0.6938142057597698
fold_municipality_grouped,G0_base,PLSControl,4,AGC_015,2.64,3.8910479369358693,-1.2510479369358691
fold_municipality_grouped,G0_base,PLSControl,4,AGC_017,4.98,4.033503320646629,0.9464966793533716
fold_municipality_grouped,G0_base,PLSControl,4,AGC_018,4.49,4.22554148464797,0.2644585153520298
fold_municipality_grouped,G0_base,PLSControl,4,AGC_021,4.94,3.5638579892343154,1.376142010765685
fold_municipality_grouped,G0_base,PLSControl,4,AGC_022,4.55,3.7861349580335752,0.7638650419664246
fold_municipality_grouped,G0_base,PLSControl,4,AGC_024,3.03,3.7356209320128717,-0.7056209320128719
fold_municipality_grouped,G0_base,PLSControl,4,AGC_026,3.55,3.749501494084645,-0.19950149408464535
fold_municipality_grouped,G0_base,PLSControl,4,AGC_032,4.03,3.8421869969321754,0.1878130030678249
fold_municipality_grouped,G0_base,PLSControl,4,AGC_033,4.47,3.4996899039855722,0.9703100960144275
fold_municipality_grouped,G0_base,PLSControl,4,AGC_045,4.1,4.1773595806514185,-0.0773595806514189
fold_municipality_grouped,G0_base,PLSControl,4,AGC_047,4.45,3.704329717316133,0.745670282683867
fold_municipality_grouped,G0_base,PLSControl,4,AGC_049,5.53,3.977929135103591,1.5520708648964092
fold_municipality_grouped,G0_base,PLSControl,4,AGC_055,5.45,4.082458439737408,1.367541560262592
fold_municipality_grouped,G0_base,PLSControl,4,AGC_056,5.07,3.5882612065117487,1.4817387934882515
fold_municipality_grouped,G0_base,PLSControl,4,AGC_057,4.55,3.8496721705010657,0.7003278294989341
fold_municipality_grouped,G0_base,PLSControl,4,AGC_060,4.52,4.073144863382884,0.4468551366171152
fold_municipality_grouped,G0_base,PLSControl,4,AGC_062,3.81,3.4874186722267058,0.3225813277732943
fold_municipality_grouped,G0_base,PLSControl,4,AGC_069,5.46,4.318332261972301,1.1416677380276994
fold_municipality_grouped,G0_base,PLSControl,4,AGC_072,4.55,3.325338703365552,1.224661296634448
fold_municipality_grouped,G0_base,PLSControl,4,AGC_073,4.3,3.401573029508618,0.8984269704913816
fold_municipality_grouped,G0_base,PLSControl,4,AGC_077,4.76,3.5368982527472275,1.2231017472527723
fold_municipality_grouped,G0_base,PLSControl,4,AGC_090,4.68,3.969329577187295,0.7106704228127048
fold_municipality_grouped,G0_base,PLSControl,4,AGC_092,4.57,3.434115195508589,1.1358848044914112
fold_municipality_grouped,G0_base,PLSControl,4,AGC_096,4.59,3.562042854651091,1.0279571453489087
fold_municipality_grouped,G0_base,PLSControl,4,AGC_097,4.69,3.6679256239856457,1.0220743760143547
fold_municipality_grouped,G0_base,PLSControl,4,AGC_100,4.5,3.7274546639717623,0.7725453360282377
fold_municipality_grouped,G0_base,PLSControl,4,AGC_101,4.57,3.69715430914607,0.8728456908539304
fold_municipality_grouped,G0_base,PLSControl,4,AGC_102,4.4,3.958388018784956,0.4416119812150443
fold_municipality_grouped,G0_base,PLSControl,4,AGC_104,4.56,3.8085188083672916,0.751481191632708
fold_municipality_grouped,G0_base,PLSControl,4,AGC_105,4.41,3.9502189401680945,0.45978105983190565
fold_municipality_grouped,G0_base,PLSControl,4,AGC_106,4.43,3.604775185741606,0.8252248142583936
fold_municipality_grouped,G0_base,PLSControl,4,AGC_108,4.51,3.937139616971961,0.572860383028039
fold_municipality_grouped,G0_base,PLSControl,4,AGC_109,4.54,3.530299005902489,1.009700994097511
fold_municipality_grouped,G0_base,PLSControl,4,AGC_110,4.18,3.6718006990236596,0.5081993009763401
fold_municipality_grouped,G0_base,PLSControl,4,AGC_111,4.72,3.5881232492784747,1.131876750721525
fold_municipality_grouped,G0_base,PLSControl,4,AGC_115,4.6,3.4866799909320663,1.1133200090679334
fold_municipality_grouped,G0_base,PLSControl,4,AGC_124,5.05,4.04598697162886,1.0040130283711397
fold_municipality_grouped,G0_base,PLSControl,4,AGC_125,4.06,3.947947162646972,0.11205283735302762
fold_municipality_grouped,G0_base,PLSControl,4,AGC_127,5.57,4.769465222989954,0.8005347770100464
fold_municipality_grouped,G0_base,PLSControl,4,AGC_131,4.89,4.425402272164808,0.4645977278351916
fold_municipality_grouped,G0_base,PLSControl,4,AGC_132,4.13,3.68429019079857,0.4457098092014298
fold_municipality_grouped,G0_base,PLSControl,4,AGC_133,3.91,3.702731934153463,0.20726806584653712
fold_municipality_grouped,G0_base,PLSControl,4,AGC_135,4.49,3.390083332673598,1.099916667326402
fold_municipality_grouped,G0_base,PLSControl,4,AGC_139,4.67,3.719487667540715,0.9505123324592848
fold_municipality_grouped,G0_base,PLSControl,4,AGC_150,4.52,4.063341125593438,0.4566588744065614
fold_municipality_grouped,G0_base,PLSControl,4,AGC_155,4.52,4.293410956105519,0.22658904389448065
fold_municipality_grouped,G0_base,PLSControl,4,AGC_159,4.77,3.945416300521721,0.8245836994782785
fold_municipality_grouped,G0_base,PLSControl,4,AGC_160,3.62,4.129304180753991,-0.5093041807539906
fold_municipality_grouped,G0_base,PLSControl,4,AGC_161,4.46,3.971824109256839,0.48817589074316103
fold_municipality_grouped,G0_base,PLSControl,4,AGC_162,5.59,3.5041909949994507,2.085809005000549
fold_municipality_grouped,G0_base,PLSControl,4,AGC_164,3.0,3.313574887314783,-0.313574887314783
fold_municipality_grouped,G0_base,PLSControl,4,AGC_165,4.44,3.6223554529567132,0.8176445470432872
fold_municipality_grouped,G0_base,PLSControl,4,AGC_167,4.54,3.9610118232528353,0.5789881767471647
fold_municipality_grouped,G0_base,PLSControl,4,AGC_168,4.49,3.9668607749614093,0.5231392250385909
fold_municipality_grouped,G0_base,PLSControl,4,AGC_171,2.15,3.7691073927832988,-1.6191073927832988
fold_municipality_grouped,G0_base,PLSControl,4,AGC_172,5.19,3.68264094905425,1.5073590509457504
fold_municipality_grouped,G0_base,PLSControl,4,AGC_176,4.38,3.652991442952438,0.727008557047562
fold_municipality_grouped,G0_base,PLSControl,4,AGC_178,4.39,3.619045482544358,0.7709545174556416
fold_municipality_grouped,G0_base,PLSControl,4,AGC_179,4.55,3.7226478356742128,0.8273521643257871
fold_municipality_grouped,G0_base,PLSControl,4,AGC_181,4.51,3.823184300416755,0.6868156995832448
fold_municipality_grouped,G0_base,PLSControl,4,AGC_185,5.01,4.091878789164118,0.9181212108358814
fold_municipality_grouped,G0_base,PLSControl,4,AGC_189,4.03,3.8509857984780407,0.17901420152195957
fold_municipality_grouped,G0_base,PLSControl,4,AGC_193,4.57,3.6734271778421066,0.8965728221578937
fold_municipality_grouped,G0_base,PLSControl,4,AGC_195,3.68,3.5730280386591446,0.10697196134085551
fold_municipality_grouped,G0_base,PLSControl,4,AGC_197,4.52,3.736348370752064,0.7836516292479354
fold_municipality_grouped,G0_base,PLSControl,5,AGC_009,4.79,4.216597893404838,0.5734021065951618
fold_municipality_grouped,G0_base,PLSControl,5,AGC_035,4.68,3.9742614212208087,0.705738578779191
fold_municipality_grouped,G0_base,PLSControl,5,AGC_048,2.5,3.223388384771007,-0.723388384771007
fold_municipality_grouped,G0_base,PLSControl,5,AGC_064,4.51,4.397123357683953,0.11287664231604655
fold_municipality_grouped,G0_base,PLSControl,5,AGC_083,4.61,4.210399937430655,0.39960006256934566
fold_municipality_grouped,G0_base,PLSControl,5,AGC_119,4.4,4.470796936918266,-0.07079693691826527
fold_state_stratified,G1_agronomic,PLSControl,1,AGC_009,4.79,4.186607301073703,0.6033926989262968
fold_state_stratified,G1_agronomic,PLSControl,1,AGC_015,2.64,4.746568482715593,-2.1065684827155926
fold_state_stratified,G1_agronomic,PLSControl,1,AGC_017,4.98,4.686108730258756,0.2938912697412448
fold_state_stratified,G1_agronomic,PLSControl,1,AGC_032,4.03,4.239054423807311,-0.2090544238073111
fold_state_stratified,G1_agronomic,PLSControl,1,AGC_045,4.1,4.50990989522149,-0.40990989522149057
fold_state_stratified,G1_agronomic,PLSControl,1,AGC_054,2.5,2.9551595235426946,-0.4551595235426946
fold_state_stratified,G1_agronomic,PLSControl,1,AGC_058,2.5,3.3183730409434213,-0.8183730409434213
fold_state_stratified,G1_agronomic,PLSControl,1,AGC_068,2.5,3.353817464865074,-0.8538174648650738
fold_state_stratified,G1_agronomic,PLSControl,1,AGC_073,4.3,4.082413064418516,0.21758693558148412
fold_state_stratified,G1_agronomic,PLSControl,1,AGC_079,3.3,3.0689439619728267,0.23105603802717312
fold_state_stratified,G1_agronomic,PLSControl,1,AGC_083,4.61,3.955317135441162,0.6546828645588385
fold_state_stratified,G1_agronomic,PLSControl,1,AGC_090,4.68,4.343969184853321,0.3360308151466791
fold_state_stratified,G1_agronomic,PLSControl,1,AGC_102,4.4,3.998909803914512,0.40109019608548824
fold_state_stratified,G1_agronomic,PLSControl,1,AGC_103,3.0,2.835048998854807,0.16495100114519312
fold_state_stratified,G1_agronomic,PLSControl,1,AGC_111,4.72,4.3899148492777496,0.3300851507222502
fold_state_stratified,G1_agronomic,PLSControl,1,AGC_112,3.0,3.3012835062486348,-0.30128350624863476
fold_state_stratified,G1_agronomic,PLSControl,1,AGC_117,3.5,3.5801212036016556,-0.08012120360165564
fold_state_stratified,G1_agronomic,PLSControl,1,AGC_119,4.4,4.452594133201678,-0.05259413320167727
fold_state_stratified,G1_agronomic,PLSControl,1,AGC_121,3.3,3.1050351404707146,0.19496485952928522
fold_state_stratified,G1_agronomic,PLSControl,1,AGC_127,5.57,5.114815388384747,0.4551846116152536
fold_state_stratified,G1_agronomic,PLSControl,1,AGC_133,3.91,4.518936499598052,-0.6089364995980517
fold_state_stratified,G1_agronomic,PLSControl,1,AGC_139,4.67,4.227690573798111,0.44230942620188873
fold_state_stratified,G1_agronomic,PLSControl,1,AGC_159,4.77,4.9196271101511275,-0.14962711015112795
fold_state_stratified,G1_agronomic,PLSControl,1,AGC_161,4.46,4.906763106646743,-0.4467631066467428
fold_state_stratified,G1_agronomic,PLSControl,1,AGC_164,3.0,3.2342852590772724,-0.23428525907727238
fold_state_stratified,G1_agronomic,PLSControl,1,AGC_167,4.54,4.826975739552456,-0.2869757395524557
fold_state_stratified,G1_agronomic,PLSControl,1,AGC_180,4.14,4.271418342695896,-0.13141834269589658
fold_state_stratified,G1_agronomic,PLSControl,1,AGC_187,3.0,3.2645340286010107,-0.2645340286010107
fold_state_stratified,G1_agronomic,PLSControl,2,AGC_008,4.55,4.245304081512675,0.304695918487325
fold_state_stratified,G1_agronomic,PLSControl,2,AGC_024,3.03,3.80457971597711,-0.7745797159771102
fold_state_stratified,G1_agronomic,PLSControl,2,AGC_033,4.47,4.818852541730218,-0.34885254173021796
fold_state_stratified,G1_agronomic,PLSControl,2,AGC_037,3.5,2.979731849902829,0.5202681500971709
fold_state_stratified,G1_agronomic,PLSControl,2,AGC_040,3.0,2.88030456224185,0.11969543775814984
fold_state_stratified,G1_agronomic,PLSControl,2,AGC_047,4.45,3.4327914998109934,1.0172085001890068
fold_state_stratified,G1_agronomic,PLSControl,2,AGC_049,5.53,4.98916118498072,0.5408388150192804
fold_state_stratified,G1_agronomic,PLSControl,2,AGC_053,3.5,3.2237638272792357,0.2762361727207643
fold_state_stratified,G1_agronomic,PLSControl,2,AGC_055,5.45,4.6307564623551505,0.8192435376448497
fold_state_stratified,G1_agronomic,PLSControl,2,AGC_062,3.81,4.50118495233726,-0.69118495233726
fold_state_stratified,G1_agronomic,PLSControl,2,AGC_064,4.51,4.4888420367126605,0.02115796328733932
fold_state_stratified,G1_agronomic,PLSControl,2,AGC_078,3.0,3.079155699699622,-0.07915569969962188
fold_state_stratified,G1_agronomic,PLSControl,2,AGC_098,3.0,2.655765596714742,0.3442344032852578
fold_state_stratified,G1_agronomic,PLSControl,2,AGC_100,4.5,4.236539674501679,0.263460325498321
fold_state_stratified,G1_agronomic,PLSControl,2,AGC_108,4.51,4.894470825502636,-0.38447082550263634
fold_state_stratified,G1_agronomic,PLSControl,2,AGC_124,5.05,4.974515039600782,0.07548496039921826
fold_state_stratified,G1_agronomic,PLSControl,2,AGC_125,4.06,4.461070508441774,-0.4010705084417747
fold_state_stratified,G1_agronomic,PLSControl,2,AGC_131,4.89,4.273926954439709,0.6160730455602907
fold_state_stratified,G1_agronomic,PLSControl,2,AGC_134,4.52,4.181850439036236,0.3381495609637639
fold_state_stratified,G1_agronomic,PLSControl,2,AGC_135,4.49,4.6092860987601,-0.11928609876009943
fold_state_stratified,G1_agronomic,PLSControl,2,AGC_145,3.5,2.790143235065377,0.709856764934623
fold_state_stratified,G1_agronomic,PLSControl,2,AGC_150,4.52,4.583173135947618,-0.06317313594761842
fold_state_stratified,G1_agronomic,PLSControl,2,AGC_151,4.69,4.818113670501422,-0.12811367050142142
fold_state_stratified,G1_agronomic,PLSControl,2,AGC_157,3.0,2.8141205902658704,0.18587940973412964
fold_state_stratified,G1_agronomic,PLSControl,2,AGC_160,3.62,4.957232082490581,-1.3372320824905808
fold_state_stratified,G1_agronomic,PLSControl,2,AGC_166,2.5,3.2416880069531935,-0.7416880069531935
fold_state_stratified,G1_agronomic,PLSControl,2,AGC_193,4.57,3.960346634088137,0.6096533659118633
fold_state_stratified,G1_agronomic,PLSControl,2,AGC_194,3.2,3.5461713162494717,-0.3461713162494715
fold_state_stratified,G1_agronomic,PLSControl,3,AGC_004,3.0,3.4185883700945103,-0.41858837009451033
fold_state_stratified,G1_agronomic,PLSControl,3,AGC_005,5.16,4.86477018151549,0.29522981848451035
fold_state_stratified,G1_agronomic,PLSControl,3,AGC_010,4.1,4.315974168074444,-0.21597416807444425
fold_state_stratified,G1_agronomic,PLSControl,3,AGC_014,4.83,4.459054047468518,0.370945952531482
fold_state_stratified,G1_agronomic,PLSControl,3,AGC_018,4.49,4.488101333462653,0.001898666537346827
fold_state_stratified,G1_agronomic,PLSControl,3,AGC_021,4.94,4.339109125518844,0.6008908744811565
fold_state_stratified,G1_agronomic,PLSControl,3,AGC_023,3.0,3.310860744528912,-0.3108607445289122
fold_state_stratified,G1_agronomic,PLSControl,3,AGC_038,3.3,3.591442167097866,-0.2914421670978662
fold_state_stratified,G1_agronomic,PLSControl,3,AGC_044,3.5,3.2666248771150856,0.23337512288491435
fold_state_stratified,G1_agronomic,PLSControl,3,AGC_051,4.45,4.09474188178009,0.3552581182199104
fold_state_stratified,G1_agronomic,PLSControl,3,AGC_059,4.41,4.134209317463478,0.27579068253652217
fold_state_stratified,G1_agronomic,PLSControl,3,AGC_066,3.0,3.3504246621132614,-0.3504246621132614
fold_state_stratified,G1_agronomic,PLSControl,3,AGC_067,3.0,3.377998068796171,-0.3779980687961708
fold_state_stratified,G1_agronomic,PLSControl,3,AGC_069,5.46,4.569651129511162,0.8903488704888378
fold_state_stratified,G1_agronomic,PLSControl,3,AGC_070,3.3,3.587364742999829,-0.2873647429998294
fold_state_stratified,G1_agronomic,PLSControl,3,AGC_072,4.55,4.353176285998845,0.1968237140011544
fold_state_stratified,G1_agronomic,PLSControl,3,AGC_074,2.5,2.6678104999693297,-0.16781049996932973
fold_state_stratified,G1_agronomic,PLSControl,3,AGC_077,4.76,4.292524615107143,0.46747538489285656
fold_state_stratified,G1_agronomic,PLSControl,3,AGC_089,3.0,3.1556783880739703,-0.15567838807397028
fold_state_stratified,G1_agronomic,PLSControl,3,AGC_097,4.69,4.432161206497686,0.2578387935023141
fold_state_stratified,G1_agronomic,PLSControl,3,AGC_106,4.43,4.3225090565680775,0.10749094343192223
fold_state_stratified,G1_agronomic,PLSControl,3,AGC_110,4.18,4.39935557252488,-0.21935557252488014
fold_state_stratified,G1_agronomic,PLSControl,3,AGC_138,2.5,3.450351945684944,-0.9503519456849441
fold_state_stratified,G1_agronomic,PLSControl,3,AGC_155,4.52,4.769703219125015,-0.24970321912501525
fold_state_stratified,G1_agronomic,PLSControl,3,AGC_163,3.0,3.0297373983378124,-0.029737398337812415
fold_state_stratified,G1_agronomic,PLSControl,3,AGC_165,4.44,4.195302345455527,0.24469765454447323
fold_state_stratified,G1_agronomic,PLSControl,3,AGC_196,3.5,3.3621717724155467,0.13782822758445334
fold_state_stratified,G1_agronomic,PLSControl,3,AGC_197,4.52,4.00159956963759,0.5184004303624095
fold_state_stratified,G1_agronomic,PLSControl,4,AGC_007,3.5,3.029450399603385,0.4705496003966152
fold_state_stratified,G1_agronomic,PLSControl,4,AGC_012,4.69,4.999478262041324,-0.3094782620413232
fold_state_stratified,G1_agronomic,PLSControl,4,AGC_019,3.0,3.007814016092108,-0.007814016092107856
fold_state_stratified,G1_agronomic,PLSControl,4,AGC_022,4.55,4.25877951623517,0.29122048376483
fold_state_stratified,G1_agronomic,PLSControl,4,AGC_026,3.55,4.529395747934133,-0.9793957479341335
fold_state_stratified,G1_agronomic,PLSControl,4,AGC_041,2.5,3.3156449214463883,-0.8156449214463883
fold_state_stratified,G1_agronomic,PLSControl,4,AGC_048,2.5,3.313740970673833,-0.813740970673833
fold_state_stratified,G1_agronomic,PLSControl,4,AGC_056,5.07,4.583399301042024,0.4866006989579761
fold_state_stratified,G1_agronomic,PLSControl,4,AGC_080,3.5,2.9635066125852725,0.5364933874147275
fold_state_stratified,G1_agronomic,PLSControl,4,AGC_081,3.7,2.938537436904633,0.7614625630953671
fold_state_stratified,G1_agronomic,PLSControl,4,AGC_099,3.5,3.2674512684258534,0.23254873157414657
fold_state_stratified,G1_agronomic,PLSControl,4,AGC_104,4.56,4.502809918039432,0.05719008196056752
fold_state_stratified,G1_agronomic,PLSControl,4,AGC_109,4.54,4.813325484089942,-0.2733254840899422
fold_state_stratified,G1_agronomic,PLSControl,4,AGC_115,4.6,4.076285828505112,0.5237141714948876
fold_state_stratified,G1_agronomic,PLSControl,4,AGC_122,3.5,2.7769320013613146,0.7230679986386854
fold_state_stratified,G1_agronomic,PLSControl,4,AGC_132,4.13,4.534625975831139,-0.4046259758311388
fold_state_stratified,G1_agronomic,PLSControl,4,AGC_140,3.2,2.855142427706554,0.34485757229344616
fold_state_stratified,G1_agronomic,PLSControl,4,AGC_144,2.5,3.033569623477846,-0.5335696234778462
fold_state_stratified,G1_agronomic,PLSControl,4,AGC_148,3.0,3.0337682499696492,-0.03376824996964922
fold_state_stratified,G1_agronomic,PLSControl,4,AGC_152,4.87,4.905104348155811,-0.035104348155811316
fold_state_stratified,G1_agronomic,PLSControl,4,AGC_168,4.49,4.42501397109561,0.0649860289043902
fold_state_stratified,G1_agronomic,PLSControl,4,AGC_170,3.0,3.137434901690931,-0.1374349016909311
fold_state_stratified,G1_agronomic,PLSControl,4,AGC_171,2.15,4.282377199653515,-2.1323771996535155
fold_state_stratified,G1_agronomic,PLSControl,4,AGC_172,5.19,4.560733990073695,0.6292660099263054
fold_state_stratified,G1_agronomic,PLSControl,4,AGC_176,4.38,4.3791700402921,0.0008299597079002297
fold_state_stratified,G1_agronomic,PLSControl,4,AGC_178,4.39,4.0050756588153344,0.38492434118466523
fold_state_stratified,G1_agronomic,PLSControl,4,AGC_181,4.51,4.256783911421408,0.2532160885785917
fold_state_stratified,G1_agronomic,PLSControl,5,AGC_001,3.5,2.393899961490756,1.1061000385092439
fold_state_stratified,G1_agronomic,PLSControl,5,AGC_002,4.63,4.755064725939894,-0.12506472593989404
fold_state_stratified,G1_agronomic,PLSControl,5,AGC_006,4.49,4.152460472518327,0.33753952748167304
fold_state_stratified,G1_agronomic,PLSControl,5,AGC_013,4.01,4.462393429415567,-0.45239342941556693
fold_state_stratified,G1_agronomic,PLSControl,5,AGC_020,3.5,3.2540682383885784,0.2459317616114216
fold_state_stratified,G1_agronomic,PLSControl,5,AGC_034,2.0,3.4695908850842154,-1.4695908850842154
fold_state_stratified,G1_agronomic,PLSControl,5,AGC_035,4.68,3.991936136176862,0.6880638638231376
fold_state_stratified,G1_agronomic,PLSControl,5,AGC_046,3.0,2.676383627930239,0.3236163720697611
fold_state_stratified,G1_agronomic,PLSControl,5,AGC_057,4.55,4.764820424078479,-0.21482042407847945
fold_state_stratified,G1_agronomic,PLSControl,5,AGC_060,4.52,4.6358841864648355,-0.11588418646483589
fold_state_stratified,G1_agronomic,PLSControl,5,AGC_084,4.54,4.766679956887235,-0.22667995688723508
fold_state_stratified,G1_agronomic,PLSControl,5,AGC_092,4.57,4.3445206557981875,0.22547934420181281
fold_state_stratified,G1_agronomic,PLSControl,5,AGC_096,4.59,3.9560376728376845,0.6339623271623154
fold_state_stratified,G1_agronomic,PLSControl,5,AGC_101,4.57,3.994842201515173,0.5751577984848271
fold_state_stratified,G1_agronomic,PLSControl,5,AGC_105,4.41,4.566649029493432,-0.1566490294934315
fold_state_stratified,G1_agronomic,PLSControl,5,AGC_114,3.0,2.7614847155533795,0.2385152844466205
fold_state_stratified,G1_agronomic,PLSControl,5,AGC_123,2.5,2.631728347682184,-0.13172834768218422
fold_state_stratified,G1_agronomic,PLSControl,5,AGC_137,4.54,4.736591596598437,-0.19659159659843706
fold_state_stratified,G1_agronomic,PLSControl,5,AGC_141,3.5,2.911119340865064,0.588880659134936
fold_state_stratified,G1_agronomic,PLSControl,5,AGC_146,4.58,4.478503154727453,0.1014968452725471
fold_state_stratified,G1_agronomic,PLSControl,5,AGC_162,5.59,4.218069932319451,1.371930067680549
fold_state_stratified,G1_agronomic,PLSControl,5,AGC_169,2.5,3.0423879945338914,-0.5423879945338914
fold_state_stratified,G1_agronomic,PLSControl,5,AGC_179,4.55,4.562131224200867,-0.012131224200866875
fold_state_stratified,G1_agronomic,PLSControl,5,AGC_184,4.47,4.359019743231988,0.11098025676801182
fold_state_stratified,G1_agronomic,PLSControl,5,AGC_185,5.01,4.452151437172025,0.5578485628279743
fold_state_stratified,G1_agronomic,PLSControl,5,AGC_189,4.03,4.15647837544436,-0.1264783754443597
fold_state_stratified,G1_agronomic,PLSControl,5,AGC_195,3.68,4.251375597488558,-0.5713755974885575
fold_municipality_grouped,G1_agronomic,PLSControl,1,AGC_001,3.5,1.3321926512699656,2.1678073487300344
fold_municipality_grouped,G1_agronomic,PLSControl,1,AGC_004,3.0,3.101208682780947,-0.10120868278094708
fold_municipality_grouped,G1_agronomic,PLSControl,1,AGC_019,3.0,2.4987430531175105,0.5012569468824895
fold_municipality_grouped,G1_agronomic,PLSControl,1,AGC_020,3.5,3.16891946623208,0.3310805337679201
fold_municipality_grouped,G1_agronomic,PLSControl,1,AGC_023,3.0,3.2989125687860352,-0.2989125687860352
fold_municipality_grouped,G1_agronomic,PLSControl,1,AGC_037,3.5,3.044925485359924,0.4550745146400761
fold_municipality_grouped,G1_agronomic,PLSControl,1,AGC_040,3.0,2.6822354431054354,0.3177645568945646
fold_municipality_grouped,G1_agronomic,PLSControl,1,AGC_044,3.5,3.107074901939277,0.39292509806072307
fold_municipality_grouped,G1_agronomic,PLSControl,1,AGC_046,3.0,2.395358838378182,0.6046411616218181
fold_municipality_grouped,G1_agronomic,PLSControl,1,AGC_053,3.5,2.903588140939939,0.5964118590600611
fold_municipality_grouped,G1_agronomic,PLSControl,1,AGC_054,2.5,2.345542654553471,0.154457345446529
fold_municipality_grouped,G1_agronomic,PLSControl,1,AGC_058,2.5,2.990370886785475,-0.4903708867854748
fold_municipality_grouped,G1_agronomic,PLSControl,1,AGC_066,3.0,3.094776570405034,-0.09477657040503384
fold_municipality_grouped,G1_agronomic,PLSControl,1,AGC_068,2.5,2.840751142989429,-0.3407511429894292
fold_municipality_grouped,G1_agronomic,PLSControl,1,AGC_074,2.5,1.7738371949534488,0.7261628050465512
fold_municipality_grouped,G1_agronomic,PLSControl,1,AGC_098,3.0,1.4656181319311794,1.5343818680688206
fold_municipality_grouped,G1_agronomic,PLSControl,1,AGC_099,3.5,2.9752248082203376,0.5247751917796624
fold_municipality_grouped,G1_agronomic,PLSControl,1,AGC_103,3.0,2.345859924705562,0.6541400752944382
fold_municipality_grouped,G1_agronomic,PLSControl,1,AGC_112,3.0,2.9473825099491924,0.052617490050807625
fold_municipality_grouped,G1_agronomic,PLSControl,1,AGC_114,3.0,2.2974994462048794,0.7025005537951206
fold_municipality_grouped,G1_agronomic,PLSControl,1,AGC_117,3.5,3.0247789910290424,0.47522100897095765
fold_municipality_grouped,G1_agronomic,PLSControl,1,AGC_122,3.5,1.5260754382371506,1.9739245617628494
fold_municipality_grouped,G1_agronomic,PLSControl,1,AGC_123,2.5,1.9157900903578344,0.5842099096421656
fold_municipality_grouped,G1_agronomic,PLSControl,1,AGC_138,2.5,3.32326274434235,-0.8232627443423501
fold_municipality_grouped,G1_agronomic,PLSControl,1,AGC_141,3.5,2.3570903666653455,1.1429096333346545
fold_municipality_grouped,G1_agronomic,PLSControl,1,AGC_144,2.5,2.3358582560651824,0.16414174393481762
fold_municipality_grouped,G1_agronomic,PLSControl,1,AGC_145,3.5,1.9082402324648848,1.5917597675351152
fold_municipality_grouped,G1_agronomic,PLSControl,1,AGC_157,3.0,2.3629398993466415,0.6370601006533585
fold_municipality_grouped,G1_agronomic,PLSControl,1,AGC_163,3.0,2.443074695302016,0.5569253046979838
fold_municipality_grouped,G1_agronomic,PLSControl,1,AGC_169,2.5,2.7708593359347224,-0.27085933593472244
fold_municipality_grouped,G1_agronomic,PLSControl,1,AGC_170,3.0,3.3214947371671713,-0.32149473716717125
fold_municipality_grouped,G1_agronomic,PLSControl,1,AGC_187,3.0,3.189852459332049,-0.18985245933204897
fold_municipality_grouped,G1_agronomic,PLSControl,1,AGC_196,3.5,3.453052671553716,0.0469473284462838
fold_municipality_grouped,G1_agronomic,PLSControl,2,AGC_007,3.5,4.044350102966732,-0.5443501029667317
fold_municipality_grouped,G1_agronomic,PLSControl,2,AGC_034,2.0,4.180165072598356,-2.1801650725983563
fold_municipality_grouped,G1_agronomic,PLSControl,2,AGC_038,3.3,4.250993190107555,-0.950993190107555
fold_municipality_grouped,G1_agronomic,PLSControl,2,AGC_041,2.5,4.28920616009914,-1.7892061600991402
fold_municipality_grouped,G1_agronomic,PLSControl,2,AGC_067,3.0,3.817865241387769,-0.8178652413877692
fold_municipality_grouped,G1_agronomic,PLSControl,2,AGC_070,3.3,4.209124100231162,-0.9091241002311623
fold_municipality_grouped,G1_agronomic,PLSControl,2,AGC_078,3.0,3.8607497793965773,-0.8607497793965773
fold_municipality_grouped,G1_agronomic,PLSControl,2,AGC_079,3.3,4.03006207896634,-0.7300620789663403
fold_municipality_grouped,G1_agronomic,PLSControl,2,AGC_080,3.5,3.7841617446484848,-0.28416174464848476
fold_municipality_grouped,G1_agronomic,PLSControl,2,AGC_081,3.7,4.2238177116789135,-0.5238177116789133
fold_municipality_grouped,G1_agronomic,PLSControl,2,AGC_089,3.0,3.8301981687156648,-0.8301981687156648
fold_municipality_grouped,G1_agronomic,PLSControl,2,AGC_121,3.3,3.708026475619182,-0.40802647561918226
fold_municipality_grouped,G1_agronomic,PLSControl,2,AGC_140,3.2,3.8227918764865048,-0.6227918764865046
fold_municipality_grouped,G1_agronomic,PLSControl,2,AGC_148,3.0,3.6712034635176467,-0.6712034635176467
fold_municipality_grouped,G1_agronomic,PLSControl,2,AGC_166,2.5,4.28860300822251,-1.78860300822251
fold_municipality_grouped,G1_agronomic,PLSControl,2,AGC_194,3.2,4.290735043556484,-1.0907350435564842
fold_municipality_grouped,G1_agronomic,PLSControl,3,AGC_051,4.45,3.7735627619426233,0.6764372380573769
fold_municipality_grouped,G1_agronomic,PLSControl,3,AGC_059,4.41,3.9593952974446553,0.4506047025553448
fold_municipality_grouped,G1_agronomic,PLSControl,3,AGC_084,4.54,4.560166667454808,-0.020166667454807552
fold_municipality_grouped,G1_agronomic,PLSControl,3,AGC_134,4.52,3.9071980909594792,0.6128019090405203
fold_municipality_grouped,G1_agronomic,PLSControl,3,AGC_137,4.54,4.313312423068689,0.2266875769313108
fold_municipality_grouped,G1_agronomic,PLSControl,3,AGC_146,4.58,4.329384986517086,0.25061501348291415
fold_municipality_grouped,G1_agronomic,PLSControl,3,AGC_151,4.69,4.434243244900789,0.2557567550992115
fold_municipality_grouped,G1_agronomic,PLSControl,3,AGC_152,4.87,4.434186608368796,0.43581339163120436
fold_municipality_grouped,G1_agronomic,PLSControl,3,AGC_180,4.14,3.780182314086282,0.3598176859137179
fold_municipality_grouped,G1_agronomic,PLSControl,3,AGC_184,4.47,4.264365439444212,0.20563456055578744
fold_municipality_grouped,G1_agronomic,PLSControl,4,AGC_002,4.63,4.310978705360852,0.31902129463914797
fold_municipality_grouped,G1_agronomic,PLSControl,4,AGC_005,5.16,4.688600422713879,0.47139957728612103
fold_municipality_grouped,G1_agronomic,PLSControl,4,AGC_006,4.49,3.806595467455492,0.6834045325445084
fold_municipality_grouped,G1_agronomic,PLSControl,4,AGC_008,4.55,3.762144627584854,0.7878553724151458
fold_municipality_grouped,G1_agronomic,PLSControl,4,AGC_010,4.1,4.0535989418723375,0.046401058127662154
fold_municipality_grouped,G1_agronomic,PLSControl,4,AGC_012,4.69,4.373899387846741,0.31610061215325924
fold_municipality_grouped,G1_agronomic,PLSControl,4,AGC_013,4.01,4.074166612568154,-0.06416661256815459
fold_municipality_grouped,G1_agronomic,PLSControl,4,AGC_014,4.83,4.576311133732343,0.2536888662676571
fold_municipality_grouped,G1_agronomic,PLSControl,4,AGC_015,2.64,4.039321397993529,-1.3993213979935288
fold_municipality_grouped,G1_agronomic,PLSControl,4,AGC_017,4.98,4.166941480702439,0.8130585192975612
fold_municipality_grouped,G1_agronomic,PLSControl,4,AGC_018,4.49,4.244101551220618,0.24589844877938205
fold_municipality_grouped,G1_agronomic,PLSControl,4,AGC_021,4.94,3.786450364715925,1.1535496352840755
fold_municipality_grouped,G1_agronomic,PLSControl,4,AGC_022,4.55,3.685893780838025,0.8641062191619748
fold_municipality_grouped,G1_agronomic,PLSControl,4,AGC_024,3.03,3.74163392408309,-0.71163392408309
fold_municipality_grouped,G1_agronomic,PLSControl,4,AGC_026,3.55,3.9135593790900733,-0.3635593790900735
fold_municipality_grouped,G1_agronomic,PLSControl,4,AGC_032,4.03,3.721195124376235,0.30880487562376535
fold_municipality_grouped,G1_agronomic,PLSControl,4,AGC_033,4.47,3.829576434423353,0.6404235655766466
fold_municipality_grouped,G1_agronomic,PLSControl,4,AGC_045,4.1,4.122104550392127,-0.02210455039212711
fold_municipality_grouped,G1_agronomic,PLSControl,4,AGC_047,4.45,3.733862365425684,0.716137634574316
fold_municipality_grouped,G1_agronomic,PLSControl,4,AGC_049,5.53,4.213990986169684,1.3160090138303167
fold_municipality_grouped,G1_agronomic,PLSControl,4,AGC_055,5.45,4.161434666230526,1.2885653337694745
fold_municipality_grouped,G1_agronomic,PLSControl,4,AGC_056,5.07,3.6866144822659566,1.3833855177340437
fold_municipality_grouped,G1_agronomic,PLSControl,4,AGC_057,4.55,3.9648590896850466,0.5851409103149532
fold_municipality_grouped,G1_agronomic,PLSControl,4,AGC_060,4.52,3.909398468977933,0.6106015310220667
fold_municipality_grouped,G1_agronomic,PLSControl,4,AGC_062,3.81,3.453781075062913,0.35621892493708707
fold_municipality_grouped,G1_agronomic,PLSControl,4,AGC_069,5.46,4.078326461544756,1.381673538455244
fold_municipality_grouped,G1_agronomic,PLSControl,4,AGC_072,4.55,3.9679088922400325,0.5820911077599673
fold_municipality_grouped,G1_agronomic,PLSControl,4,AGC_073,4.3,3.2598836544147227,1.040116345585277
fold_municipality_grouped,G1_agronomic,PLSControl,4,AGC_077,4.76,3.483591372839438,1.2764086271605617
fold_municipality_grouped,G1_agronomic,PLSControl,4,AGC_090,4.68,3.934680993462555,0.7453190065374447
fold_municipality_grouped,G1_agronomic,PLSControl,4,AGC_092,4.57,3.648948069363088,0.9210519306369123
fold_municipality_grouped,G1_agronomic,PLSControl,4,AGC_096,4.59,3.3295835714475226,1.2604164285524773
fold_municipality_grouped,G1_agronomic,PLSControl,4,AGC_097,4.69,3.763657929571864,0.9263420704281362
fold_municipality_grouped,G1_agronomic,PLSControl,4,AGC_100,4.5,3.843250428538178,0.6567495714618219
fold_municipality_grouped,G1_agronomic,PLSControl,4,AGC_101,4.57,3.364582013878334,1.2054179861216663
fold_municipality_grouped,G1_agronomic,PLSControl,4,AGC_102,4.4,3.3886928142722765,1.0113071857277238
fold_municipality_grouped,G1_agronomic,PLSControl,4,AGC_104,4.56,3.8665450200948412,0.6934549799051584
fold_municipality_grouped,G1_agronomic,PLSControl,4,AGC_105,4.41,4.198938718909894,0.2110612810901058
fold_municipality_grouped,G1_agronomic,PLSControl,4,AGC_106,4.43,3.8665363122118004,0.5634636877881993
fold_municipality_grouped,G1_agronomic,PLSControl,4,AGC_108,4.51,3.791407400914064,0.7185925990859356
fold_municipality_grouped,G1_agronomic,PLSControl,4,AGC_109,4.54,3.7616285304053134,0.7783714695946866
fold_municipality_grouped,G1_agronomic,PLSControl,4,AGC_110,4.18,3.8270730106334705,0.3529269893665292
fold_municipality_grouped,G1_agronomic,PLSControl,4,AGC_111,4.72,3.7282308123310957,0.9917691876689041
fold_municipality_grouped,G1_agronomic,PLSControl,4,AGC_115,4.6,3.4544692365103558,1.1455307634896439
fold_municipality_grouped,G1_agronomic,PLSControl,4,AGC_124,5.05,4.122646686787814,0.9273533132121861
fold_municipality_grouped,G1_agronomic,PLSControl,4,AGC_125,4.06,4.397787843065022,-0.33778784306502274
fold_municipality_grouped,G1_agronomic,PLSControl,4,AGC_127,5.57,4.623662731937889,0.9463372680621109
fold_municipality_grouped,G1_agronomic,PLSControl,4,AGC_131,4.89,3.8671984729329942,1.0228015270670054
fold_municipality_grouped,G1_agronomic,PLSControl,4,AGC_132,4.13,4.070236523758897,0.059763476241102786
fold_municipality_grouped,G1_agronomic,PLSControl,4,AGC_133,3.91,4.14171002911005,-0.23171002911005
fold_municipality_grouped,G1_agronomic,PLSControl,4,AGC_135,4.49,3.606120367853519,0.8838796321464812
fold_municipality_grouped,G1_agronomic,PLSControl,4,AGC_139,4.67,3.6136241338308808,1.0563758661691192
fold_municipality_grouped,G1_agronomic,PLSControl,4,AGC_150,4.52,4.06650158726067,0.45349841273932956
fold_municipality_grouped,G1_agronomic,PLSControl,4,AGC_155,4.52,4.131707576231374,0.3882924237686254
fold_municipality_grouped,G1_agronomic,PLSControl,4,AGC_159,4.77,4.275194562603043,0.49480543739695637
fold_municipality_grouped,G1_agronomic,PLSControl,4,AGC_160,3.62,4.116259852416384,-0.49625985241638393
fold_municipality_grouped,G1_agronomic,PLSControl,4,AGC_161,4.46,4.330719581101884,0.1292804188981158
fold_municipality_grouped,G1_agronomic,PLSControl,4,AGC_162,5.59,3.3912351215954355,2.1987648784045644
fold_municipality_grouped,G1_agronomic,PLSControl,4,AGC_164,3.0,3.195381023884475,-0.1953810238844751
fold_municipality_grouped,G1_agronomic,PLSControl,4,AGC_165,4.44,3.730906768840171,0.7090932311598293
fold_municipality_grouped,G1_agronomic,PLSControl,4,AGC_167,4.54,4.247170810631537,0.29282918936846336
fold_municipality_grouped,G1_agronomic,PLSControl,4,AGC_168,4.49,4.083945830324415,0.40605416967558483
fold_municipality_grouped,G1_agronomic,PLSControl,4,AGC_171,2.15,3.6067742912800624,-1.4567742912800625
fold_municipality_grouped,G1_agronomic,PLSControl,4,AGC_172,5.19,3.8653554561466996,1.3246445438533008
fold_municipality_grouped,G1_agronomic,PLSControl,4,AGC_176,4.38,3.6984162614492777,0.6815837385507222
fold_municipality_grouped,G1_agronomic,PLSControl,4,AGC_178,4.39,3.225386622275979,1.1646133777240206
fold_municipality_grouped,G1_agronomic,PLSControl,4,AGC_179,4.55,3.9123822163553172,0.6376177836446826
fold_municipality_grouped,G1_agronomic,PLSControl,4,AGC_181,4.51,3.717632741082031,0.7923672589179689
fold_municipality_grouped,G1_agronomic,PLSControl,4,AGC_185,5.01,3.8172906311687695,1.1927093688312302
fold_municipality_grouped,G1_agronomic,PLSControl,4,AGC_189,4.03,3.8217804933914796,0.20821950660852062
fold_municipality_grouped,G1_agronomic,PLSControl,4,AGC_193,4.57,3.5160143387285445,1.0539856612714558
fold_municipality_grouped,G1_agronomic,PLSControl,4,AGC_195,3.68,3.6251325073399583,0.05486749266004187
fold_municipality_grouped,G1_agronomic,PLSControl,4,AGC_197,4.52,3.215315616123239,1.3046843838767606
fold_municipality_grouped,G1_agronomic,PLSControl,5,AGC_009,4.79,4.115352550019829,0.6746474499801707
fold_municipality_grouped,G1_agronomic,PLSControl,5,AGC_035,4.68,3.720773337489676,0.9592266625103236
fold_municipality_grouped,G1_agronomic,PLSControl,5,AGC_048,2.5,3.394089496750718,-0.894089496750718
fold_municipality_grouped,G1_agronomic,PLSControl,5,AGC_064,4.51,4.2933499210469295,0.2166500789530703
fold_municipality_grouped,G1_agronomic,PLSControl,5,AGC_083,4.61,3.865102025666042,0.7448979743339583
fold_municipality_grouped,G1_agronomic,PLSControl,5,AGC_119,4.4,4.383374131694114,0.016625868305886193
