protocol,track,representation,model,fold,rank,feature,left,right,operation,formula,abs_spearman_train
fold_state_stratified,clean,B7_all_plus_discovery,Ridge10,1,1,disc_expr_01__reverse_safe_ratio__siap_hist_yield_trend_recent__siap_hist_yield_mean_recent,siap_hist__yield_trend_recent,siap_hist__yield_mean_recent,reverse_safe_ratio,(siap_hist__yield_mean_recent) / (abs(siap_hist__yield_trend_recent) + eps),0.7310492495113927
fold_state_stratified,clean,B7_all_plus_discovery,Ridge10,1,2,disc_expr_02__reverse_safe_ratio__siap_hist_yield_trend_recent__soilgrids_cec_depth_weighted_0_30cm,siap_hist__yield_trend_recent,soilgrids__cec__depth_weighted_0_30cm,reverse_safe_ratio,(soilgrids__cec__depth_weighted_0_30cm) / (abs(siap_hist__yield_trend_recent) + eps),0.7013159865321326
fold_state_stratified,clean,B7_all_plus_discovery,Ridge10,1,3,disc_expr_03__reverse_safe_ratio__siap_hist_yield_trend_recent__soilgrids_clay_depth_weighted_0_30cm,siap_hist__yield_trend_recent,soilgrids__clay__depth_weighted_0_30cm,reverse_safe_ratio,(soilgrids__clay__depth_weighted_0_30cm) / (abs(siap_hist__yield_trend_recent) + eps),0.6809196205322612
fold_state_stratified,clean,B7_all_plus_discovery,Ridge10,1,4,disc_expr_04__symmetric_change__siap_hist_yield_trend_recent__siap_hist_yield_mean_recent,siap_hist__yield_trend_recent,siap_hist__yield_mean_recent,symmetric_change,2*((siap_hist__yield_trend_recent)-(siap_hist__yield_mean_recent)) / (abs(siap_hist__yield_trend_recent)+abs(siap_hist__yield_mean_recent)+eps),0.6515747962544295
fold_state_stratified,clean,B7_all_plus_discovery,Ridge10,1,5,disc_expr_05__symmetric_change__siap_hist_yield_trend_recent__soilgrids_cec_depth_weighted_0_30cm,siap_hist__yield_trend_recent,soilgrids__cec__depth_weighted_0_30cm,symmetric_change,2*((siap_hist__yield_trend_recent)-(soilgrids__cec__depth_weighted_0_30cm)) / (abs(siap_hist__yield_trend_recent)+abs(soilgrids__cec__depth_weighted_0_30cm)+eps),0.6500358895599259
fold_state_stratified,clean,B7_all_plus_discovery,Ridge10,1,6,disc_expr_06__symmetric_change__siap_hist_yield_trend_recent__soilgrids_clay_depth_weighted_0_30cm,siap_hist__yield_trend_recent,soilgrids__clay__depth_weighted_0_30cm,symmetric_change,2*((siap_hist__yield_trend_recent)-(soilgrids__clay__depth_weighted_0_30cm)) / (abs(siap_hist__yield_trend_recent)+abs(soilgrids__clay__depth_weighted_0_30cm)+eps),0.6289391609703379
fold_state_stratified,clean,B7_all_plus_discovery,Ridge10,1,7,disc_expr_07__reverse_safe_ratio__siap_hist_yield_trend_recent__agro_soil_soc_x_cec,siap_hist__yield_trend_recent,agro_soil__soc_x_cec,reverse_safe_ratio,(agro_soil__soc_x_cec) / (abs(siap_hist__yield_trend_recent) + eps),0.6213933188746833
fold_state_stratified,clean,B7_all_plus_discovery,Ridge10,1,8,disc_expr_08__reverse_safe_ratio__siap_hist_yield_trend_recent__soilgrids_nitrogen_depth_weighted_0_30cm,siap_hist__yield_trend_recent,soilgrids__nitrogen__depth_weighted_0_30cm,reverse_safe_ratio,(soilgrids__nitrogen__depth_weighted_0_30cm) / (abs(siap_hist__yield_trend_recent) + eps),0.6146997200565903
fold_state_stratified,clean,B7_all_plus_discovery,Ridge10,1,9,disc_expr_09__product__siap_hist_yield_mean_recent__soilgrids_soc_depth_weighted_0_30cm,siap_hist__yield_mean_recent,soilgrids__soc__depth_weighted_0_30cm,product,(siap_hist__yield_mean_recent) * (soilgrids__soc__depth_weighted_0_30cm),0.6129352502226277
fold_state_stratified,clean,B7_all_plus_discovery,Ridge10,1,10,disc_expr_10__sum__siap_hist_yield_trend_recent__soilgrids_nitrogen_depth_weighted_0_30cm,siap_hist__yield_trend_recent,soilgrids__nitrogen__depth_weighted_0_30cm,sum,(siap_hist__yield_trend_recent) + (soilgrids__nitrogen__depth_weighted_0_30cm),0.6116858880994763
fold_state_stratified,clean,B7_all_plus_discovery,Ridge10,1,11,disc_expr_11__reverse_safe_ratio__siap_hist_yield_trend_recent__soilgrids_soc_depth_weighted_0_30cm,siap_hist__yield_trend_recent,soilgrids__soc__depth_weighted_0_30cm,reverse_safe_ratio,(soilgrids__soc__depth_weighted_0_30cm) / (abs(siap_hist__yield_trend_recent) + eps),0.6091352012332233
fold_state_stratified,clean,B7_all_plus_discovery,Ridge10,1,12,disc_expr_12__product__siap_hist_yield_mean_recent__soilgrids_nitrogen_depth_weighted_0_30cm,siap_hist__yield_mean_recent,soilgrids__nitrogen__depth_weighted_0_30cm,product,(siap_hist__yield_mean_recent) * (soilgrids__nitrogen__depth_weighted_0_30cm),0.6007918118646909
fold_state_stratified,clean,B7_all_plus_discovery,Ridge10,1,13,disc_expr_13__reverse_safe_ratio__siap_hist_yield_mean_recent__soilgrids_clay_depth_weighted_0_30cm,siap_hist__yield_mean_recent,soilgrids__clay__depth_weighted_0_30cm,reverse_safe_ratio,(soilgrids__clay__depth_weighted_0_30cm) / (abs(siap_hist__yield_mean_recent) + eps),0.5834833696635797
fold_state_stratified,clean,B7_all_plus_discovery,Ridge10,1,14,disc_expr_14__safe_ratio__siap_hist_yield_mean_recent__soilgrids_clay_depth_weighted_0_30cm,siap_hist__yield_mean_recent,soilgrids__clay__depth_weighted_0_30cm,safe_ratio,(siap_hist__yield_mean_recent) / (abs(soilgrids__clay__depth_weighted_0_30cm) + eps),0.5834833696635797
fold_state_stratified,clean,B7_all_plus_discovery,Ridge10,1,15,disc_expr_15__symmetric_change__siap_hist_yield_mean_recent__soilgrids_clay_depth_weighted_0_30cm,siap_hist__yield_mean_recent,soilgrids__clay__depth_weighted_0_30cm,symmetric_change,2*((siap_hist__yield_mean_recent)-(soilgrids__clay__depth_weighted_0_30cm)) / (abs(siap_hist__yield_mean_recent)+abs(soilgrids__clay__depth_weighted_0_30cm)+eps),0.5834833696635797
fold_state_stratified,clean,B7_all_plus_discovery,Ridge10,1,16,disc_expr_16__reverse_safe_ratio__siap_hist_yield_mean_recent__soilgrids_cec_depth_weighted_0_30cm,siap_hist__yield_mean_recent,soilgrids__cec__depth_weighted_0_30cm,reverse_safe_ratio,(soilgrids__cec__depth_weighted_0_30cm) / (abs(siap_hist__yield_mean_recent) + eps),0.5819516089028449
fold_state_stratified,clean,B7_all_plus_discovery,Ridge10,1,17,disc_expr_17__safe_ratio__siap_hist_yield_mean_recent__soilgrids_cec_depth_weighted_0_30cm,siap_hist__yield_mean_recent,soilgrids__cec__depth_weighted_0_30cm,safe_ratio,(siap_hist__yield_mean_recent) / (abs(soilgrids__cec__depth_weighted_0_30cm) + eps),0.5819516089028449
fold_state_stratified,clean,B7_all_plus_discovery,Ridge10,1,18,disc_expr_18__symmetric_change__siap_hist_yield_mean_recent__soilgrids_cec_depth_weighted_0_30cm,siap_hist__yield_mean_recent,soilgrids__cec__depth_weighted_0_30cm,symmetric_change,2*((siap_hist__yield_mean_recent)-(soilgrids__cec__depth_weighted_0_30cm)) / (abs(siap_hist__yield_mean_recent)+abs(soilgrids__cec__depth_weighted_0_30cm)+eps),0.5819516089028449
fold_state_stratified,clean,B7_all_plus_discovery,Ridge10,1,19,disc_expr_19__sum__siap_hist_yield_mean_recent__soilgrids_nitrogen_depth_weighted_0_30cm,siap_hist__yield_mean_recent,soilgrids__nitrogen__depth_weighted_0_30cm,sum,(siap_hist__yield_mean_recent) + (soilgrids__nitrogen__depth_weighted_0_30cm),0.5745393925680907
fold_state_stratified,clean,B7_all_plus_discovery,Ridge10,1,20,disc_expr_20__difference__soilgrids_soc_depth_weighted_0_30cm__soilgrids_cec_depth_weighted_0_30cm,soilgrids__soc__depth_weighted_0_30cm,soilgrids__cec__depth_weighted_0_30cm,difference,(soilgrids__soc__depth_weighted_0_30cm) - (soilgrids__cec__depth_weighted_0_30cm),0.5508148437045477
fold_state_stratified,clean,B7_all_plus_discovery,Ridge10,2,1,disc_expr_01__reverse_safe_ratio__siap_hist_yield_trend_recent__siap_hist_yield_mean_recent,siap_hist__yield_trend_recent,siap_hist__yield_mean_recent,reverse_safe_ratio,(siap_hist__yield_mean_recent) / (abs(siap_hist__yield_trend_recent) + eps),0.6989467709006133
fold_state_stratified,clean,B7_all_plus_discovery,Ridge10,2,2,disc_expr_02__reverse_safe_ratio__siap_hist_yield_trend_recent__soilgrids_clay_depth_weighted_0_30cm,siap_hist__yield_trend_recent,soilgrids__clay__depth_weighted_0_30cm,reverse_safe_ratio,(soilgrids__clay__depth_weighted_0_30cm) / (abs(siap_hist__yield_trend_recent) + eps),0.6867994401099524
fold_state_stratified,clean,B7_all_plus_discovery,Ridge10,2,3,disc_expr_03__reverse_safe_ratio__siap_hist_yield_trend_recent__soilgrids_cec_depth_weighted_0_30cm,siap_hist__yield_trend_recent,soilgrids__cec__depth_weighted_0_30cm,reverse_safe_ratio,(soilgrids__cec__depth_weighted_0_30cm) / (abs(siap_hist__yield_trend_recent) + eps),0.6833042084316097
fold_state_stratified,clean,B7_all_plus_discovery,Ridge10,2,4,disc_expr_04__symmetric_change__siap_hist_yield_trend_recent__siap_hist_yield_mean_recent,siap_hist__yield_trend_recent,siap_hist__yield_mean_recent,symmetric_change,2*((siap_hist__yield_trend_recent)-(siap_hist__yield_mean_recent)) / (abs(siap_hist__yield_trend_recent)+abs(siap_hist__yield_mean_recent)+eps),0.6762016659125157
fold_state_stratified,clean,B7_all_plus_discovery,Ridge10,2,5,disc_expr_05__symmetric_change__siap_hist_yield_trend_recent__soilgrids_clay_depth_weighted_0_30cm,siap_hist__yield_trend_recent,soilgrids__clay__depth_weighted_0_30cm,symmetric_change,2*((siap_hist__yield_trend_recent)-(soilgrids__clay__depth_weighted_0_30cm)) / (abs(siap_hist__yield_trend_recent)+abs(soilgrids__clay__depth_weighted_0_30cm)+eps),0.6575467291377056
fold_state_stratified,clean,B7_all_plus_discovery,Ridge10,2,6,disc_expr_06__symmetric_change__siap_hist_yield_trend_recent__soilgrids_cec_depth_weighted_0_30cm,siap_hist__yield_trend_recent,soilgrids__cec__depth_weighted_0_30cm,symmetric_change,2*((siap_hist__yield_trend_recent)-(soilgrids__cec__depth_weighted_0_30cm)) / (abs(siap_hist__yield_trend_recent)+abs(soilgrids__cec__depth_weighted_0_30cm)+eps),0.6406425910757633
fold_state_stratified,clean,B7_all_plus_discovery,Ridge10,2,7,disc_expr_07__sum__siap_hist_yield_trend_recent__soilgrids_nitrogen_depth_weighted_0_30cm,siap_hist__yield_trend_recent,soilgrids__nitrogen__depth_weighted_0_30cm,sum,(siap_hist__yield_trend_recent) + (soilgrids__nitrogen__depth_weighted_0_30cm),0.6266712841105029
fold_state_stratified,clean,B7_all_plus_discovery,Ridge10,2,8,disc_expr_08__reverse_safe_ratio__siap_hist_yield_trend_recent__soilgrids_nitrogen_depth_weighted_0_30cm,siap_hist__yield_trend_recent,soilgrids__nitrogen__depth_weighted_0_30cm,reverse_safe_ratio,(soilgrids__nitrogen__depth_weighted_0_30cm) / (abs(siap_hist__yield_trend_recent) + eps),0.6069601079457717
fold_state_stratified,clean,B7_all_plus_discovery,Ridge10,2,9,disc_expr_09__reverse_safe_ratio__siap_hist_yield_trend_recent__agro_soil_soc_x_cec,siap_hist__yield_trend_recent,agro_soil__soc_x_cec,reverse_safe_ratio,(agro_soil__soc_x_cec) / (abs(siap_hist__yield_trend_recent) + eps),0.6041509313028043
fold_state_stratified,clean,B7_all_plus_discovery,Ridge10,2,10,disc_expr_10__product__siap_hist_yield_mean_recent__soilgrids_soc_depth_weighted_0_30cm,siap_hist__yield_mean_recent,soilgrids__soc__depth_weighted_0_30cm,product,(siap_hist__yield_mean_recent) * (soilgrids__soc__depth_weighted_0_30cm),0.6031077811505761
fold_state_stratified,clean,B7_all_plus_discovery,Ridge10,2,11,disc_expr_11__product__siap_hist_yield_mean_recent__soilgrids_nitrogen_depth_weighted_0_30cm,siap_hist__yield_mean_recent,soilgrids__nitrogen__depth_weighted_0_30cm,product,(siap_hist__yield_mean_recent) * (soilgrids__nitrogen__depth_weighted_0_30cm),0.6013489961427471
fold_state_stratified,clean,B7_all_plus_discovery,Ridge10,2,12,disc_expr_12__reverse_safe_ratio__siap_hist_yield_trend_recent__soilgrids_soc_depth_weighted_0_30cm,siap_hist__yield_trend_recent,soilgrids__soc__depth_weighted_0_30cm,reverse_safe_ratio,(soilgrids__soc__depth_weighted_0_30cm) / (abs(siap_hist__yield_trend_recent) + eps),0.5899067299052383
fold_state_stratified,clean,B7_all_plus_discovery,Ridge10,2,13,disc_expr_13__reverse_safe_ratio__siap_hist_yield_mean_recent__soilgrids_clay_depth_weighted_0_30cm,siap_hist__yield_mean_recent,soilgrids__clay__depth_weighted_0_30cm,reverse_safe_ratio,(soilgrids__clay__depth_weighted_0_30cm) / (abs(siap_hist__yield_mean_recent) + eps),0.583707917071234
fold_state_stratified,clean,B7_all_plus_discovery,Ridge10,2,14,disc_expr_14__safe_ratio__siap_hist_yield_mean_recent__soilgrids_clay_depth_weighted_0_30cm,siap_hist__yield_mean_recent,soilgrids__clay__depth_weighted_0_30cm,safe_ratio,(siap_hist__yield_mean_recent) / (abs(soilgrids__clay__depth_weighted_0_30cm) + eps),0.583707917071234
fold_state_stratified,clean,B7_all_plus_discovery,Ridge10,2,15,disc_expr_15__symmetric_change__siap_hist_yield_mean_recent__soilgrids_clay_depth_weighted_0_30cm,siap_hist__yield_mean_recent,soilgrids__clay__depth_weighted_0_30cm,symmetric_change,2*((siap_hist__yield_mean_recent)-(soilgrids__clay__depth_weighted_0_30cm)) / (abs(siap_hist__yield_mean_recent)+abs(soilgrids__clay__depth_weighted_0_30cm)+eps),0.583707917071234
fold_state_stratified,clean,B7_all_plus_discovery,Ridge10,2,16,disc_expr_16__sum__siap_hist_yield_mean_recent__soilgrids_nitrogen_depth_weighted_0_30cm,siap_hist__yield_mean_recent,soilgrids__nitrogen__depth_weighted_0_30cm,sum,(siap_hist__yield_mean_recent) + (soilgrids__nitrogen__depth_weighted_0_30cm),0.5699547804267906
fold_state_stratified,clean,B7_all_plus_discovery,Ridge10,2,17,disc_expr_17__reverse_safe_ratio__siap_hist_yield_mean_recent__soilgrids_cec_depth_weighted_0_30cm,siap_hist__yield_mean_recent,soilgrids__cec__depth_weighted_0_30cm,reverse_safe_ratio,(soilgrids__cec__depth_weighted_0_30cm) / (abs(siap_hist__yield_mean_recent) + eps),0.5681860604019242
fold_state_stratified,clean,B7_all_plus_discovery,Ridge10,2,18,disc_expr_18__safe_ratio__siap_hist_yield_mean_recent__soilgrids_cec_depth_weighted_0_30cm,siap_hist__yield_mean_recent,soilgrids__cec__depth_weighted_0_30cm,safe_ratio,(siap_hist__yield_mean_recent) / (abs(soilgrids__cec__depth_weighted_0_30cm) + eps),0.5681860604019242
fold_state_stratified,clean,B7_all_plus_discovery,Ridge10,2,19,disc_expr_19__symmetric_change__siap_hist_yield_mean_recent__soilgrids_cec_depth_weighted_0_30cm,siap_hist__yield_mean_recent,soilgrids__cec__depth_weighted_0_30cm,symmetric_change,2*((siap_hist__yield_mean_recent)-(soilgrids__cec__depth_weighted_0_30cm)) / (abs(siap_hist__yield_mean_recent)+abs(soilgrids__cec__depth_weighted_0_30cm)+eps),0.5681860604019242
fold_state_stratified,clean,B7_all_plus_discovery,Ridge10,2,20,disc_expr_20__product__siap_hist_yield_trend_recent__siap_hist_yield_mean_recent,siap_hist__yield_trend_recent,siap_hist__yield_mean_recent,product,(siap_hist__yield_trend_recent) * (siap_hist__yield_mean_recent),0.5607325286721035
fold_state_stratified,clean,B7_all_plus_discovery,Ridge10,3,1,disc_expr_01__reverse_safe_ratio__siap_hist_yield_trend_recent__soilgrids_clay_depth_weighted_0_30cm,siap_hist__yield_trend_recent,soilgrids__clay__depth_weighted_0_30cm,reverse_safe_ratio,(soilgrids__clay__depth_weighted_0_30cm) / (abs(siap_hist__yield_trend_recent) + eps),0.6514430690228281
fold_state_stratified,clean,B7_all_plus_discovery,Ridge10,3,2,disc_expr_02__reverse_safe_ratio__siap_hist_yield_trend_recent__soilgrids_cec_depth_weighted_0_30cm,siap_hist__yield_trend_recent,soilgrids__cec__depth_weighted_0_30cm,reverse_safe_ratio,(soilgrids__cec__depth_weighted_0_30cm) / (abs(siap_hist__yield_trend_recent) + eps),0.6494696286032755
fold_state_stratified,clean,B7_all_plus_discovery,Ridge10,3,3,disc_expr_03__reverse_safe_ratio__siap_hist_yield_trend_recent__siap_hist_yield_mean_recent,siap_hist__yield_trend_recent,siap_hist__yield_mean_recent,reverse_safe_ratio,(siap_hist__yield_mean_recent) / (abs(siap_hist__yield_trend_recent) + eps),0.6436484973588474
fold_state_stratified,clean,B7_all_plus_discovery,Ridge10,3,4,disc_expr_04__symmetric_change__siap_hist_yield_trend_recent__siap_hist_yield_mean_recent,siap_hist__yield_trend_recent,siap_hist__yield_mean_recent,symmetric_change,2*((siap_hist__yield_trend_recent)-(siap_hist__yield_mean_recent)) / (abs(siap_hist__yield_trend_recent)+abs(siap_hist__yield_mean_recent)+eps),0.617169457653625
fold_state_stratified,clean,B7_all_plus_discovery,Ridge10,3,5,disc_expr_05__symmetric_change__siap_hist_yield_trend_recent__soilgrids_clay_depth_weighted_0_30cm,siap_hist__yield_trend_recent,soilgrids__clay__depth_weighted_0_30cm,symmetric_change,2*((siap_hist__yield_trend_recent)-(soilgrids__clay__depth_weighted_0_30cm)) / (abs(siap_hist__yield_trend_recent)+abs(soilgrids__clay__depth_weighted_0_30cm)+eps),0.6140380186906681
fold_state_stratified,clean,B7_all_plus_discovery,Ridge10,3,6,disc_expr_06__symmetric_change__siap_hist_yield_trend_recent__soilgrids_cec_depth_weighted_0_30cm,siap_hist__yield_trend_recent,soilgrids__cec__depth_weighted_0_30cm,symmetric_change,2*((siap_hist__yield_trend_recent)-(soilgrids__cec__depth_weighted_0_30cm)) / (abs(siap_hist__yield_trend_recent)+abs(soilgrids__cec__depth_weighted_0_30cm)+eps),0.6138664151759242
fold_state_stratified,clean,B7_all_plus_discovery,Ridge10,3,7,disc_expr_07__sum__siap_hist_yield_trend_recent__soilgrids_nitrogen_depth_weighted_0_30cm,siap_hist__yield_trend_recent,soilgrids__nitrogen__depth_weighted_0_30cm,sum,(siap_hist__yield_trend_recent) + (soilgrids__nitrogen__depth_weighted_0_30cm),0.5812436838467533
fold_state_stratified,clean,B7_all_plus_discovery,Ridge10,3,8,disc_expr_08__reverse_safe_ratio__siap_hist_yield_mean_recent__soilgrids_clay_depth_weighted_0_30cm,siap_hist__yield_mean_recent,soilgrids__clay__depth_weighted_0_30cm,reverse_safe_ratio,(soilgrids__clay__depth_weighted_0_30cm) / (abs(siap_hist__yield_mean_recent) + eps),0.5677141014738024
fold_state_stratified,clean,B7_all_plus_discovery,Ridge10,3,9,disc_expr_09__safe_ratio__siap_hist_yield_mean_recent__soilgrids_clay_depth_weighted_0_30cm,siap_hist__yield_mean_recent,soilgrids__clay__depth_weighted_0_30cm,safe_ratio,(siap_hist__yield_mean_recent) / (abs(soilgrids__clay__depth_weighted_0_30cm) + eps),0.5677141014738024
fold_state_stratified,clean,B7_all_plus_discovery,Ridge10,3,10,disc_expr_10__symmetric_change__siap_hist_yield_mean_recent__soilgrids_clay_depth_weighted_0_30cm,siap_hist__yield_mean_recent,soilgrids__clay__depth_weighted_0_30cm,symmetric_change,2*((siap_hist__yield_mean_recent)-(soilgrids__clay__depth_weighted_0_30cm)) / (abs(siap_hist__yield_mean_recent)+abs(soilgrids__clay__depth_weighted_0_30cm)+eps),0.5677141014738024
fold_state_stratified,clean,B7_all_plus_discovery,Ridge10,3,11,disc_expr_11__product__soilgrids_soc_depth_weighted_0_30cm__siap_hist_yield_mean_recent,soilgrids__soc__depth_weighted_0_30cm,siap_hist__yield_mean_recent,product,(soilgrids__soc__depth_weighted_0_30cm) * (siap_hist__yield_mean_recent),0.5619292566741528
fold_state_stratified,clean,B7_all_plus_discovery,Ridge10,3,12,disc_expr_12__reverse_safe_ratio__siap_hist_yield_trend_recent__soilgrids_nitrogen_depth_weighted_0_30cm,siap_hist__yield_trend_recent,soilgrids__nitrogen__depth_weighted_0_30cm,reverse_safe_ratio,(soilgrids__nitrogen__depth_weighted_0_30cm) / (abs(siap_hist__yield_trend_recent) + eps),0.5513485452256136
fold_state_stratified,clean,B7_all_plus_discovery,Ridge10,3,13,disc_expr_13__product__siap_hist_yield_mean_recent__soilgrids_nitrogen_depth_weighted_0_30cm,siap_hist__yield_mean_recent,soilgrids__nitrogen__depth_weighted_0_30cm,product,(siap_hist__yield_mean_recent) * (soilgrids__nitrogen__depth_weighted_0_30cm),0.5494970336191684
fold_state_stratified,clean,B7_all_plus_discovery,Ridge10,3,14,disc_expr_14__reverse_safe_ratio__siap_hist_yield_trend_recent__agro_soil_soc_x_cec,siap_hist__yield_trend_recent,agro_soil__soc_x_cec,reverse_safe_ratio,(agro_soil__soc_x_cec) / (abs(siap_hist__yield_trend_recent) + eps),0.5485532142880779
fold_state_stratified,clean,B7_all_plus_discovery,Ridge10,3,15,disc_expr_15__reverse_safe_ratio__siap_hist_yield_trend_recent__soilgrids_soc_depth_weighted_0_30cm,siap_hist__yield_trend_recent,soilgrids__soc__depth_weighted_0_30cm,reverse_safe_ratio,(soilgrids__soc__depth_weighted_0_30cm) / (abs(siap_hist__yield_trend_recent) + eps),0.5397653079804137
fold_state_stratified,clean,B7_all_plus_discovery,Ridge10,3,16,disc_expr_16__difference__soilgrids_soc_depth_weighted_0_30cm__soilgrids_cec_depth_weighted_0_30cm,soilgrids__soc__depth_weighted_0_30cm,soilgrids__cec__depth_weighted_0_30cm,difference,(soilgrids__soc__depth_weighted_0_30cm) - (soilgrids__cec__depth_weighted_0_30cm),0.5352087830757717
fold_state_stratified,clean,B7_all_plus_discovery,Ridge10,3,17,disc_expr_17__reverse_difference__soilgrids_soc_depth_weighted_0_30cm__soilgrids_cec_depth_weighted_0_30cm,soilgrids__soc__depth_weighted_0_30cm,soilgrids__cec__depth_weighted_0_30cm,reverse_difference,(soilgrids__cec__depth_weighted_0_30cm) - (soilgrids__soc__depth_weighted_0_30cm),0.5352087830757717
fold_state_stratified,clean,B7_all_plus_discovery,Ridge10,3,18,disc_expr_18__reverse_safe_ratio__siap_hist_yield_mean_recent__soilgrids_cec_depth_weighted_0_30cm,siap_hist__yield_mean_recent,soilgrids__cec__depth_weighted_0_30cm,reverse_safe_ratio,(soilgrids__cec__depth_weighted_0_30cm) / (abs(siap_hist__yield_mean_recent) + eps),0.5319438004136744
fold_state_stratified,clean,B7_all_plus_discovery,Ridge10,3,19,disc_expr_19__safe_ratio__siap_hist_yield_mean_recent__soilgrids_cec_depth_weighted_0_30cm,siap_hist__yield_mean_recent,soilgrids__cec__depth_weighted_0_30cm,safe_ratio,(siap_hist__yield_mean_recent) / (abs(soilgrids__cec__depth_weighted_0_30cm) + eps),0.5319438004136744
fold_state_stratified,clean,B7_all_plus_discovery,Ridge10,3,20,disc_expr_20__symmetric_change__siap_hist_yield_mean_recent__soilgrids_cec_depth_weighted_0_30cm,siap_hist__yield_mean_recent,soilgrids__cec__depth_weighted_0_30cm,symmetric_change,2*((siap_hist__yield_mean_recent)-(soilgrids__cec__depth_weighted_0_30cm)) / (abs(siap_hist__yield_mean_recent)+abs(soilgrids__cec__depth_weighted_0_30cm)+eps),0.5319438004136744
fold_state_stratified,clean,B7_all_plus_discovery,Ridge10,4,1,disc_expr_01__reverse_safe_ratio__siap_hist_yield_trend_recent__siap_hist_yield_mean_recent,siap_hist__yield_trend_recent,siap_hist__yield_mean_recent,reverse_safe_ratio,(siap_hist__yield_mean_recent) / (abs(siap_hist__yield_trend_recent) + eps),0.6920675843306748
fold_state_stratified,clean,B7_all_plus_discovery,Ridge10,4,2,disc_expr_02__symmetric_change__siap_hist_yield_trend_recent__siap_hist_yield_mean_recent,siap_hist__yield_trend_recent,siap_hist__yield_mean_recent,symmetric_change,2*((siap_hist__yield_trend_recent)-(siap_hist__yield_mean_recent)) / (abs(siap_hist__yield_trend_recent)+abs(siap_hist__yield_mean_recent)+eps),0.6771860495676001
fold_state_stratified,clean,B7_all_plus_discovery,Ridge10,4,3,disc_expr_03__reverse_safe_ratio__siap_hist_yield_trend_recent__soilgrids_cec_depth_weighted_0_30cm,siap_hist__yield_trend_recent,soilgrids__cec__depth_weighted_0_30cm,reverse_safe_ratio,(soilgrids__cec__depth_weighted_0_30cm) / (abs(siap_hist__yield_trend_recent) + eps),0.6717374340223186
fold_state_stratified,clean,B7_all_plus_discovery,Ridge10,4,4,disc_expr_04__reverse_safe_ratio__siap_hist_yield_trend_recent__soilgrids_clay_depth_weighted_0_30cm,siap_hist__yield_trend_recent,soilgrids__clay__depth_weighted_0_30cm,reverse_safe_ratio,(soilgrids__clay__depth_weighted_0_30cm) / (abs(siap_hist__yield_trend_recent) + eps),0.6657609291671185
fold_state_stratified,clean,B7_all_plus_discovery,Ridge10,4,5,disc_expr_05__symmetric_change__siap_hist_yield_trend_recent__soilgrids_cec_depth_weighted_0_30cm,siap_hist__yield_trend_recent,soilgrids__cec__depth_weighted_0_30cm,symmetric_change,2*((siap_hist__yield_trend_recent)-(soilgrids__cec__depth_weighted_0_30cm)) / (abs(siap_hist__yield_trend_recent)+abs(soilgrids__cec__depth_weighted_0_30cm)+eps),0.6336888441566969
fold_state_stratified,clean,B7_all_plus_discovery,Ridge10,4,6,disc_expr_06__symmetric_change__siap_hist_yield_trend_recent__soilgrids_clay_depth_weighted_0_30cm,siap_hist__yield_trend_recent,soilgrids__clay__depth_weighted_0_30cm,symmetric_change,2*((siap_hist__yield_trend_recent)-(soilgrids__clay__depth_weighted_0_30cm)) / (abs(siap_hist__yield_trend_recent)+abs(soilgrids__clay__depth_weighted_0_30cm)+eps),0.6297876359695266
fold_state_stratified,clean,B7_all_plus_discovery,Ridge10,4,7,disc_expr_07__reverse_safe_ratio__siap_hist_yield_trend_recent__soilgrids_nitrogen_depth_weighted_0_30cm,siap_hist__yield_trend_recent,soilgrids__nitrogen__depth_weighted_0_30cm,reverse_safe_ratio,(soilgrids__nitrogen__depth_weighted_0_30cm) / (abs(siap_hist__yield_trend_recent) + eps),0.6160450966259896
fold_state_stratified,clean,B7_all_plus_discovery,Ridge10,4,8,disc_expr_08__reverse_safe_ratio__siap_hist_yield_trend_recent__soilgrids_soc_depth_weighted_0_30cm,siap_hist__yield_trend_recent,soilgrids__soc__depth_weighted_0_30cm,reverse_safe_ratio,(soilgrids__soc__depth_weighted_0_30cm) / (abs(siap_hist__yield_trend_recent) + eps),0.5985807264810121
fold_state_stratified,clean,B7_all_plus_discovery,Ridge10,4,9,disc_expr_09__sum__siap_hist_yield_trend_recent__soilgrids_nitrogen_depth_weighted_0_30cm,siap_hist__yield_trend_recent,soilgrids__nitrogen__depth_weighted_0_30cm,sum,(siap_hist__yield_trend_recent) + (soilgrids__nitrogen__depth_weighted_0_30cm),0.5983222094352894
fold_state_stratified,clean,B7_all_plus_discovery,Ridge10,4,10,disc_expr_10__reverse_safe_ratio__siap_hist_yield_trend_recent__agro_soil_soc_x_cec,siap_hist__yield_trend_recent,agro_soil__soc_x_cec,reverse_safe_ratio,(agro_soil__soc_x_cec) / (abs(siap_hist__yield_trend_recent) + eps),0.5979559758924591
fold_state_stratified,clean,B7_all_plus_discovery,Ridge10,4,11,disc_expr_11__product__siap_hist_yield_mean_recent__soilgrids_soc_depth_weighted_0_30cm,siap_hist__yield_mean_recent,soilgrids__soc__depth_weighted_0_30cm,product,(siap_hist__yield_mean_recent) * (soilgrids__soc__depth_weighted_0_30cm),0.5861381859748497
fold_state_stratified,clean,B7_all_plus_discovery,Ridge10,4,12,disc_expr_12__product__siap_hist_yield_mean_recent__soilgrids_nitrogen_depth_weighted_0_30cm,siap_hist__yield_mean_recent,soilgrids__nitrogen__depth_weighted_0_30cm,product,(siap_hist__yield_mean_recent) * (soilgrids__nitrogen__depth_weighted_0_30cm),0.5668378147013262
fold_state_stratified,clean,B7_all_plus_discovery,Ridge10,4,13,disc_expr_13__product__siap_hist_yield_trend_recent__siap_hist_yield_mean_recent,siap_hist__yield_trend_recent,siap_hist__yield_mean_recent,product,(siap_hist__yield_trend_recent) * (siap_hist__yield_mean_recent),0.5510645660889933
fold_state_stratified,clean,B7_all_plus_discovery,Ridge10,4,14,disc_expr_14__reverse_safe_ratio__siap_hist_yield_mean_recent__soilgrids_clay_depth_weighted_0_30cm,siap_hist__yield_mean_recent,soilgrids__clay__depth_weighted_0_30cm,reverse_safe_ratio,(soilgrids__clay__depth_weighted_0_30cm) / (abs(siap_hist__yield_mean_recent) + eps),0.5462119417146957
fold_state_stratified,clean,B7_all_plus_discovery,Ridge10,4,15,disc_expr_15__safe_ratio__siap_hist_yield_mean_recent__soilgrids_clay_depth_weighted_0_30cm,siap_hist__yield_mean_recent,soilgrids__clay__depth_weighted_0_30cm,safe_ratio,(siap_hist__yield_mean_recent) / (abs(soilgrids__clay__depth_weighted_0_30cm) + eps),0.5462119417146957
fold_state_stratified,clean,B7_all_plus_discovery,Ridge10,4,16,disc_expr_16__symmetric_change__siap_hist_yield_mean_recent__soilgrids_clay_depth_weighted_0_30cm,siap_hist__yield_mean_recent,soilgrids__clay__depth_weighted_0_30cm,symmetric_change,2*((siap_hist__yield_mean_recent)-(soilgrids__clay__depth_weighted_0_30cm)) / (abs(siap_hist__yield_mean_recent)+abs(soilgrids__clay__depth_weighted_0_30cm)+eps),0.5462119417146957
fold_state_stratified,clean,B7_all_plus_discovery,Ridge10,4,17,disc_expr_17__sum__siap_hist_yield_trend_recent__siap_hist_yield_mean_recent,siap_hist__yield_trend_recent,siap_hist__yield_mean_recent,sum,(siap_hist__yield_trend_recent) + (siap_hist__yield_mean_recent),0.542828274922106
fold_state_stratified,clean,B7_all_plus_discovery,Ridge10,4,18,disc_expr_18__reverse_safe_ratio__siap_hist_yield_mean_recent__soilgrids_cec_depth_weighted_0_30cm,siap_hist__yield_mean_recent,soilgrids__cec__depth_weighted_0_30cm,reverse_safe_ratio,(soilgrids__cec__depth_weighted_0_30cm) / (abs(siap_hist__yield_mean_recent) + eps),0.5428277211889434
fold_state_stratified,clean,B7_all_plus_discovery,Ridge10,4,19,disc_expr_19__safe_ratio__siap_hist_yield_mean_recent__soilgrids_cec_depth_weighted_0_30cm,siap_hist__yield_mean_recent,soilgrids__cec__depth_weighted_0_30cm,safe_ratio,(siap_hist__yield_mean_recent) / (abs(soilgrids__cec__depth_weighted_0_30cm) + eps),0.5428277211889434
fold_state_stratified,clean,B7_all_plus_discovery,Ridge10,4,20,disc_expr_20__symmetric_change__siap_hist_yield_mean_recent__soilgrids_cec_depth_weighted_0_30cm,siap_hist__yield_mean_recent,soilgrids__cec__depth_weighted_0_30cm,symmetric_change,2*((siap_hist__yield_mean_recent)-(soilgrids__cec__depth_weighted_0_30cm)) / (abs(siap_hist__yield_mean_recent)+abs(soilgrids__cec__depth_weighted_0_30cm)+eps),0.5428277211889434
fold_state_stratified,clean,B7_all_plus_discovery,Ridge10,5,1,disc_expr_01__reverse_safe_ratio__siap_hist_yield_trend_recent__soilgrids_clay_depth_weighted_0_30cm,siap_hist__yield_trend_recent,soilgrids__clay__depth_weighted_0_30cm,reverse_safe_ratio,(soilgrids__clay__depth_weighted_0_30cm) / (abs(siap_hist__yield_trend_recent) + eps),0.7009569086353052
fold_state_stratified,clean,B7_all_plus_discovery,Ridge10,5,2,disc_expr_02__reverse_safe_ratio__siap_hist_yield_trend_recent__soilgrids_cec_depth_weighted_0_30cm,siap_hist__yield_trend_recent,soilgrids__cec__depth_weighted_0_30cm,reverse_safe_ratio,(soilgrids__cec__depth_weighted_0_30cm) / (abs(siap_hist__yield_trend_recent) + eps),0.696111236529162
fold_state_stratified,clean,B7_all_plus_discovery,Ridge10,5,3,disc_expr_03__reverse_safe_ratio__siap_hist_yield_trend_recent__siap_hist_yield_mean_recent,siap_hist__yield_trend_recent,siap_hist__yield_mean_recent,reverse_safe_ratio,(siap_hist__yield_mean_recent) / (abs(siap_hist__yield_trend_recent) + eps),0.695624852036423
fold_state_stratified,clean,B7_all_plus_discovery,Ridge10,5,4,disc_expr_04__symmetric_change__siap_hist_yield_trend_recent__soilgrids_cec_depth_weighted_0_30cm,siap_hist__yield_trend_recent,soilgrids__cec__depth_weighted_0_30cm,symmetric_change,2*((siap_hist__yield_trend_recent)-(soilgrids__cec__depth_weighted_0_30cm)) / (abs(siap_hist__yield_trend_recent)+abs(soilgrids__cec__depth_weighted_0_30cm)+eps),0.6840503931612463
fold_state_stratified,clean,B7_all_plus_discovery,Ridge10,5,5,disc_expr_05__symmetric_change__siap_hist_yield_trend_recent__siap_hist_yield_mean_recent,siap_hist__yield_trend_recent,siap_hist__yield_mean_recent,symmetric_change,2*((siap_hist__yield_trend_recent)-(siap_hist__yield_mean_recent)) / (abs(siap_hist__yield_trend_recent)+abs(siap_hist__yield_mean_recent)+eps),0.6827766670001975
fold_state_stratified,clean,B7_all_plus_discovery,Ridge10,5,6,disc_expr_06__symmetric_change__siap_hist_yield_trend_recent__soilgrids_clay_depth_weighted_0_30cm,siap_hist__yield_trend_recent,soilgrids__clay__depth_weighted_0_30cm,symmetric_change,2*((siap_hist__yield_trend_recent)-(soilgrids__clay__depth_weighted_0_30cm)) / (abs(siap_hist__yield_trend_recent)+abs(soilgrids__clay__depth_weighted_0_30cm)+eps),0.6789597732001287
fold_state_stratified,clean,B7_all_plus_discovery,Ridge10,5,7,disc_expr_07__sum__siap_hist_yield_trend_recent__soilgrids_nitrogen_depth_weighted_0_30cm,siap_hist__yield_trend_recent,soilgrids__nitrogen__depth_weighted_0_30cm,sum,(siap_hist__yield_trend_recent) + (soilgrids__nitrogen__depth_weighted_0_30cm),0.6540646654999276
fold_state_stratified,clean,B7_all_plus_discovery,Ridge10,5,8,disc_expr_08__product__siap_hist_yield_mean_recent__soilgrids_nitrogen_depth_weighted_0_30cm,siap_hist__yield_mean_recent,soilgrids__nitrogen__depth_weighted_0_30cm,product,(siap_hist__yield_mean_recent) * (soilgrids__nitrogen__depth_weighted_0_30cm),0.6351904158914206
fold_state_stratified,clean,B7_all_plus_discovery,Ridge10,5,9,disc_expr_09__reverse_safe_ratio__siap_hist_yield_mean_recent__soilgrids_clay_depth_weighted_0_30cm,siap_hist__yield_mean_recent,soilgrids__clay__depth_weighted_0_30cm,reverse_safe_ratio,(soilgrids__clay__depth_weighted_0_30cm) / (abs(siap_hist__yield_mean_recent) + eps),0.630096310382817
fold_state_stratified,clean,B7_all_plus_discovery,Ridge10,5,10,disc_expr_10__safe_ratio__siap_hist_yield_mean_recent__soilgrids_clay_depth_weighted_0_30cm,siap_hist__yield_mean_recent,soilgrids__clay__depth_weighted_0_30cm,safe_ratio,(siap_hist__yield_mean_recent) / (abs(soilgrids__clay__depth_weighted_0_30cm) + eps),0.630096310382817
fold_state_stratified,clean,B7_all_plus_discovery,Ridge10,5,11,disc_expr_11__symmetric_change__siap_hist_yield_mean_recent__soilgrids_clay_depth_weighted_0_30cm,siap_hist__yield_mean_recent,soilgrids__clay__depth_weighted_0_30cm,symmetric_change,2*((siap_hist__yield_mean_recent)-(soilgrids__clay__depth_weighted_0_30cm)) / (abs(siap_hist__yield_mean_recent)+abs(soilgrids__clay__depth_weighted_0_30cm)+eps),0.630096310382817
fold_state_stratified,clean,B7_all_plus_discovery,Ridge10,5,12,disc_expr_12__product__siap_hist_yield_mean_recent__soilgrids_soc_depth_weighted_0_30cm,siap_hist__yield_mean_recent,soilgrids__soc__depth_weighted_0_30cm,product,(siap_hist__yield_mean_recent) * (soilgrids__soc__depth_weighted_0_30cm),0.6241992276954446
fold_state_stratified,clean,B7_all_plus_discovery,Ridge10,5,13,disc_expr_13__sum__siap_hist_yield_mean_recent__soilgrids_nitrogen_depth_weighted_0_30cm,siap_hist__yield_mean_recent,soilgrids__nitrogen__depth_weighted_0_30cm,sum,(siap_hist__yield_mean_recent) + (soilgrids__nitrogen__depth_weighted_0_30cm),0.6212865466272651
fold_state_stratified,clean,B7_all_plus_discovery,Ridge10,5,14,disc_expr_14__reverse_safe_ratio__siap_hist_yield_mean_recent__soilgrids_cec_depth_weighted_0_30cm,siap_hist__yield_mean_recent,soilgrids__cec__depth_weighted_0_30cm,reverse_safe_ratio,(soilgrids__cec__depth_weighted_0_30cm) / (abs(siap_hist__yield_mean_recent) + eps),0.6037591331911761
fold_state_stratified,clean,B7_all_plus_discovery,Ridge10,5,15,disc_expr_15__safe_ratio__siap_hist_yield_mean_recent__soilgrids_cec_depth_weighted_0_30cm,siap_hist__yield_mean_recent,soilgrids__cec__depth_weighted_0_30cm,safe_ratio,(siap_hist__yield_mean_recent) / (abs(soilgrids__cec__depth_weighted_0_30cm) + eps),0.6037591331911761
fold_state_stratified,clean,B7_all_plus_discovery,Ridge10,5,16,disc_expr_16__symmetric_change__siap_hist_yield_mean_recent__soilgrids_cec_depth_weighted_0_30cm,siap_hist__yield_mean_recent,soilgrids__cec__depth_weighted_0_30cm,symmetric_change,2*((siap_hist__yield_mean_recent)-(soilgrids__cec__depth_weighted_0_30cm)) / (abs(siap_hist__yield_mean_recent)+abs(soilgrids__cec__depth_weighted_0_30cm)+eps),0.6037591331911761
fold_state_stratified,clean,B7_all_plus_discovery,Ridge10,5,17,disc_expr_17__reverse_safe_ratio__siap_hist_yield_trend_recent__soilgrids_nitrogen_depth_weighted_0_30cm,siap_hist__yield_trend_recent,soilgrids__nitrogen__depth_weighted_0_30cm,reverse_safe_ratio,(soilgrids__nitrogen__depth_weighted_0_30cm) / (abs(siap_hist__yield_trend_recent) + eps),0.5953262061030496
fold_state_stratified,clean,B7_all_plus_discovery,Ridge10,5,18,disc_expr_18__reverse_safe_ratio__siap_hist_yield_trend_recent__agro_soil_soc_x_cec,siap_hist__yield_trend_recent,agro_soil__soc_x_cec,reverse_safe_ratio,(agro_soil__soc_x_cec) / (abs(siap_hist__yield_trend_recent) + eps),0.5862208002916581
fold_state_stratified,clean,B7_all_plus_discovery,Ridge10,5,19,disc_expr_19__product__siap_hist_yield_trend_recent__soilgrids_nitrogen_depth_weighted_0_30cm,siap_hist__yield_trend_recent,soilgrids__nitrogen__depth_weighted_0_30cm,product,(siap_hist__yield_trend_recent) * (soilgrids__nitrogen__depth_weighted_0_30cm),0.5786512398327515
fold_state_stratified,clean,B7_all_plus_discovery,Ridge10,5,20,disc_expr_20__product__siap_hist_yield_trend_recent__soilgrids_soc_depth_weighted_0_30cm,siap_hist__yield_trend_recent,soilgrids__soc__depth_weighted_0_30cm,product,(siap_hist__yield_trend_recent) * (soilgrids__soc__depth_weighted_0_30cm),0.5769323338837664
fold_municipality_grouped,clean,B7_all_plus_discovery,Ridge10,1,1,disc_expr_01__reverse_safe_ratio__siap_hist_yield_trend_recent__soilgrids_cec_depth_weighted_0_30cm,siap_hist__yield_trend_recent,soilgrids__cec__depth_weighted_0_30cm,reverse_safe_ratio,(soilgrids__cec__depth_weighted_0_30cm) / (abs(siap_hist__yield_trend_recent) + eps),0.44429553683341344
fold_municipality_grouped,clean,B7_all_plus_discovery,Ridge10,1,2,disc_expr_02__symmetric_change__siap_hist_yield_trend_recent__soilgrids_cec_depth_weighted_0_30cm,siap_hist__yield_trend_recent,soilgrids__cec__depth_weighted_0_30cm,symmetric_change,2*((siap_hist__yield_trend_recent)-(soilgrids__cec__depth_weighted_0_30cm)) / (abs(siap_hist__yield_trend_recent)+abs(soilgrids__cec__depth_weighted_0_30cm)+eps),0.43393577044282955
fold_municipality_grouped,clean,B7_all_plus_discovery,Ridge10,1,3,disc_expr_03__reverse_safe_ratio__siap_hist_yield_trend_recent__soilgrids_clay_depth_weighted_0_30cm,siap_hist__yield_trend_recent,soilgrids__clay__depth_weighted_0_30cm,reverse_safe_ratio,(soilgrids__clay__depth_weighted_0_30cm) / (abs(siap_hist__yield_trend_recent) + eps),0.42355416602362383
fold_municipality_grouped,clean,B7_all_plus_discovery,Ridge10,1,4,disc_expr_04__safe_ratio__siap_hist_yield_mean_recent__siap_hist_yield_trend_recent,siap_hist__yield_mean_recent,siap_hist__yield_trend_recent,safe_ratio,(siap_hist__yield_mean_recent) / (abs(siap_hist__yield_trend_recent) + eps),0.42311097499608896
fold_municipality_grouped,clean,B7_all_plus_discovery,Ridge10,1,5,disc_expr_05__reverse_safe_ratio__siap_hist_yield_mean_recent__soilgrids_cec_depth_weighted_0_30cm,siap_hist__yield_mean_recent,soilgrids__cec__depth_weighted_0_30cm,reverse_safe_ratio,(soilgrids__cec__depth_weighted_0_30cm) / (abs(siap_hist__yield_mean_recent) + eps),0.42204640891449674
fold_municipality_grouped,clean,B7_all_plus_discovery,Ridge10,1,6,disc_expr_06__safe_ratio__siap_hist_yield_mean_recent__soilgrids_cec_depth_weighted_0_30cm,siap_hist__yield_mean_recent,soilgrids__cec__depth_weighted_0_30cm,safe_ratio,(siap_hist__yield_mean_recent) / (abs(soilgrids__cec__depth_weighted_0_30cm) + eps),0.42204640891449674
fold_municipality_grouped,clean,B7_all_plus_discovery,Ridge10,1,7,disc_expr_07__symmetric_change__siap_hist_yield_mean_recent__soilgrids_cec_depth_weighted_0_30cm,siap_hist__yield_mean_recent,soilgrids__cec__depth_weighted_0_30cm,symmetric_change,2*((siap_hist__yield_mean_recent)-(soilgrids__cec__depth_weighted_0_30cm)) / (abs(siap_hist__yield_mean_recent)+abs(soilgrids__cec__depth_weighted_0_30cm)+eps),0.42204640891449674
fold_municipality_grouped,clean,B7_all_plus_discovery,Ridge10,1,8,disc_expr_08__difference__siap_hist_yield_mean_recent__siap_hist_yield_trend_recent,siap_hist__yield_mean_recent,siap_hist__yield_trend_recent,difference,(siap_hist__yield_mean_recent) - (siap_hist__yield_trend_recent),0.4017005476571651
fold_municipality_grouped,clean,B7_all_plus_discovery,Ridge10,1,9,disc_expr_09__reverse_difference__siap_hist_yield_mean_recent__siap_hist_yield_trend_recent,siap_hist__yield_mean_recent,siap_hist__yield_trend_recent,reverse_difference,(siap_hist__yield_trend_recent) - (siap_hist__yield_mean_recent),0.4017005476571651
fold_municipality_grouped,clean,B7_all_plus_discovery,Ridge10,1,10,disc_expr_10__symmetric_change__siap_hist_yield_trend_recent__soilgrids_clay_depth_weighted_0_30cm,siap_hist__yield_trend_recent,soilgrids__clay__depth_weighted_0_30cm,symmetric_change,2*((siap_hist__yield_trend_recent)-(soilgrids__clay__depth_weighted_0_30cm)) / (abs(siap_hist__yield_trend_recent)+abs(soilgrids__clay__depth_weighted_0_30cm)+eps),0.4016110140038904
fold_municipality_grouped,clean,B7_all_plus_discovery,Ridge10,1,11,disc_expr_11__sum__siap_hist_yield_trend_recent__soilgrids_nitrogen_depth_weighted_0_30cm,siap_hist__yield_trend_recent,soilgrids__nitrogen__depth_weighted_0_30cm,sum,(siap_hist__yield_trend_recent) + (soilgrids__nitrogen__depth_weighted_0_30cm),0.3869678325121665
fold_municipality_grouped,clean,B7_all_plus_discovery,Ridge10,1,12,disc_expr_12__product__siap_hist_yield_trend_recent__soilgrids_nitrogen_depth_weighted_0_30cm,siap_hist__yield_trend_recent,soilgrids__nitrogen__depth_weighted_0_30cm,product,(siap_hist__yield_trend_recent) * (soilgrids__nitrogen__depth_weighted_0_30cm),0.3849508357300353
fold_municipality_grouped,clean,B7_all_plus_discovery,Ridge10,1,13,disc_expr_13__sum__siap_hist_yield_mean_recent__soilgrids_nitrogen_depth_weighted_0_30cm,siap_hist__yield_mean_recent,soilgrids__nitrogen__depth_weighted_0_30cm,sum,(siap_hist__yield_mean_recent) + (soilgrids__nitrogen__depth_weighted_0_30cm),0.3848160236057797
fold_municipality_grouped,clean,B7_all_plus_discovery,Ridge10,1,14,disc_expr_14__product__siap_hist_yield_trend_recent__soilgrids_soc_depth_weighted_0_30cm,siap_hist__yield_trend_recent,soilgrids__soc__depth_weighted_0_30cm,product,(siap_hist__yield_trend_recent) * (soilgrids__soc__depth_weighted_0_30cm),0.3829924747533966
fold_municipality_grouped,clean,B7_all_plus_discovery,Ridge10,1,15,disc_expr_15__product__siap_hist_yield_mean_recent__soilgrids_nitrogen_depth_weighted_0_30cm,siap_hist__yield_mean_recent,soilgrids__nitrogen__depth_weighted_0_30cm,product,(siap_hist__yield_mean_recent) * (soilgrids__nitrogen__depth_weighted_0_30cm),0.3829130986210955
fold_municipality_grouped,clean,B7_all_plus_discovery,Ridge10,1,16,disc_expr_16__reverse_safe_ratio__siap_hist_yield_mean_recent__soilgrids_clay_depth_weighted_0_30cm,siap_hist__yield_mean_recent,soilgrids__clay__depth_weighted_0_30cm,reverse_safe_ratio,(soilgrids__clay__depth_weighted_0_30cm) / (abs(siap_hist__yield_mean_recent) + eps),0.3805856166881959
fold_municipality_grouped,clean,B7_all_plus_discovery,Ridge10,1,17,disc_expr_17__safe_ratio__siap_hist_yield_mean_recent__soilgrids_clay_depth_weighted_0_30cm,siap_hist__yield_mean_recent,soilgrids__clay__depth_weighted_0_30cm,safe_ratio,(siap_hist__yield_mean_recent) / (abs(soilgrids__clay__depth_weighted_0_30cm) + eps),0.3805856166881959
fold_municipality_grouped,clean,B7_all_plus_discovery,Ridge10,1,18,disc_expr_18__symmetric_change__siap_hist_yield_mean_recent__soilgrids_clay_depth_weighted_0_30cm,siap_hist__yield_mean_recent,soilgrids__clay__depth_weighted_0_30cm,symmetric_change,2*((siap_hist__yield_mean_recent)-(soilgrids__clay__depth_weighted_0_30cm)) / (abs(siap_hist__yield_mean_recent)+abs(soilgrids__clay__depth_weighted_0_30cm)+eps),0.3805856166881959
fold_municipality_grouped,clean,B7_all_plus_discovery,Ridge10,1,19,disc_expr_19__difference__siap_hist_yield_mean_recent__soilgrids_cec_depth_weighted_0_30cm,siap_hist__yield_mean_recent,soilgrids__cec__depth_weighted_0_30cm,difference,(siap_hist__yield_mean_recent) - (soilgrids__cec__depth_weighted_0_30cm),0.37639706792215394
fold_municipality_grouped,clean,B7_all_plus_discovery,Ridge10,1,20,disc_expr_20__reverse_difference__siap_hist_yield_mean_recent__soilgrids_cec_depth_weighted_0_30cm,siap_hist__yield_mean_recent,soilgrids__cec__depth_weighted_0_30cm,reverse_difference,(soilgrids__cec__depth_weighted_0_30cm) - (siap_hist__yield_mean_recent),0.37639706792215394
fold_municipality_grouped,clean,B7_all_plus_discovery,Ridge10,2,1,disc_expr_01__difference__soilgrids_soc_depth_weighted_0_30cm__soilgrids_cec_depth_weighted_0_30cm,soilgrids__soc__depth_weighted_0_30cm,soilgrids__cec__depth_weighted_0_30cm,difference,(soilgrids__soc__depth_weighted_0_30cm) - (soilgrids__cec__depth_weighted_0_30cm),0.649346664070399
fold_municipality_grouped,clean,B7_all_plus_discovery,Ridge10,2,2,disc_expr_02__reverse_difference__soilgrids_soc_depth_weighted_0_30cm__soilgrids_cec_depth_weighted_0_30cm,soilgrids__soc__depth_weighted_0_30cm,soilgrids__cec__depth_weighted_0_30cm,reverse_difference,(soilgrids__cec__depth_weighted_0_30cm) - (soilgrids__soc__depth_weighted_0_30cm),0.649346664070399
fold_municipality_grouped,clean,B7_all_plus_discovery,Ridge10,2,3,disc_expr_03__reverse_safe_ratio__soilgrids_soc_depth_weighted_0_30cm__soilgrids_cec_depth_weighted_0_30cm,soilgrids__soc__depth_weighted_0_30cm,soilgrids__cec__depth_weighted_0_30cm,reverse_safe_ratio,(soilgrids__cec__depth_weighted_0_30cm) / (abs(soilgrids__soc__depth_weighted_0_30cm) + eps),0.6457720510232068
fold_municipality_grouped,clean,B7_all_plus_discovery,Ridge10,2,4,disc_expr_04__safe_ratio__soilgrids_soc_depth_weighted_0_30cm__soilgrids_cec_depth_weighted_0_30cm,soilgrids__soc__depth_weighted_0_30cm,soilgrids__cec__depth_weighted_0_30cm,safe_ratio,(soilgrids__soc__depth_weighted_0_30cm) / (abs(soilgrids__cec__depth_weighted_0_30cm) + eps),0.6457720510232068
fold_municipality_grouped,clean,B7_all_plus_discovery,Ridge10,2,5,disc_expr_05__symmetric_change__soilgrids_soc_depth_weighted_0_30cm__soilgrids_cec_depth_weighted_0_30cm,soilgrids__soc__depth_weighted_0_30cm,soilgrids__cec__depth_weighted_0_30cm,symmetric_change,2*((soilgrids__soc__depth_weighted_0_30cm)-(soilgrids__cec__depth_weighted_0_30cm)) / (abs(soilgrids__soc__depth_weighted_0_30cm)+abs(soilgrids__cec__depth_weighted_0_30cm)+eps),0.6457720510232068
fold_municipality_grouped,clean,B7_all_plus_discovery,Ridge10,2,6,disc_expr_06__symmetric_change__siap_hist_yield_trend_recent__siap_hist_yield_mean_recent,siap_hist__yield_trend_recent,siap_hist__yield_mean_recent,symmetric_change,2*((siap_hist__yield_trend_recent)-(siap_hist__yield_mean_recent)) / (abs(siap_hist__yield_trend_recent)+abs(siap_hist__yield_mean_recent)+eps),0.636296936116531
fold_municipality_grouped,clean,B7_all_plus_discovery,Ridge10,2,7,disc_expr_07__sum__soilgrids_soc_depth_weighted_0_30cm__siap_hist_yield_trend_recent,soilgrids__soc__depth_weighted_0_30cm,siap_hist__yield_trend_recent,sum,(soilgrids__soc__depth_weighted_0_30cm) + (siap_hist__yield_trend_recent),0.6256834693255623
fold_municipality_grouped,clean,B7_all_plus_discovery,Ridge10,2,8,disc_expr_08__sum__soilgrids_soc_depth_weighted_0_30cm__soilgrids_nitrogen_depth_weighted_0_30cm,soilgrids__soc__depth_weighted_0_30cm,soilgrids__nitrogen__depth_weighted_0_30cm,sum,(soilgrids__soc__depth_weighted_0_30cm) + (soilgrids__nitrogen__depth_weighted_0_30cm),0.623109666269387
fold_municipality_grouped,clean,B7_all_plus_discovery,Ridge10,2,9,disc_expr_09__difference__soilgrids_soc_depth_weighted_0_30cm__soilgrids_nitrogen_depth_weighted_0_30cm,soilgrids__soc__depth_weighted_0_30cm,soilgrids__nitrogen__depth_weighted_0_30cm,difference,(soilgrids__soc__depth_weighted_0_30cm) - (soilgrids__nitrogen__depth_weighted_0_30cm),0.6225635448316215
fold_municipality_grouped,clean,B7_all_plus_discovery,Ridge10,2,10,disc_expr_10__reverse_difference__soilgrids_soc_depth_weighted_0_30cm__soilgrids_nitrogen_depth_weighted_0_30cm,soilgrids__soc__depth_weighted_0_30cm,soilgrids__nitrogen__depth_weighted_0_30cm,reverse_difference,(soilgrids__nitrogen__depth_weighted_0_30cm) - (soilgrids__soc__depth_weighted_0_30cm),0.6225635448316215
fold_municipality_grouped,clean,B7_all_plus_discovery,Ridge10,2,11,disc_expr_11__reverse_safe_ratio__agro_soil_soc_x_cec__soilgrids_cec_depth_weighted_0_30cm,agro_soil__soc_x_cec,soilgrids__cec__depth_weighted_0_30cm,reverse_safe_ratio,(soilgrids__cec__depth_weighted_0_30cm) / (abs(agro_soil__soc_x_cec) + eps),0.6222788997186043
fold_municipality_grouped,clean,B7_all_plus_discovery,Ridge10,2,12,disc_expr_12__safe_ratio__agro_soil_soc_x_cec__soilgrids_cec_depth_weighted_0_30cm,agro_soil__soc_x_cec,soilgrids__cec__depth_weighted_0_30cm,safe_ratio,(agro_soil__soc_x_cec) / (abs(soilgrids__cec__depth_weighted_0_30cm) + eps),0.622053831489707
fold_municipality_grouped,clean,B7_all_plus_discovery,Ridge10,2,13,disc_expr_13__symmetric_change__agro_soil_soc_x_cec__soilgrids_cec_depth_weighted_0_30cm,agro_soil__soc_x_cec,soilgrids__cec__depth_weighted_0_30cm,symmetric_change,2*((agro_soil__soc_x_cec)-(soilgrids__cec__depth_weighted_0_30cm)) / (abs(agro_soil__soc_x_cec)+abs(soilgrids__cec__depth_weighted_0_30cm)+eps),0.622053831489707
fold_municipality_grouped,clean,B7_all_plus_discovery,Ridge10,2,14,disc_expr_14__sum__soilgrids_soc_depth_weighted_0_30cm__siap_hist_yield_mean_recent,soilgrids__soc__depth_weighted_0_30cm,siap_hist__yield_mean_recent,sum,(soilgrids__soc__depth_weighted_0_30cm) + (siap_hist__yield_mean_recent),0.6194841430646523
fold_municipality_grouped,clean,B7_all_plus_discovery,Ridge10,2,15,disc_expr_15__difference__soilgrids_soc_depth_weighted_0_30cm__siap_hist_yield_mean_recent,soilgrids__soc__depth_weighted_0_30cm,siap_hist__yield_mean_recent,difference,(soilgrids__soc__depth_weighted_0_30cm) - (siap_hist__yield_mean_recent),0.6194742135511537
fold_municipality_grouped,clean,B7_all_plus_discovery,Ridge10,2,16,disc_expr_16__reverse_difference__soilgrids_soc_depth_weighted_0_30cm__siap_hist_yield_mean_recent,soilgrids__soc__depth_weighted_0_30cm,siap_hist__yield_mean_recent,reverse_difference,(siap_hist__yield_mean_recent) - (soilgrids__soc__depth_weighted_0_30cm),0.6194742135511537
fold_municipality_grouped,clean,B7_all_plus_discovery,Ridge10,2,17,disc_expr_17__product__soilgrids_soc_depth_weighted_0_30cm__soilgrids_nitrogen_depth_weighted_0_30cm,soilgrids__soc__depth_weighted_0_30cm,soilgrids__nitrogen__depth_weighted_0_30cm,product,(soilgrids__soc__depth_weighted_0_30cm) * (soilgrids__nitrogen__depth_weighted_0_30cm),0.6188201306127563
fold_municipality_grouped,clean,B7_all_plus_discovery,Ridge10,2,18,disc_expr_18__reverse_safe_ratio__siap_hist_yield_trend_recent__siap_hist_yield_mean_recent,siap_hist__yield_trend_recent,siap_hist__yield_mean_recent,reverse_safe_ratio,(siap_hist__yield_mean_recent) / (abs(siap_hist__yield_trend_recent) + eps),0.6187030943006363
fold_municipality_grouped,clean,B7_all_plus_discovery,Ridge10,2,19,disc_expr_19__difference__soilgrids_soc_depth_weighted_0_30cm__siap_hist_yield_trend_recent,soilgrids__soc__depth_weighted_0_30cm,siap_hist__yield_trend_recent,difference,(soilgrids__soc__depth_weighted_0_30cm) - (siap_hist__yield_trend_recent),0.6186037262011167
fold_municipality_grouped,clean,B7_all_plus_discovery,Ridge10,2,20,disc_expr_20__reverse_difference__soilgrids_soc_depth_weighted_0_30cm__siap_hist_yield_trend_recent,soilgrids__soc__depth_weighted_0_30cm,siap_hist__yield_trend_recent,reverse_difference,(siap_hist__yield_trend_recent) - (soilgrids__soc__depth_weighted_0_30cm),0.6186037262011167
fold_municipality_grouped,clean,B7_all_plus_discovery,Ridge10,3,1,disc_expr_01__symmetric_change__siap_hist_yield_trend_recent__siap_hist_yield_mean_recent,siap_hist__yield_trend_recent,siap_hist__yield_mean_recent,symmetric_change,2*((siap_hist__yield_trend_recent)-(siap_hist__yield_mean_recent)) / (abs(siap_hist__yield_trend_recent)+abs(siap_hist__yield_mean_recent)+eps),0.7617989370767759
fold_municipality_grouped,clean,B7_all_plus_discovery,Ridge10,3,2,disc_expr_02__product__siap_hist_yield_trend_recent__siap_hist_yield_mean_recent,siap_hist__yield_trend_recent,siap_hist__yield_mean_recent,product,(siap_hist__yield_trend_recent) * (siap_hist__yield_mean_recent),0.7348898158937808
fold_municipality_grouped,clean,B7_all_plus_discovery,Ridge10,3,3,disc_expr_03__reverse_safe_ratio__siap_hist_yield_trend_recent__siap_hist_yield_mean_recent,siap_hist__yield_trend_recent,siap_hist__yield_mean_recent,reverse_safe_ratio,(siap_hist__yield_mean_recent) / (abs(siap_hist__yield_trend_recent) + eps),0.7245597138568409
fold_municipality_grouped,clean,B7_all_plus_discovery,Ridge10,3,4,disc_expr_04__safe_ratio__siap_hist_yield_trend_recent__siap_hist_yield_mean_recent,siap_hist__yield_trend_recent,siap_hist__yield_mean_recent,safe_ratio,(siap_hist__yield_trend_recent) / (abs(siap_hist__yield_mean_recent) + eps),0.7227988287711594
fold_municipality_grouped,clean,B7_all_plus_discovery,Ridge10,3,5,disc_expr_05__sum__siap_hist_yield_trend_recent__siap_hist_yield_mean_recent,siap_hist__yield_trend_recent,siap_hist__yield_mean_recent,sum,(siap_hist__yield_trend_recent) + (siap_hist__yield_mean_recent),0.7162702042838133
fold_municipality_grouped,clean,B7_all_plus_discovery,Ridge10,3,6,disc_expr_06__product__siap_hist_yield_trend_recent__soilgrids_nitrogen_depth_weighted_0_30cm,siap_hist__yield_trend_recent,soilgrids__nitrogen__depth_weighted_0_30cm,product,(siap_hist__yield_trend_recent) * (soilgrids__nitrogen__depth_weighted_0_30cm),0.7096016488909119
fold_municipality_grouped,clean,B7_all_plus_discovery,Ridge10,3,7,disc_expr_07__product__siap_hist_yield_trend_recent__soilgrids_soc_depth_weighted_0_30cm,siap_hist__yield_trend_recent,soilgrids__soc__depth_weighted_0_30cm,product,(siap_hist__yield_trend_recent) * (soilgrids__soc__depth_weighted_0_30cm),0.7076209075840576
fold_municipality_grouped,clean,B7_all_plus_discovery,Ridge10,3,8,disc_expr_08__symmetric_change__siap_hist_yield_trend_recent__soilgrids_cec_depth_weighted_0_30cm,siap_hist__yield_trend_recent,soilgrids__cec__depth_weighted_0_30cm,symmetric_change,2*((siap_hist__yield_trend_recent)-(soilgrids__cec__depth_weighted_0_30cm)) / (abs(siap_hist__yield_trend_recent)+abs(soilgrids__cec__depth_weighted_0_30cm)+eps),0.7053680781647536
fold_municipality_grouped,clean,B7_all_plus_discovery,Ridge10,3,9,disc_expr_09__reverse_safe_ratio__siap_hist_yield_trend_recent__soilgrids_cec_depth_weighted_0_30cm,siap_hist__yield_trend_recent,soilgrids__cec__depth_weighted_0_30cm,reverse_safe_ratio,(soilgrids__cec__depth_weighted_0_30cm) / (abs(siap_hist__yield_trend_recent) + eps),0.7008615754256059
fold_municipality_grouped,clean,B7_all_plus_discovery,Ridge10,3,10,disc_expr_10__reverse_safe_ratio__siap_hist_yield_trend_recent__soilgrids_clay_depth_weighted_0_30cm,siap_hist__yield_trend_recent,soilgrids__clay__depth_weighted_0_30cm,reverse_safe_ratio,(soilgrids__clay__depth_weighted_0_30cm) / (abs(siap_hist__yield_trend_recent) + eps),0.6988611915382076
fold_municipality_grouped,clean,B7_all_plus_discovery,Ridge10,3,11,disc_expr_11__product__siap_hist_yield_trend_recent__agro_soil_soc_x_cec,siap_hist__yield_trend_recent,agro_soil__soc_x_cec,product,(siap_hist__yield_trend_recent) * (agro_soil__soc_x_cec),0.6982243728387473
fold_municipality_grouped,clean,B7_all_plus_discovery,Ridge10,3,12,disc_expr_12__sum__siap_hist_yield_trend_recent__soilgrids_nitrogen_depth_weighted_0_30cm,siap_hist__yield_trend_recent,soilgrids__nitrogen__depth_weighted_0_30cm,sum,(siap_hist__yield_trend_recent) + (soilgrids__nitrogen__depth_weighted_0_30cm),0.6912772818117149
fold_municipality_grouped,clean,B7_all_plus_discovery,Ridge10,3,13,disc_expr_13__safe_ratio__siap_hist_yield_trend_recent__soilgrids_cec_depth_weighted_0_30cm,siap_hist__yield_trend_recent,soilgrids__cec__depth_weighted_0_30cm,safe_ratio,(siap_hist__yield_trend_recent) / (abs(soilgrids__cec__depth_weighted_0_30cm) + eps),0.6904429771133307
fold_municipality_grouped,clean,B7_all_plus_discovery,Ridge10,3,14,disc_expr_14__symmetric_change__siap_hist_yield_trend_recent__soilgrids_clay_depth_weighted_0_30cm,siap_hist__yield_trend_recent,soilgrids__clay__depth_weighted_0_30cm,symmetric_change,2*((siap_hist__yield_trend_recent)-(soilgrids__clay__depth_weighted_0_30cm)) / (abs(siap_hist__yield_trend_recent)+abs(soilgrids__clay__depth_weighted_0_30cm)+eps),0.6862223483408093
fold_municipality_grouped,clean,B7_all_plus_discovery,Ridge10,3,15,disc_expr_15__safe_ratio__siap_hist_yield_trend_recent__soilgrids_clay_depth_weighted_0_30cm,siap_hist__yield_trend_recent,soilgrids__clay__depth_weighted_0_30cm,safe_ratio,(siap_hist__yield_trend_recent) / (abs(soilgrids__clay__depth_weighted_0_30cm) + eps),0.6827341882572785
fold_municipality_grouped,clean,B7_all_plus_discovery,Ridge10,3,16,disc_expr_16__product__siap_hist_yield_mean_recent__soilgrids_nitrogen_depth_weighted_0_30cm,siap_hist__yield_mean_recent,soilgrids__nitrogen__depth_weighted_0_30cm,product,(siap_hist__yield_mean_recent) * (soilgrids__nitrogen__depth_weighted_0_30cm),0.6564500838297906
fold_municipality_grouped,clean,B7_all_plus_discovery,Ridge10,3,17,disc_expr_17__product__siap_hist_yield_mean_recent__soilgrids_soc_depth_weighted_0_30cm,siap_hist__yield_mean_recent,soilgrids__soc__depth_weighted_0_30cm,product,(siap_hist__yield_mean_recent) * (soilgrids__soc__depth_weighted_0_30cm),0.6494866522260413
fold_municipality_grouped,clean,B7_all_plus_discovery,Ridge10,3,18,disc_expr_18__sum__siap_hist_yield_mean_recent__soilgrids_nitrogen_depth_weighted_0_30cm,siap_hist__yield_mean_recent,soilgrids__nitrogen__depth_weighted_0_30cm,sum,(siap_hist__yield_mean_recent) + (soilgrids__nitrogen__depth_weighted_0_30cm),0.6477583442790756
fold_municipality_grouped,clean,B7_all_plus_discovery,Ridge10,3,19,disc_expr_19__reverse_safe_ratio__siap_hist_yield_mean_recent__soilgrids_cec_depth_weighted_0_30cm,siap_hist__yield_mean_recent,soilgrids__cec__depth_weighted_0_30cm,reverse_safe_ratio,(soilgrids__cec__depth_weighted_0_30cm) / (abs(siap_hist__yield_mean_recent) + eps),0.644262081125082
fold_municipality_grouped,clean,B7_all_plus_discovery,Ridge10,3,20,disc_expr_20__safe_ratio__siap_hist_yield_mean_recent__soilgrids_cec_depth_weighted_0_30cm,siap_hist__yield_mean_recent,soilgrids__cec__depth_weighted_0_30cm,safe_ratio,(siap_hist__yield_mean_recent) / (abs(soilgrids__cec__depth_weighted_0_30cm) + eps),0.644262081125082
fold_municipality_grouped,clean,B7_all_plus_discovery,Ridge10,4,1,disc_expr_01__safe_ratio__siap_hist_yield_mean_recent__siap_hist_yield_trend_recent,siap_hist__yield_mean_recent,siap_hist__yield_trend_recent,safe_ratio,(siap_hist__yield_mean_recent) / (abs(siap_hist__yield_trend_recent) + eps),0.6418032404614425
fold_municipality_grouped,clean,B7_all_plus_discovery,Ridge10,4,2,disc_expr_02__safe_ratio__soilgrids_clay_depth_weighted_0_30cm__siap_hist_yield_trend_recent,soilgrids__clay__depth_weighted_0_30cm,siap_hist__yield_trend_recent,safe_ratio,(soilgrids__clay__depth_weighted_0_30cm) / (abs(siap_hist__yield_trend_recent) + eps),0.564790055191725
fold_municipality_grouped,clean,B7_all_plus_discovery,Ridge10,4,3,disc_expr_03__safe_ratio__soilgrids_nitrogen_depth_weighted_0_30cm__siap_hist_yield_trend_recent,soilgrids__nitrogen__depth_weighted_0_30cm,siap_hist__yield_trend_recent,safe_ratio,(soilgrids__nitrogen__depth_weighted_0_30cm) / (abs(siap_hist__yield_trend_recent) + eps),0.5588973285243046
fold_municipality_grouped,clean,B7_all_plus_discovery,Ridge10,4,4,disc_expr_04__safe_ratio__soilgrids_cec_depth_weighted_0_30cm__siap_hist_yield_trend_recent,soilgrids__cec__depth_weighted_0_30cm,siap_hist__yield_trend_recent,safe_ratio,(soilgrids__cec__depth_weighted_0_30cm) / (abs(siap_hist__yield_trend_recent) + eps),0.5397737627356956
fold_municipality_grouped,clean,B7_all_plus_discovery,Ridge10,4,5,disc_expr_05__product__siap_hist_yield_mean_recent__soilgrids_cec_depth_weighted_0_30cm,siap_hist__yield_mean_recent,soilgrids__cec__depth_weighted_0_30cm,product,(siap_hist__yield_mean_recent) * (soilgrids__cec__depth_weighted_0_30cm),0.512400379612698
fold_municipality_grouped,clean,B7_all_plus_discovery,Ridge10,4,6,disc_expr_06__reverse_safe_ratio__siap_hist_yield_trend_recent__agro_soil_soc_x_cec,siap_hist__yield_trend_recent,agro_soil__soc_x_cec,reverse_safe_ratio,(agro_soil__soc_x_cec) / (abs(siap_hist__yield_trend_recent) + eps),0.5007483465042897
fold_municipality_grouped,clean,B7_all_plus_discovery,Ridge10,4,7,disc_expr_07__safe_ratio__soilgrids_soc_depth_weighted_0_30cm__siap_hist_yield_trend_recent,soilgrids__soc__depth_weighted_0_30cm,siap_hist__yield_trend_recent,safe_ratio,(soilgrids__soc__depth_weighted_0_30cm) / (abs(siap_hist__yield_trend_recent) + eps),0.4878452701032654
fold_municipality_grouped,clean,B7_all_plus_discovery,Ridge10,4,8,disc_expr_08__symmetric_change__soilgrids_clay_depth_weighted_0_30cm__siap_hist_yield_trend_recent,soilgrids__clay__depth_weighted_0_30cm,siap_hist__yield_trend_recent,symmetric_change,2*((soilgrids__clay__depth_weighted_0_30cm)-(siap_hist__yield_trend_recent)) / (abs(soilgrids__clay__depth_weighted_0_30cm)+abs(siap_hist__yield_trend_recent)+eps),0.4166936038520309
fold_municipality_grouped,clean,B7_all_plus_discovery,Ridge10,4,9,disc_expr_09__symmetric_change__siap_hist_yield_mean_recent__siap_hist_yield_trend_recent,siap_hist__yield_mean_recent,siap_hist__yield_trend_recent,symmetric_change,2*((siap_hist__yield_mean_recent)-(siap_hist__yield_trend_recent)) / (abs(siap_hist__yield_mean_recent)+abs(siap_hist__yield_trend_recent)+eps),0.4097714177059303
fold_municipality_grouped,clean,B7_all_plus_discovery,Ridge10,4,10,disc_expr_10__difference__soilgrids_cec_depth_weighted_0_30cm__soilgrids_soc_depth_weighted_0_30cm,soilgrids__cec__depth_weighted_0_30cm,soilgrids__soc__depth_weighted_0_30cm,difference,(soilgrids__cec__depth_weighted_0_30cm) - (soilgrids__soc__depth_weighted_0_30cm),0.40501933403921725
fold_municipality_grouped,clean,B7_all_plus_discovery,Ridge10,4,11,disc_expr_11__reverse_difference__soilgrids_cec_depth_weighted_0_30cm__soilgrids_soc_depth_weighted_0_30cm,soilgrids__cec__depth_weighted_0_30cm,soilgrids__soc__depth_weighted_0_30cm,reverse_difference,(soilgrids__soc__depth_weighted_0_30cm) - (soilgrids__cec__depth_weighted_0_30cm),0.40501933403921725
fold_municipality_grouped,clean,B7_all_plus_discovery,Ridge10,4,12,disc_expr_12__difference__siap_hist_yield_mean_recent__siap_hist_yield_trend_recent,siap_hist__yield_mean_recent,siap_hist__yield_trend_recent,difference,(siap_hist__yield_mean_recent) - (siap_hist__yield_trend_recent),0.39841123054531763
fold_municipality_grouped,clean,B7_all_plus_discovery,Ridge10,4,13,disc_expr_13__reverse_difference__siap_hist_yield_mean_recent__siap_hist_yield_trend_recent,siap_hist__yield_mean_recent,siap_hist__yield_trend_recent,reverse_difference,(siap_hist__yield_trend_recent) - (siap_hist__yield_mean_recent),0.39841123054531763
fold_municipality_grouped,clean,B7_all_plus_discovery,Ridge10,4,14,disc_expr_14__reverse_safe_ratio__soilgrids_cec_depth_weighted_0_30cm__soilgrids_nitrogen_depth_weighted_0_30cm,soilgrids__cec__depth_weighted_0_30cm,soilgrids__nitrogen__depth_weighted_0_30cm,reverse_safe_ratio,(soilgrids__nitrogen__depth_weighted_0_30cm) / (abs(soilgrids__cec__depth_weighted_0_30cm) + eps),0.39336730093080885
fold_municipality_grouped,clean,B7_all_plus_discovery,Ridge10,4,15,disc_expr_15__safe_ratio__soilgrids_cec_depth_weighted_0_30cm__soilgrids_nitrogen_depth_weighted_0_30cm,soilgrids__cec__depth_weighted_0_30cm,soilgrids__nitrogen__depth_weighted_0_30cm,safe_ratio,(soilgrids__cec__depth_weighted_0_30cm) / (abs(soilgrids__nitrogen__depth_weighted_0_30cm) + eps),0.39336730093080885
fold_municipality_grouped,clean,B7_all_plus_discovery,Ridge10,4,16,disc_expr_16__symmetric_change__soilgrids_cec_depth_weighted_0_30cm__soilgrids_nitrogen_depth_weighted_0_30cm,soilgrids__cec__depth_weighted_0_30cm,soilgrids__nitrogen__depth_weighted_0_30cm,symmetric_change,2*((soilgrids__cec__depth_weighted_0_30cm)-(soilgrids__nitrogen__depth_weighted_0_30cm)) / (abs(soilgrids__cec__depth_weighted_0_30cm)+abs(soilgrids__nitrogen__depth_weighted_0_30cm)+eps),0.39336730093080885
fold_municipality_grouped,clean,B7_all_plus_discovery,Ridge10,4,17,disc_expr_17__product__siap_hist_yield_mean_recent__soilgrids_clay_depth_weighted_0_30cm,siap_hist__yield_mean_recent,soilgrids__clay__depth_weighted_0_30cm,product,(siap_hist__yield_mean_recent) * (soilgrids__clay__depth_weighted_0_30cm),0.39029863572286927
fold_municipality_grouped,clean,B7_all_plus_discovery,Ridge10,4,18,disc_expr_18__symmetric_change__soilgrids_cec_depth_weighted_0_30cm__siap_hist_yield_trend_recent,soilgrids__cec__depth_weighted_0_30cm,siap_hist__yield_trend_recent,symmetric_change,2*((soilgrids__cec__depth_weighted_0_30cm)-(siap_hist__yield_trend_recent)) / (abs(soilgrids__cec__depth_weighted_0_30cm)+abs(siap_hist__yield_trend_recent)+eps),0.3816707944135898
fold_municipality_grouped,clean,B7_all_plus_discovery,Ridge10,4,19,disc_expr_19__reverse_safe_ratio__soilgrids_cec_depth_weighted_0_30cm__soilgrids_soc_depth_weighted_0_30cm,soilgrids__cec__depth_weighted_0_30cm,soilgrids__soc__depth_weighted_0_30cm,reverse_safe_ratio,(soilgrids__soc__depth_weighted_0_30cm) / (abs(soilgrids__cec__depth_weighted_0_30cm) + eps),0.37290953287787815
fold_municipality_grouped,clean,B7_all_plus_discovery,Ridge10,4,20,disc_expr_20__safe_ratio__soilgrids_cec_depth_weighted_0_30cm__soilgrids_soc_depth_weighted_0_30cm,soilgrids__cec__depth_weighted_0_30cm,soilgrids__soc__depth_weighted_0_30cm,safe_ratio,(soilgrids__cec__depth_weighted_0_30cm) / (abs(soilgrids__soc__depth_weighted_0_30cm) + eps),0.37290953287787815
fold_municipality_grouped,clean,B7_all_plus_discovery,Ridge10,5,1,disc_expr_01__reverse_safe_ratio__siap_hist_yield_trend_recent__siap_hist_yield_mean_recent,siap_hist__yield_trend_recent,siap_hist__yield_mean_recent,reverse_safe_ratio,(siap_hist__yield_mean_recent) / (abs(siap_hist__yield_trend_recent) + eps),0.7130423497060898
fold_municipality_grouped,clean,B7_all_plus_discovery,Ridge10,5,2,disc_expr_02__reverse_safe_ratio__siap_hist_yield_trend_recent__soilgrids_cec_depth_weighted_0_30cm,siap_hist__yield_trend_recent,soilgrids__cec__depth_weighted_0_30cm,reverse_safe_ratio,(soilgrids__cec__depth_weighted_0_30cm) / (abs(siap_hist__yield_trend_recent) + eps),0.6944475737563943
fold_municipality_grouped,clean,B7_all_plus_discovery,Ridge10,5,3,disc_expr_03__reverse_safe_ratio__siap_hist_yield_trend_recent__soilgrids_clay_depth_weighted_0_30cm,siap_hist__yield_trend_recent,soilgrids__clay__depth_weighted_0_30cm,reverse_safe_ratio,(soilgrids__clay__depth_weighted_0_30cm) / (abs(siap_hist__yield_trend_recent) + eps),0.6930267909010341
fold_municipality_grouped,clean,B7_all_plus_discovery,Ridge10,5,4,disc_expr_04__symmetric_change__siap_hist_yield_trend_recent__siap_hist_yield_mean_recent,siap_hist__yield_trend_recent,siap_hist__yield_mean_recent,symmetric_change,2*((siap_hist__yield_trend_recent)-(siap_hist__yield_mean_recent)) / (abs(siap_hist__yield_trend_recent)+abs(siap_hist__yield_mean_recent)+eps),0.680044347611035
fold_municipality_grouped,clean,B7_all_plus_discovery,Ridge10,5,5,disc_expr_05__symmetric_change__siap_hist_yield_trend_recent__soilgrids_clay_depth_weighted_0_30cm,siap_hist__yield_trend_recent,soilgrids__clay__depth_weighted_0_30cm,symmetric_change,2*((siap_hist__yield_trend_recent)-(soilgrids__clay__depth_weighted_0_30cm)) / (abs(siap_hist__yield_trend_recent)+abs(soilgrids__clay__depth_weighted_0_30cm)+eps),0.6527707941990393
fold_municipality_grouped,clean,B7_all_plus_discovery,Ridge10,5,6,disc_expr_06__symmetric_change__siap_hist_yield_trend_recent__soilgrids_cec_depth_weighted_0_30cm,siap_hist__yield_trend_recent,soilgrids__cec__depth_weighted_0_30cm,symmetric_change,2*((siap_hist__yield_trend_recent)-(soilgrids__cec__depth_weighted_0_30cm)) / (abs(siap_hist__yield_trend_recent)+abs(soilgrids__cec__depth_weighted_0_30cm)+eps),0.6526879696028123
fold_municipality_grouped,clean,B7_all_plus_discovery,Ridge10,5,7,disc_expr_07__product__siap_hist_yield_mean_recent__soilgrids_soc_depth_weighted_0_30cm,siap_hist__yield_mean_recent,soilgrids__soc__depth_weighted_0_30cm,product,(siap_hist__yield_mean_recent) * (soilgrids__soc__depth_weighted_0_30cm),0.6402106061634664
fold_municipality_grouped,clean,B7_all_plus_discovery,Ridge10,5,8,disc_expr_08__reverse_safe_ratio__siap_hist_yield_mean_recent__soilgrids_clay_depth_weighted_0_30cm,siap_hist__yield_mean_recent,soilgrids__clay__depth_weighted_0_30cm,reverse_safe_ratio,(soilgrids__clay__depth_weighted_0_30cm) / (abs(siap_hist__yield_mean_recent) + eps),0.6388465861809736
fold_municipality_grouped,clean,B7_all_plus_discovery,Ridge10,5,9,disc_expr_09__safe_ratio__siap_hist_yield_mean_recent__soilgrids_clay_depth_weighted_0_30cm,siap_hist__yield_mean_recent,soilgrids__clay__depth_weighted_0_30cm,safe_ratio,(siap_hist__yield_mean_recent) / (abs(soilgrids__clay__depth_weighted_0_30cm) + eps),0.6388465861809736
fold_municipality_grouped,clean,B7_all_plus_discovery,Ridge10,5,10,disc_expr_10__symmetric_change__siap_hist_yield_mean_recent__soilgrids_clay_depth_weighted_0_30cm,siap_hist__yield_mean_recent,soilgrids__clay__depth_weighted_0_30cm,symmetric_change,2*((siap_hist__yield_mean_recent)-(soilgrids__clay__depth_weighted_0_30cm)) / (abs(siap_hist__yield_mean_recent)+abs(soilgrids__clay__depth_weighted_0_30cm)+eps),0.6388465861809736
fold_municipality_grouped,clean,B7_all_plus_discovery,Ridge10,5,11,disc_expr_11__product__siap_hist_yield_mean_recent__soilgrids_nitrogen_depth_weighted_0_30cm,siap_hist__yield_mean_recent,soilgrids__nitrogen__depth_weighted_0_30cm,product,(siap_hist__yield_mean_recent) * (soilgrids__nitrogen__depth_weighted_0_30cm),0.6375551939320561
fold_municipality_grouped,clean,B7_all_plus_discovery,Ridge10,5,12,disc_expr_12__sum__siap_hist_yield_trend_recent__soilgrids_nitrogen_depth_weighted_0_30cm,siap_hist__yield_trend_recent,soilgrids__nitrogen__depth_weighted_0_30cm,sum,(siap_hist__yield_trend_recent) + (soilgrids__nitrogen__depth_weighted_0_30cm),0.635787533992683
fold_municipality_grouped,clean,B7_all_plus_discovery,Ridge10,5,13,disc_expr_13__sum__siap_hist_yield_mean_recent__soilgrids_nitrogen_depth_weighted_0_30cm,siap_hist__yield_mean_recent,soilgrids__nitrogen__depth_weighted_0_30cm,sum,(siap_hist__yield_mean_recent) + (soilgrids__nitrogen__depth_weighted_0_30cm),0.6129753072011285
fold_municipality_grouped,clean,B7_all_plus_discovery,Ridge10,5,14,disc_expr_14__reverse_safe_ratio__siap_hist_yield_trend_recent__soilgrids_nitrogen_depth_weighted_0_30cm,siap_hist__yield_trend_recent,soilgrids__nitrogen__depth_weighted_0_30cm,reverse_safe_ratio,(soilgrids__nitrogen__depth_weighted_0_30cm) / (abs(siap_hist__yield_trend_recent) + eps),0.6036794032300169
fold_municipality_grouped,clean,B7_all_plus_discovery,Ridge10,5,15,disc_expr_15__reverse_safe_ratio__siap_hist_yield_mean_recent__soilgrids_cec_depth_weighted_0_30cm,siap_hist__yield_mean_recent,soilgrids__cec__depth_weighted_0_30cm,reverse_safe_ratio,(soilgrids__cec__depth_weighted_0_30cm) / (abs(siap_hist__yield_mean_recent) + eps),0.6015566421376187
fold_municipality_grouped,clean,B7_all_plus_discovery,Ridge10,5,16,disc_expr_16__safe_ratio__siap_hist_yield_mean_recent__soilgrids_cec_depth_weighted_0_30cm,siap_hist__yield_mean_recent,soilgrids__cec__depth_weighted_0_30cm,safe_ratio,(siap_hist__yield_mean_recent) / (abs(soilgrids__cec__depth_weighted_0_30cm) + eps),0.6015566421376187
fold_municipality_grouped,clean,B7_all_plus_discovery,Ridge10,5,17,disc_expr_17__symmetric_change__siap_hist_yield_mean_recent__soilgrids_cec_depth_weighted_0_30cm,siap_hist__yield_mean_recent,soilgrids__cec__depth_weighted_0_30cm,symmetric_change,2*((siap_hist__yield_mean_recent)-(soilgrids__cec__depth_weighted_0_30cm)) / (abs(siap_hist__yield_mean_recent)+abs(soilgrids__cec__depth_weighted_0_30cm)+eps),0.6015566421376187
fold_municipality_grouped,clean,B7_all_plus_discovery,Ridge10,5,18,disc_expr_18__reverse_safe_ratio__siap_hist_yield_trend_recent__agro_soil_soc_x_cec,siap_hist__yield_trend_recent,agro_soil__soc_x_cec,reverse_safe_ratio,(agro_soil__soc_x_cec) / (abs(siap_hist__yield_trend_recent) + eps),0.5959260321136438
fold_municipality_grouped,clean,B7_all_plus_discovery,Ridge10,5,19,disc_expr_19__difference__siap_hist_yield_trend_recent__siap_hist_yield_mean_recent,siap_hist__yield_trend_recent,siap_hist__yield_mean_recent,difference,(siap_hist__yield_trend_recent) - (siap_hist__yield_mean_recent),0.5944819628743017
fold_municipality_grouped,clean,B7_all_plus_discovery,Ridge10,5,20,disc_expr_20__reverse_difference__siap_hist_yield_trend_recent__siap_hist_yield_mean_recent,siap_hist__yield_trend_recent,siap_hist__yield_mean_recent,reverse_difference,(siap_hist__yield_mean_recent) - (siap_hist__yield_trend_recent),0.5944819628743017
fold_state_stratified,clean,B7_all_plus_discovery,ExtraTrees,1,1,disc_expr_01__reverse_safe_ratio__siap_hist_yield_trend_recent__siap_hist_yield_mean_recent,siap_hist__yield_trend_recent,siap_hist__yield_mean_recent,reverse_safe_ratio,(siap_hist__yield_mean_recent) / (abs(siap_hist__yield_trend_recent) + eps),0.7310492495113927
fold_state_stratified,clean,B7_all_plus_discovery,ExtraTrees,1,2,disc_expr_02__reverse_safe_ratio__siap_hist_yield_trend_recent__soilgrids_cec_depth_weighted_0_30cm,siap_hist__yield_trend_recent,soilgrids__cec__depth_weighted_0_30cm,reverse_safe_ratio,(soilgrids__cec__depth_weighted_0_30cm) / (abs(siap_hist__yield_trend_recent) + eps),0.7013159865321326
fold_state_stratified,clean,B7_all_plus_discovery,ExtraTrees,1,3,disc_expr_03__reverse_safe_ratio__siap_hist_yield_trend_recent__soilgrids_clay_depth_weighted_0_30cm,siap_hist__yield_trend_recent,soilgrids__clay__depth_weighted_0_30cm,reverse_safe_ratio,(soilgrids__clay__depth_weighted_0_30cm) / (abs(siap_hist__yield_trend_recent) + eps),0.6809196205322612
fold_state_stratified,clean,B7_all_plus_discovery,ExtraTrees,1,4,disc_expr_04__symmetric_change__siap_hist_yield_trend_recent__siap_hist_yield_mean_recent,siap_hist__yield_trend_recent,siap_hist__yield_mean_recent,symmetric_change,2*((siap_hist__yield_trend_recent)-(siap_hist__yield_mean_recent)) / (abs(siap_hist__yield_trend_recent)+abs(siap_hist__yield_mean_recent)+eps),0.6515747962544295
fold_state_stratified,clean,B7_all_plus_discovery,ExtraTrees,1,5,disc_expr_05__symmetric_change__siap_hist_yield_trend_recent__soilgrids_cec_depth_weighted_0_30cm,siap_hist__yield_trend_recent,soilgrids__cec__depth_weighted_0_30cm,symmetric_change,2*((siap_hist__yield_trend_recent)-(soilgrids__cec__depth_weighted_0_30cm)) / (abs(siap_hist__yield_trend_recent)+abs(soilgrids__cec__depth_weighted_0_30cm)+eps),0.6500358895599259
fold_state_stratified,clean,B7_all_plus_discovery,ExtraTrees,1,6,disc_expr_06__symmetric_change__siap_hist_yield_trend_recent__soilgrids_clay_depth_weighted_0_30cm,siap_hist__yield_trend_recent,soilgrids__clay__depth_weighted_0_30cm,symmetric_change,2*((siap_hist__yield_trend_recent)-(soilgrids__clay__depth_weighted_0_30cm)) / (abs(siap_hist__yield_trend_recent)+abs(soilgrids__clay__depth_weighted_0_30cm)+eps),0.6289391609703379
fold_state_stratified,clean,B7_all_plus_discovery,ExtraTrees,1,7,disc_expr_07__reverse_safe_ratio__siap_hist_yield_trend_recent__agro_soil_soc_x_cec,siap_hist__yield_trend_recent,agro_soil__soc_x_cec,reverse_safe_ratio,(agro_soil__soc_x_cec) / (abs(siap_hist__yield_trend_recent) + eps),0.6213933188746833
fold_state_stratified,clean,B7_all_plus_discovery,ExtraTrees,1,8,disc_expr_08__reverse_safe_ratio__siap_hist_yield_trend_recent__soilgrids_nitrogen_depth_weighted_0_30cm,siap_hist__yield_trend_recent,soilgrids__nitrogen__depth_weighted_0_30cm,reverse_safe_ratio,(soilgrids__nitrogen__depth_weighted_0_30cm) / (abs(siap_hist__yield_trend_recent) + eps),0.6146997200565903
fold_state_stratified,clean,B7_all_plus_discovery,ExtraTrees,1,9,disc_expr_09__product__siap_hist_yield_mean_recent__soilgrids_soc_depth_weighted_0_30cm,siap_hist__yield_mean_recent,soilgrids__soc__depth_weighted_0_30cm,product,(siap_hist__yield_mean_recent) * (soilgrids__soc__depth_weighted_0_30cm),0.6129352502226277
fold_state_stratified,clean,B7_all_plus_discovery,ExtraTrees,1,10,disc_expr_10__sum__siap_hist_yield_trend_recent__soilgrids_nitrogen_depth_weighted_0_30cm,siap_hist__yield_trend_recent,soilgrids__nitrogen__depth_weighted_0_30cm,sum,(siap_hist__yield_trend_recent) + (soilgrids__nitrogen__depth_weighted_0_30cm),0.6116858880994763
fold_state_stratified,clean,B7_all_plus_discovery,ExtraTrees,1,11,disc_expr_11__reverse_safe_ratio__siap_hist_yield_trend_recent__soilgrids_soc_depth_weighted_0_30cm,siap_hist__yield_trend_recent,soilgrids__soc__depth_weighted_0_30cm,reverse_safe_ratio,(soilgrids__soc__depth_weighted_0_30cm) / (abs(siap_hist__yield_trend_recent) + eps),0.6091352012332233
fold_state_stratified,clean,B7_all_plus_discovery,ExtraTrees,1,12,disc_expr_12__product__siap_hist_yield_mean_recent__soilgrids_nitrogen_depth_weighted_0_30cm,siap_hist__yield_mean_recent,soilgrids__nitrogen__depth_weighted_0_30cm,product,(siap_hist__yield_mean_recent) * (soilgrids__nitrogen__depth_weighted_0_30cm),0.6007918118646909
fold_state_stratified,clean,B7_all_plus_discovery,ExtraTrees,1,13,disc_expr_13__reverse_safe_ratio__siap_hist_yield_mean_recent__soilgrids_clay_depth_weighted_0_30cm,siap_hist__yield_mean_recent,soilgrids__clay__depth_weighted_0_30cm,reverse_safe_ratio,(soilgrids__clay__depth_weighted_0_30cm) / (abs(siap_hist__yield_mean_recent) + eps),0.5834833696635797
fold_state_stratified,clean,B7_all_plus_discovery,ExtraTrees,1,14,disc_expr_14__safe_ratio__siap_hist_yield_mean_recent__soilgrids_clay_depth_weighted_0_30cm,siap_hist__yield_mean_recent,soilgrids__clay__depth_weighted_0_30cm,safe_ratio,(siap_hist__yield_mean_recent) / (abs(soilgrids__clay__depth_weighted_0_30cm) + eps),0.5834833696635797
fold_state_stratified,clean,B7_all_plus_discovery,ExtraTrees,1,15,disc_expr_15__symmetric_change__siap_hist_yield_mean_recent__soilgrids_clay_depth_weighted_0_30cm,siap_hist__yield_mean_recent,soilgrids__clay__depth_weighted_0_30cm,symmetric_change,2*((siap_hist__yield_mean_recent)-(soilgrids__clay__depth_weighted_0_30cm)) / (abs(siap_hist__yield_mean_recent)+abs(soilgrids__clay__depth_weighted_0_30cm)+eps),0.5834833696635797
fold_state_stratified,clean,B7_all_plus_discovery,ExtraTrees,1,16,disc_expr_16__reverse_safe_ratio__siap_hist_yield_mean_recent__soilgrids_cec_depth_weighted_0_30cm,siap_hist__yield_mean_recent,soilgrids__cec__depth_weighted_0_30cm,reverse_safe_ratio,(soilgrids__cec__depth_weighted_0_30cm) / (abs(siap_hist__yield_mean_recent) + eps),0.5819516089028449
fold_state_stratified,clean,B7_all_plus_discovery,ExtraTrees,1,17,disc_expr_17__safe_ratio__siap_hist_yield_mean_recent__soilgrids_cec_depth_weighted_0_30cm,siap_hist__yield_mean_recent,soilgrids__cec__depth_weighted_0_30cm,safe_ratio,(siap_hist__yield_mean_recent) / (abs(soilgrids__cec__depth_weighted_0_30cm) + eps),0.5819516089028449
fold_state_stratified,clean,B7_all_plus_discovery,ExtraTrees,1,18,disc_expr_18__symmetric_change__siap_hist_yield_mean_recent__soilgrids_cec_depth_weighted_0_30cm,siap_hist__yield_mean_recent,soilgrids__cec__depth_weighted_0_30cm,symmetric_change,2*((siap_hist__yield_mean_recent)-(soilgrids__cec__depth_weighted_0_30cm)) / (abs(siap_hist__yield_mean_recent)+abs(soilgrids__cec__depth_weighted_0_30cm)+eps),0.5819516089028449
fold_state_stratified,clean,B7_all_plus_discovery,ExtraTrees,1,19,disc_expr_19__sum__siap_hist_yield_mean_recent__soilgrids_nitrogen_depth_weighted_0_30cm,siap_hist__yield_mean_recent,soilgrids__nitrogen__depth_weighted_0_30cm,sum,(siap_hist__yield_mean_recent) + (soilgrids__nitrogen__depth_weighted_0_30cm),0.5745393925680907
fold_state_stratified,clean,B7_all_plus_discovery,ExtraTrees,1,20,disc_expr_20__difference__soilgrids_soc_depth_weighted_0_30cm__soilgrids_cec_depth_weighted_0_30cm,soilgrids__soc__depth_weighted_0_30cm,soilgrids__cec__depth_weighted_0_30cm,difference,(soilgrids__soc__depth_weighted_0_30cm) - (soilgrids__cec__depth_weighted_0_30cm),0.5508148437045477
fold_state_stratified,clean,B7_all_plus_discovery,ExtraTrees,2,1,disc_expr_01__reverse_safe_ratio__siap_hist_yield_trend_recent__siap_hist_yield_mean_recent,siap_hist__yield_trend_recent,siap_hist__yield_mean_recent,reverse_safe_ratio,(siap_hist__yield_mean_recent) / (abs(siap_hist__yield_trend_recent) + eps),0.6989467709006133
fold_state_stratified,clean,B7_all_plus_discovery,ExtraTrees,2,2,disc_expr_02__reverse_safe_ratio__siap_hist_yield_trend_recent__soilgrids_clay_depth_weighted_0_30cm,siap_hist__yield_trend_recent,soilgrids__clay__depth_weighted_0_30cm,reverse_safe_ratio,(soilgrids__clay__depth_weighted_0_30cm) / (abs(siap_hist__yield_trend_recent) + eps),0.6867994401099524
fold_state_stratified,clean,B7_all_plus_discovery,ExtraTrees,2,3,disc_expr_03__reverse_safe_ratio__siap_hist_yield_trend_recent__soilgrids_cec_depth_weighted_0_30cm,siap_hist__yield_trend_recent,soilgrids__cec__depth_weighted_0_30cm,reverse_safe_ratio,(soilgrids__cec__depth_weighted_0_30cm) / (abs(siap_hist__yield_trend_recent) + eps),0.6833042084316097
fold_state_stratified,clean,B7_all_plus_discovery,ExtraTrees,2,4,disc_expr_04__symmetric_change__siap_hist_yield_trend_recent__siap_hist_yield_mean_recent,siap_hist__yield_trend_recent,siap_hist__yield_mean_recent,symmetric_change,2*((siap_hist__yield_trend_recent)-(siap_hist__yield_mean_recent)) / (abs(siap_hist__yield_trend_recent)+abs(siap_hist__yield_mean_recent)+eps),0.6762016659125157
fold_state_stratified,clean,B7_all_plus_discovery,ExtraTrees,2,5,disc_expr_05__symmetric_change__siap_hist_yield_trend_recent__soilgrids_clay_depth_weighted_0_30cm,siap_hist__yield_trend_recent,soilgrids__clay__depth_weighted_0_30cm,symmetric_change,2*((siap_hist__yield_trend_recent)-(soilgrids__clay__depth_weighted_0_30cm)) / (abs(siap_hist__yield_trend_recent)+abs(soilgrids__clay__depth_weighted_0_30cm)+eps),0.6575467291377056
fold_state_stratified,clean,B7_all_plus_discovery,ExtraTrees,2,6,disc_expr_06__symmetric_change__siap_hist_yield_trend_recent__soilgrids_cec_depth_weighted_0_30cm,siap_hist__yield_trend_recent,soilgrids__cec__depth_weighted_0_30cm,symmetric_change,2*((siap_hist__yield_trend_recent)-(soilgrids__cec__depth_weighted_0_30cm)) / (abs(siap_hist__yield_trend_recent)+abs(soilgrids__cec__depth_weighted_0_30cm)+eps),0.6406425910757633
fold_state_stratified,clean,B7_all_plus_discovery,ExtraTrees,2,7,disc_expr_07__sum__siap_hist_yield_trend_recent__soilgrids_nitrogen_depth_weighted_0_30cm,siap_hist__yield_trend_recent,soilgrids__nitrogen__depth_weighted_0_30cm,sum,(siap_hist__yield_trend_recent) + (soilgrids__nitrogen__depth_weighted_0_30cm),0.6266712841105029
fold_state_stratified,clean,B7_all_plus_discovery,ExtraTrees,2,8,disc_expr_08__reverse_safe_ratio__siap_hist_yield_trend_recent__soilgrids_nitrogen_depth_weighted_0_30cm,siap_hist__yield_trend_recent,soilgrids__nitrogen__depth_weighted_0_30cm,reverse_safe_ratio,(soilgrids__nitrogen__depth_weighted_0_30cm) / (abs(siap_hist__yield_trend_recent) + eps),0.6069601079457717
fold_state_stratified,clean,B7_all_plus_discovery,ExtraTrees,2,9,disc_expr_09__reverse_safe_ratio__siap_hist_yield_trend_recent__agro_soil_soc_x_cec,siap_hist__yield_trend_recent,agro_soil__soc_x_cec,reverse_safe_ratio,(agro_soil__soc_x_cec) / (abs(siap_hist__yield_trend_recent) + eps),0.6041509313028043
fold_state_stratified,clean,B7_all_plus_discovery,ExtraTrees,2,10,disc_expr_10__product__siap_hist_yield_mean_recent__soilgrids_soc_depth_weighted_0_30cm,siap_hist__yield_mean_recent,soilgrids__soc__depth_weighted_0_30cm,product,(siap_hist__yield_mean_recent) * (soilgrids__soc__depth_weighted_0_30cm),0.6031077811505761
fold_state_stratified,clean,B7_all_plus_discovery,ExtraTrees,2,11,disc_expr_11__product__siap_hist_yield_mean_recent__soilgrids_nitrogen_depth_weighted_0_30cm,siap_hist__yield_mean_recent,soilgrids__nitrogen__depth_weighted_0_30cm,product,(siap_hist__yield_mean_recent) * (soilgrids__nitrogen__depth_weighted_0_30cm),0.6013489961427471
fold_state_stratified,clean,B7_all_plus_discovery,ExtraTrees,2,12,disc_expr_12__reverse_safe_ratio__siap_hist_yield_trend_recent__soilgrids_soc_depth_weighted_0_30cm,siap_hist__yield_trend_recent,soilgrids__soc__depth_weighted_0_30cm,reverse_safe_ratio,(soilgrids__soc__depth_weighted_0_30cm) / (abs(siap_hist__yield_trend_recent) + eps),0.5899067299052383
fold_state_stratified,clean,B7_all_plus_discovery,ExtraTrees,2,13,disc_expr_13__reverse_safe_ratio__siap_hist_yield_mean_recent__soilgrids_clay_depth_weighted_0_30cm,siap_hist__yield_mean_recent,soilgrids__clay__depth_weighted_0_30cm,reverse_safe_ratio,(soilgrids__clay__depth_weighted_0_30cm) / (abs(siap_hist__yield_mean_recent) + eps),0.583707917071234
fold_state_stratified,clean,B7_all_plus_discovery,ExtraTrees,2,14,disc_expr_14__safe_ratio__siap_hist_yield_mean_recent__soilgrids_clay_depth_weighted_0_30cm,siap_hist__yield_mean_recent,soilgrids__clay__depth_weighted_0_30cm,safe_ratio,(siap_hist__yield_mean_recent) / (abs(soilgrids__clay__depth_weighted_0_30cm) + eps),0.583707917071234
fold_state_stratified,clean,B7_all_plus_discovery,ExtraTrees,2,15,disc_expr_15__symmetric_change__siap_hist_yield_mean_recent__soilgrids_clay_depth_weighted_0_30cm,siap_hist__yield_mean_recent,soilgrids__clay__depth_weighted_0_30cm,symmetric_change,2*((siap_hist__yield_mean_recent)-(soilgrids__clay__depth_weighted_0_30cm)) / (abs(siap_hist__yield_mean_recent)+abs(soilgrids__clay__depth_weighted_0_30cm)+eps),0.583707917071234
fold_state_stratified,clean,B7_all_plus_discovery,ExtraTrees,2,16,disc_expr_16__sum__siap_hist_yield_mean_recent__soilgrids_nitrogen_depth_weighted_0_30cm,siap_hist__yield_mean_recent,soilgrids__nitrogen__depth_weighted_0_30cm,sum,(siap_hist__yield_mean_recent) + (soilgrids__nitrogen__depth_weighted_0_30cm),0.5699547804267906
fold_state_stratified,clean,B7_all_plus_discovery,ExtraTrees,2,17,disc_expr_17__reverse_safe_ratio__siap_hist_yield_mean_recent__soilgrids_cec_depth_weighted_0_30cm,siap_hist__yield_mean_recent,soilgrids__cec__depth_weighted_0_30cm,reverse_safe_ratio,(soilgrids__cec__depth_weighted_0_30cm) / (abs(siap_hist__yield_mean_recent) + eps),0.5681860604019242
fold_state_stratified,clean,B7_all_plus_discovery,ExtraTrees,2,18,disc_expr_18__safe_ratio__siap_hist_yield_mean_recent__soilgrids_cec_depth_weighted_0_30cm,siap_hist__yield_mean_recent,soilgrids__cec__depth_weighted_0_30cm,safe_ratio,(siap_hist__yield_mean_recent) / (abs(soilgrids__cec__depth_weighted_0_30cm) + eps),0.5681860604019242
fold_state_stratified,clean,B7_all_plus_discovery,ExtraTrees,2,19,disc_expr_19__symmetric_change__siap_hist_yield_mean_recent__soilgrids_cec_depth_weighted_0_30cm,siap_hist__yield_mean_recent,soilgrids__cec__depth_weighted_0_30cm,symmetric_change,2*((siap_hist__yield_mean_recent)-(soilgrids__cec__depth_weighted_0_30cm)) / (abs(siap_hist__yield_mean_recent)+abs(soilgrids__cec__depth_weighted_0_30cm)+eps),0.5681860604019242
fold_state_stratified,clean,B7_all_plus_discovery,ExtraTrees,2,20,disc_expr_20__product__siap_hist_yield_trend_recent__siap_hist_yield_mean_recent,siap_hist__yield_trend_recent,siap_hist__yield_mean_recent,product,(siap_hist__yield_trend_recent) * (siap_hist__yield_mean_recent),0.5607325286721035
fold_state_stratified,clean,B7_all_plus_discovery,ExtraTrees,3,1,disc_expr_01__reverse_safe_ratio__siap_hist_yield_trend_recent__soilgrids_clay_depth_weighted_0_30cm,siap_hist__yield_trend_recent,soilgrids__clay__depth_weighted_0_30cm,reverse_safe_ratio,(soilgrids__clay__depth_weighted_0_30cm) / (abs(siap_hist__yield_trend_recent) + eps),0.6514430690228281
fold_state_stratified,clean,B7_all_plus_discovery,ExtraTrees,3,2,disc_expr_02__reverse_safe_ratio__siap_hist_yield_trend_recent__soilgrids_cec_depth_weighted_0_30cm,siap_hist__yield_trend_recent,soilgrids__cec__depth_weighted_0_30cm,reverse_safe_ratio,(soilgrids__cec__depth_weighted_0_30cm) / (abs(siap_hist__yield_trend_recent) + eps),0.6494696286032755
fold_state_stratified,clean,B7_all_plus_discovery,ExtraTrees,3,3,disc_expr_03__reverse_safe_ratio__siap_hist_yield_trend_recent__siap_hist_yield_mean_recent,siap_hist__yield_trend_recent,siap_hist__yield_mean_recent,reverse_safe_ratio,(siap_hist__yield_mean_recent) / (abs(siap_hist__yield_trend_recent) + eps),0.6436484973588474
fold_state_stratified,clean,B7_all_plus_discovery,ExtraTrees,3,4,disc_expr_04__symmetric_change__siap_hist_yield_trend_recent__siap_hist_yield_mean_recent,siap_hist__yield_trend_recent,siap_hist__yield_mean_recent,symmetric_change,2*((siap_hist__yield_trend_recent)-(siap_hist__yield_mean_recent)) / (abs(siap_hist__yield_trend_recent)+abs(siap_hist__yield_mean_recent)+eps),0.617169457653625
fold_state_stratified,clean,B7_all_plus_discovery,ExtraTrees,3,5,disc_expr_05__symmetric_change__siap_hist_yield_trend_recent__soilgrids_clay_depth_weighted_0_30cm,siap_hist__yield_trend_recent,soilgrids__clay__depth_weighted_0_30cm,symmetric_change,2*((siap_hist__yield_trend_recent)-(soilgrids__clay__depth_weighted_0_30cm)) / (abs(siap_hist__yield_trend_recent)+abs(soilgrids__clay__depth_weighted_0_30cm)+eps),0.6140380186906681
fold_state_stratified,clean,B7_all_plus_discovery,ExtraTrees,3,6,disc_expr_06__symmetric_change__siap_hist_yield_trend_recent__soilgrids_cec_depth_weighted_0_30cm,siap_hist__yield_trend_recent,soilgrids__cec__depth_weighted_0_30cm,symmetric_change,2*((siap_hist__yield_trend_recent)-(soilgrids__cec__depth_weighted_0_30cm)) / (abs(siap_hist__yield_trend_recent)+abs(soilgrids__cec__depth_weighted_0_30cm)+eps),0.6138664151759242
fold_state_stratified,clean,B7_all_plus_discovery,ExtraTrees,3,7,disc_expr_07__sum__siap_hist_yield_trend_recent__soilgrids_nitrogen_depth_weighted_0_30cm,siap_hist__yield_trend_recent,soilgrids__nitrogen__depth_weighted_0_30cm,sum,(siap_hist__yield_trend_recent) + (soilgrids__nitrogen__depth_weighted_0_30cm),0.5812436838467533
fold_state_stratified,clean,B7_all_plus_discovery,ExtraTrees,3,8,disc_expr_08__reverse_safe_ratio__siap_hist_yield_mean_recent__soilgrids_clay_depth_weighted_0_30cm,siap_hist__yield_mean_recent,soilgrids__clay__depth_weighted_0_30cm,reverse_safe_ratio,(soilgrids__clay__depth_weighted_0_30cm) / (abs(siap_hist__yield_mean_recent) + eps),0.5677141014738024
fold_state_stratified,clean,B7_all_plus_discovery,ExtraTrees,3,9,disc_expr_09__safe_ratio__siap_hist_yield_mean_recent__soilgrids_clay_depth_weighted_0_30cm,siap_hist__yield_mean_recent,soilgrids__clay__depth_weighted_0_30cm,safe_ratio,(siap_hist__yield_mean_recent) / (abs(soilgrids__clay__depth_weighted_0_30cm) + eps),0.5677141014738024
fold_state_stratified,clean,B7_all_plus_discovery,ExtraTrees,3,10,disc_expr_10__symmetric_change__siap_hist_yield_mean_recent__soilgrids_clay_depth_weighted_0_30cm,siap_hist__yield_mean_recent,soilgrids__clay__depth_weighted_0_30cm,symmetric_change,2*((siap_hist__yield_mean_recent)-(soilgrids__clay__depth_weighted_0_30cm)) / (abs(siap_hist__yield_mean_recent)+abs(soilgrids__clay__depth_weighted_0_30cm)+eps),0.5677141014738024
fold_state_stratified,clean,B7_all_plus_discovery,ExtraTrees,3,11,disc_expr_11__product__soilgrids_soc_depth_weighted_0_30cm__siap_hist_yield_mean_recent,soilgrids__soc__depth_weighted_0_30cm,siap_hist__yield_mean_recent,product,(soilgrids__soc__depth_weighted_0_30cm) * (siap_hist__yield_mean_recent),0.5619292566741528
fold_state_stratified,clean,B7_all_plus_discovery,ExtraTrees,3,12,disc_expr_12__reverse_safe_ratio__siap_hist_yield_trend_recent__soilgrids_nitrogen_depth_weighted_0_30cm,siap_hist__yield_trend_recent,soilgrids__nitrogen__depth_weighted_0_30cm,reverse_safe_ratio,(soilgrids__nitrogen__depth_weighted_0_30cm) / (abs(siap_hist__yield_trend_recent) + eps),0.5513485452256136
fold_state_stratified,clean,B7_all_plus_discovery,ExtraTrees,3,13,disc_expr_13__product__siap_hist_yield_mean_recent__soilgrids_nitrogen_depth_weighted_0_30cm,siap_hist__yield_mean_recent,soilgrids__nitrogen__depth_weighted_0_30cm,product,(siap_hist__yield_mean_recent) * (soilgrids__nitrogen__depth_weighted_0_30cm),0.5494970336191684
fold_state_stratified,clean,B7_all_plus_discovery,ExtraTrees,3,14,disc_expr_14__reverse_safe_ratio__siap_hist_yield_trend_recent__agro_soil_soc_x_cec,siap_hist__yield_trend_recent,agro_soil__soc_x_cec,reverse_safe_ratio,(agro_soil__soc_x_cec) / (abs(siap_hist__yield_trend_recent) + eps),0.5485532142880779
fold_state_stratified,clean,B7_all_plus_discovery,ExtraTrees,3,15,disc_expr_15__reverse_safe_ratio__siap_hist_yield_trend_recent__soilgrids_soc_depth_weighted_0_30cm,siap_hist__yield_trend_recent,soilgrids__soc__depth_weighted_0_30cm,reverse_safe_ratio,(soilgrids__soc__depth_weighted_0_30cm) / (abs(siap_hist__yield_trend_recent) + eps),0.5397653079804137
fold_state_stratified,clean,B7_all_plus_discovery,ExtraTrees,3,16,disc_expr_16__difference__soilgrids_soc_depth_weighted_0_30cm__soilgrids_cec_depth_weighted_0_30cm,soilgrids__soc__depth_weighted_0_30cm,soilgrids__cec__depth_weighted_0_30cm,difference,(soilgrids__soc__depth_weighted_0_30cm) - (soilgrids__cec__depth_weighted_0_30cm),0.5352087830757717
fold_state_stratified,clean,B7_all_plus_discovery,ExtraTrees,3,17,disc_expr_17__reverse_difference__soilgrids_soc_depth_weighted_0_30cm__soilgrids_cec_depth_weighted_0_30cm,soilgrids__soc__depth_weighted_0_30cm,soilgrids__cec__depth_weighted_0_30cm,reverse_difference,(soilgrids__cec__depth_weighted_0_30cm) - (soilgrids__soc__depth_weighted_0_30cm),0.5352087830757717
fold_state_stratified,clean,B7_all_plus_discovery,ExtraTrees,3,18,disc_expr_18__reverse_safe_ratio__siap_hist_yield_mean_recent__soilgrids_cec_depth_weighted_0_30cm,siap_hist__yield_mean_recent,soilgrids__cec__depth_weighted_0_30cm,reverse_safe_ratio,(soilgrids__cec__depth_weighted_0_30cm) / (abs(siap_hist__yield_mean_recent) + eps),0.5319438004136744
fold_state_stratified,clean,B7_all_plus_discovery,ExtraTrees,3,19,disc_expr_19__safe_ratio__siap_hist_yield_mean_recent__soilgrids_cec_depth_weighted_0_30cm,siap_hist__yield_mean_recent,soilgrids__cec__depth_weighted_0_30cm,safe_ratio,(siap_hist__yield_mean_recent) / (abs(soilgrids__cec__depth_weighted_0_30cm) + eps),0.5319438004136744
fold_state_stratified,clean,B7_all_plus_discovery,ExtraTrees,3,20,disc_expr_20__symmetric_change__siap_hist_yield_mean_recent__soilgrids_cec_depth_weighted_0_30cm,siap_hist__yield_mean_recent,soilgrids__cec__depth_weighted_0_30cm,symmetric_change,2*((siap_hist__yield_mean_recent)-(soilgrids__cec__depth_weighted_0_30cm)) / (abs(siap_hist__yield_mean_recent)+abs(soilgrids__cec__depth_weighted_0_30cm)+eps),0.5319438004136744
fold_state_stratified,clean,B7_all_plus_discovery,ExtraTrees,4,1,disc_expr_01__reverse_safe_ratio__siap_hist_yield_trend_recent__siap_hist_yield_mean_recent,siap_hist__yield_trend_recent,siap_hist__yield_mean_recent,reverse_safe_ratio,(siap_hist__yield_mean_recent) / (abs(siap_hist__yield_trend_recent) + eps),0.6920675843306748
fold_state_stratified,clean,B7_all_plus_discovery,ExtraTrees,4,2,disc_expr_02__symmetric_change__siap_hist_yield_trend_recent__siap_hist_yield_mean_recent,siap_hist__yield_trend_recent,siap_hist__yield_mean_recent,symmetric_change,2*((siap_hist__yield_trend_recent)-(siap_hist__yield_mean_recent)) / (abs(siap_hist__yield_trend_recent)+abs(siap_hist__yield_mean_recent)+eps),0.6771860495676001
fold_state_stratified,clean,B7_all_plus_discovery,ExtraTrees,4,3,disc_expr_03__reverse_safe_ratio__siap_hist_yield_trend_recent__soilgrids_cec_depth_weighted_0_30cm,siap_hist__yield_trend_recent,soilgrids__cec__depth_weighted_0_30cm,reverse_safe_ratio,(soilgrids__cec__depth_weighted_0_30cm) / (abs(siap_hist__yield_trend_recent) + eps),0.6717374340223186
fold_state_stratified,clean,B7_all_plus_discovery,ExtraTrees,4,4,disc_expr_04__reverse_safe_ratio__siap_hist_yield_trend_recent__soilgrids_clay_depth_weighted_0_30cm,siap_hist__yield_trend_recent,soilgrids__clay__depth_weighted_0_30cm,reverse_safe_ratio,(soilgrids__clay__depth_weighted_0_30cm) / (abs(siap_hist__yield_trend_recent) + eps),0.6657609291671185
fold_state_stratified,clean,B7_all_plus_discovery,ExtraTrees,4,5,disc_expr_05__symmetric_change__siap_hist_yield_trend_recent__soilgrids_cec_depth_weighted_0_30cm,siap_hist__yield_trend_recent,soilgrids__cec__depth_weighted_0_30cm,symmetric_change,2*((siap_hist__yield_trend_recent)-(soilgrids__cec__depth_weighted_0_30cm)) / (abs(siap_hist__yield_trend_recent)+abs(soilgrids__cec__depth_weighted_0_30cm)+eps),0.6336888441566969
fold_state_stratified,clean,B7_all_plus_discovery,ExtraTrees,4,6,disc_expr_06__symmetric_change__siap_hist_yield_trend_recent__soilgrids_clay_depth_weighted_0_30cm,siap_hist__yield_trend_recent,soilgrids__clay__depth_weighted_0_30cm,symmetric_change,2*((siap_hist__yield_trend_recent)-(soilgrids__clay__depth_weighted_0_30cm)) / (abs(siap_hist__yield_trend_recent)+abs(soilgrids__clay__depth_weighted_0_30cm)+eps),0.6297876359695266
fold_state_stratified,clean,B7_all_plus_discovery,ExtraTrees,4,7,disc_expr_07__reverse_safe_ratio__siap_hist_yield_trend_recent__soilgrids_nitrogen_depth_weighted_0_30cm,siap_hist__yield_trend_recent,soilgrids__nitrogen__depth_weighted_0_30cm,reverse_safe_ratio,(soilgrids__nitrogen__depth_weighted_0_30cm) / (abs(siap_hist__yield_trend_recent) + eps),0.6160450966259896
fold_state_stratified,clean,B7_all_plus_discovery,ExtraTrees,4,8,disc_expr_08__reverse_safe_ratio__siap_hist_yield_trend_recent__soilgrids_soc_depth_weighted_0_30cm,siap_hist__yield_trend_recent,soilgrids__soc__depth_weighted_0_30cm,reverse_safe_ratio,(soilgrids__soc__depth_weighted_0_30cm) / (abs(siap_hist__yield_trend_recent) + eps),0.5985807264810121
fold_state_stratified,clean,B7_all_plus_discovery,ExtraTrees,4,9,disc_expr_09__sum__siap_hist_yield_trend_recent__soilgrids_nitrogen_depth_weighted_0_30cm,siap_hist__yield_trend_recent,soilgrids__nitrogen__depth_weighted_0_30cm,sum,(siap_hist__yield_trend_recent) + (soilgrids__nitrogen__depth_weighted_0_30cm),0.5983222094352894
fold_state_stratified,clean,B7_all_plus_discovery,ExtraTrees,4,10,disc_expr_10__reverse_safe_ratio__siap_hist_yield_trend_recent__agro_soil_soc_x_cec,siap_hist__yield_trend_recent,agro_soil__soc_x_cec,reverse_safe_ratio,(agro_soil__soc_x_cec) / (abs(siap_hist__yield_trend_recent) + eps),0.5979559758924591
fold_state_stratified,clean,B7_all_plus_discovery,ExtraTrees,4,11,disc_expr_11__product__siap_hist_yield_mean_recent__soilgrids_soc_depth_weighted_0_30cm,siap_hist__yield_mean_recent,soilgrids__soc__depth_weighted_0_30cm,product,(siap_hist__yield_mean_recent) * (soilgrids__soc__depth_weighted_0_30cm),0.5861381859748497
fold_state_stratified,clean,B7_all_plus_discovery,ExtraTrees,4,12,disc_expr_12__product__siap_hist_yield_mean_recent__soilgrids_nitrogen_depth_weighted_0_30cm,siap_hist__yield_mean_recent,soilgrids__nitrogen__depth_weighted_0_30cm,product,(siap_hist__yield_mean_recent) * (soilgrids__nitrogen__depth_weighted_0_30cm),0.5668378147013262
fold_state_stratified,clean,B7_all_plus_discovery,ExtraTrees,4,13,disc_expr_13__product__siap_hist_yield_trend_recent__siap_hist_yield_mean_recent,siap_hist__yield_trend_recent,siap_hist__yield_mean_recent,product,(siap_hist__yield_trend_recent) * (siap_hist__yield_mean_recent),0.5510645660889933
fold_state_stratified,clean,B7_all_plus_discovery,ExtraTrees,4,14,disc_expr_14__reverse_safe_ratio__siap_hist_yield_mean_recent__soilgrids_clay_depth_weighted_0_30cm,siap_hist__yield_mean_recent,soilgrids__clay__depth_weighted_0_30cm,reverse_safe_ratio,(soilgrids__clay__depth_weighted_0_30cm) / (abs(siap_hist__yield_mean_recent) + eps),0.5462119417146957
fold_state_stratified,clean,B7_all_plus_discovery,ExtraTrees,4,15,disc_expr_15__safe_ratio__siap_hist_yield_mean_recent__soilgrids_clay_depth_weighted_0_30cm,siap_hist__yield_mean_recent,soilgrids__clay__depth_weighted_0_30cm,safe_ratio,(siap_hist__yield_mean_recent) / (abs(soilgrids__clay__depth_weighted_0_30cm) + eps),0.5462119417146957
fold_state_stratified,clean,B7_all_plus_discovery,ExtraTrees,4,16,disc_expr_16__symmetric_change__siap_hist_yield_mean_recent__soilgrids_clay_depth_weighted_0_30cm,siap_hist__yield_mean_recent,soilgrids__clay__depth_weighted_0_30cm,symmetric_change,2*((siap_hist__yield_mean_recent)-(soilgrids__clay__depth_weighted_0_30cm)) / (abs(siap_hist__yield_mean_recent)+abs(soilgrids__clay__depth_weighted_0_30cm)+eps),0.5462119417146957
fold_state_stratified,clean,B7_all_plus_discovery,ExtraTrees,4,17,disc_expr_17__sum__siap_hist_yield_trend_recent__siap_hist_yield_mean_recent,siap_hist__yield_trend_recent,siap_hist__yield_mean_recent,sum,(siap_hist__yield_trend_recent) + (siap_hist__yield_mean_recent),0.542828274922106
fold_state_stratified,clean,B7_all_plus_discovery,ExtraTrees,4,18,disc_expr_18__reverse_safe_ratio__siap_hist_yield_mean_recent__soilgrids_cec_depth_weighted_0_30cm,siap_hist__yield_mean_recent,soilgrids__cec__depth_weighted_0_30cm,reverse_safe_ratio,(soilgrids__cec__depth_weighted_0_30cm) / (abs(siap_hist__yield_mean_recent) + eps),0.5428277211889434
fold_state_stratified,clean,B7_all_plus_discovery,ExtraTrees,4,19,disc_expr_19__safe_ratio__siap_hist_yield_mean_recent__soilgrids_cec_depth_weighted_0_30cm,siap_hist__yield_mean_recent,soilgrids__cec__depth_weighted_0_30cm,safe_ratio,(siap_hist__yield_mean_recent) / (abs(soilgrids__cec__depth_weighted_0_30cm) + eps),0.5428277211889434
fold_state_stratified,clean,B7_all_plus_discovery,ExtraTrees,4,20,disc_expr_20__symmetric_change__siap_hist_yield_mean_recent__soilgrids_cec_depth_weighted_0_30cm,siap_hist__yield_mean_recent,soilgrids__cec__depth_weighted_0_30cm,symmetric_change,2*((siap_hist__yield_mean_recent)-(soilgrids__cec__depth_weighted_0_30cm)) / (abs(siap_hist__yield_mean_recent)+abs(soilgrids__cec__depth_weighted_0_30cm)+eps),0.5428277211889434
fold_state_stratified,clean,B7_all_plus_discovery,ExtraTrees,5,1,disc_expr_01__reverse_safe_ratio__siap_hist_yield_trend_recent__soilgrids_clay_depth_weighted_0_30cm,siap_hist__yield_trend_recent,soilgrids__clay__depth_weighted_0_30cm,reverse_safe_ratio,(soilgrids__clay__depth_weighted_0_30cm) / (abs(siap_hist__yield_trend_recent) + eps),0.7009569086353052
fold_state_stratified,clean,B7_all_plus_discovery,ExtraTrees,5,2,disc_expr_02__reverse_safe_ratio__siap_hist_yield_trend_recent__soilgrids_cec_depth_weighted_0_30cm,siap_hist__yield_trend_recent,soilgrids__cec__depth_weighted_0_30cm,reverse_safe_ratio,(soilgrids__cec__depth_weighted_0_30cm) / (abs(siap_hist__yield_trend_recent) + eps),0.696111236529162
fold_state_stratified,clean,B7_all_plus_discovery,ExtraTrees,5,3,disc_expr_03__reverse_safe_ratio__siap_hist_yield_trend_recent__siap_hist_yield_mean_recent,siap_hist__yield_trend_recent,siap_hist__yield_mean_recent,reverse_safe_ratio,(siap_hist__yield_mean_recent) / (abs(siap_hist__yield_trend_recent) + eps),0.695624852036423
fold_state_stratified,clean,B7_all_plus_discovery,ExtraTrees,5,4,disc_expr_04__symmetric_change__siap_hist_yield_trend_recent__soilgrids_cec_depth_weighted_0_30cm,siap_hist__yield_trend_recent,soilgrids__cec__depth_weighted_0_30cm,symmetric_change,2*((siap_hist__yield_trend_recent)-(soilgrids__cec__depth_weighted_0_30cm)) / (abs(siap_hist__yield_trend_recent)+abs(soilgrids__cec__depth_weighted_0_30cm)+eps),0.6840503931612463
fold_state_stratified,clean,B7_all_plus_discovery,ExtraTrees,5,5,disc_expr_05__symmetric_change__siap_hist_yield_trend_recent__siap_hist_yield_mean_recent,siap_hist__yield_trend_recent,siap_hist__yield_mean_recent,symmetric_change,2*((siap_hist__yield_trend_recent)-(siap_hist__yield_mean_recent)) / (abs(siap_hist__yield_trend_recent)+abs(siap_hist__yield_mean_recent)+eps),0.6827766670001975
fold_state_stratified,clean,B7_all_plus_discovery,ExtraTrees,5,6,disc_expr_06__symmetric_change__siap_hist_yield_trend_recent__soilgrids_clay_depth_weighted_0_30cm,siap_hist__yield_trend_recent,soilgrids__clay__depth_weighted_0_30cm,symmetric_change,2*((siap_hist__yield_trend_recent)-(soilgrids__clay__depth_weighted_0_30cm)) / (abs(siap_hist__yield_trend_recent)+abs(soilgrids__clay__depth_weighted_0_30cm)+eps),0.6789597732001287
fold_state_stratified,clean,B7_all_plus_discovery,ExtraTrees,5,7,disc_expr_07__sum__siap_hist_yield_trend_recent__soilgrids_nitrogen_depth_weighted_0_30cm,siap_hist__yield_trend_recent,soilgrids__nitrogen__depth_weighted_0_30cm,sum,(siap_hist__yield_trend_recent) + (soilgrids__nitrogen__depth_weighted_0_30cm),0.6540646654999276
fold_state_stratified,clean,B7_all_plus_discovery,ExtraTrees,5,8,disc_expr_08__product__siap_hist_yield_mean_recent__soilgrids_nitrogen_depth_weighted_0_30cm,siap_hist__yield_mean_recent,soilgrids__nitrogen__depth_weighted_0_30cm,product,(siap_hist__yield_mean_recent) * (soilgrids__nitrogen__depth_weighted_0_30cm),0.6351904158914206
fold_state_stratified,clean,B7_all_plus_discovery,ExtraTrees,5,9,disc_expr_09__reverse_safe_ratio__siap_hist_yield_mean_recent__soilgrids_clay_depth_weighted_0_30cm,siap_hist__yield_mean_recent,soilgrids__clay__depth_weighted_0_30cm,reverse_safe_ratio,(soilgrids__clay__depth_weighted_0_30cm) / (abs(siap_hist__yield_mean_recent) + eps),0.630096310382817
fold_state_stratified,clean,B7_all_plus_discovery,ExtraTrees,5,10,disc_expr_10__safe_ratio__siap_hist_yield_mean_recent__soilgrids_clay_depth_weighted_0_30cm,siap_hist__yield_mean_recent,soilgrids__clay__depth_weighted_0_30cm,safe_ratio,(siap_hist__yield_mean_recent) / (abs(soilgrids__clay__depth_weighted_0_30cm) + eps),0.630096310382817
fold_state_stratified,clean,B7_all_plus_discovery,ExtraTrees,5,11,disc_expr_11__symmetric_change__siap_hist_yield_mean_recent__soilgrids_clay_depth_weighted_0_30cm,siap_hist__yield_mean_recent,soilgrids__clay__depth_weighted_0_30cm,symmetric_change,2*((siap_hist__yield_mean_recent)-(soilgrids__clay__depth_weighted_0_30cm)) / (abs(siap_hist__yield_mean_recent)+abs(soilgrids__clay__depth_weighted_0_30cm)+eps),0.630096310382817
fold_state_stratified,clean,B7_all_plus_discovery,ExtraTrees,5,12,disc_expr_12__product__siap_hist_yield_mean_recent__soilgrids_soc_depth_weighted_0_30cm,siap_hist__yield_mean_recent,soilgrids__soc__depth_weighted_0_30cm,product,(siap_hist__yield_mean_recent) * (soilgrids__soc__depth_weighted_0_30cm),0.6241992276954446
fold_state_stratified,clean,B7_all_plus_discovery,ExtraTrees,5,13,disc_expr_13__sum__siap_hist_yield_mean_recent__soilgrids_nitrogen_depth_weighted_0_30cm,siap_hist__yield_mean_recent,soilgrids__nitrogen__depth_weighted_0_30cm,sum,(siap_hist__yield_mean_recent) + (soilgrids__nitrogen__depth_weighted_0_30cm),0.6212865466272651
fold_state_stratified,clean,B7_all_plus_discovery,ExtraTrees,5,14,disc_expr_14__reverse_safe_ratio__siap_hist_yield_mean_recent__soilgrids_cec_depth_weighted_0_30cm,siap_hist__yield_mean_recent,soilgrids__cec__depth_weighted_0_30cm,reverse_safe_ratio,(soilgrids__cec__depth_weighted_0_30cm) / (abs(siap_hist__yield_mean_recent) + eps),0.6037591331911761
fold_state_stratified,clean,B7_all_plus_discovery,ExtraTrees,5,15,disc_expr_15__safe_ratio__siap_hist_yield_mean_recent__soilgrids_cec_depth_weighted_0_30cm,siap_hist__yield_mean_recent,soilgrids__cec__depth_weighted_0_30cm,safe_ratio,(siap_hist__yield_mean_recent) / (abs(soilgrids__cec__depth_weighted_0_30cm) + eps),0.6037591331911761
fold_state_stratified,clean,B7_all_plus_discovery,ExtraTrees,5,16,disc_expr_16__symmetric_change__siap_hist_yield_mean_recent__soilgrids_cec_depth_weighted_0_30cm,siap_hist__yield_mean_recent,soilgrids__cec__depth_weighted_0_30cm,symmetric_change,2*((siap_hist__yield_mean_recent)-(soilgrids__cec__depth_weighted_0_30cm)) / (abs(siap_hist__yield_mean_recent)+abs(soilgrids__cec__depth_weighted_0_30cm)+eps),0.6037591331911761
fold_state_stratified,clean,B7_all_plus_discovery,ExtraTrees,5,17,disc_expr_17__reverse_safe_ratio__siap_hist_yield_trend_recent__soilgrids_nitrogen_depth_weighted_0_30cm,siap_hist__yield_trend_recent,soilgrids__nitrogen__depth_weighted_0_30cm,reverse_safe_ratio,(soilgrids__nitrogen__depth_weighted_0_30cm) / (abs(siap_hist__yield_trend_recent) + eps),0.5953262061030496
fold_state_stratified,clean,B7_all_plus_discovery,ExtraTrees,5,18,disc_expr_18__reverse_safe_ratio__siap_hist_yield_trend_recent__agro_soil_soc_x_cec,siap_hist__yield_trend_recent,agro_soil__soc_x_cec,reverse_safe_ratio,(agro_soil__soc_x_cec) / (abs(siap_hist__yield_trend_recent) + eps),0.5862208002916581
fold_state_stratified,clean,B7_all_plus_discovery,ExtraTrees,5,19,disc_expr_19__product__siap_hist_yield_trend_recent__soilgrids_nitrogen_depth_weighted_0_30cm,siap_hist__yield_trend_recent,soilgrids__nitrogen__depth_weighted_0_30cm,product,(siap_hist__yield_trend_recent) * (soilgrids__nitrogen__depth_weighted_0_30cm),0.5786512398327515
fold_state_stratified,clean,B7_all_plus_discovery,ExtraTrees,5,20,disc_expr_20__product__siap_hist_yield_trend_recent__soilgrids_soc_depth_weighted_0_30cm,siap_hist__yield_trend_recent,soilgrids__soc__depth_weighted_0_30cm,product,(siap_hist__yield_trend_recent) * (soilgrids__soc__depth_weighted_0_30cm),0.5769323338837664
fold_municipality_grouped,clean,B7_all_plus_discovery,ExtraTrees,1,1,disc_expr_01__reverse_safe_ratio__siap_hist_yield_trend_recent__soilgrids_cec_depth_weighted_0_30cm,siap_hist__yield_trend_recent,soilgrids__cec__depth_weighted_0_30cm,reverse_safe_ratio,(soilgrids__cec__depth_weighted_0_30cm) / (abs(siap_hist__yield_trend_recent) + eps),0.44429553683341344
fold_municipality_grouped,clean,B7_all_plus_discovery,ExtraTrees,1,2,disc_expr_02__symmetric_change__siap_hist_yield_trend_recent__soilgrids_cec_depth_weighted_0_30cm,siap_hist__yield_trend_recent,soilgrids__cec__depth_weighted_0_30cm,symmetric_change,2*((siap_hist__yield_trend_recent)-(soilgrids__cec__depth_weighted_0_30cm)) / (abs(siap_hist__yield_trend_recent)+abs(soilgrids__cec__depth_weighted_0_30cm)+eps),0.43393577044282955
fold_municipality_grouped,clean,B7_all_plus_discovery,ExtraTrees,1,3,disc_expr_03__reverse_safe_ratio__siap_hist_yield_trend_recent__soilgrids_clay_depth_weighted_0_30cm,siap_hist__yield_trend_recent,soilgrids__clay__depth_weighted_0_30cm,reverse_safe_ratio,(soilgrids__clay__depth_weighted_0_30cm) / (abs(siap_hist__yield_trend_recent) + eps),0.42355416602362383
fold_municipality_grouped,clean,B7_all_plus_discovery,ExtraTrees,1,4,disc_expr_04__safe_ratio__siap_hist_yield_mean_recent__siap_hist_yield_trend_recent,siap_hist__yield_mean_recent,siap_hist__yield_trend_recent,safe_ratio,(siap_hist__yield_mean_recent) / (abs(siap_hist__yield_trend_recent) + eps),0.42311097499608896
fold_municipality_grouped,clean,B7_all_plus_discovery,ExtraTrees,1,5,disc_expr_05__reverse_safe_ratio__siap_hist_yield_mean_recent__soilgrids_cec_depth_weighted_0_30cm,siap_hist__yield_mean_recent,soilgrids__cec__depth_weighted_0_30cm,reverse_safe_ratio,(soilgrids__cec__depth_weighted_0_30cm) / (abs(siap_hist__yield_mean_recent) + eps),0.42204640891449674
fold_municipality_grouped,clean,B7_all_plus_discovery,ExtraTrees,1,6,disc_expr_06__safe_ratio__siap_hist_yield_mean_recent__soilgrids_cec_depth_weighted_0_30cm,siap_hist__yield_mean_recent,soilgrids__cec__depth_weighted_0_30cm,safe_ratio,(siap_hist__yield_mean_recent) / (abs(soilgrids__cec__depth_weighted_0_30cm) + eps),0.42204640891449674
fold_municipality_grouped,clean,B7_all_plus_discovery,ExtraTrees,1,7,disc_expr_07__symmetric_change__siap_hist_yield_mean_recent__soilgrids_cec_depth_weighted_0_30cm,siap_hist__yield_mean_recent,soilgrids__cec__depth_weighted_0_30cm,symmetric_change,2*((siap_hist__yield_mean_recent)-(soilgrids__cec__depth_weighted_0_30cm)) / (abs(siap_hist__yield_mean_recent)+abs(soilgrids__cec__depth_weighted_0_30cm)+eps),0.42204640891449674
fold_municipality_grouped,clean,B7_all_plus_discovery,ExtraTrees,1,8,disc_expr_08__difference__siap_hist_yield_mean_recent__siap_hist_yield_trend_recent,siap_hist__yield_mean_recent,siap_hist__yield_trend_recent,difference,(siap_hist__yield_mean_recent) - (siap_hist__yield_trend_recent),0.4017005476571651
fold_municipality_grouped,clean,B7_all_plus_discovery,ExtraTrees,1,9,disc_expr_09__reverse_difference__siap_hist_yield_mean_recent__siap_hist_yield_trend_recent,siap_hist__yield_mean_recent,siap_hist__yield_trend_recent,reverse_difference,(siap_hist__yield_trend_recent) - (siap_hist__yield_mean_recent),0.4017005476571651
fold_municipality_grouped,clean,B7_all_plus_discovery,ExtraTrees,1,10,disc_expr_10__symmetric_change__siap_hist_yield_trend_recent__soilgrids_clay_depth_weighted_0_30cm,siap_hist__yield_trend_recent,soilgrids__clay__depth_weighted_0_30cm,symmetric_change,2*((siap_hist__yield_trend_recent)-(soilgrids__clay__depth_weighted_0_30cm)) / (abs(siap_hist__yield_trend_recent)+abs(soilgrids__clay__depth_weighted_0_30cm)+eps),0.4016110140038904
fold_municipality_grouped,clean,B7_all_plus_discovery,ExtraTrees,1,11,disc_expr_11__sum__siap_hist_yield_trend_recent__soilgrids_nitrogen_depth_weighted_0_30cm,siap_hist__yield_trend_recent,soilgrids__nitrogen__depth_weighted_0_30cm,sum,(siap_hist__yield_trend_recent) + (soilgrids__nitrogen__depth_weighted_0_30cm),0.3869678325121665
fold_municipality_grouped,clean,B7_all_plus_discovery,ExtraTrees,1,12,disc_expr_12__product__siap_hist_yield_trend_recent__soilgrids_nitrogen_depth_weighted_0_30cm,siap_hist__yield_trend_recent,soilgrids__nitrogen__depth_weighted_0_30cm,product,(siap_hist__yield_trend_recent) * (soilgrids__nitrogen__depth_weighted_0_30cm),0.3849508357300353
fold_municipality_grouped,clean,B7_all_plus_discovery,ExtraTrees,1,13,disc_expr_13__sum__siap_hist_yield_mean_recent__soilgrids_nitrogen_depth_weighted_0_30cm,siap_hist__yield_mean_recent,soilgrids__nitrogen__depth_weighted_0_30cm,sum,(siap_hist__yield_mean_recent) + (soilgrids__nitrogen__depth_weighted_0_30cm),0.3848160236057797
fold_municipality_grouped,clean,B7_all_plus_discovery,ExtraTrees,1,14,disc_expr_14__product__siap_hist_yield_trend_recent__soilgrids_soc_depth_weighted_0_30cm,siap_hist__yield_trend_recent,soilgrids__soc__depth_weighted_0_30cm,product,(siap_hist__yield_trend_recent) * (soilgrids__soc__depth_weighted_0_30cm),0.3829924747533966
fold_municipality_grouped,clean,B7_all_plus_discovery,ExtraTrees,1,15,disc_expr_15__product__siap_hist_yield_mean_recent__soilgrids_nitrogen_depth_weighted_0_30cm,siap_hist__yield_mean_recent,soilgrids__nitrogen__depth_weighted_0_30cm,product,(siap_hist__yield_mean_recent) * (soilgrids__nitrogen__depth_weighted_0_30cm),0.3829130986210955
fold_municipality_grouped,clean,B7_all_plus_discovery,ExtraTrees,1,16,disc_expr_16__reverse_safe_ratio__siap_hist_yield_mean_recent__soilgrids_clay_depth_weighted_0_30cm,siap_hist__yield_mean_recent,soilgrids__clay__depth_weighted_0_30cm,reverse_safe_ratio,(soilgrids__clay__depth_weighted_0_30cm) / (abs(siap_hist__yield_mean_recent) + eps),0.3805856166881959
fold_municipality_grouped,clean,B7_all_plus_discovery,ExtraTrees,1,17,disc_expr_17__safe_ratio__siap_hist_yield_mean_recent__soilgrids_clay_depth_weighted_0_30cm,siap_hist__yield_mean_recent,soilgrids__clay__depth_weighted_0_30cm,safe_ratio,(siap_hist__yield_mean_recent) / (abs(soilgrids__clay__depth_weighted_0_30cm) + eps),0.3805856166881959
fold_municipality_grouped,clean,B7_all_plus_discovery,ExtraTrees,1,18,disc_expr_18__symmetric_change__siap_hist_yield_mean_recent__soilgrids_clay_depth_weighted_0_30cm,siap_hist__yield_mean_recent,soilgrids__clay__depth_weighted_0_30cm,symmetric_change,2*((siap_hist__yield_mean_recent)-(soilgrids__clay__depth_weighted_0_30cm)) / (abs(siap_hist__yield_mean_recent)+abs(soilgrids__clay__depth_weighted_0_30cm)+eps),0.3805856166881959
fold_municipality_grouped,clean,B7_all_plus_discovery,ExtraTrees,1,19,disc_expr_19__difference__siap_hist_yield_mean_recent__soilgrids_cec_depth_weighted_0_30cm,siap_hist__yield_mean_recent,soilgrids__cec__depth_weighted_0_30cm,difference,(siap_hist__yield_mean_recent) - (soilgrids__cec__depth_weighted_0_30cm),0.37639706792215394
fold_municipality_grouped,clean,B7_all_plus_discovery,ExtraTrees,1,20,disc_expr_20__reverse_difference__siap_hist_yield_mean_recent__soilgrids_cec_depth_weighted_0_30cm,siap_hist__yield_mean_recent,soilgrids__cec__depth_weighted_0_30cm,reverse_difference,(soilgrids__cec__depth_weighted_0_30cm) - (siap_hist__yield_mean_recent),0.37639706792215394
fold_municipality_grouped,clean,B7_all_plus_discovery,ExtraTrees,2,1,disc_expr_01__difference__soilgrids_soc_depth_weighted_0_30cm__soilgrids_cec_depth_weighted_0_30cm,soilgrids__soc__depth_weighted_0_30cm,soilgrids__cec__depth_weighted_0_30cm,difference,(soilgrids__soc__depth_weighted_0_30cm) - (soilgrids__cec__depth_weighted_0_30cm),0.649346664070399
fold_municipality_grouped,clean,B7_all_plus_discovery,ExtraTrees,2,2,disc_expr_02__reverse_difference__soilgrids_soc_depth_weighted_0_30cm__soilgrids_cec_depth_weighted_0_30cm,soilgrids__soc__depth_weighted_0_30cm,soilgrids__cec__depth_weighted_0_30cm,reverse_difference,(soilgrids__cec__depth_weighted_0_30cm) - (soilgrids__soc__depth_weighted_0_30cm),0.649346664070399
fold_municipality_grouped,clean,B7_all_plus_discovery,ExtraTrees,2,3,disc_expr_03__reverse_safe_ratio__soilgrids_soc_depth_weighted_0_30cm__soilgrids_cec_depth_weighted_0_30cm,soilgrids__soc__depth_weighted_0_30cm,soilgrids__cec__depth_weighted_0_30cm,reverse_safe_ratio,(soilgrids__cec__depth_weighted_0_30cm) / (abs(soilgrids__soc__depth_weighted_0_30cm) + eps),0.6457720510232068
fold_municipality_grouped,clean,B7_all_plus_discovery,ExtraTrees,2,4,disc_expr_04__safe_ratio__soilgrids_soc_depth_weighted_0_30cm__soilgrids_cec_depth_weighted_0_30cm,soilgrids__soc__depth_weighted_0_30cm,soilgrids__cec__depth_weighted_0_30cm,safe_ratio,(soilgrids__soc__depth_weighted_0_30cm) / (abs(soilgrids__cec__depth_weighted_0_30cm) + eps),0.6457720510232068
fold_municipality_grouped,clean,B7_all_plus_discovery,ExtraTrees,2,5,disc_expr_05__symmetric_change__soilgrids_soc_depth_weighted_0_30cm__soilgrids_cec_depth_weighted_0_30cm,soilgrids__soc__depth_weighted_0_30cm,soilgrids__cec__depth_weighted_0_30cm,symmetric_change,2*((soilgrids__soc__depth_weighted_0_30cm)-(soilgrids__cec__depth_weighted_0_30cm)) / (abs(soilgrids__soc__depth_weighted_0_30cm)+abs(soilgrids__cec__depth_weighted_0_30cm)+eps),0.6457720510232068
fold_municipality_grouped,clean,B7_all_plus_discovery,ExtraTrees,2,6,disc_expr_06__symmetric_change__siap_hist_yield_trend_recent__siap_hist_yield_mean_recent,siap_hist__yield_trend_recent,siap_hist__yield_mean_recent,symmetric_change,2*((siap_hist__yield_trend_recent)-(siap_hist__yield_mean_recent)) / (abs(siap_hist__yield_trend_recent)+abs(siap_hist__yield_mean_recent)+eps),0.636296936116531
fold_municipality_grouped,clean,B7_all_plus_discovery,ExtraTrees,2,7,disc_expr_07__sum__soilgrids_soc_depth_weighted_0_30cm__siap_hist_yield_trend_recent,soilgrids__soc__depth_weighted_0_30cm,siap_hist__yield_trend_recent,sum,(soilgrids__soc__depth_weighted_0_30cm) + (siap_hist__yield_trend_recent),0.6256834693255623
fold_municipality_grouped,clean,B7_all_plus_discovery,ExtraTrees,2,8,disc_expr_08__sum__soilgrids_soc_depth_weighted_0_30cm__soilgrids_nitrogen_depth_weighted_0_30cm,soilgrids__soc__depth_weighted_0_30cm,soilgrids__nitrogen__depth_weighted_0_30cm,sum,(soilgrids__soc__depth_weighted_0_30cm) + (soilgrids__nitrogen__depth_weighted_0_30cm),0.623109666269387
fold_municipality_grouped,clean,B7_all_plus_discovery,ExtraTrees,2,9,disc_expr_09__difference__soilgrids_soc_depth_weighted_0_30cm__soilgrids_nitrogen_depth_weighted_0_30cm,soilgrids__soc__depth_weighted_0_30cm,soilgrids__nitrogen__depth_weighted_0_30cm,difference,(soilgrids__soc__depth_weighted_0_30cm) - (soilgrids__nitrogen__depth_weighted_0_30cm),0.6225635448316215
fold_municipality_grouped,clean,B7_all_plus_discovery,ExtraTrees,2,10,disc_expr_10__reverse_difference__soilgrids_soc_depth_weighted_0_30cm__soilgrids_nitrogen_depth_weighted_0_30cm,soilgrids__soc__depth_weighted_0_30cm,soilgrids__nitrogen__depth_weighted_0_30cm,reverse_difference,(soilgrids__nitrogen__depth_weighted_0_30cm) - (soilgrids__soc__depth_weighted_0_30cm),0.6225635448316215
fold_municipality_grouped,clean,B7_all_plus_discovery,ExtraTrees,2,11,disc_expr_11__reverse_safe_ratio__agro_soil_soc_x_cec__soilgrids_cec_depth_weighted_0_30cm,agro_soil__soc_x_cec,soilgrids__cec__depth_weighted_0_30cm,reverse_safe_ratio,(soilgrids__cec__depth_weighted_0_30cm) / (abs(agro_soil__soc_x_cec) + eps),0.6222788997186043
fold_municipality_grouped,clean,B7_all_plus_discovery,ExtraTrees,2,12,disc_expr_12__safe_ratio__agro_soil_soc_x_cec__soilgrids_cec_depth_weighted_0_30cm,agro_soil__soc_x_cec,soilgrids__cec__depth_weighted_0_30cm,safe_ratio,(agro_soil__soc_x_cec) / (abs(soilgrids__cec__depth_weighted_0_30cm) + eps),0.622053831489707
fold_municipality_grouped,clean,B7_all_plus_discovery,ExtraTrees,2,13,disc_expr_13__symmetric_change__agro_soil_soc_x_cec__soilgrids_cec_depth_weighted_0_30cm,agro_soil__soc_x_cec,soilgrids__cec__depth_weighted_0_30cm,symmetric_change,2*((agro_soil__soc_x_cec)-(soilgrids__cec__depth_weighted_0_30cm)) / (abs(agro_soil__soc_x_cec)+abs(soilgrids__cec__depth_weighted_0_30cm)+eps),0.622053831489707
fold_municipality_grouped,clean,B7_all_plus_discovery,ExtraTrees,2,14,disc_expr_14__sum__soilgrids_soc_depth_weighted_0_30cm__siap_hist_yield_mean_recent,soilgrids__soc__depth_weighted_0_30cm,siap_hist__yield_mean_recent,sum,(soilgrids__soc__depth_weighted_0_30cm) + (siap_hist__yield_mean_recent),0.6194841430646523
fold_municipality_grouped,clean,B7_all_plus_discovery,ExtraTrees,2,15,disc_expr_15__difference__soilgrids_soc_depth_weighted_0_30cm__siap_hist_yield_mean_recent,soilgrids__soc__depth_weighted_0_30cm,siap_hist__yield_mean_recent,difference,(soilgrids__soc__depth_weighted_0_30cm) - (siap_hist__yield_mean_recent),0.6194742135511537
fold_municipality_grouped,clean,B7_all_plus_discovery,ExtraTrees,2,16,disc_expr_16__reverse_difference__soilgrids_soc_depth_weighted_0_30cm__siap_hist_yield_mean_recent,soilgrids__soc__depth_weighted_0_30cm,siap_hist__yield_mean_recent,reverse_difference,(siap_hist__yield_mean_recent) - (soilgrids__soc__depth_weighted_0_30cm),0.6194742135511537
fold_municipality_grouped,clean,B7_all_plus_discovery,ExtraTrees,2,17,disc_expr_17__product__soilgrids_soc_depth_weighted_0_30cm__soilgrids_nitrogen_depth_weighted_0_30cm,soilgrids__soc__depth_weighted_0_30cm,soilgrids__nitrogen__depth_weighted_0_30cm,product,(soilgrids__soc__depth_weighted_0_30cm) * (soilgrids__nitrogen__depth_weighted_0_30cm),0.6188201306127563
fold_municipality_grouped,clean,B7_all_plus_discovery,ExtraTrees,2,18,disc_expr_18__reverse_safe_ratio__siap_hist_yield_trend_recent__siap_hist_yield_mean_recent,siap_hist__yield_trend_recent,siap_hist__yield_mean_recent,reverse_safe_ratio,(siap_hist__yield_mean_recent) / (abs(siap_hist__yield_trend_recent) + eps),0.6187030943006363
fold_municipality_grouped,clean,B7_all_plus_discovery,ExtraTrees,2,19,disc_expr_19__difference__soilgrids_soc_depth_weighted_0_30cm__siap_hist_yield_trend_recent,soilgrids__soc__depth_weighted_0_30cm,siap_hist__yield_trend_recent,difference,(soilgrids__soc__depth_weighted_0_30cm) - (siap_hist__yield_trend_recent),0.6186037262011167
fold_municipality_grouped,clean,B7_all_plus_discovery,ExtraTrees,2,20,disc_expr_20__reverse_difference__soilgrids_soc_depth_weighted_0_30cm__siap_hist_yield_trend_recent,soilgrids__soc__depth_weighted_0_30cm,siap_hist__yield_trend_recent,reverse_difference,(siap_hist__yield_trend_recent) - (soilgrids__soc__depth_weighted_0_30cm),0.6186037262011167
fold_municipality_grouped,clean,B7_all_plus_discovery,ExtraTrees,3,1,disc_expr_01__symmetric_change__siap_hist_yield_trend_recent__siap_hist_yield_mean_recent,siap_hist__yield_trend_recent,siap_hist__yield_mean_recent,symmetric_change,2*((siap_hist__yield_trend_recent)-(siap_hist__yield_mean_recent)) / (abs(siap_hist__yield_trend_recent)+abs(siap_hist__yield_mean_recent)+eps),0.7617989370767759
fold_municipality_grouped,clean,B7_all_plus_discovery,ExtraTrees,3,2,disc_expr_02__product__siap_hist_yield_trend_recent__siap_hist_yield_mean_recent,siap_hist__yield_trend_recent,siap_hist__yield_mean_recent,product,(siap_hist__yield_trend_recent) * (siap_hist__yield_mean_recent),0.7348898158937808
fold_municipality_grouped,clean,B7_all_plus_discovery,ExtraTrees,3,3,disc_expr_03__reverse_safe_ratio__siap_hist_yield_trend_recent__siap_hist_yield_mean_recent,siap_hist__yield_trend_recent,siap_hist__yield_mean_recent,reverse_safe_ratio,(siap_hist__yield_mean_recent) / (abs(siap_hist__yield_trend_recent) + eps),0.7245597138568409
fold_municipality_grouped,clean,B7_all_plus_discovery,ExtraTrees,3,4,disc_expr_04__safe_ratio__siap_hist_yield_trend_recent__siap_hist_yield_mean_recent,siap_hist__yield_trend_recent,siap_hist__yield_mean_recent,safe_ratio,(siap_hist__yield_trend_recent) / (abs(siap_hist__yield_mean_recent) + eps),0.7227988287711594
fold_municipality_grouped,clean,B7_all_plus_discovery,ExtraTrees,3,5,disc_expr_05__sum__siap_hist_yield_trend_recent__siap_hist_yield_mean_recent,siap_hist__yield_trend_recent,siap_hist__yield_mean_recent,sum,(siap_hist__yield_trend_recent) + (siap_hist__yield_mean_recent),0.7162702042838133
fold_municipality_grouped,clean,B7_all_plus_discovery,ExtraTrees,3,6,disc_expr_06__product__siap_hist_yield_trend_recent__soilgrids_nitrogen_depth_weighted_0_30cm,siap_hist__yield_trend_recent,soilgrids__nitrogen__depth_weighted_0_30cm,product,(siap_hist__yield_trend_recent) * (soilgrids__nitrogen__depth_weighted_0_30cm),0.7096016488909119
fold_municipality_grouped,clean,B7_all_plus_discovery,ExtraTrees,3,7,disc_expr_07__product__siap_hist_yield_trend_recent__soilgrids_soc_depth_weighted_0_30cm,siap_hist__yield_trend_recent,soilgrids__soc__depth_weighted_0_30cm,product,(siap_hist__yield_trend_recent) * (soilgrids__soc__depth_weighted_0_30cm),0.7076209075840576
fold_municipality_grouped,clean,B7_all_plus_discovery,ExtraTrees,3,8,disc_expr_08__symmetric_change__siap_hist_yield_trend_recent__soilgrids_cec_depth_weighted_0_30cm,siap_hist__yield_trend_recent,soilgrids__cec__depth_weighted_0_30cm,symmetric_change,2*((siap_hist__yield_trend_recent)-(soilgrids__cec__depth_weighted_0_30cm)) / (abs(siap_hist__yield_trend_recent)+abs(soilgrids__cec__depth_weighted_0_30cm)+eps),0.7053680781647536
fold_municipality_grouped,clean,B7_all_plus_discovery,ExtraTrees,3,9,disc_expr_09__reverse_safe_ratio__siap_hist_yield_trend_recent__soilgrids_cec_depth_weighted_0_30cm,siap_hist__yield_trend_recent,soilgrids__cec__depth_weighted_0_30cm,reverse_safe_ratio,(soilgrids__cec__depth_weighted_0_30cm) / (abs(siap_hist__yield_trend_recent) + eps),0.7008615754256059
fold_municipality_grouped,clean,B7_all_plus_discovery,ExtraTrees,3,10,disc_expr_10__reverse_safe_ratio__siap_hist_yield_trend_recent__soilgrids_clay_depth_weighted_0_30cm,siap_hist__yield_trend_recent,soilgrids__clay__depth_weighted_0_30cm,reverse_safe_ratio,(soilgrids__clay__depth_weighted_0_30cm) / (abs(siap_hist__yield_trend_recent) + eps),0.6988611915382076
fold_municipality_grouped,clean,B7_all_plus_discovery,ExtraTrees,3,11,disc_expr_11__product__siap_hist_yield_trend_recent__agro_soil_soc_x_cec,siap_hist__yield_trend_recent,agro_soil__soc_x_cec,product,(siap_hist__yield_trend_recent) * (agro_soil__soc_x_cec),0.6982243728387473
fold_municipality_grouped,clean,B7_all_plus_discovery,ExtraTrees,3,12,disc_expr_12__sum__siap_hist_yield_trend_recent__soilgrids_nitrogen_depth_weighted_0_30cm,siap_hist__yield_trend_recent,soilgrids__nitrogen__depth_weighted_0_30cm,sum,(siap_hist__yield_trend_recent) + (soilgrids__nitrogen__depth_weighted_0_30cm),0.6912772818117149
fold_municipality_grouped,clean,B7_all_plus_discovery,ExtraTrees,3,13,disc_expr_13__safe_ratio__siap_hist_yield_trend_recent__soilgrids_cec_depth_weighted_0_30cm,siap_hist__yield_trend_recent,soilgrids__cec__depth_weighted_0_30cm,safe_ratio,(siap_hist__yield_trend_recent) / (abs(soilgrids__cec__depth_weighted_0_30cm) + eps),0.6904429771133307
fold_municipality_grouped,clean,B7_all_plus_discovery,ExtraTrees,3,14,disc_expr_14__symmetric_change__siap_hist_yield_trend_recent__soilgrids_clay_depth_weighted_0_30cm,siap_hist__yield_trend_recent,soilgrids__clay__depth_weighted_0_30cm,symmetric_change,2*((siap_hist__yield_trend_recent)-(soilgrids__clay__depth_weighted_0_30cm)) / (abs(siap_hist__yield_trend_recent)+abs(soilgrids__clay__depth_weighted_0_30cm)+eps),0.6862223483408093
fold_municipality_grouped,clean,B7_all_plus_discovery,ExtraTrees,3,15,disc_expr_15__safe_ratio__siap_hist_yield_trend_recent__soilgrids_clay_depth_weighted_0_30cm,siap_hist__yield_trend_recent,soilgrids__clay__depth_weighted_0_30cm,safe_ratio,(siap_hist__yield_trend_recent) / (abs(soilgrids__clay__depth_weighted_0_30cm) + eps),0.6827341882572785
fold_municipality_grouped,clean,B7_all_plus_discovery,ExtraTrees,3,16,disc_expr_16__product__siap_hist_yield_mean_recent__soilgrids_nitrogen_depth_weighted_0_30cm,siap_hist__yield_mean_recent,soilgrids__nitrogen__depth_weighted_0_30cm,product,(siap_hist__yield_mean_recent) * (soilgrids__nitrogen__depth_weighted_0_30cm),0.6564500838297906
fold_municipality_grouped,clean,B7_all_plus_discovery,ExtraTrees,3,17,disc_expr_17__product__siap_hist_yield_mean_recent__soilgrids_soc_depth_weighted_0_30cm,siap_hist__yield_mean_recent,soilgrids__soc__depth_weighted_0_30cm,product,(siap_hist__yield_mean_recent) * (soilgrids__soc__depth_weighted_0_30cm),0.6494866522260413
fold_municipality_grouped,clean,B7_all_plus_discovery,ExtraTrees,3,18,disc_expr_18__sum__siap_hist_yield_mean_recent__soilgrids_nitrogen_depth_weighted_0_30cm,siap_hist__yield_mean_recent,soilgrids__nitrogen__depth_weighted_0_30cm,sum,(siap_hist__yield_mean_recent) + (soilgrids__nitrogen__depth_weighted_0_30cm),0.6477583442790756
fold_municipality_grouped,clean,B7_all_plus_discovery,ExtraTrees,3,19,disc_expr_19__reverse_safe_ratio__siap_hist_yield_mean_recent__soilgrids_cec_depth_weighted_0_30cm,siap_hist__yield_mean_recent,soilgrids__cec__depth_weighted_0_30cm,reverse_safe_ratio,(soilgrids__cec__depth_weighted_0_30cm) / (abs(siap_hist__yield_mean_recent) + eps),0.644262081125082
fold_municipality_grouped,clean,B7_all_plus_discovery,ExtraTrees,3,20,disc_expr_20__safe_ratio__siap_hist_yield_mean_recent__soilgrids_cec_depth_weighted_0_30cm,siap_hist__yield_mean_recent,soilgrids__cec__depth_weighted_0_30cm,safe_ratio,(siap_hist__yield_mean_recent) / (abs(soilgrids__cec__depth_weighted_0_30cm) + eps),0.644262081125082
fold_municipality_grouped,clean,B7_all_plus_discovery,ExtraTrees,4,1,disc_expr_01__safe_ratio__siap_hist_yield_mean_recent__siap_hist_yield_trend_recent,siap_hist__yield_mean_recent,siap_hist__yield_trend_recent,safe_ratio,(siap_hist__yield_mean_recent) / (abs(siap_hist__yield_trend_recent) + eps),0.6418032404614425
fold_municipality_grouped,clean,B7_all_plus_discovery,ExtraTrees,4,2,disc_expr_02__safe_ratio__soilgrids_clay_depth_weighted_0_30cm__siap_hist_yield_trend_recent,soilgrids__clay__depth_weighted_0_30cm,siap_hist__yield_trend_recent,safe_ratio,(soilgrids__clay__depth_weighted_0_30cm) / (abs(siap_hist__yield_trend_recent) + eps),0.564790055191725
fold_municipality_grouped,clean,B7_all_plus_discovery,ExtraTrees,4,3,disc_expr_03__safe_ratio__soilgrids_nitrogen_depth_weighted_0_30cm__siap_hist_yield_trend_recent,soilgrids__nitrogen__depth_weighted_0_30cm,siap_hist__yield_trend_recent,safe_ratio,(soilgrids__nitrogen__depth_weighted_0_30cm) / (abs(siap_hist__yield_trend_recent) + eps),0.5588973285243046
fold_municipality_grouped,clean,B7_all_plus_discovery,ExtraTrees,4,4,disc_expr_04__safe_ratio__soilgrids_cec_depth_weighted_0_30cm__siap_hist_yield_trend_recent,soilgrids__cec__depth_weighted_0_30cm,siap_hist__yield_trend_recent,safe_ratio,(soilgrids__cec__depth_weighted_0_30cm) / (abs(siap_hist__yield_trend_recent) + eps),0.5397737627356956
fold_municipality_grouped,clean,B7_all_plus_discovery,ExtraTrees,4,5,disc_expr_05__product__siap_hist_yield_mean_recent__soilgrids_cec_depth_weighted_0_30cm,siap_hist__yield_mean_recent,soilgrids__cec__depth_weighted_0_30cm,product,(siap_hist__yield_mean_recent) * (soilgrids__cec__depth_weighted_0_30cm),0.512400379612698
fold_municipality_grouped,clean,B7_all_plus_discovery,ExtraTrees,4,6,disc_expr_06__reverse_safe_ratio__siap_hist_yield_trend_recent__agro_soil_soc_x_cec,siap_hist__yield_trend_recent,agro_soil__soc_x_cec,reverse_safe_ratio,(agro_soil__soc_x_cec) / (abs(siap_hist__yield_trend_recent) + eps),0.5007483465042897
fold_municipality_grouped,clean,B7_all_plus_discovery,ExtraTrees,4,7,disc_expr_07__safe_ratio__soilgrids_soc_depth_weighted_0_30cm__siap_hist_yield_trend_recent,soilgrids__soc__depth_weighted_0_30cm,siap_hist__yield_trend_recent,safe_ratio,(soilgrids__soc__depth_weighted_0_30cm) / (abs(siap_hist__yield_trend_recent) + eps),0.4878452701032654
fold_municipality_grouped,clean,B7_all_plus_discovery,ExtraTrees,4,8,disc_expr_08__symmetric_change__soilgrids_clay_depth_weighted_0_30cm__siap_hist_yield_trend_recent,soilgrids__clay__depth_weighted_0_30cm,siap_hist__yield_trend_recent,symmetric_change,2*((soilgrids__clay__depth_weighted_0_30cm)-(siap_hist__yield_trend_recent)) / (abs(soilgrids__clay__depth_weighted_0_30cm)+abs(siap_hist__yield_trend_recent)+eps),0.4166936038520309
fold_municipality_grouped,clean,B7_all_plus_discovery,ExtraTrees,4,9,disc_expr_09__symmetric_change__siap_hist_yield_mean_recent__siap_hist_yield_trend_recent,siap_hist__yield_mean_recent,siap_hist__yield_trend_recent,symmetric_change,2*((siap_hist__yield_mean_recent)-(siap_hist__yield_trend_recent)) / (abs(siap_hist__yield_mean_recent)+abs(siap_hist__yield_trend_recent)+eps),0.4097714177059303
fold_municipality_grouped,clean,B7_all_plus_discovery,ExtraTrees,4,10,disc_expr_10__difference__soilgrids_cec_depth_weighted_0_30cm__soilgrids_soc_depth_weighted_0_30cm,soilgrids__cec__depth_weighted_0_30cm,soilgrids__soc__depth_weighted_0_30cm,difference,(soilgrids__cec__depth_weighted_0_30cm) - (soilgrids__soc__depth_weighted_0_30cm),0.40501933403921725
fold_municipality_grouped,clean,B7_all_plus_discovery,ExtraTrees,4,11,disc_expr_11__reverse_difference__soilgrids_cec_depth_weighted_0_30cm__soilgrids_soc_depth_weighted_0_30cm,soilgrids__cec__depth_weighted_0_30cm,soilgrids__soc__depth_weighted_0_30cm,reverse_difference,(soilgrids__soc__depth_weighted_0_30cm) - (soilgrids__cec__depth_weighted_0_30cm),0.40501933403921725
fold_municipality_grouped,clean,B7_all_plus_discovery,ExtraTrees,4,12,disc_expr_12__difference__siap_hist_yield_mean_recent__siap_hist_yield_trend_recent,siap_hist__yield_mean_recent,siap_hist__yield_trend_recent,difference,(siap_hist__yield_mean_recent) - (siap_hist__yield_trend_recent),0.39841123054531763
fold_municipality_grouped,clean,B7_all_plus_discovery,ExtraTrees,4,13,disc_expr_13__reverse_difference__siap_hist_yield_mean_recent__siap_hist_yield_trend_recent,siap_hist__yield_mean_recent,siap_hist__yield_trend_recent,reverse_difference,(siap_hist__yield_trend_recent) - (siap_hist__yield_mean_recent),0.39841123054531763
fold_municipality_grouped,clean,B7_all_plus_discovery,ExtraTrees,4,14,disc_expr_14__reverse_safe_ratio__soilgrids_cec_depth_weighted_0_30cm__soilgrids_nitrogen_depth_weighted_0_30cm,soilgrids__cec__depth_weighted_0_30cm,soilgrids__nitrogen__depth_weighted_0_30cm,reverse_safe_ratio,(soilgrids__nitrogen__depth_weighted_0_30cm) / (abs(soilgrids__cec__depth_weighted_0_30cm) + eps),0.39336730093080885
fold_municipality_grouped,clean,B7_all_plus_discovery,ExtraTrees,4,15,disc_expr_15__safe_ratio__soilgrids_cec_depth_weighted_0_30cm__soilgrids_nitrogen_depth_weighted_0_30cm,soilgrids__cec__depth_weighted_0_30cm,soilgrids__nitrogen__depth_weighted_0_30cm,safe_ratio,(soilgrids__cec__depth_weighted_0_30cm) / (abs(soilgrids__nitrogen__depth_weighted_0_30cm) + eps),0.39336730093080885
fold_municipality_grouped,clean,B7_all_plus_discovery,ExtraTrees,4,16,disc_expr_16__symmetric_change__soilgrids_cec_depth_weighted_0_30cm__soilgrids_nitrogen_depth_weighted_0_30cm,soilgrids__cec__depth_weighted_0_30cm,soilgrids__nitrogen__depth_weighted_0_30cm,symmetric_change,2*((soilgrids__cec__depth_weighted_0_30cm)-(soilgrids__nitrogen__depth_weighted_0_30cm)) / (abs(soilgrids__cec__depth_weighted_0_30cm)+abs(soilgrids__nitrogen__depth_weighted_0_30cm)+eps),0.39336730093080885
fold_municipality_grouped,clean,B7_all_plus_discovery,ExtraTrees,4,17,disc_expr_17__product__siap_hist_yield_mean_recent__soilgrids_clay_depth_weighted_0_30cm,siap_hist__yield_mean_recent,soilgrids__clay__depth_weighted_0_30cm,product,(siap_hist__yield_mean_recent) * (soilgrids__clay__depth_weighted_0_30cm),0.39029863572286927
fold_municipality_grouped,clean,B7_all_plus_discovery,ExtraTrees,4,18,disc_expr_18__symmetric_change__soilgrids_cec_depth_weighted_0_30cm__siap_hist_yield_trend_recent,soilgrids__cec__depth_weighted_0_30cm,siap_hist__yield_trend_recent,symmetric_change,2*((soilgrids__cec__depth_weighted_0_30cm)-(siap_hist__yield_trend_recent)) / (abs(soilgrids__cec__depth_weighted_0_30cm)+abs(siap_hist__yield_trend_recent)+eps),0.3816707944135898
fold_municipality_grouped,clean,B7_all_plus_discovery,ExtraTrees,4,19,disc_expr_19__reverse_safe_ratio__soilgrids_cec_depth_weighted_0_30cm__soilgrids_soc_depth_weighted_0_30cm,soilgrids__cec__depth_weighted_0_30cm,soilgrids__soc__depth_weighted_0_30cm,reverse_safe_ratio,(soilgrids__soc__depth_weighted_0_30cm) / (abs(soilgrids__cec__depth_weighted_0_30cm) + eps),0.37290953287787815
fold_municipality_grouped,clean,B7_all_plus_discovery,ExtraTrees,4,20,disc_expr_20__safe_ratio__soilgrids_cec_depth_weighted_0_30cm__soilgrids_soc_depth_weighted_0_30cm,soilgrids__cec__depth_weighted_0_30cm,soilgrids__soc__depth_weighted_0_30cm,safe_ratio,(soilgrids__cec__depth_weighted_0_30cm) / (abs(soilgrids__soc__depth_weighted_0_30cm) + eps),0.37290953287787815
fold_municipality_grouped,clean,B7_all_plus_discovery,ExtraTrees,5,1,disc_expr_01__reverse_safe_ratio__siap_hist_yield_trend_recent__siap_hist_yield_mean_recent,siap_hist__yield_trend_recent,siap_hist__yield_mean_recent,reverse_safe_ratio,(siap_hist__yield_mean_recent) / (abs(siap_hist__yield_trend_recent) + eps),0.7130423497060898
fold_municipality_grouped,clean,B7_all_plus_discovery,ExtraTrees,5,2,disc_expr_02__reverse_safe_ratio__siap_hist_yield_trend_recent__soilgrids_cec_depth_weighted_0_30cm,siap_hist__yield_trend_recent,soilgrids__cec__depth_weighted_0_30cm,reverse_safe_ratio,(soilgrids__cec__depth_weighted_0_30cm) / (abs(siap_hist__yield_trend_recent) + eps),0.6944475737563943
fold_municipality_grouped,clean,B7_all_plus_discovery,ExtraTrees,5,3,disc_expr_03__reverse_safe_ratio__siap_hist_yield_trend_recent__soilgrids_clay_depth_weighted_0_30cm,siap_hist__yield_trend_recent,soilgrids__clay__depth_weighted_0_30cm,reverse_safe_ratio,(soilgrids__clay__depth_weighted_0_30cm) / (abs(siap_hist__yield_trend_recent) + eps),0.6930267909010341
fold_municipality_grouped,clean,B7_all_plus_discovery,ExtraTrees,5,4,disc_expr_04__symmetric_change__siap_hist_yield_trend_recent__siap_hist_yield_mean_recent,siap_hist__yield_trend_recent,siap_hist__yield_mean_recent,symmetric_change,2*((siap_hist__yield_trend_recent)-(siap_hist__yield_mean_recent)) / (abs(siap_hist__yield_trend_recent)+abs(siap_hist__yield_mean_recent)+eps),0.680044347611035
fold_municipality_grouped,clean,B7_all_plus_discovery,ExtraTrees,5,5,disc_expr_05__symmetric_change__siap_hist_yield_trend_recent__soilgrids_clay_depth_weighted_0_30cm,siap_hist__yield_trend_recent,soilgrids__clay__depth_weighted_0_30cm,symmetric_change,2*((siap_hist__yield_trend_recent)-(soilgrids__clay__depth_weighted_0_30cm)) / (abs(siap_hist__yield_trend_recent)+abs(soilgrids__clay__depth_weighted_0_30cm)+eps),0.6527707941990393
fold_municipality_grouped,clean,B7_all_plus_discovery,ExtraTrees,5,6,disc_expr_06__symmetric_change__siap_hist_yield_trend_recent__soilgrids_cec_depth_weighted_0_30cm,siap_hist__yield_trend_recent,soilgrids__cec__depth_weighted_0_30cm,symmetric_change,2*((siap_hist__yield_trend_recent)-(soilgrids__cec__depth_weighted_0_30cm)) / (abs(siap_hist__yield_trend_recent)+abs(soilgrids__cec__depth_weighted_0_30cm)+eps),0.6526879696028123
fold_municipality_grouped,clean,B7_all_plus_discovery,ExtraTrees,5,7,disc_expr_07__product__siap_hist_yield_mean_recent__soilgrids_soc_depth_weighted_0_30cm,siap_hist__yield_mean_recent,soilgrids__soc__depth_weighted_0_30cm,product,(siap_hist__yield_mean_recent) * (soilgrids__soc__depth_weighted_0_30cm),0.6402106061634664
fold_municipality_grouped,clean,B7_all_plus_discovery,ExtraTrees,5,8,disc_expr_08__reverse_safe_ratio__siap_hist_yield_mean_recent__soilgrids_clay_depth_weighted_0_30cm,siap_hist__yield_mean_recent,soilgrids__clay__depth_weighted_0_30cm,reverse_safe_ratio,(soilgrids__clay__depth_weighted_0_30cm) / (abs(siap_hist__yield_mean_recent) + eps),0.6388465861809736
fold_municipality_grouped,clean,B7_all_plus_discovery,ExtraTrees,5,9,disc_expr_09__safe_ratio__siap_hist_yield_mean_recent__soilgrids_clay_depth_weighted_0_30cm,siap_hist__yield_mean_recent,soilgrids__clay__depth_weighted_0_30cm,safe_ratio,(siap_hist__yield_mean_recent) / (abs(soilgrids__clay__depth_weighted_0_30cm) + eps),0.6388465861809736
fold_municipality_grouped,clean,B7_all_plus_discovery,ExtraTrees,5,10,disc_expr_10__symmetric_change__siap_hist_yield_mean_recent__soilgrids_clay_depth_weighted_0_30cm,siap_hist__yield_mean_recent,soilgrids__clay__depth_weighted_0_30cm,symmetric_change,2*((siap_hist__yield_mean_recent)-(soilgrids__clay__depth_weighted_0_30cm)) / (abs(siap_hist__yield_mean_recent)+abs(soilgrids__clay__depth_weighted_0_30cm)+eps),0.6388465861809736
fold_municipality_grouped,clean,B7_all_plus_discovery,ExtraTrees,5,11,disc_expr_11__product__siap_hist_yield_mean_recent__soilgrids_nitrogen_depth_weighted_0_30cm,siap_hist__yield_mean_recent,soilgrids__nitrogen__depth_weighted_0_30cm,product,(siap_hist__yield_mean_recent) * (soilgrids__nitrogen__depth_weighted_0_30cm),0.6375551939320561
fold_municipality_grouped,clean,B7_all_plus_discovery,ExtraTrees,5,12,disc_expr_12__sum__siap_hist_yield_trend_recent__soilgrids_nitrogen_depth_weighted_0_30cm,siap_hist__yield_trend_recent,soilgrids__nitrogen__depth_weighted_0_30cm,sum,(siap_hist__yield_trend_recent) + (soilgrids__nitrogen__depth_weighted_0_30cm),0.635787533992683
fold_municipality_grouped,clean,B7_all_plus_discovery,ExtraTrees,5,13,disc_expr_13__sum__siap_hist_yield_mean_recent__soilgrids_nitrogen_depth_weighted_0_30cm,siap_hist__yield_mean_recent,soilgrids__nitrogen__depth_weighted_0_30cm,sum,(siap_hist__yield_mean_recent) + (soilgrids__nitrogen__depth_weighted_0_30cm),0.6129753072011285
fold_municipality_grouped,clean,B7_all_plus_discovery,ExtraTrees,5,14,disc_expr_14__reverse_safe_ratio__siap_hist_yield_trend_recent__soilgrids_nitrogen_depth_weighted_0_30cm,siap_hist__yield_trend_recent,soilgrids__nitrogen__depth_weighted_0_30cm,reverse_safe_ratio,(soilgrids__nitrogen__depth_weighted_0_30cm) / (abs(siap_hist__yield_trend_recent) + eps),0.6036794032300169
fold_municipality_grouped,clean,B7_all_plus_discovery,ExtraTrees,5,15,disc_expr_15__reverse_safe_ratio__siap_hist_yield_mean_recent__soilgrids_cec_depth_weighted_0_30cm,siap_hist__yield_mean_recent,soilgrids__cec__depth_weighted_0_30cm,reverse_safe_ratio,(soilgrids__cec__depth_weighted_0_30cm) / (abs(siap_hist__yield_mean_recent) + eps),0.6015566421376187
fold_municipality_grouped,clean,B7_all_plus_discovery,ExtraTrees,5,16,disc_expr_16__safe_ratio__siap_hist_yield_mean_recent__soilgrids_cec_depth_weighted_0_30cm,siap_hist__yield_mean_recent,soilgrids__cec__depth_weighted_0_30cm,safe_ratio,(siap_hist__yield_mean_recent) / (abs(soilgrids__cec__depth_weighted_0_30cm) + eps),0.6015566421376187
fold_municipality_grouped,clean,B7_all_plus_discovery,ExtraTrees,5,17,disc_expr_17__symmetric_change__siap_hist_yield_mean_recent__soilgrids_cec_depth_weighted_0_30cm,siap_hist__yield_mean_recent,soilgrids__cec__depth_weighted_0_30cm,symmetric_change,2*((siap_hist__yield_mean_recent)-(soilgrids__cec__depth_weighted_0_30cm)) / (abs(siap_hist__yield_mean_recent)+abs(soilgrids__cec__depth_weighted_0_30cm)+eps),0.6015566421376187
fold_municipality_grouped,clean,B7_all_plus_discovery,ExtraTrees,5,18,disc_expr_18__reverse_safe_ratio__siap_hist_yield_trend_recent__agro_soil_soc_x_cec,siap_hist__yield_trend_recent,agro_soil__soc_x_cec,reverse_safe_ratio,(agro_soil__soc_x_cec) / (abs(siap_hist__yield_trend_recent) + eps),0.5959260321136438
fold_municipality_grouped,clean,B7_all_plus_discovery,ExtraTrees,5,19,disc_expr_19__difference__siap_hist_yield_trend_recent__siap_hist_yield_mean_recent,siap_hist__yield_trend_recent,siap_hist__yield_mean_recent,difference,(siap_hist__yield_trend_recent) - (siap_hist__yield_mean_recent),0.5944819628743017
fold_municipality_grouped,clean,B7_all_plus_discovery,ExtraTrees,5,20,disc_expr_20__reverse_difference__siap_hist_yield_trend_recent__siap_hist_yield_mean_recent,siap_hist__yield_trend_recent,siap_hist__yield_mean_recent,reverse_difference,(siap_hist__yield_mean_recent) - (siap_hist__yield_trend_recent),0.5944819628743017
fold_state_stratified,competition,B7_all_plus_discovery,Ridge10,1,1,disc_expr_01__reverse_safe_ratio__clim_official_2025_prec_season_sum__soilgrids_soc_depth_weighted_0_30cm,clim_official_2025__prec__season_sum,soilgrids__soc__depth_weighted_0_30cm,reverse_safe_ratio,(soilgrids__soc__depth_weighted_0_30cm) / (abs(clim_official_2025__prec__season_sum) + eps),0.7443718898398276
fold_state_stratified,competition,B7_all_plus_discovery,Ridge10,1,2,disc_expr_02__safe_ratio__clim_official_2025_prec_season_sum__soilgrids_soc_depth_weighted_0_30cm,clim_official_2025__prec__season_sum,soilgrids__soc__depth_weighted_0_30cm,safe_ratio,(clim_official_2025__prec__season_sum) / (abs(soilgrids__soc__depth_weighted_0_30cm) + eps),0.7443718898398276
fold_state_stratified,competition,B7_all_plus_discovery,Ridge10,1,3,disc_expr_03__symmetric_change__clim_official_2025_prec_season_sum__soilgrids_soc_depth_weighted_0_30cm,clim_official_2025__prec__season_sum,soilgrids__soc__depth_weighted_0_30cm,symmetric_change,2*((clim_official_2025__prec__season_sum)-(soilgrids__soc__depth_weighted_0_30cm)) / (abs(clim_official_2025__prec__season_sum)+abs(soilgrids__soc__depth_weighted_0_30cm)+eps),0.7443718898398276
fold_state_stratified,competition,B7_all_plus_discovery,Ridge10,1,4,disc_expr_04__reverse_safe_ratio__siap_hist_yield_trend_recent__agro_water_2025_precip_minus_aeti_season,siap_hist__yield_trend_recent,agro_water__2025__precip_minus_aeti_season,reverse_safe_ratio,(agro_water__2025__precip_minus_aeti_season) / (abs(siap_hist__yield_trend_recent) + eps),0.7326289719949391
fold_state_stratified,competition,B7_all_plus_discovery,Ridge10,1,5,disc_expr_05__reverse_safe_ratio__siap_hist_yield_trend_recent__siap_hist_yield_mean_recent,siap_hist__yield_trend_recent,siap_hist__yield_mean_recent,reverse_safe_ratio,(siap_hist__yield_mean_recent) / (abs(siap_hist__yield_trend_recent) + eps),0.7310492495113927
fold_state_stratified,competition,B7_all_plus_discovery,Ridge10,1,6,disc_expr_06__reverse_safe_ratio__siap_hist_yield_trend_recent__clim_official_2025_prec_season_sum,siap_hist__yield_trend_recent,clim_official_2025__prec__season_sum,reverse_safe_ratio,(clim_official_2025__prec__season_sum) / (abs(siap_hist__yield_trend_recent) + eps),0.7257264179713998
fold_state_stratified,competition,B7_all_plus_discovery,Ridge10,1,7,disc_expr_07__reverse_safe_ratio__clim_official_2025_prec_season_sum__agro_soil_soc_x_cec,clim_official_2025__prec__season_sum,agro_soil__soc_x_cec,reverse_safe_ratio,(agro_soil__soc_x_cec) / (abs(clim_official_2025__prec__season_sum) + eps),0.71417102890467
fold_state_stratified,competition,B7_all_plus_discovery,Ridge10,1,8,disc_expr_08__safe_ratio__clim_official_2025_prec_season_sum__agro_soil_soc_x_cec,clim_official_2025__prec__season_sum,agro_soil__soc_x_cec,safe_ratio,(clim_official_2025__prec__season_sum) / (abs(agro_soil__soc_x_cec) + eps),0.71417102890467
fold_state_stratified,competition,B7_all_plus_discovery,Ridge10,1,9,disc_expr_09__symmetric_change__clim_official_2025_prec_season_sum__agro_soil_soc_x_cec,clim_official_2025__prec__season_sum,agro_soil__soc_x_cec,symmetric_change,2*((clim_official_2025__prec__season_sum)-(agro_soil__soc_x_cec)) / (abs(clim_official_2025__prec__season_sum)+abs(agro_soil__soc_x_cec)+eps),0.71417102890467
fold_state_stratified,competition,B7_all_plus_discovery,Ridge10,1,10,disc_expr_10__reverse_safe_ratio__siap_hist_yield_trend_recent__agro_thermal_2025_gdd_proxy_base5p0c,siap_hist__yield_trend_recent,agro_thermal__2025__gdd_proxy_base5p0c,reverse_safe_ratio,(agro_thermal__2025__gdd_proxy_base5p0c) / (abs(siap_hist__yield_trend_recent) + eps),0.7098007993513492
fold_state_stratified,competition,B7_all_plus_discovery,Ridge10,1,11,disc_expr_11__symmetric_change__siap_hist_yield_trend_recent__agro_water_2025_precip_minus_aeti_season,siap_hist__yield_trend_recent,agro_water__2025__precip_minus_aeti_season,symmetric_change,2*((siap_hist__yield_trend_recent)-(agro_water__2025__precip_minus_aeti_season)) / (abs(siap_hist__yield_trend_recent)+abs(agro_water__2025__precip_minus_aeti_season)+eps),0.7051521661364505
fold_state_stratified,competition,B7_all_plus_discovery,Ridge10,1,12,disc_expr_12__symmetric_change__siap_hist_yield_trend_recent__clim_official_2025_prec_season_sum,siap_hist__yield_trend_recent,clim_official_2025__prec__season_sum,symmetric_change,2*((siap_hist__yield_trend_recent)-(clim_official_2025__prec__season_sum)) / (abs(siap_hist__yield_trend_recent)+abs(clim_official_2025__prec__season_sum)+eps),0.704292656286722
fold_state_stratified,competition,B7_all_plus_discovery,Ridge10,1,13,disc_expr_13__reverse_safe_ratio__siap_hist_yield_trend_recent__soilgrids_cec_depth_weighted_0_30cm,siap_hist__yield_trend_recent,soilgrids__cec__depth_weighted_0_30cm,reverse_safe_ratio,(soilgrids__cec__depth_weighted_0_30cm) / (abs(siap_hist__yield_trend_recent) + eps),0.7013159865321326
fold_state_stratified,competition,B7_all_plus_discovery,Ridge10,1,14,disc_expr_14__reverse_safe_ratio__clim_official_2025_prec_season_sum__soilgrids_nitrogen_depth_weighted_0_30cm,clim_official_2025__prec__season_sum,soilgrids__nitrogen__depth_weighted_0_30cm,reverse_safe_ratio,(soilgrids__nitrogen__depth_weighted_0_30cm) / (abs(clim_official_2025__prec__season_sum) + eps),0.6897005591564336
fold_state_stratified,competition,B7_all_plus_discovery,Ridge10,1,15,disc_expr_15__safe_ratio__clim_official_2025_prec_season_sum__soilgrids_nitrogen_depth_weighted_0_30cm,clim_official_2025__prec__season_sum,soilgrids__nitrogen__depth_weighted_0_30cm,safe_ratio,(clim_official_2025__prec__season_sum) / (abs(soilgrids__nitrogen__depth_weighted_0_30cm) + eps),0.6897005591564336
fold_state_stratified,competition,B7_all_plus_discovery,Ridge10,1,16,disc_expr_16__symmetric_change__clim_official_2025_prec_season_sum__soilgrids_nitrogen_depth_weighted_0_30cm,clim_official_2025__prec__season_sum,soilgrids__nitrogen__depth_weighted_0_30cm,symmetric_change,2*((clim_official_2025__prec__season_sum)-(soilgrids__nitrogen__depth_weighted_0_30cm)) / (abs(clim_official_2025__prec__season_sum)+abs(soilgrids__nitrogen__depth_weighted_0_30cm)+eps),0.6897005591564336
fold_state_stratified,competition,B7_all_plus_discovery,Ridge10,1,17,disc_expr_17__reverse_safe_ratio__siap_hist_yield_trend_recent__wapor_2025_aeti_season_total,siap_hist__yield_trend_recent,wapor_2025__aeti__season_total,reverse_safe_ratio,(wapor_2025__aeti__season_total) / (abs(siap_hist__yield_trend_recent) + eps),0.6893330085455001
fold_state_stratified,competition,B7_all_plus_discovery,Ridge10,1,18,disc_expr_18__reverse_safe_ratio__siap_hist_yield_trend_recent__wapor_2025_npp_season_total,siap_hist__yield_trend_recent,wapor_2025__npp__season_total,reverse_safe_ratio,(wapor_2025__npp__season_total) / (abs(siap_hist__yield_trend_recent) + eps),0.6579703199311652
fold_state_stratified,competition,B7_all_plus_discovery,Ridge10,1,19,disc_expr_19__reverse_safe_ratio__siap_hist_yield_trend_recent__emp_vci_like_short_s2_ndvi_season_mean,siap_hist__yield_trend_recent,emp_vci_like_short__s2_ndvi__season_mean,reverse_safe_ratio,(emp_vci_like_short__s2_ndvi__season_mean) / (abs(siap_hist__yield_trend_recent) + eps),0.6575229915674109
fold_state_stratified,competition,B7_all_plus_discovery,Ridge10,1,20,disc_expr_20__symmetric_change__siap_hist_yield_trend_recent__siap_hist_yield_mean_recent,siap_hist__yield_trend_recent,siap_hist__yield_mean_recent,symmetric_change,2*((siap_hist__yield_trend_recent)-(siap_hist__yield_mean_recent)) / (abs(siap_hist__yield_trend_recent)+abs(siap_hist__yield_mean_recent)+eps),0.6515747962544295
fold_state_stratified,competition,B7_all_plus_discovery,Ridge10,2,1,disc_expr_01__reverse_safe_ratio__soilgrids_soc_depth_weighted_0_30cm__clim_official_2025_prec_season_sum,soilgrids__soc__depth_weighted_0_30cm,clim_official_2025__prec__season_sum,reverse_safe_ratio,(clim_official_2025__prec__season_sum) / (abs(soilgrids__soc__depth_weighted_0_30cm) + eps),0.7023851510242621
fold_state_stratified,competition,B7_all_plus_discovery,Ridge10,2,2,disc_expr_02__safe_ratio__soilgrids_soc_depth_weighted_0_30cm__clim_official_2025_prec_season_sum,soilgrids__soc__depth_weighted_0_30cm,clim_official_2025__prec__season_sum,safe_ratio,(soilgrids__soc__depth_weighted_0_30cm) / (abs(clim_official_2025__prec__season_sum) + eps),0.7023851510242621
fold_state_stratified,competition,B7_all_plus_discovery,Ridge10,2,3,disc_expr_03__symmetric_change__soilgrids_soc_depth_weighted_0_30cm__clim_official_2025_prec_season_sum,soilgrids__soc__depth_weighted_0_30cm,clim_official_2025__prec__season_sum,symmetric_change,2*((soilgrids__soc__depth_weighted_0_30cm)-(clim_official_2025__prec__season_sum)) / (abs(soilgrids__soc__depth_weighted_0_30cm)+abs(clim_official_2025__prec__season_sum)+eps),0.7023851510242621
fold_state_stratified,competition,B7_all_plus_discovery,Ridge10,2,4,disc_expr_04__reverse_safe_ratio__siap_hist_yield_trend_recent__siap_hist_yield_mean_recent,siap_hist__yield_trend_recent,siap_hist__yield_mean_recent,reverse_safe_ratio,(siap_hist__yield_mean_recent) / (abs(siap_hist__yield_trend_recent) + eps),0.6989467709006133
fold_state_stratified,competition,B7_all_plus_discovery,Ridge10,2,5,disc_expr_05__reverse_safe_ratio__siap_hist_yield_trend_recent__clim_official_2025_prec_season_sum,siap_hist__yield_trend_recent,clim_official_2025__prec__season_sum,reverse_safe_ratio,(clim_official_2025__prec__season_sum) / (abs(siap_hist__yield_trend_recent) + eps),0.696375352125376
fold_state_stratified,competition,B7_all_plus_discovery,Ridge10,2,6,disc_expr_06__reverse_safe_ratio__siap_hist_yield_trend_recent__agro_thermal_2025_gdd_proxy_base5p0c,siap_hist__yield_trend_recent,agro_thermal__2025__gdd_proxy_base5p0c,reverse_safe_ratio,(agro_thermal__2025__gdd_proxy_base5p0c) / (abs(siap_hist__yield_trend_recent) + eps),0.6959865315562497
fold_state_stratified,competition,B7_all_plus_discovery,Ridge10,2,7,disc_expr_07__symmetric_change__siap_hist_yield_trend_recent__agro_water_2025_precip_minus_aeti_season,siap_hist__yield_trend_recent,agro_water__2025__precip_minus_aeti_season,symmetric_change,2*((siap_hist__yield_trend_recent)-(agro_water__2025__precip_minus_aeti_season)) / (abs(siap_hist__yield_trend_recent)+abs(agro_water__2025__precip_minus_aeti_season)+eps),0.6889589452597182
fold_state_stratified,competition,B7_all_plus_discovery,Ridge10,2,8,disc_expr_08__symmetric_change__siap_hist_yield_trend_recent__clim_official_2025_prec_season_sum,siap_hist__yield_trend_recent,clim_official_2025__prec__season_sum,symmetric_change,2*((siap_hist__yield_trend_recent)-(clim_official_2025__prec__season_sum)) / (abs(siap_hist__yield_trend_recent)+abs(clim_official_2025__prec__season_sum)+eps),0.680845401158508
fold_state_stratified,competition,B7_all_plus_discovery,Ridge10,2,9,disc_expr_09__reverse_safe_ratio__siap_hist_yield_trend_recent__agro_water_2025_precip_minus_aeti_season,siap_hist__yield_trend_recent,agro_water__2025__precip_minus_aeti_season,reverse_safe_ratio,(agro_water__2025__precip_minus_aeti_season) / (abs(siap_hist__yield_trend_recent) + eps),0.6764356225083563
fold_state_stratified,competition,B7_all_plus_discovery,Ridge10,2,10,disc_expr_10__symmetric_change__siap_hist_yield_trend_recent__siap_hist_yield_mean_recent,siap_hist__yield_trend_recent,siap_hist__yield_mean_recent,symmetric_change,2*((siap_hist__yield_trend_recent)-(siap_hist__yield_mean_recent)) / (abs(siap_hist__yield_trend_recent)+abs(siap_hist__yield_mean_recent)+eps),0.6762016659125157
fold_state_stratified,competition,B7_all_plus_discovery,Ridge10,2,11,disc_expr_11__reverse_safe_ratio__siap_hist_yield_trend_recent__wapor_2025_aeti_season_total,siap_hist__yield_trend_recent,wapor_2025__aeti__season_total,reverse_safe_ratio,(wapor_2025__aeti__season_total) / (abs(siap_hist__yield_trend_recent) + eps),0.6629680809781219
fold_state_stratified,competition,B7_all_plus_discovery,Ridge10,2,12,disc_expr_12__reverse_safe_ratio__clim_official_2025_prec_season_sum__agro_soil_soc_x_cec,clim_official_2025__prec__season_sum,agro_soil__soc_x_cec,reverse_safe_ratio,(agro_soil__soc_x_cec) / (abs(clim_official_2025__prec__season_sum) + eps),0.6553104215035338
fold_state_stratified,competition,B7_all_plus_discovery,Ridge10,2,13,disc_expr_13__safe_ratio__clim_official_2025_prec_season_sum__agro_soil_soc_x_cec,clim_official_2025__prec__season_sum,agro_soil__soc_x_cec,safe_ratio,(clim_official_2025__prec__season_sum) / (abs(agro_soil__soc_x_cec) + eps),0.6553104215035338
fold_state_stratified,competition,B7_all_plus_discovery,Ridge10,2,14,disc_expr_14__symmetric_change__clim_official_2025_prec_season_sum__agro_soil_soc_x_cec,clim_official_2025__prec__season_sum,agro_soil__soc_x_cec,symmetric_change,2*((clim_official_2025__prec__season_sum)-(agro_soil__soc_x_cec)) / (abs(clim_official_2025__prec__season_sum)+abs(agro_soil__soc_x_cec)+eps),0.6553104215035338
fold_state_stratified,competition,B7_all_plus_discovery,Ridge10,2,15,disc_expr_15__reverse_safe_ratio__siap_hist_yield_trend_recent__emp_vci_like_short_s2_ndvi_season_mean,siap_hist__yield_trend_recent,emp_vci_like_short__s2_ndvi__season_mean,reverse_safe_ratio,(emp_vci_like_short__s2_ndvi__season_mean) / (abs(siap_hist__yield_trend_recent) + eps),0.6376819924357798
fold_state_stratified,competition,B7_all_plus_discovery,Ridge10,2,16,disc_expr_16__reverse_safe_ratio__siap_hist_yield_trend_recent__wapor_2025_npp_season_total,siap_hist__yield_trend_recent,wapor_2025__npp__season_total,reverse_safe_ratio,(wapor_2025__npp__season_total) / (abs(siap_hist__yield_trend_recent) + eps),0.627101320760567
fold_state_stratified,competition,B7_all_plus_discovery,Ridge10,2,17,disc_expr_17__sum__siap_hist_yield_trend_recent__soilgrids_nitrogen_depth_weighted_0_30cm,siap_hist__yield_trend_recent,soilgrids__nitrogen__depth_weighted_0_30cm,sum,(siap_hist__yield_trend_recent) + (soilgrids__nitrogen__depth_weighted_0_30cm),0.6266712841105029
fold_state_stratified,competition,B7_all_plus_discovery,Ridge10,2,18,disc_expr_18__reverse_safe_ratio__soilgrids_nitrogen_depth_weighted_0_30cm__clim_official_2025_prec_season_sum,soilgrids__nitrogen__depth_weighted_0_30cm,clim_official_2025__prec__season_sum,reverse_safe_ratio,(clim_official_2025__prec__season_sum) / (abs(soilgrids__nitrogen__depth_weighted_0_30cm) + eps),0.6263211543482369
fold_state_stratified,competition,B7_all_plus_discovery,Ridge10,2,19,disc_expr_19__safe_ratio__soilgrids_nitrogen_depth_weighted_0_30cm__clim_official_2025_prec_season_sum,soilgrids__nitrogen__depth_weighted_0_30cm,clim_official_2025__prec__season_sum,safe_ratio,(soilgrids__nitrogen__depth_weighted_0_30cm) / (abs(clim_official_2025__prec__season_sum) + eps),0.6263211543482369
fold_state_stratified,competition,B7_all_plus_discovery,Ridge10,2,20,disc_expr_20__symmetric_change__soilgrids_nitrogen_depth_weighted_0_30cm__clim_official_2025_prec_season_sum,soilgrids__nitrogen__depth_weighted_0_30cm,clim_official_2025__prec__season_sum,symmetric_change,2*((soilgrids__nitrogen__depth_weighted_0_30cm)-(clim_official_2025__prec__season_sum)) / (abs(soilgrids__nitrogen__depth_weighted_0_30cm)+abs(clim_official_2025__prec__season_sum)+eps),0.6263211543482369
fold_state_stratified,competition,B7_all_plus_discovery,Ridge10,3,1,disc_expr_01__reverse_safe_ratio__soilgrids_soc_depth_weighted_0_30cm__clim_official_2025_prec_season_sum,soilgrids__soc__depth_weighted_0_30cm,clim_official_2025__prec__season_sum,reverse_safe_ratio,(clim_official_2025__prec__season_sum) / (abs(soilgrids__soc__depth_weighted_0_30cm) + eps),0.6753817593295744
fold_state_stratified,competition,B7_all_plus_discovery,Ridge10,3,2,disc_expr_02__safe_ratio__soilgrids_soc_depth_weighted_0_30cm__clim_official_2025_prec_season_sum,soilgrids__soc__depth_weighted_0_30cm,clim_official_2025__prec__season_sum,safe_ratio,(soilgrids__soc__depth_weighted_0_30cm) / (abs(clim_official_2025__prec__season_sum) + eps),0.6753817593295744
fold_state_stratified,competition,B7_all_plus_discovery,Ridge10,3,3,disc_expr_03__symmetric_change__soilgrids_soc_depth_weighted_0_30cm__clim_official_2025_prec_season_sum,soilgrids__soc__depth_weighted_0_30cm,clim_official_2025__prec__season_sum,symmetric_change,2*((soilgrids__soc__depth_weighted_0_30cm)-(clim_official_2025__prec__season_sum)) / (abs(soilgrids__soc__depth_weighted_0_30cm)+abs(clim_official_2025__prec__season_sum)+eps),0.6753817593295744
fold_state_stratified,competition,B7_all_plus_discovery,Ridge10,3,4,disc_expr_04__reverse_safe_ratio__siap_hist_yield_trend_recent__soilgrids_cec_depth_weighted_0_30cm,siap_hist__yield_trend_recent,soilgrids__cec__depth_weighted_0_30cm,reverse_safe_ratio,(soilgrids__cec__depth_weighted_0_30cm) / (abs(siap_hist__yield_trend_recent) + eps),0.6494696286032755
fold_state_stratified,competition,B7_all_plus_discovery,Ridge10,3,5,disc_expr_05__symmetric_change__siap_hist_yield_trend_recent__agro_water_2025_precip_minus_aeti_season,siap_hist__yield_trend_recent,agro_water__2025__precip_minus_aeti_season,symmetric_change,2*((siap_hist__yield_trend_recent)-(agro_water__2025__precip_minus_aeti_season)) / (abs(siap_hist__yield_trend_recent)+abs(agro_water__2025__precip_minus_aeti_season)+eps),0.6473231255131191
fold_state_stratified,competition,B7_all_plus_discovery,Ridge10,3,6,disc_expr_06__reverse_safe_ratio__siap_hist_yield_trend_recent__agro_thermal_2025_gdd_proxy_base5p0c,siap_hist__yield_trend_recent,agro_thermal__2025__gdd_proxy_base5p0c,reverse_safe_ratio,(agro_thermal__2025__gdd_proxy_base5p0c) / (abs(siap_hist__yield_trend_recent) + eps),0.6457670121134921
fold_state_stratified,competition,B7_all_plus_discovery,Ridge10,3,7,disc_expr_07__reverse_safe_ratio__siap_hist_yield_trend_recent__siap_hist_yield_mean_recent,siap_hist__yield_trend_recent,siap_hist__yield_mean_recent,reverse_safe_ratio,(siap_hist__yield_mean_recent) / (abs(siap_hist__yield_trend_recent) + eps),0.6436484973588474
fold_state_stratified,competition,B7_all_plus_discovery,Ridge10,3,8,disc_expr_08__reverse_safe_ratio__siap_hist_yield_trend_recent__clim_official_2025_prec_season_sum,siap_hist__yield_trend_recent,clim_official_2025__prec__season_sum,reverse_safe_ratio,(clim_official_2025__prec__season_sum) / (abs(siap_hist__yield_trend_recent) + eps),0.6401001643130277
fold_state_stratified,competition,B7_all_plus_discovery,Ridge10,3,9,disc_expr_09__reverse_safe_ratio__siap_hist_yield_trend_recent__agro_water_2025_precip_minus_aeti_season,siap_hist__yield_trend_recent,agro_water__2025__precip_minus_aeti_season,reverse_safe_ratio,(agro_water__2025__precip_minus_aeti_season) / (abs(siap_hist__yield_trend_recent) + eps),0.637293374272993
fold_state_stratified,competition,B7_all_plus_discovery,Ridge10,3,10,disc_expr_10__symmetric_change__siap_hist_yield_trend_recent__clim_official_2025_prec_season_sum,siap_hist__yield_trend_recent,clim_official_2025__prec__season_sum,symmetric_change,2*((siap_hist__yield_trend_recent)-(clim_official_2025__prec__season_sum)) / (abs(siap_hist__yield_trend_recent)+abs(clim_official_2025__prec__season_sum)+eps),0.6365583844377375
fold_state_stratified,competition,B7_all_plus_discovery,Ridge10,3,11,disc_expr_11__reverse_safe_ratio__siap_hist_yield_trend_recent__emp_shape_y2025_s2_ndvi_shape_entropy,siap_hist__yield_trend_recent,emp_shape__y2025_s2_ndvi__shape_entropy,reverse_safe_ratio,(emp_shape__y2025_s2_ndvi__shape_entropy) / (abs(siap_hist__yield_trend_recent) + eps),0.6258953138812422
fold_state_stratified,competition,B7_all_plus_discovery,Ridge10,3,12,disc_expr_12__reverse_safe_ratio__siap_hist_yield_trend_recent__wapor_2025_aeti_season_total,siap_hist__yield_trend_recent,wapor_2025__aeti__season_total,reverse_safe_ratio,(wapor_2025__aeti__season_total) / (abs(siap_hist__yield_trend_recent) + eps),0.6256198457022023
fold_state_stratified,competition,B7_all_plus_discovery,Ridge10,3,13,disc_expr_13__symmetric_change__siap_hist_yield_trend_recent__siap_hist_yield_mean_recent,siap_hist__yield_trend_recent,siap_hist__yield_mean_recent,symmetric_change,2*((siap_hist__yield_trend_recent)-(siap_hist__yield_mean_recent)) / (abs(siap_hist__yield_trend_recent)+abs(siap_hist__yield_mean_recent)+eps),0.617169457653625
fold_state_stratified,competition,B7_all_plus_discovery,Ridge10,3,14,disc_expr_14__reverse_safe_ratio__clim_official_2025_prec_season_sum__agro_soil_soc_x_cec,clim_official_2025__prec__season_sum,agro_soil__soc_x_cec,reverse_safe_ratio,(agro_soil__soc_x_cec) / (abs(clim_official_2025__prec__season_sum) + eps),0.614412836893924
fold_state_stratified,competition,B7_all_plus_discovery,Ridge10,3,15,disc_expr_15__safe_ratio__clim_official_2025_prec_season_sum__agro_soil_soc_x_cec,clim_official_2025__prec__season_sum,agro_soil__soc_x_cec,safe_ratio,(clim_official_2025__prec__season_sum) / (abs(agro_soil__soc_x_cec) + eps),0.614412836893924
fold_state_stratified,competition,B7_all_plus_discovery,Ridge10,3,16,disc_expr_16__symmetric_change__clim_official_2025_prec_season_sum__agro_soil_soc_x_cec,clim_official_2025__prec__season_sum,agro_soil__soc_x_cec,symmetric_change,2*((clim_official_2025__prec__season_sum)-(agro_soil__soc_x_cec)) / (abs(clim_official_2025__prec__season_sum)+abs(agro_soil__soc_x_cec)+eps),0.614412836893924
fold_state_stratified,competition,B7_all_plus_discovery,Ridge10,3,17,disc_expr_17__symmetric_change__siap_hist_yield_trend_recent__soilgrids_cec_depth_weighted_0_30cm,siap_hist__yield_trend_recent,soilgrids__cec__depth_weighted_0_30cm,symmetric_change,2*((siap_hist__yield_trend_recent)-(soilgrids__cec__depth_weighted_0_30cm)) / (abs(siap_hist__yield_trend_recent)+abs(soilgrids__cec__depth_weighted_0_30cm)+eps),0.6138664151759242
fold_state_stratified,competition,B7_all_plus_discovery,Ridge10,3,18,disc_expr_18__reverse_safe_ratio__clim_official_2025_prec_season_sum__soilgrids_nitrogen_depth_weighted_0_30cm,clim_official_2025__prec__season_sum,soilgrids__nitrogen__depth_weighted_0_30cm,reverse_safe_ratio,(soilgrids__nitrogen__depth_weighted_0_30cm) / (abs(clim_official_2025__prec__season_sum) + eps),0.605968137615747
fold_state_stratified,competition,B7_all_plus_discovery,Ridge10,3,19,disc_expr_19__safe_ratio__clim_official_2025_prec_season_sum__soilgrids_nitrogen_depth_weighted_0_30cm,clim_official_2025__prec__season_sum,soilgrids__nitrogen__depth_weighted_0_30cm,safe_ratio,(clim_official_2025__prec__season_sum) / (abs(soilgrids__nitrogen__depth_weighted_0_30cm) + eps),0.605968137615747
fold_state_stratified,competition,B7_all_plus_discovery,Ridge10,3,20,disc_expr_20__symmetric_change__clim_official_2025_prec_season_sum__soilgrids_nitrogen_depth_weighted_0_30cm,clim_official_2025__prec__season_sum,soilgrids__nitrogen__depth_weighted_0_30cm,symmetric_change,2*((clim_official_2025__prec__season_sum)-(soilgrids__nitrogen__depth_weighted_0_30cm)) / (abs(clim_official_2025__prec__season_sum)+abs(soilgrids__nitrogen__depth_weighted_0_30cm)+eps),0.605968137615747
fold_state_stratified,competition,B7_all_plus_discovery,Ridge10,4,1,disc_expr_01__reverse_safe_ratio__siap_hist_yield_trend_recent__agro_thermal_2025_gdd_proxy_base5p0c,siap_hist__yield_trend_recent,agro_thermal__2025__gdd_proxy_base5p0c,reverse_safe_ratio,(agro_thermal__2025__gdd_proxy_base5p0c) / (abs(siap_hist__yield_trend_recent) + eps),0.6936508170373883
fold_state_stratified,competition,B7_all_plus_discovery,Ridge10,4,2,disc_expr_02__reverse_safe_ratio__siap_hist_yield_trend_recent__siap_hist_yield_mean_recent,siap_hist__yield_trend_recent,siap_hist__yield_mean_recent,reverse_safe_ratio,(siap_hist__yield_mean_recent) / (abs(siap_hist__yield_trend_recent) + eps),0.6920675843306748
fold_state_stratified,competition,B7_all_plus_discovery,Ridge10,4,3,disc_expr_03__symmetric_change__siap_hist_yield_trend_recent__clim_official_2025_prec_season_sum,siap_hist__yield_trend_recent,clim_official_2025__prec__season_sum,symmetric_change,2*((siap_hist__yield_trend_recent)-(clim_official_2025__prec__season_sum)) / (abs(siap_hist__yield_trend_recent)+abs(clim_official_2025__prec__season_sum)+eps),0.6915000860565981
fold_state_stratified,competition,B7_all_plus_discovery,Ridge10,4,4,disc_expr_04__reverse_safe_ratio__siap_hist_yield_trend_recent__clim_official_2025_prec_season_sum,siap_hist__yield_trend_recent,clim_official_2025__prec__season_sum,reverse_safe_ratio,(clim_official_2025__prec__season_sum) / (abs(siap_hist__yield_trend_recent) + eps),0.6902889083614119
fold_state_stratified,competition,B7_all_plus_discovery,Ridge10,4,5,disc_expr_05__reverse_safe_ratio__soilgrids_soc_depth_weighted_0_30cm__clim_official_2025_prec_season_sum,soilgrids__soc__depth_weighted_0_30cm,clim_official_2025__prec__season_sum,reverse_safe_ratio,(clim_official_2025__prec__season_sum) / (abs(soilgrids__soc__depth_weighted_0_30cm) + eps),0.6891195810102704
fold_state_stratified,competition,B7_all_plus_discovery,Ridge10,4,6,disc_expr_06__safe_ratio__soilgrids_soc_depth_weighted_0_30cm__clim_official_2025_prec_season_sum,soilgrids__soc__depth_weighted_0_30cm,clim_official_2025__prec__season_sum,safe_ratio,(soilgrids__soc__depth_weighted_0_30cm) / (abs(clim_official_2025__prec__season_sum) + eps),0.6891195810102704
fold_state_stratified,competition,B7_all_plus_discovery,Ridge10,4,7,disc_expr_07__symmetric_change__soilgrids_soc_depth_weighted_0_30cm__clim_official_2025_prec_season_sum,soilgrids__soc__depth_weighted_0_30cm,clim_official_2025__prec__season_sum,symmetric_change,2*((soilgrids__soc__depth_weighted_0_30cm)-(clim_official_2025__prec__season_sum)) / (abs(soilgrids__soc__depth_weighted_0_30cm)+abs(clim_official_2025__prec__season_sum)+eps),0.6891195810102704
fold_state_stratified,competition,B7_all_plus_discovery,Ridge10,4,8,disc_expr_08__symmetric_change__siap_hist_yield_trend_recent__siap_hist_yield_mean_recent,siap_hist__yield_trend_recent,siap_hist__yield_mean_recent,symmetric_change,2*((siap_hist__yield_trend_recent)-(siap_hist__yield_mean_recent)) / (abs(siap_hist__yield_trend_recent)+abs(siap_hist__yield_mean_recent)+eps),0.6771860495676001
fold_state_stratified,competition,B7_all_plus_discovery,Ridge10,4,9,disc_expr_09__reverse_safe_ratio__siap_hist_yield_trend_recent__wapor_2025_aeti_season_total,siap_hist__yield_trend_recent,wapor_2025__aeti__season_total,reverse_safe_ratio,(wapor_2025__aeti__season_total) / (abs(siap_hist__yield_trend_recent) + eps),0.6624576006572458
fold_state_stratified,competition,B7_all_plus_discovery,Ridge10,4,10,disc_expr_10__reverse_safe_ratio__clim_official_2025_prec_season_sum__agro_soil_soc_x_cec,clim_official_2025__prec__season_sum,agro_soil__soc_x_cec,reverse_safe_ratio,(agro_soil__soc_x_cec) / (abs(clim_official_2025__prec__season_sum) + eps),0.649022927797865
fold_state_stratified,competition,B7_all_plus_discovery,Ridge10,4,11,disc_expr_11__safe_ratio__clim_official_2025_prec_season_sum__agro_soil_soc_x_cec,clim_official_2025__prec__season_sum,agro_soil__soc_x_cec,safe_ratio,(clim_official_2025__prec__season_sum) / (abs(agro_soil__soc_x_cec) + eps),0.649022927797865
fold_state_stratified,competition,B7_all_plus_discovery,Ridge10,4,12,disc_expr_12__symmetric_change__clim_official_2025_prec_season_sum__agro_soil_soc_x_cec,clim_official_2025__prec__season_sum,agro_soil__soc_x_cec,symmetric_change,2*((clim_official_2025__prec__season_sum)-(agro_soil__soc_x_cec)) / (abs(clim_official_2025__prec__season_sum)+abs(agro_soil__soc_x_cec)+eps),0.649022927797865
fold_state_stratified,competition,B7_all_plus_discovery,Ridge10,4,13,disc_expr_13__reverse_safe_ratio__siap_hist_yield_trend_recent__emp_vci_like_short_s2_ndvi_season_mean,siap_hist__yield_trend_recent,emp_vci_like_short__s2_ndvi__season_mean,reverse_safe_ratio,(emp_vci_like_short__s2_ndvi__season_mean) / (abs(siap_hist__yield_trend_recent) + eps),0.6461505055987902
fold_state_stratified,competition,B7_all_plus_discovery,Ridge10,4,14,disc_expr_14__reverse_safe_ratio__siap_hist_yield_trend_recent__wapor_2025_npp_season_total,siap_hist__yield_trend_recent,wapor_2025__npp__season_total,reverse_safe_ratio,(wapor_2025__npp__season_total) / (abs(siap_hist__yield_trend_recent) + eps),0.6343851277674538
fold_state_stratified,competition,B7_all_plus_discovery,Ridge10,4,15,disc_expr_15__symmetric_change__siap_hist_yield_trend_recent__agro_thermal_2025_gdd_proxy_base5p0c,siap_hist__yield_trend_recent,agro_thermal__2025__gdd_proxy_base5p0c,symmetric_change,2*((siap_hist__yield_trend_recent)-(agro_thermal__2025__gdd_proxy_base5p0c)) / (abs(siap_hist__yield_trend_recent)+abs(agro_thermal__2025__gdd_proxy_base5p0c)+eps),0.6189763686981523
fold_state_stratified,competition,B7_all_plus_discovery,Ridge10,4,16,disc_expr_16__reverse_safe_ratio__clim_official_2025_prec_season_sum__soilgrids_nitrogen_depth_weighted_0_30cm,clim_official_2025__prec__season_sum,soilgrids__nitrogen__depth_weighted_0_30cm,reverse_safe_ratio,(soilgrids__nitrogen__depth_weighted_0_30cm) / (abs(clim_official_2025__prec__season_sum) + eps),0.6163102475379384
fold_state_stratified,competition,B7_all_plus_discovery,Ridge10,4,17,disc_expr_17__safe_ratio__clim_official_2025_prec_season_sum__soilgrids_nitrogen_depth_weighted_0_30cm,clim_official_2025__prec__season_sum,soilgrids__nitrogen__depth_weighted_0_30cm,safe_ratio,(clim_official_2025__prec__season_sum) / (abs(soilgrids__nitrogen__depth_weighted_0_30cm) + eps),0.6163102475379384
fold_state_stratified,competition,B7_all_plus_discovery,Ridge10,4,18,disc_expr_18__symmetric_change__clim_official_2025_prec_season_sum__soilgrids_nitrogen_depth_weighted_0_30cm,clim_official_2025__prec__season_sum,soilgrids__nitrogen__depth_weighted_0_30cm,symmetric_change,2*((clim_official_2025__prec__season_sum)-(soilgrids__nitrogen__depth_weighted_0_30cm)) / (abs(clim_official_2025__prec__season_sum)+abs(soilgrids__nitrogen__depth_weighted_0_30cm)+eps),0.6163102475379384
fold_state_stratified,competition,B7_all_plus_discovery,Ridge10,4,19,disc_expr_19__reverse_safe_ratio__siap_hist_yield_trend_recent__soilgrids_nitrogen_depth_weighted_0_30cm,siap_hist__yield_trend_recent,soilgrids__nitrogen__depth_weighted_0_30cm,reverse_safe_ratio,(soilgrids__nitrogen__depth_weighted_0_30cm) / (abs(siap_hist__yield_trend_recent) + eps),0.6160450966259896
fold_state_stratified,competition,B7_all_plus_discovery,Ridge10,4,20,disc_expr_20__reverse_safe_ratio__siap_hist_yield_trend_recent__soilgrids_soc_depth_weighted_0_30cm,siap_hist__yield_trend_recent,soilgrids__soc__depth_weighted_0_30cm,reverse_safe_ratio,(soilgrids__soc__depth_weighted_0_30cm) / (abs(siap_hist__yield_trend_recent) + eps),0.5985807264810121
fold_state_stratified,competition,B7_all_plus_discovery,Ridge10,5,1,disc_expr_01__reverse_safe_ratio__soilgrids_soc_depth_weighted_0_30cm__clim_official_2025_prec_season_sum,soilgrids__soc__depth_weighted_0_30cm,clim_official_2025__prec__season_sum,reverse_safe_ratio,(clim_official_2025__prec__season_sum) / (abs(soilgrids__soc__depth_weighted_0_30cm) + eps),0.722602160280277
fold_state_stratified,competition,B7_all_plus_discovery,Ridge10,5,2,disc_expr_02__safe_ratio__soilgrids_soc_depth_weighted_0_30cm__clim_official_2025_prec_season_sum,soilgrids__soc__depth_weighted_0_30cm,clim_official_2025__prec__season_sum,safe_ratio,(soilgrids__soc__depth_weighted_0_30cm) / (abs(clim_official_2025__prec__season_sum) + eps),0.722602160280277
fold_state_stratified,competition,B7_all_plus_discovery,Ridge10,5,3,disc_expr_03__symmetric_change__soilgrids_soc_depth_weighted_0_30cm__clim_official_2025_prec_season_sum,soilgrids__soc__depth_weighted_0_30cm,clim_official_2025__prec__season_sum,symmetric_change,2*((soilgrids__soc__depth_weighted_0_30cm)-(clim_official_2025__prec__season_sum)) / (abs(soilgrids__soc__depth_weighted_0_30cm)+abs(clim_official_2025__prec__season_sum)+eps),0.722602160280277
fold_state_stratified,competition,B7_all_plus_discovery,Ridge10,5,4,disc_expr_04__symmetric_change__siap_hist_yield_trend_recent__agro_water_2025_precip_minus_aeti_season,siap_hist__yield_trend_recent,agro_water__2025__precip_minus_aeti_season,symmetric_change,2*((siap_hist__yield_trend_recent)-(agro_water__2025__precip_minus_aeti_season)) / (abs(siap_hist__yield_trend_recent)+abs(agro_water__2025__precip_minus_aeti_season)+eps),0.7146744100822002
fold_state_stratified,competition,B7_all_plus_discovery,Ridge10,5,5,disc_expr_05__reverse_safe_ratio__siap_hist_yield_trend_recent__agro_thermal_2025_gdd_proxy_base5p0c,siap_hist__yield_trend_recent,agro_thermal__2025__gdd_proxy_base5p0c,reverse_safe_ratio,(agro_thermal__2025__gdd_proxy_base5p0c) / (abs(siap_hist__yield_trend_recent) + eps),0.7132018223301518
fold_state_stratified,competition,B7_all_plus_discovery,Ridge10,5,6,disc_expr_06__symmetric_change__siap_hist_yield_trend_recent__clim_official_2025_prec_season_sum,siap_hist__yield_trend_recent,clim_official_2025__prec__season_sum,symmetric_change,2*((siap_hist__yield_trend_recent)-(clim_official_2025__prec__season_sum)) / (abs(siap_hist__yield_trend_recent)+abs(clim_official_2025__prec__season_sum)+eps),0.7050773099352333
fold_state_stratified,competition,B7_all_plus_discovery,Ridge10,5,7,disc_expr_07__reverse_safe_ratio__siap_hist_yield_trend_recent__clim_official_2025_prec_season_sum,siap_hist__yield_trend_recent,clim_official_2025__prec__season_sum,reverse_safe_ratio,(clim_official_2025__prec__season_sum) / (abs(siap_hist__yield_trend_recent) + eps),0.7047436087141934
fold_state_stratified,competition,B7_all_plus_discovery,Ridge10,5,8,disc_expr_08__reverse_safe_ratio__siap_hist_yield_trend_recent__agro_water_2025_precip_minus_aeti_season,siap_hist__yield_trend_recent,agro_water__2025__precip_minus_aeti_season,reverse_safe_ratio,(agro_water__2025__precip_minus_aeti_season) / (abs(siap_hist__yield_trend_recent) + eps),0.6970230781788282
fold_state_stratified,competition,B7_all_plus_discovery,Ridge10,5,9,disc_expr_09__reverse_safe_ratio__siap_hist_yield_trend_recent__soilgrids_cec_depth_weighted_0_30cm,siap_hist__yield_trend_recent,soilgrids__cec__depth_weighted_0_30cm,reverse_safe_ratio,(soilgrids__cec__depth_weighted_0_30cm) / (abs(siap_hist__yield_trend_recent) + eps),0.696111236529162
fold_state_stratified,competition,B7_all_plus_discovery,Ridge10,5,10,disc_expr_10__reverse_safe_ratio__siap_hist_yield_trend_recent__siap_hist_yield_mean_recent,siap_hist__yield_trend_recent,siap_hist__yield_mean_recent,reverse_safe_ratio,(siap_hist__yield_mean_recent) / (abs(siap_hist__yield_trend_recent) + eps),0.695624852036423
fold_state_stratified,competition,B7_all_plus_discovery,Ridge10,5,11,disc_expr_11__symmetric_change__siap_hist_yield_trend_recent__soilgrids_cec_depth_weighted_0_30cm,siap_hist__yield_trend_recent,soilgrids__cec__depth_weighted_0_30cm,symmetric_change,2*((siap_hist__yield_trend_recent)-(soilgrids__cec__depth_weighted_0_30cm)) / (abs(siap_hist__yield_trend_recent)+abs(soilgrids__cec__depth_weighted_0_30cm)+eps),0.6840503931612463
fold_state_stratified,competition,B7_all_plus_discovery,Ridge10,5,12,disc_expr_12__symmetric_change__siap_hist_yield_trend_recent__siap_hist_yield_mean_recent,siap_hist__yield_trend_recent,siap_hist__yield_mean_recent,symmetric_change,2*((siap_hist__yield_trend_recent)-(siap_hist__yield_mean_recent)) / (abs(siap_hist__yield_trend_recent)+abs(siap_hist__yield_mean_recent)+eps),0.6827766670001975
fold_state_stratified,competition,B7_all_plus_discovery,Ridge10,5,13,disc_expr_13__reverse_safe_ratio__clim_official_2025_prec_season_sum__agro_soil_soc_x_cec,clim_official_2025__prec__season_sum,agro_soil__soc_x_cec,reverse_safe_ratio,(agro_soil__soc_x_cec) / (abs(clim_official_2025__prec__season_sum) + eps),0.6740773856110372
fold_state_stratified,competition,B7_all_plus_discovery,Ridge10,5,14,disc_expr_14__safe_ratio__clim_official_2025_prec_season_sum__agro_soil_soc_x_cec,clim_official_2025__prec__season_sum,agro_soil__soc_x_cec,safe_ratio,(clim_official_2025__prec__season_sum) / (abs(agro_soil__soc_x_cec) + eps),0.6740773856110372
fold_state_stratified,competition,B7_all_plus_discovery,Ridge10,5,15,disc_expr_15__symmetric_change__clim_official_2025_prec_season_sum__agro_soil_soc_x_cec,clim_official_2025__prec__season_sum,agro_soil__soc_x_cec,symmetric_change,2*((clim_official_2025__prec__season_sum)-(agro_soil__soc_x_cec)) / (abs(clim_official_2025__prec__season_sum)+abs(agro_soil__soc_x_cec)+eps),0.6740773856110372
fold_state_stratified,competition,B7_all_plus_discovery,Ridge10,5,16,disc_expr_16__symmetric_change__siap_hist_yield_trend_recent__agro_thermal_2025_gdd_proxy_base5p0c,siap_hist__yield_trend_recent,agro_thermal__2025__gdd_proxy_base5p0c,symmetric_change,2*((siap_hist__yield_trend_recent)-(agro_thermal__2025__gdd_proxy_base5p0c)) / (abs(siap_hist__yield_trend_recent)+abs(agro_thermal__2025__gdd_proxy_base5p0c)+eps),0.661647208354292
fold_state_stratified,competition,B7_all_plus_discovery,Ridge10,5,17,disc_expr_17__sum__siap_hist_yield_trend_recent__soilgrids_nitrogen_depth_weighted_0_30cm,siap_hist__yield_trend_recent,soilgrids__nitrogen__depth_weighted_0_30cm,sum,(siap_hist__yield_trend_recent) + (soilgrids__nitrogen__depth_weighted_0_30cm),0.6540646654999276
fold_state_stratified,competition,B7_all_plus_discovery,Ridge10,5,18,disc_expr_18__reverse_safe_ratio__siap_hist_yield_trend_recent__wapor_2025_aeti_season_total,siap_hist__yield_trend_recent,wapor_2025__aeti__season_total,reverse_safe_ratio,(wapor_2025__aeti__season_total) / (abs(siap_hist__yield_trend_recent) + eps),0.6499675215622639
fold_state_stratified,competition,B7_all_plus_discovery,Ridge10,5,19,disc_expr_19__reverse_safe_ratio__clim_official_2025_prec_season_sum__soilgrids_nitrogen_depth_weighted_0_30cm,clim_official_2025__prec__season_sum,soilgrids__nitrogen__depth_weighted_0_30cm,reverse_safe_ratio,(soilgrids__nitrogen__depth_weighted_0_30cm) / (abs(clim_official_2025__prec__season_sum) + eps),0.6408579690539844
fold_state_stratified,competition,B7_all_plus_discovery,Ridge10,5,20,disc_expr_20__safe_ratio__clim_official_2025_prec_season_sum__soilgrids_nitrogen_depth_weighted_0_30cm,clim_official_2025__prec__season_sum,soilgrids__nitrogen__depth_weighted_0_30cm,safe_ratio,(clim_official_2025__prec__season_sum) / (abs(soilgrids__nitrogen__depth_weighted_0_30cm) + eps),0.6408579690539844
fold_municipality_grouped,competition,B7_all_plus_discovery,Ridge10,1,1,disc_expr_01__reverse_safe_ratio__clim_official_2025_prec_season_sum__soilgrids_soc_depth_weighted_0_30cm,clim_official_2025__prec__season_sum,soilgrids__soc__depth_weighted_0_30cm,reverse_safe_ratio,(soilgrids__soc__depth_weighted_0_30cm) / (abs(clim_official_2025__prec__season_sum) + eps),0.5012625826870797
fold_municipality_grouped,competition,B7_all_plus_discovery,Ridge10,1,2,disc_expr_02__safe_ratio__clim_official_2025_prec_season_sum__soilgrids_soc_depth_weighted_0_30cm,clim_official_2025__prec__season_sum,soilgrids__soc__depth_weighted_0_30cm,safe_ratio,(clim_official_2025__prec__season_sum) / (abs(soilgrids__soc__depth_weighted_0_30cm) + eps),0.5012625826870797
fold_municipality_grouped,competition,B7_all_plus_discovery,Ridge10,1,3,disc_expr_03__symmetric_change__clim_official_2025_prec_season_sum__soilgrids_soc_depth_weighted_0_30cm,clim_official_2025__prec__season_sum,soilgrids__soc__depth_weighted_0_30cm,symmetric_change,2*((clim_official_2025__prec__season_sum)-(soilgrids__soc__depth_weighted_0_30cm)) / (abs(clim_official_2025__prec__season_sum)+abs(soilgrids__soc__depth_weighted_0_30cm)+eps),0.5012625826870797
fold_municipality_grouped,competition,B7_all_plus_discovery,Ridge10,1,4,disc_expr_04__symmetric_change__clim_official_2025_prec_season_sum__siap_hist_yield_trend_recent,clim_official_2025__prec__season_sum,siap_hist__yield_trend_recent,symmetric_change,2*((clim_official_2025__prec__season_sum)-(siap_hist__yield_trend_recent)) / (abs(clim_official_2025__prec__season_sum)+abs(siap_hist__yield_trend_recent)+eps),0.49167077884225885
fold_municipality_grouped,competition,B7_all_plus_discovery,Ridge10,1,5,disc_expr_05__symmetric_change__agro_water_2025_precip_minus_aeti_season__siap_hist_yield_trend_recent,agro_water__2025__precip_minus_aeti_season,siap_hist__yield_trend_recent,symmetric_change,2*((agro_water__2025__precip_minus_aeti_season)-(siap_hist__yield_trend_recent)) / (abs(agro_water__2025__precip_minus_aeti_season)+abs(siap_hist__yield_trend_recent)+eps),0.4911115650246847
fold_municipality_grouped,competition,B7_all_plus_discovery,Ridge10,1,6,disc_expr_06__reverse_safe_ratio__agro_water_2025_precip_minus_aeti_season__soilgrids_soc_depth_weighted_0_30cm,agro_water__2025__precip_minus_aeti_season,soilgrids__soc__depth_weighted_0_30cm,reverse_safe_ratio,(soilgrids__soc__depth_weighted_0_30cm) / (abs(agro_water__2025__precip_minus_aeti_season) + eps),0.4762356812862236
fold_municipality_grouped,competition,B7_all_plus_discovery,Ridge10,1,7,disc_expr_07__safe_ratio__agro_water_2025_precip_minus_aeti_season__soilgrids_soc_depth_weighted_0_30cm,agro_water__2025__precip_minus_aeti_season,soilgrids__soc__depth_weighted_0_30cm,safe_ratio,(agro_water__2025__precip_minus_aeti_season) / (abs(soilgrids__soc__depth_weighted_0_30cm) + eps),0.4762356812862236
fold_municipality_grouped,competition,B7_all_plus_discovery,Ridge10,1,8,disc_expr_08__symmetric_change__agro_water_2025_precip_minus_aeti_season__soilgrids_soc_depth_weighted_0_30cm,agro_water__2025__precip_minus_aeti_season,soilgrids__soc__depth_weighted_0_30cm,symmetric_change,2*((agro_water__2025__precip_minus_aeti_season)-(soilgrids__soc__depth_weighted_0_30cm)) / (abs(agro_water__2025__precip_minus_aeti_season)+abs(soilgrids__soc__depth_weighted_0_30cm)+eps),0.4762356812862236
fold_municipality_grouped,competition,B7_all_plus_discovery,Ridge10,1,9,disc_expr_09__reverse_safe_ratio__clim_official_2025_prec_season_sum__siap_hist_yield_mean_recent,clim_official_2025__prec__season_sum,siap_hist__yield_mean_recent,reverse_safe_ratio,(siap_hist__yield_mean_recent) / (abs(clim_official_2025__prec__season_sum) + eps),0.4753501991761211
fold_municipality_grouped,competition,B7_all_plus_discovery,Ridge10,1,10,disc_expr_10__safe_ratio__clim_official_2025_prec_season_sum__siap_hist_yield_mean_recent,clim_official_2025__prec__season_sum,siap_hist__yield_mean_recent,safe_ratio,(clim_official_2025__prec__season_sum) / (abs(siap_hist__yield_mean_recent) + eps),0.4753501991761211
fold_municipality_grouped,competition,B7_all_plus_discovery,Ridge10,1,11,disc_expr_11__symmetric_change__clim_official_2025_prec_season_sum__siap_hist_yield_mean_recent,clim_official_2025__prec__season_sum,siap_hist__yield_mean_recent,symmetric_change,2*((clim_official_2025__prec__season_sum)-(siap_hist__yield_mean_recent)) / (abs(clim_official_2025__prec__season_sum)+abs(siap_hist__yield_mean_recent)+eps),0.4753501991761211
fold_municipality_grouped,competition,B7_all_plus_discovery,Ridge10,1,12,disc_expr_12__reverse_safe_ratio__clim_official_2025_prec_season_sum__soilgrids_nitrogen_depth_weighted_0_30cm,clim_official_2025__prec__season_sum,soilgrids__nitrogen__depth_weighted_0_30cm,reverse_safe_ratio,(soilgrids__nitrogen__depth_weighted_0_30cm) / (abs(clim_official_2025__prec__season_sum) + eps),0.474980770817135
fold_municipality_grouped,competition,B7_all_plus_discovery,Ridge10,1,13,disc_expr_13__safe_ratio__clim_official_2025_prec_season_sum__soilgrids_nitrogen_depth_weighted_0_30cm,clim_official_2025__prec__season_sum,soilgrids__nitrogen__depth_weighted_0_30cm,safe_ratio,(clim_official_2025__prec__season_sum) / (abs(soilgrids__nitrogen__depth_weighted_0_30cm) + eps),0.474980770817135
fold_municipality_grouped,competition,B7_all_plus_discovery,Ridge10,1,14,disc_expr_14__symmetric_change__clim_official_2025_prec_season_sum__soilgrids_nitrogen_depth_weighted_0_30cm,clim_official_2025__prec__season_sum,soilgrids__nitrogen__depth_weighted_0_30cm,symmetric_change,2*((clim_official_2025__prec__season_sum)-(soilgrids__nitrogen__depth_weighted_0_30cm)) / (abs(clim_official_2025__prec__season_sum)+abs(soilgrids__nitrogen__depth_weighted_0_30cm)+eps),0.474980770817135
fold_municipality_grouped,competition,B7_all_plus_discovery,Ridge10,1,15,disc_expr_15__difference__clim_official_2025_prec_season_sum__agro_thermal_2025_gdd_proxy_base5p0c,clim_official_2025__prec__season_sum,agro_thermal__2025__gdd_proxy_base5p0c,difference,(clim_official_2025__prec__season_sum) - (agro_thermal__2025__gdd_proxy_base5p0c),0.4707797340477538
fold_municipality_grouped,competition,B7_all_plus_discovery,Ridge10,1,16,disc_expr_16__reverse_difference__clim_official_2025_prec_season_sum__agro_thermal_2025_gdd_proxy_base5p0c,clim_official_2025__prec__season_sum,agro_thermal__2025__gdd_proxy_base5p0c,reverse_difference,(agro_thermal__2025__gdd_proxy_base5p0c) - (clim_official_2025__prec__season_sum),0.4707797340477538
fold_municipality_grouped,competition,B7_all_plus_discovery,Ridge10,1,17,disc_expr_17__safe_ratio__clim_official_2025_prec_season_sum__siap_hist_yield_trend_recent,clim_official_2025__prec__season_sum,siap_hist__yield_trend_recent,safe_ratio,(clim_official_2025__prec__season_sum) / (abs(siap_hist__yield_trend_recent) + eps),0.4699916798732051
fold_municipality_grouped,competition,B7_all_plus_discovery,Ridge10,1,18,disc_expr_18__reverse_safe_ratio__siap_hist_yield_trend_recent__agro_thermal_2025_gdd_proxy_base5p0c,siap_hist__yield_trend_recent,agro_thermal__2025__gdd_proxy_base5p0c,reverse_safe_ratio,(agro_thermal__2025__gdd_proxy_base5p0c) / (abs(siap_hist__yield_trend_recent) + eps),0.4681327104530086
fold_municipality_grouped,competition,B7_all_plus_discovery,Ridge10,1,19,disc_expr_19__sum__clim_official_2025_prec_season_sum__siap_hist_yield_mean_recent,clim_official_2025__prec__season_sum,siap_hist__yield_mean_recent,sum,(clim_official_2025__prec__season_sum) + (siap_hist__yield_mean_recent),0.4596847863830038
fold_municipality_grouped,competition,B7_all_plus_discovery,Ridge10,1,20,disc_expr_20__sum__clim_official_2025_prec_season_sum__siap_hist_yield_trend_recent,clim_official_2025__prec__season_sum,siap_hist__yield_trend_recent,sum,(clim_official_2025__prec__season_sum) + (siap_hist__yield_trend_recent),0.4596847863830038
fold_municipality_grouped,competition,B7_all_plus_discovery,Ridge10,2,1,disc_expr_01__reverse_safe_ratio__soilgrids_soc_depth_weighted_0_30cm__clim_official_2025_prec_season_sum,soilgrids__soc__depth_weighted_0_30cm,clim_official_2025__prec__season_sum,reverse_safe_ratio,(clim_official_2025__prec__season_sum) / (abs(soilgrids__soc__depth_weighted_0_30cm) + eps),0.6540973463903255
fold_municipality_grouped,competition,B7_all_plus_discovery,Ridge10,2,2,disc_expr_02__safe_ratio__soilgrids_soc_depth_weighted_0_30cm__clim_official_2025_prec_season_sum,soilgrids__soc__depth_weighted_0_30cm,clim_official_2025__prec__season_sum,safe_ratio,(soilgrids__soc__depth_weighted_0_30cm) / (abs(clim_official_2025__prec__season_sum) + eps),0.6540973463903255
fold_municipality_grouped,competition,B7_all_plus_discovery,Ridge10,2,3,disc_expr_03__symmetric_change__soilgrids_soc_depth_weighted_0_30cm__clim_official_2025_prec_season_sum,soilgrids__soc__depth_weighted_0_30cm,clim_official_2025__prec__season_sum,symmetric_change,2*((soilgrids__soc__depth_weighted_0_30cm)-(clim_official_2025__prec__season_sum)) / (abs(soilgrids__soc__depth_weighted_0_30cm)+abs(clim_official_2025__prec__season_sum)+eps),0.6540973463903255
fold_municipality_grouped,competition,B7_all_plus_discovery,Ridge10,2,4,disc_expr_04__product__soilgrids_soc_depth_weighted_0_30cm__agro_thermal_2025_gdd_proxy_base5p0c,soilgrids__soc__depth_weighted_0_30cm,agro_thermal__2025__gdd_proxy_base5p0c,product,(soilgrids__soc__depth_weighted_0_30cm) * (agro_thermal__2025__gdd_proxy_base5p0c),0.6416656160304622
fold_municipality_grouped,competition,B7_all_plus_discovery,Ridge10,2,5,disc_expr_05__symmetric_change__siap_hist_yield_trend_recent__siap_hist_yield_mean_recent,siap_hist__yield_trend_recent,siap_hist__yield_mean_recent,symmetric_change,2*((siap_hist__yield_trend_recent)-(siap_hist__yield_mean_recent)) / (abs(siap_hist__yield_trend_recent)+abs(siap_hist__yield_mean_recent)+eps),0.636296936116531
fold_municipality_grouped,competition,B7_all_plus_discovery,Ridge10,2,6,disc_expr_06__reverse_safe_ratio__siap_hist_yield_trend_recent__clim_official_2025_prec_season_sum,siap_hist__yield_trend_recent,clim_official_2025__prec__season_sum,reverse_safe_ratio,(clim_official_2025__prec__season_sum) / (abs(siap_hist__yield_trend_recent) + eps),0.6285388197915184
fold_municipality_grouped,competition,B7_all_plus_discovery,Ridge10,2,7,disc_expr_07__sum__soilgrids_soc_depth_weighted_0_30cm__emp_symchange_s2_ndvi_season_mean,soilgrids__soc__depth_weighted_0_30cm,emp_symchange__s2_ndvi__season_mean,sum,(soilgrids__soc__depth_weighted_0_30cm) + (emp_symchange__s2_ndvi__season_mean),0.6274262987984596
fold_municipality_grouped,competition,B7_all_plus_discovery,Ridge10,2,8,disc_expr_08__sum__soilgrids_soc_depth_weighted_0_30cm__siap_hist_yield_trend_recent,soilgrids__soc__depth_weighted_0_30cm,siap_hist__yield_trend_recent,sum,(soilgrids__soc__depth_weighted_0_30cm) + (siap_hist__yield_trend_recent),0.6256834693255623
fold_municipality_grouped,competition,B7_all_plus_discovery,Ridge10,2,9,disc_expr_09__symmetric_change__siap_hist_yield_trend_recent__clim_official_2025_prec_season_sum,siap_hist__yield_trend_recent,clim_official_2025__prec__season_sum,symmetric_change,2*((siap_hist__yield_trend_recent)-(clim_official_2025__prec__season_sum)) / (abs(siap_hist__yield_trend_recent)+abs(clim_official_2025__prec__season_sum)+eps),0.6255550709369871
fold_municipality_grouped,competition,B7_all_plus_discovery,Ridge10,2,10,disc_expr_10__sum__soilgrids_soc_depth_weighted_0_30cm__soilgrids_nitrogen_depth_weighted_0_30cm,soilgrids__soc__depth_weighted_0_30cm,soilgrids__nitrogen__depth_weighted_0_30cm,sum,(soilgrids__soc__depth_weighted_0_30cm) + (soilgrids__nitrogen__depth_weighted_0_30cm),0.623109666269387
fold_municipality_grouped,competition,B7_all_plus_discovery,Ridge10,2,11,disc_expr_11__reverse_safe_ratio__siap_hist_yield_trend_recent__agro_thermal_2025_gdd_proxy_base5p0c,siap_hist__yield_trend_recent,agro_thermal__2025__gdd_proxy_base5p0c,reverse_safe_ratio,(agro_thermal__2025__gdd_proxy_base5p0c) / (abs(siap_hist__yield_trend_recent) + eps),0.6230495301381482
fold_municipality_grouped,competition,B7_all_plus_discovery,Ridge10,2,12,disc_expr_12__difference__soilgrids_soc_depth_weighted_0_30cm__soilgrids_nitrogen_depth_weighted_0_30cm,soilgrids__soc__depth_weighted_0_30cm,soilgrids__nitrogen__depth_weighted_0_30cm,difference,(soilgrids__soc__depth_weighted_0_30cm) - (soilgrids__nitrogen__depth_weighted_0_30cm),0.6225635448316215
fold_municipality_grouped,competition,B7_all_plus_discovery,Ridge10,2,13,disc_expr_13__reverse_difference__soilgrids_soc_depth_weighted_0_30cm__soilgrids_nitrogen_depth_weighted_0_30cm,soilgrids__soc__depth_weighted_0_30cm,soilgrids__nitrogen__depth_weighted_0_30cm,reverse_difference,(soilgrids__nitrogen__depth_weighted_0_30cm) - (soilgrids__soc__depth_weighted_0_30cm),0.6225635448316215
fold_municipality_grouped,competition,B7_all_plus_discovery,Ridge10,2,14,disc_expr_14__sum__soilgrids_soc_depth_weighted_0_30cm__agro_anomaly_s2_ndvi_season_mean_delta,soilgrids__soc__depth_weighted_0_30cm,agro_anomaly__s2_ndvi__season_mean_delta,sum,(soilgrids__soc__depth_weighted_0_30cm) + (agro_anomaly__s2_ndvi__season_mean_delta),0.6224086095152139
fold_municipality_grouped,competition,B7_all_plus_discovery,Ridge10,2,15,disc_expr_15__difference__soilgrids_soc_depth_weighted_0_30cm__emp_symchange_s2_ndvi_season_mean,soilgrids__soc__depth_weighted_0_30cm,emp_symchange__s2_ndvi__season_mean,difference,(soilgrids__soc__depth_weighted_0_30cm) - (emp_symchange__s2_ndvi__season_mean),0.6222067104081703
fold_municipality_grouped,competition,B7_all_plus_discovery,Ridge10,2,16,disc_expr_16__reverse_difference__soilgrids_soc_depth_weighted_0_30cm__emp_symchange_s2_ndvi_season_mean,soilgrids__soc__depth_weighted_0_30cm,emp_symchange__s2_ndvi__season_mean,reverse_difference,(emp_symchange__s2_ndvi__season_mean) - (soilgrids__soc__depth_weighted_0_30cm),0.6222067104081703
fold_municipality_grouped,competition,B7_all_plus_discovery,Ridge10,2,17,disc_expr_17__difference__soilgrids_soc_depth_weighted_0_30cm__agro_anomaly_s2_ndvi_season_mean_delta,soilgrids__soc__depth_weighted_0_30cm,agro_anomaly__s2_ndvi__season_mean_delta,difference,(soilgrids__soc__depth_weighted_0_30cm) - (agro_anomaly__s2_ndvi__season_mean_delta),0.621941924694015
fold_municipality_grouped,competition,B7_all_plus_discovery,Ridge10,2,18,disc_expr_18__reverse_difference__soilgrids_soc_depth_weighted_0_30cm__agro_anomaly_s2_ndvi_season_mean_delta,soilgrids__soc__depth_weighted_0_30cm,agro_anomaly__s2_ndvi__season_mean_delta,reverse_difference,(agro_anomaly__s2_ndvi__season_mean_delta) - (soilgrids__soc__depth_weighted_0_30cm),0.621941924694015
fold_municipality_grouped,competition,B7_all_plus_discovery,Ridge10,2,19,disc_expr_19__sum__soilgrids_soc_depth_weighted_0_30cm__siap_hist_yield_mean_recent,soilgrids__soc__depth_weighted_0_30cm,siap_hist__yield_mean_recent,sum,(soilgrids__soc__depth_weighted_0_30cm) + (siap_hist__yield_mean_recent),0.6194841430646523
fold_municipality_grouped,competition,B7_all_plus_discovery,Ridge10,2,20,disc_expr_20__difference__soilgrids_soc_depth_weighted_0_30cm__siap_hist_yield_mean_recent,soilgrids__soc__depth_weighted_0_30cm,siap_hist__yield_mean_recent,difference,(soilgrids__soc__depth_weighted_0_30cm) - (siap_hist__yield_mean_recent),0.6194742135511537
fold_municipality_grouped,competition,B7_all_plus_discovery,Ridge10,3,1,disc_expr_01__symmetric_change__siap_hist_yield_trend_recent__siap_hist_yield_mean_recent,siap_hist__yield_trend_recent,siap_hist__yield_mean_recent,symmetric_change,2*((siap_hist__yield_trend_recent)-(siap_hist__yield_mean_recent)) / (abs(siap_hist__yield_trend_recent)+abs(siap_hist__yield_mean_recent)+eps),0.7617989370767759
fold_municipality_grouped,competition,B7_all_plus_discovery,Ridge10,3,2,disc_expr_02__product__siap_hist_yield_trend_recent__siap_hist_yield_mean_recent,siap_hist__yield_trend_recent,siap_hist__yield_mean_recent,product,(siap_hist__yield_trend_recent) * (siap_hist__yield_mean_recent),0.7348898158937808
fold_municipality_grouped,competition,B7_all_plus_discovery,Ridge10,3,3,disc_expr_03__reverse_safe_ratio__siap_hist_yield_trend_recent__siap_hist_yield_mean_recent,siap_hist__yield_trend_recent,siap_hist__yield_mean_recent,reverse_safe_ratio,(siap_hist__yield_mean_recent) / (abs(siap_hist__yield_trend_recent) + eps),0.7245597138568409
fold_municipality_grouped,competition,B7_all_plus_discovery,Ridge10,3,4,disc_expr_04__symmetric_change__siap_hist_yield_trend_recent__clim_official_2025_prec_season_sum,siap_hist__yield_trend_recent,clim_official_2025__prec__season_sum,symmetric_change,2*((siap_hist__yield_trend_recent)-(clim_official_2025__prec__season_sum)) / (abs(siap_hist__yield_trend_recent)+abs(clim_official_2025__prec__season_sum)+eps),0.7244307895003502
fold_municipality_grouped,competition,B7_all_plus_discovery,Ridge10,3,5,disc_expr_05__safe_ratio__siap_hist_yield_trend_recent__siap_hist_yield_mean_recent,siap_hist__yield_trend_recent,siap_hist__yield_mean_recent,safe_ratio,(siap_hist__yield_trend_recent) / (abs(siap_hist__yield_mean_recent) + eps),0.7227988287711594
fold_municipality_grouped,competition,B7_all_plus_discovery,Ridge10,3,6,disc_expr_06__symmetric_change__siap_hist_yield_trend_recent__agro_water_2025_precip_minus_aeti_season,siap_hist__yield_trend_recent,agro_water__2025__precip_minus_aeti_season,symmetric_change,2*((siap_hist__yield_trend_recent)-(agro_water__2025__precip_minus_aeti_season)) / (abs(siap_hist__yield_trend_recent)+abs(agro_water__2025__precip_minus_aeti_season)+eps),0.7221198180424069
fold_municipality_grouped,competition,B7_all_plus_discovery,Ridge10,3,7,disc_expr_07__reverse_safe_ratio__soilgrids_soc_depth_weighted_0_30cm__clim_official_2025_prec_season_sum,soilgrids__soc__depth_weighted_0_30cm,clim_official_2025__prec__season_sum,reverse_safe_ratio,(clim_official_2025__prec__season_sum) / (abs(soilgrids__soc__depth_weighted_0_30cm) + eps),0.7199317410588674
fold_municipality_grouped,competition,B7_all_plus_discovery,Ridge10,3,8,disc_expr_08__safe_ratio__soilgrids_soc_depth_weighted_0_30cm__clim_official_2025_prec_season_sum,soilgrids__soc__depth_weighted_0_30cm,clim_official_2025__prec__season_sum,safe_ratio,(soilgrids__soc__depth_weighted_0_30cm) / (abs(clim_official_2025__prec__season_sum) + eps),0.7199317410588674
fold_municipality_grouped,competition,B7_all_plus_discovery,Ridge10,3,9,disc_expr_09__symmetric_change__soilgrids_soc_depth_weighted_0_30cm__clim_official_2025_prec_season_sum,soilgrids__soc__depth_weighted_0_30cm,clim_official_2025__prec__season_sum,symmetric_change,2*((soilgrids__soc__depth_weighted_0_30cm)-(clim_official_2025__prec__season_sum)) / (abs(soilgrids__soc__depth_weighted_0_30cm)+abs(clim_official_2025__prec__season_sum)+eps),0.7199317410588674
fold_municipality_grouped,competition,B7_all_plus_discovery,Ridge10,3,10,disc_expr_10__safe_ratio__siap_hist_yield_trend_recent__clim_official_2025_prec_season_sum,siap_hist__yield_trend_recent,clim_official_2025__prec__season_sum,safe_ratio,(siap_hist__yield_trend_recent) / (abs(clim_official_2025__prec__season_sum) + eps),0.7172905279130602
fold_municipality_grouped,competition,B7_all_plus_discovery,Ridge10,3,11,disc_expr_11__sum__siap_hist_yield_trend_recent__siap_hist_yield_mean_recent,siap_hist__yield_trend_recent,siap_hist__yield_mean_recent,sum,(siap_hist__yield_trend_recent) + (siap_hist__yield_mean_recent),0.7162702042838133
fold_municipality_grouped,competition,B7_all_plus_discovery,Ridge10,3,12,disc_expr_12__reverse_safe_ratio__siap_hist_yield_trend_recent__agro_thermal_2025_gdd_proxy_base5p0c,siap_hist__yield_trend_recent,agro_thermal__2025__gdd_proxy_base5p0c,reverse_safe_ratio,(agro_thermal__2025__gdd_proxy_base5p0c) / (abs(siap_hist__yield_trend_recent) + eps),0.7148735551897933
fold_municipality_grouped,competition,B7_all_plus_discovery,Ridge10,3,13,disc_expr_13__reverse_safe_ratio__siap_hist_yield_trend_recent__clim_official_2025_prec_season_sum,siap_hist__yield_trend_recent,clim_official_2025__prec__season_sum,reverse_safe_ratio,(clim_official_2025__prec__season_sum) / (abs(siap_hist__yield_trend_recent) + eps),0.7148386110058426
fold_municipality_grouped,competition,B7_all_plus_discovery,Ridge10,3,14,disc_expr_14__safe_ratio__siap_hist_yield_trend_recent__agro_water_2025_precip_minus_aeti_season,siap_hist__yield_trend_recent,agro_water__2025__precip_minus_aeti_season,safe_ratio,(siap_hist__yield_trend_recent) / (abs(agro_water__2025__precip_minus_aeti_season) + eps),0.7104132712200047
fold_municipality_grouped,competition,B7_all_plus_discovery,Ridge10,3,15,disc_expr_15__product__siap_hist_yield_trend_recent__soilgrids_nitrogen_depth_weighted_0_30cm,siap_hist__yield_trend_recent,soilgrids__nitrogen__depth_weighted_0_30cm,product,(siap_hist__yield_trend_recent) * (soilgrids__nitrogen__depth_weighted_0_30cm),0.7096016488909119
fold_municipality_grouped,competition,B7_all_plus_discovery,Ridge10,3,16,disc_expr_16__safe_ratio__siap_hist_yield_trend_recent__agro_thermal_2025_gdd_proxy_base5p0c,siap_hist__yield_trend_recent,agro_thermal__2025__gdd_proxy_base5p0c,safe_ratio,(siap_hist__yield_trend_recent) / (abs(agro_thermal__2025__gdd_proxy_base5p0c) + eps),0.7078323021236976
fold_municipality_grouped,competition,B7_all_plus_discovery,Ridge10,3,17,disc_expr_17__product__siap_hist_yield_trend_recent__soilgrids_soc_depth_weighted_0_30cm,siap_hist__yield_trend_recent,soilgrids__soc__depth_weighted_0_30cm,product,(siap_hist__yield_trend_recent) * (soilgrids__soc__depth_weighted_0_30cm),0.7076209075840576
fold_municipality_grouped,competition,B7_all_plus_discovery,Ridge10,3,18,disc_expr_18__symmetric_change__siap_hist_yield_trend_recent__soilgrids_cec_depth_weighted_0_30cm,siap_hist__yield_trend_recent,soilgrids__cec__depth_weighted_0_30cm,symmetric_change,2*((siap_hist__yield_trend_recent)-(soilgrids__cec__depth_weighted_0_30cm)) / (abs(siap_hist__yield_trend_recent)+abs(soilgrids__cec__depth_weighted_0_30cm)+eps),0.7053680781647536
fold_municipality_grouped,competition,B7_all_plus_discovery,Ridge10,3,19,disc_expr_19__reverse_safe_ratio__siap_hist_yield_trend_recent__soilgrids_cec_depth_weighted_0_30cm,siap_hist__yield_trend_recent,soilgrids__cec__depth_weighted_0_30cm,reverse_safe_ratio,(soilgrids__cec__depth_weighted_0_30cm) / (abs(siap_hist__yield_trend_recent) + eps),0.7008615754256059
fold_municipality_grouped,competition,B7_all_plus_discovery,Ridge10,3,20,disc_expr_20__reverse_safe_ratio__siap_hist_yield_trend_recent__agro_water_2025_precip_minus_aeti_season,siap_hist__yield_trend_recent,agro_water__2025__precip_minus_aeti_season,reverse_safe_ratio,(agro_water__2025__precip_minus_aeti_season) / (abs(siap_hist__yield_trend_recent) + eps),0.699194377659011
fold_municipality_grouped,competition,B7_all_plus_discovery,Ridge10,4,1,disc_expr_01__reverse_safe_ratio__agro_pheno_y2025_s2_ndvi_auc__soilgrids_cec_depth_weighted_0_30cm,agro_pheno__y2025_s2_ndvi__auc,soilgrids__cec__depth_weighted_0_30cm,reverse_safe_ratio,(soilgrids__cec__depth_weighted_0_30cm) / (abs(agro_pheno__y2025_s2_ndvi__auc) + eps),0.5660797840472358
fold_municipality_grouped,competition,B7_all_plus_discovery,Ridge10,4,2,disc_expr_02__safe_ratio__agro_pheno_y2025_s2_ndvi_auc__soilgrids_cec_depth_weighted_0_30cm,agro_pheno__y2025_s2_ndvi__auc,soilgrids__cec__depth_weighted_0_30cm,safe_ratio,(agro_pheno__y2025_s2_ndvi__auc) / (abs(soilgrids__cec__depth_weighted_0_30cm) + eps),0.5660797840472358
fold_municipality_grouped,competition,B7_all_plus_discovery,Ridge10,4,3,disc_expr_03__symmetric_change__agro_pheno_y2025_s2_ndvi_auc__soilgrids_cec_depth_weighted_0_30cm,agro_pheno__y2025_s2_ndvi__auc,soilgrids__cec__depth_weighted_0_30cm,symmetric_change,2*((agro_pheno__y2025_s2_ndvi__auc)-(soilgrids__cec__depth_weighted_0_30cm)) / (abs(agro_pheno__y2025_s2_ndvi__auc)+abs(soilgrids__cec__depth_weighted_0_30cm)+eps),0.5660797840472358
fold_municipality_grouped,competition,B7_all_plus_discovery,Ridge10,4,4,disc_expr_04__difference__agro_pheno_y2025_s2_ndvi_auc__siap_hist_yield_mean_recent,agro_pheno__y2025_s2_ndvi__auc,siap_hist__yield_mean_recent,difference,(agro_pheno__y2025_s2_ndvi__auc) - (siap_hist__yield_mean_recent),0.5520039501586433
fold_municipality_grouped,competition,B7_all_plus_discovery,Ridge10,4,5,disc_expr_05__reverse_difference__agro_pheno_y2025_s2_ndvi_auc__siap_hist_yield_mean_recent,agro_pheno__y2025_s2_ndvi__auc,siap_hist__yield_mean_recent,reverse_difference,(siap_hist__yield_mean_recent) - (agro_pheno__y2025_s2_ndvi__auc),0.5520039501586433
fold_municipality_grouped,competition,B7_all_plus_discovery,Ridge10,4,6,disc_expr_06__reverse_safe_ratio__agro_pheno_y2025_s2_ndvi_auc__siap_hist_yield_mean_recent,agro_pheno__y2025_s2_ndvi__auc,siap_hist__yield_mean_recent,reverse_safe_ratio,(siap_hist__yield_mean_recent) / (abs(agro_pheno__y2025_s2_ndvi__auc) + eps),0.5499581733533503
fold_municipality_grouped,competition,B7_all_plus_discovery,Ridge10,4,7,disc_expr_07__safe_ratio__agro_pheno_y2025_s2_ndvi_auc__siap_hist_yield_mean_recent,agro_pheno__y2025_s2_ndvi__auc,siap_hist__yield_mean_recent,safe_ratio,(agro_pheno__y2025_s2_ndvi__auc) / (abs(siap_hist__yield_mean_recent) + eps),0.5499581733533503
fold_municipality_grouped,competition,B7_all_plus_discovery,Ridge10,4,8,disc_expr_08__symmetric_change__agro_pheno_y2025_s2_ndvi_auc__siap_hist_yield_mean_recent,agro_pheno__y2025_s2_ndvi__auc,siap_hist__yield_mean_recent,symmetric_change,2*((agro_pheno__y2025_s2_ndvi__auc)-(siap_hist__yield_mean_recent)) / (abs(agro_pheno__y2025_s2_ndvi__auc)+abs(siap_hist__yield_mean_recent)+eps),0.5499581733533503
fold_municipality_grouped,competition,B7_all_plus_discovery,Ridge10,4,9,disc_expr_09__sum__agro_pheno_y2025_s2_ndvi_auc__agro_anomaly_s2_ndvi_season_mean_delta,agro_pheno__y2025_s2_ndvi__auc,agro_anomaly__s2_ndvi__season_mean_delta,sum,(agro_pheno__y2025_s2_ndvi__auc) + (agro_anomaly__s2_ndvi__season_mean_delta),0.5397959994401009
fold_municipality_grouped,competition,B7_all_plus_discovery,Ridge10,4,10,disc_expr_10__difference__agro_pheno_y2025_s2_ndvi_auc__sat_basic_2025_sentinel_2_ndvi_promedio_mean,agro_pheno__y2025_s2_ndvi__auc,sat_basic_2025__sentinel_2__ndvi_promedio__mean,difference,(agro_pheno__y2025_s2_ndvi__auc) - (sat_basic_2025__sentinel_2__ndvi_promedio__mean),0.5374833821819436
fold_municipality_grouped,competition,B7_all_plus_discovery,Ridge10,4,11,disc_expr_11__reverse_difference__agro_pheno_y2025_s2_ndvi_auc__sat_basic_2025_sentinel_2_ndvi_promedio_mean,agro_pheno__y2025_s2_ndvi__auc,sat_basic_2025__sentinel_2__ndvi_promedio__mean,reverse_difference,(sat_basic_2025__sentinel_2__ndvi_promedio__mean) - (agro_pheno__y2025_s2_ndvi__auc),0.5374833821819436
fold_municipality_grouped,competition,B7_all_plus_discovery,Ridge10,4,12,disc_expr_12__sum__agro_pheno_y2025_s2_ndvi_auc__emp_symchange_s2_ndvi_season_mean,agro_pheno__y2025_s2_ndvi__auc,emp_symchange__s2_ndvi__season_mean,sum,(agro_pheno__y2025_s2_ndvi__auc) + (emp_symchange__s2_ndvi__season_mean),0.5336364323198163
fold_municipality_grouped,competition,B7_all_plus_discovery,Ridge10,4,13,disc_expr_13__sum__agro_pheno_y2025_s2_ndvi_auc__agro_anomaly_s2_evi_season_mean_delta,agro_pheno__y2025_s2_ndvi__auc,agro_anomaly__s2_evi__season_mean_delta,sum,(agro_pheno__y2025_s2_ndvi__auc) + (agro_anomaly__s2_evi__season_mean_delta),0.5278771258788283
fold_municipality_grouped,competition,B7_all_plus_discovery,Ridge10,4,14,disc_expr_14__difference__agro_pheno_y2025_s2_ndvi_auc__agro_anomaly_s2_evi_season_mean_delta,agro_pheno__y2025_s2_ndvi__auc,agro_anomaly__s2_evi__season_mean_delta,difference,(agro_pheno__y2025_s2_ndvi__auc) - (agro_anomaly__s2_evi__season_mean_delta),0.5189824441166845
fold_municipality_grouped,competition,B7_all_plus_discovery,Ridge10,4,15,disc_expr_15__reverse_difference__agro_pheno_y2025_s2_ndvi_auc__agro_anomaly_s2_evi_season_mean_delta,agro_pheno__y2025_s2_ndvi__auc,agro_anomaly__s2_evi__season_mean_delta,reverse_difference,(agro_anomaly__s2_evi__season_mean_delta) - (agro_pheno__y2025_s2_ndvi__auc),0.5189824441166845
fold_municipality_grouped,competition,B7_all_plus_discovery,Ridge10,4,16,disc_expr_16__sum__agro_pheno_y2025_s2_ndvi_auc__sat_basic_2025_sentinel_2_ndvi_promedio_mean,agro_pheno__y2025_s2_ndvi__auc,sat_basic_2025__sentinel_2__ndvi_promedio__mean,sum,(agro_pheno__y2025_s2_ndvi__auc) + (sat_basic_2025__sentinel_2__ndvi_promedio__mean),0.5143794463047751
fold_municipality_grouped,competition,B7_all_plus_discovery,Ridge10,4,17,disc_expr_17__product__siap_hist_yield_mean_recent__soilgrids_cec_depth_weighted_0_30cm,siap_hist__yield_mean_recent,soilgrids__cec__depth_weighted_0_30cm,product,(siap_hist__yield_mean_recent) * (soilgrids__cec__depth_weighted_0_30cm),0.512400379612698
fold_municipality_grouped,competition,B7_all_plus_discovery,Ridge10,4,18,disc_expr_18__difference__agro_pheno_y2025_s2_ndvi_auc__agro_anomaly_s2_ndvi_season_mean_delta,agro_pheno__y2025_s2_ndvi__auc,agro_anomaly__s2_ndvi__season_mean_delta,difference,(agro_pheno__y2025_s2_ndvi__auc) - (agro_anomaly__s2_ndvi__season_mean_delta),0.5116220949585105
fold_municipality_grouped,competition,B7_all_plus_discovery,Ridge10,4,19,disc_expr_19__reverse_difference__agro_pheno_y2025_s2_ndvi_auc__agro_anomaly_s2_ndvi_season_mean_delta,agro_pheno__y2025_s2_ndvi__auc,agro_anomaly__s2_ndvi__season_mean_delta,reverse_difference,(agro_anomaly__s2_ndvi__season_mean_delta) - (agro_pheno__y2025_s2_ndvi__auc),0.5116220949585105
fold_municipality_grouped,competition,B7_all_plus_discovery,Ridge10,4,20,disc_expr_20__reverse_safe_ratio__agro_anomaly_s2_ndvi_season_mean_delta__agro_water_2025_precip_minus_aeti_season,agro_anomaly__s2_ndvi__season_mean_delta,agro_water__2025__precip_minus_aeti_season,reverse_safe_ratio,(agro_water__2025__precip_minus_aeti_season) / (abs(agro_anomaly__s2_ndvi__season_mean_delta) + eps),0.49647889925846067
fold_municipality_grouped,competition,B7_all_plus_discovery,Ridge10,5,1,disc_expr_01__reverse_safe_ratio__soilgrids_soc_depth_weighted_0_30cm__clim_official_2025_prec_season_sum,soilgrids__soc__depth_weighted_0_30cm,clim_official_2025__prec__season_sum,reverse_safe_ratio,(clim_official_2025__prec__season_sum) / (abs(soilgrids__soc__depth_weighted_0_30cm) + eps),0.7349886446892143
fold_municipality_grouped,competition,B7_all_plus_discovery,Ridge10,5,2,disc_expr_02__safe_ratio__soilgrids_soc_depth_weighted_0_30cm__clim_official_2025_prec_season_sum,soilgrids__soc__depth_weighted_0_30cm,clim_official_2025__prec__season_sum,safe_ratio,(soilgrids__soc__depth_weighted_0_30cm) / (abs(clim_official_2025__prec__season_sum) + eps),0.7349886446892143
fold_municipality_grouped,competition,B7_all_plus_discovery,Ridge10,5,3,disc_expr_03__symmetric_change__soilgrids_soc_depth_weighted_0_30cm__clim_official_2025_prec_season_sum,soilgrids__soc__depth_weighted_0_30cm,clim_official_2025__prec__season_sum,symmetric_change,2*((soilgrids__soc__depth_weighted_0_30cm)-(clim_official_2025__prec__season_sum)) / (abs(soilgrids__soc__depth_weighted_0_30cm)+abs(clim_official_2025__prec__season_sum)+eps),0.7349886446892143
fold_municipality_grouped,competition,B7_all_plus_discovery,Ridge10,5,4,disc_expr_04__reverse_safe_ratio__siap_hist_yield_trend_recent__siap_hist_yield_mean_recent,siap_hist__yield_trend_recent,siap_hist__yield_mean_recent,reverse_safe_ratio,(siap_hist__yield_mean_recent) / (abs(siap_hist__yield_trend_recent) + eps),0.7130423497060898
fold_municipality_grouped,competition,B7_all_plus_discovery,Ridge10,5,5,disc_expr_05__reverse_safe_ratio__siap_hist_yield_trend_recent__agro_thermal_2025_gdd_proxy_base5p0c,siap_hist__yield_trend_recent,agro_thermal__2025__gdd_proxy_base5p0c,reverse_safe_ratio,(agro_thermal__2025__gdd_proxy_base5p0c) / (abs(siap_hist__yield_trend_recent) + eps),0.707438975225244
fold_municipality_grouped,competition,B7_all_plus_discovery,Ridge10,5,6,disc_expr_06__reverse_safe_ratio__siap_hist_yield_trend_recent__clim_official_2025_prec_season_sum,siap_hist__yield_trend_recent,clim_official_2025__prec__season_sum,reverse_safe_ratio,(clim_official_2025__prec__season_sum) / (abs(siap_hist__yield_trend_recent) + eps),0.7071897873854786
fold_municipality_grouped,competition,B7_all_plus_discovery,Ridge10,5,7,disc_expr_07__symmetric_change__siap_hist_yield_trend_recent__agro_water_2025_precip_minus_aeti_season,siap_hist__yield_trend_recent,agro_water__2025__precip_minus_aeti_season,symmetric_change,2*((siap_hist__yield_trend_recent)-(agro_water__2025__precip_minus_aeti_season)) / (abs(siap_hist__yield_trend_recent)+abs(agro_water__2025__precip_minus_aeti_season)+eps),0.7017451753519696
fold_municipality_grouped,competition,B7_all_plus_discovery,Ridge10,5,8,disc_expr_08__reverse_safe_ratio__clim_official_2025_prec_season_sum__agro_soil_soc_x_cec,clim_official_2025__prec__season_sum,agro_soil__soc_x_cec,reverse_safe_ratio,(agro_soil__soc_x_cec) / (abs(clim_official_2025__prec__season_sum) + eps),0.700858340762838
fold_municipality_grouped,competition,B7_all_plus_discovery,Ridge10,5,9,disc_expr_09__safe_ratio__clim_official_2025_prec_season_sum__agro_soil_soc_x_cec,clim_official_2025__prec__season_sum,agro_soil__soc_x_cec,safe_ratio,(clim_official_2025__prec__season_sum) / (abs(agro_soil__soc_x_cec) + eps),0.700858340762838
fold_municipality_grouped,competition,B7_all_plus_discovery,Ridge10,5,10,disc_expr_10__symmetric_change__clim_official_2025_prec_season_sum__agro_soil_soc_x_cec,clim_official_2025__prec__season_sum,agro_soil__soc_x_cec,symmetric_change,2*((clim_official_2025__prec__season_sum)-(agro_soil__soc_x_cec)) / (abs(clim_official_2025__prec__season_sum)+abs(agro_soil__soc_x_cec)+eps),0.700858340762838
fold_municipality_grouped,competition,B7_all_plus_discovery,Ridge10,5,11,disc_expr_11__reverse_safe_ratio__siap_hist_yield_trend_recent__agro_water_2025_precip_minus_aeti_season,siap_hist__yield_trend_recent,agro_water__2025__precip_minus_aeti_season,reverse_safe_ratio,(agro_water__2025__precip_minus_aeti_season) / (abs(siap_hist__yield_trend_recent) + eps),0.7000272048853836
fold_municipality_grouped,competition,B7_all_plus_discovery,Ridge10,5,12,disc_expr_12__symmetric_change__siap_hist_yield_trend_recent__clim_official_2025_prec_season_sum,siap_hist__yield_trend_recent,clim_official_2025__prec__season_sum,symmetric_change,2*((siap_hist__yield_trend_recent)-(clim_official_2025__prec__season_sum)) / (abs(siap_hist__yield_trend_recent)+abs(clim_official_2025__prec__season_sum)+eps),0.6950617622054037
fold_municipality_grouped,competition,B7_all_plus_discovery,Ridge10,5,13,disc_expr_13__reverse_safe_ratio__siap_hist_yield_trend_recent__soilgrids_cec_depth_weighted_0_30cm,siap_hist__yield_trend_recent,soilgrids__cec__depth_weighted_0_30cm,reverse_safe_ratio,(soilgrids__cec__depth_weighted_0_30cm) / (abs(siap_hist__yield_trend_recent) + eps),0.6944475737563943
fold_municipality_grouped,competition,B7_all_plus_discovery,Ridge10,5,14,disc_expr_14__symmetric_change__siap_hist_yield_trend_recent__siap_hist_yield_mean_recent,siap_hist__yield_trend_recent,siap_hist__yield_mean_recent,symmetric_change,2*((siap_hist__yield_trend_recent)-(siap_hist__yield_mean_recent)) / (abs(siap_hist__yield_trend_recent)+abs(siap_hist__yield_mean_recent)+eps),0.680044347611035
fold_municipality_grouped,competition,B7_all_plus_discovery,Ridge10,5,15,disc_expr_15__reverse_safe_ratio__clim_official_2025_prec_season_sum__soilgrids_nitrogen_depth_weighted_0_30cm,clim_official_2025__prec__season_sum,soilgrids__nitrogen__depth_weighted_0_30cm,reverse_safe_ratio,(soilgrids__nitrogen__depth_weighted_0_30cm) / (abs(clim_official_2025__prec__season_sum) + eps),0.6722324458344174
fold_municipality_grouped,competition,B7_all_plus_discovery,Ridge10,5,16,disc_expr_16__safe_ratio__clim_official_2025_prec_season_sum__soilgrids_nitrogen_depth_weighted_0_30cm,clim_official_2025__prec__season_sum,soilgrids__nitrogen__depth_weighted_0_30cm,safe_ratio,(clim_official_2025__prec__season_sum) / (abs(soilgrids__nitrogen__depth_weighted_0_30cm) + eps),0.6722324458344174
fold_municipality_grouped,competition,B7_all_plus_discovery,Ridge10,5,17,disc_expr_17__symmetric_change__clim_official_2025_prec_season_sum__soilgrids_nitrogen_depth_weighted_0_30cm,clim_official_2025__prec__season_sum,soilgrids__nitrogen__depth_weighted_0_30cm,symmetric_change,2*((clim_official_2025__prec__season_sum)-(soilgrids__nitrogen__depth_weighted_0_30cm)) / (abs(clim_official_2025__prec__season_sum)+abs(soilgrids__nitrogen__depth_weighted_0_30cm)+eps),0.6722324458344174
fold_municipality_grouped,competition,B7_all_plus_discovery,Ridge10,5,18,disc_expr_18__reverse_safe_ratio__siap_hist_yield_trend_recent__wapor_2025_aeti_season_total,siap_hist__yield_trend_recent,wapor_2025__aeti__season_total,reverse_safe_ratio,(wapor_2025__aeti__season_total) / (abs(siap_hist__yield_trend_recent) + eps),0.6686435191320148
fold_municipality_grouped,competition,B7_all_plus_discovery,Ridge10,5,19,disc_expr_19__reverse_safe_ratio__siap_hist_yield_mean_recent__clim_official_2025_prec_season_sum,siap_hist__yield_mean_recent,clim_official_2025__prec__season_sum,reverse_safe_ratio,(clim_official_2025__prec__season_sum) / (abs(siap_hist__yield_mean_recent) + eps),0.6545501817022553
fold_municipality_grouped,competition,B7_all_plus_discovery,Ridge10,5,20,disc_expr_20__safe_ratio__siap_hist_yield_mean_recent__clim_official_2025_prec_season_sum,siap_hist__yield_mean_recent,clim_official_2025__prec__season_sum,safe_ratio,(siap_hist__yield_mean_recent) / (abs(clim_official_2025__prec__season_sum) + eps),0.6545501817022553
fold_state_stratified,competition,B7_all_plus_discovery,ExtraTrees,1,1,disc_expr_01__reverse_safe_ratio__clim_official_2025_prec_season_sum__soilgrids_soc_depth_weighted_0_30cm,clim_official_2025__prec__season_sum,soilgrids__soc__depth_weighted_0_30cm,reverse_safe_ratio,(soilgrids__soc__depth_weighted_0_30cm) / (abs(clim_official_2025__prec__season_sum) + eps),0.7443718898398276
fold_state_stratified,competition,B7_all_plus_discovery,ExtraTrees,1,2,disc_expr_02__safe_ratio__clim_official_2025_prec_season_sum__soilgrids_soc_depth_weighted_0_30cm,clim_official_2025__prec__season_sum,soilgrids__soc__depth_weighted_0_30cm,safe_ratio,(clim_official_2025__prec__season_sum) / (abs(soilgrids__soc__depth_weighted_0_30cm) + eps),0.7443718898398276
fold_state_stratified,competition,B7_all_plus_discovery,ExtraTrees,1,3,disc_expr_03__symmetric_change__clim_official_2025_prec_season_sum__soilgrids_soc_depth_weighted_0_30cm,clim_official_2025__prec__season_sum,soilgrids__soc__depth_weighted_0_30cm,symmetric_change,2*((clim_official_2025__prec__season_sum)-(soilgrids__soc__depth_weighted_0_30cm)) / (abs(clim_official_2025__prec__season_sum)+abs(soilgrids__soc__depth_weighted_0_30cm)+eps),0.7443718898398276
fold_state_stratified,competition,B7_all_plus_discovery,ExtraTrees,1,4,disc_expr_04__reverse_safe_ratio__siap_hist_yield_trend_recent__agro_water_2025_precip_minus_aeti_season,siap_hist__yield_trend_recent,agro_water__2025__precip_minus_aeti_season,reverse_safe_ratio,(agro_water__2025__precip_minus_aeti_season) / (abs(siap_hist__yield_trend_recent) + eps),0.7326289719949391
fold_state_stratified,competition,B7_all_plus_discovery,ExtraTrees,1,5,disc_expr_05__reverse_safe_ratio__siap_hist_yield_trend_recent__siap_hist_yield_mean_recent,siap_hist__yield_trend_recent,siap_hist__yield_mean_recent,reverse_safe_ratio,(siap_hist__yield_mean_recent) / (abs(siap_hist__yield_trend_recent) + eps),0.7310492495113927
fold_state_stratified,competition,B7_all_plus_discovery,ExtraTrees,1,6,disc_expr_06__reverse_safe_ratio__siap_hist_yield_trend_recent__clim_official_2025_prec_season_sum,siap_hist__yield_trend_recent,clim_official_2025__prec__season_sum,reverse_safe_ratio,(clim_official_2025__prec__season_sum) / (abs(siap_hist__yield_trend_recent) + eps),0.7257264179713998
fold_state_stratified,competition,B7_all_plus_discovery,ExtraTrees,1,7,disc_expr_07__reverse_safe_ratio__clim_official_2025_prec_season_sum__agro_soil_soc_x_cec,clim_official_2025__prec__season_sum,agro_soil__soc_x_cec,reverse_safe_ratio,(agro_soil__soc_x_cec) / (abs(clim_official_2025__prec__season_sum) + eps),0.71417102890467
fold_state_stratified,competition,B7_all_plus_discovery,ExtraTrees,1,8,disc_expr_08__safe_ratio__clim_official_2025_prec_season_sum__agro_soil_soc_x_cec,clim_official_2025__prec__season_sum,agro_soil__soc_x_cec,safe_ratio,(clim_official_2025__prec__season_sum) / (abs(agro_soil__soc_x_cec) + eps),0.71417102890467
fold_state_stratified,competition,B7_all_plus_discovery,ExtraTrees,1,9,disc_expr_09__symmetric_change__clim_official_2025_prec_season_sum__agro_soil_soc_x_cec,clim_official_2025__prec__season_sum,agro_soil__soc_x_cec,symmetric_change,2*((clim_official_2025__prec__season_sum)-(agro_soil__soc_x_cec)) / (abs(clim_official_2025__prec__season_sum)+abs(agro_soil__soc_x_cec)+eps),0.71417102890467
fold_state_stratified,competition,B7_all_plus_discovery,ExtraTrees,1,10,disc_expr_10__reverse_safe_ratio__siap_hist_yield_trend_recent__agro_thermal_2025_gdd_proxy_base5p0c,siap_hist__yield_trend_recent,agro_thermal__2025__gdd_proxy_base5p0c,reverse_safe_ratio,(agro_thermal__2025__gdd_proxy_base5p0c) / (abs(siap_hist__yield_trend_recent) + eps),0.7098007993513492
fold_state_stratified,competition,B7_all_plus_discovery,ExtraTrees,1,11,disc_expr_11__symmetric_change__siap_hist_yield_trend_recent__agro_water_2025_precip_minus_aeti_season,siap_hist__yield_trend_recent,agro_water__2025__precip_minus_aeti_season,symmetric_change,2*((siap_hist__yield_trend_recent)-(agro_water__2025__precip_minus_aeti_season)) / (abs(siap_hist__yield_trend_recent)+abs(agro_water__2025__precip_minus_aeti_season)+eps),0.7051521661364505
fold_state_stratified,competition,B7_all_plus_discovery,ExtraTrees,1,12,disc_expr_12__symmetric_change__siap_hist_yield_trend_recent__clim_official_2025_prec_season_sum,siap_hist__yield_trend_recent,clim_official_2025__prec__season_sum,symmetric_change,2*((siap_hist__yield_trend_recent)-(clim_official_2025__prec__season_sum)) / (abs(siap_hist__yield_trend_recent)+abs(clim_official_2025__prec__season_sum)+eps),0.704292656286722
fold_state_stratified,competition,B7_all_plus_discovery,ExtraTrees,1,13,disc_expr_13__reverse_safe_ratio__siap_hist_yield_trend_recent__soilgrids_cec_depth_weighted_0_30cm,siap_hist__yield_trend_recent,soilgrids__cec__depth_weighted_0_30cm,reverse_safe_ratio,(soilgrids__cec__depth_weighted_0_30cm) / (abs(siap_hist__yield_trend_recent) + eps),0.7013159865321326
fold_state_stratified,competition,B7_all_plus_discovery,ExtraTrees,1,14,disc_expr_14__reverse_safe_ratio__clim_official_2025_prec_season_sum__soilgrids_nitrogen_depth_weighted_0_30cm,clim_official_2025__prec__season_sum,soilgrids__nitrogen__depth_weighted_0_30cm,reverse_safe_ratio,(soilgrids__nitrogen__depth_weighted_0_30cm) / (abs(clim_official_2025__prec__season_sum) + eps),0.6897005591564336
fold_state_stratified,competition,B7_all_plus_discovery,ExtraTrees,1,15,disc_expr_15__safe_ratio__clim_official_2025_prec_season_sum__soilgrids_nitrogen_depth_weighted_0_30cm,clim_official_2025__prec__season_sum,soilgrids__nitrogen__depth_weighted_0_30cm,safe_ratio,(clim_official_2025__prec__season_sum) / (abs(soilgrids__nitrogen__depth_weighted_0_30cm) + eps),0.6897005591564336
fold_state_stratified,competition,B7_all_plus_discovery,ExtraTrees,1,16,disc_expr_16__symmetric_change__clim_official_2025_prec_season_sum__soilgrids_nitrogen_depth_weighted_0_30cm,clim_official_2025__prec__season_sum,soilgrids__nitrogen__depth_weighted_0_30cm,symmetric_change,2*((clim_official_2025__prec__season_sum)-(soilgrids__nitrogen__depth_weighted_0_30cm)) / (abs(clim_official_2025__prec__season_sum)+abs(soilgrids__nitrogen__depth_weighted_0_30cm)+eps),0.6897005591564336
fold_state_stratified,competition,B7_all_plus_discovery,ExtraTrees,1,17,disc_expr_17__reverse_safe_ratio__siap_hist_yield_trend_recent__wapor_2025_aeti_season_total,siap_hist__yield_trend_recent,wapor_2025__aeti__season_total,reverse_safe_ratio,(wapor_2025__aeti__season_total) / (abs(siap_hist__yield_trend_recent) + eps),0.6893330085455001
fold_state_stratified,competition,B7_all_plus_discovery,ExtraTrees,1,18,disc_expr_18__reverse_safe_ratio__siap_hist_yield_trend_recent__wapor_2025_npp_season_total,siap_hist__yield_trend_recent,wapor_2025__npp__season_total,reverse_safe_ratio,(wapor_2025__npp__season_total) / (abs(siap_hist__yield_trend_recent) + eps),0.6579703199311652
fold_state_stratified,competition,B7_all_plus_discovery,ExtraTrees,1,19,disc_expr_19__reverse_safe_ratio__siap_hist_yield_trend_recent__emp_vci_like_short_s2_ndvi_season_mean,siap_hist__yield_trend_recent,emp_vci_like_short__s2_ndvi__season_mean,reverse_safe_ratio,(emp_vci_like_short__s2_ndvi__season_mean) / (abs(siap_hist__yield_trend_recent) + eps),0.6575229915674109
fold_state_stratified,competition,B7_all_plus_discovery,ExtraTrees,1,20,disc_expr_20__symmetric_change__siap_hist_yield_trend_recent__siap_hist_yield_mean_recent,siap_hist__yield_trend_recent,siap_hist__yield_mean_recent,symmetric_change,2*((siap_hist__yield_trend_recent)-(siap_hist__yield_mean_recent)) / (abs(siap_hist__yield_trend_recent)+abs(siap_hist__yield_mean_recent)+eps),0.6515747962544295
fold_state_stratified,competition,B7_all_plus_discovery,ExtraTrees,2,1,disc_expr_01__reverse_safe_ratio__soilgrids_soc_depth_weighted_0_30cm__clim_official_2025_prec_season_sum,soilgrids__soc__depth_weighted_0_30cm,clim_official_2025__prec__season_sum,reverse_safe_ratio,(clim_official_2025__prec__season_sum) / (abs(soilgrids__soc__depth_weighted_0_30cm) + eps),0.7023851510242621
fold_state_stratified,competition,B7_all_plus_discovery,ExtraTrees,2,2,disc_expr_02__safe_ratio__soilgrids_soc_depth_weighted_0_30cm__clim_official_2025_prec_season_sum,soilgrids__soc__depth_weighted_0_30cm,clim_official_2025__prec__season_sum,safe_ratio,(soilgrids__soc__depth_weighted_0_30cm) / (abs(clim_official_2025__prec__season_sum) + eps),0.7023851510242621
fold_state_stratified,competition,B7_all_plus_discovery,ExtraTrees,2,3,disc_expr_03__symmetric_change__soilgrids_soc_depth_weighted_0_30cm__clim_official_2025_prec_season_sum,soilgrids__soc__depth_weighted_0_30cm,clim_official_2025__prec__season_sum,symmetric_change,2*((soilgrids__soc__depth_weighted_0_30cm)-(clim_official_2025__prec__season_sum)) / (abs(soilgrids__soc__depth_weighted_0_30cm)+abs(clim_official_2025__prec__season_sum)+eps),0.7023851510242621
fold_state_stratified,competition,B7_all_plus_discovery,ExtraTrees,2,4,disc_expr_04__reverse_safe_ratio__siap_hist_yield_trend_recent__siap_hist_yield_mean_recent,siap_hist__yield_trend_recent,siap_hist__yield_mean_recent,reverse_safe_ratio,(siap_hist__yield_mean_recent) / (abs(siap_hist__yield_trend_recent) + eps),0.6989467709006133
fold_state_stratified,competition,B7_all_plus_discovery,ExtraTrees,2,5,disc_expr_05__reverse_safe_ratio__siap_hist_yield_trend_recent__clim_official_2025_prec_season_sum,siap_hist__yield_trend_recent,clim_official_2025__prec__season_sum,reverse_safe_ratio,(clim_official_2025__prec__season_sum) / (abs(siap_hist__yield_trend_recent) + eps),0.696375352125376
fold_state_stratified,competition,B7_all_plus_discovery,ExtraTrees,2,6,disc_expr_06__reverse_safe_ratio__siap_hist_yield_trend_recent__agro_thermal_2025_gdd_proxy_base5p0c,siap_hist__yield_trend_recent,agro_thermal__2025__gdd_proxy_base5p0c,reverse_safe_ratio,(agro_thermal__2025__gdd_proxy_base5p0c) / (abs(siap_hist__yield_trend_recent) + eps),0.6959865315562497
fold_state_stratified,competition,B7_all_plus_discovery,ExtraTrees,2,7,disc_expr_07__symmetric_change__siap_hist_yield_trend_recent__agro_water_2025_precip_minus_aeti_season,siap_hist__yield_trend_recent,agro_water__2025__precip_minus_aeti_season,symmetric_change,2*((siap_hist__yield_trend_recent)-(agro_water__2025__precip_minus_aeti_season)) / (abs(siap_hist__yield_trend_recent)+abs(agro_water__2025__precip_minus_aeti_season)+eps),0.6889589452597182
fold_state_stratified,competition,B7_all_plus_discovery,ExtraTrees,2,8,disc_expr_08__symmetric_change__siap_hist_yield_trend_recent__clim_official_2025_prec_season_sum,siap_hist__yield_trend_recent,clim_official_2025__prec__season_sum,symmetric_change,2*((siap_hist__yield_trend_recent)-(clim_official_2025__prec__season_sum)) / (abs(siap_hist__yield_trend_recent)+abs(clim_official_2025__prec__season_sum)+eps),0.680845401158508
fold_state_stratified,competition,B7_all_plus_discovery,ExtraTrees,2,9,disc_expr_09__reverse_safe_ratio__siap_hist_yield_trend_recent__agro_water_2025_precip_minus_aeti_season,siap_hist__yield_trend_recent,agro_water__2025__precip_minus_aeti_season,reverse_safe_ratio,(agro_water__2025__precip_minus_aeti_season) / (abs(siap_hist__yield_trend_recent) + eps),0.6764356225083563
fold_state_stratified,competition,B7_all_plus_discovery,ExtraTrees,2,10,disc_expr_10__symmetric_change__siap_hist_yield_trend_recent__siap_hist_yield_mean_recent,siap_hist__yield_trend_recent,siap_hist__yield_mean_recent,symmetric_change,2*((siap_hist__yield_trend_recent)-(siap_hist__yield_mean_recent)) / (abs(siap_hist__yield_trend_recent)+abs(siap_hist__yield_mean_recent)+eps),0.6762016659125157
fold_state_stratified,competition,B7_all_plus_discovery,ExtraTrees,2,11,disc_expr_11__reverse_safe_ratio__siap_hist_yield_trend_recent__wapor_2025_aeti_season_total,siap_hist__yield_trend_recent,wapor_2025__aeti__season_total,reverse_safe_ratio,(wapor_2025__aeti__season_total) / (abs(siap_hist__yield_trend_recent) + eps),0.6629680809781219
fold_state_stratified,competition,B7_all_plus_discovery,ExtraTrees,2,12,disc_expr_12__reverse_safe_ratio__clim_official_2025_prec_season_sum__agro_soil_soc_x_cec,clim_official_2025__prec__season_sum,agro_soil__soc_x_cec,reverse_safe_ratio,(agro_soil__soc_x_cec) / (abs(clim_official_2025__prec__season_sum) + eps),0.6553104215035338
fold_state_stratified,competition,B7_all_plus_discovery,ExtraTrees,2,13,disc_expr_13__safe_ratio__clim_official_2025_prec_season_sum__agro_soil_soc_x_cec,clim_official_2025__prec__season_sum,agro_soil__soc_x_cec,safe_ratio,(clim_official_2025__prec__season_sum) / (abs(agro_soil__soc_x_cec) + eps),0.6553104215035338
fold_state_stratified,competition,B7_all_plus_discovery,ExtraTrees,2,14,disc_expr_14__symmetric_change__clim_official_2025_prec_season_sum__agro_soil_soc_x_cec,clim_official_2025__prec__season_sum,agro_soil__soc_x_cec,symmetric_change,2*((clim_official_2025__prec__season_sum)-(agro_soil__soc_x_cec)) / (abs(clim_official_2025__prec__season_sum)+abs(agro_soil__soc_x_cec)+eps),0.6553104215035338
fold_state_stratified,competition,B7_all_plus_discovery,ExtraTrees,2,15,disc_expr_15__reverse_safe_ratio__siap_hist_yield_trend_recent__emp_vci_like_short_s2_ndvi_season_mean,siap_hist__yield_trend_recent,emp_vci_like_short__s2_ndvi__season_mean,reverse_safe_ratio,(emp_vci_like_short__s2_ndvi__season_mean) / (abs(siap_hist__yield_trend_recent) + eps),0.6376819924357798
fold_state_stratified,competition,B7_all_plus_discovery,ExtraTrees,2,16,disc_expr_16__reverse_safe_ratio__siap_hist_yield_trend_recent__wapor_2025_npp_season_total,siap_hist__yield_trend_recent,wapor_2025__npp__season_total,reverse_safe_ratio,(wapor_2025__npp__season_total) / (abs(siap_hist__yield_trend_recent) + eps),0.627101320760567
fold_state_stratified,competition,B7_all_plus_discovery,ExtraTrees,2,17,disc_expr_17__sum__siap_hist_yield_trend_recent__soilgrids_nitrogen_depth_weighted_0_30cm,siap_hist__yield_trend_recent,soilgrids__nitrogen__depth_weighted_0_30cm,sum,(siap_hist__yield_trend_recent) + (soilgrids__nitrogen__depth_weighted_0_30cm),0.6266712841105029
fold_state_stratified,competition,B7_all_plus_discovery,ExtraTrees,2,18,disc_expr_18__reverse_safe_ratio__soilgrids_nitrogen_depth_weighted_0_30cm__clim_official_2025_prec_season_sum,soilgrids__nitrogen__depth_weighted_0_30cm,clim_official_2025__prec__season_sum,reverse_safe_ratio,(clim_official_2025__prec__season_sum) / (abs(soilgrids__nitrogen__depth_weighted_0_30cm) + eps),0.6263211543482369
fold_state_stratified,competition,B7_all_plus_discovery,ExtraTrees,2,19,disc_expr_19__safe_ratio__soilgrids_nitrogen_depth_weighted_0_30cm__clim_official_2025_prec_season_sum,soilgrids__nitrogen__depth_weighted_0_30cm,clim_official_2025__prec__season_sum,safe_ratio,(soilgrids__nitrogen__depth_weighted_0_30cm) / (abs(clim_official_2025__prec__season_sum) + eps),0.6263211543482369
fold_state_stratified,competition,B7_all_plus_discovery,ExtraTrees,2,20,disc_expr_20__symmetric_change__soilgrids_nitrogen_depth_weighted_0_30cm__clim_official_2025_prec_season_sum,soilgrids__nitrogen__depth_weighted_0_30cm,clim_official_2025__prec__season_sum,symmetric_change,2*((soilgrids__nitrogen__depth_weighted_0_30cm)-(clim_official_2025__prec__season_sum)) / (abs(soilgrids__nitrogen__depth_weighted_0_30cm)+abs(clim_official_2025__prec__season_sum)+eps),0.6263211543482369
fold_state_stratified,competition,B7_all_plus_discovery,ExtraTrees,3,1,disc_expr_01__reverse_safe_ratio__soilgrids_soc_depth_weighted_0_30cm__clim_official_2025_prec_season_sum,soilgrids__soc__depth_weighted_0_30cm,clim_official_2025__prec__season_sum,reverse_safe_ratio,(clim_official_2025__prec__season_sum) / (abs(soilgrids__soc__depth_weighted_0_30cm) + eps),0.6753817593295744
fold_state_stratified,competition,B7_all_plus_discovery,ExtraTrees,3,2,disc_expr_02__safe_ratio__soilgrids_soc_depth_weighted_0_30cm__clim_official_2025_prec_season_sum,soilgrids__soc__depth_weighted_0_30cm,clim_official_2025__prec__season_sum,safe_ratio,(soilgrids__soc__depth_weighted_0_30cm) / (abs(clim_official_2025__prec__season_sum) + eps),0.6753817593295744
fold_state_stratified,competition,B7_all_plus_discovery,ExtraTrees,3,3,disc_expr_03__symmetric_change__soilgrids_soc_depth_weighted_0_30cm__clim_official_2025_prec_season_sum,soilgrids__soc__depth_weighted_0_30cm,clim_official_2025__prec__season_sum,symmetric_change,2*((soilgrids__soc__depth_weighted_0_30cm)-(clim_official_2025__prec__season_sum)) / (abs(soilgrids__soc__depth_weighted_0_30cm)+abs(clim_official_2025__prec__season_sum)+eps),0.6753817593295744
fold_state_stratified,competition,B7_all_plus_discovery,ExtraTrees,3,4,disc_expr_04__reverse_safe_ratio__siap_hist_yield_trend_recent__soilgrids_cec_depth_weighted_0_30cm,siap_hist__yield_trend_recent,soilgrids__cec__depth_weighted_0_30cm,reverse_safe_ratio,(soilgrids__cec__depth_weighted_0_30cm) / (abs(siap_hist__yield_trend_recent) + eps),0.6494696286032755
fold_state_stratified,competition,B7_all_plus_discovery,ExtraTrees,3,5,disc_expr_05__symmetric_change__siap_hist_yield_trend_recent__agro_water_2025_precip_minus_aeti_season,siap_hist__yield_trend_recent,agro_water__2025__precip_minus_aeti_season,symmetric_change,2*((siap_hist__yield_trend_recent)-(agro_water__2025__precip_minus_aeti_season)) / (abs(siap_hist__yield_trend_recent)+abs(agro_water__2025__precip_minus_aeti_season)+eps),0.6473231255131191
fold_state_stratified,competition,B7_all_plus_discovery,ExtraTrees,3,6,disc_expr_06__reverse_safe_ratio__siap_hist_yield_trend_recent__agro_thermal_2025_gdd_proxy_base5p0c,siap_hist__yield_trend_recent,agro_thermal__2025__gdd_proxy_base5p0c,reverse_safe_ratio,(agro_thermal__2025__gdd_proxy_base5p0c) / (abs(siap_hist__yield_trend_recent) + eps),0.6457670121134921
fold_state_stratified,competition,B7_all_plus_discovery,ExtraTrees,3,7,disc_expr_07__reverse_safe_ratio__siap_hist_yield_trend_recent__siap_hist_yield_mean_recent,siap_hist__yield_trend_recent,siap_hist__yield_mean_recent,reverse_safe_ratio,(siap_hist__yield_mean_recent) / (abs(siap_hist__yield_trend_recent) + eps),0.6436484973588474
fold_state_stratified,competition,B7_all_plus_discovery,ExtraTrees,3,8,disc_expr_08__reverse_safe_ratio__siap_hist_yield_trend_recent__clim_official_2025_prec_season_sum,siap_hist__yield_trend_recent,clim_official_2025__prec__season_sum,reverse_safe_ratio,(clim_official_2025__prec__season_sum) / (abs(siap_hist__yield_trend_recent) + eps),0.6401001643130277
fold_state_stratified,competition,B7_all_plus_discovery,ExtraTrees,3,9,disc_expr_09__reverse_safe_ratio__siap_hist_yield_trend_recent__agro_water_2025_precip_minus_aeti_season,siap_hist__yield_trend_recent,agro_water__2025__precip_minus_aeti_season,reverse_safe_ratio,(agro_water__2025__precip_minus_aeti_season) / (abs(siap_hist__yield_trend_recent) + eps),0.637293374272993
fold_state_stratified,competition,B7_all_plus_discovery,ExtraTrees,3,10,disc_expr_10__symmetric_change__siap_hist_yield_trend_recent__clim_official_2025_prec_season_sum,siap_hist__yield_trend_recent,clim_official_2025__prec__season_sum,symmetric_change,2*((siap_hist__yield_trend_recent)-(clim_official_2025__prec__season_sum)) / (abs(siap_hist__yield_trend_recent)+abs(clim_official_2025__prec__season_sum)+eps),0.6365583844377375
fold_state_stratified,competition,B7_all_plus_discovery,ExtraTrees,3,11,disc_expr_11__reverse_safe_ratio__siap_hist_yield_trend_recent__emp_shape_y2025_s2_ndvi_shape_entropy,siap_hist__yield_trend_recent,emp_shape__y2025_s2_ndvi__shape_entropy,reverse_safe_ratio,(emp_shape__y2025_s2_ndvi__shape_entropy) / (abs(siap_hist__yield_trend_recent) + eps),0.6258953138812422
fold_state_stratified,competition,B7_all_plus_discovery,ExtraTrees,3,12,disc_expr_12__reverse_safe_ratio__siap_hist_yield_trend_recent__wapor_2025_aeti_season_total,siap_hist__yield_trend_recent,wapor_2025__aeti__season_total,reverse_safe_ratio,(wapor_2025__aeti__season_total) / (abs(siap_hist__yield_trend_recent) + eps),0.6256198457022023
fold_state_stratified,competition,B7_all_plus_discovery,ExtraTrees,3,13,disc_expr_13__symmetric_change__siap_hist_yield_trend_recent__siap_hist_yield_mean_recent,siap_hist__yield_trend_recent,siap_hist__yield_mean_recent,symmetric_change,2*((siap_hist__yield_trend_recent)-(siap_hist__yield_mean_recent)) / (abs(siap_hist__yield_trend_recent)+abs(siap_hist__yield_mean_recent)+eps),0.617169457653625
fold_state_stratified,competition,B7_all_plus_discovery,ExtraTrees,3,14,disc_expr_14__reverse_safe_ratio__clim_official_2025_prec_season_sum__agro_soil_soc_x_cec,clim_official_2025__prec__season_sum,agro_soil__soc_x_cec,reverse_safe_ratio,(agro_soil__soc_x_cec) / (abs(clim_official_2025__prec__season_sum) + eps),0.614412836893924
fold_state_stratified,competition,B7_all_plus_discovery,ExtraTrees,3,15,disc_expr_15__safe_ratio__clim_official_2025_prec_season_sum__agro_soil_soc_x_cec,clim_official_2025__prec__season_sum,agro_soil__soc_x_cec,safe_ratio,(clim_official_2025__prec__season_sum) / (abs(agro_soil__soc_x_cec) + eps),0.614412836893924
fold_state_stratified,competition,B7_all_plus_discovery,ExtraTrees,3,16,disc_expr_16__symmetric_change__clim_official_2025_prec_season_sum__agro_soil_soc_x_cec,clim_official_2025__prec__season_sum,agro_soil__soc_x_cec,symmetric_change,2*((clim_official_2025__prec__season_sum)-(agro_soil__soc_x_cec)) / (abs(clim_official_2025__prec__season_sum)+abs(agro_soil__soc_x_cec)+eps),0.614412836893924
fold_state_stratified,competition,B7_all_plus_discovery,ExtraTrees,3,17,disc_expr_17__symmetric_change__siap_hist_yield_trend_recent__soilgrids_cec_depth_weighted_0_30cm,siap_hist__yield_trend_recent,soilgrids__cec__depth_weighted_0_30cm,symmetric_change,2*((siap_hist__yield_trend_recent)-(soilgrids__cec__depth_weighted_0_30cm)) / (abs(siap_hist__yield_trend_recent)+abs(soilgrids__cec__depth_weighted_0_30cm)+eps),0.6138664151759242
fold_state_stratified,competition,B7_all_plus_discovery,ExtraTrees,3,18,disc_expr_18__reverse_safe_ratio__clim_official_2025_prec_season_sum__soilgrids_nitrogen_depth_weighted_0_30cm,clim_official_2025__prec__season_sum,soilgrids__nitrogen__depth_weighted_0_30cm,reverse_safe_ratio,(soilgrids__nitrogen__depth_weighted_0_30cm) / (abs(clim_official_2025__prec__season_sum) + eps),0.605968137615747
fold_state_stratified,competition,B7_all_plus_discovery,ExtraTrees,3,19,disc_expr_19__safe_ratio__clim_official_2025_prec_season_sum__soilgrids_nitrogen_depth_weighted_0_30cm,clim_official_2025__prec__season_sum,soilgrids__nitrogen__depth_weighted_0_30cm,safe_ratio,(clim_official_2025__prec__season_sum) / (abs(soilgrids__nitrogen__depth_weighted_0_30cm) + eps),0.605968137615747
fold_state_stratified,competition,B7_all_plus_discovery,ExtraTrees,3,20,disc_expr_20__symmetric_change__clim_official_2025_prec_season_sum__soilgrids_nitrogen_depth_weighted_0_30cm,clim_official_2025__prec__season_sum,soilgrids__nitrogen__depth_weighted_0_30cm,symmetric_change,2*((clim_official_2025__prec__season_sum)-(soilgrids__nitrogen__depth_weighted_0_30cm)) / (abs(clim_official_2025__prec__season_sum)+abs(soilgrids__nitrogen__depth_weighted_0_30cm)+eps),0.605968137615747
fold_state_stratified,competition,B7_all_plus_discovery,ExtraTrees,4,1,disc_expr_01__reverse_safe_ratio__siap_hist_yield_trend_recent__agro_thermal_2025_gdd_proxy_base5p0c,siap_hist__yield_trend_recent,agro_thermal__2025__gdd_proxy_base5p0c,reverse_safe_ratio,(agro_thermal__2025__gdd_proxy_base5p0c) / (abs(siap_hist__yield_trend_recent) + eps),0.6936508170373883
fold_state_stratified,competition,B7_all_plus_discovery,ExtraTrees,4,2,disc_expr_02__reverse_safe_ratio__siap_hist_yield_trend_recent__siap_hist_yield_mean_recent,siap_hist__yield_trend_recent,siap_hist__yield_mean_recent,reverse_safe_ratio,(siap_hist__yield_mean_recent) / (abs(siap_hist__yield_trend_recent) + eps),0.6920675843306748
fold_state_stratified,competition,B7_all_plus_discovery,ExtraTrees,4,3,disc_expr_03__symmetric_change__siap_hist_yield_trend_recent__clim_official_2025_prec_season_sum,siap_hist__yield_trend_recent,clim_official_2025__prec__season_sum,symmetric_change,2*((siap_hist__yield_trend_recent)-(clim_official_2025__prec__season_sum)) / (abs(siap_hist__yield_trend_recent)+abs(clim_official_2025__prec__season_sum)+eps),0.6915000860565981
fold_state_stratified,competition,B7_all_plus_discovery,ExtraTrees,4,4,disc_expr_04__reverse_safe_ratio__siap_hist_yield_trend_recent__clim_official_2025_prec_season_sum,siap_hist__yield_trend_recent,clim_official_2025__prec__season_sum,reverse_safe_ratio,(clim_official_2025__prec__season_sum) / (abs(siap_hist__yield_trend_recent) + eps),0.6902889083614119
fold_state_stratified,competition,B7_all_plus_discovery,ExtraTrees,4,5,disc_expr_05__reverse_safe_ratio__soilgrids_soc_depth_weighted_0_30cm__clim_official_2025_prec_season_sum,soilgrids__soc__depth_weighted_0_30cm,clim_official_2025__prec__season_sum,reverse_safe_ratio,(clim_official_2025__prec__season_sum) / (abs(soilgrids__soc__depth_weighted_0_30cm) + eps),0.6891195810102704
fold_state_stratified,competition,B7_all_plus_discovery,ExtraTrees,4,6,disc_expr_06__safe_ratio__soilgrids_soc_depth_weighted_0_30cm__clim_official_2025_prec_season_sum,soilgrids__soc__depth_weighted_0_30cm,clim_official_2025__prec__season_sum,safe_ratio,(soilgrids__soc__depth_weighted_0_30cm) / (abs(clim_official_2025__prec__season_sum) + eps),0.6891195810102704
fold_state_stratified,competition,B7_all_plus_discovery,ExtraTrees,4,7,disc_expr_07__symmetric_change__soilgrids_soc_depth_weighted_0_30cm__clim_official_2025_prec_season_sum,soilgrids__soc__depth_weighted_0_30cm,clim_official_2025__prec__season_sum,symmetric_change,2*((soilgrids__soc__depth_weighted_0_30cm)-(clim_official_2025__prec__season_sum)) / (abs(soilgrids__soc__depth_weighted_0_30cm)+abs(clim_official_2025__prec__season_sum)+eps),0.6891195810102704
fold_state_stratified,competition,B7_all_plus_discovery,ExtraTrees,4,8,disc_expr_08__symmetric_change__siap_hist_yield_trend_recent__siap_hist_yield_mean_recent,siap_hist__yield_trend_recent,siap_hist__yield_mean_recent,symmetric_change,2*((siap_hist__yield_trend_recent)-(siap_hist__yield_mean_recent)) / (abs(siap_hist__yield_trend_recent)+abs(siap_hist__yield_mean_recent)+eps),0.6771860495676001
fold_state_stratified,competition,B7_all_plus_discovery,ExtraTrees,4,9,disc_expr_09__reverse_safe_ratio__siap_hist_yield_trend_recent__wapor_2025_aeti_season_total,siap_hist__yield_trend_recent,wapor_2025__aeti__season_total,reverse_safe_ratio,(wapor_2025__aeti__season_total) / (abs(siap_hist__yield_trend_recent) + eps),0.6624576006572458
fold_state_stratified,competition,B7_all_plus_discovery,ExtraTrees,4,10,disc_expr_10__reverse_safe_ratio__clim_official_2025_prec_season_sum__agro_soil_soc_x_cec,clim_official_2025__prec__season_sum,agro_soil__soc_x_cec,reverse_safe_ratio,(agro_soil__soc_x_cec) / (abs(clim_official_2025__prec__season_sum) + eps),0.649022927797865
fold_state_stratified,competition,B7_all_plus_discovery,ExtraTrees,4,11,disc_expr_11__safe_ratio__clim_official_2025_prec_season_sum__agro_soil_soc_x_cec,clim_official_2025__prec__season_sum,agro_soil__soc_x_cec,safe_ratio,(clim_official_2025__prec__season_sum) / (abs(agro_soil__soc_x_cec) + eps),0.649022927797865
fold_state_stratified,competition,B7_all_plus_discovery,ExtraTrees,4,12,disc_expr_12__symmetric_change__clim_official_2025_prec_season_sum__agro_soil_soc_x_cec,clim_official_2025__prec__season_sum,agro_soil__soc_x_cec,symmetric_change,2*((clim_official_2025__prec__season_sum)-(agro_soil__soc_x_cec)) / (abs(clim_official_2025__prec__season_sum)+abs(agro_soil__soc_x_cec)+eps),0.649022927797865
fold_state_stratified,competition,B7_all_plus_discovery,ExtraTrees,4,13,disc_expr_13__reverse_safe_ratio__siap_hist_yield_trend_recent__emp_vci_like_short_s2_ndvi_season_mean,siap_hist__yield_trend_recent,emp_vci_like_short__s2_ndvi__season_mean,reverse_safe_ratio,(emp_vci_like_short__s2_ndvi__season_mean) / (abs(siap_hist__yield_trend_recent) + eps),0.6461505055987902
fold_state_stratified,competition,B7_all_plus_discovery,ExtraTrees,4,14,disc_expr_14__reverse_safe_ratio__siap_hist_yield_trend_recent__wapor_2025_npp_season_total,siap_hist__yield_trend_recent,wapor_2025__npp__season_total,reverse_safe_ratio,(wapor_2025__npp__season_total) / (abs(siap_hist__yield_trend_recent) + eps),0.6343851277674538
fold_state_stratified,competition,B7_all_plus_discovery,ExtraTrees,4,15,disc_expr_15__symmetric_change__siap_hist_yield_trend_recent__agro_thermal_2025_gdd_proxy_base5p0c,siap_hist__yield_trend_recent,agro_thermal__2025__gdd_proxy_base5p0c,symmetric_change,2*((siap_hist__yield_trend_recent)-(agro_thermal__2025__gdd_proxy_base5p0c)) / (abs(siap_hist__yield_trend_recent)+abs(agro_thermal__2025__gdd_proxy_base5p0c)+eps),0.6189763686981523
fold_state_stratified,competition,B7_all_plus_discovery,ExtraTrees,4,16,disc_expr_16__reverse_safe_ratio__clim_official_2025_prec_season_sum__soilgrids_nitrogen_depth_weighted_0_30cm,clim_official_2025__prec__season_sum,soilgrids__nitrogen__depth_weighted_0_30cm,reverse_safe_ratio,(soilgrids__nitrogen__depth_weighted_0_30cm) / (abs(clim_official_2025__prec__season_sum) + eps),0.6163102475379384
fold_state_stratified,competition,B7_all_plus_discovery,ExtraTrees,4,17,disc_expr_17__safe_ratio__clim_official_2025_prec_season_sum__soilgrids_nitrogen_depth_weighted_0_30cm,clim_official_2025__prec__season_sum,soilgrids__nitrogen__depth_weighted_0_30cm,safe_ratio,(clim_official_2025__prec__season_sum) / (abs(soilgrids__nitrogen__depth_weighted_0_30cm) + eps),0.6163102475379384
fold_state_stratified,competition,B7_all_plus_discovery,ExtraTrees,4,18,disc_expr_18__symmetric_change__clim_official_2025_prec_season_sum__soilgrids_nitrogen_depth_weighted_0_30cm,clim_official_2025__prec__season_sum,soilgrids__nitrogen__depth_weighted_0_30cm,symmetric_change,2*((clim_official_2025__prec__season_sum)-(soilgrids__nitrogen__depth_weighted_0_30cm)) / (abs(clim_official_2025__prec__season_sum)+abs(soilgrids__nitrogen__depth_weighted_0_30cm)+eps),0.6163102475379384
fold_state_stratified,competition,B7_all_plus_discovery,ExtraTrees,4,19,disc_expr_19__reverse_safe_ratio__siap_hist_yield_trend_recent__soilgrids_nitrogen_depth_weighted_0_30cm,siap_hist__yield_trend_recent,soilgrids__nitrogen__depth_weighted_0_30cm,reverse_safe_ratio,(soilgrids__nitrogen__depth_weighted_0_30cm) / (abs(siap_hist__yield_trend_recent) + eps),0.6160450966259896
fold_state_stratified,competition,B7_all_plus_discovery,ExtraTrees,4,20,disc_expr_20__reverse_safe_ratio__siap_hist_yield_trend_recent__soilgrids_soc_depth_weighted_0_30cm,siap_hist__yield_trend_recent,soilgrids__soc__depth_weighted_0_30cm,reverse_safe_ratio,(soilgrids__soc__depth_weighted_0_30cm) / (abs(siap_hist__yield_trend_recent) + eps),0.5985807264810121
fold_state_stratified,competition,B7_all_plus_discovery,ExtraTrees,5,1,disc_expr_01__reverse_safe_ratio__soilgrids_soc_depth_weighted_0_30cm__clim_official_2025_prec_season_sum,soilgrids__soc__depth_weighted_0_30cm,clim_official_2025__prec__season_sum,reverse_safe_ratio,(clim_official_2025__prec__season_sum) / (abs(soilgrids__soc__depth_weighted_0_30cm) + eps),0.722602160280277
fold_state_stratified,competition,B7_all_plus_discovery,ExtraTrees,5,2,disc_expr_02__safe_ratio__soilgrids_soc_depth_weighted_0_30cm__clim_official_2025_prec_season_sum,soilgrids__soc__depth_weighted_0_30cm,clim_official_2025__prec__season_sum,safe_ratio,(soilgrids__soc__depth_weighted_0_30cm) / (abs(clim_official_2025__prec__season_sum) + eps),0.722602160280277
fold_state_stratified,competition,B7_all_plus_discovery,ExtraTrees,5,3,disc_expr_03__symmetric_change__soilgrids_soc_depth_weighted_0_30cm__clim_official_2025_prec_season_sum,soilgrids__soc__depth_weighted_0_30cm,clim_official_2025__prec__season_sum,symmetric_change,2*((soilgrids__soc__depth_weighted_0_30cm)-(clim_official_2025__prec__season_sum)) / (abs(soilgrids__soc__depth_weighted_0_30cm)+abs(clim_official_2025__prec__season_sum)+eps),0.722602160280277
fold_state_stratified,competition,B7_all_plus_discovery,ExtraTrees,5,4,disc_expr_04__symmetric_change__siap_hist_yield_trend_recent__agro_water_2025_precip_minus_aeti_season,siap_hist__yield_trend_recent,agro_water__2025__precip_minus_aeti_season,symmetric_change,2*((siap_hist__yield_trend_recent)-(agro_water__2025__precip_minus_aeti_season)) / (abs(siap_hist__yield_trend_recent)+abs(agro_water__2025__precip_minus_aeti_season)+eps),0.7146744100822002
fold_state_stratified,competition,B7_all_plus_discovery,ExtraTrees,5,5,disc_expr_05__reverse_safe_ratio__siap_hist_yield_trend_recent__agro_thermal_2025_gdd_proxy_base5p0c,siap_hist__yield_trend_recent,agro_thermal__2025__gdd_proxy_base5p0c,reverse_safe_ratio,(agro_thermal__2025__gdd_proxy_base5p0c) / (abs(siap_hist__yield_trend_recent) + eps),0.7132018223301518
fold_state_stratified,competition,B7_all_plus_discovery,ExtraTrees,5,6,disc_expr_06__symmetric_change__siap_hist_yield_trend_recent__clim_official_2025_prec_season_sum,siap_hist__yield_trend_recent,clim_official_2025__prec__season_sum,symmetric_change,2*((siap_hist__yield_trend_recent)-(clim_official_2025__prec__season_sum)) / (abs(siap_hist__yield_trend_recent)+abs(clim_official_2025__prec__season_sum)+eps),0.7050773099352333
fold_state_stratified,competition,B7_all_plus_discovery,ExtraTrees,5,7,disc_expr_07__reverse_safe_ratio__siap_hist_yield_trend_recent__clim_official_2025_prec_season_sum,siap_hist__yield_trend_recent,clim_official_2025__prec__season_sum,reverse_safe_ratio,(clim_official_2025__prec__season_sum) / (abs(siap_hist__yield_trend_recent) + eps),0.7047436087141934
fold_state_stratified,competition,B7_all_plus_discovery,ExtraTrees,5,8,disc_expr_08__reverse_safe_ratio__siap_hist_yield_trend_recent__agro_water_2025_precip_minus_aeti_season,siap_hist__yield_trend_recent,agro_water__2025__precip_minus_aeti_season,reverse_safe_ratio,(agro_water__2025__precip_minus_aeti_season) / (abs(siap_hist__yield_trend_recent) + eps),0.6970230781788282
fold_state_stratified,competition,B7_all_plus_discovery,ExtraTrees,5,9,disc_expr_09__reverse_safe_ratio__siap_hist_yield_trend_recent__soilgrids_cec_depth_weighted_0_30cm,siap_hist__yield_trend_recent,soilgrids__cec__depth_weighted_0_30cm,reverse_safe_ratio,(soilgrids__cec__depth_weighted_0_30cm) / (abs(siap_hist__yield_trend_recent) + eps),0.696111236529162
fold_state_stratified,competition,B7_all_plus_discovery,ExtraTrees,5,10,disc_expr_10__reverse_safe_ratio__siap_hist_yield_trend_recent__siap_hist_yield_mean_recent,siap_hist__yield_trend_recent,siap_hist__yield_mean_recent,reverse_safe_ratio,(siap_hist__yield_mean_recent) / (abs(siap_hist__yield_trend_recent) + eps),0.695624852036423
fold_state_stratified,competition,B7_all_plus_discovery,ExtraTrees,5,11,disc_expr_11__symmetric_change__siap_hist_yield_trend_recent__soilgrids_cec_depth_weighted_0_30cm,siap_hist__yield_trend_recent,soilgrids__cec__depth_weighted_0_30cm,symmetric_change,2*((siap_hist__yield_trend_recent)-(soilgrids__cec__depth_weighted_0_30cm)) / (abs(siap_hist__yield_trend_recent)+abs(soilgrids__cec__depth_weighted_0_30cm)+eps),0.6840503931612463
fold_state_stratified,competition,B7_all_plus_discovery,ExtraTrees,5,12,disc_expr_12__symmetric_change__siap_hist_yield_trend_recent__siap_hist_yield_mean_recent,siap_hist__yield_trend_recent,siap_hist__yield_mean_recent,symmetric_change,2*((siap_hist__yield_trend_recent)-(siap_hist__yield_mean_recent)) / (abs(siap_hist__yield_trend_recent)+abs(siap_hist__yield_mean_recent)+eps),0.6827766670001975
fold_state_stratified,competition,B7_all_plus_discovery,ExtraTrees,5,13,disc_expr_13__reverse_safe_ratio__clim_official_2025_prec_season_sum__agro_soil_soc_x_cec,clim_official_2025__prec__season_sum,agro_soil__soc_x_cec,reverse_safe_ratio,(agro_soil__soc_x_cec) / (abs(clim_official_2025__prec__season_sum) + eps),0.6740773856110372
fold_state_stratified,competition,B7_all_plus_discovery,ExtraTrees,5,14,disc_expr_14__safe_ratio__clim_official_2025_prec_season_sum__agro_soil_soc_x_cec,clim_official_2025__prec__season_sum,agro_soil__soc_x_cec,safe_ratio,(clim_official_2025__prec__season_sum) / (abs(agro_soil__soc_x_cec) + eps),0.6740773856110372
fold_state_stratified,competition,B7_all_plus_discovery,ExtraTrees,5,15,disc_expr_15__symmetric_change__clim_official_2025_prec_season_sum__agro_soil_soc_x_cec,clim_official_2025__prec__season_sum,agro_soil__soc_x_cec,symmetric_change,2*((clim_official_2025__prec__season_sum)-(agro_soil__soc_x_cec)) / (abs(clim_official_2025__prec__season_sum)+abs(agro_soil__soc_x_cec)+eps),0.6740773856110372
fold_state_stratified,competition,B7_all_plus_discovery,ExtraTrees,5,16,disc_expr_16__symmetric_change__siap_hist_yield_trend_recent__agro_thermal_2025_gdd_proxy_base5p0c,siap_hist__yield_trend_recent,agro_thermal__2025__gdd_proxy_base5p0c,symmetric_change,2*((siap_hist__yield_trend_recent)-(agro_thermal__2025__gdd_proxy_base5p0c)) / (abs(siap_hist__yield_trend_recent)+abs(agro_thermal__2025__gdd_proxy_base5p0c)+eps),0.661647208354292
fold_state_stratified,competition,B7_all_plus_discovery,ExtraTrees,5,17,disc_expr_17__sum__siap_hist_yield_trend_recent__soilgrids_nitrogen_depth_weighted_0_30cm,siap_hist__yield_trend_recent,soilgrids__nitrogen__depth_weighted_0_30cm,sum,(siap_hist__yield_trend_recent) + (soilgrids__nitrogen__depth_weighted_0_30cm),0.6540646654999276
fold_state_stratified,competition,B7_all_plus_discovery,ExtraTrees,5,18,disc_expr_18__reverse_safe_ratio__siap_hist_yield_trend_recent__wapor_2025_aeti_season_total,siap_hist__yield_trend_recent,wapor_2025__aeti__season_total,reverse_safe_ratio,(wapor_2025__aeti__season_total) / (abs(siap_hist__yield_trend_recent) + eps),0.6499675215622639
fold_state_stratified,competition,B7_all_plus_discovery,ExtraTrees,5,19,disc_expr_19__reverse_safe_ratio__clim_official_2025_prec_season_sum__soilgrids_nitrogen_depth_weighted_0_30cm,clim_official_2025__prec__season_sum,soilgrids__nitrogen__depth_weighted_0_30cm,reverse_safe_ratio,(soilgrids__nitrogen__depth_weighted_0_30cm) / (abs(clim_official_2025__prec__season_sum) + eps),0.6408579690539844
fold_state_stratified,competition,B7_all_plus_discovery,ExtraTrees,5,20,disc_expr_20__safe_ratio__clim_official_2025_prec_season_sum__soilgrids_nitrogen_depth_weighted_0_30cm,clim_official_2025__prec__season_sum,soilgrids__nitrogen__depth_weighted_0_30cm,safe_ratio,(clim_official_2025__prec__season_sum) / (abs(soilgrids__nitrogen__depth_weighted_0_30cm) + eps),0.6408579690539844
fold_municipality_grouped,competition,B7_all_plus_discovery,ExtraTrees,1,1,disc_expr_01__reverse_safe_ratio__clim_official_2025_prec_season_sum__soilgrids_soc_depth_weighted_0_30cm,clim_official_2025__prec__season_sum,soilgrids__soc__depth_weighted_0_30cm,reverse_safe_ratio,(soilgrids__soc__depth_weighted_0_30cm) / (abs(clim_official_2025__prec__season_sum) + eps),0.5012625826870797
fold_municipality_grouped,competition,B7_all_plus_discovery,ExtraTrees,1,2,disc_expr_02__safe_ratio__clim_official_2025_prec_season_sum__soilgrids_soc_depth_weighted_0_30cm,clim_official_2025__prec__season_sum,soilgrids__soc__depth_weighted_0_30cm,safe_ratio,(clim_official_2025__prec__season_sum) / (abs(soilgrids__soc__depth_weighted_0_30cm) + eps),0.5012625826870797
fold_municipality_grouped,competition,B7_all_plus_discovery,ExtraTrees,1,3,disc_expr_03__symmetric_change__clim_official_2025_prec_season_sum__soilgrids_soc_depth_weighted_0_30cm,clim_official_2025__prec__season_sum,soilgrids__soc__depth_weighted_0_30cm,symmetric_change,2*((clim_official_2025__prec__season_sum)-(soilgrids__soc__depth_weighted_0_30cm)) / (abs(clim_official_2025__prec__season_sum)+abs(soilgrids__soc__depth_weighted_0_30cm)+eps),0.5012625826870797
fold_municipality_grouped,competition,B7_all_plus_discovery,ExtraTrees,1,4,disc_expr_04__symmetric_change__clim_official_2025_prec_season_sum__siap_hist_yield_trend_recent,clim_official_2025__prec__season_sum,siap_hist__yield_trend_recent,symmetric_change,2*((clim_official_2025__prec__season_sum)-(siap_hist__yield_trend_recent)) / (abs(clim_official_2025__prec__season_sum)+abs(siap_hist__yield_trend_recent)+eps),0.49167077884225885
fold_municipality_grouped,competition,B7_all_plus_discovery,ExtraTrees,1,5,disc_expr_05__symmetric_change__agro_water_2025_precip_minus_aeti_season__siap_hist_yield_trend_recent,agro_water__2025__precip_minus_aeti_season,siap_hist__yield_trend_recent,symmetric_change,2*((agro_water__2025__precip_minus_aeti_season)-(siap_hist__yield_trend_recent)) / (abs(agro_water__2025__precip_minus_aeti_season)+abs(siap_hist__yield_trend_recent)+eps),0.4911115650246847
fold_municipality_grouped,competition,B7_all_plus_discovery,ExtraTrees,1,6,disc_expr_06__reverse_safe_ratio__agro_water_2025_precip_minus_aeti_season__soilgrids_soc_depth_weighted_0_30cm,agro_water__2025__precip_minus_aeti_season,soilgrids__soc__depth_weighted_0_30cm,reverse_safe_ratio,(soilgrids__soc__depth_weighted_0_30cm) / (abs(agro_water__2025__precip_minus_aeti_season) + eps),0.4762356812862236
fold_municipality_grouped,competition,B7_all_plus_discovery,ExtraTrees,1,7,disc_expr_07__safe_ratio__agro_water_2025_precip_minus_aeti_season__soilgrids_soc_depth_weighted_0_30cm,agro_water__2025__precip_minus_aeti_season,soilgrids__soc__depth_weighted_0_30cm,safe_ratio,(agro_water__2025__precip_minus_aeti_season) / (abs(soilgrids__soc__depth_weighted_0_30cm) + eps),0.4762356812862236
fold_municipality_grouped,competition,B7_all_plus_discovery,ExtraTrees,1,8,disc_expr_08__symmetric_change__agro_water_2025_precip_minus_aeti_season__soilgrids_soc_depth_weighted_0_30cm,agro_water__2025__precip_minus_aeti_season,soilgrids__soc__depth_weighted_0_30cm,symmetric_change,2*((agro_water__2025__precip_minus_aeti_season)-(soilgrids__soc__depth_weighted_0_30cm)) / (abs(agro_water__2025__precip_minus_aeti_season)+abs(soilgrids__soc__depth_weighted_0_30cm)+eps),0.4762356812862236
fold_municipality_grouped,competition,B7_all_plus_discovery,ExtraTrees,1,9,disc_expr_09__reverse_safe_ratio__clim_official_2025_prec_season_sum__siap_hist_yield_mean_recent,clim_official_2025__prec__season_sum,siap_hist__yield_mean_recent,reverse_safe_ratio,(siap_hist__yield_mean_recent) / (abs(clim_official_2025__prec__season_sum) + eps),0.4753501991761211
fold_municipality_grouped,competition,B7_all_plus_discovery,ExtraTrees,1,10,disc_expr_10__safe_ratio__clim_official_2025_prec_season_sum__siap_hist_yield_mean_recent,clim_official_2025__prec__season_sum,siap_hist__yield_mean_recent,safe_ratio,(clim_official_2025__prec__season_sum) / (abs(siap_hist__yield_mean_recent) + eps),0.4753501991761211
fold_municipality_grouped,competition,B7_all_plus_discovery,ExtraTrees,1,11,disc_expr_11__symmetric_change__clim_official_2025_prec_season_sum__siap_hist_yield_mean_recent,clim_official_2025__prec__season_sum,siap_hist__yield_mean_recent,symmetric_change,2*((clim_official_2025__prec__season_sum)-(siap_hist__yield_mean_recent)) / (abs(clim_official_2025__prec__season_sum)+abs(siap_hist__yield_mean_recent)+eps),0.4753501991761211
fold_municipality_grouped,competition,B7_all_plus_discovery,ExtraTrees,1,12,disc_expr_12__reverse_safe_ratio__clim_official_2025_prec_season_sum__soilgrids_nitrogen_depth_weighted_0_30cm,clim_official_2025__prec__season_sum,soilgrids__nitrogen__depth_weighted_0_30cm,reverse_safe_ratio,(soilgrids__nitrogen__depth_weighted_0_30cm) / (abs(clim_official_2025__prec__season_sum) + eps),0.474980770817135
fold_municipality_grouped,competition,B7_all_plus_discovery,ExtraTrees,1,13,disc_expr_13__safe_ratio__clim_official_2025_prec_season_sum__soilgrids_nitrogen_depth_weighted_0_30cm,clim_official_2025__prec__season_sum,soilgrids__nitrogen__depth_weighted_0_30cm,safe_ratio,(clim_official_2025__prec__season_sum) / (abs(soilgrids__nitrogen__depth_weighted_0_30cm) + eps),0.474980770817135
fold_municipality_grouped,competition,B7_all_plus_discovery,ExtraTrees,1,14,disc_expr_14__symmetric_change__clim_official_2025_prec_season_sum__soilgrids_nitrogen_depth_weighted_0_30cm,clim_official_2025__prec__season_sum,soilgrids__nitrogen__depth_weighted_0_30cm,symmetric_change,2*((clim_official_2025__prec__season_sum)-(soilgrids__nitrogen__depth_weighted_0_30cm)) / (abs(clim_official_2025__prec__season_sum)+abs(soilgrids__nitrogen__depth_weighted_0_30cm)+eps),0.474980770817135
fold_municipality_grouped,competition,B7_all_plus_discovery,ExtraTrees,1,15,disc_expr_15__difference__clim_official_2025_prec_season_sum__agro_thermal_2025_gdd_proxy_base5p0c,clim_official_2025__prec__season_sum,agro_thermal__2025__gdd_proxy_base5p0c,difference,(clim_official_2025__prec__season_sum) - (agro_thermal__2025__gdd_proxy_base5p0c),0.4707797340477538
fold_municipality_grouped,competition,B7_all_plus_discovery,ExtraTrees,1,16,disc_expr_16__reverse_difference__clim_official_2025_prec_season_sum__agro_thermal_2025_gdd_proxy_base5p0c,clim_official_2025__prec__season_sum,agro_thermal__2025__gdd_proxy_base5p0c,reverse_difference,(agro_thermal__2025__gdd_proxy_base5p0c) - (clim_official_2025__prec__season_sum),0.4707797340477538
fold_municipality_grouped,competition,B7_all_plus_discovery,ExtraTrees,1,17,disc_expr_17__safe_ratio__clim_official_2025_prec_season_sum__siap_hist_yield_trend_recent,clim_official_2025__prec__season_sum,siap_hist__yield_trend_recent,safe_ratio,(clim_official_2025__prec__season_sum) / (abs(siap_hist__yield_trend_recent) + eps),0.4699916798732051
fold_municipality_grouped,competition,B7_all_plus_discovery,ExtraTrees,1,18,disc_expr_18__reverse_safe_ratio__siap_hist_yield_trend_recent__agro_thermal_2025_gdd_proxy_base5p0c,siap_hist__yield_trend_recent,agro_thermal__2025__gdd_proxy_base5p0c,reverse_safe_ratio,(agro_thermal__2025__gdd_proxy_base5p0c) / (abs(siap_hist__yield_trend_recent) + eps),0.4681327104530086
fold_municipality_grouped,competition,B7_all_plus_discovery,ExtraTrees,1,19,disc_expr_19__sum__clim_official_2025_prec_season_sum__siap_hist_yield_mean_recent,clim_official_2025__prec__season_sum,siap_hist__yield_mean_recent,sum,(clim_official_2025__prec__season_sum) + (siap_hist__yield_mean_recent),0.4596847863830038
fold_municipality_grouped,competition,B7_all_plus_discovery,ExtraTrees,1,20,disc_expr_20__sum__clim_official_2025_prec_season_sum__siap_hist_yield_trend_recent,clim_official_2025__prec__season_sum,siap_hist__yield_trend_recent,sum,(clim_official_2025__prec__season_sum) + (siap_hist__yield_trend_recent),0.4596847863830038
fold_municipality_grouped,competition,B7_all_plus_discovery,ExtraTrees,2,1,disc_expr_01__reverse_safe_ratio__soilgrids_soc_depth_weighted_0_30cm__clim_official_2025_prec_season_sum,soilgrids__soc__depth_weighted_0_30cm,clim_official_2025__prec__season_sum,reverse_safe_ratio,(clim_official_2025__prec__season_sum) / (abs(soilgrids__soc__depth_weighted_0_30cm) + eps),0.6540973463903255
fold_municipality_grouped,competition,B7_all_plus_discovery,ExtraTrees,2,2,disc_expr_02__safe_ratio__soilgrids_soc_depth_weighted_0_30cm__clim_official_2025_prec_season_sum,soilgrids__soc__depth_weighted_0_30cm,clim_official_2025__prec__season_sum,safe_ratio,(soilgrids__soc__depth_weighted_0_30cm) / (abs(clim_official_2025__prec__season_sum) + eps),0.6540973463903255
fold_municipality_grouped,competition,B7_all_plus_discovery,ExtraTrees,2,3,disc_expr_03__symmetric_change__soilgrids_soc_depth_weighted_0_30cm__clim_official_2025_prec_season_sum,soilgrids__soc__depth_weighted_0_30cm,clim_official_2025__prec__season_sum,symmetric_change,2*((soilgrids__soc__depth_weighted_0_30cm)-(clim_official_2025__prec__season_sum)) / (abs(soilgrids__soc__depth_weighted_0_30cm)+abs(clim_official_2025__prec__season_sum)+eps),0.6540973463903255
fold_municipality_grouped,competition,B7_all_plus_discovery,ExtraTrees,2,4,disc_expr_04__product__soilgrids_soc_depth_weighted_0_30cm__agro_thermal_2025_gdd_proxy_base5p0c,soilgrids__soc__depth_weighted_0_30cm,agro_thermal__2025__gdd_proxy_base5p0c,product,(soilgrids__soc__depth_weighted_0_30cm) * (agro_thermal__2025__gdd_proxy_base5p0c),0.6416656160304622
fold_municipality_grouped,competition,B7_all_plus_discovery,ExtraTrees,2,5,disc_expr_05__symmetric_change__siap_hist_yield_trend_recent__siap_hist_yield_mean_recent,siap_hist__yield_trend_recent,siap_hist__yield_mean_recent,symmetric_change,2*((siap_hist__yield_trend_recent)-(siap_hist__yield_mean_recent)) / (abs(siap_hist__yield_trend_recent)+abs(siap_hist__yield_mean_recent)+eps),0.636296936116531
fold_municipality_grouped,competition,B7_all_plus_discovery,ExtraTrees,2,6,disc_expr_06__reverse_safe_ratio__siap_hist_yield_trend_recent__clim_official_2025_prec_season_sum,siap_hist__yield_trend_recent,clim_official_2025__prec__season_sum,reverse_safe_ratio,(clim_official_2025__prec__season_sum) / (abs(siap_hist__yield_trend_recent) + eps),0.6285388197915184
fold_municipality_grouped,competition,B7_all_plus_discovery,ExtraTrees,2,7,disc_expr_07__sum__soilgrids_soc_depth_weighted_0_30cm__emp_symchange_s2_ndvi_season_mean,soilgrids__soc__depth_weighted_0_30cm,emp_symchange__s2_ndvi__season_mean,sum,(soilgrids__soc__depth_weighted_0_30cm) + (emp_symchange__s2_ndvi__season_mean),0.6274262987984596
fold_municipality_grouped,competition,B7_all_plus_discovery,ExtraTrees,2,8,disc_expr_08__sum__soilgrids_soc_depth_weighted_0_30cm__siap_hist_yield_trend_recent,soilgrids__soc__depth_weighted_0_30cm,siap_hist__yield_trend_recent,sum,(soilgrids__soc__depth_weighted_0_30cm) + (siap_hist__yield_trend_recent),0.6256834693255623
fold_municipality_grouped,competition,B7_all_plus_discovery,ExtraTrees,2,9,disc_expr_09__symmetric_change__siap_hist_yield_trend_recent__clim_official_2025_prec_season_sum,siap_hist__yield_trend_recent,clim_official_2025__prec__season_sum,symmetric_change,2*((siap_hist__yield_trend_recent)-(clim_official_2025__prec__season_sum)) / (abs(siap_hist__yield_trend_recent)+abs(clim_official_2025__prec__season_sum)+eps),0.6255550709369871
fold_municipality_grouped,competition,B7_all_plus_discovery,ExtraTrees,2,10,disc_expr_10__sum__soilgrids_soc_depth_weighted_0_30cm__soilgrids_nitrogen_depth_weighted_0_30cm,soilgrids__soc__depth_weighted_0_30cm,soilgrids__nitrogen__depth_weighted_0_30cm,sum,(soilgrids__soc__depth_weighted_0_30cm) + (soilgrids__nitrogen__depth_weighted_0_30cm),0.623109666269387
fold_municipality_grouped,competition,B7_all_plus_discovery,ExtraTrees,2,11,disc_expr_11__reverse_safe_ratio__siap_hist_yield_trend_recent__agro_thermal_2025_gdd_proxy_base5p0c,siap_hist__yield_trend_recent,agro_thermal__2025__gdd_proxy_base5p0c,reverse_safe_ratio,(agro_thermal__2025__gdd_proxy_base5p0c) / (abs(siap_hist__yield_trend_recent) + eps),0.6230495301381482
fold_municipality_grouped,competition,B7_all_plus_discovery,ExtraTrees,2,12,disc_expr_12__difference__soilgrids_soc_depth_weighted_0_30cm__soilgrids_nitrogen_depth_weighted_0_30cm,soilgrids__soc__depth_weighted_0_30cm,soilgrids__nitrogen__depth_weighted_0_30cm,difference,(soilgrids__soc__depth_weighted_0_30cm) - (soilgrids__nitrogen__depth_weighted_0_30cm),0.6225635448316215
fold_municipality_grouped,competition,B7_all_plus_discovery,ExtraTrees,2,13,disc_expr_13__reverse_difference__soilgrids_soc_depth_weighted_0_30cm__soilgrids_nitrogen_depth_weighted_0_30cm,soilgrids__soc__depth_weighted_0_30cm,soilgrids__nitrogen__depth_weighted_0_30cm,reverse_difference,(soilgrids__nitrogen__depth_weighted_0_30cm) - (soilgrids__soc__depth_weighted_0_30cm),0.6225635448316215
fold_municipality_grouped,competition,B7_all_plus_discovery,ExtraTrees,2,14,disc_expr_14__sum__soilgrids_soc_depth_weighted_0_30cm__agro_anomaly_s2_ndvi_season_mean_delta,soilgrids__soc__depth_weighted_0_30cm,agro_anomaly__s2_ndvi__season_mean_delta,sum,(soilgrids__soc__depth_weighted_0_30cm) + (agro_anomaly__s2_ndvi__season_mean_delta),0.6224086095152139
fold_municipality_grouped,competition,B7_all_plus_discovery,ExtraTrees,2,15,disc_expr_15__difference__soilgrids_soc_depth_weighted_0_30cm__emp_symchange_s2_ndvi_season_mean,soilgrids__soc__depth_weighted_0_30cm,emp_symchange__s2_ndvi__season_mean,difference,(soilgrids__soc__depth_weighted_0_30cm) - (emp_symchange__s2_ndvi__season_mean),0.6222067104081703
fold_municipality_grouped,competition,B7_all_plus_discovery,ExtraTrees,2,16,disc_expr_16__reverse_difference__soilgrids_soc_depth_weighted_0_30cm__emp_symchange_s2_ndvi_season_mean,soilgrids__soc__depth_weighted_0_30cm,emp_symchange__s2_ndvi__season_mean,reverse_difference,(emp_symchange__s2_ndvi__season_mean) - (soilgrids__soc__depth_weighted_0_30cm),0.6222067104081703
fold_municipality_grouped,competition,B7_all_plus_discovery,ExtraTrees,2,17,disc_expr_17__difference__soilgrids_soc_depth_weighted_0_30cm__agro_anomaly_s2_ndvi_season_mean_delta,soilgrids__soc__depth_weighted_0_30cm,agro_anomaly__s2_ndvi__season_mean_delta,difference,(soilgrids__soc__depth_weighted_0_30cm) - (agro_anomaly__s2_ndvi__season_mean_delta),0.621941924694015
fold_municipality_grouped,competition,B7_all_plus_discovery,ExtraTrees,2,18,disc_expr_18__reverse_difference__soilgrids_soc_depth_weighted_0_30cm__agro_anomaly_s2_ndvi_season_mean_delta,soilgrids__soc__depth_weighted_0_30cm,agro_anomaly__s2_ndvi__season_mean_delta,reverse_difference,(agro_anomaly__s2_ndvi__season_mean_delta) - (soilgrids__soc__depth_weighted_0_30cm),0.621941924694015
fold_municipality_grouped,competition,B7_all_plus_discovery,ExtraTrees,2,19,disc_expr_19__sum__soilgrids_soc_depth_weighted_0_30cm__siap_hist_yield_mean_recent,soilgrids__soc__depth_weighted_0_30cm,siap_hist__yield_mean_recent,sum,(soilgrids__soc__depth_weighted_0_30cm) + (siap_hist__yield_mean_recent),0.6194841430646523
fold_municipality_grouped,competition,B7_all_plus_discovery,ExtraTrees,2,20,disc_expr_20__difference__soilgrids_soc_depth_weighted_0_30cm__siap_hist_yield_mean_recent,soilgrids__soc__depth_weighted_0_30cm,siap_hist__yield_mean_recent,difference,(soilgrids__soc__depth_weighted_0_30cm) - (siap_hist__yield_mean_recent),0.6194742135511537
fold_municipality_grouped,competition,B7_all_plus_discovery,ExtraTrees,3,1,disc_expr_01__symmetric_change__siap_hist_yield_trend_recent__siap_hist_yield_mean_recent,siap_hist__yield_trend_recent,siap_hist__yield_mean_recent,symmetric_change,2*((siap_hist__yield_trend_recent)-(siap_hist__yield_mean_recent)) / (abs(siap_hist__yield_trend_recent)+abs(siap_hist__yield_mean_recent)+eps),0.7617989370767759
fold_municipality_grouped,competition,B7_all_plus_discovery,ExtraTrees,3,2,disc_expr_02__product__siap_hist_yield_trend_recent__siap_hist_yield_mean_recent,siap_hist__yield_trend_recent,siap_hist__yield_mean_recent,product,(siap_hist__yield_trend_recent) * (siap_hist__yield_mean_recent),0.7348898158937808
fold_municipality_grouped,competition,B7_all_plus_discovery,ExtraTrees,3,3,disc_expr_03__reverse_safe_ratio__siap_hist_yield_trend_recent__siap_hist_yield_mean_recent,siap_hist__yield_trend_recent,siap_hist__yield_mean_recent,reverse_safe_ratio,(siap_hist__yield_mean_recent) / (abs(siap_hist__yield_trend_recent) + eps),0.7245597138568409
fold_municipality_grouped,competition,B7_all_plus_discovery,ExtraTrees,3,4,disc_expr_04__symmetric_change__siap_hist_yield_trend_recent__clim_official_2025_prec_season_sum,siap_hist__yield_trend_recent,clim_official_2025__prec__season_sum,symmetric_change,2*((siap_hist__yield_trend_recent)-(clim_official_2025__prec__season_sum)) / (abs(siap_hist__yield_trend_recent)+abs(clim_official_2025__prec__season_sum)+eps),0.7244307895003502
fold_municipality_grouped,competition,B7_all_plus_discovery,ExtraTrees,3,5,disc_expr_05__safe_ratio__siap_hist_yield_trend_recent__siap_hist_yield_mean_recent,siap_hist__yield_trend_recent,siap_hist__yield_mean_recent,safe_ratio,(siap_hist__yield_trend_recent) / (abs(siap_hist__yield_mean_recent) + eps),0.7227988287711594
fold_municipality_grouped,competition,B7_all_plus_discovery,ExtraTrees,3,6,disc_expr_06__symmetric_change__siap_hist_yield_trend_recent__agro_water_2025_precip_minus_aeti_season,siap_hist__yield_trend_recent,agro_water__2025__precip_minus_aeti_season,symmetric_change,2*((siap_hist__yield_trend_recent)-(agro_water__2025__precip_minus_aeti_season)) / (abs(siap_hist__yield_trend_recent)+abs(agro_water__2025__precip_minus_aeti_season)+eps),0.7221198180424069
fold_municipality_grouped,competition,B7_all_plus_discovery,ExtraTrees,3,7,disc_expr_07__reverse_safe_ratio__soilgrids_soc_depth_weighted_0_30cm__clim_official_2025_prec_season_sum,soilgrids__soc__depth_weighted_0_30cm,clim_official_2025__prec__season_sum,reverse_safe_ratio,(clim_official_2025__prec__season_sum) / (abs(soilgrids__soc__depth_weighted_0_30cm) + eps),0.7199317410588674
fold_municipality_grouped,competition,B7_all_plus_discovery,ExtraTrees,3,8,disc_expr_08__safe_ratio__soilgrids_soc_depth_weighted_0_30cm__clim_official_2025_prec_season_sum,soilgrids__soc__depth_weighted_0_30cm,clim_official_2025__prec__season_sum,safe_ratio,(soilgrids__soc__depth_weighted_0_30cm) / (abs(clim_official_2025__prec__season_sum) + eps),0.7199317410588674
fold_municipality_grouped,competition,B7_all_plus_discovery,ExtraTrees,3,9,disc_expr_09__symmetric_change__soilgrids_soc_depth_weighted_0_30cm__clim_official_2025_prec_season_sum,soilgrids__soc__depth_weighted_0_30cm,clim_official_2025__prec__season_sum,symmetric_change,2*((soilgrids__soc__depth_weighted_0_30cm)-(clim_official_2025__prec__season_sum)) / (abs(soilgrids__soc__depth_weighted_0_30cm)+abs(clim_official_2025__prec__season_sum)+eps),0.7199317410588674
fold_municipality_grouped,competition,B7_all_plus_discovery,ExtraTrees,3,10,disc_expr_10__safe_ratio__siap_hist_yield_trend_recent__clim_official_2025_prec_season_sum,siap_hist__yield_trend_recent,clim_official_2025__prec__season_sum,safe_ratio,(siap_hist__yield_trend_recent) / (abs(clim_official_2025__prec__season_sum) + eps),0.7172905279130602
fold_municipality_grouped,competition,B7_all_plus_discovery,ExtraTrees,3,11,disc_expr_11__sum__siap_hist_yield_trend_recent__siap_hist_yield_mean_recent,siap_hist__yield_trend_recent,siap_hist__yield_mean_recent,sum,(siap_hist__yield_trend_recent) + (siap_hist__yield_mean_recent),0.7162702042838133
fold_municipality_grouped,competition,B7_all_plus_discovery,ExtraTrees,3,12,disc_expr_12__reverse_safe_ratio__siap_hist_yield_trend_recent__agro_thermal_2025_gdd_proxy_base5p0c,siap_hist__yield_trend_recent,agro_thermal__2025__gdd_proxy_base5p0c,reverse_safe_ratio,(agro_thermal__2025__gdd_proxy_base5p0c) / (abs(siap_hist__yield_trend_recent) + eps),0.7148735551897933
fold_municipality_grouped,competition,B7_all_plus_discovery,ExtraTrees,3,13,disc_expr_13__reverse_safe_ratio__siap_hist_yield_trend_recent__clim_official_2025_prec_season_sum,siap_hist__yield_trend_recent,clim_official_2025__prec__season_sum,reverse_safe_ratio,(clim_official_2025__prec__season_sum) / (abs(siap_hist__yield_trend_recent) + eps),0.7148386110058426
fold_municipality_grouped,competition,B7_all_plus_discovery,ExtraTrees,3,14,disc_expr_14__safe_ratio__siap_hist_yield_trend_recent__agro_water_2025_precip_minus_aeti_season,siap_hist__yield_trend_recent,agro_water__2025__precip_minus_aeti_season,safe_ratio,(siap_hist__yield_trend_recent) / (abs(agro_water__2025__precip_minus_aeti_season) + eps),0.7104132712200047
fold_municipality_grouped,competition,B7_all_plus_discovery,ExtraTrees,3,15,disc_expr_15__product__siap_hist_yield_trend_recent__soilgrids_nitrogen_depth_weighted_0_30cm,siap_hist__yield_trend_recent,soilgrids__nitrogen__depth_weighted_0_30cm,product,(siap_hist__yield_trend_recent) * (soilgrids__nitrogen__depth_weighted_0_30cm),0.7096016488909119
fold_municipality_grouped,competition,B7_all_plus_discovery,ExtraTrees,3,16,disc_expr_16__safe_ratio__siap_hist_yield_trend_recent__agro_thermal_2025_gdd_proxy_base5p0c,siap_hist__yield_trend_recent,agro_thermal__2025__gdd_proxy_base5p0c,safe_ratio,(siap_hist__yield_trend_recent) / (abs(agro_thermal__2025__gdd_proxy_base5p0c) + eps),0.7078323021236976
fold_municipality_grouped,competition,B7_all_plus_discovery,ExtraTrees,3,17,disc_expr_17__product__siap_hist_yield_trend_recent__soilgrids_soc_depth_weighted_0_30cm,siap_hist__yield_trend_recent,soilgrids__soc__depth_weighted_0_30cm,product,(siap_hist__yield_trend_recent) * (soilgrids__soc__depth_weighted_0_30cm),0.7076209075840576
fold_municipality_grouped,competition,B7_all_plus_discovery,ExtraTrees,3,18,disc_expr_18__symmetric_change__siap_hist_yield_trend_recent__soilgrids_cec_depth_weighted_0_30cm,siap_hist__yield_trend_recent,soilgrids__cec__depth_weighted_0_30cm,symmetric_change,2*((siap_hist__yield_trend_recent)-(soilgrids__cec__depth_weighted_0_30cm)) / (abs(siap_hist__yield_trend_recent)+abs(soilgrids__cec__depth_weighted_0_30cm)+eps),0.7053680781647536
fold_municipality_grouped,competition,B7_all_plus_discovery,ExtraTrees,3,19,disc_expr_19__reverse_safe_ratio__siap_hist_yield_trend_recent__soilgrids_cec_depth_weighted_0_30cm,siap_hist__yield_trend_recent,soilgrids__cec__depth_weighted_0_30cm,reverse_safe_ratio,(soilgrids__cec__depth_weighted_0_30cm) / (abs(siap_hist__yield_trend_recent) + eps),0.7008615754256059
fold_municipality_grouped,competition,B7_all_plus_discovery,ExtraTrees,3,20,disc_expr_20__reverse_safe_ratio__siap_hist_yield_trend_recent__agro_water_2025_precip_minus_aeti_season,siap_hist__yield_trend_recent,agro_water__2025__precip_minus_aeti_season,reverse_safe_ratio,(agro_water__2025__precip_minus_aeti_season) / (abs(siap_hist__yield_trend_recent) + eps),0.699194377659011
fold_municipality_grouped,competition,B7_all_plus_discovery,ExtraTrees,4,1,disc_expr_01__reverse_safe_ratio__agro_pheno_y2025_s2_ndvi_auc__soilgrids_cec_depth_weighted_0_30cm,agro_pheno__y2025_s2_ndvi__auc,soilgrids__cec__depth_weighted_0_30cm,reverse_safe_ratio,(soilgrids__cec__depth_weighted_0_30cm) / (abs(agro_pheno__y2025_s2_ndvi__auc) + eps),0.5660797840472358
fold_municipality_grouped,competition,B7_all_plus_discovery,ExtraTrees,4,2,disc_expr_02__safe_ratio__agro_pheno_y2025_s2_ndvi_auc__soilgrids_cec_depth_weighted_0_30cm,agro_pheno__y2025_s2_ndvi__auc,soilgrids__cec__depth_weighted_0_30cm,safe_ratio,(agro_pheno__y2025_s2_ndvi__auc) / (abs(soilgrids__cec__depth_weighted_0_30cm) + eps),0.5660797840472358
fold_municipality_grouped,competition,B7_all_plus_discovery,ExtraTrees,4,3,disc_expr_03__symmetric_change__agro_pheno_y2025_s2_ndvi_auc__soilgrids_cec_depth_weighted_0_30cm,agro_pheno__y2025_s2_ndvi__auc,soilgrids__cec__depth_weighted_0_30cm,symmetric_change,2*((agro_pheno__y2025_s2_ndvi__auc)-(soilgrids__cec__depth_weighted_0_30cm)) / (abs(agro_pheno__y2025_s2_ndvi__auc)+abs(soilgrids__cec__depth_weighted_0_30cm)+eps),0.5660797840472358
fold_municipality_grouped,competition,B7_all_plus_discovery,ExtraTrees,4,4,disc_expr_04__difference__agro_pheno_y2025_s2_ndvi_auc__siap_hist_yield_mean_recent,agro_pheno__y2025_s2_ndvi__auc,siap_hist__yield_mean_recent,difference,(agro_pheno__y2025_s2_ndvi__auc) - (siap_hist__yield_mean_recent),0.5520039501586433
fold_municipality_grouped,competition,B7_all_plus_discovery,ExtraTrees,4,5,disc_expr_05__reverse_difference__agro_pheno_y2025_s2_ndvi_auc__siap_hist_yield_mean_recent,agro_pheno__y2025_s2_ndvi__auc,siap_hist__yield_mean_recent,reverse_difference,(siap_hist__yield_mean_recent) - (agro_pheno__y2025_s2_ndvi__auc),0.5520039501586433
fold_municipality_grouped,competition,B7_all_plus_discovery,ExtraTrees,4,6,disc_expr_06__reverse_safe_ratio__agro_pheno_y2025_s2_ndvi_auc__siap_hist_yield_mean_recent,agro_pheno__y2025_s2_ndvi__auc,siap_hist__yield_mean_recent,reverse_safe_ratio,(siap_hist__yield_mean_recent) / (abs(agro_pheno__y2025_s2_ndvi__auc) + eps),0.5499581733533503
fold_municipality_grouped,competition,B7_all_plus_discovery,ExtraTrees,4,7,disc_expr_07__safe_ratio__agro_pheno_y2025_s2_ndvi_auc__siap_hist_yield_mean_recent,agro_pheno__y2025_s2_ndvi__auc,siap_hist__yield_mean_recent,safe_ratio,(agro_pheno__y2025_s2_ndvi__auc) / (abs(siap_hist__yield_mean_recent) + eps),0.5499581733533503
fold_municipality_grouped,competition,B7_all_plus_discovery,ExtraTrees,4,8,disc_expr_08__symmetric_change__agro_pheno_y2025_s2_ndvi_auc__siap_hist_yield_mean_recent,agro_pheno__y2025_s2_ndvi__auc,siap_hist__yield_mean_recent,symmetric_change,2*((agro_pheno__y2025_s2_ndvi__auc)-(siap_hist__yield_mean_recent)) / (abs(agro_pheno__y2025_s2_ndvi__auc)+abs(siap_hist__yield_mean_recent)+eps),0.5499581733533503
fold_municipality_grouped,competition,B7_all_plus_discovery,ExtraTrees,4,9,disc_expr_09__sum__agro_pheno_y2025_s2_ndvi_auc__agro_anomaly_s2_ndvi_season_mean_delta,agro_pheno__y2025_s2_ndvi__auc,agro_anomaly__s2_ndvi__season_mean_delta,sum,(agro_pheno__y2025_s2_ndvi__auc) + (agro_anomaly__s2_ndvi__season_mean_delta),0.5397959994401009
fold_municipality_grouped,competition,B7_all_plus_discovery,ExtraTrees,4,10,disc_expr_10__difference__agro_pheno_y2025_s2_ndvi_auc__sat_basic_2025_sentinel_2_ndvi_promedio_mean,agro_pheno__y2025_s2_ndvi__auc,sat_basic_2025__sentinel_2__ndvi_promedio__mean,difference,(agro_pheno__y2025_s2_ndvi__auc) - (sat_basic_2025__sentinel_2__ndvi_promedio__mean),0.5374833821819436
fold_municipality_grouped,competition,B7_all_plus_discovery,ExtraTrees,4,11,disc_expr_11__reverse_difference__agro_pheno_y2025_s2_ndvi_auc__sat_basic_2025_sentinel_2_ndvi_promedio_mean,agro_pheno__y2025_s2_ndvi__auc,sat_basic_2025__sentinel_2__ndvi_promedio__mean,reverse_difference,(sat_basic_2025__sentinel_2__ndvi_promedio__mean) - (agro_pheno__y2025_s2_ndvi__auc),0.5374833821819436
fold_municipality_grouped,competition,B7_all_plus_discovery,ExtraTrees,4,12,disc_expr_12__sum__agro_pheno_y2025_s2_ndvi_auc__emp_symchange_s2_ndvi_season_mean,agro_pheno__y2025_s2_ndvi__auc,emp_symchange__s2_ndvi__season_mean,sum,(agro_pheno__y2025_s2_ndvi__auc) + (emp_symchange__s2_ndvi__season_mean),0.5336364323198163
fold_municipality_grouped,competition,B7_all_plus_discovery,ExtraTrees,4,13,disc_expr_13__sum__agro_pheno_y2025_s2_ndvi_auc__agro_anomaly_s2_evi_season_mean_delta,agro_pheno__y2025_s2_ndvi__auc,agro_anomaly__s2_evi__season_mean_delta,sum,(agro_pheno__y2025_s2_ndvi__auc) + (agro_anomaly__s2_evi__season_mean_delta),0.5278771258788283
fold_municipality_grouped,competition,B7_all_plus_discovery,ExtraTrees,4,14,disc_expr_14__difference__agro_pheno_y2025_s2_ndvi_auc__agro_anomaly_s2_evi_season_mean_delta,agro_pheno__y2025_s2_ndvi__auc,agro_anomaly__s2_evi__season_mean_delta,difference,(agro_pheno__y2025_s2_ndvi__auc) - (agro_anomaly__s2_evi__season_mean_delta),0.5189824441166845
fold_municipality_grouped,competition,B7_all_plus_discovery,ExtraTrees,4,15,disc_expr_15__reverse_difference__agro_pheno_y2025_s2_ndvi_auc__agro_anomaly_s2_evi_season_mean_delta,agro_pheno__y2025_s2_ndvi__auc,agro_anomaly__s2_evi__season_mean_delta,reverse_difference,(agro_anomaly__s2_evi__season_mean_delta) - (agro_pheno__y2025_s2_ndvi__auc),0.5189824441166845
fold_municipality_grouped,competition,B7_all_plus_discovery,ExtraTrees,4,16,disc_expr_16__sum__agro_pheno_y2025_s2_ndvi_auc__sat_basic_2025_sentinel_2_ndvi_promedio_mean,agro_pheno__y2025_s2_ndvi__auc,sat_basic_2025__sentinel_2__ndvi_promedio__mean,sum,(agro_pheno__y2025_s2_ndvi__auc) + (sat_basic_2025__sentinel_2__ndvi_promedio__mean),0.5143794463047751
fold_municipality_grouped,competition,B7_all_plus_discovery,ExtraTrees,4,17,disc_expr_17__product__siap_hist_yield_mean_recent__soilgrids_cec_depth_weighted_0_30cm,siap_hist__yield_mean_recent,soilgrids__cec__depth_weighted_0_30cm,product,(siap_hist__yield_mean_recent) * (soilgrids__cec__depth_weighted_0_30cm),0.512400379612698
fold_municipality_grouped,competition,B7_all_plus_discovery,ExtraTrees,4,18,disc_expr_18__difference__agro_pheno_y2025_s2_ndvi_auc__agro_anomaly_s2_ndvi_season_mean_delta,agro_pheno__y2025_s2_ndvi__auc,agro_anomaly__s2_ndvi__season_mean_delta,difference,(agro_pheno__y2025_s2_ndvi__auc) - (agro_anomaly__s2_ndvi__season_mean_delta),0.5116220949585105
fold_municipality_grouped,competition,B7_all_plus_discovery,ExtraTrees,4,19,disc_expr_19__reverse_difference__agro_pheno_y2025_s2_ndvi_auc__agro_anomaly_s2_ndvi_season_mean_delta,agro_pheno__y2025_s2_ndvi__auc,agro_anomaly__s2_ndvi__season_mean_delta,reverse_difference,(agro_anomaly__s2_ndvi__season_mean_delta) - (agro_pheno__y2025_s2_ndvi__auc),0.5116220949585105
fold_municipality_grouped,competition,B7_all_plus_discovery,ExtraTrees,4,20,disc_expr_20__reverse_safe_ratio__agro_anomaly_s2_ndvi_season_mean_delta__agro_water_2025_precip_minus_aeti_season,agro_anomaly__s2_ndvi__season_mean_delta,agro_water__2025__precip_minus_aeti_season,reverse_safe_ratio,(agro_water__2025__precip_minus_aeti_season) / (abs(agro_anomaly__s2_ndvi__season_mean_delta) + eps),0.49647889925846067
fold_municipality_grouped,competition,B7_all_plus_discovery,ExtraTrees,5,1,disc_expr_01__reverse_safe_ratio__soilgrids_soc_depth_weighted_0_30cm__clim_official_2025_prec_season_sum,soilgrids__soc__depth_weighted_0_30cm,clim_official_2025__prec__season_sum,reverse_safe_ratio,(clim_official_2025__prec__season_sum) / (abs(soilgrids__soc__depth_weighted_0_30cm) + eps),0.7349886446892143
fold_municipality_grouped,competition,B7_all_plus_discovery,ExtraTrees,5,2,disc_expr_02__safe_ratio__soilgrids_soc_depth_weighted_0_30cm__clim_official_2025_prec_season_sum,soilgrids__soc__depth_weighted_0_30cm,clim_official_2025__prec__season_sum,safe_ratio,(soilgrids__soc__depth_weighted_0_30cm) / (abs(clim_official_2025__prec__season_sum) + eps),0.7349886446892143
fold_municipality_grouped,competition,B7_all_plus_discovery,ExtraTrees,5,3,disc_expr_03__symmetric_change__soilgrids_soc_depth_weighted_0_30cm__clim_official_2025_prec_season_sum,soilgrids__soc__depth_weighted_0_30cm,clim_official_2025__prec__season_sum,symmetric_change,2*((soilgrids__soc__depth_weighted_0_30cm)-(clim_official_2025__prec__season_sum)) / (abs(soilgrids__soc__depth_weighted_0_30cm)+abs(clim_official_2025__prec__season_sum)+eps),0.7349886446892143
fold_municipality_grouped,competition,B7_all_plus_discovery,ExtraTrees,5,4,disc_expr_04__reverse_safe_ratio__siap_hist_yield_trend_recent__siap_hist_yield_mean_recent,siap_hist__yield_trend_recent,siap_hist__yield_mean_recent,reverse_safe_ratio,(siap_hist__yield_mean_recent) / (abs(siap_hist__yield_trend_recent) + eps),0.7130423497060898
fold_municipality_grouped,competition,B7_all_plus_discovery,ExtraTrees,5,5,disc_expr_05__reverse_safe_ratio__siap_hist_yield_trend_recent__agro_thermal_2025_gdd_proxy_base5p0c,siap_hist__yield_trend_recent,agro_thermal__2025__gdd_proxy_base5p0c,reverse_safe_ratio,(agro_thermal__2025__gdd_proxy_base5p0c) / (abs(siap_hist__yield_trend_recent) + eps),0.707438975225244
fold_municipality_grouped,competition,B7_all_plus_discovery,ExtraTrees,5,6,disc_expr_06__reverse_safe_ratio__siap_hist_yield_trend_recent__clim_official_2025_prec_season_sum,siap_hist__yield_trend_recent,clim_official_2025__prec__season_sum,reverse_safe_ratio,(clim_official_2025__prec__season_sum) / (abs(siap_hist__yield_trend_recent) + eps),0.7071897873854786
fold_municipality_grouped,competition,B7_all_plus_discovery,ExtraTrees,5,7,disc_expr_07__symmetric_change__siap_hist_yield_trend_recent__agro_water_2025_precip_minus_aeti_season,siap_hist__yield_trend_recent,agro_water__2025__precip_minus_aeti_season,symmetric_change,2*((siap_hist__yield_trend_recent)-(agro_water__2025__precip_minus_aeti_season)) / (abs(siap_hist__yield_trend_recent)+abs(agro_water__2025__precip_minus_aeti_season)+eps),0.7017451753519696
fold_municipality_grouped,competition,B7_all_plus_discovery,ExtraTrees,5,8,disc_expr_08__reverse_safe_ratio__clim_official_2025_prec_season_sum__agro_soil_soc_x_cec,clim_official_2025__prec__season_sum,agro_soil__soc_x_cec,reverse_safe_ratio,(agro_soil__soc_x_cec) / (abs(clim_official_2025__prec__season_sum) + eps),0.700858340762838
fold_municipality_grouped,competition,B7_all_plus_discovery,ExtraTrees,5,9,disc_expr_09__safe_ratio__clim_official_2025_prec_season_sum__agro_soil_soc_x_cec,clim_official_2025__prec__season_sum,agro_soil__soc_x_cec,safe_ratio,(clim_official_2025__prec__season_sum) / (abs(agro_soil__soc_x_cec) + eps),0.700858340762838
fold_municipality_grouped,competition,B7_all_plus_discovery,ExtraTrees,5,10,disc_expr_10__symmetric_change__clim_official_2025_prec_season_sum__agro_soil_soc_x_cec,clim_official_2025__prec__season_sum,agro_soil__soc_x_cec,symmetric_change,2*((clim_official_2025__prec__season_sum)-(agro_soil__soc_x_cec)) / (abs(clim_official_2025__prec__season_sum)+abs(agro_soil__soc_x_cec)+eps),0.700858340762838
fold_municipality_grouped,competition,B7_all_plus_discovery,ExtraTrees,5,11,disc_expr_11__reverse_safe_ratio__siap_hist_yield_trend_recent__agro_water_2025_precip_minus_aeti_season,siap_hist__yield_trend_recent,agro_water__2025__precip_minus_aeti_season,reverse_safe_ratio,(agro_water__2025__precip_minus_aeti_season) / (abs(siap_hist__yield_trend_recent) + eps),0.7000272048853836
fold_municipality_grouped,competition,B7_all_plus_discovery,ExtraTrees,5,12,disc_expr_12__symmetric_change__siap_hist_yield_trend_recent__clim_official_2025_prec_season_sum,siap_hist__yield_trend_recent,clim_official_2025__prec__season_sum,symmetric_change,2*((siap_hist__yield_trend_recent)-(clim_official_2025__prec__season_sum)) / (abs(siap_hist__yield_trend_recent)+abs(clim_official_2025__prec__season_sum)+eps),0.6950617622054037
fold_municipality_grouped,competition,B7_all_plus_discovery,ExtraTrees,5,13,disc_expr_13__reverse_safe_ratio__siap_hist_yield_trend_recent__soilgrids_cec_depth_weighted_0_30cm,siap_hist__yield_trend_recent,soilgrids__cec__depth_weighted_0_30cm,reverse_safe_ratio,(soilgrids__cec__depth_weighted_0_30cm) / (abs(siap_hist__yield_trend_recent) + eps),0.6944475737563943
fold_municipality_grouped,competition,B7_all_plus_discovery,ExtraTrees,5,14,disc_expr_14__symmetric_change__siap_hist_yield_trend_recent__siap_hist_yield_mean_recent,siap_hist__yield_trend_recent,siap_hist__yield_mean_recent,symmetric_change,2*((siap_hist__yield_trend_recent)-(siap_hist__yield_mean_recent)) / (abs(siap_hist__yield_trend_recent)+abs(siap_hist__yield_mean_recent)+eps),0.680044347611035
fold_municipality_grouped,competition,B7_all_plus_discovery,ExtraTrees,5,15,disc_expr_15__reverse_safe_ratio__clim_official_2025_prec_season_sum__soilgrids_nitrogen_depth_weighted_0_30cm,clim_official_2025__prec__season_sum,soilgrids__nitrogen__depth_weighted_0_30cm,reverse_safe_ratio,(soilgrids__nitrogen__depth_weighted_0_30cm) / (abs(clim_official_2025__prec__season_sum) + eps),0.6722324458344174
fold_municipality_grouped,competition,B7_all_plus_discovery,ExtraTrees,5,16,disc_expr_16__safe_ratio__clim_official_2025_prec_season_sum__soilgrids_nitrogen_depth_weighted_0_30cm,clim_official_2025__prec__season_sum,soilgrids__nitrogen__depth_weighted_0_30cm,safe_ratio,(clim_official_2025__prec__season_sum) / (abs(soilgrids__nitrogen__depth_weighted_0_30cm) + eps),0.6722324458344174
fold_municipality_grouped,competition,B7_all_plus_discovery,ExtraTrees,5,17,disc_expr_17__symmetric_change__clim_official_2025_prec_season_sum__soilgrids_nitrogen_depth_weighted_0_30cm,clim_official_2025__prec__season_sum,soilgrids__nitrogen__depth_weighted_0_30cm,symmetric_change,2*((clim_official_2025__prec__season_sum)-(soilgrids__nitrogen__depth_weighted_0_30cm)) / (abs(clim_official_2025__prec__season_sum)+abs(soilgrids__nitrogen__depth_weighted_0_30cm)+eps),0.6722324458344174
fold_municipality_grouped,competition,B7_all_plus_discovery,ExtraTrees,5,18,disc_expr_18__reverse_safe_ratio__siap_hist_yield_trend_recent__wapor_2025_aeti_season_total,siap_hist__yield_trend_recent,wapor_2025__aeti__season_total,reverse_safe_ratio,(wapor_2025__aeti__season_total) / (abs(siap_hist__yield_trend_recent) + eps),0.6686435191320148
fold_municipality_grouped,competition,B7_all_plus_discovery,ExtraTrees,5,19,disc_expr_19__reverse_safe_ratio__siap_hist_yield_mean_recent__clim_official_2025_prec_season_sum,siap_hist__yield_mean_recent,clim_official_2025__prec__season_sum,reverse_safe_ratio,(clim_official_2025__prec__season_sum) / (abs(siap_hist__yield_mean_recent) + eps),0.6545501817022553
fold_municipality_grouped,competition,B7_all_plus_discovery,ExtraTrees,5,20,disc_expr_20__safe_ratio__siap_hist_yield_mean_recent__clim_official_2025_prec_season_sum,siap_hist__yield_mean_recent,clim_official_2025__prec__season_sum,safe_ratio,(siap_hist__yield_mean_recent) / (abs(clim_official_2025__prec__season_sum) + eps),0.6545501817022553
