split_id,family,repeat,method,n_train,n_pseudo_target,match_objective,municipality_tv,profile_mean_distance,rmse,mae,r2
target_matched_01,target_matched,1,GlobalMean,97,41,0.5981894472704611,0.039685820587019444,0.5514759292878236,0.8340327009222747,0.7265929092280614,-0.03337943658839815
target_matched_01,target_matched,1,StateMean,97,41,0.5981894472704611,0.039685820587019444,0.5514759292878236,0.6872838336825422,0.4697202295552368,0.29827667182282325
target_matched_01,target_matched,1,MunicipalityShrink_3,97,41,0.5981894472704611,0.039685820587019444,0.5514759292878236,0.5932343355541014,0.37077677057519237,0.4771871946572691
target_matched_01,target_matched,1,MunicipalityShrink_8,97,41,0.5981894472704611,0.039685820587019444,0.5514759292878236,0.6175726833437611,0.39604819037870465,0.43340881532135633
target_matched_01,target_matched,1,GeoKNN_3,97,41,0.5981894472704611,0.039685820587019444,0.5514759292878236,0.5823125940112568,0.3969309217143541,0.496260480785075
target_matched_01,target_matched,1,GeoKNN_5,97,41,0.5981894472704611,0.039685820587019444,0.5514759292878236,0.5758564563794469,0.3840724568616385,0.5073685452806045
target_matched_01,target_matched,1,GeoKNN_10,97,41,0.5981894472704611,0.039685820587019444,0.5514759292878236,0.5564412767511261,0.3662618834192776,0.5400270057622304
target_matched_01,target_matched,1,AgroKNN_5,97,41,0.5981894472704611,0.039685820587019444,0.5514759292878236,0.6332201065011992,0.43055526646238235,0.4043336726823994
target_matched_01,target_matched,1,GeoAgro_75_25_KNN5,97,41,0.5981894472704611,0.039685820587019444,0.5514759292878236,0.5709902888086847,0.37530620729870834,0.5156591479895201
target_matched_01,target_matched,1,GeoAgro_50_50_KNN5,97,41,0.5981894472704611,0.039685820587019444,0.5514759292878236,0.5657563295471376,0.3755099735521421,0.5244978331909858
target_matched_01,target_matched,1,GeoAgro_25_75_KNN5,97,41,0.5981894472704611,0.039685820587019444,0.5514759292878236,0.5482806144923374,0.3702347549072808,0.5534198254506754
target_matched_01,target_matched,1,GeoAgroTemporal_KNN5,97,41,0.5981894472704611,0.039685820587019444,0.5514759292878236,0.5649220788492179,0.3884186540323216,0.5258991274249534
target_matched_01,target_matched,1,GlobalRidge_C1_10,97,41,0.5981894472704611,0.039685820587019444,0.5514759292878236,0.5905607420188793,0.407154181520119,0.48188901000878803
target_matched_01,target_matched,1,GlobalRidge_C1_100,97,41,0.5981894472704611,0.039685820587019444,0.5514759292878236,0.6310572443806239,0.4763438356502291,0.40839590586924335
target_matched_01,target_matched,1,GlobalRidge_C1_1000,97,41,0.5981894472704611,0.039685820587019444,0.5514759292878236,0.7921806446793979,0.6812694232973511,0.067729135832307
target_matched_01,target_matched,1,GlobalPLS_C0_4,97,41,0.5981894472704611,0.039685820587019444,0.5514759292878236,0.6104771738224765,0.3887294907312121,0.44635355268745736
target_matched_01,target_matched,1,GlobalPLS_C0_8,97,41,0.5981894472704611,0.039685820587019444,0.5514759292878236,0.630404350288553,0.41907661348362385,0.4096194240556823
target_matched_01,target_matched,1,GlobalPLS_C0_12,97,41,0.5981894472704611,0.039685820587019444,0.5514759292878236,0.6088096332968831,0.4123702790232311,0.44937403244349405
target_matched_01,target_matched,1,LocalRidge_k20_a100,97,41,0.5981894472704611,0.039685820587019444,0.5514759292878236,0.5610919438773091,0.3431339532488876,0.5323060803786863
target_matched_01,target_matched,1,LocalRidge_k30_a100,97,41,0.5981894472704611,0.039685820587019444,0.5514759292878236,0.5624828266798945,0.33559700398989045,0.5299844869087798
target_matched_01,target_matched,1,Graph_k6_lam0p5,97,41,0.5981894472704611,0.039685820587019444,0.5514759292878236,0.5617538654917655,0.3688177406898505,0.5312019500415757
target_matched_01,target_matched,1,Graph_k8_lam2,97,41,0.5981894472704611,0.039685820587019444,0.5514759292878236,0.562095540026188,0.35305998648245457,0.5306315042389305
target_matched_01,target_matched,1,Blend_PLS8_Geo5,97,41,0.5981894472704611,0.039685820587019444,0.5514759292878236,0.582317582456527,0.3772380594965323,0.4962518500674459
target_matched_01,target_matched,1,Blend_PLS8_Graph8,97,41,0.5981894472704611,0.039685820587019444,0.5514759292878236,0.5741479721982564,0.36324890529909665,0.510287343900671
target_matched_01,target_matched,1,Blend_Ridge100_Geo5,97,41,0.5981894472704611,0.039685820587019444,0.5514759292878236,0.5533205002780336,0.362146782518645,0.5451720141040455
target_matched_02,target_matched,2,GlobalMean,97,41,0.5039631092159832,0.039685820587019444,0.4572495912333457,0.8155895045621225,0.7097862710585868,-0.01009598119815558
target_matched_02,target_matched,2,StateMean,97,41,0.5039631092159832,0.039685820587019444,0.4572495912333457,0.6121596762246004,0.444531324725012,0.43095210168810905
target_matched_02,target_matched,2,MunicipalityShrink_3,97,41,0.5039631092159832,0.039685820587019444,0.4572495912333457,0.4928301944041631,0.33593130279572164,0.6311803915150416
target_matched_02,target_matched,2,MunicipalityShrink_8,97,41,0.5039631092159832,0.039685820587019444,0.4572495912333457,0.5225041557291228,0.36601286239525305,0.5854290332501574
target_matched_02,target_matched,2,GeoKNN_3,97,41,0.5039631092159832,0.039685820587019444,0.4572495912333457,0.529925662332301,0.4150877105883473,0.5735684892537761
target_matched_02,target_matched,2,GeoKNN_5,97,41,0.5039631092159832,0.039685820587019444,0.4572495912333457,0.48907375332748626,0.40087566282640963,0.6367813837865156
target_matched_02,target_matched,2,GeoKNN_10,97,41,0.5039631092159832,0.039685820587019444,0.4572495912333457,0.46006441060682957,0.36212855608886135,0.6785920137928567
target_matched_02,target_matched,2,AgroKNN_5,97,41,0.5039631092159832,0.039685820587019444,0.4572495912333457,0.5526002187719837,0.4475420696255511,0.5362953068335705
target_matched_02,target_matched,2,GeoAgro_75_25_KNN5,97,41,0.5039631092159832,0.039685820587019444,0.4572495912333457,0.490518177722338,0.4024398810089136,0.6346327648442589
target_matched_02,target_matched,2,GeoAgro_50_50_KNN5,97,41,0.5039631092159832,0.039685820587019444,0.4572495912333457,0.48975137624115644,0.4058216210432397,0.6357741910617404
target_matched_02,target_matched,2,GeoAgro_25_75_KNN5,97,41,0.5039631092159832,0.039685820587019444,0.4572495912333457,0.49152927694557885,0.4119336935594885,0.6331249582529173
target_matched_02,target_matched,2,GeoAgroTemporal_KNN5,97,41,0.5039631092159832,0.039685820587019444,0.4572495912333457,0.4995558878085409,0.4142016952002003,0.6210450796382935
target_matched_02,target_matched,2,GlobalRidge_C1_10,97,41,0.5039631092159832,0.039685820587019444,0.4572495912333457,0.5026630355538231,0.3759884378587483,0.61631635647586
target_matched_02,target_matched,2,GlobalRidge_C1_100,97,41,0.5039631092159832,0.039685820587019444,0.4572495912333457,0.5963118015689383,0.4774453830283639,0.4600342723520864
target_matched_02,target_matched,2,GlobalRidge_C1_1000,97,41,0.5039631092159832,0.039685820587019444,0.4572495912333457,0.7712937514659443,0.6660460014147951,0.09664383579526348
target_matched_02,target_matched,2,GlobalPLS_C0_4,97,41,0.5039631092159832,0.039685820587019444,0.4572495912333457,0.5405520608507854,0.40838261323908615,0.5562948788757682
target_matched_02,target_matched,2,GlobalPLS_C0_8,97,41,0.5039631092159832,0.039685820587019444,0.4572495912333457,0.6450703954237551,0.5355861196432204,0.3681214564396549
target_matched_02,target_matched,2,GlobalPLS_C0_12,97,41,0.5039631092159832,0.039685820587019444,0.4572495912333457,0.6970482003290708,0.5599483543110099,0.2621892020308044
target_matched_02,target_matched,2,LocalRidge_k20_a100,97,41,0.5039631092159832,0.039685820587019444,0.4572495912333457,0.4503447476146244,0.3321072885672016,0.6920291652149454
target_matched_02,target_matched,2,LocalRidge_k30_a100,97,41,0.5039631092159832,0.039685820587019444,0.4572495912333457,0.4565653900785376,0.3248032325558312,0.6834623601723769
target_matched_02,target_matched,2,Graph_k6_lam0p5,97,41,0.5039631092159832,0.039685820587019444,0.4572495912333457,0.4555817008852944,0.3655002983034633,0.6848248779079085
target_matched_02,target_matched,2,Graph_k8_lam2,97,41,0.5039631092159832,0.039685820587019444,0.4572495912333457,0.4548562875603341,0.325052634901367,0.6858277724913748
target_matched_02,target_matched,2,Blend_PLS8_Geo5,97,41,0.5039631092159832,0.039685820587019444,0.4572495912333457,0.522900885797313,0.4188466743043597,0.5847992384168119
target_matched_02,target_matched,2,Blend_PLS8_Graph8,97,41,0.5039631092159832,0.039685820587019444,0.4572495912333457,0.4840432339524014,0.3891870244637336,0.6442149508923096
target_matched_02,target_matched,2,Blend_Ridge100_Geo5,97,41,0.5039631092159832,0.039685820587019444,0.4572495912333457,0.4880783061344112,0.3746442368154901,0.6382584493205887
target_matched_03,target_matched,3,GlobalMean,97,41,0.607394651582334,0.06407606448945846,0.5362908896972575,0.8591735977173176,0.7206587880311792,-0.03820580141166752
target_matched_03,target_matched,3,StateMean,97,41,0.607394651582334,0.06407606448945846,0.5362908896972575,0.6420859552209227,0.45224000294301575,0.4201603004108442
target_matched_03,target_matched,3,MunicipalityShrink_3,97,41,0.607394651582334,0.06407606448945846,0.5362908896972575,0.5491974904566052,0.33852342589904666,0.5757921567567388
target_matched_03,target_matched,3,MunicipalityShrink_8,97,41,0.607394651582334,0.06407606448945846,0.5362908896972575,0.5658108968751399,0.3630938699432244,0.5497391153584101
target_matched_03,target_matched,3,GeoKNN_3,97,41,0.607394651582334,0.06407606448945846,0.5362908896972575,0.5327654143919155,0.3956940254185068,0.6007971311241269
target_matched_03,target_matched,3,GeoKNN_5,97,41,0.607394651582334,0.06407606448945846,0.5362908896972575,0.5311986297846775,0.39303640069678697,0.6031416722417146
target_matched_03,target_matched,3,GeoKNN_10,97,41,0.607394651582334,0.06407606448945846,0.5362908896972575,0.5378824548171623,0.38386205194219264,0.5930918744411635
target_matched_03,target_matched,3,AgroKNN_5,97,41,0.607394651582334,0.06407606448945846,0.5362908896972575,0.6471862570733844,0.44873899641836607,0.4109119961741047
target_matched_03,target_matched,3,GeoAgro_75_25_KNN5,97,41,0.607394651582334,0.06407606448945846,0.5362908896972575,0.5408886762588163,0.39956657297179526,0.5885307503313801
target_matched_03,target_matched,3,GeoAgro_50_50_KNN5,97,41,0.607394651582334,0.06407606448945846,0.5362908896972575,0.5478815019875122,0.4038389697424866,0.5778226969419606
target_matched_03,target_matched,3,GeoAgro_25_75_KNN5,97,41,0.607394651582334,0.06407606448945846,0.5362908896972575,0.5596075401451428,0.4118430915331992,0.5595580052047134
target_matched_03,target_matched,3,GeoAgroTemporal_KNN5,97,41,0.607394651582334,0.06407606448945846,0.5362908896972575,0.5305458067728991,0.37700851836303056,0.60411652057745
target_matched_03,target_matched,3,GlobalRidge_C1_10,97,41,0.607394651582334,0.06407606448945846,0.5362908896972575,0.5598536766073101,0.37803846413682973,0.5591704740592115
target_matched_03,target_matched,3,GlobalRidge_C1_100,97,41,0.607394651582334,0.06407606448945846,0.5362908896972575,0.644830676844665,0.49170536850299734,0.41519242925816724
target_matched_03,target_matched,3,GlobalRidge_C1_1000,97,41,0.607394651582334,0.06407606448945846,0.5362908896972575,0.8156527376253851,0.6769207315280491,0.06430953865603839
target_matched_03,target_matched,3,GlobalPLS_C0_4,97,41,0.607394651582334,0.06407606448945846,0.5362908896972575,0.5215338513982255,0.34804684193134017,0.6174514051885203
target_matched_03,target_matched,3,GlobalPLS_C0_8,97,41,0.607394651582334,0.06407606448945846,0.5362908896972575,0.6447391272714209,0.50416938054675,0.4153584731046315
target_matched_03,target_matched,3,GlobalPLS_C0_12,97,41,0.607394651582334,0.06407606448945846,0.5362908896972575,0.6687090056363449,0.5129641105378938,0.371079212159961
target_matched_03,target_matched,3,LocalRidge_k20_a100,97,41,0.607394651582334,0.06407606448945846,0.5362908896972575,0.5304498950752016,0.34394066223185554,0.6042596427133153
target_matched_03,target_matched,3,LocalRidge_k30_a100,97,41,0.607394651582334,0.06407606448945846,0.5362908896972575,0.5363605349105078,0.3396399141658149,0.5953912818784883
target_matched_03,target_matched,3,Graph_k6_lam0p5,97,41,0.607394651582334,0.06407606448945846,0.5362908896972575,0.5645378397653427,0.40881714225241633,0.551762982249764
target_matched_03,target_matched,3,Graph_k8_lam2,97,41,0.607394651582334,0.06407606448945846,0.5362908896972575,0.542438159390956,0.37235772749071383,0.5861699026925391
target_matched_03,target_matched,3,Blend_PLS8_Geo5,97,41,0.607394651582334,0.06407606448945846,0.5362908896972575,0.5481718782991916,0.41215275029078763,0.5773750717747691
target_matched_03,target_matched,3,Blend_PLS8_Graph8,97,41,0.607394651582334,0.06407606448945846,0.5362908896972575,0.5487459203493408,0.3979031985809072,0.5764894681282704
target_matched_03,target_matched,3,Blend_Ridge100_Geo5,97,41,0.607394651582334,0.06407606448945846,0.5362908896972575,0.5258212798970198,0.3619415944117225,0.6111358365272967
target_matched_04,target_matched,4,GlobalMean,97,41,0.5700188825047652,0.06614303431169907,0.4968481507974481,0.8066961956023181,0.746960020115665,-0.0362838320093557
target_matched_04,target_matched,4,StateMean,97,41,0.5700188825047652,0.06614303431169907,0.4968481507974481,0.5267841601410569,0.4143174042600153,0.5580998793108917
target_matched_04,target_matched,4,MunicipalityShrink_3,97,41,0.5700188825047652,0.06614303431169907,0.4968481507974481,0.40243297477786777,0.32012360415767865,0.7421032776120954
target_matched_04,target_matched,4,MunicipalityShrink_8,97,41,0.5700188825047652,0.06614303431169907,0.4968481507974481,0.4417355468044695,0.3449461007667607,0.6892698446669598
target_matched_04,target_matched,4,GeoKNN_3,97,41,0.5700188825047652,0.06614303431169907,0.4968481507974481,0.5020793955288605,0.3824404183326592,0.5985758440595517
target_matched_04,target_matched,4,GeoKNN_5,97,41,0.5700188825047652,0.06614303431169907,0.4968481507974481,0.46487979174225313,0.36084241109851284,0.6558561281277877
target_matched_04,target_matched,4,GeoKNN_10,97,41,0.5700188825047652,0.06614303431169907,0.4968481507974481,0.4281214552190489,0.33948932374126467,0.7081278275148782
target_matched_04,target_matched,4,AgroKNN_5,97,41,0.5700188825047652,0.06614303431169907,0.4968481507974481,0.47840674043336334,0.39931986311986467,0.6355371350995261
target_matched_04,target_matched,4,GeoAgro_75_25_KNN5,97,41,0.5700188825047652,0.06614303431169907,0.4968481507974481,0.47503851535876096,0.3708325530527017,0.6406510744306881
target_matched_04,target_matched,4,GeoAgro_50_50_KNN5,97,41,0.5700188825047652,0.06614303431169907,0.4968481507974481,0.4511158760620033,0.36275988467191583,0.6759329112629067
target_matched_04,target_matched,4,GeoAgro_25_75_KNN5,97,41,0.5700188825047652,0.06614303431169907,0.4968481507974481,0.48034166940230966,0.3960853851763286,0.6325830133632729
target_matched_04,target_matched,4,GeoAgroTemporal_KNN5,97,41,0.5700188825047652,0.06614303431169907,0.4968481507974481,0.5027159365888617,0.3965566122554699,0.5975573400650271
target_matched_04,target_matched,4,GlobalRidge_C1_10,97,41,0.5700188825047652,0.06614303431169907,0.4968481507974481,0.5016460799566256,0.3852549388524611,0.5992684368215384
target_matched_04,target_matched,4,GlobalRidge_C1_100,97,41,0.5700188825047652,0.06614303431169907,0.4968481507974481,0.5591374162812619,0.4830525724359036,0.5021530906474443
target_matched_04,target_matched,4,GlobalRidge_C1_1000,97,41,0.5700188825047652,0.06614303431169907,0.4968481507974481,0.7591214036040058,0.6977255201410044,0.08234131756293739
target_matched_04,target_matched,4,GlobalPLS_C0_4,97,41,0.5700188825047652,0.06614303431169907,0.4968481507974481,0.47662290715095584,0.3606202955384032,0.6382500103361206
target_matched_04,target_matched,4,GlobalPLS_C0_8,97,41,0.5700188825047652,0.06614303431169907,0.4968481507974481,0.579435330478645,0.4471365972881499,0.4653511346851603
target_matched_04,target_matched,4,GlobalPLS_C0_12,97,41,0.5700188825047652,0.06614303431169907,0.4968481507974481,0.6906613142761383,0.5293567244439695,0.24039298598886938
target_matched_04,target_matched,4,LocalRidge_k20_a100,97,41,0.5700188825047652,0.06614303431169907,0.4968481507974481,0.3898501579924588,0.3268806950548508,0.7579783965575048
target_matched_04,target_matched,4,LocalRidge_k30_a100,97,41,0.5700188825047652,0.06614303431169907,0.4968481507974481,0.3696374695036433,0.3071523343836339,0.7824241535897778
target_matched_04,target_matched,4,Graph_k6_lam0p5,97,41,0.5700188825047652,0.06614303431169907,0.4968481507974481,0.4342097924296415,0.3481103535936359,0.6997673414609292
target_matched_04,target_matched,4,Graph_k8_lam2,97,41,0.5700188825047652,0.06614303431169907,0.4968481507974481,0.38378674203078156,0.30894536331482125,0.7654482699930587
target_matched_04,target_matched,4,Blend_PLS8_Geo5,97,41,0.5700188825047652,0.06614303431169907,0.4968481507974481,0.47522412151635124,0.3865518077945694,0.6403702112960641
target_matched_04,target_matched,4,Blend_PLS8_Graph8,97,41,0.5700188825047652,0.06614303431169907,0.4968481507974481,0.4414138413691309,0.3651902025378433,0.6897222745430462
target_matched_04,target_matched,4,Blend_Ridge100_Geo5,97,41,0.5700188825047652,0.06614303431169907,0.4968481507974481,0.4535597487465579,0.37591706525183816,0.6724122019337659
target_matched_05,target_matched,5,GlobalMean,97,41,0.5640709910602908,0.04175279040926004,0.5152905032554127,0.8098506150265212,0.6652803620819712,-0.07228922620066647
target_matched_05,target_matched,5,StateMean,97,41,0.5640709910602908,0.04175279040926004,0.5152905032554127,0.6226133665662831,0.45994058786741704,0.366219329044307
target_matched_05,target_matched,5,MunicipalityShrink_3,97,41,0.5640709910602908,0.04175279040926004,0.5152905032554127,0.5412820460077312,0.3611103246347147,0.520984734602414
target_matched_05,target_matched,5,MunicipalityShrink_8,97,41,0.5640709910602908,0.04175279040926004,0.5152905032554127,0.5615524076943063,0.38002480717114856,0.48443586637366287
target_matched_05,target_matched,5,GeoKNN_3,97,41,0.5640709910602908,0.04175279040926004,0.5152905032554127,0.4821289698668961,0.33861343712533426,0.6199606509591968
target_matched_05,target_matched,5,GeoKNN_5,97,41,0.5640709910602908,0.04175279040926004,0.5152905032554127,0.49535288481351325,0.3471438845234707,0.5988271785479679
target_matched_05,target_matched,5,GeoKNN_10,97,41,0.5640709910602908,0.04175279040926004,0.5152905032554127,0.484620687208354,0.3255472956012805,0.6160222954995356
target_matched_05,target_matched,5,AgroKNN_5,97,41,0.5640709910602908,0.04175279040926004,0.5152905032554127,0.5721900371374331,0.4003094526108521,0.4647179339659979
target_matched_05,target_matched,5,GeoAgro_75_25_KNN5,97,41,0.5640709910602908,0.04175279040926004,0.5152905032554127,0.5105900527272061,0.3514772994982442,0.5737672568783113
target_matched_05,target_matched,5,GeoAgro_50_50_KNN5,97,41,0.5640709910602908,0.04175279040926004,0.5152905032554127,0.5207446297573887,0.36232837667390877,0.5566448989672836
target_matched_05,target_matched,5,GeoAgro_25_75_KNN5,97,41,0.5640709910602908,0.04175279040926004,0.5152905032554127,0.5273520615570257,0.3720960774046773,0.5453225600973455
target_matched_05,target_matched,5,GeoAgroTemporal_KNN5,97,41,0.5640709910602908,0.04175279040926004,0.5152905032554127,0.516184641470481,0.36109515669035064,0.56437553045104
target_matched_05,target_matched,5,GlobalRidge_C1_10,97,41,0.5640709910602908,0.04175279040926004,0.5152905032554127,0.5948952020615043,0.43560788463613803,0.4213938541838964
target_matched_05,target_matched,5,GlobalRidge_C1_100,97,41,0.5640709910602908,0.04175279040926004,0.5152905032554127,0.6180539605150883,0.47478232819901806,0.37546771033142956
target_matched_05,target_matched,5,GlobalRidge_C1_1000,97,41,0.5640709910602908,0.04175279040926004,0.5152905032554127,0.7680421339993865,0.6275132847328544,0.035566691742122236
target_matched_05,target_matched,5,GlobalPLS_C0_4,97,41,0.5640709910602908,0.04175279040926004,0.5152905032554127,0.5451795744544712,0.37579015432781754,0.514061551900126
target_matched_05,target_matched,5,GlobalPLS_C0_8,97,41,0.5640709910602908,0.04175279040926004,0.5152905032554127,0.5534594182665398,0.4238800732439158,0.49918921334745925
target_matched_05,target_matched,5,GlobalPLS_C0_12,97,41,0.5640709910602908,0.04175279040926004,0.5152905032554127,0.5815931896853006,0.44576628149238,0.44698013156299055
target_matched_05,target_matched,5,LocalRidge_k20_a100,97,41,0.5640709910602908,0.04175279040926004,0.5152905032554127,0.4920987481378316,0.31629847724300447,0.6040807389724261
target_matched_05,target_matched,5,LocalRidge_k30_a100,97,41,0.5640709910602908,0.04175279040926004,0.5152905032554127,0.5011788532911667,0.3233025159599011,0.5893350988688227
target_matched_05,target_matched,5,Graph_k6_lam0p5,97,41,0.5640709910602908,0.04175279040926004,0.5152905032554127,0.5131699031424092,0.34014304361532843,0.5694491362193921
target_matched_05,target_matched,5,Graph_k8_lam2,97,41,0.5640709910602908,0.04175279040926004,0.5152905032554127,0.5124358221104901,0.32737454862326687,0.5706800469244312
target_matched_05,target_matched,5,Blend_PLS8_Geo5,97,41,0.5640709910602908,0.04175279040926004,0.5152905032554127,0.5001392163404734,0.3439438284109809,0.5910370844243166
target_matched_05,target_matched,5,Blend_PLS8_Graph8,97,41,0.5640709910602908,0.04175279040926004,0.5152905032554127,0.5015902505253261,0.3379593180929994,0.5886606260973538
target_matched_05,target_matched,5,Blend_Ridge100_Geo5,97,41,0.5640709910602908,0.04175279040926004,0.5152905032554127,0.5177615514805477,0.36888021631364976,0.5617098569285659
target_matched_06,target_matched,6,GlobalMean,97,41,0.5861905055378475,0.06407606448945846,0.515086743652771,0.8584417528895211,0.7432436509932109,-0.01432365064416441
target_matched_06,target_matched,6,StateMean,97,41,0.5861905055378475,0.06407606448945846,0.515086743652771,0.5678374485311184,0.42668855534709205,0.5561840073693343
target_matched_06,target_matched,6,MunicipalityShrink_3,97,41,0.5861905055378475,0.06407606448945846,0.515086743652771,0.44251847729267313,0.3091751906629957,0.7304634252065294
target_matched_06,target_matched,6,MunicipalityShrink_8,97,41,0.5861905055378475,0.06407606448945846,0.515086743652771,0.4695277328368587,0.33749120978389285,0.6965568173535541
target_matched_06,target_matched,6,GeoKNN_3,97,41,0.5861905055378475,0.06407606448945846,0.515086743652771,0.48511252497787216,0.3931055753097934,0.6760784350808864
target_matched_06,target_matched,6,GeoKNN_5,97,41,0.5861905055378475,0.06407606448945846,0.515086743652771,0.4818035088970825,0.401810720993736,0.6804823865676455
target_matched_06,target_matched,6,GeoKNN_10,97,41,0.5861905055378475,0.06407606448945846,0.515086743652771,0.4402316768657902,0.35606420770208275,0.7332419927168581
target_matched_06,target_matched,6,AgroKNN_5,97,41,0.5861905055378475,0.06407606448945846,0.515086743652771,0.5570723840561981,0.40928335100272545,0.5728522277798183
target_matched_06,target_matched,6,GeoAgro_75_25_KNN5,97,41,0.5861905055378475,0.06407606448945846,0.515086743652771,0.498114955548994,0.41387477709751913,0.6584816456049394
target_matched_06,target_matched,6,GeoAgro_50_50_KNN5,97,41,0.5861905055378475,0.06407606448945846,0.515086743652771,0.5006849614906167,0.4133540889707651,0.6549484513831398
target_matched_06,target_matched,6,GeoAgro_25_75_KNN5,97,41,0.5861905055378475,0.06407606448945846,0.515086743652771,0.47279118271376613,0.3864823722160444,0.6923239979215026
target_matched_06,target_matched,6,GeoAgroTemporal_KNN5,97,41,0.5861905055378475,0.06407606448945846,0.515086743652771,0.5013662363576326,0.4100732416696567,0.6540087991165443
target_matched_06,target_matched,6,GlobalRidge_C1_10,97,41,0.5861905055378475,0.06407606448945846,0.515086743652771,0.5050217693469414,0.3932248239629167,0.6489450632245397
target_matched_06,target_matched,6,GlobalRidge_C1_100,97,41,0.5861905055378475,0.06407606448945846,0.515086743652771,0.6402836666254409,0.5223562855416151,0.4357134054286601
target_matched_06,target_matched,6,GlobalRidge_C1_1000,97,41,0.5861905055378475,0.06407606448945846,0.515086743652771,0.8159458833038192,0.7021801820369651,0.08361578915214363
target_matched_06,target_matched,6,GlobalPLS_C0_4,97,41,0.5861905055378475,0.06407606448945846,0.515086743652771,0.44738732389758046,0.34781830362719,0.7244995984853306
target_matched_06,target_matched,6,GlobalPLS_C0_8,97,41,0.5861905055378475,0.06407606448945846,0.515086743652771,0.5817118980808944,0.48288198703903706,0.5342307854523607
target_matched_06,target_matched,6,GlobalPLS_C0_12,97,41,0.5861905055378475,0.06407606448945846,0.515086743652771,0.6432642140967053,0.5496732341750028,0.4304476218752228
target_matched_06,target_matched,6,LocalRidge_k20_a100,97,41,0.5861905055378475,0.06407606448945846,0.515086743652771,0.45136709266343045,0.3391911929262317,0.7195763272439001
target_matched_06,target_matched,6,LocalRidge_k30_a100,97,41,0.5861905055378475,0.06407606448945846,0.515086743652771,0.45806934258372933,0.33892632314920407,0.7111865997583782
target_matched_06,target_matched,6,Graph_k6_lam0p5,97,41,0.5861905055378475,0.06407606448945846,0.515086743652771,0.4805490877981024,0.3977681212096139,0.6821440094303126
target_matched_06,target_matched,6,Graph_k8_lam2,97,41,0.5861905055378475,0.06407606448945846,0.515086743652771,0.4372654609432368,0.3408454213258886,0.7368246342552278
target_matched_06,target_matched,6,Blend_PLS8_Geo5,97,41,0.5861905055378475,0.06407606448945846,0.515086743652771,0.5019797943145812,0.41597858810518146,0.6531614522728545
target_matched_06,target_matched,6,Blend_PLS8_Graph8,97,41,0.5861905055378475,0.06407606448945846,0.515086743652771,0.47759827819486833,0.38843714260659684,0.6860356111330081
target_matched_06,target_matched,6,Blend_Ridge100_Geo5,97,41,0.5861905055378475,0.06407606448945846,0.515086743652771,0.4965829733559676,0.37779729510573995,0.6605791352116159
target_matched_07,target_matched,7,GlobalMean,97,41,0.6312153114646666,0.039685820587019444,0.5845017934820291,0.9044852261717853,0.7610409856675887,-0.004071448950077938
target_matched_07,target_matched,7,StateMean,97,41,0.6312153114646666,0.039685820587019444,0.5845017934820291,0.7012243957676323,0.5154160688665711,0.3965021923573693
target_matched_07,target_matched,7,MunicipalityShrink_3,97,41,0.6312153114646666,0.039685820587019444,0.5845017934820291,0.5959614131400043,0.4155294148701609,0.564088882408247
target_matched_07,target_matched,7,MunicipalityShrink_8,97,41,0.6312153114646666,0.039685820587019444,0.5845017934820291,0.6217803281734389,0.4378946458213997,0.5255006536742886
target_matched_07,target_matched,7,GeoKNN_3,97,41,0.6312153114646666,0.039685820587019444,0.5845017934820291,0.49932950513562124,0.38034690861192855,0.6939896461395569
target_matched_07,target_matched,7,GeoKNN_5,97,41,0.6312153114646666,0.039685820587019444,0.5845017934820291,0.493249473580819,0.3731274777697127,0.7013964794231762
target_matched_07,target_matched,7,GeoKNN_10,97,41,0.6312153114646666,0.039685820587019444,0.5845017934820291,0.5229400645747193,0.382079409630457,0.6643663504407229
target_matched_07,target_matched,7,AgroKNN_5,97,41,0.6312153114646666,0.039685820587019444,0.5845017934820291,0.6363544702356367,0.45175925358294966,0.5029960258010335
target_matched_07,target_matched,7,GeoAgro_75_25_KNN5,97,41,0.6312153114646666,0.039685820587019444,0.5845017934820291,0.5063408117412599,0.3779023403339657,0.6853356588291049
target_matched_07,target_matched,7,GeoAgro_50_50_KNN5,97,41,0.6312153114646666,0.039685820587019444,0.5845017934820291,0.527873485903215,0.39130632793906117,0.6580037370596779
target_matched_07,target_matched,7,GeoAgro_25_75_KNN5,97,41,0.6312153114646666,0.039685820587019444,0.5845017934820291,0.5383345904861908,0.3912995121860716,0.6443144391508737
target_matched_07,target_matched,7,GeoAgroTemporal_KNN5,97,41,0.6312153114646666,0.039685820587019444,0.5845017934820291,0.5137454415008738,0.3724001393223224,0.6760651855566728
target_matched_07,target_matched,7,GlobalRidge_C1_10,97,41,0.6312153114646666,0.039685820587019444,0.5845017934820291,0.6443873470160063,0.4633280356019435,0.4903691950874468
target_matched_07,target_matched,7,GlobalRidge_C1_100,97,41,0.6312153114646666,0.039685820587019444,0.5845017934820291,0.7194660675202214,0.5564936515240754,0.3646949685507065
target_matched_07,target_matched,7,GlobalRidge_C1_1000,97,41,0.6312153114646666,0.039685820587019444,0.5845017934820291,0.8664668997809833,0.7191289558469796,0.07856306536627677
target_matched_07,target_matched,7,GlobalPLS_C0_4,97,41,0.6312153114646666,0.039685820587019444,0.5845017934820291,0.6055878517579913,0.44372242424050357,0.5498927876043526
target_matched_07,target_matched,7,GlobalPLS_C0_8,97,41,0.6312153114646666,0.039685820587019444,0.5845017934820291,0.61297645125701,0.45757025354639863,0.5388425341144931
target_matched_07,target_matched,7,GlobalPLS_C0_12,97,41,0.6312153114646666,0.039685820587019444,0.5845017934820291,0.6244636625677321,0.4715577961441623,0.5213963495169105
target_matched_07,target_matched,7,LocalRidge_k20_a100,97,41,0.6312153114646666,0.039685820587019444,0.5845017934820291,0.5492221494965877,0.3762529061399175,0.6297818127483297
target_matched_07,target_matched,7,LocalRidge_k30_a100,97,41,0.6312153114646666,0.039685820587019444,0.5845017934820291,0.5605627119435701,0.3789396942433639,0.6143351361613063
target_matched_07,target_matched,7,Graph_k6_lam0p5,97,41,0.6312153114646666,0.039685820587019444,0.5845017934820291,0.5422528187054754,0.3882065135557512,0.6391179348150988
target_matched_07,target_matched,7,Graph_k8_lam2,97,41,0.6312153114646666,0.039685820587019444,0.5845017934820291,0.5603777185633353,0.39494583504111674,0.6145896435439477
target_matched_07,target_matched,7,Blend_PLS8_Geo5,97,41,0.6312153114646666,0.039685820587019444,0.5845017934820291,0.5327007987229592,0.39710237914158986,0.6517201418695994
target_matched_07,target_matched,7,Blend_PLS8_Graph8,97,41,0.6312153114646666,0.039685820587019444,0.5845017934820291,0.5609432208590911,0.4032897919218297,0.6138113812899554
target_matched_07,target_matched,7,Blend_Ridge100_Geo5,97,41,0.6312153114646666,0.039685820587019444,0.5845017934820291,0.5674619997850766,0.407152303078958,0.6047833511015228
target_matched_08,target_matched,8,GlobalMean,97,41,0.6163852786159297,0.06614303431169907,0.5432145469086126,0.7611889224091154,0.6645310535579583,-0.011211756204327905
target_matched_08,target_matched,8,StateMean,97,41,0.6163852786159297,0.06614303431169907,0.5432145469086126,0.5913289220469518,0.4405841886473164,0.3897392573312656
target_matched_08,target_matched,8,MunicipalityShrink_3,97,41,0.6163852786159297,0.06614303431169907,0.5432145469086126,0.47322189025576267,0.3555872694080192,0.6091709443917053
target_matched_08,target_matched,8,MunicipalityShrink_8,97,41,0.6163852786159297,0.06614303431169907,0.5432145469086126,0.509557377454883,0.38085596565080065,0.5468485449921744
target_matched_08,target_matched,8,GeoKNN_3,97,41,0.6163852786159297,0.06614303431169907,0.5432145469086126,0.4379645935583043,0.3312992434908055,0.6652387385923779
target_matched_08,target_matched,8,GeoKNN_5,97,41,0.6163852786159297,0.06614303431169907,0.5432145469086126,0.44052570774511973,0.34315000610747576,0.6613120803473705
target_matched_08,target_matched,8,GeoKNN_10,97,41,0.6163852786159297,0.06614303431169907,0.5432145469086126,0.39437557502035026,0.30615415984325495,0.7285578972799521
target_matched_08,target_matched,8,AgroKNN_5,97,41,0.6163852786159297,0.06614303431169907,0.5432145469086126,0.4965052843808779,0.4230418813058199,0.5697657887754615
target_matched_08,target_matched,8,GeoAgro_75_25_KNN5,97,41,0.6163852786159297,0.06614303431169907,0.5432145469086126,0.4400147654577057,0.34522662826401984,0.6620972768597282
target_matched_08,target_matched,8,GeoAgro_50_50_KNN5,97,41,0.6163852786159297,0.06614303431169907,0.5432145469086126,0.45237390062430805,0.3572805501952376,0.6428486692623567
target_matched_08,target_matched,8,GeoAgro_25_75_KNN5,97,41,0.6163852786159297,0.06614303431169907,0.5432145469086126,0.436926105197467,0.3567402815543052,0.6668244079149652
target_matched_08,target_matched,8,GeoAgroTemporal_KNN5,97,41,0.6163852786159297,0.06614303431169907,0.5432145469086126,0.4625744526194875,0.36236931130075223,0.6265603060512631
target_matched_08,target_matched,8,GlobalRidge_C1_10,97,41,0.6163852786159297,0.06614303431169907,0.5432145469086126,0.4556821995531959,0.32640034556585057,0.637605732543695
target_matched_08,target_matched,8,GlobalRidge_C1_100,97,41,0.6163852786159297,0.06614303431169907,0.5432145469086126,0.542534812701038,0.4274670030420893,0.48629663254264155
target_matched_08,target_matched,8,GlobalRidge_C1_1000,97,41,0.6163852786159297,0.06614303431169907,0.5432145469086126,0.717930489165369,0.618353191282637,0.10045688042413703
target_matched_08,target_matched,8,GlobalPLS_C0_4,97,41,0.6163852786159297,0.06614303431169907,0.5432145469086126,0.4488774139731856,0.33502434651841495,0.6483483183166516
target_matched_08,target_matched,8,GlobalPLS_C0_8,97,41,0.6163852786159297,0.06614303431169907,0.5432145469086126,0.4739283919938203,0.37341550474119245,0.6080030883310248
target_matched_08,target_matched,8,GlobalPLS_C0_12,97,41,0.6163852786159297,0.06614303431169907,0.5432145469086126,0.5175006204379189,0.42460849558316394,0.5326105115744384
target_matched_08,target_matched,8,LocalRidge_k20_a100,97,41,0.6163852786159297,0.06614303431169907,0.5432145469086126,0.38309459147811326,0.2931793922501063,0.7438648200128424
target_matched_08,target_matched,8,LocalRidge_k30_a100,97,41,0.6163852786159297,0.06614303431169907,0.5432145469086126,0.39051158455513046,0.2929804488948705,0.7338508798228687
target_matched_08,target_matched,8,Graph_k6_lam0p5,97,41,0.6163852786159297,0.06614303431169907,0.5432145469086126,0.40792547523652795,0.3210557268676803,0.7095851313408591
target_matched_08,target_matched,8,Graph_k8_lam2,97,41,0.6163852786159297,0.06614303431169907,0.5432145469086126,0.40974860963268367,0.3038580771017795,0.7069834379746098
target_matched_08,target_matched,8,Blend_PLS8_Geo5,97,41,0.6163852786159297,0.06614303431169907,0.5432145469086126,0.4022746095709967,0.33236353446303535,0.7175754566084773
target_matched_08,target_matched,8,Blend_PLS8_Graph8,97,41,0.6163852786159297,0.06614303431169907,0.5432145469086126,0.38485502698764956,0.3156033074129821,0.7415053740231137
target_matched_08,target_matched,8,Blend_Ridge100_Geo5,97,41,0.6163852786159297,0.06614303431169907,0.5432145469086126,0.4403589640055853,0.3394999916397495,0.6615684258965119
target_matched_09,target_matched,9,GlobalMean,97,41,0.5752656524634155,0.05870194295163292,0.5095360121161646,0.8537572112103908,0.7266381694744782,-0.0927980584808672
target_matched_09,target_matched,9,StateMean,97,41,0.5752656524634155,0.05870194295163292,0.5095360121161646,0.5949068876218221,0.4179921274325866,0.4693976868146228
target_matched_09,target_matched,9,MunicipalityShrink_3,97,41,0.5752656524634155,0.05870194295163292,0.5095360121161646,0.4747824334294503,0.2976170678455196,0.662043791687831
target_matched_09,target_matched,9,MunicipalityShrink_8,97,41,0.5752656524634155,0.05870194295163292,0.5095360121161646,0.5015943882960547,0.3358522088597412,0.6227958319237622
target_matched_09,target_matched,9,GeoKNN_3,97,41,0.5752656524634155,0.05870194295163292,0.5095360121161646,0.5482960179262817,0.36938066813500064,0.5492857092704516
target_matched_09,target_matched,9,GeoKNN_5,97,41,0.5752656524634155,0.05870194295163292,0.5095360121161646,0.5356552026254102,0.3605475452787065,0.5698283357388265
target_matched_09,target_matched,9,GeoKNN_10,97,41,0.5752656524634155,0.05870194295163292,0.5095360121161646,0.5115806954197383,0.32788377399579466,0.6076267057320675
target_matched_09,target_matched,9,AgroKNN_5,97,41,0.5752656524634155,0.05870194295163292,0.5095360121161646,0.5839122612119323,0.41198425682216594,0.4888288502086314
target_matched_09,target_matched,9,GeoAgro_75_25_KNN5,97,41,0.5752656524634155,0.05870194295163292,0.5095360121161646,0.5338113978343196,0.3556136437260293,0.5727846684587272
target_matched_09,target_matched,9,GeoAgro_50_50_KNN5,97,41,0.5752656524634155,0.05870194295163292,0.5095360121161646,0.5488082321691077,0.3842490182528404,0.5484432077509964
target_matched_09,target_matched,9,GeoAgro_25_75_KNN5,97,41,0.5752656524634155,0.05870194295163292,0.5095360121161646,0.5577122463463634,0.3891402991146624,0.5336719851299372
target_matched_09,target_matched,9,GeoAgroTemporal_KNN5,97,41,0.5752656524634155,0.05870194295163292,0.5095360121161646,0.5372564696103868,0.37176600403455784,0.5672526144690284
target_matched_09,target_matched,9,GlobalRidge_C1_10,97,41,0.5752656524634155,0.05870194295163292,0.5095360121161646,0.6201483416085541,0.44666698246315595,0.4234163565264556
target_matched_09,target_matched,9,GlobalRidge_C1_100,97,41,0.5752656524634155,0.05870194295163292,0.5095360121161646,0.6552483684047753,0.5130064983868354,0.3563006934466725
target_matched_09,target_matched,9,GlobalRidge_C1_1000,97,41,0.5752656524634155,0.05870194295163292,0.5095360121161646,0.8121463784825526,0.6869669911043782,0.011128708207782001
target_matched_09,target_matched,9,GlobalPLS_C0_4,97,41,0.5752656524634155,0.05870194295163292,0.5095360121161646,0.526153322821868,0.3422024173836031,0.5849544328852223
target_matched_09,target_matched,9,GlobalPLS_C0_8,97,41,0.5752656524634155,0.05870194295163292,0.5095360121161646,0.5703314789830707,0.4301321374645761,0.5123302352550355
target_matched_09,target_matched,9,GlobalPLS_C0_12,97,41,0.5752656524634155,0.05870194295163292,0.5095360121161646,0.5877214523328061,0.4465626919898518,0.48213777720812845
target_matched_09,target_matched,9,LocalRidge_k20_a100,97,41,0.5752656524634155,0.05870194295163292,0.5095360121161646,0.5081319099789153,0.3338678854480837,0.6128991877748021
target_matched_09,target_matched,9,LocalRidge_k30_a100,97,41,0.5752656524634155,0.05870194295163292,0.5095360121161646,0.5099194710975499,0.3343488727866414,0.6101708273464177
target_matched_09,target_matched,9,Graph_k6_lam0p5,97,41,0.5752656524634155,0.05870194295163292,0.5095360121161646,0.5170230440944444,0.3530610408134972,0.5992339302369165
target_matched_09,target_matched,9,Graph_k8_lam2,97,41,0.5752656524634155,0.05870194295163292,0.5095360121161646,0.4840453084895594,0.30945043180196613,0.6487282897502509
target_matched_09,target_matched,9,Blend_PLS8_Geo5,97,41,0.5752656524634155,0.05870194295163292,0.5095360121161646,0.5281490024254438,0.367703116583613,0.5817999576087107
target_matched_09,target_matched,9,Blend_PLS8_Graph8,97,41,0.5752656524634155,0.05870194295163292,0.5095360121161646,0.5008270924882526,0.34147129126926407,0.6239489780244352
target_matched_09,target_matched,9,Blend_Ridge100_Geo5,97,41,0.5752656524634155,0.05870194295163292,0.5095360121161646,0.5495342027652068,0.37910958068311823,0.547247767323331
target_matched_10,target_matched,10,GlobalMean,97,41,0.5912328188917545,0.039685820587019444,0.544519300909117,0.8925008768450491,0.7671611767664068,-0.013055256643383473
target_matched_10,target_matched,10,StateMean,97,41,0.5912328188917545,0.039685820587019444,0.544519300909117,0.6650401902959535,0.4941630798660927,0.4375141327967772
target_matched_10,target_matched,10,MunicipalityShrink_3,97,41,0.5912328188917545,0.039685820587019444,0.544519300909117,0.5832369503822482,0.39643977471595837,0.5673806978634952
target_matched_10,target_matched,10,MunicipalityShrink_8,97,41,0.5912328188917545,0.039685820587019444,0.544519300909117,0.5997339220692062,0.41219652880198077,0.5425611359293346
target_matched_10,target_matched,10,GeoKNN_3,97,41,0.5912328188917545,0.039685820587019444,0.544519300909117,0.5876209863605029,0.4477532241688073,0.5608524874295586
target_matched_10,target_matched,10,GeoKNN_5,97,41,0.5912328188917545,0.039685820587019444,0.544519300909117,0.5872860861503698,0.44987335731303385,0.5613529075575248
target_matched_10,target_matched,10,GeoKNN_10,97,41,0.5912328188917545,0.039685820587019444,0.544519300909117,0.570089263568498,0.42292596914157315,0.5866655958141215
target_matched_10,target_matched,10,AgroKNN_5,97,41,0.5912328188917545,0.039685820587019444,0.544519300909117,0.5941875519111441,0.4408779055759198,0.5509828490905122
target_matched_10,target_matched,10,GeoAgro_75_25_KNN5,97,41,0.5912328188917545,0.039685820587019444,0.544519300909117,0.5961929355517464,0.4529958098413016,0.5479468677457848
target_matched_10,target_matched,10,GeoAgro_50_50_KNN5,97,41,0.5912328188917545,0.039685820587019444,0.544519300909117,0.5926803983526417,0.437233653403102,0.5532578194218177
target_matched_10,target_matched,10,GeoAgro_25_75_KNN5,97,41,0.5912328188917545,0.039685820587019444,0.544519300909117,0.5894053112897212,0.43031333379221726,0.558181474804573
target_matched_10,target_matched,10,GeoAgroTemporal_KNN5,97,41,0.5912328188917545,0.039685820587019444,0.544519300909117,0.5953951417367374,0.44448515672190064,0.5491558854087824
target_matched_10,target_matched,10,GlobalRidge_C1_10,97,41,0.5912328188917545,0.039685820587019444,0.544519300909117,0.6442558656571902,0.49326673485071815,0.4721231772197282
target_matched_10,target_matched,10,GlobalRidge_C1_100,97,41,0.5912328188917545,0.039685820587019444,0.544519300909117,0.6839216635261183,0.5318862087982187,0.4051211173986643
target_matched_10,target_matched,10,GlobalRidge_C1_1000,97,41,0.5912328188917545,0.039685820587019444,0.544519300909117,0.8511874960010402,0.7249555146151927,0.07856161107665616
target_matched_10,target_matched,10,GlobalPLS_C0_4,97,41,0.5912328188917545,0.039685820587019444,0.544519300909117,0.6318152569524228,0.474194263285558,0.492312992364474
target_matched_10,target_matched,10,GlobalPLS_C0_8,97,41,0.5912328188917545,0.039685820587019444,0.544519300909117,0.6230430364285386,0.4827778140586841,0.5063127351834361
target_matched_10,target_matched,10,GlobalPLS_C0_12,97,41,0.5912328188917545,0.039685820587019444,0.544519300909117,0.6707803409040657,0.5256959932832022,0.4277622778434804
target_matched_10,target_matched,10,LocalRidge_k20_a100,97,41,0.5912328188917545,0.039685820587019444,0.544519300909117,0.5766417785928702,0.4143599695247806,0.577109391511579
target_matched_10,target_matched,10,LocalRidge_k30_a100,97,41,0.5912328188917545,0.039685820587019444,0.544519300909117,0.5713546113563802,0.40765869597021215,0.5848287178524729
target_matched_10,target_matched,10,Graph_k6_lam0p5,97,41,0.5912328188917545,0.039685820587019444,0.544519300909117,0.6060194253372025,0.46242830585638983,0.5329225269013567
target_matched_10,target_matched,10,Graph_k8_lam2,97,41,0.5912328188917545,0.039685820587019444,0.544519300909117,0.5840277484228215,0.42926096283835113,0.5662067447079313
target_matched_10,target_matched,10,Blend_PLS8_Geo5,97,41,0.5912328188917545,0.039685820587019444,0.544519300909117,0.5772656941987275,0.4389114135515476,0.5761937770024282
target_matched_10,target_matched,10,Blend_PLS8_Graph8,97,41,0.5912328188917545,0.039685820587019444,0.544519300909117,0.577171165570043,0.4316009448676686,0.5763325641896153
target_matched_10,target_matched,10,Blend_Ridge100_Geo5,97,41,0.5912328188917545,0.039685820587019444,0.544519300909117,0.5873066474494699,0.44036933712451437,0.5613221923331622
target_matched_11,target_matched,11,GlobalMean,97,41,0.652026790824277,0.06614303431169907,0.5788560591169598,0.8316485068984758,0.741976364093538,-0.0017086456867094757
target_matched_11,target_matched,11,StateMean,97,41,0.652026790824277,0.06614303431169907,0.5788560591169598,0.6319242984512399,0.427842401500938,0.42164844472107743
target_matched_11,target_matched,11,MunicipalityShrink_3,97,41,0.652026790824277,0.06614303431169907,0.5788560591169598,0.5349907675078186,0.3383861610950026,0.5854715213169871
target_matched_11,target_matched,11,MunicipalityShrink_8,97,41,0.652026790824277,0.06614303431169907,0.5788560591169598,0.5626580899624581,0.36468096131510763,0.5414877606593107
target_matched_11,target_matched,11,GeoKNN_3,97,41,0.652026790824277,0.06614303431169907,0.5788560591169598,0.4487653171051706,0.3282834259329232,0.7083242200012995
target_matched_11,target_matched,11,GeoKNN_5,97,41,0.652026790824277,0.06614303431169907,0.5788560591169598,0.45220261262380784,0.3192720854203293,0.7038389560874516
target_matched_11,target_matched,11,GeoKNN_10,97,41,0.652026790824277,0.06614303431169907,0.5788560591169598,0.46120913714393597,0.2965562160802124,0.6919241870684572
target_matched_11,target_matched,11,AgroKNN_5,97,41,0.652026790824277,0.06614303431169907,0.5788560591169598,0.5333335520050185,0.37313251071463727,0.5880356741080774
target_matched_11,target_matched,11,GeoAgro_75_25_KNN5,97,41,0.652026790824277,0.06614303431169907,0.5788560591169598,0.46649480849351704,0.3272219406610543,0.6848223393152836
target_matched_11,target_matched,11,GeoAgro_50_50_KNN5,97,41,0.652026790824277,0.06614303431169907,0.5788560591169598,0.48855893731965927,0.34565420435275096,0.6543029109671412
target_matched_11,target_matched,11,GeoAgro_25_75_KNN5,97,41,0.652026790824277,0.06614303431169907,0.5788560591169598,0.4763964275088569,0.3196031633153354,0.6713006918491357
target_matched_11,target_matched,11,GeoAgroTemporal_KNN5,97,41,0.652026790824277,0.06614303431169907,0.5788560591169598,0.4948926230036368,0.3397426190248419,0.6452815662348943
target_matched_11,target_matched,11,GlobalRidge_C1_10,97,41,0.652026790824277,0.06614303431169907,0.5788560591169598,0.5612155022898766,0.3889005065151593,0.543835887112726
target_matched_11,target_matched,11,GlobalRidge_C1_100,97,41,0.652026790824277,0.06614303431169907,0.5788560591169598,0.6236395029420493,0.4948551166995147,0.4367139040536644
target_matched_11,target_matched,11,GlobalRidge_C1_1000,97,41,0.652026790824277,0.06614303431169907,0.5788560591169598,0.7881510577514004,0.6937393001635314,0.10033521115868971
target_matched_11,target_matched,11,GlobalPLS_C0_4,97,41,0.652026790824277,0.06614303431169907,0.5788560591169598,0.5577071013227102,0.3828194210153467,0.5495214185749657
target_matched_11,target_matched,11,GlobalPLS_C0_8,97,41,0.652026790824277,0.06614303431169907,0.5788560591169598,0.6189225579558237,0.45542775288450515,0.44520259452964017
target_matched_11,target_matched,11,GlobalPLS_C0_12,97,41,0.652026790824277,0.06614303431169907,0.5788560591169598,0.6398584022632501,0.47371597570467305,0.40703432739295775
target_matched_11,target_matched,11,LocalRidge_k20_a100,97,41,0.652026790824277,0.06614303431169907,0.5788560591169598,0.46341478576176315,0.28005031340696784,0.6889705083779181
target_matched_11,target_matched,11,LocalRidge_k30_a100,97,41,0.652026790824277,0.06614303431169907,0.5788560591169598,0.46691108480759286,0.27405193407033923,0.6842595912158975
target_matched_11,target_matched,11,Graph_k6_lam0p5,97,41,0.652026790824277,0.06614303431169907,0.5788560591169598,0.48796863410811464,0.32031055368912587,0.6551377859616345
target_matched_11,target_matched,11,Graph_k8_lam2,97,41,0.652026790824277,0.06614303431169907,0.5788560591169598,0.4915452117618422,0.30237481051248427,0.650063907781215
target_matched_11,target_matched,11,Blend_PLS8_Geo5,97,41,0.652026790824277,0.06614303431169907,0.5788560591169598,0.482845120815207,0.3277106196219658,0.6623416513032712
target_matched_11,target_matched,11,Blend_PLS8_Graph8,97,41,0.652026790824277,0.06614303431169907,0.5788560591169598,0.5034743620164053,0.33648598066536484,0.6328728369055843
target_matched_11,target_matched,11,Blend_Ridge100_Geo5,97,41,0.652026790824277,0.06614303431169907,0.5788560591169598,0.5000524465910994,0.3536195851102153,0.6378463131540473
target_matched_12,target_matched,12,GlobalMean,97,41,0.6408873347477209,0.06076891277387352,0.5730907245782293,0.9426181788529788,0.8001810409856674,-0.016008271967899335
target_matched_12,target_matched,12,StateMean,97,41,0.6408873347477209,0.06076891277387352,0.5730907245782293,0.7318286590367546,0.5466228893058162,0.3875869348527986
target_matched_12,target_matched,12,MunicipalityShrink_3,97,41,0.6408873347477209,0.06076891277387352,0.5730907245782293,0.6444989399206581,0.43718204559667967,0.5250257820251946
target_matched_12,target_matched,12,MunicipalityShrink_8,97,41,0.6408873347477209,0.06076891277387352,0.5730907245782293,0.6645819942893311,0.4644930462491436,0.49496350424951585
target_matched_12,target_matched,12,GeoKNN_3,97,41,0.6408873347477209,0.06076891277387352,0.5730907245782293,0.6322018078417906,0.4958530226956414,0.5429780189847694
target_matched_12,target_matched,12,GeoKNN_5,97,41,0.6408873347477209,0.06076891277387352,0.5730907245782293,0.6385953050372628,0.49754617719737976,0.5336874926192086
target_matched_12,target_matched,12,GeoKNN_10,97,41,0.6408873347477209,0.06076891277387352,0.5730907245782293,0.627572823796587,0.4667221004476791,0.5496461506130161
target_matched_12,target_matched,12,AgroKNN_5,97,41,0.6408873347477209,0.06076891277387352,0.5730907245782293,0.7167242118473579,0.49949061974823006,0.4126056387936172
target_matched_12,target_matched,12,GeoAgro_75_25_KNN5,97,41,0.6408873347477209,0.06076891277387352,0.5730907245782293,0.6328621832736833,0.480100016625293,0.5420227426401505
target_matched_12,target_matched,12,GeoAgro_50_50_KNN5,97,41,0.6408873347477209,0.06076891277387352,0.5730907245782293,0.6408553996850922,0.47858502232993955,0.5303809371978581
target_matched_12,target_matched,12,GeoAgro_25_75_KNN5,97,41,0.6408873347477209,0.06076891277387352,0.5730907245782293,0.6442483570819244,0.470124556610348,0.5253950526097646
target_matched_12,target_matched,12,GeoAgroTemporal_KNN5,97,41,0.6408873347477209,0.06076891277387352,0.5730907245782293,0.6466839214736132,0.48837422677556763,0.5217998058983602
target_matched_12,target_matched,12,GlobalRidge_C1_10,97,41,0.6408873347477209,0.06076891277387352,0.5730907245782293,0.6772438690148308,0.47668745010212155,0.47553587564419386
target_matched_12,target_matched,12,GlobalRidge_C1_100,97,41,0.6408873347477209,0.06076891277387352,0.5730907245782293,0.7566822099179578,0.5861826291983215,0.3452844305872692
target_matched_12,target_matched,12,GlobalRidge_C1_1000,97,41,0.6408873347477209,0.06076891277387352,0.5730907245782293,0.90485748067727,0.7601894148787951,0.0637626042627415
target_matched_12,target_matched,12,GlobalPLS_C0_4,97,41,0.6408873347477209,0.06076891277387352,0.5730907245782293,0.6454989941362764,0.45236626276396585,0.523550625239583
target_matched_12,target_matched,12,GlobalPLS_C0_8,97,41,0.6408873347477209,0.06076891277387352,0.5730907245782293,0.5970514996886271,0.40628840707873415,0.5923858903795707
target_matched_12,target_matched,12,GlobalPLS_C0_12,97,41,0.6408873347477209,0.06076891277387352,0.5730907245782293,0.5988084358126251,0.39629787832824415,0.589983398601216
target_matched_12,target_matched,12,LocalRidge_k20_a100,97,41,0.6408873347477209,0.06076891277387352,0.5730907245782293,0.6216329245302553,0.42521115792077985,0.5581308932880397
target_matched_12,target_matched,12,LocalRidge_k30_a100,97,41,0.6408873347477209,0.06076891277387352,0.5730907245782293,0.6291039786380004,0.4213843776006832,0.5474459193468769
target_matched_12,target_matched,12,Graph_k6_lam0p5,97,41,0.6408873347477209,0.06076891277387352,0.5730907245782293,0.6365484098353444,0.4635217016723092,0.5366720529636302
target_matched_12,target_matched,12,Graph_k8_lam2,97,41,0.6408873347477209,0.06076891277387352,0.5730907245782293,0.6307868095479842,0.44810397953209913,0.5450215487806631
target_matched_12,target_matched,12,Blend_PLS8_Geo5,97,41,0.6408873347477209,0.06076891277387352,0.5730907245782293,0.5973438917441592,0.42755910157875276,0.5919865536020319
target_matched_12,target_matched,12,Blend_PLS8_Graph8,97,41,0.6408873347477209,0.06076891277387352,0.5730907245782293,0.5938610545403639,0.40457234280318066,0.5967305602036075
target_matched_12,target_matched,12,Blend_Ridge100_Geo5,97,41,0.6408873347477209,0.06076891277387352,0.5730907245782293,0.6555641065041184,0.47678851756528834,0.5085764604064551
target_matched_13,target_matched,13,GlobalMean,97,41,0.5812294426462845,0.04175279040926004,0.5324489548414064,0.8209806526037566,0.7283480010057832,-0.00013992917641347802
target_matched_13,target_matched,13,StateMean,97,41,0.5812294426462845,0.04175279040926004,0.5324489548414064,0.525031130898468,0.4206599713055953,0.5909607051399934
target_matched_13,target_matched,13,MunicipalityShrink_3,97,41,0.5812294426462845,0.04175279040926004,0.5324489548414064,0.402321651955906,0.3088421590365636,0.7598172943712089
target_matched_13,target_matched,13,MunicipalityShrink_8,97,41,0.5812294426462845,0.04175279040926004,0.5324489548414064,0.4363489979243979,0.34411344917370745,0.7174710945476839
target_matched_13,target_matched,13,GeoKNN_3,97,41,0.5812294426462845,0.04175279040926004,0.5324489548414064,0.44810736750623875,0.3440525425097548,0.7020392286900243
target_matched_13,target_matched,13,GeoKNN_5,97,41,0.5812294426462845,0.04175279040926004,0.5324489548414064,0.4582784696486587,0.3528455794488478,0.6883595452492415
target_matched_13,target_matched,13,GeoKNN_10,97,41,0.5812294426462845,0.04175279040926004,0.5324489548414064,0.42963052632025844,0.3332415412245575,0.7261043189662192
target_matched_13,target_matched,13,AgroKNN_5,97,41,0.5812294426462845,0.04175279040926004,0.5324489548414064,0.4937538254394286,0.40572141695338293,0.6382438959150557
target_matched_13,target_matched,13,GeoAgro_75_25_KNN5,97,41,0.5812294426462845,0.04175279040926004,0.5324489548414064,0.4521516643580542,0.3495398804251108,0.6966365961058107
target_matched_13,target_matched,13,GeoAgro_50_50_KNN5,97,41,0.5812294426462845,0.04175279040926004,0.5324489548414064,0.42515364976937275,0.3330799359136071,0.7317827259203202
target_matched_13,target_matched,13,GeoAgro_25_75_KNN5,97,41,0.5812294426462845,0.04175279040926004,0.5324489548414064,0.4344493614886603,0.3370590804730066,0.719925707458282
target_matched_13,target_matched,13,GeoAgroTemporal_KNN5,97,41,0.5812294426462845,0.04175279040926004,0.5324489548414064,0.4575565012766256,0.36129542120191444,0.689340683746131
target_matched_13,target_matched,13,GlobalRidge_C1_10,97,41,0.5812294426462845,0.04175279040926004,0.5324489548414064,0.4364169798407007,0.35660306619826393,0.7173830533115111
target_matched_13,target_matched,13,GlobalRidge_C1_100,97,41,0.5812294426462845,0.04175279040926004,0.5324489548414064,0.5853801470777196,0.5021585352191291,0.4915234838541135
target_matched_13,target_matched,13,GlobalRidge_C1_1000,97,41,0.5812294426462845,0.04175279040926004,0.5324489548414064,0.7746512264941946,0.6873671819836583,0.10955449333251954
target_matched_13,target_matched,13,GlobalPLS_C0_4,97,41,0.5812294426462845,0.04175279040926004,0.5324489548414064,0.4316075056339395,0.33155972103755593,0.7235778134778841
target_matched_13,target_matched,13,GlobalPLS_C0_8,97,41,0.5812294426462845,0.04175279040926004,0.5324489548414064,0.44033381752248735,0.35647553768373746,0.7122873203047431
target_matched_13,target_matched,13,GlobalPLS_C0_12,97,41,0.5812294426462845,0.04175279040926004,0.5324489548414064,0.44770678531978253,0.3690560650993783,0.7025717101282256
target_matched_13,target_matched,13,LocalRidge_k20_a100,97,41,0.5812294426462845,0.04175279040926004,0.5324489548414064,0.38506417682943045,0.30898691116982613,0.7799805089228976
target_matched_13,target_matched,13,LocalRidge_k30_a100,97,41,0.5812294426462845,0.04175279040926004,0.5324489548414064,0.3822365351187192,0.30604906894836237,0.7831999827705083
target_matched_13,target_matched,13,Graph_k6_lam0p5,97,41,0.5812294426462845,0.04175279040926004,0.5324489548414064,0.407729384121835,0.3321550991787237,0.7533171578725009
target_matched_13,target_matched,13,Graph_k8_lam2,97,41,0.5812294426462845,0.04175279040926004,0.5324489548414064,0.3898600287774196,0.304269332686192,0.7744658340183894
target_matched_13,target_matched,13,Blend_PLS8_Geo5,97,41,0.5812294426462845,0.04175279040926004,0.5324489548414064,0.4034552376553176,0.3224897957085144,0.7584619049649721
target_matched_13,target_matched,13,Blend_PLS8_Graph8,97,41,0.5812294426462845,0.04175279040926004,0.5324489548414064,0.3619178018243239,0.2980711731495577,0.8056364547842334
target_matched_13,target_matched,13,Blend_Ridge100_Geo5,97,41,0.5812294426462845,0.04175279040926004,0.5324489548414064,0.47198840116594654,0.38409889629968935,0.6694344636197094
target_matched_14,target_matched,14,GlobalMean,97,41,0.6037904363446662,0.08309218685407195,0.5136705520949763,0.9053217833732756,0.8201408096555192,-0.0010873354132638902
target_matched_14,target_matched,14,StateMean,97,41,0.6037904363446662,0.08309218685407195,0.5136705520949763,0.611579397093842,0.4731096641283154,0.5431520087977386
target_matched_14,target_matched,14,MunicipalityShrink_3,97,41,0.6037904363446662,0.08309218685407195,0.5136705520949763,0.47871165409639627,0.3452662676873581,0.720092827336215
target_matched_14,target_matched,14,MunicipalityShrink_8,97,41,0.6037904363446662,0.08309218685407195,0.5136705520949763,0.5103218855402125,0.38570092270235734,0.6819067786612747
target_matched_14,target_matched,14,GeoKNN_3,97,41,0.6037904363446662,0.08309218685407195,0.5136705520949763,0.47536640370505423,0.3730515071991987,0.7239911570195684
target_matched_14,target_matched,14,GeoKNN_5,97,41,0.6037904363446662,0.08309218685407195,0.5136705520949763,0.48849217238216264,0.37513532733427063,0.708538467140819
target_matched_14,target_matched,14,GeoKNN_10,97,41,0.6037904363446662,0.08309218685407195,0.5136705520949763,0.474198912568973,0.3653645305418165,0.725345237451015
target_matched_14,target_matched,14,AgroKNN_5,97,41,0.6037904363446662,0.08309218685407195,0.5136705520949763,0.5662512441815374,0.4449707154227011,0.6083624137654927
target_matched_14,target_matched,14,GeoAgro_75_25_KNN5,97,41,0.6037904363446662,0.08309218685407195,0.5136705520949763,0.4895629905767206,0.3787992594816236,0.7072592475010884
target_matched_14,target_matched,14,GeoAgro_50_50_KNN5,97,41,0.6037904363446662,0.08309218685407195,0.5136705520949763,0.4705703579049075,0.3800241533147961,0.729532454328274
target_matched_14,target_matched,14,GeoAgro_25_75_KNN5,97,41,0.6037904363446662,0.08309218685407195,0.5136705520949763,0.4710158125871962,0.375899944221352,0.7290201481113111
target_matched_14,target_matched,14,GeoAgroTemporal_KNN5,97,41,0.6037904363446662,0.08309218685407195,0.5136705520949763,0.4486505422334025,0.3561453461508916,0.7541430890597616
target_matched_14,target_matched,14,GlobalRidge_C1_10,97,41,0.6037904363446662,0.08309218685407195,0.5136705520949763,0.5168888112130109,0.4034359680167754,0.6736675290396708
target_matched_14,target_matched,14,GlobalRidge_C1_100,97,41,0.6037904363446662,0.08309218685407195,0.5136705520949763,0.6737610980705716,0.5605137383155219,0.44553020791773057
target_matched_14,target_matched,14,GlobalRidge_C1_1000,97,41,0.6037904363446662,0.08309218685407195,0.5136705520949763,0.861688319903911,0.7748250822032939,0.09308530481766308
target_matched_14,target_matched,14,GlobalPLS_C0_4,97,41,0.6037904363446662,0.08309218685407195,0.5136705520949763,0.46808873828668374,0.3414522270386739,0.7323776303081666
target_matched_14,target_matched,14,GlobalPLS_C0_8,97,41,0.6037904363446662,0.08309218685407195,0.5136705520949763,0.6378516298977795,0.5003421068867986,0.5030583862890021
target_matched_14,target_matched,14,GlobalPLS_C0_12,97,41,0.6037904363446662,0.08309218685407195,0.5136705520949763,0.6245627382195342,0.45429688184190736,0.5235490826050887
target_matched_14,target_matched,14,LocalRidge_k20_a100,97,41,0.6037904363446662,0.08309218685407195,0.5136705520949763,0.4615858820855576,0.33971242759512893,0.7397617912242401
target_matched_14,target_matched,14,LocalRidge_k30_a100,97,41,0.6037904363446662,0.08309218685407195,0.5136705520949763,0.46825813830321705,0.3456249424298289,0.7321838916706417
target_matched_14,target_matched,14,Graph_k6_lam0p5,97,41,0.6037904363446662,0.08309218685407195,0.5136705520949763,0.45659921373285656,0.3792082623140919,0.7453543009916856
target_matched_14,target_matched,14,Graph_k8_lam2,97,41,0.6037904363446662,0.08309218685407195,0.5136705520949763,0.44698540037362927,0.33952648883442715,0.755964671282207
target_matched_14,target_matched,14,Blend_PLS8_Geo5,97,41,0.6037904363446662,0.08309218685407195,0.5136705520949763,0.5202546812299842,0.40825466292870505,0.669403676135768
target_matched_14,target_matched,14,Blend_PLS8_Graph8,97,41,0.6037904363446662,0.08309218685407195,0.5136705520949763,0.49937420130260357,0.39396101967503044,0.6954081835839634
target_matched_14,target_matched,14,Blend_Ridge100_Geo5,97,41,0.6037904363446662,0.08309218685407195,0.5136705520949763,0.524333388346009,0.40425422358465063,0.6641997202222876
target_matched_15,target_matched,15,GlobalMean,97,41,0.6258231075798915,0.06407606448945846,0.554719345694815,0.8773036802129027,0.7463364344983656,-0.06508345825976192
target_matched_15,target_matched,15,StateMean,97,41,0.6258231075798915,0.06407606448945846,0.554719345694815,0.7933940472069033,0.5859483868594344,0.1289128390288612
target_matched_15,target_matched,15,MunicipalityShrink_3,97,41,0.6258231075798915,0.06407606448945846,0.554719345694815,0.7200475367239607,0.4965891404148221,0.2825261523937752
target_matched_15,target_matched,15,MunicipalityShrink_8,97,41,0.6258231075798915,0.06407606448945846,0.554719345694815,0.7376778121149675,0.5182465169471896,0.24696150236026693
target_matched_15,target_matched,15,GeoKNN_3,97,41,0.6258231075798915,0.06407606448945846,0.554719345694815,0.7106771925561586,0.4783959450215272,0.30107835009482276
target_matched_15,target_matched,15,GeoKNN_5,97,41,0.6258231075798915,0.06407606448945846,0.554719345694815,0.7261345823218365,0.4990275197955925,0.2703443014860666
target_matched_15,target_matched,15,GeoKNN_10,97,41,0.6258231075798915,0.06407606448945846,0.554719345694815,0.7136740375819921,0.48974146973488525,0.29517137530367576
target_matched_15,target_matched,15,AgroKNN_5,97,41,0.6258231075798915,0.06407606448945846,0.554719345694815,0.7469911519016251,0.5024556357417665,0.22782692758784517
target_matched_15,target_matched,15,GeoAgro_75_25_KNN5,97,41,0.6258231075798915,0.06407606448945846,0.554719345694815,0.7189294292644212,0.49320274524716756,0.2847526443189773
target_matched_15,target_matched,15,GeoAgro_50_50_KNN5,97,41,0.6258231075798915,0.06407606448945846,0.554719345694815,0.7216739957994917,0.4896369269088388,0.27928120050335226
target_matched_15,target_matched,15,GeoAgro_25_75_KNN5,97,41,0.6258231075798915,0.06407606448945846,0.554719345694815,0.7062129838151171,0.4828744076959104,0.3098315010863095
target_matched_15,target_matched,15,GeoAgroTemporal_KNN5,97,41,0.6258231075798915,0.06407606448945846,0.554719345694815,0.7231244749771563,0.4933606355645387,0.2763811703781244
target_matched_15,target_matched,15,GlobalRidge_C1_10,97,41,0.6258231075798915,0.06407606448945846,0.554719345694815,0.7217241145118622,0.4827037025431375,0.279181092275253
target_matched_15,target_matched,15,GlobalRidge_C1_100,97,41,0.6258231075798915,0.06407606448945846,0.554719345694815,0.6984132390117029,0.46424925085711416,0.3249923982779872
target_matched_15,target_matched,15,GlobalRidge_C1_1000,97,41,0.6258231075798915,0.06407606448945846,0.554719345694815,0.8376192046720218,0.6964952738125576,0.029094436569573223
target_matched_15,target_matched,15,GlobalPLS_C0_4,97,41,0.6258231075798915,0.06407606448945846,0.554719345694815,0.7243470211204802,0.48946301528417174,0.2739323382324733
target_matched_15,target_matched,15,GlobalPLS_C0_8,97,41,0.6258231075798915,0.06407606448945846,0.554719345694815,0.716916277108536,0.4988581315849233,0.28875271911109246
target_matched_15,target_matched,15,GlobalPLS_C0_12,97,41,0.6258231075798915,0.06407606448945846,0.554719345694815,0.7217833645931485,0.5184285207242122,0.27906273588088826
target_matched_15,target_matched,15,LocalRidge_k20_a100,97,41,0.6258231075798915,0.06407606448945846,0.554719345694815,0.6926661797706771,0.45116894225437054,0.33605561287064234
target_matched_15,target_matched,15,LocalRidge_k30_a100,97,41,0.6258231075798915,0.06407606448945846,0.554719345694815,0.6949840864853577,0.445017923567001,0.3316045911431399
target_matched_15,target_matched,15,Graph_k6_lam0p5,97,41,0.6258231075798915,0.06407606448945846,0.554719345694815,0.7141448096062044,0.49607372617270773,0.29424119423892625
target_matched_15,target_matched,15,Graph_k8_lam2,97,41,0.6258231075798915,0.06407606448945846,0.554719345694815,0.6994715210831428,0.47717821755513545,0.3229452158446343
target_matched_15,target_matched,15,Blend_PLS8_Geo5,97,41,0.6258231075798915,0.06407606448945846,0.554719345694815,0.7101427312276146,0.4864865516414061,0.30212919606404054
target_matched_15,target_matched,15,Blend_PLS8_Graph8,97,41,0.6258231075798915,0.06407606448945846,0.554719345694815,0.6968402080141781,0.4748130005755054,0.3280296033903556
target_matched_15,target_matched,15,Blend_Ridge100_Geo5,97,41,0.6258231075798915,0.06407606448945846,0.554719345694815,0.6696741122127962,0.4262436360741236,0.3794014470805217
target_matched_16,target_matched,16,GlobalMean,97,41,0.6309297054294639,0.039685820587019444,0.5842161874468265,0.8259776142280093,0.7191702288156901,-0.007325042178096375
target_matched_16,target_matched,16,StateMean,97,41,0.6309297054294639,0.039685820587019444,0.5842161874468265,0.5523326714995959,0.393223338115734,0.5495624963088541
target_matched_16,target_matched,16,MunicipalityShrink_3,97,41,0.6309297054294639,0.039685820587019444,0.5842161874468265,0.4036919606518483,0.284414472184917,0.7593791382775898
target_matched_16,target_matched,16,MunicipalityShrink_8,97,41,0.6309297054294639,0.039685820587019444,0.5842161874468265,0.4426094456214068,0.31281748637226997,0.7107492910479567
target_matched_16,target_matched,16,GeoKNN_3,97,41,0.6309297054294639,0.039685820587019444,0.5842161874468265,0.4648689226192424,0.3623919704319334,0.680924025857725
target_matched_16,target_matched,16,GeoKNN_5,97,41,0.6309297054294639,0.039685820587019444,0.5842161874468265,0.4640874968855982,0.3592999623651925,0.681995831714215
target_matched_16,target_matched,16,GeoKNN_10,97,41,0.6309297054294639,0.039685820587019444,0.5842161874468265,0.4206025745170428,0.3226474967569159,0.7387977403284917
target_matched_16,target_matched,16,AgroKNN_5,97,41,0.6309297054294639,0.039685820587019444,0.5842161874468265,0.4796760379210935,0.39047040451889564,0.6602737351527599
target_matched_16,target_matched,16,GeoAgro_75_25_KNN5,97,41,0.6309297054294639,0.039685820587019444,0.5842161874468265,0.4581757348155831,0.35862344125041606,0.6900459992330665
target_matched_16,target_matched,16,GeoAgro_50_50_KNN5,97,41,0.6309297054294639,0.039685820587019444,0.5842161874468265,0.44977268833421424,0.3611879685880841,0.7013109946901379
target_matched_16,target_matched,16,GeoAgro_25_75_KNN5,97,41,0.6309297054294639,0.039685820587019444,0.5842161874468265,0.4358821789582769,0.350563991061619,0.719475173229865
target_matched_16,target_matched,16,GeoAgroTemporal_KNN5,97,41,0.6309297054294639,0.039685820587019444,0.5842161874468265,0.441596678401106,0.3557816963819167,0.7120714882420374
target_matched_16,target_matched,16,GlobalRidge_C1_10,97,41,0.6309297054294639,0.039685820587019444,0.5842161874468265,0.42081424804127804,0.30559785927693234,0.7385347675423664
target_matched_16,target_matched,16,GlobalRidge_C1_100,97,41,0.6309297054294639,0.039685820587019444,0.5842161874468265,0.5754562778825659,0.45993584297447154,0.5110575538015212
target_matched_16,target_matched,16,GlobalRidge_C1_1000,97,41,0.6309297054294639,0.039685820587019444,0.5842161874468265,0.7784183574521726,0.6723964944622296,0.10533753935526724
target_matched_16,target_matched,16,GlobalPLS_C0_4,97,41,0.6309297054294639,0.039685820587019444,0.5842161874468265,0.4241957355683817,0.31306572017754414,0.7343158337869398
target_matched_16,target_matched,16,GlobalPLS_C0_8,97,41,0.6309297054294639,0.039685820587019444,0.5842161874468265,0.5901321839187237,0.4397169305919021,0.48580046806246036
target_matched_16,target_matched,16,GlobalPLS_C0_12,97,41,0.6309297054294639,0.039685820587019444,0.5842161874468265,0.6145872513637263,0.4596876621494487,0.442300608188572
target_matched_16,target_matched,16,LocalRidge_k20_a100,97,41,0.6309297054294639,0.039685820587019444,0.5842161874468265,0.39736095275008154,0.2952504342485152,0.7668671606998633
target_matched_16,target_matched,16,LocalRidge_k30_a100,97,41,0.6309297054294639,0.039685820587019444,0.5842161874468265,0.4039843196661235,0.2958604115035414,0.7590304905057134
target_matched_16,target_matched,16,Graph_k6_lam0p5,97,41,0.6309297054294639,0.039685820587019444,0.5842161874468265,0.39859892222770066,0.32312347821281084,0.7654122571997335
target_matched_16,target_matched,16,Graph_k8_lam2,97,41,0.6309297054294639,0.039685820587019444,0.5842161874468265,0.3686018046117792,0.2818502603271762,0.7993921189747879
target_matched_16,target_matched,16,Blend_PLS8_Geo5,97,41,0.6309297054294639,0.039685820587019444,0.5842161874468265,0.47230596092472427,0.3601820297099099,0.6706331169100908
target_matched_16,target_matched,16,Blend_PLS8_Graph8,97,41,0.6309297054294639,0.039685820587019444,0.5842161874468265,0.4418022867145744,0.3313561603293144,0.7118033056195949
target_matched_16,target_matched,16,Blend_Ridge100_Geo5,97,41,0.6309297054294639,0.039685820587019444,0.5842161874468265,0.462110011971166,0.35624452133066475,0.6847001005541576
state_random_01,state_random,1,GlobalMean,97,41,1.1552757017669304,0.10417527904092601,1.0440727253303863,0.9085663543818624,0.7986019612773448,-0.0006946259150679701
state_random_01,state_random,1,StateMean,97,41,1.1552757017669304,0.10417527904092601,1.0440727253303863,0.5752855687429386,0.4376216753117758,0.5988052635692294
state_random_01,state_random,1,MunicipalityShrink_3,97,41,1.1552757017669304,0.10417527904092601,1.0440727253303863,0.47846578308315285,0.3597473545106257,0.7224827154022645
state_random_01,state_random,1,MunicipalityShrink_8,97,41,1.1552757017669304,0.10417527904092601,1.0440727253303863,0.4988174008975189,0.37751230139752384,0.6983721368655087
state_random_01,state_random,1,GeoKNN_3,97,41,1.1552757017669304,0.10417527904092601,1.0440727253303863,0.46423886668622455,0.3621753927420651,0.7387409990349054
state_random_01,state_random,1,GeoKNN_5,97,41,1.1552757017669304,0.10417527904092601,1.0440727253303863,0.44424692060747684,0.34323433737970993,0.7607581680502475
state_random_01,state_random,1,GeoKNN_10,97,41,1.1552757017669304,0.10417527904092601,1.0440727253303863,0.4246671562102054,0.33026874924855487,0.7813821519900281
state_random_01,state_random,1,AgroKNN_5,97,41,1.1552757017669304,0.10417527904092601,1.0440727253303863,0.4992704194207475,0.39187611710473164,0.6978240202302544
state_random_01,state_random,1,GeoAgro_75_25_KNN5,97,41,1.1552757017669304,0.10417527904092601,1.0440727253303863,0.44693309622311955,0.3516184648242046,0.7578562301862369
state_random_01,state_random,1,GeoAgro_50_50_KNN5,97,41,1.1552757017669304,0.10417527904092601,1.0440727253303863,0.4292362419074274,0.3368612527371373,0.776652531295303
state_random_01,state_random,1,GeoAgro_25_75_KNN5,97,41,1.1552757017669304,0.10417527904092601,1.0440727253303863,0.46676101110856877,0.36190914271155283,0.7358945209632779
state_random_01,state_random,1,GeoAgroTemporal_KNN5,97,41,1.1552757017669304,0.10417527904092601,1.0440727253303863,0.4548844092640852,0.360327074331297,0.7491637085517937
state_random_01,state_random,1,GlobalRidge_C1_10,97,41,1.1552757017669304,0.10417527904092601,1.0440727253303863,0.5406940067122524,0.44440439251293234,0.6456019052043944
state_random_01,state_random,1,GlobalRidge_C1_100,97,41,1.1552757017669304,0.10417527904092601,1.0440727253303863,0.6625522107227153,0.5383325085845125,0.4678568428043194
state_random_01,state_random,1,GlobalRidge_C1_1000,97,41,1.1552757017669304,0.10417527904092601,1.0440727253303863,0.8611948445021436,0.7514058512098086,0.10093496175910355
state_random_01,state_random,1,GlobalPLS_C0_4,97,41,1.1552757017669304,0.10417527904092601,1.0440727253303863,0.47209027115042673,0.3764685655220975,0.7298292252032077
state_random_01,state_random,1,GlobalPLS_C0_8,97,41,1.1552757017669304,0.10417527904092601,1.0440727253303863,0.5419309280733648,0.4326282689751698,0.6439785693452419
state_random_01,state_random,1,GlobalPLS_C0_12,97,41,1.1552757017669304,0.10417527904092601,1.0440727253303863,0.5894045578863711,0.46368539044214585,0.5788709050276687
state_random_01,state_random,1,LocalRidge_k20_a100,97,41,1.1552757017669304,0.10417527904092601,1.0440727253303863,0.4378721351208425,0.3434239902457444,0.7675749758032511
state_random_01,state_random,1,LocalRidge_k30_a100,97,41,1.1552757017669304,0.10417527904092601,1.0440727253303863,0.45191377751600126,0.35315423926731815,0.7524291938162813
state_random_01,state_random,1,Graph_k6_lam0p5,97,41,1.1552757017669304,0.10417527904092601,1.0440727253303863,0.42362945293713344,0.33291084747383803,0.7824492619776466
state_random_01,state_random,1,Graph_k8_lam2,97,41,1.1552757017669304,0.10417527904092601,1.0440727253303863,0.4201871826007182,0.31805542011930527,0.7859703860189802
state_random_01,state_random,1,Blend_PLS8_Geo5,97,41,1.1552757017669304,0.10417527904092601,1.0440727253303863,0.45656422056803914,0.34880458121547514,0.7473076957691223
state_random_01,state_random,1,Blend_PLS8_Graph8,97,41,1.1552757017669304,0.10417527904092601,1.0440727253303863,0.4426970692673631,0.3504219457268276,0.7624245498188198
state_random_01,state_random,1,Blend_Ridge100_Geo5,97,41,1.1552757017669304,0.10417527904092601,1.0440727253303863,0.511079340128549,0.39782454804743866,0.6833606262636184
state_random_02,state_random,2,GlobalMean,97,41,0.932496511574412,0.06821000413393966,0.8572588100448544,0.8518126744618079,0.743882323359316,-0.0010627783910424071
state_random_02,state_random,2,StateMean,97,41,0.932496511574412,0.06821000413393966,0.8572588100448544,0.5098536521370195,0.383879446713019,0.641355490050235
state_random_02,state_random,2,MunicipalityShrink_3,97,41,0.932496511574412,0.06821000413393966,0.8572588100448544,0.431383705391691,0.3290045248868777,0.7432558297567531
state_random_02,state_random,2,MunicipalityShrink_8,97,41,0.932496511574412,0.06821000413393966,0.8572588100448544,0.45196641853367997,0.3461340298470856,0.7181711469528451
state_random_02,state_random,2,GeoKNN_3,97,41,0.932496511574412,0.06821000413393966,0.8572588100448544,0.47960942839499626,0.3713223564560776,0.6826426637557477
state_random_02,state_random,2,GeoKNN_5,97,41,0.932496511574412,0.06821000413393966,0.8572588100448544,0.4558886098435372,0.355345910985088,0.7132584678764908
state_random_02,state_random,2,GeoKNN_10,97,41,0.932496511574412,0.06821000413393966,0.8572588100448544,0.42721953609209806,0.33953516896644753,0.7481886355765724
state_random_02,state_random,2,AgroKNN_5,97,41,0.932496511574412,0.06821000413393966,0.8572588100448544,0.4522623250108866,0.3698970662563695,0.717801994381406
state_random_02,state_random,2,GeoAgro_75_25_KNN5,97,41,0.932496511574412,0.06821000413393966,0.8572588100448544,0.45455367134712227,0.35297313693935073,0.7149352892211089
state_random_02,state_random,2,GeoAgro_50_50_KNN5,97,41,0.932496511574412,0.06821000413393966,0.8572588100448544,0.47038579347342485,0.36660432215494104,0.6947318381863976
state_random_02,state_random,2,GeoAgro_25_75_KNN5,97,41,0.932496511574412,0.06821000413393966,0.8572588100448544,0.4591887489490052,0.3443902067632788,0.7090920466568865
state_random_02,state_random,2,GeoAgroTemporal_KNN5,97,41,0.932496511574412,0.06821000413393966,0.8572588100448544,0.4690998526602283,0.35959843599463415,0.6963986410862995
state_random_02,state_random,2,GlobalRidge_C1_10,97,41,0.932496511574412,0.06821000413393966,0.8572588100448544,0.49050805780554324,0.39314603169223805,0.6680555511282943
state_random_02,state_random,2,GlobalRidge_C1_100,97,41,0.932496511574412,0.06821000413393966,0.8572588100448544,0.6276034608022742,0.52291308492989,0.4565697902464638
state_random_02,state_random,2,GlobalRidge_C1_1000,97,41,0.932496511574412,0.06821000413393966,0.8572588100448544,0.8080987478783517,0.7036561085516853,0.09904731120097598
state_random_02,state_random,2,GlobalPLS_C0_4,97,41,0.932496511574412,0.06821000413393966,0.8572588100448544,0.46117871213750267,0.3708640433048257,0.7065651969193028
state_random_02,state_random,2,GlobalPLS_C0_8,97,41,0.932496511574412,0.06821000413393966,0.8572588100448544,0.5931220358034215,0.48815551021035336,0.5146430679947036
state_random_02,state_random,2,GlobalPLS_C0_12,97,41,0.932496511574412,0.06821000413393966,0.8572588100448544,0.620845233537189,0.5076235223247413,0.4682104235789398
state_random_02,state_random,2,LocalRidge_k20_a100,97,41,0.932496511574412,0.06821000413393966,0.8572588100448544,0.4155198868443223,0.3254686145963817,0.7617917787935964
state_random_02,state_random,2,LocalRidge_k30_a100,97,41,0.932496511574412,0.06821000413393966,0.8572588100448544,0.41356125535983956,0.3199609243512258,0.7640321649811331
state_random_02,state_random,2,Graph_k6_lam0p5,97,41,0.932496511574412,0.06821000413393966,0.8572588100448544,0.4367373009224713,0.3391963233066318,0.7368437496420318
state_random_02,state_random,2,Graph_k8_lam2,97,41,0.932496511574412,0.06821000413393966,0.8572588100448544,0.41482149854102146,0.3183066911061245,0.7625918465339121
state_random_02,state_random,2,Blend_PLS8_Geo5,97,41,0.932496511574412,0.06821000413393966,0.8572588100448544,0.4837635371141285,0.3911822377663881,0.6771213118070196
state_random_02,state_random,2,Blend_PLS8_Graph8,97,41,0.932496511574412,0.06821000413393966,0.8572588100448544,0.46109003880922944,0.37790056936505834,0.706678026668152
state_random_02,state_random,2,Blend_Ridge100_Geo5,97,41,0.932496511574412,0.06821000413393966,0.8572588100448544,0.4911900561677951,0.384289827386446,0.6671318437632466
state_random_03,state_random,3,GlobalMean,97,41,0.887264561286647,0.060768912773873515,0.8194679511171554,0.8652180085702439,0.7615639929595173,-0.008358299616568088
state_random_03,state_random,3,StateMean,97,41,0.887264561286647,0.060768912773873515,0.8194679511171554,0.6196710264142382,0.48355810616929695,0.48276708048867223
state_random_03,state_random,3,MunicipalityShrink_3,97,41,0.887264561286647,0.060768912773873515,0.8194679511171554,0.5039378606728805,0.3733050502820947,0.6579278220825932
state_random_03,state_random,3,MunicipalityShrink_8,97,41,0.887264561286647,0.060768912773873515,0.8194679511171554,0.5333509706135383,0.4075250804777346,0.6168313610467916
state_random_03,state_random,3,GeoKNN_3,97,41,0.887264561286647,0.060768912773873515,0.8194679511171554,0.5300951933053395,0.41972476049234775,0.6214950972548847
state_random_03,state_random,3,GeoKNN_5,97,41,0.887264561286647,0.060768912773873515,0.8194679511171554,0.4995647262616255,0.3882751867496729,0.6638390145355506
state_random_03,state_random,3,GeoKNN_10,97,41,0.887264561286647,0.060768912773873515,0.8194679511171554,0.4844746692790697,0.3692192901875716,0.6838407252646416
state_random_03,state_random,3,AgroKNN_5,97,41,0.887264561286647,0.060768912773873515,0.8194679511171554,0.5166935135349799,0.4021701010035705,0.6403916264069818
state_random_03,state_random,3,GeoAgro_75_25_KNN5,97,41,0.887264561286647,0.060768912773873515,0.8194679511171554,0.508946450460908,0.39367336388870444,0.6510943868149416
state_random_03,state_random,3,GeoAgro_50_50_KNN5,97,41,0.887264561286647,0.060768912773873515,0.8194679511171554,0.5067011665786073,0.39544479119790416,0.6541660818057107
state_random_03,state_random,3,GeoAgro_25_75_KNN5,97,41,0.887264561286647,0.060768912773873515,0.8194679511171554,0.48964190921116263,0.39193379879036633,0.6770606683551248
state_random_03,state_random,3,GeoAgroTemporal_KNN5,97,41,0.887264561286647,0.060768912773873515,0.8194679511171554,0.5065012583501338,0.39162734405733435,0.6544389108915953
state_random_03,state_random,3,GlobalRidge_C1_10,97,41,0.887264561286647,0.060768912773873515,0.8194679511171554,0.5111209440538727,0.384692025154133,0.6481065919594443
state_random_03,state_random,3,GlobalRidge_C1_100,97,41,0.887264561286647,0.060768912773873515,0.8194679511171554,0.6322140047433769,0.5127099095076664,0.4616161783765371
state_random_03,state_random,3,GlobalRidge_C1_1000,97,41,0.887264561286647,0.060768912773873515,0.8194679511171554,0.8193396763835257,0.71523537911241,0.09574327190793785
state_random_03,state_random,3,GlobalPLS_C0_4,97,41,0.887264561286647,0.060768912773873515,0.8194679511171554,0.5036429607577151,0.38918136648644197,0.6583280600799505
state_random_03,state_random,3,GlobalPLS_C0_8,97,41,0.887264561286647,0.060768912773873515,0.8194679511171554,0.5569770210689629,0.44713378938840037,0.5821327520049155
state_random_03,state_random,3,GlobalPLS_C0_12,97,41,0.887264561286647,0.060768912773873515,0.8194679511171554,0.583293779586169,0.47408785634920714,0.5417120198749372
state_random_03,state_random,3,LocalRidge_k20_a100,97,41,0.887264561286647,0.060768912773873515,0.8194679511171554,0.4890600805583996,0.37388935931291384,0.6778276930609676
state_random_03,state_random,3,LocalRidge_k30_a100,97,41,0.887264561286647,0.060768912773873515,0.8194679511171554,0.49394282319410143,0.369689134100456,0.6713624864076662
state_random_03,state_random,3,Graph_k6_lam0p5,97,41,0.887264561286647,0.060768912773873515,0.8194679511171554,0.490191054553734,0.38869243628960654,0.6763358934839848
state_random_03,state_random,3,Graph_k8_lam2,97,41,0.887264561286647,0.060768912773873515,0.8194679511171554,0.4747149263673893,0.35882238268411004,0.6964504792567918
state_random_03,state_random,3,Blend_PLS8_Geo5,97,41,0.887264561286647,0.060768912773873515,0.8194679511171554,0.4753600421264228,0.370846023476032,0.6956248989900071
state_random_03,state_random,3,Blend_PLS8_Graph8,97,41,0.887264561286647,0.060768912773873515,0.8194679511171554,0.46641433347201294,0.36113119237462693,0.7069730575790185
state_random_03,state_random,3,Blend_Ridge100_Geo5,97,41,0.887264561286647,0.060768912773873515,0.8194679511171554,0.5266016110402102,0.41248590875339386,0.6264677157973638
state_random_04,state_random,4,GlobalMean,97,41,0.9169209834717074,0.1095494005787516,0.8003438854973377,0.8961021007866694,0.8111340206185568,-0.018932079687614678
state_random_04,state_random,4,StateMean,97,41,0.9169209834717074,0.1095494005787516,0.8003438854973377,0.5587181392196094,0.4458630393996248,0.6038900175523223
state_random_04,state_random,4,MunicipalityShrink_3,97,41,0.9169209834717074,0.1095494005787516,0.8003438854973377,0.4780376121146554,0.3554827164705214,0.7100291234460216
state_random_04,state_random,4,MunicipalityShrink_8,97,41,0.9169209834717074,0.1095494005787516,0.8003438854973377,0.49485048725353586,0.37169879984514126,0.6892735315238502
state_random_04,state_random,4,GeoKNN_3,97,41,0.9169209834717074,0.1095494005787516,0.8003438854973377,0.47962867156611494,0.356024368948349,0.7080956827746623
state_random_04,state_random,4,GeoKNN_5,97,41,0.9169209834717074,0.1095494005787516,0.8003438854973377,0.49027083394162857,0.3688061352532703,0.6949982293242438
state_random_04,state_random,4,GeoKNN_10,97,41,0.9169209834717074,0.1095494005787516,0.8003438854973377,0.4628250757047716,0.3607762991989236,0.7281908913453694
state_random_04,state_random,4,AgroKNN_5,97,41,0.9169209834717074,0.1095494005787516,0.8003438854973377,0.4323281075878108,0.35805711836077203,0.7628314008248286
state_random_04,state_random,4,GeoAgro_75_25_KNN5,97,41,0.9169209834717074,0.1095494005787516,0.8003438854973377,0.500698947646526,0.37511805039013957,0.6818853998328882
state_random_04,state_random,4,GeoAgro_50_50_KNN5,97,41,0.9169209834717074,0.1095494005787516,0.8003438854973377,0.5145532784827126,0.4027278368629671,0.664037391939832
state_random_04,state_random,4,GeoAgro_25_75_KNN5,97,41,0.9169209834717074,0.1095494005787516,0.8003438854973377,0.5421016521198201,0.44461346515786954,0.6271005812752193
state_random_04,state_random,4,GeoAgroTemporal_KNN5,97,41,0.9169209834717074,0.1095494005787516,0.8003438854973377,0.5095958527535803,0.38919100909677073,0.6704798212519019
state_random_04,state_random,4,GlobalRidge_C1_10,97,41,0.9169209834717074,0.1095494005787516,0.8003438854973377,0.46907586132638096,0.37333874267226114,0.7207993570276658
state_random_04,state_random,4,GlobalRidge_C1_100,97,41,0.9169209834717074,0.1095494005787516,0.8003438854973377,0.6229596594853062,0.5179991600813474,0.5075636616974871
state_random_04,state_random,4,GlobalRidge_C1_1000,97,41,0.9169209834717074,0.1095494005787516,0.8003438854973377,0.844612198052572,0.7573387758487288,0.09479917043759878
state_random_04,state_random,4,GlobalPLS_C0_4,97,41,0.9169209834717074,0.1095494005787516,0.8003438854973377,0.4567224142405408,0.3593483951318275,0.7353116077039875
state_random_04,state_random,4,GlobalPLS_C0_8,97,41,0.9169209834717074,0.1095494005787516,0.8003438854973377,0.5424223071799755,0.421226765080955,0.6266593081349037
state_random_04,state_random,4,GlobalPLS_C0_12,97,41,0.9169209834717074,0.1095494005787516,0.8003438854973377,0.5758223241011033,0.45143239919061323,0.5792663569478336
state_random_04,state_random,4,LocalRidge_k20_a100,97,41,0.9169209834717074,0.1095494005787516,0.8003438854973377,0.47135574124340807,0.3654942849307648,0.7180787273415328
state_random_04,state_random,4,LocalRidge_k30_a100,97,41,0.9169209834717074,0.1095494005787516,0.8003438854973377,0.4561429698286449,0.35111443144306603,0.735982802781147
state_random_04,state_random,4,Graph_k6_lam0p5,97,41,0.9169209834717074,0.1095494005787516,0.8003438854973377,0.48986454397209944,0.3756946972998593,0.695503532945488
state_random_04,state_random,4,Graph_k8_lam2,97,41,0.9169209834717074,0.1095494005787516,0.8003438854973377,0.4547413821112336,0.3415032195358319,0.7376027981352897
state_random_04,state_random,4,Blend_PLS8_Geo5,97,41,0.9169209834717074,0.1095494005787516,0.8003438854973377,0.4688570730931735,0.34910563916801035,0.7210597480410463
state_random_04,state_random,4,Blend_PLS8_Graph8,97,41,0.9169209834717074,0.1095494005787516,0.8003438854973377,0.44997226876678836,0.343123038106892,0.74307773395016
state_random_04,state_random,4,Blend_Ridge100_Geo5,97,41,0.9169209834717074,0.1095494005787516,0.8003438854973377,0.513143518371347,0.38744240053667833,0.6658757938636104
state_random_05,state_random,5,GlobalMean,97,41,1.033501782056843,0.06407606448945846,0.9623980201717666,0.8337445515661184,0.7640885089263263,-0.008072502898627487
state_random_05,state_random,5,StateMean,97,41,1.033501782056843,0.06407606448945846,0.9623980201717666,0.5435915630313286,0.41071736011477755,0.5714799311624654
state_random_05,state_random,5,MunicipalityShrink_3,97,41,1.033501782056843,0.06407606448945846,0.9623980201717666,0.4526222764042677,0.322371462110343,0.7029034559029249
state_random_05,state_random,5,MunicipalityShrink_8,97,41,1.033501782056843,0.06407606448945846,0.9623980201717666,0.4699455034605568,0.34341975634926636,0.6797266901298371
state_random_05,state_random,5,GeoKNN_3,97,41,1.033501782056843,0.06407606448945846,0.9623980201717666,0.48847440823647337,0.37553989695488427,0.6539734825635954
state_random_05,state_random,5,GeoKNN_5,97,41,1.033501782056843,0.06407606448945846,0.9623980201717666,0.46338920778425746,0.3524042435812921,0.6886007366266604
state_random_05,state_random,5,GeoKNN_10,97,41,1.033501782056843,0.06407606448945846,0.9623980201717666,0.43267094741689965,0.33083394835161184,0.7285178873825204
state_random_05,state_random,5,AgroKNN_5,97,41,1.033501782056843,0.06407606448945846,0.9623980201717666,0.5367142218016255,0.45132037509956774,0.5822543294499798
state_random_05,state_random,5,GeoAgro_75_25_KNN5,97,41,1.033501782056843,0.06407606448945846,0.9623980201717666,0.4840618200197382,0.37248814839364774,0.6601968427939384
state_random_05,state_random,5,GeoAgro_50_50_KNN5,97,41,1.033501782056843,0.06407606448945846,0.9623980201717666,0.4901998700015458,0.3843471624054405,0.6515245926340523
state_random_05,state_random,5,GeoAgro_25_75_KNN5,97,41,1.033501782056843,0.06407606448945846,0.9623980201717666,0.5038090180762419,0.3942929330249089,0.6319069437111184
state_random_05,state_random,5,GeoAgroTemporal_KNN5,97,41,1.033501782056843,0.06407606448945846,0.9623980201717666,0.5135159797937194,0.39709076873413696,0.6175860941024257
state_random_05,state_random,5,GlobalRidge_C1_10,97,41,1.033501782056843,0.06407606448945846,0.9623980201717666,0.549837736598971,0.42196520887180466,0.561575477916697
state_random_05,state_random,5,GlobalRidge_C1_100,97,41,1.033501782056843,0.06407606448945846,0.9623980201717666,0.6267611791872719,0.5369968386856316,0.43032136927483533
state_random_05,state_random,5,GlobalRidge_C1_1000,97,41,1.033501782056843,0.06407606448945846,0.9623980201717666,0.7916957128904688,0.7199996770904818,0.09104509543996131
state_random_05,state_random,5,GlobalPLS_C0_4,97,41,1.033501782056843,0.06407606448945846,0.9623980201717666,0.4936600346062408,0.3840622828846891,0.6465876762432379
state_random_05,state_random,5,GlobalPLS_C0_8,97,41,1.033501782056843,0.06407606448945846,0.9623980201717666,0.6094498654938528,0.5093789553318202,0.4613561296541838
state_random_05,state_random,5,GlobalPLS_C0_12,97,41,1.033501782056843,0.06407606448945846,0.9623980201717666,0.6815731501715846,0.5656540823147752,0.326324585817228
state_random_05,state_random,5,LocalRidge_k20_a100,97,41,1.033501782056843,0.06407606448945846,0.9623980201717666,0.4500815735021344,0.34981964830168244,0.7062294764612824
state_random_05,state_random,5,LocalRidge_k30_a100,97,41,1.033501782056843,0.06407606448945846,0.9623980201717666,0.44900811034219534,0.3475943690469335,0.7076291150577385
state_random_05,state_random,5,Graph_k6_lam0p5,97,41,1.033501782056843,0.06407606448945846,0.9623980201717666,0.44505945423073695,0.3437100770557482,0.7127488255490749
state_random_05,state_random,5,Graph_k8_lam2,97,41,1.033501782056843,0.06407606448945846,0.9623980201717666,0.4315684766600868,0.30753566411940086,0.7298996292056963
state_random_05,state_random,5,Blend_PLS8_Geo5,97,41,1.033501782056843,0.06407606448945846,0.9623980201717666,0.5025334824179469,0.40594376219058,0.6337684485500623
state_random_05,state_random,5,Blend_PLS8_Graph8,97,41,1.033501782056843,0.06407606448945846,0.9623980201717666,0.4708412533490492,0.39073084521597967,0.6785045986703386
state_random_05,state_random,5,Blend_Ridge100_Geo5,97,41,1.033501782056843,0.06407606448945846,0.9623980201717666,0.5105522957604436,0.42633950469980325,0.6219874507739146
state_random_06,state_random,6,GlobalMean,97,41,1.2645519870150714,0.10954940057875157,1.1479748890407018,0.8398149604942097,0.7369524767412622,-0.011224273922795458
state_random_06,state_random,6,StateMean,97,41,1.2645519870150714,0.10954940057875157,1.1479748890407018,0.5343054501528278,0.3862618180480447,0.590683284378148
state_random_06,state_random,6,MunicipalityShrink_3,97,41,1.2645519870150714,0.10954940057875157,1.1479748890407018,0.4205151758573342,0.29225807331716586,0.7464616735227734
state_random_06,state_random,6,MunicipalityShrink_8,97,41,1.2645519870150714,0.10954940057875157,1.1479748890407018,0.4463217334914837,0.32113208418660355,0.7143880708656531
state_random_06,state_random,6,GeoKNN_3,97,41,1.2645519870150714,0.10954940057875157,1.1479748890407018,0.4448684655561226,0.31852346053407465,0.7162450044263899
state_random_06,state_random,6,GeoKNN_5,97,41,1.2645519870150714,0.10954940057875157,1.1479748890407018,0.4092645405910646,0.28853017545985815,0.7598467276675236
state_random_06,state_random,6,GeoKNN_10,97,41,1.2645519870150714,0.10954940057875157,1.1479748890407018,0.40188042895655535,0.2848407322490299,0.768434430450489
state_random_06,state_random,6,AgroKNN_5,97,41,1.2645519870150714,0.10954940057875157,1.1479748890407018,0.4796370165659178,0.34760129907894405,0.6701582256011842
state_random_06,state_random,6,GeoAgro_75_25_KNN5,97,41,1.2645519870150714,0.10954940057875157,1.1479748890407018,0.4242666277853495,0.30493513565959623,0.7419178211949934
state_random_06,state_random,6,GeoAgro_50_50_KNN5,97,41,1.2645519870150714,0.10954940057875157,1.1479748890407018,0.4366898160253604,0.3092253570636322,0.7265824420077267
state_random_06,state_random,6,GeoAgro_25_75_KNN5,97,41,1.2645519870150714,0.10954940057875157,1.1479748890407018,0.45308774665185503,0.32028269372364265,0.7056629676882251
state_random_06,state_random,6,GeoAgroTemporal_KNN5,97,41,1.2645519870150714,0.10954940057875157,1.1479748890407018,0.43976521939360186,0.31428932189573583,0.7227177757227101
state_random_06,state_random,6,GlobalRidge_C1_10,97,41,1.2645519870150714,0.10954940057875157,1.1479748890407018,0.4559970915663713,0.3497873085230081,0.7018708666655811
state_random_06,state_random,6,GlobalRidge_C1_100,97,41,1.2645519870150714,0.10954940057875157,1.1479748890407018,0.5754709467830044,0.47375196155097216,0.5251821056617715
state_random_06,state_random,6,GlobalRidge_C1_1000,97,41,1.2645519870150714,0.10954940057875157,1.1479748890407018,0.7880549111529702,0.6873486170069633,0.10958343254020408
state_random_06,state_random,6,GlobalPLS_C0_4,97,41,1.2645519870150714,0.10954940057875157,1.1479748890407018,0.39868164294100916,0.31052118249087524,0.7721060736560815
state_random_06,state_random,6,GlobalPLS_C0_8,97,41,1.2645519870150714,0.10954940057875157,1.1479748890407018,0.4932914649653644,0.4002075404542938,0.6511108410485233
state_random_06,state_random,6,GlobalPLS_C0_12,97,41,1.2645519870150714,0.10954940057875157,1.1479748890407018,0.5563685647113416,0.4760298011304021,0.5561814601331483
state_random_06,state_random,6,LocalRidge_k20_a100,97,41,1.2645519870150714,0.10954940057875157,1.1479748890407018,0.4018040410610621,0.2852043883441994,0.7685224522805749
state_random_06,state_random,6,LocalRidge_k30_a100,97,41,1.2645519870150714,0.10954940057875157,1.1479748890407018,0.4059079811457107,0.29776103299395945,0.7637697804116819
state_random_06,state_random,6,Graph_k6_lam0p5,97,41,1.2645519870150714,0.10954940057875157,1.1479748890407018,0.39361758075548314,0.2770446010308647,0.7778587313526893
state_random_06,state_random,6,Graph_k8_lam2,97,41,1.2645519870150714,0.10954940057875157,1.1479748890407018,0.3827245905199576,0.266573321333398,0.7899836983305352
state_random_06,state_random,6,Blend_PLS8_Geo5,97,41,1.2645519870150714,0.10954940057875157,1.1479748890407018,0.41346600467100963,0.31361024081969346,0.7548906449210768
state_random_06,state_random,6,Blend_PLS8_Graph8,97,41,1.2645519870150714,0.10954940057875157,1.1479748890407018,0.40117586342739814,0.3094860204569001,0.7692456672689902
state_random_06,state_random,6,Blend_Ridge100_Geo5,97,41,1.2645519870150714,0.10954940057875157,1.1479748890407018,0.4428678589577933,0.3425340953024891,0.7187914005229624
state_random_07,state_random,7,GlobalMean,97,41,1.0306991604059816,0.08515915667631253,0.938512306334051,0.899168973582688,0.7804475735479005,-0.00506671509970591
state_random_07,state_random,7,StateMean,97,41,1.0306991604059816,0.08515915667631253,0.938512306334051,0.6305602432033811,0.5009943714821764,0.5057286531030492
state_random_07,state_random,7,MunicipalityShrink_3,97,41,1.0306991604059816,0.08515915667631253,0.938512306334051,0.5369837433878817,0.40548784396497817,0.6415450837952528
state_random_07,state_random,7,MunicipalityShrink_8,97,41,1.0306991604059816,0.08515915667631253,0.938512306334051,0.5616543493770629,0.43745459869850123,0.6078515365846499
state_random_07,state_random,7,GeoKNN_3,97,41,1.0306991604059816,0.08515915667631253,0.938512306334051,0.47423503826490104,0.36241614078936624,0.7204242226025676
state_random_07,state_random,7,GeoKNN_5,97,41,1.0306991604059816,0.08515915667631253,0.938512306334051,0.479042624193413,0.356342884270856,0.7147270583989491
state_random_07,state_random,7,GeoKNN_10,97,41,1.0306991604059816,0.08515915667631253,0.938512306334051,0.4656889291633905,0.3517876083087357,0.7304098055064825
state_random_07,state_random,7,AgroKNN_5,97,41,1.0306991604059816,0.08515915667631253,0.938512306334051,0.5188983615111913,0.42514044820968705,0.6652836988422682
state_random_07,state_random,7,GeoAgro_75_25_KNN5,97,41,1.0306991604059816,0.08515915667631253,0.938512306334051,0.4847048878622943,0.35961355177246673,0.7079433741736452
state_random_07,state_random,7,GeoAgro_50_50_KNN5,97,41,1.0306991604059816,0.08515915667631253,0.938512306334051,0.49101053274876844,0.3631226788001466,0.7002950736765376
state_random_07,state_random,7,GeoAgro_25_75_KNN5,97,41,1.0306991604059816,0.08515915667631253,0.938512306334051,0.49334172291953754,0.3747121714660927,0.6974424760993205
state_random_07,state_random,7,GeoAgroTemporal_KNN5,97,41,1.0306991604059816,0.08515915667631253,0.938512306334051,0.49695178255050776,0.3650033224341426,0.6929983070401775
state_random_07,state_random,7,GlobalRidge_C1_10,97,41,1.0306991604059816,0.08515915667631253,0.938512306334051,0.5723944790241032,0.45994529799003314,0.5927105720200461
state_random_07,state_random,7,GlobalRidge_C1_100,97,41,1.0306991604059816,0.08515915667631253,0.938512306334051,0.6827017593029022,0.5691462504215913,0.42060557914125196
state_random_07,state_random,7,GlobalRidge_C1_1000,97,41,1.0306991604059816,0.08515915667631253,0.938512306334051,0.8551100931459756,0.7380358173365352,0.09101580894973771
state_random_07,state_random,7,GlobalPLS_C0_4,97,41,1.0306991604059816,0.08515915667631253,0.938512306334051,0.5550493252570062,0.45382153006537407,0.6170205924338711
state_random_07,state_random,7,GlobalPLS_C0_8,97,41,1.0306991604059816,0.08515915667631253,0.938512306334051,0.6141500509397293,0.49439318213640615,0.5311204956013551
state_random_07,state_random,7,GlobalPLS_C0_12,97,41,1.0306991604059816,0.08515915667631253,0.938512306334051,0.6753446119626264,0.550467349350722,0.4330260001746845
state_random_07,state_random,7,LocalRidge_k20_a100,97,41,1.0306991604059816,0.08515915667631253,0.938512306334051,0.5012641456348196,0.37223428464916725,0.6876470959867127
state_random_07,state_random,7,LocalRidge_k30_a100,97,41,1.0306991604059816,0.08515915667631253,0.938512306334051,0.5109395604213762,0.38834687886446695,0.6754726339332294
state_random_07,state_random,7,Graph_k6_lam0p5,97,41,1.0306991604059816,0.08515915667631253,0.938512306334051,0.4901722482755947,0.35801714288043435,0.7013175508120675
state_random_07,state_random,7,Graph_k8_lam2,97,41,1.0306991604059816,0.08515915667631253,0.938512306334051,0.49032758279417343,0.35349603753947906,0.7011282171810304
state_random_07,state_random,7,Blend_PLS8_Geo5,97,41,1.0306991604059816,0.08515915667631253,0.938512306334051,0.5079272523831722,0.41638008739852345,0.6792879371785348
state_random_07,state_random,7,Blend_PLS8_Graph8,97,41,1.0306991604059816,0.08515915667631253,0.938512306334051,0.5098044118143172,0.4156991952819032,0.676913029610843
state_random_07,state_random,7,Blend_Ridge100_Geo5,97,41,1.0306991604059816,0.08515915667631253,0.938512306334051,0.5454343985488095,0.438571953247738,0.6301741087154704
state_random_08,state_random,8,GlobalMean,97,41,0.928082242005273,0.10954940057875158,0.8115051440309033,0.8716325459049443,0.7766909730952979,-0.008086995731504842
state_random_08,state_random,8,StateMean,97,41,0.928082242005273,0.10954940057875158,0.8115051440309033,0.7791237392561899,0.5657127616525035,0.1945399389596829
state_random_08,state_random,8,MunicipalityShrink_3,97,41,0.928082242005273,0.10954940057875158,0.8115051440309033,0.6850354585678631,0.4599312245920031,0.37733100641671635
state_random_08,state_random,8,MunicipalityShrink_8,97,41,0.928082242005273,0.10954940057875158,0.8115051440309033,0.7118043987619979,0.4959930474843841,0.3277164706068103
state_random_08,state_random,8,GeoKNN_3,97,41,0.928082242005273,0.10954940057875158,0.8115051440309033,0.6478520470613344,0.430893572564602,0.4430928328073932
state_random_08,state_random,8,GeoKNN_5,97,41,0.928082242005273,0.10954940057875158,0.8115051440309033,0.679064732137494,0.43352649774271346,0.38813799217022005
state_random_08,state_random,8,GeoKNN_10,97,41,0.928082242005273,0.10954940057875158,0.8115051440309033,0.6596231399849384,0.4244776784768864,0.42267162709487816
state_random_08,state_random,8,AgroKNN_5,97,41,0.928082242005273,0.10954940057875158,0.8115051440309033,0.6810081751774414,0.43066802279856486,0.3846307549417711
state_random_08,state_random,8,GeoAgro_75_25_KNN5,97,41,0.928082242005273,0.10954940057875158,0.8115051440309033,0.6656528845048338,0.425921253379629,0.41206844086811856
state_random_08,state_random,8,GeoAgro_50_50_KNN5,97,41,0.928082242005273,0.10954940057875158,0.8115051440309033,0.6664121380100017,0.4252171410339861,0.4107264691394199
state_random_08,state_random,8,GeoAgro_25_75_KNN5,97,41,0.928082242005273,0.10954940057875158,0.8115051440309033,0.654311795156646,0.4220690191750718,0.4319315952744892
state_random_08,state_random,8,GeoAgroTemporal_KNN5,97,41,0.928082242005273,0.10954940057875158,0.8115051440309033,0.6677484035309201,0.4303613936931572,0.4083609199073651
state_random_08,state_random,8,GlobalRidge_C1_10,97,41,0.928082242005273,0.10954940057875158,0.8115051440309033,0.728038869816137,0.49209132318044685,0.2967005625979816
state_random_08,state_random,8,GlobalRidge_C1_100,97,41,0.928082242005273,0.10954940057875158,0.8115051440309033,0.7087649708435422,0.5052390762480562,0.3334455577852494
state_random_08,state_random,8,GlobalRidge_C1_1000,97,41,0.928082242005273,0.10954940057875158,0.8115051440309033,0.8335359424145264,0.7274678072854311,0.07810852395387102
state_random_08,state_random,8,GlobalPLS_C0_4,97,41,0.928082242005273,0.10954940057875158,0.8115051440309033,0.6729635443204662,0.45835892218902796,0.399083383799141
state_random_08,state_random,8,GlobalPLS_C0_8,97,41,0.928082242005273,0.10954940057875158,0.8115051440309033,0.7032923800649922,0.4653211981252199,0.3436991595654387
state_random_08,state_random,8,GlobalPLS_C0_12,97,41,0.928082242005273,0.10954940057875158,0.8115051440309033,0.7039779809954206,0.4716407259231449,0.3424189529247371
state_random_08,state_random,8,LocalRidge_k20_a100,97,41,0.928082242005273,0.10954940057875158,0.8115051440309033,0.6471413163898205,0.4191010845124682,0.4443140804458703
state_random_08,state_random,8,LocalRidge_k30_a100,97,41,0.928082242005273,0.10954940057875158,0.8115051440309033,0.6507808604630017,0.4106541813456391,0.4380461124215036
state_random_08,state_random,8,Graph_k6_lam0p5,97,41,0.928082242005273,0.10954940057875158,0.8115051440309033,0.660651351960151,0.424122260648278,0.42087036036832015
state_random_08,state_random,8,Graph_k8_lam2,97,41,0.928082242005273,0.10954940057875158,0.8115051440309033,0.6546127369250999,0.4131859137450851,0.4314089245052566
state_random_08,state_random,8,Blend_PLS8_Geo5,97,41,0.928082242005273,0.10954940057875158,0.8115051440309033,0.6799858861713374,0.4430082667494072,0.3864768797436732
state_random_08,state_random,8,Blend_PLS8_Graph8,97,41,0.928082242005273,0.10954940057875158,0.8115051440309033,0.6663997675582428,0.42563783316613535,0.4107483460282493
state_random_08,state_random,8,Blend_Ridge100_Geo5,97,41,0.928082242005273,0.10954940057875158,0.8115051440309033,0.6528487379391241,0.44659407150232006,0.4344691848065735
fold_state_stratified_fold1,fold_state_stratified,1,GlobalMean,110,28,1.0178277287314281,0.09624697336561741,0.9173434672302175,0.8677484966076386,0.7548636363636366,-0.0055601879035411805
fold_state_stratified_fold1,fold_state_stratified,1,StateMean,110,28,1.0178277287314281,0.09624697336561741,0.9173434672302175,0.6057029896309246,0.4576118637110017,0.5100635341035552
fold_state_stratified_fold1,fold_state_stratified,1,MunicipalityShrink_3,110,28,1.0178277287314281,0.09624697336561741,0.9173434672302175,0.547528697623311,0.3956936520629473,0.5996552808727327
fold_state_stratified_fold1,fold_state_stratified,1,MunicipalityShrink_8,110,28,1.0178277287314281,0.09624697336561741,0.9173434672302175,0.5654824416800668,0.398237717586782,0.5729698099533558
fold_state_stratified_fold1,fold_state_stratified,1,GeoKNN_3,110,28,1.0178277287314281,0.09624697336561741,0.9173434672302175,0.6140783671573432,0.4227281888452924,0.49642063352694277
fold_state_stratified_fold1,fold_state_stratified,1,GeoKNN_5,110,28,1.0178277287314281,0.09624697336561741,0.9173434672302175,0.5956237546189153,0.4155022936706673,0.5262334979054644
fold_state_stratified_fold1,fold_state_stratified,1,GeoKNN_10,110,28,1.0178277287314281,0.09624697336561741,0.9173434672302175,0.5659280678736789,0.393667614750789,0.5722965058680078
fold_state_stratified_fold1,fold_state_stratified,1,AgroKNN_5,110,28,1.0178277287314281,0.09624697336561741,0.9173434672302175,0.5231294951376919,0.3564407888440529,0.6345409298365945
fold_state_stratified_fold1,fold_state_stratified,1,GeoAgro_75_25_KNN5,110,28,1.0178277287314281,0.09624697336561741,0.9173434672302175,0.5940417413153737,0.41516764845293636,0.5287468615439265
fold_state_stratified_fold1,fold_state_stratified,1,GeoAgro_50_50_KNN5,110,28,1.0178277287314281,0.09624697336561741,0.9173434672302175,0.6027436413411752,0.42030885507218063,0.5148393094222423
fold_state_stratified_fold1,fold_state_stratified,1,GeoAgro_25_75_KNN5,110,28,1.0178277287314281,0.09624697336561741,0.9173434672302175,0.5684579526787327,0.3998598475025888,0.5684640078130384
fold_state_stratified_fold1,fold_state_stratified,1,GeoAgroTemporal_KNN5,110,28,1.0178277287314281,0.09624697336561741,0.9173434672302175,0.5963370471589841,0.41732477780563826,0.5250980950391622
fold_state_stratified_fold1,fold_state_stratified,1,GlobalRidge_C1_10,110,28,1.0178277287314281,0.09624697336561741,0.9173434672302175,0.6131082859426631,0.41835844813337136,0.49801042091931014
fold_state_stratified_fold1,fold_state_stratified,1,GlobalRidge_C1_100,110,28,1.0178277287314281,0.09624697336561741,0.9173434672302175,0.6723867598809325,0.5232702189046887,0.39624792448713875
fold_state_stratified_fold1,fold_state_stratified,1,GlobalRidge_C1_1000,110,28,1.0178277287314281,0.09624697336561741,0.9173434672302175,0.8236833208545097,0.7103687022027432,0.09397355438815247
fold_state_stratified_fold1,fold_state_stratified,1,GlobalPLS_C0_4,110,28,1.0178277287314281,0.09624697336561741,0.9173434672302175,0.5788164428148883,0.4047498863276335,0.5525937460995578
fold_state_stratified_fold1,fold_state_stratified,1,GlobalPLS_C0_8,110,28,1.0178277287314281,0.09624697336561741,0.9173434672302175,0.6376382458309502,0.4748545291218633,0.45703848583577256
fold_state_stratified_fold1,fold_state_stratified,1,GlobalPLS_C0_12,110,28,1.0178277287314281,0.09624697336561741,0.9173434672302175,0.6387794575382513,0.48988603201540665,0.45509321817032433
fold_state_stratified_fold1,fold_state_stratified,1,LocalRidge_k20_a100,110,28,1.0178277287314281,0.09624697336561741,0.9173434672302175,0.5455757922961971,0.37286890778595577,0.6025060575615868
fold_state_stratified_fold1,fold_state_stratified,1,LocalRidge_k30_a100,110,28,1.0178277287314281,0.09624697336561741,0.9173434672302175,0.5321493484648172,0.3572753165549488,0.621829715627042
fold_state_stratified_fold1,fold_state_stratified,1,Graph_k6_lam0p5,110,28,1.0178277287314281,0.09624697336561741,0.9173434672302175,0.5648709298349823,0.3994672088153665,0.5738928901596403
fold_state_stratified_fold1,fold_state_stratified,1,Graph_k8_lam2,110,28,1.0178277287314281,0.09624697336561741,0.9173434672302175,0.5270739521745493,0.36130364316535246,0.6290089447554663
fold_state_stratified_fold1,fold_state_stratified,1,Blend_PLS8_Geo5,110,28,1.0178277287314281,0.09624697336561741,0.9173434672302175,0.5838342034483265,0.4239618243702748,0.5448029918021864
fold_state_stratified_fold1,fold_state_stratified,1,Blend_PLS8_Graph8,110,28,1.0178277287314281,0.09624697336561741,0.9173434672302175,0.549610652646628,0.39824866962689587,0.5966049042382973
fold_state_stratified_fold1,fold_state_stratified,1,Blend_Ridge100_Geo5,110,28,1.0178277287314281,0.09624697336561741,0.9173434672302175,0.5986101727978124,0.4238717308303208,0.5214707197154094
fold_state_stratified_fold2,fold_state_stratified,2,GlobalMean,110,28,1.0282939264064213,0.08353510895883776,0.9226643864548476,0.8130554975096699,0.7277012987012987,-0.02212564905044423
fold_state_stratified_fold2,fold_state_stratified,2,StateMean,110,28,1.0282939264064213,0.08353510895883776,0.9226643864548476,0.6553952700424399,0.5135511963406053,0.3358433724786627
fold_state_stratified_fold2,fold_state_stratified,2,MunicipalityShrink_3,110,28,1.0282939264064213,0.08353510895883776,0.9226643864548476,0.5467603382365356,0.39901198606401833,0.5377702306918504
fold_state_stratified_fold2,fold_state_stratified,2,MunicipalityShrink_8,110,28,1.0282939264064213,0.08353510895883776,0.9226643864548476,0.5699238904478253,0.4321238711001642,0.4977758065094424
fold_state_stratified_fold2,fold_state_stratified,2,GeoKNN_3,110,28,1.0282939264064213,0.08353510895883776,0.9226643864548476,0.5123441565805542,0.39803316858350496,0.5941295062094751
fold_state_stratified_fold2,fold_state_stratified,2,GeoKNN_5,110,28,1.0282939264064213,0.08353510895883776,0.9226643864548476,0.48520680062841975,0.3872388281305006,0.6359863547007119
fold_state_stratified_fold2,fold_state_stratified,2,GeoKNN_10,110,28,1.0282939264064213,0.08353510895883776,0.9226643864548476,0.4627783214320128,0.35957609856557615,0.668861316218416
fold_state_stratified_fold2,fold_state_stratified,2,AgroKNN_5,110,28,1.0282939264064213,0.08353510895883776,0.9226643864548476,0.5147602348882364,0.41183715720731096,0.5902925265456243
fold_state_stratified_fold2,fold_state_stratified,2,GeoAgro_75_25_KNN5,110,28,1.0282939264064213,0.08353510895883776,0.9226643864548476,0.485979025901386,0.3879598944336197,0.6348267492401345
fold_state_stratified_fold2,fold_state_stratified,2,GeoAgro_50_50_KNN5,110,28,1.0282939264064213,0.08353510895883776,0.9226643864548476,0.4939674160778859,0.400452513881962,0.622722844012357
fold_state_stratified_fold2,fold_state_stratified,2,GeoAgro_25_75_KNN5,110,28,1.0282939264064213,0.08353510895883776,0.9226643864548476,0.5205256161154709,0.43044224751246973,0.5810635782366248
fold_state_stratified_fold2,fold_state_stratified,2,GeoAgroTemporal_KNN5,110,28,1.0282939264064213,0.08353510895883776,0.9226643864548476,0.5163767885020932,0.4155536244570327,0.5877151943515637
fold_state_stratified_fold2,fold_state_stratified,2,GlobalRidge_C1_10,110,28,1.0282939264064213,0.08353510895883776,0.9226643864548476,0.5256082401845237,0.42292186243637236,0.5728423036915778
fold_state_stratified_fold2,fold_state_stratified,2,GlobalRidge_C1_100,110,28,1.0282939264064213,0.08353510895883776,0.9226643864548476,0.5695980037504695,0.474128890807739,0.49834999331982865
fold_state_stratified_fold2,fold_state_stratified,2,GlobalRidge_C1_1000,110,28,1.0282939264064213,0.08353510895883776,0.9226643864548476,0.758560247272203,0.6753779502108719,0.11029902950022086
fold_state_stratified_fold2,fold_state_stratified,2,GlobalPLS_C0_4,110,28,1.0282939264064213,0.08353510895883776,0.9226643864548476,0.5042144552780778,0.37524896458854495,0.6069077426074327
fold_state_stratified_fold2,fold_state_stratified,2,GlobalPLS_C0_8,110,28,1.0282939264064213,0.08353510895883776,0.9226643864548476,0.648304007313704,0.4991374890916665,0.350137738753173
fold_state_stratified_fold2,fold_state_stratified,2,GlobalPLS_C0_12,110,28,1.0282939264064213,0.08353510895883776,0.9226643864548476,0.7498730424792194,0.5646608561435762,0.13056045855640686
fold_state_stratified_fold2,fold_state_stratified,2,LocalRidge_k20_a100,110,28,1.0282939264064213,0.08353510895883776,0.9226643864548476,0.47884435940540193,0.37692647695844256,0.6454702722583937
fold_state_stratified_fold2,fold_state_stratified,2,LocalRidge_k30_a100,110,28,1.0282939264064213,0.08353510895883776,0.9226643864548476,0.48479764982566437,0.37468593719929827,0.6366000051261722
fold_state_stratified_fold2,fold_state_stratified,2,Graph_k6_lam0p5,110,28,1.0282939264064213,0.08353510895883776,0.9226643864548476,0.47517075651903323,0.3683490538254915,0.6508891751547923
fold_state_stratified_fold2,fold_state_stratified,2,Graph_k8_lam2,110,28,1.0282939264064213,0.08353510895883776,0.9226643864548476,0.49072802915632174,0.3592421169577999,0.6276549075042386
fold_state_stratified_fold2,fold_state_stratified,2,Blend_PLS8_Geo5,110,28,1.0282939264064213,0.08353510895883776,0.9226643864548476,0.524976796353649,0.40812554260732054,0.5738680260935245
fold_state_stratified_fold2,fold_state_stratified,2,Blend_PLS8_Graph8,110,28,1.0282939264064213,0.08353510895883776,0.9226643864548476,0.5066327421878876,0.3957092702639808,0.6031280433822795
fold_state_stratified_fold2,fold_state_stratified,2,Blend_Ridge100_Geo5,110,28,1.0282939264064213,0.08353510895883776,0.9226643864548476,0.48412600648769333,0.3914919896379219,0.6376062233436319
fold_state_stratified_fold3,fold_state_stratified,3,GlobalMean,110,28,1.2303588137689907,0.10774818401937045,1.1026348428246808,0.8426965467436915,0.7678766233766234,-0.00013702227740108874
fold_state_stratified_fold3,fold_state_stratified,3,StateMean,110,28,1.2303588137689907,0.10774818401937045,1.1026348428246808,0.45299195206199006,0.3510991765127106,0.7109998633516914
fold_state_stratified_fold3,fold_state_stratified,3,MunicipalityShrink_3,110,28,1.2303588137689907,0.10774818401937045,1.1026348428246808,0.33735293575212544,0.23751222279182826,0.8397175164234331
fold_state_stratified_fold3,fold_state_stratified,3,MunicipalityShrink_8,110,28,1.2303588137689907,0.10774818401937045,1.1026348428246808,0.35366618937268024,0.2608456334288104,0.8238412736627836
fold_state_stratified_fold3,fold_state_stratified,3,GeoKNN_3,110,28,1.2303588137689907,0.10774818401937045,1.1026348428246808,0.43087114480823524,0.32197410146299454,0.7385360025655461
fold_state_stratified_fold3,fold_state_stratified,3,GeoKNN_5,110,28,1.2303588137689907,0.10774818401937045,1.1026348428246808,0.4258145057622728,0.3143655058418381,0.7446369954973915
fold_state_stratified_fold3,fold_state_stratified,3,GeoKNN_10,110,28,1.2303588137689907,0.10774818401937045,1.1026348428246808,0.39702415619520265,0.29030231221831254,0.7780010408429927
fold_state_stratified_fold3,fold_state_stratified,3,AgroKNN_5,110,28,1.2303588137689907,0.10774818401937045,1.1026348428246808,0.4450771635799954,0.3671634656036706,0.7210106026126997
fold_state_stratified_fold3,fold_state_stratified,3,GeoAgro_75_25_KNN5,110,28,1.2303588137689907,0.10774818401937045,1.1026348428246808,0.4336593543040796,0.31828958092701515,0.7351411353174393
fold_state_stratified_fold3,fold_state_stratified,3,GeoAgro_50_50_KNN5,110,28,1.2303588137689907,0.10774818401937045,1.1026348428246808,0.4393349196845705,0.32433547963369475,0.7281630286858041
fold_state_stratified_fold3,fold_state_stratified,3,GeoAgro_25_75_KNN5,110,28,1.2303588137689907,0.10774818401937045,1.1026348428246808,0.46094326925244966,0.3436188492733213,0.7007652469799462
fold_state_stratified_fold3,fold_state_stratified,3,GeoAgroTemporal_KNN5,110,28,1.2303588137689907,0.10774818401937045,1.1026348428246808,0.44976379420041923,0.32519510077634983,0.715104191736655
fold_state_stratified_fold3,fold_state_stratified,3,GlobalRidge_C1_10,110,28,1.2303588137689907,0.10774818401937045,1.1026348428246808,0.5161598488597047,0.4185374046803462,0.6247804031161994
fold_state_stratified_fold3,fold_state_stratified,3,GlobalRidge_C1_100,110,28,1.2303588137689907,0.10774818401937045,1.1026348428246808,0.6215185463813188,0.5319764941929267,0.4559669788361308
fold_state_stratified_fold3,fold_state_stratified,3,GlobalRidge_C1_1000,110,28,1.2303588137689907,0.10774818401937045,1.1026348428246808,0.7970439048250366,0.7220387511893235,0.1052914956208576
fold_state_stratified_fold3,fold_state_stratified,3,GlobalPLS_C0_4,110,28,1.2303588137689907,0.10774818401937045,1.1026348428246808,0.4785362612487683,0.3677138383038057,0.6774873306596794
fold_state_stratified_fold3,fold_state_stratified,3,GlobalPLS_C0_8,110,28,1.2303588137689907,0.10774818401937045,1.1026348428246808,0.7128000767882212,0.5488322699832086,0.28442929737928657
fold_state_stratified_fold3,fold_state_stratified,3,GlobalPLS_C0_12,110,28,1.2303588137689907,0.10774818401937045,1.1026348428246808,0.732423790793631,0.5916179591417942,0.24448696635757028
fold_state_stratified_fold3,fold_state_stratified,3,LocalRidge_k20_a100,110,28,1.2303588137689907,0.10774818401937045,1.1026348428246808,0.37440464899799464,0.26966867049236104,0.8025761845289578
fold_state_stratified_fold3,fold_state_stratified,3,LocalRidge_k30_a100,110,28,1.2303588137689907,0.10774818401937045,1.1026348428246808,0.378623023273509,0.2717293434503473,0.7981024200050238
fold_state_stratified_fold3,fold_state_stratified,3,Graph_k6_lam0p5,110,28,1.2303588137689907,0.10774818401937045,1.1026348428246808,0.40744890063940226,0.29245194625444265,0.7661898415857649
fold_state_stratified_fold3,fold_state_stratified,3,Graph_k8_lam2,110,28,1.2303588137689907,0.10774818401937045,1.1026348428246808,0.3540645422000762,0.25397811825450006,0.8234442165011393
fold_state_stratified_fold3,fold_state_stratified,3,Blend_PLS8_Geo5,110,28,1.2303588137689907,0.10774818401937045,1.1026348428246808,0.5172361678963939,0.4043928403126194,0.6232139230227614
fold_state_stratified_fold3,fold_state_stratified,3,Blend_PLS8_Graph8,110,28,1.2303588137689907,0.10774818401937045,1.1026348428246808,0.4825704850827478,0.3787856036504195,0.672026625955827
fold_state_stratified_fold3,fold_state_stratified,3,Blend_Ridge100_Geo5,110,28,1.2303588137689907,0.10774818401937045,1.1026348428246808,0.4740251232012616,0.3634841000386018,0.6835392922720824
fold_state_stratified_fold4,fold_state_stratified,4,GlobalMean,111,27,0.7975825810678107,0.15065913370998113,0.630915914401144,0.8792748670691246,0.7725525525525526,-0.03955342001360873
fold_state_stratified_fold4,fold_state_stratified,4,StateMean,111,27,0.7975825810678107,0.15065913370998113,0.630915914401144,0.6853821185571796,0.45477650063856967,0.3683695892468368
fold_state_stratified_fold4,fold_state_stratified,4,MunicipalityShrink_3,111,27,0.7975825810678107,0.15065913370998113,0.630915914401144,0.6013173627216605,0.3785348920981105,0.5138111659958134
fold_state_stratified_fold4,fold_state_stratified,4,MunicipalityShrink_8,111,27,0.7975825810678107,0.15065913370998113,0.630915914401144,0.6095038499112022,0.3827007737961085,0.5004828555530054
fold_state_stratified_fold4,fold_state_stratified,4,GeoKNN_3,111,27,0.7975825810678107,0.15065913370998113,0.630915914401144,0.5614311384495001,0.38818310057051975,0.5761711805082093
fold_state_stratified_fold4,fold_state_stratified,4,GeoKNN_5,111,27,0.7975825810678107,0.15065913370998113,0.630915914401144,0.5407143708007303,0.3835637092872709,0.6068725976860414
fold_state_stratified_fold4,fold_state_stratified,4,GeoKNN_10,111,27,0.7975825810678107,0.15065913370998113,0.630915914401144,0.5571537822208927,0.37830656738627866,0.5826046000459262
fold_state_stratified_fold4,fold_state_stratified,4,AgroKNN_5,111,27,0.7975825810678107,0.15065913370998113,0.630915914401144,0.6023119333823298,0.42203725923094465,0.5122015366331021
fold_state_stratified_fold4,fold_state_stratified,4,GeoAgro_75_25_KNN5,111,27,0.7975825810678107,0.15065913370998113,0.630915914401144,0.5362619123267424,0.372635870633602,0.6133202781959528
fold_state_stratified_fold4,fold_state_stratified,4,GeoAgro_50_50_KNN5,111,27,0.7975825810678107,0.15065913370998113,0.630915914401144,0.5592625800466497,0.3869859154539543,0.5794389811442802
fold_state_stratified_fold4,fold_state_stratified,4,GeoAgro_25_75_KNN5,111,27,0.7975825810678107,0.15065913370998113,0.630915914401144,0.5681334218313083,0.3996398462466029,0.5659915658859238
fold_state_stratified_fold4,fold_state_stratified,4,GeoAgroTemporal_KNN5,111,27,0.7975825810678107,0.15065913370998113,0.630915914401144,0.5593577053472486,0.3829720254058096,0.5792959020358697
fold_state_stratified_fold4,fold_state_stratified,4,GlobalRidge_C1_10,111,27,0.7975825810678107,0.15065913370998113,0.630915914401144,0.6235395602821139,0.440760133442928,0.4772121121838666
fold_state_stratified_fold4,fold_state_stratified,4,GlobalRidge_C1_100,111,27,0.7975825810678107,0.15065913370998113,0.630915914401144,0.6593245524559,0.4991666830558199,0.41548455718041166
fold_state_stratified_fold4,fold_state_stratified,4,GlobalRidge_C1_1000,111,27,0.7975825810678107,0.15065913370998113,0.630915914401144,0.8284853853876746,0.7149932593708049,0.07707333024280794
fold_state_stratified_fold4,fold_state_stratified,4,GlobalPLS_C0_4,111,27,0.7975825810678107,0.15065913370998113,0.630915914401144,0.6110203964527025,0.450311878341936,0.4979940002596862
fold_state_stratified_fold4,fold_state_stratified,4,GlobalPLS_C0_8,111,27,0.7975825810678107,0.15065913370998113,0.630915914401144,0.6114848573006207,0.44906098308382447,0.49723052083560226
fold_state_stratified_fold4,fold_state_stratified,4,GlobalPLS_C0_12,111,27,0.7975825810678107,0.15065913370998113,0.630915914401144,0.6297793592453619,0.45616692838938777,0.466696618046628
fold_state_stratified_fold4,fold_state_stratified,4,LocalRidge_k20_a100,111,27,0.7975825810678107,0.15065913370998113,0.630915914401144,0.5474764581651974,0.3509845786656407,0.5969783373960376
fold_state_stratified_fold4,fold_state_stratified,4,LocalRidge_k30_a100,111,27,0.7975825810678107,0.15065913370998113,0.630915914401144,0.5544956667278075,0.34851842504194747,0.5865777887873642
fold_state_stratified_fold4,fold_state_stratified,4,Graph_k6_lam0p5,111,27,0.7975825810678107,0.15065913370998113,0.630915914401144,0.5808239321529928,0.38818268958066465,0.546385950064753
fold_state_stratified_fold4,fold_state_stratified,4,Graph_k8_lam2,111,27,0.7975825810678107,0.15065913370998113,0.630915914401144,0.5893029262205414,0.38281088065536273,0.533045368215372
fold_state_stratified_fold4,fold_state_stratified,4,Blend_PLS8_Geo5,111,27,0.7975825810678107,0.15065913370998113,0.630915914401144,0.5548684662516504,0.3965316367689216,0.5860216963846043
fold_state_stratified_fold4,fold_state_stratified,4,Blend_PLS8_Graph8,111,27,0.7975825810678107,0.15065913370998113,0.630915914401144,0.5785117078117875,0.4027756430512428,0.5499903805000013
fold_state_stratified_fold4,fold_state_stratified,4,Blend_Ridge100_Geo5,111,27,0.7975825810678107,0.15065913370998113,0.630915914401144,0.5597331166525872,0.3856446007893669,0.5787310038586462
fold_state_stratified_fold5,fold_state_stratified,5,GlobalMean,111,27,0.9240885839292173,0.1443816698053986,0.7636993811671333,0.8502830854895408,0.7322922922922925,-0.0220983323204178
fold_state_stratified_fold5,fold_state_stratified,5,StateMean,111,27,0.9240885839292173,0.1443816698053986,0.7636993811671333,0.6192864685023617,0.45915103851582956,0.45781339805878707
fold_state_stratified_fold5,fold_state_stratified,5,MunicipalityShrink_3,111,27,0.9240885839292173,0.1443816698053986,0.7636993811671333,0.46331024143455035,0.3386884708578595,0.6965344468730934
fold_state_stratified_fold5,fold_state_stratified,5,MunicipalityShrink_8,111,27,0.9240885839292173,0.1443816698053986,0.7636993811671333,0.5060358531023843,0.3806361121165953,0.6379836576017461
fold_state_stratified_fold5,fold_state_stratified,5,GeoKNN_3,111,27,0.9240885839292173,0.1443816698053986,0.7636993811671333,0.4510365233809314,0.3349945588603335,0.7123999071210864
fold_state_stratified_fold5,fold_state_stratified,5,GeoKNN_5,111,27,0.9240885839292173,0.1443816698053986,0.7636993811671333,0.4758961840382343,0.36748991373920575,0.6798230635157366
fold_state_stratified_fold5,fold_state_stratified,5,GeoKNN_10,111,27,0.9240885839292173,0.1443816698053986,0.7636993811671333,0.450242138561696,0.3435170341729464,0.7134120821653019
fold_state_stratified_fold5,fold_state_stratified,5,AgroKNN_5,111,27,0.9240885839292173,0.1443816698053986,0.7636993811671333,0.5139871130317815,0.3998439427471435,0.6265176691218304
fold_state_stratified_fold5,fold_state_stratified,5,GeoAgro_75_25_KNN5,111,27,0.9240885839292173,0.1443816698053986,0.7636993811671333,0.48253654830585513,0.37897453925938146,0.6708256197443827
fold_state_stratified_fold5,fold_state_stratified,5,GeoAgro_50_50_KNN5,111,27,0.9240885839292173,0.1443816698053986,0.7636993811671333,0.459757038519388,0.36449239282391943,0.7011712533083774
fold_state_stratified_fold5,fold_state_stratified,5,GeoAgro_25_75_KNN5,111,27,0.9240885839292173,0.1443816698053986,0.7636993811671333,0.48864481988662833,0.38456546882447534,0.6624390516014602
fold_state_stratified_fold5,fold_state_stratified,5,GeoAgroTemporal_KNN5,111,27,0.9240885839292173,0.1443816698053986,0.7636993811671333,0.49828512714281864,0.38898773261677644,0.6489884161209212
fold_state_stratified_fold5,fold_state_stratified,5,GlobalRidge_C1_10,111,27,0.9240885839292173,0.1443816698053986,0.7636993811671333,0.506026924592815,0.3718268134552893,0.6379964323403047
fold_state_stratified_fold5,fold_state_stratified,5,GlobalRidge_C1_100,111,27,0.9240885839292173,0.1443816698053986,0.7636993811671333,0.5924350047776679,0.46134865835122496,0.503811124826809
fold_state_stratified_fold5,fold_state_stratified,5,GlobalRidge_C1_1000,111,27,0.9240885839292173,0.1443816698053986,0.7636993811671333,0.795172544124536,0.6744914499611019,0.10610120361976938
fold_state_stratified_fold5,fold_state_stratified,5,GlobalPLS_C0_4,111,27,0.9240885839292173,0.1443816698053986,0.7636993811671333,0.5270053866770432,0.42065952917743893,0.6073589444313193
fold_state_stratified_fold5,fold_state_stratified,5,GlobalPLS_C0_8,111,27,0.9240885839292173,0.1443816698053986,0.7636993811671333,0.634459091361439,0.49673513114867773,0.43092061980677854
fold_state_stratified_fold5,fold_state_stratified,5,GlobalPLS_C0_12,111,27,0.9240885839292173,0.1443816698053986,0.7636993811671333,0.7000790673999931,0.5369696164845755,0.30711719362576106
fold_state_stratified_fold5,fold_state_stratified,5,LocalRidge_k20_a100,111,27,0.9240885839292173,0.1443816698053986,0.7636993811671333,0.44975507828503025,0.33132353420359295,0.7140317935541922
fold_state_stratified_fold5,fold_state_stratified,5,LocalRidge_k30_a100,111,27,0.9240885839292173,0.1443816698053986,0.7636993811671333,0.4691733919874586,0.34507779826554486,0.6888051878065087
fold_state_stratified_fold5,fold_state_stratified,5,Graph_k6_lam0p5,111,27,0.9240885839292173,0.1443816698053986,0.7636993811671333,0.45391423659972696,0.34620776952866883,0.7087182947483652
fold_state_stratified_fold5,fold_state_stratified,5,Graph_k8_lam2,111,27,0.9240885839292173,0.1443816698053986,0.7636993811671333,0.4285035773990472,0.3026341186388816,0.7404180419314256
fold_state_stratified_fold5,fold_state_stratified,5,Blend_PLS8_Geo5,111,27,0.9240885839292173,0.1443816698053986,0.7636993811671333,0.514342557349959,0.40675827843773443,0.6260009321413977
fold_state_stratified_fold5,fold_state_stratified,5,Blend_PLS8_Graph8,111,27,0.9240885839292173,0.1443816698053986,0.7636993811671333,0.4876513537779907,0.3819312994673468,0.6638102498293275
fold_state_stratified_fold5,fold_state_stratified,5,Blend_Ridge100_Geo5,111,27,0.9240885839292173,0.1443816698053986,0.7636993811671333,0.4993262096705912,0.3781407825002532,0.6475201251312295
fold_municipality_grouped_fold1,fold_municipality_grouped,1,GlobalMean,105,33,2.184753825356295,0.7627118644067796,1.0946151504718573,1.2537939836892478,1.1958787878787878,-10.080306122977344
fold_municipality_grouped_fold1,fold_municipality_grouped,1,StateMean,105,33,2.184753825356295,0.7627118644067796,1.0946151504718573,0.5966068802794637,0.4805785123966943,-1.508857016769638
fold_municipality_grouped_fold1,fold_municipality_grouped,1,MunicipalityShrink_3,105,33,2.184753825356295,0.7627118644067796,1.0946151504718573,0.5966068802794637,0.4805785123966943,-1.508857016769638
fold_municipality_grouped_fold1,fold_municipality_grouped,1,MunicipalityShrink_8,105,33,2.184753825356295,0.7627118644067796,1.0946151504718573,0.5966068802794637,0.4805785123966943,-1.508857016769638
fold_municipality_grouped_fold1,fold_municipality_grouped,1,GeoKNN_3,105,33,2.184753825356295,0.7627118644067796,1.0946151504718573,0.42851259217052723,0.3362927501568516,-0.29427503142679123
fold_municipality_grouped_fold1,fold_municipality_grouped,1,GeoKNN_5,105,33,2.184753825356295,0.7627118644067796,1.0946151504718573,0.40564358898012204,0.3152449782981705,-0.15981475388125665
fold_municipality_grouped_fold1,fold_municipality_grouped,1,GeoKNN_10,105,33,2.184753825356295,0.7627118644067796,1.0946151504718573,0.5452135021642964,0.46034447107518406,-1.095234329088143
fold_municipality_grouped_fold1,fold_municipality_grouped,1,AgroKNN_5,105,33,2.184753825356295,0.7627118644067796,1.0946151504718573,0.7684480954009227,0.661612456066583,-3.1622529814191447
fold_municipality_grouped_fold1,fold_municipality_grouped,1,GeoAgro_75_25_KNN5,105,33,2.184753825356295,0.7627118644067796,1.0946151504718573,0.40252753300187166,0.3174392791348432,-0.1420643608023291
fold_municipality_grouped_fold1,fold_municipality_grouped,1,GeoAgro_50_50_KNN5,105,33,2.184753825356295,0.7627118644067796,1.0946151504718573,0.3991007358654181,0.3219269795167132,-0.12270188824659223
fold_municipality_grouped_fold1,fold_municipality_grouped,1,GeoAgro_25_75_KNN5,105,33,2.184753825356295,0.7627118644067796,1.0946151504718573,0.40088042012501185,0.3347492944106298,-0.13273699766945568
fold_municipality_grouped_fold1,fold_municipality_grouped,1,GeoAgroTemporal_KNN5,105,33,2.184753825356295,0.7627118644067796,1.0946151504718573,0.39728776069780797,0.32191500796292544,-0.11252497131070238
fold_municipality_grouped_fold1,fold_municipality_grouped,1,GlobalRidge_C1_10,105,33,2.184753825356295,0.7627118644067796,1.0946151504718573,0.7170018197393933,0.6289191232405609,-2.6235971699414615
fold_municipality_grouped_fold1,fold_municipality_grouped,1,GlobalRidge_C1_100,105,33,2.184753825356295,0.7627118644067796,1.0946151504718573,1.1392501587909656,1.0684880160429924,-8.148240883937905
fold_municipality_grouped_fold1,fold_municipality_grouped,1,GlobalRidge_C1_1000,105,33,2.184753825356295,0.7627118644067796,1.0946151504718573,1.2406739007407668,1.1814435151816047,-9.849624024397855
fold_municipality_grouped_fold1,fold_municipality_grouped,1,GlobalPLS_C0_4,105,33,2.184753825356295,0.7627118644067796,1.0946151504718573,0.5373487299373418,0.44358653468472437,-1.0352222853630009
fold_municipality_grouped_fold1,fold_municipality_grouped,1,GlobalPLS_C0_8,105,33,2.184753825356295,0.7627118644067796,1.0946151504718573,0.5598982378948517,0.4774262703934697,-1.20962002636091
fold_municipality_grouped_fold1,fold_municipality_grouped,1,GlobalPLS_C0_12,105,33,2.184753825356295,0.7627118644067796,1.0946151504718573,0.6480056771250049,0.5588592354772677,-1.9597635495884203
fold_municipality_grouped_fold1,fold_municipality_grouped,1,LocalRidge_k20_a100,105,33,2.184753825356295,0.7627118644067796,1.0946151504718573,0.7759079211624543,0.6720316882125577,-3.2434566227285213
fold_municipality_grouped_fold1,fold_municipality_grouped,1,LocalRidge_k30_a100,105,33,2.184753825356295,0.7627118644067796,1.0946151504718573,0.8488706558883453,0.7462207260530984,-4.079049412145172
fold_municipality_grouped_fold1,fold_municipality_grouped,1,Graph_k6_lam0p5,105,33,2.184753825356295,0.7627118644067796,1.0946151504718573,0.5266101168183791,0.43799961796974846,-0.9546895552266881
fold_municipality_grouped_fold1,fold_municipality_grouped,1,Graph_k8_lam2,105,33,2.184753825356295,0.7627118644067796,1.0946151504718573,0.4919766458717326,0.423377280107061,-0.7060367046641101
fold_municipality_grouped_fold1,fold_municipality_grouped,1,Blend_PLS8_Geo5,105,33,2.184753825356295,0.7627118644067796,1.0946151504718573,0.3932015435860658,0.33035595769563225,-0.08975739335694599
fold_municipality_grouped_fold1,fold_municipality_grouped,1,Blend_PLS8_Graph8,105,33,2.184753825356295,0.7627118644067796,1.0946151504718573,0.396148891753031,0.32246421444868467,-0.10615576370266266
fold_municipality_grouped_fold1,fold_municipality_grouped,1,Blend_Ridge100_Geo5,105,33,2.184753825356295,0.7627118644067796,1.0946151504718573,0.6687229230738995,0.5541594595121827,-2.152040704224343
fold_municipality_grouped_fold2,fold_municipality_grouped,2,GlobalMean,122,16,2.3405308479376195,0.8813559322033899,1.086293559802026,1.0743137344370122,0.9887499999999994,-5.538225271077666
fold_municipality_grouped_fold2,fold_municipality_grouped,2,StateMean,122,16,2.3405308479376195,0.8813559322033899,1.086293559802026,1.2962301107442298,1.2262499999999992,-8.518353618057084
fold_municipality_grouped_fold2,fold_municipality_grouped,2,MunicipalityShrink_3,122,16,2.3405308479376195,0.8813559322033899,1.086293559802026,1.2962301107442298,1.2262499999999992,-8.518353618057084
fold_municipality_grouped_fold2,fold_municipality_grouped,2,MunicipalityShrink_8,122,16,2.3405308479376195,0.8813559322033899,1.086293559802026,1.2962301107442298,1.2262499999999992,-8.518353618057084
fold_municipality_grouped_fold2,fold_municipality_grouped,2,GeoKNN_3,122,16,2.3405308479376195,0.8813559322033899,1.086293559802026,1.5938473259062884,1.5365676246133937,-13.391002884807444
fold_municipality_grouped_fold2,fold_municipality_grouped,2,GeoKNN_5,122,16,2.3405308479376195,0.8813559322033899,1.086293559802026,1.5649224802903763,1.5065134960224438,-12.873411961616616
fold_municipality_grouped_fold2,fold_municipality_grouped,2,GeoKNN_10,122,16,2.3405308479376195,0.8813559322033899,1.086293559802026,1.4791371198073529,1.4189529181793072,-11.39408573828612
fold_municipality_grouped_fold2,fold_municipality_grouped,2,AgroKNN_5,122,16,2.3405308479376195,0.8813559322033899,1.086293559802026,1.2695100113087736,1.1281953808239085,-8.129981217441467
fold_municipality_grouped_fold2,fold_municipality_grouped,2,GeoAgro_75_25_KNN5,122,16,2.3405308479376195,0.8813559322033899,1.086293559802026,1.565936793972127,1.5077117132626223,-12.891402056543926
fold_municipality_grouped_fold2,fold_municipality_grouped,2,GeoAgro_50_50_KNN5,122,16,2.3405308479376195,0.8813559322033899,1.086293559802026,1.5638690165275433,1.5046970701320033,-12.854739832238005
fold_municipality_grouped_fold2,fold_municipality_grouped,2,GeoAgro_25_75_KNN5,122,16,2.3405308479376195,0.8813559322033899,1.086293559802026,1.5573655937861028,1.4975223770631607,-12.739748256991316
fold_municipality_grouped_fold2,fold_municipality_grouped,2,GeoAgroTemporal_KNN5,122,16,2.3405308479376195,0.8813559322033899,1.086293559802026,1.570726362779141,1.5109755629827886,-12.976508398378488
fold_municipality_grouped_fold2,fold_municipality_grouped,2,GlobalRidge_C1_10,122,16,2.3405308479376195,0.8813559322033899,1.086293559802026,1.25520646555954,1.113456642360536,-7.925405563680307
fold_municipality_grouped_fold2,fold_municipality_grouped,2,GlobalRidge_C1_100,122,16,2.3405308479376195,0.8813559322033899,1.086293559802026,1.1325654049767657,1.0250485893717203,-6.2664820871176685
fold_municipality_grouped_fold2,fold_municipality_grouped,2,GlobalRidge_C1_1000,122,16,2.3405308479376195,0.8813559322033899,1.086293559802026,1.0843772411457209,0.9952822714228227,-5.661291088413146
fold_municipality_grouped_fold2,fold_municipality_grouped,2,GlobalPLS_C0_4,122,16,2.3405308479376195,0.8813559322033899,1.086293559802026,1.0614480458243014,0.9476298077990079,-5.382562961273789
fold_municipality_grouped_fold2,fold_municipality_grouped,2,GlobalPLS_C0_8,122,16,2.3405308479376195,0.8813559322033899,1.086293559802026,1.352488148472701,1.2353187849632068,-9.362500400317181
fold_municipality_grouped_fold2,fold_municipality_grouped,2,GlobalPLS_C0_12,122,16,2.3405308479376195,0.8813559322033899,1.086293559802026,1.6104165159998869,1.525815401609267,-13.69176779998528
fold_municipality_grouped_fold2,fold_municipality_grouped,2,LocalRidge_k20_a100,122,16,2.3405308479376195,0.8813559322033899,1.086293559802026,1.4206039835847886,1.3599448723199572,-10.432565027955398
fold_municipality_grouped_fold2,fold_municipality_grouped,2,LocalRidge_k30_a100,122,16,2.3405308479376195,0.8813559322033899,1.086293559802026,1.403375768236072,1.3412808376995287,-10.156952157541035
fold_municipality_grouped_fold2,fold_municipality_grouped,2,Graph_k6_lam0p5,122,16,2.3405308479376195,0.8813559322033899,1.086293559802026,1.0743137344370122,0.9887499999999994,-5.538225271077666
fold_municipality_grouped_fold2,fold_municipality_grouped,2,Graph_k8_lam2,122,16,2.3405308479376195,0.8813559322033899,1.086293559802026,1.0743137344370122,0.9887499999999994,-5.538225271077666
fold_municipality_grouped_fold2,fold_municipality_grouped,2,Blend_PLS8_Geo5,122,16,2.3405308479376195,0.8813559322033899,1.086293559802026,1.4507374224381435,1.3709161404928254,-10.922717451400576
fold_municipality_grouped_fold2,fold_municipality_grouped,2,Blend_PLS8_Graph8,122,16,2.3405308479376195,0.8813559322033899,1.086293559802026,1.2084530908292852,1.1120343924816032,-7.272889387477811
fold_municipality_grouped_fold2,fold_municipality_grouped,2,Blend_Ridge100_Geo5,122,16,2.3405308479376195,0.8813559322033899,1.086293559802026,1.3435137624705584,1.265781042697082,-9.225436664453106
fold_municipality_grouped_fold3,fold_municipality_grouped,3,GlobalMean,128,10,2.031922861369528,0.9322033898305084,0.7268381156068163,0.6354992856337572,0.609828125,-11.632842504958402
fold_municipality_grouped_fold3,fold_municipality_grouped,3,StateMean,128,10,2.031922861369528,0.9322033898305084,0.7268381156068163,1.0653420430261136,1.0502307692307693,-34.50169441143145
fold_municipality_grouped_fold3,fold_municipality_grouped,3,MunicipalityShrink_3,128,10,2.031922861369528,0.9322033898305084,0.7268381156068163,1.0653420430261136,1.0502307692307693,-34.50169441143145
fold_municipality_grouped_fold3,fold_municipality_grouped,3,MunicipalityShrink_8,128,10,2.031922861369528,0.9322033898305084,0.7268381156068163,1.0653420430261136,1.0502307692307693,-34.50169441143145
fold_municipality_grouped_fold3,fold_municipality_grouped,3,GeoKNN_3,128,10,2.031922861369528,0.9322033898305084,0.7268381156068163,0.3073395233089981,0.2620760905583638,-1.9546617844725223
fold_municipality_grouped_fold3,fold_municipality_grouped,3,GeoKNN_5,128,10,2.031922861369528,0.9322033898305084,0.7268381156068163,0.2864938499050003,0.24838972188226977,-1.5674474032152639
fold_municipality_grouped_fold3,fold_municipality_grouped,3,GeoKNN_10,128,10,2.031922861369528,0.9322033898305084,0.7268381156068163,0.3010176853441149,0.2551301014319683,-1.8343597513193548
fold_municipality_grouped_fold3,fold_municipality_grouped,3,AgroKNN_5,128,10,2.031922861369528,0.9322033898305084,0.7268381156068163,0.44414361149965426,0.316180896778814,-5.170463500139371
fold_municipality_grouped_fold3,fold_municipality_grouped,3,GeoAgro_75_25_KNN5,128,10,2.031922861369528,0.9322033898305084,0.7268381156068163,0.2855297678038298,0.247457519701209,-1.5501970127970495
fold_municipality_grouped_fold3,fold_municipality_grouped,3,GeoAgro_50_50_KNN5,128,10,2.031922861369528,0.9322033898305084,0.7268381156068163,0.2569751849259188,0.21704539039734083,-1.065633759820766
fold_municipality_grouped_fold3,fold_municipality_grouped,3,GeoAgro_25_75_KNN5,128,10,2.031922861369528,0.9322033898305084,0.7268381156068163,0.2214650913170019,0.17428794975057987,-0.5341983381415722
fold_municipality_grouped_fold3,fold_municipality_grouped,3,GeoAgroTemporal_KNN5,128,10,2.031922861369528,0.9322033898305084,0.7268381156068163,0.23916592501959838,0.1906825185844106,-0.7892439453996083
fold_municipality_grouped_fold3,fold_municipality_grouped,3,GlobalRidge_C1_10,128,10,2.031922861369528,0.9322033898305084,0.7268381156068163,0.4300662030238932,0.3587781131835678,-4.785509055128039
fold_municipality_grouped_fold3,fold_municipality_grouped,3,GlobalRidge_C1_100,128,10,2.031922861369528,0.9322033898305084,0.7268381156068163,0.50781454435219,0.4881679464242433,-7.066427209347241
fold_municipality_grouped_fold3,fold_municipality_grouped,3,GlobalRidge_C1_1000,128,10,2.031922861369528,0.9322033898305084,0.7268381156068163,0.607722420549858,0.5897829558380413,-10.552646014544651
fold_municipality_grouped_fold3,fold_municipality_grouped,3,GlobalPLS_C0_4,128,10,2.031922861369528,0.9322033898305084,0.7268381156068163,0.5485914036947575,0.514161496037224,-8.413886208757981
fold_municipality_grouped_fold3,fold_municipality_grouped,3,GlobalPLS_C0_8,128,10,2.031922861369528,0.9322033898305084,0.7268381156068163,0.5834567259881451,0.5135722076424767,-9.648495451869154
fold_municipality_grouped_fold3,fold_municipality_grouped,3,GlobalPLS_C0_12,128,10,2.031922861369528,0.9322033898305084,0.7268381156068163,0.7501175566892798,0.650386296277056,-16.600686566783267
fold_municipality_grouped_fold3,fold_municipality_grouped,3,LocalRidge_k20_a100,128,10,2.031922861369528,0.9322033898305084,0.7268381156068163,0.25652699561527287,0.21273172604451718,-1.0584347173636375
fold_municipality_grouped_fold3,fold_municipality_grouped,3,LocalRidge_k30_a100,128,10,2.031922861369528,0.9322033898305084,0.7268381156068163,0.23613822288028308,0.2061279226662373,-0.7442291064799704
fold_municipality_grouped_fold3,fold_municipality_grouped,3,Graph_k6_lam0p5,128,10,2.031922861369528,0.9322033898305084,0.7268381156068163,0.6354986046233202,0.609827414754621,-11.632815429891037
fold_municipality_grouped_fold3,fold_municipality_grouped,3,Graph_k8_lam2,128,10,2.031922861369528,0.9322033898305084,0.7268381156068163,0.25563384208184997,0.22236340517101533,-1.044125910023089
fold_municipality_grouped_fold3,fold_municipality_grouped,3,Blend_PLS8_Geo5,128,10,2.031922861369528,0.9322033898305084,0.7268381156068163,0.3800235841075734,0.3276527575706104,-3.5174364064551833
fold_municipality_grouped_fold3,fold_municipality_grouped,3,Blend_PLS8_Graph8,128,10,2.031922861369528,0.9322033898305084,0.7268381156068163,0.3776007521952126,0.32797226124645923,-3.4600183946445044
fold_municipality_grouped_fold3,fold_municipality_grouped,3,Blend_Ridge100_Geo5,128,10,2.031922861369528,0.9322033898305084,0.7268381156068163,0.344377625097369,0.31845794835781865,-2.7097171843881225
fold_municipality_grouped_fold4,fold_municipality_grouped,4,GlobalMean,65,73,1.6255704041142733,0.5084745762711864,0.8765571698444801,1.220623514356475,1.1397260273972605,-3.1738649731530115
fold_municipality_grouped_fold4,fold_municipality_grouped,4,StateMean,65,73,1.6255704041142733,0.5084745762711864,0.8765571698444801,1.2193984230297772,1.1397260273972605,-3.1654908927322003
fold_municipality_grouped_fold4,fold_municipality_grouped,4,MunicipalityShrink_3,65,73,1.6255704041142733,0.5084745762711864,0.8765571698444801,1.2193984230297772,1.1397260273972605,-3.1654908927322003
fold_municipality_grouped_fold4,fold_municipality_grouped,4,MunicipalityShrink_8,65,73,1.6255704041142733,0.5084745762711864,0.8765571698444801,1.2193984230297772,1.1397260273972605,-3.1654908927322003
fold_municipality_grouped_fold4,fold_municipality_grouped,4,GeoKNN_3,65,73,1.6255704041142733,0.5084745762711864,0.8765571698444801,0.5778506474090231,0.36113315889029773,0.06458110203469991
fold_municipality_grouped_fold4,fold_municipality_grouped,4,GeoKNN_5,65,73,1.6255704041142733,0.5084745762711864,0.8765571698444801,0.5754792792121098,0.36315252716180696,0.07224284332959752
fold_municipality_grouped_fold4,fold_municipality_grouped,4,GeoKNN_10,65,73,1.6255704041142733,0.5084745762711864,0.8765571698444801,0.5837083892021826,0.3699092924499921,0.04552006859318147
fold_municipality_grouped_fold4,fold_municipality_grouped,4,AgroKNN_5,65,73,1.6255704041142733,0.5084745762711864,0.8765571698444801,0.9116487719643417,0.7569013168596979,-1.328252263180603
fold_municipality_grouped_fold4,fold_municipality_grouped,4,GeoAgro_75_25_KNN5,65,73,1.6255704041142733,0.5084745762711864,0.8765571698444801,0.5779641130706445,0.3613855464692837,0.06421371179243607
fold_municipality_grouped_fold4,fold_municipality_grouped,4,GeoAgro_50_50_KNN5,65,73,1.6255704041142733,0.5084745762711864,0.8765571698444801,0.5786151358208135,0.3620654681998949,0.06210437225768828
fold_municipality_grouped_fold4,fold_municipality_grouped,4,GeoAgro_25_75_KNN5,65,73,1.6255704041142733,0.5084745762711864,0.8765571698444801,0.5726939710399523,0.3605690311269182,0.08120176231232812
fold_municipality_grouped_fold4,fold_municipality_grouped,4,GeoAgroTemporal_KNN5,65,73,1.6255704041142733,0.5084745762711864,0.8765571698444801,0.5764625331586551,0.3616487540344247,0.06906983529567334
fold_municipality_grouped_fold4,fold_municipality_grouped,4,GlobalRidge_C1_10,65,73,1.6255704041142733,0.5084745762711864,0.8765571698444801,1.0055731152079723,0.891054315918268,-1.8327108006905939
fold_municipality_grouped_fold4,fold_municipality_grouped,4,GlobalRidge_C1_100,65,73,1.6255704041142733,0.5084745762711864,0.8765571698444801,1.1536711845137453,1.071451980024098,-2.7285418476811243
fold_municipality_grouped_fold4,fold_municipality_grouped,4,GlobalRidge_C1_1000,65,73,1.6255704041142733,0.5084745762711864,0.8765571698444801,1.2096438961045792,1.1293257165843178,-3.099114106052766
fold_municipality_grouped_fold4,fold_municipality_grouped,4,GlobalPLS_C0_4,65,73,1.6255704041142733,0.5084745762711864,0.8765571698444801,0.8469736890577821,0.7215790102171268,-1.0096238204772394
fold_municipality_grouped_fold4,fold_municipality_grouped,4,GlobalPLS_C0_8,65,73,1.6255704041142733,0.5084745762711864,0.8765571698444801,0.7150553275909517,0.5790047669476022,-0.432366729097458
fold_municipality_grouped_fold4,fold_municipality_grouped,4,GlobalPLS_C0_12,65,73,1.6255704041142733,0.5084745762711864,0.8765571698444801,0.7228159565543233,0.5899575133034843,-0.4636269369903472
fold_municipality_grouped_fold4,fold_municipality_grouped,4,LocalRidge_k20_a100,65,73,1.6255704041142733,0.5084745762711864,0.8765571698444801,0.6344849356928367,0.48997772952769353,-0.12776227225404657
fold_municipality_grouped_fold4,fold_municipality_grouped,4,LocalRidge_k30_a100,65,73,1.6255704041142733,0.5084745762711864,0.8765571698444801,0.7251683723046282,0.6027943004458589,-0.47316923270878264
fold_municipality_grouped_fold4,fold_municipality_grouped,4,Graph_k6_lam0p5,65,73,1.6255704041142733,0.5084745762711864,0.8765571698444801,0.5876951585337322,0.3773149402652177,0.03243721217943707
fold_municipality_grouped_fold4,fold_municipality_grouped,4,Graph_k8_lam2,65,73,1.6255704041142733,0.5084745762711864,0.8765571698444801,0.5862156126182042,0.3746638107158328,0.03730283529535039
fold_municipality_grouped_fold4,fold_municipality_grouped,4,Blend_PLS8_Geo5,65,73,1.6255704041142733,0.5084745762711864,0.8765571698444801,0.5854871406563708,0.43475772047157957,0.03969397649516504
fold_municipality_grouped_fold4,fold_municipality_grouped,4,Blend_PLS8_Graph8,65,73,1.6255704041142733,0.5084745762711864,0.8765571698444801,0.580651794378003,0.42386644056180106,0.055490183197806076
fold_municipality_grouped_fold4,fold_municipality_grouped,4,Blend_Ridge100_Geo5,65,73,1.6255704041142733,0.5084745762711864,0.8765571698444801,0.735883486430258,0.6241468289137914,-0.5170260754271785
fold_municipality_grouped_fold5,fold_municipality_grouped,5,GlobalMean,132,6,2.680520787360904,0.9152542372881355,1.4757185274738984,0.8486810277805203,0.7869696969696968,-0.14975286243523267
fold_municipality_grouped_fold5,fold_municipality_grouped,5,StateMean,132,6,2.680520787360904,0.9152542372881355,1.4757185274738984,0.9172134937582165,0.8918817204301074,-0.34293929845812743
fold_municipality_grouped_fold5,fold_municipality_grouped,5,MunicipalityShrink_3,132,6,2.680520787360904,0.9152542372881355,1.4757185274738984,0.9172134937582165,0.8918817204301074,-0.34293929845812743
fold_municipality_grouped_fold5,fold_municipality_grouped,5,MunicipalityShrink_8,132,6,2.680520787360904,0.9152542372881355,1.4757185274738984,0.9172134937582165,0.8918817204301074,-0.34293929845812743
fold_municipality_grouped_fold5,fold_municipality_grouped,5,GeoKNN_3,132,6,2.680520787360904,0.9152542372881355,1.4757185274738984,0.4508440902162028,0.3282840394103496,0.6755346875641949
fold_municipality_grouped_fold5,fold_municipality_grouped,5,GeoKNN_5,132,6,2.680520787360904,0.9152542372881355,1.4757185274738984,0.3455883040234005,0.2651090827660523,0.8093514159834458
fold_municipality_grouped_fold5,fold_municipality_grouped,5,GeoKNN_10,132,6,2.680520787360904,0.9152542372881355,1.4757185274738984,0.33763897584491714,0.27160056009534456,0.8180212570738085
fold_municipality_grouped_fold5,fold_municipality_grouped,5,AgroKNN_5,132,6,2.680520787360904,0.9152542372881355,1.4757185274738984,0.590654260793524,0.5152577591434878,0.44309361839617634
fold_municipality_grouped_fold5,fold_municipality_grouped,5,GeoAgro_75_25_KNN5,132,6,2.680520787360904,0.9152542372881355,1.4757185274738984,0.3382276837747948,0.2611443648224734,0.8173861069000292
fold_municipality_grouped_fold5,fold_municipality_grouped,5,GeoAgro_50_50_KNN5,132,6,2.680520787360904,0.9152542372881355,1.4757185274738984,0.32754954341366493,0.25479129917911264,0.8287346490101581
fold_municipality_grouped_fold5,fold_municipality_grouped,5,GeoAgro_25_75_KNN5,132,6,2.680520787360904,0.9152542372881355,1.4757185274738984,0.3875496655089326,0.3461515820806212,0.760243580132268
fold_municipality_grouped_fold5,fold_municipality_grouped,5,GeoAgroTemporal_KNN5,132,6,2.680520787360904,0.9152542372881355,1.4757185274738984,0.32443945820314307,0.2541209589654905,0.831971539971472
fold_municipality_grouped_fold5,fold_municipality_grouped,5,GlobalRidge_C1_10,132,6,2.680520787360904,0.9152542372881355,1.4757185274738984,0.677930046526881,0.5503426461042817,0.2663561563037673
fold_municipality_grouped_fold5,fold_municipality_grouped,5,GlobalRidge_C1_100,132,6,2.680520787360904,0.9152542372881355,1.4757185274738984,0.7667673640778323,0.705944911977164,0.061481686311465
fold_municipality_grouped_fold5,fold_municipality_grouped,5,GlobalRidge_C1_1000,132,6,2.680520787360904,0.9152542372881355,1.4757185274738984,0.8369238507116558,0.780612727867565,-0.1181173880942763
fold_municipality_grouped_fold5,fold_municipality_grouped,5,GlobalPLS_C0_4,132,6,2.680520787360904,0.9152542372881355,1.4757185274738984,0.5591860161025527,0.45870253746567985,0.5008534007135833
fold_municipality_grouped_fold5,fold_municipality_grouped,5,GlobalPLS_C0_8,132,6,2.680520787360904,0.9152542372881355,1.4757185274738984,0.5952984096818223,0.501386554667938,0.434301591580853
fold_municipality_grouped_fold5,fold_municipality_grouped,5,GlobalPLS_C0_12,132,6,2.680520787360904,0.9152542372881355,1.4757185274738984,0.9256956075540608,0.7793324225951582,-0.36789234184026065
fold_municipality_grouped_fold5,fold_municipality_grouped,5,LocalRidge_k20_a100,132,6,2.680520787360904,0.9152542372881355,1.4757185274738984,0.37515170644212353,0.3187131064766933,0.7753381324811552
fold_municipality_grouped_fold5,fold_municipality_grouped,5,LocalRidge_k30_a100,132,6,2.680520787360904,0.9152542372881355,1.4757185274738984,0.39959715592964223,0.3190702499379438,0.7451056028940046
fold_municipality_grouped_fold5,fold_municipality_grouped,5,Graph_k6_lam0p5,132,6,2.680520787360904,0.9152542372881355,1.4757185274738984,0.4009688856960185,0.36117330175042045,0.7433526056257713
fold_municipality_grouped_fold5,fold_municipality_grouped,5,Graph_k8_lam2,132,6,2.680520787360904,0.9152542372881355,1.4757185274738984,0.3247935936535286,0.2701089470362241,0.8316045235157061
fold_municipality_grouped_fold5,fold_municipality_grouped,5,Blend_PLS8_Geo5,132,6,2.680520787360904,0.9152542372881355,1.4757185274738984,0.44007799573249945,0.37070770322271757,0.6908460354554291
fold_municipality_grouped_fold5,fold_municipality_grouped,5,Blend_PLS8_Graph8,132,6,2.680520787360904,0.9152542372881355,1.4757185274738984,0.43228883518368477,0.3857477508520811,0.7016929273601655
fold_municipality_grouped_fold5,fold_municipality_grouped,5,Blend_Ridge100_Geo5,132,6,2.680520787360904,0.9152542372881355,1.4757185274738984,0.5448876285911831,0.47298688187733057,0.5260534052038599
