{
"type": "FeatureCollection",
"name": "external_inegi_municipios__01__tlaxcala_municipios",
"crs": { "type": "name", "properties": { "name": "urn:ogc:def:crs:OGC:1.3:CRS84" } },
"features": [
{ "type": "Feature", "properties": { "cvegeo": "29037", "cve_ent": "29", "cve_mun": "037", "nomgeo": "Ziltlaltépec de Trinidad Sánchez Santos", "cve_cab": "0001", "pob_total": "9207", "pob_femenina": "4768", "pob_masculina": "4439", "total_viviendas_habitadas": "2235" }, "geometry": { "type": "MultiPolygon", "coordinates": [ [ [ [ -97.86520334, 19.25381895 ], [ -97.86618326, 19.25131214 ], [ -97.86753522, 19.24791251 ], [ -97.86794692, 19.24673995 ], [ -97.86831865, 19.24583968 ], [ -97.86895432, 19.24405595 ], [ -97.86955438, 19.24269465 ], [ -97.86979838, 19.242089 ], [ -97.87047257, 19.24027685 ], [ -97.87049471, 19.24006097 ], [ -97.87037585, 19.23999286 ], [ -97.87011954, 19.24018711 ], [ -97.86989763, 19.24019934 ], [ -97.86962262, 19.24037475 ], [ -97.86937845, 19.240487 ], [ -97.86913645, 19.24052612 ], [ -97.86877262, 19.24077229 ], [ -97.86852617, 19.24081328 ], [ -97.86767365, 19.24129306 ], [ -97.8674322, 19.24131389 ], [ -97.86720752, 19.24141754 ], [ -97.86670155, 19.24158663 ], [ -97.86604143, 19.24194797 ], [ -97.86591822, 19.24188392 ], [ -97.86578775, 19.24188286 ], [ -97.86572998, 19.24194452 ], [ -97.86572871, 19.24207348 ], [ -97.86564942, 19.24214211 ], [ -97.86512548, 19.24220663 ], [ -97.86487012, 19.24236518 ], [ -97.86406457, 19.24270523 ], [ -97.86188765, 19.24351734 ], [ -97.86038337, 19.24407737 ], [ -97.86036026, 19.24394108 ], [ -97.8586484, 19.23920909 ], [ -97.85743348, 19.23580948 ], [ -97.85467731, 19.22820449 ], [ -97.85465445, 19.22814138 ], [ -97.85452215, 19.22777634 ], [ -97.85390543, 19.22609075 ], [ -97.85226152, 19.22521554 ], [ -97.85169966, 19.2241272 ], [ -97.85102214, 19.222991 ], [ -97.85098829, 19.22293423 ], [ -97.85422005, 19.2202228 ], [ -97.85426565, 19.22018598 ], [ -97.86212322, 19.21384063 ], [ -97.86330578, 19.21335109 ], [ -97.86550706, 19.21247249 ], [ -97.86713882, 19.21182117 ], [ -97.87122025, 19.21011657 ], [ -97.87534443, 19.20836563 ], [ -97.87913188, 19.20677889 ], [ -97.88206426, 19.20555103 ], [ -97.88303602, 19.20514631 ], [ -97.88686672, 19.20355075 ], [ -97.89058809, 19.20196354 ], [ -97.89215408, 19.20111342 ], [ -97.89322103, 19.20030731 ], [ -97.89401386, 19.19955426 ], [ -97.89501935, 19.19831152 ], [ -97.895041509, 19.1982802 ], [ -97.895088909, 19.19821317 ], [ -97.895201249, 19.198054341 ], [ -97.89544168, 19.1977144 ], [ -97.89557831, 19.19751835 ], [ -97.89543866, 19.19756095 ], [ -97.89525465, 19.19760895 ], [ -97.89514334, 19.19763797 ], [ -97.89471931, 19.19766509 ], [ -97.89447697, 19.19760438 ], [ -97.89408734, 19.19729997 ], [ -97.89417486, 19.19717383 ], [ -97.89439066, 19.19687334 ], [ -97.89470311, 19.19674229 ], [ -97.89490462, 19.19663612 ], [ -97.89496229, 19.19642835 ], [ -97.89502312, 19.19611602 ], [ -97.89486965, 19.19584668 ], [ -97.89470822, 19.19535385 ], [ -97.89452078, 19.19499288 ], [ -97.89450382, 19.19486531 ], [ -97.89447888, 19.19467774 ], [ -97.89362971, 19.19228674 ], [ -97.89420758, 19.19115398 ], [ -97.8920282, 19.19020795 ], [ -97.89118928, 19.18982512 ], [ -97.8909072, 19.18969438 ], [ -97.89074914, 19.18962114 ], [ -97.89067902, 19.18887525 ], [ -97.89057211, 19.18823234 ], [ -97.88983906, 19.18695674 ], [ -97.89438185, 19.18443017 ], [ -97.89661005, 19.18324051 ], [ -97.89646708, 19.18301891 ], [ -97.89623589, 19.18292457 ], [ -97.89603534, 19.18278474 ], [ -97.89634835, 19.18265891 ], [ -97.89678298, 19.18218192 ], [ -97.89723752, 19.18177906 ], [ -97.8976322, 19.18171095 ], [ -97.89792295, 19.18161709 ], [ -97.89886697, 19.18121978 ], [ -97.89984383, 19.18072538 ], [ -97.90147254, 19.17984152 ], [ -97.90169423, 19.18001311 ], [ -97.90180592, 19.18009617 ], [ -97.90182765, 19.18008102 ], [ -97.90250634, 19.17960786 ], [ -97.9038442, 19.17835294 ], [ -97.90460588, 19.1775864 ], [ -97.90801774, 19.18083348 ], [ -97.91137425, 19.17960926 ], [ -97.91499002, 19.17614754 ], [ -97.91506548, 19.17333803 ], [ -97.91507003, 19.17316808 ], [ -97.92047391, 19.17101612 ], [ -97.92199774, 19.17013682 ], [ -97.92350185, 19.16889454 ], [ -97.92484171, 19.16790949 ], [ -97.92568649, 19.16726129 ], [ -97.926665289, 19.166373829 ], [ -97.92678878, 19.16626186 ], [ -97.92773582, 19.165331 ], [ -97.92820265, 19.16421342 ], [ -97.928372221, 19.164322661 ], [ -97.931864571, 19.166572421 ], [ -97.934738571, 19.168528371 ], [ -97.937589541, 19.170450741 ], [ -97.939889781, 19.171635681 ], [ -97.944089181, 19.173922481 ], [ -97.946018524, 19.174991013 ], [ -97.947977551, 19.176075941 ], [ -97.950312741, 19.177309371 ], [ -97.953314261, 19.179068321 ], [ -97.953729681, 19.179311771 ], [ -97.954681171, 19.179924201 ], [ -97.955657081, 19.180503801 ], [ -97.956580431, 19.181069401 ], [ -97.95743912, 19.181582971 ], [ -97.958147521, 19.182153721 ], [ -97.959336651, 19.182831401 ], [ -97.960517861, 19.183681581 ], [ -97.961636321, 19.184468681 ], [ -97.962504371, 19.184983051 ], [ -97.962616231, 19.185055451 ], [ -97.963582111, 19.185680551 ], [ -97.964903251, 19.186464341 ], [ -97.966718621, 19.187468831 ], [ -97.974432941, 19.191013181 ], [ -97.978950151, 19.19257014 ], [ -97.97918686, 19.19387903 ], [ -97.97925463, 19.19438509 ], [ -97.97933512, 19.19496235 ], [ -97.97938951, 19.19526011 ], [ -97.97956222, 19.19768566 ], [ -97.97965654, 19.19964572 ], [ -97.97992543, 19.20222666 ], [ -97.98013858, 19.20528989 ], [ -97.97978178, 19.20522931 ], [ -97.97976074, 19.20864368 ], [ -97.97971838, 19.21550878 ], [ -97.97981282, 19.21553029 ], [ -97.98007855, 19.21557194 ], [ -97.9804908, 19.21558292 ], [ -97.98095892, 19.21575669 ], [ -97.98123682, 19.215949 ], [ -97.98153894, 19.2159916 ], [ -97.98180602, 19.21598718 ], [ -97.98199197, 19.21585389 ], [ -97.98215435, 19.21569691 ], [ -97.9824134, 19.21555402 ], [ -97.98264717, 19.21544503 ], [ -97.98271289, 19.21527395 ], [ -97.98274291, 19.21507889 ], [ -97.98291809, 19.2148992 ], [ -97.98338835, 19.21458911 ], [ -97.98406606, 19.21430934 ], [ -97.98446349, 19.21431991 ], [ -97.9848748, 19.21444578 ], [ -97.98513351, 19.21446908 ], [ -97.9854786, 19.21449468 ], [ -97.98582418, 19.21450388 ], [ -97.98603057, 19.2145422 ], [ -97.98607806, 19.21469123 ], [ -97.9861102, 19.21477418 ], [ -97.98636842, 19.21481389 ], [ -97.98659305, 19.21481986 ], [ -97.98688631, 19.21484409 ], [ -97.9871258, 19.21493255 ], [ -97.98734463, 19.2151354 ], [ -97.98738577, 19.21520095 ], [ -97.9874406, 19.21525602 ], [ -97.98748708, 19.21527512 ], [ -97.98753235, 19.21527632 ], [ -97.98478692, 19.22075214 ], [ -97.98571425, 19.22777472 ], [ -97.9866052, 19.22779842 ], [ -97.98829618, 19.22802245 ], [ -97.98915048, 19.22812655 ], [ -97.98942078, 19.22826397 ], [ -97.98967109, 19.22849854 ], [ -97.98995278, 19.22883162 ], [ -97.99061803, 19.22953305 ], [ -97.99086546, 19.22986522 ], [ -97.99135278, 19.23020375 ], [ -97.99167354, 19.23037506 ], [ -97.9924398, 19.23055822 ], [ -97.99292052, 19.23060354 ], [ -97.99355497, 19.23060409 ], [ -97.99415706, 19.23053868 ], [ -97.99460494, 19.23046915 ], [ -97.99499949, 19.23046334 ], [ -97.99539215, 19.2305226 ], [ -97.99608891, 19.23073645 ], [ -97.99696651, 19.23121555 ], [ -97.99730058, 19.23151745 ], [ -97.99759945, 19.23185097 ], [ -97.99782109, 19.23218343 ], [ -97.99778645, 19.23288117 ], [ -97.99770498, 19.23372548 ], [ -97.99763935, 19.23403275 ], [ -97.99746297, 19.23425651 ], [ -97.99741265, 19.23452388 ], [ -97.99740475, 19.23479238 ], [ -97.99734109, 19.23503254 ], [ -97.99716466, 19.23525629 ], [ -97.99707788, 19.23532117 ], [ -97.99678423, 19.23559811 ], [ -97.99636894, 19.23624545 ], [ -97.99616109, 19.23657585 ], [ -97.99601494, 19.2367332 ], [ -97.99589783, 19.23686446 ], [ -97.99575249, 19.23699495 ], [ -97.99539063, 19.23726751 ], [ -97.995217, 19.23739728 ], [ -97.99489918, 19.23761725 ], [ -97.99464525, 19.2379406 ], [ -97.99450023, 19.23814417 ], [ -97.99436708, 19.23828208 ], [ -97.99405334, 19.23848117 ], [ -97.99389012, 19.23862771 ], [ -97.99376688, 19.23876585 ], [ -97.99306442, 19.2393506 ], [ -97.99266991, 19.23959471 ], [ -97.99246785, 19.23971189 ], [ -97.99224618, 19.23981914 ], [ -97.99203338, 19.23996435 ], [ -97.99169897, 19.24010057 ], [ -97.99136426, 19.24033683 ], [ -97.99114069, 19.24051003 ], [ -97.99086638, 19.24071958 ], [ -97.99071391, 19.24083809 ], [ -97.99055097, 19.24097522 ], [ -97.99045863, 19.24107646 ], [ -97.99042522, 19.24119814 ], [ -97.99040975, 19.24138629 ], [ -97.9902534, 19.24163672 ], [ -97.9900414, 19.24175365 ], [ -97.98985148, 19.24179572 ], [ -97.98943894, 19.2418914 ], [ -97.98924045, 19.24188612 ], [ -97.98907917, 19.24196669 ], [ -97.98899591, 19.24209648 ], [ -97.98886245, 19.24224375 ], [ -97.98867969, 19.24238034 ], [ -97.98854763, 19.24248054 ], [ -97.98835155, 19.24272991 ], [ -97.98827823, 19.24285994 ], [ -97.98822277, 19.24305646 ], [ -97.98813728, 19.24326162 ], [ -97.9880234, 19.24341888 ], [ -97.98787037, 19.24355622 ], [ -97.98769752, 19.24369306 ], [ -97.98759494, 19.24380348 ], [ -97.98725994, 19.24404911 ], [ -97.98715283, 19.24402898 ], [ -97.98697655, 19.24397931 ], [ -97.9866244, 19.24396888 ], [ -97.9864022, 19.24389194 ], [ -97.9861292, 19.24384522 ], [ -97.98593928, 19.24380068 ], [ -97.98551909, 19.24367112 ], [ -97.98511134, 19.24358014 ], [ -97.98507085, 19.24351792 ], [ -97.98501571, 19.24347725 ], [ -97.98482297, 19.24297411 ], [ -97.98428742, 19.242399421 ], [ -97.983286619, 19.241936251 ], [ -97.98291277, 19.241863781 ], [ -97.982607889, 19.24175129 ], [ -97.98237532, 19.241596491 ], [ -97.98214297, 19.241407651 ], [ -97.98174851, 19.241252051 ], [ -97.981291489, 19.241036311 ], [ -97.9812012, 19.24056562 ], [ -97.980692419, 19.24034829 ], [ -97.98037729, 19.24013057 ], [ -97.979989579, 19.23992449 ], [ -97.97967454, 19.23974125 ], [ -97.979105259, 19.23954703 ], [ -97.978753979, 19.239409821 ], [ -97.97831802, 19.23929578 ], [ -97.97777302, 19.23913598 ], [ -97.97710691, 19.238930461 ], [ -97.97659837, 19.238851031 ], [ -97.97610195, 19.23878308 ], [ -97.975581379, 19.238749651 ], [ -97.974915479, 19.23865903 ], [ -97.97438269, 19.238556661 ], [ -97.973644379, 19.23860412 ], [ -97.97214354, 19.23867606 ], [ -97.971792579, 19.23872274 ], [ -97.97126012, 19.238804231 ], [ -97.97090926, 19.238908371 ], [ -97.97054625, 19.238978051 ], [ -97.96990478, 19.239025281 ], [ -97.969491949, 19.23907206 ], [ -97.968923219, 19.239290341 ], [ -97.968064739, 19.2394068 ], [ -97.96778615, 19.23935549 ], [ -97.967124709, 19.239246921 ], [ -97.965665419, 19.239015261 ], [ -97.964623149, 19.238832321 ], [ -97.96397554, 19.238739801 ], [ -97.96377338, 19.238718351 ], [ -97.96346931, 19.238715571 ], [ -97.96294057, 19.23869074 ], [ -97.9625446, 19.238674721 ], [ -97.96224742, 19.23862934 ], [ -97.961955849, 19.238584111 ], [ -97.96167586, 19.23852849 ], [ -97.961369479, 19.238413341 ], [ -97.960818289, 19.2381954 ], [ -97.960653939, 19.23810235 ], [ -97.960455829, 19.23796351 ], [ -97.96046263, 19.23803046 ], [ -97.960630219, 19.239809 ], [ -97.960271649, 19.23976835 ], [ -97.95994717, 19.23977066 ], [ -97.959529079, 19.239803481 ], [ -97.95879383, 19.23998178 ], [ -97.95762469, 19.24033546 ], [ -97.95722748, 19.240445821 ], [ -97.95692582, 19.24045974 ], [ -97.956671109, 19.24045292 ], [ -97.956218279, 19.2404848 ], [ -97.955695019, 19.24054777 ], [ -97.955160829, 19.24058846 ], [ -97.95488329, 19.24057002 ], [ -97.95443931, 19.240491831 ], [ -97.95412868, 19.24041751 ], [ -97.953489489, 19.2400924 ], [ -97.953042879, 19.23991543 ], [ -97.95268463, 19.239883821 ], [ -97.95225497, 19.239916311 ], [ -97.951697949, 19.239945351 ], [ -97.951225859, 19.239891941 ], [ -97.95078217, 19.239847541 ], [ -97.95048197, 19.23977448 ], [ -97.95008662, 19.23963931 ], [ -97.94941877, 19.239458911 ], [ -97.949217459, 19.239425751 ], [ -97.948762519, 19.23937563 ], [ -97.948006109, 19.239295751 ], [ -97.947693059, 19.239271091 ], [ -97.94728262, 19.23926008 ], [ -97.946962889, 19.23926774 ], [ -97.946698889, 19.23932023 ], [ -97.94649771, 19.239450801 ], [ -97.94635865, 19.23952289 ], [ -97.94622672, 19.239546431 ], [ -97.945929799, 19.23955469 ], [ -97.94528595, 19.239526571 ], [ -97.94466765, 19.23953725 ], [ -97.944152969, 19.239577581 ], [ -97.943511449, 19.23966326 ], [ -97.94302528, 19.239704351 ], [ -97.94256126, 19.23976771 ], [ -97.94247974, 19.239809481 ], [ -97.94241723, 19.239856451 ], [ -97.94233563, 19.23988232 ], [ -97.942152339, 19.239881141 ], [ -97.941993309, 19.23991349 ], [ -97.94176677, 19.239755801 ], [ -97.94159082, 19.23957148 ], [ -97.941577169, 19.239470651 ], [ -97.940453349, 19.239356741 ], [ -97.93862434, 19.23898628 ], [ -97.93808352, 19.238905121 ], [ -97.937835179, 19.238898451 ], [ -97.93729542, 19.23891402 ], [ -97.936568309, 19.239004881 ], [ -97.935922999, 19.23901262 ], [ -97.935506649, 19.23896626 ], [ -97.93427645, 19.23881811 ], [ -97.93404672, 19.23889726 ], [ -97.93306989, 19.23938295 ], [ -97.93260506, 19.23960317 ], [ -97.93212298, 19.239811051 ], [ -97.93174695, 19.239831021 ], [ -97.930955379, 19.23995525 ], [ -97.930205059, 19.2401916 ], [ -97.92980595, 19.240276201 ], [ -97.92938482, 19.240214651 ], [ -97.92917242, 19.240244061 ], [ -97.928590849, 19.240419141 ], [ -97.92760749, 19.240674631 ], [ -97.92723542, 19.24073986 ], [ -97.926923819, 19.24072646 ], [ -97.92635217, 19.24074617 ], [ -97.9262, 19.240706921 ], [ -97.926032539, 19.240645111 ], [ -97.92517991, 19.240340551 ], [ -97.92505794, 19.240296981 ], [ -97.923981219, 19.238952551 ], [ -97.92033171, 19.236291371 ], [ -97.919341049, 19.2353138 ], [ -97.91929566, 19.23525589 ], [ -97.918876689, 19.234821581 ], [ -97.91853334, 19.234447981 ], [ -97.918326169, 19.234212911 ], [ -97.917807219, 19.233251721 ], [ -97.916784249, 19.23228686 ], [ -97.91663454, 19.232072461 ], [ -97.91578602, 19.231206741 ], [ -97.91488351, 19.230288171 ], [ -97.91440995, 19.229628951 ], [ -97.91422792, 19.229316061 ], [ -97.91369112, 19.22833918 ], [ -97.913219629, 19.22784835 ], [ -97.913231319, 19.227891461 ], [ -97.91202442, 19.227724691 ], [ -97.91146983, 19.22763211 ], [ -97.911386649, 19.22756394 ], [ -97.90965523, 19.22780278 ], [ -97.90728934, 19.228106171 ], [ -97.90492534, 19.228384401 ], [ -97.9025436, 19.22866772 ], [ -97.902135979, 19.228727521 ], [ -97.90188365, 19.228706971 ], [ -97.901351059, 19.23092897 ], [ -97.901233819, 19.23107728 ], [ -97.90049645, 19.232518521 ], [ -97.90020657, 19.23307143 ], [ -97.90011391, 19.23322669 ], [ -97.89981612, 19.23388185 ], [ -97.89908418, 19.235314031 ], [ -97.89890628, 19.23571903 ], [ -97.89860152, 19.236580061 ], [ -97.898305799, 19.23702715 ], [ -97.89804535, 19.237639201 ], [ -97.897933709, 19.2379172 ], [ -97.897867119, 19.23809026 ], [ -97.89774698, 19.238287971 ], [ -97.897658149, 19.23826592 ], [ -97.897512779, 19.238405771 ], [ -97.89731722, 19.23855712 ], [ -97.89677412, 19.238823921 ], [ -97.89627077, 19.23909094 ], [ -97.896109429, 19.239229091 ], [ -97.89599711, 19.23938454 ], [ -97.89592169, 19.239446091 ], [ -97.895823921, 19.239477152 ], [ -97.89582232, 19.239477661 ], [ -97.895820121, 19.239477649 ], [ -97.89571103, 19.23947703 ], [ -97.89541242, 19.239412181 ], [ -97.89517057, 19.239335691 ], [ -97.894642397, 19.239313921 ], [ -97.894641449, 19.239313881 ], [ -97.894638596, 19.239314416 ], [ -97.89439877, 19.239359421 ], [ -97.89423472, 19.239480511 ], [ -97.89411545, 19.239564311 ], [ -97.894056053, 19.239601381 ], [ -97.894055829, 19.239601521 ], [ -97.894052252, 19.239601877 ], [ -97.893925099, 19.239614562 ], [ -97.893922199, 19.239614851 ], [ -97.893921296, 19.239615059 ], [ -97.89364283, 19.239679 ], [ -97.89345806, 19.23979948 ], [ -97.893323054, 19.23983963 ], [ -97.893321539, 19.239840081 ], [ -97.893319252, 19.239840126 ], [ -97.893240769, 19.23984171 ], [ -97.89321529, 19.239842213 ], [ -97.89321137, 19.23984229 ], [ -97.89318012, 19.239836461 ], [ -97.89315265, 19.23983134 ], [ -97.89311883, 19.23979235 ], [ -97.893072459, 19.239673881 ], [ -97.89301325, 19.239566221 ], [ -97.89296055, 19.239497371 ], [ -97.892864149, 19.23944769 ], [ -97.892713654, 19.239445696 ], [ -97.89271246, 19.23944568 ], [ -97.892709853, 19.239446193 ], [ -97.89255335, 19.239476951 ], [ -97.89245543, 19.23949877 ], [ -97.892404509, 19.23951614 ], [ -97.89227877, 19.23957232 ], [ -97.89215846, 19.239632401 ], [ -97.892044333, 19.239650602 ], [ -97.892041139, 19.239651111 ], [ -97.89204053, 19.239651098 ], [ -97.891861819, 19.239647351 ], [ -97.891438799, 19.239588951 ], [ -97.891235579, 19.239521681 ], [ -97.89103515, 19.239441681 ], [ -97.890877289, 19.239405151 ], [ -97.89078623, 19.239399541 ], [ -97.89058138, 19.239367151 ], [ -97.89035657, 19.239325181 ], [ -97.890209249, 19.239316691 ], [ -97.890093979, 19.239321111 ], [ -97.89000823, 19.239320621 ], [ -97.889751449, 19.23925302 ], [ -97.88946548, 19.23913946 ], [ -97.889337059, 19.23910822 ], [ -97.889099949, 19.239029571 ], [ -97.888840779, 19.238916171 ], [ -97.888719952, 19.238848001 ], [ -97.888693755, 19.238833222 ], [ -97.88868592, 19.238828801 ], [ -97.888498819, 19.238759061 ], [ -97.88840514, 19.238743261 ], [ -97.888263419, 19.238699201 ], [ -97.888192967, 19.238693854 ], [ -97.88819109, 19.238693711 ], [ -97.888189166, 19.23869435 ], [ -97.888115889, 19.23871869 ], [ -97.888035219, 19.238761461 ], [ -97.887848019, 19.238787882 ], [ -97.887844779, 19.238788341 ], [ -97.887844218, 19.238788379 ], [ -97.887677549, 19.238799964 ], [ -97.887675859, 19.23880008 ], [ -97.887673747, 19.238800459 ], [ -97.887442459, 19.238841951 ], [ -97.887318949, 19.23887683 ], [ -97.88719338, 19.238922921 ], [ -97.88687895, 19.239058431 ], [ -97.886763399, 19.23910606 ], [ -97.886684076, 19.239128149 ], [ -97.88668285, 19.239128491 ], [ -97.886680275, 19.239128646 ], [ -97.886490035, 19.239140078 ], [ -97.886489829, 19.239140091 ], [ -97.886486235, 19.239140574 ], [ -97.88634498, 19.23915958 ], [ -97.886124859, 19.2392168 ], [ -97.88559052, 19.23937646 ], [ -97.88523737, 19.239489691 ], [ -97.885138, 19.239522171 ], [ -97.884979319, 19.239605171 ], [ -97.88466765, 19.239727971 ], [ -97.884412369, 19.23984625 ], [ -97.88438714, 19.23985795 ], [ -97.884142799, 19.239896651 ], [ -97.88340877, 19.240149571 ], [ -97.883118889, 19.24023263 ], [ -97.88295802, 19.24027374 ], [ -97.882755249, 19.240339891 ], [ -97.882485739, 19.2404368 ], [ -97.88198755, 19.24058777 ], [ -97.881888289, 19.240617851 ], [ -97.881651119, 19.240682121 ], [ -97.88142985, 19.24073938 ], [ -97.8812942, 19.2408176 ], [ -97.88121048, 19.24086372 ], [ -97.881040119, 19.240922371 ], [ -97.880874889, 19.240986051 ], [ -97.88080683, 19.2410326 ], [ -97.88077263, 19.241054151 ], [ -97.880738889, 19.24107543 ], [ -97.880616339, 19.241109321 ], [ -97.880510349, 19.241113881 ], [ -97.880388919, 19.241110551 ], [ -97.880102629, 19.24111392 ], [ -97.879902419, 19.24112335 ], [ -97.87977695, 19.24112365 ], [ -97.87968283, 19.2411248 ], [ -97.879601629, 19.24110446 ], [ -97.879408109, 19.241113381 ], [ -97.879256289, 19.241114051 ], [ -97.879087849, 19.24116231 ], [ -97.878821739, 19.241260781 ], [ -97.87864766, 19.241328121 ], [ -97.87847489, 19.24135225 ], [ -97.878342419, 19.24138226 ], [ -97.878095999, 19.241438781 ], [ -97.877943169, 19.24147305 ], [ -97.87780938, 19.24154629 ], [ -97.877685569, 19.24162462 ], [ -97.87759166, 19.241718171 ], [ -97.877396739, 19.241972371 ], [ -97.877239969, 19.24213631 ], [ -97.87713146, 19.242210251 ], [ -97.877017029, 19.242312851 ], [ -97.87696203, 19.242399321 ], [ -97.876866369, 19.24255051 ], [ -97.876725199, 19.242700451 ], [ -97.876593279, 19.24287946 ], [ -97.876471749, 19.24304917 ], [ -97.87635154, 19.243175651 ], [ -97.87626891, 19.24323106 ], [ -97.87622743, 19.24326357 ], [ -97.87619045, 19.24331543 ], [ -97.87616818, 19.24338211 ], [ -97.87614608, 19.24344397 ], [ -97.87610922, 19.243491031 ], [ -97.87602717, 19.24352723 ], [ -97.875951319, 19.24352517 ], [ -97.875889199, 19.243571521 ], [ -97.875806119, 19.24364135 ], [ -97.87573358, 19.24369705 ], [ -97.875666119, 19.243752861 ], [ -97.875458849, 19.24384042 ], [ -97.875253109, 19.243950141 ], [ -97.875064139, 19.24400745 ], [ -97.874910719, 19.244060941 ], [ -97.87482272, 19.244125821 ], [ -97.87475569, 19.24416723 ], [ -97.874648059, 19.24421235 ], [ -97.87437242, 19.24429134 ], [ -97.874218979, 19.24434482 ], [ -97.874075379, 19.244408171 ], [ -97.87397728, 19.244472771 ], [ -97.87386162, 19.244552781 ], [ -97.873613829, 19.24471423 ], [ -97.87354651, 19.24476525 ], [ -97.87345317, 19.244839601 ], [ -97.873353749, 19.24494742 ], [ -97.87327588, 19.245012571 ], [ -97.87315668, 19.24510543 ], [ -97.87299703, 19.2451972 ], [ -97.87284706, 19.24530363 ], [ -97.87260254, 19.24551008 ], [ -97.87247454, 19.24563794 ], [ -97.87242329, 19.24569043 ], [ -97.87228842, 19.245811351 ], [ -97.872176539, 19.24587566 ], [ -97.872018179, 19.245952171 ], [ -97.871842309, 19.24602146 ], [ -97.871733149, 19.24611278 ], [ -97.87167057, 19.246188541 ], [ -97.87149771, 19.246392631 ], [ -97.871402719, 19.246484341 ], [ -97.87125382, 19.246549081 ], [ -97.87106682, 19.24663489 ], [ -97.87100858, 19.24668383 ], [ -97.87097132, 19.24674343 ], [ -97.870908829, 19.24681582 ], [ -97.87084706, 19.24686466 ], [ -97.87077569, 19.246879541 ], [ -97.870703109, 19.246911881 ], [ -97.87061186, 19.24699695 ], [ -97.870447309, 19.24716085 ], [ -97.870253889, 19.24734082 ], [ -97.87012692, 19.247435021 ], [ -97.869991629, 19.2475694 ], [ -97.86987132, 19.24767726 ], [ -97.869801049, 19.247773021 ], [ -97.869737429, 19.247882421 ], [ -97.869550369, 19.24823069 ], [ -97.86944197, 19.24843786 ], [ -97.868995769, 19.24912072 ], [ -97.868652429, 19.249566141 ], [ -97.868214339, 19.2501684 ], [ -97.86793098, 19.250532421 ], [ -97.867818539, 19.250685601 ], [ -97.867788109, 19.25079103 ], [ -97.867786279, 19.2508514 ], [ -97.867823479, 19.25093549 ], [ -97.867877029, 19.25100492 ], [ -97.86789529, 19.251058291 ], [ -97.867888919, 19.25113742 ], [ -97.867848279, 19.251166511 ], [ -97.867755649, 19.25120551 ], [ -97.867681969, 19.25127525 ], [ -97.86757058, 19.25140812 ], [ -97.867235709, 19.251961581 ], [ -97.86698352, 19.25237563 ], [ -97.86673131, 19.252825631 ], [ -97.866652739, 19.252925431 ], [ -97.86655874, 19.253009711 ], [ -97.866461219, 19.253078781 ], [ -97.866349979, 19.253167621 ], [ -97.866280149, 19.25324123 ], [ -97.8662504, 19.253304601 ], [ -97.86623595, 19.25338728 ], [ -97.86621743, 19.253473631 ], [ -97.86618405, 19.25352557 ], [ -97.86611411, 19.253602951 ], [ -97.865858909, 19.25375834 ], [ -97.86569748, 19.253836981 ], [ -97.86535395, 19.25391311 ], [ -97.86513558, 19.25394938 ], [ -97.86520334, 19.25381895 ] ] ] ] } },
{ "type": "Feature", "properties": { "cvegeo": "29009", "cve_ent": "29", "cve_mun": "009", "nomgeo": "Cuaxomulco", "cve_cab": "0001", "pob_total": "5928", "pob_femenina": "3026", "pob_masculina": "2902", "total_viviendas_habitadas": "1521" }, "geometry": { "type": "MultiPolygon", "coordinates": [ [ [ [ -98.06948682, 19.36728171 ], [ -98.06940789, 19.36716246 ], [ -98.06909602, 19.36683794 ], [ -98.06895597, 19.36671017 ], [ -98.06891185, 19.36653217 ], [ -98.06891671, 19.36636406 ], [ -98.06889658, 19.36607046 ], [ -98.06880182, 19.36578577 ], [ -98.06870994, 19.36559886 ], [ -98.06861885, 19.36538482 ], [ -98.06860043, 19.36519152 ], [ -98.06847551, 19.36496032 ], [ -98.06841575, 19.36485023 ], [ -98.06830312, 19.3647876 ], [ -98.06823303, 19.36463923 ], [ -98.06813795, 19.3643654 ], [ -98.06810725, 19.36423977 ], [ -98.06805908, 19.36412455 ], [ -98.06793008, 19.36403435 ], [ -98.06779395, 19.36399282 ], [ -98.06756605, 19.36395975 ], [ -98.06740149, 19.36391205 ], [ -98.06728886, 19.36384942 ], [ -98.06726788, 19.36378374 ], [ -98.06727165, 19.36365358 ], [ -98.06729412, 19.36346965 ], [ -98.06723468, 19.36334869 ], [ -98.06715651, 19.36328154 ], [ -98.06703645, 19.36327842 ], [ -98.06693322, 19.36328658 ], [ -98.06680822, 19.36325618 ], [ -98.06671174, 19.36317414 ], [ -98.06663445, 19.36287906 ], [ -98.06642691, 19.36253717 ], [ -98.06633277, 19.36223078 ], [ -98.06630089, 19.36194774 ], [ -98.06627763, 19.3617626 ], [ -98.06618678, 19.36173852 ], [ -98.06589928, 19.36158994 ], [ -98.065681, 19.36142143 ], [ -98.06543335, 19.36127931 ], [ -98.06526669, 19.36110672 ], [ -98.06506017, 19.36092766 ], [ -98.06485162, 19.36081911 ], [ -98.06459175, 19.3607038 ], [ -98.06453371, 19.36063185 ], [ -98.06433617, 19.3605156 ], [ -98.06411172, 19.36036322 ], [ -98.06375129, 19.36016388 ], [ -98.06350309, 19.36010228 ], [ -98.06332165, 19.35998443 ], [ -98.06312055, 19.35992889 ], [ -98.06305066, 19.35985797 ], [ -98.06284289, 19.35972231 ], [ -98.06245169, 19.35959814 ], [ -98.06194043, 19.35947085 ], [ -98.06162915, 19.35943892 ], [ -98.061598819, 19.35920274 ], [ -98.06155565, 19.35902482 ], [ -98.061439799, 19.35899368 ], [ -98.06134349, 19.358960341 ], [ -98.06118351, 19.35900202 ], [ -98.06094302, 19.358963001 ], [ -98.060773019, 19.358873431 ], [ -98.06061489, 19.358799781 ], [ -98.060563519, 19.35871735 ], [ -98.060552179, 19.35863194 ], [ -98.06055617, 19.358494521 ], [ -98.06059445, 19.358364551 ], [ -98.06068866, 19.35820985 ], [ -98.06067006, 19.35813732 ], [ -98.060581709, 19.35808918 ], [ -98.06024731, 19.357953621 ], [ -98.059980919, 19.357855 ], [ -98.05978968, 19.357784521 ], [ -98.059694799, 19.35772311 ], [ -98.059690369, 19.35763786 ], [ -98.05971718, 19.357542 ], [ -98.059792819, 19.357437541 ], [ -98.059906029, 19.357342261 ], [ -98.05998069, 19.357147751 ], [ -98.05998582, 19.35697108 ], [ -98.059949621, 19.356892724 ], [ -98.059990919, 19.356811761 ], [ -98.060242825, 19.356300908 ], [ -98.060168056, 19.35582 ], [ -98.0603711, 19.355318297 ], [ -98.060414089, 19.354828461 ], [ -98.059983578, 19.354503205 ], [ -98.059991197, 19.354078339 ], [ -98.05962, 19.353783889 ], [ -98.059751389, 19.353468888 ], [ -98.059747777, 19.353240555 ], [ -98.059635886, 19.352801772 ], [ -98.059735556, 19.352422222 ], [ -98.059656111, 19.352186111 ], [ -98.059698531, 19.351797917 ], [ -98.060027003, 19.351526178 ], [ -98.060159722, 19.351138889 ], [ -98.060228889, 19.350723889 ], [ -98.060050872, 19.350553272 ], [ -98.059938948, 19.350300336 ], [ -98.059862056, 19.350052822 ], [ -98.059938942, 19.349845214 ], [ -98.059705069, 19.349595208 ], [ -98.05951185, 19.349315399 ], [ -98.059140811, 19.349191841 ], [ -98.058687875, 19.34880283 ], [ -98.058369695, 19.348627084 ], [ -98.058381545, 19.348323088 ], [ -98.058532352, 19.347987172 ], [ -98.058537877, 19.347788155 ], [ -98.058157972, 19.347259441 ], [ -98.058012958, 19.347104616 ], [ -98.057683575, 19.347069731 ], [ -98.057618247, 19.346460389 ], [ -98.057116089, 19.346214955 ], [ -98.056939239, 19.345985922 ], [ -98.056841259, 19.345556744 ], [ -98.05666227, 19.345351284 ], [ -98.056446489, 19.344905874 ], [ -98.056371361, 19.344609625 ], [ -98.056126384, 19.344330986 ], [ -98.056363138, 19.344155249 ], [ -98.058470994, 19.342544862 ], [ -98.058581878, 19.342470776 ], [ -98.058674483, 19.342398394 ], [ -98.060363201, 19.341189898 ], [ -98.060803589, 19.34088205 ], [ -98.061195236, 19.341448908 ], [ -98.061587997, 19.342109275 ], [ -98.062061853, 19.342515339 ], [ -98.062552258, 19.342924422 ], [ -98.063484144, 19.343235731 ], [ -98.063849088, 19.343637227 ], [ -98.064677314, 19.344256872 ], [ -98.06507452, 19.344679844 ], [ -98.065403547, 19.344594947 ], [ -98.065740889, 19.344721789 ], [ -98.066101153, 19.344876864 ], [ -98.066321344, 19.34489775 ], [ -98.066510659, 19.344771872 ], [ -98.067090617, 19.344818153 ], [ -98.067651036, 19.3453269 ], [ -98.068124008, 19.345786627 ], [ -98.06899495, 19.346310999 ], [ -98.069415761, 19.346629166 ], [ -98.069859319, 19.346779122 ], [ -98.070370425, 19.346946164 ], [ -98.071268486, 19.347471822 ], [ -98.071596097, 19.34797888 ], [ -98.071861941, 19.348141228 ], [ -98.072274881, 19.3480602 ], [ -98.072949225, 19.348296963 ], [ -98.073376164, 19.34871863 ], [ -98.073628034, 19.349593152 ], [ -98.074914867, 19.350453236 ], [ -98.075627898, 19.350649319 ], [ -98.076261766, 19.351168942 ], [ -98.076854081, 19.350833672 ], [ -98.077505491, 19.350468864 ], [ -98.077867075, 19.350247164 ], [ -98.079033389, 19.349600455 ], [ -98.07990043, 19.349119044 ], [ -98.0802073, 19.348881438 ], [ -98.080675044, 19.348536052 ], [ -98.080225689, 19.348078208 ], [ -98.079627223, 19.347779722 ], [ -98.079116428, 19.347455697 ], [ -98.078918647, 19.347011527 ], [ -98.078850989, 19.34651912 ], [ -98.078550247, 19.346083174 ], [ -98.078305833, 19.34573 ], [ -98.077729167, 19.345251389 ], [ -98.077380758, 19.344475133 ], [ -98.077284139, 19.343843719 ], [ -98.077263953, 19.343505178 ], [ -98.077248195, 19.342857444 ], [ -98.077187778, 19.342451725 ], [ -98.076715189, 19.341663744 ], [ -98.076713636, 19.341091881 ], [ -98.076768261, 19.340634355 ], [ -98.076906175, 19.340188791 ], [ -98.076994378, 19.33976153 ], [ -98.077031386, 19.33953357 ], [ -98.0773616, 19.339188091 ], [ -98.077586356, 19.338956702 ], [ -98.077924, 19.338667172 ], [ -98.078111522, 19.338334908 ], [ -98.078224008, 19.338061233 ], [ -98.078254008, 19.338002419 ], [ -98.078292595, 19.337956328 ], [ -98.0784512, 19.338123156 ], [ -98.078540342, 19.3382633 ], [ -98.078671028, 19.338397747 ], [ -98.078782786, 19.338453333 ], [ -98.079058947, 19.338521688 ], [ -98.079438898, 19.338767961 ], [ -98.079273106, 19.339142452 ], [ -98.082503256, 19.336869592 ], [ -98.086823623, 19.336514597 ], [ -98.090507144, 19.334107966 ], [ -98.091609203, 19.332786936 ], [ -98.089589321, 19.330894371 ], [ -98.089577974, 19.330762102 ], [ -98.089531082, 19.330672967 ], [ -98.089472196, 19.33055425 ], [ -98.089453049, 19.330462199 ], [ -98.08944065, 19.330315503 ], [ -98.089428377, 19.330189049 ], [ -98.089358478, 19.330121848 ], [ -98.089241242, 19.330054411 ], [ -98.08910917, 19.330041127 ], [ -98.089053328, 19.329909449 ], [ -98.08897253, 19.329821924 ], [ -98.088962541, 19.329686789 ], [ -98.088296756, 19.330048199 ], [ -98.088111368, 19.32998999 ], [ -98.087959874, 19.330015221 ], [ -98.087833609, 19.330010568 ], [ -98.08772598, 19.329980643 ], [ -98.08761364, 19.329857808 ], [ -98.087559767, 19.329786666 ], [ -98.087515507, 19.329645467 ], [ -98.087391504, 19.329667139 ], [ -98.087319151, 19.329574244 ], [ -98.087312245, 19.329455099 ], [ -98.087268091, 19.329346333 ], [ -98.087068137, 19.329439609 ], [ -98.08698376, 19.329328128 ], [ -98.089293936, 19.326527325 ], [ -98.089341887, 19.326457944 ], [ -98.089605855, 19.326075987 ], [ -98.089636232, 19.326032066 ], [ -98.08985395, 19.325737949 ], [ -98.089911557, 19.32564882 ], [ -98.08977936, 19.325593445 ], [ -98.08966877, 19.325533116 ], [ -98.089562888, 19.325468438 ], [ -98.089450457, 19.325386467 ], [ -98.089324263, 19.32530778 ], [ -98.089211943, 19.325238596 ], [ -98.089113261, 19.325171522 ], [ -98.089011128, 19.325107305 ], [ -98.08890454, 19.325027179 ], [ -98.088787049, 19.324949981 ], [ -98.088662093, 19.324883355 ], [ -98.088539514, 19.324798404 ], [ -98.088436562, 19.324720276 ], [ -98.088322855, 19.324654138 ], [ -98.088204973, 19.324575267 ], [ -98.088093162, 19.324501927 ], [ -98.08798175, 19.324425328 ], [ -98.087859356, 19.324351702 ], [ -98.087745688, 19.324269959 ], [ -98.0876392, 19.32420664 ], [ -98.087524691, 19.324139351 ], [ -98.087407207, 19.32405242 ], [ -98.087292004, 19.323976434 ], [ -98.087178836, 19.323902546 ], [ -98.087062963, 19.323830506 ], [ -98.086953005, 19.323757953 ], [ -98.086842616, 19.323680861 ], [ -98.086732742, 19.323606836 ], [ -98.086613612, 19.323536912 ], [ -98.086504678, 19.323461797 ], [ -98.086390198, 19.323394516 ], [ -98.08627746, 19.323306731 ], [ -98.086172596, 19.323233995 ], [ -98.086054103, 19.323159276 ], [ -98.085941182, 19.323089129 ], [ -98.085833586, 19.323023337 ], [ -98.08570191, 19.32294171 ], [ -98.085605795, 19.322875732 ], [ -98.085496307, 19.322806208 ], [ -98.085398485, 19.322747477 ], [ -98.08536417, 19.322745788 ], [ -98.085340048, 19.322781975 ], [ -98.084661384, 19.323808682 ], [ -98.084488197, 19.323773121 ], [ -98.084362203, 19.323722327 ], [ -98.084204269, 19.32368106 ], [ -98.084106721, 19.323593703 ], [ -98.083971679, 19.323547517 ], [ -98.0838135, 19.323519459 ], [ -98.083698201, 19.323435347 ], [ -98.08358547, 19.323368724 ], [ -98.083476469, 19.323278526 ], [ -98.083378428, 19.323177547 ], [ -98.083285816, 19.323070732 ], [ -98.083145184, 19.323089285 ], [ -98.083133661, 19.32309076 ], [ -98.082863422, 19.323052225 ], [ -98.082800293, 19.323043296 ], [ -98.08256054, 19.322955295 ], [ -98.082414207, 19.322887337 ], [ -98.082256029, 19.322862531 ], [ -98.082105768, 19.322835108 ], [ -98.081999495, 19.322774815 ], [ -98.081841712, 19.322756092 ], [ -98.081718642, 19.322696718 ], [ -98.081571387, 19.322662741 ], [ -98.081479891, 19.32253698 ], [ -98.081370411, 19.322457758 ], [ -98.081252266, 19.322369057 ], [ -98.081124927, 19.322295283 ], [ -98.080987704, 19.322270121 ], [ -98.080889589, 19.322148493 ], [ -98.080815659, 19.322010306 ], [ -98.080560063, 19.321909824 ], [ -98.080498788, 19.321779426 ], [ -98.080400569, 19.321651011 ], [ -98.080350044, 19.321472413 ], [ -98.080194364, 19.321445513 ], [ -98.080053716, 19.321421878 ], [ -98.079855769, 19.321463893 ], [ -98.079694746, 19.321405283 ], [ -98.079591364, 19.321367865 ], [ -98.0796253, 19.321284196 ], [ -98.079641818, 19.321236053 ], [ -98.079899387, 19.320612987 ], [ -98.079949342, 19.320467996 ], [ -98.080229891, 19.319731711 ], [ -98.080251787, 19.319693913 ], [ -98.080411415, 19.319298705 ], [ -98.080958157, 19.319229542 ], [ -98.081100932, 19.319229085 ], [ -98.081243353, 19.319219525 ], [ -98.081386126, 19.31922039 ], [ -98.081525578, 19.319249467 ], [ -98.081657315, 19.319301729 ], [ -98.081785812, 19.319360813 ], [ -98.081923568, 19.319396441 ], [ -98.082065911, 19.319385892 ], [ -98.082208236, 19.319375128 ], [ -98.082350973, 19.319371959 ], [ -98.082491315, 19.319396885 ], [ -98.082623668, 19.319447723 ], [ -98.082760958, 19.319484936 ], [ -98.082903426, 19.319493839 ], [ -98.083044476, 19.319472824 ], [ -98.083186746, 19.319461425 ], [ -98.083212374, 19.319451726 ], [ -98.083319373, 19.319411231 ], [ -98.083449588, 19.319355639 ], [ -98.083632154, 19.31915773 ], [ -98.083843841, 19.319174009 ], [ -98.084169098, 19.319193232 ], [ -98.084565391, 19.319113591 ], [ -98.084859264, 19.319038487 ], [ -98.085116934, 19.318904899 ], [ -98.08532105, 19.318920979 ], [ -98.085477386, 19.318941584 ], [ -98.08559375, 19.31900558 ], [ -98.08593918, 19.319146221 ], [ -98.086539509, 19.319368831 ], [ -98.08694218, 19.31954132 ], [ -98.08747671, 19.31974423 ], [ -98.08772575, 19.31998475 ], [ -98.08784985, 19.32028506 ], [ -98.088032579, 19.32052386 ], [ -98.088213769, 19.320816651 ], [ -98.088428289, 19.32093925 ], [ -98.08877662, 19.321193721 ], [ -98.089028249, 19.321344281 ], [ -98.08939072, 19.32159674 ], [ -98.089618769, 19.321908741 ], [ -98.089910279, 19.322321421 ], [ -98.090110849, 19.322503831 ], [ -98.09046192, 19.3227716 ], [ -98.09067166, 19.32287168 ], [ -98.09085575, 19.32293954 ], [ -98.09120054, 19.32315238 ], [ -98.09146023, 19.32331392 ], [ -98.09192212, 19.32341982 ], [ -98.09214028, 19.32351991 ], [ -98.092246183, 19.323680081 ], [ -98.09241392, 19.32374038 ], [ -98.09248125, 19.32373837 ], [ -98.092484629, 19.324253771 ], [ -98.092765014, 19.324804402 ], [ -98.09277469, 19.324812321 ], [ -98.092828949, 19.324880891 ], [ -98.092901019, 19.324937544 ], [ -98.092950849, 19.324976741 ], [ -98.09298748, 19.325007051 ], [ -98.093061879, 19.325090921 ], [ -98.093110139, 19.32512038 ], [ -98.093190429, 19.325170448 ], [ -98.09328566, 19.32522983 ], [ -98.093412579, 19.32536826 ], [ -98.09349131, 19.32546471 ], [ -98.09360518, 19.325573851 ], [ -98.093677369, 19.325659331 ], [ -98.093753919, 19.32574997 ], [ -98.093829118, 19.325816567 ], [ -98.093892779, 19.325879341 ], [ -98.093905509, 19.325891887 ], [ -98.09398938, 19.325979381 ], [ -98.09406917, 19.326068907 ], [ -98.09422345, 19.32626426 ], [ -98.094315309, 19.32637329 ], [ -98.09442915, 19.326486601 ], [ -98.09446378, 19.32659535 ], [ -98.094525119, 19.32664994 ], [ -98.094581949, 19.32672538 ], [ -98.09462563, 19.32678823 ], [ -98.09472229, 19.32682629 ], [ -98.09485386, 19.326923001 ], [ -98.09487406, 19.326943651 ], [ -98.09498522, 19.32705728 ], [ -98.095050519, 19.32719123 ], [ -98.095098679, 19.327241579 ], [ -98.09518248, 19.32721275 ], [ -98.095283689, 19.327225781 ], [ -98.09539332, 19.32730568 ], [ -98.0954718, 19.32744805 ], [ -98.095524249, 19.32751929 ], [ -98.09560342, 19.32753222 ], [ -98.095832232, 19.3275584 ], [ -98.095981821, 19.32758002 ], [ -98.096139718, 19.327654878 ], [ -98.09633485, 19.32780965 ], [ -98.096496179, 19.32796425 ], [ -98.09661692, 19.328125081 ], [ -98.096717369, 19.328292201 ], [ -98.09684495, 19.32844023 ], [ -98.09691875, 19.328536741 ], [ -98.097039892, 19.328627053 ], [ -98.097154116, 19.328749398 ], [ -98.09726803, 19.328922981 ], [ -98.097348202, 19.329090021 ], [ -98.097415272, 19.329178432 ], [ -98.097455564, 19.329231549 ], [ -98.097603659, 19.329334821 ], [ -98.097818651, 19.32956018 ], [ -98.098006709, 19.32977262 ], [ -98.098194719, 19.329991431 ], [ -98.0983764, 19.33013332 ], [ -98.09867909, 19.330391174 ], [ -98.098840202, 19.33056306 ], [ -98.098994019, 19.33079846 ], [ -98.09914426, 19.33100932 ], [ -98.0994492, 19.33129451 ], [ -98.09958649, 19.33140109 ], [ -98.09960418, 19.331414821 ], [ -98.099623029, 19.33142946 ], [ -98.099894122, 19.331639911 ], [ -98.10015538, 19.331809291 ], [ -98.100464919, 19.33192989 ], [ -98.100737659, 19.332025781 ], [ -98.10096805, 19.332159681 ], [ -98.101111551, 19.33225143 ], [ -98.101287909, 19.332416907 ], [ -98.10145677, 19.33259985 ], [ -98.101574481, 19.332684481 ], [ -98.101828259, 19.332871338 ], [ -98.102030317, 19.333064941 ], [ -98.102254584, 19.333244652 ], [ -98.102585769, 19.33345991 ], [ -98.102828489, 19.33364322 ], [ -98.10300411, 19.33377669 ], [ -98.103236, 19.333914431 ], [ -98.10339405, 19.334051781 ], [ -98.103507819, 19.33417842 ], [ -98.10365492, 19.334291201 ], [ -98.1038316, 19.33439714 ], [ -98.10396423, 19.33445383 ], [ -98.10411191, 19.33446155 ], [ -98.104200719, 19.334426971 ], [ -98.10426395, 19.33434323 ], [ -98.104330979, 19.334242001 ], [ -98.10439745, 19.334242321 ], [ -98.10443778, 19.334295053 ], [ -98.10444469, 19.33438265 ], [ -98.104470049, 19.33447383 ], [ -98.104543511, 19.334544222 ], [ -98.104709679, 19.334548551 ], [ -98.1049016, 19.33456698 ], [ -98.105163659, 19.33473531 ], [ -98.105230149, 19.334900781 ], [ -98.105414779, 19.33523723 ], [ -98.105517569, 19.335387461 ], [ -98.10552698, 19.33540123 ], [ -98.10552457, 19.33555523 ], [ -98.10557406, 19.33570663 ], [ -98.10588135, 19.33642683 ], [ -98.10592698, 19.33656234 ], [ -98.10595606, 19.33669965 ], [ -98.10598445, 19.33686155 ], [ -98.10599785, 19.33705537 ], [ -98.105995, 19.33731946 ], [ -98.10597902, 19.33756309 ], [ -98.10596831, 19.33782169 ], [ -98.10591055, 19.33833242 ], [ -98.10595994, 19.33842862 ], [ -98.10635245, 19.33885306 ], [ -98.10648448, 19.33899988 ], [ -98.10668865, 19.33921323 ], [ -98.10693425, 19.33942766 ], [ -98.10702165, 19.33947772 ], [ -98.10718498, 19.33958708 ], [ -98.10760829, 19.33998331 ], [ -98.10798892, 19.34033223 ], [ -98.10817455, 19.34053675 ], [ -98.10824498, 19.34061435 ], [ -98.10832043, 19.34076232 ], [ -98.108464582, 19.340925 ], [ -98.10857558, 19.34107622 ], [ -98.108709, 19.34122448 ], [ -98.10872362, 19.34124482 ], [ -98.10883065, 19.34139363 ], [ -98.10892172, 19.3414888 ], [ -98.10962778, 19.34211811 ], [ -98.10964002, 19.342129 ], [ -98.10994554, 19.34242788 ], [ -98.11015288, 19.34263314 ], [ -98.11023497, 19.3427144 ], [ -98.11044372, 19.34295997 ], [ -98.11084102, 19.34342686 ], [ -98.11096398, 19.34355012 ], [ -98.11128666, 19.34384455 ], [ -98.11144168, 19.34401811 ], [ -98.11186502, 19.34436212 ], [ -98.11215522, 19.34462246 ], [ -98.11227852, 19.34473308 ], [ -98.11287935, 19.34524469 ], [ -98.11314438, 19.34547405 ], [ -98.11342971, 19.34577458 ], [ -98.11349771, 19.34586817 ], [ -98.11354628, 19.34603312 ], [ -98.11362414, 19.34617289 ], [ -98.11368572, 19.346231 ], [ -98.11379262, 19.34626554 ], [ -98.11400045, 19.34631715 ], [ -98.1142282, 19.34641838 ], [ -98.11462446, 19.34661228 ], [ -98.11477948, 19.34671357 ], [ -98.11484022, 19.34676198 ], [ -98.11491928, 19.34679657 ], [ -98.1150478, 19.3468528 ], [ -98.11534489, 19.3469894 ], [ -98.11557102, 19.34716948 ], [ -98.11615258, 19.3474512 ], [ -98.11635508, 19.34753422 ], [ -98.11668857, 19.34767065 ], [ -98.11688445, 19.34772591 ], [ -98.11714926, 19.34783649 ], [ -98.11741152, 19.34791355 ], [ -98.117917, 19.34806078 ], [ -98.11806578, 19.34811542 ], [ -98.118102121, 19.348128766 ], [ -98.11832875, 19.34821198 ], [ -98.11861691, 19.34837005 ], [ -98.11937722, 19.34873492 ], [ -98.119585, 19.34886748 ], [ -98.1199552, 19.34906302 ], [ -98.12018606, 19.34914398 ], [ -98.12032618, 19.34921888 ], [ -98.12052758, 19.34936289 ], [ -98.1208372, 19.34959223 ], [ -98.12095751, 19.34971258 ], [ -98.12132508, 19.34998843 ], [ -98.12159905, 19.35022062 ], [ -98.12183075, 19.35031272 ], [ -98.12198906, 19.35041078 ], [ -98.12217602, 19.3506834 ], [ -98.12227995, 19.35081945 ], [ -98.122359828, 19.350888433 ], [ -98.12244882, 19.350965287 ], [ -98.122367348, 19.35104714 ], [ -98.121858339, 19.35155858 ], [ -98.121195799, 19.352176384 ], [ -98.121165207, 19.352201653 ], [ -98.1211634, 19.352203141 ], [ -98.12074609, 19.35254778 ], [ -98.120656859, 19.352621491 ], [ -98.119419217, 19.353689232 ], [ -98.119234489, 19.353853861 ], [ -98.11890686, 19.35414589 ], [ -98.118894554, 19.354175147 ], [ -98.118869079, 19.35423571 ], [ -98.11885348, 19.35436855 ], [ -98.118850618, 19.354515307 ], [ -98.11877211, 19.35461135 ], [ -98.118680139, 19.35468806 ], [ -98.117588479, 19.355557859 ], [ -98.117375829, 19.355744691 ], [ -98.11679295, 19.356256861 ], [ -98.116203879, 19.356748868 ], [ -98.116203648, 19.35674906 ], [ -98.116202399, 19.356754729 ], [ -98.116186278, 19.35682789 ], [ -98.11620617, 19.35691157 ], [ -98.116266401, 19.35697246 ], [ -98.11626688, 19.356972944 ], [ -98.116296167, 19.356987008 ], [ -98.116309107, 19.356993221 ], [ -98.116314229, 19.356995681 ], [ -98.116383569, 19.35701702 ], [ -98.11641571, 19.357026911 ], [ -98.11653626, 19.357039681 ], [ -98.11699529, 19.357176081 ], [ -98.117519919, 19.357348741 ], [ -98.118288849, 19.357601802 ], [ -98.11934717, 19.357950111 ], [ -98.120268169, 19.35825489 ], [ -98.12059626, 19.35829694 ], [ -98.120898199, 19.35832226 ], [ -98.12103077, 19.358333371 ], [ -98.12161502, 19.358382371 ], [ -98.12165948, 19.35838609 ], [ -98.12216397, 19.358437921 ], [ -98.122436949, 19.35846598 ], [ -98.12270294, 19.35849329 ], [ -98.122760029, 19.358499151 ], [ -98.12179068, 19.359388741 ], [ -98.122397889, 19.36002049 ], [ -98.120699199, 19.36149754 ], [ -98.120868999, 19.361585431 ], [ -98.12114362, 19.36188738 ], [ -98.12188746, 19.36206523 ], [ -98.122068219, 19.36221266 ], [ -98.12238062, 19.36262312 ], [ -98.122488949, 19.36312322 ], [ -98.122356139, 19.363148031 ], [ -98.12166595, 19.36330805 ], [ -98.121501919, 19.3633776 ], [ -98.121212979, 19.36354794 ], [ -98.12104258, 19.363584351 ], [ -98.12087449, 19.36359803 ], [ -98.120005059, 19.363808622 ], [ -98.119847849, 19.36382855 ], [ -98.119795477, 19.363830371 ], [ -98.119459049, 19.36390117 ], [ -98.118830179, 19.364153091 ], [ -98.11862531, 19.364250651 ], [ -98.11857642, 19.364273941 ], [ -98.11841032, 19.36432072 ], [ -98.11784455, 19.364435921 ], [ -98.117425539, 19.36453609 ], [ -98.117069259, 19.364646091 ], [ -98.116968769, 19.364668372 ], [ -98.11667628, 19.364683511 ], [ -98.11657178, 19.364710431 ], [ -98.116006479, 19.364858521 ], [ -98.115037519, 19.365113491 ], [ -98.11433545, 19.365323541 ], [ -98.1140126, 19.365438311 ], [ -98.113788, 19.365541921 ], [ -98.11355183, 19.365621482 ], [ -98.11298086, 19.365803851 ], [ -98.11262709, 19.365901031 ], [ -98.112194549, 19.366030121 ], [ -98.112062779, 19.36606945 ], [ -98.11156422, 19.36622171 ], [ -98.111019, 19.366367001 ], [ -98.110616449, 19.366448781 ], [ -98.110136659, 19.36653625 ], [ -98.10956035, 19.366581021 ], [ -98.108868369, 19.36662729 ], [ -98.10837228, 19.36660431 ], [ -98.108307569, 19.366632941 ], [ -98.108137029, 19.36682071 ], [ -98.108094309, 19.366807588 ], [ -98.107886309, 19.36674371 ], [ -98.10767812, 19.366825851 ], [ -98.10752008, 19.36691702 ], [ -98.10735003, 19.36698512 ], [ -98.107156079, 19.36699566 ], [ -98.10696242, 19.366948751 ], [ -98.10672066, 19.36683265 ], [ -98.10653642, 19.366558781 ], [ -98.106292739, 19.36603185 ], [ -98.106190109, 19.36574723 ], [ -98.106025429, 19.36559972 ], [ -98.1058272, 19.365661111 ], [ -98.105252049, 19.36557777 ], [ -98.104929629, 19.365490851 ], [ -98.104702459, 19.365409431 ], [ -98.10458642, 19.365333571 ], [ -98.104296459, 19.36511632 ], [ -98.10401148, 19.36495932 ], [ -98.103797105, 19.364785722 ], [ -98.103637309, 19.36465632 ], [ -98.103074569, 19.364314571 ], [ -98.10272034, 19.364237541 ], [ -98.102480489, 19.364289661 ], [ -98.10202071, 19.364268321 ], [ -98.10168077, 19.36438937 ], [ -98.101413519, 19.36438535 ], [ -98.1009944, 19.364307181 ], [ -98.10049534, 19.36439622 ], [ -98.100258379, 19.36435854 ], [ -98.100044109, 19.36435748 ], [ -98.0998722, 19.36435426 ], [ -98.0995778, 19.36445183 ], [ -98.099351369, 19.364405031 ], [ -98.09917831, 19.36431277 ], [ -98.098791219, 19.36415986 ], [ -98.0986412, 19.36407525 ], [ -98.098564399, 19.364024661 ], [ -98.09846528, 19.36397377 ], [ -98.0983332, 19.363880891 ], [ -98.0981478, 19.36383805 ], [ -98.09764426, 19.363781061 ], [ -98.097388079, 19.363750431 ], [ -98.09723343, 19.36374129 ], [ -98.097087289, 19.36369074 ], [ -98.09701538, 19.363655401 ], [ -98.09698046, 19.363604371 ], [ -98.09696912, 19.363531181 ], [ -98.096998179, 19.36343117 ], [ -98.09701706, 19.363351771 ], [ -98.09700745, 19.363270651 ], [ -98.096964199, 19.36320843 ], [ -98.09685003, 19.363149 ], [ -98.096687139, 19.363108711 ], [ -98.09657617, 19.363095001 ], [ -98.09635406, 19.363093891 ], [ -98.09620502, 19.363060251 ], [ -98.096077109, 19.36297075 ], [ -98.09594951, 19.36282205 ], [ -98.09589437, 19.362752661 ], [ -98.095724659, 19.36268929 ], [ -98.095481819, 19.362674921 ], [ -98.09512835, 19.36257774 ], [ -98.094734019, 19.362345421 ], [ -98.09427768, 19.362023941 ], [ -98.09397711, 19.361842831 ], [ -98.09380552, 19.361547861 ], [ -98.093602109, 19.36128243 ], [ -98.093376049, 19.360990911 ], [ -98.092982109, 19.36077112 ], [ -98.092839459, 19.360464631 ], [ -98.092648489, 19.360272151 ], [ -98.09225565, 19.36011583 ], [ -98.09198352, 19.360045551 ], [ -98.09171928, 19.35997915 ], [ -98.091493679, 19.360086661 ], [ -98.091358169, 19.36037908 ], [ -98.09120354, 19.360433121 ], [ -98.090707379, 19.36025575 ], [ -98.0903568, 19.360175291 ], [ -98.089975519, 19.36013031 ], [ -98.08941597, 19.36008522 ], [ -98.08911094, 19.360074631 ], [ -98.08864614, 19.36003471 ], [ -98.08726871, 19.359900521 ], [ -98.086211, 19.359139401 ], [ -98.086195118, 19.358516451 ], [ -98.08586015, 19.35805988 ], [ -98.085171819, 19.35769129 ], [ -98.084584479, 19.35772815 ], [ -98.08408435, 19.357678481 ], [ -98.08387654, 19.35736435 ], [ -98.083665443, 19.357086749 ], [ -98.08350942, 19.35723918 ], [ -98.08337649, 19.35739248 ], [ -98.08328888, 19.35745986 ], [ -98.08317218, 19.35747426 ], [ -98.08312788, 19.35752535 ], [ -98.08307578, 19.35763429 ], [ -98.08290482, 19.35783305 ], [ -98.08269089, 19.35803648 ], [ -98.08252094, 19.35820042 ], [ -98.08239412, 19.35835386 ], [ -98.08226697, 19.35851892 ], [ -98.08216042, 19.358663511 ], [ -98.08208228, 19.35876955 ], [ -98.0819996, 19.35887771 ], [ -98.08185778, 19.35891466 ], [ -98.08175382, 19.35891197 ], [ -98.08157731, 19.35887837 ], [ -98.08137734, 19.35880932 ], [ -98.08122768, 19.35876422 ], [ -98.08103997, 19.35873086 ], [ -98.0809068, 19.35873962 ], [ -98.080764819, 19.358756276 ], [ -98.08058092, 19.35873929 ], [ -98.0804438, 19.35873574 ], [ -98.08033598, 19.35875735 ], [ -98.08013531, 19.35872774 ], [ -98.08008232, 19.35872275 ], [ -98.07995569, 19.35871088 ], [ -98.0796854, 19.35871606 ], [ -98.07943825, 19.35881132 ], [ -98.07914578, 19.35899085 ], [ -98.0789184, 19.35914357 ], [ -98.07870588, 19.35922754 ], [ -98.07859045, 19.3592904 ], [ -98.07839194, 19.35933406 ], [ -98.07826738, 19.359325788 ], [ -98.07824317, 19.35932418 ], [ -98.07821125, 19.359322064 ], [ -98.07819078, 19.35932071 ], [ -98.07795466, 19.35933085 ], [ -98.07759497, 19.35931337 ], [ -98.07711543, 19.35928871 ], [ -98.07693998, 19.35927602 ], [ -98.07674035, 19.35920983 ], [ -98.07656609, 19.35915649 ], [ -98.076106055, 19.35913654 ], [ -98.07558806, 19.35910682 ], [ -98.07529888, 19.35909158 ], [ -98.07577611, 19.35955126 ], [ -98.07681929, 19.36055971 ], [ -98.07702323, 19.36075954 ], [ -98.07830951, 19.36201994 ], [ -98.07675349, 19.36312898 ], [ -98.07791788, 19.36408714 ], [ -98.07711826, 19.36479388 ], [ -98.07651397, 19.36533029 ], [ -98.07588634, 19.36590805 ], [ -98.07576118, 19.36602325 ], [ -98.07524326, 19.36638763 ], [ -98.07519285, 19.36639918 ], [ -98.07501412, 19.36644015 ], [ -98.07477218, 19.36644286 ], [ -98.07445022, 19.36642551 ], [ -98.07416208, 19.36638652 ], [ -98.073875224, 19.36635726 ], [ -98.07359577, 19.36634551 ], [ -98.0732492, 19.36635898 ], [ -98.07299728, 19.36637943 ], [ -98.07283078, 19.36639758 ], [ -98.07271692, 19.36639912 ], [ -98.07264642, 19.36639029 ], [ -98.07258443, 19.36635998 ], [ -98.07228175, 19.36603855 ], [ -98.07214995, 19.36592692 ], [ -98.07205772, 19.36589582 ], [ -98.0719374, 19.3658706 ], [ -98.07187729, 19.3658558 ], [ -98.07178369, 19.36579152 ], [ -98.07169577, 19.36569208 ], [ -98.0713954, 19.365936 ], [ -98.07125528, 19.36603172 ], [ -98.07082049, 19.36657689 ], [ -98.07049142, 19.36693185 ], [ -98.07011209, 19.36729995 ], [ -98.06981346, 19.36758185 ], [ -98.06948682, 19.36728171 ] ] ] ] } },
{ "type": "Feature", "properties": { "cvegeo": "29035", "cve_ent": "29", "cve_mun": "035", "nomgeo": "Tocatlán", "cve_cab": "0001", "pob_total": "6294", "pob_femenina": "3175", "pob_masculina": "3119", "total_viviendas_habitadas": "1464" }, "geometry": { "type": "MultiPolygon", "coordinates": [ [ [ [ -98.0161794, 19.415770681 ], [ -98.01572075, 19.41538065 ], [ -98.01390535, 19.41383783 ], [ -98.012926309, 19.412945721 ], [ -98.01218408, 19.41236565 ], [ -98.01209623, 19.412234581 ], [ -98.01119229, 19.41150255 ], [ -98.010375579, 19.41077143 ], [ -98.0102908, 19.41075572 ], [ -98.009504219, 19.410028551 ], [ -98.00933868, 19.40993145 ], [ -98.008583399, 19.40927189 ], [ -98.008444349, 19.409064681 ], [ -98.007737679, 19.408545081 ], [ -98.00744617, 19.40830552 ], [ -98.006739909, 19.407881311 ], [ -98.00661618, 19.40769263 ], [ -98.00575166, 19.406765521 ], [ -98.005382739, 19.40678555 ], [ -98.004654509, 19.40685977 ], [ -98.004517999, 19.40569692 ], [ -98.004507369, 19.40560391 ], [ -98.004476649, 19.405547351 ], [ -98.004645539, 19.40445523 ], [ -98.00467329, 19.40429392 ], [ -98.00328445, 19.403293111 ], [ -98.002799519, 19.40377175 ], [ -98.00244189, 19.40348015 ], [ -98.00216138, 19.40323094 ], [ -98.00173028, 19.40280648 ], [ -98.00130611, 19.40242091 ], [ -98.00080126, 19.40197592 ], [ -98.00043069, 19.40155251 ], [ -98.00002608, 19.40104374 ], [ -97.99956925, 19.40052468 ], [ -97.997326939, 19.39869192 ], [ -97.99420683, 19.39854725 ], [ -97.99480672, 19.39162054 ], [ -97.99499809, 19.39138378 ], [ -97.99498349, 19.39124066 ], [ -97.99500543, 19.39113417 ], [ -97.9950642, 19.39105542 ], [ -97.99515142, 19.39096852 ], [ -97.9952308, 19.39082789 ], [ -97.99521597, 19.39066095 ], [ -97.99512409, 19.39005631 ], [ -97.99509514, 19.38957282 ], [ -97.99511917, 19.38912997 ], [ -97.99507868, 19.38879746 ], [ -97.99501685, 19.38855937 ], [ -97.99496648, 19.388106 ], [ -97.99503395, 19.38750228 ], [ -97.99511232, 19.3868482 ], [ -97.9951264, 19.38628445 ], [ -97.99520489, 19.38569048 ], [ -97.99526943, 19.38543574 ], [ -97.99520954, 19.38493372 ], [ -97.99515058, 19.38469482 ], [ -97.99504622, 19.384437 ], [ -97.99506798, 19.38417651 ], [ -97.99502232, 19.38404983 ], [ -97.99485838, 19.38398045 ], [ -97.99478789, 19.38380765 ], [ -97.99472723, 19.38369575 ], [ -97.99461025, 19.38352172 ], [ -97.99453618, 19.38347009 ], [ -97.99446185, 19.38342954 ], [ -97.99440585, 19.38335638 ], [ -97.99439005, 19.3833008 ], [ -97.99437151, 19.38314043 ], [ -97.99438138, 19.3830028 ], [ -97.99439085, 19.38285237 ], [ -97.99439506, 19.38270911 ], [ -97.99438038, 19.38261497 ], [ -97.99430717, 19.38253585 ], [ -97.99421585, 19.38247826 ], [ -97.99414791, 19.38241583 ], [ -97.99412065, 19.38235445 ], [ -97.99412374, 19.38224977 ], [ -97.99415038, 19.38213468 ], [ -97.99415249, 19.38206303 ], [ -97.99411377, 19.38199583 ], [ -97.99400131, 19.38186602 ], [ -97.99389357, 19.38177495 ], [ -97.99386809, 19.38165297 ], [ -97.99369772, 19.38131762 ], [ -97.99348865, 19.38091502 ], [ -97.99328348, 19.38057874 ], [ -97.99309154, 19.38023123 ], [ -97.99328848, 19.38026409 ], [ -97.99389708, 19.38037523 ], [ -97.99476803, 19.38045632 ], [ -97.99543058, 19.38053202 ], [ -97.99611902, 19.38057665 ], [ -97.99662449, 19.38060062 ], [ -97.99728283, 19.38062312 ], [ -97.99806811, 19.38059117 ], [ -97.9986642, 19.38055948 ], [ -97.99984817, 19.3805274 ], [ -98.00048832, 19.38051269 ], [ -98.00091151, 19.38049751 ], [ -98.00136634, 19.38054122 ], [ -98.00172131, 19.38058235 ], [ -98.00209229, 19.38063965 ], [ -98.00256491, 19.38064688 ], [ -98.00302668, 19.38064328 ], [ -98.00365778, 19.38068648 ], [ -98.00405705, 19.38072871 ], [ -98.00432402, 19.38073048 ], [ -98.00453585, 19.38071498 ], [ -98.00498729, 19.38068474 ], [ -98.00553786, 19.38068872 ], [ -98.00598854, 19.38068482 ], [ -98.00647378, 19.3806396 ], [ -98.00680946, 19.38057462 ], [ -98.00696617, 19.3805418 ], [ -98.00709105, 19.38042031 ], [ -98.0071848, 19.38025572 ], [ -98.00749845, 19.3797672 ], [ -98.00790945, 19.37914815 ], [ -98.00827242, 19.3785722 ], [ -98.00890582, 19.37743225 ], [ -98.0103138, 19.37481162 ], [ -98.01080785, 19.37391086 ], [ -98.01109422, 19.373395 ], [ -98.01125388, 19.37305322 ], [ -98.01146677, 19.37249105 ], [ -98.0117082, 19.37191188 ], [ -98.01207425, 19.370968 ], [ -98.01259606, 19.36975748 ], [ -98.01269602, 19.36953832 ], [ -98.01282295, 19.36935537 ], [ -98.01298677, 19.36919112 ], [ -98.01320846, 19.36896631 ], [ -98.01326869, 19.36882595 ], [ -98.01328557, 19.36856912 ], [ -98.01332191, 19.36828618 ], [ -98.01338188, 19.36815469 ], [ -98.01352543, 19.36804315 ], [ -98.01378368, 19.36794006 ], [ -98.01406663, 19.36785882 ], [ -98.01438749, 19.36776082 ], [ -98.01460503, 19.36767785 ], [ -98.01469251, 19.36756482 ], [ -98.01474235, 19.36745966 ], [ -98.0147556, 19.36700757 ], [ -98.01480674, 19.36685809 ], [ -98.01489474, 19.36672734 ], [ -98.01500091, 19.3666148 ], [ -98.01515485, 19.36646805 ], [ -98.01526154, 19.36633778 ], [ -98.01532306, 19.36615311 ], [ -98.01536823, 19.36588814 ], [ -98.01547206, 19.36553602 ], [ -98.01566806, 19.36511265 ], [ -98.01979511, 19.36729678 ], [ -98.02418985, 19.36955954 ], [ -98.02554518, 19.37026855 ], [ -98.02703217, 19.3710418 ], [ -98.02822149, 19.37165511 ], [ -98.02955103, 19.37235158 ], [ -98.030009, 19.37258049 ], [ -98.03029686, 19.37276518 ], [ -98.03057574, 19.37304108 ], [ -98.03072112, 19.37328509 ], [ -98.03078531, 19.37343498 ], [ -98.03081388, 19.37363092 ], [ -98.03083006, 19.37385908 ], [ -98.03081157, 19.37413615 ], [ -98.03071534, 19.37445349 ], [ -98.03062982, 19.37471198 ], [ -98.03055868, 19.37488438 ], [ -98.03052329, 19.37509025 ], [ -98.03056726, 19.37536348 ], [ -98.0307326, 19.37558985 ], [ -98.03080952, 19.37566808 ], [ -98.0309672, 19.37577412 ], [ -98.03107094, 19.37581742 ], [ -98.03186963, 19.37604426 ], [ -98.03291563, 19.37632115 ], [ -98.03332552, 19.3764236 ], [ -98.03432672, 19.37668538 ], [ -98.03447614, 19.37672128 ], [ -98.03507989, 19.37686638 ], [ -98.03550774, 19.37696502 ], [ -98.035618055, 19.376994638 ], [ -98.03661089, 19.377261201 ], [ -98.03696118, 19.3773762 ], [ -98.03700591, 19.377390881 ], [ -98.037322349, 19.37753303 ], [ -98.036910199, 19.378466431 ], [ -98.036753879, 19.378891121 ], [ -98.03654772, 19.379366981 ], [ -98.03634931, 19.379882941 ], [ -98.036250619, 19.380139571 ], [ -98.03617458, 19.380337281 ], [ -98.03571391, 19.381480971 ], [ -98.035367199, 19.38235734 ], [ -98.034937659, 19.38344303 ], [ -98.03472823, 19.38398885 ], [ -98.034353849, 19.3848288 ], [ -98.034194949, 19.385149971 ], [ -98.034016419, 19.385541551 ], [ -98.03383165, 19.385845371 ], [ -98.03380814, 19.38592797 ], [ -98.03379052, 19.3859898 ], [ -98.033782889, 19.386039541 ], [ -98.03382238, 19.386052723 ], [ -98.03400314, 19.38611306 ], [ -98.034182709, 19.38616451 ], [ -98.03449637, 19.38626952 ], [ -98.03468845, 19.386328291 ], [ -98.034893419, 19.386378021 ], [ -98.03503786, 19.386354481 ], [ -98.035188649, 19.386346141 ], [ -98.03537089, 19.38644134 ], [ -98.035533769, 19.386557711 ], [ -98.03572605, 19.386583061 ], [ -98.0361166, 19.38655252 ], [ -98.03628302, 19.38661115 ], [ -98.03647492, 19.38670032 ], [ -98.036734509, 19.38673514 ], [ -98.03708069, 19.38676432 ], [ -98.03742057, 19.38677829 ], [ -98.03759042, 19.386800461 ], [ -98.037895199, 19.386777751 ], [ -98.03812626, 19.38675769 ], [ -98.03839458, 19.386789261 ], [ -98.03871208, 19.38679094 ], [ -98.03903922, 19.38678963 ], [ -98.039530969, 19.38678063 ], [ -98.039873459, 19.386775381 ], [ -98.040074689, 19.38677645 ], [ -98.040498949, 19.38673098 ], [ -98.040732889, 19.386667491 ], [ -98.04153055, 19.38642383 ], [ -98.041673032, 19.386336923 ], [ -98.041711679, 19.386313351 ], [ -98.041720219, 19.38638689 ], [ -98.04172448, 19.38641215 ], [ -98.041732939, 19.38648905 ], [ -98.04174675, 19.38658514 ], [ -98.041814629, 19.387090891 ], [ -98.04190983, 19.387874171 ], [ -98.042026569, 19.38867588 ], [ -98.04209472, 19.38912212 ], [ -98.04212788, 19.389421251 ], [ -98.04213938, 19.38952498 ], [ -98.04215632, 19.389683711 ], [ -98.042172689, 19.389907091 ], [ -98.042199459, 19.390077151 ], [ -98.042228519, 19.39030795 ], [ -98.04223637, 19.39035606 ], [ -98.041735059, 19.390453 ], [ -98.041435619, 19.390520521 ], [ -98.04081191, 19.390673801 ], [ -98.040137909, 19.39079092 ], [ -98.039703889, 19.390870171 ], [ -98.03930085, 19.39094634 ], [ -98.03891265, 19.39101014 ], [ -98.03863028, 19.39104778 ], [ -98.038570399, 19.39105712 ], [ -98.038144659, 19.391123491 ], [ -98.037822019, 19.39120717 ], [ -98.03747397, 19.391296661 ], [ -98.03721202, 19.39137029 ], [ -98.03710775, 19.39139017 ], [ -98.037012229, 19.39140837 ], [ -98.036923739, 19.39141823 ], [ -98.03684143, 19.391427381 ], [ -98.036751889, 19.391439941 ], [ -98.036672619, 19.39146235 ], [ -98.036620819, 19.391491451 ], [ -98.036470893, 19.391589531 ], [ -98.03618558, 19.391776181 ], [ -98.03611662, 19.391805171 ], [ -98.03603066, 19.391791661 ], [ -98.035288079, 19.39154414 ], [ -98.03523525, 19.39152654 ], [ -98.035121719, 19.391522691 ], [ -98.034753539, 19.39162937 ], [ -98.03448462, 19.391719261 ], [ -98.033950109, 19.39191866 ], [ -98.03361685, 19.392041321 ], [ -98.03379852, 19.392202681 ], [ -98.033876498, 19.392265914 ], [ -98.034232749, 19.392554801 ], [ -98.034441089, 19.39272377 ], [ -98.034490539, 19.392768721 ], [ -98.03464991, 19.39291362 ], [ -98.034970419, 19.39319325 ], [ -98.035258379, 19.39341509 ], [ -98.03554518, 19.393636051 ], [ -98.03578558, 19.39378575 ], [ -98.036065459, 19.39397385 ], [ -98.036781949, 19.394455381 ], [ -98.03487462, 19.395025151 ], [ -98.03468989, 19.395044771 ], [ -98.034606579, 19.39505118 ], [ -98.03450163, 19.39505063 ], [ -98.034552909, 19.39515692 ], [ -98.03467491, 19.39538575 ], [ -98.034744619, 19.3955946 ], [ -98.034727319, 19.395710251 ], [ -98.03468109, 19.39592743 ], [ -98.03461062, 19.39625209 ], [ -98.034588379, 19.39638542 ], [ -98.03457186, 19.39643492 ], [ -98.03454506, 19.3965152 ], [ -98.03387152, 19.39706646 ], [ -98.033477889, 19.39734145 ], [ -98.033123179, 19.397589251 ], [ -98.03300802, 19.39744071 ], [ -98.03294137, 19.39738937 ], [ -98.03260023, 19.397469001 ], [ -98.03206535, 19.39758872 ], [ -98.03185642, 19.397637001 ], [ -98.031725782, 19.397664901 ], [ -98.03150366, 19.397712342 ], [ -98.031260999, 19.397764171 ], [ -98.031175338, 19.397782471 ], [ -98.030833019, 19.397855601 ], [ -98.030488116, 19.397935014 ], [ -98.02980395, 19.39809254 ], [ -98.02961692, 19.398135601 ], [ -98.029476133, 19.398179973 ], [ -98.029414779, 19.39819931 ], [ -98.028777969, 19.398347171 ], [ -98.02877425, 19.39841482 ], [ -98.02869788, 19.398509431 ], [ -98.028304619, 19.39880809 ], [ -98.02818966, 19.39887051 ], [ -98.028130659, 19.39890254 ], [ -98.027804179, 19.399005521 ], [ -98.02753534, 19.39910062 ], [ -98.0272798, 19.3991958 ], [ -98.027130089, 19.39924529 ], [ -98.02686734, 19.39935405 ], [ -98.026704119, 19.399427541 ], [ -98.026507969, 19.39951209 ], [ -98.02639452, 19.399556741 ], [ -98.026320279, 19.39962931 ], [ -98.02593569, 19.399674221 ], [ -98.025809509, 19.399680861 ], [ -98.025670739, 19.399643511 ], [ -98.025562799, 19.39961122 ], [ -98.025458819, 19.399570771 ], [ -98.025089779, 19.399295481 ], [ -98.025022969, 19.399278061 ], [ -98.024901659, 19.39933352 ], [ -98.024576719, 19.39965243 ], [ -98.02432688, 19.39993334 ], [ -98.024072309, 19.40011438 ], [ -98.023882369, 19.400252951 ], [ -98.023624369, 19.40042705 ], [ -98.022964399, 19.40092611 ], [ -98.02235037, 19.40139043 ], [ -98.022325459, 19.401334581 ], [ -98.02130851, 19.402018521 ], [ -98.020970169, 19.402224851 ], [ -98.020633399, 19.40237738 ], [ -98.02034634, 19.40249282 ], [ -98.02023117, 19.402551281 ], [ -98.0201144, 19.40266351 ], [ -98.019888319, 19.402911221 ], [ -98.019677309, 19.403197751 ], [ -98.01949623, 19.40356963 ], [ -98.01937768, 19.403743311 ], [ -98.019333349, 19.403872821 ], [ -98.019295339, 19.404063971 ], [ -98.019288829, 19.40428672 ], [ -98.019277349, 19.40440172 ], [ -98.01888458, 19.405359911 ], [ -98.018815719, 19.4055804 ], [ -98.01850048, 19.406129661 ], [ -98.01832, 19.40637688 ], [ -98.01819008, 19.40651849 ], [ -98.018008479, 19.406593111 ], [ -98.017610109, 19.406718721 ], [ -98.01731897, 19.40685851 ], [ -98.016964059, 19.40713274 ], [ -98.01685452, 19.40719791 ], [ -98.0167672, 19.40732037 ], [ -98.016610849, 19.407758651 ], [ -98.01658097, 19.407962021 ], [ -98.01657666, 19.408109371 ], [ -98.016524879, 19.40824412 ], [ -98.016374799, 19.408467021 ], [ -98.01623638, 19.40870157 ], [ -98.01618095, 19.410594421 ], [ -98.01621946, 19.41132137 ], [ -98.016264619, 19.412230021 ], [ -98.016304799, 19.414108801 ], [ -98.01639214, 19.41480305 ], [ -98.016375539, 19.41536977 ], [ -98.016448579, 19.41614303 ], [ -98.0161794, 19.415770681 ] ] ] ] } },
{ "type": "Feature", "properties": { "cvegeo": "29053", "cve_ent": "29", "cve_mun": "053", "nomgeo": "San Juan Huactzinco", "cve_cab": "0001", "pob_total": "7688", "pob_femenina": "4011", "pob_masculina": "3677", "total_viviendas_habitadas": "1714" }, "geometry": { "type": "MultiPolygon", "coordinates": [ [ [ [ -98.24788217, 19.25334937 ], [ -98.24764292, 19.25323269 ], [ -98.24761095, 19.25319698 ], [ -98.24764078, 19.253115831 ], [ -98.24766538, 19.253006691 ], [ -98.24755383, 19.25267063 ], [ -98.247455539, 19.2524998 ], [ -98.24737155, 19.252287801 ], [ -98.247162629, 19.251907201 ], [ -98.247077399, 19.25180268 ], [ -98.246983799, 19.25176926 ], [ -98.246920019, 19.25175189 ], [ -98.246810339, 19.251723491 ], [ -98.24677842, 19.251675091 ], [ -98.246805479, 19.251200571 ], [ -98.24681365, 19.25101771 ], [ -98.246782999, 19.250749971 ], [ -98.246778909, 19.250512941 ], [ -98.24673791, 19.25044145 ], [ -98.24666688, 19.250359151 ], [ -98.246385539, 19.250185941 ], [ -98.24620577, 19.25005331 ], [ -98.246074419, 19.25003489 ], [ -98.24597692, 19.250006001 ], [ -98.24587942, 19.24995568 ], [ -98.245804519, 19.249905481 ], [ -98.24575237, 19.249823251 ], [ -98.245696349, 19.24974106 ], [ -98.24561788, 19.24965872 ], [ -98.24552803, 19.24959777 ], [ -98.245438029, 19.24954746 ], [ -98.2449894, 19.249437291 ], [ -98.244844, 19.24943248 ], [ -98.24437842, 19.249486851 ], [ -98.24399317, 19.249486801 ], [ -98.24380172, 19.24949165 ], [ -98.243522109, 19.2495314 ], [ -98.243244109, 19.24953383 ], [ -98.242711519, 19.24951195 ], [ -98.24241675, 19.249517421 ], [ -98.242412959, 19.249517492 ], [ -98.242409824, 19.24951755 ], [ -98.24233988, 19.249518846 ], [ -98.242338019, 19.249518881 ], [ -98.242337359, 19.249518785 ], [ -98.24226294, 19.249507881 ], [ -98.2421692, 19.249468251 ], [ -98.24203437, 19.249378571 ], [ -98.241787109, 19.249242082 ], [ -98.241678509, 19.249166772 ], [ -98.24159245, 19.249087971 ], [ -98.241547919, 19.248980861 ], [ -98.241408829, 19.248830571 ], [ -98.24111794, 19.248564371 ], [ -98.24104695, 19.248512022 ], [ -98.24094375, 19.248450051 ], [ -98.24085486, 19.248415892 ], [ -98.24079305, 19.248398362 ], [ -98.24045795, 19.248316192 ], [ -98.240458482, 19.248315704 ], [ -98.240597079, 19.24819192 ], [ -98.24073208, 19.24804894 ], [ -98.2408896, 19.24785646 ], [ -98.24096829, 19.24777262 ], [ -98.24113632, 19.247560351 ], [ -98.24123638, 19.24740282 ], [ -98.24136251, 19.24721478 ], [ -98.24145166, 19.247106091 ], [ -98.241563225, 19.24696308 ], [ -98.241563599, 19.2469626 ], [ -98.241680457, 19.246819167 ], [ -98.24168318, 19.246815821 ], [ -98.241687685, 19.246810295 ], [ -98.24168795, 19.24680997 ], [ -98.241690208, 19.246810359 ], [ -98.241758291, 19.246822074 ], [ -98.241900778, 19.246846593 ], [ -98.241916867, 19.246849362 ], [ -98.242031629, 19.246869111 ], [ -98.24229089, 19.24690852 ], [ -98.242557809, 19.246927458 ], [ -98.242559399, 19.24692757 ], [ -98.242560329, 19.246927521 ], [ -98.242767999, 19.246916281 ], [ -98.24324112, 19.246911571 ], [ -98.243655459, 19.24683534 ], [ -98.243746139, 19.246703398 ], [ -98.244162521, 19.245885479 ], [ -98.244012459, 19.245811677 ], [ -98.243796208, 19.245730934 ], [ -98.243413225, 19.245587938 ], [ -98.243125209, 19.245521768 ], [ -98.242900499, 19.245409805 ], [ -98.242626952, 19.245198466 ], [ -98.242677369, 19.245131965 ], [ -98.244449912, 19.242793901 ], [ -98.244543019, 19.242607783 ], [ -98.245173638, 19.241347192 ], [ -98.244965492, 19.241212643 ], [ -98.243536604, 19.240288977 ], [ -98.243611631, 19.240252546 ], [ -98.24375758, 19.240181677 ], [ -98.243879538, 19.240113646 ], [ -98.244012768, 19.240074518 ], [ -98.243780983, 19.239938109 ], [ -98.243417261, 19.239724051 ], [ -98.243076164, 19.239499001 ], [ -98.242928423, 19.239386571 ], [ -98.242860345, 19.239310539 ], [ -98.242822596, 19.239252669 ], [ -98.242773426, 19.23919836 ], [ -98.242701466, 19.239140348 ], [ -98.242576385, 19.239060475 ], [ -98.242349012, 19.238902516 ], [ -98.242488622, 19.238844034 ], [ -98.242584141, 19.238889306 ], [ -98.24270309, 19.238648122 ], [ -98.243059573, 19.238833559 ], [ -98.243313331, 19.23836738 ], [ -98.243792462, 19.237503656 ], [ -98.244010732, 19.237142008 ], [ -98.243825286, 19.237020655 ], [ -98.243400538, 19.236742707 ], [ -98.243378272, 19.236637299 ], [ -98.243257395, 19.236580995 ], [ -98.242876968, 19.236403795 ], [ -98.242898692, 19.236364264 ], [ -98.24324143, 19.235740582 ], [ -98.243542555, 19.235647359 ], [ -98.242798634, 19.235247715 ], [ -98.24284463, 19.235170148 ], [ -98.243093865, 19.234749851 ], [ -98.24299978, 19.234717656 ], [ -98.242528355, 19.234556336 ], [ -98.242285421, 19.234479581 ], [ -98.242137405, 19.23442847 ], [ -98.242080535, 19.23439577 ], [ -98.242031105, 19.234343126 ], [ -98.242230342, 19.234001276 ], [ -98.242180525, 19.233969641 ], [ -98.241893008, 19.23378706 ], [ -98.242025847, 19.233541436 ], [ -98.241965408, 19.233458223 ], [ -98.241916207, 19.233411127 ], [ -98.241874427, 19.23340374 ], [ -98.241813657, 19.233392668 ], [ -98.241760622, 19.233352769 ], [ -98.24169615, 19.233320037 ], [ -98.241650602, 19.233305421 ], [ -98.241605038, 19.23329441 ], [ -98.241574693, 19.233279857 ], [ -98.241521526, 19.233268816 ], [ -98.241468342, 19.233261381 ], [ -98.241392318, 19.233261065 ], [ -98.241323929, 19.233253568 ], [ -98.241226763, 19.233218812 ], [ -98.241154491, 19.233324698 ], [ -98.240925428, 19.233660295 ], [ -98.240820231, 19.233597776 ], [ -98.24017232, 19.23321272 ], [ -98.240164169, 19.233208234 ], [ -98.24007338, 19.233158261 ], [ -98.240291799, 19.23292635 ], [ -98.240438715, 19.232847013 ], [ -98.24045036, 19.232840724 ], [ -98.240563399, 19.23277968 ], [ -98.24056858, 19.232778336 ], [ -98.240641098, 19.232759522 ], [ -98.240809889, 19.232715728 ], [ -98.24081763, 19.23271372 ], [ -98.240960119, 19.23270114 ], [ -98.241088749, 19.23267858 ], [ -98.241266369, 19.23258042 ], [ -98.24192205, 19.232016111 ], [ -98.242134979, 19.23178952 ], [ -98.24224515, 19.231617774 ], [ -98.24228894, 19.23154951 ], [ -98.242370819, 19.23145222 ], [ -98.242425309, 19.231387451 ], [ -98.24240265, 19.231280321 ], [ -98.24238697, 19.231206321 ], [ -98.242528509, 19.23114032 ], [ -98.242558779, 19.231126201 ], [ -98.242779969, 19.230938861 ], [ -98.24293092, 19.23081322 ], [ -98.243099249, 19.230682141 ], [ -98.24362185, 19.230239601 ], [ -98.244100399, 19.22966823 ], [ -98.244745079, 19.22908894 ], [ -98.2451452, 19.22886002 ], [ -98.245348119, 19.228756541 ], [ -98.245550979, 19.228664051 ], [ -98.245810059, 19.228553221 ], [ -98.246241689, 19.22837668 ], [ -98.246419689, 19.228341751 ], [ -98.24674409, 19.22829188 ], [ -98.247038479, 19.22829308 ], [ -98.24739714, 19.228316371 ], [ -98.247728019, 19.22838318 ], [ -98.24786566, 19.22844922 ], [ -98.24799425, 19.228502111 ], [ -98.24814571, 19.22856818 ], [ -98.248306539, 19.22860811 ], [ -98.248421419, 19.22862605 ], [ -98.248636019, 19.22861369 ], [ -98.248856939, 19.228584061 ], [ -98.24917929, 19.228502481 ], [ -98.24945128, 19.22837269 ], [ -98.249774059, 19.228190741 ], [ -98.250070919, 19.227918921 ], [ -98.25023278, 19.227723221 ], [ -98.25048306, 19.22730534 ], [ -98.25050632, 19.22724871 ], [ -98.250548829, 19.22713709 ], [ -98.250655369, 19.22697171 ], [ -98.250761679, 19.22685868 ], [ -98.2509188, 19.22669786 ], [ -98.251163379, 19.226524341 ], [ -98.25131117, 19.22638968 ], [ -98.251420375, 19.22622356 ], [ -98.25143494, 19.2262014 ], [ -98.251555889, 19.2262288 ], [ -98.251648679, 19.226224281 ], [ -98.251718339, 19.22620255 ], [ -98.251757829, 19.226204201 ], [ -98.251831619, 19.226217091 ], [ -98.25190362, 19.226210181 ], [ -98.252223979, 19.22609852 ], [ -98.25232649, 19.22608092 ], [ -98.25260992, 19.22608135 ], [ -98.25280909, 19.22608695 ], [ -98.252926519, 19.226090251 ], [ -98.253240489, 19.22610268 ], [ -98.254041889, 19.226147801 ], [ -98.25450269, 19.226180111 ], [ -98.254760859, 19.226193571 ], [ -98.255161919, 19.226214511 ], [ -98.25521772, 19.226217421 ], [ -98.25574063, 19.226249981 ], [ -98.256205849, 19.226297631 ], [ -98.256802339, 19.22634942 ], [ -98.257080249, 19.2263658 ], [ -98.25740094, 19.226351891 ], [ -98.25773778, 19.22631902 ], [ -98.25807582, 19.22627805 ], [ -98.25827414, 19.226248541 ], [ -98.258332179, 19.22623992 ], [ -98.258297979, 19.226284751 ], [ -98.257870289, 19.226862341 ], [ -98.258873509, 19.227388781 ], [ -98.25890492, 19.22740528 ], [ -98.259081975, 19.227244083 ], [ -98.25942525, 19.226931551 ], [ -98.25977511, 19.226615571 ], [ -98.259885719, 19.226492861 ], [ -98.26007295, 19.226274111 ], [ -98.26015306, 19.22616011 ], [ -98.26079238, 19.22540765 ], [ -98.261164768, 19.224969359 ], [ -98.261203519, 19.224923751 ], [ -98.261807429, 19.22417114 ], [ -98.2618654, 19.224098894 ], [ -98.262516569, 19.22328738 ], [ -98.26256934, 19.22322163 ], [ -98.26275898, 19.223007691 ], [ -98.26300337, 19.22273205 ], [ -98.26350931, 19.22224008 ], [ -98.26352751, 19.22222238 ], [ -98.264881199, 19.222482 ], [ -98.265656259, 19.222744491 ], [ -98.266635399, 19.22282303 ], [ -98.267389279, 19.222939181 ], [ -98.26795078, 19.223062061 ], [ -98.26949852, 19.22340634 ], [ -98.27080235, 19.223795751 ], [ -98.27106846, 19.22405889 ], [ -98.27082155, 19.224500201 ], [ -98.27061977, 19.22491269 ], [ -98.270417079, 19.225343481 ], [ -98.27014965, 19.2258594 ], [ -98.269857749, 19.22653675 ], [ -98.26975366, 19.226884421 ], [ -98.26964811, 19.227124451 ], [ -98.269516139, 19.227307031 ], [ -98.26935935, 19.227538511 ], [ -98.269187489, 19.22783918 ], [ -98.269068889, 19.22806197 ], [ -98.268895799, 19.22832606 ], [ -98.268724379, 19.228531881 ], [ -98.26861054, 19.228732631 ], [ -98.268470109, 19.228843421 ], [ -98.268298889, 19.22899342 ], [ -98.268005339, 19.229137381 ], [ -98.267513399, 19.229412481 ], [ -98.266892769, 19.229703751 ], [ -98.26640574, 19.229962621 ], [ -98.265835489, 19.23029525 ], [ -98.265579749, 19.230501721 ], [ -98.26505014, 19.231453061 ], [ -98.264846509, 19.23186142 ], [ -98.26461014, 19.23236145 ], [ -98.264353619, 19.23293355 ], [ -98.264211179, 19.233247881 ], [ -98.264004769, 19.23368235 ], [ -98.26383543, 19.23400235 ], [ -98.26364537, 19.234415381 ], [ -98.263482539, 19.234795821 ], [ -98.263398289, 19.234993461 ], [ -98.26325782, 19.235300581 ], [ -98.263130369, 19.23548211 ], [ -98.26287966, 19.235850861 ], [ -98.26268535, 19.23610754 ], [ -98.262407119, 19.23637432 ], [ -98.26214343, 19.23665663 ], [ -98.26156743, 19.23732155 ], [ -98.26117128, 19.23779435 ], [ -98.260916879, 19.23812822 ], [ -98.2607808, 19.238306261 ], [ -98.260691199, 19.238386721 ], [ -98.260514979, 19.23857508 ], [ -98.260249949, 19.2388288 ], [ -98.259931509, 19.238946421 ], [ -98.259708259, 19.238949181 ], [ -98.259047419, 19.23899426 ], [ -98.258879859, 19.23901352 ], [ -98.25862043, 19.239029601 ], [ -98.25825729, 19.239079801 ], [ -98.258132799, 19.239071061 ], [ -98.25803503, 19.239266452 ], [ -98.257136846, 19.241061459 ], [ -98.256871909, 19.24159092 ], [ -98.256520335, 19.242328694 ], [ -98.256520148, 19.242329088 ], [ -98.25651988, 19.24232965 ], [ -98.256432672, 19.242278223 ], [ -98.25617783, 19.242127941 ], [ -98.255920086, 19.241936533 ], [ -98.255902724, 19.241923639 ], [ -98.25566048, 19.241743741 ], [ -98.255660243, 19.241744484 ], [ -98.255426119, 19.242486021 ], [ -98.25525066, 19.243041741 ], [ -98.255250022, 19.243041768 ], [ -98.255241893, 19.243042104 ], [ -98.255065686, 19.2430494 ], [ -98.2546688, 19.24306583 ], [ -98.254495458, 19.243072035 ], [ -98.25443802, 19.243074091 ], [ -98.254324724, 19.243120394 ], [ -98.253434947, 19.24348404 ], [ -98.25269051, 19.243788281 ], [ -98.25241852, 19.244026891 ], [ -98.251909399, 19.24368534 ], [ -98.251684779, 19.243590031 ], [ -98.251634289, 19.243702311 ], [ -98.251585719, 19.24377251 ], [ -98.251522569, 19.24382497 ], [ -98.25142774, 19.243883181 ], [ -98.25127246, 19.243940771 ], [ -98.251117059, 19.24397097 ], [ -98.25100729, 19.24397052 ], [ -98.25093497, 19.243955741 ], [ -98.25088166, 19.24392294 ], [ -98.25078686, 19.24384555 ], [ -98.25069435, 19.2437898 ], [ -98.25060351, 19.243754231 ], [ -98.25048409, 19.243744031 ], [ -98.250291769, 19.243750381 ], [ -98.25018678, 19.243772431 ], [ -98.250117199, 19.2438098 ], [ -98.250056549, 19.24386688 ], [ -98.24994775, 19.24401872 ], [ -98.24979811, 19.24424982 ], [ -98.249777349, 19.244274181 ], [ -98.24970125, 19.24438077 ], [ -98.249612349, 19.24448531 ], [ -98.24945186, 19.24459932 ], [ -98.249365139, 19.244702831 ], [ -98.24927938, 19.244877201 ], [ -98.24923598, 19.245058431 ], [ -98.24916418, 19.245266461 ], [ -98.249121199, 19.245373831 ], [ -98.24894309, 19.24558815 ], [ -98.248914539, 19.24564852 ], [ -98.24889277, 19.245755941 ], [ -98.24893291, 19.24588814 ], [ -98.24891812, 19.246015741 ], [ -98.248825419, 19.246136341 ], [ -98.248491319, 19.246390341 ], [ -98.248334479, 19.246611431 ], [ -98.24827028, 19.246705291 ], [ -98.248269709, 19.24683295 ], [ -98.24825511, 19.24692023 ], [ -98.24814792, 19.247121421 ], [ -98.248062429, 19.247221881 ], [ -98.24799065, 19.247423171 ], [ -98.247911879, 19.24761774 ], [ -98.2478818, 19.247769401 ], [ -98.24783829, 19.24797085 ], [ -98.247830339, 19.24815895 ], [ -98.24784331, 19.24842782 ], [ -98.24781305, 19.24886452 ], [ -98.24776202, 19.24918014 ], [ -98.247789599, 19.249413431 ], [ -98.247789089, 19.24952765 ], [ -98.247738949, 19.249648431 ], [ -98.24765323, 19.24979595 ], [ -98.24761012, 19.249930171 ], [ -98.247652219, 19.250017691 ], [ -98.2477228, 19.250078451 ], [ -98.247984059, 19.25028115 ], [ -98.248075619, 19.250395771 ], [ -98.24814463, 19.25068174 ], [ -98.248128689, 19.25108492 ], [ -98.24801412, 19.25135326 ], [ -98.24806931, 19.25167605 ], [ -98.248131859, 19.251945111 ], [ -98.248215539, 19.25225085 ], [ -98.248284939, 19.25255351 ], [ -98.24831215, 19.252809 ], [ -98.248239369, 19.252945981 ], [ -98.24806952, 19.253165461 ], [ -98.24798112, 19.25337383 ], [ -98.24788217, 19.25334937 ] ] ] ] } },
{ "type": "Feature", "properties": { "cvegeo": "29022", "cve_ent": "29", "cve_mun": "022", "nomgeo": "Acuamanala de Miguel Hidalgo", "cve_cab": "0001", "pob_total": "6432", "pob_femenina": "3248", "pob_masculina": "3184", "total_viviendas_habitadas": "1515" }, "geometry": { "type": "MultiPolygon", "coordinates": [ [ [ [ -98.17517148, 19.230957771 ], [ -98.17523134, 19.23066537 ], [ -98.174992319, 19.230331941 ], [ -98.17488872, 19.229943891 ], [ -98.174779779, 19.228851631 ], [ -98.174615459, 19.22769905 ], [ -98.174551199, 19.22667165 ], [ -98.17440403, 19.226404171 ], [ -98.17451155, 19.22566563 ], [ -98.17472798, 19.224845721 ], [ -98.174223279, 19.224713571 ], [ -98.17399812, 19.2245402 ], [ -98.173710629, 19.2243846 ], [ -98.17352949, 19.224259491 ], [ -98.17327935, 19.22417794 ], [ -98.17293325, 19.22412743 ], [ -98.172420909, 19.224100221 ], [ -98.17210909, 19.223950481 ], [ -98.171796829, 19.223887691 ], [ -98.171462819, 19.22386572 ], [ -98.17103197, 19.22380752 ], [ -98.170639289, 19.22366254 ], [ -98.170091089, 19.223593891 ], [ -98.16985751, 19.223559681 ], [ -98.16954474, 19.22360169 ], [ -98.169361689, 19.22363546 ], [ -98.16911165, 19.223606061 ], [ -98.16874663, 19.223635221 ], [ -98.168495489, 19.22364422 ], [ -98.168322819, 19.22359757 ], [ -98.168132649, 19.223596581 ], [ -98.167953769, 19.223626621 ], [ -98.167680579, 19.223644631 ], [ -98.16732612, 19.22365263 ], [ -98.16710174, 19.22370552 ], [ -98.166863719, 19.223816691 ], [ -98.16672792, 19.22387554 ], [ -98.16652982, 19.22391397 ], [ -98.16633188, 19.22394674 ], [ -98.166173199, 19.22392758 ], [ -98.16578609, 19.22375148 ], [ -98.16544812, 19.223615421 ], [ -98.16518497, 19.22351077 ], [ -98.16486828, 19.223469381 ], [ -98.164640709, 19.223443601 ], [ -98.164425089, 19.223429771 ], [ -98.16419448, 19.22340595 ], [ -98.164209919, 19.223253341 ], [ -98.16400938, 19.223100751 ], [ -98.16382149, 19.222975921 ], [ -98.16363026, 19.22284434 ], [ -98.163447999, 19.22274234 ], [ -98.163301, 19.22266191 ], [ -98.16315732, 19.222588221 ], [ -98.16298428, 19.22249712 ], [ -98.16286217, 19.22239005 ], [ -98.16271974, 19.22220968 ], [ -98.16260925, 19.222080151 ], [ -98.16244283, 19.22194086 ], [ -98.162250549, 19.221770551 ], [ -98.162061459, 19.22162568 ], [ -98.16195226, 19.22150575 ], [ -98.16181663, 19.221333911 ], [ -98.16175855, 19.221210451 ], [ -98.16169678, 19.221041651 ], [ -98.1616108, 19.22096303 ], [ -98.161438979, 19.220925171 ], [ -98.16132323, 19.220881311 ], [ -98.16124638, 19.220854801 ], [ -98.161196449, 19.22082214 ], [ -98.161082689, 19.22074588 ], [ -98.160927879, 19.22069358 ], [ -98.16080494, 19.2206938 ], [ -98.160731249, 19.22069192 ], [ -98.16061514, 19.22077418 ], [ -98.160500829, 19.220793021 ], [ -98.160412749, 19.220768021 ], [ -98.160316979, 19.220654451 ], [ -98.16016172, 19.220610691 ], [ -98.160024449, 19.22062834 ], [ -98.159954259, 19.22055668 ], [ -98.159857539, 19.220504891 ], [ -98.15964171, 19.220504291 ], [ -98.15941765, 19.22056509 ], [ -98.15905894, 19.22053446 ], [ -98.15871522, 19.220582021 ], [ -98.158386429, 19.22046949 ], [ -98.157846279, 19.220342721 ], [ -98.157302719, 19.220268741 ], [ -98.15668957, 19.22024045 ], [ -98.15621432, 19.220291751 ], [ -98.155554139, 19.22027494 ], [ -98.155037719, 19.22024271 ], [ -98.154586859, 19.22010694 ], [ -98.15408406, 19.22003922 ], [ -98.15359463, 19.22006312 ], [ -98.15306477, 19.22005926 ], [ -98.152333919, 19.2200082 ], [ -98.15195785, 19.219935551 ], [ -98.151610109, 19.219790121 ], [ -98.15113126, 19.219601341 ], [ -98.1504526, 19.2195982 ], [ -98.14985963, 19.219562971 ], [ -98.14940351, 19.21954462 ], [ -98.14913328, 19.21955965 ], [ -98.14879035, 19.21970423 ], [ -98.14816823, 19.21979332 ], [ -98.1471674, 19.21982145 ], [ -98.14606389, 19.21995797 ], [ -98.145374509, 19.219999821 ], [ -98.144498379, 19.220007171 ], [ -98.143877399, 19.219842681 ], [ -98.14333666, 19.21960592 ], [ -98.142800919, 19.219346921 ], [ -98.142159649, 19.2190858 ], [ -98.141832679, 19.21903463 ], [ -98.141460659, 19.21896625 ], [ -98.141056779, 19.219016751 ], [ -98.140825829, 19.21909777 ], [ -98.14055308, 19.21912823 ], [ -98.1399222, 19.219071311 ], [ -98.13929295, 19.219189711 ], [ -98.138667749, 19.21930409 ], [ -98.137940019, 19.219451431 ], [ -98.137448049, 19.21965625 ], [ -98.136992229, 19.21979675 ], [ -98.136503819, 19.21987665 ], [ -98.136104629, 19.21995022 ], [ -98.135404829, 19.220084681 ], [ -98.13495628, 19.220117541 ], [ -98.134724319, 19.22065414 ], [ -98.134100139, 19.22076869 ], [ -98.133757489, 19.220962261 ], [ -98.13279762, 19.221162861 ], [ -98.132206739, 19.221350061 ], [ -98.131920829, 19.221484051 ], [ -98.131510289, 19.221467231 ], [ -98.130935319, 19.221413371 ], [ -98.13056068, 19.221455371 ], [ -98.13020103, 19.22157791 ], [ -98.130007719, 19.2217834 ], [ -98.12973852, 19.22199815 ], [ -98.129383819, 19.222116481 ], [ -98.129105399, 19.222158351 ], [ -98.128596979, 19.22226531 ], [ -98.12813611, 19.222259951 ], [ -98.127579629, 19.22218182 ], [ -98.126784289, 19.222145661 ], [ -98.126249179, 19.22217671 ], [ -98.12589722, 19.22226008 ], [ -98.125498819, 19.222368251 ], [ -98.12516814, 19.22238774 ], [ -98.124392829, 19.222523341 ], [ -98.123678, 19.22247158 ], [ -98.12317282, 19.222243581 ], [ -98.12265489, 19.2219846 ], [ -98.124888739, 19.21817332 ], [ -98.125824719, 19.21648643 ], [ -98.12700315, 19.21467062 ], [ -98.128783339, 19.21163788 ], [ -98.128993519, 19.21152971 ], [ -98.12913651, 19.21146255 ], [ -98.12943232, 19.21156412 ], [ -98.12954218, 19.21169922 ], [ -98.12966309, 19.21172923 ], [ -98.129759139, 19.211747351 ], [ -98.129821019, 19.21175943 ], [ -98.129898419, 19.211789231 ], [ -98.13000665, 19.211845651 ], [ -98.13009632, 19.21189609 ], [ -98.1301768, 19.211931801 ], [ -98.13030678, 19.211973631 ], [ -98.13038735, 19.21199168 ], [ -98.130458519, 19.212000891 ], [ -98.130579489, 19.212019061 ], [ -98.13067231, 19.21203426 ], [ -98.13073208, 19.21205782 ], [ -98.130752199, 19.21209655 ], [ -98.130791509, 19.212131771 ], [ -98.13081138, 19.212178541 ], [ -98.13086603, 19.21224329 ], [ -98.130947429, 19.212249461 ], [ -98.131124279, 19.21222142 ], [ -98.13121912, 19.21220757 ], [ -98.13136022, 19.21217311 ], [ -98.13139428, 19.212173281 ], [ -98.131524399, 19.21218857 ], [ -98.13158952, 19.21219775 ], [ -98.13168558, 19.212215861 ], [ -98.131787909, 19.212216351 ], [ -98.1318406, 19.212207741 ], [ -98.13189035, 19.21219618 ], [ -98.131946279, 19.212161121 ], [ -98.131980659, 19.21212894 ], [ -98.132011719, 19.21210852 ], [ -98.13208338, 19.21205288 ], [ -98.132114459, 19.21203245 ], [ -98.13217674, 19.211994431 ], [ -98.132220279, 19.21195938 ], [ -98.13223897, 19.21193883 ], [ -98.13226715, 19.211906621 ], [ -98.132307719, 19.21184792 ], [ -98.13231402, 19.21182731 ], [ -98.13234522, 19.211783321 ], [ -98.132363919, 19.21175986 ], [ -98.13239203, 19.211742321 ], [ -98.13240755, 19.211733621 ], [ -98.132426229, 19.21171603 ], [ -98.13247288, 19.21170738 ], [ -98.13249151, 19.21169569 ], [ -98.13252872, 19.21168708 ], [ -98.132544109, 19.211704821 ], [ -98.132550199, 19.211725421 ], [ -98.1325496, 19.21183729 ], [ -98.132567949, 19.211881511 ], [ -98.13258046, 19.211887451 ], [ -98.132629999, 19.21188768 ], [ -98.13269231, 19.21184385 ], [ -98.132723479, 19.211805771 ], [ -98.13277011, 19.21177066 ], [ -98.132795199, 19.211738351 ], [ -98.13281088, 19.21170018 ], [ -98.13282045, 19.211647231 ], [ -98.13283005, 19.2115884 ], [ -98.132851909, 19.211553171 ], [ -98.13288943, 19.21151212 ], [ -98.132929849, 19.211482951 ], [ -98.13295772, 19.211480111 ], [ -98.13299503, 19.211480281 ], [ -98.133032199, 19.211477551 ], [ -98.133081749, 19.21147778 ], [ -98.13311597, 19.21147497 ], [ -98.13315629, 19.211463371 ], [ -98.13319366, 19.211451771 ], [ -98.133234, 19.211434311 ], [ -98.133289889, 19.21140512 ], [ -98.13332114, 19.21138172 ], [ -98.133373919, 19.2113526 ], [ -98.133476379, 19.21132954 ], [ -98.133529369, 19.21129146 ], [ -98.133656779, 19.211233661 ], [ -98.13371583, 19.211222151 ], [ -98.13375925, 19.21121058 ], [ -98.133802829, 19.211193121 ], [ -98.133892719, 19.211175891 ], [ -98.1339146, 19.2111672 ], [ -98.13401083, 19.211149981 ], [ -98.13411946, 19.21112985 ], [ -98.134153629, 19.211109451 ], [ -98.134206379, 19.211089121 ], [ -98.134228229, 19.21108334 ], [ -98.134309029, 19.211027741 ], [ -98.1343248, 19.211001351 ], [ -98.13435289, 19.210960261 ], [ -98.13437166, 19.21092503 ], [ -98.13442778, 19.210878181 ], [ -98.13445883, 19.21086365 ], [ -98.13449289, 19.210863821 ], [ -98.1345364, 19.21086103 ], [ -98.134598309, 19.21086722 ], [ -98.134632489, 19.21087035 ], [ -98.13469738, 19.21089712 ], [ -98.13473462, 19.210912061 ], [ -98.13481808, 19.210938911 ], [ -98.13487697, 19.21095686 ], [ -98.13491409, 19.210962921 ], [ -98.134973, 19.210977881 ], [ -98.13503814, 19.210987061 ], [ -98.135053599, 19.21099003 ], [ -98.135270819, 19.210959111 ], [ -98.135295769, 19.21095334 ], [ -98.135487909, 19.210954251 ], [ -98.135556089, 19.210969251 ], [ -98.13559335, 19.210978291 ], [ -98.135658229, 19.211008051 ], [ -98.13572015, 19.211037691 ], [ -98.13583469, 19.211073571 ], [ -98.13588731, 19.211076801 ], [ -98.135949419, 19.211071201 ], [ -98.135983489, 19.211068381 ], [ -98.136023949, 19.21105978 ], [ -98.136079779, 19.211042371 ], [ -98.136126489, 19.211019051 ], [ -98.136151289, 19.21101328 ], [ -98.1362258, 19.211007741 ], [ -98.13629698, 19.21101395 ], [ -98.13631571, 19.211014051 ], [ -98.13638382, 19.211017351 ], [ -98.136436549, 19.211026381 ], [ -98.13645203, 19.21102945 ], [ -98.136492219, 19.21104134 ], [ -98.13658526, 19.21104177 ], [ -98.136600769, 19.211038941 ], [ -98.13664745, 19.21102149 ], [ -98.136693919, 19.211015831 ], [ -98.136734349, 19.211010121 ], [ -98.136787019, 19.21100748 ], [ -98.136880049, 19.21101082 ], [ -98.136917179, 19.21101397 ], [ -98.136973029, 19.211023031 ], [ -98.137044369, 19.211029261 ], [ -98.137109399, 19.211029551 ], [ -98.13717771, 19.211021091 ], [ -98.137236739, 19.21101249 ], [ -98.137373019, 19.2109778 ], [ -98.13746649, 19.2108958 ], [ -98.13750392, 19.210872511 ], [ -98.13752571, 19.210851951 ], [ -98.137569249, 19.21081683 ], [ -98.137597379, 19.21079342 ], [ -98.137628509, 19.21076122 ], [ -98.13765032, 19.210734781 ], [ -98.137700509, 19.210640881 ], [ -98.13770688, 19.21060848 ], [ -98.137725619, 19.21057622 ], [ -98.13774438, 19.21054098 ], [ -98.137763109, 19.21051462 ], [ -98.13780375, 19.210467691 ], [ -98.137828619, 19.21045014 ], [ -98.13784106, 19.210438431 ], [ -98.137884569, 19.21040918 ], [ -98.137915739, 19.21039755 ], [ -98.13797152, 19.21038903 ], [ -98.138085029, 19.21039608 ], [ -98.13824637, 19.210390941 ], [ -98.138429219, 19.210391801 ], [ -98.138522319, 19.210380461 ], [ -98.13859674, 19.21038969 ], [ -98.138739539, 19.21038515 ], [ -98.138799619, 19.210370341 ], [ -98.13881826, 19.210320541 ], [ -98.138845459, 19.210296091 ], [ -98.138891999, 19.21026742 ], [ -98.138910719, 19.210238061 ], [ -98.13892634, 19.210214581 ], [ -98.13894503, 19.210191121 ], [ -98.138963849, 19.21017354 ], [ -98.138979349, 19.210170711 ], [ -98.13902278, 19.21015615 ], [ -98.139044489, 19.210147461 ], [ -98.139075349, 19.210131821 ], [ -98.139089949, 19.21011543 ], [ -98.13910615, 19.210084551 ], [ -98.139116169, 19.21004994 ], [ -98.139120309, 19.21000232 ], [ -98.13913729, 19.209962121 ], [ -98.139127829, 19.209934491 ], [ -98.139126919, 19.209900891 ], [ -98.139135919, 19.209865321 ], [ -98.139136079, 19.20983289 ], [ -98.13914862, 19.20980351 ], [ -98.13916748, 19.209780121 ], [ -98.139208, 19.20972732 ], [ -98.139257689, 19.209698111 ], [ -98.13929515, 19.209668851 ], [ -98.139335619, 19.2096308 ], [ -98.1393948, 19.209589861 ], [ -98.139419719, 19.209563431 ], [ -98.1394384, 19.209542951 ], [ -98.139482349, 19.209457821 ], [ -98.13949802, 19.20942255 ], [ -98.13951365, 19.209393181 ], [ -98.139532489, 19.20934318 ], [ -98.13955131, 19.20929625 ], [ -98.139579509, 19.20926105 ], [ -98.13965197, 19.209164511 ], [ -98.13969226, 19.2091588 ], [ -98.13973271, 19.209150201 ], [ -98.13979154, 19.209150481 ], [ -98.13983812, 19.2091536 ], [ -98.139881509, 19.20914502 ], [ -98.139918859, 19.209136311 ], [ -98.139956029, 19.209136491 ], [ -98.13999618, 19.209154341 ], [ -98.140008459, 19.209175051 ], [ -98.14003629, 19.20921051 ], [ -98.140048509, 19.20924582 ], [ -98.140048279, 19.209290021 ], [ -98.140060539, 19.209313631 ], [ -98.140075949, 19.20932548 ], [ -98.14009454, 19.209325571 ], [ -98.14013183, 19.20932865 ], [ -98.140150429, 19.20932285 ], [ -98.14015982, 19.209305231 ], [ -98.14019417, 19.20924948 ], [ -98.140203569, 19.209228951 ], [ -98.140225449, 19.209217281 ], [ -98.140244119, 19.209199711 ], [ -98.140265969, 19.20916738 ], [ -98.14030332, 19.20912932 ], [ -98.14031575, 19.20912051 ], [ -98.14034074, 19.209108851 ], [ -98.14036245, 19.20910306 ], [ -98.140371719, 19.20910311 ], [ -98.140418149, 19.209106311 ], [ -98.14045854, 19.20911238 ], [ -98.14049358, 19.20906466 ], [ -98.140500579, 19.20905174 ], [ -98.140504019, 19.209042091 ], [ -98.140524539, 19.209009771 ], [ -98.140541719, 19.20899368 ], [ -98.14057582, 19.208987401 ], [ -98.14059631, 19.20898749 ], [ -98.140626939, 19.20899737 ], [ -98.14067125, 19.209010451 ], [ -98.140722179, 19.20902686 ], [ -98.14075354, 19.209010281 ], [ -98.140768179, 19.208986801 ], [ -98.140793109, 19.208961821 ], [ -98.14081991, 19.20893688 ], [ -98.140831019, 19.20890625 ], [ -98.140842249, 19.20887865 ], [ -98.14084598, 19.2088398 ], [ -98.140849489, 19.2088172 ], [ -98.140859849, 19.208784831 ], [ -98.140877079, 19.20875908 ], [ -98.14088738, 19.20873322 ], [ -98.140908019, 19.2087074 ], [ -98.14092506, 19.20869131 ], [ -98.140989949, 19.208688401 ], [ -98.141010279, 19.20869171 ], [ -98.14104435, 19.208691861 ], [ -98.141064859, 19.208688741 ], [ -98.14109315, 19.20869194 ], [ -98.14113637, 19.208688451 ], [ -98.14116005, 19.208673651 ], [ -98.141187579, 19.2086514 ], [ -98.141207449, 19.2086328 ], [ -98.141239049, 19.20859566 ], [ -98.14126275, 19.208573401 ], [ -98.14128651, 19.20854368 ], [ -98.14131006, 19.208521401 ], [ -98.141357519, 19.20846942 ], [ -98.141373419, 19.208447111 ], [ -98.141404979, 19.208413741 ], [ -98.141420889, 19.20839143 ], [ -98.14144846, 19.208361721 ], [ -98.141468149, 19.208346911 ], [ -98.141511479, 19.208324721 ], [ -98.141535089, 19.20832108 ], [ -98.141622799, 19.208324941 ], [ -98.14164652, 19.208329521 ], [ -98.14169397, 19.20833429 ], [ -98.141727199, 19.208325431 ], [ -98.14174629, 19.20831202 ], [ -98.14174665, 19.208244421 ], [ -98.141737479, 19.208163181 ], [ -98.14174738, 19.20810018 ], [ -98.14175229, 19.208064091 ], [ -98.141790649, 19.208005711 ], [ -98.141847779, 19.207960911 ], [ -98.141876419, 19.20792948 ], [ -98.14196717, 19.20783074 ], [ -98.1420818, 19.207705111 ], [ -98.142153279, 19.207655821 ], [ -98.142210539, 19.2076438 ], [ -98.14229618, 19.207566371 ], [ -98.142412349, 19.20757177 ], [ -98.142489259, 19.20758186 ], [ -98.14255072, 19.207587021 ], [ -98.142594349, 19.20758966 ], [ -98.142666109, 19.20760215 ], [ -98.14270457, 19.207607201 ], [ -98.14274303, 19.207609821 ], [ -98.142771319, 19.20761482 ], [ -98.1428096, 19.20762717 ], [ -98.142837879, 19.20763217 ], [ -98.142891629, 19.20764703 ], [ -98.142919829, 19.20766906 ], [ -98.14297103, 19.20768885 ], [ -98.14299155, 19.207684081 ], [ -98.143006949, 19.20767191 ], [ -98.14302498, 19.207664691 ], [ -98.14304034, 19.207659891 ], [ -98.14305837, 19.207652681 ], [ -98.14308403, 19.20765035 ], [ -98.143107169, 19.207652911 ], [ -98.143137889, 19.207643311 ], [ -98.14316882, 19.20762398 ], [ -98.14319718, 19.20761194 ], [ -98.143227939, 19.207595051 ], [ -98.14325635, 19.207575711 ], [ -98.143279459, 19.20755635 ], [ -98.143300179, 19.207539421 ], [ -98.143318079, 19.20752975 ], [ -98.14336702, 19.20750557 ], [ -98.14339797, 19.20747894 ], [ -98.143444349, 19.207435351 ], [ -98.143498599, 19.20738229 ], [ -98.14350898, 19.20737017 ], [ -98.14352191, 19.20735075 ], [ -98.143542549, 19.207321651 ], [ -98.14356831, 19.20730229 ], [ -98.14359148, 19.20729997 ], [ -98.14361963, 19.207300111 ], [ -98.143665849, 19.20729058 ], [ -98.14368389, 19.207278491 ], [ -98.14370709, 19.20726878 ], [ -98.143737979, 19.207254341 ], [ -98.14376103, 19.207244711 ], [ -98.143797089, 19.207230281 ], [ -98.143858649, 19.20721838 ], [ -98.143886969, 19.20721609 ], [ -98.14394068, 19.20723825 ], [ -98.143971429, 19.20724812 ], [ -98.144007169, 19.20726775 ], [ -98.144055819, 19.207297281 ], [ -98.144101819, 19.207329121 ], [ -98.14414012, 19.20736338 ], [ -98.144183579, 19.207397661 ], [ -98.144260399, 19.207429661 ], [ -98.14431154, 19.207461621 ], [ -98.144357539, 19.20749103 ], [ -98.144406079, 19.2075156 ], [ -98.144449689, 19.20752068 ], [ -98.14447538, 19.207515921 ], [ -98.144501089, 19.20750631 ], [ -98.144529539, 19.207479681 ], [ -98.14453728, 19.20746511 ], [ -98.14454508, 19.20743837 ], [ -98.14455048, 19.20739451 ], [ -98.144550569, 19.207375031 ], [ -98.144553369, 19.20731906 ], [ -98.14456123, 19.2072826 ], [ -98.144556149, 19.20726545 ], [ -98.14456145, 19.20723871 ], [ -98.14456158, 19.20721194 ], [ -98.1445694, 19.2071852 ], [ -98.14458232, 19.20716578 ], [ -98.14460558, 19.207143981 ], [ -98.144631339, 19.207127081 ], [ -98.144674999, 19.2071224 ], [ -98.144708319, 19.20712257 ], [ -98.144751949, 19.2071252 ], [ -98.144795599, 19.207125401 ], [ -98.144833979, 19.207118201 ], [ -98.1448572, 19.20710614 ], [ -98.14487523, 19.20709649 ], [ -98.144921449, 19.207084541 ], [ -98.144959939, 19.20708228 ], [ -98.14499074, 19.207087291 ], [ -98.14499838, 19.20708977 ], [ -98.145063049, 19.20710342 ], [ -98.145082399, 19.20712509 ], [ -98.14511148, 19.207149881 ], [ -98.145156829, 19.207190221 ], [ -98.14517803, 19.207213741 ], [ -98.145213169, 19.20723054 ], [ -98.14525723, 19.20724934 ], [ -98.14527989, 19.20725871 ], [ -98.145307619, 19.207287551 ], [ -98.14535328, 19.20729766 ], [ -98.145388399, 19.20730526 ], [ -98.145407169, 19.207307971 ], [ -98.14544492, 19.20730558 ], [ -98.14546762, 19.207295 ], [ -98.145489279, 19.2072788 ], [ -98.14550955, 19.20725768 ], [ -98.14552149, 19.207233971 ], [ -98.145522119, 19.20721142 ], [ -98.145525309, 19.207192261 ], [ -98.14554157, 19.207173831 ], [ -98.145555139, 19.2071624 ], [ -98.14557391, 19.20714325 ], [ -98.145611489, 19.207131651 ], [ -98.14563489, 19.207130741 ], [ -98.14565777, 19.207124711 ], [ -98.145680519, 19.207115551 ], [ -98.14568706, 19.20710632 ], [ -98.14570009, 19.20709712 ], [ -98.145709829, 19.207094111 ], [ -98.14573591, 19.207100351 ], [ -98.14577475, 19.207116 ], [ -98.145807309, 19.207122281 ], [ -98.14583975, 19.207119351 ], [ -98.14588535, 19.207113451 ], [ -98.14590163, 19.20710112 ], [ -98.14591466, 19.20709191 ], [ -98.14591563, 19.207057691 ], [ -98.145929849, 19.20703277 ], [ -98.145934419, 19.207002891 ], [ -98.14594443, 19.20697675 ], [ -98.14595289, 19.206958121 ], [ -98.145964829, 19.206936781 ], [ -98.146031289, 19.2068878 ], [ -98.146054149, 19.206857051 ], [ -98.14607378, 19.20682314 ], [ -98.146080419, 19.20679546 ], [ -98.146083829, 19.20676462 ], [ -98.14611175, 19.206733141 ], [ -98.146165539, 19.20670562 ], [ -98.146194119, 19.20668597 ], [ -98.14620737, 19.20666138 ], [ -98.146223679, 19.20664292 ], [ -98.146236739, 19.20662752 ], [ -98.14625305, 19.20660914 ], [ -98.14626612, 19.20659068 ], [ -98.14628262, 19.20656602 ], [ -98.146344549, 19.206507741 ], [ -98.14637077, 19.20648626 ], [ -98.14639354, 19.206474051 ], [ -98.146429369, 19.206474221 ], [ -98.14647794, 19.20648983 ], [ -98.146520199, 19.206502351 ], [ -98.14654608, 19.206517941 ], [ -98.146575339, 19.206533461 ], [ -98.14659471, 19.20655209 ], [ -98.146643179, 19.20658623 ], [ -98.14665302, 19.20659554 ], [ -98.146678879, 19.206614181 ], [ -98.146701479, 19.206635881 ], [ -98.14671765, 19.20664523 ], [ -98.146730709, 19.20665762 ], [ -98.14675332, 19.20667318 ], [ -98.14683446, 19.20669515 ], [ -98.146876719, 19.20670768 ], [ -98.146899449, 19.206704721 ], [ -98.146915679, 19.20670166 ], [ -98.146928659, 19.206698651 ], [ -98.14696457, 19.206686491 ], [ -98.146990619, 19.20666809 ], [ -98.146997169, 19.206652721 ], [ -98.147026739, 19.206609601 ], [ -98.147056089, 19.20657889 ], [ -98.147065969, 19.20655122 ], [ -98.14707909, 19.20652348 ], [ -98.147099019, 19.206461861 ], [ -98.147102399, 19.20643409 ], [ -98.147109029, 19.206406401 ], [ -98.14711237, 19.206387891 ], [ -98.147112449, 19.20637557 ], [ -98.147125549, 19.20634783 ], [ -98.14713534, 19.20633862 ], [ -98.147171199, 19.20633266 ], [ -98.147213349, 19.20633591 ], [ -98.147291229, 19.206360921 ], [ -98.147313999, 19.206376511 ], [ -98.147330149, 19.206388911 ], [ -98.14735925, 19.20641063 ], [ -98.14737217, 19.20641995 ], [ -98.147398139, 19.20644472 ], [ -98.147437, 19.206457231 ], [ -98.147495489, 19.20646677 ], [ -98.147521459, 19.20646383 ], [ -98.147570249, 19.20646712 ], [ -98.14760928, 19.20647657 ], [ -98.1476514, 19.20648603 ], [ -98.147723919, 19.206489891 ], [ -98.147762829, 19.20649628 ], [ -98.14783109, 19.2064966 ], [ -98.147892939, 19.206484551 ], [ -98.14791892, 19.20647848 ], [ -98.147964549, 19.20646635 ], [ -98.147997179, 19.20642946 ], [ -98.14802017, 19.206401771 ], [ -98.14802357, 19.206374061 ], [ -98.148027049, 19.20632775 ], [ -98.14802723, 19.20629078 ], [ -98.14802091, 19.206259891 ], [ -98.148017859, 19.20622283 ], [ -98.14801152, 19.20619194 ], [ -98.148005019, 19.206167261 ], [ -98.147995429, 19.20613942 ], [ -98.14798582, 19.20611778 ], [ -98.14798272, 19.206086911 ], [ -98.147982859, 19.206059121 ], [ -98.147973279, 19.206031351 ], [ -98.147963719, 19.20599732 ], [ -98.14796385, 19.20597266 ], [ -98.147967219, 19.205948031 ], [ -98.14798048, 19.20589251 ], [ -98.147990369, 19.20586169 ], [ -98.1480002, 19.20584329 ], [ -98.14801354, 19.205800091 ], [ -98.148036449, 19.205763221 ], [ -98.148046229, 19.205750941 ], [ -98.148069049, 19.20573251 ], [ -98.148105049, 19.205698681 ], [ -98.148131049, 19.205689621 ], [ -98.14814078, 19.20568652 ], [ -98.14816691, 19.205683581 ], [ -98.14818638, 19.20568062 ], [ -98.1482026, 19.205680691 ], [ -98.14823191, 19.20568695 ], [ -98.148248089, 19.20569629 ], [ -98.14826751, 19.205705651 ], [ -98.148296599, 19.20572431 ], [ -98.148338709, 19.205764621 ], [ -98.148348349, 19.205783201 ], [ -98.14837091, 19.20581102 ], [ -98.14839042, 19.205832691 ], [ -98.148406539, 19.20585131 ], [ -98.14842909, 19.205882261 ], [ -98.14845835, 19.205897861 ], [ -98.14848745, 19.20591645 ], [ -98.148523049, 19.205932081 ], [ -98.14854589, 19.20593525 ], [ -98.148594549, 19.20593548 ], [ -98.148627149, 19.20593257 ], [ -98.148643399, 19.20592645 ], [ -98.148656379, 19.205926491 ], [ -98.148672779, 19.205920451 ], [ -98.148692289, 19.20591128 ], [ -98.148715049, 19.205902121 ], [ -98.148724799, 19.205895971 ], [ -98.148741089, 19.20588371 ], [ -98.148767349, 19.20585298 ], [ -98.14877402, 19.20581909 ], [ -98.14877735, 19.205800571 ], [ -98.14878066, 19.20578826 ], [ -98.148783999, 19.20576975 ], [ -98.148806939, 19.20572362 ], [ -98.148816779, 19.20570198 ], [ -98.14883326, 19.20568048 ], [ -98.148843109, 19.20565892 ], [ -98.148859419, 19.205640551 ], [ -98.14887897, 19.20562212 ], [ -98.14889866, 19.20560674 ], [ -98.148934429, 19.20559152 ], [ -98.14896709, 19.2055762 ], [ -98.149002879, 19.205557851 ], [ -98.14905822, 19.20554891 ], [ -98.14908422, 19.205539771 ], [ -98.149139519, 19.20553688 ], [ -98.149175779, 19.20553791 ], [ -98.14920511, 19.205544171 ], [ -98.14924397, 19.205556681 ], [ -98.149299199, 19.20556934 ], [ -98.14933497, 19.205578691 ], [ -98.149373819, 19.2055974 ], [ -98.14941286, 19.205600721 ], [ -98.14945828, 19.205600941 ], [ -98.14949088, 19.205597951 ], [ -98.14953311, 19.20558888 ], [ -98.149565819, 19.205564381 ], [ -98.149598349, 19.205546 ], [ -98.149624369, 19.205533801 ], [ -98.14966023, 19.20552775 ], [ -98.14968625, 19.20551555 ], [ -98.149709179, 19.20549712 ], [ -98.149728829, 19.205463311 ], [ -98.14973875, 19.20542637 ], [ -98.149735629, 19.20540162 ], [ -98.149716429, 19.205349091 ], [ -98.14969695, 19.205324341 ], [ -98.149680889, 19.205293421 ], [ -98.149677799, 19.205265601 ], [ -98.14968115, 19.205244031 ], [ -98.149681259, 19.20522245 ], [ -98.14968786, 19.20520088 ], [ -98.149726979, 19.2051918 ], [ -98.149785549, 19.20518586 ], [ -98.149827689, 19.20519226 ], [ -98.14987797, 19.2051948 ], [ -98.149957749, 19.2051898 ], [ -98.15001637, 19.20517462 ], [ -98.1500326, 19.205171621 ], [ -98.150084749, 19.20515334 ], [ -98.15013354, 19.205128911 ], [ -98.1501728, 19.20509203 ], [ -98.150182649, 19.20507049 ], [ -98.150199019, 19.20503971 ], [ -98.150205599, 19.2050212 ], [ -98.150235149, 19.20498123 ], [ -98.1502678, 19.204941261 ], [ -98.15029394, 19.20493218 ], [ -98.1503168, 19.20490145 ], [ -98.150359219, 19.20485531 ], [ -98.15038222, 19.20482763 ], [ -98.150401859, 19.20479074 ], [ -98.150408539, 19.204753711 ], [ -98.15041845, 19.204719851 ], [ -98.150428229, 19.204710621 ], [ -98.15045111, 19.204704601 ], [ -98.150480279, 19.204710861 ], [ -98.15055497, 19.20472354 ], [ -98.15061671, 19.204733081 ], [ -98.15064909, 19.204742491 ], [ -98.15071506, 19.20476023 ], [ -98.150789619, 19.20477172 ], [ -98.15084069, 19.204760821 ], [ -98.150880109, 19.20472371 ], [ -98.15093132, 19.204682951 ], [ -98.15095522, 19.204627171 ], [ -98.15103028, 19.20453802 ], [ -98.151171879, 19.2044724 ], [ -98.15121129, 19.20446135 ], [ -98.151274109, 19.204461651 ], [ -98.15134468, 19.2044732 ], [ -98.151435019, 19.204484771 ], [ -98.15152132, 19.20447402 ], [ -98.151662859, 19.20444852 ], [ -98.15178082, 19.204423 ], [ -98.15183188, 19.204412091 ], [ -98.15185955, 19.20439354 ], [ -98.15190668, 19.20437515 ], [ -98.151934369, 19.20435289 ], [ -98.15198554, 19.20432329 ], [ -98.15201705, 19.204304831 ], [ -98.15205252, 19.204286401 ], [ -98.1520878, 19.20427909 ], [ -98.15209968, 19.20426423 ], [ -98.15211932, 19.20425686 ], [ -98.152178169, 19.2042832 ], [ -98.15226429, 19.20433951 ], [ -98.15234709, 19.204416001 ], [ -98.152495119, 19.20453665 ], [ -98.15260751, 19.20464449 ], [ -98.152674709, 19.20470295 ], [ -98.152737169, 19.204770371 ], [ -98.15278012, 19.204819021 ], [ -98.15279578, 19.20484146 ], [ -98.152842779, 19.20484914 ], [ -98.15288617, 19.20481574 ], [ -98.152929549, 19.204778721 ], [ -98.15295331, 19.204749 ], [ -98.152977149, 19.204696891 ], [ -98.15301269, 19.204641151 ], [ -98.15307977, 19.20458557 ], [ -98.153154519, 19.204556081 ], [ -98.153174119, 19.20455994 ], [ -98.15321743, 19.2045676 ], [ -98.15324863, 19.204608721 ], [ -98.15327975, 19.204664771 ], [ -98.153307019, 19.204724571 ], [ -98.15332646, 19.204758181 ], [ -98.153333969, 19.2048178 ], [ -98.153357229, 19.20488135 ], [ -98.153407999, 19.204930031 ], [ -98.153501919, 19.20499006 ], [ -98.153545, 19.20501263 ], [ -98.15362052, 19.20503218 ], [ -98.153682649, 19.20504789 ], [ -98.15375688, 19.205056851 ], [ -98.15380809, 19.20503697 ], [ -98.153850599, 19.20500838 ], [ -98.15388797, 19.20495142 ], [ -98.153875719, 19.20484268 ], [ -98.153880979, 19.204785201 ], [ -98.153910819, 19.20471797 ], [ -98.1539626, 19.20466455 ], [ -98.154018259, 19.204623431 ], [ -98.15406149, 19.204616171 ], [ -98.154096749, 19.204612651 ], [ -98.154128119, 19.20462025 ], [ -98.15418298, 19.204646571 ], [ -98.154210519, 19.20465415 ], [ -98.154245719, 19.20466177 ], [ -98.15434789, 19.204666021 ], [ -98.15439492, 19.20466623 ], [ -98.15445383, 19.20468134 ], [ -98.154547829, 19.20472283 ], [ -98.154626149, 19.20477532 ], [ -98.15467305, 19.20480538 ], [ -98.154763169, 19.204858001 ], [ -98.15488085, 19.204884621 ], [ -98.154947369, 19.20490729 ], [ -98.15502195, 19.20491509 ], [ -98.155092859, 19.204889351 ], [ -98.1551598, 19.20483 ], [ -98.15519165, 19.20474442 ], [ -98.15520803, 19.20462522 ], [ -98.155216169, 19.20456189 ], [ -98.155228779, 19.20446131 ], [ -98.15524883, 19.204405491 ], [ -98.155276399, 19.204375781 ], [ -98.155343219, 19.2043724 ], [ -98.155374649, 19.20436878 ], [ -98.15545305, 19.2043766 ], [ -98.155594259, 19.20441454 ], [ -98.155700149, 19.204437421 ], [ -98.155806089, 19.204452821 ], [ -98.15587885, 19.2044866 ], [ -98.15597162, 19.20452392 ], [ -98.15607429, 19.204566251 ], [ -98.156128549, 19.204602581 ], [ -98.15616626, 19.20463214 ], [ -98.156205489, 19.20466651 ], [ -98.15625465, 19.20471437 ], [ -98.156333169, 19.204781511 ], [ -98.15639729, 19.204787261 ], [ -98.156452339, 19.20478005 ], [ -98.1565158, 19.20475694 ], [ -98.156547309, 19.20472006 ], [ -98.15659891, 19.204674911 ], [ -98.156640089, 19.204623201 ], [ -98.15667046, 19.20458002 ], [ -98.15671029, 19.204529541 ], [ -98.156768229, 19.20449458 ], [ -98.156866309, 19.20447631 ], [ -98.15694112, 19.204435661 ], [ -98.157000179, 19.20439118 ], [ -98.15705945, 19.204335551 ], [ -98.157082939, 19.20428006 ], [ -98.157099689, 19.204202631 ], [ -98.157163689, 19.204140201 ], [ -98.15719746, 19.2041172 ], [ -98.15724309, 19.204095751 ], [ -98.15728532, 19.20406363 ], [ -98.15731408, 19.20403575 ], [ -98.157340459, 19.204013381 ], [ -98.157372169, 19.203994051 ], [ -98.15740755, 19.203964371 ], [ -98.1574312, 19.203953321 ], [ -98.1574548, 19.203953431 ], [ -98.15750978, 19.20395738 ], [ -98.157580379, 19.203961481 ], [ -98.15763952, 19.203931911 ], [ -98.157722029, 19.203913681 ], [ -98.157847709, 19.203906801 ], [ -98.157969429, 19.203918511 ], [ -98.158094999, 19.20393031 ], [ -98.15829892, 19.20399085 ], [ -98.15837718, 19.204024721 ], [ -98.158518399, 19.20406266 ], [ -98.158631969, 19.2041154 ], [ -98.158749629, 19.20414577 ], [ -98.158824109, 19.204172181 ], [ -98.15889086, 19.20417995 ], [ -98.15896929, 19.204184 ], [ -98.15908802, 19.20421214 ], [ -98.1591598, 19.20422032 ], [ -98.159248, 19.20420765 ], [ -98.15931482, 19.20420426 ], [ -98.15937349, 19.20423437 ], [ -98.159397969, 19.2042686 ], [ -98.15940277, 19.204309681 ], [ -98.15940151, 19.204354851 ], [ -98.159395619, 19.20440737 ], [ -98.15937485, 19.204457681 ], [ -98.15936445, 19.20450966 ], [ -98.15933725, 19.20457734 ], [ -98.15930898, 19.204628861 ], [ -98.15930785, 19.20472205 ], [ -98.15933055, 19.204814431 ], [ -98.159370879, 19.204863481 ], [ -98.159460399, 19.204890751 ], [ -98.159519229, 19.20492086 ], [ -98.15961734, 19.204939911 ], [ -98.15969191, 19.204947711 ], [ -98.15978209, 19.204959351 ], [ -98.15983311, 19.20495958 ], [ -98.159927399, 19.204945111 ], [ -98.160010059, 19.2049268 ], [ -98.160057309, 19.20488603 ], [ -98.160116629, 19.20481925 ], [ -98.16013294, 19.20476369 ], [ -98.16016643, 19.204703 ], [ -98.16019169, 19.204652171 ], [ -98.160231199, 19.20461298 ], [ -98.160280279, 19.204616291 ], [ -98.160318629, 19.20462532 ], [ -98.16038254, 19.20463254 ], [ -98.16044032, 19.20462891 ], [ -98.16046606, 19.204620861 ], [ -98.16050642, 19.20460112 ], [ -98.160537939, 19.204578891 ], [ -98.160592249, 19.20454102 ], [ -98.16061983, 19.204501691 ], [ -98.16066165, 19.20448628 ], [ -98.16073095, 19.204493541 ], [ -98.16079126, 19.20451911 ], [ -98.160836689, 19.204516891 ], [ -98.160907619, 19.204491081 ], [ -98.160983119, 19.204422721 ], [ -98.16106935, 19.204369661 ], [ -98.16117948, 19.204314711 ], [ -98.16125568, 19.20425545 ], [ -98.161366799, 19.204201781 ], [ -98.161536289, 19.20419028 ], [ -98.161718889, 19.204141401 ], [ -98.161852319, 19.204145771 ], [ -98.16195052, 19.20414622 ], [ -98.16206846, 19.204120621 ], [ -98.162167, 19.204054021 ], [ -98.16222234, 19.203987141 ], [ -98.162301289, 19.203886921 ], [ -98.16238043, 19.203779171 ], [ -98.162451659, 19.20366023 ], [ -98.16252425, 19.20352623 ], [ -98.16262588, 19.203381451 ], [ -98.16270398, 19.203246781 ], [ -98.16280388, 19.20311391 ], [ -98.16291012, 19.202981861 ], [ -98.162945029, 19.202931141 ], [ -98.162982539, 19.2028908 ], [ -98.163073459, 19.202845601 ], [ -98.163148449, 19.2028004 ], [ -98.16319128, 19.202754981 ], [ -98.16325012, 19.202724861 ], [ -98.16331411, 19.20272515 ], [ -98.163399419, 19.202740771 ], [ -98.163506059, 19.20276152 ], [ -98.163585999, 19.20278717 ], [ -98.163667939, 19.20280891 ], [ -98.16372466, 19.20280303 ], [ -98.16380485, 19.202752751 ], [ -98.163853259, 19.202682081 ], [ -98.163880229, 19.20262646 ], [ -98.163912579, 19.20255571 ], [ -98.16394562, 19.20246822 ], [ -98.16398011, 19.20237417 ], [ -98.16400432, 19.202266341 ], [ -98.164058339, 19.202222141 ], [ -98.164105769, 19.202150511 ], [ -98.16414432, 19.20210098 ], [ -98.164203309, 19.202040421 ], [ -98.16426738, 19.202025551 ], [ -98.164404279, 19.202046661 ], [ -98.16451195, 19.20209302 ], [ -98.1645492, 19.20210331 ], [ -98.164581399, 19.202093321 ], [ -98.164618829, 19.20206822 ], [ -98.16464138, 19.20202054 ], [ -98.164636079, 19.20197117 ], [ -98.16464262, 19.201917351 ], [ -98.164712599, 19.20186991 ], [ -98.164765419, 19.20183791 ], [ -98.1648302, 19.201796691 ], [ -98.16490298, 19.201801081 ], [ -98.165031259, 19.20174591 ], [ -98.16514345, 19.20172114 ], [ -98.165255549, 19.20171152 ], [ -98.1653728, 19.20173734 ], [ -98.16547915, 19.20181382 ], [ -98.165595939, 19.20193086 ], [ -98.1657032, 19.20200672 ], [ -98.16582542, 19.202068451 ], [ -98.16595414, 19.20209965 ], [ -98.166057309, 19.202106251 ], [ -98.16610905, 19.20208198 ], [ -98.16614155, 19.202039261 ], [ -98.16615469, 19.201978171 ], [ -98.166174369, 19.20190477 ], [ -98.166220109, 19.201782571 ], [ -98.16627225, 19.20167877 ], [ -98.166304969, 19.20159318 ], [ -98.166369859, 19.201501711 ], [ -98.16644748, 19.201459181 ], [ -98.166537719, 19.201459601 ], [ -98.16665363, 19.201484621 ], [ -98.16673068, 19.20155846 ], [ -98.166762629, 19.201625891 ], [ -98.166839519, 19.201699721 ], [ -98.16698726, 19.20181668 ], [ -98.16705785, 19.201884281 ], [ -98.167128309, 19.20197646 ], [ -98.16723094, 19.202093221 ], [ -98.16732095, 19.20213649 ], [ -98.1674108, 19.202216431 ], [ -98.1676036, 19.202345831 ], [ -98.16775138, 19.20245666 ], [ -98.16788612, 19.202579751 ], [ -98.168025259, 19.20264766 ], [ -98.168212199, 19.20265463 ], [ -98.16839274, 19.202643221 ], [ -98.168592889, 19.20260125 ], [ -98.168720289, 19.202565551 ], [ -98.168789079, 19.20248437 ], [ -98.168822599, 19.202393401 ], [ -98.16889282, 19.202300281 ], [ -98.168971339, 19.20219965 ], [ -98.169042539, 19.202095401 ], [ -98.16909945, 19.201994231 ], [ -98.16918331, 19.201896321 ], [ -98.169291199, 19.20180928 ], [ -98.16945112, 19.201697891 ], [ -98.16952835, 19.201643421 ], [ -98.169793679, 19.20162963 ], [ -98.169926279, 19.201603971 ], [ -98.17002578, 19.20155055 ], [ -98.170160709, 19.20149063 ], [ -98.170367, 19.201370421 ], [ -98.170460139, 19.201283321 ], [ -98.170660399, 19.20127034 ], [ -98.170849369, 19.20129857 ], [ -98.17104063, 19.20132635 ], [ -98.17117505, 19.201367321 ], [ -98.17125985, 19.201421571 ], [ -98.171287649, 19.20152258 ], [ -98.171308279, 19.20164382 ], [ -98.171258119, 19.20176474 ], [ -98.171228939, 19.20193954 ], [ -98.17124212, 19.20213471 ], [ -98.171312259, 19.202262851 ], [ -98.17134008, 19.202390861 ], [ -98.1715024, 19.20251266 ], [ -98.17165112, 19.202553771 ], [ -98.17177872, 19.20254085 ], [ -98.171906689, 19.20248765 ], [ -98.172013289, 19.202427511 ], [ -98.172098879, 19.202327 ], [ -98.17217737, 19.202199461 ], [ -98.172298599, 19.202105881 ], [ -98.17243349, 19.20205262 ], [ -98.17261462, 19.202071351 ], [ -98.172731889, 19.20212008 ], [ -98.17296058, 19.20212111 ], [ -98.17307522, 19.202047981 ], [ -98.17316572, 19.201935951 ], [ -98.173259859, 19.20189374 ], [ -98.173366749, 19.201813461 ], [ -98.17350146, 19.201759171 ], [ -98.173636369, 19.2017326 ], [ -98.173754549, 19.20177577 ], [ -98.173817519, 19.20186838 ], [ -98.17377408, 19.20200069 ], [ -98.17369232, 19.20219442 ], [ -98.173682479, 19.202327571 ], [ -98.173703319, 19.202455691 ], [ -98.17379646, 19.20251315 ], [ -98.1738872, 19.20255148 ], [ -98.17399486, 19.20259774 ], [ -98.174138249, 19.202657551 ], [ -98.174419679, 19.202728631 ], [ -98.174640309, 19.202718001 ], [ -98.17473034, 19.20267185 ], [ -98.17473445, 19.202582951 ], [ -98.17464228, 19.20232254 ], [ -98.17460637, 19.20213245 ], [ -98.174673029, 19.20189234 ], [ -98.17479203, 19.201772751 ], [ -98.175290029, 19.20167312 ], [ -98.175676289, 19.20165049 ], [ -98.17601554, 19.201737831 ], [ -98.175930459, 19.201986461 ], [ -98.17582546, 19.202088831 ], [ -98.17577623, 19.202222091 ], [ -98.175751689, 19.20276772 ], [ -98.175752579, 19.20297045 ], [ -98.17565894, 19.203289711 ], [ -98.17554838, 19.20340057 ], [ -98.175551819, 19.203502221 ], [ -98.175593969, 19.20359295 ], [ -98.17571615, 19.203815 ], [ -98.175709449, 19.203970851 ], [ -98.17564997, 19.20406785 ], [ -98.175540889, 19.204146941 ], [ -98.17536666, 19.204216891 ], [ -98.17517397, 19.204254341 ], [ -98.174853879, 19.204252091 ], [ -98.17451052, 19.204442321 ], [ -98.17416908, 19.20458115 ], [ -98.17383578, 19.20461171 ], [ -98.17365546, 19.204658061 ], [ -98.17363555, 19.204755971 ], [ -98.173931259, 19.206033681 ], [ -98.17424515, 19.207385691 ], [ -98.174483749, 19.207508281 ], [ -98.174492549, 19.207627181 ], [ -98.17442543, 19.20790031 ], [ -98.174368309, 19.2080516 ], [ -98.17391505, 19.20960106 ], [ -98.17427108, 19.20989557 ], [ -98.17429949, 19.210206771 ], [ -98.17406409, 19.21051834 ], [ -98.17387955, 19.210576781 ], [ -98.173576569, 19.21056389 ], [ -98.17313598, 19.21092043 ], [ -98.172263679, 19.21383531 ], [ -98.1728038, 19.213679081 ], [ -98.173197889, 19.21359235 ], [ -98.17356858, 19.21353777 ], [ -98.174013219, 19.21358617 ], [ -98.174429599, 19.21363918 ], [ -98.174881659, 19.21361309 ], [ -98.17544534, 19.21348905 ], [ -98.175735449, 19.21325829 ], [ -98.176261859, 19.213176261 ], [ -98.17712443, 19.21297555 ], [ -98.177576419, 19.21296352 ], [ -98.178013739, 19.212923311 ], [ -98.178340059, 19.21288268 ], [ -98.17875548, 19.21277203 ], [ -98.179312539, 19.212493231 ], [ -98.17968298, 19.212277081 ], [ -98.1802876, 19.21209534 ], [ -98.18064354, 19.212121781 ], [ -98.1808104, 19.212266661 ], [ -98.180935549, 19.212366621 ], [ -98.1812566, 19.21236083 ], [ -98.18145709, 19.212270311 ], [ -98.18167246, 19.21216578 ], [ -98.18198478, 19.211928091 ], [ -98.18235592, 19.21178911 ], [ -98.18287045, 19.21161351 ], [ -98.183377289, 19.2115662 ], [ -98.184174689, 19.21149538 ], [ -98.185067679, 19.21135888 ], [ -98.185729139, 19.21117109 ], [ -98.18654983, 19.21093125 ], [ -98.18677008, 19.21090818 ], [ -98.1872224, 19.210857351 ], [ -98.18777715, 19.210665251 ], [ -98.188035769, 19.210571021 ], [ -98.18820354, 19.210542381 ], [ -98.188605749, 19.21059406 ], [ -98.188694659, 19.21063472 ], [ -98.188823539, 19.21063052 ], [ -98.188920519, 19.21058269 ], [ -98.188979292, 19.210520751 ], [ -98.189040829, 19.210355031 ], [ -98.189105719, 19.21015274 ], [ -98.18924151, 19.210048221 ], [ -98.189414059, 19.209991001 ], [ -98.189659879, 19.20993963 ], [ -98.18989926, 19.20991972 ], [ -98.19009769, 19.209957521 ], [ -98.190311049, 19.210010281 ], [ -98.19054806, 19.210088311 ], [ -98.190939289, 19.210171151 ], [ -98.19123562, 19.210215121 ], [ -98.191263325, 19.21021907 ], [ -98.191302896, 19.210224712 ], [ -98.19154905, 19.210259801 ], [ -98.19205305, 19.210278911 ], [ -98.192394999, 19.21031951 ], [ -98.19252928, 19.21032928 ], [ -98.192743459, 19.21037171 ], [ -98.19293851, 19.21044931 ], [ -98.19317228, 19.210450121 ], [ -98.1933638, 19.210466571 ], [ -98.19354343, 19.21060603 ], [ -98.19406203, 19.21039885 ], [ -98.194579519, 19.210419341 ], [ -98.19454952, 19.210564921 ], [ -98.194531038, 19.210654603 ], [ -98.19441426, 19.211221281 ], [ -98.194384695, 19.211364744 ], [ -98.194379773, 19.211388637 ], [ -98.194375282, 19.211410428 ], [ -98.194346015, 19.211552451 ], [ -98.194257477, 19.211982087 ], [ -98.194229477, 19.212117956 ], [ -98.19422945, 19.212118091 ], [ -98.19421743, 19.2121764 ], [ -98.194642979, 19.212366151 ], [ -98.19491517, 19.21246952 ], [ -98.19531282, 19.2125364 ], [ -98.195659979, 19.212628431 ], [ -98.19595903, 19.21271706 ], [ -98.1961632, 19.212922291 ], [ -98.196434399, 19.213039381 ], [ -98.19654248, 19.213086051 ], [ -98.19647691, 19.21335445 ], [ -98.196379819, 19.213751911 ], [ -98.196349349, 19.2139008 ], [ -98.19632434, 19.21401911 ], [ -98.196315969, 19.21405869 ], [ -98.196240429, 19.21442168 ], [ -98.19620335, 19.214875281 ], [ -98.19626428, 19.21539234 ], [ -98.196356169, 19.21587743 ], [ -98.19640077, 19.216112885 ], [ -98.196445071, 19.216346763 ], [ -98.196445369, 19.216348341 ], [ -98.196980319, 19.216054111 ], [ -98.197650579, 19.216015261 ], [ -98.19827163, 19.215846971 ], [ -98.198781179, 19.21588768 ], [ -98.19942022, 19.216126711 ], [ -98.200301149, 19.21632166 ], [ -98.201336889, 19.21652092 ], [ -98.202335569, 19.21650769 ], [ -98.203234179, 19.216686851 ], [ -98.20363217, 19.21672843 ], [ -98.20397117, 19.216667081 ], [ -98.2044296, 19.216488651 ], [ -98.204702612, 19.216401965 ], [ -98.204718629, 19.21639688 ], [ -98.204733811, 19.21639747 ], [ -98.204765162, 19.216398686 ], [ -98.204870349, 19.21640277 ], [ -98.20518122, 19.216482951 ], [ -98.20538906, 19.216538171 ], [ -98.20571166, 19.21652969 ], [ -98.20599311, 19.21642723 ], [ -98.20648242, 19.21637503 ], [ -98.20692975, 19.216396721 ], [ -98.20726286, 19.21636854 ], [ -98.207574969, 19.216379751 ], [ -98.20769482, 19.216340771 ], [ -98.2078836, 19.216030521 ], [ -98.20801914, 19.21597678 ], [ -98.20852351, 19.21603822 ], [ -98.209114979, 19.21607977 ], [ -98.209688743, 19.216088614 ], [ -98.20973786, 19.216089371 ], [ -98.210004589, 19.216093486 ], [ -98.210043394, 19.216094695 ], [ -98.210373919, 19.21610495 ], [ -98.210748569, 19.216096691 ], [ -98.21103483, 19.216073231 ], [ -98.211336479, 19.21609428 ], [ -98.211632799, 19.21614494 ], [ -98.21203274, 19.216284911 ], [ -98.212526649, 19.216361091 ], [ -98.21289038, 19.21645648 ], [ -98.213067259, 19.21645723 ], [ -98.21319528, 19.216466263 ], [ -98.213206575, 19.216467061 ], [ -98.213206387, 19.216467988 ], [ -98.213202328, 19.216487932 ], [ -98.213200888, 19.216495009 ], [ -98.213186689, 19.216564741 ], [ -98.21306889, 19.21714326 ], [ -98.213056171, 19.217205721 ], [ -98.213027189, 19.21734806 ], [ -98.21289097, 19.21801705 ], [ -98.212684999, 19.21902855 ], [ -98.21265466, 19.21918509 ], [ -98.212346679, 19.22077348 ], [ -98.21228117, 19.221111341 ], [ -98.211930259, 19.222921001 ], [ -98.21186855, 19.223239281 ], [ -98.21139649, 19.225735199 ], [ -98.211343563, 19.225706554 ], [ -98.211297576, 19.225695005 ], [ -98.21125119, 19.225685009 ], [ -98.21120507, 19.225673947 ], [ -98.211158973, 19.225662803 ], [ -98.211116516, 19.225642431 ], [ -98.21107406, 19.225622057 ], [ -98.211029733, 19.225605666 ], [ -98.210985276, 19.225589598 ], [ -98.210940809, 19.225573553 ], [ -98.210894809, 19.225562058 ], [ -98.210849718, 19.225547674 ], [ -98.210803733, 19.225536114 ], [ -98.210758588, 19.225521883 ], [ -98.210714637, 19.225504605 ], [ -98.210670212, 19.225488456 ], [ -98.210627586, 19.225468405 ], [ -98.210583311, 19.22545189 ], [ -98.210539588, 19.225434098 ], [ -98.210498076, 19.22541204 ], [ -98.210454811, 19.22539326 ], [ -98.210410447, 19.225376963 ], [ -98.210364481, 19.225365342 ], [ -98.210318392, 19.225354168 ], [ -98.210271095, 19.225349373 ], [ -98.210223986, 19.225343121 ], [ -98.210176679, 19.225338407 ], [ -98.21013299, 19.225348638 ], [ -98.21008934, 19.22533574 ], [ -98.210044986, 19.225311713 ], [ -98.20997609, 19.225292349 ], [ -98.209929345, 19.225268315 ], [ -98.209859123, 19.225253711 ], [ -98.209790574, 19.225239115 ], [ -98.209757195, 19.225219874 ], [ -98.209695379, 19.225197392 ], [ -98.209646815, 19.225203538 ], [ -98.209601704, 19.225187454 ], [ -98.209558276, 19.225169789 ], [ -98.209525671, 19.225163291 ], [ -98.209496458, 19.225147276 ], [ -98.209452977, 19.225140732 ], [ -98.209409494, 19.225134189 ], [ -98.209374448, 19.225113382 ], [ -98.209330973, 19.22510525 ], [ -98.209300917, 19.225090819 ], [ -98.209275645, 19.225085919 ], [ -98.209232742, 19.225062861 ], [ -98.209188471, 19.225043066 ], [ -98.209144675, 19.22503852 ], [ -98.209100176, 19.225032882 ], [ -98.20905384, 19.225018522 ], [ -98.209009144, 19.225008527 ], [ -98.208950378, 19.224995203 ], [ -98.20890457, 19.224978668 ], [ -98.208848971, 19.224975797 ], [ -98.208797229, 19.224938908 ], [ -98.208759138, 19.224912828 ], [ -98.208742007, 19.224871256 ], [ -98.208696541, 19.224857975 ], [ -98.208653984, 19.224837794 ], [ -98.208611524, 19.224817429 ], [ -98.208588738, 19.224773869 ], [ -98.208525855, 19.22474077 ], [ -98.20848961, 19.224707786 ], [ -98.208448965, 19.224672916 ], [ -98.208406567, 19.224658911 ], [ -98.208364072, 19.22464836 ], [ -98.208322665, 19.224632632 ], [ -98.208281304, 19.22464057 ], [ -98.208238875, 19.224620146 ], [ -98.208197588, 19.224597707 ], [ -98.208153138, 19.224581624 ], [ -98.208109048, 19.224564668 ], [ -98.20804108, 19.22455904 ], [ -98.208018464, 19.224567037 ], [ -98.207971833, 19.224528447 ], [ -98.207925432, 19.224518506 ], [ -98.207878237, 19.224512877 ], [ -98.207831062, 19.224507099 ], [ -98.207785753, 19.224493343 ], [ -98.207738946, 19.224485305 ], [ -98.20769383, 19.22447099 ], [ -98.207647841, 19.224459452 ], [ -98.207603223, 19.224443794 ], [ -98.207558743, 19.224427782 ], [ -98.207430116, 19.224394533 ], [ -98.207372587, 19.224377591 ], [ -98.20731535, 19.224530182 ], [ -98.206670396, 19.226301428 ], [ -98.20664734, 19.226358543 ], [ -98.206570388, 19.226560178 ], [ -98.20699091, 19.226792683 ], [ -98.207423027, 19.226810728 ], [ -98.207861644, 19.227035253 ], [ -98.207899664, 19.227149291 ], [ -98.20780313, 19.227265711 ], [ -98.207538094, 19.227300714 ], [ -98.207402392, 19.227397016 ], [ -98.207041773, 19.227401511 ], [ -98.206535088, 19.227390617 ], [ -98.206083531, 19.227470965 ], [ -98.205713448, 19.227574713 ], [ -98.205301417, 19.227582883 ], [ -98.205069032, 19.227617527 ], [ -98.204780927, 19.22775277 ], [ -98.204416878, 19.227802478 ], [ -98.203982021, 19.227737226 ], [ -98.203754516, 19.227746581 ], [ -98.203415052, 19.227849221 ], [ -98.202833465, 19.22793198 ], [ -98.202465242, 19.227752905 ], [ -98.202108354, 19.227900461 ], [ -98.201853138, 19.227772704 ], [ -98.201380873, 19.227829364 ], [ -98.200890354, 19.227781637 ], [ -98.200684091, 19.227744452 ], [ -98.200513512, 19.227910759 ], [ -98.200122541, 19.227924685 ], [ -98.19983293, 19.228066945 ], [ -98.199643623, 19.228218366 ], [ -98.198862089, 19.228409546 ], [ -98.198244602, 19.228528609 ], [ -98.197985716, 19.228448167 ], [ -98.197951077, 19.228542259 ], [ -98.197850918, 19.228645531 ], [ -98.197544297, 19.228640545 ], [ -98.197245761, 19.228634025 ], [ -98.19694125, 19.228736398 ], [ -98.196776395, 19.228840434 ], [ -98.196494244, 19.228862243 ], [ -98.196047999, 19.22899527 ], [ -98.19560752, 19.229003403 ], [ -98.195112833, 19.229125396 ], [ -98.194483801, 19.228927973 ], [ -98.193858494, 19.228866118 ], [ -98.193480074, 19.228904973 ], [ -98.193054781, 19.228963129 ], [ -98.192722772, 19.228872072 ], [ -98.192398055, 19.228906931 ], [ -98.192197007, 19.229053384 ], [ -98.191946961, 19.229000428 ], [ -98.191546016, 19.228925024 ], [ -98.191273871, 19.228896765 ], [ -98.191234535, 19.229040683 ], [ -98.190914912, 19.229861205 ], [ -98.190817732, 19.229782581 ], [ -98.190572492, 19.229584168 ], [ -98.190563354, 19.22960966 ], [ -98.190167277, 19.230714595 ], [ -98.189895536, 19.230725012 ], [ -98.189803201, 19.230801958 ], [ -98.189719031, 19.230851476 ], [ -98.189622877, 19.230942784 ], [ -98.189575053, 19.231019231 ], [ -98.189541965, 19.231090386 ], [ -98.189462188, 19.231150637 ], [ -98.189417747, 19.231159353 ], [ -98.189345928, 19.231167947 ], [ -98.189256101, 19.231151507 ], [ -98.18918312, 19.231106621 ], [ -98.189077778, 19.231058027 ], [ -98.189042412, 19.230997651 ], [ -98.189036877, 19.230978084 ], [ -98.189020117, 19.230951195 ], [ -98.18904884, 19.230924238 ], [ -98.188965423, 19.230926493 ], [ -98.188910708, 19.230964777 ], [ -98.188859523, 19.230994842 ], [ -98.188791366, 19.231016756 ], [ -98.188752989, 19.231047601 ], [ -98.188720496, 19.231067036 ], [ -98.188685011, 19.231096248 ], [ -98.188648135, 19.23110867 ], [ -98.188611293, 19.231114101 ], [ -98.188549411, 19.231120819 ], [ -98.188511193, 19.231106666 ], [ -98.1884524, 19.231084029 ], [ -98.188393729, 19.230987167 ], [ -98.188370745, 19.230869592 ], [ -98.188363471, 19.230816273 ], [ -98.188369375, 19.230760812 ], [ -98.188285777, 19.230724846 ], [ -98.188222221, 19.230756612 ], [ -98.188168917, 19.230738946 ], [ -98.188132499, 19.230714193 ], [ -98.18809135, 19.230717137 ], [ -98.188063388, 19.23071545 ], [ -98.188014113, 19.230698043 ], [ -98.187971335, 19.230697854 ], [ -98.187917039, 19.230697613 ], [ -98.18783929, 19.23071294 ], [ -98.187787115, 19.230715834 ], [ -98.187707903, 19.230663918 ], [ -98.187606296, 19.230582683 ], [ -98.187552107, 19.230465144 ], [ -98.187465779, 19.230359937 ], [ -98.187281346, 19.230404105 ], [ -98.18712882, 19.230461899 ], [ -98.187000222, 19.230507867 ], [ -98.1868827, 19.23055733 ], [ -98.186769406, 19.230556827 ], [ -98.186622636, 19.230566196 ], [ -98.186473196, 19.230543607 ], [ -98.186401203, 19.230453267 ], [ -98.186406885, 19.23033795 ], [ -98.186331013, 19.230259716 ], [ -98.186134564, 19.230368607 ], [ -98.185962581, 19.230392638 ], [ -98.18587826, 19.230272795 ], [ -98.185833017, 19.230204403 ], [ -98.185770986, 19.230082363 ], [ -98.185643158, 19.230030759 ], [ -98.185492774, 19.230075334 ], [ -98.185266087, 19.230187352 ], [ -98.185035632, 19.230172997 ], [ -98.184851283, 19.230002572 ], [ -98.184688336, 19.229878329 ], [ -98.184591297, 19.229871683 ], [ -98.184452897, 19.229867914 ], [ -98.184238575, 19.229968526 ], [ -98.184042928, 19.229885006 ], [ -98.18369102, 19.229851953 ], [ -98.183385988, 19.229850593 ], [ -98.182651199, 19.22976092 ], [ -98.182528363, 19.229897594 ], [ -98.182509981, 19.229707288 ], [ -98.181490629, 19.229721 ], [ -98.18094437, 19.22976569 ], [ -98.180447919, 19.229772881 ], [ -98.179470179, 19.229891921 ], [ -98.178929779, 19.230253451 ], [ -98.17819438, 19.23044372 ], [ -98.177714649, 19.23060074 ], [ -98.177539649, 19.23085165 ], [ -98.17729997, 19.23101315 ], [ -98.177154339, 19.23096558 ], [ -98.17704654, 19.23076735 ], [ -98.176727139, 19.230708051 ], [ -98.176045969, 19.230883201 ], [ -98.175488909, 19.231030601 ], [ -98.17517148, 19.230957771 ] ] ] ] } },
{ "type": "Feature", "properties": { "cvegeo": "29004", "cve_ent": "29", "cve_mun": "004", "nomgeo": "Atltzayanca", "cve_cab": "0001", "pob_total": "18111", "pob_femenina": "9168", "pob_masculina": "8943", "total_viviendas_habitadas": "4536" }, "geometry": { "type": "MultiPolygon", "coordinates": [ [ [ [ -97.79513249, 19.49681909 ], [ -97.79533405, 19.49569158 ], [ -97.79525471, 19.49376572 ], [ -97.79490417, 19.49137929 ], [ -97.79491568, 19.49100717 ], [ -97.79490802, 19.49066603 ], [ -97.79492872, 19.4899962 ], [ -97.79516346, 19.4893882 ], [ -97.79505498, 19.48908723 ], [ -97.79499265, 19.48856408 ], [ -97.79494818, 19.48809729 ], [ -97.79513909, 19.48763705 ], [ -97.79528589, 19.48737269 ], [ -97.79504531, 19.48690046 ], [ -97.79490106, 19.48648675 ], [ -97.7950862, 19.48621257 ], [ -97.7957236, 19.48591372 ], [ -97.79654729, 19.48530348 ], [ -97.7968202, 19.48503451 ], [ -97.79681629, 19.48357811 ], [ -97.79680351, 19.48291528 ], [ -97.79713477, 19.48188343 ], [ -97.79703885, 19.48068198 ], [ -97.79756934, 19.47891008 ], [ -97.79762528, 19.47853355 ], [ -97.79756275, 19.47816775 ], [ -97.79769762, 19.47762538 ], [ -97.79775132, 19.47684272 ], [ -97.79751745, 19.47629011 ], [ -97.79728268, 19.47576548 ], [ -97.79733471, 19.47551488 ], [ -97.79740712, 19.4750828 ], [ -97.79749688, 19.4745672 ], [ -97.7974222, 19.47411703 ], [ -97.79711111, 19.47367429 ], [ -97.7969206, 19.47315091 ], [ -97.79685926, 19.47244285 ], [ -97.79433562, 19.47231122 ], [ -97.79400294, 19.47224135 ], [ -97.7935516, 19.4721256 ], [ -97.79310128, 19.47187454 ], [ -97.79231809, 19.47157617 ], [ -97.79212889, 19.47141706 ], [ -97.79180832, 19.47131995 ], [ -97.79143352, 19.47124628 ], [ -97.79075598, 19.47107106 ], [ -97.79022492, 19.47098063 ], [ -97.78945605, 19.47081909 ], [ -97.78841214, 19.47065571 ], [ -97.78725772, 19.47056109 ], [ -97.78658012, 19.47045229 ], [ -97.78501846, 19.47087628 ], [ -97.78413634, 19.47114842 ], [ -97.78315977, 19.47139482 ], [ -97.78193508, 19.47168942 ], [ -97.77944302, 19.47255631 ], [ -97.77804575, 19.4728774 ], [ -97.77679795, 19.47234865 ], [ -97.7761492, 19.47163772 ], [ -97.77574562, 19.47096794 ], [ -97.7752034, 19.47049488 ], [ -97.77482649, 19.47007926 ], [ -97.77427449, 19.46932414 ], [ -97.77396355, 19.46917455 ], [ -97.77413852, 19.46366358 ], [ -97.77408175, 19.46310466 ], [ -97.77403217, 19.46211498 ], [ -97.77400462, 19.46111845 ], [ -97.77392292, 19.45955695 ], [ -97.77363908, 19.45877522 ], [ -97.77293282, 19.45825394 ], [ -97.77071123, 19.4566142 ], [ -97.77018045, 19.45725748 ], [ -97.76987112, 19.45756311 ], [ -97.76935314, 19.45798263 ], [ -97.76878138, 19.45810132 ], [ -97.76842017, 19.45804631 ], [ -97.76783918, 19.45795522 ], [ -97.76724289, 19.45784872 ], [ -97.76702058, 19.45784677 ], [ -97.76679482, 19.45786418 ], [ -97.76609215, 19.45792757 ], [ -97.76546746, 19.4578982 ], [ -97.76480785, 19.45778478 ], [ -97.764331, 19.45742726 ], [ -97.76342145, 19.45722777 ], [ -97.76266302, 19.45720651 ], [ -97.76175068, 19.45725292 ], [ -97.76124282, 19.45731068 ], [ -97.76032905, 19.45722226 ], [ -97.75938448, 19.45727189 ], [ -97.75853897, 19.45736234 ], [ -97.75807377, 19.45748249 ], [ -97.75754306, 19.45777209 ], [ -97.75701771, 19.45789055 ], [ -97.75655663, 19.4578776 ], [ -97.75607671, 19.45782608 ], [ -97.75535918, 19.45767271 ], [ -97.75480145, 19.45754288 ], [ -97.75692674, 19.45315503 ], [ -97.75665295, 19.45250358 ], [ -97.75612785, 19.45193091 ], [ -97.75526369, 19.45134871 ], [ -97.75398212, 19.45036854 ], [ -97.75364374, 19.45033757 ], [ -97.75330038, 19.4504614 ], [ -97.75233982, 19.45077472 ], [ -97.75141615, 19.45105505 ], [ -97.75097218, 19.45148497 ], [ -97.75021566, 19.45158282 ], [ -97.74984351, 19.45143623 ], [ -97.74950295, 19.45142665 ], [ -97.74896631, 19.45137752 ], [ -97.74828892, 19.45123937 ], [ -97.74785875, 19.45122726 ], [ -97.74736646, 19.45090712 ], [ -97.74698649, 19.45043702 ], [ -97.74682638, 19.44981994 ], [ -97.74668369, 19.44922037 ], [ -97.74630177, 19.44823972 ], [ -97.74592789, 19.44761291 ], [ -97.74581406, 19.44718835 ], [ -97.74568797, 19.44693818 ], [ -97.74555914, 19.44652349 ], [ -97.74539975, 19.44607806 ], [ -97.74525766, 19.44583491 ], [ -97.745024, 19.44571683 ], [ -97.74483898, 19.44542029 ], [ -97.74469415, 19.44504163 ], [ -97.74467822, 19.44474983 ], [ -97.74461483, 19.44417132 ], [ -97.74464688, 19.44354792 ], [ -97.74481954, 19.44306702 ], [ -97.74514323, 19.44214448 ], [ -97.74542594, 19.44128918 ], [ -97.74553288, 19.44076042 ], [ -97.74550774, 19.44040805 ], [ -97.74537502, 19.44002692 ], [ -97.74520775, 19.43959337 ], [ -97.74520625, 19.43935317 ], [ -97.74547202, 19.43894895 ], [ -97.74591891, 19.4383708 ], [ -97.7461058, 19.43814406 ], [ -97.74626397, 19.43791652 ], [ -97.74640988, 19.4376204 ], [ -97.74654646, 19.43739223 ], [ -97.746697, 19.43717812 ], [ -97.74695155, 19.43685775 ], [ -97.74711794, 19.43653572 ], [ -97.74727874, 19.43633397 ], [ -97.74693892, 19.43612305 ], [ -97.74604435, 19.43575572 ], [ -97.74574714, 19.43556074 ], [ -97.74511431, 19.43522098 ], [ -97.74492117, 19.43500842 ], [ -97.74471028, 19.43496777 ], [ -97.74444354, 19.43484226 ], [ -97.74402038, 19.43470452 ], [ -97.74372298, 19.43456885 ], [ -97.74358169, 19.43447194 ], [ -97.74348888, 19.43430791 ], [ -97.74330297, 19.43398963 ], [ -97.74299706, 19.43371689 ], [ -97.74288911, 19.43354266 ], [ -97.74287142, 19.43345485 ], [ -97.74297098, 19.43331852 ], [ -97.74310031, 19.43316911 ], [ -97.74313671, 19.43295694 ], [ -97.74303594, 19.43284526 ], [ -97.74279972, 19.43272977 ], [ -97.74257718, 19.43257818 ], [ -97.7421378, 19.4323222 ], [ -97.74174469, 19.43222762 ], [ -97.74120929, 19.43222645 ], [ -97.74106918, 19.43225034 ], [ -97.74101652, 19.43252725 ], [ -97.74037389, 19.43261885 ], [ -97.73973945, 19.43273302 ], [ -97.73936675, 19.43278412 ], [ -97.73887635, 19.43284134 ], [ -97.73873091, 19.43292852 ], [ -97.73857791, 19.4330368 ], [ -97.73850074, 19.43302972 ], [ -97.73850988, 19.43290271 ], [ -97.73862957, 19.43270537 ], [ -97.7387864, 19.4324748 ], [ -97.73875929, 19.43235165 ], [ -97.73859109, 19.43212172 ], [ -97.73826778, 19.43190209 ], [ -97.73797929, 19.43188906 ], [ -97.73775723, 19.43205711 ], [ -97.73746646, 19.43275435 ], [ -97.73707732, 19.43356206 ], [ -97.73699605, 19.43380395 ], [ -97.73679834, 19.43447405 ], [ -97.73678054, 19.43471026 ], [ -97.73672946, 19.43484692 ], [ -97.73662515, 19.43485877 ], [ -97.73651229, 19.4348112 ], [ -97.73639622, 19.43479995 ], [ -97.73635128, 19.43436538 ], [ -97.73626238, 19.43421288 ], [ -97.73611211, 19.433951 ], [ -97.73611286, 19.43373991 ], [ -97.7359592, 19.43318983 ], [ -97.73584803, 19.43281451 ], [ -97.73578872, 19.43265172 ], [ -97.73566405, 19.43252043 ], [ -97.73554312, 19.43245592 ], [ -97.73541549, 19.43241898 ], [ -97.73530349, 19.4324436 ], [ -97.73518957, 19.43252926 ], [ -97.73504645, 19.4327268 ], [ -97.73489492, 19.43307806 ], [ -97.73474277, 19.43326265 ], [ -97.73462143, 19.43339809 ], [ -97.73449198, 19.43360554 ], [ -97.73442618, 19.433837 ], [ -97.73436072, 19.43405737 ], [ -97.73435585, 19.43421278 ], [ -97.73431742, 19.43426826 ], [ -97.73428432, 19.43440409 ], [ -97.73428454, 19.43479094 ], [ -97.73425232, 19.43489945 ], [ -97.73421369, 19.43494915 ], [ -97.73416746, 19.43497911 ], [ -97.73410262, 19.43497992 ], [ -97.73380958, 19.43486611 ], [ -97.73336429, 19.43464246 ], [ -97.73296455, 19.43438492 ], [ -97.73264322, 19.43422811 ], [ -97.73251318, 19.43411889 ], [ -97.73234178, 19.43391002 ], [ -97.73219314, 19.43344848 ], [ -97.73168914, 19.43303078 ], [ -97.73141989, 19.4328684 ], [ -97.73122031, 19.43284869 ], [ -97.73105191, 19.43278062 ], [ -97.73072948, 19.43265892 ], [ -97.73043038, 19.43250272 ], [ -97.73033406, 19.4325 ], [ -97.72985649, 19.43256748 ], [ -97.72853991, 19.43285049 ], [ -97.72741915, 19.43300812 ], [ -97.7271682, 19.4330198 ], [ -97.72694597, 19.4329572 ], [ -97.72548642, 19.43205765 ], [ -97.72476129, 19.43163042 ], [ -97.72452512, 19.43163695 ], [ -97.724313108, 19.430540768 ], [ -97.72410477, 19.42946357 ], [ -97.72403426, 19.429004632 ], [ -97.72359529, 19.4261474 ], [ -97.72347478, 19.42557443 ], [ -97.72335711, 19.42512046 ], [ -97.723352486, 19.425119225 ], [ -97.72159122, 19.42464874 ], [ -97.721589787, 19.424639555 ], [ -97.72156008, 19.42444906 ], [ -97.72146986, 19.42415328 ], [ -97.72129542, 19.42388342 ], [ -97.72105768, 19.42348389 ], [ -97.72094583, 19.42306052 ], [ -97.7206818, 19.42257803 ], [ -97.72073938, 19.4222782 ], [ -97.72084675, 19.421925 ], [ -97.72084546, 19.42166005 ], [ -97.72081389, 19.42143992 ], [ -97.72095488, 19.42124294 ], [ -97.72096032, 19.42106954 ], [ -97.72085034, 19.42089285 ], [ -97.72079963, 19.42073712 ], [ -97.72117878, 19.42042195 ], [ -97.72129995, 19.42016631 ], [ -97.7213744, 19.41976878 ], [ -97.72129385, 19.41917883 ], [ -97.72120814, 19.41875326 ], [ -97.72113943, 19.41857502 ], [ -97.721133496, 19.418567287 ], [ -97.71731951, 19.41359695 ], [ -97.71387277, 19.40882754 ], [ -97.71194062, 19.406321 ], [ -97.7118122, 19.40624042 ], [ -97.71163225, 19.40621165 ], [ -97.71148894, 19.40620757 ], [ -97.71140592, 19.40624566 ], [ -97.71129911, 19.40629026 ], [ -97.71115825, 19.40630055 ], [ -97.71104289, 19.40629728 ], [ -97.71086429, 19.40623029 ], [ -97.71066915, 19.40621046 ], [ -97.71049618, 19.40612457 ], [ -97.71036623, 19.4061066 ], [ -97.7101556, 19.40610062 ], [ -97.7099272, 19.40604103 ], [ -97.70974923, 19.40598671 ], [ -97.70956689, 19.40594365 ], [ -97.70937425, 19.40584723 ], [ -97.70919472, 19.40584212 ], [ -97.70898302, 19.40584369 ], [ -97.70878378, 19.40578537 ], [ -97.70842865, 19.40553952 ], [ -97.70804266, 19.40522271 ], [ -97.70774648, 19.40497835 ], [ -97.70748268, 19.40487474 ], [ -97.707478029, 19.404864998 ], [ -97.70707671, 19.40402431 ], [ -97.70693914, 19.40371455 ], [ -97.7067932, 19.40337834 ], [ -97.70678816, 19.403372332 ], [ -97.70659795, 19.40314558 ], [ -97.706597822, 19.403143167 ], [ -97.70659249, 19.40304222 ], [ -97.70675015, 19.40267994 ], [ -97.70693182, 19.40221923 ], [ -97.70725917, 19.40144546 ], [ -97.70752883, 19.40047994 ], [ -97.70772457, 19.39980732 ], [ -97.70767778, 19.39918303 ], [ -97.70759058, 19.39878628 ], [ -97.707583596, 19.398775994 ], [ -97.70750323, 19.39865762 ], [ -97.707502665, 19.398656513 ], [ -97.70731542, 19.39828955 ], [ -97.70711994, 19.39763737 ], [ -97.70707863, 19.39684503 ], [ -97.707071833, 19.396839616 ], [ -97.70690392, 19.39670589 ], [ -97.70674975, 19.39651366 ], [ -97.70647683, 19.39620178 ], [ -97.706473768, 19.396195671 ], [ -97.70629949, 19.39584791 ], [ -97.70622375, 19.39555951 ], [ -97.70622968, 19.39537185 ], [ -97.70579154, 19.3943218 ], [ -97.70545485, 19.39364137 ], [ -97.705452977, 19.393641185 ], [ -97.70524706, 19.39362091 ], [ -97.70482575, 19.39340789 ], [ -97.70396546, 19.39296335 ], [ -97.70396089, 19.39285625 ], [ -97.70394998, 19.39282491 ], [ -97.70390989, 19.3927758 ], [ -97.70387291, 19.39271178 ], [ -97.70385658, 19.39265389 ], [ -97.70385083, 19.39245274 ], [ -97.70392497, 19.39188112 ], [ -97.70472077, 19.39106431 ], [ -97.70481351, 19.39106043 ], [ -97.70491048, 19.39103065 ], [ -97.70501917, 19.39095563 ], [ -97.70528454, 19.39058894 ], [ -97.70543945, 19.39024512 ], [ -97.70585628, 19.3897936 ], [ -97.70595448, 19.3897248 ], [ -97.70602634, 19.38973009 ], [ -97.70645648, 19.38957635 ], [ -97.70655375, 19.38953682 ], [ -97.70662598, 19.38942171 ], [ -97.70672297, 19.38917389 ], [ -97.70680285, 19.3888226 ], [ -97.70686595, 19.38852303 ], [ -97.70701714, 19.38835629 ], [ -97.70725905, 19.38844257 ], [ -97.70733377, 19.38845488 ], [ -97.70737925, 19.38844192 ], [ -97.70739991, 19.38839298 ], [ -97.70747029, 19.38754025 ], [ -97.70750688, 19.38714948 ], [ -97.70755745, 19.38635895 ], [ -97.70762349, 19.38560345 ], [ -97.70766828, 19.38550211 ], [ -97.70775137, 19.38524138 ], [ -97.70800057, 19.38472492 ], [ -97.70818982, 19.38426082 ], [ -97.70821172, 19.38411583 ], [ -97.70826383, 19.38403277 ], [ -97.70834422, 19.38394571 ], [ -97.70844002, 19.3837072 ], [ -97.70879111, 19.38318006 ], [ -97.70890114, 19.38300543 ], [ -97.70890811, 19.38297195 ], [ -97.70890511, 19.38294192 ], [ -97.7088882, 19.38291525 ], [ -97.70884928, 19.38289917 ], [ -97.70878611, 19.38290112 ], [ -97.70806152, 19.38306234 ], [ -97.70794838, 19.38307749 ], [ -97.70790266, 19.3830762 ], [ -97.70787111, 19.38307195 ], [ -97.70785069, 19.38304966 ], [ -97.70784098, 19.38302266 ], [ -97.70784418, 19.38295946 ], [ -97.70795008, 19.38267752 ], [ -97.708082, 19.38224277 ], [ -97.70829898, 19.38163052 ], [ -97.70864128, 19.38073291 ], [ -97.70888509, 19.38017025 ], [ -97.70910402, 19.37956435 ], [ -97.70917532, 19.37943912 ], [ -97.70975949, 19.37885758 ], [ -97.70997755, 19.37867503 ], [ -97.7100136, 19.37863046 ], [ -97.71002689, 19.37859903 ], [ -97.7100244, 19.3785714 ], [ -97.71000612, 19.37854862 ], [ -97.70995552, 19.37854155 ], [ -97.7086292, 19.37841769 ], [ -97.70810522, 19.37834612 ], [ -97.70796594, 19.37832097 ], [ -97.70789562, 19.37829778 ], [ -97.70784182, 19.37826543 ], [ -97.70780812, 19.37823943 ], [ -97.70778303, 19.37819828 ], [ -97.70777103, 19.37812858 ], [ -97.7077772, 19.37801717 ], [ -97.70789968, 19.37753148 ], [ -97.70790825, 19.37744378 ], [ -97.70788842, 19.3773262 ], [ -97.70804402, 19.37680023 ], [ -97.70804435, 19.37678925 ], [ -97.70791554, 19.37674162 ], [ -97.70787582, 19.37671575 ], [ -97.70786782, 19.37669354 ], [ -97.70788055, 19.37628994 ], [ -97.70782729, 19.37610012 ], [ -97.70775629, 19.37586382 ], [ -97.70776255, 19.37581145 ], [ -97.70778692, 19.37577052 ], [ -97.7078296, 19.37573452 ], [ -97.7078604, 19.37570912 ], [ -97.70786143, 19.37567631 ], [ -97.70785283, 19.37565635 ], [ -97.70781657, 19.37563562 ], [ -97.70778226, 19.37562588 ], [ -97.70773698, 19.37559832 ], [ -97.70760083, 19.37545212 ], [ -97.70768358, 19.37516254 ], [ -97.70767646, 19.37514955 ], [ -97.70762002, 19.37518094 ], [ -97.70721398, 19.375366 ], [ -97.70690111, 19.37552938 ], [ -97.70660934, 19.37545214 ], [ -97.70633442, 19.37530715 ], [ -97.70625454, 19.37503769 ], [ -97.70733057, 19.37336871 ], [ -97.70739642, 19.37324812 ], [ -97.70734143, 19.37316206 ], [ -97.70726245, 19.37310878 ], [ -97.70706209, 19.37298037 ], [ -97.70702282, 19.37269512 ], [ -97.7075404, 19.37185595 ], [ -97.70760012, 19.37177046 ], [ -97.70766802, 19.37172729 ], [ -97.70790795, 19.37155371 ], [ -97.70797835, 19.37153166 ], [ -97.70803235, 19.37152718 ], [ -97.70807408, 19.37151032 ], [ -97.70810371, 19.37147509 ], [ -97.70815937, 19.37132377 ], [ -97.70821765, 19.37122098 ], [ -97.70828317, 19.37117932 ], [ -97.70834478, 19.37111578 ], [ -97.70837626, 19.37099048 ], [ -97.70841532, 19.37076963 ], [ -97.70841774, 19.37054774 ], [ -97.70855229, 19.37020775 ], [ -97.70869477, 19.369805 ], [ -97.7087622, 19.36970246 ], [ -97.7088756, 19.36959688 ], [ -97.7090394, 19.36949272 ], [ -97.70950594, 19.36880529 ], [ -97.70986891, 19.36831237 ], [ -97.71023965, 19.36870631 ], [ -97.71078469, 19.36782932 ], [ -97.71154457, 19.36661489 ], [ -97.71274497, 19.36468978 ], [ -97.7129186, 19.36500726 ], [ -97.71307762, 19.3652162 ], [ -97.71348758, 19.36551728 ], [ -97.71368137, 19.36561803 ], [ -97.71387171, 19.36562842 ], [ -97.71448598, 19.36590383 ], [ -97.71449997, 19.36594006 ], [ -97.71439532, 19.36608389 ], [ -97.71418949, 19.36638062 ], [ -97.71426297, 19.36657088 ], [ -97.71445863, 19.36673491 ], [ -97.71458369, 19.36679903 ], [ -97.7147686, 19.3666648 ], [ -97.71497255, 19.3669102 ], [ -97.71500122, 19.36697366 ], [ -97.71487289, 19.36709925 ], [ -97.71481875, 19.36709886 ], [ -97.71468209, 19.36699851 ], [ -97.71457337, 19.36720555 ], [ -97.71471271, 19.36772157 ], [ -97.71473942, 19.36773078 ], [ -97.71520442, 19.36814971 ], [ -97.71550005, 19.36831443 ], [ -97.71620025, 19.36840972 ], [ -97.7163704, 19.36841995 ], [ -97.71641202, 19.36826666 ], [ -97.71725591, 19.36657392 ], [ -97.71826546, 19.36467112 ], [ -97.72031425, 19.36292702 ], [ -97.72241689, 19.36110755 ], [ -97.72461762, 19.35920431 ], [ -97.72211962, 19.35874583 ], [ -97.72294371, 19.35522954 ], [ -97.72295855, 19.35522902 ], [ -97.72408274, 19.35552997 ], [ -97.72411523, 19.35553731 ], [ -97.72518917, 19.35582517 ], [ -97.72521951, 19.35583072 ], [ -97.72636929, 19.35613338 ], [ -97.72640334, 19.356145 ], [ -97.72753225, 19.35634463 ], [ -97.72756662, 19.35634908 ], [ -97.72869329, 19.35653649 ], [ -97.72874288, 19.35654354 ], [ -97.72990417, 19.35673231 ], [ -97.72993635, 19.35673205 ], [ -97.73111415, 19.35691711 ], [ -97.73160549, 19.35700265 ], [ -97.73214806, 19.35566337 ], [ -97.73217866, 19.35568862 ], [ -97.7323374, 19.35589466 ], [ -97.73246992, 19.35618397 ], [ -97.73251648, 19.35639245 ], [ -97.73249995, 19.35654315 ], [ -97.73249697, 19.35663826 ], [ -97.73256446, 19.35673326 ], [ -97.73262975, 19.35677014 ], [ -97.73273605, 19.35679415 ], [ -97.7328686, 19.35680491 ], [ -97.73300909, 19.35679837 ], [ -97.73316228, 19.35673963 ], [ -97.73349442, 19.35650728 ], [ -97.73390603, 19.356095 ], [ -97.7342164, 19.35568302 ], [ -97.73431449, 19.35561572 ], [ -97.7344182, 19.35560463 ], [ -97.73455434, 19.35561898 ], [ -97.73497354, 19.35578848 ], [ -97.73530054, 19.35612285 ], [ -97.73568469, 19.35656629 ], [ -97.73598229, 19.35690371 ], [ -97.73615897, 19.35720725 ], [ -97.73646069, 19.35761791 ], [ -97.73686982, 19.35787926 ], [ -97.73689089, 19.35755705 ], [ -97.73676902, 19.35620508 ], [ -97.73663474, 19.35554771 ], [ -97.73655823, 19.35523806 ], [ -97.73659108, 19.3545752 ], [ -97.73658235, 19.35435198 ], [ -97.736598968, 19.35405331 ], [ -97.73660949, 19.35386423 ], [ -97.73679345, 19.35202363 ], [ -97.73677274, 19.35199282 ], [ -97.73589248, 19.35138542 ], [ -97.73558454, 19.35108797 ], [ -97.73552812, 19.35120763 ], [ -97.73549466, 19.35116906 ], [ -97.73511791, 19.350735 ], [ -97.73462712, 19.35019208 ], [ -97.73308863, 19.3485046 ], [ -97.7330134, 19.34842209 ], [ -97.73285048, 19.3482434 ], [ -97.73216548, 19.34793855 ], [ -97.73211394, 19.34791109 ], [ -97.73072737, 19.34725991 ], [ -97.72941006, 19.34665437 ], [ -97.72808852, 19.34605785 ], [ -97.7268966, 19.34548117 ], [ -97.72681892, 19.34544358 ], [ -97.72676737, 19.34541612 ], [ -97.72542214, 19.34481037 ], [ -97.72398438, 19.3441678 ], [ -97.72272345, 19.34358972 ], [ -97.72133614, 19.34294629 ], [ -97.72122011, 19.34289248 ], [ -97.72125814, 19.34280108 ], [ -97.72146357, 19.34246374 ], [ -97.72150317, 19.34240038 ], [ -97.72257191, 19.34035392 ], [ -97.722680734, 19.340236193 ], [ -97.72321089, 19.33966266 ], [ -97.72330686, 19.33973337 ], [ -97.7240072, 19.33924546 ], [ -97.72446371, 19.33886577 ], [ -97.72477695, 19.33857269 ], [ -97.72516491, 19.33820491 ], [ -97.72592629, 19.33732366 ], [ -97.72607378, 19.33709252 ], [ -97.72639694, 19.33658606 ], [ -97.726859, 19.33578598 ], [ -97.72719432, 19.33490545 ], [ -97.72762134, 19.33373034 ], [ -97.72786569, 19.33249774 ], [ -97.72800583, 19.33171337 ], [ -97.72909517, 19.32609377 ], [ -97.72931429, 19.32610932 ], [ -97.72982731, 19.32639945 ], [ -97.72984806, 19.32640863 ], [ -97.73158126, 19.32752303 ], [ -97.73166894, 19.32757985 ], [ -97.73307529, 19.3284912 ], [ -97.73448535, 19.32939552 ], [ -97.73663711, 19.33078386 ], [ -97.73676472, 19.33082089 ], [ -97.73883309, 19.33129602 ], [ -97.74050897, 19.33167808 ], [ -97.74096923, 19.33178065 ], [ -97.74320751, 19.33229306 ], [ -97.74324588, 19.33230175 ], [ -97.74328426, 19.33231045 ], [ -97.74485314, 19.33266582 ], [ -97.74527032, 19.33276086 ], [ -97.74636632, 19.33301054 ], [ -97.74792228, 19.3333646 ], [ -97.74799657, 19.33337414 ], [ -97.74804154, 19.33339617 ], [ -97.74823271, 19.33376609 ], [ -97.74827434, 19.33380002 ], [ -97.74833392, 19.33383282 ], [ -97.75014828, 19.33483186 ], [ -97.75019097, 19.33484991 ], [ -97.75065968, 19.33508172 ], [ -97.75077983, 19.33508238 ], [ -97.75108377, 19.33506692 ], [ -97.75117977, 19.33505946 ], [ -97.75121289, 19.33505689 ], [ -97.75124603, 19.33505432 ], [ -97.75186094, 19.33500655 ], [ -97.75270791, 19.33486289 ], [ -97.752740492, 19.33485838 ], [ -97.75277362, 19.334855308 ], [ -97.75452026, 19.33469334 ], [ -97.75467737, 19.33467877 ], [ -97.7547076, 19.33468308 ], [ -97.75644578, 19.33458854 ], [ -97.75652702, 19.33458123 ], [ -97.75657534, 19.33458982 ], [ -97.75638903, 19.3348396 ], [ -97.75513572, 19.3371864 ], [ -97.75508626, 19.33715895 ], [ -97.754549922, 19.338188313 ], [ -97.75424075, 19.33878169 ], [ -97.75290534, 19.34134111 ], [ -97.7525244, 19.34117374 ], [ -97.75228411, 19.34165508 ], [ -97.75556743, 19.34318 ], [ -97.75555535, 19.34320251 ], [ -97.75511278, 19.34405788 ], [ -97.75411882, 19.34566649 ], [ -97.75375982, 19.34632849 ], [ -97.75363782, 19.34669874 ], [ -97.75359049, 19.34698451 ], [ -97.75357298, 19.34769949 ], [ -97.75352683, 19.34779389 ], [ -97.75331908, 19.34796354 ], [ -97.75298632, 19.34816382 ], [ -97.75286763, 19.34827442 ], [ -97.75281568, 19.34840055 ], [ -97.75279026, 19.34844542 ], [ -97.75271251, 19.34847512 ], [ -97.75253738, 19.34854768 ], [ -97.75238117, 19.34862986 ], [ -97.75227208, 19.34874072 ], [ -97.75218809, 19.34881583 ], [ -97.75234862, 19.34898894 ], [ -97.75312091, 19.3490556 ], [ -97.75364652, 19.34969875 ], [ -97.75399497, 19.35011271 ], [ -97.75375665, 19.35054311 ], [ -97.75368575, 19.35098294 ], [ -97.75346826, 19.35138777 ], [ -97.75336514, 19.35165454 ], [ -97.75328385, 19.35177875 ], [ -97.75318865, 19.35226445 ], [ -97.75298603, 19.35266877 ], [ -97.75279503, 19.35308858 ], [ -97.75261752, 19.3534918 ], [ -97.75255046, 19.35395651 ], [ -97.75251705, 19.35427572 ], [ -97.75240775, 19.35441963 ], [ -97.75220642, 19.35486369 ], [ -97.75208937, 19.35537052 ], [ -97.75200912, 19.35589989 ], [ -97.75181777, 19.3564054 ], [ -97.75169654, 19.35656828 ], [ -97.75149146, 19.35665743 ], [ -97.7511872, 19.35683209 ], [ -97.75110226, 19.35689826 ], [ -97.75087468, 19.35723629 ], [ -97.75066606, 19.35752742 ], [ -97.75038731, 19.35787166 ], [ -97.75028911, 19.35799752 ], [ -97.75020718, 19.35827917 ], [ -97.75010528, 19.35875432 ], [ -97.75000743, 19.35934808 ], [ -97.74994455, 19.35965671 ], [ -97.74982508, 19.35968702 ], [ -97.7497882, 19.35969042 ], [ -97.749769, 19.35971086 ], [ -97.74989458, 19.35989032 ], [ -97.75034403, 19.35978297 ], [ -97.75122538, 19.35940177 ], [ -97.75188309, 19.35918717 ], [ -97.75275149, 19.35880446 ], [ -97.75342358, 19.35840417 ], [ -97.75419517, 19.35773443 ], [ -97.75465331, 19.35759183 ], [ -97.75592892, 19.35693449 ], [ -97.75617183, 19.35684098 ], [ -97.75699854, 19.35668434 ], [ -97.75802375, 19.35657872 ], [ -97.75864768, 19.35661014 ], [ -97.75895362, 19.35659277 ], [ -97.75921398, 19.3565 ], [ -97.75977522, 19.35624526 ], [ -97.76054615, 19.35613658 ], [ -97.76124142, 19.35621448 ], [ -97.76190265, 19.35636623 ], [ -97.76266591, 19.35666226 ], [ -97.76340486, 19.35699298 ], [ -97.76447528, 19.35738654 ], [ -97.76546214, 19.35755023 ], [ -97.76606849, 19.35759783 ], [ -97.76622732, 19.35759372 ], [ -97.76857278, 19.35685345 ], [ -97.76860506, 19.35682957 ], [ -97.76864917, 19.35680903 ], [ -97.76941523, 19.35656082 ], [ -97.77096986, 19.35607046 ], [ -97.77175222, 19.35581612 ], [ -97.77289882, 19.35546923 ], [ -97.77302678, 19.35544385 ], [ -97.77465605, 19.35501654 ], [ -97.77526749, 19.35498763 ], [ -97.77603254, 19.35495398 ], [ -97.77674097, 19.35482765 ], [ -97.77689432, 19.35478814 ], [ -97.77701203, 19.35476929 ], [ -97.77723029, 19.35475597 ], [ -97.77729151, 19.35475638 ], [ -97.77732877, 19.35476922 ], [ -97.77749605, 19.354866 ], [ -97.7776098, 19.35493371 ], [ -97.77768791, 19.35497357 ], [ -97.77774486, 19.3549952 ], [ -97.77779966, 19.35500832 ], [ -97.77785218, 19.35502462 ], [ -97.77800568, 19.35510883 ], [ -97.77901568, 19.35576358 ], [ -97.779727678, 19.356202423 ], [ -97.7805092, 19.35668411 ], [ -97.78121045, 19.35711631 ], [ -97.78131315, 19.35717962 ], [ -97.78153918, 19.35731963 ], [ -97.78190946, 19.357549 ], [ -97.78207305, 19.35764278 ], [ -97.78220905, 19.35772075 ], [ -97.78253209, 19.35789788 ], [ -97.78278943, 19.35803898 ], [ -97.782806949, 19.358084083 ], [ -97.7828968, 19.35818192 ], [ -97.78322017, 19.35844682 ], [ -97.78358037, 19.3586796 ], [ -97.78429994, 19.35910355 ], [ -97.78481629, 19.35941438 ], [ -97.7852284, 19.35965115 ], [ -97.78572451, 19.35993051 ], [ -97.78599646, 19.36010823 ], [ -97.78627638, 19.36026409 ], [ -97.78665646, 19.36047437 ], [ -97.78715531, 19.36076371 ], [ -97.78735838, 19.360807 ], [ -97.78738774, 19.36081571 ], [ -97.78740715, 19.36080037 ], [ -97.78744585, 19.36076978 ], [ -97.78745538, 19.36060048 ], [ -97.78758251, 19.35994178 ], [ -97.78771989, 19.35927758 ], [ -97.78777458, 19.35901445 ], [ -97.78793488, 19.35826909 ], [ -97.78800826, 19.35792786 ], [ -97.78827545, 19.35673123 ], [ -97.78828431, 19.35671 ], [ -97.78832389, 19.35661511 ], [ -97.78867086, 19.35507846 ], [ -97.78920174, 19.35272728 ], [ -97.78922942, 19.35270285 ], [ -97.79078785, 19.35293863 ], [ -97.79229898, 19.35313686 ], [ -97.79371329, 19.35332257 ], [ -97.79375086, 19.35332762 ], [ -97.79585895, 19.35360382 ], [ -97.79604262, 19.35361768 ], [ -97.79666642, 19.3530802 ], [ -97.79699709, 19.35272218 ], [ -97.80211846, 19.35539109 ], [ -97.80368705, 19.35703105 ], [ -97.80540686, 19.35897228 ], [ -97.80573317, 19.35924655 ], [ -97.80609808, 19.35959651 ], [ -97.80625802, 19.35974022 ], [ -97.80653092, 19.35983692 ], [ -97.8067968, 19.36016185 ], [ -97.80694848, 19.36038332 ], [ -97.80698388, 19.36056814 ], [ -97.80705134, 19.36066471 ], [ -97.80721382, 19.36053552 ], [ -97.80841995, 19.35965942 ], [ -97.80851578, 19.35960014 ], [ -97.8085782, 19.359524 ], [ -97.8104826, 19.35818452 ], [ -97.81133718, 19.35792675 ], [ -97.81053311, 19.36064414 ], [ -97.81115925, 19.36096818 ], [ -97.81116345, 19.36143994 ], [ -97.81124149, 19.36176834 ], [ -97.8112476, 19.36185635 ], [ -97.81121603, 19.36202277 ], [ -97.81121358, 19.36210218 ], [ -97.81125089, 19.36217849 ], [ -97.81133669, 19.36239837 ], [ -97.811341, 19.36254488 ], [ -97.81135603, 19.36262895 ], [ -97.81136745, 19.36268783 ], [ -97.81135735, 19.36272937 ], [ -97.81131023, 19.36282143 ], [ -97.81126311, 19.36292051 ], [ -97.81125652, 19.36299143 ], [ -97.81125432, 19.36306248 ], [ -97.8112748, 19.36311323 ], [ -97.81131251, 19.36317702 ], [ -97.81135149, 19.36319902 ], [ -97.81135954, 19.36322432 ], [ -97.81136666, 19.36327889 ], [ -97.81136345, 19.36338337 ], [ -97.81131788, 19.36343231 ], [ -97.8111828, 19.36352475 ], [ -97.81110602, 19.36358537 ], [ -97.81109126, 19.36363515 ], [ -97.81110215, 19.36371074 ], [ -97.81114146, 19.36384751 ], [ -97.81117049, 19.36390686 ], [ -97.81117297, 19.36396968 ], [ -97.81115718, 19.36405289 ], [ -97.81108842, 19.36413882 ], [ -97.81100505, 19.36427035 ], [ -97.81093088, 19.3645318 ], [ -97.81082474, 19.36483 ], [ -97.81073885, 19.36503812 ], [ -97.81072631, 19.36515908 ], [ -97.81073035, 19.36531394 ], [ -97.81074086, 19.36540206 ], [ -97.81077754, 19.36549928 ], [ -97.81077848, 19.36561225 ], [ -97.81076722, 19.3656914 ], [ -97.81072937, 19.36576691 ], [ -97.81072717, 19.36583795 ], [ -97.81074071, 19.36611438 ], [ -97.81073491, 19.36630245 ], [ -97.81074715, 19.36647535 ], [ -97.81074005, 19.36656298 ], [ -97.81073851, 19.36661314 ], [ -97.81076389, 19.36664729 ], [ -97.81081611, 19.36666966 ], [ -97.81084668, 19.36667888 ], [ -97.81088502, 19.36672175 ], [ -97.81089617, 19.366789 ], [ -97.81088894, 19.36688082 ], [ -97.81079143, 19.36704123 ], [ -97.81071574, 19.3672074 ], [ -97.8107032, 19.36732834 ], [ -97.81072602, 19.36744609 ], [ -97.81075738, 19.36757245 ], [ -97.81078766, 19.36773302 ], [ -97.81078055, 19.36782065 ], [ -97.81074728, 19.3678992 ], [ -97.81067398, 19.36798918 ], [ -97.81064525, 19.36806368 ], [ -97.81063775, 19.36816385 ], [ -97.81063442, 19.36827251 ], [ -97.81062395, 19.36846954 ], [ -97.81063848, 19.36857032 ], [ -97.81061854, 19.36864506 ], [ -97.8106064, 19.36875346 ], [ -97.81062818, 19.36890465 ], [ -97.81065734, 19.36895983 ], [ -97.8107216, 19.36902017 ], [ -97.81078029, 19.369118 ], [ -97.81080465, 19.3691856 ], [ -97.81084209, 19.36925774 ], [ -97.81091212, 19.36929806 ], [ -97.81106095, 19.36933148 ], [ -97.81122943, 19.36938628 ], [ -97.81529312, 19.36905988 ], [ -97.81632948, 19.36897691 ], [ -97.81634997, 19.36896382 ], [ -97.81723046, 19.36891829 ], [ -97.81824585, 19.36884945 ], [ -97.81828308, 19.36884463 ], [ -97.82024109, 19.36864951 ], [ -97.82027912, 19.36864749 ], [ -97.82159731, 19.36853566 ], [ -97.82165269, 19.36852962 ], [ -97.82166402, 19.36852618 ], [ -97.82198105, 19.36849345 ], [ -97.82206326, 19.36848448 ], [ -97.82398889, 19.36836878 ], [ -97.82404414, 19.36836351 ], [ -97.82499071, 19.36824263 ], [ -97.82504988, 19.36823522 ], [ -97.82621972, 19.36810523 ], [ -97.82682955, 19.3680208 ], [ -97.82939212, 19.36770718 ], [ -97.82939414, 19.36770737 ], [ -97.82962382, 19.36767937 ], [ -97.82986157, 19.36876734 ], [ -97.82999295, 19.36888818 ], [ -97.83024628, 19.36914751 ], [ -97.83076237, 19.36965857 ], [ -97.83102008, 19.36991663 ], [ -97.83104391, 19.36993565 ], [ -97.83118112, 19.37008015 ], [ -97.83121805, 19.37011698 ], [ -97.83161109, 19.37048585 ], [ -97.83164977, 19.37054151 ], [ -97.83261872, 19.37151154 ], [ -97.83279902, 19.37169672 ], [ -97.83284957, 19.37174723 ], [ -97.83298945, 19.37188951 ], [ -97.83306669, 19.37196389 ], [ -97.83467371, 19.37352835 ], [ -97.83474322, 19.3735892 ], [ -97.83521485, 19.37402398 ], [ -97.83569851, 19.37448729 ], [ -97.83573195, 19.37452149 ], [ -97.83578692, 19.37457626 ], [ -97.83741365, 19.37602183 ], [ -97.83742029, 19.37603468 ], [ -97.83745134, 19.37605825 ], [ -97.83755017, 19.37613912 ], [ -97.83760235, 19.37619115 ], [ -97.8404118, 19.37872062 ], [ -97.84045397, 19.37875808 ], [ -97.84089598, 19.37914905 ], [ -97.84139931, 19.37961349 ], [ -97.84212546, 19.38028206 ], [ -97.84285617, 19.38091494 ], [ -97.84372598, 19.38166765 ], [ -97.84506432, 19.38282578 ], [ -97.84601394, 19.38361502 ], [ -97.84631935, 19.38390991 ], [ -97.84636252, 19.38386015 ], [ -97.84655286, 19.38397997 ], [ -97.84680745, 19.38435163 ], [ -97.8468996, 19.38442415 ], [ -97.84707474, 19.38453152 ], [ -97.84711566, 19.38456983 ], [ -97.84718435, 19.38465766 ], [ -97.84723915, 19.38475031 ], [ -97.84727751, 19.38484252 ], [ -97.84730605, 19.38498654 ], [ -97.84735931, 19.38521977 ], [ -97.84743194, 19.38562803 ], [ -97.84749125, 19.3859514 ], [ -97.84750966, 19.38651702 ], [ -97.84753698, 19.38679122 ], [ -97.847567, 19.38690262 ], [ -97.84783072, 19.38734477 ], [ -97.84799872, 19.38761349 ], [ -97.84804649, 19.38766688 ], [ -97.84846582, 19.38795706 ], [ -97.84855142, 19.38802972 ], [ -97.84865917, 19.38818634 ], [ -97.84888983, 19.38863278 ], [ -97.84903389, 19.38881054 ], [ -97.8490902, 19.38885375 ], [ -97.84943794, 19.38906123 ], [ -97.84981772, 19.38929823 ], [ -97.84992232, 19.38933322 ], [ -97.85003517, 19.38932329 ], [ -97.8501614, 19.38932415 ], [ -97.85023206, 19.38934694 ], [ -97.8502992, 19.38939566 ], [ -97.85042225, 19.3895006 ], [ -97.85056662, 19.38962697 ], [ -97.85066598, 19.38978855 ], [ -97.8508228, 19.39013662 ], [ -97.85086362, 19.39032785 ], [ -97.85088402, 19.39046903 ], [ -97.85091837, 19.39054177 ], [ -97.85096074, 19.39059242 ], [ -97.85123145, 19.39080558 ], [ -97.85129474, 19.39089066 ], [ -97.85135626, 19.39103297 ], [ -97.85137392, 19.39117409 ], [ -97.85135891, 19.39130649 ], [ -97.85118603, 19.39175488 ], [ -97.85103928, 19.39207831 ], [ -97.85102822, 19.39225682 ], [ -97.85106, 19.39236829 ], [ -97.85129262, 19.39258168 ], [ -97.85171371, 19.39280766 ], [ -97.85215285, 19.39294022 ], [ -97.85334198, 19.39329535 ], [ -97.85381938, 19.39354875 ], [ -97.85455606, 19.39387323 ], [ -97.85479489, 19.39423554 ], [ -97.85534688, 19.39346448 ], [ -97.85647194, 19.39198278 ], [ -97.85916485, 19.38845331 ], [ -97.86086762, 19.38610995 ], [ -97.86130215, 19.38553983 ], [ -97.86241963, 19.38407366 ], [ -97.86363434, 19.38244838 ], [ -97.8642376, 19.38158425 ], [ -97.86490871, 19.38103275 ], [ -97.86610518, 19.37941548 ], [ -97.86650746, 19.37787575 ], [ -97.86680097, 19.37826877 ], [ -97.86681185, 19.37838235 ], [ -97.86686103, 19.37849245 ], [ -97.86707938, 19.37869328 ], [ -97.86729503, 19.37882605 ], [ -97.86774869, 19.37898346 ], [ -97.86823083, 19.37920685 ], [ -97.86835974, 19.37928935 ], [ -97.86859866, 19.37949955 ], [ -97.86873208, 19.37960494 ], [ -97.86877783, 19.37968517 ], [ -97.86883554, 19.3799486 ], [ -97.86890349, 19.38074022 ], [ -97.86896974, 19.38086672 ], [ -97.86932555, 19.38126717 ], [ -97.86953518, 19.38147028 ], [ -97.86984091, 19.38164491 ], [ -97.87044608, 19.38205632 ], [ -97.87076432, 19.38231178 ], [ -97.87085797, 19.38240163 ], [ -97.87128391, 19.38294532 ], [ -97.87159209, 19.38332783 ], [ -97.87181377, 19.38352925 ], [ -97.87200334, 19.38363418 ], [ -97.87234488, 19.38384511 ], [ -97.87245128, 19.38394777 ], [ -97.87262406, 19.38417278 ], [ -97.87278572, 19.384331 ], [ -97.87291965, 19.38439285 ], [ -97.87307158, 19.38443857 ], [ -97.87321128, 19.38445485 ], [ -97.87335922, 19.38448798 ], [ -97.87343763, 19.3845026 ], [ -97.87348051, 19.38453286 ], [ -97.87350475, 19.38460003 ], [ -97.87352923, 19.38480437 ], [ -97.87351345, 19.38489123 ], [ -97.87349868, 19.38494486 ], [ -97.87343088, 19.38501368 ], [ -97.87335094, 19.38519438 ], [ -97.87330474, 19.38541757 ], [ -97.87328542, 19.38563843 ], [ -97.87329577, 19.38573017 ], [ -97.87330849, 19.38577471 ], [ -97.87332026, 19.38581597 ], [ -97.87338542, 19.38594674 ], [ -97.87350777, 19.38610237 ], [ -97.87376658, 19.38638865 ], [ -97.87377, 19.38649662 ], [ -97.87385568, 19.38675914 ], [ -97.87401543, 19.38700463 ], [ -97.87423589, 19.38723275 ], [ -97.87450372, 19.38744312 ], [ -97.87460145, 19.38752828 ], [ -97.87467457, 19.38754297 ], [ -97.8747752, 19.38753303 ], [ -97.87487715, 19.38747869 ], [ -97.87500777, 19.38736169 ], [ -97.87517637, 19.38720632 ], [ -97.87556068, 19.38851092 ], [ -97.87548006, 19.38899443 ], [ -97.87550958, 19.38934425 ], [ -97.87550795, 19.38983917 ], [ -97.87542109, 19.39011257 ], [ -97.87529535, 19.39036438 ], [ -97.87523052, 19.39044666 ], [ -97.87518342, 19.39048583 ], [ -97.87510323, 19.39053345 ], [ -97.87494495, 19.39056025 ], [ -97.87483583, 19.3905884 ], [ -97.87479837, 19.39063406 ], [ -97.87474328, 19.39071972 ], [ -97.87470603, 19.39086223 ], [ -97.87470426, 19.39092091 ], [ -97.87474991, 19.39098538 ], [ -97.87488932, 19.3910976 ], [ -97.87496828, 19.391163 ], [ -97.87500455, 19.39122271 ], [ -97.87500318, 19.39126785 ], [ -97.87497789, 19.39131683 ], [ -97.8748432, 19.39136285 ], [ -97.87463986, 19.39147474 ], [ -97.87457446, 19.3915904 ], [ -97.87454995, 19.3917704 ], [ -97.87457522, 19.39187951 ], [ -97.87466175, 19.39200834 ], [ -97.87473148, 19.39206445 ], [ -97.8747634, 19.39211049 ], [ -97.87476135, 19.39217818 ], [ -97.87468182, 19.39228894 ], [ -97.87449329, 19.39238317 ], [ -97.87417277, 19.39259123 ], [ -97.87407994, 19.39267 ], [ -97.87406768, 19.39276002 ], [ -97.87416508, 19.39300208 ], [ -97.87427371, 19.39328765 ], [ -97.87427683, 19.39334192 ], [ -97.87424623, 19.39340885 ], [ -97.87413966, 19.39346917 ], [ -97.87401271, 19.39357412 ], [ -97.87400018, 19.39367315 ], [ -97.87403518, 19.39393157 ], [ -97.87405908, 19.3940858 ], [ -97.87404725, 19.39416228 ], [ -97.8740074, 19.39421991 ], [ -97.87393129, 19.39421783 ], [ -97.87384649, 19.39418842 ], [ -97.873761, 19.39418155 ], [ -97.87366111, 19.39417883 ], [ -97.87360308, 19.39420886 ], [ -97.87358158, 19.39428958 ], [ -97.87358822, 19.39438462 ], [ -97.87381638, 19.39518132 ], [ -97.87387454, 19.39577269 ], [ -97.87395154, 19.39605937 ], [ -97.87395694, 19.39619503 ], [ -97.87391232, 19.39641063 ], [ -97.87364809, 19.39711711 ], [ -97.87360506, 19.39727226 ], [ -97.8736124, 19.39734474 ], [ -97.87373197, 19.39748351 ], [ -97.87379583, 19.3975756 ], [ -97.87379351, 19.39765232 ], [ -97.87373734, 19.39777726 ], [ -97.87366174, 19.39791523 ], [ -97.87365411, 19.39800988 ], [ -97.87368463, 19.39810789 ], [ -97.87389011, 19.39823998 ], [ -97.87397665, 19.39836883 ], [ -97.87403802, 19.39870025 ], [ -97.87401102, 19.39911958 ], [ -97.87395185, 19.39934383 ], [ -97.87381029, 19.39961551 ], [ -97.87381122, 19.399742 ], [ -97.87392125, 19.40003862 ], [ -97.87409282, 19.40052903 ], [ -97.87420302, 19.40066303 ], [ -97.87427718, 19.4008864 ], [ -97.87427458, 19.40097215 ], [ -97.87415072, 19.40113138 ], [ -97.87408546, 19.40124252 ], [ -97.87407783, 19.40133718 ], [ -97.87408488, 19.40141868 ], [ -97.87413082, 19.40147414 ], [ -97.87426195, 19.40154548 ], [ -97.87443698, 19.40173997 ], [ -97.87447329, 19.40197334 ], [ -97.8744798, 19.40207289 ], [ -97.8745438, 19.40216046 ], [ -97.87453183, 19.40224145 ], [ -97.87448952, 19.40238032 ], [ -97.87450363, 19.40254332 ], [ -97.87454545, 19.40273417 ], [ -97.87459122, 19.40295225 ], [ -97.87458546, 19.4031418 ], [ -97.87452929, 19.40326674 ], [ -97.87456525, 19.40334209 ], [ -97.87465766, 19.40343495 ], [ -97.87474992, 19.40353234 ], [ -97.87482737, 19.40364737 ], [ -97.8748298, 19.40372423 ], [ -97.87480654, 19.40386363 ], [ -97.87473203, 19.40396548 ], [ -97.87445663, 19.404098 ], [ -97.87423465, 19.40419583 ], [ -97.87408325, 19.404298 ], [ -97.87413868, 19.40458486 ], [ -97.87419805, 19.404903 ], [ -97.87414826, 19.40502715 ], [ -97.87411146, 19.40510255 ], [ -97.87411014, 19.40514617 ], [ -97.87415315, 19.40524558 ], [ -97.87425395, 19.40533565 ], [ -97.87436658, 19.40541512 ], [ -97.87443866, 19.40550442 ], [ -97.87446951, 19.40562531 ], [ -97.87443957, 19.40585369 ], [ -97.87439505, 19.40599437 ], [ -97.87437875, 19.40615218 ], [ -97.87427612, 19.40647575 ], [ -97.87427765, 19.40672897 ], [ -97.87435431, 19.40693186 ], [ -97.87431852, 19.40720151 ], [ -97.87418054, 19.40750329 ], [ -97.87415792, 19.40764237 ], [ -97.87410117, 19.4076932 ], [ -97.87391648, 19.40771434 ], [ -97.87375858, 19.40776242 ], [ -97.87375726, 19.40780603 ], [ -97.87384683, 19.40788705 ], [ -97.87389909, 19.40798451 ], [ -97.87388512, 19.40814126 ], [ -97.87381283, 19.4084012 ], [ -97.87369863, 19.40850518 ], [ -97.87350052, 19.40866565 ], [ -97.87336465, 19.40889766 ], [ -97.87332337, 19.40904494 ], [ -97.87332728, 19.40921965 ], [ -97.87339683, 19.40966977 ], [ -97.87334346, 19.40979251 ], [ -97.87333094, 19.40990778 ], [ -97.87334455, 19.41005375 ], [ -97.87340885, 19.41016685 ], [ -97.87357845, 19.41045526 ], [ -97.87373491, 19.41067163 ], [ -97.87380135, 19.41078391 ], [ -97.87386943, 19.41084322 ], [ -97.87400198, 19.41092637 ], [ -97.87409823, 19.4109776 ], [ -97.87417135, 19.41102378 ], [ -97.87427877, 19.41116812 ], [ -97.87451126, 19.41148818 ], [ -97.87460483, 19.41162772 ], [ -97.87467077, 19.41175766 ], [ -97.87471463, 19.41184723 ], [ -97.87471168, 19.41194437 ], [ -97.87465155, 19.41208412 ], [ -97.8746192, 19.41222906 ], [ -97.87462529, 19.41233528 ], [ -97.87466517, 19.41240265 ], [ -97.87478815, 19.41249437 ], [ -97.87486114, 19.41254497 ], [ -97.87489171, 19.41261209 ], [ -97.87487226, 19.41279272 ], [ -97.87484351, 19.41297311 ], [ -97.87486355, 19.41307971 ], [ -97.87491794, 19.4131298 ], [ -97.87500117, 19.41314974 ], [ -97.87509837, 19.41317008 ], [ -97.8751688, 19.41324071 ], [ -97.87517402, 19.41357645 ], [ -97.87512335, 19.41382692 ], [ -97.87514729, 19.41398414 ], [ -97.87529063, 19.41422631 ], [ -97.87535903, 19.41433708 ], [ -97.8753924, 19.41441968 ], [ -97.87539034, 19.41448769 ], [ -97.87535078, 19.41460914 ], [ -97.87529626, 19.4147506 ], [ -97.87526795, 19.41497446 ], [ -97.87527078, 19.41511749 ], [ -97.87534898, 19.41537829 ], [ -97.87535348, 19.41546691 ], [ -97.87539382, 19.41555651 ], [ -97.8754276, 19.41562549 ], [ -97.87544663, 19.41570771 ], [ -97.87544354, 19.41580972 ], [ -97.87540151, 19.41601278 ], [ -97.87530969, 19.41620088 ], [ -97.8752968, 19.41638766 ], [ -97.875256827, 19.41652271 ], [ -97.87524306, 19.41674015 ], [ -97.87516109, 19.41684003 ], [ -97.87504963, 19.41696632 ], [ -97.87498651, 19.4171552 ], [ -97.87496985, 19.41746786 ], [ -97.87496511, 19.41762431 ], [ -97.87498372, 19.41772011 ], [ -97.87508203, 19.41779086 ], [ -97.87515946, 19.41784063 ], [ -97.87526411, 19.41793878 ], [ -97.87561657, 19.41838406 ], [ -97.87564582, 19.41845738 ], [ -97.87560031, 19.41861072 ], [ -97.87563062, 19.41879163 ], [ -97.87565957, 19.41890926 ], [ -97.87586298, 19.41979605 ], [ -97.87538772, 19.42018165 ], [ -97.87529085, 19.42024429 ], [ -97.87527874, 19.42036169 ], [ -97.87537771, 19.42042555 ], [ -97.87548814, 19.42055275 ], [ -97.87535985, 19.42163625 ], [ -97.87515412, 19.42186088 ], [ -97.87518494, 19.42196949 ], [ -97.87549089, 19.42231475 ], [ -97.87548292, 19.42295626 ], [ -97.87551228, 19.42310102 ], [ -97.87560391, 19.42362566 ], [ -97.87565566, 19.42371634 ], [ -97.87585843, 19.42400675 ], [ -97.87592923, 19.42409755 ], [ -97.8764638, 19.42478758 ], [ -97.87619928, 19.42542749 ], [ -97.87621814, 19.4256264 ], [ -97.87652292, 19.42597166 ], [ -97.87655854, 19.42633332 ], [ -97.87657415, 19.42648702 ], [ -97.87662975, 19.42705663 ], [ -97.87690722, 19.42722098 ], [ -97.87689011, 19.42728412 ], [ -97.87650632, 19.42760705 ], [ -97.87689511, 19.42794378 ], [ -97.8767208, 19.428015 ], [ -97.87668768, 19.42850272 ], [ -97.87699255, 19.42874858 ], [ -97.87723862, 19.42923805 ], [ -97.87722118, 19.42943672 ], [ -97.8771866, 19.43005095 ], [ -97.877242, 19.43030429 ], [ -97.87730831, 19.43053062 ], [ -97.87706711, 19.43098092 ], [ -97.87727117, 19.43134362 ], [ -97.87720895, 19.43182212 ], [ -97.87702074, 19.4321824 ], [ -97.87724388, 19.43228317 ], [ -97.87685691, 19.43246151 ], [ -97.87723118, 19.43274392 ], [ -97.87711077, 19.43294197 ], [ -97.87756858, 19.43380322 ], [ -97.87743697, 19.43398312 ], [ -97.87755338, 19.43471574 ], [ -97.87784922, 19.43480794 ], [ -97.87787805, 19.43494365 ], [ -97.8776208, 19.43521314 ], [ -97.87835388, 19.43716943 ], [ -97.87863386, 19.43788165 ], [ -97.87886928, 19.43832258 ], [ -97.87898557, 19.4386092 ], [ -97.87887818, 19.43895043 ], [ -97.87896868, 19.43927746 ], [ -97.87916469, 19.43966789 ], [ -97.87938622, 19.4401966 ], [ -97.87958155, 19.4408064 ], [ -97.87973782, 19.44119663 ], [ -97.87976185, 19.44156089 ], [ -97.87985226, 19.44190046 ], [ -97.87990171, 19.44241554 ], [ -97.87979265, 19.44286688 ], [ -97.87976335, 19.44326849 ], [ -97.87958809, 19.44371943 ], [ -97.87943945, 19.44414543 ], [ -97.87932737, 19.44454091 ], [ -97.87916585, 19.4449166 ], [ -97.87869918, 19.44565337 ], [ -97.87842843, 19.44589585 ], [ -97.87814298, 19.44606882 ], [ -97.87805017, 19.44617262 ], [ -97.87795078, 19.44630812 ], [ -97.87786486, 19.44636957 ], [ -97.87781157, 19.44646382 ], [ -97.87776802, 19.44660617 ], [ -97.87749103, 19.44686974 ], [ -97.87727148, 19.44708703 ], [ -97.87701882, 19.44728748 ], [ -97.877006603, 19.447563953 ], [ -97.87700383, 19.44762671 ], [ -97.87697943, 19.4477828 ], [ -97.87690572, 19.447877836 ], [ -97.876879953, 19.448020867 ], [ -97.87686572, 19.44809988 ], [ -97.8767976, 19.44827812 ], [ -97.87682422, 19.448275371 ], [ -97.87690918, 19.448271371 ], [ -97.877949999, 19.448222483 ], [ -97.87802052, 19.44821917 ], [ -97.87809038, 19.44820912 ], [ -97.88013325, 19.44766238 ], [ -97.88102369, 19.44742082 ], [ -97.88121542, 19.44728843 ], [ -97.88190422, 19.44659702 ], [ -97.88216746, 19.44619955 ], [ -97.88234069, 19.44578835 ], [ -97.88270654, 19.44493225 ], [ -97.88282378, 19.44399878 ], [ -97.88285988, 19.44350118 ], [ -97.88287908, 19.44320651 ], [ -97.88328803, 19.44357145 ], [ -97.88441592, 19.44457795 ], [ -97.88592829, 19.44540362 ], [ -97.88718214, 19.44619052 ], [ -97.88803958, 19.44722869 ], [ -97.88832137, 19.44750223 ], [ -97.88826662, 19.44778857 ], [ -97.88823788, 19.44797726 ], [ -97.88825628, 19.44813078 ], [ -97.88834431, 19.44826798 ], [ -97.88836448, 19.44836326 ], [ -97.88836238, 19.44843243 ], [ -97.88837137, 19.44851648 ], [ -97.88841192, 19.44857223 ], [ -97.88849438, 19.44864005 ], [ -97.888595973, 19.448838119 ], [ -97.888680408, 19.449002736 ], [ -97.88876655, 19.44917068 ], [ -97.8887114, 19.44923346 ], [ -97.88838122, 19.44964495 ], [ -97.88830375, 19.44975926 ], [ -97.88812172, 19.45012189 ], [ -97.88775612, 19.45055237 ], [ -97.88753148, 19.45080208 ], [ -97.88721689, 19.45116109 ], [ -97.88690483, 19.45143738 ], [ -97.88669522, 19.45155752 ], [ -97.88611629, 19.45182505 ], [ -97.88595243, 19.45193318 ], [ -97.88568372, 19.45216098 ], [ -97.88491731, 19.45291502 ], [ -97.88461326, 19.45320665 ], [ -97.88431965, 19.45346338 ], [ -97.88415785, 19.45360486 ], [ -97.88380331, 19.45389988 ], [ -97.88349751, 19.45408362 ], [ -97.88327378, 19.45413832 ], [ -97.88266592, 19.45426748 ], [ -97.88226006, 19.45441206 ], [ -97.88202125, 19.45451905 ], [ -97.88161937, 19.45476309 ], [ -97.88129751, 19.45501592 ], [ -97.88099426, 19.45527992 ], [ -97.88083757, 19.45537098 ], [ -97.88062966, 19.4554586 ], [ -97.88039143, 19.45548862 ], [ -97.88002288, 19.45551558 ], [ -97.8794668, 19.4555366 ], [ -97.87926926, 19.4554842 ], [ -97.87862632, 19.45538365 ], [ -97.87829142, 19.45537432 ], [ -97.87763954, 19.45543166 ], [ -97.8773272, 19.45556151 ], [ -97.87723691, 19.45556734 ], [ -97.87660683, 19.45545528 ], [ -97.87624111, 19.455409581 ], [ -97.87612106, 19.45539458 ], [ -97.87499148, 19.45521691 ], [ -97.87468971, 19.455252461 ], [ -97.87351506, 19.455581 ], [ -97.872850879, 19.45590678 ], [ -97.872208649, 19.45595322 ], [ -97.870835049, 19.456034291 ], [ -97.87015946, 19.456185821 ], [ -97.86925791, 19.456575971 ], [ -97.868819279, 19.456797431 ], [ -97.868419739, 19.45704792 ], [ -97.86786448, 19.457057921 ], [ -97.86773743, 19.457025 ], [ -97.867613179, 19.456878831 ], [ -97.86709926, 19.45647122 ], [ -97.866914889, 19.456365051 ], [ -97.86663529, 19.45627866 ], [ -97.86654609, 19.456263631 ], [ -97.865342399, 19.45651137 ], [ -97.864639794, 19.45642306 ], [ -97.86425962, 19.456368571 ], [ -97.86399415, 19.45632037 ], [ -97.86288418, 19.456076121 ], [ -97.862800379, 19.45608008 ], [ -97.86258825, 19.45609008 ], [ -97.86227149, 19.45617552 ], [ -97.861750181, 19.455840749 ], [ -97.85966362, 19.45450078 ], [ -97.859446214, 19.454361178 ], [ -97.85942248, 19.45434594 ], [ -97.85923172, 19.45466177 ], [ -97.85894617, 19.45506786 ], [ -97.85854951, 19.45550089 ], [ -97.85815269, 19.45593623 ], [ -97.8578248, 19.45626283 ], [ -97.85760385, 19.45646895 ], [ -97.85695689, 19.45691068 ], [ -97.85640489, 19.45704505 ], [ -97.85578109, 19.45721285 ], [ -97.85547808, 19.45733102 ], [ -97.85543566, 19.4574172 ], [ -97.85540949, 19.45775754 ], [ -97.85536091, 19.45782845 ], [ -97.85528388, 19.45785478 ], [ -97.85505563, 19.45785958 ], [ -97.85490631, 19.45784152 ], [ -97.85476597, 19.45781817 ], [ -97.85461618, 19.45790883 ], [ -97.85445978, 19.45802717 ], [ -97.85424743, 19.4581314 ], [ -97.85393049, 19.45830306 ], [ -97.85378332, 19.45846911 ], [ -97.85364732, 19.45866957 ], [ -97.85357686, 19.45878731 ], [ -97.85347883, 19.45894042 ], [ -97.85342712, 19.45917486 ], [ -97.85334511, 19.45991548 ], [ -97.85317243, 19.46039332 ], [ -97.85296869, 19.46085952 ], [ -97.85270474, 19.46135778 ], [ -97.85246189, 19.46182557 ], [ -97.85231785, 19.46206357 ], [ -97.85200075, 19.46242265 ], [ -97.85167494, 19.4628262 ], [ -97.85146511, 19.46305825 ], [ -97.8511668, 19.46331765 ], [ -97.85081331, 19.46353123 ], [ -97.85053305, 19.46364495 ], [ -97.85044775, 19.46373271 ], [ -97.85035252, 19.46385705 ], [ -97.85011634, 19.46427169 ], [ -97.84989128, 19.46460683 ], [ -97.84969763, 19.46483738 ], [ -97.84937874, 19.46522029 ], [ -97.84889718, 19.46574543 ], [ -97.84855697, 19.46622851 ], [ -97.84802252, 19.46669385 ], [ -97.84784852, 19.46688329 ], [ -97.84739197, 19.46746371 ], [ -97.84726003, 19.46756297 ], [ -97.84686377, 19.46783237 ], [ -97.84660906, 19.46800495 ], [ -97.84638835, 19.46826475 ], [ -97.84627751, 19.4684304 ], [ -97.84611146, 19.46882855 ], [ -97.84594648, 19.46892732 ], [ -97.84553117, 19.46904832 ], [ -97.84476769, 19.46925738 ], [ -97.84453474, 19.46935505 ], [ -97.84430082, 19.46952758 ], [ -97.83986537, 19.47218452 ], [ -97.833721573, 19.474268665 ], [ -97.832906433, 19.474545159 ], [ -97.83062102, 19.47532034 ], [ -97.825682831, 19.477363948 ], [ -97.82534306, 19.47750455 ], [ -97.82455049, 19.477886505 ], [ -97.82108585, 19.47955611 ], [ -97.81474803, 19.48252126 ], [ -97.814739507, 19.482538242 ], [ -97.814412646, 19.483189549 ], [ -97.814384505, 19.483245622 ], [ -97.814384487, 19.483245659 ], [ -97.814262002, 19.483489719 ], [ -97.814162981, 19.483687026 ], [ -97.814158129, 19.483696694 ], [ -97.814154647, 19.483703633 ], [ -97.814086497, 19.483839425 ], [ -97.814071369, 19.48386957 ], [ -97.813479799, 19.485048291 ], [ -97.81332151, 19.485363683 ], [ -97.813307439, 19.48539172 ], [ -97.813302397, 19.485401764 ], [ -97.813300222, 19.485406099 ], [ -97.81321852, 19.48556889 ], [ -97.81309954, 19.48580597 ], [ -97.813075366, 19.485854131 ], [ -97.81306531, 19.485874164 ], [ -97.813049865, 19.485904935 ], [ -97.81303725, 19.485930068 ], [ -97.812985861, 19.486032449 ], [ -97.81295458, 19.48609477 ], [ -97.812953093, 19.486097733 ], [ -97.812918954, 19.486165756 ], [ -97.812759696, 19.486483083 ], [ -97.812743797, 19.486514763 ], [ -97.812730243, 19.486541769 ], [ -97.81257297, 19.48685514 ], [ -97.812569046, 19.486856582 ], [ -97.812538261, 19.486867899 ], [ -97.81248164, 19.486888711 ], [ -97.811796376, 19.4871406 ], [ -97.80545912, 19.48946985 ], [ -97.79453868, 19.4983746 ], [ -97.79513249, 19.49681909 ] ] ] ] } },
{ "type": "Feature", "properties": { "cvegeo": "29045", "cve_ent": "29", "cve_mun": "045", "nomgeo": "Benito Juárez", "cve_cab": "0001", "pob_total": "6211", "pob_femenina": "3248", "pob_masculina": "2963", "total_viviendas_habitadas": "1541" }, "geometry": { "type": "MultiPolygon", "coordinates": [ [ [ [ -98.38169685, 19.60936186 ], [ -98.38168605, 19.60925029 ], [ -98.37793849, 19.59346765 ], [ -98.37743789, 19.59141709 ], [ -98.37658388, 19.58784602 ], [ -98.37523391, 19.58870971 ], [ -98.37155148, 19.59105551 ], [ -98.36974826, 19.59221106 ], [ -98.36620832, 19.59448705 ], [ -98.36620118, 19.59447185 ], [ -98.36577335, 19.59361743 ], [ -98.36575094, 19.59357538 ], [ -98.36487766, 19.59191932 ], [ -98.36359535, 19.58944618 ], [ -98.36202191, 19.5864096 ], [ -98.36201005, 19.58638857 ], [ -98.36412106, 19.58507183 ], [ -98.36459392, 19.58477932 ], [ -98.3650578, 19.58448211 ], [ -98.3651376, 19.58440378 ], [ -98.36517468, 19.58436963 ], [ -98.36526603, 19.58431112 ], [ -98.36752437, 19.5828764 ], [ -98.36841814, 19.58231017 ], [ -98.36857746, 19.58220845 ], [ -98.36863031, 19.5821782 ], [ -98.36886497, 19.58203282 ], [ -98.36916523, 19.5818412 ], [ -98.36923085, 19.58180592 ], [ -98.37179729, 19.58016522 ], [ -98.37183269, 19.58014135 ], [ -98.37204089, 19.58000971 ], [ -98.37224909, 19.57987806 ], [ -98.37228965, 19.579852 ], [ -98.37304198, 19.57934962 ], [ -98.37361954, 19.57897292 ], [ -98.37379555, 19.57884295 ], [ -98.37359143, 19.57860746 ], [ -98.37428168, 19.57766783 ], [ -98.37440271, 19.57751082 ], [ -98.37566838, 19.57891794 ], [ -98.37569529, 19.57894752 ], [ -98.37676874, 19.58013615 ], [ -98.37695377, 19.58034009 ], [ -98.37697982, 19.58036458 ], [ -98.37819608, 19.58170815 ], [ -98.37822778, 19.5817436 ], [ -98.37840549, 19.58194735 ], [ -98.37946022, 19.58311049 ], [ -98.37948386, 19.58313746 ], [ -98.37976209, 19.58344348 ], [ -98.3851016, 19.57603235 ], [ -98.38514005, 19.57598192 ], [ -98.39041405, 19.57675098 ], [ -98.393007979, 19.57712794 ], [ -98.40089731, 19.578220781 ], [ -98.41022231, 19.57958346 ], [ -98.41391558, 19.58012617 ], [ -98.414788849, 19.58025448 ], [ -98.41490709, 19.58010112 ], [ -98.415038089, 19.579999921 ], [ -98.415100909, 19.57985695 ], [ -98.415250169, 19.579668601 ], [ -98.41608343, 19.579993001 ], [ -98.416232549, 19.58006117 ], [ -98.41657562, 19.579072681 ], [ -98.416703969, 19.5790842 ], [ -98.416739479, 19.5790878 ], [ -98.41877009, 19.57934738 ], [ -98.41879858, 19.579351771 ], [ -98.418808489, 19.57935283 ], [ -98.41927922, 19.579413941 ], [ -98.41998431, 19.579509151 ], [ -98.42088826, 19.57962349 ], [ -98.420927029, 19.5796284 ], [ -98.42129642, 19.57967577 ], [ -98.42186331, 19.57974849 ], [ -98.42243052, 19.579821231 ], [ -98.423008119, 19.57989531 ], [ -98.423053219, 19.57990109 ], [ -98.423914999, 19.58000822 ], [ -98.42494083, 19.580135711 ], [ -98.425006289, 19.58007643 ], [ -98.42516014, 19.580071221 ], [ -98.425278569, 19.58007389 ], [ -98.42539355, 19.579982031 ], [ -98.42567495, 19.57989315 ], [ -98.4261332, 19.579761481 ], [ -98.42654362, 19.579719351 ], [ -98.42679817, 19.57973045 ], [ -98.42716568, 19.579760771 ], [ -98.42728974, 19.57970614 ], [ -98.427556579, 19.57966203 ], [ -98.427829419, 19.57962068 ], [ -98.42908734, 19.579529861 ], [ -98.430607939, 19.579362771 ], [ -98.430236119, 19.579624081 ], [ -98.42930702, 19.58013622 ], [ -98.42910745, 19.58025703 ], [ -98.4288188, 19.58046457 ], [ -98.4286218, 19.580647081 ], [ -98.42820062, 19.58099594 ], [ -98.428152893, 19.581035639 ], [ -98.42813415, 19.58105123 ], [ -98.42966849, 19.58139309 ], [ -98.43082098, 19.58164929 ], [ -98.4318418, 19.58186483 ], [ -98.43252188, 19.582025031 ], [ -98.432666464, 19.582068385 ], [ -98.43277574, 19.58210115 ], [ -98.43385545, 19.58245923 ], [ -98.43447463, 19.58266394 ], [ -98.43408758, 19.58364686 ], [ -98.43386478, 19.58423471 ], [ -98.43363406, 19.58484346 ], [ -98.43344103, 19.58535272 ], [ -98.43326694, 19.58581205 ], [ -98.432916043, 19.586739635 ], [ -98.432899783, 19.58678262 ], [ -98.43299285, 19.58681965 ], [ -98.43350031, 19.587021566 ], [ -98.434005259, 19.587222481 ], [ -98.43483677, 19.58755332 ], [ -98.43610295, 19.58806226 ], [ -98.450837259, 19.59380243 ], [ -98.45084932, 19.59363923 ], [ -98.454507749, 19.59508718 ], [ -98.456400969, 19.59583392 ], [ -98.456437289, 19.595843061 ], [ -98.45883358, 19.59679305 ], [ -98.458776919, 19.59710849 ], [ -98.458647519, 19.597829021 ], [ -98.458477819, 19.598996091 ], [ -98.458471349, 19.59904051 ], [ -98.455466169, 19.597917001 ], [ -98.455386, 19.59960802 ], [ -98.45527649, 19.601770461 ], [ -98.455127089, 19.603179971 ], [ -98.455109779, 19.603249771 ], [ -98.455070999, 19.60325045 ], [ -98.453149229, 19.602895601 ], [ -98.45292443, 19.60462382 ], [ -98.452692229, 19.60647355 ], [ -98.45264826, 19.606462521 ], [ -98.450778429, 19.60614329 ], [ -98.45056078, 19.607889001 ], [ -98.45052643, 19.60779455 ], [ -98.449143509, 19.60762743 ], [ -98.448842489, 19.60984865 ], [ -98.448831509, 19.60989497 ], [ -98.448411139, 19.609812631 ], [ -98.447917709, 19.60971422 ], [ -98.44696892, 19.61101785 ], [ -98.44677363, 19.61098382 ], [ -98.44648183, 19.61093252 ], [ -98.445508229, 19.610762941 ], [ -98.445022369, 19.61067688 ], [ -98.444851349, 19.610649031 ], [ -98.444816629, 19.610645481 ], [ -98.4445334, 19.61059578 ], [ -98.44356343, 19.610423651 ], [ -98.443072829, 19.61033894 ], [ -98.442951799, 19.61032186 ], [ -98.44292042, 19.61031632 ], [ -98.442585779, 19.61024731 ], [ -98.442098369, 19.610163491 ], [ -98.44160597, 19.61007438 ], [ -98.441052349, 19.609979631 ], [ -98.441018619, 19.60997306 ], [ -98.43911532, 19.60963989 ], [ -98.43908872, 19.609634711 ], [ -98.438911679, 19.609592051 ], [ -98.438421029, 19.60951411 ], [ -98.437950059, 19.60943225 ], [ -98.43748068, 19.60935268 ], [ -98.437189919, 19.60930395 ], [ -98.437115449, 19.60928871 ], [ -98.43708597, 19.60928354 ], [ -98.436997419, 19.60926358 ], [ -98.436508149, 19.60917722 ], [ -98.436019259, 19.60909203 ], [ -98.43555303, 19.609011861 ], [ -98.43517385, 19.60894754 ], [ -98.43514714, 19.608943921 ], [ -98.434669019, 19.60885914 ], [ -98.43417566, 19.608773951 ], [ -98.43368022, 19.60868452 ], [ -98.43330543, 19.60862514 ], [ -98.433292629, 19.60862115 ], [ -98.433276459, 19.60861842 ], [ -98.433212029, 19.60860028 ], [ -98.43274445, 19.60852 ], [ -98.43227326, 19.60844365 ], [ -98.431806419, 19.608361151 ], [ -98.431408199, 19.60829906 ], [ -98.4313706, 19.608290231 ], [ -98.43133806, 19.608277621 ], [ -98.43086949, 19.60819328 ], [ -98.430398349, 19.608113001 ], [ -98.429932889, 19.60803098 ], [ -98.42951331, 19.60796611 ], [ -98.429477279, 19.60795582 ], [ -98.428996819, 19.60786557 ], [ -98.4285286, 19.607778741 ], [ -98.428059139, 19.607698721 ], [ -98.42760972, 19.60762697 ], [ -98.42759138, 19.607617711 ], [ -98.427578779, 19.60762206 ], [ -98.427118219, 19.607534891 ], [ -98.42665717, 19.60744922 ], [ -98.42618417, 19.60736652 ], [ -98.42570358, 19.607278691 ], [ -98.425676049, 19.607273371 ], [ -98.425608829, 19.60727532 ], [ -98.425119599, 19.607179111 ], [ -98.424645479, 19.607099081 ], [ -98.424186779, 19.60700991 ], [ -98.42371511, 19.60692934 ], [ -98.4227724, 19.606767051 ], [ -98.421836309, 19.60659522 ], [ -98.420897539, 19.606434631 ], [ -98.420427519, 19.606347661 ], [ -98.41996286, 19.606272541 ], [ -98.41949174, 19.606185921 ], [ -98.419029969, 19.60610688 ], [ -98.418560429, 19.60602377 ], [ -98.41340569, 19.60511829 ], [ -98.41294822, 19.60503388 ], [ -98.412468629, 19.60494677 ], [ -98.41222349, 19.60490325 ], [ -98.411773019, 19.60483146 ], [ -98.41039474, 19.612050911 ], [ -98.409564349, 19.616688431 ], [ -98.38169685, 19.60936186 ] ] ] ] } },
{ "type": "Feature", "properties": { "cvegeo": "29003", "cve_ent": "29", "cve_mun": "003", "nomgeo": "Atlangatepec", "cve_cab": "0001", "pob_total": "7087", "pob_femenina": "3629", "pob_masculina": "3458", "total_viviendas_habitadas": "1908" }, "geometry": { "type": "MultiPolygon", "coordinates": [ [ [ [ -98.18422634, 19.60429065 ], [ -98.18415791, 19.60422617 ], [ -98.18402491, 19.60413094 ], [ -98.183782219, 19.603973231 ], [ -98.183490619, 19.603707061 ], [ -98.18329203, 19.60353209 ], [ -98.183193049, 19.603433141 ], [ -98.18295888, 19.60331698 ], [ -98.18276649, 19.603266181 ], [ -98.18244795, 19.6032214 ], [ -98.18199868, 19.60317332 ], [ -98.181695289, 19.60310595 ], [ -98.18142743, 19.60303817 ], [ -98.18109682, 19.6029058 ], [ -98.180742119, 19.602768231 ], [ -98.1805374, 19.602639051 ], [ -98.180328579, 19.60242691 ], [ -98.179953, 19.602108981 ], [ -98.179421599, 19.60172169 ], [ -98.17916991, 19.60155643 ], [ -98.178576689, 19.601333971 ], [ -98.178292279, 19.601271621 ], [ -98.177793179, 19.60103309 ], [ -98.177429249, 19.60054174 ], [ -98.17744912, 19.600064521 ], [ -98.177273489, 19.59983985 ], [ -98.17681946, 19.59982632 ], [ -98.1765472, 19.59953658 ], [ -98.17629255, 19.599195571 ], [ -98.17573871, 19.598948061 ], [ -98.17576385, 19.59869803 ], [ -98.175788349, 19.598587061 ], [ -98.17557512, 19.597795601 ], [ -98.175516819, 19.597667341 ], [ -98.17501042, 19.59664946 ], [ -98.17503997, 19.596158351 ], [ -98.174872879, 19.59583552 ], [ -98.17465148, 19.59573068 ], [ -98.17460931, 19.595587711 ], [ -98.17459946, 19.59554814 ], [ -98.174488919, 19.59504923 ], [ -98.17479465, 19.59485694 ], [ -98.174916619, 19.59462877 ], [ -98.17506495, 19.594509181 ], [ -98.175184459, 19.59426405 ], [ -98.17515698, 19.593699691 ], [ -98.175193849, 19.59337034 ], [ -98.17531992, 19.59289515 ], [ -98.175766679, 19.59226891 ], [ -98.17581208, 19.59171215 ], [ -98.175873349, 19.59134171 ], [ -98.17588583, 19.59130675 ], [ -98.175962319, 19.59085374 ], [ -98.176241919, 19.590444351 ], [ -98.17660318, 19.58995645 ], [ -98.17663048, 19.589926091 ], [ -98.176938779, 19.589689661 ], [ -98.17734806, 19.58950548 ], [ -98.177613849, 19.58948062 ], [ -98.17795714, 19.589239491 ], [ -98.178161119, 19.58866042 ], [ -98.17852788, 19.58818785 ], [ -98.17866998, 19.588052941 ], [ -98.17874672, 19.587980091 ], [ -98.1784052, 19.58721649 ], [ -98.178405191, 19.587216465 ], [ -98.17828492, 19.58694754 ], [ -98.177837749, 19.586705771 ], [ -98.177810453, 19.586691 ], [ -98.17777783, 19.58667335 ], [ -98.17770103, 19.58663183 ], [ -98.177367799, 19.58644975 ], [ -98.177331205, 19.586430552 ], [ -98.177230749, 19.58637788 ], [ -98.17690731, 19.58620085 ], [ -98.176708879, 19.58642478 ], [ -98.176097379, 19.587106891 ], [ -98.17534032, 19.587937291 ], [ -98.173936, 19.58948277 ], [ -98.17391652, 19.589504341 ], [ -98.17198442, 19.591353311 ], [ -98.171921799, 19.591375881 ], [ -98.17139589, 19.59154957 ], [ -98.17002155, 19.591670351 ], [ -98.169976749, 19.59167332 ], [ -98.167542549, 19.591926491 ], [ -98.16747362, 19.59196454 ], [ -98.16508966, 19.59325689 ], [ -98.164642969, 19.59345443 ], [ -98.163723779, 19.59397305 ], [ -98.163717516, 19.593980194 ], [ -98.163626119, 19.594084431 ], [ -98.163586567, 19.594039755 ], [ -98.16281908, 19.59317283 ], [ -98.162208689, 19.59241911 ], [ -98.161835619, 19.59193985 ], [ -98.16168968, 19.59178388 ], [ -98.16144475, 19.59158665 ], [ -98.161200725, 19.591368492 ], [ -98.16119512, 19.59136348 ], [ -98.161125339, 19.59128572 ], [ -98.161114009, 19.591269393 ], [ -98.16104097, 19.591164141 ], [ -98.160980309, 19.59101422 ], [ -98.16088482, 19.59088151 ], [ -98.16077742, 19.590835801 ], [ -98.15949418, 19.589388321 ], [ -98.157829449, 19.58746489 ], [ -98.157613349, 19.58721451 ], [ -98.157483064, 19.587123513 ], [ -98.157594893, 19.586874813 ], [ -98.158110408, 19.585600355 ], [ -98.158760942, 19.584138933 ], [ -98.159380412, 19.582709474 ], [ -98.16001767, 19.581275732 ], [ -98.160676955, 19.579789011 ], [ -98.16133779, 19.578292502 ], [ -98.162000336, 19.576800689 ], [ -98.162663036, 19.575294443 ], [ -98.163298217, 19.57386807 ], [ -98.163936328, 19.572407361 ], [ -98.164564035, 19.570934955 ], [ -98.164873234, 19.570284872 ], [ -98.1650418, 19.569879203 ], [ -98.164962267, 19.569649311 ], [ -98.164882761, 19.569414636 ], [ -98.164764179, 19.56893113 ], [ -98.164730369, 19.568639286 ], [ -98.164686396, 19.568361741 ], [ -98.164652686, 19.56805077 ], [ -98.164657331, 19.56788343 ], [ -98.164665841, 19.567700568 ], [ -98.164745643, 19.567632797 ], [ -98.164859884, 19.567489873 ], [ -98.164871844, 19.56737158 ], [ -98.165012568, 19.567228778 ], [ -98.165152591, 19.567222253 ], [ -98.16525489, 19.567194035 ], [ -98.165417156, 19.567193196 ], [ -98.165282207, 19.567129039 ], [ -98.165163655, 19.567089593 ], [ -98.165022495, 19.567094112 ], [ -98.164964274, 19.567121364 ], [ -98.164866581, 19.56716709 ], [ -98.164736063, 19.567248811 ], [ -98.164627812, 19.567298703 ], [ -98.164503163, 19.567323886 ], [ -98.164370771, 19.567320529 ], [ -98.164239409, 19.567280757 ], [ -98.164133326, 19.567253774 ], [ -98.16377886, 19.567244785 ], [ -98.163572953, 19.567271954 ], [ -98.16345616, 19.56732163 ], [ -98.163321369, 19.567403241 ], [ -98.16314723, 19.567516246 ], [ -98.162923864, 19.567762638 ], [ -98.162691005, 19.567987525 ], [ -98.162466574, 19.568216676 ], [ -98.162317484, 19.568350561 ], [ -98.162216975, 19.568428991 ], [ -98.162139073, 19.568463457 ], [ -98.162057359, 19.568481629 ], [ -98.161959361, 19.568471043 ], [ -98.161840123, 19.568455872 ], [ -98.161789674, 19.568426248 ], [ -98.161765763, 19.568364905 ], [ -98.161750878, 19.568307148 ], [ -98.161742654, 19.568275241 ], [ -98.161695974, 19.568112094 ], [ -98.161586452, 19.567753001 ], [ -98.16155951, 19.567632659 ], [ -98.161579106, 19.567544076 ], [ -98.16158692, 19.567418755 ], [ -98.161586305, 19.56728917 ], [ -98.16160716, 19.567156081 ], [ -98.161604945, 19.567083142 ], [ -98.161585306, 19.567021909 ], [ -98.161560482, 19.566992934 ], [ -98.161510719, 19.566939035 ], [ -98.161491993, 19.566845433 ], [ -98.16147384, 19.566731599 ], [ -98.161459158, 19.566646197 ], [ -98.161434561, 19.566609132 ], [ -98.161383999, 19.566583554 ], [ -98.161282647, 19.566540492 ], [ -98.161171838, 19.566529581 ], [ -98.161060003, 19.566555087 ], [ -98.160831942, 19.566610035 ], [ -98.160504742, 19.566694857 ], [ -98.160277827, 19.566709342 ], [ -98.160111385, 19.566701068 ], [ -98.160005076, 19.566682174 ], [ -98.159929118, 19.566647853 ], [ -98.159832609, 19.566584668 ], [ -98.159724887, 19.566464511 ], [ -98.159630663, 19.566320403 ], [ -98.159591272, 19.566201981 ], [ -98.159584279, 19.566094734 ], [ -98.159589538, 19.565908613 ], [ -98.159631362, 19.56563839 ], [ -98.159678144, 19.565343998 ], [ -98.15971551, 19.565231575 ], [ -98.159843547, 19.564935198 ], [ -98.160195167, 19.563950113 ], [ -98.160244547, 19.563894738 ], [ -98.160290391, 19.563843328 ], [ -98.16042257, 19.563788443 ], [ -98.160509293, 19.563710563 ], [ -98.160551178, 19.563587864 ], [ -98.160617333, 19.5634221 ], [ -98.160719001, 19.56335916 ], [ -98.161156672, 19.563370268 ], [ -98.161250046, 19.563328958 ], [ -98.161320797, 19.563272512 ], [ -98.161378038, 19.563150202 ], [ -98.161380619, 19.563133061 ], [ -98.161406414, 19.56296164 ], [ -98.161410934, 19.562801593 ], [ -98.161364496, 19.562580412 ], [ -98.161336862, 19.562470509 ], [ -98.161355098, 19.56236905 ], [ -98.161433523, 19.5623128 ], [ -98.161582907, 19.562192829 ], [ -98.161670039, 19.562100398 ], [ -98.161718986, 19.561999719 ], [ -98.161732005, 19.561810766 ], [ -98.161756563, 19.561518002 ], [ -98.161821594, 19.561355999 ], [ -98.161963604, 19.561220496 ], [ -98.162404351, 19.560904373 ], [ -98.162663491, 19.560902764 ], [ -98.162854741, 19.560858521 ], [ -98.162944045, 19.560754411 ], [ -98.163000398, 19.560640851 ], [ -98.16311263, 19.56053446 ], [ -98.163290265, 19.560475722 ], [ -98.164016569, 19.560327412 ], [ -98.164206852, 19.560274516 ], [ -98.164259033, 19.560272934 ], [ -98.164279398, 19.560272316 ], [ -98.164300245, 19.560289003 ], [ -98.164307512, 19.560333624 ], [ -98.164314668, 19.560382282 ], [ -98.16436028, 19.560427877 ], [ -98.16442811, 19.560441715 ], [ -98.164500542, 19.560443552 ], [ -98.164576664, 19.560465681 ], [ -98.164640004, 19.560487484 ], [ -98.164708174, 19.560489213 ], [ -98.164759986, 19.560466289 ], [ -98.164782999, 19.560406277 ], [ -98.164789538, 19.560325648 ], [ -98.16481704, 19.560253925 ], [ -98.164821753, 19.560241632 ], [ -98.164869988, 19.560194378 ], [ -98.164968211, 19.560188788 ], [ -98.165087282, 19.560199887 ], [ -98.165291678, 19.560209108 ], [ -98.165428019, 19.560212565 ], [ -98.16550994, 19.560230316 ], [ -98.165614747, 19.560293569 ], [ -98.165857082, 19.56046938 ], [ -98.165941272, 19.56050787 ], [ -98.166038698, 19.560530538 ], [ -98.166145328, 19.560529202 ], [ -98.166235712, 19.560499175 ], [ -98.166309397, 19.560456605 ], [ -98.166371436, 19.560373344 ], [ -98.166478362, 19.560210426 ], [ -98.166605516, 19.55993491 ], [ -98.166756411, 19.55972463 ], [ -98.166819252, 19.559678747 ], [ -98.166916139, 19.559681202 ], [ -98.167061324, 19.559689985 ], [ -98.167223519, 19.559668577 ], [ -98.167467318, 19.559618616 ], [ -98.167651765, 19.559572255 ], [ -98.167766381, 19.559519022 ], [ -98.167864706, 19.559470477 ], [ -98.167898007, 19.559435597 ], [ -98.16790002, 19.5593642 ], [ -98.167874113, 19.559327819 ], [ -98.167799332, 19.55930551 ], [ -98.167681922, 19.559266811 ], [ -98.167617937, 19.559258169 ], [ -98.167542406, 19.559247966 ], [ -98.167413019, 19.559228338 ], [ -98.167338258, 19.559201401 ], [ -98.167292778, 19.559207403 ], [ -98.167250667, 19.559227802 ], [ -98.16716388, 19.559225603 ], [ -98.167058833, 19.559201475 ], [ -98.166998865, 19.559185645 ], [ -98.16697336, 19.559152801 ], [ -98.16695998, 19.559091643 ], [ -98.166938752, 19.559041018 ], [ -98.166902027, 19.559004311 ], [ -98.166845899, 19.558994668 ], [ -98.166804325, 19.558987524 ], [ -98.166617341, 19.559263206 ], [ -98.166313763, 19.559441121 ], [ -98.166060811, 19.559583404 ], [ -98.165783007, 19.559653848 ], [ -98.165380016, 19.559544395 ], [ -98.164989206, 19.559518679 ], [ -98.164774886, 19.559505733 ], [ -98.164296787, 19.559288341 ], [ -98.164095632, 19.559167866 ], [ -98.163969218, 19.559227053 ], [ -98.163880264, 19.559358139 ], [ -98.163740868, 19.559488993 ], [ -98.163627742, 19.559416741 ], [ -98.163389002, 19.559248274 ], [ -98.163125411, 19.559007964 ], [ -98.163076263, 19.558756693 ], [ -98.162875232, 19.558612308 ], [ -98.162547356, 19.558610788 ], [ -98.162383417, 19.558610027 ], [ -98.161892652, 19.558404525 ], [ -98.161614972, 19.558451053 ], [ -98.16119913, 19.55838935 ], [ -98.161110175, 19.558520435 ], [ -98.161197399, 19.558724065 ], [ -98.161145845, 19.558939005 ], [ -98.160741931, 19.559008854 ], [ -98.160376098, 19.559031061 ], [ -98.160250734, 19.558887026 ], [ -98.159987086, 19.558658665 ], [ -98.159722511, 19.558609617 ], [ -98.159482537, 19.558680226 ], [ -98.159242748, 19.558714972 ], [ -98.159053837, 19.558666275 ], [ -98.158877164, 19.558689361 ], [ -98.1585988, 19.55886738 ], [ -98.158257134, 19.559092921 ], [ -98.158017655, 19.559067895 ], [ -98.157903539, 19.559186906 ], [ -98.157739165, 19.55926982 ], [ -98.15768773, 19.559460852 ], [ -98.157775011, 19.559652528 ], [ -98.157673319, 19.559807461 ], [ -98.157484531, 19.559734854 ], [ -98.15713199, 19.559625619 ], [ -98.156943699, 19.559457378 ], [ -98.156629363, 19.559276594 ], [ -98.156502013, 19.559515086 ], [ -98.156386964, 19.559813409 ], [ -98.156145556, 19.560158957 ], [ -98.155880047, 19.560289215 ], [ -98.155614225, 19.560479241 ], [ -98.155474075, 19.560753536 ], [ -98.155598441, 19.561088841 ], [ -98.155622231, 19.561363902 ], [ -98.155469718, 19.561590322 ], [ -98.155228804, 19.561840237 ], [ -98.154925458, 19.561970315 ], [ -98.154609377, 19.562124243 ], [ -98.154306355, 19.562254979 ], [ -98.154263454, 19.562240721 ], [ -98.154182491, 19.562204164 ], [ -98.154090319, 19.562149469 ], [ -98.153962872, 19.562086302 ], [ -98.15379575, 19.562014547 ], [ -98.15368162, 19.561930601 ], [ -98.153593982, 19.561850909 ], [ -98.153501867, 19.561767019 ], [ -98.153396608, 19.561670535 ], [ -98.153265217, 19.561519713 ], [ -98.15313799, 19.561414816 ], [ -98.153010632, 19.561334939 ], [ -98.152818098, 19.561293782 ], [ -98.152678881, 19.561251832 ], [ -98.152542033, 19.561218154 ], [ -98.152478468, 19.561153038 ], [ -98.152403833, 19.561094249 ], [ -98.152316348, 19.560985361 ], [ -98.152177416, 19.560806911 ], [ -98.152046728, 19.560738595 ], [ -98.151932535, 19.560667133 ], [ -98.151800667, 19.560608074 ], [ -98.151602838, 19.560515378 ], [ -98.151519496, 19.560456548 ], [ -98.151502167, 19.560349473 ], [ -98.15144878, 19.560181325 ], [ -98.151414989, 19.560074901 ], [ -98.151364127, 19.559914705 ], [ -98.151289956, 19.559897299 ], [ -98.151165836, 19.559868172 ], [ -98.151045586, 19.559856328 ], [ -98.150900381, 19.559822271 ], [ -98.150759391, 19.559804944 ], [ -98.150623013, 19.55976675 ], [ -98.150495548, 19.559707711 ], [ -98.150420101, 19.559613424 ], [ -98.150366489, 19.559523422 ], [ -98.15030731, 19.559409642 ], [ -98.150281859, 19.559316859 ], [ -98.150200356, 19.55918366 ], [ -98.15005675, 19.559068735 ], [ -98.149926537, 19.558964529 ], [ -98.149842283, 19.558897102 ], [ -98.149728853, 19.55887797 ], [ -98.149627716, 19.558835765 ], [ -98.149517785, 19.558810228 ], [ -98.149420964, 19.558784707 ], [ -98.149230477, 19.55871047 ], [ -98.149050414, 19.558588659 ], [ -98.148918853, 19.558488817 ], [ -98.148822307, 19.558412312 ], [ -98.148761079, 19.558316079 ], [ -98.148715265, 19.558166716 ], [ -98.148625555, 19.55811515 ], [ -98.148533826, 19.558073458 ], [ -98.148453517, 19.558044823 ], [ -98.148354585, 19.558012758 ], [ -98.148278366, 19.557942419 ], [ -98.148194982, 19.557891988 ], [ -98.14809838, 19.557824738 ], [ -98.148019367, 19.557761794 ], [ -98.147918451, 19.55767786 ], [ -98.147817524, 19.557614815 ], [ -98.14773064, 19.557548315 ], [ -98.147629886, 19.557470451 ], [ -98.147583015, 19.557362893 ], [ -98.147498858, 19.557293616 ], [ -98.147508799, 19.557215275 ], [ -98.147514092, 19.557138591 ], [ -98.147528822, 19.557059193 ], [ -98.147521311, 19.556994001 ], [ -98.147577743, 19.556984361 ], [ -98.147570174, 19.55692118 ], [ -98.147611368, 19.556898794 ], [ -98.147646752, 19.556861286 ], [ -98.147667498, 19.556847041 ], [ -98.147703637, 19.556844438 ], [ -98.147760882, 19.556812775 ], [ -98.147806985, 19.556694348 ], [ -98.147796022, 19.556560307 ], [ -98.147848975, 19.55641621 ], [ -98.147828022, 19.556293372 ], [ -98.147793771, 19.556147054 ], [ -98.147834176, 19.555953055 ], [ -98.14784499, 19.555817803 ], [ -98.147938208, 19.555730926 ], [ -98.148033938, 19.555678537 ], [ -98.148042946, 19.555597347 ], [ -98.14801353, 19.55552648 ], [ -98.14800824, 19.555466845 ], [ -98.147939601, 19.55542543 ], [ -98.147864473, 19.55539046 ], [ -98.14779902, 19.555345822 ], [ -98.14777271, 19.55527904 ], [ -98.147699, 19.555250719 ], [ -98.147702326, 19.555167072 ], [ -98.147655928, 19.555079946 ], [ -98.147643942, 19.555010225 ], [ -98.147607351, 19.554946486 ], [ -98.147568372, 19.554868546 ], [ -98.147556655, 19.554798236 ], [ -98.147682685, 19.554644593 ], [ -98.147936333, 19.554531791 ], [ -98.148123329, 19.554456972 ], [ -98.148200389, 19.554354657 ], [ -98.148148908, 19.554141324 ], [ -98.147846449, 19.55411115 ], [ -98.147578844, 19.554219394 ], [ -98.147464385, 19.554180875 ], [ -98.147390495, 19.554045305 ], [ -98.147460213, 19.553800164 ], [ -98.147466818, 19.553567132 ], [ -98.147471998, 19.553384362 ], [ -98.14751186, 19.553170468 ], [ -98.147614508, 19.553102786 ], [ -98.147828753, 19.55323341 ], [ -98.148011788, 19.553244836 ], [ -98.148141822, 19.553090489 ], [ -98.148176369, 19.552743561 ], [ -98.14790911, 19.552245362 ], [ -98.147540091, 19.551819485 ], [ -98.147429181, 19.551473721 ], [ -98.147421559, 19.550988888 ], [ -98.147029808, 19.550381323 ], [ -98.146718233, 19.550131043 ], [ -98.146334121, 19.549868794 ], [ -98.146032588, 19.54960505 ], [ -98.145591613, 19.549294966 ], [ -98.145259579, 19.549085313 ], [ -98.144945069, 19.548911894 ], [ -98.144693114, 19.548772868 ], [ -98.144509772, 19.548768194 ], [ -98.144338831, 19.548836997 ], [ -98.144198293, 19.549025461 ], [ -98.144027639, 19.549254308 ], [ -98.143943341, 19.549478853 ], [ -98.143744067, 19.550275308 ], [ -98.143028552, 19.551903058 ], [ -98.142620944, 19.553059322 ], [ -98.141910477, 19.554782199 ], [ -98.141331226, 19.556221159 ], [ -98.14066818, 19.557888692 ], [ -98.139973446, 19.559408562 ], [ -98.139194775, 19.560569174 ], [ -98.138254536, 19.561860418 ], [ -98.138268917, 19.562468316 ], [ -98.138218154, 19.563165119 ], [ -98.138151023, 19.563480897 ], [ -98.138000697, 19.56406016 ], [ -98.137545862, 19.565253316 ], [ -98.134248605, 19.565263841 ], [ -98.133345214, 19.565247788 ], [ -98.133087886, 19.56476612 ], [ -98.132266841, 19.563238855 ], [ -98.131320592, 19.561534399 ], [ -98.131246642, 19.561384444 ], [ -98.13119023, 19.561270081 ], [ -98.130833079, 19.56032788 ], [ -98.12978822, 19.558259031 ], [ -98.129774659, 19.558229051 ], [ -98.12916369, 19.557036371 ], [ -98.12910882, 19.55690511 ], [ -98.12907158, 19.556860491 ], [ -98.128608999, 19.55594808 ], [ -98.127261339, 19.55337666 ], [ -98.126699229, 19.55228589 ], [ -98.126628719, 19.55207043 ], [ -98.12621034, 19.551292551 ], [ -98.125900649, 19.550714141 ], [ -98.125639229, 19.55023028 ], [ -98.125622119, 19.55020303 ], [ -98.125612509, 19.550184851 ], [ -98.128538169, 19.548481751 ], [ -98.12878112, 19.54833854 ], [ -98.128146629, 19.545235341 ], [ -98.12809171, 19.545013511 ], [ -98.12803734, 19.54502877 ], [ -98.127934829, 19.54505535 ], [ -98.12781351, 19.545093151 ], [ -98.1277424, 19.54510009 ], [ -98.12770543, 19.545099151 ], [ -98.12767171, 19.54509245 ], [ -98.127644969, 19.545056691 ], [ -98.12758726, 19.545026 ], [ -98.12752582, 19.545018581 ], [ -98.12746054, 19.54503737 ], [ -98.127157939, 19.54516109 ], [ -98.127033219, 19.545210481 ], [ -98.1269004, 19.54521877 ], [ -98.126780249, 19.545215691 ], [ -98.126697379, 19.545201881 ], [ -98.12662769, 19.545159201 ], [ -98.12655842, 19.54510191 ], [ -98.12651411, 19.54503358 ], [ -98.12645257, 19.54492098 ], [ -98.126376709, 19.54477005 ], [ -98.126270369, 19.544606651 ], [ -98.12613889, 19.54446012 ], [ -98.12603238, 19.54436077 ], [ -98.125894579, 19.54423278 ], [ -98.125818719, 19.54414343 ], [ -98.12571222, 19.54399648 ], [ -98.125604599, 19.54388883 ], [ -98.12549585, 19.54382049 ], [ -98.12538212, 19.54376514 ], [ -98.12523165, 19.543704461 ], [ -98.1251168, 19.543688421 ], [ -98.125020649, 19.54366409 ], [ -98.124934199, 19.543622551 ], [ -98.12488126, 19.543538151 ], [ -98.124801029, 19.54343995 ], [ -98.124656659, 19.543327 ], [ -98.12443955, 19.54317722 ], [ -98.12429582, 19.543042421 ], [ -98.124128519, 19.54292451 ], [ -98.12396825, 19.542849 ], [ -98.12386462, 19.542763311 ], [ -98.12373918, 19.542633351 ], [ -98.123669309, 19.542496091 ], [ -98.12361388, 19.542337341 ], [ -98.123523689, 19.5421034 ], [ -98.12342466, 19.541856121 ], [ -98.123320909, 19.54161309 ], [ -98.12322, 19.54139869 ], [ -98.123138909, 19.54116935 ], [ -98.12307949, 19.540988651 ], [ -98.12307526, 19.540813721 ], [ -98.123034279, 19.540633491 ], [ -98.12300649, 19.540475451 ], [ -98.12294148, 19.54032955 ], [ -98.12285292, 19.54020055 ], [ -98.12275352, 19.54012808 ], [ -98.12265749, 19.5400994 ], [ -98.1224836, 19.540051231 ], [ -98.122333139, 19.53999055 ], [ -98.122137079, 19.53991125 ], [ -98.12194588, 19.53982331 ], [ -98.12171731, 19.53969322 ], [ -98.12160483, 19.53959418 ], [ -98.12149622, 19.53952148 ], [ -98.121399939, 19.53950152 ], [ -98.121253709, 19.539454061 ], [ -98.12104868, 19.53936577 ], [ -98.120803059, 19.539245851 ], [ -98.12049865, 19.539085081 ], [ -98.120167449, 19.538893031 ], [ -98.119867259, 19.53874548 ], [ -98.11975442, 19.538659541 ], [ -98.119602889, 19.538566461 ], [ -98.119426769, 19.538435201 ], [ -98.11920145, 19.538250251 ], [ -98.118781199, 19.537946651 ], [ -98.118493599, 19.53768142 ], [ -98.11823266, 19.53745183 ], [ -98.11799391, 19.537253421 ], [ -98.11772729, 19.537017851 ], [ -98.117516429, 19.536811401 ], [ -98.117413169, 19.5367126 ], [ -98.11698771, 19.536269021 ], [ -98.11665618, 19.53605389 ], [ -98.116376819, 19.53582383 ], [ -98.116205679, 19.5356796 ], [ -98.11607865, 19.5356064 ], [ -98.115896679, 19.535518691 ], [ -98.115742349, 19.53543169 ], [ -98.115609319, 19.535406431 ], [ -98.115454889, 19.5353238 ], [ -98.115281889, 19.535186631 ], [ -98.115158849, 19.5351354 ], [ -98.115040259, 19.53508865 ], [ -98.1148786, 19.534935911 ], [ -98.11474334, 19.534827541 ], [ -98.114629509, 19.53477654 ], [ -98.114500719, 19.53476449 ], [ -98.11440357, 19.53477511 ], [ -98.114311399, 19.53477274 ], [ -98.114187219, 19.53476082 ], [ -98.1140278, 19.53469117 ], [ -98.11386438, 19.53459955 ], [ -98.113315, 19.534297001 ], [ -98.112871109, 19.534014631 ], [ -98.11260666, 19.53384458 ], [ -98.112407259, 19.53372146 ], [ -98.11223912, 19.53363411 ], [ -98.112130399, 19.53356575 ], [ -98.111268289, 19.53290989 ], [ -98.110143139, 19.53242208 ], [ -98.109348539, 19.53208645 ], [ -98.10448605, 19.530740231 ], [ -98.106168649, 19.526907881 ], [ -98.106607149, 19.526181261 ], [ -98.10647582, 19.526088861 ], [ -98.1062728, 19.526003831 ], [ -98.106157119, 19.525927451 ], [ -98.106051799, 19.525841751 ], [ -98.10597677, 19.525756851 ], [ -98.10590857, 19.525668911 ], [ -98.10584626, 19.525609851 ], [ -98.10570011, 19.52553906 ], [ -98.105579579, 19.525513621 ], [ -98.10545317, 19.52545929 ], [ -98.10535494, 19.525361021 ], [ -98.105229519, 19.525271621 ], [ -98.105134309, 19.525186181 ], [ -98.10500898, 19.52509358 ], [ -98.10492275, 19.525046681 ], [ -98.104780149, 19.524969601 ], [ -98.10469129, 19.52489709 ], [ -98.10456988, 19.52478545 ], [ -98.10449663, 19.524724001 ], [ -98.105041059, 19.52322191 ], [ -98.104838169, 19.523121851 ], [ -98.10474908, 19.52304012 ], [ -98.104599429, 19.52292563 ], [ -98.104436689, 19.52275537 ], [ -98.10428095, 19.52260695 ], [ -98.104110379, 19.52244371 ], [ -98.10399971, 19.52231811 ], [ -98.103821739, 19.522147451 ], [ -98.103695829, 19.52202146 ], [ -98.10348742, 19.52185002 ], [ -98.10321891, 19.521648151 ], [ -98.10299528, 19.52147631 ], [ -98.102793019, 19.52135557 ], [ -98.10260558, 19.52124966 ], [ -98.10243358, 19.521136921 ], [ -98.102277019, 19.52101735 ], [ -98.102120029, 19.52091223 ], [ -98.101979109, 19.52077863 ], [ -98.10184786, 19.520573061 ], [ -98.10179046, 19.520448851 ], [ -98.10173349, 19.520310181 ], [ -98.10164523, 19.520199601 ], [ -98.101481879, 19.520050981 ], [ -98.10133705, 19.519958941 ], [ -98.10989095, 19.51762674 ], [ -98.111790549, 19.517106721 ], [ -98.11309105, 19.51676566 ], [ -98.11314017, 19.516311401 ], [ -98.11336617, 19.514624941 ], [ -98.113704509, 19.51239402 ], [ -98.113837169, 19.511354721 ], [ -98.11389532, 19.51125962 ], [ -98.11391551, 19.51122663 ], [ -98.113930969, 19.51112485 ], [ -98.11396357, 19.511064691 ], [ -98.114039709, 19.51101297 ], [ -98.11412682, 19.510883201 ], [ -98.114157199, 19.51083792 ], [ -98.114280421, 19.510575543 ], [ -98.11445892, 19.51019546 ], [ -98.114458923, 19.510195413 ], [ -98.11448149, 19.50992748 ], [ -98.11458685, 19.509633351 ], [ -98.114661579, 19.50936671 ], [ -98.11467488, 19.50916209 ], [ -98.114666229, 19.508942781 ], [ -98.114633219, 19.50879351 ], [ -98.114593949, 19.50860168 ], [ -98.114600619, 19.508368631 ], [ -98.11457646, 19.508170121 ], [ -98.114534369, 19.50807715 ], [ -98.11445382, 19.508025621 ], [ -98.11432111, 19.50797274 ], [ -98.11421014, 19.507941621 ], [ -98.114068569, 19.50793797 ], [ -98.1139272, 19.50792728 ], [ -98.11377978, 19.50786694 ], [ -98.113699629, 19.50780128 ], [ -98.11352483, 19.507655431 ], [ -98.113301719, 19.50737406 ], [ -98.113027049, 19.50707017 ], [ -98.112793179, 19.506823428 ], [ -98.11274322, 19.50677072 ], [ -98.113057919, 19.506637371 ], [ -98.113477199, 19.50642658 ], [ -98.11350506, 19.506411653 ], [ -98.11384518, 19.506229431 ], [ -98.114144279, 19.506032601 ], [ -98.114456149, 19.505807681 ], [ -98.114690787, 19.505622267 ], [ -98.114692711, 19.505620747 ], [ -98.114692823, 19.505620657 ], [ -98.11476252, 19.50556558 ], [ -98.115155429, 19.505229141 ], [ -98.11562895, 19.50481889 ], [ -98.115671279, 19.50478223 ], [ -98.11571263, 19.504746231 ], [ -98.115765408, 19.504700297 ], [ -98.11658554, 19.503986522 ], [ -98.116686478, 19.50389868 ], [ -98.11672888, 19.503862001 ], [ -98.116772051, 19.503824661 ], [ -98.116914652, 19.503701326 ], [ -98.116927324, 19.503690366 ], [ -98.117357856, 19.503317996 ], [ -98.11743171, 19.50325412 ], [ -98.118024289, 19.50272163 ], [ -98.11840152, 19.502478371 ], [ -98.118746429, 19.50229392 ], [ -98.119083259, 19.502154351 ], [ -98.11944651, 19.502041261 ], [ -98.11982277, 19.50194782 ], [ -98.120129139, 19.50192346 ], [ -98.12046229, 19.50191268 ], [ -98.12076058, 19.501933221 ], [ -98.121090459, 19.501981631 ], [ -98.125735479, 19.502828081 ], [ -98.13008389, 19.50370485 ], [ -98.132340879, 19.504182821 ], [ -98.134988969, 19.504728571 ], [ -98.136038599, 19.50569812 ], [ -98.13681378, 19.50636723 ], [ -98.136589579, 19.50653632 ], [ -98.136626089, 19.506641311 ], [ -98.136092149, 19.50736438 ], [ -98.136217459, 19.50742962 ], [ -98.135578119, 19.508701141 ], [ -98.134973089, 19.510005581 ], [ -98.13461298, 19.5106452 ], [ -98.134457289, 19.51087692 ], [ -98.134362019, 19.51098223 ], [ -98.13301338, 19.5118856 ], [ -98.13280995, 19.51204875 ], [ -98.13255177, 19.513173541 ], [ -98.13258365, 19.513175181 ], [ -98.133271659, 19.51323595 ], [ -98.132849449, 19.513735171 ], [ -98.13255918, 19.514001581 ], [ -98.13237862, 19.514267581 ], [ -98.132132, 19.51454538 ], [ -98.131924079, 19.514829431 ], [ -98.131831139, 19.514974351 ], [ -98.13169966, 19.51510778 ], [ -98.13135305, 19.515388281 ], [ -98.13110868, 19.51558722 ], [ -98.1307514, 19.515775481 ], [ -98.130622319, 19.51586217 ], [ -98.1304272, 19.51604468 ], [ -98.130224599, 19.516211981 ], [ -98.129965349, 19.516422861 ], [ -98.130809599, 19.51678946 ], [ -98.13117786, 19.51691888 ], [ -98.131357599, 19.51699848 ], [ -98.13167351, 19.517299061 ], [ -98.13250452, 19.51820818 ], [ -98.133421289, 19.51936412 ], [ -98.133637199, 19.519243141 ], [ -98.13456294, 19.51939972 ], [ -98.13479817, 19.51885751 ], [ -98.13489795, 19.518687571 ], [ -98.134942399, 19.5185162 ], [ -98.13495691, 19.51828408 ], [ -98.13496458, 19.518014261 ], [ -98.134978459, 19.517804631 ], [ -98.135023109, 19.517625771 ], [ -98.135426579, 19.517073581 ], [ -98.135604379, 19.51694312 ], [ -98.13576552, 19.516842251 ], [ -98.135941419, 19.516779231 ], [ -98.13620728, 19.516613521 ], [ -98.136613319, 19.51624891 ], [ -98.136841979, 19.515999751 ], [ -98.136963779, 19.5158204 ], [ -98.137393479, 19.515089651 ], [ -98.13758615, 19.51476046 ], [ -98.137821629, 19.514165091 ], [ -98.138639859, 19.514152571 ], [ -98.139033089, 19.513634511 ], [ -98.13918625, 19.51342842 ], [ -98.13932954, 19.51324778 ], [ -98.139448089, 19.513037421 ], [ -98.139493679, 19.512873691 ], [ -98.139460769, 19.512771 ], [ -98.139417369, 19.512677751 ], [ -98.139400909, 19.512536691 ], [ -98.13943018, 19.51240649 ], [ -98.13966511, 19.51224274 ], [ -98.13986732, 19.512093251 ], [ -98.14000718, 19.512048431 ], [ -98.140204599, 19.512032721 ], [ -98.140402779, 19.51198938 ], [ -98.140535949, 19.51192365 ], [ -98.14060983, 19.51189097 ], [ -98.14071226, 19.511879751 ], [ -98.140836179, 19.511882921 ], [ -98.14104602, 19.51194358 ], [ -98.14127751, 19.512011711 ], [ -98.141459739, 19.51201637 ], [ -98.141566539, 19.512108971 ], [ -98.141614419, 19.512220801 ], [ -98.141743279, 19.512307051 ], [ -98.141971829, 19.51247882 ], [ -98.14226678, 19.512624601 ], [ -98.1423452, 19.512688831 ], [ -98.142511679, 19.51273455 ], [ -98.14279597, 19.5127418 ], [ -98.14290354, 19.51280677 ], [ -98.143032599, 19.51288611 ], [ -98.143177999, 19.512903651 ], [ -98.14331669, 19.512900281 ], [ -98.14349378, 19.51282874 ], [ -98.14360489, 19.51276935 ], [ -98.14370832, 19.512723601 ], [ -98.143840119, 19.51270622 ], [ -98.14409348, 19.51277489 ], [ -98.144274939, 19.512807181 ], [ -98.144485539, 19.5128402 ], [ -98.144660489, 19.51284466 ], [ -98.14485711, 19.51285658 ], [ -98.145089199, 19.51290398 ], [ -98.14526928, 19.51298463 ], [ -98.14542886, 19.513016351 ], [ -98.14562568, 19.513021371 ], [ -98.14577206, 19.513004351 ], [ -98.14591271, 19.512931891 ], [ -98.14606814, 19.512852891 ], [ -98.146265339, 19.51282062 ], [ -98.146392029, 19.512824621 ], [ -98.146506089, 19.512853451 ], [ -98.146763339, 19.51304148 ], [ -98.146842849, 19.51313163 ], [ -98.14688378, 19.513231181 ], [ -98.14690808, 19.51353252 ], [ -98.14690469, 19.513651681 ], [ -98.146925089, 19.513704051 ], [ -98.14697946, 19.513715801 ], [ -98.147083339, 19.513718451 ], [ -98.14723683, 19.5137068 ], [ -98.147303749, 19.51366185 ], [ -98.147354719, 19.51360094 ], [ -98.147367859, 19.513523491 ], [ -98.14745338, 19.513401251 ], [ -98.147666979, 19.51319929 ], [ -98.14830646, 19.512640091 ], [ -98.148827769, 19.512197111 ], [ -98.148900739, 19.51213157 ], [ -98.149022029, 19.51209837 ], [ -98.149136979, 19.512096111 ], [ -98.149235229, 19.512103801 ], [ -98.149631489, 19.512212401 ], [ -98.14977188, 19.512278181 ], [ -98.149873689, 19.512285621 ], [ -98.14993242, 19.512287941 ], [ -98.150015199, 19.51227675 ], [ -98.150127769, 19.5122048 ], [ -98.150220949, 19.512074181 ], [ -98.15022815, 19.511956421 ], [ -98.15023655, 19.51187143 ], [ -98.15025702, 19.51178392 ], [ -98.150306849, 19.51171703 ], [ -98.15038678, 19.51164523 ], [ -98.15047806, 19.51159643 ], [ -98.150553319, 19.51158415 ], [ -98.150622179, 19.51158591 ], [ -98.15068645, 19.51164434 ], [ -98.150714629, 19.51170754 ], [ -98.150732769, 19.51180738 ], [ -98.150742659, 19.511881481 ], [ -98.150773179, 19.51196745 ], [ -98.150840119, 19.512037311 ], [ -98.15093529, 19.51206245 ], [ -98.151013149, 19.51206443 ], [ -98.151085569, 19.512046401 ], [ -98.151155719, 19.512002741 ], [ -98.151195769, 19.511964001 ], [ -98.15123323, 19.511911001 ], [ -98.15124722, 19.51184037 ], [ -98.15126768, 19.511752851 ], [ -98.15127946, 19.511653751 ], [ -98.15135018, 19.51150983 ], [ -98.151373479, 19.511441621 ], [ -98.151412569, 19.511418311 ], [ -98.15148525, 19.51141612 ], [ -98.15159162, 19.51143097 ], [ -98.151684719, 19.511461681 ], [ -98.151843369, 19.511591221 ], [ -98.15194489, 19.511626181 ], [ -98.152026319, 19.511616111 ], [ -98.15208297, 19.511577061 ], [ -98.152122859, 19.51152545 ], [ -98.152154799, 19.511453401 ], [ -98.15221754, 19.511349741 ], [ -98.15226826, 19.51121743 ], [ -98.15233306, 19.51104095 ], [ -98.152596339, 19.510642831 ], [ -98.152633579, 19.510534481 ], [ -98.15269817, 19.510515881 ], [ -98.1527704, 19.510529861 ], [ -98.152977939, 19.510591821 ], [ -98.15314303, 19.510644601 ], [ -98.153322289, 19.510685521 ], [ -98.153512079, 19.510771321 ], [ -98.15394046, 19.51102917 ], [ -98.154126659, 19.511090571 ], [ -98.15419508, 19.511088261 ], [ -98.15426035, 19.5110454 ], [ -98.154312829, 19.511002201 ], [ -98.154389889, 19.510996061 ], [ -98.15444089, 19.511005461 ], [ -98.154490149, 19.51107552 ], [ -98.15455537, 19.51118649 ], [ -98.15465158, 19.51125775 ], [ -98.154744119, 19.511308691 ], [ -98.15493169, 19.511321551 ], [ -98.15505583, 19.511312571 ], [ -98.155181549, 19.511246941 ], [ -98.15545891, 19.511022571 ], [ -98.15551622, 19.51095925 ], [ -98.15560331, 19.51090074 ], [ -98.15572731, 19.5108958 ], [ -98.15582963, 19.510902451 ], [ -98.155918479, 19.51093305 ], [ -98.15598482, 19.511003551 ], [ -98.15608589, 19.51105469 ], [ -98.15616272, 19.51105665 ], [ -98.156227309, 19.51103805 ], [ -98.156279909, 19.510990801 ], [ -98.15632454, 19.510923121 ], [ -98.15637297, 19.51087172 ], [ -98.156438479, 19.510820771 ], [ -98.15657542, 19.51081209 ], [ -98.156746369, 19.510808351 ], [ -98.156961169, 19.51076523 ], [ -98.157079029, 19.51067511 ], [ -98.156942259, 19.51037611 ], [ -98.15681852, 19.510069351 ], [ -98.15671754, 19.509861741 ], [ -98.15669445, 19.50977209 ], [ -98.15664089, 19.50970191 ], [ -98.156544779, 19.509626601 ], [ -98.156495849, 19.5095444 ], [ -98.15645694, 19.50940982 ], [ -98.156386399, 19.509185371 ], [ -98.156326149, 19.50905025 ], [ -98.156269709, 19.508931421 ], [ -98.156192119, 19.508654151 ], [ -98.156148949, 19.508519461 ], [ -98.1561352, 19.508401721 ], [ -98.156093739, 19.50820635 ], [ -98.15604351, 19.508018851 ], [ -98.15601428, 19.50784403 ], [ -98.15599255, 19.50770585 ], [ -98.155931739, 19.507590941 ], [ -98.155846569, 19.50750637 ], [ -98.15576731, 19.507439581 ], [ -98.155637379, 19.50735126 ], [ -98.155465709, 19.50722951 ], [ -98.155303259, 19.50708368 ], [ -98.15511831, 19.50697777 ], [ -98.15491329, 19.506826831 ], [ -98.15477183, 19.50669368 ], [ -98.154734909, 19.506640121 ], [ -98.154693139, 19.50660666 ], [ -98.15462149, 19.506572461 ], [ -98.15455982, 19.50648338 ], [ -98.154532119, 19.506405771 ], [ -98.154483179, 19.506323551 ], [ -98.154409, 19.506228551 ], [ -98.15428057, 19.50608765 ], [ -98.15415549, 19.50597922 ], [ -98.154064229, 19.50588378 ], [ -98.15397792, 19.505764181 ], [ -98.153942369, 19.505662081 ], [ -98.153950719, 19.50536677 ], [ -98.15392786, 19.50526903 ], [ -98.15391365, 19.505167461 ], [ -98.15388545, 19.50495625 ], [ -98.153834089, 19.504809201 ], [ -98.153799779, 19.504662581 ], [ -98.153773429, 19.504386651 ], [ -98.15377775, 19.50424243 ], [ -98.153778629, 19.504060291 ], [ -98.153791969, 19.503890601 ], [ -98.15383889, 19.50374202 ], [ -98.153885339, 19.5036096 ], [ -98.15403606, 19.503415061 ], [ -98.15413408, 19.503271831 ], [ -98.154251489, 19.503197891 ], [ -98.154291849, 19.50313011 ], [ -98.15430314, 19.50303323 ], [ -98.15432848, 19.50289218 ], [ -98.154383479, 19.50276 ], [ -98.15444689, 19.50263206 ], [ -98.154501419, 19.50251606 ], [ -98.15453572, 19.50240132 ], [ -98.154571659, 19.50218768 ], [ -98.154605199, 19.502059001 ], [ -98.15470368, 19.50189957 ], [ -98.154923939, 19.50166228 ], [ -98.15545274, 19.501169981 ], [ -98.155663999, 19.50096666 ], [ -98.155826219, 19.50076674 ], [ -98.15592409, 19.500593 ], [ -98.15616088, 19.500005421 ], [ -98.15634337, 19.49943498 ], [ -98.156465029, 19.498933891 ], [ -98.156713259, 19.497075891 ], [ -98.156987619, 19.497125291 ], [ -98.15721631, 19.497177381 ], [ -98.15739622, 19.49722823 ], [ -98.15759797, 19.49724658 ], [ -98.15780632, 19.497278321 ], [ -98.15789574, 19.497075651 ], [ -98.158086479, 19.49674334 ], [ -98.15821037, 19.49655477 ], [ -98.158438449, 19.496382061 ], [ -98.158900819, 19.49606326 ], [ -98.15951762, 19.495708711 ], [ -98.1597666, 19.495536541 ], [ -98.159910089, 19.495394741 ], [ -98.15999765, 19.495258141 ], [ -98.160246369, 19.494847951 ], [ -98.160487829, 19.494540421 ], [ -98.16052605, 19.494422401 ], [ -98.16058478, 19.49431811 ], [ -98.160725659, 19.494268801 ], [ -98.160851859, 19.49424555 ], [ -98.161144949, 19.49423978 ], [ -98.161327109, 19.49421135 ], [ -98.161552549, 19.49413114 ], [ -98.162001969, 19.49402354 ], [ -98.162423879, 19.49390203 ], [ -98.162934339, 19.493855491 ], [ -98.16335382, 19.493819861 ], [ -98.16371586, 19.49384226 ], [ -98.163936649, 19.493927201 ], [ -98.164126949, 19.49410391 ], [ -98.16423695, 19.49421338 ], [ -98.16450097, 19.494370881 ], [ -98.16470802, 19.494432681 ], [ -98.16521128, 19.494567951 ], [ -98.16560709, 19.494634541 ], [ -98.166129429, 19.494798571 ], [ -98.166642889, 19.494924681 ], [ -98.167147999, 19.49499403 ], [ -98.16758251, 19.495099281 ], [ -98.167935939, 19.49525903 ], [ -98.168240229, 19.495398681 ], [ -98.16861248, 19.495596581 ], [ -98.16882708, 19.495743381 ], [ -98.16901186, 19.49588943 ], [ -98.169148049, 19.49599655 ], [ -98.16931429, 19.496095 ], [ -98.16951035, 19.49619422 ], [ -98.16977465, 19.496342261 ], [ -98.16992075, 19.49644963 ], [ -98.170216169, 19.496551351 ], [ -98.17049012, 19.496709091 ], [ -98.170774399, 19.49690849 ], [ -98.17097735, 19.496768311 ], [ -98.172243149, 19.495863681 ], [ -98.17510506, 19.493867151 ], [ -98.176198379, 19.4930892 ], [ -98.17739754, 19.49222937 ], [ -98.17877285, 19.491261281 ], [ -98.17882738, 19.49121286 ], [ -98.18141398, 19.48941303 ], [ -98.181443509, 19.48939328 ], [ -98.18146794, 19.489581311 ], [ -98.18156155, 19.490034261 ], [ -98.181729769, 19.49072626 ], [ -98.181843719, 19.491345751 ], [ -98.181824229, 19.491594281 ], [ -98.181829849, 19.4920628 ], [ -98.18188705, 19.49269863 ], [ -98.18203008, 19.49341192 ], [ -98.18228294, 19.494876831 ], [ -98.182515539, 19.49595883 ], [ -98.18257708, 19.49644063 ], [ -98.1826838, 19.497095511 ], [ -98.18278366, 19.49754863 ], [ -98.18292855, 19.498180751 ], [ -98.183050479, 19.498750351 ], [ -98.183116169, 19.49908403 ], [ -98.18318518, 19.4995588 ], [ -98.182801089, 19.502015911 ], [ -98.18279117, 19.502080321 ], [ -98.18274515, 19.50241703 ], [ -98.182733229, 19.502620691 ], [ -98.182714619, 19.50277122 ], [ -98.18234635, 19.505341421 ], [ -98.182145999, 19.505584801 ], [ -98.18217609, 19.505639521 ], [ -98.18218988, 19.505711821 ], [ -98.182185459, 19.50575666 ], [ -98.1822044, 19.50587922 ], [ -98.18225346, 19.505955451 ], [ -98.182295309, 19.50601238 ], [ -98.182333, 19.50605157 ], [ -98.182377219, 19.506079151 ], [ -98.18242806, 19.5060922 ], [ -98.182479179, 19.50609497 ], [ -98.182534999, 19.50609637 ], [ -98.18258946, 19.506090401 ], [ -98.182648509, 19.506087481 ], [ -98.182728079, 19.50606108 ], [ -98.18279522, 19.5060358 ], [ -98.18285885, 19.50602242 ], [ -98.183020109, 19.50602349 ], [ -98.183108939, 19.506013741 ], [ -98.183179649, 19.50597355 ], [ -98.183237799, 19.50593006 ], [ -98.18330235, 19.505883721 ], [ -98.183430289, 19.505833001 ], [ -98.18356795, 19.50577352 ], [ -98.18369565, 19.50573178 ], [ -98.183747549, 19.505685141 ], [ -98.18377794, 19.505616951 ], [ -98.18378345, 19.505533151 ], [ -98.18381458, 19.505438021 ], [ -98.18386262, 19.505304341 ], [ -98.183919949, 19.505176891 ], [ -98.18399668, 19.50503494 ], [ -98.18408949, 19.50490697 ], [ -98.18419474, 19.50476274 ], [ -98.18432712, 19.50455325 ], [ -98.18437605, 19.504500521 ], [ -98.184450259, 19.50444843 ], [ -98.18453992, 19.50440874 ], [ -98.1846998, 19.504346821 ], [ -98.18481451, 19.50431674 ], [ -98.184914319, 19.50425331 ], [ -98.18506858, 19.504113251 ], [ -98.185155939, 19.50404351 ], [ -98.185229629, 19.5040094 ], [ -98.185311889, 19.50400848 ], [ -98.18538442, 19.50401629 ], [ -98.185437289, 19.504047601 ], [ -98.18548765, 19.50408132 ], [ -98.18553374, 19.504155891 ], [ -98.185586579, 19.50423551 ], [ -98.185641279, 19.50431029 ], [ -98.18570243, 19.50440502 ], [ -98.185776769, 19.50446085 ], [ -98.185842289, 19.504492481 ], [ -98.185920479, 19.50452443 ], [ -98.185993, 19.50453225 ], [ -98.18611292, 19.504541281 ], [ -98.186214139, 19.50454083 ], [ -98.186303139, 19.50452509 ], [ -98.18637377, 19.50448789 ], [ -98.18645429, 19.50443597 ], [ -98.1865418, 19.50436025 ], [ -98.18661728, 19.50426322 ], [ -98.18670597, 19.50414555 ], [ -98.186749059, 19.50407469 ], [ -98.186852139, 19.504008351 ], [ -98.186915939, 19.50396752 ], [ -98.18702088, 19.50391075 ], [ -98.18713702, 19.503866491 ], [ -98.187294429, 19.50385231 ], [ -98.1874142, 19.5038154 ], [ -98.18767842, 19.503680491 ], [ -98.187885119, 19.503547751 ], [ -98.18810251, 19.50344434 ], [ -98.188341249, 19.50326158 ], [ -98.188533659, 19.5030922 ], [ -98.188649119, 19.502935381 ], [ -98.18881589, 19.50262225 ], [ -98.18884946, 19.50251782 ], [ -98.188911249, 19.50236328 ], [ -98.188979049, 19.50226698 ], [ -98.18903778, 19.50222128 ], [ -98.189099219, 19.50221555 ], [ -98.189168019, 19.502220921 ], [ -98.18925089, 19.5022702 ], [ -98.189360049, 19.50233829 ], [ -98.189488449, 19.50240325 ], [ -98.18961071, 19.50241358 ], [ -98.189725519, 19.502416481 ], [ -98.189877909, 19.502390921 ], [ -98.18996363, 19.502338631 ], [ -98.190072619, 19.50227605 ], [ -98.190185739, 19.502202661 ], [ -98.190275289, 19.50215048 ], [ -98.19040302, 19.50210286 ], [ -98.19057615, 19.50207455 ], [ -98.190740719, 19.502078711 ], [ -98.190859459, 19.50207806 ], [ -98.19094902, 19.50202588 ], [ -98.19101188, 19.50196937 ], [ -98.191052169, 19.501897781 ], [ -98.19110155, 19.50177562 ], [ -98.191153949, 19.501682551 ], [ -98.19131483, 19.501545031 ], [ -98.19139652, 19.501499911 ], [ -98.191461779, 19.501494291 ], [ -98.191534199, 19.501507001 ], [ -98.191567919, 19.50153326 ], [ -98.19161031, 19.501661381 ], [ -98.19173598, 19.50209652 ], [ -98.191774539, 19.502224541 ], [ -98.191849139, 19.502295381 ], [ -98.191966459, 19.502345541 ], [ -98.19209618, 19.502363321 ], [ -98.192212509, 19.502360551 ], [ -98.19231111, 19.50239571 ], [ -98.192377549, 19.502484511 ], [ -98.19250175, 19.502836121 ], [ -98.19263291, 19.50321331 ], [ -98.192755249, 19.50335797 ], [ -98.192819289, 19.50339588 ], [ -98.19289502, 19.503426821 ], [ -98.19302515, 19.50343009 ], [ -98.193167259, 19.50341552 ], [ -98.193267679, 19.503385381 ], [ -98.193348659, 19.50336565 ], [ -98.193444339, 19.503368051 ], [ -98.193581719, 19.50338603 ], [ -98.193689179, 19.503377851 ], [ -98.193758979, 19.50334694 ], [ -98.193881969, 19.50333188 ], [ -98.194253219, 19.503341221 ], [ -98.19444115, 19.503331431 ], [ -98.194542579, 19.503265021 ], [ -98.194629119, 19.50318369 ], [ -98.19467789, 19.50308329 ], [ -98.194696339, 19.502971221 ], [ -98.194733539, 19.50287415 ], [ -98.19480425, 19.50281058 ], [ -98.19490569, 19.50274417 ], [ -98.195068149, 19.50268654 ], [ -98.19528575, 19.502686851 ], [ -98.1955034, 19.50271048 ], [ -98.195737369, 19.502698201 ], [ -98.195937179, 19.5026742 ], [ -98.19662226, 19.50269143 ], [ -98.19674897, 19.502680091 ], [ -98.196868619, 19.502646801 ], [ -98.196981339, 19.502587921 ], [ -98.197375489, 19.50232558 ], [ -98.19769571, 19.50210495 ], [ -98.198002319, 19.5019602 ], [ -98.198211429, 19.50187834 ], [ -98.198487, 19.501788861 ], [ -98.198992429, 19.50151843 ], [ -98.19942788, 19.501286171 ], [ -98.19948437, 19.501375941 ], [ -98.19961958, 19.501608031 ], [ -98.199711819, 19.50173377 ], [ -98.19978322, 19.501782751 ], [ -98.200018579, 19.50185763 ], [ -98.20015212, 19.501875511 ], [ -98.200271079, 19.5018676 ], [ -98.20034843, 19.50184051 ], [ -98.200453689, 19.50177418 ], [ -98.201361879, 19.50111563 ], [ -98.202170919, 19.500533371 ], [ -98.20256586, 19.500242001 ], [ -98.202660049, 19.50016088 ], [ -98.20291269, 19.499891341 ], [ -98.203468429, 19.499190181 ], [ -98.203613109, 19.499039221 ], [ -98.20382434, 19.49888117 ], [ -98.203983369, 19.49880892 ], [ -98.204075829, 19.498789461 ], [ -98.204209979, 19.49878557 ], [ -98.204358829, 19.498803831 ], [ -98.204738509, 19.498922261 ], [ -98.20490618, 19.498951881 ], [ -98.20503289, 19.498940541 ], [ -98.206023949, 19.49869678 ], [ -98.206123749, 19.4986884 ], [ -98.206847379, 19.498784891 ], [ -98.2076136, 19.498913001 ], [ -98.20843309, 19.499053351 ], [ -98.20877108, 19.499156201 ], [ -98.209123139, 19.499440911 ], [ -98.209300169, 19.49968492 ], [ -98.209314259, 19.499728851 ], [ -98.209292579, 19.500781 ], [ -98.20926332, 19.50099971 ], [ -98.20869154, 19.502001771 ], [ -98.208251709, 19.502276861 ], [ -98.208151909, 19.50236814 ], [ -98.2079892, 19.50247417 ], [ -98.207746879, 19.502571321 ], [ -98.207307089, 19.50271858 ], [ -98.20660494, 19.50290055 ], [ -98.205953569, 19.5030838 ], [ -98.205404369, 19.503248951 ], [ -98.204964, 19.503416851 ], [ -98.20461052, 19.5035938 ], [ -98.204034749, 19.503930341 ], [ -98.203740689, 19.504072681 ], [ -98.20358838, 19.50413462 ], [ -98.203099919, 19.504434911 ], [ -98.20276926, 19.50467043 ], [ -98.202644819, 19.504819321 ], [ -98.20255746, 19.504956461 ], [ -98.20248645, 19.505106681 ], [ -98.20244635, 19.50522602 ], [ -98.202437549, 19.505301781 ], [ -98.20243508, 19.505390401 ], [ -98.2024464, 19.50546352 ], [ -98.202484259, 19.505543631 ], [ -98.20253249, 19.50561135 ], [ -98.202580889, 19.50567274 ], [ -98.202646249, 19.505725051 ], [ -98.202754919, 19.5057816 ], [ -98.20297037, 19.505844021 ], [ -98.203287649, 19.505956831 ], [ -98.203698229, 19.506116321 ], [ -98.20404935, 19.50622209 ], [ -98.204540949, 19.506368661 ], [ -98.205056139, 19.50651582 ], [ -98.205399399, 19.50662138 ], [ -98.205716779, 19.50680832 ], [ -98.20613283, 19.507124511 ], [ -98.206601229, 19.507538951 ], [ -98.20689748, 19.50786932 ], [ -98.207356139, 19.50857272 ], [ -98.207847889, 19.50944397 ], [ -98.20894472, 19.511199601 ], [ -98.209124319, 19.511521851 ], [ -98.209195939, 19.511708981 ], [ -98.20926589, 19.51195566 ], [ -98.20937806, 19.51244169 ], [ -98.20946618, 19.51278812 ], [ -98.2095948, 19.512789691 ], [ -98.20971132, 19.512815491 ], [ -98.20982648, 19.512890281 ], [ -98.209897379, 19.512944341 ], [ -98.209961659, 19.51298843 ], [ -98.21003022, 19.51300323 ], [ -98.210119539, 19.513015261 ], [ -98.21017766, 19.51303306 ], [ -98.21024892, 19.513074061 ], [ -98.210285199, 19.5131338 ], [ -98.210300319, 19.51320934 ], [ -98.210301509, 19.51329108 ], [ -98.210273649, 19.513424371 ], [ -98.210249249, 19.513557741 ], [ -98.210387969, 19.513652721 ], [ -98.21085262, 19.513216971 ], [ -98.21127989, 19.512868651 ], [ -98.211964279, 19.51240845 ], [ -98.21243242, 19.512138661 ], [ -98.2127854, 19.511984311 ], [ -98.213168279, 19.51183886 ], [ -98.21363886, 19.51171865 ], [ -98.214222779, 19.51161903 ], [ -98.21468875, 19.51158172 ], [ -98.215123569, 19.511580371 ], [ -98.215535859, 19.51161517 ], [ -98.216079819, 19.51171446 ], [ -98.21658442, 19.511891801 ], [ -98.21724629, 19.512110691 ], [ -98.217831029, 19.51237985 ], [ -98.218264549, 19.512638691 ], [ -98.218656059, 19.5129226 ], [ -98.21902531, 19.51326468 ], [ -98.219305259, 19.513598 ], [ -98.220427539, 19.515202781 ], [ -98.221350369, 19.51667457 ], [ -98.222457919, 19.51824722 ], [ -98.22275588, 19.51858226 ], [ -98.223195979, 19.51898454 ], [ -98.224039119, 19.519742691 ], [ -98.22567869, 19.521212321 ], [ -98.227350309, 19.522706721 ], [ -98.229000799, 19.52413109 ], [ -98.230568379, 19.52556762 ], [ -98.232339179, 19.527199121 ], [ -98.233922979, 19.52856526 ], [ -98.236268119, 19.53061857 ], [ -98.236862479, 19.53116745 ], [ -98.237045779, 19.531370231 ], [ -98.23721491, 19.53159822 ], [ -98.237390059, 19.53185194 ], [ -98.23759078, 19.53215745 ], [ -98.237771949, 19.532432281 ], [ -98.238540939, 19.53361372 ], [ -98.240596779, 19.536639781 ], [ -98.24172006, 19.538363541 ], [ -98.245441369, 19.54389537 ], [ -98.24527975, 19.543976831 ], [ -98.245151249, 19.5440738 ], [ -98.245037169, 19.544194971 ], [ -98.24495326, 19.54431689 ], [ -98.244880999, 19.54438186 ], [ -98.244817489, 19.544494751 ], [ -98.24478878, 19.544622821 ], [ -98.244718119, 19.544811831 ], [ -98.244689029, 19.54495418 ], [ -98.244696059, 19.54506406 ], [ -98.244732219, 19.545212801 ], [ -98.24472932, 19.545317661 ], [ -98.244721779, 19.54540809 ], [ -98.244710509, 19.545446341 ], [ -98.244671749, 19.545566081 ], [ -98.24462503, 19.54561738 ], [ -98.24460398, 19.54565025 ], [ -98.24459751, 19.54570255 ], [ -98.24459594, 19.54575974 ], [ -98.2446146, 19.545812661 ], [ -98.244653399, 19.54586609 ], [ -98.244697479, 19.54591011 ], [ -98.24472145, 19.54595363 ], [ -98.244725149, 19.54600142 ], [ -98.244713379, 19.546063121 ], [ -98.244691949, 19.546110291 ], [ -98.24465066, 19.546147421 ], [ -98.24460408, 19.54619395 ], [ -98.244572709, 19.546236091 ], [ -98.244535519, 19.546306711 ], [ -98.244533679, 19.546373431 ], [ -98.24454163, 19.546449941 ], [ -98.244569569, 19.546531721 ], [ -98.244612339, 19.546623401 ], [ -98.244625319, 19.546700031 ], [ -98.244619779, 19.546900201 ], [ -98.244575859, 19.54703265 ], [ -98.24453683, 19.547170001 ], [ -98.244464449, 19.54727322 ], [ -98.244431449, 19.54729831 ], [ -98.24438806, 19.547339601 ], [ -98.244344089, 19.54740209 ], [ -98.24432163, 19.54749571 ], [ -98.24430411, 19.54755583 ], [ -98.24429529, 19.54768077 ], [ -98.244304109, 19.547836321 ], [ -98.244332889, 19.547979941 ], [ -98.24432086, 19.54817846 ], [ -98.244277279, 19.54833271 ], [ -98.244234569, 19.548455911 ], [ -98.24419014, 19.5486412 ], [ -98.24413175, 19.548857201 ], [ -98.2441018, 19.54899315 ], [ -98.24409871, 19.549104911 ], [ -98.244033149, 19.549276491 ], [ -98.243939509, 19.549371981 ], [ -98.243774119, 19.549467821 ], [ -98.243879139, 19.54968732 ], [ -98.244072339, 19.549959921 ], [ -98.244130149, 19.550083951 ], [ -98.244167029, 19.550226831 ], [ -98.244239349, 19.550396111 ], [ -98.24426969, 19.55048385 ], [ -98.24431932, 19.550584481 ], [ -98.24436929, 19.550672711 ], [ -98.24441911, 19.55076714 ], [ -98.244436779, 19.550949831 ], [ -98.24447472, 19.551068001 ], [ -98.244440319, 19.55119415 ], [ -98.24442218, 19.551291401 ], [ -98.24441895, 19.55140854 ], [ -98.244389449, 19.55154458 ], [ -98.24437089, 19.55165646 ], [ -98.244343709, 19.55185694 ], [ -98.244337819, 19.552046521 ], [ -98.244363619, 19.55232086 ], [ -98.244385249, 19.552577481 ], [ -98.24437318, 19.552806021 ], [ -98.244345549, 19.55297423 ], [ -98.244307339, 19.553109491 ], [ -98.24423318, 19.553298341 ], [ -98.244058999, 19.553571891 ], [ -98.243903089, 19.55380775 ], [ -98.243788139, 19.55401738 ], [ -98.243713969, 19.55420623 ], [ -98.24366928, 19.554368581 ], [ -98.243648139, 19.55450972 ], [ -98.243622149, 19.554618051 ], [ -98.243577449, 19.55478038 ], [ -98.24348389, 19.55492868 ], [ -98.24336228, 19.555170851 ], [ -98.243280259, 19.555435781 ], [ -98.24319146, 19.55573869 ], [ -98.243087829, 19.55595406 ], [ -98.242986, 19.55610408 ], [ -98.242879939, 19.556199521 ], [ -98.242780079, 19.556278771 ], [ -98.242708919, 19.556358721 ], [ -98.242623119, 19.556552741 ], [ -98.24261346, 19.556694171 ], [ -98.242567849, 19.556889171 ], [ -98.242458319, 19.557035941 ], [ -98.242286249, 19.55723326 ], [ -98.24207049, 19.55734777 ], [ -98.24190626, 19.557469 ], [ -98.24181168, 19.557564721 ], [ -98.24168205, 19.55768137 ], [ -98.241472029, 19.55779602 ], [ -98.241325939, 19.55788502 ], [ -98.241210799, 19.557997861 ], [ -98.239974889, 19.56033762 ], [ -98.239130619, 19.56193397 ], [ -98.239488349, 19.56229731 ], [ -98.241276799, 19.565209 ], [ -98.24151962, 19.565966821 ], [ -98.24171489, 19.566420181 ], [ -98.241803509, 19.56667872 ], [ -98.242438999, 19.56780148 ], [ -98.243058029, 19.568552831 ], [ -98.243302799, 19.569565951 ], [ -98.243378999, 19.569819021 ], [ -98.244036709, 19.57244617 ], [ -98.24411365, 19.57264312 ], [ -98.244651829, 19.573772141 ], [ -98.24532825, 19.57528651 ], [ -98.245532369, 19.575706921 ], [ -98.2455654, 19.57579034 ], [ -98.245598429, 19.57587374 ], [ -98.24598854, 19.57711572 ], [ -98.24591137, 19.57762243 ], [ -98.24631354, 19.578367461 ], [ -98.24709742, 19.57992565 ], [ -98.24747478, 19.58056583 ], [ -98.24785755, 19.58127426 ], [ -98.2489926, 19.58093397 ], [ -98.2494246, 19.58080385 ], [ -98.251912689, 19.580006771 ], [ -98.25231511, 19.57989475 ], [ -98.251798739, 19.580965141 ], [ -98.251583829, 19.58144312 ], [ -98.250394429, 19.58321722 ], [ -98.250379149, 19.58324942 ], [ -98.250293179, 19.58334858 ], [ -98.249276379, 19.58511603 ], [ -98.24864577, 19.58629608 ], [ -98.247709619, 19.587955621 ], [ -98.24640642, 19.590060291 ], [ -98.246051079, 19.58996108 ], [ -98.24532475, 19.589769651 ], [ -98.244654079, 19.589609551 ], [ -98.24408238, 19.589467851 ], [ -98.243601619, 19.58941954 ], [ -98.243312019, 19.589386861 ], [ -98.24282846, 19.589364651 ], [ -98.242451879, 19.589365491 ], [ -98.242239399, 19.589375631 ], [ -98.242239939, 19.589188751 ], [ -98.242364449, 19.587890051 ], [ -98.24246517, 19.58646542 ], [ -98.242484979, 19.586108181 ], [ -98.24187225, 19.58611922 ], [ -98.241797419, 19.58612017 ], [ -98.240142249, 19.586136741 ], [ -98.24008605, 19.586134001 ], [ -98.238684, 19.58614683 ], [ -98.23846082, 19.58615168 ], [ -98.236894619, 19.58628214 ], [ -98.236726279, 19.586329031 ], [ -98.236155229, 19.5863908 ], [ -98.23584126, 19.5864108 ], [ -98.23549411, 19.58644483 ], [ -98.23534918, 19.58644257 ], [ -98.23527698, 19.58644835 ], [ -98.233525919, 19.58655468 ], [ -98.233387549, 19.586573881 ], [ -98.23336432, 19.58674045 ], [ -98.2333558, 19.58681768 ], [ -98.23304354, 19.58874955 ], [ -98.23298765, 19.5895678 ], [ -98.232950419, 19.58984578 ], [ -98.232833539, 19.590762031 ], [ -98.23282392, 19.59080643 ], [ -98.23117194, 19.59092455 ], [ -98.230638169, 19.590953201 ], [ -98.23047486, 19.591020031 ], [ -98.23030265, 19.591128481 ], [ -98.23017251, 19.591203281 ], [ -98.230070519, 19.59125277 ], [ -98.22996012, 19.591276031 ], [ -98.229827579, 19.591272721 ], [ -98.22973855, 19.591284861 ], [ -98.22963503, 19.591325281 ], [ -98.22851243, 19.59118942 ], [ -98.227532919, 19.59161018 ], [ -98.22740117, 19.591881831 ], [ -98.226646769, 19.592091491 ], [ -98.22623526, 19.592167491 ], [ -98.22590488, 19.592271371 ], [ -98.225564889, 19.592392261 ], [ -98.225232579, 19.592565111 ], [ -98.22488137, 19.592763341 ], [ -98.224661019, 19.592835481 ], [ -98.22411497, 19.592943751 ], [ -98.223595319, 19.592982541 ], [ -98.22326851, 19.59295714 ], [ -98.222952939, 19.592854381 ], [ -98.222628289, 19.592751401 ], [ -98.22192708, 19.59244926 ], [ -98.22136105, 19.592165261 ], [ -98.220528799, 19.59164149 ], [ -98.220151879, 19.59150618 ], [ -98.219733569, 19.591373681 ], [ -98.219343859, 19.591241891 ], [ -98.219167629, 19.59114934 ], [ -98.218998739, 19.59105018 ], [ -98.218858999, 19.590931421 ], [ -98.218683889, 19.590798201 ], [ -98.218457449, 19.59071117 ], [ -98.218295119, 19.59063252 ], [ -98.218210489, 19.59058972 ], [ -98.218134509, 19.59049289 ], [ -98.218077889, 19.590409581 ], [ -98.218018829, 19.59037008 ], [ -98.21790398, 19.59035295 ], [ -98.21777858, 19.59035457 ], [ -98.21758662, 19.59040682 ], [ -98.217374449, 19.59046331 ], [ -98.21714291, 19.59049554 ], [ -98.21676672, 19.5905004 ], [ -98.216562619, 19.590447751 ], [ -98.21637368, 19.59039074 ], [ -98.21612132, 19.59027035 ], [ -98.215983799, 19.590167081 ], [ -98.215833979, 19.590024281 ], [ -98.215706489, 19.58992126 ], [ -98.215512939, 19.589849881 ], [ -98.21524871, 19.58979572 ], [ -98.21499015, 19.58971795 ], [ -98.2145524, 19.58959291 ], [ -98.214394059, 19.589517651 ], [ -98.214291489, 19.58942002 ], [ -98.21416478, 19.589340181 ], [ -98.214039919, 19.589322801 ], [ -98.21374905, 19.589325031 ], [ -98.21341757, 19.58934526 ], [ -98.21310178, 19.589342111 ], [ -98.212424819, 19.58928708 ], [ -98.21168934, 19.589230631 ], [ -98.211344679, 19.58918397 ], [ -98.21113992, 19.58915508 ], [ -98.2109846, 19.589151181 ], [ -98.210868689, 19.589172051 ], [ -98.21059766, 19.58922775 ], [ -98.21030982, 19.58930135 ], [ -98.21007102, 19.58941422 ], [ -98.20989842, 19.589490711 ], [ -98.209711429, 19.589543061 ], [ -98.209485049, 19.58957066 ], [ -98.20925718, 19.58958109 ], [ -98.20910002, 19.589561231 ], [ -98.20889486, 19.58942015 ], [ -98.20864746, 19.58929502 ], [ -98.208449229, 19.589120141 ], [ -98.208316349, 19.588958231 ], [ -98.208149709, 19.58872185 ], [ -98.20799891, 19.588559481 ], [ -98.20787248, 19.588380741 ], [ -98.207804319, 19.588254431 ], [ -98.20771762, 19.58815031 ], [ -98.207595259, 19.58803963 ], [ -98.207396879, 19.587870421 ], [ -98.207217259, 19.587723401 ], [ -98.207139889, 19.58766008 ], [ -98.20686308, 19.58740731 ], [ -98.206577199, 19.587162261 ], [ -98.20634945, 19.586975321 ], [ -98.2059192, 19.586617651 ], [ -98.205536319, 19.58634182 ], [ -98.20496325, 19.585950921 ], [ -98.204619429, 19.58571529 ], [ -98.20442442, 19.585588581 ], [ -98.204287909, 19.585457821 ], [ -98.204066629, 19.585225251 ], [ -98.20384514, 19.585018551 ], [ -98.20327292, 19.58565762 ], [ -98.20264495, 19.586242201 ], [ -98.2026186, 19.5862692 ], [ -98.20277683, 19.586341681 ], [ -98.20293542, 19.58636694 ], [ -98.20408072, 19.58697462 ], [ -98.20435358, 19.587246231 ], [ -98.20487014, 19.587665921 ], [ -98.20499515, 19.58782642 ], [ -98.20510845, 19.58800583 ], [ -98.205197309, 19.588160861 ], [ -98.20527242, 19.588295171 ], [ -98.20537148, 19.58847083 ], [ -98.205517459, 19.588634091 ], [ -98.205560169, 19.588779001 ], [ -98.20561718, 19.58891965 ], [ -98.20553895, 19.589539091 ], [ -98.205473549, 19.590207491 ], [ -98.20528571, 19.59054615 ], [ -98.205133519, 19.59083466 ], [ -98.205055999, 19.59097051 ], [ -98.20496465, 19.59105686 ], [ -98.20481237, 19.59111723 ], [ -98.204657289, 19.591270851 ], [ -98.204597739, 19.59133594 ], [ -98.20454683, 19.59145115 ], [ -98.20450928, 19.59153818 ], [ -98.204429319, 19.591614631 ], [ -98.20430166, 19.591692261 ], [ -98.20428395, 19.591766821 ], [ -98.20431386, 19.591827451 ], [ -98.20434957, 19.59196303 ], [ -98.204349649, 19.59210148 ], [ -98.204346179, 19.592243341 ], [ -98.204183519, 19.59249603 ], [ -98.20403325, 19.59274297 ], [ -98.203982849, 19.59291452 ], [ -98.20394565, 19.5930216 ], [ -98.20386302, 19.593122141 ], [ -98.203786849, 19.593195831 ], [ -98.20367231, 19.593214551 ], [ -98.203472909, 19.59320955 ], [ -98.20331834, 19.59323268 ], [ -98.20316451, 19.59322882 ], [ -98.20296017, 19.593196691 ], [ -98.202743979, 19.59318046 ], [ -98.202569479, 19.593100481 ], [ -98.202429319, 19.59301595 ], [ -98.202336479, 19.59285549 ], [ -98.202402149, 19.592467221 ], [ -98.2024554, 19.5923048 ], [ -98.201624139, 19.592111351 ], [ -98.19997625, 19.591402741 ], [ -98.19941897, 19.592354091 ], [ -98.19902703, 19.593024091 ], [ -98.197633509, 19.592198741 ], [ -98.196230059, 19.591376921 ], [ -98.196197549, 19.59135511 ], [ -98.194398599, 19.59001892 ], [ -98.19420258, 19.588976111 ], [ -98.19395971, 19.58816449 ], [ -98.19120802, 19.589200381 ], [ -98.19065145, 19.58908042 ], [ -98.18990385, 19.58986323 ], [ -98.188737659, 19.590454381 ], [ -98.188754319, 19.59081592 ], [ -98.18863015, 19.590978021 ], [ -98.188827149, 19.591981941 ], [ -98.18851886, 19.59249563 ], [ -98.18842278, 19.59323617 ], [ -98.188579649, 19.59404112 ], [ -98.188666889, 19.5941138 ], [ -98.188545979, 19.594339171 ], [ -98.188197479, 19.59455448 ], [ -98.18863762, 19.595433001 ], [ -98.188995599, 19.596302091 ], [ -98.1888118, 19.596590421 ], [ -98.18830595, 19.59751889 ], [ -98.188011579, 19.59775252 ], [ -98.187974619, 19.59811382 ], [ -98.187916879, 19.59845692 ], [ -98.18802582, 19.598602001 ], [ -98.18804231, 19.59875569 ], [ -98.18818077, 19.59883765 ], [ -98.187888139, 19.59919778 ], [ -98.18806374, 19.60010492 ], [ -98.18813594, 19.600133951 ], [ -98.18818165, 19.6001684 ], [ -98.18823057, 19.600193321 ], [ -98.188992199, 19.600549171 ], [ -98.189773659, 19.602540691 ], [ -98.18973217, 19.602612801 ], [ -98.189190749, 19.603622451 ], [ -98.1891718, 19.603658511 ], [ -98.188282459, 19.603720451 ], [ -98.187423199, 19.60383562 ], [ -98.186645079, 19.60394409 ], [ -98.186124149, 19.6040256 ], [ -98.18532003, 19.60417386 ], [ -98.18465825, 19.60429202 ], [ -98.18441908, 19.60430215 ], [ -98.18422634, 19.60429065 ] ] ] ] } }
]
}
